# timestamp_ms Rss_kB Anonymous_kB Filemapped_kB Shmem_kB
1785863268353 40116 32608 7508 0
1785863268426 56136 48432 7704 0
1785863268489 107428 99172 8256 0
1785863268553 71528 63108 8420 0
1785863268618 76616 67992 8624 0
1785863268684 82896 74172 8724 0
1785863268748 91396 82588 8808 0
1785863268811 114436 105456 8980 0
1785863268873 114552 105552 9000 0
1785863268894 114620 105616 9004 0
1785863268915 114620 105616 9004 0
1785863268936 114648 105644 9004 0
1785863268958 114668 105644 9024 0
1785863268978 114668 105644 9024 0
1785863269001 114668 105644 9024 0
1785863269022 114684 105644 9040 0
1785863269043 114688 105644 9044 0
1785863269064 114704 105644 9060 0
1785863269085 114716 105644 9072 0
1785863269105 127556 118444 9112 0
1785863269173 127556 118444 9112 0
1785863269195 127556 118444 9112 0
1785863269216 127556 118444 9112 0
1785863269238 127556 118444 9112 0
1785863269259 127556 118444 9112 0
1785863269280 127556 118444 9112 0
1785863269301 127556 118444 9112 0
1785863269323 128032 118444 9588 0
1785863269345 129136 118444 10692 0
1785863269366 129868 118448 11420 0
1785863269387 130152 118448 11704 0
1785863269409 130152 118448 11704 0
1785863269429 130152 118448 11704 0
1785863269450 130152 118448 11704 0
1785863269471 130152 118448 11704 0
1785863269492 130152 118448 11704 0
1785863269513 130152 118448 11704 0
1785863269535 130152 118448 11704 0
1785863269556 130152 118448 11704 0
1785863269576 130152 118448 11704 0
1785863269597 130152 118448 11704 0
1785863269618 130152 118448 11704 0
1785863269639 130152 118448 11704 0
1785863269659 130344 118448 11896 0
1785863269680 130344 118448 11896 0
1785863269702 130344 118448 11896 0
1785863269723 130344 118448 11896 0
1785863269744 130344 118448 11896 0
1785863269765 130344 118448 11896 0
1785863269786 130344 118448 11896 0
1785863269807 130344 118448 11896 0
1785863269828 130344 118448 11896 0
1785863269849 130344 118448 11896 0
1785863269870 130344 118448 11896 0
1785863269890 130344 118448 11896 0
1785863269911 130344 118448 11896 0
1785863269932 130344 118448 11896 0
1785863269953 130344 118448 11896 0
1785863269975 130344 118448 11896 0
1785863269996 130344 118448 11896 0
1785863270017 130344 118448 11896 0
1785863270038 130344 118448 11896 0
1785863270058 130344 118448 11896 0
1785863270079 130344 118448 11896 0
1785863270101 130344 118448 11896 0
1785863270121 130344 118448 11896 0
1785863270142 130344 118448 11896 0
1785863270164 130344 118448 11896 0
1785863270185 130344 118448 11896 0
1785863270206 130344 118448 11896 0
1785863270227 130344 118448 11896 0
1785863270248 130344 118448 11896 0
1785863270269 130344 118448 11896 0
1785863270290 130344 118448 11896 0
1785863270311 130344 118448 11896 0
1785863270331 130344 118448 11896 0
1785863270352 130344 118448 11896 0
1785863270373 130860 118964 11896 0
1785863270433 130860 118964 11896 0
1785863270474 130864 118968 11896 0
1785863270518 130864 118968 11896 0
1785863270539 130864 118968 11896 0
1785863270559 130864 118968 11896 0
1785863270581 130864 118968 11896 0
1785863270601 132300 120404 11896 0
1785863270656 132300 120404 11896 0
1785863270698 132308 120412 11896 0
1785863270740 132316 120420 11896 0
1785863270781 132320 120424 11896 0
1785863270824 133992 122096 11896 0
1785863270888 134004 122108 11896 0
1785863270932 134020 122124 11896 0
1785863270974 134040 122144 11896 0
1785863271018 134048 122152 11896 0
1785863271059 135488 123592 11896 0
1785863271116 135488 123592 11896 0
1785863271158 135496 123600 11896 0
1785863271218 135504 123608 11896 0
1785863271260 135468 123576 11892 0
1785863271303 137180 125284 11896 0
1785863271365 137196 125300 11896 0
1785863271409 137208 125312 11896 0
1785863271450 137228 125332 11896 0
1785863271492 138552 126656 11896 0
1785863271535 138672 126776 11896 0
1785863271593 138676 126780 11896 0
1785863271653 138684 126788 11896 0
1785863271695 138692 126796 11896 0
1785863271736 140348 128452 11896 0
1785863271780 140364 128468 11896 0
1785863271844 140376 128480 11896 0
1785863271886 140392 128496 11896 0
1785863271930 140412 128516 11896 0
1785863271974 141812 129916 11896 0
1785863272017 141852 129956 11896 0
1785863272075 141860 129964 11896 0
1785863272117 141864 129968 11896 0
1785863272160 141872 129976 11896 0
1785863272203 143536 131640 11896 0
1785863272246 143556 131660 11896 0
1785863272310 143572 131676 11896 0
1785863272353 143580 131684 11896 0
1785863272395 143600 131704 11896 0
1785863272437 145000 133104 11896 0
1785863272480 145040 133144 11896 0
1785863272540 145048 133152 11896 0
1785863272585 145056 133160 11896 0
1785863272628 145064 133168 11896 0
1785863272671 146732 134836 11896 0
1785863272739 146752 134856 11896 0
1785863272784 146768 134872 11896 0
1785863272825 146776 134880 11896 0
1785863272867 148132 136236 11896 0
1785863272908 148212 136316 11896 0
1785863272950 148216 136320 11896 0
1785863273010 148224 136328 11896 0
1785863273051 148236 136340 11896 0
1785863273094 149896 138000 11896 0
1785863273136 149916 138020 11896 0
1785863273202 149924 138028 11896 0
1785863273245 149944 138048 11896 0
1785863273287 149960 138064 11896 0
1785863273329 151352 139456 11896 0
1785863273373 151392 139496 11896 0
1785863273416 151392 139496 11896 0
1785863273459 151400 139504 11896 0
1785863273519 151408 139512 11896 0
1785863273561 153064 141168 11896 0
1785863273606 153068 141172 11896 0
1785863273672 153076 141180 11896 0
1785863273714 153076 141180 11896 0
1785863273760 153100 141204 11896 0
1785863273803 153108 141212 11896 0
1785863273846 153116 141220 11896 0
1785863273867 153116 141220 11896 0
1785863273910 153124 141228 11896 0
1785863273953 153132 141236 11896 0
1785863273975 153136 141240 11896 0
1785863274037 154516 142620 11896 0
1785863274081 154572 142676 11896 0
1785863274124 154572 142676 11896 0
1785863274169 154572 142676 11896 0
1785863274191 154576 142680 11896 0
1785863274235 154580 142684 11896 0
1785863274295 154584 142688 11896 0
1785863274339 154584 142688 11896 0
1785863274360 154592 142696 11896 0
1785863274420 154596 142700 11896 0
1785863274464 156256 144360 11896 0
1785863274534 156264 144368 11896 0
1785863274578 156272 144376 11896 0
1785863274622 156272 144376 11896 0
1785863274666 156292 144396 11896 0
1785863274710 156300 144404 11896 0
1785863274753 156300 144404 11896 0
1785863274796 156316 144420 11896 0
1785863274856 156320 144424 11896 0
1785863274900 157664 145768 11896 0
1785863274947 157760 145864 11896 0
1785863274990 157760 145864 11896 0
1785863275034 157760 145864 11896 0
1785863275057 157760 145864 11896 0
1785863275079 157760 145864 11896 0
1785863275100 157760 145864 11896 0
1785863275121 157760 145864 11896 0
1785863275144 157772 145876 11896 0
1785863275204 157776 145880 11896 0
1785863275251 157780 145884 11896 0
1785863275297 157784 145888 11896 0
1785863275342 157784 145888 11896 0
1785863275387 159432 147536 11896 0
1785863275454 159440 147544 11896 0
1785863275500 159452 147556 11896 0
1785863275545 159472 147576 11896 0
1785863275588 159480 147584 11896 0
1785863275633 159488 147592 11896 0
1785863275678 159488 147592 11896 0
1785863275723 159488 147592 11896 0
1785863275745 160840 148944 11896 0
1785863275808 160920 149024 11896 0
1785863275872 160960 149064 11896 0
1785863275916 160960 149064 11896 0
1785863275938 160960 149064 11896 0
1785863275960 160960 149064 11896 0
1785863275982 160960 149064 11896 0
1785863276003 160960 149064 11896 0
1785863276042 160960 149064 11896 0
1785863276064 160960 149064 11896 0
1785863276085 160960 149064 11896 0
1785863276107 160968 149072 11896 0
1785863276170 160972 149076 11896 0
1785863276214 160976 149080 11896 0
1785863276259 162632 150736 11896 0
1785863276308 162640 150744 11896 0
1785863276376 162652 150756 11896 0
1785863276420 162660 150764 11896 0
1785863276467 162668 150772 11896 0
1785863276509 162668 150772 11896 0
1785863276553 162680 150784 11896 0
1785863276598 162688 150792 11896 0
1785863276643 162696 150800 11896 0
1785863276664 164036 152140 11896 0
1785863276727 164084 152188 11896 0
1785863276771 164124 152228 11896 0
1785863276817 164124 152228 11896 0
1785863276856 164128 152232 11896 0
1785863276878 164128 152232 11896 0
1785863276923 164132 152236 11896 0
1785863276970 164136 152240 11896 0
1785863277014 164140 152244 11896 0
1785863277036 164144 152248 11896 0
1785863277097 164148 152252 11896 0
1785863277141 165800 153904 11896 0
1785863277202 165800 153904 11896 0
1785863277224 165800 153904 11896 0
1785863277247 165808 153912 11896 0
1785863277268 165812 153916 11896 0
1785863277313 165820 153924 11896 0
1785863277358 165832 153936 11896 0
1785863277400 165840 153944 11896 0
1785863277445 165852 153956 11896 0
1785863277488 165868 153972 11896 0
1785863277550 165868 153972 11896 0
1785863277592 167232 155336 11896 0
1785863277646 167256 155360 11896 0
1785863277690 167296 155400 11896 0
1785863277733 167296 155400 11896 0
1785863277754 167296 155400 11896 0
1785863277775 167296 155400 11896 0
1785863277797 167296 155400 11896 0
1785863277819 167304 155408 11896 0
1785863277881 167304 155408 11896 0
1785863277925 167304 155408 11896 0
1785863277946 167308 155412 11896 0
1785863277992 167312 155416 11896 0
1785863278037 167316 155420 11896 0
1785863278058 168976 157080 11896 0
1785863278103 168976 157080 11896 0
1785863278165 168988 157092 11896 0
1785863278208 169004 157108 11896 0
1785863278252 169012 157116 11896 0
1785863278295 169012 157116 11896 0
1785863278339 169020 157124 11896 0
1785863278383 169036 157140 11896 0
1785863278428 169040 157144 11896 0
1785863278473 170428 158532 11896 0
1785863278538 170468 158572 11896 0
1785863278581 170468 158572 11896 0
1785863278602 170468 158572 11896 0
1785863278623 170472 158576 11896 0
1785863278686 170476 158580 11896 0
1785863278733 170480 158584 11896 0
1785863278754 170480 158584 11896 0
1785863278800 170484 158588 11896 0
1785863278845 170488 158592 11896 0
1785863278907 172148 160252 11896 0
1785863278958 172148 160252 11896 0
1785863279001 172148 160252 11896 0
1785863279022 172156 160260 11896 0
1785863279067 172156 160260 11896 0
1785863279089 172172 160276 11896 0
1785863279132 172184 160288 11896 0
1785863279175 172184 160288 11896 0
1785863279197 172204 160308 11896 0
1785863279262 172204 160308 11896 0
1785863279306 172216 160320 11896 0
1785863279349 58820 50176 8644 0
1785863279370 173616 161720 11896 0
1785863279415 173660 161764 11896 0
1785863279458 173660 161764 11896 0
1785863279504 173660 161764 11896 0
1785863279526 173660 161764 11896 0
1785863279548 173660 161764 11896 0
1785863279570 173660 161764 11896 0
1785863279591 173660 161764 11896 0
1785863279613 173664 161768 11896 0
1785863279675 173668 161772 11896 0
1785863279720 173672 161776 11896 0
1785863279763 173676 161780 11896 0
1785863279784 173680 161784 11896 0
1785863279828 175336 163440 11896 0
1785863279873 175336 163440 11896 0
1785863279917 175336 163440 11896 0
1785863279938 175336 163440 11896 0
1785863279960 175360 163464 11896 0
1785863280025 175364 163468 11896 0
1785863280075 175372 163476 11896 0
1785863280121 175380 163484 11896 0
1785863280165 175388 163492 11896 0
1785863280211 175388 163492 11896 0
1785863280233 175396 163500 11896 0
1785863280280 175396 163500 11896 0
1785863280302 176732 164836 11896 0
1785863280347 176832 164936 11896 0
1785863280411 176832 164936 11896 0
1785863280455 176832 164936 11896 0
1785863280476 176832 164936 11896 0
1785863280499 176840 164944 11896 0
1785863280543 176840 164944 11896 0
1785863280588 176844 164948 11896 0
1785863280632 176844 164948 11896 0
1785863280653 176848 164952 11896 0
1785863280699 176852 164956 11896 0
1785863280762 178516 166620 11896 0
1785863280805 178516 166620 11896 0
1785863280847 178528 166632 11896 0
1785863280890 178544 166648 11896 0
1785863280933 178552 166656 11896 0
1785863280976 178564 166668 11896 0
1785863281019 178564 166668 11896 0
1785863281064 178572 166676 11896 0
1785863281087 178580 166684 11896 0
1785863281151 179892 167996 11896 0
1785863281193 179972 168076 11896 0
1785863281246 180012 168116 11896 0
1785863281292 180012 168116 11896 0
1785863281313 180012 168116 11896 0
1785863281335 180012 168116 11896 0
1785863281358 180012 168116 11896 0
1785863281379 180012 168116 11896 0
1785863281400 180016 168120 11896 0
1785863281422 180016 168120 11896 0
1785863281466 180016 168120 11896 0
1785863281488 180024 168128 11896 0
1785863281552 180028 168132 11896 0
1785863281596 180832 168936 11896 0
1785863281641 181688 169792 11896 0
1785863281687 181688 169792 11896 0
1785863281731 181696 169800 11896 0
1785863281776 181716 169820 11896 0
1785863281820 181728 169832 11896 0
1785863281863 181736 169840 11896 0
1785863281928 181744 169848 11896 0
1785863281973 181744 169848 11896 0
1785863282019 181756 169860 11896 0
1785863282065 183152 171256 11896 0
1785863282111 183196 171300 11896 0
1785863282154 183196 171300 11896 0
1785863282197 183196 171300 11896 0
1785863282219 183196 171300 11896 0
1785863282240 183200 171304 11896 0
1785863282303 183204 171308 11896 0
1785863282325 183204 171308 11896 0
1785863282370 183212 171316 11896 0
1785863282414 183216 171320 11896 0
1785863282461 183220 171324 11896 0
1785863282504 184872 172976 11896 0
1785863282558 184872 172976 11896 0
1785863282605 184884 172988 11896 0
1785863282672 184900 173004 11896 0
1785863282715 184912 173016 11896 0
1785863282759 184920 173024 11896 0
1785863282801 184928 173032 11896 0
1785863282848 184928 173032 11896 0
1785863282892 184936 173040 11896 0
1785863282936 177772 173156 4616 0
1785863282958 186336 174440 11896 0
1785863283005 186380 174484 11896 0
1785863283051 186380 174484 11896 0
1785863283113 186380 174484 11896 0
1785863283135 186380 174484 11896 0
1785863283157 186380 174484 11896 0
1785863283178 186380 174484 11896 0
1785863283200 186384 174488 11896 0
1785863283246 186388 174492 11896 0
1785863283268 186388 174492 11896 0
1785863283312 186392 174496 11896 0
1785863283357 186396 174500 11896 0
1785863283402 186396 174500 11896 0
1785863283424 188060 176164 11896 0
1785863283487 188060 176164 11896 0
1785863283531 188060 176164 11896 0
1785863283553 188080 176184 11896 0
1785863283596 188088 176192 11896 0
1785863283640 188096 176200 11896 0
1785863283684 188108 176212 11896 0
1785863283728 188116 176220 11896 0
1785863283774 188124 176228 11896 0
1785863283795 189448 177552 11896 0
1785863283863 189528 177632 11896 0
1785863283917 189476 177584 11892 0
1785863283964 189568 177672 11896 0
1785863284010 189568 177672 11896 0
1785863284031 189568 177672 11896 0
1785863284053 189568 177672 11896 0
1785863284075 189568 177672 11896 0
1785863284096 189572 177676 11896 0
1785863284141 189576 177680 11896 0
1785863284185 189580 177684 11896 0
1785863284207 189584 177688 11896 0
1785863284271 189584 177688 11896 0
1785863284317 191240 179344 11896 0
1785863284362 191240 179344 11896 0
1785863284405 191240 179344 11896 0
1785863284428 191248 179352 11896 0
1785863284450 191248 179352 11896 0
1785863284495 191256 179360 11896 0
1785863284539 191276 179380 11896 0
1785863284583 191276 179380 11896 0
1785863284627 191292 179396 11896 0
1785863284690 191292 179396 11896 0
1785863284735 191300 179404 11896 0
1785863284757 191304 179408 11896 0
1785863284801 192672 180776 11896 0
1785863284845 192736 180840 11896 0
1785863284890 192736 180840 11896 0
1785863284937 192736 180840 11896 0
1785863284959 192736 180840 11896 0
1785863284982 192736 180840 11896 0
1785863285004 192744 180848 11896 0
1785863285072 192744 180848 11896 0
1785863285116 192744 180848 11896 0
1785863285138 192748 180852 11896 0
1785863285181 192756 180860 11896 0
1785863285228 194412 182516 11896 0
1785863285273 194412 182516 11896 0
1785863285327 194420 182524 11896 0
1785863285372 194436 182540 11896 0
1785863285417 194444 182548 11896 0
1785863285483 194452 182556 11896 0
1785863285526 194456 182560 11896 0
1785863285573 194468 182572 11896 0
1785863285595 194468 182572 11896 0
1785863285643 194476 182580 11896 0
1785863285689 195852 183956 11896 0
1785863285733 195912 184016 11896 0
1785863285779 195912 184016 11896 0
1785863285824 195912 184016 11896 0
1785863285846 195912 184016 11896 0
1785863285868 195912 184016 11896 0
1785863285891 195916 184020 11896 0
1785863285957 195920 184024 11896 0
1785863286004 195920 184024 11896 0
1785863286026 195924 184028 11896 0
1785863286070 195928 184032 11896 0
1785863286115 195928 184032 11896 0
1785863286137 197588 185692 11896 0
1785863286181 197588 185692 11896 0
1785863286225 197588 185692 11896 0
1785863286247 197608 185712 11896 0
1785863286291 197616 185720 11896 0
1785863286336 197636 185740 11896 0
1785863286402 197636 185740 11896 0
1785863286447 197644 185748 11896 0
1785863286493 197652 185756 11896 0
1785863286515 197652 185756 11896 0
1785863286559 199048 187152 11896 0
1785863286611 199088 187192 11896 0
1785863286656 199088 187192 11896 0
1785863286702 199088 187192 11896 0
1785863286724 199088 187192 11896 0
1785863286745 199096 187200 11896 0
1785863286814 199100 187204 11896 0
1785863286863 199100 187204 11896 0
1785863286886 199104 187208 11896 0
1785863286932 199104 187208 11896 0
1785863286954 199108 187212 11896 0
1785863287001 200724 188828 11896 0
1785863287048 200768 188872 11896 0
1785863287093 200768 188872 11896 0
1785863287115 200780 188884 11896 0
1785863287160 200796 188900 11896 0
1785863287225 200796 188900 11896 0
1785863287272 200804 188908 11896 0
1785863287316 200820 188924 11896 0
1785863287360 200820 188924 11896 0
1785863287404 200832 188936 11896 0
1785863287451 202156 190260 11896 0
1785863287499 202224 190328 11896 0
1785863287543 202264 190368 11896 0
1785863287587 202264 190368 11896 0
1785863287654 202264 190368 11896 0
1785863287677 202264 190368 11896 0
1785863287699 202268 190372 11896 0
1785863287721 202268 190372 11896 0
1785863287767 202272 190376 11896 0
1785863287813 202276 190380 11896 0
1785863287858 202276 190380 11896 0
1785863287879 202280 190384 11896 0
1785863287925 203940 192044 11896 0
1785863287971 203940 192044 11896 0
1785863288022 203940 192044 11896 0
1785863288044 203956 192060 11896 0
1785863288112 203964 192068 11896 0
1785863288156 203980 192084 11896 0
1785863288202 203980 192084 11896 0
1785863288225 203988 192092 11896 0
1785863288272 203996 192100 11896 0
1785863288317 203996 192100 11896 0
1785863288339 204004 192108 11896 0
1785863288384 205380 193484 11896 0
1785863288430 205436 193540 11896 0
1785863288475 205436 193540 11896 0
1785863288544 205436 193540 11896 0
1785863288565 205440 193544 11896 0
1785863288611 205440 193544 11896 0
1785863288632 205440 193544 11896 0
1785863288654 205444 193548 11896 0
1785863288700 205448 193552 11896 0
1785863288746 205452 193556 11896 0
1785863288768 205456 193560 11896 0
1785863288812 205460 193564 11896 0
1785863288858 207116 195220 11896 0
1785863288903 207124 195228 11896 0
1785863288970 207136 195240 11896 0
1785863289016 207136 195240 11896 0
1785863289038 207152 195256 11896 0
1785863289081 207152 195256 11896 0
1785863289128 207164 195268 11896 0
1785863289173 207172 195276 11896 0
1785863289217 207180 195284 11896 0
1785863289264 208524 196628 11896 0
1785863289318 208604 196708 11896 0
1785863289386 208604 196708 11896 0
1785863289431 208604 196708 11896 0
1785863289454 208604 196708 11896 0
1785863289475 208612 196716 11896 0
1785863289523 208616 196720 11896 0
1785863289567 208616 196720 11896 0
1785863289612 208616 196720 11896 0
1785863289634 208620 196724 11896 0
1785863289681 208624 196728 11896 0
1785863289728 210288 198392 11896 0
1785863289773 210296 198400 11896 0
1785863289842 210300 198404 11896 0
1785863289886 210316 198420 11896 0
1785863289932 210324 198428 11896 0
1785863289976 210324 198428 11896 0
1785863290024 210332 198436 11896 0
1785863290048 210332 198436 11896 0
1785863290094 210352 198456 11896 0
1785863290139 211664 199768 11896 0
1785863290184 211784 199888 11896 0
1785863290251 211784 199888 11896 0
1785863290299 211784 199888 11896 0
1785863290320 211784 199888 11896 0
1785863290344 211784 199888 11896 0
1785863290366 211784 199888 11896 0
1785863290388 211788 199892 11896 0
1785863290409 211792 199896 11896 0
1785863290455 211792 199896 11896 0
1785863290499 211796 199900 11896 0
1785863290543 211800 199904 11896 0
1785863290565 211800 199904 11896 0
1785863290611 213460 201564 11896 0
1785863290684 213460 201564 11896 0
1785863290730 213468 201572 11896 0
1785863290775 213484 201588 11896 0
1785863290819 213496 201600 11896 0
1785863290862 213504 201608 11896 0
1785863290907 213504 201608 11896 0
1785863290955 213512 201616 11896 0
1785863291000 213512 201616 11896 0
1785863291021 214848 202952 11896 0
1785863291092 214912 203016 11896 0
1785863291140 214956 203060 11896 0
1785863291184 214956 203060 11896 0
1785863291205 214956 203060 11896 0
1785863291229 214956 203060 11896 0
1785863291269 214956 203060 11896 0
1785863291293 214956 203060 11896 0
1785863291316 214960 203064 11896 0
1785863291364 214960 203064 11896 0
1785863291387 214968 203072 11896 0
1785863291435 214972 203076 11896 0
1785863291502 215268 203372 11896 0
1785863291547 216624 204728 11896 0
1785863291593 216624 204728 11896 0
1785863291638 216636 204740 11896 0
1785863291682 216652 204756 11896 0
1785863291726 216652 204756 11896 0
1785863291771 216660 204764 11896 0
1785863291817 216672 204776 11896 0
1785863291862 216688 204792 11896 0
1785863291931 216688 204792 11896 0
1785863291976 218040 206144 11896 0
1785863292031 218080 206184 11896 0
1785863292080 218120 206224 11896 0
1785863292125 218120 206224 11896 0
1785863292148 218120 206224 11896 0
1785863292169 218120 206224 11896 0
1785863292191 218120 206224 11896 0
1785863292213 218124 206228 11896 0
1785863292259 218128 206232 11896 0
1785863292305 218128 206232 11896 0
1785863292326 218132 206236 11896 0
1785863292395 218136 206240 11896 0
1785863292439 218140 206244 11896 0
1785863292461 219796 207900 11896 0
1785863292507 219796 207900 11896 0
1785863292529 219796 207900 11896 0
1785863292551 219796 207900 11896 0
1785863292573 219820 207924 11896 0
1785863292617 219836 207940 11896 0
1785863292661 219844 207948 11896 0
1785863292706 219844 207948 11896 0
1785863292751 219864 207968 11896 0
1785863292820 219864 207968 11896 0
1785863292864 219864 207968 11896 0
1785863292887 221268 209372 11896 0
1785863292933 221308 209412 11896 0
1785863292978 221308 209412 11896 0
1785863293025 221308 209412 11896 0
1785863293047 221308 209412 11896 0
1785863293069 221308 209412 11896 0
1785863293091 221308 209412 11896 0
1785863293115 221316 209420 11896 0
1785863293159 221320 209424 11896 0
1785863293203 221324 209428 11896 0
1785863293272 221284 209392 11892 0
1785863293317 222980 211084 11896 0
1785863293373 222980 211084 11896 0
1785863293396 222980 211084 11896 0
1785863293419 222980 211084 11896 0
1785863293441 222988 211092 11896 0
1785863293488 223004 211108 11896 0
1785863293533 223016 211120 11896 0
1785863293581 223028 211132 11896 0
1785863293627 223028 211132 11896 0
1785863293650 223044 211148 11896 0
1785863293716 224364 212468 11896 0
1785863293763 224440 212544 11896 0
1785863293811 224484 212588 11896 0
1785863293856 224484 212588 11896 0
1785863293878 224484 212588 11896 0
1785863293900 224484 212588 11896 0
1785863293922 224488 212592 11896 0
1785863293971 224492 212596 11896 0
1785863294018 224496 212600 11896 0
1785863294040 224496 212600 11896 0
1785863294088 224500 212604 11896 0
1785863294135 224508 212612 11896 0
1785863294205 236336 224376 11960 0
1785863294287 237484 225524 11960 0
1785863294369 237484 225524 11960 0
1785863294392 237484 225524 11960 0
1785863294414 237484 225524 11960 0
1785863294437 237484 225524 11960 0
1785863294460 237484 225524 11960 0
1785863294482 237484 225524 11960 0
1785863294505 237484 225524 11960 0
1785863294528 237484 225524 11960 0
1785863294551 237484 225524 11960 0
1785863294574 237484 225524 11960 0
1785863294595 237484 225524 11960 0
1785863294617 237484 225524 11960 0
1785863294641 237484 225524 11960 0
1785863294663 237484 225524 11960 0
1785863294686 237484 225524 11960 0
1785863294709 237484 225524 11960 0
1785863294732 237484 225524 11960 0
1785863294756 237484 225524 11960 0
1785863294778 237484 225524 11960 0
1785863294800 237484 225524 11960 0
1785863294823 237484 225524 11960 0
1785863294845 237484 225524 11960 0
1785863294868 237484 225524 11960 0
1785863294890 237484 225524 11960 0
1785863294912 237484 225524 11960 0
1785863294936 237484 225524 11960 0
1785863294958 237484 225524 11960 0
1785863294983 237484 225524 11960 0
1785863295007 237484 225524 11960 0
1785863295030 237484 225524 11960 0
1785863295054 237484 225524 11960 0
1785863295077 237484 225524 11960 0
1785863295100 237484 225524 11960 0
1785863295122 237484 225524 11960 0
1785863295144 237484 225524 11960 0
1785863295167 237484 225524 11960 0
1785863295189 237484 225524 11960 0
1785863295211 237484 225524 11960 0
1785863295234 237484 225524 11960 0
1785863295256 237484 225524 11960 0
1785863295278 237484 225524 11960 0
1785863295301 237484 225524 11960 0
1785863295323 237484 225524 11960 0
1785863295345 237484 225524 11960 0
1785863295368 237484 225524 11960 0
1785863295391 237484 225524 11960 0
1785863295413 237484 225524 11960 0
1785863295436 237484 225524 11960 0
1785863295459 237484 225524 11960 0
1785863295484 237484 225524 11960 0
1785863295507 237484 225524 11960 0
1785863295530 237484 225524 11960 0
1785863295554 237484 225524 11960 0
1785863295578 237484 225524 11960 0
1785863295601 237484 225524 11960 0
1785863295625 237484 225524 11960 0
1785863295648 237484 225524 11960 0
1785863295669 237484 225524 11960 0
1785863295691 237484 225524 11960 0
1785863295714 237484 225524 11960 0
1785863295737 237484 225524 11960 0
1785863295759 237484 225524 11960 0
1785863295781 237484 225524 11960 0
1785863295803 237484 225524 11960 0
1785863295828 237484 225524 11960 0
1785863295851 237484 225524 11960 0
1785863295874 237484 225524 11960 0
1785863295897 237484 225524 11960 0
1785863295921 237484 225524 11960 0
1785863295944 237484 225524 11960 0
1785863295966 237484 225524 11960 0
1785863295989 237484 225524 11960 0
1785863296013 237484 225524 11960 0
1785863296034 237484 225524 11960 0
1785863296057 237484 225524 11960 0
1785863296080 237484 225524 11960 0
1785863296104 237484 225524 11960 0
1785863296126 237484 225524 11960 0
1785863296149 237484 225524 11960 0
1785863296171 237484 225524 11960 0
1785863296195 237484 225524 11960 0
1785863296218 237484 225524 11960 0
1785863296240 237484 225524 11960 0
1785863296263 237484 225524 11960 0
1785863296287 237484 225524 11960 0
1785863296310 237484 225524 11960 0
1785863296334 237484 225524 11960 0
1785863296357 237484 225524 11960 0
1785863296381 237484 225524 11960 0
1785863296404 237484 225524 11960 0
1785863296426 237484 225524 11960 0
1785863296450 237484 225524 11960 0
1785863296473 237484 225524 11960 0
1785863296497 237484 225524 11960 0
1785863296519 237484 225524 11960 0
1785863296542 237484 225524 11960 0
1785863296565 237484 225524 11960 0
1785863296589 237484 225524 11960 0
1785863296612 237484 225524 11960 0
1785863296636 237484 225524 11960 0
1785863296659 237484 225524 11960 0
1785863296682 237484 225524 11960 0
1785863296705 237484 225524 11960 0
1785863296729 237484 225524 11960 0
1785863296751 237484 225524 11960 0
1785863296774 237484 225524 11960 0
1785863296796 237484 225524 11960 0
1785863296819 237484 225524 11960 0
1785863296842 237484 225524 11960 0
1785863296866 237484 225524 11960 0
1785863296889 237484 225524 11960 0
1785863296912 237484 225524 11960 0
1785863296935 237484 225524 11960 0
1785863296958 237484 225524 11960 0
1785863296981 237484 225524 11960 0
1785863297004 237484 225524 11960 0
1785863297027 237484 225524 11960 0
1785863297051 237484 225524 11960 0
1785863297073 237484 225524 11960 0
1785863297095 237484 225524 11960 0
1785863297118 237484 225524 11960 0
1785863297141 237484 225524 11960 0
1785863297166 237484 225524 11960 0
1785863297189 237484 225524 11960 0
1785863297211 237484 225524 11960 0
1785863297234 237484 225524 11960 0
1785863297259 237484 225524 11960 0
1785863297282 237484 225524 11960 0
1785863297304 237484 225524 11960 0
1785863297328 237484 225524 11960 0
1785863297352 237484 225524 11960 0
1785863297376 237484 225524 11960 0
1785863297399 237484 225524 11960 0
1785863297421 237484 225524 11960 0
1785863297445 237484 225524 11960 0
1785863297469 237484 225524 11960 0
1785863297493 237484 225524 11960 0
1785863297517 237484 225524 11960 0
1785863297540 237484 225524 11960 0
1785863297564 237484 225524 11960 0
1785863297588 237484 225524 11960 0
1785863297610 237484 225524 11960 0
1785863297632 237484 225524 11960 0
1785863297654 237484 225524 11960 0
1785863297678 237484 225524 11960 0
1785863297703 237484 225524 11960 0
1785863297727 237484 225524 11960 0
1785863297750 237484 225524 11960 0
1785863297773 237484 225524 11960 0
1785863297796 237484 225524 11960 0
1785863297819 237484 225524 11960 0
1785863297843 237484 225524 11960 0
1785863297865 237484 225524 11960 0
1785863297887 237484 225524 11960 0
1785863297909 237484 225524 11960 0
1785863297933 237484 225524 11960 0
1785863297957 237484 225524 11960 0
1785863297979 237484 225524 11960 0
1785863298000 237484 225524 11960 0
1785863298024 237484 225524 11960 0
1785863298047 237484 225524 11960 0
1785863298070 237484 225524 11960 0
1785863298093 237484 225524 11960 0
1785863298115 237484 225524 11960 0
1785863298139 237484 225524 11960 0
1785863298162 237484 225524 11960 0
1785863298185 237484 225524 11960 0
1785863298208 237484 225524 11960 0
1785863298231 237484 225524 11960 0
1785863298253 237484 225524 11960 0
1785863298277 237484 225524 11960 0
1785863298300 237484 225524 11960 0
1785863298322 237484 225524 11960 0
1785863298346 237484 225524 11960 0
1785863298369 237484 225524 11960 0
1785863298392 237484 225524 11960 0
1785863298414 237484 225524 11960 0
1785863298438 237484 225524 11960 0
1785863298461 237484 225524 11960 0
1785863298484 237484 225524 11960 0
1785863298509 237484 225524 11960 0
1785863298531 237484 225524 11960 0
1785863298552 237484 225524 11960 0
1785863298576 237484 225524 11960 0
1785863298599 237484 225524 11960 0
1785863298623 237484 225524 11960 0
1785863298646 237484 225524 11960 0
1785863298668 237484 225524 11960 0
1785863298692 237484 225524 11960 0
1785863298716 237484 225524 11960 0
1785863298739 237484 225524 11960 0
1785863298762 237484 225524 11960 0
1785863298784 237484 225524 11960 0
1785863298806 237484 225524 11960 0
1785863298829 237484 225524 11960 0
1785863298851 237484 225524 11960 0
1785863298875 237484 225524 11960 0
1785863298899 237484 225524 11960 0
1785863298922 237484 225524 11960 0
1785863298945 237484 225524 11960 0
1785863298967 237484 225524 11960 0
1785863298990 237484 225524 11960 0
1785863299014 237484 225524 11960 0
1785863299037 237484 225524 11960 0
1785863299059 237484 225524 11960 0
1785863299081 237484 225524 11960 0
1785863299104 237484 225524 11960 0
1785863299127 237484 225524 11960 0
1785863299150 237484 225524 11960 0
1785863299173 237484 225524 11960 0
1785863299196 237484 225524 11960 0
1785863299218 237484 225524 11960 0
1785863299242 237484 225524 11960 0
1785863299265 237484 225524 11960 0
1785863299287 237484 225524 11960 0
1785863299311 237484 225524 11960 0
1785863299334 237484 225524 11960 0
1785863299356 237484 225524 11960 0
1785863299378 237484 225524 11960 0
1785863299402 237484 225524 11960 0
1785863299425 237484 225524 11960 0
1785863299447 237484 225524 11960 0
1785863299469 237484 225524 11960 0
1785863299492 237484 225524 11960 0
1785863299516 237484 225524 11960 0
1785863299538 237484 225524 11960 0
1785863299560 237484 225524 11960 0
1785863299583 237484 225524 11960 0
1785863299606 237484 225524 11960 0
1785863299628 237484 225524 11960 0
1785863299650 237484 225524 11960 0
1785863299673 237484 225524 11960 0
1785863299696 237484 225524 11960 0
1785863299717 237484 225524 11960 0
1785863299739 237484 225524 11960 0
1785863299763 237484 225524 11960 0
1785863299786 237484 225524 11960 0
1785863299809 237484 225524 11960 0
1785863299831 237484 225524 11960 0
1785863299854 237484 225524 11960 0
1785863299876 237484 225524 11960 0
1785863299899 237484 225524 11960 0
1785863299920 237484 225524 11960 0
1785863299942 237484 225524 11960 0
1785863299963 237484 225524 11960 0
1785863299987 237484 225524 11960 0
1785863300010 237484 225524 11960 0
1785863300032 237484 225524 11960 0
1785863300053 237484 225524 11960 0
1785863300076 237484 225524 11960 0
1785863300097 237484 225524 11960 0
1785863300121 237484 225524 11960 0
1785863300144 237484 225524 11960 0
1785863300166 237484 225524 11960 0
1785863300188 237484 225524 11960 0
1785863300212 237484 225524 11960 0
1785863300236 237484 225524 11960 0
1785863300258 237484 225524 11960 0
1785863300281 237484 225524 11960 0
1785863300304 237484 225524 11960 0
1785863300327 237484 225524 11960 0
1785863300350 237484 225524 11960 0
1785863300371 237484 225524 11960 0
1785863300393 237484 225524 11960 0
1785863300414 237484 225524 11960 0
1785863300438 237484 225524 11960 0
1785863300462 237484 225524 11960 0
1785863300484 237484 225524 11960 0
1785863300506 237484 225524 11960 0
1785863300527 237484 225524 11960 0
1785863300550 237484 225524 11960 0
1785863300573 237484 225524 11960 0
1785863300597 237484 225524 11960 0
1785863300620 237484 225524 11960 0
1785863300641 237484 225524 11960 0
1785863300663 237484 225524 11960 0
1785863300685 237484 225524 11960 0
1785863300708 237484 225524 11960 0
1785863300732 237484 225524 11960 0
1785863300756 237484 225524 11960 0
1785863300778 237484 225524 11960 0
1785863300799 237484 225524 11960 0
1785863300821 237484 225524 11960 0
1785863300842 237484 225524 11960 0
1785863300868 237484 225524 11960 0
1785863300893 237484 225524 11960 0
1785863300918 237484 225524 11960 0
1785863300940 237484 225524 11960 0
1785863300962 237484 225524 11960 0
1785863300983 237484 225524 11960 0
1785863301005 237484 225524 11960 0
1785863301029 237484 225524 11960 0
1785863301053 237484 225524 11960 0
1785863301076 237484 225524 11960 0
1785863301099 237484 225524 11960 0
1785863301120 237484 225524 11960 0
1785863301142 237484 225524 11960 0
1785863301164 237484 225524 11960 0
1785863301185 237484 225524 11960 0
1785863301210 237484 225524 11960 0
1785863301233 237484 225524 11960 0
1785863301256 237484 225524 11960 0
1785863301280 237484 225524 11960 0
1785863301304 237484 225524 11960 0
1785863301326 237484 225524 11960 0
1785863301348 237484 225524 11960 0
1785863301370 237484 225524 11960 0
1785863301392 237484 225524 11960 0
1785863301416 237484 225524 11960 0
1785863301439 237484 225524 11960 0
1785863301461 237484 225524 11960 0
1785863301483 237484 225524 11960 0
1785863301505 237484 225524 11960 0
1785863301529 237484 225524 11960 0
1785863301552 237484 225524 11960 0
1785863301576 237484 225524 11960 0
1785863301600 237484 225524 11960 0
1785863301622 237484 225524 11960 0
1785863301644 237484 225524 11960 0
1785863301666 237484 225524 11960 0
1785863301687 237484 225524 11960 0
1785863301709 237484 225524 11960 0
1785863301733 237484 225524 11960 0
1785863301757 237484 225524 11960 0
1785863301780 237484 225524 11960 0
1785863301804 237484 225524 11960 0
1785863301827 237484 225524 11960 0
1785863301850 237484 225524 11960 0
1785863301873 237484 225524 11960 0
1785863301896 237484 225524 11960 0
1785863301918 237484 225524 11960 0
1785863301939 237484 225524 11960 0
1785863301961 237484 225524 11960 0
1785863301983 237484 225524 11960 0
1785863302005 237484 225524 11960 0
1785863302027 237484 225524 11960 0
1785863302050 237484 225524 11960 0
1785863302072 237484 225524 11960 0
1785863302095 237484 225524 11960 0
1785863302117 237484 225524 11960 0
1785863302140 237484 225524 11960 0
1785863302163 237484 225524 11960 0
1785863302185 237484 225524 11960 0
1785863302208 237484 225524 11960 0
1785863302230 237484 225524 11960 0
1785863302252 237484 225524 11960 0
1785863302275 237484 225524 11960 0
1785863302297 237484 225524 11960 0
1785863302319 237484 225524 11960 0
1785863302342 237484 225524 11960 0
1785863302365 237484 225524 11960 0
1785863302387 237484 225524 11960 0
1785863302410 237484 225524 11960 0
1785863302432 237484 225524 11960 0
1785863302454 237484 225524 11960 0
1785863302476 237484 225524 11960 0
1785863302498 237484 225524 11960 0
1785863302520 237484 225524 11960 0
1785863302543 237484 225524 11960 0
1785863302565 237484 225524 11960 0
1785863302587 237484 225524 11960 0
1785863302608 237484 225524 11960 0
1785863302630 237484 225524 11960 0
1785863302652 237484 225524 11960 0
1785863302674 237484 225524 11960 0
1785863302698 237484 225524 11960 0
1785863302720 237484 225524 11960 0
1785863302744 237484 225524 11960 0
1785863302767 237484 225524 11960 0
1785863302790 237484 225524 11960 0
1785863302812 237484 225524 11960 0
1785863302834 237484 225524 11960 0
1785863302858 237484 225524 11960 0
1785863302880 237484 225524 11960 0
1785863302902 237484 225524 11960 0
1785863302924 237484 225524 11960 0
1785863302946 237484 225524 11960 0
1785863302968 237484 225524 11960 0
1785863302990 237484 225524 11960 0
1785863303012 237484 225524 11960 0
1785863303034 237484 225524 11960 0
1785863303057 237484 225524 11960 0
1785863303082 237484 225524 11960 0
1785863303104 237484 225524 11960 0
1785863303127 237484 225524 11960 0
1785863303150 237484 225524 11960 0
1785863303171 237484 225524 11960 0
1785863303194 237484 225524 11960 0
1785863303216 237484 225524 11960 0
1785863303241 237484 225524 11960 0
1785863303263 237484 225524 11960 0
1785863303285 237484 225524 11960 0
1785863303307 237484 225524 11960 0
1785863303331 237484 225524 11960 0
1785863303355 237484 225524 11960 0
1785863303379 237484 225524 11960 0
1785863303401 237484 225524 11960 0
1785863303423 237484 225524 11960 0
1785863303445 237484 225524 11960 0
1785863303466 237484 225524 11960 0
1785863303488 237484 225524 11960 0
1785863303510 237484 225524 11960 0
1785863303533 237484 225524 11960 0
1785863303555 237484 225524 11960 0
1785863303580 237484 225524 11960 0
1785863303602 237484 225524 11960 0
1785863303624 237484 225524 11960 0
1785863303646 237484 225524 11960 0
1785863303667 237484 225524 11960 0
1785863303689 237484 225524 11960 0
1785863303712 237484 225524 11960 0
1785863303735 237484 225524 11960 0
1785863303758 237484 225524 11960 0
1785863303783 237484 225524 11960 0
1785863303805 237484 225524 11960 0
1785863303827 237484 225524 11960 0
1785863303850 237484 225524 11960 0
1785863303874 237484 225524 11960 0
1785863303898 237484 225524 11960 0
1785863303922 237484 225524 11960 0
1785863303946 237484 225524 11960 0
1785863303969 237484 225524 11960 0
1785863303991 237484 225524 11960 0
1785863304014 237484 225524 11960 0
1785863304038 237484 225524 11960 0
1785863304062 237484 225524 11960 0
1785863304085 237484 225524 11960 0
1785863304110 237484 225524 11960 0
1785863304132 237484 225524 11960 0
1785863304154 237484 225524 11960 0
1785863304178 237484 225524 11960 0
1785863304200 237484 225524 11960 0
1785863304224 237484 225524 11960 0
1785863304247 237484 225524 11960 0
1785863304271 237484 225524 11960 0
1785863304294 237484 225524 11960 0
1785863304318 237484 225524 11960 0
1785863304341 237484 225524 11960 0
1785863304364 237484 225524 11960 0
1785863304387 237484 225524 11960 0
1785863304411 237484 225524 11960 0
1785863304435 237484 225524 11960 0
1785863304458 237484 225524 11960 0
1785863304481 237484 225524 11960 0
1785863304506 237484 225524 11960 0
1785863304528 237484 225524 11960 0
1785863304551 237484 225524 11960 0
1785863304573 237484 225524 11960 0
1785863304598 237484 225524 11960 0
1785863304621 237484 225524 11960 0
1785863304645 237484 225524 11960 0
1785863304668 237484 225524 11960 0
1785863304691 237484 225524 11960 0
1785863304713 237484 225524 11960 0
1785863304737 237484 225524 11960 0
1785863304759 237484 225524 11960 0
1785863304784 237484 225524 11960 0
1785863304807 237484 225524 11960 0
1785863304830 237484 225524 11960 0
1785863304854 237484 225524 11960 0
1785863304877 237484 225524 11960 0
1785863304898 237484 225524 11960 0
1785863304920 237484 225524 11960 0
1785863304942 237484 225524 11960 0
1785863304964 237484 225524 11960 0
1785863304986 237484 225524 11960 0
1785863305010 237484 225524 11960 0
1785863305033 237484 225524 11960 0
1785863305055 237484 225524 11960 0
1785863305079 237484 225524 11960 0
1785863305102 237484 225524 11960 0
1785863305124 237484 225524 11960 0
1785863305148 237484 225524 11960 0
1785863305172 237484 225524 11960 0
1785863305196 237484 225524 11960 0
1785863305219 237484 225524 11960 0
1785863305242 237484 225524 11960 0
1785863305265 237484 225524 11960 0
1785863305286 237484 225524 11960 0
1785863305308 237484 225524 11960 0
1785863305329 237484 225524 11960 0
1785863305351 237484 225524 11960 0
1785863305373 237484 225524 11960 0
1785863305395 237484 225524 11960 0
1785863305418 237484 225524 11960 0
1785863305441 237484 225524 11960 0
1785863305463 237484 225524 11960 0
1785863305486 237484 225524 11960 0
1785863305509 237484 225524 11960 0
1785863305530 237484 225524 11960 0
1785863305552 237484 225524 11960 0
1785863305575 237484 225524 11960 0
1785863305597 237484 225524 11960 0
1785863305619 237484 225524 11960 0
1785863305641 237484 225524 11960 0
1785863305664 237484 225524 11960 0
1785863305687 237484 225524 11960 0
1785863305711 237484 225524 11960 0
1785863305733 237484 225524 11960 0
1785863305757 237484 225524 11960 0
1785863305778 237484 225524 11960 0
1785863305800 237484 225524 11960 0
1785863305823 237484 225524 11960 0
1785863305846 237484 225524 11960 0
1785863305869 237484 225524 11960 0
1785863305893 237484 225524 11960 0
1785863305915 237484 225524 11960 0
1785863305937 237484 225524 11960 0
1785863305959 237484 225524 11960 0
1785863305983 237484 225524 11960 0
1785863306007 237484 225524 11960 0
1785863306030 237484 225524 11960 0
1785863306054 237484 225524 11960 0
1785863306078 237484 225524 11960 0
1785863306101 237484 225524 11960 0
1785863306123 237484 225524 11960 0
1785863306144 237484 225524 11960 0
1785863306169 237484 225524 11960 0
1785863306192 237484 225524 11960 0
1785863306215 237484 225524 11960 0
1785863306239 237484 225524 11960 0
1785863306262 237484 225524 11960 0
1785863306285 237484 225524 11960 0
1785863306308 237484 225524 11960 0
1785863306331 237484 225524 11960 0
1785863306354 237484 225524 11960 0
1785863306376 237484 225524 11960 0
1785863306399 237484 225524 11960 0
1785863306421 237484 225524 11960 0
1785863306444 237484 225524 11960 0
1785863306466 237484 225524 11960 0
1785863306487 237484 225524 11960 0
1785863306509 237484 225524 11960 0
1785863306531 237484 225524 11960 0
1785863306554 237484 225524 11960 0
1785863306578 237484 225524 11960 0
1785863306602 237484 225524 11960 0
1785863306626 237484 225524 11960 0
1785863306650 237484 225524 11960 0
1785863306672 237484 225524 11960 0
1785863306694 237484 225524 11960 0
1785863306716 237484 225524 11960 0
1785863306739 237484 225524 11960 0
1785863306763 237484 225524 11960 0
1785863306787 237484 225524 11960 0
1785863306812 237484 225524 11960 0
1785863306837 237484 225524 11960 0
1785863306860 237484 225524 11960 0
1785863306881 237484 225524 11960 0
1785863306903 237484 225524 11960 0
1785863306924 237484 225524 11960 0
1785863306947 237484 225524 11960 0
1785863306970 237484 225524 11960 0
1785863306994 237484 225524 11960 0
1785863307019 237484 225524 11960 0
1785863307043 237484 225524 11960 0
1785863307065 237484 225524 11960 0
1785863307087 237484 225524 11960 0
1785863307109 237484 225524 11960 0
1785863307131 237484 225524 11960 0
1785863307153 237484 225524 11960 0
1785863307176 237484 225524 11960 0
1785863307200 237484 225524 11960 0
1785863307223 237484 225524 11960 0
1785863307246 237484 225524 11960 0
1785863307270 237484 225524 11960 0
1785863307294 237484 225524 11960 0
1785863307318 237484 225524 11960 0
1785863307342 237484 225524 11960 0
1785863307366 237484 225524 11960 0
1785863307388 237484 225524 11960 0
1785863307411 237484 225524 11960 0
1785863307434 237484 225524 11960 0
1785863307458 237484 225524 11960 0
1785863307483 237484 225524 11960 0
1785863307507 237484 225524 11960 0
1785863307532 237484 225524 11960 0
1785863307554 237484 225524 11960 0
1785863307576 237484 225524 11960 0
1785863307598 237484 225524 11960 0
1785863307623 237484 225524 11960 0
1785863307648 237484 225524 11960 0
1785863307672 237484 225524 11960 0
1785863307698 237484 225524 11960 0
1785863307723 237484 225524 11960 0
1785863307746 237484 225524 11960 0
1785863307768 237484 225524 11960 0
1785863307792 237484 225524 11960 0
1785863307815 237484 225524 11960 0
1785863307840 237484 225524 11960 0
1785863307865 237484 225524 11960 0
1785863307890 237484 225524 11960 0
1785863307915 237484 225524 11960 0
1785863307940 237484 225524 11960 0
1785863307962 237484 225524 11960 0
1785863307984 237484 225524 11960 0
1785863308005 237484 225524 11960 0
1785863308027 237484 225524 11960 0
1785863308050 237484 225524 11960 0
1785863308074 237484 225524 11960 0
1785863308098 237484 225524 11960 0
1785863308122 237484 225524 11960 0
1785863308146 237484 225524 11960 0
1785863308170 237484 225524 11960 0
1785863308195 237484 225524 11960 0
1785863308217 237484 225524 11960 0
1785863308239 237484 225524 11960 0
1785863308263 237484 225524 11960 0
1785863308287 237484 225524 11960 0
1785863308312 237484 225524 11960 0
1785863308335 237484 225524 11960 0
1785863308359 237484 225524 11960 0
1785863308382 237484 225524 11960 0
1785863308404 237484 225524 11960 0
1785863308427 237484 225524 11960 0
1785863308452 237484 225524 11960 0
1785863308476 237484 225524 11960 0
1785863308502 237484 225524 11960 0
1785863308527 237484 225524 11960 0
1785863308550 237484 225524 11960 0
1785863308571 237484 225524 11960 0
1785863308593 237484 225524 11960 0
1785863308614 237484 225524 11960 0
1785863308639 237484 225524 11960 0
1785863308665 237484 225524 11960 0
1785863308689 237484 225524 11960 0
1785863308714 237484 225524 11960 0
1785863308739 237484 225524 11960 0
1785863308761 237484 225524 11960 0
1785863308783 237484 225524 11960 0
1785863308805 237484 225524 11960 0
1785863308827 237484 225524 11960 0
1785863308850 237484 225524 11960 0
1785863308874 237484 225524 11960 0
1785863308898 237484 225524 11960 0
1785863308923 237484 225524 11960 0
1785863308947 237484 225524 11960 0
1785863308970 237484 225524 11960 0
1785863308993 237484 225524 11960 0
1785863309017 237484 225524 11960 0
1785863309041 237484 225524 11960 0
1785863309065 237484 225524 11960 0
1785863309087 237484 225524 11960 0
1785863309109 237484 225524 11960 0
1785863309132 237484 225524 11960 0
1785863309156 237484 225524 11960 0
1785863309180 237484 225524 11960 0
1785863309202 237484 225524 11960 0
1785863309223 237484 225524 11960 0
1785863309244 237484 225524 11960 0
1785863309266 237484 225524 11960 0
1785863309288 237484 225524 11960 0
1785863309313 237484 225524 11960 0
1785863309337 237484 225524 11960 0
1785863309362 237484 225524 11960 0
1785863309384 237484 225524 11960 0
1785863309406 237484 225524 11960 0
1785863309431 237484 225524 11960 0
1785863309456 237484 225524 11960 0
1785863309481 237484 225524 11960 0
1785863309506 237484 225524 11960 0
1785863309531 237484 225524 11960 0
1785863309556 237484 225524 11960 0
1785863309579 237484 225524 11960 0
1785863309600 237484 225524 11960 0
1785863309622 237484 225524 11960 0
1785863309647 237484 225524 11960 0
1785863309672 237484 225524 11960 0
1785863309696 237484 225524 11960 0
1785863309720 237484 225524 11960 0
1785863309745 237484 225524 11960 0
1785863309770 237484 225524 11960 0
1785863309792 237484 225524 11960 0
1785863309814 237484 225524 11960 0
1785863309838 237484 225524 11960 0
1785863309861 237484 225524 11960 0
1785863309885 237484 225524 11960 0
1785863309910 237484 225524 11960 0
1785863309934 237484 225524 11960 0
1785863309959 237484 225524 11960 0
1785863309983 237484 225524 11960 0
1785863310006 237484 225524 11960 0
1785863310028 237484 225524 11960 0
1785863310049 237484 225524 11960 0
1785863310071 237484 225524 11960 0
1785863310093 237484 225524 11960 0
1785863310117 237484 225524 11960 0
1785863310141 237484 225524 11960 0
1785863310165 237484 225524 11960 0
1785863310190 237484 225524 11960 0
1785863310214 237484 225524 11960 0
1785863310236 237484 225524 11960 0
1785863310257 237484 225524 11960 0
1785863310281 237484 225524 11960 0
1785863310303 237484 225524 11960 0
1785863310327 237484 225524 11960 0
1785863310351 237484 225524 11960 0
1785863310376 237484 225524 11960 0
1785863310402 237484 225524 11960 0
1785863310426 237484 225524 11960 0
1785863310448 237484 225524 11960 0
1785863310470 237484 225524 11960 0
1785863310494 237484 225524 11960 0
1785863310517 237484 225524 11960 0
1785863310541 237484 225524 11960 0
1785863310566 237484 225524 11960 0
1785863310591 237484 225524 11960 0
1785863310615 237484 225524 11960 0
1785863310639 237484 225524 11960 0
1785863310661 237484 225524 11960 0
1785863310682 237484 225524 11960 0
1785863310704 237484 225524 11960 0
1785863310726 237484 225524 11960 0
1785863310748 237484 225524 11960 0
1785863310773 237484 225524 11960 0
1785863310798 237484 225524 11960 0
1785863310822 237484 225524 11960 0
1785863310847 237484 225524 11960 0
1785863310872 237484 225524 11960 0
1785863310894 237484 225524 11960 0
1785863310916 237484 225524 11960 0
1785863310940 237484 225524 11960 0
1785863310962 237484 225524 11960 0
1785863310985 237484 225524 11960 0
1785863311009 237484 225524 11960 0
1785863311033 237484 225524 11960 0
1785863311057 237484 225524 11960 0
1785863311082 237484 225524 11960 0
1785863311104 237484 225524 11960 0
1785863311126 237484 225524 11960 0
1785863311150 237484 225524 11960 0
1785863311175 237484 225524 11960 0
1785863311199 237484 225524 11960 0
1785863311221 237484 225524 11960 0
1785863311243 237484 225524 11960 0
1785863311265 237484 225524 11960 0
1785863311286 237484 225524 11960 0
1785863311311 237484 225524 11960 0
1785863311336 237484 225524 11960 0
1785863311361 237484 225524 11960 0
1785863311385 237484 225524 11960 0
1785863311407 237484 225524 11960 0
1785863311429 237484 225524 11960 0
1785863311451 237484 225524 11960 0
1785863311472 237484 225524 11960 0
1785863311496 237484 225524 11960 0
1785863311520 237484 225524 11960 0
1785863311545 237484 225524 11960 0
1785863311569 237484 225524 11960 0
1785863311593 237484 225524 11960 0
1785863311615 237484 225524 11960 0
1785863311636 237484 225524 11960 0
1785863311659 237484 225524 11960 0
1785863311680 237484 225524 11960 0
1785863311703 237484 225524 11960 0
1785863311727 237484 225524 11960 0
1785863311751 237484 225524 11960 0
1785863311776 237484 225524 11960 0
1785863311801 237484 225524 11960 0
1785863311823 237484 225524 11960 0
1785863311845 237484 225524 11960 0
1785863311867 237484 225524 11960 0
1785863311888 237484 225524 11960 0
1785863311910 237484 225524 11960 0
1785863311933 237484 225524 11960 0
1785863311958 237484 225524 11960 0
1785863311982 237484 225524 11960 0
1785863312006 237484 225524 11960 0
1785863312031 237484 225524 11960 0
1785863312053 237484 225524 11960 0
1785863312075 237484 225524 11960 0
1785863312100 237484 225524 11960 0
1785863312125 237484 225524 11960 0
1785863312151 237484 225524 11960 0
1785863312173 237484 225524 11960 0
1785863312195 237484 225524 11960 0
1785863312218 237484 225524 11960 0
1785863312241 237484 225524 11960 0
1785863312265 237484 225524 11960 0
1785863312290 237484 225524 11960 0
1785863312315 237484 225524 11960 0
1785863312339 237484 225524 11960 0
1785863312363 237484 225524 11960 0
1785863312386 237484 225524 11960 0
1785863312410 237484 225524 11960 0
1785863312432 237484 225524 11960 0
1785863312456 237484 225524 11960 0
1785863312480 237484 225524 11960 0
1785863312505 237484 225524 11960 0
1785863312530 237484 225524 11960 0
1785863312554 237484 225524 11960 0
1785863312576 237484 225524 11960 0
1785863312598 237484 225524 11960 0
1785863312620 237484 225524 11960 0
1785863312642 237484 225524 11960 0
1785863312664 237484 225524 11960 0
1785863312688 237484 225524 11960 0
1785863312712 237484 225524 11960 0
1785863312737 237484 225524 11960 0
1785863312762 237484 225524 11960 0
1785863312786 237484 225524 11960 0
1785863312809 237484 225524 11960 0
1785863312831 237484 225524 11960 0
1785863312854 237484 225524 11960 0
1785863312876 237484 225524 11960 0
1785863312901 237484 225524 11960 0
1785863312925 237484 225524 11960 0
1785863312949 237484 225524 11960 0
1785863312974 237484 225524 11960 0
1785863312998 237484 225524 11960 0
1785863313020 237484 225524 11960 0
1785863313042 237484 225524 11960 0
1785863313066 237484 225524 11960 0
1785863313091 237484 225524 11960 0
1785863313117 237484 225524 11960 0
1785863313139 237484 225524 11960 0
1785863313161 237484 225524 11960 0
1785863313183 237484 225524 11960 0
1785863313204 237484 225524 11960 0
1785863313226 237484 225524 11960 0
1785863313251 237484 225524 11960 0
1785863313276 237484 225524 11960 0
1785863313301 237484 225524 11960 0
1785863313325 237484 225524 11960 0
1785863313351 237484 225524 11960 0
1785863313372 237484 225524 11960 0
1785863313395 237484 225524 11960 0
1785863313417 237484 225524 11960 0
1785863313439 237484 225524 11960 0
1785863313463 237484 225524 11960 0
1785863313488 237484 225524 11960 0
1785863313513 237484 225524 11960 0
1785863313538 237484 225524 11960 0
1785863313563 237484 225524 11960 0
1785863313588 237484 225524 11960 0
1785863313610 237484 225524 11960 0
1785863313632 237484 225524 11960 0
1785863313654 237484 225524 11960 0
1785863313676 237484 225524 11960 0
1785863313701 237484 225524 11960 0
1785863313726 237484 225524 11960 0
1785863313751 237484 225524 11960 0
1785863313776 237484 225524 11960 0
1785863313800 237484 225524 11960 0
1785863313823 237484 225524 11960 0
1785863313844 237484 225524 11960 0
1785863313865 237484 225524 11960 0
1785863313887 237484 225524 11960 0
1785863313911 237484 225524 11960 0
1785863313935 237484 225524 11960 0
1785863313959 237484 225524 11960 0
1785863313984 237484 225524 11960 0
1785863314010 237484 225524 11960 0
1785863314034 237484 225524 11960 0
1785863314056 237484 225524 11960 0
1785863314081 237484 225524 11960 0
1785863314105 237484 225524 11960 0
1785863314128 237484 225524 11960 0
1785863314152 237484 225524 11960 0
1785863314176 237484 225524 11960 0
1785863314200 237484 225524 11960 0
1785863314225 237484 225524 11960 0
1785863314247 237484 225524 11960 0
1785863314269 237484 225524 11960 0
1785863314291 237484 225524 11960 0
1785863314313 237484 225524 11960 0
1785863314334 237484 225524 11960 0
1785863314359 237484 225524 11960 0
1785863314383 237484 225524 11960 0
1785863314408 237484 225524 11960 0
1785863314432 237484 225524 11960 0
1785863314456 237484 225524 11960 0
1785863314478 237484 225524 11960 0
1785863314499 237484 225524 11960 0
1785863314521 237484 225524 11960 0
1785863314543 237484 225524 11960 0
1785863314565 237484 225524 11960 0
1785863314590 237484 225524 11960 0
1785863314614 237484 225524 11960 0
1785863314639 237484 225524 11960 0
1785863314664 237484 225524 11960 0
1785863314689 237484 225524 11960 0
1785863314712 237484 225524 11960 0
1785863314734 237484 225524 11960 0
1785863314757 237484 225524 11960 0
1785863314780 237484 225524 11960 0
1785863314803 237484 225524 11960 0
1785863314827 237484 225524 11960 0
1785863314851 237484 225524 11960 0
1785863314877 237484 225524 11960 0
1785863314902 237484 225524 11960 0
1785863314925 237484 225524 11960 0
1785863314946 237484 225524 11960 0
1785863314970 237484 225524 11960 0
1785863314995 237484 225524 11960 0
1785863315019 237484 225524 11960 0
1785863315045 237484 225524 11960 0
1785863315066 237484 225524 11960 0
1785863315089 237484 225524 11960 0
1785863315112 237484 225524 11960 0
1785863315135 237484 225524 11960 0
1785863315158 237484 225524 11960 0
1785863315183 237484 225524 11960 0
1785863315207 237484 225524 11960 0
1785863315232 237484 225524 11960 0
1785863315254 237484 225524 11960 0
1785863315275 237484 225524 11960 0
1785863315299 237484 225524 11960 0
1785863315321 237484 225524 11960 0
1785863315345 237484 225524 11960 0
1785863315370 237484 225524 11960 0
1785863315395 237484 225524 11960 0
1785863315420 237484 225524 11960 0
1785863315444 237484 225524 11960 0
1785863315467 237484 225524 11960 0
1785863315489 237484 225524 11960 0
1785863315511 237484 225524 11960 0
1785863315532 237484 225524 11960 0
1785863315554 237484 225524 11960 0
1785863315576 237484 225524 11960 0
1785863315601 237484 225524 11960 0
1785863315626 237484 225524 11960 0
1785863315650 237484 225524 11960 0
1785863315672 237484 225524 11960 0
1785863315694 237484 225524 11960 0
1785863315716 237484 225524 11960 0
1785863315740 237484 225524 11960 0
1785863315765 237484 225524 11960 0
1785863315790 237484 225524 11960 0
1785863315815 237484 225524 11960 0
1785863315840 237484 225524 11960 0
1785863315865 237484 225524 11960 0
1785863315888 237484 225524 11960 0
1785863315910 237484 225524 11960 0
1785863315931 237484 225524 11960 0
1785863315953 237484 225524 11960 0
1785863315974 237484 225524 11960 0
1785863315998 237484 225524 11960 0
1785863316023 237484 225524 11960 0
1785863316048 237484 225524 11960 0
1785863316072 237484 225524 11960 0
1785863316097 237484 225524 11960 0
1785863316119 237484 225524 11960 0
1785863316141 237484 225524 11960 0
1785863316165 237484 225524 11960 0
1785863316190 237484 225524 11960 0
1785863316214 237484 225524 11960 0
1785863316236 237484 225524 11960 0
1785863316258 237484 225524 11960 0
1785863316279 237484 225524 11960 0
1785863316301 237484 225524 11960 0
1785863316325 237484 225524 11960 0
1785863316349 237484 225524 11960 0
1785863316375 237484 225524 11960 0
1785863316399 237484 225524 11960 0
1785863316423 237484 225524 11960 0
1785863316447 237484 225524 11960 0
1785863316472 237484 225524 11960 0
1785863316496 237484 225524 11960 0
1785863316521 237484 225524 11960 0
1785863316545 237484 225524 11960 0
1785863316570 237484 225524 11960 0
1785863316592 237484 225524 11960 0
1785863316614 237484 225524 11960 0
1785863316636 237484 225524 11960 0
1785863316658 237484 225524 11960 0
1785863316679 237484 225524 11960 0
1785863316703 237484 225524 11960 0
1785863316728 237484 225524 11960 0
1785863316753 237484 225524 11960 0
1785863316778 237484 225524 11960 0
1785863316803 237484 225524 11960 0
1785863316826 237484 225524 11960 0
1785863316848 237484 225524 11960 0
1785863316870 237484 225524 11960 0
1785863316892 237484 225524 11960 0
1785863316913 237484 225524 11960 0
1785863316935 237484 225524 11960 0
1785863316959 237484 225524 11960 0
1785863316984 237484 225524 11960 0
1785863317008 237484 225524 11960 0
1785863317033 237484 225524 11960 0
1785863317058 237484 225524 11960 0
1785863317081 237484 225524 11960 0
1785863317105 237484 225524 11960 0
1785863317130 237484 225524 11960 0
1785863317155 237484 225524 11960 0
1785863317178 237484 225524 11960 0
1785863317199 237484 225524 11960 0
1785863317221 237484 225524 11960 0
1785863317243 237484 225524 11960 0
1785863317265 237484 225524 11960 0
1785863317289 237484 225524 11960 0
1785863317313 237484 225524 11960 0
1785863317338 237484 225524 11960 0
1785863317362 237484 225524 11960 0
1785863317384 237484 225524 11960 0
1785863317409 237484 225524 11960 0
1785863317434 237484 225524 11960 0
1785863317458 237484 225524 11960 0
1785863317484 237484 225524 11960 0
1785863317510 237484 225524 11960 0
1785863317534 237484 225524 11960 0
1785863317556 237484 225524 11960 0
1785863317578 237484 225524 11960 0
1785863317601 237484 225524 11960 0
1785863317625 237484 225524 11960 0
1785863317650 237484 225524 11960 0
1785863317675 237484 225524 11960 0
1785863317701 237484 225524 11960 0
1785863317725 237484 225524 11960 0
1785863317749 237484 225524 11960 0
1785863317774 237484 225524 11960 0
1785863317797 237484 225524 11960 0
1785863317819 237484 225524 11960 0
1785863317842 237484 225524 11960 0
1785863317865 237484 225524 11960 0
1785863317887 237484 225524 11960 0
1785863317911 237484 225524 11960 0
1785863317936 237484 225524 11960 0
1785863317960 237484 225524 11960 0
1785863317985 237484 225524 11960 0
1785863318010 237484 225524 11960 0
1785863318031 237484 225524 11960 0
1785863318053 237484 225524 11960 0
1785863318077 237484 225524 11960 0
1785863318102 237484 225524 11960 0
1785863318126 237484 225524 11960 0
1785863318151 237484 225524 11960 0
1785863318175 237484 225524 11960 0
1785863318197 237484 225524 11960 0
1785863318219 237484 225524 11960 0
1785863318241 237484 225524 11960 0
1785863318264 237484 225524 11960 0
1785863318287 237484 225524 11960 0
1785863318311 237484 225524 11960 0
1785863318336 237484 225524 11960 0
1785863318361 237484 225524 11960 0
1785863318387 237484 225524 11960 0
1785863318409 237484 225524 11960 0
1785863318434 237484 225524 11960 0
1785863318459 237484 225524 11960 0
1785863318484 237484 225524 11960 0
1785863318509 237484 225524 11960 0
1785863318534 237484 225524 11960 0
1785863318556 237484 225524 11960 0
1785863318578 237484 225524 11960 0
1785863318600 237484 225524 11960 0
1785863318622 237484 225524 11960 0
1785863318645 237484 225524 11960 0
1785863318669 237484 225524 11960 0
1785863318693 237484 225524 11960 0
1785863318717 237484 225524 11960 0
1785863318742 237484 225524 11960 0
1785863318767 237484 225524 11960 0
1785863318791 237484 225524 11960 0
1785863318814 237484 225524 11960 0
1785863318838 237484 225524 11960 0
1785863318863 237484 225524 11960 0
1785863318887 237484 225524 11960 0
1785863318912 237484 225524 11960 0
1785863318934 237484 225524 11960 0
1785863318956 237484 225524 11960 0
1785863318978 237484 225524 11960 0
1785863319000 237484 225524 11960 0
1785863319022 237484 225524 11960 0
1785863319046 237484 225524 11960 0
1785863319071 237484 225524 11960 0
1785863319095 237484 225524 11960 0
1785863319118 237484 225524 11960 0
1785863319140 237484 225524 11960 0
1785863319164 237484 225524 11960 0
1785863319190 237484 225524 11960 0
1785863319215 237484 225524 11960 0
1785863319240 237484 225524 11960 0
1785863319264 237484 225524 11960 0
1785863319286 237484 225524 11960 0
1785863319308 237484 225524 11960 0
1785863319329 237484 225524 11960 0
1785863319350 237484 225524 11960 0
1785863319372 237484 225524 11960 0
1785863319395 237484 225524 11960 0
1785863319420 237484 225524 11960 0
1785863319445 237484 225524 11960 0
1785863319470 237484 225524 11960 0
1785863319492 237484 225524 11960 0
1785863319515 237484 225524 11960 0
1785863319536 237484 225524 11960 0
1785863319558 237484 225524 11960 0
1785863319580 237484 225524 11960 0
1785863319604 237484 225524 11960 0
1785863319628 237484 225524 11960 0
1785863319653 237484 225524 11960 0
1785863319678 237484 225524 11960 0
1785863319703 237484 225524 11960 0
1785863319728 237484 225524 11960 0
1785863319752 237484 225524 11960 0
1785863319777 237484 225524 11960 0
1785863319802 237484 225524 11960 0
1785863319826 237484 225524 11960 0
1785863319848 237484 225524 11960 0
1785863319869 237484 225524 11960 0
1785863319891 237484 225524 11960 0
1785863319914 237484 225524 11960 0
1785863319937 237484 225524 11960 0
1785863319961 237484 225524 11960 0
1785863319986 237484 225524 11960 0
1785863320010 237484 225524 11960 0
1785863320035 237484 225524 11960 0
1785863320057 237484 225524 11960 0
1785863320082 237484 225524 11960 0
1785863320108 237484 225524 11960 0
1785863320133 237484 225524 11960 0
1785863320158 237484 225524 11960 0
1785863320180 237484 225524 11960 0
1785863320202 237484 225524 11960 0
1785863320224 237484 225524 11960 0
1785863320247 237484 225524 11960 0
1785863320270 237484 225524 11960 0
1785863320295 237484 225524 11960 0
1785863320320 237484 225524 11960 0
1785863320344 237484 225524 11960 0
1785863320369 237484 225524 11960 0
1785863320393 237484 225524 11960 0
1785863320416 237484 225524 11960 0
1785863320438 237484 225524 11960 0
1785863320459 237484 225524 11960 0
1785863320481 237484 225524 11960 0
1785863320505 237484 225524 11960 0
1785863320528 237484 225524 11960 0
1785863320551 237484 225524 11960 0
1785863320575 237484 225524 11960 0
1785863320597 237484 225524 11960 0
1785863320619 237484 225524 11960 0
1785863320641 237484 225524 11960 0
1785863320663 237484 225524 11960 0
1785863320685 237484 225524 11960 0
1785863320706 237484 225524 11960 0
1785863320728 237484 225524 11960 0
1785863320751 237484 225524 11960 0
1785863320774 237484 225524 11960 0
1785863320798 237484 225524 11960 0
1785863320821 237484 225524 11960 0
1785863320845 237484 225524 11960 0
1785863320868 237484 225524 11960 0
1785863320893 237484 225524 11960 0
1785863320914 237484 225524 11960 0
1785863320938 237484 225524 11960 0
1785863320962 237484 225524 11960 0
1785863320987 237484 225524 11960 0
1785863321009 237484 225524 11960 0
1785863321031 237484 225524 11960 0
1785863321052 237484 225524 11960 0
1785863321075 237484 225524 11960 0
1785863321097 237484 225524 11960 0
1785863321118 237484 225524 11960 0
1785863321141 237484 225524 11960 0
1785863321165 237484 225524 11960 0
1785863321189 237484 225524 11960 0
1785863321213 237484 225524 11960 0
1785863321235 237484 225524 11960 0
1785863321260 237484 225524 11960 0
1785863321284 237484 225524 11960 0
1785863321309 237484 225524 11960 0
1785863321333 237484 225524 11960 0
1785863321357 237484 225524 11960 0
1785863321381 237484 225524 11960 0
1785863321404 237484 225524 11960 0
1785863321425 237484 225524 11960 0
1785863321447 237484 225524 11960 0
1785863321471 237484 225524 11960 0
1785863321493 237484 225524 11960 0
1785863321517 237484 225524 11960 0
1785863321542 237484 225524 11960 0
1785863321566 237484 225524 11960 0
1785863321591 237484 225524 11960 0
1785863321613 237484 225524 11960 0
1785863321636 237484 225524 11960 0
1785863321660 237484 225524 11960 0
1785863321685 237484 225524 11960 0
1785863321709 237484 225524 11960 0
1785863321733 237484 225524 11960 0
1785863321758 237484 225524 11960 0
1785863321782 237484 225524 11960 0
1785863321805 237484 225524 11960 0
1785863321830 237484 225524 11960 0
1785863321853 237484 225524 11960 0
1785863321878 237484 225524 11960 0
1785863321902 237484 225524 11960 0
1785863321924 237484 225524 11960 0
1785863321945 237484 225524 11960 0
1785863321969 237484 225524 11960 0
1785863321993 237484 225524 11960 0
1785863322017 237484 225524 11960 0
1785863322040 237484 225524 11960 0
1785863322061 237484 225524 11960 0
1785863322083 237484 225524 11960 0
1785863322105 237484 225524 11960 0
1785863322127 237484 225524 11960 0
1785863322151 237484 225524 11960 0
1785863322174 237484 225524 11960 0
1785863322198 237484 225524 11960 0
1785863322223 237484 225524 11960 0
1785863322245 237484 225524 11960 0
1785863322267 237484 225524 11960 0
1785863322290 237484 225524 11960 0
1785863322315 237484 225524 11960 0
1785863322339 237484 225524 11960 0
1785863322363 237484 225524 11960 0
1785863322384 237484 225524 11960 0
1785863322408 237484 225524 11960 0
1785863322434 237484 225524 11960 0
1785863322459 237484 225524 11960 0
1785863322483 237484 225524 11960 0
1785863322505 237484 225524 11960 0
1785863322527 237484 225524 11960 0
1785863322549 237484 225524 11960 0
1785863322572 237484 225524 11960 0
1785863322594 237484 225524 11960 0
1785863322619 237484 225524 11960 0
1785863322646 237484 225524 11960 0
1785863322671 237484 225524 11960 0
1785863322696 237484 225524 11960 0
1785863322721 237484 225524 11960 0
1785863322743 237484 225524 11960 0
1785863322765 237484 225524 11960 0
1785863322786 237484 225524 11960 0
1785863322808 237484 225524 11960 0
1785863322831 237484 225524 11960 0
1785863322852 237484 225524 11960 0
1785863322877 237484 225524 11960 0
1785863322903 237484 225524 11960 0
1785863322928 237484 225524 11960 0
1785863322950 237484 225524 11960 0
1785863322972 237484 225524 11960 0
1785863322997 237484 225524 11960 0
1785863323023 237484 225524 11960 0
1785863323048 237484 225524 11960 0
1785863323073 237484 225524 11960 0
1785863323098 237484 225524 11960 0
1785863323119 237484 225524 11960 0
1785863323142 237484 225524 11960 0
1785863323163 237484 225524 11960 0
1785863323185 237484 225524 11960 0
1785863323206 237484 225524 11960 0
1785863323228 237484 225524 11960 0
1785863323253 237484 225524 11960 0
1785863323278 237484 225524 11960 0
1785863323303 237484 225524 11960 0
1785863323327 237484 225524 11960 0
1785863323350 237484 225524 11960 0
1785863323375 237484 225524 11960 0
1785863323400 237484 225524 11960 0
1785863323425 237484 225524 11960 0
1785863323450 237484 225524 11960 0
1785863323475 237484 225524 11960 0
1785863323498 237484 225524 11960 0
1785863323519 237484 225524 11960 0
1785863323541 237484 225524 11960 0
1785863323562 237484 225524 11960 0
1785863323584 237484 225524 11960 0
1785863323606 237484 225524 11960 0
1785863323630 237484 225524 11960 0
1785863323655 237484 225524 11960 0
1785863323680 237484 225524 11960 0
1785863323705 237484 225524 11960 0
1785863323727 237484 225524 11960 0
1785863323752 237484 225524 11960 0
1785863323778 237484 225524 11960 0
1785863323803 237484 225524 11960 0
1785863323828 237484 225524 11960 0
1785863323854 237484 225524 11960 0
1785863323875 237484 225524 11960 0
1785863323897 237484 225524 11960 0
1785863323919 237484 225524 11960 0
1785863323940 237484 225524 11960 0
1785863323964 237484 225524 11960 0
1785863323986 237484 225524 11960 0
1785863324012 237484 225524 11960 0
1785863324037 237484 225524 11960 0
1785863324062 237484 225524 11960 0
1785863324087 237484 225524 11960 0
1785863324109 237484 225524 11960 0
1785863324134 237484 225524 11960 0
1785863324160 237484 225524 11960 0
1785863324185 237484 225524 11960 0
1785863324210 237484 225524 11960 0
1785863324235 237484 225524 11960 0
1785863324260 237484 225524 11960 0
1785863324282 237484 225524 11960 0
1785863324304 237484 225524 11960 0
1785863324326 237484 225524 11960 0
1785863324349 237484 225524 11960 0
1785863324371 237484 225524 11960 0
1785863324395 237484 225524 11960 0
1785863324421 237484 225524 11960 0
1785863324446 237484 225524 11960 0
1785863324471 237484 225524 11960 0
1785863324493 237484 225524 11960 0
1785863324517 237484 225524 11960 0
1785863324543 237484 225524 11960 0
1785863324567 237484 225524 11960 0
1785863324593 237484 225524 11960 0
1785863324618 237484 225524 11960 0
1785863324641 237484 225524 11960 0
1785863324663 237484 225524 11960 0
1785863324685 237484 225524 11960 0
1785863324706 237484 225524 11960 0
1785863324728 237484 225524 11960 0
1785863324750 237484 225524 11960 0
1785863324774 237484 225524 11960 0
1785863324799 237484 225524 11960 0
1785863324825 237484 225524 11960 0
1785863324849 237484 225524 11960 0
1785863324871 237484 225524 11960 0
1785863324893 237484 225524 11960 0
1785863324918 237484 225524 11960 0
1785863324943 237484 225524 11960 0
1785863324969 237484 225524 11960 0
1785863324994 237484 225524 11960 0
1785863325019 237484 225524 11960 0
1785863325041 237484 225524 11960 0
1785863325063 237484 225524 11960 0
1785863325085 237484 225524 11960 0
1785863325108 237484 225524 11960 0
1785863325130 237484 225524 11960 0
1785863325153 237484 225524 11960 0
1785863325177 237484 225524 11960 0
1785863325203 237484 225524 11960 0
1785863325228 237484 225524 11960 0
1785863325250 237484 225524 11960 0
1785863325271 237484 225524 11960 0
1785863325296 237484 225524 11960 0
1785863325321 237484 225524 11960 0
1785863325346 237484 225524 11960 0
1785863325372 237484 225524 11960 0
1785863325397 237484 225524 11960 0
1785863325419 237484 225524 11960 0
1785863325441 237484 225524 11960 0
1785863325463 237484 225524 11960 0
1785863325484 237484 225524 11960 0
1785863325508 237484 225524 11960 0
1785863325530 237484 225524 11960 0
1785863325556 237484 225524 11960 0
1785863325581 237484 225524 11960 0
1785863325607 237484 225524 11960 0
1785863325632 237484 225524 11960 0
1785863325655 237484 225524 11960 0
1785863325677 237484 225524 11960 0
1785863325699 237484 225524 11960 0
1785863325722 237484 225524 11960 0
1785863325744 237484 225524 11960 0
1785863325769 237484 225524 11960 0
1785863325795 237484 225524 11960 0
1785863325820 237484 225524 11960 0
1785863325846 237484 225524 11960 0
1785863325872 237484 225524 11960 0
1785863325897 237484 225524 11960 0
1785863325920 237484 225524 11960 0
1785863325942 237484 225524 11960 0
1785863325964 237484 225524 11960 0
1785863325988 237484 225524 11960 0
1785863326011 237484 225524 11960 0
1785863326032 237484 225524 11960 0
1785863326058 237484 225524 11960 0
1785863326084 237484 225524 11960 0
1785863326109 237484 225524 11960 0
1785863326134 237484 225524 11960 0
1785863326160 237484 225524 11960 0
1785863326183 237484 225524 11960 0
1785863326204 237484 225524 11960 0
1785863326227 237484 225524 11960 0
1785863326248 237484 225524 11960 0
1785863326271 237484 225524 11960 0
1785863326292 237484 225524 11960 0
1785863326317 237484 225524 11960 0
1785863326342 237484 225524 11960 0
1785863326367 237484 225524 11960 0
1785863326392 237484 225524 11960 0
1785863326417 237484 225524 11960 0
1785863326442 237484 225524 11960 0
1785863326465 237484 225524 11960 0
1785863326490 237484 225524 11960 0
1785863326515 237484 225524 11960 0
1785863326540 237484 225524 11960 0
1785863326565 237484 225524 11960 0
1785863326590 237484 225524 11960 0
1785863326614 237484 225524 11960 0
1785863326637 237484 225524 11960 0
1785863326659 237484 225524 11960 0
1785863326682 237484 225524 11960 0
1785863326705 237484 225524 11960 0
1785863326727 237484 225524 11960 0
1785863326750 237484 225524 11960 0
1785863326775 237484 225524 11960 0
1785863326800 237484 225524 11960 0
1785863326825 237484 225524 11960 0
1785863326848 237484 225524 11960 0
1785863326869 237484 225524 11960 0
1785863326894 237484 225524 11960 0
1785863326918 237484 225524 11960 0
1785863326944 237484 225524 11960 0
1785863326966 237484 225524 11960 0
1785863326988 237484 225524 11960 0
1785863327013 237484 225524 11960 0
1785863327038 237484 225524 11960 0
1785863327063 237484 225524 11960 0
1785863327089 237484 225524 11960 0
1785863327111 237484 225524 11960 0
1785863327133 237484 225524 11960 0
1785863327155 237484 225524 11960 0
1785863327177 237484 225524 11960 0
1785863327199 237484 225524 11960 0
1785863327224 237484 225524 11960 0
1785863327249 237484 225524 11960 0
1785863327275 237484 225524 11960 0
1785863327302 237484 225524 11960 0
1785863327327 237484 225524 11960 0
1785863327351 237484 225524 11960 0
1785863327374 237484 225524 11960 0
1785863327397 237484 225524 11960 0
1785863327419 237484 225524 11960 0
1785863327442 237484 225524 11960 0
1785863327464 237484 225524 11960 0
1785863327486 237484 225524 11960 0
1785863327511 237484 225524 11960 0
1785863327536 237484 225524 11960 0
1785863327561 237484 225524 11960 0
1785863327586 237484 225524 11960 0
1785863327609 237484 225524 11960 0
1785863327632 237484 225524 11960 0
1785863327655 237484 225524 11960 0
1785863327677 237484 225524 11960 0
1785863327700 237484 225524 11960 0
1785863327724 237484 225524 11960 0
1785863327750 237484 225524 11960 0
1785863327774 237484 225524 11960 0
1785863327800 237484 225524 11960 0
1785863327825 237484 225524 11960 0
1785863327847 237484 225524 11960 0
1785863327872 237484 225524 11960 0
1785863327896 237484 225524 11960 0
1785863327922 237484 225524 11960 0
1785863327947 237484 225524 11960 0
1785863327970 237484 225524 11960 0
1785863327991 237484 225524 11960 0
1785863328013 237484 225524 11960 0
1785863328035 237484 225524 11960 0
1785863328059 237484 225524 11960 0
1785863328081 237484 225524 11960 0
1785863328106 237484 225524 11960 0
1785863328130 237484 225524 11960 0
1785863328154 237484 225524 11960 0
1785863328179 237484 225524 11960 0
1785863328205 237484 225524 11960 0
1785863328227 237484 225524 11960 0
1785863328248 237484 225524 11960 0
1785863328274 237484 225524 11960 0
1785863328299 237484 225524 11960 0
1785863328325 237484 225524 11960 0
1785863328348 237484 225524 11960 0
1785863328370 237484 225524 11960 0
1785863328392 237484 225524 11960 0
1785863328413 237484 225524 11960 0
1785863328435 237484 225524 11960 0
1785863328456 237484 225524 11960 0
1785863328481 237484 225524 11960 0
1785863328507 237484 225524 11960 0
1785863328532 237484 225524 11960 0
1785863328557 237484 225524 11960 0
1785863328582 237484 225524 11960 0
1785863328607 237484 225524 11960 0
1785863328629 237484 225524 11960 0
1785863328652 237484 225524 11960 0
1785863328674 237484 225524 11960 0
1785863328695 237484 225524 11960 0
1785863328719 237484 225524 11960 0
1785863328742 237484 225524 11960 0
1785863328764 237484 225524 11960 0
1785863328790 237484 225524 11960 0
1785863328815 237484 225524 11960 0
1785863328840 237484 225524 11960 0
1785863328861 237484 225524 11960 0
1785863328883 237484 225524 11960 0
1785863328907 237484 225524 11960 0
1785863328932 237484 225524 11960 0
1785863328955 237484 225524 11960 0
1785863328976 237484 225524 11960 0
1785863329000 237484 225524 11960 0
1785863329025 237484 225524 11960 0
1785863329050 237484 225524 11960 0
1785863329073 237484 225524 11960 0
1785863329094 237484 225524 11960 0
1785863329116 237484 225524 11960 0
1785863329139 237484 225524 11960 0
1785863329162 237484 225524 11960 0
1785863329185 237484 225524 11960 0
1785863329207 237484 225524 11960 0
1785863329229 237484 225524 11960 0
1785863329253 237484 225524 11960 0
1785863329277 237484 225524 11960 0
1785863329302 237484 225524 11960 0
1785863329324 237484 225524 11960 0
1785863329345 237484 225524 11960 0
1785863329368 237484 225524 11960 0
1785863329393 237484 225524 11960 0
1785863329417 237484 225524 11960 0
1785863329441 237484 225524 11960 0
1785863329465 237484 225524 11960 0
1785863329487 237484 225524 11960 0
1785863329511 237484 225524 11960 0
1785863329536 237484 225524 11960 0
1785863329561 237484 225524 11960 0
1785863329585 237484 225524 11960 0
1785863329610 237484 225524 11960 0
1785863329634 237484 225524 11960 0
1785863329659 237484 225524 11960 0
1785863329684 237484 225524 11960 0
1785863329709 237484 225524 11960 0
1785863329733 237484 225524 11960 0
1785863329758 237484 225524 11960 0
1785863329783 237484 225524 11960 0
1785863329808 237484 225524 11960 0
1785863329833 237484 225524 11960 0
1785863329857 237484 225524 11960 0
1785863329882 237484 225524 11960 0
1785863329907 237484 225524 11960 0
1785863329931 237484 225524 11960 0
1785863329956 237484 225524 11960 0
1785863329978 237484 225524 11960 0
1785863330000 237484 225524 11960 0
1785863330024 237484 225524 11960 0
1785863330049 237484 225524 11960 0
1785863330074 237484 225524 11960 0
1785863330096 237484 225524 11960 0
1785863330118 237484 225524 11960 0
1785863330139 237484 225524 11960 0
1785863330164 237484 225524 11960 0
1785863330188 237484 225524 11960 0
1785863330213 237484 225524 11960 0
1785863330236 237484 225524 11960 0
1785863330257 237484 225524 11960 0
1785863330282 237484 225524 11960 0
1785863330307 237484 225524 11960 0
1785863330332 237484 225524 11960 0
1785863330357 237484 225524 11960 0
1785863330379 237484 225524 11960 0
1785863330401 237484 225524 11960 0
1785863330423 237484 225524 11960 0
1785863330445 237484 225524 11960 0
1785863330467 237484 225524 11960 0
1785863330489 237484 225524 11960 0
1785863330510 237484 225524 11960 0
1785863330535 237484 225524 11960 0
1785863330560 237484 225524 11960 0
1785863330585 237484 225524 11960 0
1785863330611 237484 225524 11960 0
1785863330636 237484 225524 11960 0
1785863330659 237484 225524 11960 0
1785863330682 237484 225524 11960 0
1785863330703 237484 225524 11960 0
1785863330725 237484 225524 11960 0
1785863330746 237484 225524 11960 0
1785863330768 237484 225524 11960 0
1785863330789 237484 225524 11960 0
1785863330814 237484 225524 11960 0
1785863330839 237484 225524 11960 0
1785863330864 237484 225524 11960 0
1785863330888 237484 225524 11960 0
1785863330911 237484 225524 11960 0
1785863330933 237484 225524 11960 0
1785863330957 237484 225524 11960 0
1785863330982 237484 225524 11960 0
1785863331007 237484 225524 11960 0
1785863331033 237484 225524 11960 0
1785863331055 237484 225524 11960 0
1785863331077 237484 225524 11960 0
1785863331099 237484 225524 11960 0
1785863331121 237484 225524 11960 0
1785863331145 237484 225524 11960 0
1785863331167 237484 225524 11960 0
1785863331189 237484 225524 11960 0
1785863331214 237484 225524 11960 0
1785863331239 237484 225524 11960 0
1785863331264 237484 225524 11960 0
1785863331289 237484 225524 11960 0
1785863331315 237484 225524 11960 0
1785863331339 237484 225524 11960 0
1785863331362 237484 225524 11960 0
1785863331388 237484 225524 11960 0
1785863331413 237484 225524 11960 0
1785863331438 237484 225524 11960 0
1785863331462 237484 225524 11960 0
1785863331483 237484 225524 11960 0
1785863331505 237484 225524 11960 0
1785863331527 237484 225524 11960 0
1785863331548 237484 225524 11960 0
1785863331570 237484 225524 11960 0
1785863331593 237484 225524 11960 0
1785863331614 237484 225524 11960 0
1785863331639 237484 225524 11960 0
1785863331664 237484 225524 11960 0
1785863331689 237484 225524 11960 0
1785863331712 237484 225524 11960 0
1785863331734 237484 225524 11960 0
1785863331757 237484 225524 11960 0
1785863331782 237484 225524 11960 0
1785863331808 237484 225524 11960 0
1785863331833 237484 225524 11960 0
1785863331858 237484 225524 11960 0
1785863331883 237484 225524 11960 0
1785863331904 237484 225524 11960 0
1785863331926 237484 225524 11960 0
1785863331948 237484 225524 11960 0
1785863331969 237484 225524 11960 0
1785863331991 237484 225524 11960 0
1785863332012 237484 225524 11960 0
1785863332034 237484 225524 11960 0
1785863332058 237484 225524 11960 0
1785863332084 237484 225524 11960 0
1785863332109 237484 225524 11960 0
1785863332134 237484 225524 11960 0
1785863332157 237484 225524 11960 0
1785863332179 237484 225524 11960 0
1785863332204 237484 225524 11960 0
1785863332229 237484 225524 11960 0
1785863332254 237484 225524 11960 0
1785863332278 237484 225524 11960 0
1785863332301 237484 225524 11960 0
1785863332322 237484 225524 11960 0
1785863332344 237484 225524 11960 0
1785863332367 237484 225524 11960 0
1785863332389 237484 225524 11960 0
1785863332411 237484 225524 11960 0
1785863332436 237484 225524 11960 0
1785863332461 237484 225524 11960 0
1785863332486 237484 225524 11960 0
1785863332511 237484 225524 11960 0
1785863332536 237484 225524 11960 0
1785863332561 237484 225524 11960 0
1785863332583 237484 225524 11960 0
1785863332606 237484 225524 11960 0
1785863332631 237484 225524 11960 0
1785863332657 237484 225524 11960 0
1785863332682 237484 225524 11960 0
1785863332706 237484 225524 11960 0
1785863332729 237484 225524 11960 0
1785863332750 237484 225524 11960 0
1785863332772 237484 225524 11960 0
1785863332794 237484 225524 11960 0
1785863332816 237484 225524 11960 0
1785863332838 237484 225524 11960 0
1785863332861 237484 225524 11960 0
1785863332886 237484 225524 11960 0
1785863332912 237484 225524 11960 0
1785863332937 237484 225524 11960 0
1785863332960 237484 225524 11960 0
1785863332982 237484 225524 11960 0
1785863333004 237484 225524 11960 0
1785863333029 237484 225524 11960 0
1785863333054 237484 225524 11960 0
1785863333079 237484 225524 11960 0
1785863333105 237484 225524 11960 0
1785863333130 237484 225524 11960 0
1785863333153 237484 225524 11960 0
1785863333174 237484 225524 11960 0
1785863333196 237484 225524 11960 0
1785863333217 237484 225524 11960 0
1785863333239 237484 225524 11960 0
1785863333261 237484 225524 11960 0
1785863333282 237484 225524 11960 0
1785863333304 237484 225524 11960 0
1785863333329 237484 225524 11960 0
1785863333354 237484 225524 11960 0
1785863333380 237484 225524 11960 0
1785863333402 237484 225524 11960 0
1785863333423 237484 225524 11960 0
1785863333447 237484 225524 11960 0
1785863333473 237484 225524 11960 0
1785863333498 237484 225524 11960 0
1785863333523 237484 225524 11960 0
1785863333545 237484 225524 11960 0
1785863333568 237484 225524 11960 0
1785863333590 237484 225524 11960 0
1785863333612 237484 225524 11960 0
1785863333634 237484 225524 11960 0
1785863333656 237484 225524 11960 0
1785863333678 237484 225524 11960 0
1785863333703 237484 225524 11960 0
1785863333729 237484 225524 11960 0
1785863333755 237484 225524 11960 0
1785863333780 237484 225524 11960 0
1785863333805 237484 225524 11960 0
1785863333830 237484 225524 11960 0
1785863333852 237484 225524 11960 0
1785863333875 237484 225524 11960 0
1785863333900 237484 225524 11960 0
1785863333925 237484 225524 11960 0
1785863333951 237484 225524 11960 0
1785863333975 237484 225524 11960 0
1785863333996 237484 225524 11960 0
1785863334019 237484 225524 11960 0
1785863334041 237484 225524 11960 0
1785863334063 237484 225524 11960 0
1785863334085 237484 225524 11960 0
1785863334107 237484 225524 11960 0
1785863334130 237484 225524 11960 0
1785863334154 237484 225524 11960 0
1785863334180 237484 225524 11960 0
1785863334205 237484 225524 11960 0
1785863334230 237484 225524 11960 0
1785863334253 237484 225524 11960 0
1785863334278 237484 225524 11960 0
1785863334304 237484 225524 11960 0
1785863334329 237484 225524 11960 0
1785863334354 237484 225524 11960 0
1785863334379 237484 225524 11960 0
1785863334404 237484 225524 11960 0
1785863334427 237484 225524 11960 0
1785863334448 237484 225524 11960 0
1785863334471 237484 225524 11960 0
1785863334493 237484 225524 11960 0
1785863334516 237484 225524 11960 0
1785863334538 237484 225524 11960 0
1785863334561 237484 225524 11960 0
1785863334586 237484 225524 11960 0
1785863334611 237484 225524 11960 0
1785863334636 237484 225524 11960 0
1785863334660 237484 225524 11960 0
1785863334682 237484 225524 11960 0
1785863334704 237484 225524 11960 0
1785863334729 237484 225524 11960 0
1785863334754 237484 225524 11960 0
1785863334779 237484 225524 11960 0
1785863334804 237484 225524 11960 0
1785863334826 237484 225524 11960 0
1785863334848 237484 225524 11960 0
1785863334870 237484 225524 11960 0
1785863334893 237484 225524 11960 0
1785863334917 237484 225524 11960 0
1785863334938 237484 225524 11960 0
1785863334960 237484 225524 11960 0
1785863334985 237484 225524 11960 0
1785863335010 237484 225524 11960 0
1785863335034 237484 225524 11960 0
1785863335060 237484 225524 11960 0
1785863335085 237484 225524 11960 0
1785863335110 237484 225524 11960 0
1785863335133 237484 225524 11960 0
1785863335154 237484 225524 11960 0
1785863335177 237484 225524 11960 0
1785863335199 237484 225524 11960 0
1785863335223 237484 225524 11960 0
1785863335245 237484 225524 11960 0
1785863335267 237484 225524 11960 0
1785863335290 237484 225524 11960 0
1785863335316 237484 225524 11960 0
1785863335341 237484 225524 11960 0
1785863335366 237484 225524 11960 0
1785863335390 237484 225524 11960 0
1785863335414 237484 225524 11960 0
1785863335439 237484 225524 11960 0
1785863335464 237484 225524 11960 0
1785863335489 237484 225524 11960 0
1785863335512 237484 225524 11960 0
1785863335534 237484 225524 11960 0
1785863335556 237484 225524 11960 0
1785863335577 237484 225524 11960 0
1785863335600 237484 225524 11960 0
1785863335621 237484 225524 11960 0
1785863335642 237484 225524 11960 0
1785863335666 237484 225524 11960 0
1785863335691 237484 225524 11960 0
1785863335716 237484 225524 11960 0
1785863335741 237484 225524 11960 0
1785863335767 237484 225524 11960 0
1785863335792 237484 225524 11960 0
1785863335816 237484 225524 11960 0
1785863335838 237484 225524 11960 0
1785863335863 237484 225524 11960 0
1785863335888 237484 225524 11960 0
1785863335913 237484 225524 11960 0
1785863335938 237484 225524 11960 0
1785863335960 237484 225524 11960 0
1785863335982 237484 225524 11960 0
1785863336003 237484 225524 11960 0
1785863336025 237484 225524 11960 0
1785863336046 237484 225524 11960 0
1785863336068 237484 225524 11960 0
1785863336090 237484 225524 11960 0
1785863336113 237484 225524 11960 0
1785863336138 237484 225524 11960 0
1785863336163 237484 225524 11960 0
1785863336188 237484 225524 11960 0
1785863336210 237484 225524 11960 0
1785863336231 237484 225524 11960 0
1785863336255 237484 225524 11960 0
1785863336281 237484 225524 11960 0
1785863336307 237484 225524 11960 0
1785863336332 237484 225524 11960 0
1785863336357 237484 225524 11960 0
1785863336382 237484 225524 11960 0
1785863336404 237484 225524 11960 0
1785863336426 237484 225524 11960 0
1785863336447 237484 225524 11960 0
1785863336469 237484 225524 11960 0
1785863336491 237484 225524 11960 0
1785863336512 237484 225524 11960 0
1785863336534 237484 225524 11960 0
1785863336559 237484 225524 11960 0
1785863336584 237484 225524 11960 0
1785863336609 237484 225524 11960 0
1785863336633 237484 225524 11960 0
1785863336655 237484 225524 11960 0
1785863336677 237484 225524 11960 0
1785863336701 237484 225524 11960 0
1785863336727 237484 225524 11960 0
1785863336752 237484 225524 11960 0
1785863336777 237484 225524 11960 0
1785863336800 237484 225524 11960 0
1785863336821 237484 225524 11960 0
1785863336843 237484 225524 11960 0
1785863336865 237484 225524 11960 0
1785863336888 237484 225524 11960 0
1785863336911 237484 225524 11960 0
1785863336933 237484 225524 11960 0
1785863336955 237484 225524 11960 0
1785863336980 237484 225524 11960 0
1785863337005 237484 225524 11960 0
1785863337030 237484 225524 11960 0
1785863337055 237484 225524 11960 0
1785863337080 237484 225524 11960 0
1785863337105 237484 225524 11960 0
1785863337127 237484 225524 11960 0
1785863337152 237484 225524 11960 0
1785863337177 237484 225524 11960 0
1785863337202 237484 225524 11960 0
1785863337227 237484 225524 11960 0
1785863337249 237484 225524 11960 0
1785863337271 237484 225524 11960 0
1785863337292 237484 225524 11960 0
1785863337314 237484 225524 11960 0
1785863337336 237484 225524 11960 0
1785863337358 237484 225524 11960 0
1785863337380 237484 225524 11960 0
1785863337404 237484 225524 11960 0
1785863337430 237484 225524 11960 0
1785863337455 237484 225524 11960 0
1785863337480 237484 225524 11960 0
1785863337503 237484 225524 11960 0
1785863337524 237484 225524 11960 0
1785863337548 237484 225524 11960 0
1785863337574 237484 225524 11960 0
1785863337599 237484 225524 11960 0
1785863337624 237484 225524 11960 0
1785863337649 237484 225524 11960 0
1785863337674 237484 225524 11960 0
1785863337695 237484 225524 11960 0
1785863337717 237484 225524 11960 0
1785863337740 237484 225524 11960 0
1785863337761 237484 225524 11960 0
1785863337783 237484 225524 11960 0
1785863337806 237484 225524 11960 0
1785863337828 237484 225524 11960 0
1785863337852 237484 225524 11960 0
1785863337878 237484 225524 11960 0
1785863337903 237484 225524 11960 0
1785863337928 237484 225524 11960 0
1785863337951 237484 225524 11960 0
1785863337972 237484 225524 11960 0
1785863337997 237484 225524 11960 0
1785863338022 237484 225524 11960 0
1785863338046 237484 225524 11960 0
1785863338071 237484 225524 11960 0
1785863338094 237484 225524 11960 0
1785863338116 237484 225524 11960 0
1785863338138 237484 225524 11960 0
1785863338160 237484 225524 11960 0
1785863338182 237484 225524 11960 0
1785863338203 237484 225524 11960 0
1785863338225 237484 225524 11960 0
1785863338249 237484 225524 11960 0
1785863338274 237484 225524 11960 0
1785863338299 237484 225524 11960 0
1785863338324 237484 225524 11960 0
1785863338350 237484 225524 11960 0
1785863338375 237484 225524 11960 0
1785863338398 237484 225524 11960 0
1785863338419 237484 225524 11960 0
1785863338444 237484 225524 11960 0
1785863338469 237484 225524 11960 0
1785863338494 237484 225524 11960 0
1785863338519 237484 225524 11960 0
1785863338543 237484 225524 11960 0
1785863338565 237484 225524 11960 0
1785863338588 237484 225524 11960 0
1785863338609 237484 225524 11960 0
1785863338632 237484 225524 11960 0
1785863338655 237484 225524 11960 0
1785863338677 237484 225524 11960 0
1785863338699 237484 225524 11960 0
1785863338724 237484 225524 11960 0
1785863338749 237484 225524 11960 0
1785863338774 237484 225524 11960 0
1785863338799 237484 225524 11960 0
1785863338823 237484 225524 11960 0
1785863338847 237484 225524 11960 0
1785863338872 237484 225524 11960 0
1785863338897 237484 225524 11960 0
1785863338922 237484 225524 11960 0
1785863338947 237484 225524 11960 0
1785863338973 237484 225524 11960 0
1785863338996 237484 225524 11960 0
1785863339018 237484 225524 11960 0
1785863339040 237484 225524 11960 0
1785863339062 237484 225524 11960 0
1785863339083 237484 225524 11960 0
1785863339105 237484 225524 11960 0
1785863339128 237484 225524 11960 0
1785863339151 237484 225524 11960 0
1785863339176 237484 225524 11960 0
1785863339201 237484 225524 11960 0
1785863339226 237484 225524 11960 0
1785863339252 237484 225524 11960 0
1785863339274 237484 225524 11960 0
1785863339297 237484 225524 11960 0
1785863339322 237484 225524 11960 0
1785863339347 237484 225524 11960 0
1785863339372 237484 225524 11960 0
1785863339397 237484 225524 11960 0
1785863339420 237484 225524 11960 0
1785863339441 237484 225524 11960 0
1785863339463 237484 225524 11960 0
1785863339485 237484 225524 11960 0
1785863339508 237484 225524 11960 0
1785863339529 237484 225524 11960 0
1785863339552 237484 225524 11960 0
1785863339577 237484 225524 11960 0
1785863339603 237484 225524 11960 0
1785863339628 237484 225524 11960 0
1785863339653 237484 225524 11960 0
1785863339675 237484 225524 11960 0
1785863339699 237484 225524 11960 0
1785863339724 237484 225524 11960 0
1785863339749 237484 225524 11960 0
1785863339774 237484 225524 11960 0
1785863339799 237484 225524 11960 0
1785863339824 237484 225524 11960 0
1785863339849 237484 225524 11960 0
1785863339870 237484 225524 11960 0
1785863339892 237484 225524 11960 0
1785863339913 237484 225524 11960 0
1785863339935 237484 225524 11960 0
1785863339957 237484 225524 11960 0
1785863339978 237484 225524 11960 0
1785863340001 237484 225524 11960 0
1785863340022 237484 225524 11960 0
1785863340044 237484 225524 11960 0
1785863340068 237484 225524 11960 0
1785863340090 237484 225524 11960 0
1785863340112 237484 225524 11960 0
1785863340133 237484 225524 11960 0
1785863340154 237484 225524 11960 0
1785863340176 237484 225524 11960 0
1785863340199 237484 225524 11960 0
1785863340221 237484 225524 11960 0
1785863340246 237484 225524 11960 0
1785863340271 237484 225524 11960 0
1785863340296 237484 225524 11960 0
1785863340320 237484 225524 11960 0
1785863340343 237484 225524 11960 0
1785863340365 237484 225524 11960 0
1785863340390 237484 225524 11960 0
1785863340416 237484 225524 11960 0
1785863340441 237484 225524 11960 0
1785863340465 237484 225524 11960 0
1785863340486 237484 225524 11960 0
1785863340509 237484 225524 11960 0
1785863340532 237484 225524 11960 0
1785863340554 237484 225524 11960 0
1785863340575 237484 225524 11960 0
1785863340599 237484 225524 11960 0
1785863340622 237484 225524 11960 0
1785863340647 237484 225524 11960 0
1785863340672 237484 225524 11960 0
1785863340697 237484 225524 11960 0
1785863340721 237484 225524 11960 0
1785863340743 237484 225524 11960 0
1785863340766 237484 225524 11960 0
1785863340791 237484 225524 11960 0
1785863340817 237484 225524 11960 0
1785863340842 237484 225524 11960 0
1785863340867 237484 225524 11960 0
1785863340892 237484 225524 11960 0
1785863340917 237484 225524 11960 0
1785863340938 237484 225524 11960 0
1785863340961 237484 225524 11960 0
1785863340983 237484 225524 11960 0
1785863341006 237484 225524 11960 0
1785863341028 237484 225524 11960 0
1785863341050 237484 225524 11960 0
1785863341073 237484 225524 11960 0
1785863341098 237484 225524 11960 0
1785863341123 237484 225524 11960 0
1785863341148 237484 225524 11960 0
1785863341173 237484 225524 11960 0
1785863341195 237484 225524 11960 0
1785863341216 237484 225524 11960 0
1785863341240 237484 225524 11960 0
1785863341266 237484 225524 11960 0
1785863341291 237484 225524 11960 0
1785863341316 237484 225524 11960 0
1785863341338 237484 225524 11960 0
1785863341360 237484 225524 11960 0
1785863341383 237484 225524 11960 0
1785863341405 237484 225524 11960 0
1785863341427 237484 225524 11960 0
1785863341450 237484 225524 11960 0
1785863341473 237484 225524 11960 0
1785863341497 237484 225524 11960 0
1785863341522 237484 225524 11960 0
1785863341547 237484 225524 11960 0
1785863341572 237484 225524 11960 0
1785863341597 237484 225524 11960 0
1785863341618 237484 225524 11960 0
1785863341642 237484 225524 11960 0
1785863341668 237484 225524 11960 0
1785863341693 237484 225524 11960 0
1785863341718 237484 225524 11960 0
1785863341743 237484 225524 11960 0
1785863341768 237484 225524 11960 0
1785863341790 237484 225524 11960 0
1785863341811 237484 225524 11960 0
1785863341833 237484 225524 11960 0
1785863341854 237484 225524 11960 0
1785863341876 237484 225524 11960 0
1785863341898 237484 225524 11960 0
1785863341919 237484 225524 11960 0
1785863341940 237484 225524 11960 0
1785863341964 237484 225524 11960 0
1785863341990 237484 225524 11960 0
1785863342032 237484 225524 11960 0
1785863342056 237484 225524 11960 0
1785863342077 237484 225524 11960 0
1785863342101 237484 225524 11960 0
1785863342126 237484 225524 11960 0
1785863342152 237484 225524 11960 0
1785863342177 237484 225524 11960 0
1785863342199 237484 225524 11960 0
1785863342220 237484 225524 11960 0
1785863342242 237484 225524 11960 0
1785863342264 237484 225524 11960 0
1785863342285 237484 225524 11960 0
1785863342307 237484 225524 11960 0
1785863342331 237484 225524 11960 0
1785863342353 237484 225524 11960 0
1785863342378 237484 225524 11960 0
1785863342403 237484 225524 11960 0
1785863342428 237484 225524 11960 0
1785863342453 237484 225524 11960 0
1785863342475 237484 225524 11960 0
1785863342496 237484 225524 11960 0
1785863342520 237484 225524 11960 0
1785863342546 237484 225524 11960 0
1785863342571 237484 225524 11960 0
1785863342596 237484 225524 11960 0
1785863342621 237484 225524 11960 0
1785863342646 237484 225524 11960 0
1785863342668 237484 225524 11960 0
1785863342689 237484 225524 11960 0
1785863342711 237484 225524 11960 0
1785863342733 237484 225524 11960 0
1785863342755 237484 225524 11960 0
1785863342776 237484 225524 11960 0
1785863342798 237484 225524 11960 0
1785863342819 237484 225524 11960 0
1785863342843 237484 225524 11960 0
1785863342869 237484 225524 11960 0
1785863342894 237484 225524 11960 0
1785863342919 237484 225524 11960 0
1785863342941 237484 225524 11960 0
1785863342963 237484 225524 11960 0
1785863342988 237484 225524 11960 0
1785863343014 237484 225524 11960 0
1785863343039 237484 225524 11960 0
1785863343064 237484 225524 11960 0
1785863343086 237484 225524 11960 0
1785863343108 237484 225524 11960 0
1785863343133 237484 225524 11960 0
1785863343159 237484 225524 11960 0
1785863343184 237484 225524 11960 0
1785863343208 237484 225524 11960 0
1785863343230 237484 225524 11960 0
1785863343251 237484 225524 11960 0
1785863343273 237484 225524 11960 0
1785863343295 237484 225524 11960 0
1785863343317 237484 225524 11960 0
1785863343339 237484 225524 11960 0
1785863343361 237484 225524 11960 0
1785863343385 237484 225524 11960 0
1785863343411 237484 225524 11960 0
1785863343435 237484 225524 11960 0
1785863343461 237484 225524 11960 0
1785863343486 237484 225524 11960 0
1785863343511 237484 225524 11960 0
1785863343534 237484 225524 11960 0
1785863343555 237484 225524 11960 0
1785863343579 237484 225524 11960 0
1785863343605 237484 225524 11960 0
1785863343630 237484 225524 11960 0
1785863343656 237484 225524 11960 0
1785863343678 237484 225524 11960 0
1785863343700 237484 225524 11960 0
1785863343722 237484 225524 11960 0
1785863343743 237484 225524 11960 0
1785863343765 237484 225524 11960 0
1785863343786 237484 225524 11960 0
1785863343808 237484 225524 11960 0
1785863343830 237484 225524 11960 0
1785863343854 237484 225524 11960 0
1785863343879 237484 225524 11960 0
1785863343904 237484 225524 11960 0
1785863343929 237484 225524 11960 0
1785863343951 237484 225524 11960 0
1785863343973 237484 225524 11960 0
1785863343998 237484 225524 11960 0
1785863344023 237484 225524 11960 0
1785863344048 237484 225524 11960 0
1785863344073 237484 225524 11960 0
1785863344096 237484 225524 11960 0
1785863344119 237484 225524 11960 0
1785863344144 237484 225524 11960 0
1785863344169 237484 225524 11960 0
1785863344195 237484 225524 11960 0
1785863344220 237484 225524 11960 0
1785863344245 237484 225524 11960 0
1785863344270 237484 225524 11960 0
1785863344293 237484 225524 11960 0
1785863344315 237484 225524 11960 0
1785863344337 237484 225524 11960 0
1785863344360 237484 225524 11960 0
1785863344382 237484 225524 11960 0
1785863344404 237484 225524 11960 0
1785863344426 237484 225524 11960 0
1785863344447 237484 225524 11960 0
1785863344472 237484 225524 11960 0
1785863344497 237484 225524 11960 0
1785863344522 237484 225524 11960 0
1785863344547 237484 225524 11960 0
1785863344570 237484 225524 11960 0
1785863344593 237484 225524 11960 0
1785863344619 237484 225524 11960 0
1785863344644 237484 225524 11960 0
1785863344670 237484 225524 11960 0
1785863344694 237484 225524 11960 0
1785863344716 237484 225524 11960 0
1785863344739 237484 225524 11960 0
1785863344765 237484 225524 11960 0
1785863344791 237484 225524 11960 0
1785863344817 237484 225524 11960 0
1785863344839 237484 225524 11960 0
1785863344860 237484 225524 11960 0
1785863344882 237484 225524 11960 0
1785863344904 237484 225524 11960 0
1785863344925 237484 225524 11960 0
1785863344947 237484 225524 11960 0
1785863344968 237484 225524 11960 0
1785863344990 237484 225524 11960 0
1785863345012 237484 225524 11960 0
1785863345037 237484 225524 11960 0
1785863345063 237484 225524 11960 0
1785863345088 237484 225524 11960 0
1785863345113 237484 225524 11960 0
1785863345138 237484 225524 11960 0
1785863345162 237484 225524 11960 0
1785863345184 237484 225524 11960 0
1785863345206 237484 225524 11960 0
1785863345231 237484 225524 11960 0
1785863345257 237484 225524 11960 0
1785863345282 237484 225524 11960 0
1785863345306 237484 225524 11960 0
1785863345328 237484 225524 11960 0
1785863345349 237484 225524 11960 0
1785863345371 237484 225524 11960 0
1785863345392 237484 225524 11960 0
1785863345413 237484 225524 11960 0
1785863345436 237484 225524 11960 0
1785863345457 237484 225524 11960 0
1785863345479 237484 225524 11960 0
1785863345504 237484 225524 11960 0
1785863345529 237484 225524 11960 0
1785863345554 237484 225524 11960 0
1785863345580 237484 225524 11960 0
1785863345602 237484 225524 11960 0
1785863345626 237484 225524 11960 0
1785863345651 237484 225524 11960 0
1785863345677 237484 225524 11960 0
1785863345702 237484 225524 11960 0
1785863345725 237484 225524 11960 0
1785863345747 237484 225524 11960 0
1785863345771 237484 225524 11960 0
1785863345797 237484 225524 11960 0
1785863345822 237484 225524 11960 0
1785863345847 237484 225524 11960 0
1785863345872 237484 225524 11960 0
1785863345897 237484 225524 11960 0
1785863345919 237484 225524 11960 0
1785863345941 237484 225524 11960 0
1785863345963 237484 225524 11960 0
1785863345985 237484 225524 11960 0
1785863346006 237484 225524 11960 0
1785863346028 237484 225524 11960 0
1785863346050 237484 225524 11960 0
1785863346071 237484 225524 11960 0
1785863346093 237484 225524 11960 0
1785863346118 237484 225524 11960 0
1785863346144 237484 225524 11960 0
1785863346169 237484 225524 11960 0
1785863346194 237484 225524 11960 0
1785863346216 237484 225524 11960 0
1785863346240 237484 225524 11960 0
1785863346265 237484 225524 11960 0
1785863346291 237484 225524 11960 0
1785863346316 237484 225524 11960 0
1785863346339 237484 225524 11960 0
1785863346362 237484 225524 11960 0
1785863346386 237484 225524 11960 0
1785863346412 237484 225524 11960 0
1785863346438 237484 225524 11960 0
1785863346462 237484 225524 11960 0
1785863346484 237484 225524 11960 0
1785863346506 237484 225524 11960 0
1785863346527 237484 225524 11960 0
1785863346549 237484 225524 11960 0
1785863346570 237484 225524 11960 0
1785863346592 237484 225524 11960 0
1785863346613 237484 225524 11960 0
1785863346635 237484 225524 11960 0
1785863346657 237484 225524 11960 0
1785863346682 237484 225524 11960 0
1785863346708 237484 225524 11960 0
1785863346733 237484 225524 11960 0
1785863346758 237484 225524 11960 0
1785863346783 237484 225524 11960 0
1785863346808 237484 225524 11960 0
1785863346831 237484 225524 11960 0
1785863346856 237484 225524 11960 0
1785863346882 237484 225524 11960 0
1785863346906 237484 225524 11960 0
1785863346932 237484 225524 11960 0
1785863346953 237484 225524 11960 0
1785863346975 237484 225524 11960 0
1785863346997 237484 225524 11960 0
1785863347019 237484 225524 11960 0
1785863347041 237484 225524 11960 0
1785863347062 237484 225524 11960 0
1785863347084 237484 225524 11960 0
1785863347107 237484 225524 11960 0
1785863347128 237484 225524 11960 0
1785863347153 237484 225524 11960 0
1785863347179 237484 225524 11960 0
1785863347205 237484 225524 11960 0
1785863347230 237484 225524 11960 0
1785863347252 237484 225524 11960 0
1785863347274 237484 225524 11960 0
1785863347300 237484 225524 11960 0
1785863347325 237484 225524 11960 0
1785863347351 237484 225524 11960 0
1785863347376 237484 225524 11960 0
1785863347398 237484 225524 11960 0
1785863347420 237484 225524 11960 0
1785863347442 237484 225524 11960 0
1785863347465 237484 225524 11960 0
1785863347487 237484 225524 11960 0
1785863347510 237484 225524 11960 0
1785863347532 237484 225524 11960 0
1785863347554 237484 225524 11960 0
1785863347579 237484 225524 11960 0
1785863347605 237484 225524 11960 0
1785863347631 237484 225524 11960 0
1785863347657 237484 225524 11960 0
1785863347683 237484 225524 11960 0
1785863347708 237484 225524 11960 0
1785863347730 237484 225524 11960 0
1785863347753 237484 225524 11960 0
1785863347775 237484 225524 11960 0
1785863347796 237484 225524 11960 0
1785863347818 237484 225524 11960 0
1785863347840 237484 225524 11960 0
1785863347861 237484 225524 11960 0
1785863347883 237484 225524 11960 0
1785863347905 237484 225524 11960 0
1785863347931 237484 225524 11960 0
1785863347957 237484 225524 11960 0
1785863347982 237484 225524 11960 0
1785863348008 237484 225524 11960 0
1785863348030 237484 225524 11960 0
1785863348054 237484 225524 11960 0
1785863348079 237484 225524 11960 0
1785863348104 237484 225524 11960 0
1785863348130 237484 225524 11960 0
1785863348156 237484 225524 11960 0
1785863348182 237484 225524 11960 0
1785863348207 237484 225524 11960 0
1785863348229 237484 225524 11960 0
1785863348251 237484 225524 11960 0
1785863348272 237484 225524 11960 0
1785863348294 237484 225524 11960 0
1785863348316 237484 225524 11960 0
1785863348338 237484 225524 11960 0
1785863348360 237484 225524 11960 0
1785863348383 237484 225524 11960 0
1785863348408 237484 225524 11960 0
1785863348434 237484 225524 11960 0
1785863348459 237484 225524 11960 0
1785863348484 237484 225524 11960 0
1785863348506 237484 225524 11960 0
1785863348528 237484 225524 11960 0
1785863348551 237484 225524 11960 0
1785863348573 237484 225524 11960 0
1785863348595 237484 225524 11960 0
1785863348616 237484 225524 11960 0
1785863348638 237484 225524 11960 0
1785863348659 237484 225524 11960 0
1785863348681 237484 225524 11960 0
1785863348706 237484 225524 11960 0
1785863348732 237484 225524 11960 0
1785863348758 237484 225524 11960 0
1785863348784 237484 225524 11960 0
1785863348809 237484 225524 11960 0
1785863348835 237484 225524 11960 0
1785863348857 237484 225524 11960 0
1785863348879 237484 225524 11960 0
1785863348900 237484 225524 11960 0
1785863348922 237484 225524 11960 0
1785863348944 237484 225524 11960 0
1785863348966 237484 225524 11960 0
1785863348988 237484 225524 11960 0
1785863349010 237484 225524 11960 0
1785863349032 237484 225524 11960 0
1785863349057 237484 225524 11960 0
1785863349083 237484 225524 11960 0
1785863349109 237484 225524 11960 0
1785863349134 237484 225524 11960 0
1785863349158 237484 225524 11960 0
1785863349180 237484 225524 11960 0
1785863349203 237484 225524 11960 0
1785863349225 237484 225524 11960 0
1785863349247 237484 225524 11960 0
1785863349269 237484 225524 11960 0
1785863349293 237484 225524 11960 0
1785863349315 237484 225524 11960 0
1785863349337 237484 225524 11960 0
1785863349363 237484 225524 11960 0
1785863349389 237484 225524 11960 0
1785863349414 237484 225524 11960 0
1785863349440 237484 225524 11960 0
1785863349466 237484 225524 11960 0
1785863349492 237484 225524 11960 0
1785863349516 237484 225524 11960 0
1785863349538 237484 225524 11960 0
1785863349560 237484 225524 11960 0
1785863349582 237484 225524 11960 0
1785863349604 237484 225524 11960 0
1785863349626 237484 225524 11960 0
1785863349648 237484 225524 11960 0
1785863349671 237484 225524 11960 0
1785863349692 237484 225524 11960 0
1785863349718 237484 225524 11960 0
1785863349744 237484 225524 11960 0
1785863349770 237484 225524 11960 0
1785863349795 237484 225524 11960 0
1785863349817 237484 225524 11960 0
1785863349839 237484 225524 11960 0
1785863349860 237484 225524 11960 0
1785863349882 237484 225524 11960 0
1785863349905 237484 225524 11960 0
1785863349926 237484 225524 11960 0
1785863349947 237484 225524 11960 0
1785863349969 237484 225524 11960 0
1785863349991 237484 225524 11960 0
1785863350016 237484 225524 11960 0
1785863350042 237484 225524 11960 0
1785863350067 237484 225524 11960 0
1785863350093 237484 225524 11960 0
1785863350118 237484 225524 11960 0
1785863350144 237484 225524 11960 0
1785863350167 237484 225524 11960 0
1785863350188 237484 225524 11960 0
1785863350210 237484 225524 11960 0
1785863350232 237484 225524 11960 0
1785863350254 237484 225524 11960 0
1785863350276 237484 225524 11960 0
1785863350299 237484 225524 11960 0
1785863350320 237484 225524 11960 0
1785863350341 237484 225524 11960 0
1785863350365 237484 225524 11960 0
1785863350391 237484 225524 11960 0
1785863350417 237484 225524 11960 0
1785863350443 237484 225524 11960 0
1785863350467 237484 225524 11960 0
1785863350490 237484 225524 11960 0
1785863350512 237484 225524 11960 0
1785863350534 237484 225524 11960 0
1785863350556 237484 225524 11960 0
1785863350578 237484 225524 11960 0
1785863350600 237484 225524 11960 0
1785863350623 237484 225524 11960 0
1785863350645 237484 225524 11960 0
1785863350666 237484 225524 11960 0
1785863350692 237484 225524 11960 0
1785863350718 237484 225524 11960 0
1785863350743 237484 225524 11960 0
1785863350769 237484 225524 11960 0
1785863350795 237484 225524 11960 0
1785863350821 237484 225524 11960 0
1785863350845 237484 225524 11960 0
1785863350867 237484 225524 11960 0
1785863350889 237484 225524 11960 0
1785863350911 237484 225524 11960 0
1785863350933 237484 225524 11960 0
1785863350955 237484 225524 11960 0
1785863350976 237484 225524 11960 0
1785863351000 237484 225524 11960 0
1785863351023 237484 225524 11960 0
1785863351044 237484 225524 11960 0
1785863351070 237484 225524 11960 0
1785863351096 237484 225524 11960 0
1785863351123 237484 225524 11960 0
1785863351147 237484 225524 11960 0
1785863351169 237484 225524 11960 0
1785863351192 237484 225524 11960 0
1785863351213 237484 225524 11960 0
1785863351235 237484 225524 11960 0
1785863351256 237484 225524 11960 0
1785863351278 237484 225524 11960 0
1785863351300 237484 225524 11960 0
1785863351322 237484 225524 11960 0
1785863351344 237484 225524 11960 0
1785863351370 237484 225524 11960 0
1785863351394 237484 225524 11960 0
1785863351420 237484 225524 11960 0
1785863351446 237484 225524 11960 0
1785863351472 237484 225524 11960 0
1785863351497 237484 225524 11960 0
1785863351519 237484 225524 11960 0
1785863351541 237484 225524 11960 0
1785863351562 237484 225524 11960 0
1785863351584 237484 225524 11960 0
1785863351606 237484 225524 11960 0
1785863351629 237484 225524 11960 0
1785863351650 237484 225524 11960 0
1785863351671 237484 225524 11960 0
1785863351694 237484 225524 11960 0
1785863351715 237484 225524 11960 0
1785863351741 237484 225524 11960 0
1785863351767 237484 225524 11960 0
1785863351793 237484 225524 11960 0
1785863351819 237484 225524 11960 0
1785863351842 237484 225524 11960 0
1785863351864 237484 225524 11960 0
1785863351887 237484 225524 11960 0
1785863351908 237484 225524 11960 0
1785863351930 237484 225524 11960 0
1785863351953 237484 225524 11960 0
1785863351975 237484 225524 11960 0
1785863351997 237484 225524 11960 0
1785863352018 237484 225524 11960 0
1785863352044 237484 225524 11960 0
1785863352069 237484 225524 11960 0
1785863352095 237484 225524 11960 0
1785863352121 237484 225524 11960 0
1785863352147 237484 225524 11960 0
1785863352172 237484 225524 11960 0
1785863352194 237484 225524 11960 0
1785863352215 237484 225524 11960 0
1785863352240 237484 225524 11960 0
1785863352265 237484 225524 11960 0
1785863352292 237484 225524 11960 0
1785863352318 237484 225524 11960 0
1785863352342 237484 225524 11960 0
1785863352363 237484 225524 11960 0
1785863352385 237484 225524 11960 0
1785863352411 237484 225524 11960 0
1785863352436 237484 225524 11960 0
1785863352461 237484 225524 11960 0
1785863352486 237484 225524 11960 0
1785863352509 237484 225524 11960 0
1785863352533 237484 225524 11960 0
1785863352559 237484 225524 11960 0
1785863352584 237484 225524 11960 0
1785863352606 237484 225524 11960 0
1785863352628 237484 225524 11960 0
1785863352653 237484 225524 11960 0
1785863352677 237484 225524 11960 0
1785863352702 237484 225524 11960 0
1785863352726 237484 225524 11960 0
1785863352749 237484 225524 11960 0
1785863352771 237484 225524 11960 0
1785863352795 237484 225524 11960 0
1785863352819 237484 225524 11960 0
1785863352844 237484 225524 11960 0
1785863352869 237484 225524 11960 0
1785863352891 237484 225524 11960 0
1785863352913 237484 225524 11960 0
1785863352935 237484 225524 11960 0
1785863352956 237484 225524 11960 0
1785863352977 237484 225524 11960 0
1785863353000 237484 225524 11960 0
1785863353021 237484 225524 11960 0
1785863353044 237484 225524 11960 0
1785863353065 237484 225524 11960 0
1785863353087 237484 225524 11960 0
1785863353113 237484 225524 11960 0
1785863353138 237484 225524 11960 0
1785863353164 237484 225524 11960 0
1785863353189 237484 225524 11960 0
1785863353212 237484 225524 11960 0
1785863353234 237484 225524 11960 0
1785863353255 237484 225524 11960 0
1785863353277 237484 225524 11960 0
1785863353300 237484 225524 11960 0
1785863353322 237484 225524 11960 0
1785863353344 237484 225524 11960 0
1785863353366 237484 225524 11960 0
1785863353388 237484 225524 11960 0
1785863353414 237484 225524 11960 0
1785863353440 237484 225524 11960 0
1785863353465 237484 225524 11960 0
1785863353492 237484 225524 11960 0
1785863353516 237484 225524 11960 0
1785863353543 237484 225524 11960 0
1785863353567 237484 225524 11960 0
1785863353589 237484 225524 11960 0
1785863353610 237484 225524 11960 0
1785863353632 237484 225524 11960 0
1785863353654 237484 225524 11960 0
1785863353676 237484 225524 11960 0
1785863353698 237484 225524 11960 0
1785863353719 237484 225524 11960 0
1785863353741 237484 225524 11960 0
1785863353764 237484 225524 11960 0
1785863353785 237484 225524 11960 0
1785863353810 237484 225524 11960 0
1785863353835 237484 225524 11960 0
1785863353861 237484 225524 11960 0
1785863353886 237484 225524 11960 0
1785863353908 237484 225524 11960 0
1785863353932 237484 225524 11960 0
1785863353958 237484 225524 11960 0
1785863353984 237484 225524 11960 0
1785863354010 237484 225524 11960 0
1785863354033 237484 225524 11960 0
1785863354056 237484 225524 11960 0
1785863354078 237484 225524 11960 0
1785863354104 237484 225524 11960 0
1785863354129 237484 225524 11960 0
1785863354151 237484 225524 11960 0
1785863354172 237484 225524 11960 0
1785863354198 237484 225524 11960 0
1785863354222 237484 225524 11960 0
1785863354247 237484 225524 11960 0
1785863354272 237484 225524 11960 0
1785863354294 237484 225524 11960 0
1785863354316 237484 225524 11960 0
1785863354342 237484 225524 11960 0
1785863354366 237484 225524 11960 0
1785863354390 237484 225524 11960 0
1785863354415 237484 225524 11960 0
1785863354441 237484 225524 11960 0
1785863354465 237484 225524 11960 0
1785863354487 237484 225524 11960 0
1785863354509 237484 225524 11960 0
1785863354531 237484 225524 11960 0
1785863354554 237484 225524 11960 0
1785863354576 237484 225524 11960 0
1785863354598 237484 225524 11960 0
1785863354621 237484 225524 11960 0
1785863354644 237484 225524 11960 0
1785863354665 237484 225524 11960 0
1785863354690 237484 225524 11960 0
1785863354715 237484 225524 11960 0
1785863354737 237484 225524 11960 0
1785863354762 237484 225524 11960 0
1785863354785 237484 225524 11960 0
1785863354807 237484 225524 11960 0
1785863354828 237484 225524 11960 0
1785863354855 237484 225524 11960 0
1785863354880 237484 225524 11960 0
1785863354905 237484 225524 11960 0
1785863354930 237484 225524 11960 0
1785863354952 237484 225524 11960 0
1785863354975 237484 225524 11960 0
1785863355000 237484 225524 11960 0
1785863355023 237484 225524 11960 0
1785863355048 237484 225524 11960 0
1785863355073 237484 225524 11960 0
1785863355095 237484 225524 11960 0
1785863355116 237484 225524 11960 0
1785863355142 237484 225524 11960 0
1785863355168 237484 225524 11960 0
1785863355193 237484 225524 11960 0
1785863355218 237484 225524 11960 0
1785863355240 237484 225524 11960 0
1785863355263 237484 225524 11960 0
1785863355288 237484 225524 11960 0
1785863355312 237484 225524 11960 0
1785863355337 237484 225524 11960 0
1785863355363 237484 225524 11960 0
1785863355385 237484 225524 11960 0
1785863355407 237484 225524 11960 0
1785863355432 237484 225524 11960 0
1785863355457 237484 225524 11960 0
1785863355483 237484 225524 11960 0
1785863355508 237484 225524 11960 0
1785863355530 237484 225524 11960 0
1785863355552 237484 225524 11960 0
1785863355578 237484 225524 11960 0
1785863355603 237484 225524 11960 0
1785863355629 237484 225524 11960 0
1785863355653 237484 225524 11960 0
1785863355676 237484 225524 11960 0
1785863355697 237484 225524 11960 0
1785863355721 237484 225524 11960 0
1785863355746 237484 225524 11960 0
1785863355769 237484 225524 11960 0
1785863355795 237484 225524 11960 0
1785863355819 237484 225524 11960 0
1785863355844 237484 225524 11960 0
1785863355866 237484 225524 11960 0
1785863355891 237484 225524 11960 0
1785863355915 237484 225524 11960 0
1785863355940 237484 225524 11960 0
1785863355966 237484 225524 11960 0
1785863355988 237484 225524 11960 0
1785863356011 237484 225524 11960 0
1785863356036 237484 225524 11960 0
1785863356061 237484 225524 11960 0
1785863356087 237484 225524 11960 0
1785863356111 237484 225524 11960 0
1785863356134 237484 225524 11960 0
1785863356155 237484 225524 11960 0
1785863356179 237484 225524 11960 0
1785863356204 237484 225524 11960 0
1785863356226 237484 225524 11960 0
1785863356252 237484 225524 11960 0
1785863356275 237484 225524 11960 0
1785863356297 237484 225524 11960 0
1785863356320 237484 225524 11960 0
1785863356346 237484 225524 11960 0
1785863356372 237484 225524 11960 0
1785863356397 237484 225524 11960 0
1785863356421 237484 225524 11960 0
1785863356444 237484 225524 11960 0
1785863356466 237484 225524 11960 0
1785863356491 237484 225524 11960 0
1785863356515 237484 225524 11960 0
1785863356540 237484 225524 11960 0
1785863356565 237484 225524 11960 0
1785863356587 237484 225524 11960 0
1785863356609 237484 225524 11960 0
1785863356634 237484 225524 11960 0
1785863356659 237484 225524 11960 0
1785863356684 237484 225524 11960 0
1785863356708 237484 225524 11960 0
1785863356730 237484 225524 11960 0
1785863356753 237484 225524 11960 0
1785863356778 237484 225524 11960 0
1785863356802 237484 225524 11960 0
1785863356828 237484 225524 11960 0
1785863356850 237484 225524 11960 0
1785863356871 237484 225524 11960 0
1785863356896 237484 225524 11960 0
1785863356921 237484 225524 11960 0
1785863356945 237484 225524 11960 0
1785863356970 237484 225524 11960 0
1785863356992 237484 225524 11960 0
1785863357013 237484 225524 11960 0
1785863357037 237484 225524 11960 0
1785863357061 237484 225524 11960 0
1785863357086 237484 225524 11960 0
1785863357111 237484 225524 11960 0
1785863357134 237484 225524 11960 0
1785863357156 237484 225524 11960 0
1785863357178 237484 225524 11960 0
1785863357202 237484 225524 11960 0
1785863357224 237484 225524 11960 0
1785863357249 237484 225524 11960 0
1785863357274 237484 225524 11960 0
1785863357295 237484 225524 11960 0
1785863357319 237484 225524 11960 0
1785863357344 237484 225524 11960 0
1785863357369 237484 225524 11960 0
1785863357395 237484 225524 11960 0
1785863357418 237484 225524 11960 0
1785863357440 237484 225524 11960 0
1785863357463 237484 225524 11960 0
1785863357486 237484 225524 11960 0
1785863357511 237484 225524 11960 0
1785863357536 237484 225524 11960 0
1785863357562 237484 225524 11960 0
1785863357584 237484 225524 11960 0
1785863357605 237484 225524 11960 0
1785863357630 237484 225524 11960 0
1785863357655 237484 225524 11960 0
1785863357681 237484 225524 11960 0
1785863357704 237484 225524 11960 0
1785863357726 237484 225524 11960 0
1785863357751 237484 225524 11960 0
1785863357775 237484 225524 11960 0
1785863357801 237484 225524 11960 0
1785863357825 237484 225524 11960 0
1785863357847 237484 225524 11960 0
1785863357869 237484 225524 11960 0
1785863357893 237484 225524 11960 0
1785863357918 237484 225524 11960 0
1785863357942 237484 225524 11960 0
1785863357964 237484 225524 11960 0
1785863357988 237484 225524 11960 0
1785863358012 237484 225524 11960 0
1785863358038 237484 225524 11960 0
1785863358063 237484 225524 11960 0
1785863358089 237484 225524 11960 0
1785863358111 237484 225524 11960 0
1785863358133 237484 225524 11960 0
1785863358154 237484 225524 11960 0
1785863358176 237484 225524 11960 0
1785863358198 237484 225524 11960 0
1785863358219 237484 225524 11960 0
1785863358240 237484 225524 11960 0
1785863358265 237484 225524 11960 0
1785863358287 237484 225524 11960 0
1785863358309 237484 225524 11960 0
1785863358331 237484 225524 11960 0
1785863358356 237484 225524 11960 0
1785863358381 237484 225524 11960 0
1785863358403 237484 225524 11960 0
1785863358425 237484 225524 11960 0
1785863358446 237484 225524 11960 0
1785863358471 237484 225524 11960 0
1785863358496 237484 225524 11960 0
1785863358518 237484 225524 11960 0
1785863358539 237484 225524 11960 0
1785863358564 237484 225524 11960 0
1785863358589 237484 225524 11960 0
1785863358614 237484 225524 11960 0
1785863358639 237484 225524 11960 0
1785863358662 237484 225524 11960 0
1785863358683 237484 225524 11960 0
1785863358708 237484 225524 11960 0
1785863358733 237484 225524 11960 0
1785863358758 237484 225524 11960 0
1785863358783 237484 225524 11960 0
1785863358805 237484 225524 11960 0
1785863358827 237484 225524 11960 0
1785863358852 237484 225524 11960 0
1785863358877 237484 225524 11960 0
1785863358901 237484 225524 11960 0
1785863358927 237484 225524 11960 0
1785863358950 237484 225524 11960 0
1785863358973 237484 225524 11960 0
1785863358997 237484 225524 11960 0
1785863359022 237484 225524 11960 0
1785863359047 237484 225524 11960 0
1785863359073 237484 225524 11960 0
1785863359095 237484 225524 11960 0
1785863359117 237484 225524 11960 0
1785863359142 237484 225524 11960 0
1785863359167 237484 225524 11960 0
1785863359191 237484 225524 11960 0
1785863359217 237484 225524 11960 0
1785863359238 237484 225524 11960 0
1785863359259 237484 225524 11960 0
1785863359284 237484 225524 11960 0
1785863359309 237484 225524 11960 0
1785863359334 237484 225524 11960 0
1785863359359 237484 225524 11960 0
1785863359382 237484 225524 11960 0
1785863359404 237484 225524 11960 0
1785863359428 237484 225524 11960 0
1785863359453 237484 225524 11960 0
1785863359477 237484 225524 11960 0
1785863359503 237484 225524 11960 0
1785863359527 237484 225524 11960 0
1785863359548 237484 225524 11960 0
1785863359570 237484 225524 11960 0
1785863359594 237484 225524 11960 0
1785863359620 237484 225524 11960 0
1785863359645 237484 225524 11960 0
1785863359666 237484 225524 11960 0
1785863359690 237484 225524 11960 0
1785863359715 237484 225524 11960 0
1785863359740 237484 225524 11960 0
1785863359766 237484 225524 11960 0
1785863359789 237484 225524 11960 0
1785863359813 237484 225524 11960 0
1785863359835 237484 225524 11960 0
1785863359860 237484 225524 11960 0
1785863359885 237484 225524 11960 0
1785863359910 237484 225524 11960 0
1785863359935 237484 225524 11960 0
1785863359958 237484 225524 11960 0
1785863359980 237484 225524 11960 0
1785863360005 237484 225524 11960 0
1785863360030 237484 225524 11960 0
1785863360054 237484 225524 11960 0
1785863360079 237484 225524 11960 0
1785863360103 237484 225524 11960 0
1785863360125 237484 225524 11960 0
1785863360149 237484 225524 11960 0
1785863360174 237484 225524 11960 0
1785863360199 237484 225524 11960 0
1785863360224 237484 225524 11960 0
1785863360246 237484 225524 11960 0
1785863360268 237484 225524 11960 0
1785863360293 237484 225524 11960 0
1785863360318 237484 225524 11960 0
1785863360341 237484 225524 11960 0
1785863360364 237484 225524 11960 0
1785863360387 237484 225524 11960 0
1785863360412 237484 225524 11960 0
1785863360437 237484 225524 11960 0
1785863360462 237484 225524 11960 0
1785863360487 237484 225524 11960 0
1785863360510 237484 225524 11960 0
1785863360531 237484 225524 11960 0
1785863360555 237484 225524 11960 0
1785863360581 237484 225524 11960 0
1785863360606 237484 225524 11960 0
1785863360631 237484 225524 11960 0
1785863360653 237484 225524 11960 0
1785863360675 237484 225524 11960 0
1785863360699 237484 225524 11960 0
1785863360724 237484 225524 11960 0
1785863360749 237484 225524 11960 0
1785863360775 237484 225524 11960 0
1785863360797 237484 225524 11960 0
1785863360818 237484 225524 11960 0
1785863360842 237484 225524 11960 0
1785863360868 237484 225524 11960 0
1785863360893 237484 225524 11960 0
1785863360919 237484 225524 11960 0
1785863360941 237484 225524 11960 0
1785863360962 237484 225524 11960 0
1785863360987 237484 225524 11960 0
1785863361012 237484 225524 11960 0
1785863361038 237484 225524 11960 0
1785863361062 237484 225524 11960 0
1785863361084 237484 225524 11960 0
1785863361106 237484 225524 11960 0
1785863361130 237484 225524 11960 0
1785863361156 237484 225524 11960 0
1785863361181 237484 225524 11960 0
1785863361207 237484 225524 11960 0
1785863361229 237484 225524 11960 0
1785863361251 237484 225524 11960 0
1785863361275 237484 225524 11960 0
1785863361300 237484 225524 11960 0
1785863361325 237484 225524 11960 0
1785863361351 237484 225524 11960 0
1785863361374 237484 225524 11960 0
1785863361395 237484 225524 11960 0
1785863361419 237484 225524 11960 0
1785863361444 237484 225524 11960 0
1785863361468 237484 225524 11960 0
1785863361493 237484 225524 11960 0
1785863361515 237484 225524 11960 0
1785863361538 237484 225524 11960 0
1785863361561 237484 225524 11960 0
1785863361586 237484 225524 11960 0
1785863361611 237484 225524 11960 0
1785863361633 237484 225524 11960 0
1785863361656 237484 225524 11960 0
1785863361679 237484 225524 11960 0
1785863361702 237484 225524 11960 0
1785863361724 237484 225524 11960 0
1785863361746 237484 225524 11960 0
1785863361768 237484 225524 11960 0
1785863361790 237484 225524 11960 0
1785863361811 237484 225524 11960 0
1785863361833 237484 225524 11960 0
1785863361856 237484 225524 11960 0
1785863361881 237484 225524 11960 0
1785863361906 237484 225524 11960 0
1785863361928 237484 225524 11960 0
1785863361949 237484 225524 11960 0
1785863361972 237484 225524 11960 0
1785863361997 237484 225524 11960 0
1785863362022 237484 225524 11960 0
1785863362045 237484 225524 11960 0
1785863362067 237484 225524 11960 0
1785863362090 237484 225524 11960 0
1785863362115 237484 225524 11960 0
1785863362140 237484 225524 11960 0
1785863362164 237484 225524 11960 0
1785863362187 237484 225524 11960 0
1785863362211 237484 225524 11960 0
1785863362236 237484 225524 11960 0
1785863362261 237484 225524 11960 0
1785863362283 237484 225524 11960 0
1785863362306 237484 225524 11960 0
1785863362328 237484 225524 11960 0
1785863362354 237484 225524 11960 0
1785863362379 237484 225524 11960 0
1785863362404 237484 225524 11960 0
1785863362429 237484 225524 11960 0
1785863362451 237484 225524 11960 0
1785863362473 237484 225524 11960 0
1785863362497 237484 225524 11960 0
1785863362523 237484 225524 11960 0
1785863362548 237484 225524 11960 0
1785863362573 237484 225524 11960 0
1785863362595 237484 225524 11960 0
1785863362619 237484 225524 11960 0
1785863362643 237484 225524 11960 0
1785863362668 237484 225524 11960 0
1785863362693 237484 225524 11960 0
1785863362718 237484 225524 11960 0
1785863362741 237484 225524 11960 0
1785863362762 237484 225524 11960 0
1785863362784 237484 225524 11960 0
1785863362809 237484 225524 11960 0
1785863362834 237484 225524 11960 0
1785863362856 237484 225524 11960 0
1785863362878 237484 225524 11960 0
1785863362902 237484 225524 11960 0
1785863362927 237484 225524 11960 0
1785863362953 237484 225524 11960 0
1785863362978 237484 225524 11960 0
1785863363001 237484 225524 11960 0
1785863363022 237484 225524 11960 0
1785863363046 237484 225524 11960 0
1785863363070 237484 225524 11960 0
1785863363095 237484 225524 11960 0
1785863363117 237484 225524 11960 0
1785863363139 237484 225524 11960 0
1785863363164 237484 225524 11960 0
1785863363189 237484 225524 11960 0
1785863363214 237484 225524 11960 0
1785863363239 237484 225524 11960 0
1785863363261 237484 225524 11960 0
1785863363283 237484 225524 11960 0
1785863363307 237484 225524 11960 0
1785863363332 237484 225524 11960 0
1785863363356 237484 225524 11960 0
1785863363378 237484 225524 11960 0
1785863363400 237484 225524 11960 0
1785863363421 237484 225524 11960 0
1785863363446 237484 225524 11960 0
1785863363471 237484 225524 11960 0
1785863363496 237484 225524 11960 0
1785863363521 237484 225524 11960 0
1785863363543 237484 225524 11960 0
1785863363565 237484 225524 11960 0
1785863363587 237484 225524 11960 0
1785863363612 237484 225524 11960 0
1785863363637 237484 225524 11960 0
1785863363662 237484 225524 11960 0
1785863363686 237484 225524 11960 0
1785863363711 237484 225524 11960 0
1785863363732 237484 225524 11960 0
1785863363757 237484 225524 11960 0
1785863363782 237484 225524 11960 0
1785863363805 237484 225524 11960 0
1785863363827 237484 225524 11960 0
1785863363850 237484 225524 11960 0
1785863363874 237484 225524 11960 0
1785863363900 237484 225524 11960 0
1785863363922 237484 225524 11960 0
1785863363944 237484 225524 11960 0
1785863363965 237484 225524 11960 0
1785863363990 237484 225524 11960 0
1785863364015 237484 225524 11960 0
1785863364040 237484 225524 11960 0
1785863364064 237484 225524 11960 0
1785863364086 237484 225524 11960 0
1785863364108 237484 225524 11960 0
1785863364130 237484 225524 11960 0
1785863364155 237484 225524 11960 0
1785863364179 237484 225524 11960 0
1785863364201 237484 225524 11960 0
1785863364223 237484 225524 11960 0
1785863364245 237484 225524 11960 0
1785863364270 237484 225524 11960 0
1785863364296 237484 225524 11960 0
1785863364321 237484 225524 11960 0
1785863364346 237484 225524 11960 0
1785863364369 237484 225524 11960 0
1785863364390 237484 225524 11960 0
1785863364415 237484 225524 11960 0
1785863364440 237484 225524 11960 0
1785863364465 237484 225524 11960 0
1785863364491 237484 225524 11960 0
1785863364513 237484 225524 11960 0
1785863364535 237484 225524 11960 0
1785863364557 237484 225524 11960 0
1785863364581 237484 225524 11960 0
1785863364607 237484 225524 11960 0
1785863364630 237484 225524 11960 0
1785863364652 237484 225524 11960 0
1785863364674 237484 225524 11960 0
1785863364699 237484 225524 11960 0
1785863364723 237484 225524 11960 0
1785863364746 237484 225524 11960 0
1785863364769 237484 225524 11960 0
1785863364791 237484 225524 11960 0
1785863364816 237484 225524 11960 0
1785863364841 237484 225524 11960 0
1785863364864 237484 225524 11960 0
1785863364885 237484 225524 11960 0
1785863364909 237484 225524 11960 0
1785863364934 237484 225524 11960 0
1785863364959 237484 225524 11960 0
1785863364984 237484 225524 11960 0
1785863365009 237484 225524 11960 0
1785863365031 237484 225524 11960 0
1785863365053 237484 225524 11960 0
1785863365077 237484 225524 11960 0
1785863365103 237484 225524 11960 0
1785863365128 237484 225524 11960 0
1785863365150 237484 225524 11960 0
1785863365173 237484 225524 11960 0
1785863365198 237484 225524 11960 0
1785863365223 237484 225524 11960 0
1785863365248 237484 225524 11960 0
1785863365273 237484 225524 11960 0
1785863365297 237484 225524 11960 0
1785863365319 237484 225524 11960 0
1785863365341 237484 225524 11960 0
1785863365367 237484 225524 11960 0
1785863365391 237484 225524 11960 0
1785863365413 237484 225524 11960 0
1785863365435 237484 225524 11960 0
1785863365457 237484 225524 11960 0
1785863365479 237484 225524 11960 0
1785863365501 237484 225524 11960 0
1785863365522 237484 225524 11960 0
1785863365545 237484 225524 11960 0
1785863365567 237484 225524 11960 0
1785863365589 237484 225524 11960 0
1785863365611 237484 225524 11960 0
1785863365635 237484 225524 11960 0
1785863365659 237484 225524 11960 0
1785863365684 237484 225524 11960 0
1785863365708 237484 225524 11960 0
1785863365730 237484 225524 11960 0
1785863365752 237484 225524 11960 0
1785863365777 237484 225524 11960 0
1785863365802 237484 225524 11960 0
1785863365827 237484 225524 11960 0
1785863365852 237484 225524 11960 0
1785863365874 237484 225524 11960 0
1785863365896 237484 225524 11960 0
1785863365917 237484 225524 11960 0
1785863365943 237484 225524 11960 0
1785863365968 237484 225524 11960 0
1785863365993 237484 225524 11960 0
1785863366018 237484 225524 11960 0
1785863366040 237484 225524 11960 0
1785863366063 237484 225524 11960 0
1785863366085 237484 225524 11960 0
1785863366111 237484 225524 11960 0
1785863366136 237484 225524 11960 0
1785863366160 237484 225524 11960 0
1785863366186 237484 225524 11960 0
1785863366207 237484 225524 11960 0
1785863366229 237484 225524 11960 0
1785863366254 237484 225524 11960 0
1785863366280 237484 225524 11960 0
1785863366304 237484 225524 11960 0
1785863366330 237484 225524 11960 0
1785863366352 237484 225524 11960 0
1785863366375 237484 225524 11960 0
1785863366397 237484 225524 11960 0
1785863366422 237484 225524 11960 0
1785863366447 237484 225524 11960 0
1785863366472 237484 225524 11960 0
1785863366497 237484 225524 11960 0
1785863366519 237484 225524 11960 0
1785863366540 237484 225524 11960 0
1785863366563 237484 225524 11960 0
1785863366589 237484 225524 11960 0
1785863366614 237484 225524 11960 0
1785863366637 237484 225524 11960 0
1785863366659 237484 225524 11960 0
1785863366683 237484 225524 11960 0
1785863366708 237484 225524 11960 0
1785863366734 237484 225524 11960 0
1785863366756 237484 225524 11960 0
1785863366778 237484 225524 11960 0
1785863366802 237484 225524 11960 0
1785863366827 237484 225524 11960 0
1785863366850 237484 225524 11960 0
1785863366876 237484 225524 11960 0
1785863366898 237484 225524 11960 0
1785863366920 237484 225524 11960 0
1785863366942 237484 225524 11960 0
1785863366967 237484 225524 11960 0
1785863366991 237484 225524 11960 0
1785863367017 237484 225524 11960 0
1785863367042 237484 225524 11960 0
1785863367064 237484 225524 11960 0
1785863367087 237484 225524 11960 0
1785863367112 237484 225524 11960 0
1785863367136 237484 225524 11960 0
1785863367160 237484 225524 11960 0
1785863367186 237484 225524 11960 0
1785863367208 237484 225524 11960 0
1785863367231 237484 225524 11960 0
1785863367255 237484 225524 11960 0
1785863367280 237484 225524 11960 0
1785863367304 237484 225524 11960 0
1785863367330 237484 225524 11960 0
1785863367354 237484 225524 11960 0
1785863367376 237484 225524 11960 0
1785863367398 237484 225524 11960 0
1785863367423 237484 225524 11960 0
1785863367448 237484 225524 11960 0
1785863367472 237484 225524 11960 0
1785863367498 237484 225524 11960 0
1785863367522 237484 225524 11960 0
1785863367544 237484 225524 11960 0
1785863367567 237484 225524 11960 0
1785863367592 237484 225524 11960 0
1785863367617 237484 225524 11960 0
1785863367642 237484 225524 11960 0
1785863367668 237484 225524 11960 0
1785863367690 237484 225524 11960 0
1785863367712 237484 225524 11960 0
1785863367735 237484 225524 11960 0
1785863367757 237484 225524 11960 0
1785863367779 237484 225524 11960 0
1785863367801 237484 225524 11960 0
1785863367822 237484 225524 11960 0
1785863367844 237484 225524 11960 0
1785863367865 237484 225524 11960 0
1785863367887 237484 225524 11960 0
1785863367911 237484 225524 11960 0
1785863367936 237484 225524 11960 0
1785863367961 237484 225524 11960 0
1785863367986 237484 225524 11960 0
1785863368011 237484 225524 11960 0
1785863368034 237484 225524 11960 0
1785863368056 237484 225524 11960 0
1785863368081 237484 225524 11960 0
1785863368106 237484 225524 11960 0
1785863368130 237484 225524 11960 0
1785863368155 237484 225524 11960 0
1785863368179 237484 225524 11960 0
1785863368205 237484 225524 11960 0
1785863368230 237484 225524 11960 0
1785863368252 237484 225524 11960 0
1785863368275 237484 225524 11960 0
1785863368300 237484 225524 11960 0
1785863368324 237484 225524 11960 0
1785863368349 237484 225524 11960 0
1785863368375 237484 225524 11960 0
1785863368397 237484 225524 11960 0
1785863368419 237484 225524 11960 0
1785863368440 237484 225524 11960 0
1785863368466 237484 225524 11960 0
1785863368490 237484 225524 11960 0
1785863368514 237484 225524 11960 0
1785863368539 237484 225524 11960 0
1785863368561 237484 225524 11960 0
1785863368582 237484 225524 11960 0
1785863368605 237484 225524 11960 0
1785863368630 237484 225524 11960 0
1785863368655 237484 225524 11960 0
1785863368677 237484 225524 11960 0
1785863368703 237484 225524 11960 0
1785863368725 237484 225524 11960 0
1785863368747 237484 225524 11960 0
1785863368769 237484 225524 11960 0
1785863368791 237484 225524 11960 0
1785863368813 237484 225524 11960 0
1785863368834 237484 225524 11960 0
1785863368857 237484 225524 11960 0
1785863368878 237484 225524 11960 0
1785863368899 237484 225524 11960 0
1785863368921 237484 225524 11960 0
1785863368945 237484 225524 11960 0
1785863368970 237484 225524 11960 0
1785863368995 237484 225524 11960 0
1785863369019 237484 225524 11960 0
1785863369044 237484 225524 11960 0
1785863369066 237484 225524 11960 0
1785863369088 237484 225524 11960 0
1785863369112 237484 225524 11960 0
1785863369137 237484 225524 11960 0
1785863369162 237484 225524 11960 0
1785863369187 237484 225524 11960 0
1785863369212 237484 225524 11960 0
1785863369235 237484 225524 11960 0
1785863369257 237484 225524 11960 0
1785863369282 237484 225524 11960 0
1785863369307 237484 225524 11960 0
1785863369329 237484 225524 11960 0
1785863369355 237484 225524 11960 0
1785863369380 237484 225524 11960 0
1785863369402 237484 225524 11960 0
1785863369426 237484 225524 11960 0
1785863369451 237484 225524 11960 0
1785863369475 237484 225524 11960 0
1785863369499 237484 225524 11960 0
1785863369525 237484 225524 11960 0
1785863369546 237484 225524 11960 0
1785863369567 237484 225524 11960 0
1785863369589 237484 225524 11960 0
1785863369614 237484 225524 11960 0
1785863369639 237484 225524 11960 0
1785863369664 237484 225524 11960 0
1785863369689 237484 225524 11960 0
1785863369710 237484 225524 11960 0
1785863369732 237484 225524 11960 0
1785863369755 237484 225524 11960 0
1785863369777 237484 225524 11960 0
1785863369799 237484 225524 11960 0
1785863369820 237484 225524 11960 0
1785863369842 237484 225524 11960 0
1785863369864 237484 225524 11960 0
1785863369886 237484 225524 11960 0
1785863369907 237484 225524 11960 0
1785863369928 237484 225524 11960 0
1785863369954 237484 225524 11960 0
1785863369978 237484 225524 11960 0
1785863370000 237484 225524 11960 0
1785863370025 237484 225524 11960 0
1785863370048 237484 225524 11960 0
1785863370070 237484 225524 11960 0
1785863370091 237484 225524 11960 0
1785863370116 237484 225524 11960 0
1785863370141 237484 225524 11960 0
1785863370165 237484 225524 11960 0
1785863370191 237484 225524 11960 0
1785863370215 237484 225524 11960 0
1785863370241 237484 225524 11960 0
1785863370266 237484 225524 11960 0
1785863370290 237484 225524 11960 0
1785863370312 237484 225524 11960 0
1785863370338 237484 225524 11960 0
1785863370362 237484 225524 11960 0
1785863370387 237484 225524 11960 0
1785863370412 237484 225524 11960 0
1785863370437 237484 225524 11960 0
1785863370459 237484 225524 11960 0
1785863370481 237484 225524 11960 0
1785863370506 237484 225524 11960 0
1785863370531 237484 225524 11960 0
1785863370555 237484 225524 11960 0
1785863370580 237484 225524 11960 0
1785863370602 237484 225524 11960 0
1785863370624 237484 225524 11960 0
1785863370646 237484 225524 11960 0
1785863370671 237484 225524 11960 0
1785863370696 237484 225524 11960 0
1785863370720 237484 225524 11960 0
1785863370745 237484 225524 11960 0
1785863370767 237484 225524 11960 0
1785863370789 237484 225524 11960 0
1785863370811 237484 225524 11960 0
1785863370834 237484 225524 11960 0
1785863370856 237484 225524 11960 0
1785863370878 237484 225524 11960 0
1785863370899 237484 225524 11960 0
1785863370921 237484 225524 11960 0
1785863370942 237484 225524 11960 0
1785863370964 237484 225524 11960 0
1785863370986 237484 225524 11960 0
1785863371011 237484 225524 11960 0
1785863371036 237484 225524 11960 0
1785863371058 237484 225524 11960 0
1785863371083 237484 225524 11960 0
1785863371105 237484 225524 11960 0
1785863371127 237484 225524 11960 0
1785863371148 237484 225524 11960 0
1785863371173 237484 225524 11960 0
1785863371198 237484 225524 11960 0
1785863371221 237484 225524 11960 0
1785863371247 237484 225524 11960 0
1785863371270 237484 225524 11960 0
1785863371291 237484 225524 11960 0
1785863371313 237484 225524 11960 0
1785863371338 237484 225524 11960 0
1785863371363 237484 225524 11960 0
1785863371386 237484 225524 11960 0
1785863371412 237484 225524 11960 0
1785863371435 237484 225524 11960 0
1785863371456 237484 225524 11960 0
1785863371478 237484 225524 11960 0
1785863371502 237484 225524 11960 0
1785863371527 237484 225524 11960 0
1785863371551 237484 225524 11960 0
1785863371576 237484 225524 11960 0
1785863371600 237484 225524 11960 0
1785863371622 237484 225524 11960 0
1785863371644 237484 225524 11960 0
1785863371669 237484 225524 11960 0
1785863371694 237484 225524 11960 0
1785863371717 237484 225524 11960 0
1785863371743 237484 225524 11960 0
1785863371768 237484 225524 11960 0
1785863371790 237484 225524 11960 0
1785863371812 237484 225524 11960 0
1785863371834 237484 225524 11960 0
1785863371856 237484 225524 11960 0
1785863371879 237484 225524 11960 0
1785863371901 237484 225524 11960 0
1785863371923 237484 225524 11960 0
1785863371945 237484 225524 11960 0
1785863371967 237484 225524 11960 0
1785863371989 237484 225524 11960 0
1785863372014 237484 225524 11960 0
1785863372039 237484 225524 11960 0
1785863372064 237484 225524 11960 0
1785863372089 237484 225524 11960 0
1785863372114 237484 225524 11960 0
1785863372136 237484 225524 11960 0
1785863372158 237484 225524 11960 0
1785863372183 237484 225524 11960 0
1785863372207 237484 225524 11960 0
1785863372229 237484 225524 11960 0
1785863372255 237484 225524 11960 0
1785863372279 237484 225524 11960 0
1785863372305 237484 225524 11960 0
1785863372329 237484 225524 11960 0
1785863372352 237484 225524 11960 0
1785863372376 237484 225524 11960 0
1785863372401 237484 225524 11960 0
1785863372426 237484 225524 11960 0
1785863372450 237484 225524 11960 0
1785863372476 237484 225524 11960 0
1785863372500 237484 225524 11960 0
1785863372522 237484 225524 11960 0
1785863372544 237484 225524 11960 0
1785863372569 237484 225524 11960 0
1785863372594 237484 225524 11960 0
1785863372618 237484 225524 11960 0
1785863372643 237484 225524 11960 0
1785863372665 237484 225524 11960 0
1785863372686 237484 225524 11960 0
1785863372708 237484 225524 11960 0
1785863372734 237484 225524 11960 0
1785863372758 237484 225524 11960 0
1785863372783 237484 225524 11960 0
1785863372808 237484 225524 11960 0
1785863372831 237484 225524 11960 0
1785863372854 237484 225524 11960 0
1785863372875 237484 225524 11960 0
1785863372896 237484 225524 11960 0
1785863372918 237484 225524 11960 0
1785863372940 237484 225524 11960 0
1785863372962 237484 225524 11960 0
1785863372984 237484 225524 11960 0
1785863373005 237484 225524 11960 0
1785863373027 237484 225524 11960 0
1785863373049 237484 225524 11960 0
1785863373074 237484 225524 11960 0
1785863373099 237484 225524 11960 0
1785863373122 237484 225524 11960 0
1785863373147 237484 225524 11960 0
1785863373170 237484 225524 11960 0
1785863373191 237484 225524 11960 0
1785863373212 237484 225524 11960 0
1785863373238 237484 225524 11960 0
1785863373262 237484 225524 11960 0
1785863373285 237484 225524 11960 0
1785863373310 237484 225524 11960 0
1785863373335 237484 225524 11960 0
1785863373358 237484 225524 11960 0
1785863373381 237484 225524 11960 0
1785863373406 237484 225524 11960 0
1785863373430 237484 225524 11960 0
1785863373455 237484 225524 11960 0
1785863373480 237484 225524 11960 0
1785863373502 237484 225524 11960 0
1785863373523 237484 225524 11960 0
1785863373545 237484 225524 11960 0
1785863373570 237484 225524 11960 0
1785863373595 237484 225524 11960 0
1785863373620 237484 225524 11960 0
1785863373644 237484 225524 11960 0
1785863373666 237484 225524 11960 0
1785863373687 237484 225524 11960 0
1785863373709 237484 225524 11960 0
1785863373734 237484 225524 11960 0
1785863373758 237484 225524 11960 0
1785863373780 237484 225524 11960 0
1785863373806 237484 225524 11960 0
1785863373828 237484 225524 11960 0
1785863373850 237484 225524 11960 0
1785863373871 237484 225524 11960 0
1785863373896 237484 225524 11960 0
1785863373921 237484 225524 11960 0
1785863373944 237484 225524 11960 0
1785863373970 237484 225524 11960 0
1785863373995 237484 225524 11960 0
1785863374017 237484 225524 11960 0
1785863374039 237484 225524 11960 0
1785863374061 237484 225524 11960 0
1785863374083 237484 225524 11960 0
1785863374106 237484 225524 11960 0
1785863374129 237484 225524 11960 0
1785863374151 237484 225524 11960 0
1785863374172 237484 225524 11960 0
1785863374195 237484 225524 11960 0
1785863374216 237484 225524 11960 0
1785863374239 237484 225524 11960 0
1785863374265 237484 225524 11960 0
1785863374289 237484 225524 11960 0
1785863374315 237484 225524 11960 0
1785863374339 237484 225524 11960 0
1785863374363 237484 225524 11960 0
1785863374388 237484 225524 11960 0
1785863374411 237484 225524 11960 0
1785863374432 237484 225524 11960 0
1785863374453 237484 225524 11960 0
1785863374477 237484 225524 11960 0
1785863374502 237484 225524 11960 0
1785863374524 237484 225524 11960 0
1785863374550 237484 225524 11960 0
1785863374575 237484 225524 11960 0
1785863374597 237484 225524 11960 0
1785863374620 237484 225524 11960 0
1785863374645 237484 225524 11960 0
1785863374669 237484 225524 11960 0
1785863374691 237484 225524 11960 0
1785863374717 237484 225524 11960 0
1785863374739 237484 225524 11960 0
1785863374760 237484 225524 11960 0
1785863374783 237484 225524 11960 0
1785863374808 237484 225524 11960 0
1785863374832 237484 225524 11960 0
1785863374856 237484 225524 11960 0
1785863374881 237484 225524 11960 0
1785863374904 237484 225524 11960 0
1785863374925 237484 225524 11960 0
1785863374946 237484 225524 11960 0
1785863374971 237484 225524 11960 0
1785863374996 237484 225524 11960 0
1785863375018 237484 225524 11960 0
1785863375043 237484 225524 11960 0
1785863375070 237484 225524 11960 0
1785863375092 237484 225524 11960 0
1785863375114 237484 225524 11960 0
1785863375136 237484 225524 11960 0
1785863375158 237484 225524 11960 0
1785863375180 237484 225524 11960 0
1785863375202 237484 225524 11960 0
1785863375224 237484 225524 11960 0
1785863375246 237484 225524 11960 0
1785863375268 237484 225524 11960 0
1785863375290 237484 225524 11960 0
1785863375313 237484 225524 11960 0
1785863375338 237484 225524 11960 0
1785863375363 237484 225524 11960 0
1785863375388 237484 225524 11960 0
1785863375413 237484 225524 11960 0
1785863375435 237484 225524 11960 0
1785863375456 237484 225524 11960 0
1785863375482 237484 225524 11960 0
1785863375507 237484 225524 11960 0
1785863375531 237484 225524 11960 0
1785863375556 237484 225524 11960 0
1785863375581 237484 225524 11960 0
1785863375603 237484 225524 11960 0
1785863375624 237484 225524 11960 0
1785863375650 237484 225524 11960 0
1785863375674 237484 225524 11960 0
1785863375699 237484 225524 11960 0
1785863375724 237484 225524 11960 0
1785863375746 237484 225524 11960 0
1785863375767 237484 225524 11960 0
1785863375789 237484 225524 11960 0
1785863375814 237484 225524 11960 0
1785863375838 237484 225524 11960 0
1785863375862 237484 225524 11960 0
1785863375887 237484 225524 11960 0
1785863375909 237484 225524 11960 0
1785863375931 237484 225524 11960 0
1785863375953 237484 225524 11960 0
1785863375978 237484 225524 11960 0
1785863376003 237484 225524 11960 0
1785863376025 237484 225524 11960 0
1785863376051 237484 225524 11960 0
1785863376073 237484 225524 11960 0
1785863376096 237484 225524 11960 0
1785863376117 237484 225524 11960 0
1785863376142 237484 225524 11960 0
1785863376167 237484 225524 11960 0
1785863376190 237484 225524 11960 0
1785863376215 237484 225524 11960 0
1785863376240 237484 225524 11960 0
1785863376265 237484 225524 11960 0
1785863376289 237484 225524 11960 0
1785863376311 237484 225524 11960 0
1785863376333 237484 225524 11960 0
1785863376355 237484 225524 11960 0
1785863376376 237484 225524 11960 0
1785863376398 237484 225524 11960 0
1785863376421 237484 225524 11960 0
1785863376443 237484 225524 11960 0
1785863376465 237484 225524 11960 0
1785863376488 237484 225524 11960 0
1785863376510 237484 225524 11960 0
1785863376531 237484 225524 11960 0
1785863376557 237484 225524 11960 0
1785863376582 237484 225524 11960 0
1785863376603 237484 225524 11960 0
1785863376628 237484 225524 11960 0
1785863376651 237484 225524 11960 0
1785863376673 237484 225524 11960 0
1785863376694 237484 225524 11960 0
1785863376719 237484 225524 11960 0
1785863376744 237484 225524 11960 0
1785863376768 237484 225524 11960 0
1785863376793 237484 225524 11960 0
1785863376818 237484 225524 11960 0
1785863376840 237484 225524 11960 0
1785863376862 237484 225524 11960 0
1785863376887 237484 225524 11960 0
1785863376911 237484 225524 11960 0
1785863376933 237484 225524 11960 0
1785863376959 237484 225524 11960 0
1785863376981 237484 225524 11960 0
1785863377003 237484 225524 11960 0
1785863377025 237484 225524 11960 0
1785863377051 237484 225524 11960 0
1785863377075 237484 225524 11960 0
1785863377100 237484 225524 11960 0
1785863377125 237484 225524 11960 0
1785863377147 237484 225524 11960 0
1785863377168 237484 225524 11960 0
1785863377193 237484 225524 11960 0
1785863377218 237484 225524 11960 0
1785863377239 237484 225524 11960 0
1785863377264 237484 225524 11960 0
1785863377288 237484 225524 11960 0
1785863377310 237484 225524 11960 0
1785863377332 237484 225524 11960 0
1785863377357 237484 225524 11960 0
1785863377382 237484 225524 11960 0
1785863377406 237484 225524 11960 0
1785863377431 237484 225524 11960 0
1785863377453 237484 225524 11960 0
1785863377475 237484 225524 11960 0
1785863377498 237484 225524 11960 0
1785863377520 237484 225524 11960 0
1785863377541 237484 225524 11960 0
1785863377564 237484 225524 11960 0
1785863377586 237484 225524 11960 0
1785863377608 237484 225524 11960 0
1785863377632 237484 225524 11960 0
1785863377654 237484 225524 11960 0
1785863377676 237484 225524 11960 0
1785863377699 237484 225524 11960 0
1785863377724 237484 225524 11960 0
1785863377747 237484 225524 11960 0
1785863377772 237484 225524 11960 0
1785863377797 237484 225524 11960 0
1785863377819 237484 225524 11960 0
1785863377841 237484 225524 11960 0
1785863377864 237484 225524 11960 0
1785863377889 237484 225524 11960 0
1785863377912 237484 225524 11960 0
1785863377937 237484 225524 11960 0
1785863377962 237484 225524 11960 0
1785863377985 237484 225524 11960 0
1785863378006 237484 225524 11960 0
1785863378029 237484 225524 11960 0
1785863378055 237484 225524 11960 0
1785863378079 237484 225524 11960 0
1785863378104 237484 225524 11960 0
1785863378131 237484 225524 11960 0
1785863378153 237484 225524 11960 0
1785863378175 237484 225524 11960 0
1785863378199 237484 225524 11960 0
1785863378225 237484 225524 11960 0
1785863378247 237484 225524 11960 0
1785863378272 237484 225524 11960 0
1785863378297 237484 225524 11960 0
1785863378320 237484 225524 11960 0
1785863378342 237484 225524 11960 0
1785863378367 237484 225524 11960 0
1785863378392 237484 225524 11960 0
1785863378415 237484 225524 11960 0
1785863378441 237484 225524 11960 0
1785863378465 237484 225524 11960 0
1785863378491 237484 225524 11960 0
1785863378516 237484 225524 11960 0
1785863378538 237484 225524 11960 0
1785863378560 237484 225524 11960 0
1785863378582 237484 225524 11960 0
1785863378604 237484 225524 11960 0
1785863378625 237484 225524 11960 0
1785863378647 237484 225524 11960 0
1785863378670 237484 225524 11960 0
1785863378692 237484 225524 11960 0
1785863378715 237484 225524 11960 0
1785863378737 237484 225524 11960 0
1785863378759 237484 225524 11960 0
1785863378782 237484 225524 11960 0
1785863378807 237484 225524 11960 0
1785863378831 237484 225524 11960 0
1785863378857 237484 225524 11960 0
1785863378881 237484 225524 11960 0
1785863378904 237484 225524 11960 0
1785863378926 237484 225524 11960 0
1785863378951 237484 225524 11960 0
1785863378976 237484 225524 11960 0
1785863379000 237484 225524 11960 0
1785863379025 237484 225524 11960 0
1785863379050 237484 225524 11960 0
1785863379073 237484 225524 11960 0
1785863379095 237484 225524 11960 0
1785863379120 237484 225524 11960 0
1785863379145 237484 225524 11960 0
1785863379167 237484 225524 11960 0
1785863379192 237484 225524 11960 0
1785863379215 237484 225524 11960 0
1785863379237 237484 225524 11960 0
1785863379259 237484 225524 11960 0
1785863379285 237484 225524 11960 0
1785863379310 237484 225524 11960 0
1785863379332 237484 225524 11960 0
1785863379358 237484 225524 11960 0
1785863379379 237484 225524 11960 0
1785863379401 237484 225524 11960 0
1785863379423 237484 225524 11960 0
1785863379448 237484 225524 11960 0
1785863379472 237484 225524 11960 0
1785863379496 237484 225524 11960 0
1785863379522 237484 225524 11960 0
1785863379546 237484 225524 11960 0
1785863379569 237484 225524 11960 0
1785863379590 237484 225524 11960 0
1785863379616 237484 225524 11960 0
1785863379640 237484 225524 11960 0
1785863379665 237484 225524 11960 0
1785863379689 237484 225524 11960 0
1785863379711 237484 225524 11960 0
1785863379733 237484 225524 11960 0
1785863379755 237484 225524 11960 0
1785863379777 237484 225524 11960 0
1785863379799 237484 225524 11960 0
1785863379821 237484 225524 11960 0
1785863379843 237484 225524 11960 0
1785863379865 237484 225524 11960 0
1785863379887 237484 225524 11960 0
1785863379908 237484 225524 11960 0
1785863379930 237484 225524 11960 0
1785863379952 237484 225524 11960 0
1785863379977 237484 225524 11960 0
1785863380001 237484 225524 11960 0
1785863380026 237484 225524 11960 0
1785863380051 237484 225524 11960 0
1785863380075 237484 225524 11960 0
1785863380097 237484 225524 11960 0
1785863380118 237484 225524 11960 0
1785863380144 237484 225524 11960 0
1785863380168 237484 225524 11960 0
1785863380193 237484 225524 11960 0
1785863380218 237484 225524 11960 0
1785863380240 237484 225524 11960 0
1785863380261 237484 225524 11960 0
1785863380283 237484 225524 11960 0
1785863380308 237484 225524 11960 0
1785863380333 237484 225524 11960 0
1785863380356 237484 225524 11960 0
1785863380382 237484 225524 11960 0
1785863380406 237484 225524 11960 0
1785863380428 237484 225524 11960 0
1785863380450 237484 225524 11960 0
1785863380475 237484 225524 11960 0
1785863380501 237484 225524 11960 0
1785863380526 237484 225524 11960 0
1785863380552 237484 225524 11960 0
1785863380574 237484 225524 11960 0
1785863380596 237484 225524 11960 0
1785863380617 237484 225524 11960 0
1785863380642 237484 225524 11960 0
1785863380668 237484 225524 11960 0
1785863380692 237484 225524 11960 0
1785863380717 237484 225524 11960 0
1785863380742 237484 225524 11960 0
1785863380767 237484 225524 11960 0
1785863380792 237484 225524 11960 0
1785863380814 237484 225524 11960 0
1785863380836 237484 225524 11960 0
1785863380858 237484 225524 11960 0
1785863380881 237484 225524 11960 0
1785863380904 237484 225524 11960 0
1785863380926 237484 225524 11960 0
1785863380948 237484 225524 11960 0
1785863380969 237484 225524 11960 0
1785863380991 237484 225524 11960 0
1785863381014 237484 225524 11960 0
1785863381035 237484 225524 11960 0
1785863381060 237484 225524 11960 0
1785863381086 237484 225524 11960 0
1785863381111 237484 225524 11960 0
1785863381136 237484 225524 11960 0
1785863381160 237484 225524 11960 0
1785863381183 237484 225524 11960 0
1785863381205 237484 225524 11960 0
1785863381231 237484 225524 11960 0
1785863381255 237484 225524 11960 0
1785863381279 237484 225524 11960 0
1785863381304 237484 225524 11960 0
1785863381326 237484 225524 11960 0
1785863381348 237484 225524 11960 0
1785863381370 237484 225524 11960 0
1785863381395 237484 225524 11960 0
1785863381420 237484 225524 11960 0
1785863381444 237484 225524 11960 0
1785863381469 237484 225524 11960 0
1785863381492 237484 225524 11960 0
1785863381515 237484 225524 11960 0
1785863381536 237484 225524 11960 0
1785863381562 237484 225524 11960 0
1785863381586 237484 225524 11960 0
1785863381610 237484 225524 11960 0
1785863381635 237484 225524 11960 0
1785863381659 237484 225524 11960 0
1785863381681 237484 225524 11960 0
1785863381703 237484 225524 11960 0
1785863381724 237484 225524 11960 0
1785863381746 237484 225524 11960 0
1785863381768 237484 225524 11960 0
1785863381789 237484 225524 11960 0
1785863381811 237484 225524 11960 0
1785863381833 237484 225524 11960 0
1785863381854 237484 225524 11960 0
1785863381876 237484 225524 11960 0
1785863381901 237484 225524 11960 0
1785863381926 237484 225524 11960 0
1785863381951 237484 225524 11960 0
1785863381976 237484 225524 11960 0
1785863382001 237484 225524 11960 0
1785863382022 237484 225524 11960 0
1785863382044 237484 225524 11960 0
1785863382068 237484 225524 11960 0
1785863382094 237484 225524 11960 0
1785863382118 237484 225524 11960 0
1785863382143 237484 225524 11960 0
1785863382168 237484 225524 11960 0
1785863382192 237484 225524 11960 0
1785863382217 237484 225524 11960 0
1785863382240 237484 225524 11960 0
1785863382261 237484 225524 11960 0
1785863382283 237484 225524 11960 0
1785863382308 237484 225524 11960 0
1785863382333 237484 225524 11960 0
1785863382356 237484 225524 11960 0
1785863382382 237484 225524 11960 0
1785863382406 237484 225524 11960 0
1785863382427 237484 225524 11960 0
1785863382449 237484 225524 11960 0
1785863382471 237484 225524 11960 0
1785863382492 237484 225524 11960 0
1785863382514 237484 225524 11960 0
1785863382536 237484 225524 11960 0
1785863382558 237484 225524 11960 0
1785863382580 237484 225524 11960 0
1785863382602 237484 225524 11960 0
1785863382624 237484 225524 11960 0
1785863382646 237484 225524 11960 0
1785863382671 237484 225524 11960 0
1785863382696 237484 225524 11960 0
1785863382720 237484 225524 11960 0
1785863382746 237484 225524 11960 0
1785863382770 237484 225524 11960 0
1785863382791 237484 225524 11960 0
1785863382814 237484 225524 11960 0
1785863382839 237484 225524 11960 0
1785863382864 237484 225524 11960 0
1785863382887 237484 225524 11960 0
1785863382912 237484 225524 11960 0
1785863382937 237484 225524 11960 0
1785863382959 237484 225524 11960 0
1785863382981 237484 225524 11960 0
1785863383007 237484 225524 11960 0
1785863383033 237484 225524 11960 0
1785863383058 237484 225524 11960 0
1785863383080 237484 225524 11960 0
1785863383102 237484 225524 11960 0
1785863383125 237484 225524 11960 0
1785863383147 237484 225524 11960 0
1785863383169 237484 225524 11960 0
1785863383191 237484 225524 11960 0
1785863383212 237484 225524 11960 0
1785863383234 237484 225524 11960 0
1785863383257 237484 225524 11960 0
1785863383279 237484 225524 11960 0
1785863383300 237484 225524 11960 0
1785863383327 237484 225524 11960 0
1785863383351 237484 225524 11960 0
1785863383375 237484 225524 11960 0
1785863383401 237484 225524 11960 0
1785863383424 237484 225524 11960 0
1785863383446 237484 225524 11960 0
1785863383468 237484 225524 11960 0
1785863383494 237484 225524 11960 0
1785863383519 237484 225524 11960 0
1785863383543 237484 225524 11960 0
1785863383568 237484 225524 11960 0
1785863383592 237484 225524 11960 0
1785863383618 237484 225524 11960 0
1785863383642 237484 225524 11960 0
1785863383665 237484 225524 11960 0
1785863383687 237484 225524 11960 0
1785863383709 237484 225524 11960 0
1785863383734 237484 225524 11960 0
1785863383759 237484 225524 11960 0
1785863383783 237484 225524 11960 0
1785863383808 237484 225524 11960 0
1785863383832 237484 225524 11960 0
1785863383854 237484 225524 11960 0
1785863383876 237484 225524 11960 0
1785863383897 237484 225524 11960 0
1785863383919 237484 225524 11960 0
1785863383942 237484 225524 11960 0
1785863383963 237484 225524 11960 0
1785863383984 237484 225524 11960 0
1785863384007 237484 225524 11960 0
1785863384028 237484 225524 11960 0
1785863384049 237484 225524 11960 0
1785863384071 237484 225524 11960 0
1785863384097 237484 225524 11960 0
1785863384121 237484 225524 11960 0
1785863384144 237484 225524 11960 0
1785863384170 237484 225524 11960 0
1785863384192 237484 225524 11960 0
1785863384214 237484 225524 11960 0
1785863384236 237484 225524 11960 0
1785863384261 237484 225524 11960 0
1785863384286 237484 225524 11960 0
1785863384310 237484 225524 11960 0
1785863384337 237484 225524 11960 0
1785863384360 237484 225524 11960 0
1785863384383 237484 225524 11960 0
1785863384404 237484 225524 11960 0
1785863384430 237484 225524 11960 0
1785863384455 237484 225524 11960 0
1785863384479 237484 225524 11960 0
1785863384506 237484 225524 11960 0
1785863384530 237484 225524 11960 0
1785863384552 237484 225524 11960 0
1785863384575 237484 225524 11960 0
1785863384597 237484 225524 11960 0
1785863384619 237484 225524 11960 0
1785863384640 237484 225524 11960 0
1785863384662 237484 225524 11960 0
1785863384683 237484 225524 11960 0
1785863384704 237484 225524 11960 0
1785863384726 237484 225524 11960 0
1785863384747 237484 225524 11960 0
1785863384769 237484 225524 11960 0
1785863384794 237484 225524 11960 0
1785863384819 237484 225524 11960 0
1785863384844 237484 225524 11960 0
1785863384869 237484 225524 11960 0
1785863384893 237484 225524 11960 0
1785863384918 237484 225524 11960 0
1785863384944 237484 225524 11960 0
1785863384966 237484 225524 11960 0
1785863384988 237484 225524 11960 0
1785863385012 237484 225524 11960 0
1785863385037 237484 225524 11960 0
1785863385062 237484 225524 11960 0
1785863385087 237484 225524 11960 0
1785863385112 237484 225524 11960 0
1785863385134 237484 225524 11960 0
1785863385156 237484 225524 11960 0
1785863385178 237484 225524 11960 0
1785863385200 237484 225524 11960 0
1785863385221 237484 225524 11960 0
1785863385244 237484 225524 11960 0
1785863385266 237484 225524 11960 0
1785863385287 237484 225524 11960 0
1785863385309 237484 225524 11960 0
1785863385330 237484 225524 11960 0
1785863385352 237484 225524 11960 0
1785863385374 237484 225524 11960 0
1785863385399 237484 225524 11960 0
1785863385424 237484 225524 11960 0
1785863385446 237484 225524 11960 0
1785863385472 237484 225524 11960 0
1785863385496 237484 225524 11960 0
1785863385518 237484 225524 11960 0
1785863385539 237484 225524 11960 0
1785863385565 237484 225524 11960 0
1785863385590 237484 225524 11960 0
1785863385614 237484 225524 11960 0
1785863385639 237484 225524 11960 0
1785863385664 237484 225524 11960 0
1785863385687 237484 225524 11960 0
1785863385710 237484 225524 11960 0
1785863385735 237484 225524 11960 0
1785863385760 237484 225524 11960 0
1785863385784 237484 225524 11960 0
1785863385809 237484 225524 11960 0
1785863385831 237484 225524 11960 0
1785863385853 237484 225524 11960 0
1785863385875 237484 225524 11960 0
1785863385896 237484 225524 11960 0
1785863385918 237484 225524 11960 0
1785863385939 237484 225524 11960 0
1785863385961 237484 225524 11960 0
1785863385983 237484 225524 11960 0
1785863386004 237484 225524 11960 0
1785863386026 237484 225524 11960 0
1785863386048 237484 225524 11960 0
1785863386069 237484 225524 11960 0
1785863386090 237484 225524 11960 0
1785863386115 237484 225524 11960 0
1785863386140 237484 225524 11960 0
1785863386164 237484 225524 11960 0
1785863386190 237484 225524 11960 0
1785863386214 237484 225524 11960 0
1785863386240 237484 225524 11960 0
1785863386265 237484 225524 11960 0
1785863386287 237484 225524 11960 0
1785863386309 237484 225524 11960 0
1785863386335 237484 225524 11960 0
1785863386360 237484 225524 11960 0
1785863386384 237484 225524 11960 0
1785863386411 237484 225524 11960 0
1785863386434 237484 225524 11960 0
1785863386456 237484 225524 11960 0
1785863386478 237484 225524 11960 0
1785863386504 237484 225524 11960 0
1785863386529 237484 225524 11960 0
1785863386551 237484 225524 11960 0
1785863386578 237484 225524 11960 0
1785863386603 237484 225524 11960 0
1785863386624 237484 225524 11960 0
1785863386646 237484 225524 11960 0
1785863386668 237484 225524 11960 0
1785863386690 237484 225524 11960 0
1785863386712 237484 225524 11960 0
1785863386735 237484 225524 11960 0
1785863386756 237484 225524 11960 0
1785863386779 237484 225524 11960 0
1785863386800 237484 225524 11960 0
1785863386824 237484 225524 11960 0
1785863386845 237484 225524 11960 0
1785863386868 237484 225524 11960 0
1785863386894 237484 225524 11960 0
1785863386918 237484 225524 11960 0
1785863386943 237484 225524 11960 0
1785863386969 237484 225524 11960 0
1785863386990 237484 225524 11960 0
1785863387011 237484 225524 11960 0
1785863387033 237484 225524 11960 0
1785863387058 237484 225524 11960 0
1785863387083 237484 225524 11960 0
1785863387107 237484 225524 11960 0
1785863387132 237484 225524 11960 0
1785863387154 237484 225524 11960 0
1785863387176 237484 225524 11960 0
1785863387197 237484 225524 11960 0
1785863387224 237484 225524 11960 0
1785863387250 237484 225524 11960 0
1785863387276 237484 225524 11960 0
1785863387302 237484 225524 11960 0
1785863387328 237484 225524 11960 0
1785863387354 237484 225524 11960 0
1785863387379 237484 225524 11960 0
1785863387402 237484 225524 11960 0
1785863387424 237484 225524 11960 0
1785863387448 237484 225524 11960 0
1785863387475 237484 225524 11960 0
1785863387501 237484 225524 11960 0
1785863387527 237484 225524 11960 0
1785863387552 237484 225524 11960 0
1785863387574 237484 225524 11960 0
1785863387596 237484 225524 11960 0
1785863387617 237484 225524 11960 0
1785863387639 237484 225524 11960 0
1785863387660 237484 225524 11960 0
1785863387682 237484 225524 11960 0
1785863387705 237484 225524 11960 0
1785863387726 237484 225524 11960 0
1785863387747 237484 225524 11960 0
1785863387769 237484 225524 11960 0
1785863387790 237484 225524 11960 0
1785863387812 237484 225524 11960 0
1785863387835 237484 225524 11960 0
1785863387861 237484 225524 11960 0
1785863387887 237484 225524 11960 0
1785863387913 237484 225524 11960 0
1785863387938 237484 225524 11960 0
1785863387960 237484 225524 11960 0
1785863387982 237484 225524 11960 0
1785863388006 237484 225524 11960 0
1785863388031 237484 225524 11960 0
1785863388057 237484 225524 11960 0
1785863388083 237484 225524 11960 0
1785863388108 237484 225524 11960 0
1785863388135 237484 225524 11960 0
1785863388161 237484 225524 11960 0
1785863388187 237484 225524 11960 0
1785863388213 237484 225524 11960 0
1785863388238 237484 225524 11960 0
1785863388263 237484 225524 11960 0
1785863388288 237484 225524 11960 0
1785863388311 237484 225524 11960 0
1785863388332 237484 225524 11960 0
1785863388358 237484 225524 11960 0
1785863388383 237484 225524 11960 0
1785863388409 237484 225524 11960 0
1785863388435 237484 225524 11960 0
1785863388460 237484 225524 11960 0
1785863388482 237484 225524 11960 0
1785863388504 237484 225524 11960 0
1785863388527 237484 225524 11960 0
1785863388548 237484 225524 11960 0
1785863388571 237484 225524 11960 0
1785863388593 237484 225524 11960 0
1785863388615 237484 225524 11960 0
1785863388636 237484 225524 11960 0
1785863388658 237484 225524 11960 0
1785863388680 237484 225524 11960 0
1785863388702 237484 225524 11960 0
1785863388724 237484 225524 11960 0
1785863388749 237484 225524 11960 0
1785863388775 237484 225524 11960 0
1785863388800 237484 225524 11960 0
1785863388827 237484 225524 11960 0
1785863388853 237484 225524 11960 0
1785863388879 237484 225524 11960 0
1785863388904 237484 225524 11960 0
1785863388926 237484 225524 11960 0
1785863388948 237484 225524 11960 0
1785863388969 237484 225524 11960 0
1785863388995 237484 225524 11960 0
1785863389021 237484 225524 11960 0
1785863389047 237484 225524 11960 0
1785863389073 237484 225524 11960 0
1785863389099 237484 225524 11960 0
1785863389124 237484 225524 11960 0
1785863389150 237484 225524 11960 0
1785863389175 237484 225524 11960 0
1785863389201 237484 225524 11960 0
1785863389226 237484 225524 11960 0
1785863389252 237484 225524 11960 0
1785863389277 237484 225524 11960 0
1785863389303 237484 225524 11960 0
1785863389328 237484 225524 11960 0
1785863389354 237484 225524 11960 0
1785863389379 237484 225524 11960 0
1785863389405 237484 225524 11960 0
1785863389430 237484 225524 11960 0
1785863389452 237484 225524 11960 0
1785863389475 237484 225524 11960 0
1785863389499 237484 225524 11960 0
1785863389525 237484 225524 11960 0
1785863389550 237484 225524 11960 0
1785863389575 237484 225524 11960 0
1785863389602 237484 225524 11960 0
1785863389624 237484 225524 11960 0
1785863389646 237484 225524 11960 0
1785863389668 237484 225524 11960 0
1785863389689 237484 225524 11960 0
1785863389711 237484 225524 11960 0
1785863389733 237484 225524 11960 0
1785863389754 237484 225524 11960 0
1785863389775 237484 225524 11960 0
1785863389797 237484 225524 11960 0
1785863389820 237484 225524 11960 0
1785863389841 237484 225524 11960 0
1785863389862 237484 225524 11960 0
1785863389886 237484 225524 11960 0
1785863389909 237484 225524 11960 0
1785863389933 237484 225524 11960 0
1785863389956 237484 225524 11960 0
1785863389978 237484 225524 11960 0
1785863389999 237484 225524 11960 0
1785863390021 237484 225524 11960 0
1785863390042 237484 225524 11960 0
1785863390065 237484 225524 11960 0
1785863390088 237484 225524 11960 0
1785863390111 237484 225524 11960 0
1785863390134 237484 225524 11960 0
1785863390156 237484 225524 11960 0
1785863390177 237484 225524 11960 0
1785863390201 237484 225524 11960 0
1785863390224 237484 225524 11960 0
1785863390246 237484 225524 11960 0
1785863390270 237484 225524 11960 0
1785863390292 237484 225524 11960 0
1785863390313 237484 225524 11960 0
1785863390334 237484 225524 11960 0
1785863390358 237484 225524 11960 0
1785863390381 237484 225524 11960 0
1785863390404 237484 225524 11960 0
1785863390429 237484 225524 11960 0
1785863390451 237484 225524 11960 0
1785863390473 237484 225524 11960 0
1785863390495 237484 225524 11960 0
1785863390521 237484 225524 11960 0
1785863390547 237484 225524 11960 0
1785863390572 237484 225524 11960 0
1785863390598 237484 225524 11960 0
1785863390623 237484 225524 11960 0
1785863390649 237484 225524 11960 0
1785863390674 237484 225524 11960 0
1785863390697 237484 225524 11960 0
1785863390719 237484 225524 11960 0
1785863390743 237484 225524 11960 0
1785863390769 237484 225524 11960 0
1785863390796 237484 225524 11960 0
1785863390822 237484 225524 11960 0
1785863390848 237484 225524 11960 0
1785863390874 237484 225524 11960 0
1785863390901 237484 225524 11960 0
1785863390927 237484 225524 11960 0
1785863390953 237484 225524 11960 0
1785863390979 237484 225524 11960 0
1785863391005 237484 225524 11960 0
1785863391031 237484 225524 11960 0
1785863391057 237484 225524 11960 0
1785863391083 237484 225524 11960 0
1785863391109 237484 225524 11960 0
1785863391136 237484 225524 11960 0
1785863391162 237484 225524 11960 0
1785863391189 237484 225524 11960 0
1785863391215 237484 225524 11960 0
1785863391241 237484 225524 11960 0
1785863391267 237484 225524 11960 0
1785863391293 237484 225524 11960 0
1785863391319 237484 225524 11960 0
1785863391345 237484 225524 11960 0
1785863391371 237484 225524 11960 0
1785863391397 237484 225524 11960 0
1785863391422 237484 225524 11960 0
1785863391448 237484 225524 11960 0
1785863391473 237484 225524 11960 0
1785863391498 237484 225524 11960 0
1785863391524 237484 225524 11960 0
1785863391549 237484 225524 11960 0
1785863391574 237484 225524 11960 0
1785863391600 237484 225524 11960 0
1785863391627 237484 225524 11960 0
1785863391653 237484 225524 11960 0
1785863391679 237484 225524 11960 0
1785863391705 237484 225524 11960 0
1785863391732 237484 225524 11960 0
1785863391758 237484 225524 11960 0
1785863391784 237484 225524 11960 0
1785863391810 237484 225524 11960 0
1785863391836 237484 225524 11960 0
1785863391865 237484 225524 11960 0
1785863391892 237484 225524 11960 0
1785863391918 237484 225524 11960 0
1785863391944 237484 225524 11960 0
1785863391970 237484 225524 11960 0
1785863391997 237484 225524 11960 0
1785863392024 237484 225524 11960 0
1785863392050 237484 225524 11960 0
1785863392076 237484 225524 11960 0
1785863392103 237484 225524 11960 0
1785863392129 237484 225524 11960 0
1785863392156 237484 225524 11960 0
1785863392182 237484 225524 11960 0
1785863392208 237484 225524 11960 0
1785863392233 237484 225524 11960 0
1785863392258 237484 225524 11960 0
1785863392283 237484 225524 11960 0
1785863392309 237484 225524 11960 0
1785863392334 237484 225524 11960 0
1785863392359 237484 225524 11960 0
1785863392385 237484 225524 11960 0
1785863392411 237484 225524 11960 0
1785863392437 237484 225524 11960 0
1785863392463 237484 225524 11960 0
1785863392489 237484 225524 11960 0
1785863392516 237484 225524 11960 0
1785863392542 237484 225524 11960 0
1785863392568 237484 225524 11960 0
1785863392594 237484 225524 11960 0
1785863392620 237484 225524 11960 0
1785863392646 237484 225524 11960 0
1785863392672 237484 225524 11960 0
1785863392698 237484 225524 11960 0
1785863392725 237484 225524 11960 0
1785863392751 237484 225524 11960 0
1785863392778 237484 225524 11960 0
1785863392804 237484 225524 11960 0
1785863392830 237484 225524 11960 0
1785863392856 237484 225524 11960 0
1785863392882 237484 225524 11960 0
1785863392909 237484 225524 11960 0
1785863392935 237484 225524 11960 0
1785863392961 237484 225524 11960 0
1785863392987 237484 225524 11960 0
1785863393013 237484 225524 11960 0
1785863393040 237484 225524 11960 0
1785863393066 237484 225524 11960 0
1785863393092 237484 225524 11960 0
1785863393118 237484 225524 11960 0
1785863393143 237484 225524 11960 0
1785863393166 237484 225524 11960 0
1785863393189 237484 225524 11960 0
1785863393213 237484 225524 11960 0
1785863393235 237484 225524 11960 0
1785863393260 237484 225524 11960 0
1785863393287 237484 225524 11960 0
1785863393314 237484 225524 11960 0
1785863393340 237484 225524 11960 0
1785863393367 237484 225524 11960 0
1785863393393 237484 225524 11960 0
1785863393419 237484 225524 11960 0
1785863393446 237484 225524 11960 0
1785863393473 237484 225524 11960 0
1785863393498 237484 225524 11960 0
1785863393520 237484 225524 11960 0
1785863393541 237484 225524 11960 0
1785863393568 237484 225524 11960 0
1785863393594 237484 225524 11960 0
1785863393618 237484 225524 11960 0
1785863393645 237484 225524 11960 0
1785863393670 237484 225524 11960 0
1785863393692 237484 225524 11960 0
1785863393714 237484 225524 11960 0
1785863393740 237484 225524 11960 0
1785863393766 237484 225524 11960 0
1785863393790 237484 225524 11960 0
1785863393818 237484 225524 11960 0
1785863393843 237484 225524 11960 0
1785863393865 237484 225524 11960 0
1785863393887 237484 225524 11960 0
1785863393913 237484 225524 11960 0
1785863393939 237484 225524 11960 0
1785863393964 237484 225524 11960 0
1785863393990 237484 225524 11960 0
1785863394014 237484 225524 11960 0
1785863394036 237484 225524 11960 0
1785863394057 237484 225524 11960 0
1785863394080 237484 225524 11960 0
1785863394105 237484 225524 11960 0
1785863394130 237484 225524 11960 0
1785863394158 237484 225524 11960 0
1785863394183 237484 225524 11960 0
1785863394208 237484 225524 11960 0
1785863394230 237484 225524 11960 0
1785863394251 237484 225524 11960 0
1785863394273 237484 225524 11960 0
1785863394295 237484 225524 11960 0
1785863394317 237484 225524 11960 0
1785863394339 237484 225524 11960 0
1785863394360 237484 225524 11960 0
1785863394382 237484 225524 11960 0
1785863394404 237484 225524 11960 0
1785863394428 237484 225524 11960 0
1785863394450 237484 225524 11960 0
1785863394472 237484 225524 11960 0
1785863394495 237484 225524 11960 0
1785863394522 237484 225524 11960 0
1785863394549 237484 225524 11960 0
1785863394576 237484 225524 11960 0
1785863394601 237484 225524 11960 0
1785863394625 237484 225524 11960 0
1785863394647 237484 225524 11960 0
1785863394668 237484 225524 11960 0
1785863394694 237484 225524 11960 0
1785863394721 237484 225524 11960 0
1785863394747 237484 225524 11960 0
1785863394774 237484 225524 11960 0
1785863394802 237484 225524 11960 0
1785863394829 237484 225524 11960 0
1785863394856 237484 225524 11960 0
1785863394883 237484 225524 11960 0
1785863394909 237484 225524 11960 0
1785863394935 237484 225524 11960 0
1785863394961 237484 225524 11960 0
1785863394987 237484 225524 11960 0
1785863395014 237484 225524 11960 0
1785863395040 237484 225524 11960 0
1785863395063 237484 225524 11960 0
1785863395087 237484 225524 11960 0
1785863395113 237484 225524 11960 0
1785863395140 237484 225524 11960 0
1785863395166 237484 225524 11960 0
1785863395193 237484 225524 11960 0
1785863395220 237484 225524 11960 0
1785863395247 237484 225524 11960 0
1785863395273 237484 225524 11960 0
1785863395300 237484 225524 11960 0
1785863395327 237484 225524 11960 0
1785863395353 237484 225524 11960 0
1785863395379 237484 225524 11960 0
1785863395406 237484 225524 11960 0
1785863395433 237484 225524 11960 0
1785863395459 237484 225524 11960 0
1785863395486 237484 225524 11960 0
1785863395513 237484 225524 11960 0
1785863395540 237484 225524 11960 0
1785863395567 237484 225524 11960 0
1785863395594 237484 225524 11960 0
1785863395621 237484 225524 11960 0
1785863395648 237484 225524 11960 0
1785863395674 237484 225524 11960 0
1785863395701 237484 225524 11960 0
1785863395727 237484 225524 11960 0
1785863395754 237484 225524 11960 0
1785863395780 237484 225524 11960 0
1785863395805 237484 225524 11960 0
1785863395831 237484 225524 11960 0
1785863395858 237484 225524 11960 0
1785863395885 237484 225524 11960 0
1785863395913 237484 225524 11960 0
1785863395940 237484 225524 11960 0
1785863395967 237484 225524 11960 0
1785863395994 237484 225524 11960 0
1785863396022 237484 225524 11960 0
1785863396050 237484 225524 11960 0
1785863396077 237484 225524 11960 0
1785863396104 237484 225524 11960 0
1785863396132 237484 225524 11960 0
1785863396159 237484 225524 11960 0
1785863396186 237484 225524 11960 0
1785863396212 237484 225524 11960 0
1785863396239 237484 225524 11960 0
1785863396264 237484 225524 11960 0
1785863396290 237484 225524 11960 0
1785863396317 237484 225524 11960 0
1785863396345 237484 225524 11960 0
1785863396372 237484 225524 11960 0
1785863396399 237484 225524 11960 0
1785863396427 237484 225524 11960 0
1785863396454 237484 225524 11960 0
1785863396481 237484 225524 11960 0
1785863396508 237484 225524 11960 0
1785863396535 237484 225524 11960 0
1785863396562 237484 225524 11960 0
1785863396589 237484 225524 11960 0
1785863396616 237484 225524 11960 0
1785863396643 237484 225524 11960 0
1785863396670 237484 225524 11960 0
1785863396698 237484 225524 11960 0
1785863396725 237484 225524 11960 0
1785863396753 237484 225524 11960 0
1785863396780 237484 225524 11960 0
1785863396808 237484 225524 11960 0
1785863396835 237484 225524 11960 0
1785863396863 237484 225524 11960 0
1785863396890 237484 225524 11960 0
1785863396918 237484 225524 11960 0
1785863396945 237484 225524 11960 0
1785863396973 237484 225524 11960 0
1785863397000 237484 225524 11960 0
1785863397027 237484 225524 11960 0
1785863397052 237484 225524 11960 0
1785863397079 237484 225524 11960 0
1785863397108 237484 225524 11960 0
1785863397136 237484 225524 11960 0
1785863397163 237484 225524 11960 0
1785863397191 237484 225524 11960 0
1785863397218 237484 225524 11960 0
1785863397246 237484 225524 11960 0
1785863397274 237484 225524 11960 0
1785863397301 237484 225524 11960 0
1785863397329 237484 225524 11960 0
1785863397356 237484 225524 11960 0
1785863397384 237484 225524 11960 0
1785863397411 237484 225524 11960 0
1785863397438 237484 225524 11960 0
1785863397464 237484 225524 11960 0
1785863397491 237484 225524 11960 0
1785863397517 237484 225524 11960 0
1785863397542 237484 225524 11960 0
1785863397569 237484 225524 11960 0
1785863397596 237484 225524 11960 0
1785863397623 237484 225524 11960 0
1785863397650 237484 225524 11960 0
1785863397677 237484 225524 11960 0
1785863397704 237484 225524 11960 0
1785863397731 237484 225524 11960 0
1785863397757 237484 225524 11960 0
1785863397784 237484 225524 11960 0
1785863397811 237484 225524 11960 0
1785863397838 237484 225524 11960 0
1785863397865 237484 225524 11960 0
1785863397890 237484 225524 11960 0
1785863397914 237484 225524 11960 0
1785863397938 237484 225524 11960 0
1785863397963 237484 225524 11960 0
1785863397986 237484 225524 11960 0
1785863398010 237484 225524 11960 0
1785863398034 237484 225524 11960 0
1785863398058 237484 225524 11960 0
1785863398080 237484 225524 11960 0
1785863398102 242308 230216 12092 0
1785863398193 300580 288296 12284 0
1785863398302 325596 313312 12284 0
1785863398396 325644 313360 12284 0
1785863398446 326116 313832 12284 0
1785863398497 326524 314240 12284 0
1785863398550 326524 314240 12284 0
1785863398598 327044 314760 12284 0
1785863398651 327968 315684 12284 0
1785863398703 327968 315684 12284 0
1785863398751 327968 315684 12284 0
1785863398776 335984 327168 8816 0
1785863398854 404496 392212 12284 0
1785863398945 406236 393952 12284 0
1785863399008 406332 394048 12284 0
1785863399068 406332 394048 12284 0
1785863399121 406332 394048 12284 0
1785863399144 406332 394048 12284 0
1785863399169 406332 394048 12284 0
1785863399193 406332 394048 12284 0
1785863399217 406332 394048 12284 0
1785863399240 406332 394048 12284 0
1785863399264 406332 394048 12284 0
1785863399287 406332 394048 12284 0
1785863399310 406332 394048 12284 0
1785863399333 406332 394048 12284 0
1785863399356 406764 394480 12284 0
1785863399415 406764 394480 12284 0
1785863399473 406764 394480 12284 0
1785863399498 406764 394480 12284 0
1785863399522 406764 394480 12284 0
1785863399547 406764 394480 12284 0
1785863399572 406764 394480 12284 0
1785863399598 406764 394480 12284 0
1785863399624 404428 392148 12280 0
1785863399650 409836 397552 12284 0
1785863399742 409836 397552 12284 0
1785863399767 409836 397552 12284 0
1785863399791 409836 397552 12284 0
1785863399814 403904 394704 9200 0
1785863399841 403524 391148 12376 0
1785863399868 402372 389996 12376 0
1785863399894 402372 389996 12376 0
1785863399922 400404 388028 12376 0
1785863399950 398932 386556 12376 0
1785863399976 398932 386556 12376 0
1785863400002 398932 386556 12376 0
1785863400029 392712 380340 12372 0
1785863400057 336596 324220 12376 0
1785863400084 336596 324220 12376 0
1785863400108 336596 324220 12376 0
1785863400131 336596 324220 12376 0
1785863400157 337588 325212 12376 0
1785863400182 344648 332272 12376 0
1785863400210 344648 332272 12376 0
1785863400237 344648 332272 12376 0
1785863400263 344648 332272 12376 0
1785863400287 344648 332272 12376 0
1785863400312 344664 332288 12376 0
1785863400339 344664 332288 12376 0
1785863400366 344664 332288 12376 0
1785863400390 344664 332288 12376 0
1785863400413 342328 329956 12372 0
1785863400437 336996 332312 4684 0
1785863400464 347824 335448 12376 0
1785863400491 386972 374600 12372 0
1785863400520 394452 382076 12376 0
1785863400547 394452 382076 12376 0
1785863400572 394452 382076 12376 0
1785863400596 398536 386160 12376 0
1785863400622 398536 386160 12376 0
1785863400648 398536 386160 12376 0
1785863400673 398536 386160 12376 0
1785863400700 398536 386160 12376 0
1785863400725 398536 386160 12376 0
1785863400749 398536 386160 12376 0
1785863400772 398536 386160 12376 0
1785863400798 400072 387696 12376 0
1785863400822 401608 389232 12376 0
1785863400846 401608 389232 12376 0
1785863400873 401608 389232 12376 0
1785863400899 401608 389232 12376 0
1785863400922 401608 389232 12376 0
1785863400947 401608 389232 12376 0
1785863400972 403144 390768 12376 0
1785863400998 400808 388436 12372 0
1785863401024 420060 407684 12376 0
1785863401119 424660 412284 12376 0
1785863401208 424660 412284 12376 0
1785863401266 424660 412284 12376 0
1785863401290 424660 412284 12376 0
1785863401314 422572 410200 12372 0
1785863401389 456608 444232 12376 0
1785863401494 462904 450528 12376 0
1785863401591 484736 472360 12376 0
1785863401703 478784 466408 12376 0
1785863401800 478784 466408 12376 0
1785863401825 478784 466408 12376 0
1785863401852 478784 466408 12376 0
1785863401877 478784 466408 12376 0
1785863401903 478784 466408 12376 0
1785863401930 478784 466408 12376 0
1785863401956 478784 466408 12376 0
1785863401984 478784 466408 12376 0
1785863402012 477280 464904 12376 0
1785863402040 477280 464904 12376 0
1785863402068 473936 461564 12372 0
1785863402096 463028 458344 4684 0
1785863402125 341572 329132 12440 0
1785863402151 343432 330992 12440 0
1785863402178 343432 330992 12440 0
1785863402205 343432 330992 12440 0
1785863402231 343432 330992 12440 0
1785863402256 343432 330992 12440 0
1785863402279 343432 330992 12440 0
1785863402302 343432 330992 12440 0
1785863402325 345448 333008 12440 0
1785863402356 358520 346080 12440 0
1785863402384 358520 346080 12440 0
1785863402411 356188 343752 12436 0
1785863402439 373444 361004 12440 0
1785863402468 373492 361052 12440 0
1785863402496 373492 361052 12440 0
1785863402520 373492 361052 12440 0
1785863402544 373492 361052 12440 0
1785863402566 373492 361052 12440 0
1785863402589 373492 361052 12440 0
1785863402615 373492 361052 12440 0
1785863402641 373500 361060 12440 0
1785863402666 27720 19964 7756 0
1785863402687 393012 380572 12440 0
1785863402715 393012 380572 12440 0
1785863402739 393012 380572 12440 0
1785863402763 395808 383372 12436 0
1785863402790 402264 389824 12440 0
1785863402818 402916 390476 12440 0
1785863402845 402916 390476 12440 0
1785863402870 402916 390476 12440 0
1785863402893 402916 390476 12440 0
1785863402917 402916 390476 12440 0
1785863402941 403092 390652 12440 0
1785863402969 403304 390864 12440 0
1785863402997 403312 390872 12440 0
1785863403025 403924 391484 12440 0
1785863403054 403924 391484 12440 0
1785863403081 403924 391484 12440 0
1785863403105 403924 391484 12440 0
1785863403131 404008 391568 12440 0
1785863403159 404008 391568 12440 0
1785863403188 404344 391904 12440 0
1785863403216 404540 392100 12440 0
1785863403244 404540 392100 12440 0
1785863403269 404540 392100 12440 0
1785863403292 404540 392100 12440 0
1785863403319 404540 392100 12440 0
1785863403345 404540 392100 12440 0
1785863403374 404540 392100 12440 0
1785863403403 404540 392100 12440 0
1785863403431 404540 392100 12440 0
1785863403459 404540 392100 12440 0
1785863403487 404540 392100 12440 0
1785863403516 404540 392100 12440 0
1785863403544 404540 392100 12440 0
1785863403572 404540 392100 12440 0
1785863403601 404540 392100 12440 0
1785863403629 404540 392100 12440 0
1785863403657 404540 392100 12440 0
1785863403684 404540 392100 12440 0
1785863403709 404540 392100 12440 0
1785863403732 404540 392100 12440 0
1785863403759 404540 392100 12440 0
1785863403787 404540 392100 12440 0
1785863403814 404540 392100 12440 0
1785863403842 404540 392100 12440 0
1785863403871 404540 392100 12440 0
1785863403900 427584 415144 12440 0
1785863403931 428092 415652 12440 0
1785863403959 430428 417988 12440 0
1785863403986 430428 417988 12440 0
1785863404012 430428 417988 12440 0
1785863404036 430428 417988 12440 0
1785863404059 430428 417988 12440 0
1785863404083 430428 417988 12440 0
1785863404106 430428 417988 12440 0
1785863404129 430428 417988 12440 0
1785863404152 430428 417988 12440 0
1785863404176 430428 417988 12440 0
1785863404201 430428 417988 12440 0
1785863404226 430428 417988 12440 0
1785863404250 430428 417988 12440 0
1785863404274 383820 371392 12428 0
1785863404299 454716 442276 12440 0
1785863404327 454716 442276 12440 0
1785863404356 454716 442276 12440 0
1785863404384 454716 442276 12440 0
1785863404411 454716 442276 12440 0
1785863404436 454716 442276 12440 0
1785863404460 454716 442276 12440 0
1785863404485 454716 442276 12440 0
1785863404509 454716 442276 12440 0
1785863404536 452380 439944 12436 0
1785863404563 464956 452516 12440 0
1785863404592 464956 452516 12440 0
1785863404621 464956 452516 12440 0
1785863404649 464956 452516 12440 0
1785863404675 464956 452516 12440 0
1785863404699 464956 452516 12440 0
1785863404724 464956 452516 12440 0
1785863404753 464956 452516 12440 0
1785863404782 464956 452516 12440 0
1785863404811 464956 452516 12440 0
1785863404840 464956 452516 12440 0
1785863404869 464956 452516 12440 0
1785863404896 464956 452516 12440 0
1785863404925 464956 452516 12440 0
1785863404953 464956 452516 12440 0
1785863404981 464956 452516 12440 0
1785863405009 464956 452516 12440 0
1785863405037 464956 452516 12440 0
1785863405063 464956 452516 12440 0
1785863405087 464956 452516 12440 0
1785863405112 464956 452516 12440 0
1785863405139 464956 452516 12440 0
1785863405165 464956 452516 12440 0
1785863405193 464956 452516 12440 0
1785863405222 464956 452516 12440 0
1785863405247 464956 452516 12440 0
1785863405271 464956 452516 12440 0
1785863405299 464956 452516 12440 0
1785863405327 464956 452516 12440 0
1785863405356 464956 452516 12440 0
1785863405385 464956 452516 12440 0
1785863405411 464956 452516 12440 0
1785863405436 464956 452516 12440 0
1785863405461 464956 452516 12440 0
1785863405491 464956 452516 12440 0
1785863405520 464956 452516 12440 0
1785863405548 464956 452516 12440 0
1785863405576 464956 452516 12440 0
1785863405604 464956 452516 12440 0
1785863405628 464956 452516 12440 0
1785863405655 464956 452516 12440 0
1785863405684 464956 452516 12440 0
1785863405713 464956 452516 12440 0
1785863405741 464956 452516 12440 0
1785863405770 464956 452516 12440 0
1785863405798 464956 452516 12440 0
1785863405825 464956 452516 12440 0
1785863405853 464956 452516 12440 0
1785863405880 464956 452516 12440 0
1785863405909 464956 452516 12440 0
1785863405938 464956 452516 12440 0
1785863405966 464956 452516 12440 0
1785863405995 464956 452516 12440 0
1785863406024 464956 452516 12440 0
1785863406053 464956 452516 12440 0
1785863406083 464956 452516 12440 0
1785863406112 464956 452516 12440 0
1785863406140 464956 452516 12440 0
1785863406168 464956 452516 12440 0
1785863406193 464956 452516 12440 0
1785863406217 464956 452516 12440 0
1785863406245 464956 452516 12440 0
1785863406274 464956 452516 12440 0
1785863406302 464956 452516 12440 0
1785863406331 464956 452516 12440 0
1785863406361 464956 452516 12440 0
1785863406390 464956 452516 12440 0
1785863406419 464956 452516 12440 0
1785863406445 464956 452516 12440 0
1785863406469 464956 452516 12440 0
1785863406496 464956 452516 12440 0
1785863406526 464956 452516 12440 0
1785863406554 464956 452516 12440 0
1785863406583 464956 452516 12440 0
1785863406609 464956 452516 12440 0
1785863406633 464956 452516 12440 0
1785863406657 464956 452516 12440 0
1785863406685 464956 452516 12440 0
1785863406713 464956 452516 12440 0
1785863406742 464956 452516 12440 0
1785863406772 464956 452516 12440 0
1785863406801 464956 452516 12440 0
1785863406829 465228 452724 12504 0
1785863406858 465228 452724 12504 0
1785863406887 465228 452724 12504 0
1785863406916 465228 452724 12504 0
1785863406944 465228 452724 12504 0
1785863406969 465228 452724 12504 0
1785863406993 420300 407796 12504 0
1785863407021 420700 408196 12504 0
1785863407049 420700 408196 12504 0
1785863407078 421900 409396 12504 0
1785863407106 421900 409396 12504 0
1785863407132 421900 409396 12504 0
1785863407155 421900 409396 12504 0
1785863407181 422508 410004 12504 0
1785863407209 423332 410828 12504 0
1785863407238 426172 413668 12504 0
1785863407268 426172 413668 12504 0
1785863407296 426172 413668 12504 0
1785863407321 426172 413668 12504 0
1785863407344 426372 413868 12504 0
1785863407371 427168 414664 12504 0
1785863407398 427364 414860 12504 0
1785863407425 427364 414860 12504 0
1785863407454 427364 414860 12504 0
1785863407482 427364 414860 12504 0
1785863407510 427364 414860 12504 0
1785863407538 427364 414860 12504 0
1785863407566 427364 414860 12504 0
1785863407595 427548 415044 12504 0
1785863407623 427548 415044 12504 0
1785863407652 427744 415240 12504 0
1785863407689 428108 415604 12504 0
1785863407717 428108 415604 12504 0
1785863407742 428108 415604 12504 0
1785863407765 428292 415788 12504 0
1785863407793 428844 416340 12504 0
1785863407822 429028 416524 12504 0
1785863407851 429028 416524 12504 0
1785863407879 429028 416524 12504 0
1785863407906 429028 416524 12504 0
1785863407930 429028 416524 12504 0
1785863407954 429028 416524 12504 0
1785863407981 429028 416524 12504 0
1785863408009 429592 417088 12504 0
1785863408038 376016 367636 8380 0
1785863408067 430332 417828 12504 0
1785863408094 430332 417828 12504 0
1785863408117 430332 417828 12504 0
1785863408140 431864 419360 12504 0
1785863408169 431864 419360 12504 0
1785863408197 431864 419360 12504 0
1785863408225 431864 419360 12504 0
1785863408254 431864 419360 12504 0
1785863408279 431864 419360 12504 0
1785863408304 431864 419360 12504 0
1785863408330 431864 419360 12504 0
1785863408356 431864 419360 12504 0
1785863408383 431864 419360 12504 0
1785863408412 431864 419360 12504 0
1785863408440 431864 419360 12504 0
1785863408469 431864 419360 12504 0
1785863408497 431864 419360 12504 0
1785863408525 431864 419360 12504 0
1785863408553 431864 419360 12504 0
1785863408582 431864 419360 12504 0
1785863408612 431864 419360 12504 0
1785863408641 431864 419360 12504 0
1785863408670 431864 419360 12504 0
1785863408699 431864 419360 12504 0
1785863408728 431864 419360 12504 0
1785863408756 431864 419360 12504 0
1785863408784 431864 419360 12504 0
1785863408813 431864 419360 12504 0
1785863408841 431864 419360 12504 0
1785863408869 431864 419360 12504 0
1785863408899 431864 419360 12504 0
1785863408927 431864 419360 12504 0
1785863408956 431864 419360 12504 0
1785863408983 431864 419360 12504 0
1785863409010 431864 419360 12504 0
1785863409037 431864 419360 12504 0
1785863409065 431864 419360 12504 0
1785863409094 431864 419360 12504 0
1785863409123 431864 419360 12504 0
1785863409151 431864 419360 12504 0
1785863409179 431864 419360 12504 0
1785863409207 431864 419360 12504 0
1785863409234 433912 421408 12504 0
1785863409263 435448 422944 12504 0
1785863409292 433112 420612 12500 0
1785863409321 436984 424480 12504 0
1785863409350 436984 424480 12504 0
1785863409380 436984 424480 12504 0
1785863409408 436984 424480 12504 0
1785863409436 436984 424480 12504 0
1785863409463 436984 424480 12504 0
1785863409491 436984 424480 12504 0
1785863409517 436984 424480 12504 0
1785863409546 435672 423172 12500 0
1785863409576 441080 428576 12504 0
1785863409605 441080 428576 12504 0
1785863409634 441080 428576 12504 0
1785863409662 441080 428576 12504 0
1785863409690 441080 428576 12504 0
1785863409719 441080 428576 12504 0
1785863409748 441080 428576 12504 0
1785863409777 441080 428576 12504 0
1785863409805 441080 428576 12504 0
1785863409833 441080 428576 12504 0
1785863409858 441080 428576 12504 0
1785863409882 441080 428576 12504 0
1785863409906 441080 428576 12504 0
1785863409930 441080 428576 12504 0
1785863409953 441080 428576 12504 0
1785863409976 441080 428576 12504 0
1785863410000 441080 428576 12504 0
1785863410023 441080 428576 12504 0
1785863410046 441080 428576 12504 0
1785863410070 441080 428576 12504 0
1785863410093 441080 428576 12504 0
1785863410116 441080 428576 12504 0
1785863410145 441080 428576 12504 0
1785863410173 441080 428576 12504 0
1785863410202 441080 428576 12504 0
1785863410231 447224 434720 12504 0
1785863410262 447224 434720 12504 0
1785863410291 447224 434720 12504 0
1785863410320 447224 434720 12504 0
1785863410346 447224 434720 12504 0
1785863410370 447224 434720 12504 0
1785863410395 447224 434720 12504 0
1785863410421 447224 434720 12504 0
1785863410451 447224 434720 12504 0
1785863410480 447224 434720 12504 0
1785863410509 447224 434720 12504 0
1785863410537 447224 434720 12504 0
1785863410565 447224 434720 12504 0
1785863410594 447224 434720 12504 0
1785863410623 447224 434720 12504 0
1785863410652 450308 437804 12504 0
1785863410683 450308 437804 12504 0
1785863410712 450308 437804 12504 0
1785863410740 450308 437804 12504 0
1785863410769 450308 437804 12504 0
1785863410798 450308 437804 12504 0
1785863410828 450308 437804 12504 0
1785863410858 450428 437804 12624 0
1785863410886 450428 437804 12624 0
1785863410912 450428 437804 12624 0
1785863410937 451196 438572 12624 0
1785863410966 455024 442400 12624 0
1785863410995 476064 463440 12624 0
1785863411023 476064 463440 12624 0
1785863411052 476064 463440 12624 0
1785863411079 476064 463440 12624 0
1785863411104 476064 463440 12624 0
1785863411128 476064 463440 12624 0
1785863411157 455160 442536 12624 0
1785863411187 481296 468672 12624 0
1785863411218 481324 468700 12624 0
1785863411247 481324 468700 12624 0
1785863411272 481324 468700 12624 0
1785863411296 527484 514860 12624 0
1785863411417 527484 514860 12624 0
1785863411521 527484 514860 12624 0
1785863411551 527484 514860 12624 0
1785863411579 527484 514860 12624 0
1785863411607 527484 514860 12624 0
1785863411635 527484 514860 12624 0
1785863411664 527484 514860 12624 0
1785863411694 527484 514860 12624 0
1785863411723 530968 518344 12624 0
1785863411787 530968 518344 12624 0
1785863411817 530968 518344 12624 0
1785863411846 530968 518344 12624 0
1785863411875 530968 518344 12624 0
1785863411906 531004 518380 12624 0
1785863411971 531020 518396 12624 0
1785863412030 531020 518396 12624 0
1785863412055 531100 518476 12624 0
1785863412124 531168 518544 12624 0
1785863412214 531184 518560 12624 0
1785863412273 531192 518568 12624 0
1785863412341 531192 518568 12624 0
1785863412370 531192 518568 12624 0
1785863412396 531192 518568 12624 0
1785863412421 531192 518568 12624 0
1785863412446 531192 518568 12624 0
1785863412476 531192 518568 12624 0
1785863412505 531192 518568 12624 0
1785863412535 531192 518568 12624 0
1785863412565 531192 518568 12624 0
1785863412595 531192 518568 12624 0
1785863412624 531192 518568 12624 0
1785863412654 531192 518568 12624 0
1785863412684 531192 518568 12624 0
1785863412714 532932 520308 12624 0
1785863412777 532932 520308 12624 0
1785863412807 532932 520308 12624 0
1785863412837 532932 520308 12624 0
1785863412867 532932 520308 12624 0
1785863412897 531660 519036 12624 0
1785863412927 531660 519036 12624 0
1785863412956 531660 519036 12624 0
1785863412986 531024 518400 12624 0
1785863413016 531024 518400 12624 0
1785863413046 531024 518400 12624 0
1785863413075 531024 518400 12624 0
1785863413105 530388 517764 12624 0
1785863413135 530388 517764 12624 0
1785863413165 530388 517764 12624 0
1785863413195 529220 516596 12624 0
1785863413224 528480 515856 12624 0
1785863413253 527208 514584 12624 0
1785863413283 527208 514584 12624 0
1785863413313 410952 398328 12624 0
1785863413341 410952 398328 12624 0
1785863413369 410952 398328 12624 0
1785863413396 410952 398328 12624 0
1785863413424 410952 398328 12624 0
1785863413451 410952 398328 12624 0
1785863413478 410952 398328 12624 0
1785863413505 410952 398328 12624 0
1785863413531 410952 398328 12624 0
1785863413557 410952 398328 12624 0
1785863413585 410952 398328 12624 0
1785863413612 410952 398328 12624 0
1785863413639 410952 398328 12624 0
1785863413665 410952 398328 12624 0
1785863413690 410952 398328 12624 0
1785863413717 410952 398328 12624 0
1785863413746 410300 397676 12624 0
1785863413773 410300 397676 12624 0
1785863413801 410300 397676 12624 0
1785863413827 410300 397676 12624 0
1785863413853 410300 397676 12624 0
1785863413880 409648 397024 12624 0
1785863413906 408996 396372 12624 0
1785863413933 408272 395648 12624 0
1785863413959 408272 395648 12624 0
1785863413986 405568 392944 12624 0
1785863414013 405568 392944 12624 0
1785863414041 403152 390528 12624 0
1785863414068 350880 338260 12620 0
1785863414094 352172 339548 12624 0
1785863414120 352172 339548 12624 0
1785863414144 352172 339548 12624 0
1785863414168 352172 339548 12624 0
1785863414191 352172 339548 12624 0
1785863414216 352172 339548 12624 0
1785863414239 352172 339548 12624 0
1785863414263 352172 339548 12624 0
1785863414287 352172 339548 12624 0
1785863414310 352172 339548 12624 0
1785863414337 352172 339548 12624 0
1785863414364 352172 339548 12624 0
1785863414390 352172 339548 12624 0
1785863414418 352172 339548 12624 0
1785863414446 352172 339548 12624 0
1785863414475 352172 339548 12624 0
1785863414503 352172 339548 12624 0
1785863414531 352172 339548 12624 0
1785863414559 352172 339548 12624 0
1785863414587 352172 339548 12624 0
1785863414615 352172 339548 12624 0
1785863414643 352172 339548 12624 0
1785863414671 352172 339548 12624 0
1785863414699 352172 339548 12624 0
1785863414728 352172 339548 12624 0
1785863414754 352172 339548 12624 0
1785863414779 352172 339548 12624 0
1785863414807 352172 339548 12624 0
1785863414835 352172 339548 12624 0
1785863414863 352172 339548 12624 0
1785863414891 352172 339548 12624 0
1785863414919 352172 339548 12624 0
1785863414947 352172 339548 12624 0
1785863414975 352172 339548 12624 0
1785863415004 352172 339548 12624 0
1785863415032 352172 339548 12624 0
1785863415060 352172 339548 12624 0
1785863415088 352172 339548 12624 0
1785863415116 352172 339548 12624 0
1785863415143 352172 339548 12624 0
1785863415171 352172 339548 12624 0
1785863415198 352172 339548 12624 0
1785863415226 352172 339548 12624 0
1785863415254 352172 339548 12624 0
1785863415282 352172 339548 12624 0
1785863415310 352172 339548 12624 0
1785863415338 352172 339548 12624 0
1785863415365 352172 339548 12624 0
1785863415394 352172 339548 12624 0
1785863415422 352172 339548 12624 0
1785863415450 352172 339548 12624 0
1785863415478 352172 339548 12624 0
1785863415506 352172 339548 12624 0
1785863415534 352172 339548 12624 0
1785863415561 352172 339548 12624 0
1785863415587 352172 339548 12624 0
1785863415611 352172 339548 12624 0
1785863415634 352172 339548 12624 0
1785863415656 352172 339548 12624 0
1785863415680 352172 339548 12624 0
1785863415703 352172 339548 12624 0
1785863415726 352172 339548 12624 0
1785863415748 352172 339548 12624 0
1785863415772 352172 339548 12624 0
1785863415794 352172 339548 12624 0
1785863415819 352172 339548 12624 0
1785863415843 352172 339548 12624 0
1785863415866 352172 339548 12624 0
1785863415892 352172 339548 12624 0
1785863415918 352172 339548 12624 0
1785863415945 352172 339548 12624 0
1785863415972 352172 339548 12624 0
1785863415997 352172 339548 12624 0
1785863416019 352172 339548 12624 0
1785863416042 352172 339548 12624 0
1785863416070 352172 339548 12624 0
1785863416099 352172 339548 12624 0
1785863416127 352172 339548 12624 0
1785863416155 352172 339548 12624 0
1785863416180 352172 339548 12624 0
1785863416202 352172 339548 12624 0
1785863416225 352172 339548 12624 0
1785863416254 352172 339548 12624 0
1785863416282 352172 339548 12624 0
1785863416311 352172 339548 12624 0
1785863416339 352172 339548 12624 0
1785863416368 352172 339548 12624 0
1785863416396 352172 339548 12624 0
1785863416425 352172 339548 12624 0
1785863416453 352172 339548 12624 0
1785863416482 352172 339548 12624 0
1785863416510 352172 339548 12624 0
1785863416537 352172 339548 12624 0
1785863416563 352172 339548 12624 0
1785863416591 352172 339548 12624 0
1785863416619 352172 339548 12624 0
1785863416647 352172 339548 12624 0
1785863416676 352172 339548 12624 0
1785863416704 352172 339548 12624 0
1785863416733 352172 339548 12624 0
1785863416761 352172 339548 12624 0
1785863416790 352172 339548 12624 0
1785863416819 352172 339548 12624 0
1785863416848 352172 339548 12624 0
1785863416876 352172 339548 12624 0
1785863416905 352172 339548 12624 0
1785863416933 352172 339548 12624 0
1785863416961 352172 339548 12624 0
1785863416989 352172 339548 12624 0
1785863417016 352172 339548 12624 0
1785863417045 352172 339548 12624 0
1785863417073 352172 339548 12624 0
1785863417102 352172 339548 12624 0
1785863417130 352172 339548 12624 0
1785863417159 352172 339548 12624 0
1785863417188 352172 339548 12624 0
1785863417217 352172 339548 12624 0
1785863417245 352172 339548 12624 0
1785863417274 352172 339548 12624 0
1785863417302 352172 339548 12624 0
1785863417331 352172 339548 12624 0
1785863417360 352172 339548 12624 0
1785863417388 352172 339548 12624 0
1785863417416 352172 339548 12624 0
1785863417443 352172 339548 12624 0
1785863417471 352172 339548 12624 0
1785863417499 352172 339548 12624 0
1785863417528 352172 339548 12624 0
1785863417557 352172 339548 12624 0
1785863417585 352172 339548 12624 0
1785863417614 352172 339548 12624 0
1785863417642 352172 339548 12624 0
1785863417671 352172 339548 12624 0
1785863417699 352172 339548 12624 0
1785863417728 352172 339548 12624 0
1785863417758 352172 339548 12624 0
1785863417787 352172 339548 12624 0
1785863417816 352172 339548 12624 0
1785863417844 352172 339548 12624 0
1785863417871 352172 339548 12624 0
1785863417898 352172 339548 12624 0
1785863417924 352172 339548 12624 0
1785863417950 352172 339548 12624 0
1785863417979 352172 339548 12624 0
1785863418008 352172 339548 12624 0
1785863418036 352172 339548 12624 0
1785863418065 352172 339548 12624 0
1785863418093 352172 339548 12624 0
1785863418122 352172 339548 12624 0
1785863418150 352172 339548 12624 0
1785863418179 352172 339548 12624 0
1785863418207 352172 339548 12624 0
1785863418236 352172 339548 12624 0
1785863418265 352172 339548 12624 0
1785863418294 352172 339548 12624 0
1785863418322 352172 339548 12624 0
1785863418350 352172 339548 12624 0
1785863418377 352172 339548 12624 0
1785863418404 352172 339548 12624 0
1785863418433 352172 339548 12624 0
1785863418461 352172 339548 12624 0
1785863418490 352172 339548 12624 0
1785863418518 352172 339548 12624 0
1785863418547 352172 339548 12624 0
1785863418577 352172 339548 12624 0
1785863418606 352172 339548 12624 0
1785863418635 352172 339548 12624 0
1785863418665 352172 339548 12624 0
1785863418695 352172 339548 12624 0
1785863418724 352172 339548 12624 0
1785863418753 352172 339548 12624 0
1785863418781 352172 339548 12624 0
1785863418808 352172 339548 12624 0
1785863418834 352172 339548 12624 0
1785863418861 352172 339548 12624 0
1785863418887 352172 339548 12624 0
1785863418910 352172 339548 12624 0
1785863418956 344252 338588 5664 0
1785863418983 354256 341632 12624 0
1785863419009 354256 341632 12624 0
1785863419033 354256 341632 12624 0
1785863419056 354256 341632 12624 0
1785863419080 349552 339316 10236 0
1785863419103 361692 349068 12624 0
1785863419130 361692 349068 12624 0
1785863419156 361692 349068 12624 0
1785863419180 361692 349068 12624 0
1785863419205 361692 349068 12624 0
1785863419228 361692 349068 12624 0
1785863419251 361692 349068 12624 0
1785863419274 361692 349068 12624 0
1785863419296 361692 349068 12624 0
1785863419319 361692 349068 12624 0
1785863419342 361692 349068 12624 0
1785863419366 361692 349068 12624 0
1785863419389 361692 349068 12624 0
1785863419411 361692 349068 12624 0
1785863419434 361692 349068 12624 0
1785863419456 361692 349068 12624 0
1785863419479 361692 349068 12624 0
1785863419502 363952 351328 12624 0
1785863419528 368860 356236 12624 0
1785863419556 368860 356236 12624 0
1785863419584 368860 356236 12624 0
1785863419609 368860 356236 12624 0
1785863419633 368860 356236 12624 0
1785863419656 368860 356236 12624 0
1785863419678 368860 356236 12624 0
1785863419706 382708 370084 12624 0
1785863419734 383220 370596 12624 0
1785863419761 383220 370596 12624 0
1785863419788 383220 370596 12624 0
1785863419813 383220 370596 12624 0
1785863419836 383220 370596 12624 0
1785863419860 383220 370596 12624 0
1785863419883 383220 370596 12624 0
1785863419909 383220 370596 12624 0
1785863419933 383220 370596 12624 0
1785863419958 383220 370596 12624 0
1785863419983 383220 370596 12624 0
1785863420008 383220 370596 12624 0
1785863420031 383220 370596 12624 0
1785863420054 383220 370596 12624 0
1785863420078 383220 370596 12624 0
1785863420100 383220 370596 12624 0
1785863420126 75028 68848 6180 0
1785863420147 404728 392104 12624 0
1785863420176 406784 394160 12624 0
1785863420204 406784 394160 12624 0
1785863420230 406784 394160 12624 0
1785863420253 406784 394160 12624 0
1785863420276 404448 391828 12620 0
1785863420304 407792 395168 12624 0
1785863420333 407880 395256 12624 0
1785863420361 409144 396520 12624 0
1785863420390 409144 396520 12624 0
1785863420415 409144 396520 12624 0
1785863420440 409144 396520 12624 0
1785863420464 409144 396520 12624 0
1785863420487 409144 396520 12624 0
1785863420511 409144 396520 12624 0
1785863420535 409144 396520 12624 0
1785863420559 409144 396520 12624 0
1785863420583 409144 396520 12624 0
1785863420606 409144 396520 12624 0
1785863420629 409144 396520 12624 0
1785863420653 409144 396520 12624 0
1785863420676 409144 396520 12624 0
1785863420699 409144 396520 12624 0
1785863420726 409144 396520 12624 0
1785863420751 409144 396520 12624 0
1785863420777 409144 396520 12624 0
1785863420806 409144 396520 12624 0
1785863420834 409144 396520 12624 0
1785863420858 409144 396520 12624 0
1785863420881 409144 396520 12624 0
1785863420908 409144 396520 12624 0
1785863420936 409144 396520 12624 0
1785863420961 409144 396520 12624 0
1785863420990 409144 396520 12624 0
1785863421017 409144 396520 12624 0
1785863421040 409144 396520 12624 0
1785863421063 409144 396520 12624 0
1785863421089 415288 402664 12624 0
1785863421116 415288 402664 12624 0
1785863421143 415288 402664 12624 0
1785863421171 415288 402664 12624 0
1785863421197 415288 402664 12624 0
1785863421221 415288 402664 12624 0
1785863421245 415288 402664 12624 0
1785863421269 415288 402664 12624 0
1785863421297 415288 402664 12624 0
1785863421324 414752 402128 12624 0
1785863421351 412608 399984 12624 0
1785863421377 412608 399984 12624 0
1785863421402 412608 399984 12624 0
1785863421425 412608 399984 12624 0
1785863421450 412608 399984 12624 0
1785863421479 412608 399984 12624 0
1785863421507 412608 399984 12624 0
1785863421536 412608 399984 12624 0
1785863421563 412608 399984 12624 0
1785863421587 412608 399984 12624 0
1785863421610 412608 399984 12624 0
1785863421633 412608 399984 12624 0
1785863421660 406712 394088 12624 0
1785863421688 406712 394088 12624 0
1785863421715 406712 394088 12624 0
1785863421741 406156 393532 12624 0
1785863421770 406156 393532 12624 0
1785863421798 406156 393532 12624 0
1785863421826 406156 393532 12624 0
1785863421853 406156 393532 12624 0
1785863421879 406156 393532 12624 0
1785863421907 405600 392976 12624 0
1785863421935 402708 390088 12620 0
1785863421962 12040 4156 7884 0
1785863421984 353592 340968 12624 0
1785863422010 353592 340968 12624 0
1785863422035 353592 340968 12624 0
1785863422060 353592 340968 12624 0
1785863422084 353592 340968 12624 0
1785863422109 353592 340968 12624 0
1785863422132 353592 340968 12624 0
1785863422156 353592 340968 12624 0
1785863422182 353592 340968 12624 0
1785863422210 353592 340968 12624 0
1785863422237 353592 340968 12624 0
1785863422263 353592 340968 12624 0
1785863422290 353592 340968 12624 0
1785863422318 353592 340968 12624 0
1785863422344 353592 340968 12624 0
1785863422371 353592 340968 12624 0
1785863422399 353592 340968 12624 0
1785863422430 353592 340968 12624 0
1785863422457 353592 340968 12624 0
1785863422484 353592 340968 12624 0
1785863422511 353592 340968 12624 0
1785863422538 353592 340968 12624 0
1785863422565 353592 340968 12624 0
1785863422592 353592 340968 12624 0
1785863422618 353592 340968 12624 0
1785863422643 353592 340968 12624 0
1785863422665 353592 340968 12624 0
1785863422688 353592 340968 12624 0
1785863422715 353592 340968 12624 0
1785863422742 353592 340968 12624 0
1785863422769 353592 340968 12624 0
1785863422797 353592 340968 12624 0
1785863422821 353592 340968 12624 0
1785863422844 353592 340968 12624 0
1785863422870 353592 340968 12624 0
1785863422897 353592 340968 12624 0
1785863422922 353592 340968 12624 0
1785863422950 353592 340968 12624 0
1785863422976 353592 340968 12624 0
1785863423000 353592 340968 12624 0
1785863423024 353592 340968 12624 0
1785863423052 353592 340968 12624 0
1785863423079 353592 340968 12624 0
1785863423106 353592 340968 12624 0
1785863423133 353592 340968 12624 0
1785863423160 353592 340968 12624 0
1785863423182 353592 340968 12624 0
1785863423207 353592 340968 12624 0
1785863423235 353592 340968 12624 0
1785863423262 353592 340968 12624 0
1785863423290 353592 340968 12624 0
1785863423315 353592 340968 12624 0
1785863423338 353592 340968 12624 0
1785863423361 353592 340968 12624 0
1785863423389 353592 340968 12624 0
1785863423417 353592 340968 12624 0
1785863423444 353592 340968 12624 0
1785863423471 353592 340968 12624 0
1785863423496 353592 340968 12624 0
1785863423519 353592 340968 12624 0
1785863423543 353592 340968 12624 0
1785863423573 364256 351632 12624 0
1785863423601 364256 351632 12624 0
1785863423628 364256 351632 12624 0
1785863423654 364256 351632 12624 0
1785863423681 364256 351632 12624 0
1785863423707 364256 351632 12624 0
1785863423732 364256 351632 12624 0
1785863423755 364256 351632 12624 0
1785863423778 364256 351632 12624 0
1785863423800 364256 351632 12624 0
1785863423824 364256 351632 12624 0
1785863423847 364768 352144 12624 0
1785863423873 365776 353152 12624 0
1785863423899 366768 354144 12624 0
1785863423925 366768 354144 12624 0
1785863423949 366768 354144 12624 0
1785863423973 367328 354704 12624 0
1785863424000 370824 358200 12624 0
1785863424027 370824 358200 12624 0
1785863424056 370328 357704 12624 0
1785863424083 370328 357704 12624 0
1785863424107 370328 357704 12624 0
1785863424129 370328 357704 12624 0
1785863424153 370328 357704 12624 0
1785863424176 370328 357704 12624 0
1785863424199 370328 357704 12624 0
1785863424225 369832 357208 12624 0
1785863424253 369352 356728 12624 0
1785863424279 369352 356728 12624 0
1785863424304 369352 356728 12624 0
1785863424327 25736 17852 7884 0
1785863424348 345036 332424 12612 0
1785863424376 398680 386060 12620 0
1785863424404 396908 384284 12624 0
1785863424432 396332 383708 12624 0
1785863424458 396332 383708 12624 0
1785863424484 396332 383708 12624 0
1785863424510 396332 383708 12624 0
1785863424535 396332 383708 12624 0
1785863424561 396332 383708 12624 0
1785863424587 395340 382716 12624 0
1785863424614 395404 382780 12624 0
1785863424642 392108 379488 12620 0
1785863424670 347076 334452 12624 0
1785863424697 347416 334792 12624 0
1785863424723 347960 335336 12624 0
1785863424749 295792 284552 11240 0
1785863424775 362392 349768 12624 0
1785863424802 363904 351280 12624 0
1785863424830 363904 351280 12624 0
1785863424856 363904 351280 12624 0
1785863424881 368876 356252 12624 0
1785863424908 392984 380360 12624 0
1785863424933 394004 381380 12624 0
1785863424962 394516 381892 12624 0
1785863424989 394516 381892 12624 0
1785863425014 394516 381892 12624 0
1785863425040 394520 381896 12624 0
1785863425069 394552 381928 12624 0
1785863425098 399716 387092 12624 0
1785863425126 399716 387092 12624 0
1785863425152 399716 387092 12624 0
1785863425175 397380 384760 12620 0
1785863425202 400744 388120 12624 0
1785863425238 431336 418712 12624 0
1785863425268 390124 377500 12624 0
1785863425296 390124 377500 12624 0
1785863425322 390124 377500 12624 0
1785863425345 390124 377500 12624 0
1785863425368 390124 377500 12624 0
1785863425391 390124 377500 12624 0
1785863425414 390124 377500 12624 0
1785863425436 390124 377500 12624 0
1785863425459 390124 377500 12624 0
1785863425482 390124 377500 12624 0
1785863425505 390124 377500 12624 0
1785863425529 390124 377500 12624 0
1785863425555 390124 377500 12624 0
1785863425579 390124 377500 12624 0
1785863425603 390124 377500 12624 0
1785863425629 384308 375088 9220 0
1785863425654 390124 377500 12624 0
1785863425682 394220 381596 12624 0
1785863425710 394260 381636 12624 0
1785863425738 394260 381636 12624 0
1785863425764 394260 381636 12624 0
1785863425787 394260 381636 12624 0
1785863425810 394260 381636 12624 0
1785863425835 394516 381892 12624 0
1785863425864 395028 382404 12624 0
1785863425893 395284 382660 12624 0
1785863425921 395284 382660 12624 0
1785863425948 395284 382660 12624 0
1785863425972 395284 382660 12624 0
1785863425995 395284 382660 12624 0
1785863426024 405668 393048 12620 0
1785863426054 428044 415420 12624 0
1785863426085 36244 28360 7884 0
1785863426107 449076 436452 12624 0
1785863426136 449076 436452 12624 0
1785863426161 449076 436452 12624 0
1785863426186 499756 487136 12620 0
1785863426215 402772 390152 12620 0
1785863426244 405132 392508 12624 0
1785863426274 405132 392508 12624 0
1785863426303 405132 392508 12624 0
1785863426333 405132 392508 12624 0
1785863426362 408092 395468 12624 0
1785863426391 408100 395476 12624 0
1785863426421 408100 395476 12624 0
1785863426449 408108 395484 12624 0
1785863426478 408124 395500 12624 0
1785863426506 408132 395508 12624 0
1785863426535 407396 394772 12624 0
1785863426564 406688 394064 12624 0
1785863426592 406688 394064 12624 0
1785863426621 405192 392568 12624 0
1785863426650 405192 392568 12624 0
1785863426675 405192 392568 12624 0
1785863426699 405192 392568 12624 0
1785863426722 400800 388176 12624 0
1785863426750 397880 385256 12624 0
1785863426779 397920 385296 12624 0
1785863426811 397216 384592 12624 0
1785863426840 396476 383852 12624 0
1785863426868 396476 383852 12624 0
1785863426897 395736 383112 12624 0
1785863426930 395736 383112 12624 0
1785863426971 394972 382348 12624 0
1785863426999 394208 381584 12624 0
1785863427027 394208 381584 12624 0
1785863427055 392632 380008 12624 0
1785863427082 392132 379508 12624 0
1785863427110 391868 379244 12624 0
1785863427137 391104 378480 12624 0
1785863427164 385712 373092 12620 0
1785863427191 385036 372412 12624 0
1785863427217 385036 372412 12624 0
1785863427243 385036 372412 12624 0
1785863427268 391980 379356 12624 0
1785863427296 393172 380548 12624 0
1785863427323 393172 380548 12624 0
1785863427350 393172 380548 12624 0
1785863427377 393172 380548 12624 0
1785863427402 393172 380548 12624 0
1785863427428 397668 385044 12624 0
1785863427455 401220 388596 12624 0
1785863427484 401220 388596 12624 0
1785863427512 401220 388596 12624 0
1785863427540 401220 388596 12624 0
1785863427568 401220 388596 12624 0
1785863427596 401228 388604 12624 0
1785863427623 353780 345508 8272 0
1785863427651 412248 399628 12620 0
1785863427680 416320 403696 12624 0
1785863427711 408728 403988 4740 0
1785863427740 423732 411108 12624 0
1785863427768 424756 412132 12624 0
1785863427796 431924 419300 12624 0
1785863427824 435732 423112 12620 0
1785863427853 439092 426468 12624 0
1785863427879 448308 435684 12624 0
1785863427907 448308 435684 12624 0
1785863427936 448308 435684 12624 0
1785863427962 453436 440812 12624 0
1785863427991 453560 440936 12624 0
1785863428021 454088 441464 12624 0
1785863428050 454464 441840 12624 0
1785863428080 454612 441988 12624 0
1785863428109 451396 438772 12624 0
1785863428138 449788 437164 12624 0
1785863428165 449788 437164 12624 0
1785863428193 449788 437164 12624 0
1785863428222 449788 437164 12624 0
1785863428250 449788 437164 12624 0
1785863428278 449788 437164 12624 0
1785863428308 449788 437164 12624 0
1785863428336 449232 436608 12624 0
1785863428363 449232 436608 12624 0
1785863428391 449232 436608 12624 0
1785863428418 449232 436608 12624 0
1785863428445 449232 436608 12624 0
1785863428474 449232 436608 12624 0
1785863428502 445784 433164 12620 0
1785863428530 445800 433176 12624 0
1785863428558 443464 430844 12620 0
1785863428585 441788 429168 12620 0
1785863428613 380992 368368 12624 0
1785863428640 381536 368912 12624 0
1785863428667 17268 9384 7884 0
1785863428689 382588 369964 12624 0
1785863428719 387320 374696 12624 0
1785863428748 388656 376032 12624 0
1785863428776 390256 377632 12624 0
1785863428803 390256 377632 12624 0
1785863428831 390576 377952 12624 0
1785863428857 390896 378272 12624 0
1785863428886 392176 379552 12624 0
1785863428913 393136 380512 12624 0
1785863428942 394384 381764 12620 0
1785863428971 415792 403168 12624 0
1785863429000 415792 403168 12624 0
1785863429028 414304 401680 12624 0
1785863429057 414304 401680 12624 0
1785863429086 413808 401184 12624 0
1785863429114 412320 399696 12624 0
1785863429142 410336 397712 12624 0
1785863429170 407856 395232 12624 0
1785863429198 407856 395232 12624 0
1785863429224 407360 394736 12624 0
1785863429251 407360 394736 12624 0
1785863429279 405360 392736 12624 0
1785863429307 401328 388704 12624 0
1785863429335 400116 387492 12624 0
1785863429361 400116 387492 12624 0
1785863429389 400116 387492 12624 0
1785863429417 400116 387492 12624 0
1785863429446 400116 387492 12624 0
1785863429474 400116 387492 12624 0
1785863429503 400116 387492 12624 0
1785863429532 400116 387492 12624 0
1785863429560 400116 387492 12624 0
1785863429589 400116 387492 12624 0
1785863429617 400116 387492 12624 0
1785863429645 400116 387492 12624 0
1785863429674 400116 387492 12624 0
1785863429702 400116 387492 12624 0
1785863429730 400116 387492 12624 0
1785863429759 400116 387492 12624 0
1785863429787 400116 387492 12624 0
1785863429816 400116 387492 12624 0
1785863429844 400116 387492 12624 0
1785863429873 400116 387492 12624 0
1785863429901 400116 387492 12624 0
1785863429930 400116 387492 12624 0
1785863429957 400116 387492 12624 0
1785863429986 400116 387492 12624 0
1785863430014 400116 387492 12624 0
1785863430044 400116 387492 12624 0
1785863430072 400116 387492 12624 0
1785863430100 400116 387492 12624 0
1785863430129 400116 387492 12624 0
1785863430157 400116 387492 12624 0
1785863430186 400116 387492 12624 0
1785863430214 400116 387492 12624 0
1785863430243 400116 387492 12624 0
1785863430271 400116 387492 12624 0
1785863430299 400116 387492 12624 0
1785863430328 400116 387492 12624 0
1785863430356 400116 387492 12624 0
1785863430386 400116 387492 12624 0
1785863430419 400116 387492 12624 0
1785863430447 400116 387492 12624 0
1785863430475 400116 387492 12624 0
1785863430504 400116 387492 12624 0
1785863430532 400116 387492 12624 0
1785863430561 400116 387492 12624 0
1785863430586 400116 387492 12624 0
1785863430615 400116 387492 12624 0
1785863430643 400116 387492 12624 0
1785863430671 400116 387492 12624 0
1785863430700 400116 387492 12624 0
1785863430729 400116 387492 12624 0
1785863430756 400116 387492 12624 0
1785863430783 400116 387492 12624 0
1785863430810 400116 387492 12624 0
1785863430838 400116 387492 12624 0
1785863430865 400116 387492 12624 0
1785863430892 400116 387492 12624 0
1785863430919 400116 387492 12624 0
1785863430947 400116 387492 12624 0
1785863430974 400116 387492 12624 0
1785863431002 400116 387492 12624 0
1785863431029 400116 387492 12624 0
1785863431056 400116 387492 12624 0
1785863431084 400116 387492 12624 0
1785863431111 400116 387492 12624 0
1785863431139 400116 387492 12624 0
1785863431167 400116 387492 12624 0
1785863431194 400116 387492 12624 0
1785863431222 400116 387492 12624 0
1785863431250 400116 387492 12624 0
1785863431277 400116 387492 12624 0
1785863431303 400116 387492 12624 0
1785863431331 400116 387492 12624 0
1785863431357 400116 387492 12624 0
1785863431381 400116 387492 12624 0
1785863431405 400116 387492 12624 0
1785863431428 400116 387492 12624 0
1785863431451 400116 387492 12624 0
1785863431474 400116 387492 12624 0
1785863431497 400116 387492 12624 0
1785863431520 400116 387492 12624 0
1785863431543 400116 387492 12624 0
1785863431566 400116 387492 12624 0
1785863431589 400116 387492 12624 0
1785863431612 400116 387492 12624 0
1785863431634 400116 387492 12624 0
1785863431657 400116 387492 12624 0
1785863431683 400116 387492 12624 0
1785863431710 400116 387492 12624 0
1785863431738 400116 387492 12624 0
1785863431765 400116 387492 12624 0
1785863431793 400116 387492 12624 0
1785863431818 400116 387492 12624 0
1785863431841 400116 387492 12624 0
1785863431864 400116 387492 12624 0
1785863431888 400116 387492 12624 0
1785863431916 400116 387492 12624 0
1785863431944 400116 387492 12624 0
1785863431971 400116 387492 12624 0
1785863431998 400116 387492 12624 0
1785863432025 400116 387492 12624 0
1785863432050 400116 387492 12624 0
1785863432074 400116 387492 12624 0
1785863432098 400116 387492 12624 0
1785863432126 400116 387492 12624 0
1785863432153 400116 387492 12624 0
1785863432181 400116 387492 12624 0
1785863432209 400116 387492 12624 0
1785863432233 400116 387492 12624 0
1785863432256 400116 387492 12624 0
1785863432279 400116 387492 12624 0
1785863432304 400116 387492 12624 0
1785863432332 400116 387492 12624 0
1785863432359 400116 387492 12624 0
1785863432387 400116 387492 12624 0
1785863432414 400116 387492 12624 0
1785863432437 400116 387492 12624 0
1785863432460 400116 387492 12624 0
1785863432483 400116 387492 12624 0
1785863432509 400116 387492 12624 0
1785863432536 400116 387492 12624 0
1785863432562 400116 387492 12624 0
1785863432589 400116 387492 12624 0
1785863432617 400116 387492 12624 0
1785863432642 400116 387492 12624 0
1785863432665 400116 387492 12624 0
1785863432688 400116 387492 12624 0
1785863432711 400116 387492 12624 0
1785863432738 400116 387492 12624 0
1785863432766 400116 387492 12624 0
1785863432794 400116 387492 12624 0
1785863432822 400116 387492 12624 0
1785863432847 400116 387492 12624 0
1785863432871 400116 387492 12624 0
1785863432895 400116 387492 12624 0
1785863432918 400116 387492 12624 0
1785863432945 400116 387492 12624 0
1785863432973 400116 387492 12624 0
1785863433001 400116 387492 12624 0
1785863433028 400116 387492 12624 0
1785863433053 400116 387492 12624 0
1785863433076 400116 387492 12624 0
1785863433098 400116 387492 12624 0
1785863433120 400116 387492 12624 0
1785863433147 400116 387492 12624 0
1785863433175 400116 387492 12624 0
1785863433202 400116 387492 12624 0
1785863433230 400116 387492 12624 0
1785863433253 400116 387492 12624 0
1785863433277 400116 387492 12624 0
1785863433300 400116 387492 12624 0
1785863433323 400116 387492 12624 0
1785863433349 400116 387492 12624 0
1785863433374 400116 387492 12624 0
1785863433401 400116 387492 12624 0
1785863433430 400116 387492 12624 0
1785863433457 400116 387492 12624 0
1785863433482 400116 387492 12624 0
1785863433505 400116 387492 12624 0
1785863433532 400116 387492 12624 0
1785863433560 400116 387492 12624 0
1785863433586 400116 387492 12624 0
1785863433610 400116 387492 12624 0
1785863433633 400116 387492 12624 0
1785863433657 400116 387492 12624 0
1785863433681 400116 387492 12624 0
1785863433707 400116 387492 12624 0
1785863433742 402416 389792 12624 0
1785863433771 402416 389792 12624 0
1785863433796 402416 389792 12624 0
1785863433819 402416 389792 12624 0
1785863433853 410128 397504 12624 0
1785863433882 410552 397928 12624 0
1785863433909 410552 397928 12624 0
1785863433936 410552 397928 12624 0
1785863433962 410552 397928 12624 0
1785863433986 410552 397928 12624 0
1785863434008 410552 397928 12624 0
1785863434035 410552 397928 12624 0
1785863434060 410552 397928 12624 0
1785863434087 410552 397928 12624 0
1785863434112 410552 397928 12624 0
1785863434136 410552 397928 12624 0
1785863434159 410552 397928 12624 0
1785863434186 410552 397928 12624 0
1785863434211 410552 397928 12624 0
1785863434237 410552 397928 12624 0
1785863434263 410552 397928 12624 0
1785863434286 410552 397928 12624 0
1785863434310 410552 397928 12624 0
1785863434336 410552 397928 12624 0
1785863434361 410552 397928 12624 0
1785863434387 410552 397928 12624 0
1785863434411 410552 397928 12624 0
1785863434437 410552 397928 12624 0
1785863434461 410552 397928 12624 0
1785863434485 410552 397928 12624 0
1785863434509 410552 397928 12624 0
1785863434535 410552 397928 12624 0
1785863434561 410552 397928 12624 0
1785863434588 410552 397928 12624 0
1785863434613 410552 397928 12624 0
1785863434637 410552 397928 12624 0
1785863434660 410552 397928 12624 0
1785863434687 412040 399416 12624 0
1785863434713 412040 399416 12624 0
1785863434742 413544 400920 12624 0
1785863434770 413544 400920 12624 0
1785863434796 413544 400920 12624 0
1785863434820 413544 400920 12624 0
1785863434846 437036 424412 12624 0
1785863434876 437036 424412 12624 0
1785863434905 437036 424412 12624 0
1785863434931 437036 424412 12624 0
1785863434954 437036 424412 12624 0
1785863434978 437036 424412 12624 0
1785863435006 437036 424412 12624 0
1785863435034 437036 424412 12624 0
1785863435063 437036 424412 12624 0
1785863435090 437036 424412 12624 0
1785863435115 437036 424412 12624 0
1785863435140 437036 424412 12624 0
1785863435168 437036 424412 12624 0
1785863435197 437036 424412 12624 0
1785863435226 437036 424412 12624 0
1785863435253 437036 424412 12624 0
1785863435277 437036 424412 12624 0
1785863435302 437036 424412 12624 0
1785863435329 437036 424412 12624 0
1785863435355 437036 424412 12624 0
1785863435380 437236 424612 12624 0
1785863435404 437236 424612 12624 0
1785863435428 437236 424612 12624 0
1785863435452 437236 424612 12624 0
1785863435476 434228 421608 12620 0
1785863435503 435124 422500 12624 0
1785863435531 442292 429668 12624 0
1785863435559 442292 429668 12624 0
1785863435586 416512 411768 4744 0
1785863435617 437948 425324 12624 0
1785863435646 437948 425324 12624 0
1785863435674 438300 425676 12624 0
1785863435701 380616 367996 12620 0
1785863435729 389176 376552 12624 0
1785863435758 389176 376552 12624 0
1785863435785 389176 376552 12624 0
1785863435812 389176 376552 12624 0
1785863435838 389176 376552 12624 0
1785863435864 389176 376552 12624 0
1785863435889 389176 376552 12624 0
1785863435916 389176 376552 12624 0
1785863435942 389176 376552 12624 0
1785863435969 389176 376552 12624 0
1785863435994 389176 376552 12624 0
1785863436020 389176 376552 12624 0
1785863436045 389176 376552 12624 0
1785863436070 389176 376552 12624 0
1785863436096 389176 376552 12624 0
1785863436121 388360 375740 12620 0
1785863436149 397828 385204 12624 0
1785863436177 400868 388244 12624 0
1785863436206 400868 388244 12624 0
1785863436233 400868 388244 12624 0
1785863436257 400868 388244 12624 0
1785863436281 400868 388244 12624 0
1785863436304 400868 388244 12624 0
1785863436326 400868 388244 12624 0
1785863436349 400868 388244 12624 0
1785863436372 400868 388244 12624 0
1785863436395 400868 388244 12624 0
1785863436419 400868 388244 12624 0
1785863436442 400868 388244 12624 0
1785863436465 400868 388244 12624 0
1785863436488 400868 388244 12624 0
1785863436512 400868 388244 12624 0
1785863436535 418024 405404 12620 0
1785863436564 429592 416968 12624 0
1785863436593 430088 417464 12624 0
1785863436622 427752 415132 12620 0
1785863436650 431112 418488 12624 0
1785863436678 433656 421032 12624 0
1785863436707 436200 423576 12624 0
1785863436735 436200 423576 12624 0
1785863436761 436200 423576 12624 0
1785863436785 436200 423576 12624 0
1785863436812 436200 423576 12624 0
1785863436840 433864 421244 12620 0
1785863436868 438760 426136 12624 0
1785863436895 438760 426136 12624 0
1785863436920 438760 426136 12624 0
1785863436943 438760 426136 12624 0
1785863436967 438760 426136 12624 0
1785863436993 438760 426136 12624 0
1785863437018 438760 426136 12624 0
1785863437043 438760 426136 12624 0
1785863437068 438760 426136 12624 0
1785863437092 438760 426136 12624 0
1785863437115 438760 426136 12624 0
1785863437139 438760 426136 12624 0
1785863437163 438764 426140 12624 0
1785863437189 439804 427180 12624 0
1785863437218 431768 427028 4740 0
1785863437247 442660 430036 12624 0
1785863437273 442660 430036 12624 0
1785863437296 440328 427708 12620 0
1785863437320 454344 441720 12624 0
1785863437349 454344 441720 12624 0
1785863437378 454344 441720 12624 0
1785863437404 454344 441720 12624 0
1785863437429 454344 441720 12624 0
1785863437458 455872 443248 12624 0
1785863437487 455892 443268 12624 0
1785863437516 456096 443472 12624 0
1785863437545 456096 443472 12624 0
1785863437572 456096 443472 12624 0
1785863437597 456096 443472 12624 0
1785863437621 456096 443472 12624 0
1785863437649 462128 449504 12624 0
1785863437679 462128 449504 12624 0
1785863437707 462128 449504 12624 0
1785863437736 462128 449504 12624 0
1785863437762 462128 449504 12624 0
1785863437787 462128 449504 12624 0
1785863437812 462128 449504 12624 0
1785863437837 462128 449504 12624 0
1785863437861 462128 449504 12624 0
1785863437887 459792 447172 12620 0
1785863437916 463664 451040 12624 0
1785863437944 466736 454112 12624 0
1785863437972 466736 454112 12624 0
1785863438000 466736 454112 12624 0
1785863438028 466736 454112 12624 0
1785863438056 466736 454112 12624 0
1785863438085 466736 454112 12624 0
1785863438113 466736 454112 12624 0
1785863438139 466736 454112 12624 0
1785863438164 466736 454112 12624 0
1785863438187 466736 454112 12624 0
1785863438210 466736 454112 12624 0
1785863438237 467216 458148 9068 0
1785863438267 474416 461792 12624 0
1785863438296 495124 482504 12620 0
1785863438326 517428 504804 12624 0
1785863438356 517428 504804 12624 0
1785863438385 517428 504804 12624 0
1785863438414 574228 561604 12624 0
1785863438521 592308 579684 12624 0
1785863438632 527156 514532 12624 0
1785863438741 527156 514532 12624 0
1785863438766 527156 514532 12624 0
1785863438791 524820 512200 12620 0
1785863438819 534772 522148 12624 0
1785863438849 534772 522148 12624 0
1785863438879 534836 522212 12624 0
1785863438909 534836 522212 12624 0
1785863438936 534836 522212 12624 0
1785863438960 534836 522212 12624 0
1785863438985 534836 522212 12624 0
1785863439010 534836 522212 12624 0
1785863439039 544524 531900 12624 0
1785863439068 35248 27364 7884 0
1785863439092 653260 640636 12624 0
1785863439196 654256 641632 12624 0
1785863439223 527924 515300 12624 0
1785863439336 527924 515300 12624 0
1785863439365 534384 521764 12620 0
1785863439395 629916 617296 12620 0
1785863439427 657444 644820 12624 0
1785863439460 688864 676240 12624 0
1785863439492 697648 685024 12624 0
1785863439599 697648 685024 12624 0
1785863439626 701096 688476 12620 0
1785863439698 528820 516196 12624 0
1785863439728 528820 516196 12624 0
1785863439756 528820 516196 12624 0
1785863439783 528820 516196 12624 0
1785863439808 528820 516196 12624 0
1785863439832 528820 516196 12624 0
1785863439857 528820 516196 12624 0
1785863439886 528820 516196 12624 0
1785863439916 528820 516196 12624 0
1785863439945 528820 516196 12624 0
1785863439974 528820 516196 12624 0
1785863440004 83320 77388 5932 0
1785863440026 555188 542564 12624 0
1785863440057 555188 542564 12624 0
1785863440088 555188 542564 12624 0
1785863440118 555188 542564 12624 0
1785863440149 555188 542564 12624 0
1785863440179 555188 542564 12624 0
1785863440209 552852 540232 12620 0
1785863440240 562484 549860 12624 0
1785863440271 562484 549860 12624 0
1785863440301 562484 549860 12624 0
1785863440328 562484 549860 12624 0
1785863440354 562484 549860 12624 0
1785863440383 562484 549860 12624 0
1785863440414 560148 547528 12620 0
1785863440446 564756 552136 12620 0
1785863440477 576308 563684 12624 0
1785863440508 576308 563684 12624 0
1785863440539 576308 563684 12624 0
1785863440568 576308 563684 12624 0
1785863440598 576308 563684 12624 0
1785863440629 588748 576124 12624 0
1785863440659 588980 576356 12624 0
1785863440690 588980 576356 12624 0
1785863440727 36272 28388 7884 0
1785863440750 692660 680036 12624 0
1785863440783 592948 580324 12624 0
1785863440814 592948 580324 12624 0
1785863440845 594204 581584 12620 0
1785863440878 608180 595556 12624 0
1785863440909 608180 595556 12624 0
1785863440941 608180 595556 12624 0
1785863440972 608180 595556 12624 0
1785863441001 608180 595556 12624 0
1785863441030 608180 595556 12624 0
1785863441061 608180 595556 12624 0
1785863441091 605844 593224 12620 0
1785863441127 676984 664360 12624 0
1785863441160 677300 664676 12624 0
1785863441193 677300 664676 12624 0
1785863441225 571828 559204 12624 0
1785863441255 571828 559204 12624 0
1785863441285 571828 559204 12624 0
1785863441313 571828 559204 12624 0
1785863441342 571828 559204 12624 0
1785863441372 571828 559204 12624 0
1785863441401 571828 559204 12624 0
1785863441431 571828 559204 12624 0
1785863441462 571828 559204 12624 0
1785863441493 571828 559204 12624 0
1785863441523 571828 559204 12624 0
1785863441554 571828 559204 12624 0
1785863441584 571828 559204 12624 0
1785863441614 571828 559204 12624 0
1785863441642 571828 559204 12624 0
1785863441670 571828 559204 12624 0
1785863441700 571828 559204 12624 0
1785863441729 571828 559204 12624 0
1785863441758 571828 559204 12624 0
1785863441787 571828 559204 12624 0
1785863441817 571828 559204 12624 0
1785863441848 571828 559204 12624 0
1785863441878 569492 556872 12620 0
1785863441909 588596 575972 12624 0
1785863441940 589108 576484 12624 0
1785863441971 589108 576484 12624 0
1785863442002 589108 576484 12624 0
1785863442034 589108 576484 12624 0
1785863442064 589108 576484 12624 0
1785863442093 589108 576484 12624 0
1785863442122 589108 576484 12624 0
1785863442151 589108 576484 12624 0
1785863442182 589108 576484 12624 0
1785863442212 589108 576484 12624 0
1785863442241 589108 576484 12624 0
1785863442268 589108 576484 12624 0
1785863442297 589108 576484 12624 0
1785863442327 589108 576484 12624 0
1785863442358 589108 576484 12624 0
1785863442389 589108 576484 12624 0
1785863442419 589108 576484 12624 0
1785863442449 589108 576484 12624 0
1785863442479 589108 576484 12624 0
1785863442510 589108 576484 12624 0
1785863442542 589108 576484 12624 0
1785863442572 589108 576484 12624 0
1785863442603 601908 589284 12624 0
1785863442634 601908 589284 12624 0
1785863442666 601908 589284 12624 0
1785863442697 601908 589284 12624 0
1785863442727 601908 589284 12624 0
1785863442757 601908 589284 12624 0
1785863442787 601908 589284 12624 0
1785863442817 601908 589284 12624 0
1785863442848 601908 589284 12624 0
1785863442878 601908 589284 12624 0
1785863442909 601908 589284 12624 0
1785863442940 601908 589284 12624 0
1785863442971 601908 589284 12624 0
1785863443002 601908 589284 12624 0
1785863443033 601908 589284 12624 0
1785863443063 601908 589284 12624 0
1785863443094 601908 589284 12624 0
1785863443125 601908 589284 12624 0
1785863443156 601908 589284 12624 0
1785863443187 601908 589284 12624 0
1785863443218 601908 589284 12624 0
1785863443248 601908 589284 12624 0
1785863443278 601908 589284 12624 0
1785863443309 601908 589284 12624 0
1785863443340 601908 589284 12624 0
1785863443371 601908 589284 12624 0
1785863443402 601908 589284 12624 0
1785863443433 601908 589284 12624 0
1785863443464 601908 589284 12624 0
1785863443494 601908 589284 12624 0
1785863443525 601908 589284 12624 0
1785863443556 601908 589284 12624 0
1785863443587 601908 589284 12624 0
1785863443617 601908 589284 12624 0
1785863443648 601908 589284 12624 0
1785863443679 601908 589284 12624 0
1785863443710 601908 589284 12624 0
1785863443741 601908 589284 12624 0
1785863443772 601908 589284 12624 0
1785863443803 601908 589284 12624 0
1785863443834 601908 589284 12624 0
1785863443865 601908 589284 12624 0
1785863443893 601908 589284 12624 0
1785863443920 601908 589284 12624 0
1785863443949 601908 589284 12624 0
1785863443980 601908 589284 12624 0
1785863444010 601908 589284 12624 0
1785863444041 601908 589284 12624 0
1785863444071 601908 589284 12624 0
1785863444101 601908 589284 12624 0
1785863444131 601908 589284 12624 0
1785863444163 601908 589284 12624 0
1785863444194 601908 589284 12624 0
1785863444225 601908 589284 12624 0
1785863444256 601908 589284 12624 0
1785863444287 601908 589284 12624 0
1785863444318 601908 589284 12624 0
1785863444349 601908 589284 12624 0
1785863444381 601908 589284 12624 0
1785863444411 601908 589284 12624 0
1785863444442 601908 589284 12624 0
1785863444472 601908 589284 12624 0
1785863444502 601908 589284 12624 0
1785863444534 601908 589284 12624 0
1785863444565 601908 589284 12624 0
1785863444596 601908 589284 12624 0
1785863444626 601908 589284 12624 0
1785863444657 601908 589284 12624 0
1785863444688 601908 589284 12624 0
1785863444719 601908 589284 12624 0
1785863444750 601908 589284 12624 0
1785863444783 601908 589284 12624 0
1785863444814 601908 589284 12624 0
1785863444846 601908 589284 12624 0
1785863444876 601908 589284 12624 0
1785863444906 601908 589284 12624 0
1785863444938 601908 589284 12624 0
1785863444970 601908 589284 12624 0
1785863445001 598948 586324 12624 0
1785863445032 598948 586324 12624 0
1785863445063 598208 585584 12624 0
1785863445094 598208 585584 12624 0
1785863445124 598208 585584 12624 0
1785863445155 597468 584844 12624 0
1785863445185 597468 584844 12624 0
1785863445215 597468 584844 12624 0
1785863445246 596728 584104 12624 0
1785863445277 594508 581884 12624 0
1785863445308 591548 578924 12624 0
1785863445339 590068 577444 12624 0
1785863445369 590068 577444 12624 0
1785863445400 590068 577444 12624 0
1785863445430 590068 577444 12624 0
1785863445460 590068 577444 12624 0
1785863445490 590068 577444 12624 0
1785863445519 590068 577444 12624 0
1785863445547 590068 577444 12624 0
1785863445577 590068 577444 12624 0
1785863445606 590068 577444 12624 0
1785863445635 590068 577444 12624 0
1785863445664 590068 577444 12624 0
1785863445691 590068 577444 12624 0
1785863445721 590068 577444 12624 0
1785863445751 590068 577444 12624 0
1785863445781 590068 577444 12624 0
1785863445811 590068 577444 12624 0
1785863445841 590068 577444 12624 0
1785863445872 590068 577444 12624 0
1785863445902 590068 577444 12624 0
1785863445931 590068 577444 12624 0
1785863445960 590068 577444 12624 0
1785863445989 590068 577444 12624 0
1785863446017 590068 577444 12624 0
1785863446047 590068 577444 12624 0
1785863446077 590068 577444 12624 0
1785863446107 589328 576704 12624 0
1785863446137 589328 576704 12624 0
1785863446167 589328 576704 12624 0
1785863446197 589328 576704 12624 0
1785863446226 589328 576704 12624 0
1785863446256 588564 575940 12624 0
1785863446286 588564 575940 12624 0
1785863446315 588564 575940 12624 0
1785863446343 588564 575940 12624 0
1785863446371 588564 575940 12624 0
1785863446399 588564 575940 12624 0
1785863446429 587800 575176 12624 0
1785863446460 585464 572844 12620 0
1785863446490 585508 572884 12624 0
1785863446519 585508 572884 12624 0
1785863446549 585508 572884 12624 0
1785863446578 585508 572884 12624 0
1785863446607 585508 572884 12624 0
1785863446636 585508 572884 12624 0
1785863446664 585508 572884 12624 0
1785863446692 580084 570548 9536 0
1785863446720 579112 566492 12620 0
1785863446750 579872 567248 12624 0
1785863446779 12064 4180 7884 0
1785863446800 410808 398184 12624 0
1785863446828 410808 398184 12624 0
1785863446853 410808 398184 12624 0
1785863446876 410808 398184 12624 0
1785863446900 410808 398184 12624 0
1785863446925 410808 398184 12624 0
1785863446950 410808 398184 12624 0
1785863446974 410808 398184 12624 0
1785863447000 410808 398184 12624 0
1785863447029 410808 398184 12624 0
1785863447058 410808 398184 12624 0
1785863447087 410808 398184 12624 0
1785863447116 410808 398184 12624 0
1785863447145 410808 398184 12624 0
1785863447174 410808 398184 12624 0
1785863447204 410808 398184 12624 0
1785863447233 410808 398184 12624 0
1785863447262 410808 398184 12624 0
1785863447291 410808 398184 12624 0
1785863447320 410808 398184 12624 0
1785863447349 410808 398184 12624 0
1785863447379 410808 398184 12624 0
1785863447408 410808 398184 12624 0
1785863447437 410808 398184 12624 0
1785863447466 410808 398184 12624 0
1785863447495 410808 398184 12624 0
1785863447528 410808 398184 12624 0
1785863447557 410808 398184 12624 0
1785863447586 410808 398184 12624 0
1785863447615 410808 398184 12624 0
1785863447642 410808 398184 12624 0
1785863447671 410808 398184 12624 0
1785863447700 410808 398184 12624 0
1785863447731 410808 398184 12624 0
1785863447760 410808 398184 12624 0
1785863447789 410808 398184 12624 0
1785863447818 410808 398184 12624 0
1785863447847 410808 398184 12624 0
1785863447876 410808 398184 12624 0
1785863447901 410808 398184 12624 0
1785863447930 410808 398184 12624 0
1785863447959 410808 398184 12624 0
1785863447985 410808 398184 12624 0
1785863448016 410808 398184 12624 0
1785863448044 410808 398184 12624 0
1785863448070 410808 398184 12624 0
1785863448099 410808 398184 12624 0
1785863448128 410808 398184 12624 0
1785863448157 410808 398184 12624 0
1785863448184 410808 398184 12624 0
1785863448211 410808 398184 12624 0
1785863448236 410808 398184 12624 0
1785863448260 410808 398184 12624 0
1785863448283 410808 398184 12624 0
1785863448306 410808 398184 12624 0
1785863448329 410808 398184 12624 0
1785863448353 410808 398184 12624 0
1785863448376 410808 398184 12624 0
1785863448399 410808 398184 12624 0
1785863448425 410808 398184 12624 0
1785863448449 410808 398184 12624 0
1785863448473 410808 398184 12624 0
1785863448501 410808 398184 12624 0
1785863448530 410808 398184 12624 0
1785863448555 410808 398184 12624 0
1785863448585 410808 398184 12624 0
1785863448611 410808 398184 12624 0
1785863448635 410808 398184 12624 0
1785863448659 410808 398184 12624 0
1785863448688 410808 398184 12624 0
1785863448716 410808 398184 12624 0
1785863448746 410808 398184 12624 0
1785863448774 410808 398184 12624 0
1785863448799 410808 398184 12624 0
1785863448822 410808 398184 12624 0
1785863448852 410808 398184 12624 0
1785863448880 410808 398184 12624 0
1785863448908 410808 398184 12624 0
1785863448937 410808 398184 12624 0
1785863448962 410808 398184 12624 0
1785863448987 410808 398184 12624 0
1785863449013 410808 398184 12624 0
1785863449043 410808 398184 12624 0
1785863449071 410808 398184 12624 0
1785863449100 410808 398184 12624 0
1785863449128 410808 398184 12624 0
1785863449153 410808 398184 12624 0
1785863449176 410808 398184 12624 0
1785863449204 410808 398184 12624 0
1785863449233 410808 398184 12624 0
1785863449260 410808 398184 12624 0
1785863449289 410808 398184 12624 0
1785863449313 410808 398184 12624 0
1785863449336 410808 398184 12624 0
1785863449362 410808 398184 12624 0
1785863449391 410808 398184 12624 0
1785863449419 410808 398184 12624 0
1785863449448 410808 398184 12624 0
1785863449474 410808 398184 12624 0
1785863449497 410808 398184 12624 0
1785863449520 410808 398184 12624 0
1785863449549 410808 398184 12624 0
1785863449577 410808 398184 12624 0
1785863449606 410808 398184 12624 0
1785863449635 410808 398184 12624 0
1785863449660 410808 398184 12624 0
1785863449684 410808 398184 12624 0
1785863449713 410808 398184 12624 0
1785863449742 410808 398184 12624 0
1785863449771 410808 398184 12624 0
1785863449799 410808 398184 12624 0
1785863449824 410808 398184 12624 0
1785863449849 410808 398184 12624 0
1785863449878 410808 398184 12624 0
1785863449907 410808 398184 12624 0
1785863449936 410808 398184 12624 0
1785863449964 410808 398184 12624 0
1785863449989 410808 398184 12624 0
1785863450015 410808 398184 12624 0
1785863450044 410808 398184 12624 0
1785863450073 410808 398184 12624 0
1785863450102 410808 398184 12624 0
1785863450127 410808 398184 12624 0
1785863450150 410808 398184 12624 0
1785863450174 410808 398184 12624 0
1785863450202 410808 398184 12624 0
1785863450231 410808 398184 12624 0
1785863450259 410808 398184 12624 0
1785863450289 410808 398184 12624 0
1785863450314 410808 398184 12624 0
1785863450337 410808 398184 12624 0
1785863450367 410808 398184 12624 0
1785863450396 410808 398184 12624 0
1785863450424 410808 398184 12624 0
1785863450451 410808 398184 12624 0
1785863450477 410808 398184 12624 0
1785863450500 410808 398184 12624 0
1785863450523 410808 398184 12624 0
1785863450546 410808 398184 12624 0
1785863450569 410808 398184 12624 0
1785863450593 410808 398184 12624 0
1785863450616 410808 398184 12624 0
1785863450639 410808 398184 12624 0
1785863450661 410808 398184 12624 0
1785863450685 410808 398184 12624 0
1785863450708 410808 398184 12624 0
1785863450732 410808 398184 12624 0
1785863450755 410808 398184 12624 0
1785863450784 410808 398184 12624 0
1785863450813 410808 398184 12624 0
1785863450842 410808 398184 12624 0
1785863450871 410808 398184 12624 0
1785863450896 410808 398184 12624 0
1785863450919 410808 398184 12624 0
1785863450947 410808 398184 12624 0
1785863450976 410808 398184 12624 0
1785863451005 410808 398184 12624 0
1785863451032 410808 398184 12624 0
1785863451058 410808 398184 12624 0
1785863451084 410808 398184 12624 0
1785863451109 410808 398184 12624 0
1785863451133 410808 398184 12624 0
1785863451157 410808 398184 12624 0
1785863451182 410808 398184 12624 0
1785863451214 410808 398184 12624 0
1785863451243 410808 398184 12624 0
1785863451271 410808 398184 12624 0
1785863451297 410808 398184 12624 0
1785863451320 410808 398184 12624 0
1785863451343 410808 398184 12624 0
1785863451367 410808 398184 12624 0
1785863451393 408472 395852 12620 0
1785863451422 418944 406320 12624 0
1785863451451 418944 406320 12624 0
1785863451479 418944 406320 12624 0
1785863451503 418944 406320 12624 0
1785863451527 418944 406320 12624 0
1785863451551 418944 406320 12624 0
1785863451577 418944 406320 12624 0
1785863451603 418944 406320 12624 0
1785863451629 418944 406320 12624 0
1785863451655 418944 406320 12624 0
1785863451682 419440 406816 12624 0
1785863451708 423968 411344 12624 0
1785863451736 425488 412864 12624 0
1785863451765 425984 413360 12624 0
1785863451794 425984 413360 12624 0
1785863451819 425984 413360 12624 0
1785863451843 425984 413360 12624 0
1785863451871 426992 414368 12624 0
1785863451898 426992 414368 12624 0
1785863451926 426992 414368 12624 0
1785863451955 426992 414368 12624 0
1785863451982 426992 414368 12624 0
1785863452006 426992 414368 12624 0
1785863452030 426992 414368 12624 0
1785863452057 426992 414368 12624 0
1785863452085 426992 414368 12624 0
1785863452112 426992 414368 12624 0
1785863452140 426992 414368 12624 0
1785863452166 426992 414368 12624 0
1785863452189 426992 414368 12624 0
1785863452213 429084 416464 12620 0
1785863452241 430108 417488 12620 0
1785863452269 432564 419940 12624 0
1785863452297 435132 422508 12624 0
1785863452324 435132 422508 12624 0
1785863452349 435132 422508 12624 0
1785863452373 436660 424036 12624 0
1785863452398 434260 421636 12624 0
1785863452424 428980 416356 12624 0
1785863452452 428980 416356 12624 0
1785863452479 428980 416356 12624 0
1785863452505 428980 416356 12624 0
1785863452531 428980 416356 12624 0
1785863452557 428980 416356 12624 0
1785863452583 428484 415860 12624 0
1785863452610 427524 414900 12624 0
1785863452639 427556 414932 12624 0
1785863452668 420460 407836 12624 0
1785863452696 420556 407932 12624 0
1785863452723 61296 53392 7904 0
1785863452744 420756 408132 12624 0
1785863452772 416788 406176 10612 0
1785863452808 429324 416700 12624 0
1785863452836 429324 416700 12624 0
1785863452865 429812 417188 12624 0
1785863452893 429812 417188 12624 0
1785863452921 430248 417624 12624 0
1785863452948 430684 418060 12624 0
1785863452976 430684 418060 12624 0
1785863453004 434172 421548 12624 0
1785863453033 435044 422420 12624 0
1785863453062 436788 424164 12624 0
1785863453090 436788 424164 12624 0
1785863453117 436788 424164 12624 0
1785863453145 437048 424424 12624 0
1785863453173 437048 424424 12624 0
1785863453198 437308 424684 12624 0
1785863453227 437336 424712 12624 0
1785863453258 437384 424760 12624 0
1785863453286 438924 426300 12624 0
1785863453316 80600 73324 7276 0
1785863453340 450964 438340 12624 0
1785863453370 450964 438340 12624 0
1785863453398 450964 438340 12624 0
1785863453424 450964 438340 12624 0
1785863453448 450964 438340 12624 0
1785863453473 450964 438340 12624 0
1785863453501 451220 438596 12624 0
1785863453531 451476 438852 12624 0
1785863453560 451732 439108 12624 0
1785863453589 451732 439108 12624 0
1785863453616 451732 439108 12624 0
1785863453641 451732 439108 12624 0
1785863453668 451732 439108 12624 0
1785863453696 451988 439364 12624 0
1785863453726 452244 439620 12624 0
1785863453756 452500 439876 12624 0
1785863453784 452500 439876 12624 0
1785863453809 452500 439876 12624 0
1785863453833 454804 442180 12624 0
1785863453868 452724 440104 12620 0
1785863453899 36240 28356 7884 0
1785863453922 490768 478144 12624 0
1785863453951 490768 478144 12624 0
1785863453979 490768 478144 12624 0
1785863454004 491652 479028 12624 0
1785863454030 504936 492316 12620 0
1785863454060 505928 493304 12624 0
1785863454093 508864 496240 12624 0
1785863454123 508864 496240 12624 0
1785863454153 508864 496240 12624 0
1785863454180 508864 496240 12624 0
1785863454205 508140 495516 12624 0
1785863454236 509160 496536 12624 0
1785863454267 509672 497048 12624 0
1785863454298 508932 496308 12624 0
1785863454328 508932 496308 12624 0
1785863454358 508932 496308 12624 0
1785863454389 508932 496308 12624 0
1785863454419 508932 496308 12624 0
1785863454449 508692 496068 12624 0
1785863454480 507456 494832 12624 0
1785863454508 507456 494832 12624 0
1785863454536 507456 494832 12624 0
1785863454561 507456 494832 12624 0
1785863454590 501540 488916 12624 0
1785863454620 501540 488916 12624 0
1785863454650 501540 488916 12624 0
1785863454677 501540 488916 12624 0
1785863454703 498820 486196 12624 0
1785863454733 497844 485220 12624 0
1785863454763 497844 485220 12624 0
1785863454792 497844 485220 12624 0
1785863454821 497844 485220 12624 0
1785863454847 497844 485220 12624 0
1785863454871 497844 485220 12624 0
1785863454901 497104 484480 12624 0
1785863454942 497104 484480 12624 0
1785863454973 495576 482952 12624 0
1785863455004 494812 482188 12624 0
1785863455036 492788 480164 12624 0
1785863455066 492524 479900 12624 0
1785863455096 489160 476540 12620 0
1785863455125 486280 473660 12620 0
1785863455154 486416 473792 12624 0
1785863455182 486416 473792 12624 0
1785863455209 486416 473792 12624 0
1785863455234 494552 481928 12624 0
1785863455266 494552 481928 12624 0
1785863455294 494552 481928 12624 0
1785863455322 494552 481928 12624 0
1785863455349 494552 481928 12624 0
1785863455377 494552 481928 12624 0
1785863455405 494552 481928 12624 0
1785863455432 501096 488472 12624 0
1785863455461 501592 488968 12624 0
1785863455491 502088 489464 12624 0
1785863455521 502600 489976 12624 0
1785863455550 502600 489976 12624 0
1785863455579 502600 489976 12624 0
1785863455605 502600 489976 12624 0
1785863455634 502600 489976 12624 0
1785863455661 502600 489976 12624 0
1785863455690 502600 489976 12624 0
1785863455720 495692 487872 7820 0
1785863455750 508292 495672 12620 0
1785863455784 513592 500968 12624 0
1785863455821 513592 500968 12624 0
1785863455849 513600 500976 12624 0
1785863455879 513632 501008 12624 0
1785863455908 513632 501008 12624 0
1785863455936 514324 501700 12624 0
1785863455967 514416 501792 12624 0
1785863455997 512080 499460 12620 0
1785863456027 514584 501960 12624 0
1785863456056 514584 501960 12624 0
1785863456082 514584 501960 12624 0
1785863456107 514584 501960 12624 0
1785863456133 514584 501960 12624 0
1785863456157 514584 501960 12624 0
1785863456182 514584 501960 12624 0
1785863456206 514584 501960 12624 0
1785863456230 514584 501960 12624 0
1785863456255 514584 501960 12624 0
1785863456279 514584 501960 12624 0
1785863456307 514584 501960 12624 0
1785863456332 514584 501960 12624 0
1785863456357 514584 501960 12624 0
1785863456383 513696 501072 12624 0
1785863456413 513784 501160 12624 0
1785863456441 513784 501160 12624 0
1785863456471 513784 501160 12624 0
1785863456500 513784 501160 12624 0
1785863456526 513784 501160 12624 0
1785863456551 513784 501160 12624 0
1785863456579 512176 499552 12624 0
1785863456609 512176 499552 12624 0
1785863456639 510568 497944 12624 0
1785863456668 510568 497944 12624 0
1785863456698 509496 496872 12624 0
1785863456727 508424 495800 12624 0
1785863456756 506280 493656 12624 0
1785863456784 506280 493656 12624 0
1785863456812 506280 493656 12624 0
1785863456842 506280 493656 12624 0
1785863456871 506280 493656 12624 0
1785863456900 506280 493656 12624 0
1785863456930 506280 493656 12624 0
1785863456958 506280 493656 12624 0
1785863456985 506280 493656 12624 0
1785863457013 506280 493656 12624 0
1785863457039 506280 493656 12624 0
1785863457068 506280 493656 12624 0
1785863457097 505168 492544 12624 0
1785863457125 500600 487976 12624 0
1785863457155 499368 486744 12624 0
1785863457184 502296 489672 12624 0
1785863457213 502432 489808 12624 0
1785863457243 496428 488928 7500 0
1785863457274 507672 495048 12624 0
1785863457303 507672 495048 12624 0
1785863457332 507672 495048 12624 0
1785863457361 507672 495048 12624 0
1785863457388 507672 495048 12624 0
1785863457414 507672 495048 12624 0
1785863457442 509912 497288 12624 0
1785863457472 512792 500168 12624 0
1785863457502 512792 500168 12624 0
1785863457533 512792 500168 12624 0
1785863457563 512792 500168 12624 0
1785863457593 512792 500168 12624 0
1785863457622 512296 499672 12624 0
1785863457650 512296 499672 12624 0
1785863457677 512296 499672 12624 0
1785863457703 512296 499672 12624 0
1785863457733 511800 499176 12624 0
1785863457763 510808 498184 12624 0
1785863457792 504360 491736 12624 0
1785863457822 504360 491736 12624 0
1785863457850 499520 486900 12620 0
1785863457882 496352 483728 12624 0
1785863457909 496352 483728 12624 0
1785863457937 496352 483728 12624 0
1785863457965 496352 483728 12624 0
1785863457995 496352 483728 12624 0
1785863458023 496352 483728 12624 0
1785863458051 496352 483728 12624 0
1785863458078 496352 483728 12624 0
1785863458105 496352 483728 12624 0
1785863458133 496352 483728 12624 0
1785863458159 496352 483728 12624 0
1785863458185 496352 483728 12624 0
1785863458213 496352 483728 12624 0
1785863458238 496352 483728 12624 0
1785863458265 496352 483728 12624 0
1785863458292 496352 483728 12624 0
1785863458318 496352 483728 12624 0
1785863458344 496352 483728 12624 0
1785863458371 496352 483728 12624 0
1785863458398 496352 483728 12624 0
1785863458425 496352 483728 12624 0
1785863458455 496352 483728 12624 0
1785863458486 496352 483728 12624 0
1785863458516 496352 483728 12624 0
1785863458547 496352 483728 12624 0
1785863458577 496352 483728 12624 0
1785863458607 496352 483728 12624 0
1785863458638 496352 483728 12624 0
1785863458668 496352 483728 12624 0
1785863458698 496352 483728 12624 0
1785863458728 496352 483728 12624 0
1785863458758 496352 483728 12624 0
1785863458788 496352 483728 12624 0
1785863458819 496352 483728 12624 0
1785863458849 496352 483728 12624 0
1785863458879 496352 483728 12624 0
1785863458909 496352 483728 12624 0
1785863458939 496352 483728 12624 0
1785863458970 496352 483728 12624 0
1785863459000 496352 483728 12624 0
1785863459031 496352 483728 12624 0
1785863459061 496352 483728 12624 0
1785863459091 496352 483728 12624 0
1785863459121 496352 483728 12624 0
1785863459151 496352 483728 12624 0
1785863459180 496352 483728 12624 0
1785863459209 496352 483728 12624 0
1785863459237 496352 483728 12624 0
1785863459263 496352 483728 12624 0
1785863459290 496352 483728 12624 0
1785863459316 496352 483728 12624 0
1785863459342 496352 483728 12624 0
1785863459370 496352 483728 12624 0
1785863459396 496352 483728 12624 0
1785863459423 496352 483728 12624 0
1785863459450 496352 483728 12624 0
1785863459480 496352 483728 12624 0
1785863459511 496352 483728 12624 0
1785863459540 496352 483728 12624 0
1785863459570 496352 483728 12624 0
1785863459600 496352 483728 12624 0
1785863459630 496352 483728 12624 0
1785863459660 496352 483728 12624 0
1785863459690 496352 483728 12624 0
1785863459720 496352 483728 12624 0
1785863459751 496352 483728 12624 0
1785863459781 496352 483728 12624 0
1785863459811 496352 483728 12624 0
1785863459841 496352 483728 12624 0
1785863459872 496352 483728 12624 0
1785863459902 496352 483728 12624 0
1785863459932 496352 483728 12624 0
1785863459962 496352 483728 12624 0
1785863459992 496352 483728 12624 0
1785863460023 496352 483728 12624 0
1785863460053 496352 483728 12624 0
1785863460083 496352 483728 12624 0
1785863460113 496352 483728 12624 0
1785863460142 496352 483728 12624 0
1785863460171 496352 483728 12624 0
1785863460199 496352 483728 12624 0
1785863460228 496352 483728 12624 0
1785863460256 496352 483728 12624 0
1785863460282 496352 483728 12624 0
1785863460309 496352 483728 12624 0
1785863460335 496352 483728 12624 0
1785863460361 496352 483728 12624 0
1785863460388 496352 483728 12624 0
1785863460414 496352 483728 12624 0
1785863460442 496352 483728 12624 0
1785863460470 496352 483728 12624 0
1785863460500 496352 483728 12624 0
1785863460530 496352 483728 12624 0
1785863460561 496352 483728 12624 0
1785863460591 496352 483728 12624 0
1785863460621 496352 483728 12624 0
1785863460651 496352 483728 12624 0
1785863460682 496352 483728 12624 0
1785863460712 496352 483728 12624 0
1785863460742 496352 483728 12624 0
1785863460772 496352 483728 12624 0
1785863460802 496352 483728 12624 0
1785863460832 496352 483728 12624 0
1785863460862 496352 483728 12624 0
1785863460893 496352 483728 12624 0
1785863460923 496352 483728 12624 0
1785863460953 496352 483728 12624 0
1785863460983 496352 483728 12624 0
1785863461013 496352 483728 12624 0
1785863461042 496352 483728 12624 0
1785863461071 496352 483728 12624 0
1785863461100 496352 483728 12624 0
1785863461129 496352 483728 12624 0
1785863461157 496352 483728 12624 0
1785863461185 496352 483728 12624 0
1785863461212 496352 483728 12624 0
1785863461243 496352 483728 12624 0
1785863461274 496352 483728 12624 0
1785863461305 496352 483728 12624 0
1785863461336 496352 483728 12624 0
1785863461367 496352 483728 12624 0
1785863461398 496352 483728 12624 0
1785863461429 496352 483728 12624 0
1785863461460 496352 483728 12624 0
1785863461492 496352 483728 12624 0
1785863461523 496352 483728 12624 0
1785863461555 496352 483728 12624 0
1785863461586 496352 483728 12624 0
1785863461616 496352 483728 12624 0
1785863461655 496352 483728 12624 0
1785863461685 496352 483728 12624 0
1785863461716 496352 483728 12624 0
1785863461747 496352 483728 12624 0
1785863461778 496352 483728 12624 0
1785863461809 496352 483728 12624 0
1785863461840 496352 483728 12624 0
1785863461872 496352 483728 12624 0
1785863461904 496352 483728 12624 0
1785863461936 496352 483728 12624 0
1785863461968 496352 483728 12624 0
1785863462001 496352 483728 12624 0
1785863462032 496352 483728 12624 0
1785863462063 496352 483728 12624 0
1785863462092 496352 483728 12624 0
1785863462122 496352 483728 12624 0
1785863462152 496352 483728 12624 0
1785863462182 496352 483728 12624 0
1785863462212 496352 483728 12624 0
1785863462243 496352 483728 12624 0
1785863462274 496352 483728 12624 0
1785863462306 496352 483728 12624 0
1785863462337 496352 483728 12624 0
1785863462369 496352 483728 12624 0
1785863462401 496352 483728 12624 0
1785863462432 496352 483728 12624 0
1785863462463 496352 483728 12624 0
1785863462493 496352 483728 12624 0
1785863462523 496352 483728 12624 0
1785863462554 496352 483728 12624 0
1785863462586 496352 483728 12624 0
1785863462617 496352 483728 12624 0
1785863462649 496352 483728 12624 0
1785863462680 496352 483728 12624 0
1785863462712 496352 483728 12624 0
1785863462744 496352 483728 12624 0
1785863462776 496352 483728 12624 0
1785863462808 496352 483728 12624 0
1785863462839 496352 483728 12624 0
1785863462871 496352 483728 12624 0
1785863462901 496352 483728 12624 0
1785863462931 496352 483728 12624 0
1785863462961 496352 483728 12624 0
1785863462993 496352 483728 12624 0
1785863463024 496352 483728 12624 0
1785863463055 496352 483728 12624 0
1785863463087 496352 483728 12624 0
1785863463119 496352 483728 12624 0
1785863463151 496352 483728 12624 0
1785863463183 496352 483728 12624 0
1785863463215 496352 483728 12624 0
1785863463247 496352 483728 12624 0
1785863463279 496352 483728 12624 0
1785863463312 496352 483728 12624 0
1785863463343 496352 483728 12624 0
1785863463373 496352 483728 12624 0
1785863463402 496352 483728 12624 0
1785863463432 496352 483728 12624 0
1785863463461 496352 483728 12624 0
1785863463492 496352 483728 12624 0
1785863463522 496352 483728 12624 0
1785863463553 496352 483728 12624 0
1785863463584 496352 483728 12624 0
1785863463616 496352 483728 12624 0
1785863463647 496352 483728 12624 0
1785863463679 496352 483728 12624 0
1785863463710 496352 483728 12624 0
1785863463741 496352 483728 12624 0
1785863463772 496352 483728 12624 0
1785863463803 496352 483728 12624 0
1785863463832 496352 483728 12624 0
1785863463863 496352 483728 12624 0
1785863463895 496352 483728 12624 0
1785863463926 496352 483728 12624 0
1785863463958 496352 483728 12624 0
1785863463990 496352 483728 12624 0
1785863464021 496352 483728 12624 0
1785863464053 496352 483728 12624 0
1785863464085 496352 483728 12624 0
1785863464116 496352 483728 12624 0
1785863464148 496352 483728 12624 0
1785863464179 496352 483728 12624 0
1785863464209 496352 483728 12624 0
1785863464239 496352 483728 12624 0
1785863464269 496352 483728 12624 0
1785863464300 496352 483728 12624 0
1785863464332 496352 483728 12624 0
1785863464364 496352 483728 12624 0
1785863464396 496352 483728 12624 0
1785863464428 496352 483728 12624 0
1785863464461 496352 483728 12624 0
1785863464493 496352 483728 12624 0
1785863464525 496352 483728 12624 0
1785863464557 496352 483728 12624 0
1785863464589 496352 483728 12624 0
1785863464621 496352 483728 12624 0
1785863464652 496352 483728 12624 0
1785863464681 496352 483728 12624 0
1785863464710 496352 483728 12624 0
1785863464740 496352 483728 12624 0
1785863464770 496352 483728 12624 0
1785863464801 496352 483728 12624 0
1785863464831 496352 483728 12624 0
1785863464861 496352 483728 12624 0
1785863464892 496352 483728 12624 0
1785863464921 496352 483728 12624 0
1785863464953 496352 483728 12624 0
1785863464984 496352 483728 12624 0
1785863465015 496352 483728 12624 0
1785863465046 496352 483728 12624 0
1785863465078 496352 483728 12624 0
1785863465107 496352 483728 12624 0
1785863465137 496352 483728 12624 0
1785863465165 496352 483728 12624 0
1785863465192 494016 481396 12620 0
1785863465220 504360 491736 12624 0
1785863465260 504360 491736 12624 0
1785863465289 504360 491736 12624 0
1785863465317 504360 491736 12624 0
1785863465344 504360 491736 12624 0
1785863465371 504360 491736 12624 0
1785863465398 504360 491736 12624 0
1785863465425 504360 491736 12624 0
1785863465452 504360 491736 12624 0
1785863465479 504360 491736 12624 0
1785863465506 504360 491736 12624 0
1785863465533 504360 491736 12624 0
1785863465560 504360 491736 12624 0
1785863465588 507416 494792 12624 0
1785863465616 512536 499912 12624 0
1785863465647 512536 499912 12624 0
1785863465677 512536 499912 12624 0
1785863465705 512536 499912 12624 0
1785863465735 512536 499912 12624 0
1785863465765 512536 499912 12624 0
1785863465794 512536 499912 12624 0
1785863465823 512536 499912 12624 0
1785863465853 512536 499912 12624 0
1785863465880 512536 499912 12624 0
1785863465906 512536 499912 12624 0
1785863465933 512536 499912 12624 0
1785863465962 512536 499912 12624 0
1785863465992 512536 499912 12624 0
1785863466020 512536 499912 12624 0
1785863466049 510216 497596 12620 0
1785863466080 512560 499936 12624 0
1785863466110 512564 499940 12624 0
1785863466140 504960 492336 12624 0
1785863466169 504960 492336 12624 0
1785863466197 504960 492336 12624 0
1785863466224 504960 492336 12624 0
1785863466250 504960 492336 12624 0
1785863466277 504960 492336 12624 0
1785863466303 504960 492336 12624 0
1785863466330 504464 491840 12624 0
1785863466358 504464 491840 12624 0
1785863466385 504544 491920 12624 0
1785863466414 503968 491344 12624 0
1785863466444 504208 491584 12624 0
1785863466471 500400 487776 12624 0
1785863466501 500400 487776 12624 0
1785863466530 499120 486496 12624 0
1785863466559 499120 486496 12624 0
1785863466587 504488 491864 12624 0
1785863466617 504488 491864 12624 0
1785863466645 504488 491864 12624 0
1785863466673 504488 491864 12624 0
1785863466701 504488 491864 12624 0
1785863466728 507760 495136 12624 0
1785863466757 511016 498392 12624 0
1785863466787 512544 499920 12624 0
1785863466817 501652 496912 4740 0
1785863466850 510316 497696 12620 0
1785863466880 512688 500064 12624 0
1785863466909 512688 500064 12624 0
1785863466938 510352 497732 12620 0
1785863466967 512792 500168 12624 0
1785863466996 512792 500168 12624 0
1785863467024 512792 500168 12624 0
1785863467054 512792 500168 12624 0
1785863467082 512792 500168 12624 0
1785863467111 512792 500168 12624 0
1785863467138 512792 500168 12624 0
1785863467163 512792 500168 12624 0
1785863467189 512792 500168 12624 0
1785863467218 513044 500420 12624 0
1785863467248 513044 500420 12624 0
1785863467278 513044 500420 12624 0
1785863467308 513044 500420 12624 0
1785863467336 513044 500420 12624 0
1785863467363 513044 500420 12624 0
1785863467388 513044 500420 12624 0
1785863467413 513044 500420 12624 0
1785863467437 513044 500420 12624 0
1785863467461 513044 500420 12624 0
1785863467486 513044 500420 12624 0
1785863467510 513044 500420 12624 0
1785863467534 513044 500420 12624 0
1785863467558 513044 500420 12624 0
1785863467583 513044 500420 12624 0
1785863467608 513044 500420 12624 0
1785863467633 513044 500420 12624 0
1785863467660 513044 500420 12624 0
1785863467689 513044 500420 12624 0
1785863467716 514520 501896 12624 0
1785863467744 514520 501896 12624 0
1785863467772 514520 501896 12624 0
1785863467802 514024 501400 12624 0
1785863467830 514024 501400 12624 0
1785863467857 514024 501400 12624 0
1785863467881 514024 501400 12624 0
1785863467908 516060 503436 12624 0
1785863467937 516080 503456 12624 0
1785863467966 516080 503456 12624 0
1785863467996 516080 503456 12624 0
1785863468024 516080 503456 12624 0
1785863468049 516080 503456 12624 0
1785863468074 516080 503456 12624 0
1785863468102 516080 503456 12624 0
1785863468131 516080 503456 12624 0
1785863468159 517328 504704 12624 0
1785863468188 517328 504704 12624 0
1785863468215 517328 504704 12624 0
1785863468240 517328 504704 12624 0
1785863468264 517328 504704 12624 0
1785863468293 521612 508988 12624 0
1785863468323 525292 512672 12620 0
1785863468354 531440 518816 12624 0
1785863468383 531440 518816 12624 0
1785863468410 535308 522684 12624 0
1785863468438 533820 521196 12624 0
1785863468468 533324 520700 12624 0
1785863468498 527868 515244 12624 0
1785863468527 527868 515244 12624 0
1785863468556 527868 515244 12624 0
1785863468585 527868 515244 12624 0
1785863468611 527868 515244 12624 0
1785863468640 527868 515244 12624 0
1785863468667 527868 515244 12624 0
1785863468694 527868 515244 12624 0
1785863468722 527372 514748 12624 0
1785863468751 527372 514748 12624 0
1785863468780 527372 514748 12624 0
1785863468809 527372 514748 12624 0
1785863468838 527372 514748 12624 0
1785863468866 527372 514748 12624 0
1785863468896 523036 510416 12620 0
1785863468925 521828 509204 12624 0
1785863468954 476528 463904 12624 0
1785863468984 480008 467384 12624 0
1785863469013 480008 467384 12624 0
1785863469042 480008 467384 12624 0
1785863469070 480008 467384 12624 0
1785863469095 480008 467384 12624 0
1785863469121 481000 468376 12624 0
1785863469155 488056 475432 12624 0
1785863469185 488060 475436 12624 0
1785863469214 485788 473168 12620 0
1785863469244 488188 475564 12624 0
1785863469272 488188 475564 12624 0
1785863469299 488188 475564 12624 0
1785863469324 488188 475564 12624 0
1785863469347 488188 475564 12624 0
1785863469374 488188 475564 12624 0
1785863469401 488188 475564 12624 0
1785863469428 488188 475564 12624 0
1785863469454 488256 475632 12624 0
1785863469484 485996 473376 12620 0
1785863469525 488608 475984 12624 0
1785863469554 488608 475984 12624 0
1785863469580 488608 475984 12624 0
1785863469605 489368 476744 12624 0
1785863469634 487212 474592 12620 0
1785863469664 489564 476940 12624 0
1785863469695 490552 477928 12624 0
1785863469724 490552 477928 12624 0
1785863469751 490552 477928 12624 0
1785863469776 490552 477928 12624 0
1785863469800 490552 477928 12624 0
1785863469828 490552 477928 12624 0
1785863469857 490552 477928 12624 0
1785863469886 490552 477928 12624 0
1785863469916 490552 477928 12624 0
1785863469946 490552 477928 12624 0
1785863469976 490552 477928 12624 0
1785863470005 490552 477928 12624 0
1785863470035 490552 477928 12624 0
1785863470065 490552 477928 12624 0
1785863470096 490552 477928 12624 0
1785863470126 490552 477928 12624 0
1785863470155 490552 477928 12624 0
1785863470186 488216 475596 12620 0
1785863470217 491888 479264 12624 0
1785863470247 492912 480288 12624 0
1785863470277 492912 480288 12624 0
1785863470307 492912 480288 12624 0
1785863470335 492912 480288 12624 0
1785863470364 492912 480288 12624 0
1785863470387 492912 480288 12624 0
1785863470412 492912 480288 12624 0
1785863470441 490576 477956 12620 0
1785863470470 503912 491292 12620 0
1785863470500 510344 497720 12624 0
1785863470529 510344 497720 12624 0
1785863470554 510344 497720 12624 0
1785863470579 530824 518200 12624 0
1785863470608 530824 518200 12624 0
1785863470636 530824 518200 12624 0
1785863470663 530824 518200 12624 0
1785863470691 530824 518200 12624 0
1785863470716 530824 518200 12624 0
1785863470740 530824 518200 12624 0
1785863470767 530824 518200 12624 0
1785863470792 530824 518200 12624 0
1785863470819 532872 520248 12624 0
1785863470848 533464 520840 12624 0
1785863470877 533464 520840 12624 0
1785863470905 533464 520840 12624 0
1785863470931 535808 523184 12624 0
1785863470960 535808 523184 12624 0
1785863470990 535808 523184 12624 0
1785863471018 535808 523184 12624 0
1785863471046 536540 523916 12624 0
1785863471076 536540 523916 12624 0
1785863471106 536540 523916 12624 0
1785863471135 536540 523916 12624 0
1785863471160 536540 523916 12624 0
1785863471184 536540 523916 12624 0
1785863471214 536540 523916 12624 0
1785863471243 536540 523916 12624 0
1785863471272 536540 523916 12624 0
1785863471301 536592 523968 12624 0
1785863471330 537100 524476 12624 0
1785863471360 537100 524476 12624 0
1785863471387 537100 524476 12624 0
1785863471412 537100 524476 12624 0
1785863471436 537100 524476 12624 0
1785863471463 537100 524476 12624 0
1785863471492 537100 524476 12624 0
1785863471521 537100 524476 12624 0
1785863471550 537100 524476 12624 0
1785863471580 537100 524476 12624 0
1785863471609 537100 524476 12624 0
1785863471638 537100 524476 12624 0
1785863471668 537100 524476 12624 0
1785863471697 537100 524476 12624 0
1785863471727 537100 524476 12624 0
1785863471754 537608 524984 12624 0
1785863471783 537608 524984 12624 0
1785863471813 537608 524984 12624 0
1785863471843 537608 524984 12624 0
1785863471872 537608 524984 12624 0
1785863471901 537608 524984 12624 0
1785863471930 537608 524984 12624 0
1785863471960 537608 524984 12624 0
1785863471990 537608 524984 12624 0
1785863472019 537608 524984 12624 0
1785863472049 537608 524984 12624 0
1785863472080 537608 524984 12624 0
1785863472109 537608 524984 12624 0
1785863472138 537608 524984 12624 0
1785863472163 537608 524984 12624 0
1785863472188 537608 524984 12624 0
1785863472216 537608 524984 12624 0
1785863472246 537608 524984 12624 0
1785863472275 537608 524984 12624 0
1785863472305 537608 524984 12624 0
1785863472335 537608 524984 12624 0
1785863472364 537608 524984 12624 0
1785863472393 537608 524984 12624 0
1785863472421 537608 524984 12624 0
1785863472449 537608 524984 12624 0
1785863472479 537608 524984 12624 0
1785863472510 537608 524984 12624 0
1785863472539 537608 524984 12624 0
1785863472569 537808 525184 12624 0
1785863472599 537808 525184 12624 0
1785863472629 537808 525184 12624 0
1785863472657 537808 525184 12624 0
1785863472682 537808 525184 12624 0
1785863472707 537808 525184 12624 0
1785863472731 537808 525184 12624 0
1785863472755 537808 525184 12624 0
1785863472780 537808 525184 12624 0
1785863472804 537808 525184 12624 0
1785863472828 537808 525184 12624 0
1785863472852 537808 525184 12624 0
1785863472877 537808 525184 12624 0
1785863472902 537808 525184 12624 0
1785863472926 537808 525184 12624 0
1785863472950 537808 525184 12624 0
1785863472979 538008 525384 12624 0
1785863473009 538208 525584 12624 0
1785863473039 539208 526584 12624 0
1785863473070 539208 526584 12624 0
1785863473098 539208 526584 12624 0
1785863473123 539208 526584 12624 0
1785863473149 539208 526584 12624 0
1785863473178 539208 526584 12624 0
1785863473208 539208 526584 12624 0
1785863473237 539208 526584 12624 0
1785863473267 539808 527184 12624 0
1785863473298 540808 528184 12624 0
1785863473328 540808 528184 12624 0
1785863473356 540808 528184 12624 0
1785863473381 540808 528184 12624 0
1785863473406 540808 528184 12624 0
1785863473434 540808 528184 12624 0
1785863473466 540808 528184 12624 0
1785863473495 540808 528184 12624 0
1785863473525 541348 528724 12624 0
1785863473556 541528 528904 12624 0
1785863473585 541528 528904 12624 0
1785863473615 541528 528904 12624 0
1785863473642 541528 528904 12624 0
1785863473667 541528 528904 12624 0
1785863473697 541528 528904 12624 0
1785863473726 541528 528904 12624 0
1785863473756 541528 528904 12624 0
1785863473785 541528 528904 12624 0
1785863473812 541528 528904 12624 0
1785863473837 541528 528904 12624 0
1785863473861 541528 528904 12624 0
1785863473891 543688 531064 12624 0
1785863473922 543688 531064 12624 0
1785863473952 543688 531064 12624 0
1785863473981 543688 531064 12624 0
1785863474008 543688 531064 12624 0
1785863474032 543688 531064 12624 0
1785863474059 543688 531064 12624 0
1785863474087 543688 531064 12624 0
1785863474117 543688 531064 12624 0
1785863474147 543688 531064 12624 0
1785863474177 543688 531064 12624 0
1785863474207 543688 531064 12624 0
1785863474237 543688 531064 12624 0
1785863474265 543688 531064 12624 0
1785863474295 543688 531064 12624 0
1785863474325 543688 531064 12624 0
1785863474355 543688 531064 12624 0
1785863474385 543688 531064 12624 0
1785863474414 543688 531064 12624 0
1785863474443 543688 531064 12624 0
1785863474474 543688 531064 12624 0
1785863474503 543688 531064 12624 0
1785863474534 543688 531064 12624 0
1785863474564 543688 531064 12624 0
1785863474594 543688 531064 12624 0
1785863474624 543688 531064 12624 0
1785863474655 543688 531064 12624 0
1785863474685 543688 531064 12624 0
1785863474714 543688 531064 12624 0
1785863474744 543688 531064 12624 0
1785863474773 543688 531064 12624 0
1785863474803 543688 531064 12624 0
1785863474834 543688 531064 12624 0
1785863474865 543688 531064 12624 0
1785863474895 543688 531064 12624 0
1785863474925 543688 531064 12624 0
1785863474953 543688 531064 12624 0
1785863474982 543688 531064 12624 0
1785863475012 543688 531064 12624 0
1785863475042 543688 531064 12624 0
1785863475073 543688 531064 12624 0
1785863475103 543688 531064 12624 0
1785863475132 543688 531064 12624 0
1785863475161 543688 531064 12624 0
1785863475189 543688 531064 12624 0
1785863475219 543688 531064 12624 0
1785863475248 543688 531064 12624 0
1785863475278 543688 531064 12624 0
1785863475308 543688 531064 12624 0
1785863475337 543688 531064 12624 0
1785863475367 543688 531064 12624 0
1785863475397 543688 531064 12624 0
1785863475427 543688 531064 12624 0
1785863475456 543688 531064 12624 0
1785863475485 543688 531064 12624 0
1785863475515 543688 531064 12624 0
1785863475545 543688 531064 12624 0
1785863475574 543688 531064 12624 0
1785863475605 543688 531064 12624 0
1785863475636 543688 531064 12624 0
1785863475665 543688 531064 12624 0
1785863475696 543688 531064 12624 0
1785863475726 543688 531064 12624 0
1785863475756 543688 531064 12624 0
1785863475786 543688 531064 12624 0
1785863475816 543688 531064 12624 0
1785863475845 543688 531064 12624 0
1785863475871 543688 531064 12624 0
1785863475896 543688 531064 12624 0
1785863475920 543688 531064 12624 0
1785863475949 543688 531064 12624 0
1785863475978 543688 531064 12624 0
1785863476008 549832 537208 12624 0
1785863476036 549832 537208 12624 0
1785863476063 549832 537208 12624 0
1785863476089 553928 541304 12624 0
1785863476116 553928 541304 12624 0
1785863476145 553928 541304 12624 0
1785863476175 553928 541304 12624 0
1785863476204 553928 541304 12624 0
1785863476234 553928 541304 12624 0
1785863476264 557328 544704 12624 0
1785863476294 572340 559716 12624 0
1785863476325 572340 559716 12624 0
1785863476354 572340 559716 12624 0
1785863476384 572340 559716 12624 0
1785863476412 572340 559716 12624 0
1785863476438 572340 559716 12624 0
1785863476465 578172 569108 9064 0
1785863476494 613280 600656 12624 0
1785863476522 610944 598324 12620 0
1785863476552 597004 584380 12624 0
1785863476581 597004 584380 12624 0
1785863476608 597004 584380 12624 0
1785863476633 597004 584380 12624 0
1785863476659 599044 586420 12624 0
1785863476690 603132 590508 12624 0
1785863476721 603484 590864 12620 0
1785863476751 614012 601388 12624 0
1785863476783 614012 601388 12624 0
1785863476814 614012 601388 12624 0
1785863476845 614012 601388 12624 0
1785863476874 614012 601388 12624 0
1785863476905 614012 601388 12624 0
1785863476935 614012 601388 12624 0
1785863476964 614012 601388 12624 0
1785863476995 614012 601388 12624 0
1785863477025 614012 601388 12624 0
1785863477056 614012 601388 12624 0
1785863477086 614012 601388 12624 0
1785863477115 614012 601388 12624 0
1785863477145 614012 601388 12624 0
1785863477176 614012 601388 12624 0
1785863477207 614012 601388 12624 0
1785863477238 614012 601388 12624 0
1785863477268 614012 601388 12624 0
1785863477298 614012 601388 12624 0
1785863477330 614012 601388 12624 0
1785863477361 614012 601388 12624 0
1785863477390 614012 601388 12624 0
1785863477418 614012 601388 12624 0
1785863477442 614012 601388 12624 0
1785863477471 614012 601388 12624 0
1785863477501 614012 601388 12624 0
1785863477532 614012 601388 12624 0
1785863477563 614012 601388 12624 0
1785863477594 614012 601388 12624 0
1785863477624 614012 601388 12624 0
1785863477655 614012 601388 12624 0
1785863477681 614012 601388 12624 0
1785863477707 614012 601388 12624 0
1785863477736 614012 601388 12624 0
1785863477767 614012 601388 12624 0
1785863477799 614016 601392 12624 0
1785863477830 614016 601392 12624 0
1785863477857 614016 601392 12624 0
1785863477883 614016 601392 12624 0
1785863477908 614016 601392 12624 0
1785863477933 614016 601392 12624 0
1785863477957 614016 601392 12624 0
1785863477982 614016 601392 12624 0
1785863478006 614016 601392 12624 0
1785863478030 614016 601392 12624 0
1785863478055 614016 601392 12624 0
1785863478080 614016 601392 12624 0
1785863478107 614016 601392 12624 0
1785863478133 614016 601392 12624 0
1785863478157 614016 601392 12624 0
1785863478185 614016 601392 12624 0
1785863478216 614016 601392 12624 0
1785863478248 614016 601392 12624 0
1785863478279 614016 601392 12624 0
1785863478307 614016 601392 12624 0
1785863478332 614016 601392 12624 0
1785863478360 614016 601392 12624 0
1785863478391 614016 601392 12624 0
1785863478422 614016 601392 12624 0
1785863478452 614016 601392 12624 0
1785863478483 614016 601392 12624 0
1785863478513 614016 601392 12624 0
1785863478543 614016 601392 12624 0
1785863478573 614016 601392 12624 0
1785863478605 614016 601392 12624 0
1785863478635 614016 601392 12624 0
1785863478666 614016 601392 12624 0
1785863478696 613776 601152 12624 0
1785863478727 613276 600652 12624 0
1785863478757 613276 600652 12624 0
1785863478787 613276 600652 12624 0
1785863478816 613276 600652 12624 0
1785863478847 613276 600652 12624 0
1785863478877 612536 599912 12624 0
1785863478907 611796 599172 12624 0
1785863478936 611796 599172 12624 0
1785863478966 611796 599172 12624 0
1785863478998 611796 599172 12624 0
1785863479028 611796 599172 12624 0
1785863479058 611796 599172 12624 0
1785863479088 611056 598432 12624 0
1785863479117 611056 598432 12624 0
1785863479147 610336 597712 12624 0
1785863479176 601320 588700 12620 0
1785863479206 525812 513188 12624 0
1785863479235 525812 513188 12624 0
1785863479265 525812 513188 12624 0
1785863479295 525812 513188 12624 0
1785863479323 525812 513188 12624 0
1785863479352 525812 513188 12624 0
1785863479381 525812 513188 12624 0
1785863479410 525812 513188 12624 0
1785863479438 525812 513188 12624 0
1785863479467 525812 513188 12624 0
1785863479495 525812 513188 12624 0
1785863479524 525812 513188 12624 0
1785863479554 525812 513188 12624 0
1785863479584 525812 513188 12624 0
1785863479613 525812 513188 12624 0
1785863479641 525812 513188 12624 0
1785863479669 525812 513188 12624 0
1785863479698 525812 513188 12624 0
1785863479726 525812 513188 12624 0
1785863479755 525812 513188 12624 0
1785863479783 525812 513188 12624 0
1785863479811 525812 513188 12624 0
1785863479838 525812 513188 12624 0
1785863479866 525812 513188 12624 0
1785863479896 525812 513188 12624 0
1785863479925 525812 513188 12624 0
1785863479953 525812 513188 12624 0
1785863479979 525812 513188 12624 0
1785863480003 525812 513188 12624 0
1785863480030 525812 513188 12624 0
1785863480058 525812 513188 12624 0
1785863480088 523592 510968 12624 0
1785863480117 523092 510468 12624 0
1785863480145 522828 510204 12624 0
1785863480172 522828 510204 12624 0
1785863480199 522828 510204 12624 0
1785863480225 522828 510204 12624 0
1785863480253 522828 510204 12624 0
1785863480280 522064 509440 12624 0
1785863480307 522064 509440 12624 0
1785863480337 522064 509440 12624 0
1785863480365 512228 505732 6496 0
1785863480394 518960 506336 12624 0
1785863480421 518960 506336 12624 0
1785863480448 516624 504004 12620 0
1785863480476 471928 459304 12624 0
1785863480505 471928 459304 12624 0
1785863480533 471928 459304 12624 0
1785863480559 471928 459304 12624 0
1785863480584 471928 459304 12624 0
1785863480607 471928 459304 12624 0
1785863480637 471928 459304 12624 0
1785863480663 471928 459304 12624 0
1785863480694 471928 459304 12624 0
1785863480724 471928 459304 12624 0
1785863480754 471928 459304 12624 0
1785863480785 471928 459304 12624 0
1785863480815 471928 459304 12624 0
1785863480846 471928 459304 12624 0
1785863480876 471928 459304 12624 0
1785863480906 471928 459304 12624 0
1785863480936 471928 459304 12624 0
1785863480966 471928 459304 12624 0
1785863480996 471928 459304 12624 0
1785863481025 471928 459304 12624 0
1785863481051 471928 459304 12624 0
1785863481081 471928 459304 12624 0
1785863481111 471928 459304 12624 0
1785863481142 471928 459304 12624 0
1785863481172 471928 459304 12624 0
1785863481203 471928 459304 12624 0
1785863481234 471928 459304 12624 0
1785863481265 471928 459304 12624 0
1785863481296 471928 459304 12624 0
1785863481326 471928 459304 12624 0
1785863481357 471928 459304 12624 0
1785863481387 471928 459304 12624 0
1785863481416 471928 459304 12624 0
1785863481442 471928 459304 12624 0
1785863481469 471928 459304 12624 0
1785863481496 471928 459304 12624 0
1785863481526 471928 459304 12624 0
1785863481556 471928 459304 12624 0
1785863481587 471928 459304 12624 0
1785863481617 471928 459304 12624 0
1785863481647 471928 459304 12624 0
1785863481677 471928 459304 12624 0
1785863481707 471928 459304 12624 0
1785863481738 471928 459304 12624 0
1785863481768 471928 459304 12624 0
1785863481797 471928 459304 12624 0
1785863481826 471928 459304 12624 0
1785863481855 471928 459304 12624 0
1785863481885 471928 459304 12624 0
1785863481916 471928 459304 12624 0
1785863481947 471928 459304 12624 0
1785863481978 471928 459304 12624 0
1785863482010 471928 459304 12624 0
1785863482041 471928 459304 12624 0
1785863482072 471928 459304 12624 0
1785863482103 471928 459304 12624 0
1785863482134 471928 459304 12624 0
1785863482165 471928 459304 12624 0
1785863482196 471928 459304 12624 0
1785863482227 471928 459304 12624 0
1785863482259 471928 459304 12624 0
1785863482288 471928 459304 12624 0
1785863482317 471928 459304 12624 0
1785863482348 471928 459304 12624 0
1785863482379 471928 459304 12624 0
1785863482410 471928 459304 12624 0
1785863482441 471928 459304 12624 0
1785863482472 471928 459304 12624 0
1785863482503 471928 459304 12624 0
1785863482534 471928 459304 12624 0
1785863482565 471928 459304 12624 0
1785863482596 471928 459304 12624 0
1785863482627 471928 459304 12624 0
1785863482659 471928 459304 12624 0
1785863482691 471928 459304 12624 0
1785863482721 471928 459304 12624 0
1785863482750 471928 459304 12624 0
1785863482777 471928 459304 12624 0
1785863482808 471928 459304 12624 0
1785863482839 471928 459304 12624 0
1785863482870 471928 459304 12624 0
1785863482901 471928 459304 12624 0
1785863482932 471928 459304 12624 0
1785863482964 471928 459304 12624 0
1785863482996 471928 459304 12624 0
1785863483028 471928 459304 12624 0
1785863483060 471928 459304 12624 0
1785863483093 471928 459304 12624 0
1785863483125 471928 459304 12624 0
1785863483157 471928 459304 12624 0
1785863483188 471928 459304 12624 0
1785863483216 471928 459304 12624 0
1785863483245 471928 459304 12624 0
1785863483276 471928 459304 12624 0
1785863483307 471928 459304 12624 0
1785863483338 471928 459304 12624 0
1785863483368 471928 459304 12624 0
1785863483400 471928 459304 12624 0
1785863483433 471928 459304 12624 0
1785863483465 471928 459304 12624 0
1785863483497 471928 459304 12624 0
1785863483528 471928 459304 12624 0
1785863483560 471928 459304 12624 0
1785863483592 471928 459304 12624 0
1785863483623 471928 459304 12624 0
1785863483653 471928 459304 12624 0
1785863483681 471928 459304 12624 0
1785863483709 471928 459304 12624 0
1785863483740 471928 459304 12624 0
1785863483771 471928 459304 12624 0
1785863483802 471928 459304 12624 0
1785863483833 471928 459304 12624 0
1785863483864 471928 459304 12624 0
1785863483894 471928 459304 12624 0
1785863483926 471928 459304 12624 0
1785863483958 471928 459304 12624 0
1785863483989 471928 459304 12624 0
1785863484021 471928 459304 12624 0
1785863484053 471928 459304 12624 0
1785863484085 471928 459304 12624 0
1785863484116 471928 459304 12624 0
1785863484145 471928 459304 12624 0
1785863484173 471928 459304 12624 0
1785863484204 471928 459304 12624 0
1785863484235 471928 459304 12624 0
1785863484267 471928 459304 12624 0
1785863484297 471928 459304 12624 0
1785863484328 471928 459304 12624 0
1785863484359 471928 459304 12624 0
1785863484391 471928 459304 12624 0
1785863484423 471928 459304 12624 0
1785863484454 471928 459304 12624 0
1785863484487 471928 459304 12624 0
1785863484518 471928 459304 12624 0
1785863484550 471928 459304 12624 0
1785863484580 471928 459304 12624 0
1785863484609 471928 459304 12624 0
1785863484637 471928 459304 12624 0
1785863484665 479780 467156 12624 0
1785863484698 480448 467824 12624 0
1785863484727 480448 467824 12624 0
1785863484754 480448 467824 12624 0
1785863484783 480448 467824 12624 0
1785863484810 480448 467824 12624 0
1785863484835 481112 468488 12624 0
1785863484862 483504 470880 12624 0
1785863484890 487088 474464 12624 0
1785863484920 485264 472644 12620 0
1785863484949 488168 475544 12624 0
1785863484978 488168 475544 12624 0
1785863485007 488176 475552 12624 0
1785863485035 488176 475552 12624 0
1785863485063 488176 475552 12624 0
1785863485091 485848 473228 12620 0
1785863485120 488672 476048 12624 0
1785863485160 489156 476532 12624 0
1785863485190 489296 476672 12624 0
1785863485220 489296 476672 12624 0
1785863485248 489296 476672 12624 0
1785863485278 489312 476688 12624 0
1785863485307 489312 476688 12624 0
1785863485337 489312 476688 12624 0
1785863485367 489388 476764 12624 0
1785863485396 489388 476764 12624 0
1785863485424 489388 476764 12624 0
1785863485453 489388 476764 12624 0
1785863485483 489388 476764 12624 0
1785863485512 489472 476848 12624 0
1785863485542 489480 476856 12624 0
1785863485571 489480 476856 12624 0
1785863485598 489076 476452 12624 0
1785863485628 489132 476508 12624 0
1785863485658 488088 475464 12624 0
1785863485688 481880 469256 12624 0
1785863485716 481880 469256 12624 0
1785863485745 481880 469256 12624 0
1785863485773 481880 469256 12624 0
1785863485801 481880 469256 12624 0
1785863485828 481880 469256 12624 0
1785863485857 481880 469256 12624 0
1785863485886 481880 469256 12624 0
1785863485914 481880 469256 12624 0
1785863485940 481324 468700 12624 0
1785863485967 480768 468144 12624 0
1785863485996 480768 468144 12624 0
1785863486026 477164 467624 9540 0
1785863486053 480188 467564 12624 0
1785863486080 480188 467564 12624 0
1785863486106 480188 467564 12624 0
1785863486134 480188 467564 12624 0
1785863486163 479028 466404 12624 0
1785863486190 479028 466404 12624 0
1785863486217 478448 465824 12624 0
1785863486244 474940 462320 12620 0
1785863486271 471928 459304 12624 0
1785863486298 471928 459304 12624 0
1785863486326 471928 459304 12624 0
1785863486356 471928 459304 12624 0
1785863486385 471928 459304 12624 0
1785863486414 471928 459304 12624 0
1785863486443 471928 459304 12624 0
1785863486472 471928 459304 12624 0
1785863486501 471928 459304 12624 0
1785863486530 471928 459304 12624 0
1785863486559 471928 459304 12624 0
1785863486589 471928 459304 12624 0
1785863486618 471928 459304 12624 0
1785863486647 471928 459304 12624 0
1785863486677 471928 459304 12624 0
1785863486706 471928 459304 12624 0
1785863486735 471928 459304 12624 0
1785863486765 471928 459304 12624 0
1785863486794 471928 459304 12624 0
1785863486823 471928 459304 12624 0
1785863486851 469596 456972 12624 0
1785863486884 480064 467440 12624 0
1785863486913 480064 467440 12624 0
1785863486941 480560 467936 12624 0
1785863486970 480560 467936 12624 0
1785863486998 480560 467936 12624 0
1785863487025 481552 468928 12624 0
1785863487052 482228 469604 12624 0
1785863487080 484048 471424 12624 0
1785863487109 488112 475488 12624 0
1785863487138 485776 473156 12620 0
1785863487167 488120 475496 12624 0
1785863487196 487640 475016 12624 0
1785863487225 487640 475016 12624 0
1785863487253 485336 472716 12620 0
1785863487282 487688 475064 12624 0
1785863487312 487720 475096 12624 0
1785863487342 485408 472788 12620 0
1785863487370 480536 467912 12624 0
1785863487399 480536 467912 12624 0
1785863487427 480536 467912 12624 0
1785863487455 480536 467912 12624 0
1785863487481 480568 467944 12624 0
1785863487510 479048 466424 12624 0
1785863487538 477368 464744 12624 0
1785863487567 476872 464248 12624 0
1785863487596 472032 459408 12624 0
1785863487625 469800 457180 12620 0
1785863487653 472336 459712 12624 0
1785863487681 476448 463824 12624 0
1785863487711 481392 468768 12624 0
1785863487740 481392 468768 12624 0
1785863487768 481392 468768 12624 0
1785863487797 481392 468768 12624 0
1785863487824 481828 469204 12624 0
1785863487852 482264 469640 12624 0
1785863487880 483136 470512 12624 0
1785863487908 486624 474000 12624 0
1785863487938 488368 475744 12624 0
1785863487968 488368 475744 12624 0
1785863487997 488368 475744 12624 0
1785863488029 488368 475744 12624 0
1785863488057 488624 476000 12624 0
1785863488085 488624 476000 12624 0
1785863488113 489144 476520 12624 0
1785863488143 489444 476820 12624 0
1785863488174 489460 476836 12624 0
1785863488204 492544 479920 12624 0
1785863488235 492552 479928 12624 0
1785863488265 492552 479928 12624 0
1785863488295 492552 479928 12624 0
1785863488325 492552 479928 12624 0
1785863488353 492552 479928 12624 0
1785863488382 492552 479928 12624 0
1785863488412 492552 479928 12624 0
1785863488442 492808 480184 12624 0
1785863488472 494856 482232 12624 0
1785863488503 495624 483000 12624 0
1785863488536 494312 481692 12620 0
1785863488566 498068 485444 12624 0
1785863488596 498068 485444 12624 0
1785863488624 524388 511764 12624 0
1785863488654 512324 499700 12624 0
1785863488686 512324 499700 12624 0
1785863488717 512324 499700 12624 0
1785863488750 511588 498964 12624 0
1785863488782 511588 498964 12624 0
1785863488813 510852 498228 12624 0
1785863488843 510852 498228 12624 0
1785863488872 510852 498228 12624 0
1785863488902 509376 496752 12624 0
1785863488933 508636 496012 12624 0
1785863488963 508636 496012 12624 0
1785863488996 508636 496012 12624 0
1785863489026 502236 489612 12624 0
1785863489057 501260 488636 12624 0
1785863489087 501260 488636 12624 0
1785863489117 501260 488636 12624 0
1785863489151 501260 488636 12624 0
1785863489185 501260 488636 12624 0
1785863489227 501260 488636 12624 0
1785863489258 501260 488636 12624 0
1785863489290 501260 488636 12624 0
1785863489318 501260 488636 12624 0
1785863489347 501260 488636 12624 0
1785863489377 498992 486368 12624 0
1785863489408 498228 485604 12624 0
1785863489440 495892 483272 12620 0
1785863489470 497464 484840 12624 0
1785863489498 495128 482508 12620 0
1785863489527 494360 481736 12624 0
1785863489556 491260 478640 12620 0
1785863489584 489732 477112 12620 0
1785863489612 488340 475716 12624 0
1785863489640 488340 475716 12624 0
1785863489666 488340 475716 12624 0
1785863489694 495980 483356 12624 0
1785863489723 496476 483852 12624 0
1785863489751 496476 483852 12624 0
1785863489778 496476 483852 12624 0
1785863489806 496476 483852 12624 0
1785863489831 496476 483852 12624 0
1785863489859 496476 483852 12624 0
1785863489885 496476 483852 12624 0
1785863489911 504524 491900 12624 0
1785863489940 504524 491900 12624 0
1785863489970 504524 491900 12624 0
1785863490000 504524 491900 12624 0
1785863490028 504524 491900 12624 0
1785863490057 504524 491900 12624 0
1785863490086 504524 491900 12624 0
1785863490115 502196 489576 12620 0
1785863490145 502292 489672 12620 0
1785863490174 504756 492132 12624 0
1785863490204 504868 492244 12624 0
1785863490242 505540 492916 12624 0
1785863490271 505548 492924 12624 0
1785863490300 505548 492924 12624 0
1785863490329 505548 492924 12624 0
1785863490359 505548 492924 12624 0
1785863490387 502676 490056 12620 0
1785863490417 505156 492532 12624 0
1785863490446 505248 492624 12624 0
1785863490477 504892 492268 12624 0
1785863490507 504928 492304 12624 0
1785863490539 505772 493148 12624 0
1785863490569 505772 493148 12624 0
1785863490599 505772 493148 12624 0
1785863490628 505772 493148 12624 0
1785863490657 504164 491540 12624 0
1785863490687 503092 490468 12624 0
1785863490717 502020 489396 12624 0
1785863490747 499876 487252 12624 0
1785863490776 498268 485644 12624 0
1785863490804 498268 485644 12624 0
1785863490833 498268 485644 12624 0
1785863490862 498268 485644 12624 0
1785863490890 498268 485644 12624 0
1785863490917 498268 485644 12624 0
1785863490947 498268 485644 12624 0
1785863490977 498268 485644 12624 0
1785863491006 498268 485644 12624 0
1785863491034 497712 485088 12624 0
1785863491062 496044 483420 12624 0
1785863491090 495488 482864 12624 0
1785863491118 495488 482864 12624 0
1785863491147 491412 478792 12620 0
1785863491176 491356 478732 12624 0
1785863491205 492804 480180 12624 0
1785863491234 492084 479460 12624 0
1785863491274 499956 487332 12624 0
1785863491304 501260 488636 12624 0
1785863491334 501900 489276 12624 0
1785863491363 501900 489276 12624 0
1785863491391 501900 489276 12624 0
1785863491420 501900 489276 12624 0
1785863491448 501900 489276 12624 0
1785863491477 504780 492156 12624 0
1785863491507 504284 491660 12624 0
1785863491538 504284 491660 12624 0
1785863491568 501308 488684 12624 0
1785863491598 501308 488684 12624 0
1785863491627 500812 488188 12624 0
1785863491655 500812 488188 12624 0
1785863491684 500316 487692 12624 0
1785863491713 496348 483724 12624 0
1785863491742 496348 483724 12624 0
1785863491770 495852 483228 12624 0
1785863491797 495852 483228 12624 0
1785863491826 495852 483228 12624 0
1785863491855 490204 477580 12624 0
1785863491884 488324 475700 12624 0
1785863491912 488324 475700 12624 0
1785863491940 488324 475700 12624 0
1785863491970 488324 475700 12624 0
1785863492000 488324 475700 12624 0
1785863492030 488324 475700 12624 0
1785863492060 488324 475700 12624 0
1785863492089 488324 475700 12624 0
1785863492119 488324 475700 12624 0
1785863492148 488324 475700 12624 0
1785863492178 488324 475700 12624 0
1785863492207 488324 475700 12624 0
1785863492237 488324 475700 12624 0
1785863492267 488324 475700 12624 0
1785863492296 488324 475700 12624 0
1785863492326 488324 475700 12624 0
1785863492356 488324 475700 12624 0
1785863492385 488324 475700 12624 0
1785863492415 488324 475700 12624 0
1785863492444 488324 475700 12624 0
1785863492474 488324 475700 12624 0
1785863492504 488324 475700 12624 0
1785863492534 488324 475700 12624 0
1785863492563 488324 475700 12624 0
1785863492593 488324 475700 12624 0
1785863492623 488324 475700 12624 0
1785863492653 488324 475700 12624 0
1785863492682 488324 475700 12624 0
1785863492712 488324 475700 12624 0
1785863492742 488324 475700 12624 0
1785863492771 488324 475700 12624 0
1785863492801 488324 475700 12624 0
1785863492831 488324 475700 12624 0
1785863492861 488324 475700 12624 0
1785863492891 488324 475700 12624 0
1785863492920 488324 475700 12624 0
1785863492950 488324 475700 12624 0
1785863492980 488324 475700 12624 0
1785863493011 488324 475700 12624 0
1785863493041 488324 475700 12624 0
1785863493071 488324 475700 12624 0
1785863493100 488324 475700 12624 0
1785863493130 488324 475700 12624 0
1785863493161 488324 475700 12624 0
1785863493191 488324 475700 12624 0
1785863493220 488324 475700 12624 0
1785863493249 488324 475700 12624 0
1785863493278 488324 475700 12624 0
1785863493306 488324 475700 12624 0
1785863493335 488324 475700 12624 0
1785863493364 488324 475700 12624 0
1785863493393 488324 475700 12624 0
1785863493422 488324 475700 12624 0
1785863493451 488324 475700 12624 0
1785863493479 488324 475700 12624 0
1785863493508 488324 475700 12624 0
1785863493537 488324 475700 12624 0
1785863493566 488324 475700 12624 0
1785863493594 488324 475700 12624 0
1785863493623 488324 475700 12624 0
1785863493653 488324 475700 12624 0
1785863493682 488324 475700 12624 0
1785863493711 488324 475700 12624 0
1785863493740 488324 475700 12624 0
1785863493769 488324 475700 12624 0
1785863493797 488324 475700 12624 0
1785863493826 488324 475700 12624 0
1785863493854 488324 475700 12624 0
1785863493883 488324 475700 12624 0
1785863493913 488324 475700 12624 0
1785863493941 488324 475700 12624 0
1785863493970 488324 475700 12624 0
1785863493999 488324 475700 12624 0
1785863494028 488324 475700 12624 0
1785863494057 488324 475700 12624 0
1785863494086 488324 475700 12624 0
1785863494115 488324 475700 12624 0
1785863494144 488324 475700 12624 0
1785863494173 488324 475700 12624 0
1785863494202 488324 475700 12624 0
1785863494231 488324 475700 12624 0
1785863494260 488324 475700 12624 0
1785863494288 488324 475700 12624 0
1785863494317 488324 475700 12624 0
1785863494347 488324 475700 12624 0
1785863494377 488324 475700 12624 0
1785863494404 488324 475700 12624 0
1785863494433 488324 475700 12624 0
1785863494461 488324 475700 12624 0
1785863494490 488324 475700 12624 0
1785863494517 488324 475700 12624 0
1785863494545 485988 473368 12620 0
1785863494577 496476 483852 12624 0
1785863494607 496476 483852 12624 0
1785863494635 496476 483852 12624 0
1785863494661 496476 483852 12624 0
1785863494687 496476 483852 12624 0
1785863494714 496476 483852 12624 0
1785863494741 496476 483852 12624 0
1785863494770 496476 483852 12624 0
1785863494797 496476 483852 12624 0
1785863494824 496476 483852 12624 0
1785863494851 496476 483852 12624 0
1785863494879 496972 484348 12624 0
1785863494907 498492 485868 12624 0
1785863494937 504524 491900 12624 0
1785863494968 504524 491900 12624 0
1785863494998 504524 491900 12624 0
1785863495027 504524 491900 12624 0
1785863495056 504524 491900 12624 0
1785863495085 504524 491900 12624 0
1785863495114 504524 491900 12624 0
1785863495143 504524 491900 12624 0
1785863495172 502188 489568 12620 0
1785863495201 504532 491908 12624 0
1785863495230 504052 491428 12624 0
1785863495259 504052 491428 12624 0
1785863495287 503732 491108 12624 0
1785863495317 503060 490436 12624 0
1785863495346 501308 488688 12620 0
1785863495379 496876 484252 12624 0
1785863495407 496876 484252 12624 0
1785863495436 495884 483260 12624 0
1785863495465 495892 483268 12624 0
1785863495493 495892 483268 12624 0
1785863495522 487796 475176 12620 0
1785863495551 496476 483852 12624 0
1785863495580 496476 483852 12624 0
1785863495610 496988 484364 12624 0
1785863495639 496988 484364 12624 0
1785863495667 496988 484364 12624 0
1785863495694 496988 484364 12624 0
1785863495721 496988 484364 12624 0
1785863495748 496988 484364 12624 0
1785863495776 496988 484364 12624 0
1785863495802 496988 484364 12624 0
1785863495830 496988 484364 12624 0
1785863495858 496988 484364 12624 0
1785863495885 496988 484364 12624 0
1785863495913 496992 484368 12624 0
1785863495940 497192 484568 12624 0
1785863495968 497192 484568 12624 0
1785863495996 497192 484568 12624 0
1785863496023 501224 488600 12624 0
1785863496057 504728 492104 12624 0
1785863496087 504728 492104 12624 0
1785863496116 504728 492104 12624 0
1785863496145 504728 492104 12624 0
1785863496173 504728 492104 12624 0
1785863496203 504756 492132 12624 0
1785863496232 504756 492132 12624 0
1785863496261 504764 492140 12624 0
1785863496291 504776 492152 12624 0
1785863496321 504792 492168 12624 0
1785863496350 504792 492168 12624 0
1785863496378 504800 492176 12624 0
1785863496407 504916 492292 12624 0
1785863496437 504920 492296 12624 0
1785863496474 507148 494524 12624 0
1785863496516 507916 495292 12624 0
1785863496545 507916 495292 12624 0
1785863496573 507916 495292 12624 0
1785863496602 507916 495292 12624 0
1785863496630 507916 495292 12624 0
1785863496657 507916 495292 12624 0
1785863496688 505780 493160 12620 0
1785863496718 505804 493184 12620 0
1785863496748 508164 495540 12624 0
1785863496775 508748 496124 12624 0
1785863496806 507380 494760 12620 0
1785863496836 509764 497140 12624 0
1785863496865 509764 497140 12624 0
1785863496893 510540 497916 12624 0
1785863496923 510988 498364 12624 0
1785863496953 511180 498556 12624 0
1785863496983 513552 500928 12624 0
1785863497013 514316 501692 12624 0
1785863497041 514380 501756 12624 0
1785863497071 551636 539012 12624 0
1785863497101 552652 540028 12624 0
1785863497131 596688 587148 9540 0
1785863497163 602688 590064 12624 0
1785863497194 602688 590064 12624 0
1785863497221 602688 590064 12624 0
1785863497247 602688 590064 12624 0
1785863497273 602688 590064 12624 0
1785863497298 602688 590064 12624 0
1785863497324 602688 590064 12624 0
1785863497349 602688 590064 12624 0
1785863497374 602688 590064 12624 0
1785863497399 602688 590064 12624 0
1785863497424 602688 590064 12624 0
1785863497451 602688 590064 12624 0
1785863497476 629944 620400 9544 0
1785863497510 656820 644196 12624 0
1785863497543 501812 489188 12624 0
1785863497573 501812 489188 12624 0
1785863497601 501812 489188 12624 0
1785863497629 501812 489188 12624 0
1785863497658 504756 492132 12624 0
1785863497688 495916 491176 4740 0
1785863497717 509364 496740 12624 0
1785863497747 513972 501348 12624 0
1785863497777 527796 515172 12624 0
1785863497808 527796 515172 12624 0
1785863497838 527796 515172 12624 0
1785863497866 527796 515172 12624 0
1785863497894 527796 515172 12624 0
1785863497922 527796 515172 12624 0
1785863497949 527796 515172 12624 0
1785863497975 527796 515172 12624 0
1785863498004 527796 515172 12624 0
1785863498033 527796 515172 12624 0
1785863498061 527796 515172 12624 0
1785863498091 527796 515172 12624 0
1785863498121 529332 516708 12624 0
1785863498153 529332 516708 12624 0
1785863498183 529332 516708 12624 0
1785863498211 529332 516708 12624 0
1785863498239 529332 516708 12624 0
1785863498268 529332 516708 12624 0
1785863498298 537400 524776 12624 0
1785863498328 537400 524776 12624 0
1785863498357 551612 538988 12624 0
1785863498387 551612 538988 12624 0
1785863498416 557124 544504 12620 0
1785863498447 568500 555876 12624 0
1785863498478 568500 555876 12624 0
1785863498508 568500 555876 12624 0
1785863498540 566164 553544 12620 0
1785863498571 582720 570096 12624 0
1785863498602 591640 579020 12620 0
1785863498633 599572 586952 12620 0
1785863498664 646124 633500 12624 0
1785863498697 646124 633500 12624 0
1785863498726 646124 633500 12624 0
1785863498753 652580 639956 12624 0
1785863498784 651476 638856 12620 0
1785863498816 679388 666764 12624 0
1785863498846 699168 686544 12624 0
1785863498880 699168 686544 12624 0
1785863498910 699168 686544 12624 0
1785863498937 708084 695460 12624 0
1785863498970 654900 642276 12624 0
1785863499084 654900 642276 12624 0
1785863499111 654900 642276 12624 0
1785863499141 565044 552420 12624 0
1785863499170 565044 552420 12624 0
1785863499201 565044 552420 12624 0
1785863499231 565044 552420 12624 0
1785863499263 565044 552420 12624 0
1785863499294 565044 552420 12624 0
1785863499325 565044 552420 12624 0
1785863499354 565044 552420 12624 0
1785863499382 565044 552420 12624 0
1785863499411 565044 552420 12624 0
1785863499437 565044 552420 12624 0
1785863499464 565044 552420 12624 0
1785863499491 565044 552420 12624 0
1785863499521 565044 552420 12624 0
1785863499552 565044 552420 12624 0
1785863499582 565044 552420 12624 0
1785863499613 565044 552420 12624 0
1785863499643 565044 552420 12624 0
1785863499674 569236 556612 12624 0
1785863499705 569236 556612 12624 0
1785863499736 581524 568900 12624 0
1785863499768 581524 568900 12624 0
1785863499798 581524 568900 12624 0
1785863499828 581524 568900 12624 0
1785863499859 581524 568900 12624 0
1785863499888 581524 568900 12624 0
1785863499917 581524 568900 12624 0
1785863499945 581524 568900 12624 0
1785863499974 589828 577204 12624 0
1785863500005 591508 578884 12624 0
1785863500036 591508 578884 12624 0
1785863500066 591508 578884 12624 0
1785863500096 591508 578884 12624 0
1785863500126 591508 578884 12624 0
1785863500156 591508 578884 12624 0
1785863500187 591508 578884 12624 0
1785863500217 591508 578884 12624 0
1785863500249 591508 578884 12624 0
1785863500279 591508 578884 12624 0
1785863500309 87208 77944 9264 0
1785863500332 598772 586152 12620 0
1785863500363 604948 592324 12624 0
1785863500394 610804 598184 12620 0
1785863500426 643796 631172 12624 0
1785863500457 647400 634776 12624 0
1785863500488 651540 638916 12624 0
1785863500520 674580 661956 12624 0
1785863500553 674580 661956 12624 0
1785863500585 674580 661956 12624 0
1785863500616 628596 615972 12624 0
1785863500646 628596 615972 12624 0
1785863500676 628596 615972 12624 0
1785863500707 628596 615972 12624 0
1785863500739 628596 615972 12624 0
1785863500770 628596 615972 12624 0
1785863500802 628596 615972 12624 0
1785863500834 628596 615972 12624 0
1785863500866 628596 615972 12624 0
1785863500898 628596 615972 12624 0
1785863500928 628596 615972 12624 0
1785863500956 628596 615972 12624 0
1785863500986 628596 615972 12624 0
1785863501016 628596 615972 12624 0
1785863501048 628596 615972 12624 0
1785863501080 628596 615972 12624 0
1785863501111 628596 615972 12624 0
1785863501144 628596 615972 12624 0
1785863501176 628596 615972 12624 0
1785863501206 628596 615972 12624 0
1785863501237 628596 615972 12624 0
1785863501267 628596 615972 12624 0
1785863501299 628596 615972 12624 0
1785863501329 628596 615972 12624 0
1785863501360 628596 615972 12624 0
1785863501390 628596 615972 12624 0
1785863501421 628596 615972 12624 0
1785863501452 628596 615972 12624 0
1785863501483 628596 615972 12624 0
1785863501515 628596 615972 12624 0
1785863501547 628596 615972 12624 0
1785863501578 628596 615972 12624 0
1785863501609 628596 615972 12624 0
1785863501639 628596 615972 12624 0
1785863501671 628596 615972 12624 0
1785863501703 628596 615972 12624 0
1785863501733 628596 615972 12624 0
1785863501763 628596 615972 12624 0
1785863501794 626260 613640 12620 0
1785863501825 631440 618816 12624 0
1785863501855 631152 618532 12620 0
1785863501887 635536 622912 12624 0
1785863501918 635536 622912 12624 0
1785863501949 635536 622912 12624 0
1785863501979 635536 622912 12624 0
1785863502010 635536 622912 12624 0
1785863502040 635536 622912 12624 0
1785863502071 635536 622912 12624 0
1785863502100 635536 622912 12624 0
1785863502129 635536 622912 12624 0
1785863502159 635536 622912 12624 0
1785863502189 635536 622912 12624 0
1785863502219 635536 622912 12624 0
1785863502248 635536 622912 12624 0
1785863502275 635536 622912 12624 0
1785863502303 635536 622912 12624 0
1785863502335 635536 622912 12624 0
1785863502366 635536 622912 12624 0
1785863502397 635536 622912 12624 0
1785863502428 635536 622912 12624 0
1785863502460 635536 622912 12624 0
1785863502492 635536 622912 12624 0
1785863502523 635536 622912 12624 0
1785863502553 635536 622912 12624 0
1785863502584 635536 622912 12624 0
1785863502615 635536 622912 12624 0
1785863502644 635536 622912 12624 0
1785863502674 634796 622172 12624 0
1785863502704 634796 622172 12624 0
1785863502733 634796 622172 12624 0
1785863502762 634796 622172 12624 0
1785863502794 634796 622172 12624 0
1785863502825 634796 622172 12624 0
1785863502856 634796 622172 12624 0
1785863502887 634796 622172 12624 0
1785863502918 634796 622172 12624 0
1785863502949 634796 622172 12624 0
1785863502982 634796 622172 12624 0
1785863503012 634796 622172 12624 0
1785863503043 634796 622172 12624 0
1785863503074 634796 622172 12624 0
1785863503105 634796 622172 12624 0
1785863503135 634796 622172 12624 0
1785863503165 634796 622172 12624 0
1785863503195 634796 622172 12624 0
1785863503227 634796 622172 12624 0
1785863503259 634796 622172 12624 0
1785863503290 634796 622172 12624 0
1785863503322 634796 622172 12624 0
1785863503352 634796 622172 12624 0
1785863503383 634796 622172 12624 0
1785863503414 634796 622172 12624 0
1785863503445 634796 622172 12624 0
1785863503477 634796 622172 12624 0
1785863503509 634796 622172 12624 0
1785863503541 634796 622172 12624 0
1785863503573 634056 621432 12624 0
1785863503604 634056 621432 12624 0
1785863503634 633316 620692 12624 0
1785863503665 635364 622740 12624 0
1785863503697 633144 620520 12624 0
1785863503729 630184 617560 12624 0
1785863503760 629444 616820 12624 0
1785863503791 625744 613120 12624 0
1785863503821 625744 613120 12624 0
1785863503851 625744 613120 12624 0
1785863503878 625744 613120 12624 0
1785863503907 625744 613120 12624 0
1785863503936 625744 613120 12624 0
1785863503965 625744 613120 12624 0
1785863503995 625744 613120 12624 0
1785863504025 625744 613120 12624 0
1785863504053 625744 613120 12624 0
1785863504083 625744 613120 12624 0
1785863504112 625744 613120 12624 0
1785863504141 625744 613120 12624 0
1785863504172 625744 613120 12624 0
1785863504202 625744 613120 12624 0
1785863504231 625744 613120 12624 0
1785863504258 625744 613120 12624 0
1785863504285 625744 613120 12624 0
1785863504316 625744 613120 12624 0
1785863504348 625744 613120 12624 0
1785863504378 625744 613120 12624 0
1785863504408 625744 613120 12624 0
1785863504438 625744 613120 12624 0
1785863504467 625744 613120 12624 0
1785863504498 625744 613120 12624 0
1785863504526 625744 613120 12624 0
1785863504553 625744 613120 12624 0
1785863504583 625744 613120 12624 0
1785863504614 625744 613120 12624 0
1785863504643 625744 613120 12624 0
1785863504672 625744 613120 12624 0
1785863504702 625744 613120 12624 0
1785863504732 625744 613120 12624 0
1785863504762 625744 613120 12624 0
1785863504792 625744 613120 12624 0
1785863504822 625744 613120 12624 0
1785863504852 625744 613120 12624 0
1785863504882 625744 613120 12624 0
1785863504912 625744 613120 12624 0
1785863504943 625744 613120 12624 0
1785863504971 625744 613120 12624 0
1785863505000 625744 613120 12624 0
1785863505029 625744 613120 12624 0
1785863505059 625744 613120 12624 0
1785863505089 625744 613120 12624 0
1785863505118 625744 613120 12624 0
1785863505147 625744 613120 12624 0
1785863505177 625744 613120 12624 0
1785863505205 625744 613120 12624 0
1785863505236 625744 613120 12624 0
1785863505266 625744 613120 12624 0
1785863505296 625744 613120 12624 0
1785863505326 625744 613120 12624 0
1785863505354 625744 613120 12624 0
1785863505383 625744 613120 12624 0
1785863505413 625744 613120 12624 0
1785863505442 625744 613120 12624 0
1785863505474 625744 613120 12624 0
1785863505504 625744 613120 12624 0
1785863505534 625744 613120 12624 0
1785863505564 625004 612380 12624 0
1785863505593 625004 612380 12624 0
1785863505622 625004 612380 12624 0
1785863505651 624264 611640 12624 0
1785863505681 624264 611640 12624 0
1785863505712 622760 610136 12624 0
1785863505742 619660 607040 12620 0
1785863505771 621232 608608 12624 0
1785863505799 621232 608608 12624 0
1785863505827 618036 605416 12620 0
1785863505857 470692 458072 12620 0
1785863505885 471928 459304 12624 0
1785863505911 471928 459304 12624 0
1785863505938 471928 459304 12624 0
1785863505964 471928 459304 12624 0
1785863505989 471928 459304 12624 0
1785863506013 471928 459304 12624 0
1785863506037 471928 459304 12624 0
1785863506060 471928 459304 12624 0
1785863506085 471928 459304 12624 0
1785863506115 471928 459304 12624 0
1785863506144 471928 459304 12624 0
1785863506173 471928 459304 12624 0
1785863506203 471928 459304 12624 0
1785863506232 471928 459304 12624 0
1785863506262 471928 459304 12624 0
1785863506291 471928 459304 12624 0
1785863506320 471928 459304 12624 0
1785863506350 471928 459304 12624 0
1785863506379 471928 459304 12624 0
1785863506408 471928 459304 12624 0
1785863506438 471928 459304 12624 0
1785863506468 471928 459304 12624 0
1785863506497 471928 459304 12624 0
1785863506527 471928 459304 12624 0
1785863506556 471928 459304 12624 0
1785863506586 471928 459304 12624 0
1785863506615 471928 459304 12624 0
1785863506645 471928 459304 12624 0
1785863506674 471928 459304 12624 0
1785863506704 471928 459304 12624 0
1785863506734 471928 459304 12624 0
1785863506763 471928 459304 12624 0
1785863506793 471928 459304 12624 0
1785863506822 471928 459304 12624 0
1785863506851 471928 459304 12624 0
1785863506880 471928 459304 12624 0
1785863506910 471928 459304 12624 0
1785863506939 471928 459304 12624 0
1785863506969 471928 459304 12624 0
1785863506998 471928 459304 12624 0
1785863507028 471928 459304 12624 0
1785863507058 471928 459304 12624 0
1785863507087 471928 459304 12624 0
1785863507117 471928 459304 12624 0
1785863507146 471928 459304 12624 0
1785863507176 471928 459304 12624 0
1785863507206 471928 459304 12624 0
1785863507235 471928 459304 12624 0
1785863507265 471928 459304 12624 0
1785863507294 471928 459304 12624 0
1785863507325 471928 459304 12624 0
1785863507355 471928 459304 12624 0
1785863507386 471928 459304 12624 0
1785863507416 471928 459304 12624 0
1785863507447 471928 459304 12624 0
1785863507477 471928 459304 12624 0
1785863507508 471928 459304 12624 0
1785863507538 471928 459304 12624 0
1785863507568 471928 459304 12624 0
1785863507598 471928 459304 12624 0
1785863507628 471928 459304 12624 0
1785863507658 471928 459304 12624 0
1785863507688 471928 459304 12624 0
1785863507718 471928 459304 12624 0
1785863507748 471928 459304 12624 0
1785863507778 471928 459304 12624 0
1785863507808 471928 459304 12624 0
1785863507837 471928 459304 12624 0
1785863507868 471928 459304 12624 0
1785863507898 471928 459304 12624 0
1785863507925 471928 459304 12624 0
1785863507957 471928 459304 12624 0
1785863507990 471928 459304 12624 0
1785863508019 471928 459304 12624 0
1785863508047 471928 459304 12624 0
1785863508075 471928 459304 12624 0
1785863508104 480064 467440 12624 0
1785863508133 480064 467440 12624 0
1785863508162 480064 467440 12624 0
1785863508190 480064 467440 12624 0
1785863508218 480064 467440 12624 0
1785863508244 480064 467440 12624 0
1785863508272 480064 467440 12624 0
1785863508298 482080 469456 12624 0
1785863508327 485120 472496 12624 0
1785863508355 487120 474496 12624 0
1785863508385 488112 475488 12624 0
1785863508416 488112 475488 12624 0
1785863508444 488112 475488 12624 0
1785863508474 488112 475488 12624 0
1785863508503 488112 475488 12624 0
1785863508532 488120 475496 12624 0
1785863508561 488120 475496 12624 0
1785863508590 484336 471712 12624 0
1785863508621 482032 469412 12620 0
1785863508650 481880 469256 12624 0
1785863508678 479400 466776 12624 0
1785863508705 478408 465784 12624 0
1785863508732 476920 464296 12624 0
1785863508761 465444 460704 4740 0
1785863508790 461992 456360 5632 0
1785863508818 472136 459512 12624 0
1785863508848 472140 459516 12624 0
1785863508877 472264 459640 12624 0
1785863508906 473076 460452 12624 0
1785863508936 480092 467468 12624 0
1785863508966 481828 469204 12624 0
1785863508995 481828 469204 12624 0
1785863509024 481828 469204 12624 0
1785863509053 481828 469204 12624 0
1785863509080 481828 469204 12624 0
1785863509108 484264 471640 12624 0
1785863509136 484700 472076 12624 0
1785863509165 487316 474692 12624 0
1785863509195 488188 475564 12624 0
1785863509225 488188 475564 12624 0
1785863509254 488624 476000 12624 0
1785863509283 488624 476000 12624 0
1785863509311 488624 476000 12624 0
1785863509340 489144 476520 12624 0
1785863509370 489672 477048 12624 0
1785863509400 490460 477836 12624 0
1785863509430 492536 479912 12624 0
1785863509461 492552 479928 12624 0
1785863509491 492560 479936 12624 0
1785863509521 492560 479936 12624 0
1785863509551 492560 479936 12624 0
1785863509579 492560 479936 12624 0
1785863509608 492560 479936 12624 0
1785863509638 492560 479936 12624 0
1785863509668 492560 479936 12624 0
1785863509698 492816 480192 12624 0
1785863509729 493584 480960 12624 0
1785863509760 494096 481472 12624 0
1785863509791 496656 484032 12624 0
1785863509823 565264 552644 12620 0
1785863509855 506284 493660 12624 0
1785863509889 506284 493660 12624 0
1785863509919 504808 492184 12624 0
1785863509950 504072 491448 12624 0
1785863509981 504072 491448 12624 0
1785863510012 504072 491448 12624 0
1785863510042 504072 491448 12624 0
1785863510072 503336 490712 12624 0
1785863510101 503336 490712 12624 0
1785863510131 503336 490712 12624 0
1785863510161 502596 489972 12624 0
1785863510191 502596 489972 12624 0
1785863510222 498164 485540 12624 0
1785863510252 495212 482588 12624 0
1785863510285 495212 482588 12624 0
1785863510314 495212 482588 12624 0
1785863510345 495212 482588 12624 0
1785863510381 495212 482588 12624 0
1785863510411 494472 481848 12624 0
1785863510439 494472 481848 12624 0
1785863510490 493708 481084 12624 0
1785863510521 440376 430204 10172 0
1785863510553 490628 478004 12624 0
1785863510585 486740 474120 12620 0
1785863510614 485976 473356 12620 0
1785863510642 486784 474160 12624 0
1785863510671 482292 469668 12624 0
1785863510700 482292 469668 12624 0
1785863510727 482292 469668 12624 0
1785863510753 482292 469668 12624 0
1785863510780 490428 477804 12624 0
1785863510809 490428 477804 12624 0
1785863510837 490428 477804 12624 0
1785863510865 490428 477804 12624 0
1785863510892 490428 477804 12624 0
1785863510919 490428 477804 12624 0
1785863510947 490428 477804 12624 0
1785863510973 490428 477804 12624 0
1785863511001 498476 485852 12624 0
1785863511031 498476 485852 12624 0
1785863511061 498476 485852 12624 0
1785863511089 498476 485852 12624 0
1785863511119 498484 485860 12624 0
1785863511148 498484 485860 12624 0
1785863511177 498484 485860 12624 0
1785863511206 498484 485860 12624 0
1785863511234 498540 485916 12624 0
1785863511264 77268 69384 7884 0
1785863511301 499500 486876 12624 0
1785863511331 499500 486876 12624 0
1785863511373 499500 486876 12624 0
1785863511412 499500 486876 12624 0
1785863511450 497248 484628 12620 0
1785863511480 499856 487232 12624 0
1785863511509 500616 487992 12624 0
1785863511538 513568 500944 12624 0
1785863511568 514104 501480 12624 0
1785863511598 514360 501736 12624 0
1785863511626 504276 498908 5368 0
1785863511655 513748 501124 12624 0
1785863511685 513932 501308 12624 0
1785863511715 513960 501336 12624 0
1785863511745 513960 501336 12624 0
1785863511775 513960 501336 12624 0
1785863511806 506456 493832 12624 0
1785863511836 506456 493832 12624 0
1785863511865 506456 493832 12624 0
1785863511894 506456 493832 12624 0
1785863511921 506456 493832 12624 0
1785863511948 506456 493832 12624 0
1785863511974 506456 493832 12624 0
1785863512003 506456 493832 12624 0
1785863512032 506456 493832 12624 0
1785863512061 506456 493832 12624 0
1785863512091 506456 493832 12624 0
1785863512120 506456 493832 12624 0
1785863512148 506456 493832 12624 0
1785863512175 506456 493832 12624 0
1785863512202 506456 493832 12624 0
1785863512229 505900 493276 12624 0
1785863512257 505344 492720 12624 0
1785863512285 504788 492164 12624 0
1785863512315 500248 488116 12132 0
1785863512344 499520 486896 12624 0
1785863512373 499520 486896 12624 0
1785863512401 502448 489824 12624 0
1785863512432 501552 488932 12620 0
1785863512471 507504 494880 12624 0
1785863512501 507824 495200 12624 0
1785863512531 509424 496800 12624 0
1785863512559 509744 497120 12624 0
1785863512589 509744 497120 12624 0
1785863512617 510064 497440 12624 0
1785863512646 512304 499680 12624 0
1785863512677 512624 500000 12624 0
1785863512708 512944 500320 12624 0
1785863512738 510464 497840 12624 0
1785863512768 510464 497840 12624 0
1785863512797 509968 497344 12624 0
1785863512826 509472 496848 12624 0
1785863512856 508976 496352 12624 0
1785863512886 504512 491888 12624 0
1785863512915 504512 491888 12624 0
1785863512943 504512 491888 12624 0
1785863512970 504016 491392 12624 0
1785863513000 501184 488564 12620 0
1785863513029 489604 484864 4740 0
1785863513058 499488 486864 12624 0
1785863513086 496504 483880 12624 0
1785863513115 496504 483880 12624 0
1785863513143 496504 483880 12624 0
1785863513173 496504 483880 12624 0
1785863513202 496504 483880 12624 0
1785863513232 496504 483880 12624 0
1785863513262 496504 483880 12624 0
1785863513292 496504 483880 12624 0
1785863513321 496504 483880 12624 0
1785863513350 496504 483880 12624 0
1785863513379 496504 483880 12624 0
1785863513410 496504 483880 12624 0
1785863513443 496504 483880 12624 0
1785863513473 496504 483880 12624 0
1785863513504 496504 483880 12624 0
1785863513535 496504 483880 12624 0
1785863513566 496504 483880 12624 0
1785863513597 496504 483880 12624 0
1785863513627 496504 483880 12624 0
1785863513657 496504 483880 12624 0
1785863513688 496504 483880 12624 0
1785863513718 496504 483880 12624 0
1785863513749 496504 483880 12624 0
1785863513780 496504 483880 12624 0
1785863513810 496504 483880 12624 0
1785863513841 496504 483880 12624 0
1785863513871 496504 483880 12624 0
1785863513902 496504 483880 12624 0
1785863513932 496504 483880 12624 0
1785863513963 496504 483880 12624 0
1785863513993 496504 483880 12624 0
1785863514023 496504 483880 12624 0
1785863514052 496504 483880 12624 0
1785863514082 496504 483880 12624 0
1785863514112 496504 483880 12624 0
1785863514142 496504 483880 12624 0
1785863514170 496504 483880 12624 0
1785863514200 496504 483880 12624 0
1785863514229 496504 483880 12624 0
1785863514258 496504 483880 12624 0
1785863514289 496504 483880 12624 0
1785863514320 496504 483880 12624 0
1785863514350 496504 483880 12624 0
1785863514381 496504 483880 12624 0
1785863514411 496504 483880 12624 0
1785863514441 496504 483880 12624 0
1785863514472 496504 483880 12624 0
1785863514503 496504 483880 12624 0
1785863514533 496504 483880 12624 0
1785863514564 496504 483880 12624 0
1785863514595 496504 483880 12624 0
1785863514626 496504 483880 12624 0
1785863514656 496504 483880 12624 0
1785863514687 496504 483880 12624 0
1785863514717 496504 483880 12624 0
1785863514749 496504 483880 12624 0
1785863514780 496504 483880 12624 0
1785863514810 496504 483880 12624 0
1785863514840 496504 483880 12624 0
1785863514870 496504 483880 12624 0
1785863514896 496504 483880 12624 0
1785863514926 496504 483880 12624 0
1785863514957 496504 483880 12624 0
1785863514986 496504 483880 12624 0
1785863515015 496504 483880 12624 0
1785863515045 496504 483880 12624 0
1785863515075 496504 483880 12624 0
1785863515105 496504 483880 12624 0
1785863515134 496504 483880 12624 0
1785863515165 496504 483880 12624 0
1785863515196 496504 483880 12624 0
1785863515227 496504 483880 12624 0
1785863515259 496504 483880 12624 0
1785863515290 496504 483880 12624 0
1785863515320 496504 483880 12624 0
1785863515351 496504 483880 12624 0
1785863515382 496504 483880 12624 0
1785863515412 496504 483880 12624 0
1785863515443 496504 483880 12624 0
1785863515473 496504 483880 12624 0
1785863515504 496504 483880 12624 0
1785863515535 496504 483880 12624 0
1785863515566 496504 483880 12624 0
1785863515597 496504 483880 12624 0
1785863515628 496504 483880 12624 0
1785863515659 496504 483880 12624 0
1785863515691 496504 483880 12624 0
1785863515723 496504 483880 12624 0
1785863515755 496504 483880 12624 0
1785863515786 496504 483880 12624 0
1785863515815 496504 483880 12624 0
1785863515843 496504 483880 12624 0
1785863515870 496504 483880 12624 0
1785863515898 496504 483880 12624 0
1785863515926 496504 483880 12624 0
1785863515953 496504 483880 12624 0
1785863515983 496504 483880 12624 0
1785863516014 496504 483880 12624 0
1785863516046 496504 483880 12624 0
1785863516078 496504 483880 12624 0
1785863516110 496504 483880 12624 0
1785863516141 496504 483880 12624 0
1785863516172 496504 483880 12624 0
1785863516204 496504 483880 12624 0
1785863516235 496504 483880 12624 0
1785863516266 496504 483880 12624 0
1785863516299 496504 483880 12624 0
1785863516331 496504 483880 12624 0
1785863516362 496504 483880 12624 0
1785863516392 496504 483880 12624 0
1785863516424 496504 483880 12624 0
1785863516456 496504 483880 12624 0
1785863516487 496504 483880 12624 0
1785863516520 496504 483880 12624 0
1785863516552 496504 483880 12624 0
1785863516585 496504 483880 12624 0
1785863516617 496504 483880 12624 0
1785863516651 496504 483880 12624 0
1785863516683 496504 483880 12624 0
1785863516716 496504 483880 12624 0
1785863516748 496504 483880 12624 0
1785863516779 496504 483880 12624 0
1785863516809 496504 483880 12624 0
1785863516839 496504 483880 12624 0
1785863516869 496504 483880 12624 0
1785863516897 496504 483880 12624 0
1785863516928 496504 483880 12624 0
1785863516960 496504 483880 12624 0
1785863516992 496504 483880 12624 0
1785863517023 496504 483880 12624 0
1785863517055 496504 483880 12624 0
1785863517087 496504 483880 12624 0
1785863517118 496504 483880 12624 0
1785863517150 496504 483880 12624 0
1785863517182 496504 483880 12624 0
1785863517214 496504 483880 12624 0
1785863517246 496504 483880 12624 0
1785863517277 496504 483880 12624 0
1785863517309 496504 483880 12624 0
1785863517341 496504 483880 12624 0
1785863517373 496504 483880 12624 0
1785863517405 496504 483880 12624 0
1785863517437 496504 483880 12624 0
1785863517470 496504 483880 12624 0
1785863517502 496504 483880 12624 0
1785863517533 496504 483880 12624 0
1785863517565 496504 483880 12624 0
1785863517598 496504 483880 12624 0
1785863517630 496504 483880 12624 0
1785863517661 496504 483880 12624 0
1785863517691 496504 483880 12624 0
1785863517722 496504 483880 12624 0
1785863517755 496504 483880 12624 0
1785863517787 496504 483880 12624 0
1785863517820 496504 483880 12624 0
1785863517852 496504 483880 12624 0
1785863517884 496504 483880 12624 0
1785863517916 496504 483880 12624 0
1785863517949 496504 483880 12624 0
1785863517981 496504 483880 12624 0
1785863518013 496504 483880 12624 0
1785863518046 496504 483880 12624 0
1785863518078 496504 483880 12624 0
1785863518109 496504 483880 12624 0
1785863518139 496504 483880 12624 0
1785863518169 496504 483880 12624 0
1785863518201 496504 483880 12624 0
1785863518232 496504 483880 12624 0
1785863518264 496504 483880 12624 0
1785863518296 496504 483880 12624 0
1785863518328 496504 483880 12624 0
1785863518360 496504 483880 12624 0
1785863518393 496504 483880 12624 0
1785863518425 496504 483880 12624 0
1785863518456 496504 483880 12624 0
1785863518489 496504 483880 12624 0
1785863518520 496504 483880 12624 0
1785863518552 496504 483880 12624 0
1785863518585 496504 483880 12624 0
1785863518618 496504 483880 12624 0
1785863518651 496504 483880 12624 0
1785863518684 496504 483880 12624 0
1785863518716 496504 483880 12624 0
1785863518748 496504 483880 12624 0
1785863518781 496504 483880 12624 0
1785863518814 496504 483880 12624 0
1785863518846 496504 483880 12624 0
1785863518878 496504 483880 12624 0
1785863518911 496504 483880 12624 0
1785863518941 496504 483880 12624 0
1785863518972 496504 483880 12624 0
1785863519003 496504 483880 12624 0
1785863519035 496504 483880 12624 0
1785863519068 496504 483880 12624 0
1785863519101 496504 483880 12624 0
1785863519133 496504 483880 12624 0
1785863519166 496504 483880 12624 0
1785863519198 496504 483880 12624 0
1785863519231 496504 483880 12624 0
1785863519263 496504 483880 12624 0
1785863519296 496504 483880 12624 0
1785863519328 496504 483880 12624 0
1785863519359 496504 483880 12624 0
1785863519389 496504 483880 12624 0
1785863519420 496504 483880 12624 0
1785863519451 496504 483880 12624 0
1785863519482 496504 483880 12624 0
1785863519514 496504 483880 12624 0
1785863519546 496504 483880 12624 0
1785863519578 496504 483880 12624 0
1785863519609 496504 483880 12624 0
1785863519641 496504 483880 12624 0
1785863519673 496504 483880 12624 0
1785863519705 496504 483880 12624 0
1785863519736 496504 483880 12624 0
1785863519768 496504 483880 12624 0
1785863519797 496504 483880 12624 0
1785863519825 496504 483880 12624 0
1785863519854 496504 483880 12624 0
1785863519881 494168 481548 12620 0
1785863519910 493992 481372 12620 0
1785863519951 504512 491888 12624 0
1785863519981 504512 491888 12624 0
1785863520009 504512 491888 12624 0
1785863520036 504512 491888 12624 0
1785863520064 504512 491888 12624 0
1785863520093 504512 491888 12624 0
1785863520121 504512 491888 12624 0
1785863520149 504512 491888 12624 0
1785863520177 504512 491888 12624 0
1785863520204 504512 491888 12624 0
1785863520231 504512 491888 12624 0
1785863520259 504512 491888 12624 0
1785863520285 504512 491888 12624 0
1785863520313 504512 491888 12624 0
1785863520342 508608 495984 12624 0
1785863520371 512688 500064 12624 0
1785863520404 512688 500064 12624 0
1785863520433 512688 500064 12624 0
1785863520463 510352 497732 12620 0
1785863520493 512696 500072 12624 0
1785863520522 512696 500072 12624 0
1785863520552 512696 500072 12624 0
1785863520581 512216 499592 12624 0
1785863520611 512216 499592 12624 0
1785863520640 512216 499592 12624 0
1785863520669 512216 499592 12624 0
1785863520697 512216 499592 12624 0
1785863520725 512216 499592 12624 0
1785863520754 512216 499592 12624 0
1785863520784 512216 499592 12624 0
1785863520813 509880 497260 12620 0
1785863520843 506008 493384 12624 0
1785863520873 504024 491400 12624 0
1785863520902 504024 491400 12624 0
1785863520928 504024 491400 12624 0
1785863520954 503032 490408 12624 0
1785863520981 503032 490408 12624 0
1785863521010 503032 490408 12624 0
1785863521039 503032 490408 12624 0
1785863521066 503184 490560 12624 0
1785863521095 504640 492016 12624 0
1785863521124 504640 492016 12624 0
1785863521153 504640 492016 12624 0
1785863521182 504640 492016 12624 0
1785863521209 504640 492016 12624 0
1785863521235 507680 495056 12624 0
1785863521264 512176 499552 12624 0
1785863521294 512688 500064 12624 0
1785863521324 510352 497732 12620 0
1785863521356 512816 500192 12624 0
1785863521386 512816 500192 12624 0
1785863521416 512816 500192 12624 0
1785863521448 510488 497868 12620 0
1785863521477 510584 497964 12620 0
1785863521508 512944 500320 12624 0
1785863521537 512944 500320 12624 0
1785863521565 512944 500320 12624 0
1785863521594 512944 500320 12624 0
1785863521624 512944 500320 12624 0
1785863521652 512944 500320 12624 0
1785863521680 512944 500320 12624 0
1785863521709 512944 500320 12624 0
1785863521737 512944 500320 12624 0
1785863521767 512944 500320 12624 0
1785863521796 512944 500320 12624 0
1785863521824 512944 500320 12624 0
1785863521854 512944 500320 12624 0
1785863521883 512944 500320 12624 0
1785863521913 512944 500320 12624 0
1785863521942 512944 500320 12624 0
1785863521969 512944 500320 12624 0
1785863521997 512944 500320 12624 0
1785863522026 512944 500320 12624 0
1785863522055 511952 499328 12624 0
1785863522084 510960 498336 12624 0
1785863522112 509968 497344 12624 0
1785863522142 509968 497344 12624 0
1785863522172 509968 497344 12624 0
1785863522201 509968 497344 12624 0
1785863522232 517524 504900 12624 0
1785863522261 517524 504900 12624 0
1785863522291 516532 503908 12624 0
1785863522321 512564 499940 12624 0
1785863522350 512564 499940 12624 0
1785863522379 512564 499940 12624 0
1785863522406 512068 499444 12624 0
1785863522434 512068 499444 12624 0
1785863522461 512068 499444 12624 0
1785863522488 512068 499444 12624 0
1785863522516 512068 499444 12624 0
1785863522543 512068 499444 12624 0
1785863522570 512068 499444 12624 0
1785863522596 512068 499444 12624 0
1785863522623 512068 499444 12624 0
1785863522653 512068 499444 12624 0
1785863522681 512068 499444 12624 0
1785863522710 512068 499444 12624 0
1785863522739 511572 498948 12624 0
1785863522768 504644 492020 12624 0
1785863522798 512196 499572 12624 0
1785863522827 512196 499572 12624 0
1785863522857 512196 499572 12624 0
1785863522885 512196 499572 12624 0
1785863522911 512196 499572 12624 0
1785863522939 512196 499572 12624 0
1785863522966 512196 499572 12624 0
1785863522993 520244 507620 12624 0
1785863523024 520244 507620 12624 0
1785863523053 520248 507624 12624 0
1785863523083 520268 507644 12624 0
1785863523113 520300 507676 12624 0
1785863523143 520304 507680 12624 0
1785863523172 520308 507684 12624 0
1785863523201 520380 507756 12624 0
1785863523232 511564 504764 6800 0
1785863523267 520936 508312 12624 0
1785863523298 521220 508596 12624 0
1785863523327 75556 69964 5592 0
1785863523352 519204 506584 12620 0
1785863523382 521592 508968 12624 0
1785863523413 522712 510088 12624 0
1785863523444 522740 510116 12624 0
1785863523473 522740 510116 12624 0
1785863523503 522740 510116 12624 0
1785863523533 522740 510116 12624 0
1785863523564 522740 510116 12624 0
1785863523595 522740 510116 12624 0
1785863523625 522740 510116 12624 0
1785863523656 522740 510116 12624 0
1785863523687 522740 510116 12624 0
1785863523718 522740 510116 12624 0
1785863523748 522740 510116 12624 0
1785863523778 522740 510116 12624 0
1785863523808 522740 510116 12624 0
1785863523837 522740 510116 12624 0
1785863523867 522740 510116 12624 0
1785863523896 522740 510116 12624 0
1785863523926 522740 510116 12624 0
1785863523956 522740 510116 12624 0
1785863523986 522740 510116 12624 0
1785863524017 522740 510116 12624 0
1785863524046 522740 510116 12624 0
1785863524077 520404 507784 12620 0
1785863524107 542708 530084 12624 0
1785863524138 542708 530084 12624 0
1785863524168 550900 538276 12624 0
1785863524198 550900 538276 12624 0
1785863524228 550900 538276 12624 0
1785863524257 550900 538276 12624 0
1785863524287 550900 538276 12624 0
1785863524317 550900 538276 12624 0
1785863524346 550900 538276 12624 0
1785863524375 550900 538276 12624 0
1785863524405 550900 538276 12624 0
1785863524435 550900 538276 12624 0
1785863524464 550900 538276 12624 0
1785863524494 550900 538276 12624 0
1785863524525 550900 538276 12624 0
1785863524554 550900 538276 12624 0
1785863524583 550900 538276 12624 0
1785863524612 550900 538276 12624 0
1785863524643 550900 538276 12624 0
1785863524673 550900 538276 12624 0
1785863524703 550900 538276 12624 0
1785863524734 550900 538276 12624 0
1785863524764 550900 538276 12624 0
1785863524793 550900 538276 12624 0
1785863524824 550900 538276 12624 0
1785863524855 550900 538276 12624 0
1785863524885 550900 538276 12624 0
1785863524915 550900 538276 12624 0
1785863524945 550900 538276 12624 0
1785863524975 550900 538276 12624 0
1785863525006 550900 538276 12624 0
1785863525036 550900 538276 12624 0
1785863525065 550900 538276 12624 0
1785863525099 550900 538276 12624 0
1785863525130 550900 538276 12624 0
1785863525160 550900 538276 12624 0
1785863525191 550900 538276 12624 0
1785863525222 550900 538276 12624 0
1785863525252 550900 538276 12624 0
1785863525283 552300 539676 12624 0
1785863525314 552300 539676 12624 0
1785863525344 552300 539676 12624 0
1785863525374 552500 539876 12624 0
1785863525404 552500 539876 12624 0
1785863525435 552500 539876 12624 0
1785863525465 552500 539876 12624 0
1785863525496 552500 539876 12624 0
1785863525524 552500 539876 12624 0
1785863525555 552900 540276 12624 0
1785863525585 552900 540276 12624 0
1785863525616 552900 540276 12624 0
1785863525647 552900 540276 12624 0
1785863525678 552900 540276 12624 0
1785863525708 554100 541476 12624 0
1785863525740 554280 541656 12624 0
1785863525771 554280 541656 12624 0
1785863525801 554280 541656 12624 0
1785863525832 554460 541836 12624 0
1785863525862 554460 541836 12624 0
1785863525892 554460 541836 12624 0
1785863525923 554460 541836 12624 0
1785863525953 554460 541836 12624 0
1785863525984 554460 541836 12624 0
1785863526014 554460 541836 12624 0
1785863526044 554460 541836 12624 0
1785863526075 554460 541836 12624 0
1785863526106 554460 541836 12624 0
1785863526137 554460 541836 12624 0
1785863526167 554460 541836 12624 0
1785863526197 554460 541836 12624 0
1785863526228 554460 541836 12624 0
1785863526258 554460 541836 12624 0
1785863526288 554460 541836 12624 0
1785863526320 554640 542016 12624 0
1785863526350 554640 542016 12624 0
1785863526381 554640 542016 12624 0
1785863526411 554640 542016 12624 0
1785863526442 555000 542376 12624 0
1785863526473 555360 542736 12624 0
1785863526504 556440 543816 12624 0
1785863526536 556620 543996 12624 0
1785863526567 556620 543996 12624 0
1785863526598 556800 544176 12624 0
1785863526628 556980 544356 12624 0
1785863526658 556980 544356 12624 0
1785863526688 556980 544356 12624 0
1785863526718 556980 544356 12624 0
1785863526748 556980 544356 12624 0
1785863526779 556980 544356 12624 0
1785863526811 556980 544356 12624 0
1785863526841 556980 544356 12624 0
1785863526873 556980 544356 12624 0
1785863526904 556980 544356 12624 0
1785863526935 556980 544356 12624 0
1785863526964 556980 544356 12624 0
1785863526994 556980 544356 12624 0
1785863527024 556980 544356 12624 0
1785863527055 556980 544356 12624 0
1785863527086 556980 544356 12624 0
1785863527116 556980 544356 12624 0
1785863527147 556980 544356 12624 0
1785863527177 556980 544356 12624 0
1785863527208 556980 544356 12624 0
1785863527239 556980 544356 12624 0
1785863527270 556980 544356 12624 0
1785863527300 556980 544356 12624 0
1785863527331 556980 544356 12624 0
1785863527362 556980 544356 12624 0
1785863527392 556980 544356 12624 0
1785863527422 556980 544356 12624 0
1785863527453 556980 544356 12624 0
1785863527484 556980 544356 12624 0
1785863527514 556980 544356 12624 0
1785863527545 556980 544356 12624 0
1785863527575 556980 544356 12624 0
1785863527605 556980 544356 12624 0
1785863527634 556980 544356 12624 0
1785863527663 556980 544356 12624 0
1785863527694 556980 544356 12624 0
1785863527725 556980 544356 12624 0
1785863527756 556980 544356 12624 0
1785863527787 556980 544356 12624 0
1785863527817 556980 544356 12624 0
1785863527847 565176 552552 12624 0
1785863527877 565176 552552 12624 0
1785863527907 567496 554872 12624 0
1785863527936 567496 554872 12624 0
1785863527964 568268 555644 12624 0
1785863527995 569692 559120 10572 0
1785863528028 586204 573580 12624 0
1785863528059 586976 574352 12624 0
1785863528090 587748 575124 12624 0
1785863528122 587748 575124 12624 0
1785863528154 587748 575124 12624 0
1785863528184 587748 575124 12624 0
1785863528216 585412 572792 12620 0
1785863528248 595944 583320 12624 0
1785863528277 595944 583320 12624 0
1785863528308 595944 583320 12624 0
1785863528339 595944 583320 12624 0
1785863528370 595944 583320 12624 0
1785863528401 595944 583320 12624 0
1785863528433 595944 583320 12624 0
1785863528464 595944 583320 12624 0
1785863528495 595944 583320 12624 0
1785863528526 595944 583320 12624 0
1785863528558 595944 583320 12624 0
1785863528590 595944 583320 12624 0
1785863528621 595944 583320 12624 0
1785863528652 595944 583320 12624 0
1785863528685 595944 583320 12624 0
1785863528716 595944 583320 12624 0
1785863528747 595944 583320 12624 0
1785863528779 595944 583320 12624 0
1785863528811 595944 583320 12624 0
1785863528842 595944 583320 12624 0
1785863528873 595944 583320 12624 0
1785863528905 595944 583320 12624 0
1785863528937 595944 583320 12624 0
1785863528968 595944 583320 12624 0
1785863529000 595944 583320 12624 0
1785863529034 595944 583320 12624 0
1785863529065 595944 583320 12624 0
1785863529097 595944 583320 12624 0
1785863529129 595944 583320 12624 0
1785863529161 595944 583320 12624 0
1785863529192 595944 583320 12624 0
1785863529224 595944 583320 12624 0
1785863529255 595944 583320 12624 0
1785863529286 595944 583320 12624 0
1785863529316 595944 583320 12624 0
1785863529348 595960 583336 12624 0
1785863529379 595960 583336 12624 0
1785863529411 595960 583336 12624 0
1785863529444 595960 583336 12624 0
1785863529478 595960 583336 12624 0
1785863529509 595960 583336 12624 0
1785863529541 595720 583096 12624 0
1785863529572 595220 582596 12624 0
1785863529604 593740 581116 12624 0
1785863529636 593740 581116 12624 0
1785863529667 590780 578156 12624 0
1785863529697 590780 578156 12624 0
1785863529727 590780 578156 12624 0
1785863529759 590780 578156 12624 0
1785863529791 590780 578156 12624 0
1785863529822 585600 572976 12624 0
1785863529853 530932 518308 12624 0
1785863529882 530932 518308 12624 0
1785863529911 530932 518308 12624 0
1785863529939 530932 518308 12624 0
1785863529969 530932 518308 12624 0
1785863529999 530932 518308 12624 0
1785863530029 530932 518308 12624 0
1785863530062 530932 518308 12624 0
1785863530092 530932 518308 12624 0
1785863530121 530932 518308 12624 0
1785863530149 530932 518308 12624 0
1785863530177 530932 518308 12624 0
1785863530205 530932 518308 12624 0
1785863530233 530932 518308 12624 0
1785863530262 530932 518308 12624 0
1785863530291 530932 518308 12624 0
1785863530319 530932 518308 12624 0
1785863530348 530932 518308 12624 0
1785863530377 530932 518308 12624 0
1785863530407 530932 518308 12624 0
1785863530436 530932 518308 12624 0
1785863530464 530932 518308 12624 0
1785863530494 530932 518308 12624 0
1785863530523 530932 518308 12624 0
1785863530553 530932 518308 12624 0
1785863530583 530932 518308 12624 0
1785863530613 530932 518308 12624 0
1785863530642 530932 518308 12624 0
1785863530672 530932 518308 12624 0
1785863530707 530932 518308 12624 0
1785863530737 530192 517568 12624 0
1785863530767 530192 517568 12624 0
1785863530796 530192 517568 12624 0
1785863530826 529452 516828 12624 0
1785863530855 529452 516828 12624 0
1785863530886 529452 516828 12624 0
1785863530914 529452 516828 12624 0
1785863530941 529452 516828 12624 0
1785863530967 529452 516828 12624 0
1785863530992 529452 516828 12624 0
1785863531019 529452 516828 12624 0
1785863531049 529452 516828 12624 0
1785863531078 529452 516828 12624 0
1785863531106 529452 516828 12624 0
1785863531134 529452 516828 12624 0
1785863531164 529452 516828 12624 0
1785863531194 529452 516828 12624 0
1785863531224 529452 516828 12624 0
1785863531252 529452 516828 12624 0
1785863531277 529452 516828 12624 0
1785863531302 528712 516088 12624 0
1785863531329 527948 515324 12624 0
1785863531358 527948 515324 12624 0
1785863531386 527948 515324 12624 0
1785863531414 527948 515324 12624 0
1785863531442 527184 514560 12624 0
1785863531472 527184 514560 12624 0
1785863531501 527184 514560 12624 0
1785863531529 525656 513032 12624 0
1785863531558 525656 513032 12624 0
1785863531586 525656 513032 12624 0
1785863531613 514516 509776 4740 0
1785863531642 471928 459304 12624 0
1785863531671 471928 459304 12624 0
1785863531697 471928 459304 12624 0
1785863531724 471928 459304 12624 0
1785863531752 471928 459304 12624 0
1785863531778 471928 459304 12624 0
1785863531805 471928 459304 12624 0
1785863531832 471928 459304 12624 0
1785863531860 471928 459304 12624 0
1785863531891 471928 459304 12624 0
1785863531921 471928 459304 12624 0
1785863531951 471928 459304 12624 0
1785863531981 471928 459304 12624 0
1785863532011 471928 459304 12624 0
1785863532041 471928 459304 12624 0
1785863532072 471928 459304 12624 0
1785863532102 471928 459304 12624 0
1785863532132 471928 459304 12624 0
1785863532163 471928 459304 12624 0
1785863532193 471928 459304 12624 0
1785863532221 471928 459304 12624 0
1785863532247 471928 459304 12624 0
1785863532274 471928 459304 12624 0
1785863532303 471928 459304 12624 0
1785863532333 471928 459304 12624 0
1785863532364 471928 459304 12624 0
1785863532394 471928 459304 12624 0
1785863532425 471928 459304 12624 0
1785863532455 471928 459304 12624 0
1785863532486 471928 459304 12624 0
1785863532516 471928 459304 12624 0
1785863532546 471928 459304 12624 0
1785863532577 471928 459304 12624 0
1785863532607 471928 459304 12624 0
1785863532636 471928 459304 12624 0
1785863532663 471928 459304 12624 0
1785863532694 471928 459304 12624 0
1785863532724 471928 459304 12624 0
1785863532755 471928 459304 12624 0
1785863532785 471928 459304 12624 0
1785863532816 471928 459304 12624 0
1785863532846 471928 459304 12624 0
1785863532877 471928 459304 12624 0
1785863532908 471928 459304 12624 0
1785863532938 471928 459304 12624 0
1785863532968 471928 459304 12624 0
1785863532998 471928 459304 12624 0
1785863533027 471928 459304 12624 0
1785863533057 471928 459304 12624 0
1785863533088 471928 459304 12624 0
1785863533119 471928 459304 12624 0
1785863533149 471928 459304 12624 0
1785863533180 471928 459304 12624 0
1785863533211 471928 459304 12624 0
1785863533242 471928 459304 12624 0
1785863533273 471928 459304 12624 0
1785863533304 471928 459304 12624 0
1785863533335 471928 459304 12624 0
1785863533365 471928 459304 12624 0
1785863533402 471928 459304 12624 0
1785863533433 471928 459304 12624 0
1785863533462 471928 459304 12624 0
1785863533492 471928 459304 12624 0
1785863533523 471928 459304 12624 0
1785863533554 471928 459304 12624 0
1785863533586 471928 459304 12624 0
1785863533617 471928 459304 12624 0
1785863533648 471928 459304 12624 0
1785863533680 471928 459304 12624 0
1785863533711 471928 459304 12624 0
1785863533743 471928 459304 12624 0
1785863533775 471928 459304 12624 0
1785863533807 471928 459304 12624 0
1785863533839 471928 459304 12624 0
1785863533870 471928 459304 12624 0
1785863533900 471928 459304 12624 0
1785863533929 471928 459304 12624 0
1785863533958 471928 459304 12624 0
1785863533990 471928 459304 12624 0
1785863534020 471928 459304 12624 0
1785863534051 471928 459304 12624 0
1785863534082 471928 459304 12624 0
1785863534113 471928 459304 12624 0
1785863534145 471928 459304 12624 0
1785863534176 471928 459304 12624 0
1785863534208 471928 459304 12624 0
1785863534239 471928 459304 12624 0
1785863534272 471928 459304 12624 0
1785863534304 471928 459304 12624 0
1785863534335 471928 459304 12624 0
1785863534365 471928 459304 12624 0
1785863534394 471928 459304 12624 0
1785863534424 471928 459304 12624 0
1785863534454 471928 459304 12624 0
1785863534485 471928 459304 12624 0
1785863534516 471928 459304 12624 0
1785863534547 471928 459304 12624 0
1785863534578 471928 459304 12624 0
1785863534608 471928 459304 12624 0
1785863534639 471928 459304 12624 0
1785863534671 471928 459304 12624 0
1785863534703 471928 459304 12624 0
1785863534735 471928 459304 12624 0
1785863534767 471928 459304 12624 0
1785863534799 471928 459304 12624 0
1785863534830 471928 459304 12624 0
1785863534861 471928 459304 12624 0
1785863534891 471928 459304 12624 0
1785863534921 471928 459304 12624 0
1785863534952 471928 459304 12624 0
1785863534983 471928 459304 12624 0
1785863535014 471928 459304 12624 0
1785863535045 471928 459304 12624 0
1785863535076 471928 459304 12624 0
1785863535107 471928 459304 12624 0
1785863535139 471928 459304 12624 0
1785863535171 471928 459304 12624 0
1785863535203 471928 459304 12624 0
1785863535235 471928 459304 12624 0
1785863535267 471928 459304 12624 0
1785863535298 471928 459304 12624 0
1785863535328 471928 459304 12624 0
1785863535357 471928 459304 12624 0
1785863535388 471928 459304 12624 0
1785863535419 471928 459304 12624 0
1785863535450 471928 459304 12624 0
1785863535480 471928 459304 12624 0
1785863535511 471928 459304 12624 0
1785863535543 471928 459304 12624 0
1785863535574 471928 459304 12624 0
1785863535606 471928 459304 12624 0
1785863535638 471928 459304 12624 0
1785863535670 471928 459304 12624 0
1785863535701 471928 459304 12624 0
1785863535734 471928 459304 12624 0
1785863535765 471928 459304 12624 0
1785863535794 471928 459304 12624 0
1785863535822 471928 459304 12624 0
1785863535847 471928 459304 12624 0
1785863535872 12024 4140 7884 0
1785863535897 479920 467296 12624 0
1785863535925 479920 467296 12624 0
1785863535954 479920 467296 12624 0
1785863535982 479920 467296 12624 0
1785863536010 479920 467296 12624 0
1785863536037 479920 467296 12624 0
1785863536064 479920 467296 12624 0
1785863536092 483504 470880 12624 0
1785863536122 488112 475488 12624 0
1785863536152 488112 475488 12624 0
1785863536181 488112 475488 12624 0
1785863536211 488112 475488 12624 0
1785863536238 488112 475488 12624 0
1785863536267 488112 475488 12624 0
1785863536296 488112 475488 12624 0
1785863536324 485832 473212 12620 0
1785863536352 488500 475876 12624 0
1785863536381 486176 473556 12620 0
1785863536411 486672 474052 12620 0
1785863536441 489136 476512 12624 0
1785863536470 489136 476512 12624 0
1785863536498 489136 476512 12624 0
1785863536527 489144 476520 12624 0
1785863536556 489144 476520 12624 0
1785863536586 478252 473512 4740 0
1785863536616 489276 476652 12624 0
1785863536645 489276 476652 12624 0
1785863536673 436052 427608 8444 0
1785863536702 490200 477576 12624 0
1785863536732 490200 477576 12624 0
1785863536761 490960 478336 12624 0
1785863536789 490960 478336 12624 0
1785863536818 488632 476012 12620 0
1785863536847 494564 481940 12624 0
1785863536877 494700 482076 12624 0
1785863536906 491648 479024 12624 0
1785863536935 491708 479084 12624 0
1785863536964 491708 479084 12624 0
1785863536993 486348 473724 12624 0
1785863537023 486348 473724 12624 0
1785863537052 486348 473724 12624 0
1785863537080 486348 473724 12624 0
1785863537109 486348 473724 12624 0
1785863537137 486348 473724 12624 0
1785863537167 486348 473724 12624 0
1785863537196 486348 473724 12624 0
1785863537224 486348 473724 12624 0
1785863537251 486348 473724 12624 0
1785863537278 486348 473724 12624 0
1785863537306 486348 473724 12624 0
1785863537335 486348 473724 12624 0
1785863537364 485792 473168 12624 0
1785863537392 485792 473168 12624 0
1785863537421 485792 473168 12624 0
1785863537449 485236 472612 12624 0
1785863537476 484680 472056 12624 0
1785863537503 479444 466824 12620 0
1785863537531 476420 463796 12624 0
1785863537559 476420 463796 12624 0
1785863537586 476420 463796 12624 0
1785863537616 476420 463796 12624 0
1785863537646 476420 463796 12624 0
1785863537675 476420 463796 12624 0
1785863537705 476420 463796 12624 0
1785863537734 476420 463796 12624 0
1785863537764 476420 463796 12624 0
1785863537794 476420 463796 12624 0
1785863537823 476420 463796 12624 0
1785863537853 476420 463796 12624 0
1785863537882 476420 463796 12624 0
1785863537912 476420 463796 12624 0
1785863537941 476420 463796 12624 0
1785863537971 476420 463796 12624 0
1785863538000 476420 463796 12624 0
1785863538030 476420 463796 12624 0
1785863538059 476420 463796 12624 0
1785863538089 476420 463796 12624 0
1785863538117 476420 463796 12624 0
1785863538145 476420 463796 12624 0
1785863538174 484556 471932 12624 0
1785863538204 484556 471932 12624 0
1785863538230 484556 471932 12624 0
1785863538257 485052 472428 12624 0
1785863538284 485052 472428 12624 0
1785863538311 485052 472428 12624 0
1785863538338 485052 472428 12624 0
1785863538365 486540 473916 12624 0
1785863538394 488540 475916 12624 0
1785863538424 492604 479980 12624 0
1785863538454 492604 479980 12624 0
1785863538483 492660 480036 12624 0
1785863538512 492132 479508 12624 0
1785863538540 492132 479508 12624 0
1785863538568 492132 479508 12624 0
1785863538597 491636 479012 12624 0
1785863538626 489500 476880 12620 0
1785863538656 491860 479236 12624 0
1785863538686 489820 477196 12624 0
1785863538715 490332 477708 12624 0
1785863538743 482428 469808 12620 0
1785863538771 481364 468740 12624 0
1785863538799 481364 468740 12624 0
1785863538826 481364 468740 12624 0
1785863538853 480900 468276 12624 0
1785863538882 476520 463896 12624 0
1785863538910 474408 461788 12620 0
1785863538940 477652 465028 12624 0
1785863538968 477652 465028 12624 0
1785863538997 484908 472284 12624 0
1785863539028 485884 473260 12624 0
1785863539056 485884 473260 12624 0
1785863539084 485888 473264 12624 0
1785863539111 486324 473700 12624 0
1785863539139 486324 473700 12624 0
1785863539168 487080 474456 12624 0
1785863539197 487632 475008 12624 0
1785863539225 492864 480240 12624 0
1785863539255 492864 480240 12624 0
1785863539284 492880 480256 12624 0
1785863539314 493164 480540 12624 0
1785863539344 493432 480808 12624 0
1785863539374 493436 480812 12624 0
1785863539404 493948 481324 12624 0
1785863539434 494204 481580 12624 0
1785863539463 494216 481592 12624 0
1785863539493 494220 481596 12624 0
1785863539524 497292 484668 12624 0
1785863539555 497804 485180 12624 0
1785863539585 498316 485692 12624 0
1785863539616 498572 485948 12624 0
1785863539646 501132 488508 12624 0
1785863539677 453344 440732 12612 0
1785863539707 513132 500512 12620 0
1785863539737 496640 484016 12624 0
1785863539768 496640 484016 12624 0
1785863539798 496640 484016 12624 0
1785863539829 494304 481684 12620 0
1785863539860 517296 504672 12624 0
1785863539892 521220 508596 12624 0
1785863539923 519508 506884 12624 0
1785863539954 518276 505652 12624 0
1785863539985 518276 505652 12624 0
1785863540021 518276 505652 12624 0
1785863540052 517544 504920 12624 0
1785863540084 516804 504180 12624 0
1785863540115 516804 504180 12624 0
1785863540145 516804 504180 12624 0
1785863540175 516064 503440 12624 0
1785863540206 515328 502704 12624 0
1785863540251 509432 496808 12624 0
1785863540283 505636 493012 12624 0
1785863540326 503300 490680 12620 0
1785863540356 504108 491484 12624 0
1785863540385 501772 489152 12620 0
1785863540413 502532 489908 12624 0
1785863540443 497904 485284 12620 0
1785863540470 496512 483888 12624 0
1785863540496 496512 483888 12624 0
1785863540522 496512 483888 12624 0
1785863540550 441580 432056 9524 0
1785863540579 504648 492024 12624 0
1785863540608 504648 492024 12624 0
1785863540635 504648 492024 12624 0
1785863540661 504648 492024 12624 0
1785863540687 504648 492024 12624 0
1785863540714 505144 492520 12624 0
1785863540742 510660 498036 12624 0
1785863540773 515676 503052 12624 0
1785863540803 523840 511216 12624 0
1785863540833 523916 511292 12624 0
1785863540863 521580 508960 12620 0
1785863540893 524000 511376 12624 0
1785863540921 525024 512400 12624 0
1785863540950 525088 512464 12624 0
1785863540979 527136 514512 12624 0
1785863541008 535352 522728 12624 0
1785863541037 535352 522728 12624 0
1785863541068 535712 523088 12624 0
1785863541097 536120 523496 12624 0
1785863541125 28920 21036 7884 0
1785863541147 536440 523816 12624 0
1785863541177 536440 523816 12624 0
1785863541206 537216 524592 12624 0
1785863541237 537480 524856 12624 0
1785863541267 537480 524856 12624 0
1785863541296 536944 524320 12624 0
1785863541324 536944 524320 12624 0
1785863541353 536944 524320 12624 0
1785863541384 536944 524320 12624 0
1785863541414 536944 524320 12624 0
1785863541443 536944 524320 12624 0
1785863541473 536408 523784 12624 0
1785863541503 536408 523784 12624 0
1785863541532 536408 523784 12624 0
1785863541563 534800 522176 12624 0
1785863541593 531584 518960 12624 0
1785863541623 528904 516280 12624 0
1785863541652 528904 516280 12624 0
1785863541679 528904 516280 12624 0
1785863541707 528348 515724 12624 0
1785863541733 528348 515724 12624 0
1785863541762 528348 515724 12624 0
1785863541792 528348 515724 12624 0
1785863541821 528348 515724 12624 0
1785863541851 527768 515144 12624 0
1785863541878 527768 515144 12624 0
1785863541905 527768 515144 12624 0
1785863541932 527768 515144 12624 0
1785863541958 527768 515144 12624 0
1785863541983 527768 515144 12624 0
1785863542011 527768 515144 12624 0
1785863542041 515136 510396 4740 0
1785863542071 521944 509320 12624 0
1785863542100 522188 509564 12624 0
1785863542128 524872 512248 12624 0
1785863542157 524252 511632 12620 0
1785863542188 526832 514212 12620 0
1785863542219 529288 516664 12624 0
1785863542250 534408 521784 12624 0
1785863542279 534408 521784 12624 0
1785863542308 534728 522104 12624 0
1785863542337 535048 522424 12624 0
1785863542365 535368 522744 12624 0
1785863542396 535368 522744 12624 0
1785863542425 531896 519272 12624 0
1785863542455 527928 515304 12624 0
1785863542486 527432 514808 12624 0
1785863542515 527432 514808 12624 0
1785863542544 527432 514808 12624 0
1785863542573 526936 514312 12624 0
1785863542601 526936 514312 12624 0
1785863542628 526936 514312 12624 0
1785863542655 526936 514312 12624 0
1785863542682 526936 514312 12624 0
1785863542709 526936 514312 12624 0
1785863542737 526440 513816 12624 0
1785863542766 524104 511484 12620 0
1785863542796 11856 3972 7884 0
1785863542817 518928 506304 12624 0
1785863542846 518928 506304 12624 0
1785863542873 518928 506304 12624 0
1785863542903 518928 506304 12624 0
1785863542933 518928 506304 12624 0
1785863542963 518928 506304 12624 0
1785863542993 518928 506304 12624 0
1785863543023 518928 506304 12624 0
1785863543053 518928 506304 12624 0
1785863543083 518928 506304 12624 0
1785863543114 518928 506304 12624 0
1785863543144 518928 506304 12624 0
1785863543174 518928 506304 12624 0
1785863543204 518928 506304 12624 0
1785863543234 518928 506304 12624 0
1785863543264 518928 506304 12624 0
1785863543294 518928 506304 12624 0
1785863543325 518928 506304 12624 0
1785863543355 518928 506304 12624 0
1785863543386 518928 506304 12624 0
1785863543416 518928 506304 12624 0
1785863543446 518928 506304 12624 0
1785863543477 518928 506304 12624 0
1785863543507 518928 506304 12624 0
1785863543537 518928 506304 12624 0
1785863543567 518928 506304 12624 0
1785863543597 518928 506304 12624 0
1785863543628 518928 506304 12624 0
1785863543658 518928 506304 12624 0
1785863543688 518928 506304 12624 0
1785863543719 518928 506304 12624 0
1785863543749 518928 506304 12624 0
1785863543779 518928 506304 12624 0
1785863543809 518928 506304 12624 0
1785863543839 518928 506304 12624 0
1785863543870 518928 506304 12624 0
1785863543900 518928 506304 12624 0
1785863543930 518928 506304 12624 0
1785863543961 518928 506304 12624 0
1785863543991 518928 506304 12624 0
1785863544021 518928 506304 12624 0
1785863544052 518928 506304 12624 0
1785863544083 518928 506304 12624 0
1785863544113 518928 506304 12624 0
1785863544144 518928 506304 12624 0
1785863544174 518928 506304 12624 0
1785863544202 518928 506304 12624 0
1785863544231 518928 506304 12624 0
1785863544260 518928 506304 12624 0
1785863544289 518928 506304 12624 0
1785863544317 518928 506304 12624 0
1785863544346 518928 506304 12624 0
1785863544374 518928 506304 12624 0
1785863544403 518928 506304 12624 0
1785863544431 518928 506304 12624 0
1785863544460 518928 506304 12624 0
1785863544488 518928 506304 12624 0
1785863544517 518928 506304 12624 0
1785863544545 518928 506304 12624 0
1785863544574 518928 506304 12624 0
1785863544602 518928 506304 12624 0
1785863544631 518928 506304 12624 0
1785863544660 518928 506304 12624 0
1785863544688 518928 506304 12624 0
1785863544717 518928 506304 12624 0
1785863544745 518928 506304 12624 0
1785863544774 518928 506304 12624 0
1785863544803 518928 506304 12624 0
1785863544832 518928 506304 12624 0
1785863544860 518928 506304 12624 0
1785863544890 518928 506304 12624 0
1785863544918 518928 506304 12624 0
1785863544947 518928 506304 12624 0
1785863544977 518928 506304 12624 0
1785863545006 518928 506304 12624 0
1785863545034 518928 506304 12624 0
1785863545063 518928 506304 12624 0
1785863545092 518928 506304 12624 0
1785863545121 518928 506304 12624 0
1785863545151 518928 506304 12624 0
1785863545180 518928 506304 12624 0
1785863545209 518928 506304 12624 0
1785863545237 518928 506304 12624 0
1785863545267 518928 506304 12624 0
1785863545296 518928 506304 12624 0
1785863545324 518928 506304 12624 0
1785863545355 518928 506304 12624 0
1785863545384 518928 506304 12624 0
1785863545414 518928 506304 12624 0
1785863545444 518928 506304 12624 0
1785863545473 518928 506304 12624 0
1785863545501 518928 506304 12624 0
1785863545530 525332 512708 12624 0
1785863545561 527064 514440 12624 0
1785863545591 527064 514440 12624 0
1785863545618 527064 514440 12624 0
1785863545644 527064 514440 12624 0
1785863545672 527064 514440 12624 0
1785863545698 527064 514440 12624 0
1785863545723 527064 514440 12624 0
1785863545748 527064 514440 12624 0
1785863545773 527064 514440 12624 0
1785863545797 527064 514440 12624 0
1785863545822 527064 514440 12624 0
1785863545849 527064 514440 12624 0
1785863545877 527064 514440 12624 0
1785863545902 527064 514440 12624 0
1785863545929 527064 514440 12624 0
1785863545956 527064 514440 12624 0
1785863545984 529064 516440 12624 0
1785863546013 535112 522488 12624 0
1785863546046 535112 522488 12624 0
1785863546076 535112 522488 12624 0
1785863546105 535112 522488 12624 0
1785863546134 535112 522488 12624 0
1785863546164 535112 522488 12624 0
1785863546193 535112 522488 12624 0
1785863546221 535112 522488 12624 0
1785863546250 535112 522488 12624 0
1785863546287 535112 522488 12624 0
1785863546317 535112 522488 12624 0
1785863546346 535112 522488 12624 0
1785863546374 535112 522488 12624 0
1785863546404 535112 522488 12624 0
1785863546433 535112 522488 12624 0
1785863546462 535128 522504 12624 0
1785863546493 535128 522504 12624 0
1785863546522 535408 522784 12624 0
1785863546551 527560 514936 12624 0
1785863546581 527560 514936 12624 0
1785863546607 527560 514936 12624 0
1785863546633 527560 514936 12624 0
1785863546659 527560 514936 12624 0
1785863546686 527560 514936 12624 0
1785863546715 527560 514936 12624 0
1785863546744 527912 515288 12624 0
1785863546772 527064 514440 12624 0
1785863546802 527064 514440 12624 0
1785863546832 527064 514440 12624 0
1785863546862 527064 514440 12624 0
1785863546890 527064 514440 12624 0
1785863546919 527064 514440 12624 0
1785863546945 527064 514440 12624 0
1785863546973 527064 514440 12624 0
1785863547002 527064 514440 12624 0
1785863547029 527064 514440 12624 0
1785863547057 527064 514440 12624 0
1785863547085 527064 514440 12624 0
1785863547112 527064 514440 12624 0
1785863547141 527064 514440 12624 0
1785863547168 527064 514440 12624 0
1785863547195 527064 514440 12624 0
1785863547223 527064 514440 12624 0
1785863547250 529560 516936 12624 0
1785863547280 535116 522492 12624 0
1785863547311 535116 522492 12624 0
1785863547341 535116 522492 12624 0
1785863547370 535116 522492 12624 0
1785863547399 535116 522492 12624 0
1785863547429 535328 522704 12624 0
1785863547460 535380 522756 12624 0
1785863547490 535380 522756 12624 0
1785863547519 535380 522756 12624 0
1785863547548 535380 522756 12624 0
1785863547577 535380 522756 12624 0
1785863547604 535380 522756 12624 0
1785863547634 535380 522756 12624 0
1785863547663 535384 522760 12624 0
1785863547691 533112 520492 12620 0
1785863547721 535456 522832 12624 0
1785863547751 533544 520924 12620 0
1785863547781 538248 525624 12624 0
1785863547813 538440 525816 12624 0
1785863547842 538440 525816 12624 0
1785863547871 538440 525816 12624 0
1785863547900 538648 526024 12624 0
1785863547930 485764 474336 11428 0
1785863547960 538904 526280 12624 0
1785863547989 538904 526280 12624 0
1785863548018 536568 523948 12620 0
1785863548048 538976 526352 12624 0
1785863548077 539392 526768 12624 0
1785863548107 539400 526776 12624 0
1785863548136 539592 526968 12624 0
1785863548166 543348 530724 12624 0
1785863548197 543540 530916 12624 0
1785863548226 554120 541496 12624 0
1785863548257 554184 541560 12624 0
1785863548288 554248 541624 12624 0
1785863548318 554312 541688 12624 0
1785863548350 554312 541688 12624 0
1785863548381 554312 541688 12624 0
1785863548411 554312 541688 12624 0
1785863548442 570284 557664 12620 0
1785863548473 613592 600972 12620 0
1785863548505 649080 636456 12624 0
1785863548536 649144 636520 12624 0
1785863548566 653044 640420 12624 0
1785863548598 650772 638152 12620 0
1785863548630 594100 581476 12624 0
1785863548659 594100 581476 12624 0
1785863548688 594100 581476 12624 0
1785863548718 594100 581476 12624 0
1785863548747 594164 581540 12624 0
1785863548777 594164 581540 12624 0
1785863548807 594164 581540 12624 0
1785863548838 594164 581540 12624 0
1785863548868 594164 581540 12624 0
1785863548899 594164 581540 12624 0
1785863548929 594164 581540 12624 0
1785863548959 594164 581540 12624 0
1785863548989 594164 581540 12624 0
1785863549020 594164 581540 12624 0
1785863549051 594164 581540 12624 0
1785863549081 594164 581540 12624 0
1785863549112 594164 581540 12624 0
1785863549142 594164 581540 12624 0
1785863549173 594296 581672 12624 0
1785863549204 610132 605392 4740 0
1785863549235 677780 665156 12624 0
1785863549267 677780 665156 12624 0
1785863549296 677780 665156 12624 0
1785863549323 677780 665156 12624 0
1785863549350 677780 665156 12624 0
1785863549375 677780 665156 12624 0
1785863549401 677780 665156 12624 0
1785863549431 677780 665156 12624 0
1785863549457 677780 665156 12624 0
1785863549484 677780 665156 12624 0
1785863549509 677780 665156 12624 0
1785863549535 677780 665156 12624 0
1785863549561 677780 665156 12624 0
1785863549587 768404 755780 12624 0
1785863549699 591284 578660 12624 0
1785863549826 591284 578660 12624 0
1785863549854 591284 578660 12624 0
1785863549880 591284 578660 12624 0
1785863549909 591284 578660 12624 0
1785863549939 591284 578660 12624 0
1785863549968 591284 578660 12624 0
1785863549999 591284 578660 12624 0
1785863550029 591284 578660 12624 0
1785863550059 591284 578660 12624 0
1785863550091 591284 578660 12624 0
1785863550121 597376 592636 4740 0
1785863550152 627220 614600 12620 0
1785863550183 643000 630376 12624 0
1785863550214 664584 651960 12624 0
1785863550246 671380 658760 12620 0
1785863550278 620084 607460 12624 0
1785863550308 620084 607460 12624 0
1785863550341 620084 607460 12624 0
1785863550371 620084 607460 12624 0
1785863550401 620084 607460 12624 0
1785863550431 620084 607460 12624 0
1785863550462 620084 607460 12624 0
1785863550495 620084 607460 12624 0
1785863550526 620084 607460 12624 0
1785863550557 620084 607460 12624 0
1785863550588 620084 607460 12624 0
1785863550619 620084 607460 12624 0
1785863550650 620084 607460 12624 0
1785863550680 620084 607460 12624 0
1785863550710 620084 607460 12624 0
1785863550741 620084 607460 12624 0
1785863550771 620084 607460 12624 0
1785863550802 620084 607460 12624 0
1785863550832 620084 607460 12624 0
1785863550863 620084 607460 12624 0
1785863550894 620084 607460 12624 0
1785863550924 620084 607460 12624 0
1785863550956 620084 607460 12624 0
1785863550987 620084 607460 12624 0
1785863551018 620084 607460 12624 0
1785863551049 620084 607460 12624 0
1785863551079 620084 607460 12624 0
1785863551110 620084 607460 12624 0
1785863551141 620084 607460 12624 0
1785863551172 620084 607460 12624 0
1785863551203 620084 607460 12624 0
1785863551234 655532 642908 12624 0
1785863551265 655532 642908 12624 0
1785863551296 661404 648784 12620 0
1785863551328 694328 681704 12624 0
1785863551361 697908 685284 12624 0
1785863551394 697908 685284 12624 0
1785863551426 697908 685284 12624 0
1785863551458 697908 685284 12624 0
1785863551490 697908 685284 12624 0
1785863551521 697908 685284 12624 0
1785863551553 697908 685284 12624 0
1785863551585 697908 685284 12624 0
1785863551616 697908 685284 12624 0
1785863551649 697908 685284 12624 0
1785863551679 697908 685284 12624 0
1785863551711 697908 685284 12624 0
1785863551744 697908 685284 12624 0
1785863551775 612116 599492 12624 0
1785863551805 612116 599492 12624 0
1785863551833 629396 616772 12624 0
1785863551864 629396 616772 12624 0
1785863551895 629396 616772 12624 0
1785863551925 629396 616772 12624 0
1785863551956 629396 616772 12624 0
1785863551987 629396 616772 12624 0
1785863552017 629396 616772 12624 0
1785863552049 629396 616772 12624 0
1785863552080 629396 616772 12624 0
1785863552111 635028 622404 12624 0
1785863552144 635028 622404 12624 0
1785863552175 635028 622404 12624 0
1785863552206 635028 622404 12624 0
1785863552237 635028 622404 12624 0
1785863552267 635028 622404 12624 0
1785863552299 651416 638792 12624 0
1785863552331 651416 638792 12624 0
1785863552363 651416 638792 12624 0
1785863552394 651416 638792 12624 0
1785863552425 651416 638792 12624 0
1785863552455 651416 638792 12624 0
1785863552486 651416 638792 12624 0
1785863552517 651416 638792 12624 0
1785863552549 651416 638792 12624 0
1785863552580 651416 638792 12624 0
1785863552611 651416 638792 12624 0
1785863552643 651416 638792 12624 0
1785863552674 651416 638792 12624 0
1785863552705 651416 638792 12624 0
1785863552736 651416 638792 12624 0
1785863552765 651416 638792 12624 0
1785863552795 651416 638792 12624 0
1785863552825 651416 638792 12624 0
1785863552858 651416 638792 12624 0
1785863552890 651416 638792 12624 0
1785863552921 651416 638792 12624 0
1785863552952 651416 638792 12624 0
1785863552983 651416 638792 12624 0
1785863553013 651416 638792 12624 0
1785863553045 651416 638792 12624 0
1785863553077 651416 638792 12624 0
1785863553109 651416 638792 12624 0
1785863553140 651416 638792 12624 0
1785863553170 651416 638792 12624 0
1785863553200 651416 638792 12624 0
1785863553230 651416 638792 12624 0
1785863553262 651416 638792 12624 0
1785863553293 651416 638792 12624 0
1785863553326 651416 638792 12624 0
1785863553357 651416 638792 12624 0
1785863553388 651416 638792 12624 0
1785863553420 651416 638792 12624 0
1785863553451 651416 638792 12624 0
1785863553482 653464 640840 12624 0
1785863553514 653464 640840 12624 0
1785863553545 653464 640840 12624 0
1785863553576 653464 640840 12624 0
1785863553607 653464 640840 12624 0
1785863553639 653464 640840 12624 0
1785863553670 653464 640840 12624 0
1785863553701 653464 640840 12624 0
1785863553732 653464 640840 12624 0
1785863553762 653464 640840 12624 0
1785863553792 652724 640100 12624 0
1785863553824 651984 639360 12624 0
1785863553856 651984 639360 12624 0
1785863553887 651984 639360 12624 0
1785863553918 651984 639360 12624 0
1785863553949 651984 639360 12624 0
1785863553980 651984 639360 12624 0
1785863554011 651244 638620 12624 0
1785863554042 651244 638620 12624 0
1785863554075 651244 638620 12624 0
1785863554108 651244 638620 12624 0
1785863554140 651244 638620 12624 0
1785863554172 649024 636400 12624 0
1785863554203 647544 634920 12624 0
1785863554232 646804 634180 12624 0
1785863554262 646804 634180 12624 0
1785863554292 646804 634180 12624 0
1785863554323 646804 634180 12624 0
1785863554354 641624 629000 12624 0
1785863554384 641624 629000 12624 0
1785863554413 641624 629000 12624 0
1785863554442 641624 629000 12624 0
1785863554470 641624 629000 12624 0
1785863554499 641624 629000 12624 0
1785863554527 641624 629000 12624 0
1785863554557 641624 629000 12624 0
1785863554588 641624 629000 12624 0
1785863554618 641624 629000 12624 0
1785863554649 641624 629000 12624 0
1785863554680 641624 629000 12624 0
1785863554711 641624 629000 12624 0
1785863554740 641624 629000 12624 0
1785863554770 641624 629000 12624 0
1785863554799 641624 629000 12624 0
1785863554827 641624 629000 12624 0
1785863554856 641624 629000 12624 0
1785863554886 641624 629000 12624 0
1785863554916 641624 629000 12624 0
1785863554945 641624 629000 12624 0
1785863554974 641624 629000 12624 0
1785863555003 641624 629000 12624 0
1785863555033 641624 629000 12624 0
1785863555061 641624 629000 12624 0
1785863555090 641624 629000 12624 0
1785863555117 641624 629000 12624 0
1785863555146 641624 629000 12624 0
1785863555176 641624 629000 12624 0
1785863555206 641624 629000 12624 0
1785863555236 641624 629000 12624 0
1785863555266 641624 629000 12624 0
1785863555296 641624 629000 12624 0
1785863555326 641624 629000 12624 0
1785863555355 641624 629000 12624 0
1785863555385 641624 629000 12624 0
1785863555416 641624 629000 12624 0
1785863555445 641624 629000 12624 0
1785863555474 641624 629000 12624 0
1785863555503 641624 629000 12624 0
1785863555531 641624 629000 12624 0
1785863555560 641624 629000 12624 0
1785863555590 641624 629000 12624 0
1785863555619 641624 629000 12624 0
1785863555650 641624 629000 12624 0
1785863555680 641624 629000 12624 0
1785863555710 641624 629000 12624 0
1785863555741 641624 629000 12624 0
1785863555772 641624 629000 12624 0
1785863555802 641624 629000 12624 0
1785863555832 641624 629000 12624 0
1785863555860 641624 629000 12624 0
1785863555889 640884 628260 12624 0
1785863555919 640884 628260 12624 0
1785863555951 640884 628260 12624 0
1785863555980 640884 628260 12624 0
1785863556009 640884 628260 12624 0
1785863556039 640884 628260 12624 0
1785863556070 640884 628260 12624 0
1785863556099 640884 628260 12624 0
1785863556129 640884 628260 12624 0
1785863556157 640884 628260 12624 0
1785863556186 637784 625164 12620 0
1785863556216 638592 625968 12624 0
1785863556247 636204 623580 12624 0
1785863556277 636204 623580 12624 0
1785863556308 636204 623580 12624 0
1785863556340 636204 623580 12624 0
1785863556369 636204 623580 12624 0
1785863556397 630664 618040 12624 0
1785863556427 630664 618040 12624 0
1785863556455 503344 490724 12620 0
1785863556480 504700 492076 12624 0
1785863556506 504700 492076 12624 0
1785863556534 504700 492076 12624 0
1785863556561 504700 492076 12624 0
1785863556587 504700 492076 12624 0
1785863556613 504700 492076 12624 0
1785863556640 504700 492076 12624 0
1785863556668 504700 492076 12624 0
1785863556698 504700 492076 12624 0
1785863556729 504700 492076 12624 0
1785863556759 504700 492076 12624 0
1785863556788 504700 492076 12624 0
1785863556818 504700 492076 12624 0
1785863556848 504700 492076 12624 0
1785863556878 504700 492076 12624 0
1785863556907 504700 492076 12624 0
1785863556937 504700 492076 12624 0
1785863556967 504700 492076 12624 0
1785863556997 504700 492076 12624 0
1785863557027 504700 492076 12624 0
1785863557057 504700 492076 12624 0
1785863557086 504700 492076 12624 0
1785863557117 504700 492076 12624 0
1785863557146 504700 492076 12624 0
1785863557176 504700 492076 12624 0
1785863557206 504700 492076 12624 0
1785863557236 504700 492076 12624 0
1785863557266 504700 492076 12624 0
1785863557296 504700 492076 12624 0
1785863557326 504700 492076 12624 0
1785863557356 504700 492076 12624 0
1785863557385 504700 492076 12624 0
1785863557415 504700 492076 12624 0
1785863557445 504700 492076 12624 0
1785863557475 504700 492076 12624 0
1785863557504 504700 492076 12624 0
1785863557534 504700 492076 12624 0
1785863557564 504700 492076 12624 0
1785863557594 504700 492076 12624 0
1785863557624 504700 492076 12624 0
1785863557654 504700 492076 12624 0
1785863557684 504700 492076 12624 0
1785863557714 504700 492076 12624 0
1785863557743 504700 492076 12624 0
1785863557773 504700 492076 12624 0
1785863557803 504700 492076 12624 0
1785863557833 504700 492076 12624 0
1785863557863 504700 492076 12624 0
1785863557893 504700 492076 12624 0
1785863557923 504700 492076 12624 0
1785863557953 504700 492076 12624 0
1785863557982 504700 492076 12624 0
1785863558012 504700 492076 12624 0
1785863558042 504700 492076 12624 0
1785863558073 504700 492076 12624 0
1785863558104 504700 492076 12624 0
1785863558134 504700 492076 12624 0
1785863558165 504700 492076 12624 0
1785863558196 504700 492076 12624 0
1785863558226 504700 492076 12624 0
1785863558257 504700 492076 12624 0
1785863558288 504700 492076 12624 0
1785863558319 504700 492076 12624 0
1785863558350 504700 492076 12624 0
1785863558381 504700 492076 12624 0
1785863558412 504700 492076 12624 0
1785863558442 504700 492076 12624 0
1785863558473 504700 492076 12624 0
1785863558504 504700 492076 12624 0
1785863558533 504700 492076 12624 0
1785863558568 504700 492076 12624 0
1785863558601 504700 492076 12624 0
1785863558631 504700 492076 12624 0
1785863558659 504700 492076 12624 0
1785863558689 512836 500212 12624 0
1785863558719 512836 500212 12624 0
1785863558748 512836 500212 12624 0
1785863558776 512836 500212 12624 0
1785863558803 512836 500212 12624 0
1785863558830 512836 500212 12624 0
1785863558857 512836 500212 12624 0
1785863558886 515332 502708 12624 0
1785863558916 519364 506740 12624 0
1785863558946 519364 506740 12624 0
1785863558976 520884 508260 12624 0
1785863559005 520884 508260 12624 0
1785863559033 520884 508260 12624 0
1785863559064 520884 508260 12624 0
1785863559093 520884 508260 12624 0
1785863559121 520884 508260 12624 0
1785863559148 518572 505952 12620 0
1785863559178 520916 508292 12624 0
1785863559208 512860 500236 12624 0
1785863559237 511820 499196 12624 0
1785863559266 511980 499356 12624 0
1785863559295 504804 492180 12624 0
1785863559325 504912 492288 12624 0
1785863559353 57768 52960 4808 0
1785863559374 508524 495900 12624 0
1785863559404 509108 496484 12624 0
1785863559433 515856 503232 12624 0
1785863559463 516344 503720 12624 0
1785863559493 516344 503720 12624 0
1785863559522 516600 503976 12624 0
1785863559551 516600 503976 12624 0
1785863559578 516600 503976 12624 0
1785863559606 516856 504232 12624 0
1785863559636 517808 505184 12624 0
1785863559666 522168 509544 12624 0
1785863559696 522168 509544 12624 0
1785863559726 522428 509804 12624 0
1785863559761 522704 510080 12624 0
1785863559792 522720 510096 12624 0
1785863559822 522732 510108 12624 0
1785863559853 522752 510128 12624 0
1785863559883 522760 510136 12624 0
1785863559916 525320 512696 12624 0
1785863559947 525320 512696 12624 0
1785863559977 525320 512696 12624 0
1785863560007 525320 512696 12624 0
1785863560038 525576 512952 12624 0
1785863560069 525832 513208 12624 0
1785863560100 526600 513976 12624 0
1785863560130 528904 516280 12624 0
1785863560162 567704 562960 4744 0
1785863560194 529416 516792 12624 0
1785863560224 526344 513724 12620 0
1785863560255 532040 519416 12624 0
1785863560287 531304 518680 12624 0
1785863560318 529828 517204 12624 0
1785863560349 529828 517204 12624 0
1785863560381 529828 517204 12624 0
1785863560413 529092 516468 12624 0
1785863560443 527616 514992 12624 0
1785863560472 526880 514256 12624 0
1785863560502 526140 513516 12624 0
1785863560533 523688 511064 12624 0
1785863560566 521716 509092 12624 0
1785863560597 521716 509092 12624 0
1785863560626 521716 509092 12624 0
1785863560657 521716 509092 12624 0
1785863560691 521716 509092 12624 0
1785863560720 521716 509092 12624 0
1785863560753 521716 509092 12624 0
1785863560792 520976 508352 12624 0
1785863560826 520976 508352 12624 0
1785863560864 520976 508352 12624 0
1785863560906 520976 508352 12624 0
1785863560936 517160 504540 12620 0
1785863560971 518732 506108 12624 0
1785863561002 517204 504580 12624 0
1785863561033 517204 504580 12624 0
1785863561063 516440 503816 12624 0
1785863561092 515676 503052 12624 0
1785863561120 511812 499192 12620 0
1785863561149 508796 496172 12624 0
1785863561178 508796 496172 12624 0
1785863561206 508796 496172 12624 0
1785863561231 506460 493840 12620 0
1785863561260 516932 504308 12624 0
1785863561289 516932 504308 12624 0
1785863561318 516932 504308 12624 0
1785863561346 516932 504308 12624 0
1785863561373 516932 504308 12624 0
1785863561401 516932 504308 12624 0
1785863561428 518452 505828 12624 0
1785863561459 522452 509828 12624 0
1785863561489 524484 511860 12624 0
1785863561520 524980 512356 12624 0
1785863561550 524980 512356 12624 0
1785863561580 524980 512356 12624 0
1785863561609 524988 512364 12624 0
1785863561638 525064 512440 12624 0
1785863561667 525064 512440 12624 0
1785863561694 525088 512464 12624 0
1785863561725 523392 510772 12620 0
1785863561769 526024 513400 12624 0
1785863561798 472052 461564 10488 0
1785863561835 526112 513488 12624 0
1785863561864 523776 511156 12620 0
1785863561895 524032 511412 12620 0
1785863561925 526404 513780 12624 0
1785863561955 516136 511396 4740 0
1785863561985 527348 514724 12624 0
1785863562015 527348 514724 12624 0
1785863562045 527348 514724 12624 0
1785863562074 527348 514724 12624 0
1785863562104 527348 514724 12624 0
1785863562134 527348 514724 12624 0
1785863562164 527348 514724 12624 0
1785863562195 527348 514724 12624 0
1785863562225 525740 513116 12624 0
1785863562255 525740 513116 12624 0
1785863562284 524132 511508 12624 0
1785863562313 523596 510972 12624 0
1785863562343 523596 510972 12624 0
1785863562373 518772 506148 12624 0
1785863562401 518772 506148 12624 0
1785863562429 518772 506148 12624 0
1785863562458 518772 506148 12624 0
1785863562487 518772 506148 12624 0
1785863562516 518772 506148 12624 0
1785863562545 518216 505592 12624 0
1785863562571 518216 505592 12624 0
1785863562599 518216 505592 12624 0
1785863562625 518216 505592 12624 0
1785863562652 518216 505592 12624 0
1785863562679 518216 505592 12624 0
1785863562706 518216 505592 12624 0
1785863562736 518216 505592 12624 0
1785863562765 515880 503260 12620 0
1785863562794 511812 499188 12624 0
1785863562823 514740 502116 12624 0
1785863562852 514740 502116 12624 0
1785863562882 497284 492544 4740 0
1785863562913 517108 504484 12624 0
1785863562944 521072 508448 12624 0
1785863562975 522356 509732 12624 0
1785863563004 522356 509732 12624 0
1785863563032 522356 509732 12624 0
1785863563059 522356 509732 12624 0
1785863563088 521684 509060 12624 0
1785863563117 521332 508708 12624 0
1785863563148 522260 509636 12624 0
1785863563179 521764 509140 12624 0
1785863563209 521268 508644 12624 0
1785863563239 521268 508644 12624 0
1785863563269 521268 508644 12624 0
1785863563300 521268 508644 12624 0
1785863563329 517300 504676 12624 0
1785863563357 517300 504676 12624 0
1785863563384 517300 504676 12624 0
1785863563411 517300 504676 12624 0
1785863563438 517300 504676 12624 0
1785863563464 517300 504676 12624 0
1785863563491 517300 504676 12624 0
1785863563520 516804 504180 12624 0
1785863563549 516804 504180 12624 0
1785863563578 516308 503684 12624 0
1785863563607 506648 496116 10532 0
1785863563636 508764 496140 12624 0
1785863563665 508764 496140 12624 0
1785863563693 508764 496140 12624 0
1785863563724 508764 496140 12624 0
1785863563754 508764 496140 12624 0
1785863563784 508764 496140 12624 0
1785863563814 508764 496140 12624 0
1785863563844 508764 496140 12624 0
1785863563873 508764 496140 12624 0
1785863563902 508764 496140 12624 0
1785863563931 508764 496140 12624 0
1785863563960 508764 496140 12624 0
1785863563990 508764 496140 12624 0
1785863564019 508764 496140 12624 0
1785863564048 508764 496140 12624 0
1785863564078 508764 496140 12624 0
1785863564107 508764 496140 12624 0
1785863564136 508764 496140 12624 0
1785863564165 508764 496140 12624 0
1785863564195 508764 496140 12624 0
1785863564224 508764 496140 12624 0
1785863564253 508764 496140 12624 0
1785863564282 508764 496140 12624 0
1785863564311 508764 496140 12624 0
1785863564341 508764 496140 12624 0
1785863564370 508764 496140 12624 0
1785863564400 508764 496140 12624 0
1785863564429 508764 496140 12624 0
1785863564458 508764 496140 12624 0
1785863564487 508764 496140 12624 0
1785863564516 508764 496140 12624 0
1785863564545 508764 496140 12624 0
1785863564574 508764 496140 12624 0
1785863564603 508764 496140 12624 0
1785863564632 508764 496140 12624 0
1785863564660 508764 496140 12624 0
1785863564690 508764 496140 12624 0
1785863564719 508764 496140 12624 0
1785863564748 508764 496140 12624 0
1785863564778 508764 496140 12624 0
1785863564807 508764 496140 12624 0
1785863564836 508764 496140 12624 0
1785863564865 508764 496140 12624 0
1785863564895 508764 496140 12624 0
1785863564925 508764 496140 12624 0
1785863564955 508764 496140 12624 0
1785863564984 508764 496140 12624 0
1785863565014 508764 496140 12624 0
1785863565043 508764 496140 12624 0
1785863565074 508764 496140 12624 0
1785863565105 508764 496140 12624 0
1785863565135 508764 496140 12624 0
1785863565166 508764 496140 12624 0
1785863565196 508764 496140 12624 0
1785863565226 508764 496140 12624 0
1785863565255 508764 496140 12624 0
1785863565285 508764 496140 12624 0
1785863565315 508764 496140 12624 0
1785863565344 508764 496140 12624 0
1785863565374 508764 496140 12624 0
1785863565403 508764 496140 12624 0
1785863565432 508764 496140 12624 0
1785863565461 508764 496140 12624 0
1785863565489 508764 496140 12624 0
1785863565518 508764 496140 12624 0
1785863565549 508764 496140 12624 0
1785863565580 508764 496140 12624 0
1785863565611 508764 496140 12624 0
1785863565642 508764 496140 12624 0
1785863565672 508764 496140 12624 0
1785863565703 508764 496140 12624 0
1785863565734 508764 496140 12624 0
1785863565764 508764 496140 12624 0
1785863565794 508764 496140 12624 0
1785863565824 508764 496140 12624 0
1785863565854 508764 496140 12624 0
1785863565884 508764 496140 12624 0
1785863565913 508764 496140 12624 0
1785863565943 508764 496140 12624 0
1785863565971 508764 496140 12624 0
1785863566001 508764 496140 12624 0
1785863566030 508764 496140 12624 0
1785863566060 508764 496140 12624 0
1785863566089 508764 496140 12624 0
1785863566118 508764 496140 12624 0
1785863566148 508764 496140 12624 0
1785863566178 508764 496140 12624 0
1785863566209 508764 496140 12624 0
1785863566239 508764 496140 12624 0
1785863566268 508764 496140 12624 0
1785863566298 508764 496140 12624 0
1785863566327 508764 496140 12624 0
1785863566356 508764 496140 12624 0
1785863566386 508764 496140 12624 0
1785863566415 508764 496140 12624 0
1785863566444 508764 496140 12624 0
1785863566474 508764 496140 12624 0
1785863566504 508764 496140 12624 0
1785863566535 508764 496140 12624 0
1785863566566 508764 496140 12624 0
1785863566596 508764 496140 12624 0
1785863566627 508764 496140 12624 0
1785863566657 508764 496140 12624 0
1785863566688 508764 496140 12624 0
1785863566718 508764 496140 12624 0
1785863566749 508764 496140 12624 0
1785863566779 508764 496140 12624 0
1785863566810 508764 496140 12624 0
1785863566840 508764 496140 12624 0
1785863566871 508764 496140 12624 0
1785863566902 508764 496140 12624 0
1785863566931 508764 496140 12624 0
1785863566961 508764 496140 12624 0
1785863566991 508764 496140 12624 0
1785863567020 508764 496140 12624 0
1785863567049 508764 496140 12624 0
1785863567078 508764 496140 12624 0
1785863567108 508764 496140 12624 0
1785863567137 508764 496140 12624 0
1785863567166 508764 496140 12624 0
1785863567195 508764 496140 12624 0
1785863567225 508764 496140 12624 0
1785863567254 508764 496140 12624 0
1785863567279 508764 496140 12624 0
1785863567305 508764 496140 12624 0
1785863567333 508764 496140 12624 0
1785863567361 508764 496140 12624 0
1785863567388 508764 496140 12624 0
1785863567416 508764 496140 12624 0
1785863567443 508764 496140 12624 0
1785863567469 508764 496140 12624 0
1785863567496 508764 496140 12624 0
1785863567523 508764 496140 12624 0
1785863567550 508764 496140 12624 0
1785863567578 508764 496140 12624 0
1785863567606 508764 496140 12624 0
1785863567635 508764 496140 12624 0
1785863567662 508764 496140 12624 0
1785863567690 508764 496140 12624 0
1785863567719 508764 496140 12624 0
1785863567747 508764 496140 12624 0
1785863567775 508764 496140 12624 0
1785863567803 508764 496140 12624 0
1785863567831 508764 496140 12624 0
1785863567860 508764 496140 12624 0
1785863567888 508764 496140 12624 0
1785863567916 508764 496140 12624 0
1785863567944 508764 496140 12624 0
1785863567971 508764 496140 12624 0
1785863567998 508764 496140 12624 0
1785863568029 508764 496140 12624 0
1785863568060 508764 496140 12624 0
1785863568092 508764 496140 12624 0
1785863568124 508764 496140 12624 0
1785863568155 508764 496140 12624 0
1785863568187 508764 496140 12624 0
1785863568219 508764 496140 12624 0
1785863568251 508764 496140 12624 0
1785863568283 508764 496140 12624 0
1785863568315 508764 496140 12624 0
1785863568347 508764 496140 12624 0
1785863568380 508764 496140 12624 0
1785863568411 508764 496140 12624 0
1785863568441 508764 496140 12624 0
1785863568473 508764 496140 12624 0
1785863568505 508764 496140 12624 0
1785863568537 508764 496140 12624 0
1785863568569 508764 496140 12624 0
1785863568602 508764 496140 12624 0
1785863568635 508764 496140 12624 0
1785863568668 508764 496140 12624 0
1785863568700 508764 496140 12624 0
1785863568732 508764 496140 12624 0
1785863568765 508764 496140 12624 0
1785863568797 508764 496140 12624 0
1785863568828 508764 496140 12624 0
1785863568859 508764 496140 12624 0
1785863568889 508764 496140 12624 0
1785863568920 508764 496140 12624 0
1785863568950 508764 496140 12624 0
1785863568982 508764 496140 12624 0
1785863569013 508764 496140 12624 0
1785863569045 508764 496140 12624 0
1785863569076 508764 496140 12624 0
1785863569107 508764 496140 12624 0
1785863569138 508764 496140 12624 0
1785863569169 508764 496140 12624 0
1785863569200 508764 496140 12624 0
1785863569232 508764 496140 12624 0
1785863569262 508764 496140 12624 0
1785863569294 508764 496140 12624 0
1785863569326 508764 496140 12624 0
1785863569359 508764 496140 12624 0
1785863569391 508764 496140 12624 0
1785863569424 508764 496140 12624 0
1785863569456 508764 496140 12624 0
1785863569488 508764 496140 12624 0
1785863569520 508764 496140 12624 0
1785863569554 508764 496140 12624 0
1785863569586 508764 496140 12624 0
1785863569618 508764 496140 12624 0
1785863569651 508764 496140 12624 0
1785863569682 508764 496140 12624 0
1785863569712 508764 496140 12624 0
1785863569743 508764 496140 12624 0
1785863569775 508764 496140 12624 0
1785863569808 508764 496140 12624 0
1785863569841 508764 496140 12624 0
1785863569874 508764 496140 12624 0
1785863569907 508764 496140 12624 0
1785863569940 508764 496140 12624 0
1785863569973 508764 496140 12624 0
1785863570006 508764 496140 12624 0
1785863570038 508764 496140 12624 0
1785863570070 508764 496140 12624 0
1785863570102 508764 496140 12624 0
1785863570132 508764 496140 12624 0
1785863570162 508764 496140 12624 0
1785863570193 508764 496140 12624 0
1785863570225 508764 496140 12624 0
1785863570256 508764 496140 12624 0
1785863570288 508764 496140 12624 0
1785863570320 508764 496140 12624 0
1785863570351 508764 496140 12624 0
1785863570383 508764 496140 12624 0
1785863570415 508764 496140 12624 0
1785863570447 508764 496140 12624 0
1785863570479 508764 496140 12624 0
1785863570513 508764 496140 12624 0
1785863570544 508764 496140 12624 0
1785863570577 508764 496140 12624 0
1785863570610 508764 496140 12624 0
1785863570642 508764 496140 12624 0
1785863570675 508764 496140 12624 0
1785863570708 508764 496140 12624 0
1785863570740 508764 496140 12624 0
1785863570773 508764 496140 12624 0
1785863570805 508764 496140 12624 0
1785863570838 508764 496140 12624 0
1785863570871 508764 496140 12624 0
1785863570904 508764 496140 12624 0
1785863570936 508764 496140 12624 0
1785863570967 508764 496140 12624 0
1785863570998 508764 496140 12624 0
1785863571030 508764 496140 12624 0
1785863571063 508764 496140 12624 0
1785863571096 508764 496140 12624 0
1785863571129 508764 496140 12624 0
1785863571162 508764 496140 12624 0
1785863571194 508764 496140 12624 0
1785863571227 508764 496140 12624 0
1785863571260 508764 496140 12624 0
1785863571292 508764 496140 12624 0
1785863571325 508764 496140 12624 0
1785863571357 508764 496140 12624 0
1785863571388 508764 496140 12624 0
1785863571419 508764 496140 12624 0
1785863571450 508764 496140 12624 0
1785863571482 508764 496140 12624 0
1785863571514 508764 496140 12624 0
1785863571545 508764 496140 12624 0
1785863571578 508764 496140 12624 0
1785863571610 508764 496140 12624 0
1785863571642 508764 496140 12624 0
1785863571674 508764 496140 12624 0
1785863571706 508764 496140 12624 0
1785863571738 508764 496140 12624 0
1785863571770 508764 496140 12624 0
1785863571802 508764 496140 12624 0
1785863571831 508764 496140 12624 0
1785863571860 508764 496140 12624 0
1785863571889 508764 496140 12624 0
1785863571916 506428 493808 12620 0
1785863571944 515352 502728 12624 0
1785863571975 516804 504180 12624 0
1785863572008 516804 504180 12624 0
1785863572038 516804 504180 12624 0
1785863572066 516804 504180 12624 0
1785863572095 516804 504180 12624 0
1785863572124 516804 504180 12624 0
1785863572150 516804 504180 12624 0
1785863572178 516804 504180 12624 0
1785863572204 516804 504180 12624 0
1785863572229 516804 504180 12624 0
1785863572255 516804 504180 12624 0
1785863572282 516804 504180 12624 0
1785863572308 516804 504180 12624 0
1785863572334 516804 504180 12624 0
1785863572361 517828 505204 12624 0
1785863572387 524980 512356 12624 0
1785863572421 524980 512356 12624 0
1785863572450 524980 512356 12624 0
1785863572479 524980 512356 12624 0
1785863572508 524980 512356 12624 0
1785863572539 524980 512356 12624 0
1785863572569 524980 512356 12624 0
1785863572598 524980 512356 12624 0
1785863572627 524980 512356 12624 0
1785863572657 524980 512356 12624 0
1785863572686 524980 512356 12624 0
1785863572716 524980 512356 12624 0
1785863572746 524980 512356 12624 0
1785863572775 524980 512356 12624 0
1785863572804 524980 512356 12624 0
1785863572833 524980 512356 12624 0
1785863572863 525308 512684 12624 0
1785863572894 525156 512532 12624 0
1785863572924 522124 509504 12620 0
1785863572955 517284 504660 12624 0
1785863572983 517284 504660 12624 0
1785863573010 517284 504660 12624 0
1785863573037 517284 504660 12624 0
1785863573064 517284 504660 12624 0
1785863573092 517284 504660 12624 0
1785863573118 517284 504660 12624 0
1785863573146 517284 504660 12624 0
1785863573173 517284 504660 12624 0
1785863573203 513460 500840 12620 0
1785863573233 515820 503196 12624 0
1785863573262 515900 503276 12624 0
1785863573290 515980 503356 12624 0
1785863573319 516932 504308 12624 0
1785863573349 516932 504308 12624 0
1785863573378 516932 504308 12624 0
1785863573406 516932 504308 12624 0
1785863573432 516932 504308 12624 0
1785863573460 524980 512356 12624 0
1785863573490 524980 512356 12624 0
1785863573520 524980 512356 12624 0
1785863573550 522676 510056 12620 0
1785863573579 525092 512468 12624 0
1785863573610 522828 510208 12620 0
1785863573640 522892 510272 12620 0
1785863573671 525236 512612 12624 0
1785863573700 525236 512612 12624 0
1785863573733 525236 512612 12624 0
1785863573761 525236 512612 12624 0
1785863573790 525236 512612 12624 0
1785863573818 525236 512612 12624 0
1785863573845 525236 512612 12624 0
1785863573874 525236 512612 12624 0
1785863573903 525236 512612 12624 0
1785863573933 525236 512612 12624 0
1785863573963 525236 512612 12624 0
1785863573992 525236 512612 12624 0
1785863574019 524740 512116 12624 0
1785863574049 524740 512116 12624 0
1785863574078 524740 512116 12624 0
1785863574108 524244 511620 12624 0
1785863574138 524244 511620 12624 0
1785863574168 524244 511620 12624 0
1785863574197 524244 511620 12624 0
1785863574226 525324 512700 12624 0
1785863574256 525652 513028 12624 0
1785863574285 526692 514068 12624 0
1785863574316 526692 514068 12624 0
1785863574346 528228 515604 12624 0
1785863574376 525252 512628 12624 0
1785863574407 524756 512132 12624 0
1785863574437 521780 509156 12624 0
1785863574465 521780 509156 12624 0
1785863574493 521780 509156 12624 0
1785863574521 521780 509156 12624 0
1785863574550 521780 509156 12624 0
1785863574577 521780 509156 12624 0
1785863574604 521780 509156 12624 0
1785863574631 521780 509156 12624 0
1785863574660 521780 509156 12624 0
1785863574688 521780 509156 12624 0
1785863574718 520788 508164 12624 0
1785863574746 15528 7644 7884 0
1785863574767 514748 502124 12624 0
1785863574796 521412 508788 12624 0
1785863574826 521412 508788 12624 0
1785863574856 521412 508788 12624 0
1785863574885 521412 508788 12624 0
1785863574913 521412 508788 12624 0
1785863574941 526808 514184 12624 0
1785863574970 529460 516836 12624 0
1785863575000 529460 516836 12624 0
1785863575029 529464 516840 12624 0
1785863575059 529524 516900 12624 0
1785863575089 529588 516964 12624 0
1785863575119 75152 69484 5668 0
1785863575141 530356 517732 12624 0
1785863575186 530612 517988 12624 0
1785863575216 530612 517988 12624 0
1785863575246 528368 515748 12620 0
1785863575276 530784 518160 12624 0
1785863575307 530784 518160 12624 0
1785863575336 29400 21516 7884 0
1785863575359 531196 518572 12624 0
1785863575390 531196 518572 12624 0
1785863575420 531956 519332 12624 0
1785863575451 531956 519332 12624 0
1785863575481 531956 519332 12624 0
1785863575510 531956 519332 12624 0
1785863575541 531956 519332 12624 0
1785863575572 531956 519332 12624 0
1785863575602 531956 519332 12624 0
1785863575632 531956 519332 12624 0
1785863575662 531956 519332 12624 0
1785863575693 531956 519332 12624 0
1785863575722 531956 519332 12624 0
1785863575752 531956 519332 12624 0
1785863575782 531956 519332 12624 0
1785863575812 531956 519332 12624 0
1785863575843 531956 519332 12624 0
1785863575873 531956 519332 12624 0
1785863575902 531956 519332 12624 0
1785863575932 531956 519332 12624 0
1785863575963 531956 519332 12624 0
1785863575993 531956 519332 12624 0
1785863576029 531956 519332 12624 0
1785863576059 531956 519332 12624 0
1785863576098 543464 530844 12620 0
1785863576129 549896 537272 12624 0
1785863576157 549896 537272 12624 0
1785863576186 549896 537272 12624 0
1785863576216 549896 537272 12624 0
1785863576245 549896 537272 12624 0
1785863576275 549896 537272 12624 0
1785863576303 549896 537272 12624 0
1785863576332 549896 537272 12624 0
1785863576362 549896 537272 12624 0
1785863576392 549896 537272 12624 0
1785863576422 549896 537272 12624 0
1785863576453 549896 537272 12624 0
1785863576483 549896 537272 12624 0
1785863576512 549896 537272 12624 0
1785863576543 549896 537272 12624 0
1785863576573 549896 537272 12624 0
1785863576602 549896 537272 12624 0
1785863576631 549896 537272 12624 0
1785863576660 549896 537272 12624 0
1785863576689 549896 537272 12624 0
1785863576719 549896 537272 12624 0
1785863576751 549896 537272 12624 0
1785863576782 549896 537272 12624 0
1785863576812 549896 537272 12624 0
1785863576843 549896 537272 12624 0
1785863576874 549896 537272 12624 0
1785863576904 549896 537272 12624 0
1785863576934 549896 537272 12624 0
1785863576964 549896 537272 12624 0
1785863576994 549896 537272 12624 0
1785863577025 549896 537272 12624 0
1785863577056 549896 537272 12624 0
1785863577085 549896 537272 12624 0
1785863577115 549896 537272 12624 0
1785863577145 549896 537272 12624 0
1785863577174 549896 537272 12624 0
1785863577204 549896 537272 12624 0
1785863577235 549896 537272 12624 0
1785863577265 550296 537672 12624 0
1785863577296 550696 538072 12624 0
1785863577327 550696 538072 12624 0
1785863577357 550696 538072 12624 0
1785863577388 550896 538272 12624 0
1785863577418 550896 538272 12624 0
1785863577448 550896 538272 12624 0
1785863577477 551496 538872 12624 0
1785863577518 553096 540472 12624 0
1785863577550 553096 540472 12624 0
1785863577579 553096 540472 12624 0
1785863577608 553096 540472 12624 0
1785863577638 553096 540472 12624 0
1785863577669 553096 540472 12624 0
1785863577699 553096 540472 12624 0
1785863577729 553096 540472 12624 0
1785863577760 553096 540472 12624 0
1785863577790 553096 540472 12624 0
1785863577821 553096 540472 12624 0
1785863577851 553096 540472 12624 0
1785863577882 553096 540472 12624 0
1785863577912 553276 540652 12624 0
1785863577942 553456 540832 12624 0
1785863577972 553816 541192 12624 0
1785863578004 554176 541552 12624 0
1785863578034 554176 541552 12624 0
1785863578065 554176 541552 12624 0
1785863578096 554176 541552 12624 0
1785863578125 554176 541552 12624 0
1785863578155 554176 541552 12624 0
1785863578186 554176 541552 12624 0
1785863578217 554176 541552 12624 0
1785863578248 554176 541552 12624 0
1785863578278 554176 541552 12624 0
1785863578308 554176 541552 12624 0
1785863578338 554356 541732 12624 0
1785863578369 554356 541732 12624 0
1785863578400 554356 541732 12624 0
1785863578431 554536 541912 12624 0
1785863578462 555436 542812 12624 0
1785863578493 555976 543352 12624 0
1785863578524 555976 543352 12624 0
1785863578554 555976 543352 12624 0
1785863578584 555976 543352 12624 0
1785863578616 555976 543352 12624 0
1785863578646 555976 543352 12624 0
1785863578676 555976 543352 12624 0
1785863578704 555976 543352 12624 0
1785863578735 555976 543352 12624 0
1785863578765 555976 543352 12624 0
1785863578795 555976 543352 12624 0
1785863578825 555976 543352 12624 0
1785863578857 555976 543352 12624 0
1785863578888 555976 543352 12624 0
1785863578920 555976 543352 12624 0
1785863578950 555976 543352 12624 0
1785863578982 555976 543352 12624 0
1785863579011 555976 543352 12624 0
1785863579041 555976 543352 12624 0
1785863579071 555976 543352 12624 0
1785863579101 555976 543352 12624 0
1785863579131 555976 543352 12624 0
1785863579162 555976 543352 12624 0
1785863579195 555976 543352 12624 0
1785863579226 555976 543352 12624 0
1785863579257 555976 543352 12624 0
1785863579288 555976 543352 12624 0
1785863579319 555976 543352 12624 0
1785863579349 555976 543352 12624 0
1785863579379 555976 543352 12624 0
1785863579411 555976 543352 12624 0
1785863579442 555976 543352 12624 0
1785863579472 555976 543352 12624 0
1785863579502 555976 543352 12624 0
1785863579534 555976 543352 12624 0
1785863579567 555976 543352 12624 0
1785863579597 555976 543352 12624 0
1785863579626 555976 543352 12624 0
1785863579655 555976 543352 12624 0
1785863579687 555976 543352 12624 0
1785863579717 555976 543352 12624 0
1785863579747 555976 543352 12624 0
1785863579777 555976 543352 12624 0
1785863579808 555976 543352 12624 0
1785863579838 555976 543352 12624 0
1785863579867 555976 543352 12624 0
1785863579898 555976 543352 12624 0
1785863579929 555976 543352 12624 0
1785863579960 555976 543352 12624 0
1785863579991 553640 541020 12620 0
1785863580022 588464 575844 12620 0
1785863580053 655032 642408 12624 0
1785863580083 670540 657916 12624 0
1785863580115 673448 660824 12624 0
1785863580148 673448 660824 12624 0
1785863580179 673448 660824 12624 0
1785863580210 673448 660824 12624 0
1785863580241 673448 660824 12624 0
1785863580272 673448 660824 12624 0
1785863580303 673448 660824 12624 0
1785863580335 673448 660824 12624 0
1785863580366 673448 660824 12624 0
1785863580397 673448 660824 12624 0
1785863580428 673448 660824 12624 0
1785863580459 673448 660824 12624 0
1785863580492 673448 660824 12624 0
1785863580531 673448 660824 12624 0
1785863580563 673448 660824 12624 0
1785863580593 673448 660824 12624 0
1785863580626 673448 660824 12624 0
1785863580656 673448 660824 12624 0
1785863580689 673448 660824 12624 0
1785863580721 673448 660824 12624 0
1785863580752 673448 660824 12624 0
1785863580783 673448 660824 12624 0
1785863580814 673448 660824 12624 0
1785863580846 673448 660824 12624 0
1785863580877 673448 660824 12624 0
1785863580908 673448 660824 12624 0
1785863580939 673448 660824 12624 0
1785863580971 673448 660824 12624 0
1785863581001 673448 660824 12624 0
1785863581034 673448 660824 12624 0
1785863581066 673448 660824 12624 0
1785863581097 673448 660824 12624 0
1785863581128 673448 660824 12624 0
1785863581160 673448 660824 12624 0
1785863581191 673448 660824 12624 0
1785863581223 672708 660084 12624 0
1785863581254 672708 660084 12624 0
1785863581286 672708 660084 12624 0
1785863581317 672708 660084 12624 0
1785863581346 672708 660084 12624 0
1785863581378 671968 659344 12624 0
1785863581411 671228 658604 12624 0
1785863581442 671228 658604 12624 0
1785863581473 671228 658604 12624 0
1785863581503 671228 658604 12624 0
1785863581535 671228 658604 12624 0
1785863581566 671228 658604 12624 0
1785863581596 671228 658604 12624 0
1785863581627 671228 658604 12624 0
1785863581659 670488 657864 12624 0
1785863581691 531956 519332 12624 0
1785863581721 531956 519332 12624 0
1785863581750 531956 519332 12624 0
1785863581779 531956 519332 12624 0
1785863581808 531956 519332 12624 0
1785863581837 531956 519332 12624 0
1785863581866 531956 519332 12624 0
1785863581895 531956 519332 12624 0
1785863581926 531956 519332 12624 0
1785863581956 531956 519332 12624 0
1785863581985 531956 519332 12624 0
1785863582017 531956 519332 12624 0
1785863582045 531956 519332 12624 0
1785863582074 531956 519332 12624 0
1785863582103 531956 519332 12624 0
1785863582133 531956 519332 12624 0
1785863582162 531956 519332 12624 0
1785863582189 531956 519332 12624 0
1785863582218 531956 519332 12624 0
1785863582247 531956 519332 12624 0
1785863582276 531956 519332 12624 0
1785863582306 531956 519332 12624 0
1785863582336 531956 519332 12624 0
1785863582365 531956 519332 12624 0
1785863582393 531956 519332 12624 0
1785863582421 531956 519332 12624 0
1785863582449 531956 519332 12624 0
1785863582478 531956 519332 12624 0
1785863582506 531956 519332 12624 0
1785863582535 531956 519332 12624 0
1785863582564 531956 519332 12624 0
1785863582594 531956 519332 12624 0
1785863582624 531956 519332 12624 0
1785863582654 531956 519332 12624 0
1785863582682 531956 519332 12624 0
1785863582709 531956 519332 12624 0
1785863582737 531956 519332 12624 0
1785863582767 531216 518592 12624 0
1785863582796 531216 518592 12624 0
1785863582826 531216 518592 12624 0
1785863582855 531216 518592 12624 0
1785863582884 531216 518592 12624 0
1785863582911 531216 518592 12624 0
1785863582940 531216 518592 12624 0
1785863582968 531216 518592 12624 0
1785863582997 530476 517852 12624 0
1785863583025 530476 517852 12624 0
1785863583055 527400 514780 12620 0
1785863583084 528972 516348 12624 0
1785863583114 526636 514016 12620 0
1785863583143 528208 515584 12624 0
1785863583172 521340 511964 9376 0
1785863583201 525916 513292 12624 0
1785863583230 525916 513292 12624 0
1785863583258 525152 512528 12624 0
1785863583286 525152 512528 12624 0
1785863583316 524244 511620 12624 0
1785863583344 524244 511620 12624 0
1785863583371 521908 509288 12620 0
1785863583399 519036 506412 12624 0
1785863583428 519036 506412 12624 0
1785863583456 519036 506412 12624 0
1785863583483 519036 506412 12624 0
1785863583510 519036 506412 12624 0
1785863583538 519036 506412 12624 0
1785863583566 519036 506412 12624 0
1785863583595 519036 506412 12624 0
1785863583626 519036 506412 12624 0
1785863583657 519036 506412 12624 0
1785863583689 519036 506412 12624 0
1785863583720 519036 506412 12624 0
1785863583751 519036 506412 12624 0
1785863583782 519036 506412 12624 0
1785863583814 519036 506412 12624 0
1785863583845 519036 506412 12624 0
1785863583876 519036 506412 12624 0
1785863583907 519036 506412 12624 0
1785863583938 519036 506412 12624 0
1785863583967 519036 506412 12624 0
1785863583994 519036 506412 12624 0
1785863584025 519036 506412 12624 0
1785863584055 519036 506412 12624 0
1785863584087 519036 506412 12624 0
1785863584118 519036 506412 12624 0
1785863584149 519036 506412 12624 0
1785863584181 519036 506412 12624 0
1785863584212 519036 506412 12624 0
1785863584243 519036 506412 12624 0
1785863584274 519036 506412 12624 0
1785863584305 519036 506412 12624 0
1785863584335 519036 506412 12624 0
1785863584363 519036 506412 12624 0
1785863584393 519036 506412 12624 0
1785863584424 519036 506412 12624 0
1785863584456 519036 506412 12624 0
1785863584487 519036 506412 12624 0
1785863584518 519036 506412 12624 0
1785863584550 519036 506412 12624 0
1785863584581 519036 506412 12624 0
1785863584612 519036 506412 12624 0
1785863584643 519036 506412 12624 0
1785863584675 519036 506412 12624 0
1785863584705 519036 506412 12624 0
1785863584735 519036 506412 12624 0
1785863584761 519036 506412 12624 0
1785863584795 519036 506412 12624 0
1785863584826 519036 506412 12624 0
1785863584858 519036 506412 12624 0
1785863584890 519036 506412 12624 0
1785863584921 519036 506412 12624 0
1785863584953 519036 506412 12624 0
1785863584985 519036 506412 12624 0
1785863585016 519036 506412 12624 0
1785863585048 519036 506412 12624 0
1785863585080 519036 506412 12624 0
1785863585111 519036 506412 12624 0
1785863585143 519036 506412 12624 0
1785863585175 519036 506412 12624 0
1785863585206 519036 506412 12624 0
1785863585235 519036 506412 12624 0
1785863585265 519036 506412 12624 0
1785863585296 519036 506412 12624 0
1785863585328 519036 506412 12624 0
1785863585360 519036 506412 12624 0
1785863585392 519036 506412 12624 0
1785863585424 519036 506412 12624 0
1785863585456 519036 506412 12624 0
1785863585488 519036 506412 12624 0
1785863585520 519036 506412 12624 0
1785863585552 519036 506412 12624 0
1785863585583 519036 506412 12624 0
1785863585615 519036 506412 12624 0
1785863585648 519036 506412 12624 0
1785863585679 519036 506412 12624 0
1785863585708 519036 506412 12624 0
1785863585735 519036 506412 12624 0
1785863585766 519036 506412 12624 0
1785863585798 519036 506412 12624 0
1785863585830 519036 506412 12624 0
1785863585861 519036 506412 12624 0
1785863585894 519036 506412 12624 0
1785863585925 519036 506412 12624 0
1785863585957 519036 506412 12624 0
1785863585990 519036 506412 12624 0
1785863586022 519036 506412 12624 0
1785863586056 519036 506412 12624 0
1785863586088 519036 506412 12624 0
1785863586121 519036 506412 12624 0
1785863586152 519036 506412 12624 0
1785863586182 519036 506412 12624 0
1785863586211 519036 506412 12624 0
1785863586238 519036 506412 12624 0
1785863586270 519036 506412 12624 0
1785863586301 519036 506412 12624 0
1785863586333 519036 506412 12624 0
1785863586364 519036 506412 12624 0
1785863586396 519036 506412 12624 0
1785863586428 519036 506412 12624 0
1785863586460 519036 506412 12624 0
1785863586492 519036 506412 12624 0
1785863586525 519036 506412 12624 0
1785863586558 519036 506412 12624 0
1785863586590 519036 506412 12624 0
1785863586621 519036 506412 12624 0
1785863586652 519036 506412 12624 0
1785863586682 519036 506412 12624 0
1785863586712 519036 506412 12624 0
1785863586744 519036 506412 12624 0
1785863586775 519036 506412 12624 0
1785863586807 519036 506412 12624 0
1785863586838 519036 506412 12624 0
1785863586870 519036 506412 12624 0
1785863586901 519036 506412 12624 0
1785863586934 519036 506412 12624 0
1785863586966 519036 506412 12624 0
1785863586999 519036 506412 12624 0
1785863587031 519036 506412 12624 0
1785863587064 519036 506412 12624 0
1785863587095 519036 506412 12624 0
1785863587126 519036 506412 12624 0
1785863587155 519036 506412 12624 0
1785863587185 519036 506412 12624 0
1785863587217 519036 506412 12624 0
1785863587249 519036 506412 12624 0
1785863587281 519036 506412 12624 0
1785863587313 519036 506412 12624 0
1785863587344 519036 506412 12624 0
1785863587376 519036 506412 12624 0
1785863587408 519036 506412 12624 0
1785863587440 519036 506412 12624 0
1785863587473 519036 506412 12624 0
1785863587506 519036 506412 12624 0
1785863587538 519036 506412 12624 0
1785863587570 519036 506412 12624 0
1785863587601 519036 506412 12624 0
1785863587630 519036 506412 12624 0
1785863587659 519036 506412 12624 0
1785863587693 527044 514420 12624 0
1785863587723 527044 514420 12624 0
1785863587752 527044 514420 12624 0
1785863587781 527044 514420 12624 0
1785863587809 527044 514420 12624 0
1785863587838 527044 514420 12624 0
1785863587868 535220 522596 12624 0
1785863587899 535220 522596 12624 0
1785863587929 535220 522596 12624 0
1785863587958 535220 522596 12624 0
1785863587986 535220 522596 12624 0
1785863588016 535220 522596 12624 0
1785863588044 535220 522596 12624 0
1785863588073 535220 522596 12624 0
1785863588104 535244 522620 12624 0
1785863588134 524360 519620 4740 0
1785863588164 536124 523500 12624 0
1785863588195 536328 523704 12624 0
1785863588224 536328 523704 12624 0
1785863588253 536412 523788 12624 0
1785863588283 536420 523796 12624 0
1785863588313 534084 521464 12620 0
1785863588344 536580 523956 12624 0
1785863588374 536580 523956 12624 0
1785863588405 536580 523956 12624 0
1785863588435 536580 523956 12624 0
1785863588465 536580 523956 12624 0
1785863588494 534244 521624 12620 0
1785863588524 536652 524028 12624 0
1785863588553 536652 524028 12624 0
1785863588582 534496 521876 12620 0
1785863588612 534320 521696 12624 0
1785863588643 534524 521900 12624 0
1785863588673 531308 518684 12624 0
1785863588702 528628 516004 12624 0
1785863588731 528628 516004 12624 0
1785863588761 528868 516244 12624 0
1785863588790 528868 516244 12624 0
1785863588819 528868 516244 12624 0
1785863588846 528868 516244 12624 0
1785863588872 528868 516244 12624 0
1785863588901 528868 516244 12624 0
1785863588930 528868 516244 12624 0
1785863588959 528868 516244 12624 0
1785863588987 528868 516244 12624 0
1785863589014 528312 515688 12624 0
1785863589043 528312 515688 12624 0
1785863589073 526572 513948 12624 0
1785863589102 526572 513948 12624 0
1785863589129 525992 513368 12624 0
1785863589156 523076 510456 12620 0
1785863589185 521596 508972 12624 0
1785863589213 519036 506412 12624 0
1785863589240 519036 506412 12624 0
1785863589267 519036 506412 12624 0
1785863589295 519036 506412 12624 0
1785863589325 519036 506412 12624 0
1785863589356 519036 506412 12624 0
1785863589386 519036 506412 12624 0
1785863589416 519036 506412 12624 0
1785863589447 519036 506412 12624 0
1785863589477 519036 506412 12624 0
1785863589507 519036 506412 12624 0
1785863589537 519036 506412 12624 0
1785863589567 519036 506412 12624 0
1785863589597 519036 506412 12624 0
1785863589627 519036 506412 12624 0
1785863589657 519036 506412 12624 0
1785863589688 519036 506412 12624 0
1785863589717 519036 506412 12624 0
1785863589747 519036 506412 12624 0
1785863589777 519036 506412 12624 0
1785863589807 519036 506412 12624 0
1785863589835 519036 506412 12624 0
1785863589870 527172 514548 12624 0
1785863589901 527172 514548 12624 0
1785863589930 527172 514548 12624 0
1785863589959 527172 514548 12624 0
1785863589988 527172 514548 12624 0
1785863590017 527172 514548 12624 0
1785863590045 527172 514548 12624 0
1785863590073 533684 521060 12624 0
1785863590104 534196 521572 12624 0
1785863590134 534708 522084 12624 0
1785863590164 535220 522596 12624 0
1785863590193 535220 522596 12624 0
1785863590221 535220 522596 12624 0
1785863590250 535220 522596 12624 0
1785863590277 532900 520280 12620 0
1785863590307 533804 521180 12624 0
1785863590337 533836 521212 12624 0
1785863590368 531508 518888 12620 0
1785863590399 532500 519876 12624 0
1785863590428 525164 512540 12624 0
1785863590458 524476 511852 12624 0
1785863590486 524476 511852 12624 0
1785863590513 524476 511852 12624 0
1785863590539 524476 511852 12624 0
1785863590567 521500 508876 12624 0
1785863590596 519140 506516 12624 0
1785863590626 516908 504288 12620 0
1785863590655 520040 507416 12624 0
1785863590684 520048 507424 12624 0
1785863590713 529192 516568 12624 0
1785863590743 529192 516568 12624 0
1785863590771 529192 516568 12624 0
1785863590798 529192 516568 12624 0
1785863590825 529192 516568 12624 0
1785863590851 529192 516568 12624 0
1785863590878 529192 516568 12624 0
1785863590906 530500 517876 12624 0
1785863590935 533552 520928 12624 0
1785863590965 534432 521808 12624 0
1785863590995 535760 523136 12624 0
1785863591025 535772 523148 12624 0
1785863591056 535796 523172 12624 0
1785863591086 535796 523172 12624 0
1785863591115 535796 523172 12624 0
1785863591145 536308 523684 12624 0
1785863591178 536828 524204 12624 0
1785863591210 536832 524208 12624 0
1785863591240 539648 527024 12624 0
1785863591272 540928 528304 12624 0
1785863591303 541952 529328 12624 0
1785863591336 543232 530608 12624 0
1785863591368 543744 531120 12624 0
1785863591398 543744 531120 12624 0
1785863591428 543744 531120 12624 0
1785863591458 543744 531120 12624 0
1785863591489 543744 531120 12624 0
1785863591519 543744 531120 12624 0
1785863591552 543008 530384 12624 0
1785863591583 570232 557608 12624 0
1785863591615 527200 514576 12624 0
1785863591646 527200 514576 12624 0
1785863591677 527200 514576 12624 0
1785863591708 527200 514576 12624 0
1785863591741 527200 514576 12624 0
1785863591772 524992 512368 12624 0
1785863591802 524992 512368 12624 0
1785863591832 524992 512368 12624 0
1785863591864 526304 513680 12624 0
1785863591895 526304 513680 12624 0
1785863591925 526304 513680 12624 0
1785863591955 523356 510732 12624 0
1785863591986 521884 509260 12624 0
1785863592025 519668 507044 12624 0
1785863592071 518928 506304 12624 0
1785863592102 517448 504824 12624 0
1785863592132 516684 504060 12624 0
1785863592163 516684 504060 12624 0
1785863592194 515156 502532 12624 0
1785863592224 512056 499436 12620 0
1785863592253 512864 500240 12624 0
1785863592282 506748 494124 12624 0
1785863592312 506748 494124 12624 0
1785863592339 506748 494124 12624 0
1785863592367 506748 494124 12624 0
1785863592398 514884 502260 12624 0
1785863592427 514884 502260 12624 0
1785863592456 514884 502260 12624 0
1785863592484 514884 502260 12624 0
1785863592511 514884 502260 12624 0
1785863592540 514884 502260 12624 0
1785863592568 514884 502260 12624 0
1785863592595 517380 504756 12624 0
1785863592624 519396 506772 12624 0
1785863592654 522932 510308 12624 0
1785863592685 520596 507976 12620 0
1785863592715 522940 510316 12624 0
1785863592744 522940 510316 12624 0
1785863592773 522940 510316 12624 0
1785863592801 523080 510456 12624 0
1785863592829 523080 510456 12624 0
1785863592859 520752 508132 12620 0
1785863592889 523464 510840 12624 0
1785863592919 523536 510912 12624 0
1785863592955 523984 511360 12624 0
1785863592987 524040 511416 12624 0
1785863593017 521704 509084 12620 0
1785863593047 524064 511440 12624 0
1785863593078 524112 511488 12624 0
1785863593108 521776 509156 12620 0
1785863593139 522036 509416 12620 0
1785863593169 524888 512264 12624 0
1785863593200 525300 512676 12624 0
1785863593229 525300 512676 12624 0
1785863593257 524764 512140 12624 0
1785863593287 524764 512140 12624 0
1785863593316 523692 511068 12624 0
1785863593345 521548 508924 12624 0
1785863593375 519404 506780 12624 0
1785863593411 518868 506244 12624 0
1785863593441 516724 504100 12624 0
1785863593469 516724 504100 12624 0
1785863593497 516724 504100 12624 0
1785863593524 516724 504100 12624 0
1785863593550 516724 504100 12624 0
1785863593577 516724 504100 12624 0
1785863593607 516168 503544 12624 0
1785863593637 516168 503544 12624 0
1785863593667 516168 503544 12624 0
1785863593694 516168 503544 12624 0
1785863593721 516168 503544 12624 0
1785863593748 513832 501212 12620 0
1785863593776 513848 501224 12624 0
1785863593802 512688 500064 12624 0
1785863593831 500888 491668 9220 0
1785863593860 509764 497140 12624 0
1785863593889 509972 497352 12620 0
1785863593919 510864 498244 12620 0
1785863593958 518068 505444 12624 0
1785863593988 518068 505444 12624 0
1785863594018 518068 505444 12624 0
1785863594046 518068 505444 12624 0
1785863594075 518068 505444 12624 0
1785863594102 519348 506724 12624 0
1785863594132 522228 509604 12624 0
1785863594162 522868 510244 12624 0
1785863594192 523188 510564 12624 0
1785863594223 523188 510564 12624 0
1785863594252 523188 510564 12624 0
1785863594278 523188 510564 12624 0
1785863594310 523188 510564 12624 0
1785863594340 523188 510564 12624 0
1785863594371 523188 510564 12624 0
1785863594401 522196 509572 12624 0
1785863594431 519716 507092 12624 0
1785863594461 519716 507092 12624 0
1785863594490 514756 502132 12624 0
1785863594519 514756 502132 12624 0
1785863594547 514756 502132 12624 0
1785863594574 514756 502132 12624 0
1785863594604 512740 500116 12624 0
1785863594633 501688 495068 6620 0
1785863594662 506748 494124 12624 0
1785863594690 506748 494124 12624 0
1785863594717 506748 494124 12624 0
1785863594748 506748 494124 12624 0
1785863594778 506748 494124 12624 0
1785863594808 506748 494124 12624 0
1785863594838 506748 494124 12624 0
1785863594868 506748 494124 12624 0
1785863594898 506748 494124 12624 0
1785863594929 506748 494124 12624 0
1785863594959 506748 494124 12624 0
1785863594990 506748 494124 12624 0
1785863595020 506748 494124 12624 0
1785863595050 506748 494124 12624 0
1785863595080 506748 494124 12624 0
1785863595110 506748 494124 12624 0
1785863595141 506748 494124 12624 0
1785863595171 506748 494124 12624 0
1785863595201 506748 494124 12624 0
1785863595232 506748 494124 12624 0
1785863595262 506748 494124 12624 0
1785863595292 506748 494124 12624 0
1785863595323 506748 494124 12624 0
1785863595353 506748 494124 12624 0
1785863595384 506748 494124 12624 0
1785863595414 506748 494124 12624 0
1785863595444 506748 494124 12624 0
1785863595474 506748 494124 12624 0
1785863595504 506748 494124 12624 0
1785863595534 506748 494124 12624 0
1785863595564 506748 494124 12624 0
1785863595594 506748 494124 12624 0
1785863595624 506748 494124 12624 0
1785863595654 506748 494124 12624 0
1785863595684 506748 494124 12624 0
1785863595714 506748 494124 12624 0
1785863595744 506748 494124 12624 0
1785863595775 506748 494124 12624 0
1785863595805 506748 494124 12624 0
1785863595835 506748 494124 12624 0
1785863595866 506748 494124 12624 0
1785863595896 506748 494124 12624 0
1785863595926 506748 494124 12624 0
1785863595956 506748 494124 12624 0
1785863595987 506748 494124 12624 0
1785863596017 506748 494124 12624 0
1785863596046 506748 494124 12624 0
1785863596075 506748 494124 12624 0
1785863596104 506748 494124 12624 0
1785863596133 506748 494124 12624 0
1785863596162 506748 494124 12624 0
1785863596191 506748 494124 12624 0
1785863596220 506748 494124 12624 0
1785863596249 506748 494124 12624 0
1785863596278 506748 494124 12624 0
1785863596307 506748 494124 12624 0
1785863596336 506748 494124 12624 0
1785863596366 506748 494124 12624 0
1785863596395 506748 494124 12624 0
1785863596423 506748 494124 12624 0
1785863596453 506748 494124 12624 0
1785863596482 506748 494124 12624 0
1785863596511 506748 494124 12624 0
1785863596540 506748 494124 12624 0
1785863596569 506748 494124 12624 0
1785863596598 506748 494124 12624 0
1785863596627 506748 494124 12624 0
1785863596656 506748 494124 12624 0
1785863596685 506748 494124 12624 0
1785863596714 506748 494124 12624 0
1785863596743 506748 494124 12624 0
1785863596772 506748 494124 12624 0
1785863596802 506748 494124 12624 0
1785863596831 506748 494124 12624 0
1785863596860 506748 494124 12624 0
1785863596889 506748 494124 12624 0
1785863596918 506748 494124 12624 0
1785863596947 506748 494124 12624 0
1785863596976 506748 494124 12624 0
1785863597005 506748 494124 12624 0
1785863597034 506748 494124 12624 0
1785863597063 506748 494124 12624 0
1785863597091 506748 494124 12624 0
1785863597120 506748 494124 12624 0
1785863597148 506748 494124 12624 0
1785863597174 506748 494124 12624 0
1785863597206 506748 494124 12624 0
1785863597235 506748 494124 12624 0
1785863597265 506748 494124 12624 0
1785863597294 506748 494124 12624 0
1785863597324 506748 494124 12624 0
1785863597352 506748 494124 12624 0
1785863597380 506748 494124 12624 0
1785863597409 504412 491792 12620 0
1785863597438 514884 502260 12624 0
1785863597468 514884 502260 12624 0
1785863597497 514884 502260 12624 0
1785863597526 514884 502260 12624 0
1785863597553 514884 502260 12624 0
1785863597582 514884 502260 12624 0
1785863597609 514884 502260 12624 0
1785863597634 514884 502260 12624 0
1785863597659 514884 502260 12624 0
1785863597684 514884 502260 12624 0
1785863597712 514884 502260 12624 0
1785863597738 514884 502260 12624 0
1785863597763 514884 502260 12624 0
1785863597791 515380 502756 12624 0
1785863597817 515876 503252 12624 0
1785863597846 515876 503252 12624 0
1785863597873 517364 504740 12624 0
1785863597902 517860 505236 12624 0
1785863597931 517860 505236 12624 0
1785863597961 522932 510308 12624 0
1785863597992 522932 510308 12624 0
1785863598022 522932 510308 12624 0
1785863598052 522932 510308 12624 0
1785863598081 522932 510308 12624 0
1785863598111 522932 510308 12624 0
1785863598141 522932 510308 12624 0
1785863598171 522932 510308 12624 0
1785863598199 522932 510308 12624 0
1785863598228 522932 510308 12624 0
1785863598257 522940 510316 12624 0
1785863598285 522948 510324 12624 0
1785863598313 520612 507992 12620 0
1785863598343 522956 510332 12624 0
1785863598372 520100 507476 12624 0
1785863598402 520100 507476 12624 0
1785863598432 520100 507476 12624 0
1785863598462 520100 507476 12624 0
1785863598490 515236 502612 12624 0
1785863598519 515236 502612 12624 0
1785863598546 515236 502612 12624 0
1785863598573 515236 502612 12624 0
1785863598600 515236 502612 12624 0
1785863598627 515236 502612 12624 0
1785863598654 515236 502612 12624 0
1785863598682 514740 502116 12624 0
1785863598711 512932 500308 12624 0
1785863598741 512260 499636 12624 0
1785863598770 512788 500164 12624 0
1785863598800 514104 501480 12624 0
1785863598829 514884 502260 12624 0
1785863598862 514884 502260 12624 0
1785863598891 514884 502260 12624 0
1785863598918 514884 502260 12624 0
1785863598945 514884 502260 12624 0
1785863598971 514884 502260 12624 0
1785863598999 514884 502260 12624 0
1785863599027 514884 502260 12624 0
1785863599055 514884 502260 12624 0
1785863599082 516372 503748 12624 0
1785863599113 522932 510308 12624 0
1785863599143 522932 510308 12624 0
1785863599172 522932 510308 12624 0
1785863599202 522932 510308 12624 0
1785863599231 522932 510308 12624 0
1785863599261 522932 510308 12624 0
1785863599288 522932 510308 12624 0
1785863599318 522956 510332 12624 0
1785863599348 522984 510360 12624 0
1785863599378 522992 510368 12624 0
1785863599408 522992 510368 12624 0
1785863599437 523056 510432 12624 0
1785863599468 523056 510432 12624 0
1785863599500 525680 513056 12624 0
1785863599540 526260 513636 12624 0
1785863599570 526260 513636 12624 0
1785863599598 526260 513636 12624 0
1785863599626 526260 513636 12624 0
1785863599654 526460 513836 12624 0
1785863599683 526548 513924 12624 0
1785863599712 526548 513924 12624 0
1785863599741 526548 513924 12624 0
1785863599769 526556 513932 12624 0
1785863599799 526068 513448 12620 0
1785863599830 533428 520804 12624 0
1785863599860 533428 520804 12624 0
1785863599889 544868 532244 12624 0
1785863599919 546612 533988 12624 0
1785863599949 558320 545700 12620 0
1785863599980 565260 552636 12624 0
1785863600010 565876 553252 12624 0
1785863600041 565876 553252 12624 0
1785863600070 565876 553252 12624 0
1785863600101 88420 76360 12060 0
1785863600123 606808 594188 12620 0
1785863600156 623924 611300 12624 0
1785863600188 621844 609224 12620 0
1785863600220 645968 633344 12624 0
1785863600252 647732 635108 12624 0
1785863600284 647732 635108 12624 0
1785863600314 647732 635108 12624 0
1785863600343 647732 635108 12624 0
1785863600373 647732 635108 12624 0
1785863600404 647732 635108 12624 0
1785863600435 647796 635172 12624 0
1785863600465 647796 635172 12624 0
1785863600496 647796 635172 12624 0
1785863600527 647796 635172 12624 0
1785863600559 647796 635172 12624 0
1785863600589 647796 635172 12624 0
1785863600620 647796 635172 12624 0
1785863600651 647796 635172 12624 0
1785863600682 647796 635172 12624 0
1785863600713 647796 635172 12624 0
1785863600742 647796 635172 12624 0
1785863600773 647796 635172 12624 0
1785863600805 647796 635172 12624 0
1785863600836 647796 635172 12624 0
1785863600867 647796 635172 12624 0
1785863600898 647796 635172 12624 0
1785863600930 647860 635236 12624 0
1785863600961 680556 667936 12620 0
1785863600993 688372 675752 12620 0
1785863601026 717648 705024 12624 0
1785863601058 717648 705024 12624 0
1785863601088 751732 739112 12620 0
1785863601121 803452 790828 12624 0
1785863601253 803452 790828 12624 0
1785863601347 803452 790828 12624 0
1785863601374 803452 790828 12624 0
1785863601400 803452 790828 12624 0
1785863601427 803452 790828 12624 0
1785863601454 803452 790828 12624 0
1785863601481 803452 790828 12624 0
1785863601508 803452 790828 12624 0
1785863601535 804216 791592 12624 0
1785863601563 801944 789324 12620 0
1785863601637 618164 605540 12624 0
1785863601667 618164 605540 12624 0
1785863601697 615828 603208 12620 0
1785863601728 690276 677656 12620 0
1785863601760 710200 697576 12624 0
1785863601792 714036 701412 12624 0
1785863601825 711700 699080 12620 0
1785863601856 618164 605540 12624 0
1785863601885 618164 605540 12624 0
1785863601913 618164 605540 12624 0
1785863601943 618164 605540 12624 0
1785863601972 618164 605540 12624 0
1785863602002 618164 605540 12624 0
1785863602033 618164 605540 12624 0
1785863602066 618164 605540 12624 0
1785863602098 618164 605540 12624 0
1785863602129 618164 605540 12624 0
1785863602160 618164 605540 12624 0
1785863602191 618164 605540 12624 0
1785863602220 618164 605540 12624 0
1785863602247 618164 605540 12624 0
1785863602276 618164 605540 12624 0
1785863602305 618164 605540 12624 0
1785863602336 618164 605540 12624 0
1785863602366 618164 605540 12624 0
1785863602398 618164 605540 12624 0
1785863602429 618164 605540 12624 0
1785863602460 618164 605540 12624 0
1785863602491 618164 605540 12624 0
1785863602523 618164 605540 12624 0
1785863602553 618164 605540 12624 0
1785863602583 618164 605540 12624 0
1785863602612 618164 605540 12624 0
1785863602644 618164 605540 12624 0
1785863602674 621880 609256 12624 0
1785863602705 621880 609256 12624 0
1785863602733 625716 613092 12624 0
1785863602765 625716 613092 12624 0
1785863602795 625716 613092 12624 0
1785863602826 625716 613092 12624 0
1785863602856 625716 613092 12624 0
1785863602887 625716 613092 12624 0
1785863602918 625716 613092 12624 0
1785863602949 625716 613092 12624 0
1785863602979 625716 613092 12624 0
1785863603011 625716 613092 12624 0
1785863603042 625716 613092 12624 0
1785863603074 625716 613092 12624 0
1785863603105 625716 613092 12624 0
1785863603137 629420 616800 12620 0
1785863603169 745984 733360 12624 0
1785863603202 748856 736232 12624 0
1785863603235 771832 759212 12620 0
1785863603269 794808 782184 12624 0
1785863603303 794808 782184 12624 0
1785863603336 794808 782184 12624 0
1785863603369 631604 618980 12624 0
1785863603399 631604 618980 12624 0
1785863603428 631604 618980 12624 0
1785863603456 631604 618980 12624 0
1785863603485 631604 618980 12624 0
1785863603514 631604 618980 12624 0
1785863603542 631604 618980 12624 0
1785863603574 631604 618980 12624 0
1785863603603 631604 618980 12624 0
1785863603634 631604 618980 12624 0
1785863603665 631604 618980 12624 0
1785863603697 631604 618980 12624 0
1785863603728 631604 618980 12624 0
1785863603758 631604 618980 12624 0
1785863603792 631604 618980 12624 0
1785863603823 631604 618980 12624 0
1785863603853 631604 618980 12624 0
1785863603883 631604 618980 12624 0
1785863603913 631604 618980 12624 0
1785863603944 631604 618980 12624 0
1785863603972 631604 618980 12624 0
1785863604001 631604 618980 12624 0
1785863604029 631604 618980 12624 0
1785863604059 631604 618980 12624 0
1785863604090 636984 624360 12624 0
1785863604121 636984 624360 12624 0
1785863604152 636984 624360 12624 0
1785863604184 636984 624360 12624 0
1785863604216 636984 624360 12624 0
1785863604246 636984 624360 12624 0
1785863604278 649784 637160 12624 0
1785863604310 651832 639208 12624 0
1785863604341 651832 639208 12624 0
1785863604373 651832 639208 12624 0
1785863604406 651832 639208 12624 0
1785863604437 651832 639208 12624 0
1785863604468 651832 639208 12624 0
1785863604500 651832 639208 12624 0
1785863604536 666168 653544 12624 0
1785863604569 666168 653544 12624 0
1785863604601 666168 653544 12624 0
1785863604632 666168 653544 12624 0
1785863604663 666168 653544 12624 0
1785863604694 666168 653544 12624 0
1785863604725 666168 653544 12624 0
1785863604757 666168 653544 12624 0
1785863604789 666168 653544 12624 0
1785863604819 666168 653544 12624 0
1785863604850 666168 653544 12624 0
1785863604879 666168 653544 12624 0
1785863604910 666168 653544 12624 0
1785863604940 666168 653544 12624 0
1785863604972 666168 653544 12624 0
1785863605004 666168 653544 12624 0
1785863605036 666168 653544 12624 0
1785863605067 666168 653544 12624 0
1785863605098 666168 653544 12624 0
1785863605130 666168 653544 12624 0
1785863605163 666168 653544 12624 0
1785863605194 666168 653544 12624 0
1785863605223 666168 653544 12624 0
1785863605253 666168 653544 12624 0
1785863605282 666168 653544 12624 0
1785863605313 666168 653544 12624 0
1785863605344 666168 653544 12624 0
1785863605376 666168 653544 12624 0
1785863605408 666168 653544 12624 0
1785863605440 666168 653544 12624 0
1785863605472 666168 653544 12624 0
1785863605504 666168 653544 12624 0
1785863605535 666168 653544 12624 0
1785863605566 666168 653544 12624 0
1785863605599 666168 653544 12624 0
1785863605631 666168 653544 12624 0
1785863605662 666168 653544 12624 0
1785863605695 666168 653544 12624 0
1785863605727 666168 653544 12624 0
1785863605758 666168 653544 12624 0
1785863605790 666168 653544 12624 0
1785863605821 666168 653544 12624 0
1785863605853 666168 653544 12624 0
1785863605885 670264 657640 12624 0
1785863605923 670264 657640 12624 0
1785863605954 670264 657640 12624 0
1785863605984 669524 656900 12624 0
1785863606015 669524 656900 12624 0
1785863606047 667304 654680 12624 0
1785863606079 666564 653940 12624 0
1785863606111 666564 653940 12624 0
1785863606142 666564 653940 12624 0
1785863606172 666564 653940 12624 0
1785863606202 666564 653940 12624 0
1785863606233 658424 645800 12624 0
1785863606264 658424 645800 12624 0
1785863606294 658424 645800 12624 0
1785863606326 658424 645800 12624 0
1785863606357 658424 645800 12624 0
1785863606388 658424 645800 12624 0
1785863606420 658424 645800 12624 0
1785863606452 658424 645800 12624 0
1785863606482 658424 645800 12624 0
1785863606512 658424 645800 12624 0
1785863606541 658424 645800 12624 0
1785863606570 658424 645800 12624 0
1785863606598 658424 645800 12624 0
1785863606628 657684 645060 12624 0
1785863606657 657684 645060 12624 0
1785863606688 657684 645060 12624 0
1785863606717 657684 645060 12624 0
1785863606746 657684 645060 12624 0
1785863606777 657684 645060 12624 0
1785863606806 657684 645060 12624 0
1785863606836 657684 645060 12624 0
1785863606866 657684 645060 12624 0
1785863606897 657684 645060 12624 0
1785863606928 657684 645060 12624 0
1785863606958 657684 645060 12624 0
1785863606988 657684 645060 12624 0
1785863607017 657684 645060 12624 0
1785863607047 657684 645060 12624 0
1785863607077 657684 645060 12624 0
1785863607106 657684 645060 12624 0
1785863607135 657684 645060 12624 0
1785863607164 657684 645060 12624 0
1785863607193 657684 645060 12624 0
1785863607223 657684 645060 12624 0
1785863607254 657684 645060 12624 0
1785863607285 657684 645060 12624 0
1785863607316 657684 645060 12624 0
1785863607345 657684 645060 12624 0
1785863607374 657684 645060 12624 0
1785863607403 657684 645060 12624 0
1785863607432 657684 645060 12624 0
1785863607463 657684 645060 12624 0
1785863607494 657684 645060 12624 0
1785863607525 657684 645060 12624 0
1785863607556 657684 645060 12624 0
1785863607585 657684 645060 12624 0
1785863607613 657684 645060 12624 0
1785863607642 657684 645060 12624 0
1785863607671 656920 644296 12624 0
1785863607703 655344 642720 12624 0
1785863607734 653008 640388 12620 0
1785863607765 653816 641192 12624 0
1785863607796 653816 641192 12624 0
1785863607827 653816 641192 12624 0
1785863607857 653816 641192 12624 0
1785863607886 653816 641192 12624 0
1785863607913 653052 640428 12624 0
1785863607943 649188 636568 12620 0
1785863607973 504700 492076 12624 0
1785863608001 504700 492076 12624 0
1785863608028 504700 492076 12624 0
1785863608055 504700 492076 12624 0
1785863608081 504700 492076 12624 0
1785863608107 504700 492076 12624 0
1785863608134 504700 492076 12624 0
1785863608159 504700 492076 12624 0
1785863608187 504700 492076 12624 0
1785863608217 504700 492076 12624 0
1785863608247 504700 492076 12624 0
1785863608277 504700 492076 12624 0
1785863608307 504700 492076 12624 0
1785863608337 504700 492076 12624 0
1785863608367 504700 492076 12624 0
1785863608397 504700 492076 12624 0
1785863608427 504700 492076 12624 0
1785863608457 504700 492076 12624 0
1785863608487 504700 492076 12624 0
1785863608517 504700 492076 12624 0
1785863608547 504700 492076 12624 0
1785863608576 504700 492076 12624 0
1785863608606 504700 492076 12624 0
1785863608636 504700 492076 12624 0
1785863608666 504700 492076 12624 0
1785863608695 504700 492076 12624 0
1785863608725 504700 492076 12624 0
1785863608755 504700 492076 12624 0
1785863608785 504700 492076 12624 0
1785863608815 504700 492076 12624 0
1785863608845 504700 492076 12624 0
1785863608875 504700 492076 12624 0
1785863608904 504700 492076 12624 0
1785863608934 504700 492076 12624 0
1785863608964 504700 492076 12624 0
1785863608995 504700 492076 12624 0
1785863609025 504700 492076 12624 0
1785863609055 504700 492076 12624 0
1785863609086 504700 492076 12624 0
1785863609116 504700 492076 12624 0
1785863609147 504700 492076 12624 0
1785863609177 504700 492076 12624 0
1785863609207 504700 492076 12624 0
1785863609237 504700 492076 12624 0
1785863609267 504700 492076 12624 0
1785863609298 504700 492076 12624 0
1785863609328 504700 492076 12624 0
1785863609358 504700 492076 12624 0
1785863609388 504700 492076 12624 0
1785863609418 504700 492076 12624 0
1785863609449 504700 492076 12624 0
1785863609480 504700 492076 12624 0
1785863609510 504700 492076 12624 0
1785863609541 504700 492076 12624 0
1785863609572 504700 492076 12624 0
1785863609603 504700 492076 12624 0
1785863609634 504700 492076 12624 0
1785863609665 504700 492076 12624 0
1785863609695 504700 492076 12624 0
1785863609726 504700 492076 12624 0
1785863609757 504700 492076 12624 0
1785863609787 504700 492076 12624 0
1785863609818 504700 492076 12624 0
1785863609849 504700 492076 12624 0
1785863609879 504700 492076 12624 0
1785863609910 504700 492076 12624 0
1785863609941 504700 492076 12624 0
1785863609972 504700 492076 12624 0
1785863610003 504700 492076 12624 0
1785863610034 504700 492076 12624 0
1785863610063 504700 492076 12624 0
1785863610098 504700 492076 12624 0
1785863610130 504700 492076 12624 0
1785863610159 504700 492076 12624 0
1785863610187 504700 492076 12624 0
1785863610216 510836 498212 12624 0
1785863610251 512836 500212 12624 0
1785863610280 512836 500212 12624 0
1785863610310 512836 500212 12624 0
1785863610338 512836 500212 12624 0
1785863610365 513860 501236 12624 0
1785863610393 513860 501236 12624 0
1785863610423 516388 503764 12624 0
1785863610453 520884 508260 12624 0
1785863610482 520884 508260 12624 0
1785863610512 520884 508260 12624 0
1785863610542 520900 508276 12624 0
1785863610571 519940 507316 12624 0
1785863610601 518980 506356 12624 0
1785863610632 519076 506452 12624 0
1785863610662 513268 500644 12624 0
1785863610691 65328 59832 5496 0
1785863610713 509052 496428 12624 0
1785863610742 504804 492180 12624 0
1785863610773 510504 497880 12624 0
1785863610804 514040 501416 12624 0
1785863610834 514164 501540 12624 0
1785863610864 514164 501540 12624 0
1785863610891 514164 501540 12624 0
1785863610918 514164 501540 12624 0
1785863610946 514164 501540 12624 0
1785863610973 514164 501540 12624 0
1785863611000 517652 505028 12624 0
1785863611030 518960 506336 12624 0
1785863611061 520268 507644 12624 0
1785863611090 520280 507656 12624 0
1785863611122 520768 508144 12624 0
1785863611152 521204 508580 12624 0
1785863611181 521204 508580 12624 0
1785863611210 521204 508580 12624 0
1785863611240 521716 509092 12624 0
1785863611272 521988 509364 12624 0
1785863611304 523536 510912 12624 0
1785863611335 525320 512696 12624 0
1785863611366 525320 512696 12624 0
1785863611396 525576 512952 12624 0
1785863611428 526344 513720 12624 0
1785863611458 528392 515768 12624 0
1785863611490 529416 516792 12624 0
1785863611521 529416 516792 12624 0
1785863611551 529416 516792 12624 0
1785863611582 529416 516792 12624 0
1785863611612 529416 516792 12624 0
1785863611643 529416 516792 12624 0
1785863611675 489148 480876 8272 0
1785863611707 529420 516796 12624 0
1785863611738 528684 516060 12624 0
1785863611769 528684 516060 12624 0
1785863611802 528684 516060 12624 0
1785863611835 528684 516060 12624 0
1785863611868 527944 515320 12624 0
1785863611900 527208 514584 12624 0
1785863611933 527208 514584 12624 0
1785863611965 526472 513848 12624 0
1785863611996 525736 513112 12624 0
1785863612028 524996 512372 12624 0
1785863612059 520568 507944 12624 0
1785863612090 516756 504136 12620 0
1785863612121 513828 501204 12624 0
1785863612151 513828 501204 12624 0
1785863612180 513828 501204 12624 0
1785863612210 513828 501204 12624 0
1785863612239 513064 500440 12624 0
1785863612268 512252 499628 12624 0
1785863612298 505140 492520 12620 0
1785863612327 504704 492080 12624 0
1785863612355 504704 492080 12624 0
1785863612383 504704 492080 12624 0
1785863612428 512840 500216 12624 0
1785863612459 512840 500216 12624 0
1785863612487 512840 500216 12624 0
1785863612516 512840 500216 12624 0
1785863612543 512840 500216 12624 0
1785863612571 512840 500216 12624 0
1785863612600 512840 500216 12624 0
1785863612627 512840 500216 12624 0
1785863612655 520888 508264 12624 0
1785863612686 520888 508264 12624 0
1785863612716 520888 508264 12624 0
1785863612746 520888 508264 12624 0
1785863612777 520888 508264 12624 0
1785863612807 520888 508264 12624 0
1785863612835 520892 508268 12624 0
1785863612864 520896 508272 12624 0
1785863612893 520904 508280 12624 0
1785863612924 510020 505280 4740 0
1785863612954 521144 508520 12624 0
1785863612987 521884 509260 12624 0
1785863613022 522080 509456 12624 0
1785863613052 522080 509456 12624 0
1785863613080 522080 509456 12624 0
1785863613110 522080 509456 12624 0
1785863613140 522080 509456 12624 0
1785863613170 521008 508384 12624 0
1785863613200 521076 508452 12624 0
1785863613230 519636 507016 12620 0
1785863613261 519716 507096 12620 0
1785863613291 522060 509436 12624 0
1785863613321 521648 509024 12624 0
1785863613351 521936 509312 12624 0
1785863613382 521936 509312 12624 0
1785863613412 519792 507168 12624 0
1785863613443 515504 502880 12624 0
1785863613474 515504 502880 12624 0
1785863613503 515504 502880 12624 0
1785863613531 515504 502880 12624 0
1785863613557 515504 502880 12624 0
1785863613585 515504 502880 12624 0
1785863613612 515504 502880 12624 0
1785863613639 515504 502880 12624 0
1785863613669 515504 502880 12624 0
1785863613699 515504 502880 12624 0
1785863613729 514948 502324 12624 0
1785863613758 514948 502324 12624 0
1785863613787 514948 502324 12624 0
1785863613815 514392 501768 12624 0
1785863613844 514392 501768 12624 0
1785863613871 514392 501768 12624 0
1785863613899 514392 501768 12624 0
1785863613928 510388 497768 12620 0
1785863613959 506208 493588 12620 0
1785863613988 508616 495992 12624 0
1785863614017 509160 496536 12624 0
1785863614047 509232 496612 12620 0
1785863614083 516920 504296 12624 0
1785863614114 516920 504296 12624 0
1785863614142 516920 504296 12624 0
1785863614170 517240 504616 12624 0
1785863614199 517240 504616 12624 0
1785863614227 518200 505576 12624 0
1785863614255 521080 508456 12624 0
1785863614286 521400 508776 12624 0
1785863614316 522040 509416 12624 0
1785863614347 522040 509416 12624 0
1785863614378 522040 509416 12624 0
1785863614408 522040 509416 12624 0
1785863614437 521048 508424 12624 0
1785863614466 521048 508424 12624 0
1785863614495 520056 507432 12624 0
1785863614524 519560 506936 12624 0
1785863614554 519560 506936 12624 0
1785863614584 513608 500984 12624 0
1785863614613 513608 500984 12624 0
1785863614641 513608 500984 12624 0
1785863614670 512616 499992 12624 0
1785863614700 512616 499992 12624 0
1785863614729 496652 491912 4740 0
1785863614758 505600 492976 12624 0
1785863614786 505600 492976 12624 0
1785863614814 505600 492976 12624 0
1785863614845 505600 492976 12624 0
1785863614874 505600 492976 12624 0
1785863614902 505600 492976 12624 0
1785863614929 505600 492976 12624 0
1785863614956 505600 492976 12624 0
1785863614984 505600 492976 12624 0
1785863615010 505600 492976 12624 0
1785863615036 505600 492976 12624 0
1785863615063 505600 492976 12624 0
1785863615089 505600 492976 12624 0
1785863615115 505600 492976 12624 0
1785863615142 505600 492976 12624 0
1785863615168 505600 492976 12624 0
1785863615193 505600 492976 12624 0
1785863615221 505600 492976 12624 0
1785863615247 505600 492976 12624 0
1785863615278 505600 492976 12624 0
1785863615309 505600 492976 12624 0
1785863615339 505600 492976 12624 0
1785863615370 505600 492976 12624 0
1785863615400 505600 492976 12624 0
1785863615431 505600 492976 12624 0
1785863615462 505600 492976 12624 0
1785863615492 505600 492976 12624 0
1785863615523 505600 492976 12624 0
1785863615554 505600 492976 12624 0
1785863615584 505600 492976 12624 0
1785863615615 505600 492976 12624 0
1785863615645 505600 492976 12624 0
1785863615675 505600 492976 12624 0
1785863615706 505600 492976 12624 0
1785863615737 505600 492976 12624 0
1785863615767 505600 492976 12624 0
1785863615798 505600 492976 12624 0
1785863615829 505600 492976 12624 0
1785863615859 505600 492976 12624 0
1785863615889 505600 492976 12624 0
1785863615920 505600 492976 12624 0
1785863615950 505600 492976 12624 0
1785863615979 505600 492976 12624 0
1785863616010 505600 492976 12624 0
1785863616039 505600 492976 12624 0
1785863616069 505600 492976 12624 0
1785863616099 505600 492976 12624 0
1785863616130 505600 492976 12624 0
1785863616161 505600 492976 12624 0
1785863616192 505600 492976 12624 0
1785863616223 505600 492976 12624 0
1785863616254 505600 492976 12624 0
1785863616285 505600 492976 12624 0
1785863616316 505600 492976 12624 0
1785863616347 505600 492976 12624 0
1785863616378 505600 492976 12624 0
1785863616409 505600 492976 12624 0
1785863616440 505600 492976 12624 0
1785863616470 505600 492976 12624 0
1785863616501 505600 492976 12624 0
1785863616532 505600 492976 12624 0
1785863616562 505600 492976 12624 0
1785863616593 505600 492976 12624 0
1785863616624 505600 492976 12624 0
1785863616655 505600 492976 12624 0
1785863616685 505600 492976 12624 0
1785863616716 505600 492976 12624 0
1785863616746 505600 492976 12624 0
1785863616777 505600 492976 12624 0
1785863616808 505600 492976 12624 0
1785863616837 505600 492976 12624 0
1785863616866 505600 492976 12624 0
1785863616896 505600 492976 12624 0
1785863616925 505600 492976 12624 0
1785863616955 505600 492976 12624 0
1785863616984 505600 492976 12624 0
1785863617014 505600 492976 12624 0
1785863617046 505600 492976 12624 0
1785863617077 505600 492976 12624 0
1785863617107 505600 492976 12624 0
1785863617139 505600 492976 12624 0
1785863617170 505600 492976 12624 0
1785863617201 505600 492976 12624 0
1785863617233 505600 492976 12624 0
1785863617264 505600 492976 12624 0
1785863617294 505600 492976 12624 0
1785863617327 505600 492976 12624 0
1785863617358 505600 492976 12624 0
1785863617388 505600 492976 12624 0
1785863617419 505600 492976 12624 0
1785863617450 505600 492976 12624 0
1785863617480 505600 492976 12624 0
1785863617513 505600 492976 12624 0
1785863617544 505600 492976 12624 0
1785863617577 505600 492976 12624 0
1785863617609 505600 492976 12624 0
1785863617641 505600 492976 12624 0
1785863617673 505600 492976 12624 0
1785863617704 505600 492976 12624 0
1785863617733 505600 492976 12624 0
1785863617763 505600 492976 12624 0
1785863617793 505600 492976 12624 0
1785863617823 505600 492976 12624 0
1785863617855 505600 492976 12624 0
1785863617886 505600 492976 12624 0
1785863617918 505600 492976 12624 0
1785863617950 505600 492976 12624 0
1785863617982 505600 492976 12624 0
1785863618014 505600 492976 12624 0
1785863618047 505600 492976 12624 0
1785863618079 505600 492976 12624 0
1785863618111 505600 492976 12624 0
1785863618144 505600 492976 12624 0
1785863618176 505600 492976 12624 0
1785863618208 505600 492976 12624 0
1785863618238 505600 492976 12624 0
1785863618270 505600 492976 12624 0
1785863618302 505600 492976 12624 0
1785863618336 505600 492976 12624 0
1785863618368 505600 492976 12624 0
1785863618401 505600 492976 12624 0
1785863618434 505600 492976 12624 0
1785863618469 505600 492976 12624 0
1785863618502 505600 492976 12624 0
1785863618535 505600 492976 12624 0
1785863618568 505600 492976 12624 0
1785863618600 505600 492976 12624 0
1785863618632 505600 492976 12624 0
1785863618663 505600 492976 12624 0
1785863618693 505600 492976 12624 0
1785863618723 505600 492976 12624 0
1785863618752 505600 492976 12624 0
1785863618778 505600 492976 12624 0
1785863618810 505600 492976 12624 0
1785863618842 505600 492976 12624 0
1785863618874 505600 492976 12624 0
1785863618906 505600 492976 12624 0
1785863618938 505600 492976 12624 0
1785863618970 505600 492976 12624 0
1785863619002 505600 492976 12624 0
1785863619034 505600 492976 12624 0
1785863619066 505600 492976 12624 0
1785863619098 505600 492976 12624 0
1785863619130 505600 492976 12624 0
1785863619162 505600 492976 12624 0
1785863619195 505600 492976 12624 0
1785863619227 505600 492976 12624 0
1785863619260 505600 492976 12624 0
1785863619293 505600 492976 12624 0
1785863619326 505600 492976 12624 0
1785863619359 505600 492976 12624 0
1785863619391 505600 492976 12624 0
1785863619424 505600 492976 12624 0
1785863619456 505600 492976 12624 0
1785863619489 505600 492976 12624 0
1785863619520 505600 492976 12624 0
1785863619551 505600 492976 12624 0
1785863619583 505600 492976 12624 0
1785863619615 505600 492976 12624 0
1785863619648 505600 492976 12624 0
1785863619680 505600 492976 12624 0
1785863619713 505600 492976 12624 0
1785863619745 505600 492976 12624 0
1785863619778 505600 492976 12624 0
1785863619810 505600 492976 12624 0
1785863619842 505600 492976 12624 0
1785863619876 505600 492976 12624 0
1785863619909 505600 492976 12624 0
1785863619941 505600 492976 12624 0
1785863619971 505600 492976 12624 0
1785863620001 505600 492976 12624 0
1785863620032 505600 492976 12624 0
1785863620064 505600 492976 12624 0
1785863620096 505600 492976 12624 0
1785863620128 505600 492976 12624 0
1785863620160 505600 492976 12624 0
1785863620192 505600 492976 12624 0
1785863620224 505600 492976 12624 0
1785863620257 505600 492976 12624 0
1785863620289 505600 492976 12624 0
1785863620320 505600 492976 12624 0
1785863620352 505600 492976 12624 0
1785863620383 505600 492976 12624 0
1785863620411 505600 492976 12624 0
1785863620443 505600 492976 12624 0
1785863620475 505600 492976 12624 0
1785863620508 505600 492976 12624 0
1785863620540 505600 492976 12624 0
1785863620573 505600 492976 12624 0
1785863620606 505600 492976 12624 0
1785863620639 505600 492976 12624 0
1785863620671 505600 492976 12624 0
1785863620704 505600 492976 12624 0
1785863620737 505600 492976 12624 0
1785863620769 505600 492976 12624 0
1785863620801 505600 492976 12624 0
1785863620832 505600 492976 12624 0
1785863620863 505600 492976 12624 0
1785863620895 505600 492976 12624 0
1785863620929 505600 492976 12624 0
1785863620961 505600 492976 12624 0
1785863620993 505600 492976 12624 0
1785863621026 505600 492976 12624 0
1785863621058 505600 492976 12624 0
1785863621092 505600 492976 12624 0
1785863621124 505600 492976 12624 0
1785863621157 505600 492976 12624 0
1785863621190 505600 492976 12624 0
1785863621223 505600 492976 12624 0
1785863621254 505600 492976 12624 0
1785863621285 505600 492976 12624 0
1785863621315 505600 492976 12624 0
1785863621347 505600 492976 12624 0
1785863621379 505600 492976 12624 0
1785863621411 505600 492976 12624 0
1785863621443 505600 492976 12624 0
1785863621476 505600 492976 12624 0
1785863621508 505600 492976 12624 0
1785863621540 505600 492976 12624 0
1785863621572 505600 492976 12624 0
1785863621605 505600 492976 12624 0
1785863621637 505600 492976 12624 0
1785863621668 505600 492976 12624 0
1785863621697 505600 492976 12624 0
1785863621727 505600 492976 12624 0
1785863621756 506400 493776 12624 0
1785863621785 514120 501496 12624 0
1785863621815 514120 501496 12624 0
1785863621843 514120 501496 12624 0
1785863621873 514120 501496 12624 0
1785863621903 514120 501496 12624 0
1785863621932 514120 501496 12624 0
1785863621961 514120 501496 12624 0
1785863621988 514120 501496 12624 0
1785863622017 514632 502008 12624 0
1785863622045 514632 502008 12624 0
1785863622073 514632 502008 12624 0
1785863622101 515144 502520 12624 0
1785863622128 515144 502520 12624 0
1785863622158 516168 503544 12624 0
1785863622186 518728 506104 12624 0
1785863622217 518728 506104 12624 0
1785863622247 516904 504284 12620 0
1785863622276 521312 508688 12624 0
1785863622307 521312 508688 12624 0
1785863622337 521312 508688 12624 0
1785863622367 521312 508688 12624 0
1785863622394 521312 508688 12624 0
1785863622423 521312 508688 12624 0
1785863622453 521312 508688 12624 0
1785863622482 520816 508192 12624 0
1785863622513 520816 508192 12624 0
1785863622543 520816 508192 12624 0
1785863622572 520816 508192 12624 0
1785863622602 520816 508192 12624 0
1785863622631 520816 508192 12624 0
1785863622661 520816 508192 12624 0
1785863622691 520816 508192 12624 0
1785863622720 517016 504392 12624 0
1785863622750 517016 504392 12624 0
1785863622780 514040 501416 12624 0
1785863622808 514040 501416 12624 0
1785863622837 513544 500920 12624 0
1785863622866 513048 500424 12624 0
1785863622895 513048 500424 12624 0
1785863622924 513048 500424 12624 0
1785863622951 513048 500424 12624 0
1785863622978 513048 500424 12624 0
1785863623006 513048 500424 12624 0
1785863623033 510712 498092 12620 0
1785863623063 513096 500472 12624 0
1785863623092 513096 500472 12624 0
1785863623120 513608 500984 12624 0
1785863623148 513736 501112 12624 0
1785863623179 513736 501112 12624 0
1785863623208 513736 501112 12624 0
1785863623236 521784 509160 12624 0
1785863623264 521792 509168 12624 0
1785863623293 521800 509176 12624 0
1785863623321 519556 506936 12620 0
1785863623354 521912 509288 12624 0
1785863623384 521912 509288 12624 0
1785863623414 521912 509288 12624 0
1785863623444 521912 509288 12624 0
1785863623472 519576 506956 12620 0
1785863623501 522040 509416 12624 0
1785863623530 522040 509416 12624 0
1785863623561 522040 509416 12624 0
1785863623591 522040 509416 12624 0
1785863623620 522040 509416 12624 0
1785863623648 522040 509416 12624 0
1785863623678 521048 508424 12624 0
1785863623707 517576 504952 12624 0
1785863623737 517080 504456 12624 0
1785863623765 517080 504456 12624 0
1785863623795 517080 504456 12624 0
1785863623824 514104 501480 12624 0
1785863623853 514104 501480 12624 0
1785863623881 514104 501480 12624 0
1785863623909 514104 501480 12624 0
1785863623935 514104 501480 12624 0
1785863623966 514104 501480 12624 0
1785863623996 514104 501480 12624 0
1785863624024 514104 501480 12624 0
1785863624053 514104 501480 12624 0
1785863624082 514104 501480 12624 0
1785863624109 514104 501480 12624 0
1785863624136 514104 501480 12624 0
1785863624163 514104 501480 12624 0
1785863624190 514104 501480 12624 0
1785863624217 514104 501480 12624 0
1785863624244 514104 501480 12624 0
1785863624269 514104 501480 12624 0
1785863624296 514104 501480 12624 0
1785863624323 514104 501480 12624 0
1785863624350 514104 501480 12624 0
1785863624377 514104 501480 12624 0
1785863624405 514104 501480 12624 0
1785863624431 513608 500984 12624 0
1785863624459 513608 500984 12624 0
1785863624488 510776 498156 12620 0
1785863624518 507260 494636 12624 0
1785863624547 508584 495960 12624 0
1785863624575 513224 500600 12624 0
1785863624606 513736 501112 12624 0
1785863624635 513736 501112 12624 0
1785863624662 513736 501112 12624 0
1785863624690 513736 501112 12624 0
1785863624717 521784 509160 12624 0
1785863624748 521784 509160 12624 0
1785863624779 521848 509224 12624 0
1785863624808 521848 509224 12624 0
1785863624838 521848 509224 12624 0
1785863624866 521848 509224 12624 0
1785863624894 521848 509224 12624 0
1785863624923 521912 509288 12624 0
1785863624953 519608 506988 12620 0
1785863624983 520180 507560 12620 0
1785863625013 522888 510264 12624 0
1785863625046 520636 508016 12620 0
1785863625081 523056 510432 12624 0
1785863625110 523056 510432 12624 0
1785863625138 523108 510484 12624 0
1785863625168 523596 510972 12624 0
1785863625198 523596 510972 12624 0
1785863625229 524280 511656 12624 0
1785863625259 524280 511656 12624 0
1785863625289 524280 511656 12624 0
1785863625320 524280 511656 12624 0
1785863625351 524280 511656 12624 0
1785863625381 524280 511656 12624 0
1785863625411 524280 511656 12624 0
1785863625440 524280 511656 12624 0
1785863625470 524280 511656 12624 0
1785863625500 524280 511656 12624 0
1785863625530 524280 511656 12624 0
1785863625559 524280 511656 12624 0
1785863625590 524280 511656 12624 0
1785863625619 524280 511656 12624 0
1785863625648 524280 511656 12624 0
1785863625678 524280 511656 12624 0
1785863625708 524280 511656 12624 0
1785863625739 524280 511656 12624 0
1785863625769 524280 511656 12624 0
1785863625800 524280 511656 12624 0
1785863625828 525304 512680 12624 0
1785863625858 529400 516776 12624 0
1785863625888 529400 516776 12624 0
1785863625919 529400 516776 12624 0
1785863625950 549608 536988 12620 0
1785863625980 568328 555704 12624 0
1785863626011 568328 555704 12624 0
1785863626041 568328 555704 12624 0
1785863626071 568328 555704 12624 0
1785863626101 568328 555704 12624 0
1785863626129 568328 555704 12624 0
1785863626158 568328 555704 12624 0
1785863626187 568328 555704 12624 0
1785863626218 568328 555704 12624 0
1785863626248 568328 555704 12624 0
1785863626277 568328 555704 12624 0
1785863626306 568328 555704 12624 0
1785863626337 568328 555704 12624 0
1785863626366 568328 555704 12624 0
1785863626397 568328 555704 12624 0
1785863626426 568328 555704 12624 0
1785863626454 568328 555704 12624 0
1785863626484 568328 555704 12624 0
1785863626516 568328 555704 12624 0
1785863626545 568328 555704 12624 0
1785863626575 568328 555704 12624 0
1785863626606 568528 555904 12624 0
1785863626636 568528 555904 12624 0
1785863626666 568728 556104 12624 0
1785863626697 568728 556104 12624 0
1785863626728 568728 556104 12624 0
1785863626757 568728 556104 12624 0
1785863626788 568728 556104 12624 0
1785863626819 568728 556104 12624 0
1785863626849 568928 556304 12624 0
1785863626879 568928 556304 12624 0
1785863626910 568928 556304 12624 0
1785863626939 569128 556504 12624 0
1785863626970 569128 556504 12624 0
1785863627000 569128 556504 12624 0
1785863627030 569128 556504 12624 0
1785863627059 569128 556504 12624 0
1785863627091 571528 558904 12624 0
1785863627122 571528 558904 12624 0
1785863627152 571528 558904 12624 0
1785863627181 571528 558904 12624 0
1785863627212 571528 558904 12624 0
1785863627242 571528 558904 12624 0
1785863627272 571528 558904 12624 0
1785863627302 571528 558904 12624 0
1785863627334 571528 558904 12624 0
1785863627364 571528 558904 12624 0
1785863627398 571528 558904 12624 0
1785863627429 571528 558904 12624 0
1785863627457 571528 558904 12624 0
1785863627488 571528 558904 12624 0
1785863627519 571528 558904 12624 0
1785863627550 571528 558904 12624 0
1785863627580 571528 558904 12624 0
1785863627611 571528 558904 12624 0
1785863627642 571528 558904 12624 0
1785863627672 571528 558904 12624 0
1785863627702 571528 558904 12624 0
1785863627732 571528 558904 12624 0
1785863627762 571528 558904 12624 0
1785863627791 571528 558904 12624 0
1785863627823 572428 559804 12624 0
1785863627855 572788 560164 12624 0
1785863627885 572788 560164 12624 0
1785863627916 572788 560164 12624 0
1785863627945 572788 560164 12624 0
1785863627975 572788 560164 12624 0
1785863628005 572788 560164 12624 0
1785863628036 572788 560164 12624 0
1785863628067 572788 560164 12624 0
1785863628098 572968 560344 12624 0
1785863628130 573328 560704 12624 0
1785863628162 574408 561784 12624 0
1785863628194 574408 561784 12624 0
1785863628224 574408 561784 12624 0
1785863628255 574408 561784 12624 0
1785863628285 574408 561784 12624 0
1785863628315 574408 561784 12624 0
1785863628346 574408 561784 12624 0
1785863628376 574408 561784 12624 0
1785863628405 574408 561784 12624 0
1785863628436 574408 561784 12624 0
1785863628466 574408 561784 12624 0
1785863628496 574408 561784 12624 0
1785863628527 574408 561784 12624 0
1785863628558 574408 561784 12624 0
1785863628588 574408 561784 12624 0
1785863628618 574408 561784 12624 0
1785863628649 574408 561784 12624 0
1785863628679 574408 561784 12624 0
1785863628710 574408 561784 12624 0
1785863628741 574408 561784 12624 0
1785863628771 574408 561784 12624 0
1785863628802 574408 561784 12624 0
1785863628833 574408 561784 12624 0
1785863628864 574408 561784 12624 0
1785863628895 574408 561784 12624 0
1785863628925 574408 561784 12624 0
1785863628956 574408 561784 12624 0
1785863628986 574408 561784 12624 0
1785863629016 574408 561784 12624 0
1785863629045 574408 561784 12624 0
1785863629075 574408 561784 12624 0
1785863629106 574408 561784 12624 0
1785863629137 574408 561784 12624 0
1785863629168 574408 561784 12624 0
1785863629198 574408 561784 12624 0
1785863629229 574408 561784 12624 0
1785863629261 576456 563832 12624 0
1785863629292 576456 563832 12624 0
1785863629324 576456 563832 12624 0
1785863629354 576456 563832 12624 0
1785863629385 576456 563832 12624 0
1785863629415 576456 563832 12624 0
1785863629445 576456 563832 12624 0
1785863629475 576456 563832 12624 0
1785863629506 576456 563832 12624 0
1785863629537 576456 563832 12624 0
1785863629568 576456 563832 12624 0
1785863629599 576456 563832 12624 0
1785863629629 576456 563832 12624 0
1785863629659 580552 567928 12624 0
1785863629690 580552 567928 12624 0
1785863629720 598964 586340 12624 0
1785863629750 633636 621012 12624 0
1785863629782 626296 613672 12624 0
1785863629814 626296 613672 12624 0
1785863629846 626296 613672 12624 0
1785863629878 626296 613672 12624 0
1785863629910 626296 613672 12624 0
1785863629941 626296 613672 12624 0
1785863629971 626296 613672 12624 0
1785863630002 626296 613672 12624 0
1785863630034 626296 613672 12624 0
1785863630065 626296 613672 12624 0
1785863630096 626296 613672 12624 0
1785863630127 626296 613672 12624 0
1785863630158 626296 613672 12624 0
1785863630190 626296 613672 12624 0
1785863630222 626296 613672 12624 0
1785863630253 626296 613672 12624 0
1785863630285 626296 613672 12624 0
1785863630317 626296 613672 12624 0
1785863630348 626296 613672 12624 0
1785863630379 626296 613672 12624 0
1785863630410 625556 612932 12624 0
1785863630441 625556 612932 12624 0
1785863630472 624816 612192 12624 0
1785863630504 624816 612192 12624 0
1785863630536 624816 612192 12624 0
1785863630572 624816 612192 12624 0
1785863630603 624816 612192 12624 0
1785863630633 624816 612192 12624 0
1785863630664 624816 612192 12624 0
1785863630695 624820 612196 12624 0
1785863630727 624820 612196 12624 0
1785863630758 624820 612196 12624 0
1785863630791 624820 612196 12624 0
1785863630823 624820 612196 12624 0
1785863630854 624820 612196 12624 0
1785863630886 622600 609976 12624 0
1785863630918 621860 609236 12624 0
1785863630949 621860 609236 12624 0
1785863630979 621860 609236 12624 0
1785863631011 621860 609236 12624 0
1785863631043 621860 609236 12624 0
1785863631074 621860 609236 12624 0
1785863631105 621860 609236 12624 0
1785863631135 544244 531620 12624 0
1785863631165 544244 531620 12624 0
1785863631194 544244 531620 12624 0
1785863631220 544244 531620 12624 0
1785863631248 544244 531620 12624 0
1785863631276 544244 531620 12624 0
1785863631304 544244 531620 12624 0
1785863631335 544244 531620 12624 0
1785863631366 544244 531620 12624 0
1785863631397 544244 531620 12624 0
1785863631426 544244 531620 12624 0
1785863631454 544244 531620 12624 0
1785863631481 544244 531620 12624 0
1785863631510 544244 531620 12624 0
1785863631541 544244 531620 12624 0
1785863631571 544244 531620 12624 0
1785863631601 544244 531620 12624 0
1785863631631 544244 531620 12624 0
1785863631661 544244 531620 12624 0
1785863631689 544244 531620 12624 0
1785863631718 544244 531620 12624 0
1785863631749 544244 531620 12624 0
1785863631779 544244 531620 12624 0
1785863631807 544244 531620 12624 0
1785863631835 544244 531620 12624 0
1785863631860 544244 531620 12624 0
1785863631886 544244 531620 12624 0
1785863631914 544244 531620 12624 0
1785863631942 544244 531620 12624 0
1785863631972 544244 531620 12624 0
1785863632002 544244 531620 12624 0
1785863632030 544244 531620 12624 0
1785863632061 544244 531620 12624 0
1785863632092 544244 531620 12624 0
1785863632121 544244 531620 12624 0
1785863632150 544244 531620 12624 0
1785863632178 544244 531620 12624 0
1785863632208 544244 531620 12624 0
1785863632238 544244 531620 12624 0
1785863632269 544244 531620 12624 0
1785863632299 544244 531620 12624 0
1785863632329 544244 531620 12624 0
1785863632358 544244 531620 12624 0
1785863632388 544244 531620 12624 0
1785863632418 544244 531620 12624 0
1785863632447 544244 531620 12624 0
1785863632477 544244 531620 12624 0
1785863632504 544244 531620 12624 0
1785863632530 544244 531620 12624 0
1785863632558 544244 531620 12624 0
1785863632588 544244 531620 12624 0
1785863632618 544244 531620 12624 0
1785863632648 544244 531620 12624 0
1785863632676 544244 531620 12624 0
1785863632704 544244 531620 12624 0
1785863632732 544244 531620 12624 0
1785863632761 544244 531620 12624 0
1785863632790 544244 531620 12624 0
1785863632819 544244 531620 12624 0
1785863632847 544244 531620 12624 0
1785863632874 544244 531620 12624 0
1785863632901 544244 531620 12624 0
1785863632931 544244 531620 12624 0
1785863632961 544244 531620 12624 0
1785863632990 544244 531620 12624 0
1785863633018 544244 531620 12624 0
1785863633045 544244 531620 12624 0
1785863633072 544244 531620 12624 0
1785863633100 544244 531620 12624 0
1785863633130 541976 529352 12624 0
1785863633160 541976 529352 12624 0
1785863633190 540448 527824 12624 0
1785863633220 538920 526296 12624 0
1785863633248 538920 526296 12624 0
1785863633274 538156 525532 12624 0
1785863633302 535056 522436 12620 0
1785863633330 531324 518700 12624 0
1785863633359 531324 518700 12624 0
1785863633386 531324 518700 12624 0
1785863633413 531324 518700 12624 0
1785863633438 531324 518700 12624 0
1785863633462 531324 518700 12624 0
1785863633488 531324 518700 12624 0
1785863633517 531324 518700 12624 0
1785863633547 531324 518700 12624 0
1785863633579 531324 518700 12624 0
1785863633610 531324 518700 12624 0
1785863633640 531324 518700 12624 0
1785863633671 531324 518700 12624 0
1785863633702 531324 518700 12624 0
1785863633734 531324 518700 12624 0
1785863633765 531324 518700 12624 0
1785863633795 531324 518700 12624 0
1785863633827 531324 518700 12624 0
1785863633857 531324 518700 12624 0
1785863633886 531324 518700 12624 0
1785863633913 531324 518700 12624 0
1785863633943 531324 518700 12624 0
1785863633974 531324 518700 12624 0
1785863634005 531324 518700 12624 0
1785863634037 531324 518700 12624 0
1785863634068 531324 518700 12624 0
1785863634099 531324 518700 12624 0
1785863634130 531324 518700 12624 0
1785863634160 531324 518700 12624 0
1785863634191 531324 518700 12624 0
1785863634223 531324 518700 12624 0
1785863634254 531324 518700 12624 0
1785863634282 531324 518700 12624 0
1785863634312 531324 518700 12624 0
1785863634342 531324 518700 12624 0
1785863634373 531324 518700 12624 0
1785863634404 531324 518700 12624 0
1785863634435 531324 518700 12624 0
1785863634467 531324 518700 12624 0
1785863634498 531324 518700 12624 0
1785863634528 531324 518700 12624 0
1785863634560 531324 518700 12624 0
1785863634591 531324 518700 12624 0
1785863634621 531324 518700 12624 0
1785863634651 531324 518700 12624 0
1785863634678 531324 518700 12624 0
1785863634709 531324 518700 12624 0
1785863634741 531324 518700 12624 0
1785863634772 531324 518700 12624 0
1785863634804 531324 518700 12624 0
1785863634835 531324 518700 12624 0
1785863634866 531324 518700 12624 0
1785863634898 531324 518700 12624 0
1785863634929 531324 518700 12624 0
1785863634961 531324 518700 12624 0
1785863634992 531324 518700 12624 0
1785863635023 531324 518700 12624 0
1785863635055 531324 518700 12624 0
1785863635085 531324 518700 12624 0
1785863635115 531324 518700 12624 0
1785863635146 531324 518700 12624 0
1785863635178 531324 518700 12624 0
1785863635209 531324 518700 12624 0
1785863635241 531324 518700 12624 0
1785863635272 531324 518700 12624 0
1785863635304 531324 518700 12624 0
1785863635335 531324 518700 12624 0
1785863635367 531324 518700 12624 0
1785863635399 531324 518700 12624 0
1785863635432 531324 518700 12624 0
1785863635464 531324 518700 12624 0
1785863635497 531324 518700 12624 0
1785863635528 531324 518700 12624 0
1785863635558 531324 518700 12624 0
1785863635586 531324 518700 12624 0
1785863635616 531324 518700 12624 0
1785863635648 531324 518700 12624 0
1785863635679 531324 518700 12624 0
1785863635711 531324 518700 12624 0
1785863635742 531324 518700 12624 0
1785863635774 531324 518700 12624 0
1785863635805 531324 518700 12624 0
1785863635836 531324 518700 12624 0
1785863635868 531324 518700 12624 0
1785863635900 531324 518700 12624 0
1785863635932 531324 518700 12624 0
1785863635965 531324 518700 12624 0
1785863635997 531324 518700 12624 0
1785863636029 531324 518700 12624 0
1785863636059 531324 518700 12624 0
1785863636088 531324 518700 12624 0
1785863636119 531324 518700 12624 0
1785863636150 531324 518700 12624 0
1785863636182 531324 518700 12624 0
1785863636214 531324 518700 12624 0
1785863636245 531324 518700 12624 0
1785863636277 531324 518700 12624 0
1785863636309 531324 518700 12624 0
1785863636341 531324 518700 12624 0
1785863636374 531324 518700 12624 0
1785863636407 531324 518700 12624 0
1785863636439 531324 518700 12624 0
1785863636472 531324 518700 12624 0
1785863636503 531324 518700 12624 0
1785863636531 531324 518700 12624 0
1785863636564 531324 518700 12624 0
1785863636595 531324 518700 12624 0
1785863636626 531324 518700 12624 0
1785863636658 531324 518700 12624 0
1785863636689 531324 518700 12624 0
1785863636720 531324 518700 12624 0
1785863636752 531324 518700 12624 0
1785863636783 531324 518700 12624 0
1785863636815 531324 518700 12624 0
1785863636847 531324 518700 12624 0
1785863636880 531324 518700 12624 0
1785863636912 531324 518700 12624 0
1785863636944 531324 518700 12624 0
1785863636975 531324 518700 12624 0
1785863637005 531324 518700 12624 0
1785863637036 531324 518700 12624 0
1785863637067 531324 518700 12624 0
1785863637098 531324 518700 12624 0
1785863637130 531324 518700 12624 0
1785863637161 531324 518700 12624 0
1785863637193 531324 518700 12624 0
1785863637224 531324 518700 12624 0
1785863637257 531324 518700 12624 0
1785863637289 531324 518700 12624 0
1785863637322 531324 518700 12624 0
1785863637355 531324 518700 12624 0
1785863637387 531324 518700 12624 0
1785863637419 531324 518700 12624 0
1785863637451 531324 518700 12624 0
1785863637481 531324 518700 12624 0
1785863637510 531324 518700 12624 0
1785863637536 528988 516368 12620 0
1785863637562 539312 526688 12624 0
1785863637592 539316 526692 12624 0
1785863637620 539316 526692 12624 0
1785863637651 539316 526692 12624 0
1785863637679 539316 526692 12624 0
1785863637707 539316 526692 12624 0
1785863637734 539316 526692 12624 0
1785863637760 539316 526692 12624 0
1785863637788 547508 534884 12624 0
1785863637818 547508 534884 12624 0
1785863637848 547508 534884 12624 0
1785863637878 547508 534884 12624 0
1785863637908 547508 534884 12624 0
1785863637938 547508 534884 12624 0
1785863637967 547508 534884 12624 0
1785863637995 547508 534884 12624 0
1785863638023 547508 534884 12624 0
1785863638053 548164 535540 12624 0
1785863638083 548404 535780 12624 0
1785863638116 548532 535908 12624 0
1785863638148 548532 535908 12624 0
1785863638178 546196 533576 12620 0
1785863638209 548616 535992 12624 0
1785863638239 548616 535992 12624 0
1785863638269 546280 533660 12620 0
1785863638299 548700 536076 12624 0
1785863638329 548700 536076 12624 0
1785863638360 546456 533836 12620 0
1785863638390 548800 536176 12624 0
1785863638420 548960 536336 12624 0
1785863638449 549008 536384 12624 0
1785863638479 546700 534080 12620 0
1785863638510 549076 536452 12624 0
1785863638540 549084 536460 12624 0
1785863638569 549084 536460 12624 0
1785863638599 541084 528460 12624 0
1785863638630 541204 528580 12624 0
1785863638659 541204 528580 12624 0
1785863638687 541204 528580 12624 0
1785863638715 541204 528580 12624 0
1785863638745 541204 528580 12624 0
1785863638775 541204 528580 12624 0
1785863638803 541204 528580 12624 0
1785863638832 541204 528580 12624 0
1785863638861 541204 528580 12624 0
1785863638891 541204 528580 12624 0
1785863638920 541204 528580 12624 0
1785863638947 541204 528580 12624 0
1785863638974 540648 528024 12624 0
1785863639003 540648 528024 12624 0
1785863639033 540092 527468 12624 0
1785863639062 539488 526864 12624 0
1785863639090 538860 526236 12624 0
1785863639119 538280 525656 12624 0
1785863639148 529616 516996 12620 0
1785863639177 531324 518700 12624 0
1785863639205 531324 518700 12624 0
1785863639234 531324 518700 12624 0
1785863639263 531324 518700 12624 0
1785863639293 531324 518700 12624 0
1785863639323 531324 518700 12624 0
1785863639353 531324 518700 12624 0
1785863639383 531324 518700 12624 0
1785863639413 531324 518700 12624 0
1785863639443 531324 518700 12624 0
1785863639473 531324 518700 12624 0
1785863639503 531324 518700 12624 0
1785863639533 531324 518700 12624 0
1785863639563 531324 518700 12624 0
1785863639593 531324 518700 12624 0
1785863639623 531324 518700 12624 0
1785863639653 531324 518700 12624 0
1785863639683 531324 518700 12624 0
1785863639714 531324 518700 12624 0
1785863639744 531324 518700 12624 0
1785863639770 531324 518700 12624 0
1785863639800 528988 516368 12620 0
1785863639829 539460 526836 12624 0
1785863639859 539460 526836 12624 0
1785863639889 539460 526836 12624 0
1785863639917 539460 526836 12624 0
1785863639943 539460 526836 12624 0
1785863639971 539460 526836 12624 0
1785863639997 539460 526836 12624 0
1785863640024 541444 528820 12624 0
1785863640051 543972 531348 12624 0
1785863640081 547368 534744 12624 0
1785863640112 547508 534884 12624 0
1785863640142 547508 534884 12624 0
1785863640172 547508 534884 12624 0
1785863640200 547508 534884 12624 0
1785863640228 547508 534884 12624 0
1785863640255 547508 534884 12624 0
1785863640281 547596 534972 12624 0
1785863640311 544252 531632 12620 0
1785863640342 546796 534172 12624 0
1785863640372 546524 533900 12624 0
1785863640402 545756 533132 12624 0
1785863640432 535660 523040 12620 0
1785863640462 537356 524732 12624 0
1785863640489 536764 524140 12624 0
1785863640515 536764 524140 12624 0
1785863640540 536764 524140 12624 0
1785863640570 536796 524172 12624 0
1785863640599 531428 518804 12624 0
1785863640628 58268 52868 5400 0
1785863640650 531832 519208 12624 0
1785863640679 540300 527676 12624 0
1785863640711 540788 528164 12624 0
1785863640741 540788 528164 12624 0
1785863640770 540788 528164 12624 0
1785863640797 540788 528164 12624 0
1785863640824 540788 528164 12624 0
1785863640852 540792 528168 12624 0
1785863640881 547768 535144 12624 0
1785863640913 547768 535144 12624 0
1785863640944 547772 535148 12624 0
1785863640973 547776 535152 12624 0
1785863641002 547776 535152 12624 0
1785863641033 547828 535204 12624 0
1785863641064 547828 535204 12624 0
1785863641094 547828 535204 12624 0
1785863641133 548628 536004 12624 0
1785863641166 551956 539332 12624 0
1785863641201 552212 539588 12624 0
1785863641231 552212 539588 12624 0
1785863641260 552468 539844 12624 0
1785863641291 552724 540100 12624 0
1785863641322 553236 540612 12624 0
1785863641354 553492 540868 12624 0
1785863641386 556052 543428 12624 0
1785863641419 556052 543428 12624 0
1785863641450 556052 543428 12624 0
1785863641481 556052 543428 12624 0
1785863641513 556052 543428 12624 0
1785863641546 582676 570052 12624 0
1785863641577 529428 516804 12624 0
1785863641609 529428 516804 12624 0
1785863641640 527956 515332 12624 0
1785863641672 527220 514596 12624 0
1785863641703 527220 514596 12624 0
1785863641735 526480 513856 12624 0
1785863641766 525740 513116 12624 0
1785863641797 524260 511636 12624 0
1785863641828 522780 510156 12624 0
1785863641859 519832 507208 12624 0
1785863641890 518360 505736 12624 0
1785863641921 515400 502776 12624 0
1785863641951 515400 502776 12624 0
1785863641981 515400 502776 12624 0
1785863642014 514636 502012 12624 0
1785863642044 513108 500484 12624 0
1785863642075 513108 500484 12624 0
1785863642105 513108 500484 12624 0
1785863642135 511532 498908 12624 0
1785863642163 510004 497380 12624 0
1785863642192 496820 492080 4740 0
1785863642221 504700 492076 12624 0
1785863642249 504700 492076 12624 0
1785863642276 504700 492076 12624 0
1785863642304 512836 500212 12624 0
1785863642335 512836 500212 12624 0
1785863642364 512836 500212 12624 0
1785863642394 512836 500212 12624 0
1785863642422 512836 500212 12624 0
1785863642450 512836 500212 12624 0
1785863642478 512836 500212 12624 0
1785863642505 512836 500212 12624 0
1785863642535 520884 508260 12624 0
1785863642565 520884 508260 12624 0
1785863642596 518548 505928 12620 0
1785863642626 520948 508324 12624 0
1785863642655 520948 508324 12624 0
1785863642684 520948 508324 12624 0
1785863642715 520948 508324 12624 0
1785863642744 520948 508324 12624 0
1785863642772 518748 506128 12620 0
1785863642802 518760 506140 12620 0
1785863642832 519984 507364 12620 0
1785863642863 520412 507792 12620 0
1785863642894 522772 510148 12624 0
1785863642924 523176 510552 12624 0
1785863642954 523252 510628 12624 0
1785863642985 523252 510628 12624 0
1785863643015 522716 510092 12624 0
1785863643046 520380 507760 12620 0
1785863643076 537948 525324 12624 0
1785863643107 537948 525324 12624 0
1785863643134 537948 525324 12624 0
1785863643164 536876 524252 12624 0
1785863643194 536340 523716 12624 0
1785863643225 535268 522644 12624 0
1785863643256 532588 519964 12624 0
1785863643287 531516 518892 12624 0
1785863643317 529908 517284 12624 0
1785863643346 529908 517284 12624 0
1785863643376 529908 517284 12624 0
1785863643405 529908 517284 12624 0
1785863643433 529908 517284 12624 0
1785863643462 529352 516728 12624 0
1785863643492 528796 516172 12624 0
1785863643522 522812 510192 12620 0
1785863643551 520784 508164 12620 0
1785863643580 522948 510324 12624 0
1785863643608 525876 513252 12624 0
1785863643637 523540 510920 12620 0
1785863643668 18176 10292 7884 0
1785863643697 516604 511864 4740 0
1785863643728 531892 519268 12624 0
1785863643759 532852 520228 12624 0
1785863643790 532852 520228 12624 0
1785863643819 534132 521508 12624 0
1785863643848 534772 522148 12624 0
1785863643878 535236 522612 12624 0
1785863643908 535380 522756 12624 0
1785863643938 535380 522756 12624 0
1785863643969 535380 522756 12624 0
1785863643999 535380 522756 12624 0
1785863644029 530916 518292 12624 0
1785863644059 527444 514820 12624 0
1785863644088 527444 514820 12624 0
1785863644116 527444 514820 12624 0
1785863644142 527444 514820 12624 0
1785863644170 527444 514820 12624 0
1785863644198 526948 514324 12624 0
1785863644226 524612 511992 12620 0
1785863644257 519932 507308 12624 0
1785863644285 519932 507308 12624 0
1785863644314 519932 507308 12624 0
1785863644344 519932 507308 12624 0
1785863644374 519932 507308 12624 0
1785863644404 519932 507308 12624 0
1785863644434 519932 507308 12624 0
1785863644464 519932 507308 12624 0
1785863644494 519932 507308 12624 0
1785863644524 519932 507308 12624 0
1785863644554 519932 507308 12624 0
1785863644586 519932 507308 12624 0
1785863644616 519932 507308 12624 0
1785863644647 519932 507308 12624 0
1785863644677 519932 507308 12624 0
1785863644707 519932 507308 12624 0
1785863644737 519932 507308 12624 0
1785863644767 519932 507308 12624 0
1785863644797 519932 507308 12624 0
1785863644827 519932 507308 12624 0
1785863644857 519932 507308 12624 0
1785863644887 519932 507308 12624 0
1785863644917 519932 507308 12624 0
1785863644947 519932 507308 12624 0
1785863644977 519932 507308 12624 0
1785863645007 519932 507308 12624 0
1785863645037 519932 507308 12624 0
1785863645068 519932 507308 12624 0
1785863645097 519932 507308 12624 0
1785863645127 519932 507308 12624 0
1785863645157 519932 507308 12624 0
1785863645187 519932 507308 12624 0
1785863645220 519932 507308 12624 0
1785863645250 519932 507308 12624 0
1785863645280 519932 507308 12624 0
1785863645310 519932 507308 12624 0
1785863645340 519932 507308 12624 0
1785863645371 519932 507308 12624 0
1785863645401 519932 507308 12624 0
1785863645432 519932 507308 12624 0
1785863645462 519932 507308 12624 0
1785863645493 519932 507308 12624 0
1785863645524 519932 507308 12624 0
1785863645555 519932 507308 12624 0
1785863645585 519932 507308 12624 0
1785863645614 519932 507308 12624 0
1785863645643 519932 507308 12624 0
1785863645671 519932 507308 12624 0
1785863645699 519932 507308 12624 0
1785863645727 519932 507308 12624 0
1785863645755 519932 507308 12624 0
1785863645784 519932 507308 12624 0
1785863645812 519932 507308 12624 0
1785863645840 519932 507308 12624 0
1785863645869 519932 507308 12624 0
1785863645898 519932 507308 12624 0
1785863645927 519932 507308 12624 0
1785863645956 519932 507308 12624 0
1785863645985 519932 507308 12624 0
1785863646014 519932 507308 12624 0
1785863646043 519932 507308 12624 0
1785863646072 519932 507308 12624 0
1785863646101 519932 507308 12624 0
1785863646130 519932 507308 12624 0
1785863646158 519932 507308 12624 0
1785863646187 519932 507308 12624 0
1785863646216 519932 507308 12624 0
1785863646245 519932 507308 12624 0
1785863646274 519932 507308 12624 0
1785863646303 519932 507308 12624 0
1785863646332 519932 507308 12624 0
1785863646361 519932 507308 12624 0
1785863646391 519932 507308 12624 0
1785863646420 519932 507308 12624 0
1785863646449 519932 507308 12624 0
1785863646479 519932 507308 12624 0
1785863646508 519932 507308 12624 0
1785863646537 519932 507308 12624 0
1785863646566 519932 507308 12624 0
1785863646595 519932 507308 12624 0
1785863646624 519932 507308 12624 0
1785863646654 519932 507308 12624 0
1785863646683 519932 507308 12624 0
1785863646710 519932 507308 12624 0
1785863646739 519932 507308 12624 0
1785863646770 519932 507308 12624 0
1785863646800 519932 507308 12624 0
1785863646829 519932 507308 12624 0
1785863646858 519932 507308 12624 0
1785863646890 528068 515444 12624 0
1785863646921 528068 515444 12624 0
1785863646951 528068 515444 12624 0
1785863646979 528068 515444 12624 0
1785863647006 528068 515444 12624 0
1785863647034 528068 515444 12624 0
1785863647061 528068 515444 12624 0
1785863647089 528068 515444 12624 0
1785863647116 528068 515444 12624 0
1785863647143 528068 515444 12624 0
1785863647171 528068 515444 12624 0
1785863647198 528972 516348 12624 0
1785863647225 531060 518436 12624 0
1785863647254 532564 519940 12624 0
1785863647286 535604 522980 12624 0
1785863647316 535604 522980 12624 0
1785863647346 535604 522980 12624 0
1785863647376 535604 522980 12624 0
1785863647406 535604 522980 12624 0
1785863647436 536116 523492 12624 0
1785863647466 536116 523492 12624 0
1785863647494 536116 523492 12624 0
1785863647524 533780 521160 12620 0
1785863647555 533260 520636 12624 0
1785863647585 530924 518304 12620 0
1785863647615 528420 515796 12624 0
1785863647644 528420 515796 12624 0
1785863647674 473632 465356 8276 0
1785863647703 527948 515324 12624 0
1785863647732 522700 510076 12624 0
1785863647761 527036 514412 12624 0
1785863647792 528068 515444 12624 0
1785863647822 528068 515444 12624 0
1785863647851 528068 515444 12624 0
1785863647880 528068 515444 12624 0
1785863647908 528068 515444 12624 0
1785863647937 528068 515444 12624 0
1785863647964 528068 515444 12624 0
1785863647993 528068 515444 12624 0
1785863648021 528068 515444 12624 0
1785863648049 528068 515444 12624 0
1785863648078 528068 515444 12624 0
1785863648105 528584 515960 12624 0
1785863648139 536132 523508 12624 0
1785863648170 536132 523508 12624 0
1785863648200 536140 523516 12624 0
1785863648231 536148 523524 12624 0
1785863648261 536176 523552 12624 0
1785863648292 536180 523556 12624 0
1785863648321 536180 523556 12624 0
1785863648349 536180 523556 12624 0
1785863648377 536180 523556 12624 0
1785863648406 536180 523556 12624 0
1785863648433 536180 523556 12624 0
1785863648462 74464 68872 5592 0
1785863648485 536332 523708 12624 0
1785863648516 536336 523712 12624 0
1785863648546 534156 521536 12620 0
1785863648577 542644 530020 12624 0
1785863648608 542644 530020 12624 0
1785863648636 542644 530020 12624 0
1785863648663 542644 530020 12624 0
1785863648692 542644 530020 12624 0
1785863648722 542644 530020 12624 0
1785863648753 540308 527688 12620 0
1785863648784 554932 542308 12624 0
1785863648815 554932 542308 12624 0
1785863648844 554932 542308 12624 0
1785863648871 554932 542308 12624 0
1785863648900 554932 542308 12624 0
1785863648928 554932 542308 12624 0
1785863648956 554932 542308 12624 0
1785863648986 577972 565348 12624 0
1785863649019 577972 565348 12624 0
1785863649049 577972 565348 12624 0
1785863649081 577972 565348 12624 0
1785863649111 577972 565348 12624 0
1785863649140 577972 565348 12624 0
1785863649170 578036 565412 12624 0
1785863649202 638816 626196 12620 0
1785863649234 702768 690144 12624 0
1785863649264 760532 749104 11428 0
1785863649303 946432 933808 12624 0
1785863649424 946432 933808 12624 0
1785863649537 946432 933808 12624 0
1785863649566 946432 933808 12624 0
1785863649594 946432 933808 12624 0
1785863649622 946432 933808 12624 0
1785863649650 946432 933808 12624 0
1785863649679 956216 943592 12624 0
1785863649714 556596 543972 12624 0
1785863649839 556596 543972 12624 0
1785863649868 556596 543972 12624 0
1785863649896 556596 543972 12624 0
1785863649924 556596 543972 12624 0
1785863649953 556596 543972 12624 0
1785863649983 556596 543972 12624 0
1785863650013 556596 543972 12624 0
1785863650044 556596 543972 12624 0
1785863650074 556596 543972 12624 0
1785863650105 556596 543972 12624 0
1785863650134 556596 543972 12624 0
1785863650165 556596 543972 12624 0
1785863650194 556596 543972 12624 0
1785863650223 556596 543972 12624 0
1785863650250 556596 543972 12624 0
1785863650279 556596 543972 12624 0
1785863650309 556596 543972 12624 0
1785863650340 556596 543972 12624 0
1785863650371 556596 543972 12624 0
1785863650402 556596 543972 12624 0
1785863650431 556596 543972 12624 0
1785863650461 567220 554596 12624 0
1785863650492 567220 554596 12624 0
1785863650522 574900 562276 12624 0
1785863650554 601016 588392 12624 0
1785863650584 601016 588392 12624 0
1785863650615 601016 588392 12624 0
1785863650644 601016 588392 12624 0
1785863650673 600200 590664 9536 0
1785863650703 611768 599144 12624 0
1785863650735 611768 599144 12624 0
1785863650766 614840 602216 12624 0
1785863650799 614840 602216 12624 0
1785863650830 614840 602216 12624 0
1785863650861 611232 602164 9068 0
1785863650891 604720 599980 4740 0
1785863650923 682424 669800 12624 0
1785863650956 720848 708224 12624 0
1785863650988 718512 705892 12620 0
1785863651022 777152 764528 12624 0
1785863651056 778424 765800 12624 0
1785863651090 778424 765800 12624 0
1785863651123 717740 713000 4740 0
1785863651155 617272 604648 12624 0
1785863651185 617272 604648 12624 0
1785863651214 617272 604648 12624 0
1785863651243 617272 604648 12624 0
1785863651271 617272 604648 12624 0
1785863651302 617272 604648 12624 0
1785863651334 636076 623452 12624 0
1785863651366 641484 628860 12624 0
1785863651399 626300 617108 9192 0
1785863651431 724424 711800 12624 0
1785863651463 770120 757496 12624 0
1785863651500 779960 767336 12624 0
1785863651535 616888 604264 12624 0
1785863651565 616888 604264 12624 0
1785863651596 616888 604264 12624 0
1785863651628 616888 604264 12624 0
1785863651659 616888 604264 12624 0
1785863651692 616888 604264 12624 0
1785863651723 616888 604264 12624 0
1785863651754 616888 604264 12624 0
1785863651786 616888 604264 12624 0
1785863651817 616888 604264 12624 0
1785863651848 616888 604264 12624 0
1785863651879 616888 604264 12624 0
1785863651911 616888 604264 12624 0
1785863651942 616888 604264 12624 0
1785863651973 625976 613352 12624 0
1785863652008 630584 617960 12624 0
1785863652039 628248 615628 12620 0
1785863652071 631096 618472 12624 0
1785863652103 631096 618472 12624 0
1785863652135 631096 618472 12624 0
1785863652167 631096 618472 12624 0
1785863652197 631096 618472 12624 0
1785863652226 631096 618472 12624 0
1785863652255 631096 618472 12624 0
1785863652286 628760 616140 12620 0
1785863652317 633144 620520 12624 0
1785863652346 633144 620520 12624 0
1785863652377 633144 620520 12624 0
1785863652411 633144 620520 12624 0
1785863652442 633144 620520 12624 0
1785863652473 633144 620520 12624 0
1785863652502 633144 620520 12624 0
1785863652534 633144 620520 12624 0
1785863652564 633144 620520 12624 0
1785863652594 633144 620520 12624 0
1785863652624 633144 620520 12624 0
1785863652656 633144 620520 12624 0
1785863652689 672548 663008 9540 0
1785863652724 676152 663528 12624 0
1785863652756 676152 663528 12624 0
1785863652788 676152 663528 12624 0
1785863652820 676152 663528 12624 0
1785863652850 676152 663528 12624 0
1785863652881 676152 663528 12624 0
1785863652912 676152 663528 12624 0
1785863652943 676152 663528 12624 0
1785863652973 676152 663528 12624 0
1785863653005 676152 663528 12624 0
1785863653036 676152 663528 12624 0
1785863653069 676152 663528 12624 0
1785863653102 676152 663528 12624 0
1785863653134 676152 663528 12624 0
1785863653165 676152 663528 12624 0
1785863653195 676152 663528 12624 0
1785863653227 676152 663528 12624 0
1785863653259 676152 663528 12624 0
1785863653292 676152 663528 12624 0
1785863653324 676152 663528 12624 0
1785863653358 676152 663528 12624 0
1785863653390 676152 663528 12624 0
1785863653419 676152 663528 12624 0
1785863653448 676152 663528 12624 0
1785863653481 676152 663528 12624 0
1785863653514 676152 663528 12624 0
1785863653547 676152 663528 12624 0
1785863653579 626104 613480 12624 0
1785863653611 626104 613480 12624 0
1785863653643 626104 613480 12624 0
1785863653676 626104 613480 12624 0
1785863653707 626104 613480 12624 0
1785863653737 626104 613480 12624 0
1785863653768 626104 613480 12624 0
1785863653799 626104 613480 12624 0
1785863653830 626104 613480 12624 0
1785863653861 626104 613480 12624 0
1785863653892 626104 613480 12624 0
1785863653925 626104 613480 12624 0
1785863653957 626104 613480 12624 0
1785863653989 626104 613480 12624 0
1785863654020 623768 611148 12620 0
1785863654052 632120 619496 12624 0
1785863654083 632120 619496 12624 0
1785863654112 632120 619496 12624 0
1785863654140 632120 619496 12624 0
1785863654170 632120 619496 12624 0
1785863654201 642872 630248 12624 0
1785863654232 642872 630248 12624 0
1785863654263 642872 630248 12624 0
1785863654294 640536 627916 12620 0
1785863654326 642584 629964 12620 0
1785863654356 644632 632012 12620 0
1785863654386 649016 636392 12624 0
1785863654415 649016 636392 12624 0
1785863654447 649016 636392 12624 0
1785863654480 649016 636392 12624 0
1785863654513 649016 636392 12624 0
1785863654545 649016 636392 12624 0
1785863654577 649016 636392 12624 0
1785863654609 649016 636392 12624 0
1785863654640 649016 636392 12624 0
1785863654672 649016 636392 12624 0
1785863654704 650412 645672 4740 0
1785863654737 665400 652776 12624 0
1785863654768 665400 652776 12624 0
1785863654799 665400 652776 12624 0
1785863654830 665400 652776 12624 0
1785863654862 665400 652776 12624 0
1785863654894 665400 652776 12624 0
1785863654925 665400 652776 12624 0
1785863654956 665400 652776 12624 0
1785863654988 665400 652776 12624 0
1785863655020 665400 652776 12624 0
1785863655053 665400 652776 12624 0
1785863655084 665400 652776 12624 0
1785863655117 665400 652776 12624 0
1785863655148 665400 652776 12624 0
1785863655179 665400 652776 12624 0
1785863655212 665400 652776 12624 0
1785863655244 665400 652776 12624 0
1785863655275 665400 652776 12624 0
1785863655306 665400 652776 12624 0
1785863655338 665400 652776 12624 0
1785863655370 665400 652776 12624 0
1785863655403 665400 652776 12624 0
1785863655435 665400 652776 12624 0
1785863655467 665400 652776 12624 0
1785863655501 663064 650444 12620 0
1785863655533 626104 613480 12624 0
1785863655564 626104 613480 12624 0
1785863655594 626104 613480 12624 0
1785863655626 626104 613480 12624 0
1785863655658 626104 613480 12624 0
1785863655689 626104 613480 12624 0
1785863655719 626104 613480 12624 0
1785863655749 626104 613480 12624 0
1785863655779 626104 613480 12624 0
1785863655808 626104 613480 12624 0
1785863655838 626104 613480 12624 0
1785863655869 625364 612740 12624 0
1785863655901 625364 612740 12624 0
1785863655933 625364 612740 12624 0
1785863655965 624624 612000 12624 0
1785863655997 624624 612000 12624 0
1785863656029 624624 612000 12624 0
1785863656060 624624 612000 12624 0
1785863656091 624624 612000 12624 0
1785863656122 624624 612000 12624 0
1785863656153 624624 612000 12624 0
1785863656185 624624 612000 12624 0
1785863656216 622644 610020 12624 0
1785863656247 620924 608300 12624 0
1785863656279 619444 606820 12624 0
1785863656309 619444 606820 12624 0
1785863656339 619444 606820 12624 0
1785863656370 614264 601640 12624 0
1785863656400 614264 601640 12624 0
1785863656430 614264 601640 12624 0
1785863656461 614264 601640 12624 0
1785863656491 614264 601640 12624 0
1785863656521 614264 601640 12624 0
1785863656551 614264 601640 12624 0
1785863656581 614264 601640 12624 0
1785863656612 614264 601640 12624 0
1785863656642 614264 601640 12624 0
1785863656672 614264 601640 12624 0
1785863656702 614264 601640 12624 0
1785863656731 614264 601640 12624 0
1785863656760 614264 601640 12624 0
1785863656790 614264 601640 12624 0
1785863656819 614264 601640 12624 0
1785863656849 614264 601640 12624 0
1785863656879 614264 601640 12624 0
1785863656909 614264 601640 12624 0
1785863656939 614264 601640 12624 0
1785863656969 614264 601640 12624 0
1785863657000 614264 601640 12624 0
1785863657029 614264 601640 12624 0
1785863657058 614264 601640 12624 0
1785863657087 613524 600900 12624 0
1785863657117 612784 600160 12624 0
1785863657146 612044 599420 12624 0
1785863657176 612044 599420 12624 0
1785863657205 611232 598608 12624 0
1785863657236 611232 598608 12624 0
1785863657266 611232 598608 12624 0
1785863657296 611232 598608 12624 0
1785863657327 611232 598608 12624 0
1785863657358 611232 598608 12624 0
1785863657388 611232 598608 12624 0
1785863657418 611232 598608 12624 0
1785863657447 611232 598608 12624 0
1785863657476 608156 598608 9548 0
1785863657506 607316 594692 12624 0
1785863657537 592416 587676 4740 0
1785863657567 504700 492076 12624 0
1785863657595 504700 492076 12624 0
1785863657622 504700 492076 12624 0
1785863657648 504700 492076 12624 0
1785863657673 504700 492076 12624 0
1785863657697 504700 492076 12624 0
1785863657721 504700 492076 12624 0
1785863657747 504700 492076 12624 0
1785863657775 504700 492076 12624 0
1785863657806 504700 492076 12624 0
1785863657836 504700 492076 12624 0
1785863657867 504700 492076 12624 0
1785863657897 504700 492076 12624 0
1785863657928 504700 492076 12624 0
1785863657958 504700 492076 12624 0
1785863657988 504700 492076 12624 0
1785863658019 504700 492076 12624 0
1785863658049 504700 492076 12624 0
1785863658080 504700 492076 12624 0
1785863658110 504700 492076 12624 0
1785863658140 504700 492076 12624 0
1785863658171 504700 492076 12624 0
1785863658201 504700 492076 12624 0
1785863658231 504700 492076 12624 0
1785863658262 504700 492076 12624 0
1785863658292 504700 492076 12624 0
1785863658322 504700 492076 12624 0
1785863658352 504700 492076 12624 0
1785863658383 504700 492076 12624 0
1785863658413 504700 492076 12624 0
1785863658445 504700 492076 12624 0
1785863658486 504700 492076 12624 0
1785863658515 504700 492076 12624 0
1785863658545 504700 492076 12624 0
1785863658576 504700 492076 12624 0
1785863658606 504700 492076 12624 0
1785863658636 504700 492076 12624 0
1785863658667 504700 492076 12624 0
1785863658697 504700 492076 12624 0
1785863658727 504700 492076 12624 0
1785863658757 504700 492076 12624 0
1785863658787 504700 492076 12624 0
1785863658817 504700 492076 12624 0
1785863658847 504700 492076 12624 0
1785863658878 504700 492076 12624 0
1785863658908 504700 492076 12624 0
1785863658938 504700 492076 12624 0
1785863658968 504700 492076 12624 0
1785863658998 504700 492076 12624 0
1785863659028 504700 492076 12624 0
1785863659058 504700 492076 12624 0
1785863659089 504700 492076 12624 0
1785863659119 504700 492076 12624 0
1785863659150 504700 492076 12624 0
1785863659180 504700 492076 12624 0
1785863659210 504700 492076 12624 0
1785863659241 504700 492076 12624 0
1785863659273 504700 492076 12624 0
1785863659303 504700 492076 12624 0
1785863659334 504700 492076 12624 0
1785863659364 504700 492076 12624 0
1785863659394 504700 492076 12624 0
1785863659424 504700 492076 12624 0
1785863659455 504700 492076 12624 0
1785863659485 504700 492076 12624 0
1785863659515 504700 492076 12624 0
1785863659546 504700 492076 12624 0
1785863659577 504700 492076 12624 0
1785863659608 504700 492076 12624 0
1785863659638 504700 492076 12624 0
1785863659672 504700 492076 12624 0
1785863659703 504700 492076 12624 0
1785863659734 504700 492076 12624 0
1785863659766 504700 492076 12624 0
1785863659795 504700 492076 12624 0
1785863659822 512836 500212 12624 0
1785863659853 512836 500212 12624 0
1785863659880 512836 500212 12624 0
1785863659906 512836 500212 12624 0
1785863659932 513332 500708 12624 0
1785863659959 513332 500708 12624 0
1785863659990 514340 501716 12624 0
1785863660020 514836 502212 12624 0
1785863660050 519892 507268 12624 0
1785863660081 520884 508260 12624 0
1785863660110 520884 508260 12624 0
1785863660141 520892 508268 12624 0
1785863660171 520412 507788 12624 0
1785863660200 518076 505456 12620 0
1785863660229 516652 504032 12620 0
1785863660259 515076 502452 12624 0
1785863660288 514580 501956 12624 0
1785863660318 68600 63008 5592 0
1785863660341 504804 492180 12624 0
1785863660370 504908 492284 12624 0
1785863660399 504908 492284 12624 0
1785863660427 506784 494160 12624 0
1785863660458 513108 500484 12624 0
1785863660488 514164 501540 12624 0
1785863660517 514164 501540 12624 0
1785863660545 514164 501540 12624 0
1785863660574 514164 501540 12624 0
1785863660602 514164 501540 12624 0
1785863660629 516344 503720 12624 0
1785863660659 518088 505464 12624 0
1785863660689 520272 507648 12624 0
1785863660721 521196 508572 12624 0
1785863660751 521196 508572 12624 0
1785863660781 521200 508576 12624 0
1785863660810 521204 508580 12624 0
1785863660841 521204 508580 12624 0
1785863660870 521476 508852 12624 0
1785863660901 522756 510132 12624 0
1785863660932 524548 511924 12624 0
1785863660967 525572 512948 12624 0
1785863660999 525828 513204 12624 0
1785863661029 525828 513204 12624 0
1785863661060 529412 516788 12624 0
1785863661092 529412 516788 12624 0
1785863661121 529412 516788 12624 0
1785863661151 529412 516788 12624 0
1785863661181 529412 516788 12624 0
1785863661211 529412 516788 12624 0
1785863661242 529412 516788 12624 0
1785863661274 529412 516788 12624 0
1785863661306 529412 516788 12624 0
1785863661338 580632 568008 12624 0
1785863661369 556036 543412 12624 0
1785863661401 567780 555156 12624 0
1785863661433 567780 555156 12624 0
1785863661466 567784 555160 12624 0
1785863661497 566308 553684 12624 0
1785863661530 567360 554736 12624 0
1785863661573 566620 553996 12624 0
1785863661605 566620 553996 12624 0
1785863661638 566620 553996 12624 0
1785863661670 565144 552520 12624 0
1785863661701 563672 551048 12624 0
1785863661732 563672 551048 12624 0
1785863661763 562936 550312 12624 0
1785863661794 553968 541348 12620 0
1785863661824 555492 542868 12624 0
1785863661854 553964 541340 12624 0
1785863661882 551628 539008 12620 0
1785863661912 545604 532980 12624 0
1785863661941 545604 532980 12624 0
1785863661970 545604 532980 12624 0
1785863661999 545604 532980 12624 0
1785863662029 553740 541116 12624 0
1785863662058 553740 541116 12624 0
1785863662086 553740 541116 12624 0
1785863662112 553740 541116 12624 0
1785863662139 554748 542124 12624 0
1785863662169 561788 549164 12624 0
1785863662201 561788 549164 12624 0
1785863662231 561792 549168 12624 0
1785863662263 561796 549172 12624 0
1785863662292 561844 549220 12624 0
1785863662322 561852 549228 12624 0
1785863662352 560412 547792 12620 0
1785863662381 565536 552912 12624 0
1785863662410 582248 569624 12624 0
1785863662444 571400 566660 4740 0
1785863662479 554444 549704 4740 0
1785863662523 581052 568432 12620 0
1785863662555 584980 572356 12624 0
1785863662586 584980 572356 12624 0
1785863662617 587800 575176 12624 0
1785863662652 589556 576932 12624 0
1785863662684 594088 581464 12624 0
1785863662716 594088 581464 12624 0
1785863662746 594088 581464 12624 0
1785863662777 591944 579320 12624 0
1785863662808 589800 577176 12624 0
1785863662839 587152 574528 12624 0
1785863662870 587152 574528 12624 0
1785863662901 587152 574528 12624 0
1785863662931 586596 573972 12624 0
1785863662960 586596 573972 12624 0
1785863662989 586596 573972 12624 0
1785863663017 586596 573972 12624 0
1785863663048 582568 569948 12620 0
1785863663079 580192 567568 12624 0
1785863663111 580192 567568 12624 0
1785863663140 572228 567488 4740 0
1785863663172 584856 572236 12620 0
1785863663216 587856 575232 12624 0
1785863663247 588496 575872 12624 0
1785863663277 588496 575872 12624 0
1785863663306 588496 575872 12624 0
1785863663336 588496 575872 12624 0
1785863663365 588816 576192 12624 0
1785863663396 593616 580992 12624 0
1785863663428 593616 580992 12624 0
1785863663459 593616 580992 12624 0
1785863663491 593120 580496 12624 0
1785863663522 593120 580496 12624 0
1785863663551 593120 580496 12624 0
1785863663580 593120 580496 12624 0
1785863663608 593120 580496 12624 0
1785863663637 592624 580000 12624 0
1785863663669 592128 579504 12624 0
1785863663701 589648 577024 12624 0
1785863663732 577144 564520 12624 0
1785863663762 577144 564520 12624 0
1785863663790 577144 564520 12624 0
1785863663820 577144 564520 12624 0
1785863663851 577144 564520 12624 0
1785863663882 577144 564520 12624 0
1785863663911 577144 564520 12624 0
1785863663939 577144 564520 12624 0
1785863663968 577144 564520 12624 0
1785863663995 577144 564520 12624 0
1785863664024 577144 564520 12624 0
1785863664052 577144 564520 12624 0
1785863664079 577144 564520 12624 0
1785863664107 577144 564520 12624 0
1785863664135 577144 564520 12624 0
1785863664163 577144 564520 12624 0
1785863664191 577144 564520 12624 0
1785863664219 577144 564520 12624 0
1785863664246 577144 564520 12624 0
1785863664275 577144 564520 12624 0
1785863664306 577144 564520 12624 0
1785863664337 577144 564520 12624 0
1785863664369 577144 564520 12624 0
1785863664400 577144 564520 12624 0
1785863664431 577144 564520 12624 0
1785863664462 577144 564520 12624 0
1785863664493 577144 564520 12624 0
1785863664525 577144 564520 12624 0
1785863664556 577144 564520 12624 0
1785863664587 577144 564520 12624 0
1785863664619 577144 564520 12624 0
1785863664650 577144 564520 12624 0
1785863664681 577144 564520 12624 0
1785863664712 577144 564520 12624 0
1785863664744 577144 564520 12624 0
1785863664775 577144 564520 12624 0
1785863664806 577144 564520 12624 0
1785863664837 577144 564520 12624 0
1785863664869 577144 564520 12624 0
1785863664901 577144 564520 12624 0
1785863664932 577144 564520 12624 0
1785863664964 577144 564520 12624 0
1785863664996 577144 564520 12624 0
1785863665026 577144 564520 12624 0
1785863665053 577144 564520 12624 0
1785863665081 577144 564520 12624 0
1785863665110 577144 564520 12624 0
1785863665139 577144 564520 12624 0
1785863665167 577144 564520 12624 0
1785863665195 577144 564520 12624 0
1785863665223 577144 564520 12624 0
1785863665250 577144 564520 12624 0
1785863665277 577144 564520 12624 0
1785863665305 577144 564520 12624 0
1785863665334 577144 564520 12624 0
1785863665363 577144 564520 12624 0
1785863665395 577144 564520 12624 0
1785863665426 577144 564520 12624 0
1785863665457 577144 564520 12624 0
1785863665489 577144 564520 12624 0
1785863665520 577144 564520 12624 0
1785863665552 577144 564520 12624 0
1785863665583 577144 564520 12624 0
1785863665614 577144 564520 12624 0
1785863665645 577144 564520 12624 0
1785863665676 577144 564520 12624 0
1785863665708 577144 564520 12624 0
1785863665739 577144 564520 12624 0
1785863665770 577144 564520 12624 0
1785863665801 577144 564520 12624 0
1785863665832 577144 564520 12624 0
1785863665863 577144 564520 12624 0
1785863665895 577144 564520 12624 0
1785863665926 577144 564520 12624 0
1785863665958 577144 564520 12624 0
1785863665989 577144 564520 12624 0
1785863666020 577144 564520 12624 0
1785863666051 577144 564520 12624 0
1785863666081 577144 564520 12624 0
1785863666107 577144 564520 12624 0
1785863666137 577144 564520 12624 0
1785863666167 577144 564520 12624 0
1785863666197 577144 564520 12624 0
1785863666227 577144 564520 12624 0
1785863666257 577144 564520 12624 0
1785863666287 577144 564520 12624 0
1785863666318 577144 564520 12624 0
1785863666348 577144 564520 12624 0
1785863666378 577144 564520 12624 0
1785863666410 577144 564520 12624 0
1785863666442 577144 564520 12624 0
1785863666473 577144 564520 12624 0
1785863666504 577144 564520 12624 0
1785863666536 577144 564520 12624 0
1785863666567 577144 564520 12624 0
1785863666598 577144 564520 12624 0
1785863666630 577144 564520 12624 0
1785863666664 577144 564520 12624 0
1785863666695 577144 564520 12624 0
1785863666727 577144 564520 12624 0
1785863666758 577144 564520 12624 0
1785863666789 577144 564520 12624 0
1785863666821 577144 564520 12624 0
1785863666852 577144 564520 12624 0
1785863666882 577144 564520 12624 0
1785863666913 577144 564520 12624 0
1785863666944 577144 564520 12624 0
1785863666975 577144 564520 12624 0
1785863667006 577144 564520 12624 0
1785863667036 577144 564520 12624 0
1785863667067 577144 564520 12624 0
1785863667096 577144 564520 12624 0
1785863667122 577144 564520 12624 0
1785863667150 577144 564520 12624 0
1785863667181 577144 564520 12624 0
1785863667213 577144 564520 12624 0
1785863667245 577144 564520 12624 0
1785863667278 577144 564520 12624 0
1785863667310 577144 564520 12624 0
1785863667342 577144 564520 12624 0
1785863667375 577144 564520 12624 0
1785863667407 577144 564520 12624 0
1785863667439 577144 564520 12624 0
1785863667472 577144 564520 12624 0
1785863667504 577144 564520 12624 0
1785863667537 577144 564520 12624 0
1785863667568 577144 564520 12624 0
1785863667599 577144 564520 12624 0
1785863667632 577144 564520 12624 0
1785863667664 577144 564520 12624 0
1785863667697 577144 564520 12624 0
1785863667729 577144 564520 12624 0
1785863667762 577144 564520 12624 0
1785863667794 577144 564520 12624 0
1785863667826 577144 564520 12624 0
1785863667859 577144 564520 12624 0
1785863667891 577144 564520 12624 0
1785863667924 577144 564520 12624 0
1785863667956 577144 564520 12624 0
1785863667989 577144 564520 12624 0
1785863668020 577144 564520 12624 0
1785863668050 577144 564520 12624 0
1785863668081 577144 564520 12624 0
1785863668112 577144 564520 12624 0
1785863668144 577144 564520 12624 0
1785863668175 577144 564520 12624 0
1785863668207 577144 564520 12624 0
1785863668240 577144 564520 12624 0
1785863668272 577144 564520 12624 0
1785863668305 577144 564520 12624 0
1785863668338 577144 564520 12624 0
1785863668371 577144 564520 12624 0
1785863668403 577144 564520 12624 0
1785863668436 577144 564520 12624 0
1785863668467 577144 564520 12624 0
1785863668499 577144 564520 12624 0
1785863668531 577144 564520 12624 0
1785863668564 577144 564520 12624 0
1785863668597 577144 564520 12624 0
1785863668630 577144 564520 12624 0
1785863668663 577144 564520 12624 0
1785863668696 577144 564520 12624 0
1785863668730 577144 564520 12624 0
1785863668763 577144 564520 12624 0
1785863668796 577144 564520 12624 0
1785863668830 577144 564520 12624 0
1785863668862 577144 564520 12624 0
1785863668893 577144 564520 12624 0
1785863668922 577144 564520 12624 0
1785863668954 577144 564520 12624 0
1785863668987 577144 564520 12624 0
1785863669019 577144 564520 12624 0
1785863669051 577144 564520 12624 0
1785863669084 577144 564520 12624 0
1785863669117 577144 564520 12624 0
1785863669150 577144 564520 12624 0
1785863669184 577144 564520 12624 0
1785863669217 577144 564520 12624 0
1785863669251 577144 564520 12624 0
1785863669284 577144 564520 12624 0
1785863669317 577144 564520 12624 0
1785863669350 577144 564520 12624 0
1785863669381 577144 564520 12624 0
1785863669411 577144 564520 12624 0
1785863669442 577144 564520 12624 0
1785863669472 577144 564520 12624 0
1785863669504 577144 564520 12624 0
1785863669536 577144 564520 12624 0
1785863669567 577144 564520 12624 0
1785863669599 577144 564520 12624 0
1785863669631 577144 564520 12624 0
1785863669664 577144 564520 12624 0
1785863669697 577144 564520 12624 0
1785863669730 577144 564520 12624 0
1785863669762 577144 564520 12624 0
1785863669796 577144 564520 12624 0
1785863669827 577144 564520 12624 0
1785863669859 577144 564520 12624 0
1785863669892 577144 564520 12624 0
1785863669925 577144 564520 12624 0
1785863669958 577144 564520 12624 0
1785863669991 577144 564520 12624 0
1785863670025 577144 564520 12624 0
1785863670058 577144 564520 12624 0
1785863670092 577144 564520 12624 0
1785863670125 577144 564520 12624 0
1785863670159 577144 564520 12624 0
1785863670191 577144 564520 12624 0
1785863670223 577144 564520 12624 0
1785863670254 577144 564520 12624 0
1785863670285 577144 564520 12624 0
1785863670318 577144 564520 12624 0
1785863670350 577144 564520 12624 0
1785863670383 577144 564520 12624 0
1785863670417 577144 564520 12624 0
1785863670450 577144 564520 12624 0
1785863670484 577144 564520 12624 0
1785863670517 577144 564520 12624 0
1785863670551 577144 564520 12624 0
1785863670584 577144 564520 12624 0
1785863670617 577144 564520 12624 0
1785863670650 577144 564520 12624 0
1785863670682 577144 564520 12624 0
1785863670712 577144 564520 12624 0
1785863670744 577144 564520 12624 0
1785863670775 577144 564520 12624 0
1785863670807 577144 564520 12624 0
1785863670839 577144 564520 12624 0
1785863670872 577144 564520 12624 0
1785863670905 577144 564520 12624 0
1785863670937 577144 564520 12624 0
1785863670970 577144 564520 12624 0
1785863671003 577144 564520 12624 0
1785863671036 577144 564520 12624 0
1785863671068 577144 564520 12624 0
1785863671099 577144 564520 12624 0
1785863671130 577144 564520 12624 0
1785863671159 577144 564520 12624 0
1785863671188 521428 513452 7976 0
1785863671220 585168 572544 12624 0
1785863671254 585168 572544 12624 0
1785863671283 585168 572544 12624 0
1785863671312 585168 572544 12624 0
1785863671343 585168 572544 12624 0
1785863671373 585168 572544 12624 0
1785863671402 585168 572544 12624 0
1785863671430 585168 572544 12624 0
1785863671460 585168 572544 12624 0
1785863671489 585168 572544 12624 0
1785863671519 585168 572544 12624 0
1785863671546 585168 572544 12624 0
1785863671572 585168 572544 12624 0
1785863671598 585168 572544 12624 0
1785863671625 590288 577664 12624 0
1785863671656 590800 578176 12624 0
1785863671688 591312 578688 12624 0
1785863671718 592336 579712 12624 0
1785863671748 593360 580736 12624 0
1785863671779 593360 580736 12624 0
1785863671809 593360 580736 12624 0
1785863671840 593360 580736 12624 0
1785863671871 593360 580736 12624 0
1785863671902 593360 580736 12624 0
1785863671932 593360 580736 12624 0
1785863671962 593360 580736 12624 0
1785863671993 593360 580736 12624 0
1785863672024 593360 580736 12624 0
1785863672054 593360 580736 12624 0
1785863672083 591024 578404 12620 0
1785863672112 593368 580744 12624 0
1785863672143 593368 580744 12624 0
1785863672174 590720 578096 12624 0
1785863672206 589088 576464 12624 0
1785863672237 585616 572992 12624 0
1785863672267 585616 572992 12624 0
1785863672295 585616 572992 12624 0
1785863672322 585616 572992 12624 0
1785863672351 585616 572992 12624 0
1785863672381 582784 570164 12620 0
1785863672412 582816 570196 12620 0
1785863672442 585168 572544 12624 0
1785863672472 585248 572624 12624 0
1785863672501 578056 565432 12624 0
1785863672531 585312 572688 12624 0
1785863672561 585312 572688 12624 0
1785863672591 585312 572688 12624 0
1785863672620 585312 572688 12624 0
1785863672648 593360 580736 12624 0
1785863672682 591024 578404 12620 0
1785863672713 593376 580752 12624 0
1785863672744 591064 578444 12620 0
1785863672778 593616 580992 12624 0
1785863672808 593616 580992 12624 0
1785863672840 593616 580992 12624 0
1785863672871 593616 580992 12624 0
1785863672899 593616 580992 12624 0
1785863672926 593616 580992 12624 0
1785863672956 593616 580992 12624 0
1785863672986 593616 580992 12624 0
1785863673016 593616 580992 12624 0
1785863673046 593616 580992 12624 0
1785863673073 593616 580992 12624 0
1785863673103 593616 580992 12624 0
1785863673130 593616 580992 12624 0
1785863673157 594536 581912 12624 0
1785863673189 594560 581936 12624 0
1785863673220 594560 581936 12624 0
1785863673251 594560 581936 12624 0
1785863673283 594560 581936 12624 0
1785863673314 594560 581936 12624 0
1785863673345 594560 581936 12624 0
1785863673377 594064 581440 12624 0
1785863673407 594064 581440 12624 0
1785863673437 592080 579456 12624 0
1785863673466 592080 579456 12624 0
1785863673494 592080 579456 12624 0
1785863673523 592080 579456 12624 0
1785863673550 592080 579456 12624 0
1785863673579 592080 579456 12624 0
1785863673610 592080 579456 12624 0
1785863673640 592108 579484 12624 0
1785863673671 586652 574028 12624 0
1785863673701 586652 574028 12624 0
1785863673730 586652 574028 12624 0
1785863673760 586652 574028 12624 0
1785863673791 586652 574028 12624 0
1785863673821 586652 574028 12624 0
1785863673851 586156 573532 12624 0
1785863673881 11576 3692 7884 0
1785863673903 586284 573660 12624 0
1785863673934 586284 573660 12624 0
1785863673965 586284 573660 12624 0
1785863673995 586284 573660 12624 0
1785863674024 586284 573660 12624 0
1785863674053 586284 573660 12624 0
1785863674082 593340 580716 12624 0
1785863674114 593836 581212 12624 0
1785863674146 594396 581772 12624 0
1785863674178 594396 581772 12624 0
1785863674208 594396 581772 12624 0
1785863674238 594396 581772 12624 0
1785863674267 594396 581772 12624 0
1785863674296 594400 581776 12624 0
1785863674326 592188 579568 12620 0
1785863674357 592212 579592 12620 0
1785863674399 595476 582852 12624 0
1785863674430 596412 583788 12624 0
1785863674461 596828 584204 12624 0
1785863674491 596828 584204 12624 0
1785863674521 596828 584204 12624 0
1785863674552 596828 584204 12624 0
1785863674584 596828 584204 12624 0
1785863674615 596828 584204 12624 0
1785863674646 596828 584204 12624 0
1785863674678 596828 584204 12624 0
1785863674709 596828 584204 12624 0
1785863674741 596828 584204 12624 0
1785863674772 596828 584204 12624 0
1785863674803 596828 584204 12624 0
1785863674834 596828 584204 12624 0
1785863674865 596828 584204 12624 0
1785863674896 596828 584204 12624 0
1785863674931 596828 584204 12624 0
1785863674962 596828 584204 12624 0
1785863674994 596832 584208 12624 0
1785863675027 596832 584208 12624 0
1785863675065 596832 584208 12624 0
1785863675095 596832 584208 12624 0
1785863675123 596832 584208 12624 0
1785863675151 596832 584208 12624 0
1785863675178 596832 584208 12624 0
1785863675207 596832 584208 12624 0
1785863675234 596832 584208 12624 0
1785863675264 596832 584208 12624 0
1785863675294 596832 584208 12624 0
1785863675325 596832 584208 12624 0
1785863675356 596832 584208 12624 0
1785863675387 596832 584208 12624 0
1785863675419 596832 584208 12624 0
1785863675449 596832 584208 12624 0
1785863675480 596832 584208 12624 0
1785863675512 596832 584208 12624 0
1785863675543 596832 584208 12624 0
1785863675574 596832 584208 12624 0
1785863675604 596832 584208 12624 0
1785863675636 596832 584208 12624 0
1785863675667 596832 584208 12624 0
1785863675698 596832 584208 12624 0
1785863675728 596832 584208 12624 0
1785863675759 596832 584208 12624 0
1785863675791 596832 584208 12624 0
1785863675822 596832 584208 12624 0
1785863675852 596832 584208 12624 0
1785863675884 596832 584208 12624 0
1785863675915 596832 584208 12624 0
1785863675947 596832 584208 12624 0
1785863675978 596832 584208 12624 0
1785863676007 596832 584208 12624 0
1785863676037 596832 584208 12624 0
1785863676068 596832 584208 12624 0
1785863676099 596832 584208 12624 0
1785863676130 596832 584208 12624 0
1785863676161 596832 584208 12624 0
1785863676192 596832 584208 12624 0
1785863676224 596832 584208 12624 0
1785863676254 596832 584208 12624 0
1785863676286 596832 584208 12624 0
1785863676317 596832 584208 12624 0
1785863676349 596832 584208 12624 0
1785863676380 599632 587008 12624 0
1785863676413 599632 587008 12624 0
1785863676444 600032 587408 12624 0
1785863676476 600032 587408 12624 0
1785863676508 600032 587408 12624 0
1785863676539 600032 587408 12624 0
1785863676570 600032 587408 12624 0
1785863676602 600032 587408 12624 0
1785863676633 600032 587408 12624 0
1785863676665 600032 587408 12624 0
1785863676696 600392 587768 12624 0
1785863676728 600932 588308 12624 0
1785863676761 601112 588488 12624 0
1785863676793 601112 588488 12624 0
1785863676825 601472 588848 12624 0
1785863676857 602732 590108 12624 0
1785863676890 602912 590288 12624 0
1785863676921 602912 590288 12624 0
1785863676952 602912 590288 12624 0
1785863676983 602912 590288 12624 0
1785863677014 602912 590288 12624 0
1785863677046 602912 590288 12624 0
1785863677078 602912 590288 12624 0
1785863677110 602912 590288 12624 0
1785863677142 602912 590288 12624 0
1785863677172 602912 590288 12624 0
1785863677204 602912 590288 12624 0
1785863677236 602912 590288 12624 0
1785863677267 602912 590288 12624 0
1785863677298 602912 590288 12624 0
1785863677329 602912 590288 12624 0
1785863677360 602912 590288 12624 0
1785863677388 602912 590288 12624 0
1785863677420 602912 590288 12624 0
1785863677452 602912 590288 12624 0
1785863677483 602912 590288 12624 0
1785863677513 602912 590288 12624 0
1785863677544 602912 590288 12624 0
1785863677572 602912 590288 12624 0
1785863677602 602912 590288 12624 0
1785863677633 602912 590288 12624 0
1785863677665 602912 590288 12624 0
1785863677696 602912 590288 12624 0
1785863677728 602912 590288 12624 0
1785863677758 602912 590288 12624 0
1785863677790 602912 590288 12624 0
1785863677822 602912 590288 12624 0
1785863677850 602912 590288 12624 0
1785863677882 602912 590288 12624 0
1785863677913 602912 590288 12624 0
1785863677947 602912 590288 12624 0
1785863677979 602912 590288 12624 0
1785863678010 602912 590288 12624 0
1785863678041 602912 590288 12624 0
1785863678073 602912 590288 12624 0
1785863678103 602912 590288 12624 0
1785863678134 602912 590288 12624 0
1785863678166 602912 590288 12624 0
1785863678199 602912 590288 12624 0
1785863678230 602912 590288 12624 0
1785863678261 602912 590288 12624 0
1785863678290 602912 590288 12624 0
1785863678323 602912 590288 12624 0
1785863678353 602912 590288 12624 0
1785863678384 602912 590288 12624 0
1785863678415 602912 590288 12624 0
1785863678448 602912 590288 12624 0
1785863678479 602912 590288 12624 0
1785863678511 609056 596432 12624 0
1785863678545 609056 596432 12624 0
1785863678576 609056 596432 12624 0
1785863678609 609056 596432 12624 0
1785863678641 625336 612712 12624 0
1785863678674 706248 693624 12624 0
1785863678707 709700 697076 12624 0
1785863678743 709700 697076 12624 0
1785863678777 709700 697076 12624 0
1785863678809 709700 697076 12624 0
1785863678840 709700 697076 12624 0
1785863678873 709700 697076 12624 0
1785863678906 709700 697076 12624 0
1785863678937 709700 697076 12624 0
1785863678969 709700 697076 12624 0
1785863679000 709700 697076 12624 0
1785863679032 709700 697076 12624 0
1785863679065 709700 697076 12624 0
1785863679098 709700 697076 12624 0
1785863679130 709700 697076 12624 0
1785863679162 709700 697076 12624 0
1785863679193 709700 697076 12624 0
1785863679224 709700 697076 12624 0
1785863679257 709700 697076 12624 0
1785863679289 709700 697076 12624 0
1785863679321 709700 697076 12624 0
1785863679356 709700 697076 12624 0
1785863679388 709700 697076 12624 0
1785863679420 709700 697076 12624 0
1785863679451 709700 697076 12624 0
1785863679484 709700 697076 12624 0
1785863679516 709700 697076 12624 0
1785863679548 709700 697076 12624 0
1785863679580 709700 697076 12624 0
1785863679612 709704 697080 12624 0
1785863679645 709704 697080 12624 0
1785863679677 709704 697080 12624 0
1785863679710 708964 696340 12624 0
1785863679743 708968 696344 12624 0
1785863679775 708968 696344 12624 0
1785863679808 708968 696344 12624 0
1785863679842 708968 696344 12624 0
1785863679875 708968 696344 12624 0
1785863679907 708968 696344 12624 0
1785863679940 708968 696344 12624 0
1785863679970 708968 696344 12624 0
1785863680004 708968 696344 12624 0
1785863680036 708968 696344 12624 0
1785863680067 708968 696344 12624 0
1785863680099 708968 696344 12624 0
1785863680131 708968 696344 12624 0
1785863680164 708968 696344 12624 0
1785863680196 708968 696344 12624 0
1785863680227 708968 696344 12624 0
1785863680259 707488 694864 12624 0
1785863680291 707488 694864 12624 0
1785863680324 707488 694864 12624 0
1785863680357 707488 694864 12624 0
1785863680390 707488 694864 12624 0
1785863680422 707488 694864 12624 0
1785863680454 706748 694124 12624 0
1785863680487 706748 694124 12624 0
1785863680520 706748 694124 12624 0
1785863680552 706748 694124 12624 0
1785863680583 706748 694124 12624 0
1785863680613 706748 694124 12624 0
1785863680644 706748 694124 12624 0
1785863680676 704528 691904 12624 0
1785863680708 704528 691904 12624 0
1785863680740 703788 691164 12624 0
1785863680771 703788 691164 12624 0
1785863680802 703788 691164 12624 0
1785863680834 583656 571032 12624 0
1785863680865 583156 570532 12624 0
1785863680895 583156 570532 12624 0
1785863680927 583156 570532 12624 0
1785863680958 583156 570532 12624 0
1785863680989 583156 570532 12624 0
1785863681019 583156 570532 12624 0
1785863681049 583156 570532 12624 0
1785863681081 583156 570532 12624 0
1785863681110 583156 570532 12624 0
1785863681139 583156 570532 12624 0
1785863681168 583156 570532 12624 0
1785863681197 583156 570532 12624 0
1785863681228 583156 570532 12624 0
1785863681259 583156 570532 12624 0
1785863681289 583156 570532 12624 0
1785863681318 583156 570532 12624 0
1785863681346 583156 570532 12624 0
1785863681377 583156 570532 12624 0
1785863681407 582416 569792 12624 0
1785863681437 581676 569052 12624 0
1785863681468 581676 569052 12624 0
1785863681497 581676 569052 12624 0
1785863681526 581676 569052 12624 0
1785863681557 581676 569052 12624 0
1785863681586 581676 569052 12624 0
1785863681616 581676 569052 12624 0
1785863681643 581676 569052 12624 0
1785863681670 580888 568264 12624 0
1785863681698 580888 568264 12624 0
1785863681729 578232 565932 12300 0
1785863681759 578596 565972 12624 0
1785863681789 575496 562876 12620 0
1785863681818 574012 561388 12624 0
1785863681846 570236 557612 12624 0
1785863681876 570236 557612 12624 0
1785863681906 570236 557612 12624 0
1785863681934 570236 557612 12624 0
1785863681963 570236 557612 12624 0
1785863681993 570236 557612 12624 0
1785863682025 570236 557612 12624 0
1785863682057 570236 557612 12624 0
1785863682089 570236 557612 12624 0
1785863682121 570236 557612 12624 0
1785863682153 570236 557612 12624 0
1785863682185 570236 557612 12624 0
1785863682217 570236 557612 12624 0
1785863682250 570236 557612 12624 0
1785863682282 570236 557612 12624 0
1785863682314 570236 557612 12624 0
1785863682346 570236 557612 12624 0
1785863682378 570236 557612 12624 0
1785863682410 570236 557612 12624 0
1785863682442 570236 557612 12624 0
1785863682474 570236 557612 12624 0
1785863682506 570236 557612 12624 0
1785863682539 570236 557612 12624 0
1785863682570 570236 557612 12624 0
1785863682602 570236 557612 12624 0
1785863682634 570236 557612 12624 0
1785863682666 570236 557612 12624 0
1785863682698 570236 557612 12624 0
1785863682728 570236 557612 12624 0
1785863682759 570236 557612 12624 0
1785863682790 570236 557612 12624 0
1785863682822 570236 557612 12624 0
1785863682855 570236 557612 12624 0
1785863682887 570236 557612 12624 0
1785863682919 570236 557612 12624 0
1785863682951 570236 557612 12624 0
1785863682983 570236 557612 12624 0
1785863683016 570236 557612 12624 0
1785863683048 570236 557612 12624 0
1785863683080 570236 557612 12624 0
1785863683109 570236 557612 12624 0
1785863683141 570236 557612 12624 0
1785863683174 570236 557612 12624 0
1785863683207 570236 557612 12624 0
1785863683239 570236 557612 12624 0
1785863683272 570236 557612 12624 0
1785863683305 570236 557612 12624 0
1785863683338 570236 557612 12624 0
1785863683370 570236 557612 12624 0
1785863683403 570236 557612 12624 0
1785863683436 570236 557612 12624 0
1785863683469 570236 557612 12624 0
1785863683501 570236 557612 12624 0
1785863683532 570236 557612 12624 0
1785863683564 570236 557612 12624 0
1785863683591 570236 557612 12624 0
1785863683623 570236 557612 12624 0
1785863683656 570236 557612 12624 0
1785863683689 570236 557612 12624 0
1785863683721 570236 557612 12624 0
1785863683754 570236 557612 12624 0
1785863683786 570236 557612 12624 0
1785863683819 570236 557612 12624 0
1785863683852 570236 557612 12624 0
1785863683886 570236 557612 12624 0
1785863683920 570236 557612 12624 0
1785863683953 570236 557612 12624 0
1785863683986 570236 557612 12624 0
1785863684018 570236 557612 12624 0
1785863684049 570236 557612 12624 0
1785863684082 570236 557612 12624 0
1785863684114 570236 557612 12624 0
1785863684147 570236 557612 12624 0
1785863684179 570236 557612 12624 0
1785863684213 570236 557612 12624 0
1785863684246 570236 557612 12624 0
1785863684280 570236 557612 12624 0
1785863684314 570236 557612 12624 0
1785863684347 570236 557612 12624 0
1785863684381 570236 557612 12624 0
1785863684415 570236 557612 12624 0
1785863684449 570236 557612 12624 0
1785863684480 570236 557612 12624 0
1785863684510 570236 557612 12624 0
1785863684537 570236 557612 12624 0
1785863684570 570236 557612 12624 0
1785863684602 570236 557612 12624 0
1785863684636 570236 557612 12624 0
1785863684668 570236 557612 12624 0
1785863684701 570236 557612 12624 0
1785863684734 570236 557612 12624 0
1785863684766 570236 557612 12624 0
1785863684799 570236 557612 12624 0
1785863684833 570236 557612 12624 0
1785863684866 570236 557612 12624 0
1785863684900 570236 557612 12624 0
1785863684932 570236 557612 12624 0
1785863684963 570236 557612 12624 0
1785863684993 570236 557612 12624 0
1785863685023 570236 557612 12624 0
1785863685056 570236 557612 12624 0
1785863685088 570236 557612 12624 0
1785863685122 570236 557612 12624 0
1785863685154 570236 557612 12624 0
1785863685187 570236 557612 12624 0
1785863685220 570236 557612 12624 0
1785863685252 570236 557612 12624 0
1785863685286 570236 557612 12624 0
1785863685320 570236 557612 12624 0
1785863685353 570236 557612 12624 0
1785863685387 570236 557612 12624 0
1785863685420 570236 557612 12624 0
1785863685452 570236 557612 12624 0
1785863685482 570236 557612 12624 0
1785863685515 570236 557612 12624 0
1785863685547 570236 557612 12624 0
1785863685580 570236 557612 12624 0
1785863685613 570236 557612 12624 0
1785863685646 570236 557612 12624 0
1785863685680 570236 557612 12624 0
1785863685715 570236 557612 12624 0
1785863685748 570236 557612 12624 0
1785863685782 570236 557612 12624 0
1785863685816 570236 557612 12624 0
1785863685849 570236 557612 12624 0
1785863685882 570236 557612 12624 0
1785863685913 570236 557612 12624 0
1785863685945 570236 557612 12624 0
1785863685972 570236 557612 12624 0
1785863686002 567700 555080 12620 0
1785863686033 578228 565604 12624 0
1785863686063 578228 565604 12624 0
1785863686093 578228 565604 12624 0
1785863686120 578228 565604 12624 0
1785863686149 578228 565604 12624 0
1785863686180 582324 569700 12624 0
1785863686212 586420 573796 12624 0
1785863686242 586420 573796 12624 0
1785863686273 586420 573796 12624 0
1785863686302 586420 573796 12624 0
1785863686332 581028 571484 9544 0
1785863686373 584932 572308 12624 0
1785863686410 585188 572568 12620 0
1785863686442 588788 576164 12624 0
1785863686473 588788 576164 12624 0
1785863686503 588788 576164 12624 0
1785863686533 588788 576164 12624 0
1785863686564 588788 576164 12624 0
1785863686596 588788 576164 12624 0
1785863686627 588788 576164 12624 0
1785863686659 587716 575092 12624 0
1785863686691 587180 574556 12624 0
1785863686721 585036 572412 12624 0
1785863686751 585036 572412 12624 0
1785863686782 580748 568124 12624 0
1785863686812 579100 566476 12624 0
1785863686841 578544 565920 12624 0
1785863686869 578544 565920 12624 0
1785863686898 564752 560012 4740 0
1785863686929 570236 557612 12624 0
1785863686958 570236 557612 12624 0
1785863686988 570236 557612 12624 0
1785863687019 570236 557612 12624 0
1785863687050 570236 557612 12624 0
1785863687082 570236 557612 12624 0
1785863687112 570236 557612 12624 0
1785863687144 570236 557612 12624 0
1785863687175 570236 557612 12624 0
1785863687205 570236 557612 12624 0
1785863687236 570236 557612 12624 0
1785863687267 570236 557612 12624 0
1785863687298 570236 557612 12624 0
1785863687329 570236 557612 12624 0
1785863687360 570236 557612 12624 0
1785863687392 570236 557612 12624 0
1785863687423 570236 557612 12624 0
1785863687453 570236 557612 12624 0
1785863687484 570236 557612 12624 0
1785863687513 573776 561152 12624 0
1785863687545 578372 565748 12624 0
1785863687576 578372 565748 12624 0
1785863687605 578372 565748 12624 0
1785863687636 578372 565748 12624 0
1785863687666 578372 565748 12624 0
1785863687696 578372 565748 12624 0
1785863687727 578868 566244 12624 0
1785863687758 586428 573804 12624 0
1785863687790 586428 573804 12624 0
1785863687821 585948 573324 12624 0
1785863687853 585452 572828 12624 0
1785863687884 585460 572836 12624 0
1785863687914 583988 571364 12624 0
1785863687944 582996 570372 12624 0
1785863687973 582500 569876 12624 0
1785863688003 581508 568884 12624 0
1785863688035 579232 566612 12620 0
1785863688066 575252 562628 12624 0
1785863688097 568004 555384 12620 0
1785863688128 578044 565420 12624 0
1785863688159 579020 566396 12624 0
1785863688189 579700 567076 12624 0
1785863688219 579700 567076 12624 0
1785863688249 579700 567076 12624 0
1785863688278 579700 567076 12624 0
1785863688306 580572 567948 12624 0
1785863688337 583192 570568 12624 0
1785863688368 584936 572312 12624 0
1785863688400 585396 572772 12624 0
1785863688432 585848 573224 12624 0
1785863688463 586728 574104 12624 0
1785863688494 586736 574112 12624 0
1785863688524 586736 574112 12624 0
1785863688553 587000 574376 12624 0
1785863688585 587772 575148 12624 0
1785863688617 590076 577452 12624 0
1785863688648 591100 578476 12624 0
1785863688680 591356 578732 12624 0
1785863688711 593148 580524 12624 0
1785863688743 594428 581804 12624 0
1785863688775 594940 582316 12624 0
1785863688807 594940 582316 12624 0
1785863688838 594940 582316 12624 0
1785863688870 594940 582316 12624 0
1785863688901 594940 582316 12624 0
1785863688934 594940 582316 12624 0
1785863688965 592604 579984 12620 0
1785863688997 619532 606908 12624 0
1785863689030 619552 606928 12624 0
1785863689063 619556 606932 12624 0
1785863689096 618820 606196 12624 0
1785863689144 618084 605460 12624 0
1785863689179 616616 603992 12624 0
1785863689212 615876 603252 12624 0
1785863689249 615876 603252 12624 0
1785863689282 613660 601036 12624 0
1785863689314 613660 601036 12624 0
1785863689346 587568 574944 12624 0
1785863689376 587568 574944 12624 0
1785863689408 582408 569784 12624 0
1785863689439 580172 567548 12624 0
1785863689470 577024 564404 12620 0
1785863689500 576212 563592 12620 0
1785863689531 566712 559088 7624 0
1785863689560 570236 557612 12624 0
1785863689588 570236 557612 12624 0
1785863689616 570236 557612 12624 0
1785863689644 578372 565748 12624 0
1785863689675 578372 565748 12624 0
1785863689705 578372 565748 12624 0
1785863689735 578372 565748 12624 0
1785863689763 578372 565748 12624 0
1785863689792 578372 565748 12624 0
1785863689820 578372 565748 12624 0
1785863689847 578868 566244 12624 0
1785863689876 586420 573796 12624 0
1785863689909 586420 573796 12624 0
1785863689940 586484 573860 12624 0
1785863689972 586484 573860 12624 0
1785863690002 586484 573860 12624 0
1785863690033 586484 573860 12624 0
1785863690063 586484 573860 12624 0
1785863690094 27768 19884 7884 0
1785863690116 584172 571552 12620 0
1785863690148 587508 574884 12624 0
1785863690180 577320 572580 4740 0
1785863690212 79292 70552 8740 0
1785863690234 588144 575520 12624 0
1785863690267 588152 575528 12624 0
1785863690298 588200 575576 12624 0
1785863690330 588228 575604 12624 0
1785863690361 588228 575604 12624 0
1785863690392 588228 575604 12624 0
1785863690423 588228 575604 12624 0
1785863690453 588228 575604 12624 0
1785863690484 588228 575604 12624 0
1785863690516 588228 575604 12624 0
1785863690546 587156 574532 12624 0
1785863690577 587156 574532 12624 0
1785863690609 587156 574532 12624 0
1785863690640 587156 574532 12624 0
1785863690671 580188 567564 12624 0
1785863690702 580188 567564 12624 0
1785863690730 580188 567564 12624 0
1785863690757 575580 562960 12620 0
1785863690787 572296 559676 12620 0
1785863690817 568720 556100 12620 0
1785863690847 573252 560628 12624 0
1785863690877 576180 563556 12624 0
1785863690908 576308 563684 12624 0
1785863690938 573972 561352 12620 0
1785863690969 581236 568612 12624 0
1785863691001 581556 568932 12624 0
1785863691032 581556 568932 12624 0
1785863691060 581876 569252 12624 0
1785863691089 582516 569892 12624 0
1785863691120 582516 569892 12624 0
1785863691149 583476 570852 12624 0
1785863691179 586676 574052 12624 0
1785863691212 586676 574052 12624 0
1785863691244 586676 574052 12624 0
1785863691275 586676 574052 12624 0
1785863691306 585684 573060 12624 0
1785863691337 585684 573060 12624 0
1785863691367 584196 571572 12624 0
1785863691396 584196 571572 12624 0
1785863691426 583700 571076 12624 0
1785863691457 582212 569588 12624 0
1785863691487 582212 569588 12624 0
1785863691517 582212 569588 12624 0
1785863691548 570236 557612 12624 0
1785863691578 570236 557612 12624 0
1785863691606 570236 557612 12624 0
1785863691638 570236 557612 12624 0
1785863691669 570236 557612 12624 0
1785863691701 570236 557612 12624 0
1785863691732 570236 557612 12624 0
1785863691763 570236 557612 12624 0
1785863691794 570236 557612 12624 0
1785863691825 570236 557612 12624 0
1785863691855 570236 557612 12624 0
1785863691886 570236 557612 12624 0
1785863691917 570236 557612 12624 0
1785863691949 570236 557612 12624 0
1785863691980 570236 557612 12624 0
1785863692011 570236 557612 12624 0
1785863692042 570236 557612 12624 0
1785863692072 570236 557612 12624 0
1785863692104 570236 557612 12624 0
1785863692134 570236 557612 12624 0
1785863692168 570236 557612 12624 0
1785863692199 570236 557612 12624 0
1785863692231 570236 557612 12624 0
1785863692262 570236 557612 12624 0
1785863692293 570236 557612 12624 0
1785863692325 570236 557612 12624 0
1785863692356 570236 557612 12624 0
1785863692387 570236 557612 12624 0
1785863692418 570236 557612 12624 0
1785863692449 570236 557612 12624 0
1785863692481 570236 557612 12624 0
1785863692512 570236 557612 12624 0
1785863692543 570236 557612 12624 0
1785863692574 570236 557612 12624 0
1785863692606 570236 557612 12624 0
1785863692637 570236 557612 12624 0
1785863692669 570236 557612 12624 0
1785863692701 570236 557612 12624 0
1785863692734 570236 557612 12624 0
1785863692767 570236 557612 12624 0
1785863692799 570236 557612 12624 0
1785863692831 570236 557612 12624 0
1785863692864 570236 557612 12624 0
1785863692895 570236 557612 12624 0
1785863692926 570236 557612 12624 0
1785863692955 570236 557612 12624 0
1785863692985 570236 557612 12624 0
1785863693015 570236 557612 12624 0
1785863693045 570236 557612 12624 0
1785863693074 570236 557612 12624 0
1785863693105 570236 557612 12624 0
1785863693135 570236 557612 12624 0
1785863693165 570236 557612 12624 0
1785863693195 570236 557612 12624 0
1785863693225 570236 557612 12624 0
1785863693255 570236 557612 12624 0
1785863693285 570236 557612 12624 0
1785863693316 570236 557612 12624 0
1785863693346 570236 557612 12624 0
1785863693377 570236 557612 12624 0
1785863693407 570236 557612 12624 0
1785863693437 570236 557612 12624 0
1785863693467 570236 557612 12624 0
1785863693497 570236 557612 12624 0
1785863693528 570236 557612 12624 0
1785863693557 570236 557612 12624 0
1785863693587 570236 557612 12624 0
1785863693618 570236 557612 12624 0
1785863693648 570236 557612 12624 0
1785863693678 570236 557612 12624 0
1785863693709 570236 557612 12624 0
1785863693739 570236 557612 12624 0
1785863693770 570236 557612 12624 0
1785863693800 570236 557612 12624 0
1785863693829 570236 557612 12624 0
1785863693860 570236 557612 12624 0
1785863693890 570236 557612 12624 0
1785863693920 570236 557612 12624 0
1785863693950 570236 557612 12624 0
1785863693979 570236 557612 12624 0
1785863694006 570236 557612 12624 0
1785863694031 570236 557612 12624 0
1785863694056 570236 557612 12624 0
1785863694087 570236 557612 12624 0
1785863694117 570236 557612 12624 0
1785863694147 570236 557612 12624 0
1785863694177 570236 557612 12624 0
1785863694209 570236 557612 12624 0
1785863694245 575364 562740 12624 0
1785863694276 578868 566244 12624 0
1785863694306 578868 566244 12624 0
1785863694335 578868 566244 12624 0
1785863694364 578868 566244 12624 0
1785863694392 578868 566244 12624 0
1785863694418 578868 566244 12624 0
1785863694446 578868 566244 12624 0
1785863694474 578868 566244 12624 0
1785863694501 578868 566244 12624 0
1785863694529 578868 566244 12624 0
1785863694557 578868 566244 12624 0
1785863694585 578876 566252 12624 0
1785863694615 578396 565772 12624 0
1785863694643 578396 565772 12624 0
1785863694672 578396 565772 12624 0
1785863694700 579900 567276 12624 0
1785863694730 581932 569308 12624 0
1785863694762 585948 573324 12624 0
1785863694794 585948 573324 12624 0
1785863694824 585948 573324 12624 0
1785863694855 585948 573324 12624 0
1785863694885 585948 573324 12624 0
1785863694913 585948 573324 12624 0
1785863694942 585948 573324 12624 0
1785863694972 585948 573324 12624 0
1785863695002 585948 573324 12624 0
1785863695032 583116 570496 12620 0
1785863695062 584492 571868 12624 0
1785863695093 584492 571868 12624 0
1785863695120 584012 571388 12624 0
1785863695151 584012 571388 12624 0
1785863695182 581676 569056 12620 0
1785863695212 578252 565628 12624 0
1785863695242 578252 565628 12624 0
1785863695269 578252 565628 12624 0
1785863695295 578252 565628 12624 0
1785863695323 577260 564636 12624 0
1785863695353 577260 564636 12624 0
1785863695384 577260 564636 12624 0
1785863695414 575452 562832 12620 0
1785863695444 578372 565748 12624 0
1785863695474 578372 565748 12624 0
1785863695505 578372 565748 12624 0
1785863695534 578372 565748 12624 0
1785863695560 578372 565748 12624 0
1785863695586 578372 565748 12624 0
1785863695612 578372 565748 12624 0
1785863695637 578372 565748 12624 0
1785863695663 578372 565748 12624 0
1785863695690 578372 565748 12624 0
1785863695719 578372 565748 12624 0
1785863695747 578372 565748 12624 0
1785863695775 578372 565748 12624 0
1785863695804 578372 565748 12624 0
1785863695832 578372 565748 12624 0
1785863695862 578372 565748 12624 0
1785863695890 578372 565748 12624 0
1785863695919 581364 568740 12624 0
1785863695951 586420 573796 12624 0
1785863695983 586420 573796 12624 0
1785863696013 586420 573796 12624 0
1785863696042 586420 573796 12624 0
1785863696071 586420 573796 12624 0
1785863696103 586468 573844 12624 0
1785863696135 586484 573860 12624 0
1785863696165 586484 573860 12624 0
1785863696194 586484 573860 12624 0
1785863696225 586484 573860 12624 0
1785863696253 586484 573860 12624 0
1785863696280 586484 573860 12624 0
1785863696306 586484 573860 12624 0
1785863696335 586484 573860 12624 0
1785863696362 586548 573924 12624 0
1785863696395 584220 571600 12620 0
1785863696426 579072 571056 8016 0
1785863696456 583040 574992 8048 0
1785863696491 589364 576740 12624 0
1785863696523 589748 577124 12624 0
1785863696553 589748 577124 12624 0
1785863696583 587452 574832 12620 0
1785863696614 587516 574896 12620 0
1785863696645 589868 577244 12624 0
1785863696675 590220 577600 12620 0
1785863696707 592756 580132 12624 0
1785863696738 592756 580132 12624 0
1785863696769 592948 580324 12624 0
1785863696799 592948 580324 12624 0
1785863696830 592948 580324 12624 0
1785863696861 593012 580388 12624 0
1785863696891 593012 580388 12624 0
1785863696921 593076 580452 12624 0
1785863696952 593140 580516 12624 0
1785863696983 593140 580516 12624 0
1785863697015 593140 580516 12624 0
1785863697046 594612 581988 12624 0
1785863697076 594612 581988 12624 0
1785863697107 611892 599268 12624 0
1785863697138 660004 647380 12624 0
1785863697170 660004 647380 12624 0
1785863697199 722132 709508 12624 0
1785863697234 723636 711012 12624 0
1785863697267 723636 711012 12624 0
1785863697298 723636 711012 12624 0
1785863697329 723636 711012 12624 0
1785863697359 723636 711012 12624 0
1785863697390 723636 711012 12624 0
1785863697422 723636 711012 12624 0
1785863697454 723636 711012 12624 0
1785863697485 723636 711012 12624 0
1785863697517 723636 711012 12624 0
1785863697550 723636 711012 12624 0
1785863697583 723636 711012 12624 0
1785863697615 723636 711012 12624 0
1785863697648 723636 711012 12624 0
1785863697682 723636 711012 12624 0
1785863697715 723636 711012 12624 0
1785863697746 723636 711012 12624 0
1785863697780 723892 711268 12624 0
1785863697815 724212 711588 12624 0
1785863697848 724212 711588 12624 0
1785863697879 724468 711844 12624 0
1785863697918 724660 712036 12624 0
1785863697951 724660 712036 12624 0
1785863697983 724660 712036 12624 0
1785863698014 724660 712036 12624 0
1785863698045 724660 712036 12624 0
1785863698077 724660 712036 12624 0
1785863698109 724660 712036 12624 0
1785863698142 724660 712036 12624 0
1785863698175 724660 712036 12624 0
1785863698207 724660 712036 12624 0
1785863698240 724660 712036 12624 0
1785863698272 724660 712036 12624 0
1785863698305 724660 712036 12624 0
1785863698337 724660 712036 12624 0
1785863698370 724660 712036 12624 0
1785863698402 724660 712036 12624 0
1785863698435 724660 712036 12624 0
1785863698467 724660 712036 12624 0
1785863698499 724660 712036 12624 0
1785863698529 724660 712036 12624 0
1785863698562 724660 712036 12624 0
1785863698594 724660 712036 12624 0
1785863698627 724660 712036 12624 0
1785863698660 724660 712036 12624 0
1785863698692 724660 712036 12624 0
1785863698724 724660 712036 12624 0
1785863698754 724660 712036 12624 0
1785863698785 724660 712036 12624 0
1785863698816 724660 712036 12624 0
1785863698849 724660 712036 12624 0
1785863698889 724660 712036 12624 0
1785863698921 724660 712036 12624 0
1785863698954 724660 712036 12624 0
1785863698987 724660 712036 12624 0
1785863699020 724660 712036 12624 0
1785863699052 724660 712036 12624 0
1785863699084 724660 712036 12624 0
1785863699118 724660 712036 12624 0
1785863699151 724660 712036 12624 0
1785863699185 724660 712036 12624 0
1785863699217 724660 712036 12624 0
1785863699250 724660 712036 12624 0
1785863699283 724660 712036 12624 0
1785863699316 724660 712036 12624 0
1785863699348 724660 712036 12624 0
1785863699381 724660 712036 12624 0
1785863699412 724660 712036 12624 0
1785863699444 724660 712036 12624 0
1785863699477 724660 712036 12624 0
1785863699509 724660 712036 12624 0
1785863699541 724660 712036 12624 0
1785863699572 724660 712036 12624 0
1785863699604 724660 712036 12624 0
1785863699636 724660 712036 12624 0
1785863699669 724660 712036 12624 0
1785863699700 724660 712036 12624 0
1785863699732 724660 712036 12624 0
1785863699763 724660 712036 12624 0
1785863699793 724660 712036 12624 0
1785863699825 724660 712036 12624 0
1785863699858 724660 712036 12624 0
1785863699891 724660 712036 12624 0
1785863699924 724660 712036 12624 0
1785863699956 724660 712036 12624 0
1785863699988 724660 712036 12624 0
1785863700020 724660 712036 12624 0
1785863700051 724660 712036 12624 0
1785863700084 724660 712036 12624 0
1785863700117 724660 712036 12624 0
1785863700150 724660 712036 12624 0
1785863700182 724660 712036 12624 0
1785863700215 724660 712036 12624 0
1785863700248 724660 712036 12624 0
1785863700281 724660 712036 12624 0
1785863700313 724660 712036 12624 0
1785863700345 724660 712036 12624 0
1785863700377 724660 712036 12624 0
1785863700409 724660 712036 12624 0
1785863700440 724660 712036 12624 0
1785863700471 724660 712036 12624 0
1785863700502 724660 712036 12624 0
1785863700533 724660 712036 12624 0
1785863700565 724660 712036 12624 0
1785863700597 724660 712036 12624 0
1785863700629 724660 712036 12624 0
1785863700661 724660 712036 12624 0
1785863700693 724660 712036 12624 0
1785863700725 724660 712036 12624 0
1785863700757 724660 712036 12624 0
1785863700788 724660 712036 12624 0
1785863700821 724660 712036 12624 0
1785863700854 724660 712036 12624 0
1785863700886 724660 712036 12624 0
1785863700918 724660 712036 12624 0
1785863700951 724660 712036 12624 0
1785863700983 724660 712036 12624 0
1785863701014 724660 712036 12624 0
1785863701047 724660 712036 12624 0
1785863701078 724660 712036 12624 0
1785863701110 724660 712036 12624 0
1785863701143 724660 712036 12624 0
1785863701175 724660 712036 12624 0
1785863701207 724660 712036 12624 0
1785863701238 724660 712036 12624 0
1785863701271 724660 712036 12624 0
1785863701302 724660 712036 12624 0
1785863701333 724660 712036 12624 0
1785863701365 724660 712036 12624 0
1785863701397 724660 712036 12624 0
1785863701430 724660 712036 12624 0
1785863701463 724660 712036 12624 0
1785863701494 724660 712036 12624 0
1785863701526 724660 712036 12624 0
1785863701558 724660 712036 12624 0
1785863701590 724660 712036 12624 0
1785863701622 724660 712036 12624 0
1785863701654 724660 712036 12624 0
1785863701685 724660 712036 12624 0
1785863701716 723920 711296 12624 0
1785863701749 723920 711296 12624 0
1785863701781 723920 711296 12624 0
1785863701813 723920 711296 12624 0
1785863701845 723920 711296 12624 0
1785863701875 723180 710556 12624 0
1785863701907 723180 710556 12624 0
1785863701936 723180 710556 12624 0
1785863701965 723180 710556 12624 0
1785863701996 723180 710556 12624 0
1785863702027 722440 709816 12624 0
1785863702060 722440 709816 12624 0
1785863702092 722440 709816 12624 0
1785863702123 722440 709816 12624 0
1785863702154 722440 709816 12624 0
1785863702185 721700 709076 12624 0
1785863702215 721700 709076 12624 0
1785863702248 719480 706856 12624 0
1785863702280 719480 706856 12624 0
1785863702312 718740 706116 12624 0
1785863702343 718740 706116 12624 0
1785863702375 718000 705376 12624 0
1785863702406 718000 705376 12624 0
1785863702437 718000 705376 12624 0
1785863702469 718000 705376 12624 0
1785863702500 718000 705376 12624 0
1785863702531 712820 700196 12624 0
1785863702562 712820 700196 12624 0
1785863702593 712820 700196 12624 0
1785863702624 712820 700196 12624 0
1785863702653 712820 700196 12624 0
1785863702683 712820 700196 12624 0
1785863702713 712820 700196 12624 0
1785863702743 712820 700196 12624 0
1785863702773 712820 700196 12624 0
1785863702801 712820 700196 12624 0
1785863702832 712820 700196 12624 0
1785863702862 712820 700196 12624 0
1785863702893 712820 700196 12624 0
1785863702924 712820 700196 12624 0
1785863702954 712820 700196 12624 0
1785863702983 712820 700196 12624 0
1785863703013 712820 700196 12624 0
1785863703042 712820 700196 12624 0
1785863703071 712820 700196 12624 0
1785863703100 712820 700196 12624 0
1785863703130 712820 700196 12624 0
1785863703160 712820 700196 12624 0
1785863703190 712820 700196 12624 0
1785863703222 712820 700196 12624 0
1785863703253 712820 700196 12624 0
1785863703283 712820 700196 12624 0
1785863703314 712820 700196 12624 0
1785863703344 712820 700196 12624 0
1785863703373 712820 700196 12624 0
1785863703403 712820 700196 12624 0
1785863703434 712820 700196 12624 0
1785863703466 712820 700196 12624 0
1785863703496 712820 700196 12624 0
1785863703528 712820 700196 12624 0
1785863703558 712820 700196 12624 0
1785863703588 712820 700196 12624 0
1785863703617 712820 700196 12624 0
1785863703648 712080 699456 12624 0
1785863703678 710600 697976 12624 0
1785863703708 710600 697976 12624 0
1785863703737 710600 697976 12624 0
1785863703766 710600 697976 12624 0
1785863703795 705972 693352 12620 0
1785863703825 704396 691776 12620 0
1785863703857 700432 687812 12620 0
1785863703888 582908 570284 12624 0
1785863703918 582908 570284 12624 0
1785863703945 582908 570284 12624 0
1785863703973 582908 570284 12624 0
1785863703999 582908 570284 12624 0
1785863704025 582908 570284 12624 0
1785863704052 582908 570284 12624 0
1785863704080 582908 570284 12624 0
1785863704112 582908 570284 12624 0
1785863704143 582908 570284 12624 0
1785863704174 582908 570284 12624 0
1785863704205 582908 570284 12624 0
1785863704236 582908 570284 12624 0
1785863704267 582908 570284 12624 0
1785863704298 582908 570284 12624 0
1785863704329 582908 570284 12624 0
1785863704361 582908 570284 12624 0
1785863704392 582908 570284 12624 0
1785863704423 582908 570284 12624 0
1785863704455 582908 570284 12624 0
1785863704487 582908 570284 12624 0
1785863704518 582908 570284 12624 0
1785863704549 582908 570284 12624 0
1785863704581 582908 570284 12624 0
1785863704612 582908 570284 12624 0
1785863704644 582908 570284 12624 0
1785863704676 582908 570284 12624 0
1785863704708 582908 570284 12624 0
1785863704739 582908 570284 12624 0
1785863704771 582908 570284 12624 0
1785863704802 582908 570284 12624 0
1785863704833 582908 570284 12624 0
1785863704866 582908 570284 12624 0
1785863704897 582908 570284 12624 0
1785863704929 582908 570284 12624 0
1785863704961 582908 570284 12624 0
1785863704992 582908 570284 12624 0
1785863705023 582908 570284 12624 0
1785863705055 582908 570284 12624 0
1785863705086 582908 570284 12624 0
1785863705118 582908 570284 12624 0
1785863705149 582908 570284 12624 0
1785863705180 582908 570284 12624 0
1785863705212 582908 570284 12624 0
1785863705243 582908 570284 12624 0
1785863705274 582908 570284 12624 0
1785863705305 582908 570284 12624 0
1785863705337 582908 570284 12624 0
1785863705369 582908 570284 12624 0
1785863705401 582908 570284 12624 0
1785863705434 582908 570284 12624 0
1785863705466 582908 570284 12624 0
1785863705499 582908 570284 12624 0
1785863705531 582908 570284 12624 0
1785863705563 582908 570284 12624 0
1785863705596 582908 570284 12624 0
1785863705629 582908 570284 12624 0
1785863705661 582908 570284 12624 0
1785863705694 582908 570284 12624 0
1785863705726 582908 570284 12624 0
1785863705759 582908 570284 12624 0
1785863705791 582908 570284 12624 0
1785863705823 582908 570284 12624 0
1785863705856 582908 570284 12624 0
1785863705888 582908 570284 12624 0
1785863705921 582908 570284 12624 0
1785863705953 582908 570284 12624 0
1785863705984 582908 570284 12624 0
1785863706013 582908 570284 12624 0
1785863706048 582908 570284 12624 0
1785863706079 582908 570284 12624 0
1785863706109 582908 570284 12624 0
1785863706141 591540 578916 12624 0
1785863706179 592036 579412 12624 0
1785863706209 592036 579412 12624 0
1785863706238 592036 579412 12624 0
1785863706267 592036 579412 12624 0
1785863706296 593028 580404 12624 0
1785863706326 593548 580924 12624 0
1785863706356 594556 581932 12624 0
1785863706387 597612 584988 12624 0
1785863706420 598124 585500 12624 0
1785863706452 598124 585500 12624 0
1785863706482 598124 585500 12624 0
1785863706513 597132 584508 12624 0
1785863706543 596652 584028 12624 0
1785863706574 590900 578276 12624 0
1785863706603 590900 578276 12624 0
1785863706633 590436 577812 12624 0
1785863706662 587924 575300 12624 0
1785863706693 587428 574804 12624 0
1785863706723 583116 570492 12624 0
1785863706753 11984 4028 7956 0
1785863706774 591816 579192 12624 0
1785863706807 592684 580060 12624 0
1785863706837 592808 580184 12624 0
1785863706867 592808 580184 12624 0
1785863706897 592808 580184 12624 0
1785863706926 593244 580620 12624 0
1785863706956 593680 581056 12624 0
1785863706987 596120 583496 12624 0
1785863707018 598736 586112 12624 0
1785863707050 598748 586124 12624 0
1785863707082 598800 586176 12624 0
1785863707113 599672 587048 12624 0
1785863707144 599672 587048 12624 0
1785863707174 599928 587304 12624 0
1785863707205 600184 587560 12624 0
1785863707235 600192 587568 12624 0
1785863707266 600724 588100 12624 0
1785863707299 603540 590916 12624 0
1785863707331 604052 591428 12624 0
1785863707363 604052 591428 12624 0
1785863707395 604820 592196 12624 0
1785863707429 607636 595012 12624 0
1785863707462 607636 595012 12624 0
1785863707493 607636 595012 12624 0
1785863707525 607636 595012 12624 0
1785863707556 607636 595012 12624 0
1785863707588 607636 595012 12624 0
1785863707620 607636 595012 12624 0
1785863707652 607636 595012 12624 0
1785863707685 621232 608608 12624 0
1785863707718 620496 607872 12624 0
1785863707750 620496 607872 12624 0
1785863707782 619760 607136 12624 0
1785863707814 619760 607136 12624 0
1785863707849 619760 607136 12624 0
1785863707887 618284 605660 12624 0
1785863707920 616808 604184 12624 0
1785863707952 616808 604184 12624 0
1785863707985 588324 575700 12624 0
1785863708017 587584 574960 12624 0
1785863708049 586844 574220 12624 0
1785863708081 584628 572004 12624 0
1785863708111 580172 567548 12624 0
1785863708142 580172 567548 12624 0
1785863708172 580172 567548 12624 0
1785863708200 577836 565216 12620 0
1785863708229 578548 565924 12624 0
1785863708259 575492 562868 12624 0
1785863708289 12804 4920 7884 0
1785863708311 570236 557612 12624 0
1785863708340 570236 557612 12624 0
1785863708368 570236 557612 12624 0
1785863708398 578372 565748 12624 0
1785863708429 578372 565748 12624 0
1785863708458 578372 565748 12624 0
1785863708488 578372 565748 12624 0
1785863708517 578372 565748 12624 0
1785863708545 578372 565748 12624 0
1785863708574 578372 565748 12624 0
1785863708602 578372 565748 12624 0
1785863708630 586420 573796 12624 0
1785863708663 586420 573796 12624 0
1785863708694 586420 573796 12624 0
1785863708725 586420 573796 12624 0
1785863708755 586420 573796 12624 0
1785863708785 584084 571464 12620 0
1785863708815 586484 573860 12624 0
1785863708844 586484 573860 12624 0
1785863708872 586492 573868 12624 0
1785863708905 584156 571536 12620 0
1785863708937 585140 572520 12620 0
1785863708969 587692 575068 12624 0
1785863709000 587876 575252 12624 0
1785863709032 588252 575628 12624 0
1785863709063 588252 575628 12624 0
1785863709093 588252 575628 12624 0
1785863709124 588252 575628 12624 0
1785863709155 588252 575628 12624 0
1785863709184 588252 575628 12624 0
1785863709217 587716 575092 12624 0
1785863709248 587716 575092 12624 0
1785863709278 587716 575092 12624 0
1785863709305 587716 575092 12624 0
1785863709335 587716 575092 12624 0
1785863709367 583428 570804 12624 0
1785863709398 580252 567628 12624 0
1785863709428 580212 567588 12624 0
1785863709458 580212 567588 12624 0
1785863709489 580212 567588 12624 0
1785863709518 580212 567588 12624 0
1785863709548 580212 567588 12624 0
1785863709576 574896 564660 10236 0
1785863709605 577916 565292 12624 0
1785863709635 575000 562380 12620 0
1785863709664 576756 564132 12624 0
1785863709694 572680 560060 12620 0
1785863709724 573252 560628 12624 0
1785863709754 573780 561156 12624 0
1785863709784 573868 561248 12620 0
1785863709828 577396 564772 12624 0
1785863709860 577820 565196 12624 0
1785863709891 582196 569572 12624 0
1785863709921 582516 569892 12624 0
1785863709952 582836 570212 12624 0
1785863709982 584756 572132 12624 0
1785863710013 584784 572160 12624 0
1785863710045 586180 573556 12624 0
1785863710075 584692 572068 12624 0
1785863710107 584692 572068 12624 0
1785863710138 584692 572068 12624 0
1785863710169 580724 568100 12624 0
1785863710199 577748 565124 12624 0
1785863710228 577748 565124 12624 0
1785863710256 577748 565124 12624 0
1785863710284 577748 565124 12624 0
1785863710314 574916 562296 12620 0
1785863710343 570220 557596 12624 0
1785863710373 570220 557596 12624 0
1785863710401 570220 557596 12624 0
1785863710430 570220 557596 12624 0
1785863710462 570220 557596 12624 0
1785863710493 570220 557596 12624 0
1785863710522 570220 557596 12624 0
1785863710550 570220 557596 12624 0
1785863710578 570220 557596 12624 0
1785863710606 570220 557596 12624 0
1785863710633 570220 557596 12624 0
1785863710661 570220 557596 12624 0
1785863710689 570220 557596 12624 0
1785863710716 570220 557596 12624 0
1785863710745 570220 557596 12624 0
1785863710776 570220 557596 12624 0
1785863710808 570220 557596 12624 0
1785863710840 570220 557596 12624 0
1785863710872 570220 557596 12624 0
1785863710903 570220 557596 12624 0
1785863710935 570220 557596 12624 0
1785863710967 570220 557596 12624 0
1785863710998 570220 557596 12624 0
1785863711030 570220 557596 12624 0
1785863711062 570220 557596 12624 0
1785863711093 570220 557596 12624 0
1785863711125 570220 557596 12624 0
1785863711157 570220 557596 12624 0
1785863711188 570220 557596 12624 0
1785863711219 570220 557596 12624 0
1785863711250 570220 557596 12624 0
1785863711282 570220 557596 12624 0
1785863711313 570220 557596 12624 0
1785863711344 570220 557596 12624 0
1785863711376 570220 557596 12624 0
1785863711407 570220 557596 12624 0
1785863711438 570220 557596 12624 0
1785863711468 570220 557596 12624 0
1785863711496 570220 557596 12624 0
1785863711525 570220 557596 12624 0
1785863711556 570220 557596 12624 0
1785863711587 570220 557596 12624 0
1785863711617 570220 557596 12624 0
1785863711647 570220 557596 12624 0
1785863711677 570220 557596 12624 0
1785863711707 570220 557596 12624 0
1785863711737 570220 557596 12624 0
1785863711767 570220 557596 12624 0
1785863711797 570220 557596 12624 0
1785863711828 570220 557596 12624 0
1785863711860 570220 557596 12624 0
1785863711892 570220 557596 12624 0
1785863711924 570220 557596 12624 0
1785863711955 570220 557596 12624 0
1785863711987 570220 557596 12624 0
1785863712019 570220 557596 12624 0
1785863712051 570220 557596 12624 0
1785863712083 570220 557596 12624 0
1785863712114 570220 557596 12624 0
1785863712146 570220 557596 12624 0
1785863712178 570220 557596 12624 0
1785863712208 570220 557596 12624 0
1785863712238 570220 557596 12624 0
1785863712269 570220 557596 12624 0
1785863712301 570220 557596 12624 0
1785863712331 570220 557596 12624 0
1785863712362 570220 557596 12624 0
1785863712392 570220 557596 12624 0
1785863712423 570220 557596 12624 0
1785863712455 570220 557596 12624 0
1785863712486 570220 557596 12624 0
1785863712517 570220 557596 12624 0
1785863712548 570220 557596 12624 0
1785863712579 570220 557596 12624 0
1785863712609 570220 557596 12624 0
1785863712640 570220 557596 12624 0
1785863712670 570220 557596 12624 0
1785863712701 570220 557596 12624 0
1785863712731 570220 557596 12624 0
1785863712762 570220 557596 12624 0
1785863712792 570220 557596 12624 0
1785863712824 570220 557596 12624 0
1785863712855 570220 557596 12624 0
1785863712887 570220 557596 12624 0
1785863712919 570220 557596 12624 0
1785863712951 570220 557596 12624 0
1785863712983 570220 557596 12624 0
1785863713015 570220 557596 12624 0
1785863713047 570220 557596 12624 0
1785863713078 570220 557596 12624 0
1785863713110 570220 557596 12624 0
1785863713141 570220 557596 12624 0
1785863713173 570220 557596 12624 0
1785863713204 570220 557596 12624 0
1785863713234 570220 557596 12624 0
1785863713264 570220 557596 12624 0
1785863713294 570220 557596 12624 0
1785863713325 570220 557596 12624 0
1785863713355 570220 557596 12624 0
1785863713385 570220 557596 12624 0
1785863713416 570220 557596 12624 0
1785863713447 570220 557596 12624 0
1785863713478 570220 557596 12624 0
1785863713509 570220 557596 12624 0
1785863713536 570220 557596 12624 0
1785863713564 570220 557596 12624 0
1785863713595 570220 557596 12624 0
1785863713627 570220 557596 12624 0
1785863713660 570220 557596 12624 0
1785863713692 570220 557596 12624 0
1785863713724 570220 557596 12624 0
1785863713757 570220 557596 12624 0
1785863713789 570220 557596 12624 0
1785863713822 570220 557596 12624 0
1785863713855 570220 557596 12624 0
1785863713887 570220 557596 12624 0
1785863713920 570220 557596 12624 0
1785863713952 570220 557596 12624 0
1785863713984 570220 557596 12624 0
1785863714017 570220 557596 12624 0
1785863714048 570220 557596 12624 0
1785863714079 570220 557596 12624 0
1785863714112 570220 557596 12624 0
1785863714145 570220 557596 12624 0
1785863714178 570220 557596 12624 0
1785863714211 570220 557596 12624 0
1785863714243 570220 557596 12624 0
1785863714276 570220 557596 12624 0
1785863714309 570220 557596 12624 0
1785863714342 570220 557596 12624 0
1785863714374 570220 557596 12624 0
1785863714407 570220 557596 12624 0
1785863714439 570220 557596 12624 0
1785863714470 570220 557596 12624 0
1785863714500 570220 557596 12624 0
1785863714532 570220 557596 12624 0
1785863714562 570220 557596 12624 0
1785863714594 570220 557596 12624 0
1785863714626 570220 557596 12624 0
1785863714658 570220 557596 12624 0
1785863714690 570220 557596 12624 0
1785863714722 570220 557596 12624 0
1785863714754 570220 557596 12624 0
1785863714786 570220 557596 12624 0
1785863714819 570220 557596 12624 0
1785863714852 570220 557596 12624 0
1785863714885 570220 557596 12624 0
1785863714917 570220 557596 12624 0
1785863714949 570220 557596 12624 0
1785863714982 570220 557596 12624 0
1785863715014 570220 557596 12624 0
1785863715048 570220 557596 12624 0
1785863715081 570220 557596 12624 0
1785863715115 570220 557596 12624 0
1785863715148 570220 557596 12624 0
1785863715182 570220 557596 12624 0
1785863715216 570220 557596 12624 0
1785863715249 570220 557596 12624 0
1785863715283 570220 557596 12624 0
1785863715316 570220 557596 12624 0
1785863715347 570220 557596 12624 0
1785863715378 570220 557596 12624 0
1785863715410 570220 557596 12624 0
1785863715443 570220 557596 12624 0
1785863715476 570220 557596 12624 0
1785863715509 570220 557596 12624 0
1785863715543 570220 557596 12624 0
1785863715577 570220 557596 12624 0
1785863715610 570220 557596 12624 0
1785863715644 570220 557596 12624 0
1785863715678 570220 557596 12624 0
1785863715711 570220 557596 12624 0
1785863715744 570220 557596 12624 0
1785863715776 570220 557596 12624 0
1785863715808 570220 557596 12624 0
1785863715838 570220 557596 12624 0
1785863715870 570220 557596 12624 0
1785863715901 570220 557596 12624 0
1785863715933 570220 557596 12624 0
1785863715965 570220 557596 12624 0
1785863715997 570220 557596 12624 0
1785863716030 570220 557596 12624 0
1785863716063 570220 557596 12624 0
1785863716095 570220 557596 12624 0
1785863716128 570220 557596 12624 0
1785863716160 570220 557596 12624 0
1785863716192 570220 557596 12624 0
1785863716224 570220 557596 12624 0
1785863716257 570220 557596 12624 0
1785863716289 570220 557596 12624 0
1785863716324 570220 557596 12624 0
1785863716358 570220 557596 12624 0
1785863716391 570220 557596 12624 0
1785863716424 570220 557596 12624 0
1785863716458 570220 557596 12624 0
1785863716492 570220 557596 12624 0
1785863716526 570220 557596 12624 0
1785863716560 570220 557596 12624 0
1785863716593 570220 557596 12624 0
1785863716625 570220 557596 12624 0
1785863716656 570220 557596 12624 0
1785863716688 570220 557596 12624 0
1785863716719 570220 557596 12624 0
1785863716752 570220 557596 12624 0
1785863716785 570220 557596 12624 0
1785863716818 570220 557596 12624 0
1785863716852 570220 557596 12624 0
1785863716886 570220 557596 12624 0
1785863716920 570220 557596 12624 0
1785863716954 570220 557596 12624 0
1785863716988 570220 557596 12624 0
1785863717021 570220 557596 12624 0
1785863717054 570220 557596 12624 0
1785863717086 570220 557596 12624 0
1785863717117 570220 557596 12624 0
1785863717148 570220 557596 12624 0
1785863717180 570220 557596 12624 0
1785863717212 570220 557596 12624 0
1785863717244 570220 557596 12624 0
1785863717276 570220 557596 12624 0
1785863717309 570220 557596 12624 0
1785863717341 570220 557596 12624 0
1785863717374 570220 557596 12624 0
1785863717408 570220 557596 12624 0
1785863717440 570220 557596 12624 0
1785863717473 570220 557596 12624 0
1785863717505 570220 557596 12624 0
1785863717536 570220 557596 12624 0
1785863717566 570220 557596 12624 0
1785863717596 570220 557596 12624 0
1785863717625 11896 4012 7884 0
1785863717647 578228 565604 12624 0
1785863717682 578228 565604 12624 0
1785863717713 578228 565604 12624 0
1785863717742 578228 565604 12624 0
1785863717770 578228 565604 12624 0
1785863717799 578228 565604 12624 0
1785863717829 578228 565604 12624 0
1785863717858 578228 565604 12624 0
1785863717885 578228 565604 12624 0
1785863717911 578228 565604 12624 0
1785863717939 578228 565604 12624 0
1785863717967 578228 565604 12624 0
1785863717994 578740 566116 12624 0
1785863718023 586420 573796 12624 0
1785863718055 586420 573796 12624 0
1785863718087 586420 573796 12624 0
1785863718118 586420 573796 12624 0
1785863718148 584084 571464 12620 0
1785863718178 585948 573324 12624 0
1785863718209 585948 573324 12624 0
1785863718239 585948 573324 12624 0
1785863718268 585948 573324 12624 0
1785863718298 585948 573324 12624 0
1785863718327 585948 573324 12624 0
1785863718357 585948 573324 12624 0
1785863718384 585948 573324 12624 0
1785863718410 585948 573324 12624 0
1785863718439 585948 573324 12624 0
1785863718468 585948 573324 12624 0
1785863718499 585948 573324 12624 0
1785863718530 582892 570268 12624 0
1785863718561 579692 567068 12624 0
1785863718592 580012 567388 12624 0
1785863718623 576220 563596 12624 0
1785863718652 575724 563100 12624 0
1785863718681 575724 563100 12624 0
1785863718712 575724 563100 12624 0
1785863718740 575724 563100 12624 0
1785863718769 559860 555120 4740 0
1785863718800 578372 565748 12624 0
1785863718830 578372 565748 12624 0
1785863718860 579860 567236 12624 0
1785863718889 586420 573796 12624 0
1785863718919 586428 573804 12624 0
1785863718951 584100 571480 12620 0
1785863718981 27812 19920 7892 0
1785863719005 528084 521652 6432 0
1785863719035 586676 574052 12624 0
1785863719066 586676 574052 12624 0
1785863719103 586676 574052 12624 0
1785863719133 586676 574052 12624 0
1785863719162 586676 574052 12624 0
1785863719191 586676 574052 12624 0
1785863719220 586676 574052 12624 0
1785863719250 586676 574052 12624 0
1785863719280 586676 574052 12624 0
1785863719311 586676 574052 12624 0
1785863719341 586676 574052 12624 0
1785863719373 586676 574052 12624 0
1785863719405 586676 574052 12624 0
1785863719436 585684 573060 12624 0
1785863719467 585684 573060 12624 0
1785863719498 585684 573060 12624 0
1785863719528 585684 573060 12624 0
1785863719556 585684 573060 12624 0
1785863719585 585684 573060 12624 0
1785863719615 584692 572068 12624 0
1785863719645 584196 571572 12624 0
1785863719675 584196 571572 12624 0
1785863719706 584196 571572 12624 0
1785863719737 584196 571572 12624 0
1785863719768 584196 571572 12624 0
1785863719798 570384 557760 12624 0
1785863719830 578372 565748 12624 0
1785863719860 578372 565748 12624 0
1785863719889 578372 565748 12624 0
1785863719917 578372 565748 12624 0
1785863719943 580668 568044 12624 0
1785863719973 586420 573796 12624 0
1785863720005 586480 573856 12624 0
1785863720036 586484 573860 12624 0
1785863720065 586484 573860 12624 0
1785863720094 586484 573860 12624 0
1785863720123 584212 571592 12620 0
1785863720153 586676 574052 12624 0
1785863720194 587444 574820 12624 0
1785863720225 585248 572628 12620 0
1785863720256 587700 575076 12624 0
1785863720288 588916 576292 12624 0
1785863720319 588916 576292 12624 0
1785863720351 588916 576292 12624 0
1785863720383 588916 576292 12624 0
1785863720414 588916 576292 12624 0
1785863720446 588916 576292 12624 0
1785863720479 588916 576292 12624 0
1785863720511 588916 576292 12624 0
1785863720545 588916 576292 12624 0
1785863720576 588916 576292 12624 0
1785863720607 588916 576292 12624 0
1785863720637 588916 576292 12624 0
1785863720668 588916 576292 12624 0
1785863720699 588916 576292 12624 0
1785863720729 588916 576292 12624 0
1785863720760 586580 573960 12620 0
1785863720792 590836 578212 12624 0
1785863720824 599048 586424 12624 0
1785863720855 599048 586424 12624 0
1785863720885 599048 586424 12624 0
1785863720917 599048 586424 12624 0
1785863720948 599048 586424 12624 0
1785863720979 599048 586424 12624 0
1785863721010 599048 586424 12624 0
1785863721040 599048 586424 12624 0
1785863721071 599048 586424 12624 0
1785863721101 599048 586424 12624 0
1785863721131 599048 586424 12624 0
1785863721162 599048 586424 12624 0
1785863721194 599048 586424 12624 0
1785863721227 599048 586424 12624 0
1785863721259 599048 586424 12624 0
1785863721289 599048 586424 12624 0
1785863721319 599048 586424 12624 0
1785863721351 599048 586424 12624 0
1785863721381 599048 586424 12624 0
1785863721412 599048 586424 12624 0
1785863721441 599048 586424 12624 0
1785863721471 599048 586424 12624 0
1785863721501 599048 586424 12624 0
1785863721533 599048 586424 12624 0
1785863721563 599048 586424 12624 0
1785863721594 599048 586424 12624 0
1785863721625 599048 586424 12624 0
1785863721655 599048 586424 12624 0
1785863721686 599048 586424 12624 0
1785863721717 599048 586424 12624 0
1785863721747 599048 586424 12624 0
1785863721779 599048 586424 12624 0
1785863721811 599048 586424 12624 0
1785863721842 599048 586424 12624 0
1785863721874 599048 586424 12624 0
1785863721904 599048 586424 12624 0
1785863721933 599048 586424 12624 0
1785863721964 599048 586424 12624 0
1785863721995 599048 586424 12624 0
1785863722026 599648 587024 12624 0
1785863722058 600048 587424 12624 0
1785863722090 600048 587424 12624 0
1785863722121 600048 587424 12624 0
1785863722152 600448 587824 12624 0
1785863722184 600648 588024 12624 0
1785863722214 601848 589224 12624 0
1785863722248 602248 589624 12624 0
1785863722279 602248 589624 12624 0
1785863722311 602248 589624 12624 0
1785863722342 602248 589624 12624 0
1785863722373 602428 589804 12624 0
1785863722405 602428 589804 12624 0
1785863722436 602608 589984 12624 0
1785863722468 602608 589984 12624 0
1785863722498 602608 589984 12624 0
1785863722530 602608 589984 12624 0
1785863722562 602968 590344 12624 0
1785863722594 603688 591064 12624 0
1785863722626 605128 592504 12624 0
1785863722658 605128 592504 12624 0
1785863722689 605128 592504 12624 0
1785863722721 605128 592504 12624 0
1785863722752 605128 592504 12624 0
1785863722784 605128 592504 12624 0
1785863722814 605128 592504 12624 0
1785863722843 605128 592504 12624 0
1785863722872 605128 592504 12624 0
1785863722902 605128 592504 12624 0
1785863722934 605128 592504 12624 0
1785863722965 605128 592504 12624 0
1785863722996 605128 592504 12624 0
1785863723027 605128 592504 12624 0
1785863723058 605128 592504 12624 0
1785863723090 605128 592504 12624 0
1785863723122 605128 592504 12624 0
1785863723154 605128 592504 12624 0
1785863723185 605128 592504 12624 0
1785863723216 605128 592504 12624 0
1785863723247 605128 592504 12624 0
1785863723278 605128 592504 12624 0
1785863723309 605128 592504 12624 0
1785863723340 605128 592504 12624 0
1785863723371 605128 592504 12624 0
1785863723403 605128 592504 12624 0
1785863723434 605128 592504 12624 0
1785863723464 605128 592504 12624 0
1785863723494 605128 592504 12624 0
1785863723525 605128 592504 12624 0
1785863723557 605128 592504 12624 0
1785863723588 605128 592504 12624 0
1785863723619 605128 592504 12624 0
1785863723649 605128 592504 12624 0
1785863723678 605128 592504 12624 0
1785863723711 605128 592504 12624 0
1785863723742 605128 592504 12624 0
1785863723776 605128 592504 12624 0
1785863723807 605128 592504 12624 0
1785863723838 605128 592504 12624 0
1785863723870 605128 592504 12624 0
1785863723901 605128 592504 12624 0
1785863723932 605128 592504 12624 0
1785863723963 605128 592504 12624 0
1785863723994 605128 592504 12624 0
1785863724025 605128 592504 12624 0
1785863724056 605128 592504 12624 0
1785863724088 605128 592504 12624 0
1785863724118 605128 592504 12624 0
1785863724149 605128 592504 12624 0
1785863724181 615368 602744 12624 0
1785863724219 615080 602460 12620 0
1785863724250 637896 625272 12624 0
1785863724281 637896 625272 12624 0
1785863724314 637896 625272 12624 0
1785863724346 637896 625272 12624 0
1785863724382 721844 709220 12624 0
1785863724414 721844 709220 12624 0
1785863724445 721844 709220 12624 0
1785863724477 721844 709220 12624 0
1785863724512 721844 709220 12624 0
1785863724544 721844 709220 12624 0
1785863724576 721844 709220 12624 0
1785863724608 721844 709220 12624 0
1785863724638 721844 709220 12624 0
1785863724668 721844 709220 12624 0
1785863724699 721844 709220 12624 0
1785863724731 721844 709220 12624 0
1785863724763 721844 709220 12624 0
1785863724794 721844 709220 12624 0
1785863724825 721848 709224 12624 0
1785863724855 721848 709224 12624 0
1785863724884 721848 709224 12624 0
1785863724920 721848 709224 12624 0
1785863724952 721848 709224 12624 0
1785863724983 721848 709224 12624 0
1785863725015 721848 709224 12624 0
1785863725047 721848 709224 12624 0
1785863725079 721848 709224 12624 0
1785863725110 721848 709224 12624 0
1785863725143 721848 709224 12624 0
1785863725175 721856 709232 12624 0
1785863725209 721860 709236 12624 0
1785863725240 721860 709236 12624 0
1785863725272 721860 709236 12624 0
1785863725304 721860 709236 12624 0
1785863725339 721860 709236 12624 0
1785863725371 721860 709236 12624 0
1785863725401 721860 709236 12624 0
1785863725432 721860 709236 12624 0
1785863725467 721860 709236 12624 0
1785863725499 721860 709236 12624 0
1785863725533 721860 709236 12624 0
1785863725565 721860 709236 12624 0
1785863725597 721860 709236 12624 0
1785863725628 721860 709236 12624 0
1785863725659 721860 709236 12624 0
1785863725690 721860 709236 12624 0
1785863725721 721860 709236 12624 0
1785863725754 721860 709236 12624 0
1785863725785 721860 709236 12624 0
1785863725817 721860 709236 12624 0
1785863725849 719640 707016 12624 0
1785863725882 717420 704796 12624 0
1785863725913 717420 704796 12624 0
1785863725945 717420 704796 12624 0
1785863725976 717420 704796 12624 0
1785863726006 717420 704796 12624 0
1785863726038 717420 704796 12624 0
1785863726071 717420 704796 12624 0
1785863726102 715940 703316 12624 0
1785863726134 583156 570532 12624 0
1785863726165 583156 570532 12624 0
1785863726196 583156 570532 12624 0
1785863726227 582416 569792 12624 0
1785863726257 582416 569792 12624 0
1785863726287 582416 569792 12624 0
1785863726318 582416 569792 12624 0
1785863726347 582416 569792 12624 0
1785863726376 582416 569792 12624 0
1785863726403 582416 569792 12624 0
1785863726433 582416 569792 12624 0
1785863726462 582416 569792 12624 0
1785863726492 582416 569792 12624 0
1785863726523 582416 569792 12624 0
1785863726553 582416 569792 12624 0
1785863726582 582416 569792 12624 0
1785863726611 582416 569792 12624 0
1785863726641 582416 569792 12624 0
1785863726670 578600 565980 12620 0
1785863726701 580172 567548 12624 0
1785863726730 580172 567548 12624 0
1785863726758 580172 567548 12624 0
1785863726786 580172 567548 12624 0
1785863726813 580172 567548 12624 0
1785863726840 580172 567548 12624 0
1785863726868 580172 567548 12624 0
1785863726898 579408 566784 12624 0
1785863726928 579408 566784 12624 0
1785863726957 579408 566784 12624 0
1785863726985 579408 566784 12624 0
1785863727014 576208 563584 12624 0
1785863727043 575444 562820 12624 0
1785863727073 570236 557612 12624 0
1785863727102 570236 557612 12624 0
1785863727130 570236 557612 12624 0
1785863727159 570236 557612 12624 0
1785863727186 570236 557612 12624 0
1785863727215 570236 557612 12624 0
1785863727247 570236 557612 12624 0
1785863727279 570236 557612 12624 0
1785863727312 570236 557612 12624 0
1785863727344 570236 557612 12624 0
1785863727376 570236 557612 12624 0
1785863727409 570236 557612 12624 0
1785863727442 570236 557612 12624 0
1785863727475 570236 557612 12624 0
1785863727507 570236 557612 12624 0
1785863727539 570236 557612 12624 0
1785863727570 570236 557612 12624 0
1785863727600 570236 557612 12624 0
1785863727632 570236 557612 12624 0
1785863727664 570236 557612 12624 0
1785863727697 570236 557612 12624 0
1785863727729 570236 557612 12624 0
1785863727762 570236 557612 12624 0
1785863727794 570236 557612 12624 0
1785863727826 570236 557612 12624 0
1785863727859 570236 557612 12624 0
1785863727892 570236 557612 12624 0
1785863727924 570236 557612 12624 0
1785863727955 570236 557612 12624 0
1785863727984 570236 557612 12624 0
1785863728016 570236 557612 12624 0
1785863728050 570236 557612 12624 0
1785863728082 570236 557612 12624 0
1785863728115 570236 557612 12624 0
1785863728147 570236 557612 12624 0
1785863728180 570236 557612 12624 0
1785863728213 570236 557612 12624 0
1785863728245 570236 557612 12624 0
1785863728278 570236 557612 12624 0
1785863728311 570236 557612 12624 0
1785863728341 570236 557612 12624 0
1785863728372 570236 557612 12624 0
1785863728405 570236 557612 12624 0
1785863728437 570236 557612 12624 0
1785863728471 570236 557612 12624 0
1785863728505 570236 557612 12624 0
1785863728538 570236 557612 12624 0
1785863728571 570236 557612 12624 0
1785863728605 570236 557612 12624 0
1785863728638 570236 557612 12624 0
1785863728672 570236 557612 12624 0
1785863728706 570236 557612 12624 0
1785863728739 570236 557612 12624 0
1785863728772 570236 557612 12624 0
1785863728803 570236 557612 12624 0
1785863728834 570236 557612 12624 0
1785863728866 570236 557612 12624 0
1785863728899 570236 557612 12624 0
1785863728933 570236 557612 12624 0
1785863728966 570236 557612 12624 0
1785863728999 570236 557612 12624 0
1785863729032 570236 557612 12624 0
1785863729066 570236 557612 12624 0
1785863729100 570236 557612 12624 0
1785863729134 570236 557612 12624 0
1785863729169 570236 557612 12624 0
1785863729203 570236 557612 12624 0
1785863729237 570236 557612 12624 0
1785863729268 570236 557612 12624 0
1785863729299 570236 557612 12624 0
1785863729329 570236 557612 12624 0
1785863729361 570236 557612 12624 0
1785863729394 570236 557612 12624 0
1785863729428 570236 557612 12624 0
1785863729461 570236 557612 12624 0
1785863729494 570236 557612 12624 0
1785863729528 570236 557612 12624 0
1785863729561 570236 557612 12624 0
1785863729594 570236 557612 12624 0
1785863729627 570236 557612 12624 0
1785863729662 570236 557612 12624 0
1785863729696 570236 557612 12624 0
1785863729730 570236 557612 12624 0
1785863729762 570236 557612 12624 0
1785863729792 570236 557612 12624 0
1785863729822 570236 557612 12624 0
1785863729851 570236 557612 12624 0
1785863729884 570236 557612 12624 0
1785863729916 570236 557612 12624 0
1785863729949 570236 557612 12624 0
1785863729983 570236 557612 12624 0
1785863730016 570236 557612 12624 0
1785863730049 570236 557612 12624 0
1785863730083 570236 557612 12624 0
1785863730118 570236 557612 12624 0
1785863730152 570236 557612 12624 0
1785863730186 570236 557612 12624 0
1785863730220 570236 557612 12624 0
1785863730252 570236 557612 12624 0
1785863730282 570236 557612 12624 0
1785863730313 570236 557612 12624 0
1785863730339 570236 557612 12624 0
1785863730372 570236 557612 12624 0
1785863730405 570236 557612 12624 0
1785863730439 570236 557612 12624 0
1785863730472 570236 557612 12624 0
1785863730505 570236 557612 12624 0
1785863730538 570236 557612 12624 0
1785863730571 570236 557612 12624 0
1785863730605 570236 557612 12624 0
1785863730640 570236 557612 12624 0
1785863730674 570236 557612 12624 0
1785863730708 570236 557612 12624 0
1785863730742 570236 557612 12624 0
1785863730772 570236 557612 12624 0
1785863730803 570236 557612 12624 0
1785863730836 570236 557612 12624 0
1785863730870 570236 557612 12624 0
1785863730903 570236 557612 12624 0
1785863730936 570236 557612 12624 0
1785863730970 570236 557612 12624 0
1785863731004 570236 557612 12624 0
1785863731038 570236 557612 12624 0
1785863731073 570236 557612 12624 0
1785863731107 570236 557612 12624 0
1785863731141 570236 557612 12624 0
1785863731175 570236 557612 12624 0
1785863731207 570236 557612 12624 0
1785863731238 570236 557612 12624 0
1785863731267 570236 557612 12624 0
1785863731294 11644 3760 7884 0
1785863731317 578228 565604 12624 0
1785863731347 578228 565604 12624 0
1785863731376 578228 565604 12624 0
1785863731405 578228 565604 12624 0
1785863731434 578228 565604 12624 0
1785863731462 578228 565604 12624 0
1785863731491 575892 563272 12620 0
1785863731519 584380 571756 12624 0
1785863731553 586504 573880 12624 0
1785863731587 586504 573880 12624 0
1785863731618 586504 573880 12624 0
1785863731649 586504 573880 12624 0
1785863731679 586504 573880 12624 0
1785863731708 586504 573880 12624 0
1785863731738 586588 573964 12624 0
1785863731769 586588 573964 12624 0
1785863731799 586704 574080 12624 0
1785863731830 585068 572448 12620 0
1785863731862 585412 572792 12620 0
1785863731894 587800 575176 12624 0
1785863731925 588232 575608 12624 0
1785863731955 588232 575608 12624 0
1785863731987 588232 575608 12624 0
1785863732017 588232 575608 12624 0
1785863732048 588232 575608 12624 0
1785863732080 588232 575608 12624 0
1785863732110 588232 575608 12624 0
1785863732142 587696 575072 12624 0
1785863732173 587696 575072 12624 0
1785863732203 587160 574536 12624 0
1785863732235 586624 574000 12624 0
1785863732266 586088 573464 12624 0
1785863732298 583904 571280 12624 0
1785863732328 583368 570744 12624 0
1785863732359 581760 569136 12624 0
1785863732389 578496 565872 12624 0
1785863732420 578496 565872 12624 0
1785863732448 578496 565872 12624 0
1785863732475 577240 564616 12624 0
1785863732502 577240 564616 12624 0
1785863732531 570236 557612 12624 0
1785863732561 570236 557612 12624 0
1785863732591 570236 557612 12624 0
1785863732622 570236 557612 12624 0
1785863732653 570236 557612 12624 0
1785863732684 570236 557612 12624 0
1785863732716 570236 557612 12624 0
1785863732747 570236 557612 12624 0
1785863732778 570236 557612 12624 0
1785863732810 570236 557612 12624 0
1785863732841 570236 557612 12624 0
1785863732872 570236 557612 12624 0
1785863732903 570236 557612 12624 0
1785863732934 570236 557612 12624 0
1785863732965 570236 557612 12624 0
1785863732996 570236 557612 12624 0
1785863733027 570236 557612 12624 0
1785863733058 570236 557612 12624 0
1785863733089 570236 557612 12624 0
1785863733118 570236 557612 12624 0
1785863733148 575284 562660 12624 0
1785863733179 578372 565748 12624 0
1785863733210 578372 565748 12624 0
1785863733239 578372 565748 12624 0
1785863733268 578372 565748 12624 0
1785863733296 578372 565748 12624 0
1785863733325 578372 565748 12624 0
1785863733355 578380 565756 12624 0
1785863733385 585948 573324 12624 0
1785863733417 585452 572828 12624 0
1785863733448 585452 572828 12624 0
1785863733480 585452 572828 12624 0
1785863733510 585452 572828 12624 0
1785863733540 585452 572828 12624 0
1785863733569 584956 572332 12624 0
1785863733598 583492 570868 12624 0
1785863733626 583492 570868 12624 0
1785863733657 583492 570868 12624 0
1785863733687 578900 566276 12624 0
1785863733718 563716 558976 4740 0
1785863733749 570348 557724 12624 0
1785863733779 570000 557376 12624 0
1785863733825 580136 567512 12624 0
1785863733856 580136 567512 12624 0
1785863733885 580136 567512 12624 0
1785863733913 580136 567512 12624 0
1785863733942 580572 567948 12624 0
1785863733971 580572 567948 12624 0
1785863734002 583880 571256 12624 0
1785863734034 584752 572128 12624 0
1785863734065 585200 572576 12624 0
1785863734097 586952 574328 12624 0
1785863734128 586996 574372 12624 0
1785863734159 586996 574372 12624 0
1785863734190 587252 574628 12624 0
1785863734221 587252 574628 12624 0
1785863734250 587516 574892 12624 0
1785863734281 587520 574896 12624 0
1785863734312 590088 577464 12624 0
1785863734344 591368 578744 12624 0
1785863734376 592136 579512 12624 0
1785863734407 592904 580280 12624 0
1785863734439 594696 582072 12624 0
1785863734471 594952 582328 12624 0
1785863734503 594952 582328 12624 0
1785863734534 594952 582328 12624 0
1785863734565 594952 582328 12624 0
1785863734597 594952 582328 12624 0
1785863734629 594952 582328 12624 0
1785863734660 600360 587736 12624 0
1785863734693 599624 587000 12624 0
1785863734727 599624 587000 12624 0
1785863734760 599624 587000 12624 0
1785863734791 599624 587000 12624 0
1785863734824 599624 587000 12624 0
1785863734858 599624 587000 12624 0
1785863734890 598888 586264 12624 0
1785863734924 598888 586264 12624 0
1785863734961 598888 586264 12624 0
1785863734993 595940 583316 12624 0
1785863735026 595200 582576 12624 0
1785863735058 593724 581100 12624 0
1785863735090 588060 575436 12624 0
1785863735121 587080 574456 12624 0
1785863735152 587080 574456 12624 0
1785863735182 586268 573644 12624 0
1785863735212 585504 572880 12624 0
1785863735243 582396 569776 12620 0
1785863735273 576380 563756 12624 0
1785863735302 576380 563756 12624 0
1785863735330 576380 563756 12624 0
1785863735359 574044 561424 12620 0
1785863735389 584516 571892 12624 0
1785863735420 584516 571892 12624 0
1785863735449 584516 571892 12624 0
1785863735478 584516 571892 12624 0
1785863735506 584516 571892 12624 0
1785863735533 584516 571892 12624 0
1785863735561 584516 571892 12624 0
1785863735589 587988 575364 12624 0
1785863735619 592564 579940 12624 0
1785863735649 592564 579940 12624 0
1785863735681 592564 579940 12624 0
1785863735712 592564 579940 12624 0
1785863735743 592564 579940 12624 0
1785863735773 592564 579940 12624 0
1785863735803 592564 579940 12624 0
1785863735833 592564 579940 12624 0
1785863735863 588304 577732 10572 0
1785863735898 590900 578280 12620 0
1785863735929 583328 578588 4740 0
1785863735961 594308 581684 12624 0
1785863735991 594324 581700 12624 0
1785863736022 594932 582308 12624 0
1785863736052 594932 582308 12624 0
1785863736083 594932 582308 12624 0
1785863736115 594396 581772 12624 0
1785863736146 594396 581772 12624 0
1785863736177 594396 581772 12624 0
1785863736208 594396 581772 12624 0
1785863736240 590684 578060 12624 0
1785863736270 590108 577484 12624 0
1785863736302 587428 574804 12624 0
1785863736332 586356 573732 12624 0
1785863736361 586356 573732 12624 0
1785863736387 586356 573732 12624 0
1785863736418 578288 569132 9156 0
1785863736448 581692 569068 12624 0
1785863736479 574044 561424 12620 0
1785863736509 579396 566772 12624 0
1785863736539 578652 566032 12620 0
1785863736570 580116 567496 12620 0
1785863736604 587700 575076 12624 0
1785863736634 588020 575396 12624 0
1785863736663 588020 575396 12624 0
1785863736690 588660 576036 12624 0
1785863736719 589300 576676 12624 0
1785863736749 592180 579556 12624 0
1785863736782 592820 580196 12624 0
1785863736814 592820 580196 12624 0
1785863736845 592820 580196 12624 0
1785863736877 592324 579700 12624 0
1785863736907 591828 579204 12624 0
1785863736936 591332 578708 12624 0
1785863736965 590836 578212 12624 0
1785863736994 589844 577220 12624 0
1785863737024 589844 577220 12624 0
1785863737054 584388 571764 12624 0
1785863737084 581556 568936 12620 0
1785863737115 580556 567936 12620 0
1785863737146 576380 563756 12624 0
1785863737175 576380 563756 12624 0
1785863737204 576380 563756 12624 0
1785863737236 576380 563756 12624 0
1785863737267 576380 563756 12624 0
1785863737299 576380 563756 12624 0
1785863737331 576380 563756 12624 0
1785863737363 576380 563756 12624 0
1785863737395 576380 563756 12624 0
1785863737427 576380 563756 12624 0
1785863737459 576380 563756 12624 0
1785863737492 576380 563756 12624 0
1785863737525 576380 563756 12624 0
1785863737557 576380 563756 12624 0
1785863737590 576380 563756 12624 0
1785863737623 576380 563756 12624 0
1785863737655 576380 563756 12624 0
1785863737687 576380 563756 12624 0
1785863737720 576380 563756 12624 0
1785863737752 576380 563756 12624 0
1785863737784 576380 563756 12624 0
1785863737816 576380 563756 12624 0
1785863737848 576380 563756 12624 0
1785863737880 576380 563756 12624 0
1785863737912 576380 563756 12624 0
1785863737944 576380 563756 12624 0
1785863737976 576380 563756 12624 0
1785863738008 576380 563756 12624 0
1785863738040 576380 563756 12624 0
1785863738072 576380 563756 12624 0
1785863738105 576380 563756 12624 0
1785863738137 576380 563756 12624 0
1785863738169 576380 563756 12624 0
1785863738201 576380 563756 12624 0
1785863738235 576380 563756 12624 0
1785863738268 576380 563756 12624 0
1785863738301 576380 563756 12624 0
1785863738335 576380 563756 12624 0
1785863738368 576380 563756 12624 0
1785863738401 576380 563756 12624 0
1785863738434 576380 563756 12624 0
1785863738467 576380 563756 12624 0
1785863738500 576380 563756 12624 0
1785863738533 576380 563756 12624 0
1785863738564 576380 563756 12624 0
1785863738594 576380 563756 12624 0
1785863738624 576380 563756 12624 0
1785863738655 576380 563756 12624 0
1785863738686 576380 563756 12624 0
1785863738716 576380 563756 12624 0
1785863738747 576380 563756 12624 0
1785863738778 576380 563756 12624 0
1785863738808 576380 563756 12624 0
1785863738839 576380 563756 12624 0
1785863738870 576380 563756 12624 0
1785863738901 576380 563756 12624 0
1785863738932 576380 563756 12624 0
1785863738962 576380 563756 12624 0
1785863738993 576380 563756 12624 0
1785863739024 576380 563756 12624 0
1785863739055 576380 563756 12624 0
1785863739085 576380 563756 12624 0
1785863739117 576380 563756 12624 0
1785863739147 576380 563756 12624 0
1785863739178 576380 563756 12624 0
1785863739209 576380 563756 12624 0
1785863739240 576380 563756 12624 0
1785863739271 576380 563756 12624 0
1785863739301 576380 563756 12624 0
1785863739332 576380 563756 12624 0
1785863739363 576380 563756 12624 0
1785863739394 576380 563756 12624 0
1785863739424 576380 563756 12624 0
1785863739454 576380 563756 12624 0
1785863739485 576380 563756 12624 0
1785863739516 576380 563756 12624 0
1785863739547 576380 563756 12624 0
1785863739578 576380 563756 12624 0
1785863739609 576380 563756 12624 0
1785863739639 576380 563756 12624 0
1785863739670 576380 563756 12624 0
1785863739696 576380 563756 12624 0
1785863739721 576380 563756 12624 0
1785863739746 576380 563756 12624 0
1785863739773 576380 563756 12624 0
1785863739800 576380 563756 12624 0
1785863739826 576380 563756 12624 0
1785863739857 576380 563756 12624 0
1785863739888 576380 563756 12624 0
1785863739917 576380 563756 12624 0
1785863739946 576380 563756 12624 0
1785863739983 584516 571892 12624 0
1785863740014 584516 571892 12624 0
1785863740043 584516 571892 12624 0
1785863740071 584516 571892 12624 0
1785863740101 584516 571892 12624 0
1785863740129 584516 571892 12624 0
1785863740157 584516 571892 12624 0
1785863740185 584516 571892 12624 0
1785863740212 584516 571892 12624 0
1785863740240 584516 571892 12624 0
1785863740268 584516 571892 12624 0
1785863740295 584516 571892 12624 0
1785863740324 584516 571892 12624 0
1785863740353 585028 572404 12624 0
1785863740381 586516 573892 12624 0
1785863740410 590548 577924 12624 0
1785863740440 591572 578948 12624 0
1785863740474 591572 578948 12624 0
1785863740504 592068 579444 12624 0
1785863740535 592068 579444 12624 0
1785863740566 592564 579940 12624 0
1785863740598 592564 579940 12624 0
1785863740628 592564 579940 12624 0
1785863740659 592564 579940 12624 0
1785863740687 592564 579940 12624 0
1785863740717 592564 579940 12624 0
1785863740745 592564 579940 12624 0
1785863740771 592564 579940 12624 0
1785863740802 590252 577632 12620 0
1785863740851 592796 580172 12624 0
1785863740881 590460 577840 12620 0
1785863740911 589568 576944 12624 0
1785863740944 584468 571844 12624 0
1785863740975 584468 571844 12624 0
1785863741006 584468 571844 12624 0
1785863741035 583012 570392 12620 0
1785863741067 584516 571892 12624 0
1785863741102 584516 571892 12624 0
1785863741133 584516 571892 12624 0
1785863741162 584516 571892 12624 0
1785863741192 584516 571892 12624 0
1785863741219 584516 571892 12624 0
1785863741246 584516 571892 12624 0
1785863741274 584516 571892 12624 0
1785863741302 584516 571892 12624 0
1785863741330 584516 571892 12624 0
1785863741359 592564 579940 12624 0
1785863741392 592564 579940 12624 0
1785863741423 592564 579940 12624 0
1785863741454 592564 579940 12624 0
1785863741486 592584 579960 12624 0
1785863741518 592628 580004 12624 0
1785863741549 592628 580004 12624 0
1785863741580 592628 580004 12624 0
1785863741610 592628 580004 12624 0
1785863741641 592628 580004 12624 0
1785863741671 592628 580004 12624 0
1785863741700 590360 577736 12624 0
1785863741732 590380 577760 12620 0
1785863741763 594932 582308 12624 0
1785863741806 595892 583268 12624 0
1785863741836 595892 583268 12624 0
1785863741867 591140 580904 10236 0
1785863741898 593580 580960 12620 0
1785863741929 596012 583388 12624 0
1785863741960 596596 583972 12624 0
1785863741992 599092 586468 12624 0
1785863742024 599092 586468 12624 0
1785863742055 599092 586468 12624 0
1785863742085 599092 586468 12624 0
1785863742115 599284 586660 12624 0
1785863742146 599928 587304 12624 0
1785863742177 603124 590500 12624 0
1785863742208 603124 590500 12624 0
1785863742243 612424 599800 12624 0
1785863742276 34672 26788 7884 0
1785863742298 651068 638444 12624 0
1785863742330 668296 655676 12620 0
1785863742364 694848 682224 12624 0
1785863742396 700880 688256 12624 0
1785863742430 617396 604772 12624 0
1785863742460 617396 604772 12624 0
1785863742491 617396 604772 12624 0
1785863742522 617396 604772 12624 0
1785863742552 617396 604772 12624 0
1785863742584 617396 604772 12624 0
1785863742615 617396 604772 12624 0
1785863742645 617396 604772 12624 0
1785863742677 623220 610596 12624 0
1785863742709 623220 610596 12624 0
1785863742742 623220 610596 12624 0
1785863742774 623220 610596 12624 0
1785863742806 623220 610596 12624 0
1785863742837 623220 610596 12624 0
1785863742869 623220 610596 12624 0
1785863742901 623220 610596 12624 0
1785863742933 623284 610660 12624 0
1785863742965 700080 687456 12624 0
1785863742998 697744 685124 12620 0
1785863743038 36208 28324 7884 0
1785863743062 839380 826756 12624 0
1785863743097 840636 828012 12624 0
1785863743130 847532 834908 12624 0
1785863743167 848308 835684 12624 0
1785863743203 848308 835684 12624 0
1785863743238 769716 757092 12624 0
1785863743271 769716 757092 12624 0
1785863743303 769716 757092 12624 0
1785863743336 769716 757092 12624 0
1785863743366 769716 757092 12624 0
1785863743397 769716 757092 12624 0
1785863743430 769716 757092 12624 0
1785863743463 731700 719076 12624 0
1785863743496 731700 719076 12624 0
1785863743530 731700 719076 12624 0
1785863743562 731700 719076 12624 0
1785863743594 731700 719076 12624 0
1785863743626 731700 719076 12624 0
1785863743656 731700 719076 12624 0
1785863743685 731700 719076 12624 0
1785863743717 731700 719076 12624 0
1785863743749 731700 719076 12624 0
1785863743782 731700 719076 12624 0
1785863743815 731700 719076 12624 0
1785863743847 731700 719076 12624 0
1785863743881 731700 719076 12624 0
1785863743914 731700 719076 12624 0
1785863743946 731700 719076 12624 0
1785863743978 731700 719076 12624 0
1785863744010 731700 719076 12624 0
1785863744043 731700 719076 12624 0
1785863744075 731700 719076 12624 0
1785863744107 731700 719076 12624 0
1785863744140 731700 719076 12624 0
1785863744172 731700 719076 12624 0
1785863744204 731700 719076 12624 0
1785863744237 731700 719076 12624 0
1785863744268 731700 719076 12624 0
1785863744301 731700 719076 12624 0
1785863744333 731700 719076 12624 0
1785863744366 731700 719076 12624 0
1785863744399 737980 725356 12624 0
1785863744440 749108 736484 12624 0
1785863744474 749108 736484 12624 0
1785863744506 749108 736484 12624 0
1785863744539 749108 736484 12624 0
1785863744571 749108 736484 12624 0
1785863744604 749108 736484 12624 0
1785863744635 749108 736484 12624 0
1785863744667 749108 736484 12624 0
1785863744700 749108 736484 12624 0
1785863744732 749108 736484 12624 0
1785863744764 749108 736484 12624 0
1785863744797 749108 736484 12624 0
1785863744830 749108 736484 12624 0
1785863744862 749108 736484 12624 0
1785863744894 749108 736484 12624 0
1785863744925 749108 736484 12624 0
1785863744956 749108 736484 12624 0
1785863744989 749108 736484 12624 0
1785863745023 749108 736484 12624 0
1785863745056 749108 736484 12624 0
1785863745090 749108 736484 12624 0
1785863745122 749108 736484 12624 0
1785863745154 749108 736484 12624 0
1785863745186 749108 736484 12624 0
1785863745218 749108 736484 12624 0
1785863745251 749108 736484 12624 0
1785863745283 749108 736484 12624 0
1785863745314 749108 736484 12624 0
1785863745345 749108 736484 12624 0
1785863745377 749108 736484 12624 0
1785863745409 749108 736484 12624 0
1785863745442 749108 736484 12624 0
1785863745475 749108 736484 12624 0
1785863745508 749108 736484 12624 0
1785863745540 749108 736484 12624 0
1785863745573 749108 736484 12624 0
1785863745606 749108 736484 12624 0
1785863745639 749108 736484 12624 0
1785863745671 749108 736484 12624 0
1785863745701 749108 736484 12624 0
1785863745732 749108 736484 12624 0
1785863745765 749108 736484 12624 0
1785863745797 749108 736484 12624 0
1785863745829 749108 736484 12624 0
1785863745861 749108 736484 12624 0
1785863745892 749108 736484 12624 0
1785863745925 749108 736484 12624 0
1785863745957 749108 736484 12624 0
1785863745989 749108 736484 12624 0
1785863746022 749108 736484 12624 0
1785863746056 749108 736484 12624 0
1785863746088 749108 736484 12624 0
1785863746121 749108 736484 12624 0
1785863746154 749108 736484 12624 0
1785863746186 749108 736484 12624 0
1785863746217 749108 736484 12624 0
1785863746249 749108 736484 12624 0
1785863746281 749108 736484 12624 0
1785863746315 749108 736484 12624 0
1785863746347 749108 736484 12624 0
1785863746377 749108 736484 12624 0
1785863746409 749108 736484 12624 0
1785863746442 749108 736484 12624 0
1785863746476 749108 736484 12624 0
1785863746509 749108 736484 12624 0
1785863746540 749108 736484 12624 0
1785863746573 749108 736484 12624 0
1785863746606 749108 736484 12624 0
1785863746638 749108 736484 12624 0
1785863746670 749108 736484 12624 0
1785863746703 749108 736484 12624 0
1785863746736 749108 736484 12624 0
1785863746769 749108 736484 12624 0
1785863746804 749108 736484 12624 0
1785863746837 749108 736484 12624 0
1785863746871 749108 736484 12624 0
1785863746903 749108 736484 12624 0
1785863746936 749108 736484 12624 0
1785863746968 749108 736484 12624 0
1785863746999 749108 736484 12624 0
1785863747031 749108 736484 12624 0
1785863747065 749108 736484 12624 0
1785863747098 749108 736484 12624 0
1785863747132 749108 736484 12624 0
1785863747165 747628 735004 12624 0
1785863747198 745408 732784 12624 0
1785863747230 743188 730564 12624 0
1785863747264 741708 729084 12624 0
1785863747297 740228 727604 12624 0
1785863747328 737268 724644 12624 0
1785863747359 737268 724644 12624 0
1785863747389 737268 724644 12624 0
1785863747422 737268 724644 12624 0
1785863747453 737268 724644 12624 0
1785863747484 737268 724644 12624 0
1785863747516 737268 724644 12624 0
1785863747544 737268 724644 12624 0
1785863747573 737268 724644 12624 0
1785863747604 737268 724644 12624 0
1785863747635 737268 724644 12624 0
1785863747666 737268 724644 12624 0
1785863747697 737268 724644 12624 0
1785863747726 737268 724644 12624 0
1785863747755 737268 724644 12624 0
1785863747785 737268 724644 12624 0
1785863747816 737268 724644 12624 0
1785863747846 737268 724644 12624 0
1785863747875 737268 724644 12624 0
1785863747905 737268 724644 12624 0
1785863747937 737268 724644 12624 0
1785863747969 737268 724644 12624 0
1785863748000 737268 724644 12624 0
1785863748032 737268 724644 12624 0
1785863748064 737268 724644 12624 0
1785863748095 737268 724644 12624 0
1785863748125 737268 724644 12624 0
1785863748155 737268 724644 12624 0
1785863748183 737268 724644 12624 0
1785863748213 737268 724644 12624 0
1785863748242 737268 724644 12624 0
1785863748272 737268 724644 12624 0
1785863748302 737268 724644 12624 0
1785863748330 737268 724644 12624 0
1785863748360 737268 724644 12624 0
1785863748391 737268 724644 12624 0
1785863748423 737268 724644 12624 0
1785863748455 737268 724644 12624 0
1785863748487 737268 724644 12624 0
1785863748518 737268 724644 12624 0
1785863748546 737268 724644 12624 0
1785863748575 737268 724644 12624 0
1785863748605 737268 724644 12624 0
1785863748635 737268 724644 12624 0
1785863748664 737268 724644 12624 0
1785863748693 638864 626240 12624 0
1785863748723 638864 626240 12624 0
1785863748752 638864 626240 12624 0
1785863748784 638864 626240 12624 0
1785863748814 638864 626240 12624 0
1785863748844 638864 626240 12624 0
1785863748873 638864 626240 12624 0
1785863748904 638124 625500 12624 0
1785863748934 637384 624760 12624 0
1785863748962 637384 624760 12624 0
1785863748994 637384 624760 12624 0
1785863749025 637384 624760 12624 0
1785863749055 637384 624760 12624 0
1785863749085 637384 624760 12624 0
1785863749112 637384 624760 12624 0
1785863749139 636524 623900 12624 0
1785863749167 636524 623900 12624 0
1785863749197 635760 623136 12624 0
1785863749227 634996 622372 12624 0
1785863749259 634996 622372 12624 0
1785863749289 634996 622372 12624 0
1785863749319 634996 622372 12624 0
1785863749349 634996 622372 12624 0
1785863749377 634996 622372 12624 0
1785863749405 634676 622372 12304 0
1785863749435 630412 617788 12624 0
1785863749464 570236 557612 12624 0
1785863749493 570236 557612 12624 0
1785863749522 570236 557612 12624 0
1785863749550 570236 557612 12624 0
1785863749575 570236 557612 12624 0
1785863749601 570236 557612 12624 0
1785863749627 570236 557612 12624 0
1785863749652 570236 557612 12624 0
1785863749677 570236 557612 12624 0
1785863749707 570236 557612 12624 0
1785863749737 570236 557612 12624 0
1785863749767 570236 557612 12624 0
1785863749797 570236 557612 12624 0
1785863749827 570236 557612 12624 0
1785863749857 570236 557612 12624 0
1785863749887 570236 557612 12624 0
1785863749916 570236 557612 12624 0
1785863749946 570236 557612 12624 0
1785863749976 570236 557612 12624 0
1785863750006 570236 557612 12624 0
1785863750036 570236 557612 12624 0
1785863750066 570236 557612 12624 0
1785863750096 570236 557612 12624 0
1785863750126 570236 557612 12624 0
1785863750156 570236 557612 12624 0
1785863750186 570236 557612 12624 0
1785863750216 570236 557612 12624 0
1785863750246 570236 557612 12624 0
1785863750276 570236 557612 12624 0
1785863750306 570236 557612 12624 0
1785863750336 570236 557612 12624 0
1785863750366 570236 557612 12624 0
1785863750397 570236 557612 12624 0
1785863750426 570236 557612 12624 0
1785863750456 570236 557612 12624 0
1785863750486 570236 557612 12624 0
1785863750516 570236 557612 12624 0
1785863750546 570236 557612 12624 0
1785863750576 570236 557612 12624 0
1785863750606 570236 557612 12624 0
1785863750636 570236 557612 12624 0
1785863750666 570236 557612 12624 0
1785863750696 570236 557612 12624 0
1785863750726 570236 557612 12624 0
1785863750756 570236 557612 12624 0
1785863750786 570236 557612 12624 0
1785863750815 570236 557612 12624 0
1785863750845 570236 557612 12624 0
1785863750875 570236 557612 12624 0
1785863750905 570236 557612 12624 0
1785863750935 570236 557612 12624 0
1785863750965 570236 557612 12624 0
1785863750995 570236 557612 12624 0
1785863751025 570236 557612 12624 0
1785863751055 570236 557612 12624 0
1785863751085 570236 557612 12624 0
1785863751116 570236 557612 12624 0
1785863751146 570236 557612 12624 0
1785863751176 570236 557612 12624 0
1785863751206 570236 557612 12624 0
1785863751236 570236 557612 12624 0
1785863751266 570236 557612 12624 0
1785863751296 570236 557612 12624 0
1785863751326 570236 557612 12624 0
1785863751356 570236 557612 12624 0
1785863751386 570236 557612 12624 0
1785863751416 570236 557612 12624 0
1785863751446 570236 557612 12624 0
1785863751476 570236 557612 12624 0
1785863751506 570236 557612 12624 0
1785863751534 570236 557612 12624 0
1785863751561 570236 557612 12624 0
1785863751598 570236 557612 12624 0
1785863751630 570236 557612 12624 0
1785863751661 570236 557612 12624 0
1785863751690 571416 558796 12620 0
1785863751721 578372 565748 12624 0
1785863751750 578372 565748 12624 0
1785863751781 578372 565748 12624 0
1785863751811 578372 565748 12624 0
1785863751839 578372 565748 12624 0
1785863751868 578868 566244 12624 0
1785863751897 578868 566244 12624 0
1785863751927 582316 569692 12624 0
1785863751958 585908 573284 12624 0
1785863751989 585908 573284 12624 0
1785863752021 586420 573796 12624 0
1785863752051 586420 573796 12624 0
1785863752082 586420 573796 12624 0
1785863752113 585948 573324 12624 0
1785863752143 585524 572900 12624 0
1785863752175 582148 569528 12620 0
1785863752206 580636 568012 12624 0
1785863752238 580408 567784 12624 0
1785863752269 564820 560080 4740 0
1785863752299 66164 53708 12456 0
1785863752322 571744 559120 12624 0
1785863752353 572260 559636 12624 0
1785863752384 580652 568028 12624 0
1785863752414 580652 568028 12624 0
1785863752445 580652 568028 12624 0
1785863752474 580652 568028 12624 0
1785863752503 580652 568028 12624 0
1785863752530 580652 568028 12624 0
1785863752560 581088 568464 12624 0
1785863752589 587192 574568 12624 0
1785863752621 587192 574568 12624 0
1785863752652 587212 574588 12624 0
1785863752685 587252 574628 12624 0
1785863752716 587252 574628 12624 0
1785863752746 587256 574632 12624 0
1785863752777 587768 575144 12624 0
1785863752807 587768 575144 12624 0
1785863752839 587796 575172 12624 0
1785863752871 590100 577476 12624 0
1785863752904 591892 579268 12624 0
1785863752936 592148 579524 12624 0
1785863752970 592916 580292 12624 0
1785863753001 594708 582084 12624 0
1785863753033 594964 582340 12624 0
1785863753066 594964 582340 12624 0
1785863753098 594964 582340 12624 0
1785863753129 594964 582340 12624 0
1785863753160 594964 582340 12624 0
1785863753190 594724 582100 12624 0
1785863753221 594228 581604 12624 0
1785863753254 589668 580124 9544 0
1785863753288 592752 580128 12624 0
1785863753319 592752 580128 12624 0
1785863753350 592752 580128 12624 0
1785863753383 592016 579392 12624 0
1785863753415 590540 577916 12624 0
1785863753446 590540 577916 12624 0
1785863753477 588320 575696 12624 0
1785863753510 588320 575696 12624 0
1785863753541 586840 574216 12624 0
1785863753574 584624 572000 12624 0
1785863753613 579316 566696 12620 0
1785863753644 580124 567500 12624 0
1785863753674 578596 565972 12624 0
1785863753704 577832 565208 12624 0
1785863753733 577068 564444 12624 0
1785863753763 574732 562112 12620 0
1785863753792 573968 561348 12620 0
1785863753821 64452 55408 9044 0
1785863753843 570236 557612 12624 0
1785863753873 570236 557612 12624 0
1785863753902 570236 557612 12624 0
1785863753932 578372 565748 12624 0
1785863753962 578372 565748 12624 0
1785863753990 578372 565748 12624 0
1785863754019 578372 565748 12624 0
1785863754047 578372 565748 12624 0
1785863754074 578372 565748 12624 0
1785863754103 578372 565748 12624 0
1785863754130 578372 565748 12624 0
1785863754158 586420 573796 12624 0
1785863754190 586420 573796 12624 0
1785863754222 584084 571464 12620 0
1785863754254 586476 573852 12624 0
1785863754284 586492 573868 12624 0
1785863754313 586492 573868 12624 0
1785863754342 586568 573944 12624 0
1785863754372 584232 571612 12620 0
1785863754402 584240 571620 12620 0
1785863754438 587040 574416 12624 0
1785863754469 582596 572360 10236 0
1785863754501 587624 575000 12624 0
1785863754533 588684 576060 12624 0
1785863754564 588712 576088 12624 0
1785863754594 588788 576164 12624 0
1785863754624 588252 575628 12624 0
1785863754657 588252 575628 12624 0
1785863754689 588252 575628 12624 0
1785863754720 588252 575628 12624 0
1785863754751 588252 575628 12624 0
1785863754782 588252 575628 12624 0
1785863754812 588252 575628 12624 0
1785863754842 588252 575628 12624 0
1785863754873 587696 575072 12624 0
1785863754904 587080 574456 12624 0
1785863754935 582336 569712 12624 0
1785863754967 581800 569176 12624 0
1785863754997 579656 567032 12624 0
1785863755029 579656 567032 12624 0
1785863755058 579656 567032 12624 0
1785863755088 579656 567032 12624 0
1785863755115 579656 567032 12624 0
1785863755141 579656 567032 12624 0
1785863755168 579656 567032 12624 0
1785863755196 579100 566476 12624 0
1785863755225 579100 566476 12624 0
1785863755255 575628 563008 12620 0
1785863755286 573252 560628 12624 0
1785863755316 573252 560628 12624 0
1785863755345 576180 563556 12624 0
1785863755381 568708 563968 4740 0
1785863755413 581556 568932 12624 0
1785863755444 581556 568932 12624 0
1785863755473 581876 569252 12624 0
1785863755502 581876 569252 12624 0
1785863755531 581876 569252 12624 0
1785863755560 581876 569252 12624 0
1785863755588 586356 573732 12624 0
1785863755620 586356 573732 12624 0
1785863755654 586676 574052 12624 0
1785863755685 586676 574052 12624 0
1785863755714 586676 574052 12624 0
1785863755745 586180 573556 12624 0
1785863755774 586180 573556 12624 0
1785863755802 586180 573556 12624 0
1785863755831 585684 573060 12624 0
1785863755862 585684 573060 12624 0
1785863755893 585188 572564 12624 0
1785863755924 578740 566116 12624 0
1785863755955 578740 566116 12624 0
1785863755986 578244 565620 12624 0
1785863756016 568272 558736 9536 0
1785863756046 570236 557612 12624 0
1785863756076 570236 557612 12624 0
1785863756104 570236 557612 12624 0
1785863756137 570236 557612 12624 0
1785863756167 570236 557612 12624 0
1785863756197 570236 557612 12624 0
1785863756225 570236 557612 12624 0
1785863756254 570236 557612 12624 0
1785863756283 570236 557612 12624 0
1785863756316 570236 557612 12624 0
1785863756348 570236 557612 12624 0
1785863756381 570236 557612 12624 0
1785863756413 570236 557612 12624 0
1785863756445 570236 557612 12624 0
1785863756480 570236 557612 12624 0
1785863756511 570236 557612 12624 0
1785863756543 570236 557612 12624 0
1785863756575 570236 557612 12624 0
1785863756607 570236 557612 12624 0
1785863756639 570236 557612 12624 0
1785863756671 570236 557612 12624 0
1785863756703 570236 557612 12624 0
1785863756735 570236 557612 12624 0
1785863756768 570236 557612 12624 0
1785863756799 570236 557612 12624 0
1785863756831 570236 557612 12624 0
1785863756864 570236 557612 12624 0
1785863756896 570236 557612 12624 0
1785863756928 570236 557612 12624 0
1785863756960 570236 557612 12624 0
1785863756991 570236 557612 12624 0
1785863757021 570236 557612 12624 0
1785863757051 570236 557612 12624 0
1785863757080 570236 557612 12624 0
1785863757110 570236 557612 12624 0
1785863757140 570236 557612 12624 0
1785863757168 570236 557612 12624 0
1785863757196 570236 557612 12624 0
1785863757228 570236 557612 12624 0
1785863757260 570236 557612 12624 0
1785863757293 570236 557612 12624 0
1785863757325 570236 557612 12624 0
1785863757357 570236 557612 12624 0
1785863757389 570236 557612 12624 0
1785863757422 570236 557612 12624 0
1785863757454 570236 557612 12624 0
1785863757486 570236 557612 12624 0
1785863757518 570236 557612 12624 0
1785863757550 570236 557612 12624 0
1785863757582 570236 557612 12624 0
1785863757615 570236 557612 12624 0
1785863757647 570236 557612 12624 0
1785863757679 570236 557612 12624 0
1785863757711 570236 557612 12624 0
1785863757744 570236 557612 12624 0
1785863757776 570236 557612 12624 0
1785863757809 570236 557612 12624 0
1785863757839 570236 557612 12624 0
1785863757867 570236 557612 12624 0
1785863757899 570236 557612 12624 0
1785863757929 570236 557612 12624 0
1785863757959 570236 557612 12624 0
1785863757989 570236 557612 12624 0
1785863758018 570236 557612 12624 0
1785863758047 570236 557612 12624 0
1785863758074 570236 557612 12624 0
1785863758102 570236 557612 12624 0
1785863758131 570236 557612 12624 0
1785863758163 570236 557612 12624 0
1785863758196 570236 557612 12624 0
1785863758227 570236 557612 12624 0
1785863758259 570236 557612 12624 0
1785863758292 570236 557612 12624 0
1785863758324 570236 557612 12624 0
1785863758356 570236 557612 12624 0
1785863758388 570236 557612 12624 0
1785863758420 570236 557612 12624 0
1785863758453 570236 557612 12624 0
1785863758486 570236 557612 12624 0
1785863758518 570236 557612 12624 0
1785863758550 570236 557612 12624 0
1785863758583 570236 557612 12624 0
1785863758615 570236 557612 12624 0
1785863758648 570236 557612 12624 0
1785863758680 570236 557612 12624 0
1785863758712 570236 557612 12624 0
1785863758743 570236 557612 12624 0
1785863758773 570236 557612 12624 0
1785863758803 570236 557612 12624 0
1785863758832 570236 557612 12624 0
1785863758862 570236 557612 12624 0
1785863758892 570236 557612 12624 0
1785863758922 570236 557612 12624 0
1785863758955 570236 557612 12624 0
1785863758988 570236 557612 12624 0
1785863759021 570236 557612 12624 0
1785863759054 570236 557612 12624 0
1785863759087 570236 557612 12624 0
1785863759121 570236 557612 12624 0
1785863759154 570236 557612 12624 0
1785863759187 570236 557612 12624 0
1785863759221 570236 557612 12624 0
1785863759255 570236 557612 12624 0
1785863759287 570236 557612 12624 0
1785863759318 570236 557612 12624 0
1785863759347 570236 557612 12624 0
1785863759380 570236 557612 12624 0
1785863759413 570236 557612 12624 0
1785863759447 570236 557612 12624 0
1785863759480 570236 557612 12624 0
1785863759514 570236 557612 12624 0
1785863759548 570236 557612 12624 0
1785863759582 570236 557612 12624 0
1785863759616 570236 557612 12624 0
1785863759650 570236 557612 12624 0
1785863759684 570236 557612 12624 0
1785863759718 570236 557612 12624 0
1785863759751 570236 557612 12624 0
1785863759782 570236 557612 12624 0
1785863759813 570236 557612 12624 0
1785863759845 570236 557612 12624 0
1785863759877 570236 557612 12624 0
1785863759910 570236 557612 12624 0
1785863759944 570236 557612 12624 0
1785863759977 570236 557612 12624 0
1785863760011 570236 557612 12624 0
1785863760045 570236 557612 12624 0
1785863760079 570236 557612 12624 0
1785863760112 570236 557612 12624 0
1785863760145 570236 557612 12624 0
1785863760178 570236 557612 12624 0
1785863760210 570236 557612 12624 0
1785863760243 570236 557612 12624 0
1785863760276 570236 557612 12624 0
1785863760310 570236 557612 12624 0
1785863760344 570236 557612 12624 0
1785863760378 570236 557612 12624 0
1785863760412 570236 557612 12624 0
1785863760446 570236 557612 12624 0
1785863760480 570236 557612 12624 0
1785863760514 570236 557612 12624 0
1785863760548 570236 557612 12624 0
1785863760583 570236 557612 12624 0
1785863760616 570236 557612 12624 0
1785863760648 570236 557612 12624 0
1785863760680 570236 557612 12624 0
1785863760713 570236 557612 12624 0
1785863760747 570236 557612 12624 0
1785863760780 570236 557612 12624 0
1785863760814 570236 557612 12624 0
1785863760849 570236 557612 12624 0
1785863760883 570236 557612 12624 0
1785863760917 570236 557612 12624 0
1785863760951 570236 557612 12624 0
1785863760985 570236 557612 12624 0
1785863761019 570236 557612 12624 0
1785863761053 570236 557612 12624 0
1785863761085 570236 557612 12624 0
1785863761116 570236 557612 12624 0
1785863761148 570236 557612 12624 0
1785863761179 570236 557612 12624 0
1785863761210 570236 557612 12624 0
1785863761243 570236 557612 12624 0
1785863761275 570236 557612 12624 0
1785863761307 570236 557612 12624 0
1785863761339 570236 557612 12624 0
1785863761373 570236 557612 12624 0
1785863761406 570236 557612 12624 0
1785863761439 570236 557612 12624 0
1785863761473 570236 557612 12624 0
1785863761507 570236 557612 12624 0
1785863761540 570236 557612 12624 0
1785863761571 570236 557612 12624 0
1785863761605 570236 557612 12624 0
1785863761637 570236 557612 12624 0
1785863761670 570236 557612 12624 0
1785863761704 570236 557612 12624 0
1785863761738 570236 557612 12624 0
1785863761772 570236 557612 12624 0
1785863761806 570236 557612 12624 0
1785863761840 570236 557612 12624 0
1785863761874 570236 557612 12624 0
1785863761908 570236 557612 12624 0
1785863761941 570236 557612 12624 0
1785863761972 570236 557612 12624 0
1785863762004 570236 557612 12624 0
1785863762037 570236 557612 12624 0
1785863762071 570236 557612 12624 0
1785863762105 570236 557612 12624 0
1785863762139 570236 557612 12624 0
1785863762173 570236 557612 12624 0
1785863762207 570236 557612 12624 0
1785863762241 570236 557612 12624 0
1785863762276 570236 557612 12624 0
1785863762311 570236 557612 12624 0
1785863762345 570236 557612 12624 0
1785863762379 570236 557612 12624 0
1785863762410 570236 557612 12624 0
1785863762442 570236 557612 12624 0
1785863762473 570236 557612 12624 0
1785863762505 570236 557612 12624 0
1785863762536 570236 557612 12624 0
1785863762569 570236 557612 12624 0
1785863762601 570236 557612 12624 0
1785863762633 570236 557612 12624 0
1785863762666 570236 557612 12624 0
1785863762699 570236 557612 12624 0
1785863762733 570236 557612 12624 0
1785863762766 570236 557612 12624 0
1785863762800 570236 557612 12624 0
1785863762833 570236 557612 12624 0
1785863762864 570236 557612 12624 0
1785863762894 570236 557612 12624 0
1785863762924 570236 557612 12624 0
1785863762953 576700 564076 12624 0
1785863762984 578244 565620 12624 0
1785863763015 578244 565620 12624 0
1785863763042 578244 565620 12624 0
1785863763071 578244 565620 12624 0
1785863763099 578244 565620 12624 0
1785863763126 578244 565620 12624 0
1785863763154 578244 565620 12624 0
1785863763182 578244 565620 12624 0
1785863763209 578244 565620 12624 0
1785863763238 580788 568164 12624 0
1785863763269 586420 573796 12624 0
1785863763301 586420 573796 12624 0
1785863763332 586420 573796 12624 0
1785863763362 586420 573796 12624 0
1785863763393 586420 573796 12624 0
1785863763423 586420 573796 12624 0
1785863763451 586420 573796 12624 0
1785863763481 586420 573796 12624 0
1785863763512 586420 573796 12624 0
1785863763542 586420 573796 12624 0
1785863763572 586420 573796 12624 0
1785863763600 586420 573796 12624 0
1785863763630 586420 573796 12624 0
1785863763659 586420 573796 12624 0
1785863763689 586420 573796 12624 0
1785863763719 586420 573796 12624 0
1785863763750 584116 571496 12620 0
1785863763783 578396 565772 12624 0
1785863763812 578396 565772 12624 0
1785863763839 578396 565772 12624 0
1785863763867 578396 565772 12624 0
1785863763895 578396 565772 12624 0
1785863763922 578396 565772 12624 0
1785863763950 578396 565772 12624 0
1785863763977 578396 565772 12624 0
1785863764003 578396 565772 12624 0
1785863764031 577900 565276 12624 0
1785863764059 577404 564780 12624 0
1785863764089 577404 564780 12624 0
1785863764120 577484 564860 12624 0
1785863764149 577564 564940 12624 0
1785863764177 578372 565748 12624 0
1785863764208 578372 565748 12624 0
1785863764238 578372 565748 12624 0
1785863764267 578372 565748 12624 0
1785863764295 586420 573796 12624 0
1785863764325 584084 571464 12620 0
1785863764357 586452 573828 12624 0
1785863764387 584124 571504 12620 0
1785863764416 586564 573940 12624 0
1785863764453 575760 571020 4740 0
1785863764492 586676 574052 12624 0
1785863764523 586676 574052 12624 0
1785863764551 586676 574052 12624 0
1785863764580 586676 574052 12624 0
1785863764611 586676 574052 12624 0
1785863764642 586676 574052 12624 0
1785863764671 586676 574052 12624 0
1785863764700 586676 574052 12624 0
1785863764727 586676 574052 12624 0
1785863764753 586676 574052 12624 0
1785863764779 586676 574052 12624 0
1785863764807 586676 574052 12624 0
1785863764836 586676 574052 12624 0
1785863764868 586676 574052 12624 0
1785863764899 586676 574052 12624 0
1785863764929 586676 574052 12624 0
1785863764959 586676 574052 12624 0
1785863764991 586676 574052 12624 0
1785863765023 586676 574052 12624 0
1785863765053 585188 572564 12624 0
1785863765082 585188 572564 12624 0
1785863765113 584692 572068 12624 0
1785863765142 584692 572068 12624 0
1785863765171 584692 572068 12624 0
1785863765200 584196 571572 12624 0
1785863765229 584196 571572 12624 0
1785863765260 583700 571076 12624 0
1785863765291 583700 571076 12624 0
1785863765321 582212 569588 12624 0
1785863765350 578244 565620 12624 0
1785863765379 578244 565620 12624 0
1785863765408 577740 565116 12624 0
1785863765437 577236 564612 12624 0
1785863765466 577236 564612 12624 0
1785863765496 577236 564612 12624 0
1785863765525 576212 563588 12624 0
1785863765554 573156 560532 12624 0
1785863765584 573156 560532 12624 0
1785863765614 570372 557748 12624 0
1785863765645 578372 565748 12624 0
1785863765675 578372 565748 12624 0
1785863765704 578372 565748 12624 0
1785863765733 578372 565748 12624 0
1785863765760 578372 565748 12624 0
1785863765788 578372 565748 12624 0
1785863765816 578372 565748 12624 0
1785863765843 581364 568740 12624 0
1785863765872 584388 571764 12624 0
1785863765903 585924 573300 12624 0
1785863765935 586484 573860 12624 0
1785863765966 586484 573860 12624 0
1785863765996 586492 573868 12624 0
1785863766026 586568 573944 12624 0
1785863766055 586568 573944 12624 0
1785863766083 586568 573944 12624 0
1785863766112 586640 574016 12624 0
1785863766142 584316 571696 12620 0
1785863766178 584864 572244 12620 0
1785863766214 585304 572684 12620 0
1785863766246 588812 576188 12624 0
1785863766278 588840 576216 12624 0
1785863766309 588916 576292 12624 0
1785863766341 588916 576292 12624 0
1785863766372 588916 576292 12624 0
1785863766402 588916 576292 12624 0
1785863766432 588916 576292 12624 0
1785863766465 588916 576292 12624 0
1785863766497 588916 576292 12624 0
1785863766528 588916 576292 12624 0
1785863766559 588916 576292 12624 0
1785863766590 588916 576292 12624 0
1785863766622 588916 576292 12624 0
1785863766653 588916 576292 12624 0
1785863766683 588916 576292 12624 0
1785863766712 588916 576292 12624 0
1785863766740 588916 576292 12624 0
1785863766768 588916 576292 12624 0
1785863766796 590836 578212 12624 0
1785863766824 590836 578212 12624 0
1785863766854 590836 578212 12624 0
1785863766884 590836 578212 12624 0
1785863766915 588500 575880 12620 0
1785863766946 592904 580280 12624 0
1785863766978 592904 580280 12624 0
1785863767009 592904 580280 12624 0
1785863767038 592904 580280 12624 0
1785863767068 592904 580280 12624 0
1785863767101 592904 580280 12624 0
1785863767131 592904 580280 12624 0
1785863767162 592904 580280 12624 0
1785863767191 592904 580280 12624 0
1785863767221 592904 580280 12624 0
1785863767253 592904 580280 12624 0
1785863767283 592904 580280 12624 0
1785863767315 592904 580280 12624 0
1785863767345 592904 580280 12624 0
1785863767375 592904 580280 12624 0
1785863767407 592904 580280 12624 0
1785863767437 592904 580280 12624 0
1785863767469 592904 580280 12624 0
1785863767499 592904 580280 12624 0
1785863767531 592904 580280 12624 0
1785863767562 592904 580280 12624 0
1785863767593 592904 580280 12624 0
1785863767624 592904 580280 12624 0
1785863767655 592904 580280 12624 0
1785863767687 592904 580280 12624 0
1785863767717 592904 580280 12624 0
1785863767746 592904 580280 12624 0
1785863767777 592904 580280 12624 0
1785863767808 592904 580280 12624 0
1785863767840 592904 580280 12624 0
1785863767871 593104 580480 12624 0
1785863767902 593304 580680 12624 0
1785863767933 593304 580680 12624 0
1785863767962 593504 580880 12624 0
1785863767994 596104 583480 12624 0
1785863768024 596104 583480 12624 0
1785863768054 596284 583660 12624 0
1785863768085 596464 583840 12624 0
1785863768117 596464 583840 12624 0
1785863768148 596464 583840 12624 0
1785863768179 596464 583840 12624 0
1785863768210 596464 583840 12624 0
1785863768241 596464 583840 12624 0
1785863768273 596464 583840 12624 0
1785863768304 596464 583840 12624 0
1785863768334 596464 583840 12624 0
1785863768366 596464 583840 12624 0
1785863768397 596464 583840 12624 0
1785863768429 596464 583840 12624 0
1785863768460 596464 583840 12624 0
1785863768490 596464 583840 12624 0
1785863768521 596464 583840 12624 0
1785863768551 596464 583840 12624 0
1785863768582 596644 584020 12624 0
1785863768614 596644 584020 12624 0
1785863768647 596824 584200 12624 0
1785863768677 596824 584200 12624 0
1785863768708 597724 585100 12624 0
1785863768741 598984 586360 12624 0
1785863768773 598984 586360 12624 0
1785863768805 598984 586360 12624 0
1785863768836 598984 586360 12624 0
1785863768867 598984 586360 12624 0
1785863768899 598984 586360 12624 0
1785863768930 598984 586360 12624 0
1785863768963 598984 586360 12624 0
1785863768994 598984 586360 12624 0
1785863769024 598984 586360 12624 0
1785863769054 598984 586360 12624 0
1785863769086 598984 586360 12624 0
1785863769118 598984 586360 12624 0
1785863769150 598984 586360 12624 0
1785863769181 598984 586360 12624 0
1785863769212 598984 586360 12624 0
1785863769244 598984 586360 12624 0
1785863769275 598984 586360 12624 0
1785863769307 598984 586360 12624 0
1785863769337 598984 586360 12624 0
1785863769368 598984 586360 12624 0
1785863769399 598984 586360 12624 0
1785863769431 598984 586360 12624 0
1785863769463 598984 586360 12624 0
1785863769494 598984 586360 12624 0
1785863769525 598984 586360 12624 0
1785863769558 598984 586360 12624 0
1785863769590 598984 586360 12624 0
1785863769621 598984 586360 12624 0
1785863769650 598984 586360 12624 0
1785863769680 598984 586360 12624 0
1785863769710 598984 586360 12624 0
1785863769743 598984 586360 12624 0
1785863769774 598984 586360 12624 0
1785863769807 598984 586360 12624 0
1785863769839 598984 586360 12624 0
1785863769871 598984 586360 12624 0
1785863769902 598984 586360 12624 0
1785863769934 598984 586360 12624 0
1785863769966 598984 586360 12624 0
1785863769996 598984 586360 12624 0
1785863770025 596648 584028 12620 0
1785863770055 614324 601700 12624 0
1785863770087 614328 601704 12624 0
1785863770119 614328 601704 12624 0
1785863770150 614328 601704 12624 0
1785863770182 614328 601704 12624 0
1785863770213 614328 601704 12624 0
1785863770243 678056 665432 12624 0
1785863770277 678056 665432 12624 0
1785863770310 678056 665432 12624 0
1785863770346 678056 665432 12624 0
1785863770378 678056 665432 12624 0
1785863770410 678056 665432 12624 0
1785863770443 678056 665432 12624 0
1785863770475 678056 665432 12624 0
1785863770508 678056 665432 12624 0
1785863770542 678056 665432 12624 0
1785863770575 678056 665432 12624 0
1785863770606 678056 665432 12624 0
1785863770638 678056 665432 12624 0
1785863770670 678056 665432 12624 0
1785863770703 678056 665432 12624 0
1785863770737 678056 665432 12624 0
1785863770770 678056 665432 12624 0
1785863770803 678056 665432 12624 0
1785863770835 678056 665432 12624 0
1785863770868 678056 665432 12624 0
1785863770900 678056 665432 12624 0
1785863770933 678056 665432 12624 0
1785863770966 678056 665432 12624 0
1785863770999 678056 665432 12624 0
1785863771031 678056 665432 12624 0
1785863771063 678056 665432 12624 0
1785863771095 678056 665432 12624 0
1785863771128 678056 665432 12624 0
1785863771163 678064 665440 12624 0
1785863771196 678064 665440 12624 0
1785863771227 678064 665440 12624 0
1785863771261 678064 665440 12624 0
1785863771295 678064 665440 12624 0
1785863771328 678064 665440 12624 0
1785863771361 678064 665440 12624 0
1785863771393 678064 665440 12624 0
1785863771426 676584 663960 12624 0
1785863771457 674364 661740 12624 0
1785863771488 674364 661740 12624 0
1785863771521 674364 661740 12624 0
1785863771553 674364 661740 12624 0
1785863771585 674364 661740 12624 0
1785863771616 673624 661000 12624 0
1785863771649 673624 661000 12624 0
1785863771682 670548 657928 12620 0
1785863771714 583156 570532 12624 0
1785863771744 583156 570532 12624 0
1785863771773 583156 570532 12624 0
1785863771802 583156 570532 12624 0
1785863771830 583156 570532 12624 0
1785863771859 582416 569792 12624 0
1785863771891 582416 569792 12624 0
1785863771921 582416 569792 12624 0
1785863771949 582416 569792 12624 0
1785863771977 582416 569792 12624 0
1785863772006 582416 569792 12624 0
1785863772035 582416 569792 12624 0
1785863772065 581676 569052 12624 0
1785863772096 581676 569052 12624 0
1785863772124 581676 569052 12624 0
1785863772155 581676 569052 12624 0
1785863772186 581676 569052 12624 0
1785863772216 581676 569052 12624 0
1785863772245 581676 569052 12624 0
1785863772273 580076 567452 12624 0
1785863772302 579312 566688 12624 0
1785863772332 579312 566688 12624 0
1785863772361 579312 566688 12624 0
1785863772388 579312 566688 12624 0
1785863772414 579312 566688 12624 0
1785863772440 578548 565924 12624 0
1785863772468 576212 563592 12620 0
1785863772499 577020 564396 12624 0
1785863772528 577020 564396 12624 0
1785863772557 570236 557612 12624 0
1785863772585 570236 557612 12624 0
1785863772613 570236 557612 12624 0
1785863772639 570236 557612 12624 0
1785863772664 570236 557612 12624 0
1785863772694 570236 557612 12624 0
1785863772724 570236 557612 12624 0
1785863772754 570236 557612 12624 0
1785863772786 570236 557612 12624 0
1785863772818 570236 557612 12624 0
1785863772851 570236 557612 12624 0
1785863772883 570236 557612 12624 0
1785863772916 570236 557612 12624 0
1785863772948 570236 557612 12624 0
1785863772981 570236 557612 12624 0
1785863773015 570236 557612 12624 0
1785863773048 570236 557612 12624 0
1785863773081 570236 557612 12624 0
1785863773111 570236 557612 12624 0
1785863773140 570236 557612 12624 0
1785863773173 570236 557612 12624 0
1785863773206 570236 557612 12624 0
1785863773240 570236 557612 12624 0
1785863773273 570236 557612 12624 0
1785863773306 570236 557612 12624 0
1785863773338 570236 557612 12624 0
1785863773371 570236 557612 12624 0
1785863773405 570236 557612 12624 0
1785863773438 570236 557612 12624 0
1785863773471 570236 557612 12624 0
1785863773501 570236 557612 12624 0
1785863773530 570236 557612 12624 0
1785863773562 570236 557612 12624 0
1785863773595 570236 557612 12624 0
1785863773628 570236 557612 12624 0
1785863773661 570236 557612 12624 0
1785863773694 570236 557612 12624 0
1785863773727 570236 557612 12624 0
1785863773760 570236 557612 12624 0
1785863773793 570236 557612 12624 0
1785863773826 570236 557612 12624 0
1785863773858 570236 557612 12624 0
1785863773889 570236 557612 12624 0
1785863773917 570236 557612 12624 0
1785863773951 570236 557612 12624 0
1785863773984 570236 557612 12624 0
1785863774019 570236 557612 12624 0
1785863774053 570236 557612 12624 0
1785863774086 570236 557612 12624 0
1785863774120 570236 557612 12624 0
1785863774154 570236 557612 12624 0
1785863774187 570236 557612 12624 0
1785863774221 570236 557612 12624 0
1785863774256 570236 557612 12624 0
1785863774290 570236 557612 12624 0
1785863774324 570236 557612 12624 0
1785863774354 570236 557612 12624 0
1785863774384 570236 557612 12624 0
1785863774410 570236 557612 12624 0
1785863774443 570236 557612 12624 0
1785863774476 570236 557612 12624 0
1785863774510 570236 557612 12624 0
1785863774543 570236 557612 12624 0
1785863774577 570236 557612 12624 0
1785863774610 570236 557612 12624 0
1785863774643 570236 557612 12624 0
1785863774677 570236 557612 12624 0
1785863774710 570236 557612 12624 0
1785863774744 570236 557612 12624 0
1785863774778 570236 557612 12624 0
1785863774811 570236 557612 12624 0
1785863774842 570236 557612 12624 0
1785863774872 570236 557612 12624 0
1785863774900 570236 557612 12624 0
1785863774932 570236 557612 12624 0
1785863774966 570236 557612 12624 0
1785863775000 570236 557612 12624 0
1785863775033 570236 557612 12624 0
1785863775066 570236 557612 12624 0
1785863775100 570236 557612 12624 0
1785863775134 570236 557612 12624 0
1785863775168 570236 557612 12624 0
1785863775202 570236 557612 12624 0
1785863775236 570236 557612 12624 0
1785863775270 570236 557612 12624 0
1785863775303 570236 557612 12624 0
1785863775334 570236 557612 12624 0
1785863775364 570236 557612 12624 0
1785863775398 570236 557612 12624 0
1785863775431 570236 557612 12624 0
1785863775465 570236 557612 12624 0
1785863775499 570236 557612 12624 0
1785863775533 570236 557612 12624 0
1785863775567 570236 557612 12624 0
1785863775602 570236 557612 12624 0
1785863775637 570236 557612 12624 0
1785863775671 570236 557612 12624 0
1785863775705 570236 557612 12624 0
1785863775740 570236 557612 12624 0
1785863775772 570236 557612 12624 0
1785863775802 570236 557612 12624 0
1785863775834 570236 557612 12624 0
1785863775863 570236 557612 12624 0
1785863775897 570236 557612 12624 0
1785863775931 570236 557612 12624 0
1785863775965 570236 557612 12624 0
1785863775998 570236 557612 12624 0
1785863776032 570236 557612 12624 0
1785863776065 570236 557612 12624 0
1785863776099 570236 557612 12624 0
1785863776134 570236 557612 12624 0
1785863776168 570236 557612 12624 0
1785863776202 570236 557612 12624 0
1785863776235 570236 557612 12624 0
1785863776266 570236 557612 12624 0
1785863776298 570236 557612 12624 0
1785863776329 570236 557612 12624 0
1785863776363 570236 557612 12624 0
1785863776396 570236 557612 12624 0
1785863776430 570236 557612 12624 0
1785863776464 570236 557612 12624 0
1785863776498 570236 557612 12624 0
1785863776533 570236 557612 12624 0
1785863776567 570236 557612 12624 0
1785863776602 570236 557612 12624 0
1785863776637 570236 557612 12624 0
1785863776671 570236 557612 12624 0
1785863776703 570236 557612 12624 0
1785863776734 570236 557612 12624 0
1785863776764 570236 557612 12624 0
1785863776793 567900 555280 12620 0
1785863776825 578260 565636 12624 0
1785863776855 578260 565636 12624 0
1785863776884 578260 565636 12624 0
1785863776917 578260 565636 12624 0
1785863776945 578260 565636 12624 0
1785863776972 578260 565636 12624 0
1785863777000 578260 565636 12624 0
1785863777027 586420 573796 12624 0
1785863777059 586420 573796 12624 0
1785863777091 586484 573860 12624 0
1785863777121 586484 573860 12624 0
1785863777152 586484 573860 12624 0
1785863777182 586484 573860 12624 0
1785863777213 586484 573860 12624 0
1785863777243 586484 573860 12624 0
1785863777273 586492 573868 12624 0
1785863777305 584456 571836 12620 0
1785863777351 585196 572576 12620 0
1785863777383 585500 572880 12620 0
1785863777415 588788 576164 12624 0
1785863777447 588788 576164 12624 0
1785863777477 588788 576164 12624 0
1785863777509 588788 576164 12624 0
1785863777539 588788 576164 12624 0
1785863777569 588788 576164 12624 0
1785863777600 588788 576164 12624 0
1785863777630 588788 576164 12624 0
1785863777660 588252 575628 12624 0
1785863777691 587716 575092 12624 0
1785863777722 587716 575092 12624 0
1785863777754 585572 572948 12624 0
1785863777786 583964 571340 12624 0
1785863777815 581284 568660 12624 0
1785863777845 580212 567588 12624 0
1785863777874 579100 566476 12624 0
1785863777902 577916 565292 12624 0
1785863777932 577916 565292 12624 0
1785863777962 577916 565292 12624 0
1785863777989 577916 565292 12624 0
1785863778016 577916 565292 12624 0
1785863778044 575000 562380 12620 0
1785863778075 570236 557612 12624 0
1785863778104 570236 557612 12624 0
1785863778132 570236 557612 12624 0
1785863778163 570236 557612 12624 0
1785863778195 570236 557612 12624 0
1785863778226 570236 557612 12624 0
1785863778257 570236 557612 12624 0
1785863778289 570236 557612 12624 0
1785863778321 570236 557612 12624 0
1785863778352 570236 557612 12624 0
1785863778384 570236 557612 12624 0
1785863778415 570236 557612 12624 0
1785863778446 570236 557612 12624 0
1785863778478 570236 557612 12624 0
1785863778509 570236 557612 12624 0
1785863778540 570236 557612 12624 0
1785863778572 570236 557612 12624 0
1785863778603 570236 557612 12624 0
1785863778635 570236 557612 12624 0
1785863778665 570236 557612 12624 0
1785863778696 570236 557612 12624 0
1785863778726 18084 10200 7884 0
1785863778749 578372 565748 12624 0
1785863778780 578372 565748 12624 0
1785863778810 578372 565748 12624 0
1785863778837 578372 565748 12624 0
1785863778864 578372 565748 12624 0
1785863778890 578372 565748 12624 0
1785863778921 578372 565748 12624 0
1785863778950 581364 568740 12624 0
1785863778982 586420 573796 12624 0
1785863779014 586420 573796 12624 0
1785863779045 586428 573804 12624 0
1785863779076 586428 573804 12624 0
1785863779106 585948 573324 12624 0
1785863779137 585452 572828 12624 0
1785863779168 583468 570844 12624 0
1785863779198 581012 568388 12624 0
1785863779230 21952 14068 7884 0
1785863779252 575676 563052 12624 0
1785863779283 575676 563052 12624 0
1785863779313 570340 557716 12624 0
1785863779343 570444 557820 12624 0
1785863779371 568108 555488 12620 0
1785863779399 578556 565932 12624 0
1785863779431 580572 567948 12624 0
1785863779462 580572 567948 12624 0
1785863779491 580572 567948 12624 0
1785863779518 581256 568632 12624 0
1785863779545 581448 568824 12624 0
1785863779575 586320 573696 12624 0
1785863779605 586756 574132 12624 0
1785863779635 587208 574584 12624 0
1785863779667 587256 574632 12624 0
1785863779699 587256 574632 12624 0
1785863779730 587772 575148 12624 0
1785863779760 588028 575404 12624 0
1785863779790 588292 575668 12624 0
1785863779820 588316 575692 12624 0
1785863779858 591136 578512 12624 0
1785863779890 591136 578512 12624 0
1785863779921 591136 578512 12624 0
1785863779953 591392 578768 12624 0
1785863779985 594976 582352 12624 0
1785863780024 594976 582352 12624 0
1785863780057 594976 582352 12624 0
1785863780089 594976 582352 12624 0
1785863780120 594976 582352 12624 0
1785863780152 594976 582352 12624 0
1785863780183 594976 582352 12624 0
1785863780216 594240 581616 12624 0
1785863780248 592024 579400 12624 0
1785863780279 592024 579400 12624 0
1785863780311 592024 579400 12624 0
1785863780343 592024 579400 12624 0
1785863780375 591288 578664 12624 0
1785863780407 590548 577924 12624 0
1785863780442 589812 577188 12624 0
1785863780475 587592 574968 12624 0
1785863780506 587592 574968 12624 0
1785863780538 586112 573488 12624 0
1785863780574 583156 570532 12624 0
1785863780606 581676 569052 12624 0
1785863780638 580936 568312 12624 0
1785863780670 580936 568312 12624 0
1785863780708 578600 565980 12620 0
1785863780738 579408 566784 12624 0
1785863780767 578644 566020 12624 0
1785863780795 575400 562780 12620 0
1785863780823 576972 564348 12624 0
1785863780849 563788 559048 4740 0
1785863780880 570236 557612 12624 0
1785863780909 570236 557612 12624 0
1785863780938 570236 557612 12624 0
1785863780968 578372 565748 12624 0
1785863780998 578372 565748 12624 0
1785863781027 578372 565748 12624 0
1785863781055 578372 565748 12624 0
1785863781082 578372 565748 12624 0
1785863781111 578372 565748 12624 0
1785863781139 581900 569276 12624 0
1785863781172 586428 573804 12624 0
1785863781203 586428 573804 12624 0
1785863781234 586504 573880 12624 0
1785863781263 586504 573880 12624 0
1785863781291 586504 573880 12624 0
1785863781319 586504 573880 12624 0
1785863781347 584168 571548 12620 0
1785863781377 586588 573964 12624 0
1785863781409 581936 571700 10236 0
1785863781441 588684 576060 12624 0
1785863781473 588788 576164 12624 0
1785863781503 588788 576164 12624 0
1785863781532 588788 576164 12624 0
1785863781563 588788 576164 12624 0
1785863781593 588788 576164 12624 0
1785863781623 588788 576164 12624 0
1785863781654 588788 576164 12624 0
1785863781684 588788 576164 12624 0
1785863781714 588788 576164 12624 0
1785863781743 588232 575608 12624 0
1785863781772 588232 575608 12624 0
1785863781801 588232 575608 12624 0
1785863781834 588232 575608 12624 0
1785863781864 588232 575608 12624 0
1785863781894 587696 575072 12624 0
1785863781925 587696 575072 12624 0
1785863781957 587696 575072 12624 0
1785863781987 587140 574516 12624 0
1785863782016 587140 574516 12624 0
1785863782048 587140 574516 12624 0
1785863782078 579100 566476 12624 0
1785863782108 579100 566476 12624 0
1785863782138 579100 566476 12624 0
1785863782168 579100 566476 12624 0
1785863782198 567900 555280 12620 0
1785863782227 573428 560804 12624 0
1785863782257 572892 560272 12620 0
1785863782287 576308 563684 12624 0
1785863782316 576556 563936 12620 0
1785863782354 582196 569572 12624 0
1785863782384 582196 569572 12624 0
1785863782413 582516 569892 12624 0
1785863782440 582516 569892 12624 0
1785863782468 582516 569892 12624 0
1785863782496 585076 572452 12624 0
1785863782527 585716 573092 12624 0
1785863782559 586676 574052 12624 0
1785863782590 586676 574052 12624 0
1785863782622 586180 573556 12624 0
1785863782652 585188 572564 12624 0
1785863782683 584692 572068 12624 0
1785863782712 584692 572068 12624 0
1785863782740 584692 572068 12624 0
1785863782770 584692 572068 12624 0
1785863782802 579732 567108 12624 0
1785863782833 576244 563620 12624 0
1785863782864 576244 563620 12624 0
1785863782894 570188 557564 12624 0
1785863782923 570188 557564 12624 0
1785863782952 570188 557564 12624 0
1785863782984 570188 557564 12624 0
1785863783015 570188 557564 12624 0
1785863783047 570188 557564 12624 0
1785863783078 570188 557564 12624 0
1785863783109 570188 557564 12624 0
1785863783141 570188 557564 12624 0
1785863783172 570188 557564 12624 0
1785863783203 570188 557564 12624 0
1785863783234 570188 557564 12624 0
1785863783266 570188 557564 12624 0
1785863783297 570188 557564 12624 0
1785863783329 570188 557564 12624 0
1785863783360 570188 557564 12624 0
1785863783391 570188 557564 12624 0
1785863783422 570188 557564 12624 0
1785863783453 570188 557564 12624 0
1785863783484 570188 557564 12624 0
1785863783516 570188 557564 12624 0
1785863783547 570188 557564 12624 0
1785863783578 570188 557564 12624 0
1785863783610 570188 557564 12624 0
1785863783641 570188 557564 12624 0
1785863783673 570188 557564 12624 0
1785863783705 570188 557564 12624 0
1785863783736 570188 557564 12624 0
1785863783768 570188 557564 12624 0
1785863783800 570188 557564 12624 0
1785863783831 570188 557564 12624 0
1785863783863 570188 557564 12624 0
1785863783894 570188 557564 12624 0
1785863783926 570188 557564 12624 0
1785863783957 570188 557564 12624 0
1785863783989 570188 557564 12624 0
1785863784021 570188 557564 12624 0
1785863784052 570188 557564 12624 0
1785863784084 570188 557564 12624 0
1785863784116 570188 557564 12624 0
1785863784147 570188 557564 12624 0
1785863784180 570188 557564 12624 0
1785863784212 570188 557564 12624 0
1785863784243 570188 557564 12624 0
1785863784273 570188 557564 12624 0
1785863784302 570188 557564 12624 0
1785863784332 570188 557564 12624 0
1785863784362 570188 557564 12624 0
1785863784391 570188 557564 12624 0
1785863784421 570188 557564 12624 0
1785863784451 570188 557564 12624 0
1785863784480 570188 557564 12624 0
1785863784510 570188 557564 12624 0
1785863784540 570188 557564 12624 0
1785863784570 570188 557564 12624 0
1785863784600 570188 557564 12624 0
1785863784630 570188 557564 12624 0
1785863784660 570188 557564 12624 0
1785863784690 570188 557564 12624 0
1785863784721 570188 557564 12624 0
1785863784751 570188 557564 12624 0
1785863784782 570188 557564 12624 0
1785863784813 570188 557564 12624 0
1785863784843 570188 557564 12624 0
1785863784873 570188 557564 12624 0
1785863784903 570188 557564 12624 0
1785863784934 570188 557564 12624 0
1785863784964 570188 557564 12624 0
1785863784995 570188 557564 12624 0
1785863785025 570188 557564 12624 0
1785863785056 570188 557564 12624 0
1785863785086 570188 557564 12624 0
1785863785116 570188 557564 12624 0
1785863785147 570188 557564 12624 0
1785863785177 570188 557564 12624 0
1785863785207 570188 557564 12624 0
1785863785238 570188 557564 12624 0
1785863785269 570188 557564 12624 0
1785863785299 570188 557564 12624 0
1785863785329 570188 557564 12624 0
1785863785359 570188 557564 12624 0
1785863785385 570188 557564 12624 0
1785863785418 570188 557564 12624 0
1785863785449 570188 557564 12624 0
1785863785478 570188 557564 12624 0
1785863785508 570188 557564 12624 0
1785863785537 570188 557564 12624 0
1785863785566 578356 565732 12624 0
1785863785596 578356 565732 12624 0
1785863785624 578356 565732 12624 0
1785863785651 578356 565732 12624 0
1785863785680 578356 565732 12624 0
1785863785707 578356 565732 12624 0
1785863785735 578356 565732 12624 0
1785863785762 578356 565732 12624 0
1785863785790 578356 565732 12624 0
1785863785817 578356 565732 12624 0
1785863785844 578356 565732 12624 0
1785863785872 578356 565732 12624 0
1785863785899 578356 565732 12624 0
1785863785926 578356 565732 12624 0
1785863785954 579348 566724 12624 0
1785863785983 580356 567732 12624 0
1785863786012 580868 568244 12624 0
1785863786041 585396 572772 12624 0
1785863786072 586420 573796 12624 0
1785863786103 586420 573796 12624 0
1785863786134 586420 573796 12624 0
1785863786166 586420 573796 12624 0
1785863786198 586420 573796 12624 0
1785863786228 586420 573796 12624 0
1785863786256 586420 573796 12624 0
1785863786285 586420 573796 12624 0
1785863786314 586420 573796 12624 0
1785863786343 586420 573796 12624 0
1785863786372 586420 573796 12624 0
1785863786400 585948 573324 12624 0
1785863786429 584988 572364 12624 0
1785863786460 584508 571884 12624 0
1785863786490 584508 571884 12624 0
1785863786522 584508 571884 12624 0
1785863786553 581164 568540 12624 0
1785863786585 578300 565676 12624 0
1785863786616 578300 565676 12624 0
1785863786647 579004 566380 12624 0
1785863786677 572204 559580 12624 0
1785863786707 578372 565748 12624 0
1785863786737 578372 565748 12624 0
1785863786765 578372 565748 12624 0
1785863786795 578372 565748 12624 0
1785863786825 578372 565748 12624 0
1785863786852 578372 565748 12624 0
1785863786879 578372 565748 12624 0
1785863786908 578372 565748 12624 0
1785863786934 578372 565748 12624 0
1785863786962 578372 565748 12624 0
1785863786992 578372 565748 12624 0
1785863787019 578372 565748 12624 0
1785863787047 578372 565748 12624 0
1785863787074 578372 565748 12624 0
1785863787101 583412 570788 12624 0
1785863787128 586420 573796 12624 0
1785863787170 586420 573796 12624 0
1785863787201 586420 573796 12624 0
1785863787230 586420 573796 12624 0
1785863787259 586420 573796 12624 0
1785863787289 586472 573848 12624 0
1785863787322 586496 573872 12624 0
1785863787352 586496 573872 12624 0
1785863787381 586496 573872 12624 0
1785863787410 586496 573872 12624 0
1785863787439 586496 573872 12624 0
1785863787470 586688 574064 12624 0
1785863787499 586736 574112 12624 0
1785863787530 580792 571400 9392 0
1785863787560 587816 575192 12624 0
1785863787626 589748 577124 12624 0
1785863787657 589748 577124 12624 0
1785863787686 589748 577124 12624 0
1785863787715 587412 574792 12620 0
1785863787746 587612 574992 12620 0
1785863787778 590060 577436 12624 0
1785863787809 590060 577436 12624 0
1785863787841 590444 577820 12624 0
1785863787873 592756 580132 12624 0
1785863787905 592948 580324 12624 0
1785863787935 592948 580324 12624 0
1785863787964 592948 580324 12624 0
1785863787994 593076 580452 12624 0
1785863788024 34480 26596 7884 0
1785863788047 615692 603068 12624 0
1785863788078 616820 604196 12624 0
1785863788111 616820 604196 12624 0
1785863788143 616820 604196 12624 0
1785863788175 616820 604196 12624 0
1785863788206 34736 26852 7884 0
1785863788228 705380 700640 4740 0
1785863788264 730484 717860 12624 0
1785863788296 730484 717860 12624 0
1785863788327 730484 717860 12624 0
1785863788356 730484 717860 12624 0
1785863788386 730484 717860 12624 0
1785863788417 730484 717860 12624 0
1785863788452 730484 717860 12624 0
1785863788486 730484 717860 12624 0
1785863788519 730484 717860 12624 0
1785863788551 730548 717924 12624 0
1785863788583 730548 717924 12624 0
1785863788616 730548 717924 12624 0
1785863788648 728340 715720 12620 0
1785863788682 737584 730796 6788 0
1785863788715 752964 740340 12624 0
1785863788759 768308 755684 12624 0
1785863788792 768308 755684 12624 0
1785863788824 720436 707812 12624 0
1785863788856 720436 707812 12624 0
1785863788887 720436 707812 12624 0
1785863788918 720436 707812 12624 0
1785863788952 720436 707812 12624 0
1785863788984 720436 707812 12624 0
1785863789015 720436 707812 12624 0
1785863789048 720436 707812 12624 0
1785863789086 720436 707812 12624 0
1785863789122 720436 707812 12624 0
1785863789155 720436 707812 12624 0
1785863789187 720436 707812 12624 0
1785863789219 720436 707812 12624 0
1785863789250 720436 707812 12624 0
1785863789281 720436 707812 12624 0
1785863789313 720436 707812 12624 0
1785863789346 720436 707812 12624 0
1785863789379 720436 707812 12624 0
1785863789411 720436 707812 12624 0
1785863789445 720436 707812 12624 0
1785863789478 720436 707812 12624 0
1785863789509 720436 707812 12624 0
1785863789541 720436 707812 12624 0
1785863789574 720436 707812 12624 0
1785863789607 720436 707812 12624 0
1785863789640 720436 707812 12624 0
1785863789677 751028 738404 12624 0
1785863789711 710836 698212 12624 0
1785863789756 710836 698212 12624 0
1785863789789 710836 698212 12624 0
1785863789820 710836 698212 12624 0
1785863789852 710836 698212 12624 0
1785863789885 710836 698212 12624 0
1785863789917 710836 698212 12624 0
1785863789950 710836 698212 12624 0
1785863789982 710836 698212 12624 0
1785863790013 710836 698212 12624 0
1785863790044 710836 698212 12624 0
1785863790076 710836 698212 12624 0
1785863790109 710836 698212 12624 0
1785863790142 710836 698212 12624 0
1785863790176 710836 698212 12624 0
1785863790208 710836 698212 12624 0
1785863790240 710836 698212 12624 0
1785863790272 710836 698212 12624 0
1785863790304 710836 698212 12624 0
1785863790336 710836 698212 12624 0
1785863790368 710836 698212 12624 0
1785863790398 710836 698212 12624 0
1785863790431 710836 698212 12624 0
1785863790463 710836 698212 12624 0
1785863790495 710836 698212 12624 0
1785863790526 710836 698212 12624 0
1785863790563 710836 698212 12624 0
1785863790597 710836 698212 12624 0
1785863790629 710836 698212 12624 0
1785863790660 710836 698212 12624 0
1785863790690 710836 698212 12624 0
1785863790721 710836 698212 12624 0
1785863790752 710836 698212 12624 0
1785863790784 710836 698212 12624 0
1785863790816 710836 698212 12624 0
1785863790849 710836 698212 12624 0
1785863790880 710836 698212 12624 0
1785863790912 710836 698212 12624 0
1785863790944 710836 698212 12624 0
1785863790975 710836 698212 12624 0
1785863791009 710836 698212 12624 0
1785863791040 710836 698212 12624 0
1785863791072 710836 698212 12624 0
1785863791104 710836 698212 12624 0
1785863791136 710836 698212 12624 0
1785863791169 710836 698212 12624 0
1785863791201 710836 698212 12624 0
1785863791232 710836 698212 12624 0
1785863791263 710836 698212 12624 0
1785863791295 710836 698212 12624 0
1785863791327 710836 698212 12624 0
1785863791359 710836 698212 12624 0
1785863791390 710836 698212 12624 0
1785863791422 710836 698212 12624 0
1785863791456 710836 698212 12624 0
1785863791488 710836 698212 12624 0
1785863791518 710836 698212 12624 0
1785863791550 710836 698212 12624 0
1785863791582 710836 698212 12624 0
1785863791614 710836 698212 12624 0
1785863791645 710836 698212 12624 0
1785863791675 710836 698212 12624 0
1785863791706 710836 698212 12624 0
1785863791737 710836 698212 12624 0
1785863791768 710836 698212 12624 0
1785863791798 710836 698212 12624 0
1785863791828 710836 698212 12624 0
1785863791862 710836 698212 12624 0
1785863791896 710836 698212 12624 0
1785863791929 710836 698212 12624 0
1785863791962 710836 698212 12624 0
1785863791994 710836 698212 12624 0
1785863792026 710836 698212 12624 0
1785863792057 709356 696732 12624 0
1785863792088 709356 696732 12624 0
1785863792119 709356 696732 12624 0
1785863792150 707136 694512 12624 0
1785863792180 707136 694512 12624 0
1785863792210 707136 694512 12624 0
1785863792241 707136 694512 12624 0
1785863792272 704916 692292 12624 0
1785863792303 703436 690812 12624 0
1785863792333 703436 690812 12624 0
1785863792364 703436 690812 12624 0
1785863792397 703436 690812 12624 0
1785863792428 703436 690812 12624 0
1785863792457 703436 690812 12624 0
1785863792488 698996 686372 12624 0
1785863792520 698996 686372 12624 0
1785863792550 698996 686372 12624 0
1785863792580 698996 686372 12624 0
1785863792608 698996 686372 12624 0
1785863792637 698996 686372 12624 0
1785863792665 698996 686372 12624 0
1785863792693 698996 686372 12624 0
1785863792721 698996 686372 12624 0
1785863792749 698996 686372 12624 0
1785863792778 698996 686372 12624 0
1785863792808 698996 686372 12624 0
1785863792838 698256 685632 12624 0
1785863792871 698256 685632 12624 0
1785863792901 698256 685632 12624 0
1785863792928 698256 685632 12624 0
1785863792957 698256 685632 12624 0
1785863792986 698256 685632 12624 0
1785863793016 698256 685632 12624 0
1785863793045 698256 685632 12624 0
1785863793074 698256 685632 12624 0
1785863793103 698256 685632 12624 0
1785863793132 698256 685632 12624 0
1785863793162 698256 685632 12624 0
1785863793192 698256 685632 12624 0
1785863793220 698256 685632 12624 0
1785863793249 698256 685632 12624 0
1785863793282 698256 685632 12624 0
1785863793312 698256 685632 12624 0
1785863793342 698256 685632 12624 0
1785863793374 698256 685632 12624 0
1785863793403 698256 685632 12624 0
1785863793431 697516 684892 12624 0
1785863793460 697516 684892 12624 0
1785863793491 696776 684152 12624 0
1785863793520 696776 684152 12624 0
1785863793549 696776 684152 12624 0
1785863793578 696776 684152 12624 0
1785863793608 696776 684152 12624 0
1785863793638 696776 684152 12624 0
1785863793668 696776 684152 12624 0
1785863793699 696776 684152 12624 0
1785863793728 696776 684152 12624 0
1785863793756 696776 684152 12624 0
1785863793785 696776 684152 12624 0
1785863793813 696776 684152 12624 0
1785863793844 696776 684152 12624 0
1785863793876 696776 684152 12624 0
1785863793906 696776 684152 12624 0
1785863793938 696776 684152 12624 0
1785863793967 696012 683388 12624 0
1785863793996 696012 683388 12624 0
1785863794024 696012 683388 12624 0
1785863794053 695248 682624 12624 0
1785863794082 690664 678040 12624 0
1785863794113 623864 611240 12624 0
1785863794142 570236 557612 12624 0
1785863794170 570236 557612 12624 0
1785863794199 570236 557612 12624 0
1785863794228 570236 557612 12624 0
1785863794255 570236 557612 12624 0
1785863794280 570236 557612 12624 0
1785863794304 570236 557612 12624 0
1785863794331 570236 557612 12624 0
1785863794362 570236 557612 12624 0
1785863794392 570236 557612 12624 0
1785863794422 570236 557612 12624 0
1785863794452 570236 557612 12624 0
1785863794482 570236 557612 12624 0
1785863794514 570236 557612 12624 0
1785863794544 570236 557612 12624 0
1785863794574 570236 557612 12624 0
1785863794605 570236 557612 12624 0
1785863794635 570236 557612 12624 0
1785863794665 570236 557612 12624 0
1785863794695 570236 557612 12624 0
1785863794726 570236 557612 12624 0
1785863794756 570236 557612 12624 0
1785863794786 570236 557612 12624 0
1785863794816 570236 557612 12624 0
1785863794846 570236 557612 12624 0
1785863794876 570236 557612 12624 0
1785863794907 570236 557612 12624 0
1785863794937 570236 557612 12624 0
1785863794967 570236 557612 12624 0
1785863794997 570236 557612 12624 0
1785863795028 570236 557612 12624 0
1785863795058 570236 557612 12624 0
1785863795089 570236 557612 12624 0
1785863795119 570236 557612 12624 0
1785863795149 570236 557612 12624 0
1785863795180 570236 557612 12624 0
1785863795210 570236 557612 12624 0
1785863795240 570236 557612 12624 0
1785863795271 570236 557612 12624 0
1785863795301 570236 557612 12624 0
1785863795331 570236 557612 12624 0
1785863795362 570236 557612 12624 0
1785863795392 570236 557612 12624 0
1785863795422 570236 557612 12624 0
1785863795453 570236 557612 12624 0
1785863795483 570236 557612 12624 0
1785863795513 570236 557612 12624 0
1785863795543 570236 557612 12624 0
1785863795573 570236 557612 12624 0
1785863795604 570236 557612 12624 0
1785863795634 570236 557612 12624 0
1785863795664 570236 557612 12624 0
1785863795694 570236 557612 12624 0
1785863795724 570236 557612 12624 0
1785863795755 570236 557612 12624 0
1785863795785 570236 557612 12624 0
1785863795815 570236 557612 12624 0
1785863795845 570236 557612 12624 0
1785863795875 570236 557612 12624 0
1785863795906 570236 557612 12624 0
1785863795936 570236 557612 12624 0
1785863795966 570236 557612 12624 0
1785863795996 570236 557612 12624 0
1785863796026 570236 557612 12624 0
1785863796057 570236 557612 12624 0
1785863796088 570236 557612 12624 0
1785863796119 570236 557612 12624 0
1785863796150 570236 557612 12624 0
1785863796181 570236 557612 12624 0
1785863796212 570236 557612 12624 0
1785863796241 570236 557612 12624 0
1785863796268 570236 557612 12624 0
1785863796294 570236 557612 12624 0
1785863796321 570236 557612 12624 0
1785863796355 570236 557612 12624 0
1785863796389 570236 557612 12624 0
1785863796420 570236 557612 12624 0
1785863796449 570236 557612 12624 0
1785863796480 570236 557612 12624 0
1785863796510 578604 565980 12624 0
1785863796540 578868 566244 12624 0
1785863796569 578868 566244 12624 0
1785863796597 578868 566244 12624 0
1785863796625 578868 566244 12624 0
1785863796651 579876 567252 12624 0
1785863796680 580372 567748 12624 0
1785863796710 580412 567788 12624 0
1785863796741 581420 568796 12624 0
1785863796772 585948 573324 12624 0
1785863796803 585948 573324 12624 0
1785863796833 585948 573324 12624 0
1785863796865 585948 573324 12624 0
1785863796894 585452 572828 12624 0
1785863796925 582692 570072 12620 0
1785863796955 581156 568532 12624 0
1785863796985 579668 567044 12624 0
1785863797016 578316 565692 12624 0
1785863797047 59652 53576 6076 0
1785863797068 570444 557820 12624 0
1785863797098 569152 556528 12624 0
1785863797130 579204 566580 12624 0
1785863797161 579700 567076 12624 0
1785863797191 579700 567076 12624 0
1785863797219 579700 567076 12624 0
1785863797248 579700 567076 12624 0
1785863797275 579700 567076 12624 0
1785863797304 579700 567076 12624 0
1785863797333 586676 574052 12624 0
1785863797366 586676 574052 12624 0
1785863797397 586724 574100 12624 0
1785863797427 586724 574100 12624 0
1785863797457 586736 574112 12624 0
1785863797489 586740 574116 12624 0
1785863797518 586740 574116 12624 0
1785863797546 587048 574424 12624 0
1785863797577 588328 575704 12624 0
1785863797624 590888 578264 12624 0
1785863797655 590888 578264 12624 0
1785863797686 592168 579544 12624 0
1785863797719 593192 580568 12624 0
1785863797750 593960 581336 12624 0
1785863797781 594984 582360 12624 0
1785863797813 594984 582360 12624 0
1785863797844 594984 582360 12624 0
1785863797876 594984 582360 12624 0
1785863797907 594984 582360 12624 0
1785863797940 594984 582360 12624 0
1785863797971 576724 565296 11428 0
1785863798001 605332 592708 12624 0
1785863798032 604596 591972 12624 0
1785863798065 604596 591972 12624 0
1785863798099 604596 591972 12624 0
1785863798130 603856 591232 12624 0
1785863798164 603120 590496 12624 0
1785863798196 600904 588280 12624 0
1785863798228 600164 587540 12624 0
1785863798261 600164 587540 12624 0
1785863798292 600164 587540 12624 0
1785863798325 599424 586800 12624 0
1785863798357 599424 586800 12624 0
1785863798389 596464 583840 12624 0
1785863798420 592764 580140 12624 0
1785863798449 592764 580140 12624 0
1785863798478 592024 579400 12624 0
1785863798508 592024 579400 12624 0
1785863798537 590520 577896 12624 0
1785863798566 579620 574880 4740 0
1785863798594 586608 573988 12620 0
1785863798625 580584 567960 12624 0
1785863798655 580584 567960 12624 0
1785863798684 580584 567960 12624 0
1785863798712 588720 576096 12624 0
1785863798745 588720 576096 12624 0
1785863798776 588720 576096 12624 0
1785863798803 588720 576096 12624 0
1785863798832 588720 576096 12624 0
1785863798860 588720 576096 12624 0
1785863798886 588720 576096 12624 0
1785863798912 588720 576096 12624 0
1785863798938 596768 584144 12624 0
1785863798970 596768 584144 12624 0
1785863799003 596768 584144 12624 0
1785863799034 596768 584144 12624 0
1785863799065 596768 584144 12624 0
1785863799096 596768 584144 12624 0
1785863799127 596768 584144 12624 0
1785863799156 596784 584160 12624 0
1785863799188 577776 565156 12620 0
1785863799220 598632 586008 12624 0
1785863799252 84108 71652 12456 0
1785863799275 598672 586048 12624 0
1785863799307 599004 586380 12624 0
1785863799339 599136 586512 12624 0
1785863799372 599136 586512 12624 0
1785863799403 599136 586512 12624 0
1785863799435 599136 586512 12624 0
1785863799465 599136 586512 12624 0
1785863799494 599136 586512 12624 0
1785863799525 594312 581688 12624 0
1785863799554 593776 581152 12624 0
1785863799584 593776 581152 12624 0
1785863799615 590560 577936 12624 0
1785863799644 590560 577936 12624 0
1785863799673 590560 577936 12624 0
1785863799702 590004 577380 12624 0
1785863799730 20376 12492 7884 0
1785863799752 584352 571728 12624 0
1785863799780 583600 570976 12624 0
1785863799812 584160 571536 12624 0
1785863799841 64708 59116 5592 0
1785863799864 584320 571700 12620 0
1785863799895 591264 578640 12624 0
1785863799927 591904 579280 12624 0
1785863799957 591904 579280 12624 0
1785863799985 591904 579280 12624 0
1785863800014 591904 579280 12624 0
1785863800045 597024 584400 12624 0
1785863800077 597024 584400 12624 0
1785863800109 597024 584400 12624 0
1785863800140 597024 584400 12624 0
1785863800169 596528 583904 12624 0
1785863800198 596528 583904 12624 0
1785863800227 596528 583904 12624 0
1785863800255 596528 583904 12624 0
1785863800285 596528 583904 12624 0
1785863800315 596528 583904 12624 0
1785863800346 588592 575968 12624 0
1785863800375 588096 575472 12624 0
1785863800407 585760 573140 12620 0
1785863800437 580584 567960 12624 0
1785863800468 580584 567960 12624 0
1785863800497 580584 567960 12624 0
1785863800529 580584 567960 12624 0
1785863800559 580584 567960 12624 0
1785863800589 580584 567960 12624 0
1785863800618 580584 567960 12624 0
1785863800647 580584 567960 12624 0
1785863800673 580584 567960 12624 0
1785863800701 580584 567960 12624 0
1785863800730 580584 567960 12624 0
1785863800762 580584 567960 12624 0
1785863800795 580584 567960 12624 0
1785863800827 580584 567960 12624 0
1785863800859 580584 567960 12624 0
1785863800891 580584 567960 12624 0
1785863800923 580584 567960 12624 0
1785863800955 580584 567960 12624 0
1785863800988 580584 567960 12624 0
1785863801020 580584 567960 12624 0
1785863801052 580584 567960 12624 0
1785863801084 580584 567960 12624 0
1785863801117 580584 567960 12624 0
1785863801150 580584 567960 12624 0
1785863801182 580584 567960 12624 0
1785863801214 580584 567960 12624 0
1785863801246 580584 567960 12624 0
1785863801278 580584 567960 12624 0
1785863801311 580584 567960 12624 0
1785863801343 580584 567960 12624 0
1785863801375 580584 567960 12624 0
1785863801407 580584 567960 12624 0
1785863801438 580584 567960 12624 0
1785863801467 580584 567960 12624 0
1785863801498 580584 567960 12624 0
1785863801526 580584 567960 12624 0
1785863801555 580584 567960 12624 0
1785863801585 580584 567960 12624 0
1785863801613 580584 567960 12624 0
1785863801641 580584 567960 12624 0
1785863801674 580584 567960 12624 0
1785863801706 580584 567960 12624 0
1785863801738 580584 567960 12624 0
1785863801771 580584 567960 12624 0
1785863801803 580584 567960 12624 0
1785863801835 580584 567960 12624 0
1785863801867 580584 567960 12624 0
1785863801900 580584 567960 12624 0
1785863801931 580584 567960 12624 0
1785863801964 580584 567960 12624 0
1785863801996 580584 567960 12624 0
1785863802028 580584 567960 12624 0
1785863802059 580584 567960 12624 0
1785863802091 580584 567960 12624 0
1785863802123 580584 567960 12624 0
1785863802155 580584 567960 12624 0
1785863802188 580584 567960 12624 0
1785863802220 580584 567960 12624 0
1785863802252 580584 567960 12624 0
1785863802282 580584 567960 12624 0
1785863802311 580584 567960 12624 0
1785863802342 580584 567960 12624 0
1785863802372 580584 567960 12624 0
1785863802402 580584 567960 12624 0
1785863802431 580584 567960 12624 0
1785863802460 580584 567960 12624 0
1785863802488 580584 567960 12624 0
1785863802515 580584 567960 12624 0
1785863802542 580584 567960 12624 0
1785863802571 580584 567960 12624 0
1785863802603 580584 567960 12624 0
1785863802636 580584 567960 12624 0
1785863802668 580584 567960 12624 0
1785863802700 580584 567960 12624 0
1785863802732 580584 567960 12624 0
1785863802764 580584 567960 12624 0
1785863802796 580584 567960 12624 0
1785863802829 580584 567960 12624 0
1785863802861 580584 567960 12624 0
1785863802893 580584 567960 12624 0
1785863802925 580584 567960 12624 0
1785863802958 580584 567960 12624 0
1785863802990 580584 567960 12624 0
1785863803022 580584 567960 12624 0
1785863803055 580584 567960 12624 0
1785863803087 580584 567960 12624 0
1785863803119 580584 567960 12624 0
1785863803149 580584 567960 12624 0
1785863803181 580584 567960 12624 0
1785863803211 580584 567960 12624 0
1785863803241 580584 567960 12624 0
1785863803270 580584 567960 12624 0
1785863803299 580584 567960 12624 0
1785863803325 580584 567960 12624 0
1785863803351 580584 567960 12624 0
1785863803376 580584 567960 12624 0
1785863803408 580584 567960 12624 0
1785863803441 580584 567960 12624 0
1785863803474 580584 567960 12624 0
1785863803507 580584 567960 12624 0
1785863803541 580584 567960 12624 0
1785863803574 580584 567960 12624 0
1785863803608 580584 567960 12624 0
1785863803642 580584 567960 12624 0
1785863803675 580584 567960 12624 0
1785863803709 580584 567960 12624 0
1785863803742 580584 567960 12624 0
1785863803775 580584 567960 12624 0
1785863803806 580584 567960 12624 0
1785863803835 580584 567960 12624 0
1785863803865 580584 567960 12624 0
1785863803894 580584 567960 12624 0
1785863803926 580584 567960 12624 0
1785863803960 580584 567960 12624 0
1785863803994 580584 567960 12624 0
1785863804027 580584 567960 12624 0
1785863804060 580584 567960 12624 0
1785863804094 580584 567960 12624 0
1785863804128 580584 567960 12624 0
1785863804161 580584 567960 12624 0
1785863804195 580584 567960 12624 0
1785863804229 580584 567960 12624 0
1785863804262 580584 567960 12624 0
1785863804295 580584 567960 12624 0
1785863804326 580584 567960 12624 0
1785863804356 580584 567960 12624 0
1785863804382 580584 567960 12624 0
1785863804413 580584 567960 12624 0
1785863804445 580584 567960 12624 0
1785863804475 580584 567960 12624 0
1785863804507 580584 567960 12624 0
1785863804540 580584 567960 12624 0
1785863804572 580584 567960 12624 0
1785863804605 580584 567960 12624 0
1785863804637 580584 567960 12624 0
1785863804670 580584 567960 12624 0
1785863804702 580584 567960 12624 0
1785863804734 580584 567960 12624 0
1785863804767 580584 567960 12624 0
1785863804798 580584 567960 12624 0
1785863804830 580584 567960 12624 0
1785863804863 580584 567960 12624 0
1785863804897 580584 567960 12624 0
1785863804931 580584 567960 12624 0
1785863804965 580584 567960 12624 0
1785863804999 580584 567960 12624 0
1785863805034 580584 567960 12624 0
1785863805068 580584 567960 12624 0
1785863805102 580584 567960 12624 0
1785863805137 580584 567960 12624 0
1785863805171 580584 567960 12624 0
1785863805204 580584 567960 12624 0
1785863805236 580584 567960 12624 0
1785863805268 580584 567960 12624 0
1785863805302 580584 567960 12624 0
1785863805336 580584 567960 12624 0
1785863805369 580584 567960 12624 0
1785863805404 580584 567960 12624 0
1785863805438 580584 567960 12624 0
1785863805473 580584 567960 12624 0
1785863805507 580584 567960 12624 0
1785863805542 580584 567960 12624 0
1785863805576 580584 567960 12624 0
1785863805610 580584 567960 12624 0
1785863805644 580584 567960 12624 0
1785863805676 580584 567960 12624 0
1785863805707 580584 567960 12624 0
1785863805738 580584 567960 12624 0
1785863805771 580584 567960 12624 0
1785863805802 580584 567960 12624 0
1785863805834 580584 567960 12624 0
1785863805868 580584 567960 12624 0
1785863805901 580584 567960 12624 0
1785863805934 580584 567960 12624 0
1785863805968 580584 567960 12624 0
1785863806001 580584 567960 12624 0
1785863806034 580584 567960 12624 0
1785863806067 580584 567960 12624 0
1785863806100 580584 567960 12624 0
1785863806134 580584 567960 12624 0
1785863806166 580584 567960 12624 0
1785863806199 580584 567960 12624 0
1785863806232 580584 567960 12624 0
1785863806266 580584 567960 12624 0
1785863806300 580584 567960 12624 0
1785863806335 580584 567960 12624 0
1785863806370 580584 567960 12624 0
1785863806405 580584 567960 12624 0
1785863806439 580584 567960 12624 0
1785863806473 580584 567960 12624 0
1785863806507 580584 567960 12624 0
1785863806541 580584 567960 12624 0
1785863806574 580584 567960 12624 0
1785863806606 580584 567960 12624 0
1785863806639 580584 567960 12624 0
1785863806672 580584 567960 12624 0
1785863806706 580584 567960 12624 0
1785863806741 580584 567960 12624 0
1785863806776 580584 567960 12624 0
1785863806810 580584 567960 12624 0
1785863806845 580584 567960 12624 0
1785863806879 580584 567960 12624 0
1785863806913 580584 567960 12624 0
1785863806946 580584 567960 12624 0
1785863806977 580584 567960 12624 0
1785863807011 580584 567960 12624 0
1785863807043 580584 567960 12624 0
1785863807074 580584 567960 12624 0
1785863807106 580584 567960 12624 0
1785863807138 580584 567960 12624 0
1785863807170 580584 567960 12624 0
1785863807203 580584 567960 12624 0
1785863807235 580584 567960 12624 0
1785863807268 580584 567960 12624 0
1785863807302 580584 567960 12624 0
1785863807336 580584 567960 12624 0
1785863807370 580584 567960 12624 0
1785863807400 580584 567960 12624 0
1785863807430 580584 567960 12624 0
1785863807460 580584 567960 12624 0
1785863807489 580584 567960 12624 0
1785863807518 580584 567960 12624 0
1785863807547 588608 575984 12624 0
1785863807593 588608 575984 12624 0
1785863807623 588608 575984 12624 0
1785863807651 588608 575984 12624 0
1785863807678 588608 575984 12624 0
1785863807705 588608 575984 12624 0
1785863807733 588608 575984 12624 0
1785863807763 588608 575984 12624 0
1785863807790 588608 575984 12624 0
1785863807818 588608 575984 12624 0
1785863807846 588608 575984 12624 0
1785863807875 596768 584144 12624 0
1785863807907 596768 584144 12624 0
1785863807939 596768 584144 12624 0
1785863807969 596768 584144 12624 0
1785863807999 596768 584144 12624 0
1785863808031 596768 584144 12624 0
1785863808061 596768 584144 12624 0
1785863808089 596768 584144 12624 0
1785863808118 596768 584144 12624 0
1785863808147 596768 584144 12624 0
1785863808175 596768 584144 12624 0
1785863808203 596768 584144 12624 0
1785863808231 596768 584144 12624 0
1785863808259 594432 581812 12620 0
1785863808291 596772 584148 12624 0
1785863808321 594448 581828 12620 0
1785863808350 589192 576568 12624 0
1785863808382 589192 576568 12624 0
1785863808414 589200 576576 12624 0
1785863808444 589200 576576 12624 0
1785863808473 589200 576576 12624 0
1785863808501 588628 576004 12624 0
1785863808532 588720 576096 12624 0
1785863808561 588720 576096 12624 0
1785863808589 588720 576096 12624 0
1785863808618 588720 576096 12624 0
1785863808645 596768 584144 12624 0
1785863808675 596768 584144 12624 0
1785863808707 596768 584144 12624 0
1785863808737 594448 581828 12620 0
1785863808767 596880 584256 12624 0
1785863808799 594536 582036 12500 0
1785863808832 597024 584400 12624 0
1785863808862 597024 584400 12624 0
1785863808892 597024 584400 12624 0
1785863808922 597024 584400 12624 0
1785863808951 597024 584400 12624 0
1785863808981 597024 584400 12624 0
1785863809011 597024 584400 12624 0
1785863809042 597024 584400 12624 0
1785863809072 597024 584400 12624 0
1785863809103 597024 584400 12624 0
1785863809133 597024 584400 12624 0
1785863809163 597024 584400 12624 0
1785863809195 597024 584400 12624 0
1785863809227 597024 584400 12624 0
1785863809258 597024 584400 12624 0
1785863809290 597024 584400 12624 0
1785863809320 597024 584400 12624 0
1785863809350 597024 584400 12624 0
1785863809381 597024 584400 12624 0
1785863809411 597024 584400 12624 0
1785863809441 596032 583408 12624 0
1785863809471 596032 583408 12624 0
1785863809501 595536 582912 12624 0
1785863809530 595536 582912 12624 0
1785863809560 593552 580928 12624 0
1785863809590 593552 580928 12624 0
1785863809621 589088 576464 12624 0
1785863809651 589088 576464 12624 0
1785863809681 589088 576464 12624 0
1785863809710 588096 575472 12624 0
1785863809740 588096 575472 12624 0
1785863809770 588096 575472 12624 0
1785863809799 588096 575472 12624 0
1785863809829 584768 572148 12620 0
1785863809860 11540 3656 7884 0
1785863809881 588720 576096 12624 0
1785863809912 588720 576096 12624 0
1785863809942 588720 576096 12624 0
1785863809972 588720 576096 12624 0
1785863810000 590208 577584 12624 0
1785863810030 596768 584144 12624 0
1785863810061 596768 584144 12624 0
1785863810091 596768 584144 12624 0
1785863810122 596804 584180 12624 0
1785863810154 596828 584204 12624 0
1785863810185 594516 581896 12620 0
1785863810218 594576 581956 12620 0
1785863810253 595296 582676 12620 0
1785863810284 597864 585240 12624 0
1785863810316 597920 585296 12624 0
1785863810346 597920 585296 12624 0
1785863810377 597928 585304 12624 0
1785863810407 595680 583060 12620 0
1785863810438 596228 583608 12620 0
1785863810470 598580 585956 12624 0
1785863810500 599264 586640 12624 0
1785863810530 599264 586640 12624 0
1785863810562 599264 586640 12624 0
1785863810593 599264 586640 12624 0
1785863810624 599264 586640 12624 0
1785863810656 599264 586640 12624 0
1785863810688 599264 586640 12624 0
1785863810719 599264 586640 12624 0
1785863810752 599264 586640 12624 0
1785863810781 599264 586640 12624 0
1785863810811 599264 586640 12624 0
1785863810842 599264 586640 12624 0
1785863810874 599264 586640 12624 0
1785863810905 599264 586640 12624 0
1785863810935 599264 586640 12624 0
1785863810964 599264 586640 12624 0
1785863810995 599264 586640 12624 0
1785863811026 599860 587236 12624 0
1785863811057 601184 588560 12624 0
1785863811088 601184 588560 12624 0
1785863811117 601184 588560 12624 0
1785863811147 601184 588560 12624 0
1785863811181 601184 588560 12624 0
1785863811210 601184 588560 12624 0
1785863811237 601184 588560 12624 0
1785863811267 601184 588560 12624 0
1785863811297 601184 588560 12624 0
1785863811327 601184 588560 12624 0
1785863811358 601184 588560 12624 0
1785863811390 601184 588560 12624 0
1785863811420 601184 588560 12624 0
1785863811453 601184 588560 12624 0
1785863811485 601184 588560 12624 0
1785863811514 601184 588560 12624 0
1785863811546 601184 588560 12624 0
1785863811576 601184 588560 12624 0
1785863811605 601184 588560 12624 0
1785863811635 601184 588560 12624 0
1785863811665 601184 588560 12624 0
1785863811695 601184 588560 12624 0
1785863811725 601184 588560 12624 0
1785863811757 601384 588760 12624 0
1785863811789 601384 588760 12624 0
1785863811821 601384 588760 12624 0
1785863811853 601384 588760 12624 0
1785863811884 601384 588760 12624 0
1785863811915 601384 588760 12624 0
1785863811946 601384 588760 12624 0
1785863811976 601784 589160 12624 0
1785863812008 601784 589160 12624 0
1785863812040 601984 589360 12624 0
1785863812071 601984 589360 12624 0
1785863812103 601984 589360 12624 0
1785863812134 601984 589360 12624 0
1785863812164 602784 590160 12624 0
1785863812195 602784 590160 12624 0
1785863812226 602784 590160 12624 0
1785863812258 604184 591560 12624 0
1785863812289 604384 591760 12624 0
1785863812320 604384 591760 12624 0
1785863812352 604384 591760 12624 0
1785863812382 604384 591760 12624 0
1785863812413 604384 591760 12624 0
1785863812445 604384 591760 12624 0
1785863812477 604384 591760 12624 0
1785863812508 604384 591760 12624 0
1785863812539 604384 591760 12624 0
1785863812572 604924 592300 12624 0
1785863812603 605104 592480 12624 0
1785863812633 605464 592840 12624 0
1785863812664 605644 593020 12624 0
1785863812696 605644 593020 12624 0
1785863812727 606004 593380 12624 0
1785863812758 607264 594640 12624 0
1785863812790 607264 594640 12624 0
1785863812822 607264 594640 12624 0
1785863812853 607264 594640 12624 0
1785863812883 607264 594640 12624 0
1785863812914 607264 594640 12624 0
1785863812945 607264 594640 12624 0
1785863812977 607264 594640 12624 0
1785863813008 607264 594640 12624 0
1785863813040 607264 594640 12624 0
1785863813071 607264 594640 12624 0
1785863813103 607264 594640 12624 0
1785863813135 607264 594640 12624 0
1785863813164 607264 594640 12624 0
1785863813196 607264 594640 12624 0
1785863813227 607264 594640 12624 0
1785863813257 607264 594640 12624 0
1785863813288 607264 594640 12624 0
1785863813320 607264 594640 12624 0
1785863813350 607264 594640 12624 0
1785863813380 607264 594640 12624 0
1785863813412 607264 594640 12624 0
1785863813444 607264 594640 12624 0
1785863813475 607264 594640 12624 0
1785863813506 607264 594640 12624 0
1785863813539 607264 594640 12624 0
1785863813570 607264 594640 12624 0
1785863813600 607264 594640 12624 0
1785863813630 607264 594640 12624 0
1785863813662 607264 594640 12624 0
1785863813693 607264 594640 12624 0
1785863813725 607264 594640 12624 0
1785863813757 607264 594640 12624 0
1785863813789 607264 594640 12624 0
1785863813821 607264 594640 12624 0
1785863813852 607264 594640 12624 0
1785863813882 607264 594640 12624 0
1785863813916 607264 594640 12624 0
1785863813947 607264 594640 12624 0
1785863813979 607264 594640 12624 0
1785863814017 607264 594640 12624 0
1785863814048 607264 594640 12624 0
1785863814080 607264 594640 12624 0
1785863814111 607264 594640 12624 0
1785863814143 607264 594640 12624 0
1785863814175 607264 594640 12624 0
1785863814206 607264 594640 12624 0
1785863814237 607264 594640 12624 0
1785863814269 606976 594356 12620 0
1785863814301 617504 604880 12624 0
1785863814332 617504 604880 12624 0
1785863814363 617504 604880 12624 0
1785863814394 629792 617168 12624 0
1785863814426 629792 617168 12624 0
1785863814458 629792 617168 12624 0
1785863814491 633888 621264 12624 0
1785863814522 656396 643772 12624 0
1785863814553 664588 651964 12624 0
1785863814587 664588 651964 12624 0
1785863814620 664588 651964 12624 0
1785863814651 664588 651964 12624 0
1785863814684 664588 651964 12624 0
1785863814720 664588 651964 12624 0
1785863814752 664588 651964 12624 0
1785863814784 664588 651964 12624 0
1785863814815 664588 651964 12624 0
1785863814849 664588 651964 12624 0
1785863814880 664588 651964 12624 0
1785863814911 664588 651964 12624 0
1785863814943 664588 651964 12624 0
1785863814974 664588 651964 12624 0
1785863815005 664588 651964 12624 0
1785863815035 664588 651964 12624 0
1785863815065 664588 651964 12624 0
1785863815098 664588 651964 12624 0
1785863815129 664588 651964 12624 0
1785863815162 664588 651964 12624 0
1785863815194 664588 651964 12624 0
1785863815226 664588 651964 12624 0
1785863815258 664588 651964 12624 0
1785863815290 663852 651228 12624 0
1785863815321 663852 651228 12624 0
1785863815352 663852 651228 12624 0
1785863815384 663852 651228 12624 0
1785863815416 663852 651228 12624 0
1785863815450 663852 651228 12624 0
1785863815482 661632 649008 12624 0
1785863815512 660900 648276 12624 0
1785863815545 660900 648276 12624 0
1785863815577 660900 648276 12624 0
1785863815607 660900 648276 12624 0
1785863815638 660900 648276 12624 0
1785863815668 660900 648276 12624 0
1785863815701 660900 648276 12624 0
1785863815733 658680 646056 12624 0
1785863815765 658680 646056 12624 0
1785863815797 657200 644576 12624 0
1785863815829 583896 571272 12624 0
1785863815860 583156 570532 12624 0
1785863815888 583156 570532 12624 0
1785863815917 583156 570532 12624 0
1785863815947 583156 570532 12624 0
1785863815977 583156 570532 12624 0
1785863816009 583156 570532 12624 0
1785863816037 583156 570532 12624 0
1785863816065 583156 570532 12624 0
1785863816094 583156 570532 12624 0
1785863816124 583156 570532 12624 0
1785863816152 583156 570532 12624 0
1785863816181 583156 570532 12624 0
1785863816210 583156 570532 12624 0
1785863816242 583156 570532 12624 0
1785863816271 583156 570532 12624 0
1785863816300 583156 570532 12624 0
1785863816329 583156 570532 12624 0
1785863816358 583156 570532 12624 0
1785863816386 583156 570532 12624 0
1785863816416 583156 570532 12624 0
1785863816448 583156 570532 12624 0
1785863816478 583156 570532 12624 0
1785863816509 583156 570532 12624 0
1785863816540 583156 570532 12624 0
1785863816568 583156 570532 12624 0
1785863816596 583156 570532 12624 0
1785863816627 583156 570532 12624 0
1785863816657 583156 570532 12624 0
1785863816684 583156 570532 12624 0
1785863816713 583156 570532 12624 0
1785863816742 582416 569792 12624 0
1785863816770 580936 568312 12624 0
1785863816800 577836 565216 12620 0
1785863816830 578644 566020 12624 0
1785863816858 577880 565256 12624 0
1785863816887 576352 563728 12624 0
1785863816914 576352 563728 12624 0
1785863816942 570236 557612 12624 0
1785863816971 570236 557612 12624 0
1785863817001 570236 557612 12624 0
1785863817029 570236 557612 12624 0
1785863817053 570236 557612 12624 0
1785863817079 570236 557612 12624 0
1785863817108 570236 557612 12624 0
1785863817141 570236 557612 12624 0
1785863817174 570236 557612 12624 0
1785863817206 570236 557612 12624 0
1785863817239 570236 557612 12624 0
1785863817271 570236 557612 12624 0
1785863817304 570236 557612 12624 0
1785863817337 570236 557612 12624 0
1785863817370 570236 557612 12624 0
1785863817403 570236 557612 12624 0
1785863817437 570236 557612 12624 0
1785863817468 570236 557612 12624 0
1785863817499 570236 557612 12624 0
1785863817530 570236 557612 12624 0
1785863817563 570236 557612 12624 0
1785863817595 570236 557612 12624 0
1785863817629 570236 557612 12624 0
1785863817661 570236 557612 12624 0
1785863817694 570236 557612 12624 0
1785863817727 570236 557612 12624 0
1785863817761 570236 557612 12624 0
1785863817794 570236 557612 12624 0
1785863817827 570236 557612 12624 0
1785863817859 570236 557612 12624 0
1785863817890 570236 557612 12624 0
1785863817923 570236 557612 12624 0
1785863817955 570236 557612 12624 0
1785863817988 570236 557612 12624 0
1785863818020 570236 557612 12624 0
1785863818053 570236 557612 12624 0
1785863818086 570236 557612 12624 0
1785863818119 570236 557612 12624 0
1785863818153 570236 557612 12624 0
1785863818185 570236 557612 12624 0
1785863818218 570236 557612 12624 0
1785863818250 570236 557612 12624 0
1785863818280 570236 557612 12624 0
1785863818313 570236 557612 12624 0
1785863818346 570236 557612 12624 0
1785863818379 570236 557612 12624 0
1785863818412 570236 557612 12624 0
1785863818445 570236 557612 12624 0
1785863818479 570236 557612 12624 0
1785863818512 570236 557612 12624 0
1785863818545 570236 557612 12624 0
1785863818578 570236 557612 12624 0
1785863818611 570236 557612 12624 0
1785863818645 570236 557612 12624 0
1785863818678 570236 557612 12624 0
1785863818708 570236 557612 12624 0
1785863818740 570236 557612 12624 0
1785863818767 570236 557612 12624 0
1785863818801 570236 557612 12624 0
1785863818834 570236 557612 12624 0
1785863818868 570236 557612 12624 0
1785863818901 570236 557612 12624 0
1785863818935 570236 557612 12624 0
1785863818968 570236 557612 12624 0
1785863819002 570236 557612 12624 0
1785863819036 570236 557612 12624 0
1785863819071 570236 557612 12624 0
1785863819106 570236 557612 12624 0
1785863819139 570236 557612 12624 0
1785863819170 570236 557612 12624 0
1785863819201 570236 557612 12624 0
1785863819233 570236 557612 12624 0
1785863819266 570236 557612 12624 0
1785863819300 570236 557612 12624 0
1785863819333 570236 557612 12624 0
1785863819367 570236 557612 12624 0
1785863819400 570236 557612 12624 0
1785863819434 570236 557612 12624 0
1785863819469 570236 557612 12624 0
1785863819503 570236 557612 12624 0
1785863819538 570236 557612 12624 0
1785863819572 570236 557612 12624 0
1785863819605 570236 557612 12624 0
1785863819637 570236 557612 12624 0
1785863819668 570236 557612 12624 0
1785863819701 570236 557612 12624 0
1785863819735 570236 557612 12624 0
1785863819769 570236 557612 12624 0
1785863819804 570236 557612 12624 0
1785863819838 570236 557612 12624 0
1785863819873 570236 557612 12624 0
1785863819907 570236 557612 12624 0
1785863819942 570236 557612 12624 0
1785863819976 570236 557612 12624 0
1785863820010 570236 557612 12624 0
1785863820044 570236 557612 12624 0
1785863820076 570236 557612 12624 0
1785863820107 570236 557612 12624 0
1785863820140 570236 557612 12624 0
1785863820173 570236 557612 12624 0
1785863820206 570236 557612 12624 0
1785863820239 570236 557612 12624 0
1785863820272 570236 557612 12624 0
1785863820306 570236 557612 12624 0
1785863820340 570236 557612 12624 0
1785863820375 570236 557612 12624 0
1785863820409 570236 557612 12624 0
1785863820444 570236 557612 12624 0
1785863820478 570236 557612 12624 0
1785863820512 570236 557612 12624 0
1785863820544 570236 557612 12624 0
1785863820575 570236 557612 12624 0
1785863820606 570236 557612 12624 0
1785863820639 570236 557612 12624 0
1785863820673 570236 557612 12624 0
1785863820707 570236 557612 12624 0
1785863820740 570236 557612 12624 0
1785863820774 570236 557612 12624 0
1785863820807 570236 557612 12624 0
1785863820842 570236 557612 12624 0
1785863820876 570236 557612 12624 0
1785863820910 570236 557612 12624 0
1785863820945 570236 557612 12624 0
1785863820979 570236 557612 12624 0
1785863821011 570236 557612 12624 0
1785863821042 570236 557612 12624 0
1785863821072 570236 557612 12624 0
1785863821102 578244 565620 12624 0
1785863821132 578244 565620 12624 0
1785863821161 578244 565620 12624 0
1785863821191 578244 565620 12624 0
1785863821219 578244 565620 12624 0
1785863821246 578244 565620 12624 0
1785863821273 581316 568692 12624 0
1785863821305 583876 571252 12624 0
1785863821337 586420 573796 12624 0
1785863821368 586420 573796 12624 0
1785863821399 586420 573796 12624 0
1785863821428 586420 573796 12624 0
1785863821457 586420 573796 12624 0
1785863821485 576044 571304 4740 0
1785863821515 584148 571528 12620 0
1785863821547 584532 571912 12620 0
1785863821580 584668 572048 12620 0
1785863821612 577020 572280 4740 0
1785863821643 587448 574824 12624 0
1785863821673 588788 576164 12624 0
1785863821704 588232 575608 12624 0
1785863821733 588232 575608 12624 0
1785863821763 588232 575608 12624 0
1785863821795 588232 575608 12624 0
1785863821825 587160 574536 12624 0
1785863821855 587160 574536 12624 0
1785863821885 583944 571320 12624 0
1785863821917 583408 570784 12624 0
1785863821948 579656 567032 12624 0
1785863821978 579656 567032 12624 0
1785863822008 579656 567032 12624 0
1785863822039 579656 567032 12624 0
1785863822069 579100 566476 12624 0
1785863822098 579100 566476 12624 0
1785863822126 579100 566476 12624 0
1785863822154 579100 566476 12624 0
1785863822184 570664 558756 11908 0
1785863822215 570236 557612 12624 0
1785863822244 570236 557612 12624 0
1785863822274 570236 557612 12624 0
1785863822306 570236 557612 12624 0
1785863822337 570236 557612 12624 0
1785863822394 570236 557612 12624 0
1785863822426 570236 557612 12624 0
1785863822458 570236 557612 12624 0
1785863822490 570236 557612 12624 0
1785863822522 570236 557612 12624 0
1785863822554 570236 557612 12624 0
1785863822587 570236 557612 12624 0
1785863822619 570236 557612 12624 0
1785863822650 570236 557612 12624 0
1785863822683 570236 557612 12624 0
1785863822715 570236 557612 12624 0
1785863822746 570236 557612 12624 0
1785863822777 570236 557612 12624 0
1785863822808 570236 557612 12624 0
1785863822838 559952 555044 4908 0
1785863822868 578372 565748 12624 0
1785863822898 578372 565748 12624 0
1785863822929 578372 565748 12624 0
1785863822957 578372 565748 12624 0
1785863822985 578372 565748 12624 0
1785863823013 578372 565748 12624 0
1785863823043 578372 565748 12624 0
1785863823072 586420 573796 12624 0
1785863823105 586420 573796 12624 0
1785863823135 584084 571464 12620 0
1785863823163 585948 573324 12624 0
1785863823196 585948 573324 12624 0
1785863823227 585476 572852 12624 0
1785863823258 584048 571424 12624 0
1785863823286 583492 570868 12624 0
1785863823313 583492 570868 12624 0
1785863823343 581188 568568 12620 0
1785863823373 580236 567616 12620 0
1785863823403 568036 555416 12620 0
1785863823435 570996 558372 12624 0
1785863823465 572844 560220 12624 0
1785863823497 581444 568820 12624 0
1785863823529 581444 568820 12624 0
1785863823558 581444 568820 12624 0
1785863823586 581444 568820 12624 0
1785863823614 581444 568820 12624 0
1785863823644 581444 568820 12624 0
1785863823673 582216 569592 12624 0
1785863823705 584216 571592 12624 0
1785863823736 586836 574212 12624 0
1785863823768 587304 574680 12624 0
1785863823800 587764 575140 12624 0
1785863823831 587768 575144 12624 0
1785863823862 587768 575144 12624 0
1785863823892 587768 575144 12624 0
1785863823921 588028 575404 12624 0
1785863823953 589064 576440 12624 0
1785863823985 591112 578488 12624 0
1785863824017 591112 578488 12624 0
1785863824048 591624 579000 12624 0
1785863824080 591880 579256 12624 0
1785863824112 594952 582328 12624 0
1785863824146 594952 582328 12624 0
1785863824177 594952 582328 12624 0
1785863824209 594952 582328 12624 0
1785863824242 594952 582328 12624 0
1785863824274 635624 623004 12620 0
1785863824307 594216 581592 12624 0
1785863824340 592744 580120 12624 0
1785863824373 592004 579380 12624 0
1785863824405 591268 578644 12624 0
1785863824439 591268 578644 12624 0
1785863824470 590532 577908 12624 0
1785863824501 590532 577908 12624 0
1785863824533 590532 577908 12624 0
1785863824566 589792 577168 12624 0
1785863824597 587576 574952 12624 0
1785863824630 585360 572736 12624 0
1785863824663 581676 569052 12624 0
1785863824693 581676 569052 12624 0
1785863824731 580172 567548 12624 0
1785863824764 579408 566784 12624 0
1785863824795 578644 566020 12624 0
1785863824825 576308 563688 12620 0
1785863824855 577880 565256 12624 0
1785863824885 577116 564492 12624 0
1785863824914 572488 559868 12620 0
1785863824944 570236 557612 12624 0
1785863824975 570236 557612 12624 0
1785863825002 570236 557612 12624 0
1785863825031 567900 555280 12620 0
1785863825067 578372 565748 12624 0
1785863825097 578372 565748 12624 0
1785863825127 578372 565748 12624 0
1785863825157 578372 565748 12624 0
1785863825184 578372 565748 12624 0
1785863825212 578372 565748 12624 0
1785863825239 579364 566740 12624 0
1785863825270 585908 573284 12624 0
1785863825301 586420 573796 12624 0
1785863825333 586420 573796 12624 0
1785863825363 586420 573796 12624 0
1785863825393 586420 573796 12624 0
1785863825421 586420 573796 12624 0
1785863825449 586420 573796 12624 0
1785863825477 586420 573796 12624 0
1785863825505 586436 573812 12624 0
1785863825539 584548 571928 12620 0
1785863825570 587944 575320 12624 0
1785863825602 588104 575480 12624 0
1785863825634 588104 575480 12624 0
1785863825666 588788 576164 12624 0
1785863825698 588788 576164 12624 0
1785863825729 588788 576164 12624 0
1785863825761 588788 576164 12624 0
1785863825791 588788 576164 12624 0
1785863825821 588788 576164 12624 0
1785863825852 588788 576164 12624 0
1785863825883 588788 576164 12624 0
1785863825913 588788 576164 12624 0
1785863825947 588788 576164 12624 0
1785863825978 588788 576164 12624 0
1785863826008 586108 573484 12624 0
1785863826040 586108 573484 12624 0
1785863826071 585036 572412 12624 0
1785863826102 583428 570804 12624 0
1785863826133 580212 567588 12624 0
1785863826162 580212 567588 12624 0
1785863826193 580212 567588 12624 0
1785863826223 580212 567588 12624 0
1785863826251 579656 567032 12624 0
1785863826280 575628 563008 12620 0
1785863826309 576224 563600 12624 0
1785863826337 573888 561268 12620 0
1785863826364 573904 561280 12624 0
1785863826392 573252 560628 12624 0
1785863826421 576180 563556 12624 0
1785863826451 576180 563556 12624 0
1785863826481 577584 564960 12624 0
1785863826524 575340 562720 12620 0
1785863826555 582836 570212 12624 0
1785863826586 582836 570212 12624 0
1785863826617 583796 571172 12624 0
1785863826647 583796 571172 12624 0
1785863826677 584580 571956 12624 0
1785863826707 585540 572916 12624 0
1785863826738 586180 573556 12624 0
1785863826768 584692 572068 12624 0
1785863826799 584692 572068 12624 0
1785863826831 584692 572068 12624 0
1785863826863 584692 572068 12624 0
1785863826894 583204 570580 12624 0
1785863826924 582212 569588 12624 0
1785863826954 578740 566116 12624 0
1785863826982 578740 566116 12624 0
1785863827010 578740 566116 12624 0
1785863827038 578740 566116 12624 0
1785863827066 578740 566116 12624 0
1785863827094 578740 566116 12624 0
1785863827123 577748 565124 12624 0
1785863827153 574916 562296 12620 0
1785863827183 570188 557564 12624 0
1785863827214 570188 557564 12624 0
1785863827242 570188 557564 12624 0
1785863827272 570188 557564 12624 0
1785863827303 570188 557564 12624 0
1785863827333 570188 557564 12624 0
1785863827363 570188 557564 12624 0
1785863827393 570188 557564 12624 0
1785863827423 570188 557564 12624 0
1785863827453 570188 557564 12624 0
1785863827484 570188 557564 12624 0
1785863827514 570188 557564 12624 0
1785863827544 570188 557564 12624 0
1785863827575 570188 557564 12624 0
1785863827605 570188 557564 12624 0
1785863827635 570188 557564 12624 0
1785863827666 570188 557564 12624 0
1785863827696 570188 557564 12624 0
1785863827726 570188 557564 12624 0
1785863827756 570188 557564 12624 0
1785863827786 570188 557564 12624 0
1785863827816 570188 557564 12624 0
1785863827846 570188 557564 12624 0
1785863827877 570188 557564 12624 0
1785863827907 570188 557564 12624 0
1785863827937 570188 557564 12624 0
1785863827967 570188 557564 12624 0
1785863827998 570188 557564 12624 0
1785863828028 570188 557564 12624 0
1785863828058 570188 557564 12624 0
1785863828089 570188 557564 12624 0
1785863828119 570188 557564 12624 0
1785863828149 570188 557564 12624 0
1785863828179 570188 557564 12624 0
1785863828209 570188 557564 12624 0
1785863828239 570188 557564 12624 0
1785863828269 570188 557564 12624 0
1785863828300 570188 557564 12624 0
1785863828330 570188 557564 12624 0
1785863828361 570188 557564 12624 0
1785863828391 570188 557564 12624 0
1785863828421 570188 557564 12624 0
1785863828451 570188 557564 12624 0
1785863828481 570188 557564 12624 0
1785863828511 570188 557564 12624 0
1785863828542 570188 557564 12624 0
1785863828571 570188 557564 12624 0
1785863828599 570188 557564 12624 0
1785863828628 570188 557564 12624 0
1785863828658 570188 557564 12624 0
1785863828687 570188 557564 12624 0
1785863828717 570188 557564 12624 0
1785863828747 570188 557564 12624 0
1785863828777 570188 557564 12624 0
1785863828807 570188 557564 12624 0
1785863828837 570188 557564 12624 0
1785863828867 570188 557564 12624 0
1785863828897 570188 557564 12624 0
1785863828927 570188 557564 12624 0
1785863828956 570188 557564 12624 0
1785863828986 570188 557564 12624 0
1785863829016 570188 557564 12624 0
1785863829047 570188 557564 12624 0
1785863829077 570188 557564 12624 0
1785863829107 570188 557564 12624 0
1785863829137 570188 557564 12624 0
1785863829167 570188 557564 12624 0
1785863829197 570188 557564 12624 0
1785863829227 570188 557564 12624 0
1785863829257 570188 557564 12624 0
1785863829287 570188 557564 12624 0
1785863829317 570188 557564 12624 0
1785863829347 570188 557564 12624 0
1785863829377 570188 557564 12624 0
1785863829407 570188 557564 12624 0
1785863829437 570188 557564 12624 0
1785863829467 570188 557564 12624 0
1785863829497 570188 557564 12624 0
1785863829527 570188 557564 12624 0
1785863829557 570188 557564 12624 0
1785863829588 570188 557564 12624 0
1785863829628 570188 557564 12624 0
1785863829659 570188 557564 12624 0
1785863829694 570188 557564 12624 0
1785863829723 570188 557564 12624 0
1785863829752 570188 557564 12624 0
1785863829785 570188 557564 12624 0
1785863829815 575304 562680 12624 0
1785863829853 578356 565732 12624 0
1785863829883 578356 565732 12624 0
1785863829911 578356 565732 12624 0
1785863829940 578356 565732 12624 0
1785863829968 578356 565732 12624 0
1785863829996 578356 565732 12624 0
1785863830024 578356 565732 12624 0
1785863830052 578356 565732 12624 0
1785863830080 578356 565732 12624 0
1785863830108 578356 565732 12624 0
1785863830135 578356 565732 12624 0
1785863830162 584492 571868 12624 0
1785863830199 586420 573796 12624 0
1785863830229 586420 573796 12624 0
1785863830259 586420 573796 12624 0
1785863830289 586420 573796 12624 0
1785863830319 586420 573796 12624 0
1785863830349 586420 573796 12624 0
1785863830378 586420 573796 12624 0
1785863830408 586420 573796 12624 0
1785863830438 586428 573804 12624 0
1785863830470 586428 573804 12624 0
1785863830500 584836 572216 12620 0
1785863830532 578868 566244 12624 0
1785863830561 578868 566244 12624 0
1785863830588 578868 566244 12624 0
1785863830616 578868 566244 12624 0
1785863830644 578868 566244 12624 0
1785863830673 578868 566244 12624 0
1785863830703 579396 566772 12624 0
1785863830733 578372 565748 12624 0
1785863830765 578372 565748 12624 0
1785863830794 578372 565748 12624 0
1785863830822 578372 565748 12624 0
1785863830848 578372 565748 12624 0
1785863830873 578372 565748 12624 0
1785863830898 578372 565748 12624 0
1785863830926 578372 565748 12624 0
1785863830953 578372 565748 12624 0
1785863830981 578372 565748 12624 0
1785863831008 578372 565748 12624 0
1785863831035 578372 565748 12624 0
1785863831062 578372 565748 12624 0
1785863831090 578372 565748 12624 0
1785863831117 578372 565748 12624 0
1785863831145 578372 565748 12624 0
1785863831173 578372 565748 12624 0
1785863831200 578372 565748 12624 0
1785863831228 583876 571252 12624 0
1785863831264 586420 573796 12624 0
1785863831296 586420 573796 12624 0
1785863831328 586420 573796 12624 0
1785863831360 586432 573808 12624 0
1785863831390 586484 573860 12624 0
1785863831422 586484 573860 12624 0
1785863831452 586484 573860 12624 0
1785863831482 586484 573860 12624 0
1785863831511 586484 573860 12624 0
1785863831539 586484 573860 12624 0
1785863831567 586484 573860 12624 0
1785863831596 586484 573860 12624 0
1785863831623 586484 573860 12624 0
1785863831653 584180 571556 12624 0
1785863831686 586552 573928 12624 0
1785863831717 584220 571600 12620 0
1785863831759 589556 576932 12624 0
1785863831789 587420 574800 12620 0
1785863831820 589876 577252 12624 0
1785863831850 589876 577252 12624 0
1785863831881 590068 577444 12624 0
1785863831912 590068 577444 12624 0
1785863831943 592948 580324 12624 0
1785863831975 593012 580388 12624 0
1785863832005 593012 580388 12624 0
1785863832036 593012 580388 12624 0
1785863832067 593012 580388 12624 0
1785863832096 593012 580388 12624 0
1785863832126 593012 580388 12624 0
1785863832155 593012 580388 12624 0
1785863832184 593012 580388 12624 0
1785863832214 593012 580388 12624 0
1785863832244 593012 580388 12624 0
1785863832277 593012 580388 12624 0
1785863832308 593012 580388 12624 0
1785863832340 593012 580388 12624 0
1785863832370 593012 580388 12624 0
1785863832400 596856 584232 12624 0
1785863832431 602548 589924 12624 0
1785863832462 620444 607824 12620 0
1785863832494 649772 637148 12624 0
1785863832526 670260 657636 12624 0
1785863832560 670388 657764 12624 0
1785863832591 694860 682236 12624 0
1785863832625 705268 692644 12624 0
1785863832656 594036 581412 12624 0
1785863832688 594036 581412 12624 0
1785863832719 594100 581476 12624 0
1785863832751 594100 581476 12624 0
1785863832782 594100 581476 12624 0
1785863832813 594100 581476 12624 0
1785863832844 594100 581476 12624 0
1785863832876 594100 581476 12624 0
1785863832907 594100 581476 12624 0
1785863832938 591764 579144 12620 0
1785863832970 638472 625848 12624 0
1785863833001 638472 625848 12624 0
1785863833031 705664 693044 12620 0
1785863833065 36144 28260 7884 0
1785863833090 813748 801124 12624 0
1785863833124 813748 801124 12624 0
1785863833159 811412 798792 12620 0
1785863833193 636468 623844 12624 0
1785863833224 636468 623844 12624 0
1785863833252 636468 623844 12624 0
1785863833281 636468 623844 12624 0
1785863833311 636468 623844 12624 0
1785863833344 636468 623844 12624 0
1785863833375 636468 623844 12624 0
1785863833405 636468 623844 12624 0
1785863833436 636468 623844 12624 0
1785863833469 636468 623844 12624 0
1785863833503 636468 623844 12624 0
1785863833535 636468 623844 12624 0
1785863833565 636468 623844 12624 0
1785863833594 636468 623844 12624 0
1785863833625 90412 78348 12064 0
1785863833655 686588 673964 12624 0
1785863833688 636852 624228 12624 0
1785863833734 636852 624228 12624 0
1785863833767 636852 624228 12624 0
1785863833800 636852 624228 12624 0
1785863833832 636852 624228 12624 0
1785863833863 636852 624228 12624 0
1785863833894 636852 624228 12624 0
1785863833924 636852 624228 12624 0
1785863833954 636852 624228 12624 0
1785863833983 636852 624228 12624 0
1785863834013 636852 624228 12624 0
1785863834044 636852 624228 12624 0
1785863834076 636852 624228 12624 0
1785863834109 636852 624228 12624 0
1785863834142 636852 624228 12624 0
1785863834173 636852 624228 12624 0
1785863834203 636852 624228 12624 0
1785863834236 694792 682168 12624 0
1785863834271 793820 781196 12624 0
1785863834309 803640 791016 12624 0
1785863834347 803348 790728 12620 0
1785863834381 634932 622308 12624 0
1785863834413 634932 622308 12624 0
1785863834444 634932 622308 12624 0
1785863834476 634932 622308 12624 0
1785863834507 634932 622308 12624 0
1785863834536 634932 622308 12624 0
1785863834564 634932 622308 12624 0
1785863834596 634932 622308 12624 0
1785863834629 634932 622308 12624 0
1785863834661 634932 622308 12624 0
1785863834692 634932 622308 12624 0
1785863834722 634932 622308 12624 0
1785863834751 634932 622308 12624 0
1785863834781 634932 622308 12624 0
1785863834809 634932 622308 12624 0
1785863834838 634932 622308 12624 0
1785863834868 634932 622308 12624 0
1785863834899 634932 622308 12624 0
1785863834932 632596 619976 12620 0
1785863834964 641684 629064 12620 0
1785863834997 647092 634468 12624 0
1785863835029 647092 634468 12624 0
1785863835061 647092 634468 12624 0
1785863835092 647092 634468 12624 0
1785863835123 644756 632136 12620 0
1785863835154 647316 634696 12620 0
1785863835185 659892 647268 12624 0
1785863835217 659892 647268 12624 0
1785863835248 659892 647268 12624 0
1785863835279 659892 647268 12624 0
1785863835312 659892 647268 12624 0
1785863835344 659892 647268 12624 0
1785863835377 659892 647268 12624 0
1785863835409 659892 647268 12624 0
1785863835439 659892 647268 12624 0
1785863835470 685000 672376 12624 0
1785863835502 685000 672376 12624 0
1785863835535 685000 672376 12624 0
1785863835566 685000 672376 12624 0
1785863835597 685000 672376 12624 0
1785863835628 685000 672376 12624 0
1785863835657 685000 672376 12624 0
1785863835686 685000 672376 12624 0
1785863835714 685000 672376 12624 0
1785863835742 685000 672376 12624 0
1785863835773 685000 672376 12624 0
1785863835804 685000 672376 12624 0
1785863835838 685000 672376 12624 0
1785863835871 685000 672376 12624 0
1785863835903 685000 672376 12624 0
1785863835935 685000 672376 12624 0
1785863835968 685000 672376 12624 0
1785863836005 685000 672376 12624 0
1785863836038 685000 672376 12624 0
1785863836069 685000 672376 12624 0
1785863836100 685000 672376 12624 0
1785863836133 685000 672376 12624 0
1785863836163 685000 672376 12624 0
1785863836195 685000 672376 12624 0
1785863836226 685000 672376 12624 0
1785863836258 685000 672376 12624 0
1785863836291 685000 672376 12624 0
1785863836322 685000 672376 12624 0
1785863836353 685000 672376 12624 0
1785863836384 685000 672376 12624 0
1785863836417 685000 672376 12624 0
1785863836448 685000 672376 12624 0
1785863836479 685000 672376 12624 0
1785863836510 685000 672376 12624 0
1785863836542 685000 672376 12624 0
1785863836575 685000 672376 12624 0
1785863836606 685000 672376 12624 0
1785863836639 685000 672376 12624 0
1785863836672 685000 672376 12624 0
1785863836702 685000 672376 12624 0
1785863836733 685000 672376 12624 0
1785863836763 685000 672376 12624 0
1785863836794 685000 672376 12624 0
1785863836825 685000 672376 12624 0
1785863836856 685000 672376 12624 0
1785863836887 685000 672376 12624 0
1785863836919 684260 671636 12624 0
1785863836950 684260 671636 12624 0
1785863836981 684260 671636 12624 0
1785863837011 682040 669416 12624 0
1785863837043 682040 669416 12624 0
1785863837074 682040 669416 12624 0
1785863837104 680560 667936 12624 0
1785863837137 680560 667936 12624 0
1785863837168 680560 667936 12624 0
1785863837198 679080 666456 12624 0
1785863837230 677600 664976 12624 0
1785863837261 677600 664976 12624 0
1785863837292 677600 664976 12624 0
1785863837323 677600 664976 12624 0
1785863837353 673160 660536 12624 0
1785863837383 671680 659056 12624 0
1785863837413 671680 659056 12624 0
1785863837442 671680 659056 12624 0
1785863837471 670940 658316 12624 0
1785863837506 670940 658316 12624 0
1785863837535 670940 658316 12624 0
1785863837564 670940 658316 12624 0
1785863837592 670940 658316 12624 0
1785863837620 670940 658316 12624 0
1785863837648 670940 658316 12624 0
1785863837675 670940 658316 12624 0
1785863837705 670940 658316 12624 0
1785863837737 670940 658316 12624 0
1785863837767 670940 658316 12624 0
1785863837797 670940 658316 12624 0
1785863837825 670940 658316 12624 0
1785863837854 670940 658316 12624 0
1785863837883 670940 658316 12624 0
1785863837912 670940 658316 12624 0
1785863837943 670940 658316 12624 0
1785863837970 670940 658316 12624 0
1785863837997 670940 658316 12624 0
1785863838026 670940 658316 12624 0
1785863838055 670940 658316 12624 0
1785863838084 670940 658316 12624 0
1785863838112 670940 658316 12624 0
1785863838141 670940 658316 12624 0
1785863838168 670940 658316 12624 0
1785863838196 668604 655984 12620 0
1785863838225 666168 653548 12620 0
1785863838253 570236 557612 12624 0
1785863838283 570236 557612 12624 0
1785863838312 570236 557612 12624 0
1785863838338 570236 557612 12624 0
1785863838366 570236 557612 12624 0
1785863838395 570236 557612 12624 0
1785863838421 570236 557612 12624 0
1785863838449 570236 557612 12624 0
1785863838480 570236 557612 12624 0
1785863838512 570236 557612 12624 0
1785863838544 570236 557612 12624 0
1785863838575 570236 557612 12624 0
1785863838606 570236 557612 12624 0
1785863838638 570236 557612 12624 0
1785863838669 570236 557612 12624 0
1785863838701 570236 557612 12624 0
1785863838732 570236 557612 12624 0
1785863838764 570236 557612 12624 0
1785863838795 570236 557612 12624 0
1785863838827 570236 557612 12624 0
1785863838858 570236 557612 12624 0
1785863838890 570236 557612 12624 0
1785863838921 570236 557612 12624 0
1785863838953 570236 557612 12624 0
1785863838984 570236 557612 12624 0
1785863839016 570236 557612 12624 0
1785863839047 570236 557612 12624 0
1785863839079 570236 557612 12624 0
1785863839110 570236 557612 12624 0
1785863839142 570236 557612 12624 0
1785863839173 570236 557612 12624 0
1785863839205 570236 557612 12624 0
1785863839236 570236 557612 12624 0
1785863839267 570236 557612 12624 0
1785863839299 570236 557612 12624 0
1785863839330 570236 557612 12624 0
1785863839362 570236 557612 12624 0
1785863839393 570236 557612 12624 0
1785863839424 570236 557612 12624 0
1785863839456 570236 557612 12624 0
1785863839487 570236 557612 12624 0
1785863839519 570236 557612 12624 0
1785863839550 570236 557612 12624 0
1785863839581 570236 557612 12624 0
1785863839612 570236 557612 12624 0
1785863839643 570236 557612 12624 0
1785863839675 570236 557612 12624 0
1785863839706 570236 557612 12624 0
1785863839739 570236 557612 12624 0
1785863839771 570236 557612 12624 0
1785863839803 570236 557612 12624 0
1785863839835 570236 557612 12624 0
1785863839868 570236 557612 12624 0
1785863839901 570236 557612 12624 0
1785863839933 570236 557612 12624 0
1785863839966 570236 557612 12624 0
1785863839998 570236 557612 12624 0
1785863840031 570236 557612 12624 0
1785863840063 570236 557612 12624 0
1785863840095 570236 557612 12624 0
1785863840128 570236 557612 12624 0
1785863840161 570236 557612 12624 0
1785863840194 570236 557612 12624 0
1785863840226 570236 557612 12624 0
1785863840259 570236 557612 12624 0
1785863840292 570236 557612 12624 0
1785863840321 570236 557612 12624 0
1785863840349 570236 557612 12624 0
1785863840384 570236 557612 12624 0
1785863840418 570236 557612 12624 0
1785863840447 570236 557612 12624 0
1785863840475 570236 557612 12624 0
1785863840505 575328 562704 12624 0
1785863840536 578372 565748 12624 0
1785863840566 578372 565748 12624 0
1785863840594 578372 565748 12624 0
1785863840621 578372 565748 12624 0
1785863840650 580388 567764 12624 0
1785863840680 580900 568276 12624 0
1785863840712 586420 573796 12624 0
1785863840744 586420 573796 12624 0
1785863840775 586420 573796 12624 0
1785863840805 584100 571480 12620 0
1785863840835 584532 571908 12624 0
1785863840866 584036 571412 12624 0
1785863840897 581188 568564 12624 0
1785863840927 581076 568452 12624 0
1785863840958 570340 557716 12624 0
1785863840988 570444 557820 12624 0
1785863841017 559628 554888 4740 0
1785863841047 579700 567076 12624 0
1785863841079 579700 567076 12624 0
1785863841109 579700 567076 12624 0
1785863841138 579700 567076 12624 0
1785863841167 579700 567076 12624 0
1785863841195 579700 567076 12624 0
1785863841222 579700 567076 12624 0
1785863841250 579700 567076 12624 0
1785863841281 586676 574052 12624 0
1785863841312 586676 574052 12624 0
1785863841345 586740 574116 12624 0
1785863841376 586740 574116 12624 0
1785863841407 586996 574372 12624 0
1785863841437 586996 574372 12624 0
1785863841466 586996 574372 12624 0
1785863841494 586996 574372 12624 0
1785863841524 587036 574412 12624 0
1785863841555 587036 574412 12624 0
1785863841587 591132 578508 12624 0
1785863841618 592504 579880 12624 0
1785863841653 594716 582092 12624 0
1785863841685 594972 582348 12624 0
1785863841715 594972 582348 12624 0
1785863841746 594972 582348 12624 0
1785863841778 594972 582348 12624 0
1785863841809 594972 582348 12624 0
1785863841841 594972 582348 12624 0
1785863841872 594972 582348 12624 0
1785863841903 592636 580016 12620 0
1785863841936 603164 590540 12624 0
1785863841967 605212 592588 12624 0
1785863842001 605212 592588 12624 0
1785863842037 605212 592588 12624 0
1785863842071 605212 592588 12624 0
1785863842101 604472 591848 12624 0
1785863842135 604472 591848 12624 0
1785863842168 603732 591108 12624 0
1785863842202 603732 591108 12624 0
1785863842234 603732 591108 12624 0
1785863842268 602992 590368 12624 0
1785863842300 602252 589628 12624 0
1785863842332 602252 589628 12624 0
1785863842364 600032 587408 12624 0
1785863842395 599296 586672 12624 0
1785863842426 591916 579292 12624 0
1785863842457 589580 576960 12620 0
1785863842486 588836 576212 12624 0
1785863842514 586500 573880 12620 0
1785863842545 572596 567856 4740 0
1785863842574 580476 567852 12624 0
1785863842602 580476 567852 12624 0
1785863842631 580476 567852 12624 0
1785863842661 588612 575988 12624 0
1785863842693 588612 575988 12624 0
1785863842722 588612 575988 12624 0
1785863842751 588612 575988 12624 0
1785863842778 588612 575988 12624 0
1785863842806 588612 575988 12624 0
1785863842836 588612 575988 12624 0
1785863842869 596660 584036 12624 0
1785863842901 596660 584036 12624 0
1785863842932 596668 584044 12624 0
1785863842964 596668 584044 12624 0
1785863842993 596744 584120 12624 0
1785863843021 596744 584120 12624 0
1785863843049 596752 584128 12624 0
1785863843080 594524 581904 12620 0
1785863843112 598952 586328 12624 0
1785863843144 599028 586404 12624 0
1785863843174 599028 586404 12624 0
1785863843205 599028 586404 12624 0
1785863843237 599028 586404 12624 0
1785863843268 599028 586404 12624 0
1785863843300 599028 586404 12624 0
1785863843331 599028 586404 12624 0
1785863843363 599028 586404 12624 0
1785863843394 599028 586404 12624 0
1785863843425 599028 586404 12624 0
1785863843456 599028 586404 12624 0
1785863843487 597956 585332 12624 0
1785863843518 597420 584796 12624 0
1785863843550 596328 583704 12624 0
1785863843581 589896 577272 12624 0
1785863843610 589896 577272 12624 0
1785863843641 589316 576692 12624 0
1785863843669 589316 576692 12624 0
1785863843697 589316 576692 12624 0
1785863843726 589316 576692 12624 0
1785863843757 588736 576112 12624 0
1785863843787 581588 572048 9540 0
1785863843818 583492 570868 12624 0
1785863843848 586420 573796 12624 0
1785863843880 584212 571592 12620 0
1785863843911 591796 579172 12624 0
1785863843942 591796 579172 12624 0
1785863843972 591796 579172 12624 0
1785863844002 591796 579172 12624 0
1785863844031 591796 579172 12624 0
1785863844060 592436 579812 12624 0
1785863844089 596916 584292 12624 0
1785863844120 596916 584292 12624 0
1785863844151 596916 584292 12624 0
1785863844183 596916 584292 12624 0
1785863844214 596420 583796 12624 0
1785863844245 596420 583796 12624 0
1785863844274 596420 583796 12624 0
1785863844302 596420 583796 12624 0
1785863844333 595924 583300 12624 0
1785863844363 588980 576356 12624 0
1785863844392 588980 576356 12624 0
1785863844421 588980 576356 12624 0
1785863844450 588980 576356 12624 0
1785863844481 587988 575364 12624 0
1785863844512 12432 4548 7884 0
1785863844533 580444 567820 12624 0
1785863844563 580444 567820 12624 0
1785863844592 580444 567820 12624 0
1785863844623 580444 567820 12624 0
1785863844653 580444 567820 12624 0
1785863844685 580444 567820 12624 0
1785863844713 580444 567820 12624 0
1785863844741 580444 567820 12624 0
1785863844770 580444 567820 12624 0
1785863844801 580444 567820 12624 0
1785863844834 580444 567820 12624 0
1785863844866 580444 567820 12624 0
1785863844899 580444 567820 12624 0
1785863844931 580444 567820 12624 0
1785863844963 580444 567820 12624 0
1785863844996 580444 567820 12624 0
1785863845028 580444 567820 12624 0
1785863845060 580444 567820 12624 0
1785863845093 580444 567820 12624 0
1785863845125 580444 567820 12624 0
1785863845157 580444 567820 12624 0
1785863845190 580444 567820 12624 0
1785863845222 580444 567820 12624 0
1785863845254 580444 567820 12624 0
1785863845287 580444 567820 12624 0
1785863845319 580444 567820 12624 0
1785863845351 580444 567820 12624 0
1785863845383 580444 567820 12624 0
1785863845416 580444 567820 12624 0
1785863845448 580444 567820 12624 0
1785863845479 580444 567820 12624 0
1785863845509 580444 567820 12624 0
1785863845540 580444 567820 12624 0
1785863845569 580444 567820 12624 0
1785863845597 580444 567820 12624 0
1785863845624 580444 567820 12624 0
1785863845652 580444 567820 12624 0
1785863845684 580444 567820 12624 0
1785863845716 580444 567820 12624 0
1785863845748 580444 567820 12624 0
1785863845780 580444 567820 12624 0
1785863845813 580444 567820 12624 0
1785863845845 580444 567820 12624 0
1785863845877 580444 567820 12624 0
1785863845909 580444 567820 12624 0
1785863845941 580444 567820 12624 0
1785863845973 580444 567820 12624 0
1785863846005 580444 567820 12624 0
1785863846038 580444 567820 12624 0
1785863846071 580444 567820 12624 0
1785863846104 580444 567820 12624 0
1785863846137 580444 567820 12624 0
1785863846169 580444 567820 12624 0
1785863846202 580444 567820 12624 0
1785863846235 580444 567820 12624 0
1785863846268 580444 567820 12624 0
1785863846298 580444 567820 12624 0
1785863846328 580444 567820 12624 0
1785863846358 580444 567820 12624 0
1785863846389 580444 567820 12624 0
1785863846418 580444 567820 12624 0
1785863846446 580444 567820 12624 0
1785863846475 580444 567820 12624 0
1785863846505 580444 567820 12624 0
1785863846532 580444 567820 12624 0
1785863846560 580444 567820 12624 0
1785863846593 580444 567820 12624 0
1785863846626 580444 567820 12624 0
1785863846658 580444 567820 12624 0
1785863846690 580444 567820 12624 0
1785863846723 580444 567820 12624 0
1785863846755 580444 567820 12624 0
1785863846788 580444 567820 12624 0
1785863846820 580444 567820 12624 0
1785863846852 580444 567820 12624 0
1785863846884 580444 567820 12624 0
1785863846917 580444 567820 12624 0
1785863846949 580444 567820 12624 0
1785863846982 580444 567820 12624 0
1785863847014 580444 567820 12624 0
1785863847048 580444 567820 12624 0
1785863847080 580444 567820 12624 0
1785863847112 580444 567820 12624 0
1785863847145 580444 567820 12624 0
1785863847177 580444 567820 12624 0
1785863847207 580444 567820 12624 0
1785863847237 580444 567820 12624 0
1785863847269 580444 567820 12624 0
1785863847299 580444 567820 12624 0
1785863847327 580444 567820 12624 0
1785863847357 580444 567820 12624 0
1785863847386 580444 567820 12624 0
1785863847416 580444 567820 12624 0
1785863847449 580444 567820 12624 0
1785863847482 580444 567820 12624 0
1785863847515 580444 567820 12624 0
1785863847548 580444 567820 12624 0
1785863847582 580444 567820 12624 0
1785863847615 580444 567820 12624 0
1785863847648 580444 567820 12624 0
1785863847681 580444 567820 12624 0
1785863847714 580444 567820 12624 0
1785863847747 580444 567820 12624 0
1785863847780 580444 567820 12624 0
1785863847811 580444 567820 12624 0
1785863847842 580444 567820 12624 0
1785863847874 580444 567820 12624 0
1785863847907 580444 567820 12624 0
1785863847940 580444 567820 12624 0
1785863847974 580444 567820 12624 0
1785863848008 580444 567820 12624 0
1785863848042 580444 567820 12624 0
1785863848076 580444 567820 12624 0
1785863848113 580444 567820 12624 0
1785863848148 580444 567820 12624 0
1785863848183 580444 567820 12624 0
1785863848217 580444 567820 12624 0
1785863848252 580444 567820 12624 0
1785863848283 580444 567820 12624 0
1785863848314 580444 567820 12624 0
1785863848346 580444 567820 12624 0
1785863848376 580444 567820 12624 0
1785863848408 580444 567820 12624 0
1785863848440 580444 567820 12624 0
1785863848473 580444 567820 12624 0
1785863848505 580444 567820 12624 0
1785863848538 580444 567820 12624 0
1785863848572 580444 567820 12624 0
1785863848606 580444 567820 12624 0
1785863848639 580444 567820 12624 0
1785863848673 580444 567820 12624 0
1785863848706 580444 567820 12624 0
1785863848739 580444 567820 12624 0
1785863848772 580444 567820 12624 0
1785863848805 580444 567820 12624 0
1785863848839 580444 567820 12624 0
1785863848873 580444 567820 12624 0
1785863848907 580444 567820 12624 0
1785863848942 580444 567820 12624 0
1785863848976 580444 567820 12624 0
1785863849011 580444 567820 12624 0
1785863849045 580444 567820 12624 0
1785863849079 580444 567820 12624 0
1785863849113 580444 567820 12624 0
1785863849145 580444 567820 12624 0
1785863849176 580444 567820 12624 0
1785863849209 580444 567820 12624 0
1785863849242 580444 567820 12624 0
1785863849277 580444 567820 12624 0
1785863849311 580444 567820 12624 0
1785863849345 580444 567820 12624 0
1785863849380 580444 567820 12624 0
1785863849415 580444 567820 12624 0
1785863849449 580444 567820 12624 0
1785863849484 580444 567820 12624 0
1785863849519 580444 567820 12624 0
1785863849554 580444 567820 12624 0
1785863849586 580444 567820 12624 0
1785863849617 580444 567820 12624 0
1785863849648 580444 567820 12624 0
1785863849679 580444 567820 12624 0
1785863849711 580444 567820 12624 0
1785863849744 580444 567820 12624 0
1785863849776 580444 567820 12624 0
1785863849809 580444 567820 12624 0
1785863849842 580444 567820 12624 0
1785863849876 580444 567820 12624 0
1785863849910 580444 567820 12624 0
1785863849943 580444 567820 12624 0
1785863849977 580444 567820 12624 0
1785863850011 580444 567820 12624 0
1785863850043 580444 567820 12624 0
1785863850075 580444 567820 12624 0
1785863850109 580444 567820 12624 0
1785863850143 580444 567820 12624 0
1785863850178 580444 567820 12624 0
1785863850212 580444 567820 12624 0
1785863850246 580444 567820 12624 0
1785863850280 580444 567820 12624 0
1785863850314 580444 567820 12624 0
1785863850348 580444 567820 12624 0
1785863850382 580444 567820 12624 0
1785863850415 580444 567820 12624 0
1785863850449 580444 567820 12624 0
1785863850480 580444 567820 12624 0
1785863850512 580444 567820 12624 0
1785863850546 580444 567820 12624 0
1785863850579 580444 567820 12624 0
1785863850613 580444 567820 12624 0
1785863850647 580444 567820 12624 0
1785863850681 580444 567820 12624 0
1785863850715 580444 567820 12624 0
1785863850750 580444 567820 12624 0
1785863850784 580444 567820 12624 0
1785863850818 580444 567820 12624 0
1785863850852 580444 567820 12624 0
1785863850886 580444 567820 12624 0
1785863850919 580444 567820 12624 0
1785863850951 580444 567820 12624 0
1785863850981 580444 567820 12624 0
1785863851014 580444 567820 12624 0
1785863851046 580444 567820 12624 0
1785863851078 580444 567820 12624 0
1785863851111 580444 567820 12624 0
1785863851145 580444 567820 12624 0
1785863851179 580444 567820 12624 0
1785863851212 580444 567820 12624 0
1785863851246 580444 567820 12624 0
1785863851279 580444 567820 12624 0
1785863851313 580444 567820 12624 0
1785863851345 580444 567820 12624 0
1785863851376 580444 567820 12624 0
1785863851406 580444 567820 12624 0
1785863851435 11664 3780 7884 0
1785863851457 588104 575480 12624 0
1785863851492 588484 575860 12624 0
1785863851521 588484 575860 12624 0
1785863851549 588484 575860 12624 0
1785863851575 588484 575860 12624 0
1785863851602 588484 575860 12624 0
1785863851630 588484 575860 12624 0
1785863851659 588484 575860 12624 0
1785863851687 588484 575860 12624 0
1785863851715 588484 575860 12624 0
1785863851744 588484 575860 12624 0
1785863851772 588484 575860 12624 0
1785863851801 588484 575860 12624 0
1785863851833 596660 584036 12624 0
1785863851865 596660 584036 12624 0
1785863851894 596660 584036 12624 0
1785863851924 596660 584036 12624 0
1785863851956 596188 583564 12624 0
1785863851987 596188 583564 12624 0
1785863852016 596188 583564 12624 0
1785863852043 596188 583564 12624 0
1785863852070 596188 583564 12624 0
1785863852099 596188 583564 12624 0
1785863852128 596188 583564 12624 0
1785863852157 596188 583564 12624 0
1785863852185 596188 583564 12624 0
1785863852213 596188 583564 12624 0
1785863852243 593852 581232 12620 0
1785863852275 596192 583568 12624 0
1785863852305 596204 583580 12624 0
1785863852334 587432 580684 6748 0
1785863852365 585020 572396 12624 0
1785863852397 585020 572396 12624 0
1785863852427 587060 574436 12624 0
1785863852459 589108 576484 12624 0
1785863852489 589108 576484 12624 0
1785863852518 589116 576492 12624 0
1785863852549 589116 576492 12624 0
1785863852578 591960 579336 12624 0
1785863852608 596668 584044 12624 0
1785863852641 596668 584044 12624 0
1785863852671 596668 584044 12624 0
1785863852700 596684 584060 12624 0
1785863852734 591876 579256 12620 0
1785863852765 596916 584292 12624 0
1785863852796 596916 584292 12624 0
1785863852827 596916 584292 12624 0
1785863852856 596916 584292 12624 0
1785863852888 596916 584292 12624 0
1785863852917 596916 584292 12624 0
1785863852944 596916 584292 12624 0
1785863852974 596916 584292 12624 0
1785863853003 596916 584292 12624 0
1785863853034 596916 584292 12624 0
1785863853064 596916 584292 12624 0
1785863853097 596916 584292 12624 0
1785863853128 596916 584292 12624 0
1785863853159 596916 584292 12624 0
1785863853189 596420 583796 12624 0
1785863853219 596420 583796 12624 0
1785863853251 596420 583796 12624 0
1785863853282 595924 583300 12624 0
1785863853314 595924 583300 12624 0
1785863853346 595924 583300 12624 0
1785863853377 595924 583300 12624 0
1785863853408 595924 583300 12624 0
1785863853439 595924 583300 12624 0
1785863853471 593940 581316 12624 0
1785863853502 593940 581316 12624 0
1785863853532 591460 578836 12624 0
1785863853561 588980 576356 12624 0
1785863853590 588980 576356 12624 0
1785863853618 588980 576356 12624 0
1785863853645 588980 576356 12624 0
1785863853673 588980 576356 12624 0
1785863853699 588980 576356 12624 0
1785863853726 588980 576356 12624 0
1785863853756 588484 575860 12624 0
1785863853786 587492 574868 12624 0
1785863853816 587492 574868 12624 0
1785863853847 570152 565412 4740 0
1785863853877 588596 575972 12624 0
1785863853909 588596 575972 12624 0
1785863853939 588596 575972 12624 0
1785863853968 588596 575972 12624 0
1785863853996 588596 575972 12624 0
1785863854024 588596 575972 12624 0
1785863854055 588596 575972 12624 0
1785863854084 589108 576484 12624 0
1785863854115 596660 584036 12624 0
1785863854147 596660 584036 12624 0
1785863854178 596684 584060 12624 0
1785863854209 596716 584092 12624 0
1785863854240 596720 584096 12624 0
1785863854270 596792 584168 12624 0
1785863854301 596792 584168 12624 0
1785863854331 596800 584176 12624 0
1785863854363 594524 581904 12620 0
1785863854394 595216 582596 12620 0
1785863854429 597836 585212 12624 0
1785863854460 598700 586076 12624 0
1785863854492 599156 586532 12624 0
1785863854524 599156 586532 12624 0
1785863854554 599156 586532 12624 0
1785863854585 599156 586532 12624 0
1785863854616 599156 586532 12624 0
1785863854648 599156 586532 12624 0
1785863854680 599156 586532 12624 0
1785863854710 599156 586532 12624 0
1785863854741 599156 586532 12624 0
1785863854773 599156 586532 12624 0
1785863854804 599156 586532 12624 0
1785863854836 599156 586532 12624 0
1785863854867 599156 586532 12624 0
1785863854899 599156 586532 12624 0
1785863854930 599156 586532 12624 0
1785863854962 599156 586532 12624 0
1785863854994 599156 586532 12624 0
1785863855025 599156 586532 12624 0
1785863855057 599156 586532 12624 0
1785863855089 599156 586532 12624 0
1785863855121 599156 586532 12624 0
1785863855153 599156 586532 12624 0
1785863855183 599156 586532 12624 0
1785863855213 599156 586532 12624 0
1785863855242 599156 586532 12624 0
1785863855271 599156 586532 12624 0
1785863855301 599156 586532 12624 0
1785863855331 599156 586532 12624 0
1785863855363 599156 586532 12624 0
1785863855394 599156 586532 12624 0
1785863855425 599156 586532 12624 0
1785863855456 599156 586532 12624 0
1785863855487 599156 586532 12624 0
1785863855519 599156 586532 12624 0
1785863855550 599156 586532 12624 0
1785863855582 599156 586532 12624 0
1785863855613 599156 586532 12624 0
1785863855644 599156 586532 12624 0
1785863855676 599156 586532 12624 0
1785863855707 599156 586532 12624 0
1785863855738 599156 586532 12624 0
1785863855770 599156 586532 12624 0
1785863855801 599156 586532 12624 0
1785863855830 599156 586532 12624 0
1785863855859 599156 586532 12624 0
1785863855888 599156 586532 12624 0
1785863855916 599156 586532 12624 0
1785863855943 599156 586532 12624 0
1785863855972 599156 586532 12624 0
1785863856003 599156 586532 12624 0
1785863856033 599156 586532 12624 0
1785863856063 599156 586532 12624 0
1785863856094 599156 586532 12624 0
1785863856126 599156 586532 12624 0
1785863856156 599156 586532 12624 0
1785863856186 599156 586532 12624 0
1785863856217 599156 586532 12624 0
1785863856247 599156 586532 12624 0
1785863856279 599156 586532 12624 0
1785863856310 599156 586532 12624 0
1785863856341 599156 586532 12624 0
1785863856372 599156 586532 12624 0
1785863856404 599156 586532 12624 0
1785863856435 599156 586532 12624 0
1785863856466 599156 586532 12624 0
1785863856498 599156 586532 12624 0
1785863856529 599156 586532 12624 0
1785863856561 599156 586532 12624 0
1785863856592 599156 586532 12624 0
1785863856623 599156 586532 12624 0
1785863856655 599156 586532 12624 0
1785863856688 599156 586532 12624 0
1785863856720 599156 586532 12624 0
1785863856751 599156 586532 12624 0
1785863856782 599156 586532 12624 0
1785863856813 599156 586532 12624 0
1785863856845 600156 587532 12624 0
1785863856876 600956 588332 12624 0
1785863856907 600956 588332 12624 0
1785863856937 601156 588532 12624 0
1785863856967 601156 588532 12624 0
1785863856998 601156 588532 12624 0
1785863857030 601356 588732 12624 0
1785863857062 602156 589532 12624 0
1785863857094 602356 589732 12624 0
1785863857126 602356 589732 12624 0
1785863857158 602356 589732 12624 0
1785863857190 602356 589732 12624 0
1785863857222 602356 589732 12624 0
1785863857253 602356 589732 12624 0
1785863857284 602356 589732 12624 0
1785863857315 602356 589732 12624 0
1785863857347 602356 589732 12624 0
1785863857377 602356 589732 12624 0
1785863857409 602536 589912 12624 0
1785863857441 603436 590812 12624 0
1785863857473 603616 590992 12624 0
1785863857505 603616 590992 12624 0
1785863857537 603976 591352 12624 0
1785863857570 603976 591352 12624 0
1785863857602 605236 592612 12624 0
1785863857634 605236 592612 12624 0
1785863857665 605236 592612 12624 0
1785863857697 605236 592612 12624 0
1785863857729 605236 592612 12624 0
1785863857760 605236 592612 12624 0
1785863857792 605236 592612 12624 0
1785863857824 605236 592612 12624 0
1785863857856 605236 592612 12624 0
1785863857888 605236 592612 12624 0
1785863857920 605236 592612 12624 0
1785863857951 605236 592612 12624 0
1785863857983 605236 592612 12624 0
1785863858014 605236 592612 12624 0
1785863858046 605236 592612 12624 0
1785863858078 605236 592612 12624 0
1785863858115 605236 592612 12624 0
1785863858147 605236 592612 12624 0
1785863858179 605236 592612 12624 0
1785863858210 605236 592612 12624 0
1785863858242 605236 592612 12624 0
1785863858274 605236 592612 12624 0
1785863858304 605236 592612 12624 0
1785863858337 605236 592612 12624 0
1785863858369 605236 592612 12624 0
1785863858400 605236 592612 12624 0
1785863858431 605236 592612 12624 0
1785863858463 605236 592612 12624 0
1785863858494 605236 592612 12624 0
1785863858525 605236 592612 12624 0
1785863858556 605236 592612 12624 0
1785863858587 605236 592612 12624 0
1785863858616 605236 592612 12624 0
1785863858648 605236 592612 12624 0
1785863858679 605236 592612 12624 0
1785863858711 605236 592612 12624 0
1785863858743 605236 592612 12624 0
1785863858775 605236 592612 12624 0
1785863858806 605236 592612 12624 0
1785863858838 605236 592612 12624 0
1785863858869 605236 592612 12624 0
1785863858902 605236 592612 12624 0
1785863858933 605236 592612 12624 0
1785863858963 605236 592612 12624 0
1785863858994 605236 592612 12624 0
1785863859024 605236 592612 12624 0
1785863859056 605236 592612 12624 0
1785863859087 605236 592612 12624 0
1785863859120 605236 592612 12624 0
1785863859151 605236 592612 12624 0
1785863859181 605236 592612 12624 0
1785863859211 605236 592612 12624 0
1785863859243 605236 592612 12624 0
1785863859276 605236 592612 12624 0
1785863859307 617524 604900 12624 0
1785863859339 619136 608576 10560 0
1785863859371 691636 679012 12624 0
1785863859403 691636 679012 12624 0
1785863859432 698400 685776 12624 0
1785863859465 698532 685908 12624 0
1785863859499 698532 685908 12624 0
1785863859532 698532 685908 12624 0
1785863859567 698532 685908 12624 0
1785863859606 698532 685908 12624 0
1785863859639 698532 685908 12624 0
1785863859670 698532 685908 12624 0
1785863859703 698532 685908 12624 0
1785863859734 698532 685908 12624 0
1785863859767 698532 685908 12624 0
1785863859799 698532 685908 12624 0
1785863859832 698532 685908 12624 0
1785863859863 698532 685908 12624 0
1785863859896 698532 685908 12624 0
1785863859926 698532 685908 12624 0
1785863859960 698532 685908 12624 0
1785863859993 698532 685908 12624 0
1785863860025 698532 685908 12624 0
1785863860058 698532 685908 12624 0
1785863860090 698532 685908 12624 0
1785863860122 698532 685908 12624 0
1785863860154 698532 685908 12624 0
1785863860187 698532 685908 12624 0
1785863860220 698532 685908 12624 0
1785863860251 701960 689336 12624 0
1785863860284 702468 689844 12624 0
1785863860318 702468 689844 12624 0
1785863860350 702468 689844 12624 0
1785863860383 702468 689844 12624 0
1785863860415 702468 689844 12624 0
1785863860446 702468 689844 12624 0
1785863860477 702468 689844 12624 0
1785863860510 702468 689844 12624 0
1785863860543 702468 689844 12624 0
1785863860575 702468 689844 12624 0
1785863860608 702468 689844 12624 0
1785863860640 702468 689844 12624 0
1785863860673 702468 689844 12624 0
1785863860706 701728 689104 12624 0
1785863860739 700248 687624 12624 0
1785863860772 698768 686144 12624 0
1785863860803 698768 686144 12624 0
1785863860833 698028 685404 12624 0
1785863860865 698028 685404 12624 0
1785863860898 583156 570532 12624 0
1785863860929 583156 570532 12624 0
1785863860958 583156 570532 12624 0
1785863860989 583156 570532 12624 0
1785863861019 583156 570532 12624 0
1785863861049 583156 570532 12624 0
1785863861079 583156 570532 12624 0
1785863861108 583156 570532 12624 0
1785863861138 583156 570532 12624 0
1785863861169 583156 570532 12624 0
1785863861199 583156 570532 12624 0
1785863861228 583156 570532 12624 0
1785863861255 583156 570532 12624 0
1785863861283 583156 570532 12624 0
1785863861315 583156 570532 12624 0
1785863861346 583156 570532 12624 0
1785863861375 583156 570532 12624 0
1785863861405 583156 570532 12624 0
1785863861433 583156 570532 12624 0
1785863861462 583156 570532 12624 0
1785863861492 583156 570532 12624 0
1785863861521 583156 570532 12624 0
1785863861548 583156 570532 12624 0
1785863861576 583156 570532 12624 0
1785863861605 583156 570532 12624 0
1785863861634 583156 570532 12624 0
1785863861665 583156 570532 12624 0
1785863861694 583156 570532 12624 0
1785863861722 583156 570532 12624 0
1785863861752 583156 570532 12624 0
1785863861781 583156 570532 12624 0
1785863861811 583156 570532 12624 0
1785863861841 583156 570532 12624 0
1785863861870 583156 570532 12624 0
1785863861897 583156 570532 12624 0
1785863861926 582416 569792 12624 0
1785863861955 582416 569792 12624 0
1785863861981 582416 569792 12624 0
1785863862009 581676 569052 12624 0
1785863862038 581676 569052 12624 0
1785863862068 580936 568312 12624 0
1785863862096 580936 568312 12624 0
1785863862125 580936 568312 12624 0
1785863862154 578600 565980 12620 0
1785863862183 578644 566020 12624 0
1785863862212 575544 562924 12620 0
1785863862241 575588 562964 12624 0
1785863862270 570236 557612 12624 0
1785863862299 570236 557612 12624 0
1785863862327 570236 557612 12624 0
1785863862356 570236 557612 12624 0
1785863862383 570236 557612 12624 0
1785863862413 570236 557612 12624 0
1785863862443 570236 557612 12624 0
1785863862475 570236 557612 12624 0
1785863862509 570236 557612 12624 0
1785863862541 570236 557612 12624 0
1785863862574 570236 557612 12624 0
1785863862607 570236 557612 12624 0
1785863862639 570236 557612 12624 0
1785863862672 570236 557612 12624 0
1785863862704 570236 557612 12624 0
1785863862737 570236 557612 12624 0
1785863862770 570236 557612 12624 0
1785863862800 570236 557612 12624 0
1785863862832 570236 557612 12624 0
1785863862865 570236 557612 12624 0
1785863862898 570236 557612 12624 0
1785863862930 570236 557612 12624 0
1785863862963 570236 557612 12624 0
1785863862996 570236 557612 12624 0
1785863863028 570236 557612 12624 0
1785863863061 570236 557612 12624 0
1785863863093 570236 557612 12624 0
1785863863126 570236 557612 12624 0
1785863863157 570236 557612 12624 0
1785863863187 570236 557612 12624 0
1785863863219 570236 557612 12624 0
1785863863252 570236 557612 12624 0
1785863863284 570236 557612 12624 0
1785863863317 570236 557612 12624 0
1785863863350 570236 557612 12624 0
1785863863382 570236 557612 12624 0
1785863863415 570236 557612 12624 0
1785863863447 570236 557612 12624 0
1785863863479 570236 557612 12624 0
1785863863512 570236 557612 12624 0
1785863863543 570236 557612 12624 0
1785863863574 570236 557612 12624 0
1785863863606 570236 557612 12624 0
1785863863639 570236 557612 12624 0
1785863863673 570236 557612 12624 0
1785863863706 570236 557612 12624 0
1785863863739 570236 557612 12624 0
1785863863772 570236 557612 12624 0
1785863863805 570236 557612 12624 0
1785863863838 570236 557612 12624 0
1785863863871 570236 557612 12624 0
1785863863904 570236 557612 12624 0
1785863863937 570236 557612 12624 0
1785863863970 570236 557612 12624 0
1785863864000 570236 557612 12624 0
1785863864031 570236 557612 12624 0
1785863864061 570236 557612 12624 0
1785863864094 570236 557612 12624 0
1785863864127 570236 557612 12624 0
1785863864161 570236 557612 12624 0
1785863864194 570236 557612 12624 0
1785863864227 570236 557612 12624 0
1785863864261 570236 557612 12624 0
1785863864294 570236 557612 12624 0
1785863864328 570236 557612 12624 0
1785863864362 570236 557612 12624 0
1785863864397 570236 557612 12624 0
1785863864430 570236 557612 12624 0
1785863864463 570236 557612 12624 0
1785863864492 570236 557612 12624 0
1785863864522 570236 557612 12624 0
1785863864551 570236 557612 12624 0
1785863864584 570236 557612 12624 0
1785863864617 570236 557612 12624 0
1785863864650 570236 557612 12624 0
1785863864683 570236 557612 12624 0
1785863864716 570236 557612 12624 0
1785863864749 570236 557612 12624 0
1785863864782 570236 557612 12624 0
1785863864816 570236 557612 12624 0
1785863864851 570236 557612 12624 0
1785863864885 570236 557612 12624 0
1785863864919 570236 557612 12624 0
1785863864952 570236 557612 12624 0
1785863864982 570236 557612 12624 0
1785863865014 570236 557612 12624 0
1785863865047 570236 557612 12624 0
1785863865081 570236 557612 12624 0
1785863865115 570236 557612 12624 0
1785863865148 570236 557612 12624 0
1785863865182 570236 557612 12624 0
1785863865217 570236 557612 12624 0
1785863865251 570236 557612 12624 0
1785863865286 570236 557612 12624 0
1785863865320 570236 557612 12624 0
1785863865354 570236 557612 12624 0
1785863865389 570236 557612 12624 0
1785863865420 570236 557612 12624 0
1785863865451 570236 557612 12624 0
1785863865480 570236 557612 12624 0
1785863865512 570236 557612 12624 0
1785863865545 570236 557612 12624 0
1785863865579 570236 557612 12624 0
1785863865611 570236 557612 12624 0
1785863865644 570236 557612 12624 0
1785863865678 570236 557612 12624 0
1785863865711 570236 557612 12624 0
1785863865744 570236 557612 12624 0
1785863865778 570236 557612 12624 0
1785863865812 570236 557612 12624 0
1785863865847 570236 557612 12624 0
1785863865880 570236 557612 12624 0
1785863865912 570236 557612 12624 0
1785863865943 570236 557612 12624 0
1785863865969 570236 557612 12624 0
1785863866002 570236 557612 12624 0
1785863866035 570236 557612 12624 0
1785863866069 570236 557612 12624 0
1785863866102 570236 557612 12624 0
1785863866134 570236 557612 12624 0
1785863866168 570236 557612 12624 0
1785863866201 570236 557612 12624 0
1785863866235 570236 557612 12624 0
1785863866269 570236 557612 12624 0
1785863866303 570236 557612 12624 0
1785863866337 570236 557612 12624 0
1785863866370 570236 557612 12624 0
1785863866401 570236 557612 12624 0
1785863866431 570236 557612 12624 0
1785863866460 570236 557612 12624 0
1785863866490 576168 563544 12624 0
1785863866524 578244 565620 12624 0
1785863866554 578244 565620 12624 0
1785863866585 578244 565620 12624 0
1785863866613 578244 565620 12624 0
1785863866640 578244 565620 12624 0
1785863866666 578244 565620 12624 0
1785863866693 586420 573796 12624 0
1785863866725 586420 573796 12624 0
1785863866756 586420 573796 12624 0
1785863866787 586420 573796 12624 0
1785863866818 586420 573796 12624 0
1785863866849 586420 573796 12624 0
1785863866879 586428 573804 12624 0
1785863866911 581724 571488 10236 0
1785863866943 587048 574424 12624 0
1785863866999 585360 572740 12620 0
1785863867032 587872 575248 12624 0
1785863867064 588560 575936 12624 0
1785863867095 588560 575936 12624 0
1785863867125 587716 575092 12624 0
1785863867156 587716 575092 12624 0
1785863867186 587716 575092 12624 0
1785863867215 587716 575092 12624 0
1785863867246 587716 575092 12624 0
1785863867277 587140 574516 12624 0
1785863867309 585572 572948 12624 0
1785863867340 583428 570804 12624 0
1785863867372 582356 569732 12624 0
1785863867403 580212 567588 12624 0
1785863867434 580212 567588 12624 0
1785863867464 580212 567588 12624 0
1785863867493 580212 567588 12624 0
1785863867521 580212 567588 12624 0
1785863867551 580212 567588 12624 0
1785863867581 579656 567032 12624 0
1785863867611 578544 565920 12624 0
1785863867641 578544 565920 12624 0
1785863867670 577964 565340 12624 0
1785863867700 566492 561752 4740 0
1785863867730 570236 557612 12624 0
1785863867760 570236 557612 12624 0
1785863867788 570236 557612 12624 0
1785863867819 570236 557612 12624 0
1785863867850 570236 557612 12624 0
1785863867881 570236 557612 12624 0
1785863867913 570236 557612 12624 0
1785863867944 570236 557612 12624 0
1785863867975 570236 557612 12624 0
1785863868007 570236 557612 12624 0
1785863868038 570236 557612 12624 0
1785863868070 570236 557612 12624 0
1785863868101 570236 557612 12624 0
1785863868132 570236 557612 12624 0
1785863868164 570236 557612 12624 0
1785863868194 570236 557612 12624 0
1785863868226 570236 557612 12624 0
1785863868257 570236 557612 12624 0
1785863868288 570236 557612 12624 0
1785863868318 570236 557612 12624 0
1785863868347 576864 564240 12624 0
1785863868379 578372 565748 12624 0
1785863868409 578372 565748 12624 0
1785863868439 578372 565748 12624 0
1785863868467 578372 565748 12624 0
1785863868497 578372 565748 12624 0
1785863868527 578868 566244 12624 0
1785863868559 579876 567252 12624 0
1785863868590 586420 573796 12624 0
1785863868621 586420 573796 12624 0
1785863868652 584084 571464 12620 0
1785863868682 586428 573804 12624 0
1785863868713 584140 571520 12620 0
1785863868744 584980 572356 12624 0
1785863868774 583492 570868 12624 0
1785863868804 582500 569876 12624 0
1785863868834 581508 568884 12624 0
1785863868866 579172 566552 12620 0
1785863868897 577788 565168 12620 0
1785863868927 568004 555384 12620 0
1785863868957 570752 558128 12624 0
1785863868986 571884 559260 12624 0
1785863869018 579700 567076 12624 0
1785863869049 579700 567076 12624 0
1785863869079 579700 567076 12624 0
1785863869109 579700 567076 12624 0
1785863869138 579700 567076 12624 0
1785863869168 579700 567076 12624 0
1785863869197 579700 567076 12624 0
1785863869225 583052 570428 12624 0
1785863869257 586676 574052 12624 0
1785863869289 586676 574052 12624 0
1785863869321 586736 574112 12624 0
1785863869352 586740 574116 12624 0
1785863869381 586740 574116 12624 0
1785863869410 586740 574116 12624 0
1785863869439 586996 574372 12624 0
1785863869470 587016 574392 12624 0
1785863869502 587288 574664 12624 0
1785863869539 590872 578248 12624 0
1785863869574 591384 578760 12624 0
1785863869605 593432 580808 12624 0
1785863869638 594712 582088 12624 0
1785863869671 594968 582344 12624 0
1785863869703 594968 582344 12624 0
1785863869735 594968 582344 12624 0
1785863869766 594968 582344 12624 0
1785863869798 594968 582344 12624 0
1785863869831 594968 582344 12624 0
1785863869863 597016 584392 12624 0
1785863869895 615992 603368 12624 0
1785863869930 618912 606288 12624 0
1785863869962 618912 606288 12624 0
1785863869993 618912 606288 12624 0
1785863870026 615840 603220 12620 0
1785863870060 601900 589276 12624 0
1785863870093 600424 587800 12624 0
1785863870127 600424 587800 12624 0
1785863870160 598944 586320 12624 0
1785863870192 598316 585692 12624 0
1785863870225 598428 585804 12624 0
1785863870257 596952 584328 12624 0
1785863870289 596212 583588 12624 0
1785863870321 591048 578424 12624 0
1785863870352 590308 577684 12624 0
1785863870382 590308 577684 12624 0
1785863870413 587972 575352 12620 0
1785863870442 586444 573824 12620 0
1785863870472 584056 571436 12620 0
1785863870502 579608 566984 12624 0
1785863870531 579608 566984 12624 0
1785863870561 579608 566984 12624 0
1785863870590 586476 573852 12624 0
1785863870622 587744 575120 12624 0
1785863870652 587744 575120 12624 0
1785863870682 587744 575120 12624 0
1785863870711 587744 575120 12624 0
1785863870740 587744 575120 12624 0
1785863870770 587744 575120 12624 0
1785863870798 588240 575616 12624 0
1785863870826 595792 583168 12624 0
1785863870859 595792 583168 12624 0
1785863870890 595800 583176 12624 0
1785863870922 595800 583176 12624 0
1785863870953 595940 583316 12624 0
1785863870983 595940 583316 12624 0
1785863871011 595940 583316 12624 0
1785863871038 593608 580984 12624 0
1785863871073 593620 581000 12620 0
1785863871104 596172 583548 12624 0
1785863871135 594248 581628 12620 0
1785863871167 594736 582116 12620 0
1785863871199 597036 584412 12624 0
1785863871232 597064 584440 12624 0
1785863871263 597064 584440 12624 0
1785863871295 597064 584440 12624 0
1785863871326 597064 584440 12624 0
1785863871357 596528 583904 12624 0
1785863871390 596528 583904 12624 0
1785863871421 596528 583904 12624 0
1785863871452 595972 583348 12624 0
1785863871484 594940 582316 12624 0
1785863871515 594364 581740 12624 0
1785863871545 591684 579060 12624 0
1785863871576 589004 576380 12624 0
1785863871606 589004 576380 12624 0
1785863871636 589004 576380 12624 0
1785863871666 589004 576380 12624 0
1785863871695 588448 575824 12624 0
1785863871723 588448 575824 12624 0
1785863871753 585484 572864 12620 0
1785863871781 587240 574616 12624 0
1785863871812 584324 571704 12620 0
1785863871843 580288 567668 12620 0
1785863871873 583640 571020 12620 0
1785863871905 586436 573816 12620 0
1785863871947 590928 578304 12624 0
1785863871978 590928 578304 12624 0
1785863872009 590928 578304 12624 0
1785863872038 591568 578944 12624 0
1785863872067 591888 579264 12624 0
1785863872096 592848 580224 12624 0
1785863872127 594768 582144 12624 0
1785863872157 596048 583424 12624 0
1785863872190 596048 583424 12624 0
1785863872223 596048 583424 12624 0
1785863872254 595056 582432 12624 0
1785863872284 594560 581936 12624 0
1785863872314 594064 581440 12624 0
1785863872346 593072 580448 12624 0
1785863872376 593072 580448 12624 0
1785863872406 590592 577968 12624 0
1785863872436 590096 577472 12624 0
1785863872468 579056 566436 12620 0
1785863872499 579592 566968 12624 0
1785863872530 579592 566968 12624 0
1785863872558 579592 566968 12624 0
1785863872586 579592 566968 12624 0
1785863872618 579592 566968 12624 0
1785863872649 579592 566968 12624 0
1785863872680 579592 566968 12624 0
1785863872712 579592 566968 12624 0
1785863872743 579592 566968 12624 0
1785863872775 579592 566968 12624 0
1785863872807 579592 566968 12624 0
1785863872839 579592 566968 12624 0
1785863872871 579592 566968 12624 0
1785863872903 579592 566968 12624 0
1785863872935 579592 566968 12624 0
1785863872966 579592 566968 12624 0
1785863872998 579592 566968 12624 0
1785863873030 579592 566968 12624 0
1785863873062 579592 566968 12624 0
1785863873093 579592 566968 12624 0
1785863873125 579592 566968 12624 0
1785863873157 579592 566968 12624 0
1785863873189 579592 566968 12624 0
1785863873221 579592 566968 12624 0
1785863873253 579592 566968 12624 0
1785863873285 579592 566968 12624 0
1785863873317 579592 566968 12624 0
1785863873349 579592 566968 12624 0
1785863873381 579592 566968 12624 0
1785863873413 579592 566968 12624 0
1785863873444 579592 566968 12624 0
1785863873476 579592 566968 12624 0
1785863873508 579592 566968 12624 0
1785863873540 579592 566968 12624 0
1785863873572 579592 566968 12624 0
1785863873603 579592 566968 12624 0
1785863873636 579592 566968 12624 0
1785863873669 579592 566968 12624 0
1785863873702 579592 566968 12624 0
1785863873735 579592 566968 12624 0
1785863873768 579592 566968 12624 0
1785863873801 579592 566968 12624 0
1785863873834 579592 566968 12624 0
1785863873864 579592 566968 12624 0
1785863873894 579592 566968 12624 0
1785863873924 579592 566968 12624 0
1785863873954 579592 566968 12624 0
1785863873984 579592 566968 12624 0
1785863874015 579592 566968 12624 0
1785863874046 579592 566968 12624 0
1785863874077 579592 566968 12624 0
1785863874108 579592 566968 12624 0
1785863874137 579592 566968 12624 0
1785863874168 579592 566968 12624 0
1785863874199 579592 566968 12624 0
1785863874229 579592 566968 12624 0
1785863874259 579592 566968 12624 0
1785863874288 579592 566968 12624 0
1785863874318 579592 566968 12624 0
1785863874347 579592 566968 12624 0
1785863874377 579592 566968 12624 0
1785863874406 579592 566968 12624 0
1785863874436 579592 566968 12624 0
1785863874466 579592 566968 12624 0
1785863874496 579592 566968 12624 0
1785863874526 579592 566968 12624 0
1785863874555 579592 566968 12624 0
1785863874587 579592 566968 12624 0
1785863874618 579592 566968 12624 0
1785863874649 579592 566968 12624 0
1785863874680 579592 566968 12624 0
1785863874711 579592 566968 12624 0
1785863874740 579592 566968 12624 0
1785863874770 579592 566968 12624 0
1785863874799 579592 566968 12624 0
1785863874829 579592 566968 12624 0
1785863874859 579592 566968 12624 0
1785863874889 579592 566968 12624 0
1785863874918 579592 566968 12624 0
1785863874947 579592 566968 12624 0
1785863874974 579592 566968 12624 0
1785863875000 579592 566968 12624 0
1785863875027 579592 566968 12624 0
1785863875054 579592 566968 12624 0
1785863875084 579592 566968 12624 0
1785863875115 579592 566968 12624 0
1785863875150 579592 566968 12624 0
1785863875181 579592 566968 12624 0
1785863875211 579592 566968 12624 0
1785863875240 579592 566968 12624 0
1785863875270 588240 575616 12624 0
1785863875302 588240 575616 12624 0
1785863875332 588240 575616 12624 0
1785863875360 588240 575616 12624 0
1785863875388 588240 575616 12624 0
1785863875417 588240 575616 12624 0
1785863875445 588240 575616 12624 0
1785863875473 588736 576112 12624 0
1785863875501 588736 576112 12624 0
1785863875530 586400 573780 12620 0
1785863875559 588264 575640 12624 0
1785863875589 589272 576648 12624 0
1785863875622 595320 582696 12624 0
1785863875654 595320 582696 12624 0
1785863875685 595320 582696 12624 0
1785863875716 595320 582696 12624 0
1785863875746 595496 582872 12624 0
1785863875777 594824 582200 12624 0
1785863875808 594824 582200 12624 0
1785863875838 594824 582200 12624 0
1785863875867 594824 582200 12624 0
1785863875896 594824 582200 12624 0
1785863875925 594328 581704 12624 0
1785863875956 26236 18352 7884 0
1785863875977 588144 575520 12624 0
1785863876007 585808 573188 12620 0
1785863876037 588176 575552 12624 0
1785863876067 588528 575904 12624 0
1785863876095 579812 567188 12624 0
1785863876127 587760 575136 12624 0
1785863876157 587760 575136 12624 0
1785863876186 587760 575136 12624 0
1785863876214 587760 575136 12624 0
1785863876240 587760 575136 12624 0
1785863876265 587760 575136 12624 0
1785863876291 587760 575136 12624 0
1785863876317 587760 575136 12624 0
1785863876343 587760 575136 12624 0
1785863876369 587760 575136 12624 0
1785863876395 587760 575136 12624 0
1785863876421 595792 583168 12624 0
1785863876454 595792 583168 12624 0
1785863876485 595792 583168 12624 0
1785863876517 595792 583168 12624 0
1785863876548 595856 583232 12624 0
1785863876579 595856 583232 12624 0
1785863876610 595856 583232 12624 0
1785863876640 595856 583232 12624 0
1785863876669 595856 583232 12624 0
1785863876700 595856 583232 12624 0
1785863876730 595920 583296 12624 0
1785863876761 593584 580964 12620 0
1785863876791 594264 581640 12624 0
1785863876836 597784 585160 12624 0
1785863876870 596984 584364 12620 0
1785863876903 597096 584476 12620 0
1785863876935 599440 586816 12624 0
1785863876967 602448 589824 12624 0
1785863876998 602512 589888 12624 0
1785863877029 602512 589888 12624 0
1785863877061 602512 589888 12624 0
1785863877092 602576 589952 12624 0
1785863877123 602640 590016 12624 0
1785863877161 602832 590208 12624 0
1785863877195 602896 590272 12624 0
1785863877226 602896 590272 12624 0
1785863877260 608432 595808 12624 0
1785863877293 612660 600036 12624 0
1785863877326 612660 600036 12624 0
1785863877356 610324 597704 12620 0
1785863877388 665616 652992 12624 0
1785863877423 671092 658468 12624 0
1785863877455 611700 599076 12624 0
1785863877487 611700 599076 12624 0
1785863877517 611700 599076 12624 0
1785863877547 611700 599076 12624 0
1785863877578 611700 599076 12624 0
1785863877610 611700 599076 12624 0
1785863877642 611700 599076 12624 0
1785863877673 611700 599076 12624 0
1785863877705 611764 599140 12624 0
1785863877738 611764 599140 12624 0
1785863877769 611892 599268 12624 0
1785863877801 732848 720224 12624 0
1785863877835 37276 28208 9068 0
1785863877858 791020 778396 12624 0
1785863877892 791020 778396 12624 0
1785863877924 821812 809188 12624 0
1785863877962 821812 809188 12624 0
1785863877996 819476 806856 12620 0
1785863878030 612660 600036 12624 0
1785863878059 612660 600036 12624 0
1785863878088 612660 600036 12624 0
1785863878117 612660 600036 12624 0
1785863878151 631880 619256 12624 0
1785863878182 633660 621040 12620 0
1785863878214 686544 673920 12624 0
1785863878248 612660 600036 12624 0
1785863878279 612660 600036 12624 0
1785863878310 612660 600036 12624 0
1785863878341 612660 600036 12624 0
1785863878373 612660 600036 12624 0
1785863878404 612660 600036 12624 0
1785863878436 612660 600036 12624 0
1785863878467 612660 600036 12624 0
1785863878498 612660 600036 12624 0
1785863878529 612660 600036 12624 0
1785863878560 612660 600036 12624 0
1785863878592 612660 600036 12624 0
1785863878624 612660 600036 12624 0
1785863878657 612660 600036 12624 0
1785863878688 612660 600036 12624 0
1785863878719 612660 600036 12624 0
1785863878750 612660 600036 12624 0
1785863878782 612660 600036 12624 0
1785863878813 612660 600036 12624 0
1785863878845 612660 600036 12624 0
1785863878874 612660 600036 12624 0
1785863878904 612660 600036 12624 0
1785863878935 612660 600036 12624 0
1785863878966 612660 600036 12624 0
1785863878996 612660 600036 12624 0
1785863879029 612660 600036 12624 0
1785863879060 612660 600036 12624 0
1785863879090 612660 600036 12624 0
1785863879120 612660 600036 12624 0
1785863879152 612660 600036 12624 0
1785863879182 612660 600036 12624 0
1785863879211 612660 600036 12624 0
1785863879243 36272 28388 7884 0
1785863879265 36272 28388 7884 0
1785863879288 728244 715624 12620 0
1785863879321 736564 723940 12624 0
1785863879358 750136 737512 12624 0
1785863879391 752696 740072 12624 0
1785863879428 753972 741348 12624 0
1785863879462 753972 741348 12624 0
1785863879493 715956 703332 12624 0
1785863879524 715956 703332 12624 0
1785863879556 715956 703332 12624 0
1785863879587 715956 703332 12624 0
1785863879617 715956 703332 12624 0
1785863879647 715956 703332 12624 0
1785863879679 715956 703332 12624 0
1785863879712 715956 703332 12624 0
1785863879746 715956 703332 12624 0
1785863879778 715956 703332 12624 0
1785863879809 614708 602084 12624 0
1785863879839 614708 602084 12624 0
1785863879870 614708 602084 12624 0
1785863879900 614708 602084 12624 0
1785863879930 614708 602084 12624 0
1785863879957 614708 602084 12624 0
1785863879984 614708 602084 12624 0
1785863880013 614708 602084 12624 0
1785863880044 614708 602084 12624 0
1785863880075 625332 612708 12624 0
1785863880108 627604 614984 12620 0
1785863880139 631476 618852 12624 0
1785863880170 631476 618852 12624 0
1785863880201 631476 618852 12624 0
1785863880233 631476 618852 12624 0
1785863880265 631476 618852 12624 0
1785863880296 631476 618852 12624 0
1785863880326 631476 618852 12624 0
1785863880356 631476 618852 12624 0
1785863880389 631476 618852 12624 0
1785863880420 631476 618852 12624 0
1785863880452 631476 618852 12624 0
1785863880483 631476 618852 12624 0
1785863880515 631476 618852 12624 0
1785863880547 629140 616520 12620 0
1785863880579 665268 652644 12624 0
1785863880612 665268 652644 12624 0
1785863880644 665268 652644 12624 0
1785863880675 665268 652644 12624 0
1785863880707 665268 652644 12624 0
1785863880738 665268 652644 12624 0
1785863880768 665268 652644 12624 0
1785863880800 665268 652644 12624 0
1785863880831 665268 652644 12624 0
1785863880863 665268 652644 12624 0
1785863880894 665268 652644 12624 0
1785863880925 665268 652644 12624 0
1785863880958 665268 652644 12624 0
1785863880990 665268 652644 12624 0
1785863881022 665268 652644 12624 0
1785863881053 665268 652644 12624 0
1785863881081 665268 652644 12624 0
1785863881113 665268 652644 12624 0
1785863881145 665268 652644 12624 0
1785863881177 665268 652644 12624 0
1785863881210 665268 652644 12624 0
1785863881243 665268 652644 12624 0
1785863881276 665268 652644 12624 0
1785863881307 665268 652644 12624 0
1785863881338 665268 652644 12624 0
1785863881370 665268 652644 12624 0
1785863881402 665268 652644 12624 0
1785863881436 665268 652644 12624 0
1785863881469 665268 652644 12624 0
1785863881500 665268 652644 12624 0
1785863881534 665268 652644 12624 0
1785863881567 665268 652644 12624 0
1785863881598 665268 652644 12624 0
1785863881629 665268 652644 12624 0
1785863881660 665268 652644 12624 0
1785863881690 665268 652644 12624 0
1785863881720 665268 652644 12624 0
1785863881752 665268 652644 12624 0
1785863881783 665268 652644 12624 0
1785863881814 665268 652644 12624 0
1785863881846 665268 652644 12624 0
1785863881878 664528 651904 12624 0
1785863881910 664528 651904 12624 0
1785863881942 664528 651904 12624 0
1785863881972 664528 651904 12624 0
1785863882003 664528 651904 12624 0
1785863882034 664528 651904 12624 0
1785863882066 664528 651904 12624 0
1785863882098 663788 651164 12624 0
1785863882131 663788 651164 12624 0
1785863882163 663288 650664 12624 0
1785863882197 661568 648944 12624 0
1785863882230 661568 648944 12624 0
1785863882261 661568 648944 12624 0
1785863882292 661568 648944 12624 0
1785863882324 661568 648944 12624 0
1785863882354 661568 648944 12624 0
1785863882385 661568 648944 12624 0
1785863882417 654908 642284 12624 0
1785863882449 654908 642284 12624 0
1785863882480 654908 642284 12624 0
1785863882511 653428 640804 12624 0
1785863882542 653428 640804 12624 0
1785863882571 653428 640804 12624 0
1785863882600 653428 640804 12624 0
1785863882628 653428 640804 12624 0
1785863882656 653428 640804 12624 0
1785863882686 653428 640804 12624 0
1785863882713 653428 640804 12624 0
1785863882742 653428 640804 12624 0
1785863882771 653428 640804 12624 0
1785863882799 653428 640804 12624 0
1785863882826 653428 640804 12624 0
1785863882858 653428 640804 12624 0
1785863882890 653428 640804 12624 0
1785863882921 653428 640804 12624 0
1785863882952 653428 640804 12624 0
1785863882982 653428 640804 12624 0
1785863883012 653428 640804 12624 0
1785863883042 653428 640804 12624 0
1785863883071 653428 640804 12624 0
1785863883101 653428 640804 12624 0
1785863883130 653428 640804 12624 0
1785863883159 653428 640804 12624 0
1785863883188 653428 640804 12624 0
1785863883216 653428 640804 12624 0
1785863883246 653428 640804 12624 0
1785863883275 653428 640804 12624 0
1785863883308 653428 640804 12624 0
1785863883339 653428 640804 12624 0
1785863883369 653428 640804 12624 0
1785863883400 653428 640804 12624 0
1785863883431 653428 640804 12624 0
1785863883460 653428 640804 12624 0
1785863883487 653428 640804 12624 0
1785863883516 653428 640804 12624 0
1785863883546 653428 640804 12624 0
1785863883577 653428 640804 12624 0
1785863883608 653428 640804 12624 0
1785863883638 653428 640804 12624 0
1785863883667 653428 640804 12624 0
1785863883696 653428 640804 12624 0
1785863883724 653428 640804 12624 0
1785863883754 653428 640804 12624 0
1785863883785 653428 640804 12624 0
1785863883813 653428 640804 12624 0
1785863883844 653428 640804 12624 0
1785863883874 653428 640804 12624 0
1785863883903 653428 640804 12624 0
1785863883936 653428 640804 12624 0
1785863883967 653428 640804 12624 0
1785863883997 653428 640804 12624 0
1785863884028 653428 640804 12624 0
1785863884057 653428 640804 12624 0
1785863884086 653428 640804 12624 0
1785863884116 653428 640804 12624 0
1785863884143 653428 640804 12624 0
1785863884173 652688 640064 12624 0
1785863884202 652688 640064 12624 0
1785863884230 652688 640064 12624 0
1785863884260 652688 640064 12624 0
1785863884291 652688 640064 12624 0
1785863884322 651948 639324 12624 0
1785863884352 651948 639324 12624 0
1785863884381 651948 639324 12624 0
1785863884410 651948 639324 12624 0
1785863884439 651948 639324 12624 0
1785863884467 651948 639324 12624 0
1785863884496 651948 639324 12624 0
1785863884528 651208 638584 12624 0
1785863884558 651208 638584 12624 0
1785863884588 651208 638584 12624 0
1785863884618 651208 638584 12624 0
1785863884649 651208 638584 12624 0
1785863884677 651208 638584 12624 0
1785863884706 651208 638584 12624 0
1785863884735 651208 638584 12624 0
1785863884762 648872 636252 12620 0
1785863884792 646532 633912 12620 0
1785863884822 569072 556452 12620 0
1785863884853 570236 557612 12624 0
1785863884881 570236 557612 12624 0
1785863884908 570236 557612 12624 0
1785863884936 570236 557612 12624 0
1785863884962 570236 557612 12624 0
1785863884989 570236 557612 12624 0
1785863885015 570236 557612 12624 0
1785863885043 570236 557612 12624 0
1785863885075 570236 557612 12624 0
1785863885107 570236 557612 12624 0
1785863885137 570236 557612 12624 0
1785863885168 570236 557612 12624 0
1785863885200 570236 557612 12624 0
1785863885231 570236 557612 12624 0
1785863885262 570236 557612 12624 0
1785863885293 570236 557612 12624 0
1785863885324 570236 557612 12624 0
1785863885356 570236 557612 12624 0
1785863885387 570236 557612 12624 0
1785863885419 570236 557612 12624 0
1785863885451 570236 557612 12624 0
1785863885482 570236 557612 12624 0
1785863885513 570236 557612 12624 0
1785863885545 570236 557612 12624 0
1785863885576 570236 557612 12624 0
1785863885607 570236 557612 12624 0
1785863885639 570236 557612 12624 0
1785863885670 570236 557612 12624 0
1785863885701 570236 557612 12624 0
1785863885732 570236 557612 12624 0
1785863885763 570236 557612 12624 0
1785863885795 570236 557612 12624 0
1785863885826 570236 557612 12624 0
1785863885857 570236 557612 12624 0
1785863885888 570236 557612 12624 0
1785863885919 570236 557612 12624 0
1785863885951 570236 557612 12624 0
1785863885982 570236 557612 12624 0
1785863886014 570236 557612 12624 0
1785863886045 570236 557612 12624 0
1785863886076 570236 557612 12624 0
1785863886108 570236 557612 12624 0
1785863886140 570236 557612 12624 0
1785863886171 570236 557612 12624 0
1785863886204 570236 557612 12624 0
1785863886235 570236 557612 12624 0
1785863886267 570236 557612 12624 0
1785863886298 570236 557612 12624 0
1785863886330 570236 557612 12624 0
1785863886361 570236 557612 12624 0
1785863886393 570236 557612 12624 0
1785863886425 570236 557612 12624 0
1785863886457 570236 557612 12624 0
1785863886490 570236 557612 12624 0
1785863886522 570236 557612 12624 0
1785863886554 570236 557612 12624 0
1785863886587 570236 557612 12624 0
1785863886619 570236 557612 12624 0
1785863886652 570236 557612 12624 0
1785863886684 570236 557612 12624 0
1785863886717 570236 557612 12624 0
1785863886750 570236 557612 12624 0
1785863886782 570236 557612 12624 0
1785863886814 570236 557612 12624 0
1785863886847 570236 557612 12624 0
1785863886879 570236 557612 12624 0
1785863886910 570236 557612 12624 0
1785863886946 570236 557612 12624 0
1785863886976 570236 557612 12624 0
1785863887006 570236 557612 12624 0
1785863887041 578868 566244 12624 0
1785863887073 578868 566244 12624 0
1785863887102 578868 566244 12624 0
1785863887131 578868 566244 12624 0
1785863887159 579364 566740 12624 0
1785863887189 579364 566740 12624 0
1785863887217 579364 566740 12624 0
1785863887246 579388 566764 12624 0
1785863887274 585928 573304 12624 0
1785863887305 585948 573324 12624 0
1785863887337 585948 573324 12624 0
1785863887369 585948 573324 12624 0
1785863887400 585452 572828 12624 0
1785863887430 585452 572828 12624 0
1785863887458 584956 572332 12624 0
1785863887488 584988 572364 12624 0
1785863887519 584108 571484 12624 0
1785863887549 578748 566124 12624 0
1785863887578 577292 564668 12624 0
1785863887608 576764 564140 12624 0
1785863887637 574460 561840 12620 0
1785863887666 570372 557748 12624 0
1785863887697 570444 557820 12624 0
1785863887726 568108 555488 12620 0
1785863887756 578092 565468 12624 0
1785863887787 579016 566392 12624 0
1785863887818 580136 567512 12624 0
1785863887849 580136 567512 12624 0
1785863887878 580572 567948 12624 0
1785863887912 580572 567948 12624 0
1785863887941 580572 567948 12624 0
1785863887969 582008 569384 12624 0
1785863887998 586060 573436 12624 0
1785863888029 586060 573436 12624 0
1785863888060 586108 573484 12624 0
1785863888091 586980 574356 12624 0
1785863888121 587244 574620 12624 0
1785863888153 587244 574620 12624 0
1785863888184 587248 574624 12624 0
1785863888213 587252 574628 12624 0
1785863888244 587536 574912 12624 0
1785863888276 587544 574920 12624 0
1785863888316 590872 578248 12624 0
1785863888350 591128 578504 12624 0
1785863888383 591640 579016 12624 0
1785863888414 594456 581832 12624 0
1785863888451 594968 582344 12624 0
1785863888483 594968 582344 12624 0
1785863888514 594968 582344 12624 0
1785863888545 594968 582344 12624 0
1785863888577 592632 580012 12620 0
1785863888610 597016 584392 12624 0
1785863888643 593496 580872 12624 0
1785863888675 593496 580872 12624 0
1785863888707 593496 580872 12624 0
1785863888739 593496 580872 12624 0
1785863888773 593496 580872 12624 0
1785863888806 593496 580872 12624 0
1785863888838 592756 580132 12624 0
1785863888871 592516 579892 12624 0
1785863888903 592016 579392 12624 0
1785863888934 591280 578656 12624 0
1785863888966 589064 576440 12624 0
1785863889000 589064 576440 12624 0
1785863889032 583156 570532 12624 0
1785863889067 582416 569792 12624 0
1785863889099 581676 569052 12624 0
1785863889133 580936 568312 12624 0
1785863889164 578600 565980 12620 0
1785863889194 578644 566020 12624 0
1785863889226 578644 566020 12624 0
1785863889257 577880 565256 12624 0
1785863889287 574756 562136 12620 0
1785863889317 574824 562200 12624 0
1785863889346 570236 557612 12624 0
1785863889375 570236 557612 12624 0
1785863889403 570236 557612 12624 0
1785863889432 567900 555280 12620 0
1785863889462 578372 565748 12624 0
1785863889492 578372 565748 12624 0
1785863889521 578372 565748 12624 0
1785863889550 578372 565748 12624 0
1785863889578 578372 565748 12624 0
1785863889606 578372 565748 12624 0
1785863889633 578372 565748 12624 0
1785863889661 583860 571236 12624 0
1785863889692 584372 571748 12624 0
1785863889724 586420 573796 12624 0
1785863889756 586420 573796 12624 0
1785863889786 586420 573796 12624 0
1785863889816 586420 573796 12624 0
1785863889845 584084 571464 12620 0
1785863889873 586428 573804 12624 0
1785863889899 586484 573860 12624 0
1785863889928 586484 573860 12624 0
1785863889960 27768 19884 7884 0
1785863889982 28416 20532 7884 0
1785863890004 588200 575576 12624 0
1785863890036 588240 575616 12624 0
1785863890067 585912 573292 12620 0
1785863890098 588788 576164 12624 0
1785863890129 588788 576164 12624 0
1785863890161 588788 576164 12624 0
1785863890193 588788 576164 12624 0
1785863890223 588788 576164 12624 0
1785863890253 588788 576164 12624 0
1785863890282 588788 576164 12624 0
1785863890313 588788 576164 12624 0
1785863890344 588252 575628 12624 0
1785863890375 588252 575628 12624 0
1785863890406 588252 575628 12624 0
1785863890436 588252 575628 12624 0
1785863890466 585572 572948 12624 0
1785863890496 585572 572948 12624 0
1785863890526 585572 572948 12624 0
1785863890557 585572 572948 12624 0
1785863890586 580212 567588 12624 0
1785863890616 580212 567588 12624 0
1785863890647 580212 567588 12624 0
1785863890677 580212 567588 12624 0
1785863890706 580212 567588 12624 0
1785863890734 580212 567588 12624 0
1785863890762 579656 567032 12624 0
1785863890792 576208 563588 12620 0
1785863890822 572392 559772 12620 0
1785863890851 571088 558468 12620 0
1785863890882 573252 560628 12624 0
1785863890912 573844 561224 12620 0
1785863890942 576624 564000 12624 0
1785863890972 68416 60532 7884 0
1785863891001 581700 569076 12624 0
1785863891032 582020 569396 12624 0
1785863891062 582020 569396 12624 0
1785863891090 582020 569396 12624 0
1785863891119 582660 570036 12624 0
1785863891148 584900 572276 12624 0
1785863891179 585540 572916 12624 0
1785863891210 586180 573556 12624 0
1785863891241 586180 573556 12624 0
1785863891272 585188 572564 12624 0
1785863891303 582708 570084 12624 0
1785863891333 578740 566116 12624 0
1785863891363 577740 565116 12624 0
1785863891392 577740 565116 12624 0
1785863891420 573892 561272 12620 0
1785863891451 570236 557612 12624 0
1785863891481 570236 557612 12624 0
1785863891510 570236 557612 12624 0
1785863891537 570236 557612 12624 0
1785863891569 570236 557612 12624 0
1785863891599 570236 557612 12624 0
1785863891628 570236 557612 12624 0
1785863891655 570236 557612 12624 0
1785863891684 570236 557612 12624 0
1785863891715 570236 557612 12624 0
1785863891747 570236 557612 12624 0
1785863891779 570236 557612 12624 0
1785863891812 570236 557612 12624 0
1785863891844 570236 557612 12624 0
1785863891876 570236 557612 12624 0
1785863891908 570236 557612 12624 0
1785863891941 570236 557612 12624 0
1785863891972 570236 557612 12624 0
1785863892004 570236 557612 12624 0
1785863892037 570236 557612 12624 0
1785863892069 570236 557612 12624 0
1785863892101 570236 557612 12624 0
1785863892133 570236 557612 12624 0
1785863892165 570236 557612 12624 0
1785863892197 570236 557612 12624 0
1785863892230 570236 557612 12624 0
1785863892262 570236 557612 12624 0
1785863892294 570236 557612 12624 0
1785863892327 570236 557612 12624 0
1785863892358 570236 557612 12624 0
1785863892390 570236 557612 12624 0
1785863892419 570236 557612 12624 0
1785863892449 570236 557612 12624 0
1785863892477 570236 557612 12624 0
1785863892506 570236 557612 12624 0
1785863892535 570236 557612 12624 0
1785863892561 570236 557612 12624 0
1785863892589 570236 557612 12624 0
1785863892621 570236 557612 12624 0
1785863892654 570236 557612 12624 0
1785863892687 570236 557612 12624 0
1785863892719 570236 557612 12624 0
1785863892751 570236 557612 12624 0
1785863892783 570236 557612 12624 0
1785863892815 570236 557612 12624 0
1785863892847 570236 557612 12624 0
1785863892879 570236 557612 12624 0
1785863892911 570236 557612 12624 0
1785863892943 570236 557612 12624 0
1785863892976 570236 557612 12624 0
1785863893008 570236 557612 12624 0
1785863893040 570236 557612 12624 0
1785863893073 570236 557612 12624 0
1785863893105 570236 557612 12624 0
1785863893137 570236 557612 12624 0
1785863893170 570236 557612 12624 0
1785863893203 570236 557612 12624 0
1785863893234 570236 557612 12624 0
1785863893263 570236 557612 12624 0
1785863893295 570236 557612 12624 0
1785863893325 570236 557612 12624 0
1785863893355 570236 557612 12624 0
1785863893384 570236 557612 12624 0
1785863893413 570236 557612 12624 0
1785863893443 570236 557612 12624 0
1785863893472 570236 557612 12624 0
1785863893501 570236 557612 12624 0
1785863893532 570236 557612 12624 0
1785863893565 570236 557612 12624 0
1785863893597 570236 557612 12624 0
1785863893630 570236 557612 12624 0
1785863893662 570236 557612 12624 0
1785863893694 570236 557612 12624 0
1785863893726 570236 557612 12624 0
1785863893758 570236 557612 12624 0
1785863893790 570236 557612 12624 0
1785863893822 570236 557612 12624 0
1785863893854 570236 557612 12624 0
1785863893887 570236 557612 12624 0
1785863893919 570236 557612 12624 0
1785863893951 570236 557612 12624 0
1785863893984 570236 557612 12624 0
1785863894016 570236 557612 12624 0
1785863894049 570236 557612 12624 0
1785863894081 570236 557612 12624 0
1785863894114 570236 557612 12624 0
1785863894146 570236 557612 12624 0
1785863894176 570236 557612 12624 0
1785863894208 570236 557612 12624 0
1785863894238 570236 557612 12624 0
1785863894266 570236 557612 12624 0
1785863894296 570236 557612 12624 0
1785863894325 570236 557612 12624 0
1785863894355 570236 557612 12624 0
1785863894387 570236 557612 12624 0
1785863894420 570236 557612 12624 0
1785863894452 570236 557612 12624 0
1785863894485 570236 557612 12624 0
1785863894518 570236 557612 12624 0
1785863894551 570236 557612 12624 0
1785863894584 570236 557612 12624 0
1785863894617 570236 557612 12624 0
1785863894650 570236 557612 12624 0
1785863894683 570236 557612 12624 0
1785863894716 570236 557612 12624 0
1785863894748 570236 557612 12624 0
1785863894778 570236 557612 12624 0
1785863894811 570236 557612 12624 0
1785863894845 570236 557612 12624 0
1785863894880 570236 557612 12624 0
1785863894914 570236 557612 12624 0
1785863894948 570236 557612 12624 0
1785863894983 570236 557612 12624 0
1785863895017 570236 557612 12624 0
1785863895052 570236 557612 12624 0
1785863895086 570236 557612 12624 0
1785863895120 570236 557612 12624 0
1785863895155 570236 557612 12624 0
1785863895188 570236 557612 12624 0
1785863895219 570236 557612 12624 0
1785863895250 570236 557612 12624 0
1785863895284 570236 557612 12624 0
1785863895318 570236 557612 12624 0
1785863895351 570236 557612 12624 0
1785863895384 570236 557612 12624 0
1785863895417 570236 557612 12624 0
1785863895449 570236 557612 12624 0
1785863895483 570236 557612 12624 0
1785863895517 570236 557612 12624 0
1785863895550 570236 557612 12624 0
1785863895583 570236 557612 12624 0
1785863895615 570236 557612 12624 0
1785863895646 570236 557612 12624 0
1785863895680 570236 557612 12624 0
1785863895713 570236 557612 12624 0
1785863895747 570236 557612 12624 0
1785863895781 570236 557612 12624 0
1785863895815 570236 557612 12624 0
1785863895851 570236 557612 12624 0
1785863895884 570236 557612 12624 0
1785863895917 570236 557612 12624 0
1785863895950 570236 557612 12624 0
1785863895982 570236 557612 12624 0
1785863896015 570236 557612 12624 0
1785863896047 570236 557612 12624 0
1785863896077 570236 557612 12624 0
1785863896111 570236 557612 12624 0
1785863896145 570236 557612 12624 0
1785863896180 570236 557612 12624 0
1785863896215 570236 557612 12624 0
1785863896249 570236 557612 12624 0
1785863896282 570236 557612 12624 0
1785863896315 570236 557612 12624 0
1785863896348 570236 557612 12624 0
1785863896382 570236 557612 12624 0
1785863896414 570236 557612 12624 0
1785863896447 570236 557612 12624 0
1785863896479 570236 557612 12624 0
1785863896509 570236 557612 12624 0
1785863896541 570236 557612 12624 0
1785863896573 570236 557612 12624 0
1785863896607 570236 557612 12624 0
1785863896641 570236 557612 12624 0
1785863896674 570236 557612 12624 0
1785863896708 570236 557612 12624 0
1785863896741 570236 557612 12624 0
1785863896774 570236 557612 12624 0
1785863896806 570236 557612 12624 0
1785863896839 570236 557612 12624 0
1785863896871 570236 557612 12624 0
1785863896904 570236 557612 12624 0
1785863896936 570236 557612 12624 0
1785863896969 570236 557612 12624 0
1785863897002 570236 557612 12624 0
1785863897036 570236 557612 12624 0
1785863897068 570236 557612 12624 0
1785863897101 570236 557612 12624 0
1785863897134 570236 557612 12624 0
1785863897169 570236 557612 12624 0
1785863897203 570236 557612 12624 0
1785863897238 570236 557612 12624 0
1785863897273 570236 557612 12624 0
1785863897305 570236 557612 12624 0
1785863897336 570236 557612 12624 0
1785863897372 570236 557612 12624 0
1785863897405 570236 557612 12624 0
1785863897438 570236 557612 12624 0
1785863897473 570236 557612 12624 0
1785863897508 570236 557612 12624 0
1785863897542 570236 557612 12624 0
1785863897575 570236 557612 12624 0
1785863897609 570236 557612 12624 0
1785863897642 570236 557612 12624 0
1785863897675 570236 557612 12624 0
1785863897708 570236 557612 12624 0
1785863897740 570236 557612 12624 0
1785863897770 570236 557612 12624 0
1785863897803 570236 557612 12624 0
1785863897835 570236 557612 12624 0
1785863897867 570236 557612 12624 0
1785863897899 570236 557612 12624 0
1785863897932 570236 557612 12624 0
1785863897966 570236 557612 12624 0
1785863897999 570236 557612 12624 0
1785863898034 570236 557612 12624 0
1785863898066 570236 557612 12624 0
1785863898100 570236 557612 12624 0
1785863898134 570236 557612 12624 0
1785863898167 570236 557612 12624 0
1785863898196 570236 557612 12624 0
1785863898223 570236 557612 12624 0
1785863898250 570236 557612 12624 0
1785863898280 12196 4312 7884 0
1785863898303 578260 565636 12624 0
1785863898336 578260 565636 12624 0
1785863898364 578260 565636 12624 0
1785863898390 578260 565636 12624 0
1785863898426 578260 565636 12624 0
1785863898456 578260 565636 12624 0
1785863898484 578260 565636 12624 0
1785863898512 578260 565636 12624 0
1785863898539 578260 565636 12624 0
1785863898567 578260 565636 12624 0
1785863898594 578260 565636 12624 0
1785863898622 578260 565636 12624 0
1785863898649 578260 565636 12624 0
1785863898676 578260 565636 12624 0
1785863898704 578260 565636 12624 0
1785863898731 580292 567668 12624 0
1785863898760 586420 573796 12624 0
1785863898792 586420 573796 12624 0
1785863898822 586420 573796 12624 0
1785863898853 586420 573796 12624 0
1785863898884 586420 573796 12624 0
1785863898914 586420 573796 12624 0
1785863898945 586420 573796 12624 0
1785863898975 586420 573796 12624 0
1785863899006 586420 573796 12624 0
1785863899036 586420 573796 12624 0
1785863899066 586420 573796 12624 0
1785863899096 586420 573796 12624 0
1785863899126 586420 573796 12624 0
1785863899156 586420 573796 12624 0
1785863899185 586420 573796 12624 0
1785863899214 586420 573796 12624 0
1785863899245 586444 573820 12624 0
1785863899275 586760 574136 12624 0
1785863899306 581388 568764 12624 0
1785863899337 578748 566124 12624 0
1785863899366 578748 566124 12624 0
1785863899393 578748 566124 12624 0
1785863899419 578748 566124 12624 0
1785863899445 578748 566124 12624 0
1785863899473 578748 566124 12624 0
1785863899503 578252 565628 12624 0
1785863899534 578252 565628 12624 0
1785863899565 578412 565788 12624 0
1785863899594 578652 566028 12624 0
1785863899625 572060 559436 12624 0
1785863899655 576780 564156 12624 0
1785863899685 578372 565748 12624 0
1785863899715 578372 565748 12624 0
1785863899744 578372 565748 12624 0
1785863899772 578372 565748 12624 0
1785863899800 579860 567236 12624 0
1785863899830 584388 571764 12624 0
1785863899861 586436 573812 12624 0
1785863899892 584100 571480 12620 0
1785863899922 584160 571540 12620 0
1785863899953 582176 571604 10572 0
1785863899997 586676 574052 12624 0
1785863900027 586676 574052 12624 0
1785863900056 586676 574052 12624 0
1785863900085 586676 574052 12624 0
1785863900115 586676 574052 12624 0
1785863900145 586676 574052 12624 0
1785863900174 586676 574052 12624 0
1785863900202 586676 574052 12624 0
1785863900232 586676 574052 12624 0
1785863900260 586676 574052 12624 0
1785863900288 586676 574052 12624 0
1785863900319 586676 574052 12624 0
1785863900350 586676 574052 12624 0
1785863900380 585684 573060 12624 0
1785863900411 585684 573060 12624 0
1785863900443 585684 573060 12624 0
1785863900474 585684 573060 12624 0
1785863900505 585684 573060 12624 0
1785863900536 585684 573060 12624 0
1785863900565 585684 573060 12624 0
1785863900597 585684 573060 12624 0
1785863900628 585684 573060 12624 0
1785863900658 584692 572068 12624 0
1785863900690 584692 572068 12624 0
1785863900721 582708 570084 12624 0
1785863900752 582212 569588 12624 0
1785863900783 581716 569092 12624 0
1785863900814 578740 566116 12624 0
1785863900844 578740 566116 12624 0
1785863900873 578740 566116 12624 0
1785863900901 578740 566116 12624 0
1785863900930 578740 566116 12624 0
1785863900958 578740 566116 12624 0
1785863900986 578740 566116 12624 0
1785863901014 578740 566116 12624 0
1785863901042 578244 565620 12624 0
1785863901071 577748 565124 12624 0
1785863901103 577748 565124 12624 0
1785863901132 577748 565124 12624 0
1785863901163 575412 562792 12620 0
1785863901193 15496 7612 7884 0
1785863901215 578356 565732 12624 0
1785863901245 578356 565732 12624 0
1785863901273 578356 565732 12624 0
1785863901301 578356 565732 12624 0
1785863901329 578356 565732 12624 0
1785863901360 586420 573796 12624 0
1785863901391 586420 573796 12624 0
1785863901424 586484 573860 12624 0
1785863901455 586484 573860 12624 0
1785863901485 586484 573860 12624 0
1785863901514 586484 573860 12624 0
1785863901542 586484 573860 12624 0
1785863901569 584212 571592 12620 0
1785863901600 27940 20056 7884 0
1785863901622 587096 574472 12624 0
1785863901662 585220 572600 12620 0
1785863901695 585324 572704 12620 0
1785863901726 588764 576140 12624 0
1785863901757 588916 576292 12624 0
1785863901787 588916 576292 12624 0
1785863901820 588916 576292 12624 0
1785863901850 588916 576292 12624 0
1785863901883 588916 576292 12624 0
1785863901914 588916 576292 12624 0
1785863901945 588916 576292 12624 0
1785863901977 588916 576292 12624 0
1785863902010 588916 576292 12624 0
1785863902044 588916 576292 12624 0
1785863902075 588916 576292 12624 0
1785863902107 588916 576292 12624 0
1785863902140 588916 576292 12624 0
1785863902171 588916 576292 12624 0
1785863902203 587964 578900 9064 0
1785863902235 631816 619192 12624 0
1785863902267 631816 619192 12624 0
1785863902297 625020 620280 4740 0
1785863902328 637960 625336 12624 0
1785863902358 637960 625336 12624 0
1785863902390 637960 625336 12624 0
1785863902421 637960 625336 12624 0
1785863902453 637960 625336 12624 0
1785863902483 637960 625336 12624 0
1785863902515 637960 625336 12624 0
1785863902545 637960 625336 12624 0
1785863902577 637960 625336 12624 0
1785863902608 637960 625336 12624 0
1785863902640 637960 625336 12624 0
1785863902672 637960 625336 12624 0
1785863902704 637960 625336 12624 0
1785863902736 637960 625336 12624 0
1785863902768 637960 625336 12624 0
1785863902800 637960 625336 12624 0
1785863902831 637960 625336 12624 0
1785863902862 637960 625336 12624 0
1785863902893 637960 625336 12624 0
1785863902925 637960 625336 12624 0
1785863902956 637960 625336 12624 0
1785863902986 637960 625336 12624 0
1785863903017 637960 625336 12624 0
1785863903047 637960 625336 12624 0
1785863903084 637960 625336 12624 0
1785863903116 637960 625336 12624 0
1785863903148 637960 625336 12624 0
1785863903180 637960 625336 12624 0
1785863903211 637960 625336 12624 0
1785863903242 637960 625336 12624 0
1785863903274 637960 625336 12624 0
1785863903306 638760 626136 12624 0
1785863903338 638760 626136 12624 0
1785863903372 638760 626136 12624 0
1785863903404 638760 626136 12624 0
1785863903434 638760 626136 12624 0
1785863903466 638760 626136 12624 0
1785863903497 638760 626136 12624 0
1785863903529 641160 628536 12624 0
1785863903561 641160 628536 12624 0
1785863903594 641160 628536 12624 0
1785863903626 641160 628536 12624 0
1785863903658 641160 628536 12624 0
1785863903689 641160 628536 12624 0
1785863903721 641160 628536 12624 0
1785863903752 641160 628536 12624 0
1785863903783 641160 628536 12624 0
1785863903815 641160 628536 12624 0
1785863903847 641160 628536 12624 0
1785863903878 641340 628716 12624 0
1785863903910 642780 630156 12624 0
1785863903942 642780 630156 12624 0
1785863903974 642780 630156 12624 0
1785863904004 643860 631236 12624 0
1785863904037 644040 631416 12624 0
1785863904070 644040 631416 12624 0
1785863904100 644040 631416 12624 0
1785863904131 644040 631416 12624 0
1785863904164 644040 631416 12624 0
1785863904196 644040 631416 12624 0
1785863904226 644040 631416 12624 0
1785863904259 644040 631416 12624 0
1785863904291 644040 631416 12624 0
1785863904323 644040 631416 12624 0
1785863904355 644040 631416 12624 0
1785863904387 644040 631416 12624 0
1785863904418 644040 631416 12624 0
1785863904450 644040 631416 12624 0
1785863904481 644040 631416 12624 0
1785863904510 644040 631416 12624 0
1785863904542 644040 631416 12624 0
1785863904574 644040 631416 12624 0
1785863904605 644040 631416 12624 0
1785863904634 644040 631416 12624 0
1785863904666 644040 631416 12624 0
1785863904698 644040 631416 12624 0
1785863904733 644040 631416 12624 0
1785863904765 644040 631416 12624 0
1785863904796 644040 631416 12624 0
1785863904827 644040 631416 12624 0
1785863904859 644040 631416 12624 0
1785863904889 644040 631416 12624 0
1785863904920 644040 631416 12624 0
1785863904955 644040 631416 12624 0
1785863904986 644040 631416 12624 0
1785863905019 644040 631416 12624 0
1785863905050 644040 631416 12624 0
1785863905082 644040 631416 12624 0
1785863905114 644040 631416 12624 0
1785863905146 646088 633464 12624 0
1785863905177 643752 631132 12620 0
1785863905208 646196 633572 12624 0
1785863905238 646196 633572 12624 0
1785863905269 646196 633572 12624 0
1785863905299 646196 633572 12624 0
1785863905331 646196 633572 12624 0
1785863905363 646196 633572 12624 0
1785863905395 643860 631240 12620 0
1785863905426 648884 636260 12624 0
1785863905457 648884 636260 12624 0
1785863905487 648884 636260 12624 0
1785863905520 648884 636260 12624 0
1785863905551 652980 640356 12624 0
1785863905584 652980 640356 12624 0
1785863905616 652980 640356 12624 0
1785863905648 654740 642120 12620 0
1785863905679 677556 664932 12624 0
1785863905710 680352 667728 12624 0
1785863905742 680352 667728 12624 0
1785863905782 680352 667728 12624 0
1785863905814 680352 667728 12624 0
1785863905847 680352 667728 12624 0
1785863905878 680352 667728 12624 0
1785863905910 680352 667728 12624 0
1785863905940 680352 667728 12624 0
1785863905973 680352 667728 12624 0
1785863906005 680352 667728 12624 0
1785863906036 680352 667728 12624 0
1785863906067 680352 667728 12624 0
1785863906099 680352 667728 12624 0
1785863906132 680352 667728 12624 0
1785863906165 680352 667728 12624 0
1785863906197 680352 667728 12624 0
1785863906229 680352 667728 12624 0
1785863906260 680352 667728 12624 0
1785863906292 680352 667728 12624 0
1785863906324 680356 667732 12624 0
1785863906357 680376 667752 12624 0
1785863906390 680376 667752 12624 0
1785863906423 680376 667752 12624 0
1785863906455 680376 667752 12624 0
1785863906486 680376 667752 12624 0
1785863906518 680376 667752 12624 0
1785863906550 679636 667012 12624 0
1785863906583 678156 665532 12624 0
1785863906614 677416 664792 12624 0
1785863906645 677416 664792 12624 0
1785863906677 677416 664792 12624 0
1785863906707 675936 663312 12624 0
1785863906738 675936 663312 12624 0
1785863906768 675936 663312 12624 0
1785863906798 675936 663312 12624 0
1785863906831 675936 663312 12624 0
1785863906864 675936 663312 12624 0
1785863906895 675936 663312 12624 0
1785863906926 675936 663312 12624 0
1785863906956 675936 663312 12624 0
1785863906988 675936 663312 12624 0
1785863907019 672976 660352 12624 0
1785863907048 672976 660352 12624 0
1785863907080 671496 658872 12624 0
1785863907111 605684 593060 12624 0
1785863907141 605684 593060 12624 0
1785863907170 605684 593060 12624 0
1785863907200 605684 593060 12624 0
1785863907230 605684 593060 12624 0
1785863907258 605684 593060 12624 0
1785863907289 605684 593060 12624 0
1785863907321 605684 593060 12624 0
1785863907351 604944 592320 12624 0
1785863907381 604944 592320 12624 0
1785863907411 604944 592320 12624 0
1785863907442 604944 592320 12624 0
1785863907472 604944 592320 12624 0
1785863907501 604944 592320 12624 0
1785863907530 604944 592320 12624 0
1785863907560 604944 592320 12624 0
1785863907591 604944 592320 12624 0
1785863907623 604944 592320 12624 0
1785863907652 604944 592320 12624 0
1785863907680 604944 592320 12624 0
1785863907709 604204 591580 12624 0
1785863907739 601936 589312 12624 0
1785863907769 599600 586980 12620 0
1785863907799 600408 587784 12624 0
1785863907827 600408 587784 12624 0
1785863907855 19292 11016 8276 0
1785863907877 592764 580140 12624 0
1785863907906 592764 580140 12624 0
1785863907936 592764 580140 12624 0
1785863907964 592764 580140 12624 0
1785863907991 592764 580140 12624 0
1785863908021 592764 580140 12624 0
1785863908054 592764 580140 12624 0
1785863908087 592764 580140 12624 0
1785863908120 592764 580140 12624 0
1785863908153 592764 580140 12624 0
1785863908186 592764 580140 12624 0
1785863908220 592764 580140 12624 0
1785863908252 592764 580140 12624 0
1785863908284 592764 580140 12624 0
1785863908316 592764 580140 12624 0
1785863908347 592764 580140 12624 0
1785863908378 592764 580140 12624 0
1785863908409 592764 580140 12624 0
1785863908443 592764 580140 12624 0
1785863908476 592764 580140 12624 0
1785863908509 592764 580140 12624 0
1785863908543 592764 580140 12624 0
1785863908575 592764 580140 12624 0
1785863908607 592764 580140 12624 0
1785863908640 592764 580140 12624 0
1785863908673 592764 580140 12624 0
1785863908706 592764 580140 12624 0
1785863908738 592764 580140 12624 0
1785863908768 592764 580140 12624 0
1785863908799 592764 580140 12624 0
1785863908828 592764 580140 12624 0
1785863908857 592764 580140 12624 0
1785863908891 592764 580140 12624 0
1785863908924 592764 580140 12624 0
1785863908957 592764 580140 12624 0
1785863908989 592764 580140 12624 0
1785863909021 592764 580140 12624 0
1785863909053 592764 580140 12624 0
1785863909086 592764 580140 12624 0
1785863909118 592764 580140 12624 0
1785863909149 592764 580140 12624 0
1785863909177 592764 580140 12624 0
1785863909207 592764 580140 12624 0
1785863909239 592764 580140 12624 0
1785863909272 592764 580140 12624 0
1785863909305 592764 580140 12624 0
1785863909336 592764 580140 12624 0
1785863909368 592764 580140 12624 0
1785863909400 592764 580140 12624 0
1785863909432 592764 580140 12624 0
1785863909467 592764 580140 12624 0
1785863909501 592764 580140 12624 0
1785863909535 592764 580140 12624 0
1785863909570 592764 580140 12624 0
1785863909603 592764 580140 12624 0
1785863909633 592764 580140 12624 0
1785863909663 592764 580140 12624 0
1785863909692 592764 580140 12624 0
1785863909727 592764 580140 12624 0
1785863909760 592764 580140 12624 0
1785863909794 592764 580140 12624 0
1785863909827 592764 580140 12624 0
1785863909859 592764 580140 12624 0
1785863909891 592764 580140 12624 0
1785863909924 592764 580140 12624 0
1785863909957 592764 580140 12624 0
1785863909990 592764 580140 12624 0
1785863910024 592764 580140 12624 0
1785863910056 592764 580140 12624 0
1785863910088 592764 580140 12624 0
1785863910118 592764 580140 12624 0
1785863910149 592764 580140 12624 0
1785863910183 592764 580140 12624 0
1785863910217 592764 580140 12624 0
1785863910253 592764 580140 12624 0
1785863910286 592764 580140 12624 0
1785863910320 592764 580140 12624 0
1785863910353 592764 580140 12624 0
1785863910386 592764 580140 12624 0
1785863910419 592764 580140 12624 0
1785863910452 592764 580140 12624 0
1785863910487 592764 580140 12624 0
1785863910522 592764 580140 12624 0
1785863910553 592764 580140 12624 0
1785863910582 592764 580140 12624 0
1785863910616 592764 580140 12624 0
1785863910650 592764 580140 12624 0
1785863910684 592764 580140 12624 0
1785863910717 592764 580140 12624 0
1785863910751 592764 580140 12624 0
1785863910784 592764 580140 12624 0
1785863910817 592764 580140 12624 0
1785863910849 592764 580140 12624 0
1785863910884 592764 580140 12624 0
1785863910919 592764 580140 12624 0
1785863910954 592764 580140 12624 0
1785863910986 592764 580140 12624 0
1785863911017 592764 580140 12624 0
1785863911049 592764 580140 12624 0
1785863911081 592764 580140 12624 0
1785863911114 592764 580140 12624 0
1785863911148 592764 580140 12624 0
1785863911182 592764 580140 12624 0
1785863911217 592764 580140 12624 0
1785863911252 592764 580140 12624 0
1785863911286 592764 580140 12624 0
1785863911319 592764 580140 12624 0
1785863911352 592764 580140 12624 0
1785863911385 592764 580140 12624 0
1785863911417 592764 580140 12624 0
1785863911448 592764 580140 12624 0
1785863911479 592764 580140 12624 0
1785863911510 592764 580140 12624 0
1785863911545 592764 580140 12624 0
1785863911578 592764 580140 12624 0
1785863911613 592764 580140 12624 0
1785863911648 592764 580140 12624 0
1785863911681 592764 580140 12624 0
1785863911714 592764 580140 12624 0
1785863911747 592764 580140 12624 0
1785863911782 592764 580140 12624 0
1785863911817 592764 580140 12624 0
1785863911851 592764 580140 12624 0
1785863911883 592764 580140 12624 0
1785863911913 592764 580140 12624 0
1785863911942 592764 580140 12624 0
1785863911971 592764 580140 12624 0
1785863912002 591220 578600 12620 0
1785863912036 601332 588708 12624 0
1785863912066 601332 588708 12624 0
1785863912095 601828 589204 12624 0
1785863912123 599492 586872 12620 0
1785863912154 608956 596332 12624 0
1785863912185 608956 596332 12624 0
1785863912217 609012 596388 12624 0
1785863912248 609012 596388 12624 0
1785863912279 609076 596452 12624 0
1785863912308 609076 596452 12624 0
1785863912339 609076 596452 12624 0
1785863912368 606740 594120 12620 0
1785863912399 609212 596588 12624 0
1785863912430 609360 596736 12624 0
1785863912460 607712 595092 12620 0
1785863912491 610240 597616 12624 0
1785863912523 610328 597704 12624 0
1785863912554 611316 598692 12624 0
1785863912584 611316 598692 12624 0
1785863912616 610780 598156 12624 0
1785863912646 610780 598156 12624 0
1785863912676 610780 598156 12624 0
1785863912707 610780 598156 12624 0
1785863912744 610780 598156 12624 0
1785863912776 610780 598156 12624 0
1785863912806 610780 598156 12624 0
1785863912837 609172 596548 12624 0
1785863912867 608636 596012 12624 0
1785863912897 607028 594404 12624 0
1785863912929 601604 588980 12624 0
1785863912960 601604 588980 12624 0
1785863912989 599268 586648 12620 0
1785863913016 598688 586068 12620 0
1785863913044 599864 587240 12624 0
1785863913074 592764 580140 12624 0
1785863913105 592764 580140 12624 0
1785863913134 592764 580140 12624 0
1785863913165 592764 580140 12624 0
1785863913196 592764 580140 12624 0
1785863913228 592764 580140 12624 0
1785863913259 592764 580140 12624 0
1785863913291 592764 580140 12624 0
1785863913322 592764 580140 12624 0
1785863913353 592764 580140 12624 0
1785863913385 592764 580140 12624 0
1785863913416 592764 580140 12624 0
1785863913447 592764 580140 12624 0
1785863913479 592764 580140 12624 0
1785863913510 592764 580140 12624 0
1785863913541 592764 580140 12624 0
1785863913573 592764 580140 12624 0
1785863913604 592764 580140 12624 0
1785863913635 592764 580140 12624 0
1785863913666 592764 580140 12624 0
1785863913696 600900 588276 12624 0
1785863913726 600900 588276 12624 0
1785863913754 600900 588276 12624 0
1785863913784 600900 588276 12624 0
1785863913814 600900 588276 12624 0
1785863913842 600900 588276 12624 0
1785863913871 600900 588276 12624 0
1785863913899 603412 590788 12624 0
1785863913927 605908 593284 12624 0
1785863913960 608948 596324 12624 0
1785863913992 606612 593992 12620 0
1785863914024 608972 596348 12624 0
1785863914055 607532 594908 12624 0
1785863914083 607036 594412 12624 0
1785863914112 606540 593916 12624 0
1785863914143 606540 593916 12624 0
1785863914172 605548 592924 12624 0
1785863914203 605796 593172 12624 0
1785863914235 592876 580252 12624 0
1785863914266 594768 582144 12624 0
1785863914297 595032 582408 12624 0
1785863914328 602696 590072 12624 0
1785863914360 603440 590816 12624 0
1785863914390 603440 590816 12624 0
1785863914420 603440 590816 12624 0
1785863914450 603440 590816 12624 0
1785863914478 603444 590820 12624 0
1785863914509 603444 590820 12624 0
1785863914539 605188 592564 12624 0
1785863914570 609984 597360 12624 0
1785863914601 609984 597360 12624 0
1785863914631 610028 597404 12624 0
1785863914664 610036 597412 12624 0
1785863914695 610036 597412 12624 0
1785863914729 610292 597668 12624 0
1785863914761 610552 597928 12624 0
1785863914791 610580 597956 12624 0
1785863914822 613396 600772 12624 0
1785863914855 614676 602052 12624 0
1785863914885 617492 604868 12624 0
1785863914917 617492 604868 12624 0
1785863914947 616756 604132 12624 0
1785863914977 616756 604132 12624 0
1785863915009 616756 604132 12624 0
1785863915040 616756 604132 12624 0
1785863915070 616756 604132 12624 0
1785863915102 616756 604132 12624 0
1785863915132 616756 604132 12624 0
1785863915164 616756 604132 12624 0
1785863915196 616756 604132 12624 0
1785863915228 616756 604132 12624 0
1785863915260 622024 617284 4740 0
1785863915293 621528 608904 12624 0
1785863915325 620808 608184 12624 0
1785863915357 620808 608184 12624 0
1785863915388 620808 608184 12624 0
1785863915422 620808 608184 12624 0
1785863915456 620068 607444 12624 0
1785863915494 618592 605968 12624 0
1785863915527 618592 605968 12624 0
1785863915560 618592 605968 12624 0
1785863915592 618592 605968 12624 0
1785863915624 617852 605228 12624 0
1785863915655 616376 603752 12624 0
1785863915686 613424 600800 12624 0
1785863915718 611088 598468 12620 0
1785863915749 604244 591620 12624 0
1785863915779 601908 589288 12620 0
1785863915810 599036 586412 12624 0
1785863915839 599036 586412 12624 0
1785863915866 599036 586412 12624 0
1785863915894 606652 594028 12624 0
1785863915925 607172 594548 12624 0
1785863915955 607172 594548 12624 0
1785863915984 607172 594548 12624 0
1785863916013 607172 594548 12624 0
1785863916043 607172 594548 12624 0
1785863916071 607172 594548 12624 0
1785863916098 607172 594548 12624 0
1785863916125 614536 601912 12624 0
1785863916157 615220 602596 12624 0
1785863916188 615220 602596 12624 0
1785863916219 615284 602660 12624 0
1785863916249 615284 602660 12624 0
1785863916280 615284 602660 12624 0
1785863916310 558776 550376 8400 0
1785863916341 613028 600408 12620 0
1785863916372 613176 600556 12620 0
1785863916404 613784 601164 12620 0
1785863916436 617524 604900 12624 0
1785863916468 617588 604964 12624 0
1785863916500 617588 604964 12624 0
1785863916531 619300 606676 12624 0
1785863916562 619340 606716 12624 0
1785863916593 619388 606764 12624 0
1785863916623 619420 606796 12624 0
1785863916654 618916 606292 12624 0
1785863916684 618916 606292 12624 0
1785863916715 618916 606292 12624 0
1785863916746 618916 606292 12624 0
1785863916775 618916 606292 12624 0
1785863916805 618916 606292 12624 0
1785863916836 618380 605756 12624 0
1785863916868 613020 600396 12624 0
1785863916899 610876 598252 12624 0
1785863916929 610876 598252 12624 0
1785863916957 610320 597696 12624 0
1785863916985 610320 597696 12624 0
1785863917012 610320 597696 12624 0
1785863917043 594256 589516 4740 0
1785863917073 603916 591292 12624 0
1785863917103 604508 591888 12620 0
1785863917136 17880 9996 7884 0
1785863917158 611900 599276 12624 0
1785863917189 611900 599276 12624 0
1785863917219 612220 599596 12624 0
1785863917249 612220 599596 12624 0
1785863917277 612220 599596 12624 0
1785863917304 612220 599596 12624 0
1785863917331 613180 600556 12624 0
1785863917360 617340 604716 12624 0
1785863917392 617340 604716 12624 0
1785863917423 617340 604716 12624 0
1785863917454 617340 604716 12624 0
1785863917484 616844 604220 12624 0
1785863917514 615852 603228 12624 0
1785863917542 615852 603228 12624 0
1785863917569 615852 603228 12624 0
1785863917596 615852 603228 12624 0
1785863917626 615852 603228 12624 0
1785863917658 614860 602236 12624 0
1785863917690 611388 598764 12624 0
1785863917720 607412 594788 12624 0
1785863917750 601044 588424 12620 0
1785863917780 600900 588276 12624 0
1785863917809 600900 588276 12624 0
1785863917840 600900 588276 12624 0
1785863917872 600900 588276 12624 0
1785863917903 600900 588276 12624 0
1785863917935 600900 588276 12624 0
1785863917966 600900 588276 12624 0
1785863917997 600900 588276 12624 0
1785863918029 600900 588276 12624 0
1785863918060 600900 588276 12624 0
1785863918092 600900 588276 12624 0
1785863918124 600900 588276 12624 0
1785863918155 600900 588276 12624 0
1785863918187 600900 588276 12624 0
1785863918218 600900 588276 12624 0
1785863918249 600900 588276 12624 0
1785863918281 600900 588276 12624 0
1785863918313 600900 588276 12624 0
1785863918344 600900 588276 12624 0
1785863918376 600900 588276 12624 0
1785863918408 600900 588276 12624 0
1785863918439 600900 588276 12624 0
1785863918471 600900 588276 12624 0
1785863918502 600900 588276 12624 0
1785863918534 600900 588276 12624 0
1785863918566 600900 588276 12624 0
1785863918597 600900 588276 12624 0
1785863918629 600900 588276 12624 0
1785863918661 600900 588276 12624 0
1785863918692 600900 588276 12624 0
1785863918723 600900 588276 12624 0
1785863918755 600900 588276 12624 0
1785863918787 600900 588276 12624 0
1785863918818 600900 588276 12624 0
1785863918849 600900 588276 12624 0
1785863918881 600900 588276 12624 0
1785863918913 600900 588276 12624 0
1785863918946 600900 588276 12624 0
1785863918979 600900 588276 12624 0
1785863919011 600900 588276 12624 0
1785863919044 600900 588276 12624 0
1785863919076 600900 588276 12624 0
1785863919108 600900 588276 12624 0
1785863919138 600900 588276 12624 0
1785863919167 600900 588276 12624 0
1785863919196 600900 588276 12624 0
1785863919224 600900 588276 12624 0
1785863919253 600900 588276 12624 0
1785863919282 600900 588276 12624 0
1785863919311 600900 588276 12624 0
1785863919340 600900 588276 12624 0
1785863919369 600900 588276 12624 0
1785863919397 600900 588276 12624 0
1785863919426 600900 588276 12624 0
1785863919454 600900 588276 12624 0
1785863919483 600900 588276 12624 0
1785863919512 600900 588276 12624 0
1785863919541 600900 588276 12624 0
1785863919570 600900 588276 12624 0
1785863919598 600900 588276 12624 0
1785863919627 600900 588276 12624 0
1785863919656 600900 588276 12624 0
1785863919684 600900 588276 12624 0
1785863919713 600900 588276 12624 0
1785863919742 600900 588276 12624 0
1785863919770 600900 588276 12624 0
1785863919799 600900 588276 12624 0
1785863919828 600900 588276 12624 0
1785863919857 600900 588276 12624 0
1785863919886 600900 588276 12624 0
1785863919914 600900 588276 12624 0
1785863919943 600900 588276 12624 0
1785863919972 600900 588276 12624 0
1785863920001 600900 588276 12624 0
1785863920030 600900 588276 12624 0
1785863920059 600900 588276 12624 0
1785863920089 600900 588276 12624 0
1785863920118 600900 588276 12624 0
1785863920147 600900 588276 12624 0
1785863920176 600900 588276 12624 0
1785863920204 600900 588276 12624 0
1785863920232 600900 588276 12624 0
1785863920260 600900 588276 12624 0
1785863920288 600900 588276 12624 0
1785863920316 600900 588276 12624 0
1785863920346 600900 588276 12624 0
1785863920378 600900 588276 12624 0
1785863920407 600900 588276 12624 0
1785863920436 600900 588276 12624 0
1785863920467 609036 596412 12624 0
1785863920499 609036 596412 12624 0
1785863920529 609036 596412 12624 0
1785863920558 609036 596412 12624 0
1785863920586 609036 596412 12624 0
1785863920614 609036 596412 12624 0
1785863920641 609036 596412 12624 0
1785863920667 609036 596412 12624 0
1785863920695 609036 596412 12624 0
1785863920723 609036 596412 12624 0
1785863920752 609036 596412 12624 0
1785863920781 609036 596412 12624 0
1785863920810 609532 596908 12624 0
1785863920839 609532 596908 12624 0
1785863920868 610044 597420 12624 0
1785863920898 615580 602956 12624 0
1785863920930 615580 602956 12624 0
1785863920961 616076 603452 12624 0
1785863920993 616076 603452 12624 0
1785863921024 617084 604460 12624 0
1785863921055 617084 604460 12624 0
1785863921086 617084 604460 12624 0
1785863921116 617084 604460 12624 0
1785863921146 617084 604460 12624 0
1785863921177 617084 604460 12624 0
1785863921207 617084 604460 12624 0
1785863921237 617092 604468 12624 0
1785863921267 616612 603988 12624 0
1785863921296 616612 603988 12624 0
1785863921325 616612 603988 12624 0
1785863921355 617628 605004 12624 0
1785863921384 617640 605016 12624 0
1785863921418 613940 601316 12624 0
1785863921450 612468 599844 12624 0
1785863921481 610452 597828 12624 0
1785863921512 609956 597332 12624 0
1785863921542 609956 597332 12624 0
1785863921572 609956 597332 12624 0
1785863921603 604140 591516 12624 0
1785863921635 601804 589184 12620 0
1785863921665 610052 597428 12624 0
1785863921696 610052 597428 12624 0
1785863921725 610052 597428 12624 0
1785863921755 610052 597428 12624 0
1785863921785 610052 597428 12624 0
1785863921814 610052 597428 12624 0
1785863921841 610052 597428 12624 0
1785863921870 610052 597428 12624 0
1785863921897 610052 597428 12624 0
1785863921923 610052 597428 12624 0
1785863921949 610052 597428 12624 0
1785863921975 610052 597428 12624 0
1785863922001 610052 597428 12624 0
1785863922030 610052 597428 12624 0
1785863922057 610052 597428 12624 0
1785863922085 610052 597428 12624 0
1785863922113 617796 605172 12624 0
1785863922144 618100 605476 12624 0
1785863922175 618100 605476 12624 0
1785863922205 618100 605476 12624 0
1785863922235 618100 605476 12624 0
1785863922266 618108 605484 12624 0
1785863922297 618164 605540 12624 0
1785863922327 618164 605540 12624 0
1785863922356 618164 605540 12624 0
1785863922384 618164 605540 12624 0
1785863922413 618164 605540 12624 0
1785863922443 618164 605540 12624 0
1785863922472 618164 605540 12624 0
1785863922500 618164 605540 12624 0
1785863922529 618164 605540 12624 0
1785863922558 618188 605564 12624 0
1785863922590 618260 605636 12624 0
1785863922622 28668 20784 7884 0
1785863922657 620276 607652 12624 0
1785863922693 619100 606480 12620 0
1785863922724 619380 606760 12620 0
1785863922755 619404 606784 12620 0
1785863922786 621940 609316 12624 0
1785863922819 624628 612004 12624 0
1785863922850 624628 612004 12624 0
1785863922881 624692 612068 12624 0
1785863922911 624692 612068 12624 0
1785863922962 624756 612132 12624 0
1785863922994 624756 612132 12624 0
1785863923025 624756 612132 12624 0
1785863923057 624888 612264 12624 0
1785863923089 640032 627412 12620 0
1785863923122 652672 640048 12624 0
1785863923154 652672 640048 12624 0
1785863923185 652800 640176 12624 0
1785863923218 652864 640240 12624 0
1785863923252 652864 640240 12624 0
1785863923282 652864 640240 12624 0
1785863923313 89468 77012 12456 0
1785863923336 658252 645628 12624 0
1785863923367 665308 652684 12624 0
1785863923400 669896 657272 12624 0
1785863923433 624176 614636 9540 0
1785863923465 627784 615160 12624 0
1785863923497 627784 615160 12624 0
1785863923529 627784 615160 12624 0
1785863923560 627784 615160 12624 0
1785863923592 627848 615224 12624 0
1785863923624 627848 615224 12624 0
1785863923655 627912 615288 12624 0
1785863923688 627960 616532 11428 0
1785863923721 721120 708496 12624 0
1785863923755 762536 749912 12624 0
1785863923789 672680 662152 10528 0
1785863923821 640264 627640 12624 0
1785863923851 640264 627640 12624 0
1785863923879 640264 627640 12624 0
1785863923912 640264 627640 12624 0
1785863923943 640264 627640 12624 0
1785863923974 640264 627640 12624 0
1785863924004 640264 627640 12624 0
1785863924035 640264 627640 12624 0
1785863924066 640264 627640 12624 0
1785863924097 640264 627640 12624 0
1785863924129 640264 627640 12624 0
1785863924161 640264 627640 12624 0
1785863924193 640264 627640 12624 0
1785863924223 640264 627640 12624 0
1785863924256 635896 625284 10612 0
1785863924287 643996 631372 12624 0
1785863924318 643996 631372 12624 0
1785863924348 643996 631372 12624 0
1785863924380 643996 631372 12624 0
1785863924410 643996 631372 12624 0
1785863924439 643996 631372 12624 0
1785863924472 643996 631372 12624 0
1785863924504 643996 631372 12624 0
1785863924537 650384 637760 12624 0
1785863924572 698052 685428 12624 0
1785863924605 699788 687164 12624 0
1785863924637 709272 696648 12624 0
1785863924670 659480 646856 12624 0
1785863924701 659480 646856 12624 0
1785863924730 659480 646856 12624 0
1785863924760 659480 646856 12624 0
1785863924791 659508 646884 12624 0
1785863924822 659508 646884 12624 0
1785863924853 659508 646884 12624 0
1785863924884 659508 646884 12624 0
1785863924914 659508 646884 12624 0
1785863924945 659508 646884 12624 0
1785863924977 659508 646884 12624 0
1785863925010 659508 646884 12624 0
1785863925041 659508 646884 12624 0
1785863925073 659508 646884 12624 0
1785863925104 659508 646884 12624 0
1785863925136 659508 646884 12624 0
1785863925169 657172 644552 12620 0
1785863925202 772656 760032 12624 0
1785863925237 799796 787172 12624 0
1785863925272 730804 718180 12624 0
1785863925305 730804 718180 12624 0
1785863925336 730804 718180 12624 0
1785863925369 730804 718180 12624 0
1785863925401 730804 718180 12624 0
1785863925433 730804 718180 12624 0
1785863925464 730804 718180 12624 0
1785863925495 730804 718180 12624 0
1785863925527 730804 718180 12624 0
1785863925559 730804 718180 12624 0
1785863925593 730804 718180 12624 0
1785863925625 730804 718180 12624 0
1785863925657 730804 718180 12624 0
1785863925690 730804 718180 12624 0
1785863925722 730804 718180 12624 0
1785863925754 730804 718180 12624 0
1785863925785 730804 718180 12624 0
1785863925816 730804 718180 12624 0
1785863925847 730804 718180 12624 0
1785863925877 730804 718180 12624 0
1785863925906 730804 718180 12624 0
1785863925936 730804 718180 12624 0
1785863925970 730804 718180 12624 0
1785863926003 730804 718180 12624 0
1785863926036 730804 718180 12624 0
1785863926068 730804 718180 12624 0
1785863926100 730804 718180 12624 0
1785863926132 730804 718180 12624 0
1785863926164 730804 718180 12624 0
1785863926196 730804 718180 12624 0
1785863926229 730804 718180 12624 0
1785863926261 730804 718180 12624 0
1785863926293 730804 718180 12624 0
1785863926324 730804 718180 12624 0
1785863926357 730804 718180 12624 0
1785863926390 730804 718180 12624 0
1785863926423 730804 718180 12624 0
1785863926453 730804 718180 12624 0
1785863926483 730804 718180 12624 0
1785863926516 730804 718180 12624 0
1785863926550 730804 718180 12624 0
1785863926583 730804 718180 12624 0
1785863926615 730804 718180 12624 0
1785863926647 730804 718180 12624 0
1785863926679 730804 718180 12624 0
1785863926710 730804 718180 12624 0
1785863926742 730804 718180 12624 0
1785863926773 730804 718180 12624 0
1785863926806 730804 718180 12624 0
1785863926838 730804 718180 12624 0
1785863926870 730804 718180 12624 0
1785863926902 730804 718180 12624 0
1785863926935 730804 718180 12624 0
1785863926968 730804 718180 12624 0
1785863927000 730804 718180 12624 0
1785863927032 730804 718180 12624 0
1785863927064 730804 718180 12624 0
1785863927096 730804 718180 12624 0
1785863927128 730804 718180 12624 0
1785863927161 730804 718180 12624 0
1785863927194 730804 718180 12624 0
1785863927226 730804 718180 12624 0
1785863927258 730804 718180 12624 0
1785863927288 730804 718180 12624 0
1785863927321 730804 718180 12624 0
1785863927353 730804 718180 12624 0
1785863927387 730804 718180 12624 0
1785863927420 730804 718180 12624 0
1785863927452 730804 718180 12624 0
1785863927486 730804 718180 12624 0
1785863927519 730804 718180 12624 0
1785863927550 730804 718180 12624 0
1785863927582 730804 718180 12624 0
1785863927613 730804 718180 12624 0
1785863927645 730804 718180 12624 0
1785863927676 730804 718180 12624 0
1785863927707 730804 718180 12624 0
1785863927739 730804 718180 12624 0
1785863927770 730804 718180 12624 0
1785863927803 730804 718180 12624 0
1785863927836 730804 718180 12624 0
1785863927869 730804 718180 12624 0
1785863927902 730804 718180 12624 0
1785863927935 730804 718180 12624 0
1785863927965 730804 718180 12624 0
1785863927998 730804 718180 12624 0
1785863928031 730804 718180 12624 0
1785863928063 730804 718180 12624 0
1785863928097 730804 718180 12624 0
1785863928129 730064 717440 12624 0
1785863928162 729324 716700 12624 0
1785863928195 729324 716700 12624 0
1785863928227 729324 716700 12624 0
1785863928258 729324 716700 12624 0
1785863928290 728584 715960 12624 0
1785863928321 728584 715960 12624 0
1785863928353 728584 715960 12624 0
1785863928386 728584 715960 12624 0
1785863928418 728584 715960 12624 0
1785863928448 727844 715220 12624 0
1785863928479 726364 713740 12624 0
1785863928511 723404 710780 12624 0
1785863928545 723404 710780 12624 0
1785863928577 723404 710780 12624 0
1785863928609 722664 710040 12624 0
1785863928641 722664 710040 12624 0
1785863928674 721924 709300 12624 0
1785863928705 721924 709300 12624 0
1785863928736 718224 705600 12624 0
1785863928767 718224 705600 12624 0
1785863928795 718224 705600 12624 0
1785863928823 718224 705600 12624 0
1785863928851 718224 705600 12624 0
1785863928880 718224 705600 12624 0
1785863928909 718224 705600 12624 0
1785863928939 718224 705600 12624 0
1785863928972 718224 705600 12624 0
1785863929002 717484 704860 12624 0
1785863929033 717484 704860 12624 0
1785863929062 717484 704860 12624 0
1785863929090 717484 704860 12624 0
1785863929120 717484 704860 12624 0
1785863929150 717484 704860 12624 0
1785863929178 717484 704860 12624 0
1785863929207 717484 704860 12624 0
1785863929235 717484 704860 12624 0
1785863929265 717484 704860 12624 0
1785863929295 717484 704860 12624 0
1785863929325 717484 704860 12624 0
1785863929356 717484 704860 12624 0
1785863929385 717484 704860 12624 0
1785863929413 716744 704120 12624 0
1785863929444 716744 704120 12624 0
1785863929474 715932 703308 12624 0
1785863929503 715932 703308 12624 0
1785863929533 715932 703308 12624 0
1785863929564 715932 703308 12624 0
1785863929594 715932 703308 12624 0
1785863929623 715932 703308 12624 0
1785863929652 715932 703308 12624 0
1785863929683 715932 703308 12624 0
1785863929712 715932 703308 12624 0
1785863929742 715932 703308 12624 0
1785863929773 715168 702544 12624 0
1785863929801 715168 702544 12624 0
1785863929830 714404 701780 12624 0
1785863929860 666556 653936 12620 0
1785863929891 594812 582188 12624 0
1785863929918 594812 582188 12624 0
1785863929948 594812 582188 12624 0
1785863929975 594812 582188 12624 0
1785863930000 594812 582188 12624 0
1785863930028 594812 582188 12624 0
1785863930054 594812 582188 12624 0
1785863930079 594812 582188 12624 0
1785863930105 594812 582188 12624 0
1785863930135 594812 582188 12624 0
1785863930165 594812 582188 12624 0
1785863930195 594812 582188 12624 0
1785863930225 594812 582188 12624 0
1785863930255 594812 582188 12624 0
1785863930286 594812 582188 12624 0
1785863930317 594812 582188 12624 0
1785863930347 594812 582188 12624 0
1785863930377 594812 582188 12624 0
1785863930407 594812 582188 12624 0
1785863930437 594812 582188 12624 0
1785863930468 594812 582188 12624 0
1785863930498 594812 582188 12624 0
1785863930528 594812 582188 12624 0
1785863930559 594812 582188 12624 0
1785863930589 594812 582188 12624 0
1785863930619 594812 582188 12624 0
1785863930649 594812 582188 12624 0
1785863930680 594812 582188 12624 0
1785863930710 594812 582188 12624 0
1785863930740 594812 582188 12624 0
1785863930771 594812 582188 12624 0
1785863930801 594812 582188 12624 0
1785863930831 594812 582188 12624 0
1785863930861 594812 582188 12624 0
1785863930892 594812 582188 12624 0
1785863930922 594812 582188 12624 0
1785863930952 594812 582188 12624 0
1785863930982 594812 582188 12624 0
1785863931013 594812 582188 12624 0
1785863931043 594812 582188 12624 0
1785863931073 594812 582188 12624 0
1785863931103 594812 582188 12624 0
1785863931133 594812 582188 12624 0
1785863931163 594812 582188 12624 0
1785863931193 594812 582188 12624 0
1785863931223 594812 582188 12624 0
1785863931253 594812 582188 12624 0
1785863931284 594812 582188 12624 0
1785863931313 594812 582188 12624 0
1785863931343 594812 582188 12624 0
1785863931374 594812 582188 12624 0
1785863931405 594812 582188 12624 0
1785863931435 594812 582188 12624 0
1785863931465 594812 582188 12624 0
1785863931495 594812 582188 12624 0
1785863931526 594812 582188 12624 0
1785863931556 594812 582188 12624 0
1785863931586 594812 582188 12624 0
1785863931617 594812 582188 12624 0
1785863931647 594812 582188 12624 0
1785863931677 594812 582188 12624 0
1785863931708 594812 582188 12624 0
1785863931738 594812 582188 12624 0
1785863931769 594812 582188 12624 0
1785863931799 594812 582188 12624 0
1785863931830 594812 582188 12624 0
1785863931861 594812 582188 12624 0
1785863931891 594812 582188 12624 0
1785863931922 594812 582188 12624 0
1785863931952 594812 582188 12624 0
1785863931980 594812 582188 12624 0
1785863932006 594812 582188 12624 0
1785863932034 594812 582188 12624 0
1785863932062 594812 582188 12624 0
1785863932089 594812 582188 12624 0
1785863932126 594812 582188 12624 0
1785863932157 594812 582188 12624 0
1785863932187 594812 582188 12624 0
1785863932219 594812 582188 12624 0
1785863932249 592476 579856 12620 0
1785863932278 603444 590820 12624 0
1785863932309 603940 591316 12624 0
1785863932339 603940 591316 12624 0
1785863932368 603940 591316 12624 0
1785863932397 604972 592348 12624 0
1785863932429 611004 598380 12624 0
1785863932461 611004 598380 12624 0
1785863932492 610052 597428 12624 0
1785863932522 610052 597428 12624 0
1785863932551 610052 597428 12624 0
1785863932580 610092 597468 12624 0
1785863932610 605320 592700 12620 0
1785863932640 605260 592636 12624 0
1785863932672 594916 582292 12624 0
1785863932703 592968 580348 12620 0
1785863932735 601836 589212 12624 0
1785863932767 604276 591652 12624 0
1785863932798 604276 591652 12624 0
1785863932828 604276 591652 12624 0
1785863932857 604276 591652 12624 0
1785863932883 604276 591652 12624 0
1785863932909 604276 591652 12624 0
1785863932938 605148 592524 12624 0
1785863932967 611256 598632 12624 0
1785863933000 611256 598632 12624 0
1785863933032 611272 598648 12624 0
1785863933063 611316 598692 12624 0
1785863933093 611572 598948 12624 0
1785863933125 611572 598948 12624 0
1785863933155 611828 599204 12624 0
1785863933187 612084 599460 12624 0
1785863933218 612340 599716 12624 0
1785863933249 612376 599752 12624 0
1785863933281 612632 600008 12624 0
1785863933314 615704 603080 12624 0
1785863933345 618976 606352 12624 0
1785863933378 619544 606920 12624 0
1785863933410 619544 606920 12624 0
1785863933442 619544 606920 12624 0
1785863933475 619544 606920 12624 0
1785863933507 619544 606920 12624 0
1785863933539 619544 606920 12624 0
1785863933571 619544 606920 12624 0
1785863933603 619544 606920 12624 0
1785863933635 619544 606920 12624 0
1785863933669 617784 605164 12620 0
1785863933702 617336 604712 12624 0
1785863933735 617336 604712 12624 0
1785863933769 617336 604712 12624 0
1785863933801 617336 604712 12624 0
1785863933832 616596 603972 12624 0
1785863933868 616596 603972 12624 0
1785863933901 616596 603972 12624 0
1785863933934 616596 603972 12624 0
1785863933970 615616 602992 12624 0
1785863934004 615116 602492 12624 0
1785863934036 613636 601012 12624 0
1785863934068 612156 599532 12624 0
1785863934100 606128 593508 12620 0
1785863934132 604652 592028 12624 0
1785863934163 602316 589696 12620 0
1785863934192 601548 588924 12624 0
1785863934220 598448 585828 12620 0
1785863934251 594812 582188 12624 0
1785863934281 594812 582188 12624 0
1785863934310 594812 582188 12624 0
1785863934340 602948 590324 12624 0
1785863934371 602948 590324 12624 0
1785863934399 602948 590324 12624 0
1785863934428 602948 590324 12624 0
1785863934456 602948 590324 12624 0
1785863934484 602948 590324 12624 0
1785863934512 602948 590324 12624 0
1785863934541 602948 590324 12624 0
1785863934568 610996 598372 12624 0
1785863934600 610996 598372 12624 0
1785863934630 610996 598372 12624 0
1785863934661 610996 598372 12624 0
1785863934692 610996 598372 12624 0
1785863934722 610996 598372 12624 0
1785863934752 610996 598372 12624 0
1785863934781 610996 598372 12624 0
1785863934811 600132 595392 4740 0
1785863934842 611932 599308 12624 0
1785863934875 612908 600284 12624 0
1785863934906 613060 600436 12624 0
1785863934938 613060 600436 12624 0
1785863934970 613364 600740 12624 0
1785863935001 613364 600740 12624 0
1785863935032 613364 600740 12624 0
1785863935063 613364 600740 12624 0
1785863935096 613364 600740 12624 0
1785863935128 613364 600740 12624 0
1785863935162 613364 600740 12624 0
1785863935192 613364 600740 12624 0
1785863935222 612292 599668 12624 0
1785863935253 608540 595916 12624 0
1785863935284 604788 592164 12624 0
1785863935313 604788 592164 12624 0
1785863935343 604788 592164 12624 0
1785863935372 604788 592164 12624 0
1785863935400 604232 591608 12624 0
1785863935426 603676 591052 12624 0
1785863935456 597852 585228 12624 0
1785863935484 597828 585204 12624 0
1785863935514 598428 585808 12620 0
1785863935545 598868 586248 12620 0
1785863935576 598988 586368 12620 0
1785863935607 606772 594148 12624 0
1785863935639 607092 594468 12624 0
1785863935669 607732 595108 12624 0
1785863935701 608372 595748 12624 0
1785863935731 609332 596708 12624 0
1785863935763 611252 598628 12624 0
1785863935794 610756 598132 12624 0
1785863935825 610756 598132 12624 0
1785863935858 610756 598132 12624 0
1785863935890 610260 597636 12624 0
1785863935921 607780 595156 12624 0
1785863935950 607780 595156 12624 0
1785863935980 607284 594660 12624 0
1785863936010 602820 590196 12624 0
1785863936039 602820 590196 12624 0
1785863936067 602820 590196 12624 0
1785863936096 602820 590196 12624 0
1785863936126 589416 584676 4740 0
1785863936157 594812 582188 12624 0
1785863936185 594812 582188 12624 0
1785863936213 594812 582188 12624 0
1785863936246 594812 582188 12624 0
1785863936276 594812 582188 12624 0
1785863936304 594812 582188 12624 0
1785863936332 594812 582188 12624 0
1785863936359 594812 582188 12624 0
1785863936388 594812 582188 12624 0
1785863936416 594812 582188 12624 0
1785863936442 594812 582188 12624 0
1785863936470 594812 582188 12624 0
1785863936497 594812 582188 12624 0
1785863936524 594812 582188 12624 0
1785863936552 594812 582188 12624 0
1785863936578 594812 582188 12624 0
1785863936606 594812 582188 12624 0
1785863936634 594812 582188 12624 0
1785863936660 594812 582188 12624 0
1785863936687 594812 582188 12624 0
1785863936714 594812 582188 12624 0
1785863936740 594812 582188 12624 0
1785863936768 594812 582188 12624 0
1785863936799 594812 582188 12624 0
1785863936830 594812 582188 12624 0
1785863936861 594812 582188 12624 0
1785863936891 594812 582188 12624 0
1785863936922 594812 582188 12624 0
1785863936952 594812 582188 12624 0
1785863936984 594812 582188 12624 0
1785863937015 594812 582188 12624 0
1785863937046 594812 582188 12624 0
1785863937077 594812 582188 12624 0
1785863937108 594812 582188 12624 0
1785863937138 594812 582188 12624 0
1785863937169 594812 582188 12624 0
1785863937200 594812 582188 12624 0
1785863937231 594812 582188 12624 0
1785863937262 594812 582188 12624 0
1785863937293 594812 582188 12624 0
1785863937323 594812 582188 12624 0
1785863937354 594812 582188 12624 0
1785863937385 594812 582188 12624 0
1785863937415 594812 582188 12624 0
1785863937446 594812 582188 12624 0
1785863937478 594812 582188 12624 0
1785863937508 594812 582188 12624 0
1785863937538 594812 582188 12624 0
1785863937567 594812 582188 12624 0
1785863937595 594812 582188 12624 0
1785863937624 594812 582188 12624 0
1785863937657 594812 582188 12624 0
1785863937689 594812 582188 12624 0
1785863937721 594812 582188 12624 0
1785863937754 594812 582188 12624 0
1785863937786 594812 582188 12624 0
1785863937818 594812 582188 12624 0
1785863937850 594812 582188 12624 0
1785863937883 594812 582188 12624 0
1785863937915 594812 582188 12624 0
1785863937948 594812 582188 12624 0
1785863937980 594812 582188 12624 0
1785863938012 594812 582188 12624 0
1785863938045 594812 582188 12624 0
1785863938077 594812 582188 12624 0
1785863938110 594812 582188 12624 0
1785863938142 594812 582188 12624 0
1785863938174 594812 582188 12624 0
1785863938207 594812 582188 12624 0
1785863938239 594812 582188 12624 0
1785863938272 594812 582188 12624 0
1785863938304 594812 582188 12624 0
1785863938335 594812 582188 12624 0
1785863938364 594812 582188 12624 0
1785863938395 594812 582188 12624 0
1785863938425 594812 582188 12624 0
1785863938454 594812 582188 12624 0
1785863938484 594812 582188 12624 0
1785863938513 594812 582188 12624 0
1785863938544 594812 582188 12624 0
1785863938577 594812 582188 12624 0
1785863938609 594812 582188 12624 0
1785863938642 594812 582188 12624 0
1785863938675 594812 582188 12624 0
1785863938707 594812 582188 12624 0
1785863938739 594812 582188 12624 0
1785863938772 594812 582188 12624 0
1785863938804 594812 582188 12624 0
1785863938837 594812 582188 12624 0
1785863938869 594812 582188 12624 0
1785863938902 594812 582188 12624 0
1785863938934 594812 582188 12624 0
1785863938967 594812 582188 12624 0
1785863938999 594812 582188 12624 0
1785863939032 594812 582188 12624 0
1785863939065 594812 582188 12624 0
1785863939097 594812 582188 12624 0
1785863939129 594812 582188 12624 0
1785863939162 594812 582188 12624 0
1785863939193 594812 582188 12624 0
1785863939225 594812 582188 12624 0
1785863939256 594812 582188 12624 0
1785863939286 594812 582188 12624 0
1785863939315 594812 582188 12624 0
1785863939350 594812 582188 12624 0
1785863939383 594812 582188 12624 0
1785863939416 594812 582188 12624 0
1785863939450 594812 582188 12624 0
1785863939484 594812 582188 12624 0
1785863939517 594812 582188 12624 0
1785863939551 594812 582188 12624 0
1785863939585 594812 582188 12624 0
1785863939619 594812 582188 12624 0
1785863939653 594812 582188 12624 0
1785863939687 594812 582188 12624 0
1785863939721 594812 582188 12624 0
1785863939753 594812 582188 12624 0
1785863939784 594812 582188 12624 0
1785863939817 594812 582188 12624 0
1785863939851 594812 582188 12624 0
1785863939884 594812 582188 12624 0
1785863939918 594812 582188 12624 0
1785863939953 594812 582188 12624 0
1785863939987 594812 582188 12624 0
1785863940022 594812 582188 12624 0
1785863940056 594812 582188 12624 0
1785863940090 594812 582188 12624 0
1785863940125 594812 582188 12624 0
1785863940159 594812 582188 12624 0
1785863940192 594812 582188 12624 0
1785863940223 594812 582188 12624 0
1785863940254 594812 582188 12624 0
1785863940287 594812 582188 12624 0
1785863940319 594812 582188 12624 0
1785863940352 594812 582188 12624 0
1785863940385 594812 582188 12624 0
1785863940418 594812 582188 12624 0
1785863940452 594812 582188 12624 0
1785863940485 594812 582188 12624 0
1785863940519 594812 582188 12624 0
1785863940553 594812 582188 12624 0
1785863940586 594812 582188 12624 0
1785863940620 594812 582188 12624 0
1785863940653 594812 582188 12624 0
1785863940686 594812 582188 12624 0
1785863940721 594812 582188 12624 0
1785863940755 594812 582188 12624 0
1785863940789 594812 582188 12624 0
1785863940824 594812 582188 12624 0
1785863940858 594812 582188 12624 0
1785863940893 594812 582188 12624 0
1785863940927 594812 582188 12624 0
1785863940962 594812 582188 12624 0
1785863940996 594812 582188 12624 0
1785863941031 594812 582188 12624 0
1785863941063 594812 582188 12624 0
1785863941095 594812 582188 12624 0
1785863941129 594812 582188 12624 0
1785863941163 594812 582188 12624 0
1785863941197 594812 582188 12624 0
1785863941231 594812 582188 12624 0
1785863941266 594812 582188 12624 0
1785863941301 594812 582188 12624 0
1785863941336 594812 582188 12624 0
1785863941371 594812 582188 12624 0
1785863941405 594812 582188 12624 0
1785863941440 594812 582188 12624 0
1785863941474 594812 582188 12624 0
1785863941506 594812 582188 12624 0
1785863941538 594812 582188 12624 0
1785863941569 594812 582188 12624 0
1785863941602 594812 582188 12624 0
1785863941633 594812 582188 12624 0
1785863941666 594812 582188 12624 0
1785863941698 594812 582188 12624 0
1785863941731 594812 582188 12624 0
1785863941765 594812 582188 12624 0
1785863941798 594812 582188 12624 0
1785863941832 594812 582188 12624 0
1785863941865 594812 582188 12624 0
1785863941899 594812 582188 12624 0
1785863941932 594812 582188 12624 0
1785863941966 594812 582188 12624 0
1785863941998 594812 582188 12624 0
1785863942032 594812 582188 12624 0
1785863942065 594812 582188 12624 0
1785863942100 594812 582188 12624 0
1785863942134 594812 582188 12624 0
1785863942168 594812 582188 12624 0
1785863942203 594812 582188 12624 0
1785863942238 594812 582188 12624 0
1785863942272 594812 582188 12624 0
1785863942307 594812 582188 12624 0
1785863942341 594812 582188 12624 0
1785863942374 594812 582188 12624 0
1785863942406 594812 582188 12624 0
1785863942437 594812 582188 12624 0
1785863942470 594812 582188 12624 0
1785863942504 594812 582188 12624 0
1785863942537 594812 582188 12624 0
1785863942571 594812 582188 12624 0
1785863942606 594812 582188 12624 0
1785863942640 594812 582188 12624 0
1785863942675 594812 582188 12624 0
1785863942710 594812 582188 12624 0
1785863942744 594812 582188 12624 0
1785863942779 594812 582188 12624 0
1785863942813 594812 582188 12624 0
1785863942845 594812 582188 12624 0
1785863942876 594812 582188 12624 0
1785863942906 594812 582188 12624 0
1785863942937 594812 582188 12624 0
1785863942970 594812 582188 12624 0
1785863943004 594812 582188 12624 0
1785863943036 594812 582188 12624 0
1785863943069 594812 582188 12624 0
1785863943102 594812 582188 12624 0
1785863943134 594812 582188 12624 0
1785863943168 594812 582188 12624 0
1785863943201 594812 582188 12624 0
1785863943234 594812 582188 12624 0
1785863943268 594812 582188 12624 0
1785863943300 594812 582188 12624 0
1785863943331 594812 582188 12624 0
1785863943359 594812 582188 12624 0
1785863943384 594812 582188 12624 0
1785863943414 594812 582188 12624 0
1785863943443 601276 588652 12624 0
1785863943484 602836 590212 12624 0
1785863943514 602836 590212 12624 0
1785863943543 602836 590212 12624 0
1785863943573 602836 590212 12624 0
1785863943602 602836 590212 12624 0
1785863943631 602836 590212 12624 0
1785863943659 602836 590212 12624 0
1785863943687 602836 590212 12624 0
1785863943715 602836 590212 12624 0
1785863943743 602836 590212 12624 0
1785863943770 602836 590212 12624 0
1785863943801 602836 590212 12624 0
1785863943828 602836 590212 12624 0
1785863943855 602836 590212 12624 0
1785863943881 602836 590212 12624 0
1785863943907 610996 598372 12624 0
1785863943942 610996 598372 12624 0
1785863943972 610996 598372 12624 0
1785863944001 610996 598372 12624 0
1785863944031 610996 598372 12624 0
1785863944061 610996 598372 12624 0
1785863944094 610996 598372 12624 0
1785863944124 610996 598372 12624 0
1785863944153 610996 598372 12624 0
1785863944184 610996 598372 12624 0
1785863944215 610996 598372 12624 0
1785863944245 610996 598372 12624 0
1785863944272 610996 598372 12624 0
1785863944298 610996 598372 12624 0
1785863944327 610996 598372 12624 0
1785863944355 610996 598372 12624 0
1785863944383 610996 598372 12624 0
1785863944416 610996 598372 12624 0
1785863944447 611028 598404 12624 0
1785863944479 603396 590772 12624 0
1785863944508 603396 590772 12624 0
1785863944536 603396 590772 12624 0
1785863944564 602900 590276 12624 0
1785863944596 602900 590276 12624 0
1785863944625 599356 586732 12624 0
1785863944655 599356 586732 12624 0
1785863944684 597020 584400 12620 0
1785863944714 602948 590324 12624 0
1785863944743 602948 590324 12624 0
1785863944774 602948 590324 12624 0
1785863944802 605444 592820 12624 0
1785863944833 610996 598372 12624 0
1785863944863 608684 596064 12620 0
1785863944893 82268 69812 12456 0
1785863944916 611132 598508 12624 0
1785863944946 611132 598508 12624 0
1785863944986 611132 598508 12624 0
1785863945017 611252 598628 12624 0
1785863945051 611252 598628 12624 0
1785863945082 611252 598628 12624 0
1785863945111 611252 598628 12624 0
1785863945139 611252 598628 12624 0
1785863945167 611252 598628 12624 0
1785863945197 611252 598628 12624 0
1785863945224 611252 598628 12624 0
1785863945253 611252 598628 12624 0
1785863945281 611252 598628 12624 0
1785863945309 611252 598628 12624 0
1785863945340 611252 598628 12624 0
1785863945373 611252 598628 12624 0
1785863945404 611252 598628 12624 0
1785863945435 611252 598628 12624 0
1785863945465 611252 598628 12624 0
1785863945495 611252 598628 12624 0
1785863945524 611252 598628 12624 0
1785863945555 610756 598132 12624 0
1785863945591 610756 598132 12624 0
1785863945622 610756 598132 12624 0
1785863945653 610756 598132 12624 0
1785863945684 610756 598132 12624 0
1785863945714 610260 597636 12624 0
1785863945746 608772 596148 12624 0
1785863945776 608772 596148 12624 0
1785863945806 608772 596148 12624 0
1785863945835 602324 589700 12624 0
1785863945865 602324 589700 12624 0
1785863945892 602324 589700 12624 0
1785863945918 602324 589700 12624 0
1785863945943 602324 589700 12624 0
1785863945970 602324 589700 12624 0
1785863945998 602324 589700 12624 0
1785863946025 602324 589700 12624 0
1785863946056 601828 589204 12624 0
1785863946087 601828 589204 12624 0
1785863946118 600300 587676 12624 0
1785863946151 602904 590280 12624 0
1785863946182 602932 590308 12624 0
1785863946211 602932 590308 12624 0
1785863946240 602932 590308 12624 0
1785863946268 602932 590308 12624 0
1785863946297 602932 590308 12624 0
1785863946326 602932 590308 12624 0
1785863946355 610996 598372 12624 0
1785863946386 610996 598372 12624 0
1785863946416 610996 598372 12624 0
1785863946446 611060 598436 12624 0
1785863946476 611060 598436 12624 0
1785863946506 611060 598436 12624 0
1785863946535 611060 598436 12624 0
1785863946564 611068 598444 12624 0
1785863946593 608816 596196 12620 0
1785863946625 611272 598648 12624 0
1785863946655 611852 599228 12624 0
1785863946688 609744 597124 12620 0
1785863946721 610408 597784 12624 0
1785863946753 613340 600716 12624 0
1785863946783 613340 600716 12624 0
1785863946813 613492 600868 12624 0
1785863946844 613492 600868 12624 0
1785863946875 613492 600868 12624 0
1785863946908 613492 600868 12624 0
1785863946940 613492 600868 12624 0
1785863946971 613492 600868 12624 0
1785863947002 613492 600868 12624 0
1785863947033 613492 600868 12624 0
1785863947065 613492 600868 12624 0
1785863947097 613492 600868 12624 0
1785863947130 613492 600868 12624 0
1785863947162 613492 600868 12624 0
1785863947196 613492 600868 12624 0
1785863947236 613492 600868 12624 0
1785863947267 613492 600868 12624 0
1785863947296 613492 600868 12624 0
1785863947325 613492 600868 12624 0
1785863947355 30192 22308 7884 0
1785863947376 619528 606904 12624 0
1785863947408 619528 606904 12624 0
1785863947439 619528 606904 12624 0
1785863947470 619528 606904 12624 0
1785863947500 619528 606904 12624 0
1785863947532 619528 606904 12624 0
1785863947563 619528 606904 12624 0
1785863947594 619528 606904 12624 0
1785863947625 619528 606904 12624 0
1785863947655 619528 606904 12624 0
1785863947686 619528 606904 12624 0
1785863947718 619528 606904 12624 0
1785863947750 619528 606904 12624 0
1785863947781 619528 606904 12624 0
1785863947814 619528 606904 12624 0
1785863947846 619528 606904 12624 0
1785863947876 619528 606904 12624 0
1785863947906 619528 606904 12624 0
1785863947936 619528 606904 12624 0
1785863947965 619528 606904 12624 0
1785863947995 619528 606904 12624 0
1785863948024 619528 606904 12624 0
1785863948058 619528 606904 12624 0
1785863948088 619528 606904 12624 0
1785863948117 619528 606904 12624 0
1785863948147 619528 606904 12624 0
1785863948179 619528 606904 12624 0
1785863948210 619528 606904 12624 0
1785863948242 619528 606904 12624 0
1785863948273 619528 606904 12624 0
1785863948302 619528 606904 12624 0
1785863948331 619528 606904 12624 0
1785863948361 619528 606904 12624 0
1785863948393 619528 606904 12624 0
1785863948424 619528 606904 12624 0
1785863948458 619728 607104 12624 0
1785863948489 619728 607104 12624 0
1785863948521 619928 607304 12624 0
1785863948552 622728 610104 12624 0
1785863948587 622728 610104 12624 0
1785863948618 622728 610104 12624 0
1785863948649 622728 610104 12624 0
1785863948680 622728 610104 12624 0
1785863948712 622908 610284 12624 0
1785863948743 622908 610284 12624 0
1785863948773 622908 610284 12624 0
1785863948805 622908 610284 12624 0
1785863948838 622908 610284 12624 0
1785863948870 622908 610284 12624 0
1785863948902 622908 610284 12624 0
1785863948933 622964 610340 12624 0
1785863948966 623088 610464 12624 0
1785863948998 623268 610644 12624 0
1785863949029 623448 610824 12624 0
1785863949063 625608 612984 12624 0
1785863949094 625608 612984 12624 0
1785863949127 625608 612984 12624 0
1785863949158 625608 612984 12624 0
1785863949189 625608 612984 12624 0
1785863949221 625608 612984 12624 0
1785863949253 625608 612984 12624 0
1785863949286 625608 612984 12624 0
1785863949318 625608 612984 12624 0
1785863949349 625608 612984 12624 0
1785863949381 625608 612984 12624 0
1785863949413 625608 612984 12624 0
1785863949446 625608 612984 12624 0
1785863949478 625608 612984 12624 0
1785863949508 625608 612984 12624 0
1785863949538 625608 612984 12624 0
1785863949571 625608 612984 12624 0
1785863949603 625608 612984 12624 0
1785863949635 625608 612984 12624 0
1785863949666 625608 612984 12624 0
1785863949698 625608 612984 12624 0
1785863949731 625608 612984 12624 0
1785863949763 625608 612984 12624 0
1785863949793 625608 612984 12624 0
1785863949824 625608 612984 12624 0
1785863949856 625608 612984 12624 0
1785863949889 625608 612984 12624 0
1785863949920 625608 612984 12624 0
1785863949951 625608 612984 12624 0
1785863949983 625608 612984 12624 0
1785863950016 625608 612984 12624 0
1785863950047 625608 612984 12624 0
1785863950079 625608 612984 12624 0
1785863950111 625608 612984 12624 0
1785863950143 625608 612984 12624 0
1785863950174 625608 612984 12624 0
1785863950205 625608 612984 12624 0
1785863950237 625608 612984 12624 0
1785863950268 625608 612984 12624 0
1785863950299 625608 612984 12624 0
1785863950331 625608 612984 12624 0
1785863950362 625608 612984 12624 0
1785863950393 625608 612984 12624 0
1785863950425 625608 612984 12624 0
1785863950459 625608 612984 12624 0
1785863950490 631752 619128 12624 0
1785863950520 631752 619128 12624 0
1785863950552 631752 619128 12624 0
1785863950583 36272 28388 7884 0
1785863950605 644040 631416 12624 0
1785863950637 644040 631416 12624 0
1785863950668 645800 633180 12620 0
1785863950701 662184 649564 12620 0
1785863950733 697248 684624 12624 0
1785863950767 697248 684624 12624 0
1785863950798 697248 684624 12624 0
1785863950840 697248 684624 12624 0
1785863950872 697248 684624 12624 0
1785863950905 697248 684624 12624 0
1785863950937 697248 684624 12624 0
1785863950970 697248 684624 12624 0
1785863951001 697248 684624 12624 0
1785863951032 697248 684624 12624 0
1785863951065 697248 684624 12624 0
1785863951097 697248 684624 12624 0
1785863951129 697248 684624 12624 0
1785863951162 697248 684624 12624 0
1785863951194 697248 684624 12624 0
1785863951225 697248 684624 12624 0
1785863951259 697248 684624 12624 0
1785863951291 697248 684624 12624 0
1785863951325 697248 684624 12624 0
1785863951357 697248 684624 12624 0
1785863951390 697248 684624 12624 0
1785863951423 697248 684624 12624 0
1785863951456 697248 684624 12624 0
1785863951490 697256 684632 12624 0
1785863951521 697280 684656 12624 0
1785863951552 697280 684656 12624 0
1785863951585 697280 684656 12624 0
1785863951620 696540 683916 12624 0
1785863951655 696540 683916 12624 0
1785863951687 696540 683916 12624 0
1785863951717 696540 683916 12624 0
1785863951748 696540 683916 12624 0
1785863951780 696540 683916 12624 0
1785863951812 696540 683916 12624 0
1785863951844 695800 683176 12624 0
1785863951877 695800 683176 12624 0
1785863951909 695800 683176 12624 0
1785863951942 695800 683176 12624 0
1785863951974 695800 683176 12624 0
1785863952006 695800 683176 12624 0
1785863952039 694320 681696 12624 0
1785863952072 694320 681696 12624 0
1785863952105 692100 679476 12624 0
1785863952138 690620 677996 12624 0
1785863952170 688284 675664 12620 0
1785863952200 606992 594368 12624 0
1785863952229 606992 594368 12624 0
1785863952261 606992 594368 12624 0
1785863952291 606992 594368 12624 0
1785863952320 606992 594368 12624 0
1785863952348 606992 594368 12624 0
1785863952381 606992 594368 12624 0
1785863952411 606992 594368 12624 0
1785863952440 606992 594368 12624 0
1785863952467 606992 594368 12624 0
1785863952496 606992 594368 12624 0
1785863952527 606992 594368 12624 0
1785863952557 606992 594368 12624 0
1785863952587 606992 594368 12624 0
1785863952616 606992 594368 12624 0
1785863952644 606992 594368 12624 0
1785863952677 606992 594368 12624 0
1785863952707 606252 593628 12624 0
1785863952736 606252 593628 12624 0
1785863952765 606252 593628 12624 0
1785863952794 606252 593628 12624 0
1785863952823 606252 593628 12624 0
1785863952854 606252 593628 12624 0
1785863952884 605512 592888 12624 0
1785863952914 605512 592888 12624 0
1785863952942 603176 590556 12620 0
1785863952973 602412 589792 12620 0
1785863953010 603984 591360 12624 0
1785863953040 603984 591360 12624 0
1785863953067 603984 591360 12624 0
1785863953092 603984 591360 12624 0
1785863953117 603984 591360 12624 0
1785863953145 603984 591360 12624 0
1785863953174 602312 589688 12624 0
1785863953203 602312 589688 12624 0
1785863953230 599976 587356 12620 0
1785863953261 594812 582188 12624 0
1785863953291 594812 582188 12624 0
1785863953321 594812 582188 12624 0
1785863953347 594812 582188 12624 0
1785863953373 594812 582188 12624 0
1785863953402 594812 582188 12624 0
1785863953433 594812 582188 12624 0
1785863953466 594812 582188 12624 0
1785863953499 594812 582188 12624 0
1785863953533 594812 582188 12624 0
1785863953566 594812 582188 12624 0
1785863953600 594812 582188 12624 0
1785863953633 594812 582188 12624 0
1785863953666 594812 582188 12624 0
1785863953700 594812 582188 12624 0
1785863953733 594812 582188 12624 0
1785863953766 594812 582188 12624 0
1785863953797 594812 582188 12624 0
1785863953830 594812 582188 12624 0
1785863953862 594812 582188 12624 0
1785863953895 594812 582188 12624 0
1785863953928 594812 582188 12624 0
1785863953961 594812 582188 12624 0
1785863953995 594812 582188 12624 0
1785863954028 594812 582188 12624 0
1785863954061 594812 582188 12624 0
1785863954094 594812 582188 12624 0
1785863954128 594812 582188 12624 0
1785863954159 594812 582188 12624 0
1785863954189 594812 582188 12624 0
1785863954221 594812 582188 12624 0
1785863954254 594812 582188 12624 0
1785863954287 594812 582188 12624 0
1785863954320 594812 582188 12624 0
1785863954353 594812 582188 12624 0
1785863954386 594812 582188 12624 0
1785863954418 594812 582188 12624 0
1785863954452 594812 582188 12624 0
1785863954485 594812 582188 12624 0
1785863954518 594812 582188 12624 0
1785863954548 594812 582188 12624 0
1785863954582 594812 582188 12624 0
1785863954616 594812 582188 12624 0
1785863954650 594812 582188 12624 0
1785863954684 594812 582188 12624 0
1785863954717 594812 582188 12624 0
1785863954751 594812 582188 12624 0
1785863954785 594812 582188 12624 0
1785863954819 594812 582188 12624 0
1785863954853 594812 582188 12624 0
1785863954887 594812 582188 12624 0
1785863954921 594812 582188 12624 0
1785863954955 594812 582188 12624 0
1785863954986 594812 582188 12624 0
1785863955016 594812 582188 12624 0
1785863955048 594812 582188 12624 0
1785863955082 594812 582188 12624 0
1785863955115 594812 582188 12624 0
1785863955149 594812 582188 12624 0
1785863955182 594812 582188 12624 0
1785863955216 594812 582188 12624 0
1785863955250 594812 582188 12624 0
1785863955285 594812 582188 12624 0
1785863955319 594812 582188 12624 0
1785863955354 594812 582188 12624 0
1785863955389 594812 582188 12624 0
1785863955422 594812 582188 12624 0
1785863955453 594812 582188 12624 0
1785863955484 594812 582188 12624 0
1785863955514 594812 582188 12624 0
1785863955548 594812 582188 12624 0
1785863955581 594812 582188 12624 0
1785863955615 594812 582188 12624 0
1785863955649 594812 582188 12624 0
1785863955683 594812 582188 12624 0
1785863955717 594812 582188 12624 0
1785863955750 594812 582188 12624 0
1785863955785 594812 582188 12624 0
1785863955820 594812 582188 12624 0
1785863955854 594812 582188 12624 0
1785863955889 594812 582188 12624 0
1785863955922 594812 582188 12624 0
1785863955952 594812 582188 12624 0
1785863955982 594812 582188 12624 0
1785863956012 594812 582188 12624 0
1785863956045 594812 582188 12624 0
1785863956078 594812 582188 12624 0
1785863956112 594812 582188 12624 0
1785863956145 594812 582188 12624 0
1785863956179 594812 582188 12624 0
1785863956213 594812 582188 12624 0
1785863956247 594812 582188 12624 0
1785863956282 594812 582188 12624 0
1785863956317 594812 582188 12624 0
1785863956351 594812 582188 12624 0
1785863956386 594812 582188 12624 0
1785863956419 594812 582188 12624 0
1785863956449 594812 582188 12624 0
1785863956479 594812 582188 12624 0
1785863956511 594812 582188 12624 0
1785863956544 594812 582188 12624 0
1785863956578 594812 582188 12624 0
1785863956611 594812 582188 12624 0
1785863956645 594812 582188 12624 0
1785863956678 594812 582188 12624 0
1785863956712 594812 582188 12624 0
1785863956747 594812 582188 12624 0
1785863956781 594812 582188 12624 0
1785863956816 594812 582188 12624 0
1785863956851 594812 582188 12624 0
1785863956885 594812 582188 12624 0
1785863956917 594812 582188 12624 0
1785863956948 594812 582188 12624 0
1785863956978 594812 582188 12624 0
1785863957011 594812 582188 12624 0
1785863957044 594812 582188 12624 0
1785863957078 594812 582188 12624 0
1785863957112 594812 582188 12624 0
1785863957145 594812 582188 12624 0
1785863957178 594812 582188 12624 0
1785863957212 594812 582188 12624 0
1785863957247 594812 582188 12624 0
1785863957283 594812 582188 12624 0
1785863957318 594812 582188 12624 0
1785863957352 594812 582188 12624 0
1785863957386 594812 582188 12624 0
1785863957417 594812 582188 12624 0
1785863957447 594812 582188 12624 0
1785863957477 12544 4660 7884 0
1785863957514 602836 590212 12624 0
1785863957545 602836 590212 12624 0
1785863957574 602836 590212 12624 0
1785863957603 602836 590212 12624 0
1785863957632 602836 590212 12624 0
1785863957661 602836 590212 12624 0
1785863957689 610996 598372 12624 0
1785863957721 610996 598372 12624 0
1785863957752 611080 598456 12624 0
1785863957783 611080 598456 12624 0
1785863957813 611080 598456 12624 0
1785863957845 611080 598456 12624 0
1785863957875 611080 598456 12624 0
1785863957908 609172 596548 12624 0
1785863957952 605836 597264 8572 0
1785863957983 613280 600656 12624 0
1785863958015 613288 600664 12624 0
1785863958046 613364 600740 12624 0
1785863958078 613364 600740 12624 0
1785863958109 613364 600740 12624 0
1785863958140 613364 600740 12624 0
1785863958170 613364 600740 12624 0
1785863958201 612828 600204 12624 0
1785863958233 612828 600204 12624 0
1785863958265 608520 595896 12624 0
1785863958296 607448 594824 12624 0
1785863958327 604232 591608 12624 0
1785863958357 604232 591608 12624 0
1785863958387 604232 591608 12624 0
1785863958418 604232 591608 12624 0
1785863958449 603120 590496 12624 0
1785863958479 602540 589916 12624 0
1785863958507 599624 587004 12620 0
1785863958537 598480 585856 12624 0
1785863958567 596144 583524 12620 0
1785863958597 594812 582188 12624 0
1785863958626 594812 582188 12624 0
1785863958654 594812 582188 12624 0
1785863958686 594812 582188 12624 0
1785863958718 594812 582188 12624 0
1785863958750 594812 582188 12624 0
1785863958783 594812 582188 12624 0
1785863958815 594812 582188 12624 0
1785863958847 594812 582188 12624 0
1785863958879 594812 582188 12624 0
1785863958912 594812 582188 12624 0
1785863958944 594812 582188 12624 0
1785863958976 594812 582188 12624 0
1785863959008 594812 582188 12624 0
1785863959040 594812 582188 12624 0
1785863959072 594812 582188 12624 0
1785863959104 594812 582188 12624 0
1785863959135 594812 582188 12624 0
1785863959167 594812 582188 12624 0
1785863959197 594812 582188 12624 0
1785863959227 594812 582188 12624 0
1785863959257 594812 582188 12624 0
1785863959287 602948 590324 12624 0
1785863959317 602948 590324 12624 0
1785863959346 602948 590324 12624 0
1785863959375 602948 590324 12624 0
1785863959405 602948 590324 12624 0
1785863959434 602948 590324 12624 0
1785863959465 602948 590324 12624 0
1785863959494 607200 594576 12624 0
1785863959527 610500 597876 12624 0
1785863959559 608164 595544 12620 0
1785863959591 27712 19828 7884 0
1785863959614 611044 598420 12624 0
1785863959644 608164 595540 12624 0
1785863959675 607668 595044 12624 0
1785863959704 607668 595044 12624 0
1785863959733 604340 591720 12620 0
1785863959764 603252 590628 12624 0
1785863959795 600916 588296 12620 0
1785863959825 592580 579960 12620 0
1785863959857 595328 582704 12624 0
1785863959889 596468 583844 12624 0
1785863959922 604276 591652 12624 0
1785863959953 604276 591652 12624 0
1785863959981 604288 591664 12624 0
1785863960012 604288 591664 12624 0
1785863960041 604288 591664 12624 0
1785863960071 604288 591664 12624 0
1785863960100 604836 592212 12624 0
1785863960131 611264 598640 12624 0
1785863960162 611264 598640 12624 0
1785863960194 611572 598948 12624 0
1785863960224 611572 598948 12624 0
1785863960256 612340 599716 12624 0
1785863960288 612340 599716 12624 0
1785863960319 612340 599716 12624 0
1785863960349 612624 600000 12624 0
1785863960382 612624 600000 12624 0
1785863960415 616208 603584 12624 0
1785863960448 616976 604352 12624 0
1785863960481 618000 605376 12624 0
1785863960513 619536 606912 12624 0
1785863960547 619536 606912 12624 0
1785863960579 619536 606912 12624 0
1785863960611 619536 606912 12624 0
1785863960644 619536 606912 12624 0
1785863960676 619536 606912 12624 0
1785863960709 619536 606912 12624 0
1785863960743 643088 630468 12620 0
1785863960779 618800 606176 12624 0
1785863960812 618064 605440 12624 0
1785863960844 618064 605440 12624 0
1785863960876 618064 605440 12624 0
1785863960908 618064 605440 12624 0
1785863960942 618064 605440 12624 0
1785863960973 618064 605440 12624 0
1785863961005 614372 601748 12624 0
1785863961038 613632 601008 12624 0
1785863961070 613632 601008 12624 0
1785863961100 609936 597312 12624 0
1785863961132 609200 596576 12624 0
1785863961166 606252 593628 12624 0
1785863961198 603176 590556 12620 0
1785863961228 604748 592124 12624 0
1785863961260 604748 592124 12624 0
1785863961293 602412 589792 12620 0
1785863961323 603220 590596 12624 0
1785863961354 602456 589832 12624 0
1785863961383 599356 586736 12620 0
1785863961412 597016 584396 12620 0
1785863961442 594812 582188 12624 0
1785863961471 594812 582188 12624 0
1785863961500 594812 582188 12624 0
1785863961529 602948 590324 12624 0
1785863961561 602948 590324 12624 0
1785863961591 602948 590324 12624 0
1785863961620 602948 590324 12624 0
1785863961649 602948 590324 12624 0
1785863961676 602948 590324 12624 0
1785863961702 602948 590324 12624 0
1785863961728 607956 595332 12624 0
1785863961759 610996 598372 12624 0
1785863961792 610996 598372 12624 0
1785863961825 610996 598372 12624 0
1785863961856 610996 598372 12624 0
1785863961887 610996 598372 12624 0
1785863961917 608664 596044 12620 0
1785863961948 604192 596052 8140 0
1785863961979 609700 597080 12620 0
1785863962009 610780 598156 12624 0
1785863962040 612584 599960 12624 0
1785863962072 612804 600180 12624 0
1785863962103 612804 600180 12624 0
1785863962133 612804 600180 12624 0
1785863962164 612804 600180 12624 0
1785863962196 612804 600180 12624 0
1785863962227 612804 600180 12624 0
1785863962257 612804 600180 12624 0
1785863962288 612804 600180 12624 0
1785863962319 612804 600180 12624 0
1785863962349 612268 599644 12624 0
1785863962380 610124 597500 12624 0
1785863962408 610124 597500 12624 0
1785863962440 607484 594860 12624 0
1785863962472 604764 592140 12624 0
1785863962503 604764 592140 12624 0
1785863962535 604764 592140 12624 0
1785863962565 604764 592140 12624 0
1785863962596 604764 592140 12624 0
1785863962626 604764 592140 12624 0
1785863962654 604764 592140 12624 0
1785863962682 604764 592140 12624 0
1785863962710 604764 592140 12624 0
1785863962740 603096 590472 12624 0
1785863962771 603096 590472 12624 0
1785863962801 600204 587584 12620 0
1785863962832 597828 585204 12624 0
1785863962862 590380 585640 4740 0
1785863962892 600360 587736 12624 0
1785863962925 600164 587544 12620 0
1785863962962 607092 594468 12624 0
1785863962994 607412 594788 12624 0
1785863963024 607732 595108 12624 0
1785863963053 607732 595108 12624 0
1785863963082 608052 595428 12624 0
1785863963111 608372 595748 12624 0
1785863963140 609332 596708 12624 0
1785863963172 610260 597636 12624 0
1785863963203 609764 597140 12624 0
1785863963233 609764 597140 12624 0
1785863963265 608772 596148 12624 0
1785863963297 607780 595156 12624 0
1785863963327 606788 594164 12624 0
1785863963358 606292 593668 12624 0
1785863963389 602316 589692 12624 0
1785863963418 602316 589692 12624 0
1785863963446 602316 589692 12624 0
1785863963476 602316 589692 12624 0
1785863963508 599980 587360 12620 0
1785863963538 594780 582156 12624 0
1785863963568 594780 582156 12624 0
1785863963598 594780 582156 12624 0
1785863963630 594780 582156 12624 0
1785863963662 594780 582156 12624 0
1785863963693 594780 582156 12624 0
1785863963725 594780 582156 12624 0
1785863963757 594780 582156 12624 0
1785863963788 594780 582156 12624 0
1785863963820 594780 582156 12624 0
1785863963851 594780 582156 12624 0
1785863963883 594780 582156 12624 0
1785863963915 594780 582156 12624 0
1785863963947 594780 582156 12624 0
1785863963979 594780 582156 12624 0
1785863964011 594780 582156 12624 0
1785863964043 594780 582156 12624 0
1785863964074 594780 582156 12624 0
1785863964106 594780 582156 12624 0
1785863964138 594780 582156 12624 0
1785863964169 594780 582156 12624 0
1785863964201 594780 582156 12624 0
1785863964233 594780 582156 12624 0
1785863964265 594780 582156 12624 0
1785863964296 594780 582156 12624 0
1785863964328 594780 582156 12624 0
1785863964361 594780 582156 12624 0
1785863964392 594780 582156 12624 0
1785863964424 594780 582156 12624 0
1785863964456 594780 582156 12624 0
1785863964487 594780 582156 12624 0
1785863964519 594780 582156 12624 0
1785863964551 594780 582156 12624 0
1785863964583 594780 582156 12624 0
1785863964615 594780 582156 12624 0
1785863964647 594780 582156 12624 0
1785863964679 594780 582156 12624 0
1785863964712 594780 582156 12624 0
1785863964745 594780 582156 12624 0
1785863964777 594780 582156 12624 0
1785863964810 594780 582156 12624 0
1785863964842 594780 582156 12624 0
1785863964872 594780 582156 12624 0
1785863964902 594780 582156 12624 0
1785863964932 594780 582156 12624 0
1785863964962 594780 582156 12624 0
1785863964993 594780 582156 12624 0
1785863965023 594780 582156 12624 0
1785863965054 594780 582156 12624 0
1785863965085 594780 582156 12624 0
1785863965116 594780 582156 12624 0
1785863965146 594780 582156 12624 0
1785863965177 594780 582156 12624 0
1785863965208 594780 582156 12624 0
1785863965239 594780 582156 12624 0
1785863965271 594780 582156 12624 0
1785863965302 594780 582156 12624 0
1785863965333 594780 582156 12624 0
1785863965364 594780 582156 12624 0
1785863965395 594780 582156 12624 0
1785863965426 594780 582156 12624 0
1785863965456 594780 582156 12624 0
1785863965487 594780 582156 12624 0
1785863965518 594780 582156 12624 0
1785863965548 594780 582156 12624 0
1785863965579 594780 582156 12624 0
1785863965610 594780 582156 12624 0
1785863965641 594780 582156 12624 0
1785863965672 594780 582156 12624 0
1785863965702 594780 582156 12624 0
1785863965733 594780 582156 12624 0
1785863965764 594780 582156 12624 0
1785863965795 594780 582156 12624 0
1785863965826 594780 582156 12624 0
1785863965857 594780 582156 12624 0
1785863965888 594780 582156 12624 0
1785863965919 594780 582156 12624 0
1785863965949 594780 582156 12624 0
1785863965975 594780 582156 12624 0
1785863966001 594780 582156 12624 0
1785863966028 594780 582156 12624 0
1785863966060 594780 582156 12624 0
1785863966090 594780 582156 12624 0
1785863966120 594780 582156 12624 0
1785863966150 594780 582156 12624 0
1785863966180 602932 590308 12624 0
1785863966212 602932 590308 12624 0
1785863966242 602932 590308 12624 0
1785863966269 602932 590308 12624 0
1785863966297 602932 590308 12624 0
1785863966325 602932 590308 12624 0
1785863966352 602932 590308 12624 0
1785863966379 602932 590308 12624 0
1785863966406 602932 590308 12624 0
1785863966433 602932 590308 12624 0
1785863966461 602932 590308 12624 0
1785863966489 602932 590308 12624 0
1785863966516 602932 590308 12624 0
1785863966545 602932 590308 12624 0
1785863966573 602932 590308 12624 0
1785863966600 603428 590804 12624 0
1785863966626 604452 591828 12624 0
1785863966653 608128 595504 12624 0
1785863966684 608980 596356 12624 0
1785863966716 608980 596356 12624 0
1785863966746 609988 597364 12624 0
1785863966779 610996 598372 12624 0
1785863966811 610996 598372 12624 0
1785863966842 610996 598372 12624 0
1785863966871 610996 598372 12624 0
1785863966900 610996 598372 12624 0
1785863966929 610996 598372 12624 0
1785863966959 608660 596040 12620 0
1785863966990 611004 598380 12624 0
1785863967020 610524 597900 12624 0
1785863967047 610524 597900 12624 0
1785863967078 610524 597900 12624 0
1785863967107 608404 595784 12620 0
1785863967138 606252 593628 12624 0
1785863967169 603276 590652 12624 0
1785863967198 603276 590652 12624 0
1785863967225 603276 590652 12624 0
1785863967251 603276 590652 12624 0
1785863967279 603276 590652 12624 0
1785863967308 600940 588320 12620 0
1785863967339 600988 588368 12620 0
1785863967368 603508 590884 12624 0
1785863967400 598900 586276 12624 0
1785863967430 602948 590324 12624 0
1785863967462 602948 590324 12624 0
1785863967491 602948 590324 12624 0
1785863967520 602948 590324 12624 0
1785863967547 602948 590324 12624 0
1785863967577 602948 590324 12624 0
1785863967605 602948 590324 12624 0
1785863967633 602948 590324 12624 0
1785863967660 602948 590324 12624 0
1785863967688 602948 590324 12624 0
1785863967715 602948 590324 12624 0
1785863967740 602948 590324 12624 0
1785863967767 602948 590324 12624 0
1785863967795 602948 590324 12624 0
1785863967822 602948 590324 12624 0
1785863967850 602948 590324 12624 0
1785863967877 602948 590324 12624 0
1785863967905 602948 590324 12624 0
1785863967933 606964 594340 12624 0
1785863967964 610996 598372 12624 0
1785863967996 610996 598372 12624 0
1785863968027 610996 598372 12624 0
1785863968058 610996 598372 12624 0
1785863968088 611008 598384 12624 0
1785863968120 611060 598436 12624 0
1785863968149 611060 598436 12624 0
1785863968180 611068 598444 12624 0
1785863968209 611260 598636 12624 0
1785863968238 611260 598636 12624 0
1785863968267 611260 598636 12624 0
1785863968295 611260 598636 12624 0
1785863968322 611260 598636 12624 0
1785863968351 611272 598648 12624 0
1785863968382 608996 596376 12620 0
1785863968421 609324 596704 12620 0
1785863968488 612196 599576 12620 0
1785863968518 614612 601988 12624 0
1785863968550 615004 602380 12624 0
1785863968580 615404 602780 12624 0
1785863968611 615412 602788 12624 0
1785863968641 617524 604900 12624 0
1785863968671 617524 604900 12624 0
1785863968703 617524 604900 12624 0
1785863968733 617524 604900 12624 0
1785863968766 617524 604900 12624 0
1785863968796 617524 604900 12624 0
1785863968826 617524 604900 12624 0
1785863968855 617524 604900 12624 0
1785863968884 617588 604964 12624 0
1785863968914 617588 604964 12624 0
1785863968946 617588 604964 12624 0
1785863968977 626352 613732 12620 0
1785863969008 639924 627300 12624 0
1785863969040 34608 26724 7884 0
1785863969062 654812 642192 12620 0
1785863969095 673352 660728 12624 0
1785863969129 673324 660704 12620 0
1785863969166 692980 680356 12624 0
1785863969199 692980 680356 12624 0
1785863969232 692980 680356 12624 0
1785863969264 692980 680356 12624 0
1785863969297 692980 680356 12624 0
1785863969328 639316 626692 12624 0
1785863969358 639380 626756 12624 0
1785863969399 639508 626884 12624 0
1785863969429 639508 626884 12624 0
1785863969459 639508 626884 12624 0
1785863969490 639572 626948 12624 0
1785863969522 639572 626948 12624 0
1785863969554 639572 626948 12624 0
1785863969585 639572 626948 12624 0
1785863969616 639572 626948 12624 0
1785863969645 635212 624600 10612 0
1785863969678 673640 661016 12624 0
1785863969710 676700 664080 12620 0
1785863969747 733108 720484 12624 0
1785863969782 730772 718152 12620 0
1785863969814 637236 624612 12624 0
1785863969846 637236 624612 12624 0
1785863969879 637236 624612 12624 0
1785863969911 637236 624612 12624 0
1785863969941 637236 624612 12624 0
1785863969972 637236 624612 12624 0
1785863970002 637236 624612 12624 0
1785863970033 637236 624612 12624 0
1785863970065 637236 624612 12624 0
1785863970098 682788 670164 12624 0
1785863970130 727404 714780 12624 0
1785863970161 760636 748012 12624 0
1785863970197 769080 756456 12624 0
1785863970230 769588 756964 12624 0
1785863970262 769588 756964 12624 0
1785863970295 769588 756964 12624 0
1785863970326 769588 756964 12624 0
1785863970356 769588 756964 12624 0
1785863970388 769588 756964 12624 0
1785863970420 769588 756964 12624 0
1785863970452 769588 756964 12624 0
1785863970485 769588 756964 12624 0
1785863970519 769588 756964 12624 0
1785863970552 769588 756964 12624 0
1785863970584 769588 756964 12624 0
1785863970615 769588 756964 12624 0
1785863970646 769588 756964 12624 0
1785863970679 769588 756964 12624 0
1785863970712 769588 756964 12624 0
1785863970748 769588 756964 12624 0
1785863970780 769588 756964 12624 0
1785863970813 769588 756964 12624 0
1785863970844 769588 756964 12624 0
1785863970877 769588 756964 12624 0
1785863970911 769588 756964 12624 0
1785863970946 769588 756964 12624 0
1785863970979 769588 756964 12624 0
1785863971011 769588 756964 12624 0
1785863971043 769588 756964 12624 0
1785863971074 769588 756964 12624 0
1785863971109 769588 756964 12624 0
1785863971142 769588 756964 12624 0
1785863971174 769588 756964 12624 0
1785863971206 769588 756964 12624 0
1785863971240 769588 756964 12624 0
1785863971277 769588 756964 12624 0
1785863971310 769588 756964 12624 0
1785863971342 769588 756964 12624 0
1785863971374 769588 756964 12624 0
1785863971405 769588 756964 12624 0
1785863971439 769588 756964 12624 0
1785863971470 769588 756964 12624 0
1785863971504 769588 756964 12624 0
1785863971538 769588 756964 12624 0
1785863971571 769588 756964 12624 0
1785863971603 769588 756964 12624 0
1785863971635 769588 756964 12624 0
1785863971667 769588 756964 12624 0
1785863971698 769588 756964 12624 0
1785863971730 769588 756964 12624 0
1785863971761 769588 756964 12624 0
1785863971793 769588 756964 12624 0
1785863971826 769588 756964 12624 0
1785863971858 769588 756964 12624 0
1785863971890 769588 756964 12624 0
1785863971924 769588 756964 12624 0
1785863971956 769588 756964 12624 0
1785863971989 769588 756964 12624 0
1785863972021 769588 756964 12624 0
1785863972053 769588 756964 12624 0
1785863972085 769588 756964 12624 0
1785863972117 769588 756964 12624 0
1785863972151 769588 756964 12624 0
1785863972183 769588 756964 12624 0
1785863972214 769588 756964 12624 0
1785863972245 769588 756964 12624 0
1785863972276 769588 756964 12624 0
1785863972307 769588 756964 12624 0
1785863972339 769588 756964 12624 0
1785863972373 769588 756964 12624 0
1785863972406 769588 756964 12624 0
1785863972437 769588 756964 12624 0
1785863972470 769588 756964 12624 0
1785863972503 769588 756964 12624 0
1785863972535 769588 756964 12624 0
1785863972565 769588 756964 12624 0
1785863972597 769588 756964 12624 0
1785863972628 769588 756964 12624 0
1785863972662 769588 756964 12624 0
1785863972694 769588 756964 12624 0
1785863972730 769588 756964 12624 0
1785863972762 769588 756964 12624 0
1785863972794 769588 756964 12624 0
1785863972826 769588 756964 12624 0
1785863972860 769588 756964 12624 0
1785863972894 769588 756964 12624 0
1785863972926 769588 756964 12624 0
1785863972960 769588 756964 12624 0
1785863972993 769588 756964 12624 0
1785863973026 769588 756964 12624 0
1785863973059 769588 756964 12624 0
1785863973092 769588 756964 12624 0
1785863973124 769588 756964 12624 0
1785863973155 769588 756964 12624 0
1785863973186 769588 756964 12624 0
1785863973219 769588 756964 12624 0
1785863973251 769588 756964 12624 0
1785863973284 769588 756964 12624 0
1785863973318 769588 756964 12624 0
1785863973351 769588 756964 12624 0
1785863973384 769588 756964 12624 0
1785863973416 769588 756964 12624 0
1785863973447 769588 756964 12624 0
1785863973481 769588 756964 12624 0
1785863973514 769588 756964 12624 0
1785863973548 769588 756964 12624 0
1785863973581 769588 756964 12624 0
1785863973613 769588 756964 12624 0
1785863973648 769588 756964 12624 0
1785863973679 769588 756964 12624 0
1785863973710 769588 756964 12624 0
1785863973743 769588 756964 12624 0
1785863973775 768108 755484 12624 0
1785863973810 768108 755484 12624 0
1785863973842 768108 755484 12624 0
1785863973874 768108 755484 12624 0
1785863973906 768108 755484 12624 0
1785863973939 764148 751524 12624 0
1785863973972 757748 745124 12624 0
1785863974001 757748 745124 12624 0
1785863974031 757748 745124 12624 0
1785863974060 757748 745124 12624 0
1785863974092 757748 745124 12624 0
1785863974123 757748 745124 12624 0
1785863974153 757748 745124 12624 0
1785863974184 757748 745124 12624 0
1785863974216 757748 745124 12624 0
1785863974249 757748 745124 12624 0
1785863974282 757748 745124 12624 0
1785863974314 757748 745124 12624 0
1785863974344 757748 745124 12624 0
1785863974373 757748 745124 12624 0
1785863974402 757748 745124 12624 0
1785863974432 757748 745124 12624 0
1785863974461 757748 745124 12624 0
1785863974494 757008 744384 12624 0
1785863974525 757008 744384 12624 0
1785863974554 757008 744384 12624 0
1785863974586 757008 744384 12624 0
1785863974618 757008 744384 12624 0
1785863974649 757008 744384 12624 0
1785863974678 757008 744384 12624 0
1785863974708 757008 744384 12624 0
1785863974738 757008 744384 12624 0
1785863974768 757008 744384 12624 0
1785863974798 757008 744384 12624 0
1785863974827 757008 744384 12624 0
1785863974860 757008 744384 12624 0
1785863974890 757008 744384 12624 0
1785863974920 757008 744384 12624 0
1785863974949 757008 744384 12624 0
1785863974976 757008 744384 12624 0
1785863975003 756268 743644 12624 0
1785863975032 755528 742904 12624 0
1785863975062 755528 742904 12624 0
1785863975092 664400 651776 12624 0
1785863975122 664400 651776 12624 0
1785863975151 664400 651776 12624 0
1785863975179 664400 651776 12624 0
1785863975208 664400 651776 12624 0
1785863975238 664400 651776 12624 0
1785863975267 664400 651776 12624 0
1785863975295 664400 651776 12624 0
1785863975323 663636 651012 12624 0
1785863975352 661300 648680 12620 0
1785863975380 662680 650056 12624 0
1785863975410 660344 647724 12620 0
1785863975439 661916 649292 12624 0
1785863975467 661152 648528 12624 0
1785863975498 614524 601900 12624 0
1785863975526 614524 601900 12624 0
1785863975553 614524 601900 12624 0
1785863975579 614524 601900 12624 0
1785863975605 614524 601900 12624 0
1785863975630 614524 601900 12624 0
1785863975655 614524 601900 12624 0
1785863975683 614524 601900 12624 0
1785863975711 614524 601900 12624 0
1785863975741 614524 601900 12624 0
1785863975770 614524 601900 12624 0
1785863975801 614524 601900 12624 0
1785863975832 614524 601900 12624 0
1785863975862 614524 601900 12624 0
1785863975893 614524 601900 12624 0
1785863975924 614524 601900 12624 0
1785863975956 614524 601900 12624 0
1785863975986 614524 601900 12624 0
1785863976017 614524 601900 12624 0
1785863976047 614524 601900 12624 0
1785863976078 614524 601900 12624 0
1785863976109 614524 601900 12624 0
1785863976140 614524 601900 12624 0
1785863976170 614524 601900 12624 0
1785863976201 614524 601900 12624 0
1785863976231 614524 601900 12624 0
1785863976263 614524 601900 12624 0
1785863976293 614524 601900 12624 0
1785863976324 614524 601900 12624 0
1785863976355 614524 601900 12624 0
1785863976386 614524 601900 12624 0
1785863976416 614524 601900 12624 0
1785863976447 614524 601900 12624 0
1785863976477 614524 601900 12624 0
1785863976508 614524 601900 12624 0
1785863976539 614524 601900 12624 0
1785863976569 614524 601900 12624 0
1785863976600 614524 601900 12624 0
1785863976631 614524 601900 12624 0
1785863976661 614524 601900 12624 0
1785863976692 614524 601900 12624 0
1785863976723 614524 601900 12624 0
1785863976754 614524 601900 12624 0
1785863976785 614524 601900 12624 0
1785863976815 614524 601900 12624 0
1785863976846 614524 601900 12624 0
1785863976877 614524 601900 12624 0
1785863976907 614524 601900 12624 0
1785863976938 614524 601900 12624 0
1785863976969 614524 601900 12624 0
1785863976999 614524 601900 12624 0
1785863977030 614524 601900 12624 0
1785863977060 614524 601900 12624 0
1785863977093 614524 601900 12624 0
1785863977123 614524 601900 12624 0
1785863977154 614524 601900 12624 0
1785863977185 614524 601900 12624 0
1785863977216 614524 601900 12624 0
1785863977246 614524 601900 12624 0
1785863977277 614524 601900 12624 0
1785863977308 614524 601900 12624 0
1785863977338 614524 601900 12624 0
1785863977369 614524 601900 12624 0
1785863977400 614524 601900 12624 0
1785863977430 614524 601900 12624 0
1785863977461 614524 601900 12624 0
1785863977492 614524 601900 12624 0
1785863977523 614524 601900 12624 0
1785863977554 614524 601900 12624 0
1785863977585 614524 601900 12624 0
1785863977615 614524 601900 12624 0
1785863977644 614524 601900 12624 0
1785863977672 614524 601900 12624 0
1785863977708 614524 601900 12624 0
1785863977742 614524 601900 12624 0
1785863977773 614524 601900 12624 0
1785863977805 607640 602900 4740 0
1785863977838 622660 610036 12624 0
1785863977868 622660 610036 12624 0
1785863977897 622660 610036 12624 0
1785863977923 622660 610036 12624 0
1785863977950 622660 610036 12624 0
1785863977977 622660 610036 12624 0
1785863978006 622660 610036 12624 0
1785863978038 629204 616580 12624 0
1785863978071 629700 617076 12624 0
1785863978103 630708 618084 12624 0
1785863978135 630708 618084 12624 0
1785863978167 630708 618084 12624 0
1785863978198 630708 618084 12624 0
1785863978226 630708 618084 12624 0
1785863978255 628388 615768 12620 0
1785863978288 629456 616832 12624 0
1785863978319 623164 610544 12620 0
1785863978352 618332 605708 12624 0
1785863978383 614628 602004 12624 0
1785863978413 614732 602108 12624 0
1785863978445 603856 599116 4740 0
1785863978475 623500 610876 12624 0
1785863978506 623988 611364 12624 0
1785863978536 623988 611364 12624 0
1785863978565 623988 611364 12624 0
1785863978593 623988 611364 12624 0
1785863978622 623988 611364 12624 0
1785863978650 623988 611364 12624 0
1785863978678 623988 611364 12624 0
1785863978707 630964 618340 12624 0
1785863978739 630964 618340 12624 0
1785863978770 631012 618388 12624 0
1785863978803 631028 618404 12624 0
1785863978834 631028 618404 12624 0
1785863978866 631028 618404 12624 0
1785863978896 631028 618404 12624 0
1785863978924 631028 618404 12624 0
1785863978954 631308 618684 12624 0
1785863978985 631564 618940 12624 0
1785863979018 635148 622524 12624 0
1785863979051 635660 623036 12624 0
1785863979084 635660 623036 12624 0
1785863979121 639244 626620 12624 0
1785863979155 639244 626620 12624 0
1785863979187 639244 626620 12624 0
1785863979219 639244 626620 12624 0
1785863979251 639244 626620 12624 0
1785863979283 639244 626620 12624 0
1785863979317 686060 673440 12620 0
1785863979349 619532 606908 12624 0
1785863979382 618796 606172 12624 0
1785863979415 618796 606172 12624 0
1785863979448 618796 606172 12624 0
1785863979481 618796 606172 12624 0
1785863979513 618796 606172 12624 0
1785863979547 618796 606172 12624 0
1785863979579 618796 606172 12624 0
1785863979608 617320 604696 12624 0
1785863979640 617320 604696 12624 0
1785863979674 617320 604696 12624 0
1785863979706 615840 603216 12624 0
1785863979738 615100 602476 12624 0
1785863979772 615100 602476 12624 0
1785863979803 612152 599528 12624 0
1785863979835 609936 597312 12624 0
1785863979867 604748 592124 12624 0
1785863979899 602412 589792 12620 0
1785863979929 603936 591312 12624 0
1785863979960 599308 586688 12620 0
1785863979989 594812 582188 12624 0
1785863980017 594812 582188 12624 0
1785863980045 594812 582188 12624 0
1785863980072 594812 582188 12624 0
1785863980104 602948 590324 12624 0
1785863980134 602948 590324 12624 0
1785863980163 602948 590324 12624 0
1785863980190 602948 590324 12624 0
1785863980218 602948 590324 12624 0
1785863980250 602948 590324 12624 0
1785863980280 609916 597292 12624 0
1785863980311 610996 598372 12624 0
1785863980342 610996 598372 12624 0
1785863980374 610996 598372 12624 0
1785863980404 611012 598388 12624 0
1785863980436 611184 598560 12624 0
1785863980467 611228 598604 12624 0
1785863980499 611228 598604 12624 0
1785863980531 601672 596932 4740 0
1785863980564 612740 600116 12624 0
1785863980595 613364 600740 12624 0
1785863980627 613364 600740 12624 0
1785863980659 613364 600740 12624 0
1785863980691 613364 600740 12624 0
1785863980723 613364 600740 12624 0
1785863980753 613364 600740 12624 0
1785863980784 613364 600740 12624 0
1785863980815 613364 600740 12624 0
1785863980847 613364 600740 12624 0
1785863980877 608004 595380 12624 0
1785863980908 604788 592164 12624 0
1785863980938 604788 592164 12624 0
1785863980967 604788 592164 12624 0
1785863980999 604788 592164 12624 0
1785863981029 604788 592164 12624 0
1785863981059 604788 592164 12624 0
1785863981087 603676 591052 12624 0
1785863981115 603676 591052 12624 0
1785863981142 603676 591052 12624 0
1785863981169 603676 591052 12624 0
1785863981197 603676 591052 12624 0
1785863981227 600220 587596 12624 0
1785863981258 598000 585376 12624 0
1785863981287 597828 585204 12624 0
1785863981318 598228 585608 12620 0
1785863981350 598556 585936 12620 0
1785863981381 606132 593508 12624 0
1785863981412 606132 593508 12624 0
1785863981442 606132 593508 12624 0
1785863981473 606132 593508 12624 0
1785863981501 606132 593508 12624 0
1785863981530 606132 593508 12624 0
1785863981560 610612 597988 12624 0
1785863981592 611252 598628 12624 0
1785863981623 611252 598628 12624 0
1785863981655 611252 598628 12624 0
1785863981687 611252 598628 12624 0
1785863981717 611252 598628 12624 0
1785863981746 611252 598628 12624 0
1785863981773 611252 598628 12624 0
1785863981803 611252 598628 12624 0
1785863981833 611252 598628 12624 0
1785863981862 606292 593668 12624 0
1785863981893 602324 589700 12624 0
1785863981925 599988 587368 12620 0
1785863981956 594812 582188 12624 0
1785863981986 592476 579856 12620 0
1785863982016 664280 651656 12624 0
1785863982048 664280 651656 12624 0
1785863982079 664280 651656 12624 0
1785863982122 664280 651656 12624 0
1785863982157 664280 651656 12624 0
1785863982187 664280 651656 12624 0
1785863982219 664280 651656 12624 0
1785863982249 664280 651656 12624 0
1785863982278 664280 651656 12624 0
1785863982306 664280 651656 12624 0
1785863982333 664280 651656 12624 0
1785863982359 664280 651656 12624 0
1785863982385 664280 651656 12624 0
1785863982412 664280 651656 12624 0
1785863982440 664280 651656 12624 0
1785863982468 664280 651656 12624 0
1785863982496 664280 651656 12624 0
1785863982524 664280 651656 12624 0
1785863982552 664280 651656 12624 0
1785863982580 664280 651656 12624 0
1785863982608 664280 651656 12624 0
1785863982636 664280 651656 12624 0
1785863982664 664280 651656 12624 0
1785863982691 664280 651656 12624 0
1785863982719 664280 651656 12624 0
1785863982746 664280 651656 12624 0
1785863982774 664280 651656 12624 0
1785863982802 664280 651656 12624 0
1785863982829 664280 651656 12624 0
1785863982857 664280 651656 12624 0
1785863982886 664280 651656 12624 0
1785863982916 664280 651656 12624 0
1785863982945 664280 651656 12624 0
1785863982972 670936 658312 12624 0
1785863983001 670936 658312 12624 0
1785863983029 670936 658312 12624 0
1785863983057 670936 658312 12624 0
1785863983085 670936 658312 12624 0
1785863983113 670936 658312 12624 0
1785863983140 670936 658312 12624 0
1785863983168 670936 658312 12624 0
1785863983196 677576 664952 12624 0
1785863983224 677576 664952 12624 0
1785863983253 677576 664952 12624 0
1785863983281 677576 664952 12624 0
1785863983309 684216 671592 12624 0
1785863983337 684216 671592 12624 0
1785863983365 708488 695868 12620 0
1785863983395 728440 715820 12620 0
1785863983425 770632 758008 12624 0
1785863983454 770632 758008 12624 0
1785863983482 770632 758008 12624 0
1785863983509 770632 758008 12624 0
1785863983536 770632 758008 12624 0
1785863983565 770632 758008 12624 0
1785863983593 770632 758008 12624 0
1785863983621 770632 758008 12624 0
1785863983650 770632 758008 12624 0
1785863983679 770632 758008 12624 0
1785863983711 770632 758008 12624 0
1785863983739 770632 758008 12624 0
1785863983770 770632 758008 12624 0
1785863983801 770632 758008 12624 0
1785863983832 770632 758008 12624 0
1785863983863 770632 758008 12624 0
1785863983893 770632 758008 12624 0
1785863983922 770632 758008 12624 0
1785863983953 770632 758008 12624 0
1785863983984 770632 758008 12624 0
1785863984015 770632 758008 12624 0
1785863984045 770632 758008 12624 0
1785863984075 770632 758008 12624 0
1785863984104 770632 758008 12624 0
1785863984134 770632 758008 12624 0
1785863984164 770640 758016 12624 0
1785863984194 770896 758272 12624 0
1785863984224 770896 758272 12624 0
1785863984254 770896 758272 12624 0
1785863984285 770896 758272 12624 0
1785863984316 770896 758272 12624 0
1785863984346 770920 758296 12624 0
1785863984376 770920 758296 12624 0
1785863984407 770920 758296 12624 0
1785863984438 770184 757560 12624 0
1785863984468 770952 758328 12624 0
1785863984497 770952 758328 12624 0
1785863984528 770952 758328 12624 0
1785863984560 768744 756120 12624 0
1785863984590 768744 756120 12624 0
1785863984619 768744 756120 12624 0
1785863984648 768744 756120 12624 0
1785863984677 768744 756120 12624 0
1785863984705 768744 756120 12624 0
1785863984733 768744 756120 12624 0
1785863984761 768744 756120 12624 0
1785863984789 768744 756120 12624 0
1785863984816 768744 756120 12624 0
1785863984845 768744 756120 12624 0
1785863984873 768744 756120 12624 0
1785863984901 768744 756120 12624 0
1785863984930 768744 756120 12624 0
1785863984958 768744 756120 12624 0
1785863984986 768744 756120 12624 0
1785863985015 768744 756120 12624 0
1785863985044 768744 756120 12624 0
1785863985072 768744 756120 12624 0
1785863985102 768744 756120 12624 0
1785863985132 768744 756120 12624 0
1785863985163 768744 756120 12624 0
1785863985194 766408 753788 12620 0
1785863985225 769472 756848 12624 0
1785863985256 769472 756848 12624 0
1785863985288 769192 756572 12620 0
1785863985320 794164 781540 12624 0
1785863985353 794420 781796 12624 0
1785863985383 794420 781796 12624 0
1785863985414 806312 800332 5980 0
1785863985446 888204 875580 12624 0
1785863985478 888204 875580 12624 0
1785863985508 888972 876348 12624 0
1785863985540 888972 876348 12624 0
1785863985572 888972 876348 12624 0
1785863985604 888972 876348 12624 0
1785863985632 888972 876348 12624 0
1785863985659 888972 876348 12624 0
1785863985686 888972 876348 12624 0
1785863985712 888972 876348 12624 0
1785863985737 888972 876348 12624 0
1785863985763 888972 876348 12624 0
1785863985789 888972 876348 12624 0
1785863985814 888972 876348 12624 0
1785863985842 888972 876348 12624 0
1785863985868 888972 876348 12624 0
1785863985897 888972 876348 12624 0
1785863985924 888972 876348 12624 0
1785863985953 888972 876348 12624 0
1785863985984 888972 876348 12624 0
1785863986015 888980 876356 12624 0
1785863986047 888980 876356 12624 0
1785863986077 888980 876356 12624 0
1785863986104 888980 876356 12624 0
1785863986130 888980 876356 12624 0
1785863986157 888980 876356 12624 0
1785863986187 888980 876356 12624 0
1785863986217 888980 876356 12624 0
1785863986248 888980 876356 12624 0
1785863986276 888980 876356 12624 0
1785863986302 888980 876356 12624 0
1785863986332 888980 876356 12624 0
1785863986361 888980 876356 12624 0
1785863986389 888980 876356 12624 0
1785863986417 888980 876356 12624 0
1785863986445 888980 876356 12624 0
1785863986474 894308 881684 12624 0
1785863986507 894564 881940 12624 0
1785863986538 894564 881940 12624 0
1785863986566 894564 881940 12624 0
1785863986592 894564 881940 12624 0
1785863986618 854452 841828 12624 0
1785863986649 850772 838148 12624 0
1785863986681 850036 837412 12624 0
1785863986711 846356 833732 12624 0
1785863986740 846356 833732 12624 0
1785863986769 845620 832996 12624 0
1785863986798 845620 832996 12624 0
1785863986826 845620 832996 12624 0
1785863986854 845620 832996 12624 0
1785863986881 845620 832996 12624 0
1785863986909 845620 832996 12624 0
1785863986937 845620 832996 12624 0
1785863986964 845620 832996 12624 0
1785863986992 845620 832996 12624 0
1785863987020 845620 832996 12624 0
1785863987047 845620 832996 12624 0
1785863987076 845620 832996 12624 0
1785863987103 845620 832996 12624 0
1785863987130 845620 832996 12624 0
1785863987159 845620 832996 12624 0
1785863987186 845620 832996 12624 0
1785863987213 845620 832996 12624 0
1785863987241 845620 832996 12624 0
1785863987268 845620 832996 12624 0
1785863987296 845620 832996 12624 0
1785863987325 845620 832996 12624 0
1785863987353 845620 832996 12624 0
1785863987383 845620 832996 12624 0
1785863987411 845620 832996 12624 0
1785863987438 845620 832996 12624 0
1785863987466 845620 832996 12624 0
1785863987496 845620 832996 12624 0
1785863987526 845620 832996 12624 0
1785863987559 845860 833236 12624 0
1785863987589 845860 833236 12624 0
1785863987621 845860 833236 12624 0
1785863987651 845860 833236 12624 0
1785863987679 845860 833236 12624 0
1785863987707 845860 833236 12624 0
1785863987734 845860 833236 12624 0
1785863987765 845860 833236 12624 0
1785863987794 847780 835156 12624 0
1785863987828 848500 835876 12624 0
1785863987859 847764 835140 12624 0
1785863987888 842484 829864 12620 0
1785863987917 59932 52944 6988 0
1785863987947 595752 583128 12624 0
1785863987978 595020 582396 12624 0
1785863988008 584220 579480 4740 0
1785863988047 598092 585468 12624 0
1785863988084 598132 585508 12624 0
1785863988115 597644 585020 12624 0
1785863988145 12596 4488 8108 0
1785863988167 594820 582196 12624 0
1785863988198 594812 582188 12624 0
