1786855424467 49
1786855424552 38
1786855424626 39
1786855424700 47
1786855424786 41
1786855424864 37
1786855424937 38
1786855425011 39
1786855425088 41
1786855425164 39
1786855425238 38
1786855425312 23
1786855425365 40
1786855425442 39
1786855425509 39
1786855425585 22
1786855425635 40
1786855425712 39
1786855425786 40
1786855425863 41
1786855425955 38
1786855426030 39
1786855426119 41
1786855426197 40
1786855426267 23
1786855426319 41
1786855426397 41
1786855426474 40
1786855426552 40
1786855426627 44
1786855426709 42
1786855426789 24
1786855426842 41
1786855426912 42
1786855426992 40
1786855427085 42
1786855427163 40
1786855427254 42
1786855427334 40
1786855427404 24
1786855427457 43
1786855427536 41
1786855427629 41
1786855427707 43
1786855427779 24
1786855427833 49
1786855427921 24
1786855427976 41
1786855428054 24
1786855428107 42
1786855428178 42
1786855428258 24
1786855428311 43
1786855428382 41
1786855428483 40
1786855428552 23
1786855428604 41
1786855428683 42
1786855428754 22
1786855428804 41
1786855428882 42
1786855428975 42
1786855429058 24
1786855429133 43
1786855429212 25
1786855429266 41
1786855429335 41
1786855429413 22
1786855429464 41
1786855429534 23
1786855429596 40
1786855429665 24
1786855429717 43
1786855429797 24
1786855429851 42
1786855429921 42
1786855429999 24
1786855430053 23
1786855430107 41
1786855430185 23
1786855430238 42
1786855430309 41
1786855430387 24
1786855430440 41
1786855430510 23
1786855430571 42
1786855430643 44
1786855430716 41
1786855430817 23
1786855430869 41
1786855430940 24
1786855430993 43
1786855431074 23
1786855431126 43
1786855431197 23
1786855431273 42
1786855431353 24
1786855431429 42
1786855431524 23
1786855431586 43
1786855431683 44
1786855431767 42
1786855431838 43
1786855431920 43
1786855431992 43
1786855432072 41
1786855432142 25
1786855432204 43
1786855432276 45
1786855432358 44
1786855432438 44
1786855432519 43
1786855432591 42
1786855432672 44
1786855432746 44
1786855432829 43
1786855432903 24
1786855432965 45
1786855433039 44
1786855433122 42
1786855433193 45
1786855433275 43
1786855433348 44
1786855433430 44
1786855433504 43
1786855433585 46
1786855433661 44
1786855433745 45
1786855433818 45
1786855433901 44
1786855433975 25
1786855434039 46
1786855434115 25
1786855434180 44
1786855434253 25
1786855434316 45
1786855434392 24
1786855434456 46
1786855434531 24
1786855434594 46
1786855434670 24
1786855434734 46
1786855434810 25
1786855434873 45
1786855434949 25
1786855435012 45
1786855435086 25
1786855435141 48
1786855435227 45
1786855435303 25
1786855435358 45
1786855435443 44
1786855435517 25
1786855435573 46
1786855435658 45
1786855435734 25
1786855435789 44
1786855435872 45
1786855435947 26
1786855436002 48
1786855436090 26
1786855436146 47
1786855436222 24
1786855436287 46
1786855436364 25
1786855436419 47
1786855436504 25
1786855436560 46
1786855436636 25
1786855436702 45
1786855436777 25
1786855436833 47
1786855436920 25
1786855436976 47
1786855437053 25
1786855437118 47
1786855437195 24
1786855437250 46
1786855437335 25
1786855437390 46
1786855437466 25
1786855437529 48
1786855437606 24
1786855437663 49
1786855437750 27
1786855437806 47
1786855437883 25
1786855437949 46
1786855438026 25
1786855438081 47
1786855438168 24
1786855438224 47
1786855438302 25
1786855438366 46
1786855438443 24
1786855438499 49
1786855438587 26
1786855438643 48
1786855438721 25
1786855438776 47
1786855438863 25
1786855438918 47
1786855438997 26
1786855439064 48
1786855439142 24
1786855439196 47
1786855439273 26
1786855439341 47
1786855439419 26
1786855439475 50
1786855439565 24
1786855439620 49
1786855439699 26
1786855439757 49
1786855439845 26
1786855439902 48
1786855439982 25
1786855440038 47
1786855440126 25
1786855440182 47
1786855440260 26
1786855440316 49
1786855440404 25
1786855440461 49
1786855440541 24
1786855440596 49
1786855440686 26
1786855440743 47
1786855440822 26
1786855440878 26
1786855440946 47
1786855441024 24
1786855441079 25
1786855441135 48
1786855441224 26
1786855441280 49
1786855441359 25
1786855441414 26
1786855441480 48
1786855441559 25
1786855441615 26
1786855441673 50
1786855441763 26
1786855441819 48
1786855441899 26
1786855441956 50
1786855442046 25
1786855442102 49
1786855442181 27
1786855442239 26
1786855442306 51
1786855442387 26
1786855442444 25
1786855442499 48
1786855442577 25
1786855442644 25
1786855442699 50
1786855442779 25
1786855442834 25
1786855442891 53
1786855442983 26
1786855443040 26
1786855443096 49
1786855443176 26
1786855443234 27
1786855443303 49
1786855443382 25
1786855443439 27
1786855443496 48
1786855443577 26
1786855443644 51
1786855443726 25
1786855443783 26
1786855443840 50
1786855443921 25
1786855443989 26
1786855444045 51
1786855444126 25
1786855444183 25
1786855444239 52
1786855444331 26
1786855444389 26
1786855444446 50
1786855444527 26
1786855444584 25
1786855444653 53
1786855444737 25
1786855444793 26
1786855444850 50
1786855444931 26
1786855444998 26
1786855445055 52
1786855445138 26
1786855445195 51
1786855445287 26
1786855445344 27
1786855445402 27
1786855445460 52
1786855445577 26
1786855445635 28
1786855445695 53
1786855445804 26
1786855445862 25
1786855445920 52
1786855446013 26
1786855446095 25
1786855446178 26
1786855446261 53
1786855446417 27
1786855446486 27
1786855446593 53
1786855446751 25
1786855446809 25
1786855446925 53
1786855447082 26
1786855447141 26
1786855447256 55
1786855447426 26
1786855447557 52
1786855447642 25
1786855447748 25
1786855447815 52
1786855447947 26
1786855448078 53
1786855448164 26
1786855448282 54
1786855448441 26
1786855448572 26
1786855448631 53
1786855448776 25
1786855448906 26
1786855448964 53
1786855449122 26
1786855449240 55
1786855449326 27
1786855449441 54
1786855449601 27
1786855449660 27
1786855449786 58
1786855449950 26
1786855450083 54
1786855450169 27
1786855450289 54
1786855450447 27
1786855450507 25
1786855450614 54
1786855450710 27
1786855450819 26
1786855450951 54
1786855451038 26
1786855451148 27
1786855451292 55
1786855451453 27
1786855451511 26
1786855451594 25
1786855451651 55
1786855451748 27
1786855451856 26
1786855451988 55
1786855452148 26
1786855452206 27
1786855452325 54
1786855452485 26
1786855452543 26
1786855452652 55
1786855452749 26
1786855452856 27
1786855452990 55
1786855453152 27
1786855453210 28
1786855453331 57
1786855453493 26
1786855453552 27
1786855453662 56
1786855453833 25
1786855453966 55
1786855454054 26
1786855454164 26
1786855454306 56
1786855454467 27
1786855454525 28
1786855454636 57
1786855454724 25
1786855454808 26
1786855454866 28
1786855455012 59
1786855455177 26
1786855455309 57
1786855455397 27
1786855455507 27
1786855455651 56
1786855455812 27
1786855455871 26
1786855455980 55
1786855456066 26
1786855456175 27
1786855456245 26
1786855456355 56
1786855456519 27
1786855456654 57
1786855456818 27
1786855456890 27
1786855457000 57
1786855457165 27
1786855457299 58
1786855457440 27
1786855457499 26
1786855457643 58
1786855457758 27
1786855457817 27
1786855457876 28
1786855458011 58
1786855458177 27
1786855458324 58
1786855458465 27
1786855458524 26
1786855458635 26
1786855458694 58
1786855458833 26
1786855458893 27
1786855459015 59
1786855459181 26
1786855459315 57
1786855459480 28
1786855459628 59
1786855459793 27
1786855459927 27
1786855459986 58
1786855460128 27
1786855460275 57
1786855460440 27
1786855460576 27
1786855460635 66
1786855460783 28
1786855460931 60
1786855461100 27
1786855461235 60
1786855461401 28
1786855461463 28
1786855461587 59
1786855461754 26
1786855461889 60
1786855462056 27
1786855462203 59
1786855462370 26
1786855462504 27
1786855462614 27
1786855462673 59
1786855462839 26
1786855462984 27
1786855463069 28
1786855463156 60
1786855463274 28
1786855463360 28
1786855463447 27
1786855463507 28
1786855463567 28
1786855463654 27
1786855463714 61
1786855463895 26
1786855464030 26
1786855464166 60
1786855464334 28
1786855464470 28
1786855464568 26
1786855464653 61
1786855464821 28
1786855464957 27
1786855465094 61
1786855465263 26
1786855465409 28
1786855465545 61
1786855465714 26
1786855465848 27
1786855465907 26
1786855466018 62
1786855466200 28
1786855466336 27
1786855466471 62
1786855466642 27
1786855466778 29
1786855466927 63
1786855467098 27
1786855467234 27
1786855467371 60
1786855467539 27
1786855467599 27
1786855467721 26
1786855467858 63
1786855468029 27
1786855468165 28
1786855468304 61
1786855468484 26
1786855468569 33
1786855468635 27
1786855468696 27
1786855468835 64
1786855469007 27
1786855469143 27
1786855469291 62
1786855469461 27
1786855469598 28
1786855469736 64
1786855469909 28
1786855469969 28
1786855470093 26
1786855470229 62
1786855470400 27
1786855470537 28
1786855470598 27
1786855470719 65
1786855470899 28
1786855471027 29
1786855471090 28
1786855471203 64
1786855471375 28
1786855471437 28
1786855471549 28
1786855471688 64
1786855471861 26
1786855471934 28
1786855472047 27
1786855472184 63
1786855472356 26
1786855472466 27
1786855472526 28
1786855472663 63
1786855472848 28
1786855472985 27
1786855473123 65
1786855473297 27
1786855473433 28
1786855473493 28
1786855473606 65
1786855473792 27
1786855473930 28
1786855474067 28
1786855474128 64
1786855474277 27
1786855474363 28
1786855474451 27
1786855474589 65
1786855474776 29
1786855474915 27
1786855475053 65
1786855475229 29
1786855475368 28
1786855475507 67
1786855475696 27
1786855475834 27
1786855475973 64
1786855476147 27
1786855476284 27
1786855476344 27
1786855476457 67
1786855476645 28
1786855476783 29
1786855476924 67
1786855477101 28
1786855477240 29
1786855477379 28
1786855477452 68
1786855477605 27
1786855477743 28
1786855477881 65
1786855478056 28
1786855478195 28
1786855478334 29
1786855478486 67
1786855478663 26
1786855478802 27
1786855478939 28
1786855479078 66
1786855479254 26
1786855479314 28
1786855479428 28
1786855479578 27
1786855479666 27
1786855479752 70
1786855479932 26
1786855480070 28
1786855480208 27
1786855480348 69
1786855480526 27
1786855480652 28
1786855480713 28
1786855480827 27
1786855480887 28
1786855481002 70
1786855481183 26
1786855481322 28
1786855481459 28
1786855481599 72
1786855481791 27
1786855481929 27
1786855481988 27
1786855482103 28
1786855482242 68
1786855482421 27
1786855482558 27
1786855482618 28
1786855482733 28
1786855482885 71
1786855483066 26
1786855483205 28
1786855483345 27
1786855483483 70
1786855483663 27
1786855483724 28
1786855483837 28
1786855483990 27
1786855484129 69
1786855484309 27
1786855484449 28
1786855484589 28
1786855484729 68
1786855484910 29
1786855485063 28
1786855485151 28
1786855485214 28
1786855485275 27
1786855485363 27
1786855485424 72
1786855485607 29
1786855485670 28
1786855485786 28
1786855485874 28
1786855485936 29
1786855485998 28
1786855486139 70
1786855486310 27
1786855486370 30
1786855486487 27
1786855486627 28
1786855486689 29
1786855486778 28
1786855486840 73
1786855487024 28
1786855487164 28
1786855487278 29
1786855487340 28
1786855487481 72
1786855487652 28
1786855487714 28
1786855487829 27
1786855487970 28
1786855488110 28
1786855488171 71
1786855488328 29
1786855488390 29
1786855488506 28
1786855488647 28
1786855488787 72
1786855488983 28
1786855489124 28
1786855489272 28
1786855489412 71
1786855489594 27
1786855489733 29
1786855489875 28
1786855490015 71
1786855490209 29
1786855490350 27
1786855490491 28
1786855490632 74
1786855490817 28
1786855490878 29
1786855490997 29
1786855491139 28
1786855491281 73
1786855491426 29
1786855491516 27
1786855491657 28
1786855491797 29
1786855491939 73
1786855492124 29
1786855492185 28
1786855492300 28
1786855492441 29
1786855492582 73
1786855492779 28
1786855492921 27
1786855493062 29
1786855493204 73
1786855493390 28
1786855493531 29
1786855493672 28
1786855493814 74
1786855494012 27
1786855494151 28
1786855494300 29
1786855494441 27
1786855494582 73
1786855494769 28
1786855494910 28
1786855495052 27
1786855495193 28
1786855495320 77
1786855495429 28
1786855495545 28
1786855495687 29
1786855495829 30
1786855495973 76
1786855496161 27
1786855496222 28
1786855496338 30
1786855496429 28
1786855496518 28
1786855496661 29
1786855496791 75
1786855496899 28
1786855497014 28
1786855497155 29
1786855497297 29
1786855497438 76
1786855497547 28
1786855497663 29
1786855497806 27
1786855497948 29
1786855498092 28
1786855498246 78
1786855498435 28
1786855498578 29
1786855498721 27
1786855498863 28
1786855499004 75
1786855499191 28
1786855499333 28
1786855499475 28
1786855499630 29
1786855499773 78
1786855499964 26
1786855500105 28
1786855500247 28
1786855500390 28
1786855500532 77
1786855500728 29
1786855500870 28
1786855500998 28
1786855501140 28
1786855501202 29
1786855501319 78
1786855501511 26
1786855501653 29
1786855501796 29
1786855501859 27
1786855501976 30
1786855502067 28
1786855502157 79
1786855502324 29
1786855502386 29
1786855502517 28
1786855502660 29
1786855502750 29
1786855502813 29
1786855502876 28
1786855502993 79
1786855503185 28
1786855503330 28
1786855503473 29
1786855503616 28
1786855503760 78
1786855503953 28
1786855504081 29
1786855504144 28
1786855504260 28
1786855504402 28
1786855504464 30
1786855504583 79
1786855504775 29
1786855504918 27
1786855505061 29
1786855505205 29
1786855505348 81
1786855505542 27
1786855505698 29
1786855505842 28
1786855505984 29
1786855506128 79
1786855506321 28
1786855506437 30
1786855506500 28
1786855506619 28
1786855506762 28
1786855506904 81
1786855507099 27
1786855507256 29
1786855507400 29
1786855507490 29
1786855507554 29
1786855507617 30
1786855507735 80
1786855507876 28
1786855507966 28
1786855508083 29
1786855508146 29
1786855508265 28
1786855508409 29
1786855508552 81
1786855508745 29
1786855508875 28
1786855508937 28
1786855509054 28
1786855509198 29
1786855509342 81
1786855509538 28
1786855509683 28
1786855509827 27
1786855509971 28
1786855510115 83
1786855510285 28
1786855510348 29
1786855510479 29
1786855510624 36
1786855510753 29
1786855510817 31
1786855510938 28
1786855511085 82
1786855511257 29
1786855511320 30
1786855511439 29
1786855511586 28
1786855511731 30
1786855511879 28
1786855512004 85
1786855512220 29
1786855512339 28
1786855512402 29
1786855512523 28
1786855512668 30
1786855512814 29
1786855512961 83
1786855513162 29
1786855513280 29
1786855513344 29
1786855513464 28
1786855513611 28
1786855513703 29
1786855513767 29
1786855513926 87
1786855514102 29
1786855514166 31
1786855514286 29
1786855514434 29
1786855514580 30
1786855514700 29
1786855514764 34
1786855514891 85
1786855515091 27
1786855515234 28
1786855515378 29
1786855515524 29
1786855515656 28
1786855515801 86
1786855516002 28
1786855516146 29
1786855516291 27
1786855516435 29
1786855516579 28
1786855516697 86
1786855516816 30
1786855516935 29
1786855517080 29
1786855517225 30
1786855517359 28
1786855517504 86
1786855517704 29
1786855517849 29
1786855517995 28
1786855518112 28
1786855518175 29
1786855518293 29
1786855518439 85
1786855518639 28
1786855518731 29
1786855518823 29
1786855518942 31
1786855519009 32
1786855519119 29
1786855519183 30
1786855519305 30
1786855519428 28
1786855519491 89
1786855519670 29
1786855519818 30
1786855519941 29
1786855520005 31
1786855520130 29
1786855520280 30
1786855520401 29
1786855520465 87
1786855520642 30
1786855520789 29
1786855520910 29
1786855520974 29
1786855521081 30
1786855521145 30
1786855521267 29
1786855521417 88
1786855521621 29
1786855521740 30
1786855521806 30
1786855521928 30
1786855522078 29
1786855522204 30
1786855522352 94
1786855522566 29
1786855522688 31
1786855522754 31
1786855522878 30
1786855523016 29
1786855523166 29
1786855523287 29
1786855523351 88
1786855523528 28
1786855523676 29
1786855523797 29
1786855523863 30
1786855523984 29
1786855524134 29
1786855524256 30
1786855524321 90
1786855524501 30
1786855524651 29
1786855524744 30
1786855524809 31
1786855524973 29
1786855525093 30
1786855525158 29
1786855525278 92
1786855525435 29
1786855525500 30
1786855525564 29
1786855525686 31
1786855525836 32
1786855525960 30
1786855526024 29
1786855526146 29
1786855526294 88
1786855526473 29
1786855526538 29
1786855526660 30
1786855526809 30
1786855526944 35
1786855527099 29
1786855527220 30
1786855527286 30
1786855527407 89
1786855527586 29
1786855527649 30
1786855527770 30
1786855527917 29
1786855528064 29
1786855528185 28
1786855528248 30
1786855528369 29
1786855528516 92
1786855528726 31
1786855528845 31
1786855528926 28
1786855529018 29
1786855529082 29
1786855529203 29
1786855529351 29
1786855529472 29
1786855529536 29
1786855529657 91
1786855529865 29
1786855530013 29
1786855530106 30
1786855530170 29
1786855530319 29
1786855530466 30
1786855530614 30
1786855530706 29
1786855530770 94
1786855530967 29
1786855531031 35
1786855531160 31
1786855531312 30
1786855531434 30
1786855531499 30
1786855531622 29
1786855531744 31
1786855531815 32
1786855531941 91
1786855532124 29
1786855532187 29
1786855532309 30
1786855532458 29
1786855532581 29
1786855532646 31
1786855532770 29
1786855532892 31
1786855532958 34
1786855533072 92
1786855533280 30
1786855533429 29
1786855533576 30
1786855533697 30
1786855533763 29
1786855533884 29
1786855534032 30
1786855534153 29
1786855534217 93
1786855534400 29
1786855534548 29
1786855534696 30
1786855534818 29
1786855534882 30
1786855535003 29
1786855535137 29
1786855535285 92
1786855535497 29
1786855535589 29
1786855535654 30
1786855535719 30
1786855535841 28
1786855535963 30
1786855536028 29
1786855536148 31
1786855536271 30
1786855536336 29
1786855536457 94
1786855536642 30
1786855536707 29
1786855536829 31
1786855536978 31
1786855537101 29
1786855537250 30
1786855537386 29
1786855537534 94
1786855537718 34
1786855537788 32
1786855537911 30
1786855538062 29
1786855538185 30
1786855538333 30
1786855538482 29
1786855538604 30
1786855538669 94
1786855538854 29
1786855538974 30
1786855539039 31
1786855539162 29
1786855539282 30
1786855539347 30
1786855539469 29
1786855539604 30
1786855539754 92
1786855539938 28
1786855540002 30
1786855540125 30
1786855540246 29
1786855540310 29
1786855540431 29
1786855540553 34
1786855540625 30
1786855540750 31
1786855540875 99
1786855541009 29
1786855541130 30
1786855541281 30
1786855541375 30
1786855541440 30
1786855541591 30
1786855541715 29
1786855541852 31
1786855541917 30
1786855542041 97
1786855542229 30
1786855542293 30
1786855542417 30
1786855542540 32
1786855542607 30
1786855542732 30
1786855542855 30
1786855542922 31
1786855543047 31
1786855543172 31
1786855543238 30
1786855543306 32
1786855543374 99
1786855543508 31
1786855543632 32
1786855543756 30
1786855543826 33
1786855543927 32
1786855543994 31
1786855544119 31
1786855544244 30
1786855544325 32
1786855544422 30
1786855544574 95
1786855544763 30
1786855544829 30
1786855544954 30
1786855545077 29
1786855545142 30
1786855545267 30
1786855545390 30
1786855545541 30
1786855545665 29
1786855545730 30
1786855545855 97
1786855546049 30
1786855546115 30
1786855546237 29
1786855546360 30
1786855546427 29
1786855546551 30
1786855546689 31
1786855546813 29
1786855546880 30
1786855547004 31
1786855547099 30
1786855547165 97
1786855547381 29
1786855547504 29
1786855547569 31
1786855547694 30
1786855547819 31
1786855547973 30
1786855548098 30
1786855548163 31
1786855548288 30
1786855548411 98
1786855548630 34
1786855548733 32
1786855548801 32
1786855548956 30
1786855549095 31
1786855549221 32
1786855549289 31
1786855549413 31
1786855549537 30
1786855549602 29
1786855549726 101
1786855549919 30
1786855549986 30
1786855550109 30
1786855550232 30
1786855550383 30
1786855550507 31
1786855550573 30
1786855550698 30
1786855550821 30
1786855550887 30
1786855551011 103
1786855551205 30
1786855551271 30
1786855551394 31
1786855551533 29
1786855551654 30
1786855551721 30
1786855551845 30
1786855551968 30
1786855552034 31
1786855552158 30
1786855552281 31
1786855552349 100
1786855552540 30
1786855552691 30
1786855552813 30
1786855552880 30
1786855552976 31
1786855553042 29
1786855553108 30
1786855553203 31
1786855553328 30
1786855553481 31
1786855553605 32
1786855553672 101
1786855553809 31
1786855553876 32
1786855553945 31
1786855554071 31
1786855554211 30
1786855554335 31
1786855554402 30
1786855554528 30
1786855554652 38
1786855554815 31
1786855554940 30
1786855555006 102
1786855555200 30
1786855555323 30
1786855555388 31
1786855555513 30
1786855555636 30
1786855555702 31
1786855555828 29
1786855555951 30
1786855556102 31
1786855556226 29
1786855556291 99
1786855556480 29
1786855556632 30
1786855556772 31
1786855556924 34
1786855557056 31
1786855557211 31
1786855557336 31
1786855557493 105
1786855557692 31
1786855557846 32
1786855557972 31
1786855558038 31
1786855558165 31
1786855558289 30
1786855558355 30
1786855558422 31
1786855558488 32
1786855558555 31
1786855558682 32
1786855558809 107
1786855559038 32
1786855559135 32
1786855559202 32
1786855559316 30
1786855559381 31
1786855559506 31
1786855559578 32
1786855559679 31
1786855559746 30
1786855559875 31
1786855560002 31
1786855560158 31
1786855560285 106
1786855560514 30
1786855560642 34
1786855560802 32
1786855560928 30
1786855560995 30
1786855561120 29
1786855561244 31
1786855561369 30
1786855561436 30
1786855561532 31
1786855561599 30
1786855561724 104
1786855561948 31
1786855562086 31
1786855562240 29
1786855562362 30
1786855562514 30
1786855562639 30
1786855562705 31
1786855562830 30
1786855562955 30
1786855563108 102
1786855563303 35
1786855563373 30
1786855563499 31
1786855563623 31
1786855563776 31
1786855563872 31
1786855563939 32
1786855564007 32
1786855564108 39
1786855564186 33
1786855564256 33
1786855564325 33
1786855564395 32
1786855564523 31
1786855564622 106
1786855564764 31
1786855564907 29
1786855565030 31
1786855565097 32
1786855565223 30
1786855565319 31
1786855565386 30
1786855565540 31
1786855565665 30
1786855565731 31
1786855565857 30
1786855565953 31
1786855566020 109
1786855566222 31
1786855566289 30
1786855566415 30
1786855566538 31
1786855566605 31
1786855566672 31
1786855566740 31
1786855566807 30
1786855566933 30
1786855567057 32
1786855567211 29
1786855567306 30
1786855567373 31
1786855567526 107
1786855567741 31
1786855567865 31
1786855567932 31
1786855567999 29
1786855568065 31
1786855568132 30
1786855568259 31
1786855568385 31
1786855568539 29
1786855568635 30
1786855568701 31
1786855568856 31
1786855568983 105
1786855569207 30
1786855569303 31
1786855569369 32
1786855569437 30
1786855569534 31
1786855569601 30
1786855569727 31
1786855569824 32
1786855569893 29
1786855569989 32
1786855570057 30
1786855570211 30
1786855570306 30
1786855570374 31
1786855570500 108
1786855570658 30
1786855570754 30
1786855570879 30
1786855570944 31
1786855571071 31
1786855571196 31
1786855571350 31
1786855571475 30
1786855571599 31
1786855571667 29
1786855571793 30
1786855571917 108
1786855572146 30
1786855572271 31
1786855572396 32
1786855572464 30
1786855572589 32
1786855572714 31
1786855572869 31
1786855572996 32
1786855573122 32
1786855573190 31
1786855573318 107
1786855573505 30
1786855573571 31
1786855573697 30
1786855573821 30
1786855573974 30
1786855574099 30
1786855574252 30
1786855574377 30
1786855574532 30
1786855574656 110
1786855574890 30
1786855575015 31
1786855575170 31
1786855575296 31
1786855575392 31
1786855575459 31
1786855575527 31
1786855575595 31
1786855575663 30
1786855575790 30
1786855575856 32
1786855575985 30
1786855576111 32
1786855576252 111
1786855576467 32
1786855576537 32
1786855576636 31
1786855576706 31
1786855576805 33
1786855576874 30
1786855577002 31
1786855577129 31
1786855577256 32
1786855577326 31
1786855577425 32
1786855577493 32
1786855577591 31
1786855577658 31
1786855577785 29
1786855577913 111
1786855578119 30
1786855578185 29
1786855578282 30
1786855578350 31
1786855578477 30
1786855578603 30
1786855578728 31
1786855578795 31
1786855578893 32
1786855578961 31
1786855579090 31
1786855579218 32
1786855579361 30
1786855579487 114
1786855579637 31
1786855579735 32
1786855579805 33
1786855579906 31
1786855579973 34
1786855580105 31
1786855580233 32
1786855580362 32
1786855580431 31
1786855580529 31
1786855580598 31
1786855580698 31
1786855580766 31
1786855580898 32
1786855581028 32
1786855581127 116
1786855581278 30
1786855581405 30
1786855581473 32
1786855581542 33
1786855581612 32
1786855581773 31
1786855581901 31
1786855582028 31
1786855582097 32
1786855582226 31
1786855582353 31
1786855582496 32
1786855582594 30
1786855582662 111
1786855582868 31
1786855582936 31
1786855583036 30
1786855583103 31
1786855583203 35
1786855583276 33
1786855583346 32
1786855583415 32
1786855583484 32
1786855583584 33
1786855583653 33
1786855583755 33
1786855583825 34
1786855583928 32
1786855583997 37
1786855584105 33
1786855584176 30
1786855584306 114
1786855584514 33
1786855584642 32
1786855584712 32
1786855584811 32
1786855584880 32
1786855585008 31
1786855585135 32
1786855585291 31
1786855585419 32
1786855585546 32
1786855585615 32
1786855585742 32
1786855585887 115
1786855586097 30
1786855586222 31
1786855586290 30
1786855586416 31
1786855586543 31
1786855586670 31
1786855586738 31
1786855586866 32
1786855586964 31
1786855587032 31
1786855587159 32
1786855587287 31
1786855587354 32
1786855587454 31
1786855587522 113
1786855587730 32
1786855587858 31
1786855587955 31
1786855588023 31
1786855588091 32
1786855588189 31
1786855588257 32
1786855588385 31
1786855588513 30
1786855588640 39
1786855588718 32
1786855588818 31
1786855588889 32
1786855588991 32
1786855589076 30
1786855589175 115
1786855589386 31
1786855589453 32
1786855589552 31
1786855589620 32
1786855589721 32
1786855589790 36
1786855589894 31
1786855589963 32
1786855590063 31
1786855590132 31
1786855590231 32
1786855590300 32
1786855590429 31
1786855590558 32
1786855590686 31
1786855590753 33
1786855590853 116
1786855591006 31
1786855591106 33
1786855591175 32
1786855591306 32
1786855591436 31
1786855591565 32
1786855591724 32
1786855591854 32
1786855591983 31
1786855592051 31
1786855592150 32
1786855592221 32
1786855592320 30
1786855592388 32
1786855592503 115
1786855592743 31
1786855592842 33
1786855592912 32
1786855593041 32
1786855593172 31
1786855593242 32
1786855593342 32
1786855593412 31
1786855593480 31
1786855593550 32
1786855593680 32
1786855593749 32
1786855593849 30
1786855593917 32
1786855594018 32
1786855594087 34
1786855594195 119
1786855594350 32
1786855594451 31
1786855594521 34
1786855594624 33
1786855594694 34
1786855594825 33
1786855594958 33
1786855595089 33
1786855595251 33
1786855595385 32
1786855595517 32
1786855595648 31
1786855595716 33
1786855595819 33
1786855595908 121
1786855596096 31
1786855596225 32
1786855596384 32
1786855596516 32
1786855596647 32
1786855596778 31
1786855596847 31
1786855596947 31
1786855597016 32
1786855597117 37
1786855597193 33
1786855597294 33
1786855597365 31
1786855597493 32
1786855597623 118
1786855597839 30
1786855597906 30
1786855598004 31
1786855598072 32
1786855598174 32
1786855598242 31
1786855598310 33
1786855598380 32
1786855598448 33
1786855598518 32
1786855598587 32
1786855598656 31
1786855598724 33
1786855598794 31
1786855598925 31
1786855598993 31
1786855599062 32
1786855599131 32
1786855599200 32
1786855599299 32
1786855599368 32
1786855599469 118
1786855599624 32
1786855599740 31
1786855599867 32
1786855599936 30
1786855600004 33
1786855600074 30
1786855600141 32
1786855600242 32
1786855600311 31
1786855600409 32
1786855600478 32
1786855600579 31
1786855600647 30
1786855600776 32
1786855600905 32
1786855601034 31
1786855601102 31
1786855601201 31
1786855601270 122
1786855601486 32
1786855601615 31
1786855601744 33
1786855601813 33
1786855601913 32
1786855601982 32
1786855602082 32
1786855602152 32
1786855602282 32
1786855602412 33
1786855602542 33
1786855602612 32
1786855602714 32
1786855602784 32
1786855602885 33
1786855602954 33
1786855603056 32
1786855603125 120
1786855603341 32
1786855603457 31
1786855603525 31
1786855603654 31
1786855603783 31
1786855603911 31
1786855603979 32
1786855604079 33
1786855604148 31
1786855604250 32
1786855604320 32
1786855604451 31
1786855604580 32
1786855604711 31
1786855604869 119
1786855605085 33
1786855605215 32
1786855605284 32
1786855605414 33
1786855605544 32
1786855605643 32
1786855605711 32
1786855605841 31
1786855605909 31
1786855606010 31
1786855606078 31
1786855606208 32
1786855606338 32
1786855606468 31
1786855606536 33
1786855606637 33
1786855606707 125
1786855606929 31
1786855607046 32
1786855607115 31
1786855607215 32
1786855607284 33
1786855607386 31
1786855607455 31
1786855607555 32
1786855607629 35
1786855607735 32
1786855607868 40
1786855607946 32
1786855608046 31
1786855608114 33
1786855608216 33
1786855608285 32
1786855608416 33
1786855608546 123
1786855608765 31
1786855608832 34
1786855608965 31
1786855609095 31
1786855609224 34
1786855609385 31
1786855609516 33
1786855609645 37
1786855609785 32
1786855609855 33
1786855609957 31
1786855610027 32
1786855610133 33
1786855610204 32
1786855610274 33
1786855610345 32
1786855610477 126
1786855610657 32
1786855610726 32
1786855610796 32
1786855610928 32
1786855611059 32
1786855611190 33
1786855611323 33
1786855611454 33
1786855611523 33
1786855611624 33
1786855611695 32
1786855611799 33
1786855611931 33
1786855612001 34
1786855612104 32
1786855612237 32
1786855612306 31
1786855612408 123
1786855612629 32
1786855612698 32
1786855612802 32
1786855612934 32
1786855613003 32
1786855613105 33
1786855613238 31
1786855613307 32
1786855613409 33
1786855613542 32
1786855613611 32
1786855613713 32
1786855613844 32
1786855613915 32
1786855614017 33
1786855614149 32
1786855614237 125
1786855614430 33
1786855614562 32
1786855614693 32
1786855614824 33
1786855614958 33
1786855615029 33
1786855615131 32
1786855615264 32
1786855615334 32
1786855615436 33
1786855615568 32
1786855615638 32
1786855615739 32
1786855615810 33
1786855615882 32
1786855615953 33
1786855616056 32
1786855616127 126
1786855616321 31
1786855616390 33
1786855616522 32
1786855616654 32
1786855616786 32
1786855616919 31
1786855617051 33
1786855617121 32
1786855617223 32
1786855617354 31
1786855617423 32
1786855617524 32
1786855617595 32
1786855617697 33
1786855617831 31
1786855617980 126
1786855618205 31
1786855618336 32
1786855618468 32
1786855618538 33
1786855618640 32
1786855618773 32
1786855618843 34
1786855618946 32
1786855619079 31
1786855619149 33
1786855619252 32
1786855619385 33
1786855619517 33
1786855619588 32
1786855619689 32
1786855619822 131
1786855619991 32
1786855620092 32
1786855620224 33
1786855620295 32
1786855620396 33
1786855620528 32
1786855620598 33
1786855620700 32
1786855620831 31
1786855620900 32
1786855621001 32
1786855621071 31
1786855621172 33
1786855621242 32
1786855621343 32
1786855621413 32
1786855621482 32
1786855621552 33
1786855621623 33
1786855621695 32
1786855621765 43
1786855621854 133
1786855622925 35
1786855623322 38
1786855624666 129
1786855628008 131
1786855641579 130
1786855641749 33
1786855641821 33
1786855641895 33
1786855641969 33
1786855642042 33
1786855642115 35
1786855642190 33
1786855642263 35
1786855642339 34
1786855642413 33
1786855642487 34
1786855642562 34
1786855642637 33
1786855642712 35
1786855642788 34
1786855642863 35
1786855646963 132
1786855649879 132
1786855650050 33
1786855650125 34
1786855650200 35
1786855650276 34
1786855650351 34
1786855650426 35
1786855650502 34
1786855650577 34
1786855650671 34
1786855650745 34
1786855650820 33
1786855650894 34
1786855650969 38
1786855651051 35
1786855651130 34
1786855651239 36
1786855651317 34
1786855651460 34
1786855651602 35
1786855651678 35
1786855651789 36
1786855651932 136
1786855652109 35
1786855652218 35
1786855652359 34
1786855652435 36
1786855652546 36
1786855652689 36
1786855652766 35
1786855652877 34
1786855653018 35
1786855653095 35
1786855653205 35
1786855653346 33
1786855653421 35
1786855653529 35
1786855653671 35
1786855653748 34
1786855653856 35
1786855653933 35
1786855654042 133
1786855654280 33
1786855654355 35
1786855654464 34
1786855654540 36
1786855654650 36
1786855654792 34
1786855654890 35
1786855655000 36
1786855655144 35
1786855655286 33
1786855655427 34
1786855655567 34
1786855655708 34
1786855655784 34
1786855655895 34
1786855656036 134
1786855656212 34
1786855656321 34
1786855656464 35
1786855656540 33
1786855656649 34
1786855656789 34
1786855656865 37
1786855656977 35
1786855657053 39
1786855657168 34
1786855657309 34
1786855657385 34
1786855657494 35
1786855657635 34
1786855657710 34
1786855657822 33
1786855657963 35
1786855658038 35
1786855658147 132
1786855658320 35
1786855658430 34
1786855658571 35
1786855658647 35
1786855658756 34
1786855658898 34
1786855658974 34
1786855659105 35
1786855659181 35
1786855659257 35
1786855659333 35
1786855659442 35
1786855659519 36
1786855659629 35
1786855659771 35
1786855659848 36
1786855659959 35
1786855660101 33
1786855660176 139
1786855660388 34
1786855660529 35
1786855660606 34
1786855660714 34
1786855660855 34
1786855660931 35
1786855661041 36
1786855661183 34
1786855661259 35
1786855661370 34
1786855661512 35
1786855661588 35
1786855661698 35
1786855661841 34
1786855661983 34
1786855662058 38
1786855662173 35
1786855662316 139
1786855662495 34
1786855662604 34
1786855662744 35
1786855662821 34
1786855662932 35
1786855663074 34
1786855663151 35
1786855663229 35
1786855663305 36
1786855663416 34
1786855663492 35
1786855663623 34
1786855663699 35
1786855663809 35
1786855663953 35
1786855664029 35
1786855664141 33
1786855664282 35
1786855664424 136
1786855664602 35
1786855664712 35
1786855664854 34
1786855664929 35
1786855665038 36
1786855665115 36
1786855665225 36
1786855665368 35
1786855665444 34
1786855665552 36
1786855665694 35
1786855665771 34
1786855665882 34
1786855666025 34
1786855666100 35
1786855666209 34
1786855666352 34
1786855666427 34
1786855666538 139
1786855666782 33
1786855666857 34
1786855666967 35
1786855667110 33
1786855667185 35
1786855667295 34
1786855667437 34
1786855667513 35
1786855667622 37
1786855667768 35
1786855667912 34
1786855668073 34
1786855668214 34
1786855668356 35
1786855668498 34
1786855668640 35
1786855668715 138
1786855668928 33
1786855669101 35
1786855669242 35
1786855669319 36
1786855669431 36
1786855669574 35
1786855669716 35
1786855669858 34
1786855669968 35
1786855670046 35
1786855670188 35
1786855670331 35
1786855670475 34
1786855670616 34
1786855670692 36
1786855670804 140
1786855671050 34
1786855671126 35
1786855671236 36
1786855671379 35
1786855671456 35
1786855671566 35
1786855671708 41
1786855671794 36
1786855671908 35
1786855672052 34
1786855672195 35
1786855672272 35
1786855672403 34
1786855672546 35
1786855672691 35
1786855672834 36
1786855672978 142
1786855673163 36
1786855673274 35
1786855673417 34
1786855673560 35
1786855673637 35
1786855673750 35
1786855673894 35
1786855674038 34
1786855674181 36
1786855674258 35
1786855674369 34
1786855674511 33
1786855674587 35
1786855674701 34
1786855674844 39
1786855674926 36
1786855675039 35
1786855675182 142
1786855675433 33
1786855675574 34
1786855675652 36
1786855675764 36
1786855675907 36
1786855676052 34
1786855676130 34
1786855676241 35
1786855676386 36
1786855676530 35
1786855676641 34
1786855676718 35
1786855676848 34
1786855676924 36
1786855677036 36
1786855677114 35
1786855677225 35
1786855677369 143
1786855677620 34
1786855677764 35
1786855677841 35
1786855677954 36
1786855678097 35
1786855678242 35
1786855678387 35
1786855678530 34
1786855678605 34
1786855678717 35
1786855678862 34
1786855679008 36
1786855679151 34
1786855679228 35
1786855679341 35
1786855679486 35
1786855679629 143
1786855679882 36
1786855679959 35
1786855680071 35
1786855680214 34
1786855680356 33
1786855680433 36
1786855680544 35
1786855680687 34
1786855680765 35
1786855680843 34
1786855680921 35
1786855681032 34
1786855681109 35
1786855681255 34
1786855681384 35
1786855681462 34
1786855681574 35
1786855681721 36
1786855681867 142
1786855682117 34
1786855682260 34
1786855682403 35
1786855682481 35
1786855682593 35
1786855682737 35
1786855682880 35
1786855683025 36
1786855683104 35
1786855683215 36
1786855683360 35
1786855683506 34
1786855683650 34
1786855683727 35
1786855683844 35
1786855683989 35
1786855684133 145
1786855684384 34
1786855684533 35
1786855684676 35
1786855684753 35
1786855684865 36
1786855685011 35
1786855685089 35
1786855685201 39
1786855685351 34
1786855685496 36
1786855685641 34
1786855685717 36
1786855685830 39
1786855685998 36
1786855686144 36
1786855686290 36
1786855686435 149
1786855686693 36
1786855686804 36
1786855686884 36
1786855687032 35
1786855687177 36
1786855687322 35
1786855687466 34
1786855687611 35
1786855687723 35
1786855687800 35
1786855687945 35
1786855688090 35
1786855688234 36
1786855688380 35
1786855688491 34
1786855688569 35
1786855688714 150
1786855688976 35
1786855689122 36
1786855689267 37
1786855689380 37
1786855689459 36
1786855689605 35
1786855689751 37
1786855689900 39
1786855690050 37
1786855690197 36
1786855690343 35
1786855690476 36
1786855690554 36
1786855690667 37
1786855690815 34
1786855690959 36
1786855691037 152
1786855691264 35
1786855691410 34
1786855691553 36
1786855691698 36
1786855691776 35
1786855691888 40
1786855692040 37
1786855692186 35
1786855692264 36
1786855692343 37
1786855692423 36
1786855692536 36
1786855692616 35
1786855692761 35
1786855692904 36
1786855693050 36
1786855693162 36
1786855693240 37
1786855693388 150
1786855693645 36
1786855693791 36
1786855693936 35
1786855694082 35
1786855694227 36
1786855694372 35
1786855694518 42
1786855694671 37
1786855694817 36
1786855694966 37
1786855695046 35
1786855695160 36
1786855695294 36
1786855695373 36
1786855695485 35
1786855695631 35
1786855695777 148
1786855696033 34
1786855696111 35
1786855696224 36
1786855696371 36
1786855696516 35
1786855696661 34
1786855696739 35
1786855696851 35
1786855696996 35
1786855697142 34
1786855697286 35
1786855697431 35
1786855697508 36
1786855697621 35
1786855697765 35
1786855697912 35
1786855697989 36
1786855698103 149
1786855698328 35
1786855698406 36
1786855698552 36
1786855698697 35
1786855698841 38
1786855698956 36
1786855699034 35
1786855699181 35
1786855699326 35
1786855699471 35
1786855699615 34
1786855699760 37
1786855699909 37
1786855700056 37
1786855700157 35
1786855700236 35
1786855700314 35
1786855700429 155
1786855700692 35
1786855700836 35
1786855700980 35
1786855701060 36
1786855701172 35
1786855701318 37
1786855701466 35
1786855701612 37
1786855701762 36
1786855701909 35
1786855702054 35
1786855702199 36
1786855702277 37
1786855702390 37
1786855702538 36
1786855702683 35
1786855702829 155
1786855703097 35
1786855703241 36
1786855703319 36
1786855703433 36
1786855703579 36
1786855703725 36
1786855703804 37
1786855703918 36
1786855704065 36
1786855704211 36
1786855704289 37
1786855704403 37
1786855704552 37
1786855704665 35
1786855704742 36
1786855704889 40
1786855705042 36
1786855705177 39
1786855705258 155
1786855705490 34
1786855705635 37
1786855705783 36
1786855705862 37
1786855705976 36
1786855706123 35
1786855706268 35
1786855706414 38
1786855706495 36
1786855706609 36
1786855706756 36
1786855706904 38
1786855707052 36
1786855707198 36
1786855707347 38
1786855707500 38
1786855707649 37
1786855707798 158
1786855708066 37
1786855708215 37
1786855708362 36
1786855708442 37
1786855708556 36
1786855708704 36
1786855708852 37
1786855709001 35
1786855709147 35
1786855709292 36
1786855709439 36
1786855709518 36
1786855709597 36
1786855709677 35
1786855709824 36
1786855709973 36
1786855710123 36
1786855710258 159
1786855710526 34
1786855710603 35
1786855710715 37
1786855710863 36
1786855711014 36
1786855711162 36
1786855711310 37
1786855711458 36
1786855711605 36
1786855711757 36
1786855711904 36
1786855712050 36
1786855712199 36
1786855712346 37
1786855712495 37
1786855712575 37
1786855712689 36
1786855712837 158
1786855713106 37
1786855713253 37
1786855713402 37
1786855713550 37
1786855713698 37
1786855713848 38
1786855713929 38
1786855714046 36
1786855714193 37
1786855714343 36
1786855714491 35
1786855714637 37
1786855714784 39
1786855714937 38
1786855715087 38
1786855715189 38
1786855715270 36
1786855715350 162
1786855715556 37
1786855715636 37
1786855715790 36
1786855715939 36
1786855716088 37
1786855716168 37
1786855716249 37
1786855716329 36
1786855716444 37
1786855716592 37
1786855716743 38
1786855716893 37
1786855717041 38
1786855717190 36
1786855717337 38
1786855717487 36
1786855717636 36
1786855717783 37
1786855717932 164
1786855718206 42
1786855718293 38
1786855718409 37
1786855718559 38
1786855718709 37
1786855718858 38
1786855719007 37
1786855719156 36
1786855719303 36
1786855719450 37
1786855719599 37
1786855719747 37
1786855719894 36
1786855720044 37
1786855720193 37
1786855720343 36
1786855720510 162
1786855720781 35
1786855720926 35
1786855721038 37
1786855721118 37
1786855721267 36
1786855721346 37
1786855721426 36
1786855721505 36
1786855721620 36
1786855721769 35
1786855721914 36
1786855722061 37
1786855722211 36
1786855722359 35
1786855722506 36
1786855722585 36
1786855722699 36
1786855722846 37
1786855722994 36
1786855723143 160
1786855723414 36
1786855723562 36
1786855723709 37
1786855723858 35
1786855724004 37
1786855724152 36
1786855724299 36
1786855724446 37
1786855724526 36
1786855724641 40
1786855724798 36
1786855724949 38
1786855725101 36
1786855725252 37
1786855725401 36
1786855725549 36
1786855725696 163
1786855725956 35
1786855726102 36
1786855726181 37
1786855726295 37
1786855726444 36
1786855726592 37
1786855726742 37
1786855726890 36
1786855727039 36
1786855727187 36
1786855727334 36
1786855727483 36
1786855727598 36
1786855727677 37
1786855727825 37
1786855727974 35
1786855728122 36
1786855728269 163
1786855728543 36
1786855728691 37
1786855728840 39
1786855728992 37
1786855729141 38
1786855729291 43
1786855729448 37
1786855729597 38
1786855729748 36
1786855729896 37
1786855730045 41
1786855730199 36
1786855730348 37
1786855730497 35
1786855730646 36
1786855730795 167
1786855731072 36
1786855731207 36
1786855731286 37
1786855731401 39
1786855731553 36
1786855731702 37
1786855731782 36
1786855731896 37
1786855732046 36
1786855732195 37
1786855732343 37
1786855732458 36
1786855732537 37
1786855732686 36
1786855732837 36
1786855732985 36
1786855733066 36
1786855733147 37
1786855733228 37
1786855733344 36
1786855733494 169
1786855733773 37
1786855733923 37
1786855734072 36
1786855734221 37
1786855734371 36
1786855734519 38
1786855734668 37
1786855734818 37
1786855734967 37
1786855735115 37
1786855735264 36
1786855735413 37
1786855735562 37
1786855735721 37
1786855735873 37
1786855736025 37
1786855736177 168
1786855736424 37
1786855736504 38
1786855736621 38
1786855736762 36
1786855736841 37
1786855736958 37
1786855737108 36
1786855737257 38
1786855737408 37
1786855737559 38
1786855737709 37
1786855737861 38
1786855737979 38
1786855738060 37
1786855738210 37
1786855738362 38
1786855738479 37
1786855738560 37
1786855738679 38
1786855738831 171
1786855739116 37
1786855739265 37
1786855739416 37
1786855739567 38
1786855739718 39
1786855739872 38
1786855740026 37
1786855740177 37
1786855740293 37
1786855740374 36
1786855740491 39
1786855740644 38
1786855740797 37
1786855740949 36
1786855741100 37
1786855741250 37
1786855741402 36
1786855741552 173
1786855741836 38
1786855741987 43
1786855742145 37
1786855742263 38
1786855742345 38
1786855742450 38
1786855742532 37
1786855742648 38
1786855742800 38
1786855742955 37
1786855743106 37
1786855743257 37
1786855743408 37
1786855743558 38
1786855743709 37
1786855743825 38
1786855743908 38
1786855744027 38
1786855744111 39
1786855744230 38
1786855744382 172
1786855744634 38
1786855744716 38
1786855744868 44
1786855744993 39
1786855745077 37
1786855745195 38
1786855745347 37
1786855745499 37
1786855745651 39
1786855745805 36
1786855745955 36
1786855746106 38
1786855746258 37
1786855746378 37
1786855746459 37
1786855746576 37
1786855746727 37
1786855746879 36
1786855747029 38
1786855747182 170
1786855747470 38
1786855747621 37
1786855747772 37
1786855747923 38
1786855748076 39
1786855748218 36
1786855748369 42
1786855748526 37
1786855748677 38
1786855748830 37
1786855748982 38
1786855749137 36
1786855749289 36
1786855749370 38
1786855749451 38
1786855749533 37
1786855749651 36
1786855749801 37
1786855749954 175
1786855750240 37
1786855750391 37
1786855750547 37
1786855750667 38
1786855750749 39
1786855750870 37
1786855751022 37
1786855751175 37
1786855751327 38
1786855751478 37
1786855751630 36
1786855751782 38
1786855751934 38
1786855752086 36
1786855752203 37
1786855752284 37
1786855752403 38
1786855752555 37
1786855752707 37
1786855752858 175
1786855753147 37
1786855753300 37
1786855753453 38
1786855753574 38
1786855753658 40
1786855753780 39
1786855753933 39
1786855754074 38
1786855754227 37
1786855754379 38
1786855754532 38
1786855754684 38
1786855754838 37
1786855754991 38
1786855755144 38
1786855755296 39
1786855755381 39
1786855755465 39
1786855755549 39
1786855755668 177
1786855755959 36
1786855756111 37
1786855756229 38
1786855756311 38
1786855756430 36
1786855756512 38
1786855756629 38
1786855756784 39
1786855756939 38
1786855757093 39
1786855757247 38
1786855757402 38
1786855757555 36
1786855757672 38
1786855757754 39
1786855757875 38
1786855758029 38
1786855758182 38
1786855758335 38
1786855758489 180
1786855758783 38
1786855758936 39
1786855759055 39
1786855759139 41
1786855759262 39
1786855759416 37
1786855759569 38
1786855759722 39
1786855759875 38
1786855760029 38
1786855760170 39
1786855760323 38
1786855760475 36
1786855760627 38
1786855760778 37
1786855760929 38
1786855761012 36
1786855761092 37
1786855761173 38
1786855761290 38
1786855761409 176
1786855761629 37
1786855761781 38
1786855761934 36
1786855762085 38
1786855762237 39
1786855762390 37
1786855762542 38
1786855762659 38
1786855762741 39
1786855762860 37
1786855763013 38
1786855763166 38
1786855763319 39
1786855763474 39
1786855763628 38
1786855763781 37
1786855763899 38
1786855763982 39
1786855764101 39
1786855764256 177
1786855764548 38
1786855764699 38
1786855764852 38
1786855765006 39
1786855765158 39
1786855765313 37
1786855765466 38
1786855765619 39
1786855765774 38
1786855765893 38
1786855765975 39
1786855766095 38
1786855766235 37
1786855766317 38
1786855766436 37
1786855766588 37
1786855766740 38
1786855766892 39
1786855767047 181
1786855767343 37
1786855767425 37
1786855767506 37
1786855767593 39
1786855767715 39
1786855767871 38
1786855767990 39
1786855768073 40
1786855768201 38
1786855768355 38
1786855768510 38
1786855768664 38
1786855768782 37
1786855768865 38
1786855768985 37
1786855769140 38
1786855769293 38
1786855769447 39
1786855769603 38
1786855769722 39
1786855769807 39
1786855769928 189
1786855770231 38
1786855770385 42
1786855770544 39
1786855770699 38
1786855770818 39
1786855770902 43
1786855771027 36
1786855771181 39
1786855771335 38
1786855771494 38
1786855771613 38
1786855771696 37
1786855771817 38
1786855771973 40
1786855772129 38
1786855772282 37
1786855772437 38
1786855772578 37
1786855772660 38
1786855772744 38
1786855772828 38
1786855772949 181
1786855773177 38
1786855773260 39
1786855773343 40
1786855773465 38
1786855773620 38
1786855773775 38
1786855773929 37
1786855774049 38
1786855774135 38
1786855774254 38
1786855774411 39
1786855774566 38
1786855774721 37
1786855774876 40
1786855774999 39
1786855775083 36
1786855775201 38
1786855775355 38
1786855775508 38
1786855775663 38
1786855775817 38
1786855775971 181
1786855776230 39
1786855776314 37
1786855776432 37
1786855776584 37
1786855776737 38
1786855776892 38
1786855777046 39
1786855777201 38
1786855777321 39
1786855777407 41
1786855777528 39
1786855777690 41
1786855777849 39
1786855777969 39
1786855778055 38
1786855778177 40
1786855778337 39
1786855778493 37
1786855778612 38
1786855778697 39
1786855778818 40
1786855778940 181
1786855779165 38
1786855779309 37
1786855779462 39
1786855779616 37
1786855779699 37
1786855779783 38
1786855779940 40
1786855780099 39
1786855780221 40
1786855780306 41
1786855780430 39
1786855780586 39
1786855780745 39
1786855780903 38
1786855781026 39
1786855781183 38
1786855781339 38
1786855781494 39
1786855781649 38
1786855781802 39
1786855781922 184
1786855782150 39
1786855782271 39
1786855782427 38
1786855782581 39
1786855782735 40
1786855782893 38
1786855783012 39
1786855783096 39
1786855783217 40
1786855783374 39
1786855783529 39
1786855783682 37
1786855783836 38
1786855783991 39
1786855784146 39
1786855784266 38
1786855784348 40
1786855784433 39
1786855784518 40
1786855784675 39
1786855784796 40
1786855784881 196
1786855785159 39
1786855785280 40
1786855785366 41
1786855785495 39
1786855785581 38
1786855785702 38
1786855785859 39
1786855786003 38
1786855786160 38
1786855786316 39
1786855786437 38
1786855786520 38
1786855786640 37
1786855786796 38
1786855786951 39
1786855787073 37
1786855787155 38
1786855787276 38
1786855787434 38
1786855787589 39
1786855787745 39
1786855787867 39
1786855787952 40
1786855788076 190
1786855788382 39
1786855788538 40
1786855788659 40
1786855788745 39
1786855788866 39
1786855789023 38
1786855789180 39
1786855789334 39
1786855789454 39
1786855789538 39
1786855789660 38
1786855789817 39
1786855789975 42
1786855790100 40
1786855790187 41
1786855790275 40
1786855790362 41
1786855790486 39
1786855790570 41
1786855790657 42
1786855790744 39
1786855790901 38
1786855791023 39
1786855791108 196
1786855791386 38
1786855791542 38
1786855791663 39
1786855791747 40
1786855791870 40
1786855792027 40
1786855792184 39
1786855792340 38
1786855792459 38
1786855792542 38
1786855792663 38
1786855792819 38
1786855792960 40
1786855793118 38
1786855793273 38
1786855793426 38
1786855793580 38
1786855793699 38
1786855793782 38
1786855793903 40
1786855794060 39
1786855794216 38
1786855794371 189
1786855794639 39
1786855794722 38
1786855794841 38
1786855794997 38
1786855795153 38
1786855795308 38
1786855795463 37
1786855795582 39
1786855795665 38
1786855795786 39
1786855795942 38
1786855796098 38
1786855796254 38
1786855796410 39
1786855796531 38
1786855796615 38
1786855796735 39
1786855796892 38
1786855797048 39
1786855797133 38
1786855797217 40
1786855797377 39
1786855797536 192
1786855797843 39
1786855797999 38
1786855798126 41
1786855798288 39
1786855798447 38
1786855798605 41
1786855798729 40
1786855798815 40
1786855798940 40
1786855799100 39
1786855799223 39
1786855799307 38
1786855799430 39
1786855799589 39
1786855799734 39
1786855799893 39
1786855800016 40
1786855800103 40
1786855800227 41
1786855800389 40
1786855800512 41
1786855800598 198
1786855800879 38
1786855801036 38
1786855801194 40
1786855801353 39
1786855801475 40
1786855801561 41
1786855801686 41
1786855801848 39
1786855802006 40
1786855802130 40
1786855802215 41
1786855802302 40
1786855802388 40
1786855802511 38
1786855802596 41
1786855802683 40
1786855802770 40
1786855802894 39
1786855802980 41
1786855803104 40
1786855803263 40
1786855803422 39
1786855803545 39
1786855803629 39
1786855803753 40
1786855803913 200
1786855804231 38
1786855804350 42
1786855804440 40
1786855804563 39
1786855804720 39
1786855804879 39
1786855805037 40
1786855805160 40
1786855805245 41
1786855805368 41
1786855805526 40
1786855805685 39
1786855805806 39
1786855805891 39
1786855806012 41
1786855806171 40
1786855806329 40
1786855806452 39
1786855806538 39
1786855806660 45
1786855806827 40
1786855806976 38
1786855807099 38
1786855807184 198
1786855807464 39
1786855807621 38
1786855807780 38
1786855807902 40
1786855807987 39
1786855808111 40
1786855808270 38
1786855808428 38
1786855808552 39
1786855808637 39
1786855808722 40
1786855808808 42
1786855808933 39
1786855809018 40
1786855809142 43
1786855809304 39
1786855809389 41
1786855809475 38
1786855809560 39
1786855809682 40
1786855809840 39
1786855809999 39
1786855810120 40
1786855810208 38
1786855810330 40
1786855810488 199
1786855810804 39
1786855810926 40
1786855811011 39
1786855811134 41
1786855811294 41
1786855811454 39
1786855811575 40
1786855811660 40
1786855811782 39
1786855811940 40
1786855812098 39
1786855812221 39
1786855812305 39
1786855812427 39
1786855812586 38
1786855812742 39
1786855812899 39
1786855813021 39
1786855813106 39
1786855813228 40
1786855813387 38
1786855813544 39
1786855813666 40
1786855813752 197
1786855814031 40
1786855814189 39
1786855814311 39
1786855814395 40
1786855814541 38
1786855814624 38
1786855814709 38
1786855814793 39
1786855814914 39
1786855815074 44
1786855815205 39
1786855815366 38
1786855815525 39
1786855815683 38
1786855815804 38
1786855815890 39
1786855816012 39
1786855816171 40
1786855816332 39
1786855816454 39
1786855816540 40
1786855816664 40
1786855816824 39
1786855816982 200
1786855817265 40
1786855817350 40
1786855817473 40
1786855817633 38
1786855817754 40
1786855817840 40
1786855817963 40
1786855818125 39
1786855818283 39
1786855818405 39
1786855818489 39
1786855818611 41
1786855818772 38
1786855818929 39
1786855819051 40
1786855819137 40
1786855819262 40
1786855819421 40
1786855819543 39
1786855819627 40
1786855819751 40
1786855819911 39
1786855820071 39
1786855820155 40
1786855820241 199
1786855820522 39
1786855820608 40
1786855820769 40
1786855820890 39
1786855820975 39
1786855821096 40
1786855821256 38
1786855821415 40
1786855821539 40
1786855821626 40
1786855821750 40
1786855821909 41
1786855822057 38
1786855822179 39
1786855822264 39
1786855822387 39
1786855822546 38
1786855822704 39
1786855822864 40
1786855822986 39
1786855823072 40
1786855823195 40
1786855823357 39
1786855823480 199
1786855823724 37
1786855823845 41
1786855824006 40
1786855824164 39
1786855824287 40
1786855824372 39
1786855824495 41
1786855824655 38
1786855824777 38
1786855824862 39
1786855824985 39
1786855825145 38
1786855825303 40
1786855825425 38
1786855825510 39
1786855825634 40
1786855825794 40
1786855825918 41
1786855826005 41
1786855826129 39
1786855826288 40
1786855826449 40
1786855826609 41
1786855826735 205
1786855826984 40
1786855827071 40
1786855827157 40
1786855827282 41
1786855827368 39
1786855827492 41
1786855827655 40
1786855827778 40
1786855827863 40
1786855827987 38
1786855828148 39
1786855828271 38
1786855828356 39
1786855828479 39
1786855828639 45
1786855828770 40
1786855828858 39
1786855828981 40
1786855829141 39
1786855829268 40
1786855829429 41
1786855829590 39
1786855829738 39
1786855829899 41
1786855830024 42
1786855830112 206
1786855830402 39
1786855830561 41
1786855830685 41
1786855830772 39
1786855830895 41
1786855831059 41
1786855831189 39
1786855831275 40
1786855831399 38
1786855831559 38
1786855831682 39
1786855831768 40
1786855831892 39
1786855832053 39
1786855832213 38
1786855832298 39
1786855832384 41
1786855832511 40
1786855832597 39
1786855832722 40
1786855832846 38
1786855832932 40
1786855833058 39
1786855833144 46
1786855833276 41
1786855833403 41
1786855833491 211
1786855833786 41
1786855833949 40
1786855834073 40
1786855834158 40
1786855834284 40
1786855834408 40
1786855834495 39
1786855834619 40
1786855834782 40
1786855834906 40
1786855835072 42
1786855835236 40
1786855835360 39
1786855835521 40
1786855835683 40
1786855835809 40
1786855835895 39
1786855836021 40
1786855836182 43
1786855836314 41
1786855836477 40
1786855836638 39
1786855836762 39
1786855836850 39
1786855836975 207
1786855837301 39
1786855837426 39
1786855837586 41
1786855837737 41
1786855837899 40
1786855838025 39
1786855838111 40
1786855838236 41
1786855838398 39
1786855838521 40
1786855838609 40
1786855838734 39
1786855838896 40
1786855839020 42
1786855839108 40
1786855839234 40
1786855839359 40
1786855839446 39
1786855839532 41
1786855839620 42
1786855839747 41
1786855839909 39
1786855840073 39
1786855840198 41
1786855840360 206
1786855840688 41
1786855840813 41
1786855840900 41
1786855841026 41
1786855841189 40
1786855841313 41
1786855841400 41
1786855841526 45
1786855841658 39
1786855841744 42
1786855841873 41
1786855841998 40
1786855842084 40
1786855842209 41
1786855842370 39
1786855842493 39
1786855842578 41
1786855842705 40
1786855842867 41
1786855842993 41
1786855843081 40
1786855843206 40
1786855843330 42
1786855843418 39
1786855843541 40
1786855843703 40
1786855843827 208
1786855844080 41
1786855844205 42
1786855844375 41
1786855844503 40
1786855844628 41
1786855844715 40
1786855844841 41
1786855844928 41
1786855845054 39
1786855845216 40
1786855845302 41
1786855845389 40
1786855845551 40
1786855845677 41
1786855845765 41
1786855845877 39
1786855846038 39
1786855846199 39
1786855846360 40
1786855846485 40
1786855846571 39
1786855846694 41
1786855846820 40
1786855846907 39
1786855847032 40
1786855847192 208
1786855847484 39
1786855847569 40
1786855847695 39
1786855847857 40
1786855847981 40
1786855848068 40
1786855848193 41
1786855848319 40
1786855848406 41
1786855848533 41
1786855848694 40
1786855848820 40
1786855848907 41
1786855849034 41
1786855849160 41
1786855849249 42
1786855849375 41
1786855849537 42
1786855849663 41
1786855849750 40
1786855849876 42
1786855850040 42
1786855850165 40
1786855850251 40
1786855850377 40
1786855850464 40
1786855850551 217
1786855850814 39
1786855850937 39
1786855851098 39
1786855851223 40
1786855851310 39
1786855851434 41
1786855851596 39
1786855851720 40
1786855851883 40
1786855852046 40
1786855852170 39
1786855852256 40
1786855852382 40
1786855852544 40
1786855852669 40
1786855852755 40
1786855852882 40
1786855853008 41
1786855853095 41
1786855853222 40
1786855853384 40
1786855853509 40
1786855853596 39
1786855853720 40
1786855853845 40
1786855853932 41
1786855854058 40
1786855854207 214
1786855854539 40
1786855854663 40
1786855854750 40
1786855854876 40
1786855855039 42
1786855855165 40
1786855855328 41
1786855855490 41
1786855855616 41
1786855855703 40
1786855855828 40
1786855855989 40
1786855856115 40
1786855856277 41
1786855856440 40
1786855856565 39
1786855856651 39
1786855856737 40
1786855856825 40
1786855856952 41
1786855857039 41
1786855857165 41
1786855857327 41
1786855857415 40
1786855857502 41
1786855857665 42
1786855857791 216
1786855858054 41
1786855858180 42
1786855858345 41
1786855858471 40
1786855858558 41
1786855858683 41
1786855858810 40
1786855858897 43
1786855859025 42
1786855859190 41
1786855859316 40
1786855859404 41
1786855859532 41
1786855859659 41
1786855859746 42
1786855859874 41
1786855860000 40
1786855860088 41
1786855860215 41
1786855860381 41
1786855860507 41
1786855860671 41
1786855860835 41
1786855860960 41
1786855861048 42
1786855861175 43
1786855861340 215
1786855861640 41
1786855861803 39
1786855861964 40
1786855862091 42
1786855862180 40
1786855862306 41
1786855862433 42
1786855862522 41
1786855862654 41
1786855862768 40
1786855862855 41
1786855862943 41
1786855863032 40
1786855863195 40
1786855863320 41
1786855863409 39
1786855863534 40
1786855863660 41
1786855863748 41
1786855863873 41
1786855864037 40
1786855864162 42
1786855864328 40
1786855864490 40
1786855864615 41
1786855864703 40
1786855864830 213
1786855865127 40
1786855865213 40
1786855865339 41
1786855865503 41
1786855865629 41
1786855865793 41
1786855865956 40
1786855866082 39
1786855866169 41
1786855866296 41
1786855866422 41
1786855866509 40
1786855866633 40
1786855866795 41
1786855866920 40
1786855867006 42
1786855867134 40
1786855867297 40
1786855867422 40
1786855867586 40
1786855867749 40
1786855867874 42
1786855867963 40
1786855868090 41
1786855868216 40
1786855868303 216
1786855868603 41
1786855868768 41
1786855868895 42
1786855868984 40
1786855869110 42
1786855869236 41
1786855869325 42
1786855869452 41
1786855869617 41
1786855869705 41
1786855869793 41
1786855869958 42
1786855870086 42
1786855870175 41
1786855870303 43
1786855870432 41
1786855870520 41
1786855870647 41
1786855870774 42
1786855870863 41
1786855870990 41
1786855871119 42
1786855871208 40
1786855871321 42
1786855871486 41
1786855871651 40
1786855871777 40
1786855871940 216
1786855872278 40
1786855872403 40
1786855872490 40
1786855872616 42
1786855872751 43
1786855872842 43
1786855872972 42
1786855873103 41
1786855873271 43
1786855873400 41
1786855873488 42
1786855873617 41
1786855873745 41
1786855873835 41
1786855873963 40
1786855874091 41
1786855874180 41
1786855874308 41
1786855874474 40
1786855874601 40
1786855874767 42
1786855874855 40
1786855874941 42
1786855875032 43
1786855875123 40
1786855875211 41
1786855875339 41
1786855875504 223
1786855875850 42
1786855875978 41
1786855876146 41
1786855876311 41
1786855876438 41
1786855876527 41
1786855876654 42
1786855876782 41
1786855876870 40
1786855876997 41
1786855877125 41
1786855877213 41
1786855877340 40
1786855877504 41
1786855877631 41
1786855877797 41
1786855877961 40
1786855878088 41
1786855878254 40
1786855878417 42
1786855878544 41
1786855878709 41
1786855878873 41
1786855879001 40
1786855879165 226
1786855879513 40
1786855879639 41
1786855879727 41
1786855879854 41
1786855880008 40
1786855880135 41
1786855880223 41
1786855880351 41
1786855880478 41
1786855880565 40
1786855880692 41
1786855880859 42
1786855880947 41
1786855881035 41
1786855881200 41
1786855881289 40
1786855881377 41
1786855881543 40
1786855881670 42
1786855881759 41
1786855881889 41
1786855882017 43
1786855882184 41
1786855882350 42
1786855882479 41
1786855882644 42
1786855882810 41
1786855882937 225
1786855883284 41
1786855883448 41
1786855883576 42
1786855883742 42
1786855883908 43
1786855884045 44
1786855884216 41
1786855884347 41
1786855884515 40
1786855884643 42
1786855884812 41
1786855884977 40
1786855885104 42
1786855885272 42
1786855885400 40
1786855885487 41
1786855885614 42
1786855885781 41
1786855885908 41
1786855886073 42
1786855886201 41
1786855886289 43
1786855886420 41
1786855886585 41
1786855886674 226
1786855886947 41
1786855887074 41
1786855887164 42
1786855887254 41
1786855887343 42
1786855887473 41
1786855887562 42
1786855887699 43
1786855887831 42
1786855888001 44
1786855888132 41
1786855888222 42
1786855888354 42
1786855888484 42
1786855888639 41
1786855888807 41
1786855888936 41
1786855889026 42
1786855889156 41
1786855889285 42
1786855889453 41
1786855889584 40
1786855889673 41
1786855889803 41
1786855889932 42
1786855890100 45
1786855890235 41
1786855890324 41
1786855890452 227
1786855890763 41
1786855890852 42
1786855890982 40
1786855891147 41
1786855891276 41
1786855891443 41
1786855891570 42
1786855891659 42
1786855891787 42
1786855891915 42
1786855892005 41
1786855892134 42
1786855892262 42
1786855892351 43
1786855892482 41
1786855892610 41
1786855892777 40
1786855892943 41
1786855893032 41
1786855893120 42
1786855893287 41
1786855893415 42
1786855893583 42
1786855893712 42
1786855893802 42
1786855893931 41
1786855894060 40
1786855894148 41
1786855894277 225
1786855894588 41
1786855894682 45
1786855894817 42
1786855894950 44
1786855895125 44
1786855895258 42
1786855895428 44
1786855895559 42
1786855895650 41
1786855895780 44
1786855895912 41
1786855896082 43
1786855896214 43
1786855896385 42
1786855896516 42
1786855896606 43
1786855896737 43
1786855896868 42
1786855897037 42
1786855897166 42
1786855897255 42
1786855897384 41
1786855897513 42
1786855897629 41
1786855897720 42
1786855897888 42
1786855898017 225
1786855898365 41
1786855898531 42
1786855898660 41
1786855898828 42
1786855898918 41
1786855899008 42
1786855899098 43
1786855899189 43
1786855899279 41
1786855899409 42
1786855899577 41
1786855899705 40
1786855899872 42
1786855900001 41
1786855900089 43
1786855900220 42
1786855900309 43
1786855900405 44
1786855900539 40
1786855900629 42
1786855900761 42
1786855900894 43
1786855901064 42
1786855901195 42
1786855901286 42
1786855901416 42
1786855901548 42
1786855901717 234
1786855902038 42
1786855902129 42
1786855902260 47
1786855902400 43
1786855902573 45
1786855902707 43
1786855902875 43
1786855903006 42
1786855903096 41
1786855903225 42
1786855903355 42
1786855903444 42
1786855903574 41
1786855903703 42
1786855903872 42
1786855904001 43
1786855904091 41
1786855904222 42
1786855904353 42
1786855904521 43
1786855904651 43
1786855904743 42
1786855904874 41
1786855905002 44
1786855905094 42
1786855905223 42
1786855905354 41
1786855905444 41
1786855905534 41
1786855905625 233
1786855905944 41
1786855906112 42
1786855906241 41
1786855906330 42
1786855906460 43
1786855906590 42
1786855906680 41
1786855906810 42
1786855906940 43
1786855907057 42
1786855907146 43
1786855907314 41
1786855907444 42
1786855907613 41
1786855907741 43
1786855907831 42
1786855907960 43
1786855908091 42
1786855908181 42
1786855908310 42
1786855908441 43
1786855908532 42
1786855908662 43
1786855908792 42
1786855908961 41
1786855909091 43
1786855909182 43
1786855909313 44
1786855909444 42
1786855909534 233
1786855909854 42
1786855909983 42
1786855910072 43
1786855910203 41
1786855910332 42
1786855910422 41
1786855910551 41
1786855910680 43
1786855910850 43
1786855910981 43
1786855911072 42
1786855911203 42
1786855911294 43
1786855911385 42
1786855911556 43
1786855911686 44
1786855911778 43
1786855911909 42
1786855912038 43
1786855912130 42
1786855912261 43
1786855912392 44
1786855912484 43
1786855912614 42
1786855912746 42
1786855912915 42
1786855913045 43
1786855913136 43
1786855913266 43
1786855913398 237
1786855913682 43
1786855913813 43
1786855913943 42
1786855914034 42
1786855914165 42
1786855914296 42
1786855914466 42
1786855914595 43
1786855914686 43
1786855914818 43
1786855914949 42
1786855915119 41
1786855915249 43
1786855915339 43
1786855915471 43
1786855915602 43
1786855915694 41
1786855915827 43
1786855915960 44
1786855916131 42
1786855916262 43
1786855916434 43
1786855916591 42
1786855916721 42
1786855916891 40
1786855917021 42
1786855917111 42
1786855917241 41
1786855917370 236
1786855917654 42
1786855917745 42
1786855917835 42
1786855917967 43
1786855918136 42
1786855918268 40
1786855918397 43
1786855918487 42
1786855918618 43
1786855918788 42
1786855918920 42
1786855919090 42
1786855919220 41
1786855919388 43
1786855919518 43
1786855919610 42
1786855919741 43
1786855919872 43
1786855919963 42
1786855920094 42
1786855920225 42
1786855920402 43
1786855920534 42
1786855920703 42
1786855920833 42
1786855920925 42
1786855921057 42
1786855921187 41
1786855921277 236
1786855921600 43
1786855921731 41
1786855921900 42
1786855922031 43
1786855922121 42
1786855922253 41
1786855922384 42
1786855922554 43
1786855922686 42
1786855922777 42
1786855922907 42
1786855923038 42
1786855923209 42
1786855923340 42
1786855923431 42
1786855923521 42
1786855923611 43
1786855923702 43
1786855923795 42
1786855923927 43
1786855924018 42
1786855924150 42
1786855924281 43
1786855924452 41
1786855924582 42
1786855924673 40
1786855924802 43
1786855924933 42
1786855925102 43
1786855925234 236
1786855925595 43
1786855925725 43
1786855925816 42
1786855925947 42
1786855926078 42
1786855926168 42
1786855926300 43
1786855926459 43
1786855926591 43
1786855926683 42
1786855926816 41
1786855926947 42
1786855927117 42
1786855927247 43
1786855927339 42
1786855927471 42
1786855927603 42
1786855927774 42
1786855927904 43
1786855928075 41
1786855928206 42
1786855928297 42
1786855928429 42
1786855928560 42
1786855928732 43
1786855928864 42
1786855929036 42
1786855929166 245
1786855929459 42
1786855929590 45
1786855929684 44
1786855929773 45
1786855929870 47
1786855930381 47
1786855930481 47
1786855930581 48
1786855931078 48
1786855931179 47
1786855931327 49
1786855931435 50
1786855931543 267
1786855932002 47
1786855932164 48
1786855932271 50
1786855932587 48
1786855932696 269
1786855933234 50
1786855933346 50
1786855933617 59
1786855933744 278
1786855934124 50
1786855934290 51
1786855934458 50
1786855934678 50
1786855934789 52
1786855934901 51
1786855935014 284
1786855935459 50
1786855935630 51
1786855935854 51
1786855936032 280
1786855936478 51
1786855936648 51
1786855936764 52
1786855936932 52
1786855937105 52
1786855937222 283
1786855937625 57
1786855937745 51
1786855937861 51
1786855937977 52
1786855938157 54
1786855938332 52
1786855938450 285
1786855938890 51
1786855939005 52
1786855939120 52
1786855939236 52
1786855939405 52
1786855939521 53
1786855939639 52
1786855939756 285
1786855940162 53
1786855940279 52
1786855940396 54
1786855940515 54
1786855940688 53
1786855940806 52
1786855940923 52
1786855941039 53
1786855941198 290
1786855941551 52
1786855941667 53
1786855941785 54
1786855941970 58
1786855942097 55
1786855942218 53
1786855942455 289
1786855942809 51
1786855942925 53
1786855943158 53
1786855943274 52
1786855943391 52
1786855943570 52
1786855943688 54
1786855943851 292
1786855944209 51
1786855944326 53
1786855944446 51
1786855944564 53
1786855944683 52
1786855944858 51
1786855944977 52
1786855945098 55
1786855945220 54
1786855945340 298
1786855945753 53
1786855945872 53
1786855945990 58
1786855946114 54
1786855946285 54
1786855946452 53
1786855946569 52
1786855946741 296
1786855947106 55
1786855947228 52
1786855947456 53
1786855947578 54
1786855947700 54
1786855947941 57
1786855948075 300
1786855948451 61
1786855948653 60
1786855948788 60
1786855948980 59
1786855949115 58
1786855949245 58
1786855949380 62
1786855949654 304
1786855950031 60
1786855950168 60
1786855950373 60
1786855950510 60
1786855950647 59
1786855950850 60
1786855950987 309
1786855951373 61
1786855951574 55
1786855951747 55
1786855951930 54
1786855952052 55
1786855952175 55
1786855952296 54
1786855952472 305
1786855952843 56
1786855952966 56
1786855953087 56
1786855953280 62
1786855953420 63
1786855953557 62
1786855953762 60
1786855953891 310
1786855954314 56
1786855954446 62
1786855954580 62
1786855954771 62
1786855954911 62
1786855955047 60
1786855955181 58
1786855955304 55
1786855955430 55
1786855955554 312
1786855955934 53
1786855956115 57
1786855956239 56
1786855956361 56
1786855956483 53
1786855956602 56
1786855956725 54
1786855956847 55
1786855956970 53
1786855957137 313
1786855957521 54
1786855957644 57
1786855957768 54
1786855957892 54
1786855958015 55
1786855958136 55
1786855958260 55
1786855958440 54
1786855958564 55
1786855958686 54
1786855958810 314
1786855959192 57
1786855959316 55
1786855959491 56
1786855959612 55
1786855959733 56
1786855960028 57
1786855960186 56
1786855960304 55
1786855960420 319
1786855960800 54
1786855960917 55
1786855961033 55
1786855961151 56
1786855961270 55
1786855961388 56
1786855961506 63
1786855961631 58
1786855961752 320
1786855962133 55
1786855962249 55
1786855962367 56
1786855962485 55
1786855962602 56
1786855962721 62
1786855962885 55
1786855963002 56
1786855963120 320
1786855963501 56
1786855963621 57
1786855963741 58
1786855963861 56
1786855963979 57
1786855964098 56
1786855964216 58
1786855964335 56
1786855964454 56
1786855964573 327
1786855964961 58
1786855965083 56
1786855965203 56
1786855965322 55
1786855965440 55
1786855965597 58
1786855965719 55
1786855965836 55
1786855965953 336
1786855966350 56
1786855966467 54
1786855966584 55
1786855966700 57
1786855966821 57
1786855966941 55
1786855967060 57
1786855967180 55
1786855967297 57
1786855967416 328
1786855967805 55
1786855967920 55
1786855968038 56
1786855968157 57
1786855968317 57
1786855968437 57
1786855968557 56
1786855968674 55
1786855968792 331
1786855969185 56
1786855969302 55
1786855969419 55
1786855969537 56
1786855969656 55
1786855969774 56
1786855969894 54
1786855970013 58
1786855970136 57
1786855970255 334
1786855970650 57
1786855970771 56
1786855970890 56
1786855971008 55
1786855971168 57
1786855971287 55
1786855971406 55
1786855971525 57
1786855971644 334
1786855972039 56
1786855972157 59
1786855972282 57
1786855972402 56
1786855972522 55
1786855972640 56
1786855972760 56
1786855972880 58
1786855973000 57
1786855973120 341
1786855973523 56
1786855973641 57
1786855973761 56
1786855973881 57
1786855974041 57
1786855974162 62
1786855974290 58
1786855974412 57
1786855974532 350
1786855974946 57
1786855975066 59
1786855975189 59
1786855975311 58
1786855975434 58
1786855975555 57
1786855975676 57
1786855975797 56
1786855975918 59
1786855976044 349
1786855976456 56
1786855976575 57
1786855976695 57
1786855976815 57
1786855976978 56
1786855977098 58
1786855977220 57
1786855977341 58
1786855977465 345
1786855977873 58
1786855977994 57
1786855978114 56
1786855978234 56
1786855978356 57
1786855978477 57
1786855978598 57
1786855978719 58
1786855978842 57
1786855978963 351
1786855979377 58
1786855979498 57
1786855979618 56
1786855979739 57
1786855979903 58
1786855980025 58
1786855980149 58
1786855980275 60
1786855980400 59
1786855980522 355
1786855980941 57
1786855981061 57
1786855981182 57
1786855981304 57
1786855981426 58
1786855981549 58
1786855981671 58
1786855981794 58
1786855981916 58
1786855982039 58
1786855982163 363
1786855982589 58
1786855982712 59
1786855982880 57
1786855983002 58
1786855983125 58
1786855983247 58
1786855983369 57
1786855983492 58
1786855983615 58
1786855983738 364
1786855984165 58
1786855984286 59
1786855984410 58
1786855984533 58
1786855984657 58
1786855984780 58
1786855984902 58
1786855985024 59
1786855985151 60
1786855985275 60
1786855985400 369
1786855985832 58
1786855985998 59
1786855986121 62
1786855986250 58
1786855986372 58
1786855986506 377
1786855986966 60
1786855987109 381
1786855987623 62
1786855987780 63
1786855987937 395
1786855988427 63
1786856009266 395
1786856009781 68
1786856009971 69
1786856028883 391
1786856033419 65
1786856041697 391
1786856042254 69
1786856042919 71
1786856048141 71
1786856048850 406
1786856049335 70
1786856064468 400
1786856065121 71
1786856065281 70
1786856065441 72
1786856065677 70
1786856066070 70
1786856066229 69
1786856066387 71
1786856066548 69
1786856066869 68
1786856067111 69
1786856067434 71
1786856067595 72
1786856067837 71
1786856068714 71
1786856082432 414
1786856083011 71
1786856083171 70
1786856083328 72
1786856083654 70
1786856083820 69
1786856084325 69
1786856084489 70
1786856085158 70
1786856085406 70
1786856085735 70
1786856085900 69
1786856086067 70
1786856086234 70
1786856099420 403
1786856099919 72
1786856100531 72
1786856100699 70
1786856101130 70
1786856101635 71
1786856101881 69
1786856102039 70
1786856102200 70
1786856102610 70
1786856102772 70
1786856103853 69
1786856104100 69
1786856104606 69
1786856104854 69
1786856120930 403
1786856136163 403
1786856136654 70
1786856137132 71
1786856137539 69
1786856137861 62
1786856138007 69
1786856138325 71
1786856138490 70
1786856138816 68
1786856139733 69
1786856139980 61
1786856140125 71
1786856140873 69
1786856152217 369
1786856153069 68
1786856153868 68
1786856154181 68
1786856154422 70
1786856154817 68
1786856155217 69
1786856155457 70
1786856156487 61
1786856158266 71
1786856158575 402
1786856159444 69
1786856159604 67
1786856169709 412
1786856170208 71
1786856170365 70
1786856170520 70
1786856170991 70
1786856171999 71
1786856172312 70
1786856172861 71
1786856173096 72
1786856173337 71
1786856173969 63
1786856174987 71
1786856175790 70
1786856176189 70
1786856176748 411
1786856177326 70
1786856193537 410
1786856194012 64
1786856194200 68
1786856194345 68
1786856194489 69
1786856194637 418
1786856195132 70
1786856195282 69
1786856195430 68
1786856195576 70
1786856195724 69
1786856195870 69
1786856196018 422
1786856196518 68
1786856196665 69
1786856196870 69
1786856197016 69
1786856197164 70
1786856197313 431
1786856197822 69
1786856197970 70
1786856198120 70
1786856198270 70
1786856198418 70
1786856198569 69
1786856198717 428
1786856199225 65
1786856199362 70
1786856199570 71
1786856199721 72
1786856199871 70
1786856200021 444
1786856200544 71
1786856200695 69
1786856200845 70
1786856200996 70
1786856201145 72
1786856201297 72
1786856201448 439
1786856201966 69
1786856202116 71
1786856202322 71
1786856202470 73
1786856202619 71
1786856202766 71
1786856202915 71
1786856205700 77
1786856206031 75
1786856206185 70
1786856206334 61
1786856206467 59
1786856206600 60
1786856206795 60
1786856206991 60
1786856209222 398
1786856209756 60
1786856209890 59
1786856210022 59
1786856210154 58
1786856210346 59
1786856210478 60
1786856210859 58
1786856210990 59
1786856211183 59
1786856211315 60
1786856212804 60
1786856213060 58
1786856213191 59
1786856213696 58
1786856213828 58
1786856214021 59
1786856214153 59
1786856214284 59
1786856214414 58
1786856214792 59
1786856214923 58
1786856215238 59
1786856215492 58
1786856218284 397
1786856218764 74
1786856218925 74
1786856219087 76
1786856219241 72
1786856219401 73
1786856219563 77
1786856219801 73
1786856219955 72
1786856220186 63
1786856220335 76
1786856220579 67
1786856220731 463
1786856221285 68
1786856221437 75
1786856221602 76
1786856221769 76
1786856221934 76
1786856222099 74
1786856222252 71
1786856222413 74
1786856222567 61
1786856222713 70
1786856224004 78
1786856224173 75
1786856224338 77
1786856224494 62
1786856224640 76
1786856224797 71
1786856224959 77
1786856225127 79
1786856225297 76
1786856225463 81
1786856225634 78
1786856225803 69
1786856225955 69
1786856226109 77
1786856226276 78
1786856226446 76
1786856226602 72
1786856226754 71
1786856226906 72
1786856227069 69
1786856227222 448
1786856227759 78
1786856227917 76
1786856228085 78
1786856228244 71
1786856228406 69
1786856228559 79
1786856228727 77
1786856228895 77
1786856229062 76
1786856229230 68
1786856229381 68
1786856229533 76
1786856229698 68
1786856229849 77
1786856230015 68
1786856230168 77
1786856230325 71
1786856230476 71
1786856230637 75
1786856230804 76
1786856230960 63
1786856231107 68
1786856231259 68
1786856231411 75
1786856231567 74
1786856231723 64
1786856231872 79
1786856232041 77
1786856232209 78
1786856232378 417
1786856232882 80
1786856233054 80
1786856233225 79
1786856233475 77
1786856233645 79
1786856233817 79
1786856233987 79
1786856234213 72
1786856234376 78
1786856234544 69
1786856234697 77
1786856234854 73
1786856235018 76
1786856235185 68
1786856235328 63
1786856235476 80
1786856235637 64
1786856235787 70
1786856235943 72
1786856236101 80
1786856236273 79
1786856236444 80
1786856236615 80
1786856236785 76
1786856236953 78
1786856237121 70
1786856237278 72
1786856237435 467
1786856237994 78
1786856238154 75
1786856238323 80
1786856238496 81
1786856238668 78
1786856238838 78
1786856239008 79
1786856239169 76
1786856239338 81
1786856239501 63
1786856239639 72
1786856239792 73
1786856239956 79
1786856240127 69
1786856240280 80
1786856240441 63
1786856240588 79
1786856240747 75
1786856240914 78
1786856241084 78
1786856241255 79
1786856241425 78
1786856241583 71
1786856241746 78
1786856241915 69
1786856242070 80
1786856242240 80
1786856242409 78
1786856242578 79
1786856242747 472
1786856243308 82
1786856243480 80
1786856243650 80
1786856243820 81
1786856243991 78
1786856244160 79
1786856244330 79
1786856244499 80
1786856244736 82
1786856244908 72
1786856245064 80
1786856245234 81
1786856245406 81
1786856245577 82
1786856245748 81
1786856245918 79
1786856246088 79
1786856246258 81
1786856246431 82
1786856246610 81
1786856246791 81
1786856246968 82
1786856247149 82
1786856247334 84
1786856247519 81
1786856247704 81
1786856247988 81
1786856248173 80
1786856248358 79
1786856248541 80
1786856248811 473
1786856263355 478
1786856264005 79
1786856264176 79
1786856264346 80
1786856278272 476
1786856279003 81
1786856300592 483
1786856301163 80
1786856301330 74
1786856301486 82
1786856301658 82
1786856301829 81
1786856302001 81
1786856302172 79
1786856302339 78
1786856302508 82
1786856302679 82
1786856302851 82
1786856303023 82
1786856303194 80
1786856303365 83
1786856303536 82
1786856303707 81
1786856303877 80
1786856304047 80
1786856304217 80
1786856304386 82
1786856304558 79
1786856304727 81
1786856306823 80
1786856306993 81
1786856307163 83
1786856307336 81
1786856307506 80
1786856307676 82
1786856307847 82
1786856308019 81
1786856308188 80
1786856308359 83
1786856308531 82
1786856308703 434
1786856309220 82
1786856309392 73
1786856309549 82
1786856309721 81
1786856309975 81
1786856310229 70
1786856310383 80
1786856310554 82
1786856311298 82
1786856311717 83
1786856312227 80
1786856312897 81
1786856315126 80
1786856315544 81
1786856315880 80
1786856316216 479
1786856353954 465
1786856354826 79
1786856354987 74
1786856355151 80
1786856355322 70
1786856355477 78
1786856355638 64
1786856355857 83
1786856356113 71
1786856356261 63
1786856356413 71
1786856356573 81
1786856356748 80
1786856358183 83
1786856358360 81
1786856358536 81
1786856359972 72
1786856361136 79
1786856363423 471
1786856364387 79
1786856364554 79
1786856364723 80
1786856364892 79
1786856366647 79
1786856366815 79
1786856390301 469
1786856393157 80
1786856396498 79
1786856396665 79
1786856397148 79
1786856397316 78
1786856405219 470
1786856412746 80
1786856413702 469
1786856422905 489
1786856423486 81
1786856423743 82
1786856423919 82
1786856436847 484
1786856438158 82
1786856438413 82
1786856442352 81
1786856443102 81
1786856443275 81
1786856446144 484
1786856468865 473
1786856469430 84
1786856474234 81
1786856480423 484
1786856483690 82
1786856483864 82
1786856488864 476
1786856490150 81
1786856499575 482
1786856505705 82
1786856505877 81
1786856510077 484
1786856510651 81
1786856510822 80
1786856521775 491
1786856527395 80
1786856527884 81
1786856528944 81
1786856529274 80
1786856529604 81
1786856529775 80
1786856534719 473
1786856540286 80
1786856550247 485
1786856570676 469
1786856571852 74
1786856580251 483
1786856610008 480
1786856612563 71
1786856612705 73
1786856616710 74
1786856621106 473
1786856622871 81
1786856623041 78
1786856623200 75
1786856623356 74
1786856623511 75
1786856623658 493
1786856624310 83
1786856624483 81
1786856624655 83
1786856624831 83
1786856625004 81
1786856625176 82
1786856625350 83
1786856625525 83
1786856625700 92
1786856625886 94
1786856626077 93
1786856626263 91
1786856627125 90
1786856627312 92
1786856627500 90
1786856627687 93
1786856627874 91
1786856628657 90
1786856628842 92
1786856629028 92
1786856629214 92
1786856629400 92
1786856630011 93
1786856630199 90
1786856630386 90
1786856630571 89
1786856630756 89
1786856630942 88
1786856631128 90
1786856631312 89
1786856631757 92
1786856631945 511
1786856632553 92
1786856632740 91
1786856632926 91
1786856633198 93
1786856633471 92
1786856633828 92
1786856634015 91
1786856634202 93
1786856634390 93
1786856634579 92
1786856634938 93
1786856635210 93
1786856635398 93
1786856635588 91
1786856635861 93
1786856636050 92
1786856636237 92
1786856636425 94
1786856636873 93
1786856637056 88
1786856637227 90
1786856638427 81
1786856638585 81
1786856638746 81
1786856640228 80
1786856641663 487
1786856644885 84
1786856645050 82
1786856645284 78
1786856656404 485
1786856678433 483
1786856701807 491
1786856703470 85
1786856704511 85
1786856705630 80
1786856706736 72
1786856707704 72
1786856707852 83
1786856708803 84
1786856708969 83
1786856709794 86
1786856709962 491
1786856711194 85
1786856719098 490
1786856720386 82
1786856721415 83
1786856722445 85
1786856723378 73
1786856724251 84
1786856724417 84
1786856725161 85
1786856725328 85
1786856726007 84
1786856726831 85
1786856753011 495
1786856754408 89
1786856761836 466
1786856762374 73
1786856772976 467
1786856773517 83
1786856775295 80
1786856780563 74
1786856780717 87
1786856782075 493
1786856783622 86
1786856784017 87
1786856784187 86
1786856788420 79
1786856788590 83
1786856788843 78
1786856789009 81
1786856789171 87
1786856789343 87
1786856789516 86
1786856789687 80
1786856789847 87
1786856790018 88
1786856790187 84
1786856790356 508
1786856791298 92
1786856791490 93
1786856791682 88
1786856791866 90
1786856792054 92
1786856792247 93
1786856792440 92
1786856792627 83
1786856792805 90
1786856792992 92
1786856793185 93
1786856794863 86
1786856795038 80
1786856795208 80
1786856795466 91
1786856795727 89
1786856796924 84
1786856797102 83
1786856797350 90
1786856798754 515
1786856799362 89
1786856799546 86
1786856799886 86
1786856942627 493
1786857029717 514
1786857030332 95
1786857030528 88
1786857030794 91
1786857030982 92
1786857031172 95
1786857031367 92
1786857031552 92
1786857031745 98
1786857031946 88
1786857032132 98
1786857032334 97
1786857032535 96
1786857032740 97
1786857032935 92
1786857033136 95
1786857033339 95
1786857033542 96
1786857033842 95
1786857034039 93
1786857321761 515
1786857464687 509
1786857469188 86
1786857469371 95
1786857470862 86
1786857471045 94
1786857471233 90
1786857471416 91
1786857472853 93
1786857473040 94
1786857473224 513
1786857613279 516
1786857990333 517
1786857991897 90
1786857992170 98
1786857992366 99
1786858140333 524
1786858144831 97
1786858145025 96
1786858145219 94
1786858145411 96
1786858145605 94
1786858146793 96
1786858146989 96
1786858147182 97
1786858147377 97
1786858147662 97
1786858148833 90
1786858149010 522
1786858149940 92
1786858295744 491
1786858673689 510
1786858819929 524
1786858824420 90
1786858824605 97
1786858824801 97
1786858824999 96
1786858825283 98
1786858826488 90
1786858826674 101
1786858826873 97
1786858827070 99
1786858827268 97
1786858828470 97
1786858828753 520
1786858829363 91
1786859014639 524
1786859396670 523
1786859546339 488
1786859550719 84
1786859550891 85
1786859551458 84
1786859552592 85
1786859552764 83
1786859552936 83
1786859553107 84
1786859554555 511
1786859555155 89
1786859555332 90
1786859706716 494
1786860087534 501
1786860088133 93
1786860089312 94
1786860089501 94
1786860220438 501
1786860225008 87
1786860225185 88
1786860226605 88
1786860226785 93
1786860226967 85
1786860227143 87
1786860228734 90
1786860228917 503
1786860229504 84
1786860376167 502
1786860757035 518
1786860884748 504
1786860889205 89
1786860889394 94
1786860889580 96
1786860891115 97
1786860891314 98
1786860891685 94
1786860891882 99
1786860893097 90
1786860893287 538
1786861044871 506
1786861423475 497
1786861425142 86
1786861554906 498
1786861559365 86
1786861559542 88
1786861559719 87
1786861561200 86
1786861561377 86
1786861561554 86
1786861561729 87
1786861563136 94
1786861563321 519
1786861563930 92
1786861564110 91
1786861711267 507
1786862089663 492
1786862218164 499
1786862220947 88
1786862222684 88
1786862222862 87
1786862223198 86
1786862224528 85
1786862224705 85
1786862224881 87
1786862225221 85
1786862226472 88
1786862226649 501
1786862227239 84
1786862379240 505
1786862764682 501
1786862895063 500
1786862899569 92
1786862899754 92
1786862901247 95
1786862901439 97
1786862901639 91
1786862901824 96
1786862903153 92
1786862903346 88
1786862903533 522
1786863052731 498
1786863435937 500
1786863563103 499
1786863567675 88
1786863567853 87
1786863568031 85
1786863569439 86
1786863569616 87
1786863569793 87
1786863569972 86
1786863570229 87
1786863571568 502
1786863572158 84
1786863718384 537
1786863719019 88
1786864100473 534
1786864252103 536
1786864256658 85
1786864256833 83
1786864257005 84
1786864257179 85
1786864258562 85
1786864258738 85
1786864258912 84
1786864259095 89
1786864260589 94
1786864260772 88
1786864260947 518
1786864261707 91
1786864261885 91
1786864262061 82
1786864262227 90
1786864262406 92
1786864262587 90
1786864262767 91
1786864262947 90
1786864263127 92
1786864263310 96
1786864263500 99
1786864435220 522
1786864436438 96
1786864436799 95
1786864438017 98
1786864438211 95
1786864438744 96
1786864439426 92
1786864444788 534
1786864445517 94
1786864446715 95
1786864446913 94
1786864448195 526
1786864451050 97
1786864451247 96
1786864451533 96
1786864461294 542
1786864462200 101
1786864462399 99
1786864462686 100
1786864462885 98
1786864463260 98
1786864463457 99
1786864463744 99
1786864463942 98
1786864464314 100
1786864464510 98
1786864464706 99
1786864465079 98
1786864465275 99
1786864465472 99
1786864465671 98
1786864466131 100
1786864466327 99
1786864466700 98
1786864466983 98
1786864467180 99
1786864467379 99
1786864467754 546
1786864468398 99
1786864468596 98
1786864468793 99
1786864468990 99
1786864469364 99
1786864469565 100
1786864469763 93
1786864469952 96
1786864470144 99
1786864470342 101
1786864470541 100
1786864470739 92
1786864471195 98
1786864471393 98
1786864471591 99
1786864471790 98
1786864472077 100
1786864472277 99
1786864472477 99
1786864472675 99
1786864473052 99
1786864473251 99
1786864473451 99
1786864473651 101
1786864473944 99
1786864474146 549
1786864474791 99
1786864475442 100
1786864475912 99
1786864476111 98
1786864476310 99
1786864476510 99
1786864476710 99
1786864476909 99
1786864477109 99
1786864477308 99
1786864478506 100
1786864478889 98
1786864487796 545
1786864488985 100
1786864489185 101
1786864489385 101
1786864489587 103
1786864489789 102
1786864490533 102
1786864490734 99
1786864490934 101
1786864491136 100
1786864491426 101
1786864491989 100
1786864492189 101
1786864492390 101
1786864492593 100
1786864492794 100
1786864493084 99
1786864493375 99
1786864493572 100
1786864493772 99
1786864493972 101
1786864494174 99
1786864494374 100
1786864494575 99
1786864494866 100
1786864495337 100
1786864495538 100
1786864495739 566
1786864496405 101
1786864496607 95
1786864496799 100
1786864497092 101
1786864497476 102
1786864497768 102
1786864497971 101
1786864498174 103
1786864498377 102
1786864498579 101
1786864498781 102
1786864498984 102
1786864499278 99
1786864499479 100
1786864499772 99
1786864499973 102
1786864500176 102
1786864500380 102
1786864500586 102
1786864500790 101
1786864501362 101
1786864501566 103
1786864501769 100
1786864501973 94
1786864502257 101
1786864502462 102
1786864502668 570
1786864503340 100
1786864503542 101
1786864504208 101
1786864504502 100
1786864504705 101
1786864504910 101
1786864505113 100
1786864505317 99
1786864505983 101
1786864506185 100
1786864506573 101
1786864506776 101
1786864506980 93
1786864508198 100
1786864508678 101
1786864508880 101
1786864515412 570
1786864517475 105
1786864517774 101
1786864517976 102
1786864518458 102
1786864518662 102
1786864518867 103
1786864519072 104
1786864519278 102
1786864519483 102
1786864519688 103
1786864520077 102
1786864520282 102
1786864520488 102
1786864520693 102
1786864520898 102
1786864521101 102
1786864521306 102
1786864521510 102
1786864521715 102
1786864521920 103
1786864522127 102
1786864522524 575
1786864523203 104
1786864523410 100
1786864523890 102
1786864524096 104
1786864524305 103
1786864524512 103
1786864524722 102
1786864524926 103
1786864525135 103
1786864525342 104
1786864526027 103
1786864526234 104
1786864526637 104
1786864526847 101
1786864527050 104
1786864527258 104
1786864527657 106
1786864527963 104
1786864528173 104
1786864528481 103
1786864528692 105
1786864528902 589
1786864529686 101
1786864529888 103
1786864530096 103
1786864530496 104
1786864530705 104
1786864530914 102
1786864531123 103
1786864531331 102
1786864531537 103
1786864531746 105
1786864531956 106
1786864532166 103
1786864532375 104
1786864532685 105
1786864532895 105
1786864533105 104
1786864533314 105
1786864533523 105
1786864533827 104
1786864534230 104
1786864534441 103
1786864534650 104
1786864534859 103
1786864535068 104
1786864535373 103
1786864535583 105
1786864535794 103
1786864536202 106
1786864536415 586
1786864537109 103
1786864537319 95
1786864537517 95
1786864537716 103
1786864538024 97
1786864538225 104
1786864538438 105
1786864538652 105
1786864539064 105
1786864539280 104
1786864539494 106
1786864539708 97
1786864539910 104
1786864540123 103
1786864540336 105
1786864540963 105
1786864541178 105
1786864541396 105
1786864541613 104
1786864541937 558
1786864542603 106
1786864543028 105
1786864543349 105
1786864543567 105
1786864543783 105
1786864544001 104
1786864544219 106
1786864544440 105
1786864545277 105
1786864545494 103
1786864545710 104
1786864545927 103
1786864546758 104
1786864546975 105
1786864547193 104
1786864547826 106
1786864548046 96
1786864548357 105
1786864548575 105
1786864548795 105
1786864549035 104
1786864549252 605
1786864550182 106
1786864550401 106
1786864550834 107
1786864551056 103
1786864551273 107
1786864551596 107
1786864551816 106
1786864552241 105
1786864552462 106
1786864552681 107
1786864552899 106
1786864553117 105
1786864553335 106
1786864553551 105
1786864553765 99
1786864553970 107
1786864554391 107
1786864554610 107
1786864554829 107
1786864555048 107
1786864555469 106
1786864555787 107
1786864556107 107
1786864556322 107
1786864556538 108
1786864556852 105
1786864557164 106
1786864557380 605
1786864558094 106
1786864558311 105
1786864558526 107
1786864558743 107
1786864558959 107
1786864559464 104
1786864559678 107
1786864559895 107
1786864560113 106
1786864560328 105
1786864560543 104
1786864560751 105
1786864560966 105
1786864561181 106
1786864561397 106
1786864561613 105
1786864561829 106
1786864562045 105
1786864562261 108
1786864562477 106
1786864562694 107
1786864562910 107
1786864563227 106
1786864563443 108
1786864563861 106
1786864564077 107
1786864564393 106
1786864564707 107
1786864564924 108
1786864573866 611
1786864591214 599
1786864591923 108
1786864592141 108
1786864592358 107
1786864592576 108
1786864592795 109
1786864593017 108
1786864593238 107
1786864593460 106
1786864593679 109
1786864593902 107
1786864594222 110
1786864594545 109
1786864594766 109
1786864595086 109
1786864595510 107
1786864595726 109
1786864595945 109
1786864596164 108
1786864596383 108
1786864596601 109
1786864596820 110
1786864597041 109
1786864597260 108
1786864597479 109
1786864597697 109
1786864597916 109
1786864598134 104
1786864598345 110
1786864598566 112
1786864598790 108
1786864599007 109
1786864599226 108
1786864599445 109
1786864599664 108
1786864599883 109
1786864600101 100
1786864600307 108
1786864600526 108
1786864600746 107
1786864600964 107
1786864601182 614
1786864601905 110
1786864602124 109
1786864602344 110
1786864602566 111
1786864602786 110
1786864603006 109
1786864603225 101
1786864603432 108
1786864603638 107
1786864603855 109
1786864604176 109
1786864604396 109
1786864604616 108
1786864604936 108
1786864605155 108
1786864605375 108
1786864605594 108
1786864605813 109
1786864606034 109
1786864606355 110
1786864606576 108
1786864606796 107
1786864607321 108
1786864607540 108
1786864607758 110
1786864608182 109
1786864608505 109
1786864608726 109
1786864609148 108
1786864609367 108
1786864609587 110
1786864610012 109
1786864610234 110
1786864610457 109
1786864610677 110
1786864611204 108
1786864611423 622
1786864612155 110
1786864612579 110
1786864612801 110
1786864613024 109
1786864613453 109
1786864613673 110
1786864614099 110
1786864614524 111
1786864614948 111
1786864615474 109
1786864615796 111
1786864616323 111
1786864616647 109
1786864617173 110
1786864617496 109
1786864617716 109
1786864618140 110
1786864618361 110
1786864619503 109
1786864619724 110
1786864620149 111
1786864620370 103
1786864620580 109
1786864620801 111
1786864621023 111
1786864621245 111
1786864621466 109
1786864621687 111
1786864621909 626
1786864622646 110
1786864622970 110
1786864623194 110
1786864623416 108
1786864623632 111
1786864623855 102
1786864624067 110
1786864624290 110
1786864624513 109
1786864624837 109
1786864625058 109
1786864625280 110
1786864625501 111
1786864625827 103
1786864626038 112
1786864626366 112
1786864626696 110
1786864626919 110
1786864627142 111
1786864627365 110
1786864627691 112
1786864627916 111
1786864628140 113
1786864628365 110
1786864628588 111
1786864628812 112
1786864629037 110
1786864629261 110
1786864629485 111
1786864629707 111
1786864629932 113
1786864630158 111
1786864630382 111
1786864630607 112
1786864630832 111
1786864631056 112
1786864631281 111
1786864631505 112
1786864631731 113
1786864631957 111
1786864632181 112
1786864632406 635
1786864633153 113
1786864633482 111
1786864633706 111
1786864633931 111
1786864634157 112
1786864634487 112
1786864634816 111
1786864635041 111
1786864635265 110
1786864635488 110
1786864635711 111
1786864635936 109
1786864636786 111
1786864637115 112
1786864637969 111
1786864638193 112
1786864638730 111
1786864639060 112
1786864639493 112
1786864639717 112
1786864639942 114
1786864640480 111
1786864640707 111
1786864640932 112
1786864641364 111
1786864641588 112
1786864641814 114
1786864642561 112
1786864642996 643
1786864643750 111
1786864643974 112
1786864644198 111
1786864644421 110
1786864644645 112
1786864644870 113
1786864645098 111
1786864645323 113
1786864645551 113
1786864645885 112
1786864646113 113
1786864646343 112
1786864646676 113
1786864646906 114
1786864647345 113
1786864647678 113
1786864647907 114
1786864648137 113
1786864648366 113
1786864648591 108
1786864648923 113
1786864649363 127
1786864649606 127
1786864649957 129
1786864650203 129
1786864650448 129
1786864650911 127
1786864651261 129
1786864651507 129
1786864651753 129
1786864651999 130
1786864652245 127
1786864652490 130
1786864652952 128
1786864653198 129
1786864653445 128
1786864653690 673
1786864654481 129
1786864654729 129
1786864654975 129
1786864655546 130
1786864655793 130
1786864656149 129
1786864656396 127
1786864656641 131
1786864657000 130
1786864657249 130
1786864657931 131
1786864662817 113
1786864663048 112
1786864665240 643
1786864673290 114
1786864674067 113
1786864674727 115
1786864674962 114
1786864727872 613
1786864728795 103
1786864745267 627
1786864746114 107
1786864746334 108
1786864746664 109
1786864746888 101
1786864748027 104
1786864748250 107
1786864748469 109
1786864757591 630
1786864774893 617
1786864775627 112
1786864775857 106
1786864777329 101
1786864808586 654
1786864811328 106
1786864812209 108
1786864812435 109
1786864812662 108
1786864813106 109
1786864813664 110
1786864813893 108
1786864814341 109
1786864815231 108
1786864817214 109
1786864832085 654
1786864962212 652
1786864965090 110
1786864977971 652
1786864978743 116
1786864979422 115
1786864979762 104
1786865115686 648
1786865118441 111
1786865255315 653
1786865256091 115
1786865256440 116
1786865256679 116
1786865257138 115
1786865257374 117
1786865257612 114
1786865258630 116
1786865270783 651
1786865273435 109
1786865280598 109
1786865280826 111
1786865281057 115
1786865288911 654
1786865289682 115
1786865291355 114
1786865291588 116
1786865294702 115
1786865294938 115
1786865295604 114
1786865403913 618
1786865404833 103
1786865406223 107
1786865406832 105
1786865407342 103
1786865408348 105
1786865408561 103
1786865408970 112
1786865409195 112
1786865409422 104
1786865424288 616
1786865427729 97
1786865429905 97
1786865443086 615
1786865444502 104
1786865450712 104
1786865450924 105
1786865552126 615
1786865552851 102
1786865553453 104
1786865553963 103
1786865554177 102
1786865554782 104
1786865554995 111
1786865555319 112
1786865555547 103
1786865555760 102
1786865556071 105
1786865566937 616
1786865567760 103
1786865569054 102
1786865569265 104
1786865569574 103
1786865571555 105
1786865586975 610
1786865589784 97
1786865595115 98
1786865596312 98
1786865603845 647
1786865605191 115
1786865605413 113
1786865605733 113
1786865605955 113
1786865607259 113
1786865609545 115
1786865609769 115
1786865610092 115
1786865613294 116
1786865705913 627
1786865706652 116
1786865707081 115
1786865707306 117
1786865707532 114
1786865707957 115
1786865708181 116
1786865708406 115
1786865708727 115
1786865710753 118
1786865722467 620
1786865724390 115
1786865726781 115
1786865742151 615
1786865744760 106
1786865751561 106
1786865751873 113
1786865759437 622
1786865760263 127
1786865760513 128
1786865760753 122
1786865761979 115
1786865762299 127
1786865762835 113
1786865765995 114
1786865766315 115
1786865766639 114
1786865768626 114
1786865768847 113
1786865862199 652
1786865863198 126
1786865863548 123
1786865863782 122
1786865864231 123
1786865864788 116
1786865865024 125
1786865865593 130
1786865879259 679
1786865880706 114
1786865881907 126
1786865896430 622
1786865899093 113
1786865903932 112
1786865904596 112
1786865905141 110
1786865905371 114
1786865905704 105
1786865906457 108
1786865906674 113
1786865907001 636
1786865915747 124
1786865916110 123
1786865916686 128
1786865916932 130
1786865917814 623
1786865919303 119
1786865919643 130
1786865919897 128
1786865920367 126
1786865920611 118
1786865920844 117
1786865921495 118
1786865923942 117
1786865924169 130
1786865924515 115
1786866026424 647
1786866030556 126
1786866050554 637
1786866053259 112
1786866063292 651
1786866064064 131
1786866066115 125
1786866066473 125
1786866066719 126
1786866067164 125
1786866068984 114
1786866074172 650
1786866074940 125
1786866075181 113
1786866076038 127
1786866076286 123
1786866077255 123
1786866077595 119
1786866077829 125
1786866078694 124
1786866179439 673
1786866181462 132
1786866182047 132
1786866184185 133
1786866184659 131
1786866186135 134
1786866195942 674
1786866196849 135
1786866197104 133
1786866197804 133
1786866198058 132
1786866206323 118
1786866208462 645
1786866224752 676
1786866225877 131
1786866231345 117
1786866232095 124
1786866235176 128
1786866235534 129
1786866236222 673
1786866237122 130
1786866237371 131
1786866333876 673
1786866334994 129
1786866335351 129
1786866336036 131
1786866336394 131
1786866336646 129
1786866336895 131
1786866337144 129
1786866337393 130
1786866338299 127
1786866338543 130
1786866339011 130
1786866340470 130
1786866349990 670
1786866350778 131
1786866351351 131
1786866351600 130
1786866352400 127
1786866356151 129
1786866356399 131
1786866356760 132
1786866357119 129
1786866361296 660
1786866364031 111
1786866386233 670
1786866387344 129
1786866480709 672
1786866481935 129
1786866482509 130
1786866483629 130
1786866483877 130
1786866484234 131
1786866498019 678
1786866498926 131
1786866499735 128
1786866499981 130
1786866500336 129
1786866501130 127
1786866502784 129
1786866508764 129
1786866509444 674
1786866510346 129
1786866521132 658
1786866523980 116
1786866526930 115
1786866527269 116
1786866527504 116
1786866527738 115
1786866527972 117
1786866528532 115
1786866529635 116
1786866529870 117
1786866530214 116
1786866532193 648
1786866537739 128
1786866537985 130
1786866538232 129
1786866538479 130
1786866538726 131
1786866540276 130
1786866540526 131
1786866540774 130
1786866541131 130
1786866541595 130
1786866541952 130
1786866543506 677
1786866637819 675
1786866638941 130
1786866639189 126
1786866639432 131
1786866639794 131
1786866640042 129
1786866644087 128
1786866656432 675
1786866659260 131
1786866678260 661
1786866680874 115
1786866681107 116
1786866681448 113
1786866682003 112
1786866682228 116
1786866683218 114
1786866683451 117
1786866683796 115
1786866688134 115
1786866690634 675
1786866691744 129
1786866692210 128
1786866693524 129
1786866693771 130
1786866694015 129
1786866694262 127
1786866694505 129
1786866694859 128
1786866695213 128
1786866695568 129
1786866695814 127
1786866791378 677
1786866825317 662
1786866826528 115
1786866827085 115
1786866828189 116
1786866828425 115
1786866828765 119
1786866829109 115
1786866837860 677
1786866838760 131
1786866839224 131
1786866839901 134
1786866841014 126
1786866841258 122
1786866841498 124
1786866841956 127
1786866842199 120
1786866842437 129
1786866843657 128
1786866844229 125
1786866844471 128
1786866845480 129
1786866934444 639
1786866935193 113
1786866935614 114
1786866938153 115
1786866938780 113
1786866939404 116
1786866939830 114
1786866975548 640
1786866978282 109
1786866981275 108
1786866981491 107
1786866981907 107
1786866982818 108
1786866983428 107
1786866983937 109
1786866985050 109
1786866985266 108
1786866985581 108
1786866985994 107
1786866986210 115
1786866988720 639
1786866989466 115
1786866989788 114
1786866990009 114
1786866991831 116
1786866992156 116
1786866992380 115
1786866992604 115
1786866994921 115
1786866995348 114
1786866995675 115
1786866996001 115
1786866996424 116
1786867091581 642
1786867092332 114
1786867092761 116
1786867093401 117
1786867093626 116
1786867093952 116
1786867104367 639
1786867132054 677
1786867134801 116
1786867136778 119
1786867137014 116
1786867137358 116
1786867137918 115
1786867138152 116
1786867139144 115
1786867139379 116
1786867139832 116
1786867140068 117
1786867140952 115
1786867142379 115
1786867142720 114
1786867145024 680
1786867145823 129
1786867146182 131
1786867146754 132
1786867147220 132
1786867147578 131
1786867148485 127
1786867148730 131
1786867148982 131
1786867151647 130
1786867152895 131
1786867243568 644
1786867244323 116
1786867244551 116
1786867244880 117
1786867245110 114
1786867246864 116
1786867247498 117
1786867248129 115
1786867249265 115
1786867249492 116
1786867249720 116
1786867261518 643
1786867262371 115
1786867266131 117
1786867288100 638
1786867290855 110
1786867291385 109
1786867293743 107
1786867298137 100
1786867298436 101
1786867298848 628
1786867299585 100
1786867299796 100
1786867300006 100
1786867300318 106
1786867302558 99
1786867302871 100
1786867304195 100
1786867309775 626
1786867400473 632
1786867401216 100
1786867401427 100
1786867401639 100
1786867401852 102
1786867402168 101
1786867402686 99
1786867403307 103
1786867403929 100
1786867405056 100
1786867405268 103
1786867405691 101
1786867407218 100
1786867415520 628
1786867417678 105
1786867417897 100
1786867418211 100
1786867446339 653
1786867447903 125
1786867449252 123
1786867457473 627
1786867458210 100
1786867462575 101
1786867464201 102
1786867464414 101
1786867464626 100
1786867466861 103
1786867467076 101
1786867556413 629
1786867557254 99
1786867557466 107
1786867557691 102
1786867558007 101
1786867558422 99
1786867559039 102
1786867559252 107
1786867559474 100
1786867559788 99
1786867559997 99
1786867561024 105
1786867561247 101
1786867561661 100
1786867564224 100
1786867571089 624
1786867571823 99
1786867572330 100
1786867572542 103
1786867572852 101
1786867574666 101
1786867575078 100
1786867604354 657
1786867607044 129
1786867610302 122
1786867610833 122
1786867611066 122
1786867611499 129
1786867612144 122
1786867619222 635
1786867619965 100
1786867620174 100
1786867620688 100
1786867620898 101
1786867621413 99
1786867621724 100
1786867621934 99
1786867622444 99
1786867622754 101
1786867624066 104
1786867624282 100
1786867624593 101
1786867626319 100
1786867626530 99
1786867715602 636
1786867716448 100
1786867717982 98
1786867718497 105
1786867718718 105
1786867719245 101
1786867719862 102
1786867720277 102
1786867720491 98
1786867720803 100
1786867721014 99
1786867721327 100
1786867721538 100
1786867722056 100
1786867722678 100
1786867732089 667
1786867732877 109
1786867733107 111
1786867734660 102
1786867734870 101
1786867735183 100
1786867764249 658
1786867765015 120
1786867767055 125
1786867777079 636
1786867777925 100
1786867780250 99
1786867781468 100
1786867781778 101
1786867870614 658
1786867872170 108
1786867872400 109
1786867872629 109
1786867872970 110
1786867873201 109
1786867876321 111
1786867885412 656
1786867886189 110
1786867888287 110
1786867888952 110
1786867889181 109
1786867889849 110
1786867890628 110
1786867891298 110
1786867892074 112
1786867918166 683
1786867920848 134
1786868024565 664
1786868025459 106
1786868025796 109
1786868026357 108
1786868026585 111
1786868039466 658
1786868040244 108
1786868040472 110
1786868042451 106
1786868043227 111
1786868048631 111
1786868048861 110
1786868069469 684
1786868070273 135
1786868072186 134
1786868072552 133
1786868075788 135
1786868076042 134
1786868076404 134
1786868077651 136
1786868084868 660
1786868086313 109
1786868086541 108
1786868086880 110
1786868089536 109
1786868094749 110
1786868184837 630
1786868185574 97
1786868186279 98
1786868186784 98
1786868187190 98
1786868187494 99
1786868187899 98
1786868188507 106
1786868188728 99
1786868188935 98
1786868189338 99
1786868189642 101
1786868200303 632
1786868201142 97
1786868202831 99
1786868203038 97
1786868203842 99
1786868204945 100
1786868206957 99
1786868229453 651
1786868232308 121
1786868248835 629
1786868323038 660
1786868324026 111
1786868327584 108
1786868327811 110
1786868343751 659
1786868344860 109
1786868345088 110
1786868345646 111
1786868345876 109
1786868346216 111
1786868346993 110
1786868347223 110
1786868347452 108
1786868347790 109
1786868348343 107
1786868349447 107
1786868349672 111
1786868350013 109
1786868351664 111
1786868356748 659
1786868357527 110
1786868357755 108
1786868357982 108
1786868358210 109
1786868359647 109
1786868360096 108
1786868360325 108
1786868360663 109
1786868360890 110
1786868384466 657
1786868385241 109
1786868385579 108
1786868387459 111
1786868392613 133
1786868394951 134
1786868501610 660
1786868502610 110
1786868503390 105
1786868505608 109
1786868506173 109
1786868507396 111
1786868507627 108
1786868508075 108
1786868510636 110
1786868511193 108
1786868511420 108
1786868516698 661
1786868517479 109
1786868517706 111
1786868517936 109
1786868518383 111
1786868519160 111
1786868522015 110
1786868522244 108
1786868522581 109
1786868523246 109
1786868524680 110
1786868524909 110
1786868525906 109
1786868526135 109
1786868526363 108
1786868526590 110
1786868553870 686
1786868556767 127
1786868559654 135
1786868619520 664
1786868620305 111
1786868620756 110
1786868621094 109
1786868621546 110
1786868626227 110
1786868663413 663
1786868664197 110
1786868664651 110
1786868665211 111
1786868665444 111
1786868665675 111
1786868665909 109
1786868666140 110
1786868666370 109
1786868666598 109
1786868668163 110
1786868668728 111
1786868669403 110
1786868675528 666
1786868676758 111
1786868677101 110
1786868677554 110
1786868677894 109
1786868678787 108
1786868679017 110
1786868679248 109
1786868679480 111
1786868680268 111
1786868680610 109
1786868680950 110
1786868682516 109
1786868682744 110
1786868682973 111
1786868684977 110
1786868685211 110
1786868685440 103
1786868685661 112
1786868717636 699
1786868720486 135
1786868780450 650
1786868781220 109
1786868819364 683
1786868821045 106
1786868821276 108
1786868821506 110
1786868821847 106
1786868822189 110
1786868822841 110
1786868823940 110
1786868824171 111
1786868824631 105
1786868825651 109
1786868829014 108
1786868829241 102
1786868835108 682
1786868835912 106
1786868837009 104
1786868837227 107
1786868837454 105
1786868837681 110
1786868838022 106
1786868838923 110
1786868840161 110
1786868841815 101
1786868842685 104
1786868843028 112
1786868843263 109
1786868875358 691
1786868878184 130
1786868975003 667
1786868975790 109
1786868976235 109
1786868976896 105
1786868979953 102
1786868980424 105
1786868980651 109
1786868981095 105
1786868981427 105
1786868982525 109
1786868982759 108
1786868982992 105
1786868983322 106
1786868983651 105
1786868984088 110
1786868990326 667
1786868991327 105
1786868991550 108
1786868992003 106
1786868992228 106
1786868993676 106
1786868993900 110
1786868994134 106
1786868997264 101
1786868998989 106
1786868999217 108
1786868999447 109
1786869034880 696
1786869037792 136
1786869132381 669
1786869133171 109
1786869137084 111
1786869137428 109
1786869137658 109
1786869138216 111
1786869138782 109
1786869139016 111
1786869139581 110
1786869140140 108
1786869140591 109
1786869146772 672
1786869147563 110
1786869148132 110
1786869148363 111
1786869149366 110
1786869149596 109
1786869149826 110
1786869150942 108
1786869151170 110
1786869151400 111
1786869151742 111
1786869151972 109
1786869155419 110
1786869155650 108
1786869156439 109
1786869192871 696
1786869195685 136
1786869246276 666
1786869247283 108
1786869250593 110
1786869293554 677
1786869295123 110
1786869295353 110
1786869295582 111
1786869295923 109
1786869296150 111
1786869296602 111
1786869297275 109
1786869299054 109
1786869305837 677
1786869306636 112
1786869307877 110
1786869308108 110
1786869309116 110
1786869309463 109
1786869309694 107
1786869309916 110
1786869310586 111
1786869310816 110
1786869311161 111
1786869311949 111
1786869314186 111
1786869353086 698
1786869355907 137
1786869389726 675
1786869391298 111
1786869391528 109
1786869391867 110
1786869392096 111
1786869393108 111
1786869456903 673
1786869463827 111
1786869468569 676
1786869469592 113
1786869469940 110
1786869470173 110
1786869474555 110
1786869474785 110
1786869475015 109
1786869475356 109
1786869476474 110
1786869476705 110
1786869477047 111
1786869480840 675
1786869485754 112
1786869486210 111
1786869486553 111
1786869487010 111
1786869487243 110
1786869487473 113
1786869514222 700
1786869517182 135
1786869614289 656
1786869615393 110
1786869618172 112
1786869618405 109
1786869618968 110
1786869619306 112
1786869619648 112
1786869619878 114
1786869620112 111
1786869620344 112
1786869620794 109
1786869621356 109
1786869621584 109
1786869621926 111
1786869622156 106
1786869622377 110
1786869622829 112
1786869625285 111
1786869628304 672
1786869629652 113
1786869629885 110
1786869630117 110
1786869630790 111
1786869631576 111
1786869631918 111
1786869632705 109
1786869633155 110
1786869633607 111
1786869633950 111
1786869635183 110
1786869641074 673
1786869642986 111
1786869674634 702
1786869677478 137
1786869767504 677
1786869768299 113
1786869768531 110
1786869768872 111
1786869769547 110
1786869769778 113
1786869770232 111
1786869773449 111
1786869780332 679
1786869782808 110
1786869783150 110
1786869785730 113
1786869785963 109
1786869788890 111
1786869789234 110
1786869834160 703
1786869837092 137
1786869869559 677
1786869870583 112
1786869870929 113
1786869875985 112
1786869876219 112
1786869876561 110
1786869877016 111
1786869877472 111
1786869885416 667
1786869886313 108
1786869887428 111
1786869888319 110
1786869892879 111
1786869893109 110
1786869893450 109
1786869924897 672
1786869934856 109
1786869936525 678
1786869937323 109
1786869937887 111
1786869938453 111
1786869938797 110
1786869942570 104
1786869942901 110
1786869949332 673
1786869952682 110
1786869952914 109
1786869954475 112
1786869954819 110
1786869956155 108
1786869989918 657
1786869991804 137
1786869994066 135
1786870023797 675
1786870024592 109
1786870025156 110
1786870025833 111
1786870026291 111
1786870026522 109
1786870026972 110
1786870029101 111
1786870038321 675
1786870039117 111
1786870039459 110
1786870045137 109
1786870047603 110
1786870048726 111
1786870049512 113
1786870091672 684
1786870092927 110
1786870093378 111
1786870093609 109
1786870093838 112
1786870094179 110
1786870096304 110
1786870100430 110
1786870100773 108
1786870101223 111
1786870101456 112
1786870101789 111
1786870102021 110
1786870102582 109
1786870103036 111
1786870104052 682
1786870104965 112
1786870112649 109
1786870113101 108
1786870113438 112
1786870113670 111
1786870146833 708
1786870149646 136
1786870149902 134
1786870150377 129
1786870151954 135
1786870152208 135
1786870207371 678
1786870208280 109
1786870209288 111
1786870210514 109
1786870239832 683
1786870241857 111
1786870242419 111
1786870243096 111
1786870244213 111
1786870244443 111
1786870244782 111
1786870247567 110
1786870256580 686
1786870258614 111
1786870259845 112
1786870260079 109
1786870261089 110
1786870261319 110
1786870261992 110
1786870262225 109
1786870262787 112
1786870263017 109
1786870263245 110
1786870263583 111
1786870264033 111
1786870264598 108
1786870265486 112
1786870265829 109
1786870302445 693
1786870305251 134
1786870306952 136
1786870307209 135
1786870307574 135
1786870312496 111
1786870397573 685
1786870398376 110
1786870398829 109
1786870399282 113
1786870399515 111
1786870399972 109
1786870401094 110
1786870401326 110
1786870401888 108
1786870402449 109
1786870403127 109
1786870403686 114
1786870403920 110
1786870404264 109
1786870404606 108
1786870405728 109
1786870405959 109
1786870406412 110
1786870406755 109
1786870413082 683
1786870413885 113
1786870414117 111
1786870414459 113
1786870414803 109
1786870415375 110
1786870415606 110
1786870417397 109
1786870417627 111
1786870417858 111
1786870419549 111
1786870419893 115
1786870423260 109
1786870423489 112
1786870423720 110
1786870424393 111
1786870456856 712
1786870459669 134
1786870556441 682
1786870557352 110
1786870557580 108
1786870557807 109
1786870558037 111
1786870558268 110
1786870558713 107
1786870559263 108
1786870559491 109
1786870559940 110
1786870561704 110
1786870569308 688
1786870571315 108
1786870571542 109
1786870571881 107
1786870572543 109
1786870572769 110
1786870572998 109
1786870573336 107
1786870612215 706
1786870615124 133
1786870628286 684
1786870633562 108
1786870633789 109
1786870634018 107
1786870634464 109
1786870634694 107
1786870634921 109
1786870635806 107
1786870639424 108
1786870713098 684
1786870714337 108
1786870715003 108
1786870715887 109
1786870716117 108
1786870716345 106
1786870716567 108
1786870716903 109
1786870717128 112
1786870717576 108
1786870718240 108
1786870728479 679
1786870729277 107
1786870730056 110
1786870730285 107
1786870730622 109
1786870732058 110
1786870732289 109
1786870732517 109
1786870767792 708
1786870770596 133
1786870773373 135
1786870776376 132
1786870787971 683
1786870789866 110
1786870790424 109
1786870790654 110
1786870791980 110
1786870792318 109
1786870867762 687
1786870868792 108
1786870873127 108
1786870873800 109
1786870874252 110
1786870885040 684
1786870886618 109
1786870887953 109
1786870888293 111
1786870888524 112
1786870888758 111
1786870888988 111
1786870890987 110
1786870891327 112
1786870891670 110
1786870924612 713
1786870927436 136
1786870927691 136
1786870928169 135
1786870930658 136
1786870941789 683
1786870942702 111
1786870945141 110
1786870949818 110
1786870950163 112
1786870950397 110
1786870950741 110
1786871022686 692
1786871023500 109
1786871023959 109
1786871024639 112
1786871024874 111
1786871025330 109
1786871029605 112
1786871043441 686
1786871045345 110
1786871045686 108
1786871045915 111
1786871046255 109
1786871080178 712
1786871083006 138
1786871083594 134
1786871083960 134
1786871084213 133
1786871084690 134
1786871084944 132
1786871085419 132
1786871090778 109
1786871100073 685
1786871101098 112
1786871102774 112
1786871103007 109
1786871103903 110
1786871104464 111
1786871105817 110
1786871106048 109
1786871106613 110
1786871179972 688
1786871181112 110
1786871181343 109
1786871181795 113
1786871183920 111
1786871226533 669
1786871228409 109
1786871230714 112
1786871230944 109
1786871231279 108
1786871233046 108
1786871235040 131
1786871237271 131
1786871240931 709
1786871242202 130
1786871242777 131
1786871243025 130
1786871243382 134
1786871243745 133
1786871243997 132
1786871244467 130
1786871245701 134
1786871251956 109
1786871252512 108
1786871252959 684
1786871334555 686
1786871335360 110
1786871335817 112
1786871336161 107
1786871336390 107
1786871336838 107
1786871337835 103
1786871348369 670
1786871349272 108
1786871354713 108
1786871368468 694
1786871370418 111
1786871372082 109
1786871377849 112
1786871382391 674
1786871384174 111
1786871384525 112
1786871384869 110
1786871385641 110
1786871385869 106
1786871391940 135
1786871394239 730
1786871395434 133
1786871400883 133
1786871407244 695
1786871415391 110
1786871415625 107
1786871416305 111
1786871419476 675
1786871492208 680
1786871493117 108
1786871493568 108
1786871494118 112
1786871494461 113
1786871494697 111
1786871495160 108
1786871495509 114
1786871509067 675
1786871509863 109
1786871511962 114
1786871518073 110
1786871518650 110
1786871528056 687
1786871530557 113
1786871536288 111
1786871539737 675
1786871547429 108
1786871548207 109
1786871548879 111
1786871550470 111
1786871551302 719
1786871553721 131
1786871553973 131
1786871554454 133
1786871554710 133
1786871555068 124
1786871557510 124
1786871568305 693
1786871570227 111
1786871575459 107
1786871578450 113
1786871582945 676
1786871586118 109
1786871587036 110
1786871650974 696
1786871653915 110
1786871654145 110
1786871654486 108
1786871659158 110
1786871659386 109
1786871668742 694
1786871669557 109
1786871674655 109
1786871674997 110
1786871676224 110
1786871683275 694
1786871686209 110
1786871691018 111
1786871693262 112
1786871707515 695
1786871708665 112
1786871708898 135
1786871711177 134
1786871711430 134
1786871711797 134
1786871715635 135
1786871720928 696
1786871721855 111
1786871722087 111
1786871725122 110
1786871728598 112
1786871728942 111
1786871729172 111
1786871729516 111
1786871731866 110
1786871733220 698
1786871736277 110
1786871742199 110
1786871742654 111
1786871810644 699
1786871812360 111
1786871812593 110
1786871813050 111
1786871816542 112
1786871817108 109
1786871817449 111
1786871830333 696
1786871831149 112
1786871831829 110
1786871833619 110
1786871834295 110
1786871865684 708
1786871868526 122
1786871868767 136
1786871869245 124
1786871871790 129
1786871872364 123
1786871873030 132
1786871874123 131
1786871874376 131
1786871874851 135
1786871875978 127
1786871958624 680
1786871959526 111
1786871963305 112
1786871963854 111
1786871967295 105
1786871967612 106
1786872006812 716
1786872009316 128
1786872100057 689
1786872103835 116
1786872104072 111
1786872104408 112
1786872104588 112
1786872104823 717
1786872105662 111
1786872105896 109
1786872106125 113
1786872106362 719
1786872107204 107
1786872107534 112
1786872107770 112
1786872108005 730
1786872108858 115
1786872109097 113
1786872109336 114
1786872109574 114
1786872109812 700
1786872110702 106
1786872110947 115
1786872111751 113
1786872112023 113
1786872112341 114
1786872112810 115
1786872113085 113
1786872113361 115
1786872113657 113
1786872115391 112
1786872115831 109
1786872116604 100
1786872116992 99
1786872117657 99
1786872118045 99
1786872120048 112
1786872120289 114
1786872120530 114
1786872120771 116
1786872121012 112
1786872121253 115
1786872121493 744
1786872122363 115
1786872122604 115
1786872122847 115
1786872123030 116
1786872123274 116
1786872123518 115
1786872123760 114
1786872124000 116
1786872124244 116
1786872124487 114
1786872124730 115
1786872124951 115
1786872125248 752
1786872126128 114
1786872126370 115
1786872126613 114
1786872126858 116
1786872127103 114
1786872127346 115
1786872127591 115
1786872127837 116
1786872128081 117
1786872128326 116
1786872128570 114
1786872128813 113
1786872129055 756
1786872129939 118
1786872130187 115
1786872130431 116
1786872130676 115
1786872130920 114
1786872131164 115
1786872131409 115
1786872131653 116
1786872131899 115
1786872132143 115
1786872132495 118
1786872132743 764
1786872133635 116
1786872133881 115
1786872134126 116
1786872134373 117
1786872134621 115
1786872134867 116
1786872135113 118
1786872135361 119
1786872135609 117
1786872135857 116
1786872136104 117
1786872136353 115
1786872136598 765
1786872137484 113
1786872137716 110
1786872137942 114
1786872195780 775
1786872200626 119
1786872216854 776
1786872256085 762
1786872274961 782
1786872276244 124
1786872276500 123
1786872276758 117
1786872277001 115
1786872277244 123
1786872277621 121
1786872277874 121
1786872278127 122
1786872278505 122
1786872278760 122
1786872279629 122
1786872279884 122
1786872280263 122
1786872281505 122
1786872282129 122
1786872282632 121
1786872282885 122
1786872283386 124
1786872283643 122
1786872284142 121
1786872284395 123
1786872284774 124
1786872285030 121
1786872285527 123
1786872285782 122
1786872290214 793
1786872291257 120
1786872291631 122
1786872291854 146
1786872292131 145
1786872292409 139
1786872292675 145
1786872292951 145
1786872294798 145
1786879599223 730
1786879609711 116
1786879610470 116
1786879610722 116
1786879610974 117
1786879611169 116
1786879611421 116
1786879611674 116
1786879611925 764
1786879612825 117
1786879613208 116
1786879613587 115
1786879613839 116
1786879622527 117
1786879622912 115
1786879623293 114
1786879623931 118
1786879624316 116
1786879624693 118
1786879624950 116
1786879625206 761
1786879626106 117
1786879626362 118
1786879626883 116
1786879627269 117
1786879627913 116
1786879635445 115
1786879635960 114
1786879636856 117
1786879637370 116
1786879637630 116
1786879637884 116
1786879638138 759
1786879639296 116
1786879640073 118
1786879640591 115
1786879640974 117
1786879641228 117
1786879642262 117
1786879648222 116
1786879648989 118
1786879649888 118
1786879650398 116
1786879650651 115
1786879651288 762
1786879652445 117
1786879652699 117
1786879652955 116
1786879653276 117
1786879654173 116
1786879654813 116
1786879655194 117
1786879655707 116
1786879661243 116
1786879662273 115
1786879663304 117
1786879663563 116
1786879664081 113
1786879664728 760
1786879665631 115
1786879666023 116
1786879666414 117
1786879666935 115
1786879667587 116
1786879667979 115
1786879668235 115
1786879669405 117
1786879669920 117
1786879675496 115
1786879675880 116
1786879676654 115
1786879676908 114
1786879677678 115
1786879678060 760
1786879679742 117
1786879680391 116
1786879681170 116
1786879681426 115
1786879681681 116
1786879682197 116
1786879682715 117
1786879683494 120
1786879684020 117
1786879689275 114
1786879689791 115
1786879690308 116
1786879690563 117
1786879691999 763
1786879693288 117
1786879693805 116
1786879694455 116
1786879695492 117
1786879695875 117
1786879696130 118
1786879697030 116
1786879698187 117
1786879702482 117
1786879703000 115
1786879703256 118
1786879703779 117
1786879704172 117
1786879705614 763
1786879707176 116
1786879707694 115
1786879708076 117
1786879708399 117
1786879709685 117
1786879710452 116
1786879710834 115
1786879711343 116
1786879712114 116
1786879715201 117
1786879716231 116
1786879716486 117
1786879716743 115
1786879717511 115
1786879718024 117
1786879718410 116
1786879720478 763
1786879721636 117
1786879722020 117
1786879723837 117
1786879724354 117
1786879725274 116
1786879726190 118
1786879726843 117
1786879728148 116
1786879729719 117
1786879730240 118
1786879730631 118
1786879730892 118
1786879731684 117
1786879734197 762
1786879735631 116
1786879735888 116
1786879736146 116
1786879738114 116
1786879738769 117
1786879739159 120
1786879739681 116
1786879740585 117
1786879740974 116
1786879742547 116
1786879743201 118
1786879743596 116
1786879743857 117
1786879744922 117
1786879745183 117
1786879747297 736
1786879748962 116
1786879751073 116
1786879751597 116
1786879752915 117
1786879753435 119
1786879754087 115
1786879754343 116
1786879754731 117
1786879755245 116
1786879755630 119
1786879756144 118
1786879756911 118
1786879757169 118
1786879758336 117
1786879759123 118
1786879759915 117
1786879760694 760
1786879762118 118
1786879765090 116
1786879766512 118
1786879767289 118
1786879767932 117
1786879768443 112
1786879768689 117
1786879769453 118
1786879769710 120
1786879770221 118
1786879771364 116
1786879771871 112
1786879772627 116
1786879772881 117
1786879773904 737
1786879775669 118
1786879779108 116
1786879780378 118
1786879780632 117
1786879781777 120
1786879782287 121
1786879782544 118
1786879782799 116
1786879783305 118
1786879784194 118
1786879785457 118
1786879787359 766
1786879789148 118
1786879792190 116
1786879793457 117
1786879794218 117
1786879794598 118
1786879794852 117
1786879795107 116
1786879795485 119
1786879796505 119
1786879797019 116
1786879798928 111
1786879799171 117
1786879799428 118
1786879799809 116
1786879801466 765
1786879802621 118
1786879806328 118
1786879807096 118
1786879807995 117
1786879808251 118
1786879809153 117
1786879809410 118
1786879809799 135
1786879810202 117
1786879810719 117
1786879811372 118
1786879812946 118
1786879813464 119
1786879814374 118
1786879814761 765
1786879816713 117
1786879820626 116
1786879821144 118
1786879821921 116
1786879822435 117
1786879822692 118
1786879823212 117
1786879824119 118
1786879824379 117
1786879824637 118
1786879825289 118
1786879826332 119
1786879826858 118
1786879827378 118
1786879828030 766
1786879829589 118
1786879829845 116
1786879834538 118
1786879835183 116
1786879836614 117
1786879836869 118
1786879837255 118
1786879837641 117
1786879838932 116
1786879839443 118
1786879840338 116
1786879841487 739
1786879842359 117
1786879842998 119
1786879843383 118
1786879848392 117
1786879848776 116
1786879849030 116
1786879850061 117
1786879850444 119
1786879850700 118
1786879851085 117
1786879852115 118
1786879852627 118
1786879853268 119
1786879853524 117
1786879854163 768
1786879855326 119
1786879855970 117
1786879856873 117
1786879857258 118
1786879860990 116
1786879861630 117
1786879862406 118
1786879863439 117
1786879863953 117
1786879864465 118
1786879865361 116
1786879866000 119
1786879866513 117
1786879867156 117
1786879867411 763
1786879868313 117
1786879868568 119
1786879869732 117
1786879871010 117
1786879871651 117
1786879875015 117
1786879875794 117
1786879876309 116
1786879876564 118
1786879877216 117
1786879878914 118
1786879879560 117
1786879879946 118
1786879880593 766
1786879881498 116
1786879881754 117
1786879883302 117
1786879883558 117
1786879883942 118
1786879884839 116
1786879888561 118
1786879889459 116
1786879889844 118
1786879890101 117
1786879890484 116
1786879892920 117
1786879893303 117
1786879893559 117
1786879893815 769
1786879894723 118
1786879895110 117
1786879895883 116
1786879896395 112
1786879896902 117
1786879898869 107
1786879901841 107
1786879902561 106
1786879903164 107
1786879903652 107
1786879904885 108
1786879906355 106
1786879906950 734
1786879907935 107
1786879908418 107
1786879908655 106
1786879909740 107
1786879910099 107
1786879911054 106
1786879912121 108
1786879916285 113
1786879917127 112
1786879917373 106
1786879917609 115
1786879919406 108
1786879919757 735
1786879920619 106
1786879921202 106
1786879921436 106
1786879921670 106
1786879922959 105
1786879923660 106
1786879924365 107
1786879925187 107
1786879925654 107
1786879929968 106
1786879930553 107
1786879930787 106
1786879931490 107
1786879932900 736
1786879933999 108
1786879934351 113
1786879934597 106
1786879935064 107
1786879935887 113
1786879936372 107
1786879936608 106
1786879938262 108
1786879938848 113
1786879939872 118
1786879940128 120
1786879943470 118
1786879944500 118
1786879944885 118
1786879945915 784
1786879947763 116
1786879948020 118
1786879948543 118
1786879949069 118
1786879949330 119
1786879950389 117
1786879951043 118
1786879952086 118
1786879953385 118
1786879953642 117
1786879954025 119
1786879957907 117
1786879958806 118
1786879959588 781
1786879960769 117
1786879961422 116
1786879961939 118
1786879962328 117
1786879962586 117
1786879963628 119
1786879964412 118
1786879965063 120
1786879965966 115
1786879966219 120
1786879966732 118
1786879967121 119
1786879972304 115
1786879972564 117
1786879972827 117
1786879973907 768
1786879975633 117
1786879976032 118
1786879976431 119
1786879977372 117
1786879978034 118
1786879978560 119
1786879979616 117
1786879980815 118
1786879981208 117
1786879985748 117
1786879986011 116
1786879986407 117
1786879987352 769
1786879988265 117
1786879989199 117
1786879990805 116
1786879991334 118
1786879991857 116
1786879992636 118
1786879993549 118
1786879995641 116
1786879995898 116
1786879996417 118
1786879999722 117
1786879999983 118
1786880000244 118
1786880000639 772
1786880002225 119
1786880003571 117
1786880004102 117
1786880005301 118
1786880006230 115
1786880006618 117
1786880007007 117
1786880008581 118
1786880009237 116
1786880010411 117
1786880011191 118
1786880011847 117
1786880013037 119
1786880014090 768
1786880015133 118
1786880016191 117
1786880017646 118
1786880017907 116
1786880018167 119
1786880019212 117
1786880019471 118
1786880020895 117
1786880022579 118
1786880023226 119
1786880024259 120
1786880024645 117
1786880025804 118
1786880026191 117
1786880026447 117
1786880028103 766
1786880029006 117
1786880030792 118
1786880031554 118
1786880031810 117
1786880033210 113
1786880033730 117
1786880034498 117
1786880036921 119
1786880037177 117
1786880038451 119
1786880038834 118
1786880039471 118
1786880039726 117
1786880039978 116
1786880040361 117
1786880042492 736
1786880044064 106
1786880045011 110
1786880045725 104
1786880047150 109
1786880048594 106
1786880050878 105
1786880051233 105
1786880052070 106
1786880052306 106
1786880052902 106
1786880053134 106
1786880053728 107
1786880053964 107
1786880054678 106
1786880055624 751
1786880057689 106
1786880058401 105
1786880058635 107
1786880059953 105
1786880061037 105
1786880062224 107
1786880065068 106
1786880065419 107
1786880066002 107
1786880066584 114
1786880066829 107
1786880067063 106
1786880067412 105
1786880067878 107
1786880068462 113
1786880068944 737
1786880071692 107
1786880072393 106
1786880073676 106
1786880074855 113
1786880076625 108
1786880078133 106
1786880078946 107
1786880079645 106
1786880079876 108
1786880080579 114
1786880080825 108
1786880081175 107
1786880082688 739
1786880083668 115
1786880084730 112
1786880085910 110
1786880086991 106
1786880087696 107
1786880089111 107
1786880090051 106
1786880091458 104
1786880091750 107
1786880092335 106
1786880093151 106
1786880093382 108
1786880094900 106
1786880096185 740
1786880097633 106
1786880097981 107
1786880098562 107
1786880100194 107
1786880101955 107
1786880102886 107
1786880104285 106
1786880104517 106
1786880105214 105
1786880105444 109
1786880105795 105
1786880106141 106
1786880106490 107
1786880108581 114
1786880109404 741
1786880110271 107
1786880111897 107
1786880112132 107
1786880114023 107
1786880115822 107
1786880117264 107
1786880117736 111
1786880118216 106
1786880118449 107
1786880118684 107
1786880119043 108
1786880120228 108
1786880122467 743
1786880123455 108
1786880123805 107
1786880125667 107
1786880126134 106
1786880127888 107
1786880129401 107
1786880130920 110
1786880131624 107
1786880131855 107
1786880132087 108
1786880132663 111
1786880133711 107
1786880136019 741
1786880136883 107
1786880137115 107
1786880139308 106
1786880139888 108
1786880140816 111
1786880143147 106
1786880144074 106
1786880144882 109
1786880145352 107
1786880145583 107
1786880145817 107
1786880147458 107
1786880149319 741
1786880150185 107
1786880151349 108
1786880152168 106
1786880153680 109
1786880154382 106
1786880157298 107
1786880158227 107
1786880158576 108
1786880159272 106
1786880160320 106
1786880160669 114
1786880161032 110
1786880163021 739
1786880164238 107
1786880165405 106
1786880166773 116
1786880167168 117
1786880168721 119
1786880170657 118
1786880172331 119
1786880172589 118
1786880172962 117
1786880173604 118
1786880173987 118
1786880174500 118
1786880175123 117
1786880176389 774
1786880177686 118
1786880178717 119
1786880180006 118
1786880181035 119
1786880181679 119
1786880185034 118
1786880185938 119
1786880186196 118
1786880186453 118
1786880187096 119
1786880187482 119
1786880187867 120
1786880188639 118
1786880189407 118
1786880191329 772
1786880192625 119
1786880193268 118
1786880194035 120
1786880194935 118
1786880199174 119
1786880199561 118
1786880200072 119
1786880200585 117
1786880200840 118
1786880201225 118
1786880201481 119
1786880202122 119
1786880202634 118
1786880204951 775
1786880205866 118
1786880206772 118
1786880208205 117
1786880208461 117
1786880212897 118
1786880214076 118
1786880214728 119
1786880214984 118
1786880215242 119
1786880216273 117
1786880218216 774
1786880219387 119
1786880220161 120
1786880220804 118
1786880222734 113
1786880226193 119
1786880226579 118
1786880227865 118
1786880228121 120
1786880228637 118
1786880229022 118
1786880229406 117
1786880229662 119
1786880230303 118
1786880230559 119
1786880231847 775
1786880234311 118
1786880234569 117
1786880235086 118
1786880236486 108
1786880239910 106
1786880241923 108
1786880242281 107
1786880242517 105
1786880243347 107
1786880243582 110
1786880243938 107
1786880244171 108
1786880244523 107
1786880247108 741
1786880248445 107
1786880249616 114
1786880250097 108
1786880252448 107
1786880253383 107
1786880255140 106
1786880255372 106
1786880255605 107
1786880255837 106
1786880257711 107
1786880257946 107
1786880258411 105
1786880258642 106
1786880260383 743
1786880262528 108
1786880263692 108
1786880265093 114
1786880266760 106
1786880268282 107
1786880268516 106
1786880268866 107
1786880270740 106
1786880271320 106
1786880271551 108
1786880271901 106
1786880272479 107
1786880272828 105
1786880273059 108
1786880275388 747
1786880278008 116
1786880280119 108
1786880280470 107
1786880281179 113
1786880281418 106
1786880282465 110
1786880283048 114
1786880283761 107
1786880285394 107
1786880285861 107
1786880286677 107
1786880286910 107
1786880287144 108
1786880289025 746
1786880291661 112
1786880293309 107
1786880293660 107
1786880294841 113
1786880295100 115
1786880295462 109
1786880296052 113
1786880296532 106
1786880297115 107
1786880298753 110
1786880299810 108
1786880300278 107
1786880301329 115
1786880302278 747
1786880305608 107
1786880306426 114
1786880307738 108
1786880308797 109
1786880309619 107
1786880310089 110
1786880310325 107
1786880310913 111
1786880311505 109
1786880312211 108
1786880313506 117
1786880313991 107
1786880314821 107
1786880315531 784
1786880317161 108
1786880320006 107
1786880321190 108
1786880321778 107
1786880322249 108
1786880322723 106
1786880323312 108
1786880323788 109
1786880324142 115
1786880324750 107
1786880325695 107
1786880327116 108
1786880327588 106
1786880328407 108
1786880329463 746
1786880331388 109
1786880334227 118
1786880334599 108
1786880335658 108
1786880335893 108
1786880336480 106
1786880336831 108
1786880337301 107
1786880338005 107
1786880338944 108
1786880339179 117
1786880339783 110
1786880340722 106
1786880341428 106
1786880341778 107
1786880343878 744
1786880345098 113
1786880348245 114
1786880348491 106
1786880348726 106
1786880350130 107
1786880350831 107
1786880351884 115
1786880352131 107
1786880353300 110
1786880353537 107
1786880354364 110
1786880354841 107
1786880357103 745
1786880358566 115
1786880361185 107
1786880361660 107
1786880363083 108
1786880364381 108
1786880364615 108
1786880364850 108
1786880365439 111
1786880366270 116
1786880366986 115
1786880368050 109
1786880368519 109
1786880370561 756
1786880372376 108
1786880374823 108
1786880375405 106
1786880375637 116
1786880376469 107
1786880377171 107
1786880377871 109
1786880378107 107
1786880378693 107
1786880379048 107
1786880380233 107
1786880380704 107
1786880381292 108
1786880382594 108
1786880385066 749
1786880387591 108
1786880387825 109
1786880388771 106
1786880389479 108
1786880390072 116
1786880390440 107
1786880390675 106
1786880391029 109
1786880391266 107
1786880392443 107
1786880392797 107
1786880393030 106
1786880394560 108
1786880394913 108
1786880395382 108
1786880396901 108
1786880399721 749
1786880401897 107
1786880402482 108
1786880403188 114
1786880403786 108
1786880404253 108
1786880404721 109
1786880405192 107
1786880405659 109
1786880406011 108
1786880406951 113
1786880407462 119
1786880409015 120
1786880409929 121
1786880413372 782
1786880415196 107
1786880415913 109
1786880417247 109
1786880417484 109
1786880417720 108
1786880417956 108
1786880418192 107
1786880418900 109
1786880420193 108
1786880420428 107
1786880421711 108
1786880423234 108
1786880423585 112
1786880424175 109
1786880426637 108
1786880428399 750
1786880429627 108
1786880430801 108
1786880431405 108
1786880431639 110
1786880431876 108
1786880432696 107
1786880433631 109
1786880434099 108
1786880435383 108
1786880435969 108
1786880437951 107
1786880439936 109
1786880442736 750
1786880443609 106
1786880444076 112
1786880444550 109
1786880444903 107
1786880445496 107
1786880445844 108
1786880447010 113
1786880447367 108
1786880447716 109
1786880447950 110
1786880448420 107
1786880449117 107
1786880451672 109
1786880453536 109
1786880453770 108
1786880456448 746
1786880457439 107
1786880458021 107
1786880458835 106
1786880459414 107
1786880459997 106
1786880460229 108
1786880461162 113
1786880461867 109
1786880463258 107
1786880465453 106
1786880467420 107
1786880467653 108
1786880469622 747
1786880470495 108
1786880470729 106
1786880471309 107
1786880472355 108
1786880472588 107
1786880473287 108
1786880473521 107
1786880474103 107
1786880475535 107
1786880476475 106
1786880479157 107
1786880481141 108
1786880482312 110
1786880483016 747
1786880484007 107
1786880484359 108
1786880485179 107
1786880485413 107
1786880485761 106
1786880486109 108
1786880486575 109
1786880487158 108
1786880487626 108
1786880488212 111
1786880489971 107
1786880491623 109
1786880492209 106
1786880495713 108
1786880496767 749
1786880497991 107
1786880498224 108
1786880498808 109
1786880499275 109
1786880499628 109
1786880500211 108
1786880500560 117
1786880500808 109
1786880501044 108
1786880502909 112
1786880504197 107
1786880505594 114
1786880506071 107
1786880510376 767
1786880511272 107
1786880511973 109
1786880512441 108
1786880512906 109
1786880513258 109
1786880513607 109
1786880514077 107
1786880514658 106
1786880517805 109
1786880518273 112
1786880519333 108
1786880519566 108
1786880523078 108
1786880523780 756
1786880524897 108
1786880525596 107
1786880526412 107
1786880526878 108
1786880527228 107
1786880527579 107
1786880528161 107
1786880528511 108
1786880529211 109
1786880529563 108
1786880530729 108
1786880531779 107
1786880532830 108
1786880533762 109
1786880536594 107
1786880537640 750
1786880538980 108
1786880539215 108
1786880539450 108
1786880540498 109
1786880540732 108
1786880541083 109
1786880541783 108
1786880542017 109
1786880543065 108
1786880543532 108
1786880543765 108
1786880544230 109
1786880545397 109
1786880547610 109
1786880548543 110
1786880549246 109
1786880550296 107
1786880552180 750
1786880553054 109
1786880554570 108
1786880554920 106
1786880555503 107
1786880555735 108
1786880556086 110
1786880556671 107
1786880557718 106
1786880558184 109
1786880558534 107
1786880558767 107
1786880561325 109
1786880562605 107
1786880562839 108
1786880563771 109
1786880565758 758
1786880566760 109
1786880568163 108
1786880568398 107
1786880568631 108
1786880569337 108
1786880569690 109
1786880571096 108
1786880571802 107
1786880572153 109
1786880572975 109
1786880574620 107
1786880576634 108
1786880576869 108
1786880577931 107
1786880579230 753
1786880580347 107
1786880581058 112
1786880581682 119
1786880582443 107
1786880583517 107
1786880584343 108
1786880585655 108
1786880586372 108
1786880587566 108
1786880588165 109
1786880590201 110
1786880591158 108
1786880591988 108
1786880592700 755
1786880593583 108
1786880593819 107
1786880595003 110
1786880595245 106
1786880595717 107
1786880596073 107
1786880596788 107
1786880597503 108
1786880599061 109
1786880599903 108
1786880601461 107
1786880601937 108
1786880604545 107
1786880604781 106
1786880605135 107
1786880605841 748
1786880606836 108
1786880607308 109
1786880607897 107
1786880608603 112
1786880609787 114
1786880610502 109
1786880611098 112
1786880612163 109
1786880613223 108
1786880614522 109
1786880615582 108
1786880617467 109
1786880618645 110
1786880618881 755
1786880619762 110
1786880621058 108
1786880621646 108
1786880622117 107
1786880622469 111
1786880623766 109
1786880624120 108
1786880624594 108
1786880625669 110
1786880626986 108
1786880628291 107
1786880629356 107
1786880631372 109
1786880632339 782
1786880633257 112
1786880633513 114
1786880633876 108
1786880635060 108
1786880635882 108
1786880636116 108
1786880636351 108
1786880636702 108
1786880637523 108
1786880637875 110
1786880638350 108
1786880639527 107
1786880641432 108
1786880642148 107
1786880643345 108
1786880644664 107
1786880645497 109
1786880645732 754
1786880647683 108
1786880648041 107
1786880648751 109
1786880648987 109
1786880649341 115
1786880649948 108
1786880651138 109
1786880651494 109
1786880652207 108
1786880653403 107
1786880655664 110
1786880656274 106
1786880656746 108
1786880658525 108
1786880659001 753
1786880660116 109
1786880661059 108
1786880661413 108
1786880661882 108
1786880662117 107
1786880662823 109
1786880663644 109
1786880664229 110
1786880665524 108
1786880666575 107
1786880669978 108
1786880670568 108
1786880671402 107
1786880672107 756
1786880673107 109
1786880674633 108
1786880674868 107
1786880675102 117
1786880675701 109
1786880676641 113
1786880677469 112
1786880678770 106
1786880679240 107
1786880679939 117
1786880683342 107
1786880683925 109
1786880684513 109
1786880684751 107
1786880685103 107
1786880685690 760
1786880687980 108
1786880688333 109
1786880689503 109
1786880690795 107
1786880692447 109
1786880692800 108
1786880693035 107
1786880696441 109
1786880696911 106
1786880697260 110
1786880697966 110
1786880698322 108
1786880699023 758
1786880700374 110
1786880700726 108
1786880701774 114
1786880702134 109
1786880702722 109
1786880703308 106
1786880705528 109
1786880706939 108
1786880707292 109
1786880709176 108
1786880709648 108
1786880710711 109
1786880712370 755
1786880713495 110
1786880713733 109
1786880714333 108
1786880714569 110
1786880715042 109
1786880715397 111
1786880716378 109
1786880717087 112
1786880718151 109
1786880719327 108
1786880720031 109
1786880721904 110
1786880722140 111
1786880723195 110
1786880725535 755
1786880726768 109
1786880727587 110
1786880728172 109
1786880728526 110
1786880729338 109
1786880729571 108
1786880730969 109
1786880732490 109
1786880732724 108
1786880733428 109
1786880735425 108
1786880736244 107
1786880736595 107
1786880738581 758
1786880739698 109
1786880740285 120
1786880741470 109
1786880741941 110
1786880743113 109
1786880743584 108
1786880744172 109
1786880744407 109
1786880745343 108
1786880746286 109
1786880746874 108
1786880747343 107
1786880749564 106
1786880749797 108
1786880750615 109
1786880751786 755
1786880753490 110
1786880754192 109
1786880755360 108
1786880756064 109
1786880756417 110
1786880757124 108
1786880757949 116
1786880758552 109
1786880759617 114
1786880760100 108
1786880760573 108
1786880762104 109
1786880762341 108
1786880764345 110
1786880764582 109
1786880765642 755
1786880767351 108
1786880768173 108
1786880768410 109
1786880769583 109
1786880770053 109
1786880770643 109
1786880771822 108
1786880772293 110
1786880773234 109
1786880773472 115
1786880774894 110
1786880775368 113
1786880777150 110
1786880777863 108
1786880778695 758
1786880779938 110
1786880781009 109
1786880781721 115
1786880782326 110
1786880783276 109
1786880783630 108
1786880785516 109
1786880785985 107
1786880786218 107
1786880787041 109
1786880788564 109
1786880790446 112
1786880791406 108
1786880791759 758
1786880793347 108
1786880794880 109
1786880795232 108
1786880795585 109
1786880795941 108
1786880796410 109
1786880797591 109
1786880799007 109
1786880799477 107
1786880800062 107
1786880800295 108
1786880800531 108
1786880800765 109
1786880802057 112
1786880804068 107
1786880804539 108
1786880804774 769
1786880807219 109
1786880807455 108
1786880808865 108
1786880809102 109
1786880809689 106
1786880809922 109
1786880810392 110
1786880812291 119
1786880812680 118
1786880814351 113
1786880814605 121
1786880815498 121
1786880816292 118
1786880817072 117
1786880818505 794
1786880821007 117
1786880821262 116
1786880821915 119
1786880823452 120
1786880823841 116
1786880824481 121
1786880825139 119
1786880826423 113
1786880826671 115
1786880827441 112
1786880828854 119
1786880829820 107
1786880830524 109
1786880831933 109
1786880833228 762
1786880834119 110
1786880836615 110
1786880837441 107
1786880837678 109
1786880837917 108
1786880838154 109
1786880839473 110
1786880840669 110
1786880841029 108
1786880841990 108
1786880842587 110
1786880843422 108
1786880844496 110
1786880846051 110
1786880846410 757
1786880847784 109
1786880848260 107
1786880851006 117
1786880851377 109
1786880851734 107
1786880851970 108
1786880852681 110
1786880853753 109
1786880854700 108
1786880854934 107
1786880855880 108
1786880856944 115
1786880858140 109
1786880859674 790
1786880861303 109
1786880861539 110
1786880861896 112
1786880863673 109
1786880865572 109
1786880865812 109
1786880866054 117
1786880867276 109
1786880867874 109
1786880868232 110
1786880869066 110
1786880869306 107
1786880871334 108
1786880871691 110
1786880871930 108
1786880872765 109
1786880874314 760
1786880875798 116
1786880877125 107
1786880877362 109
1786880879494 110
1786880879732 110
1786880880089 109
1786880881642 109
1786880881880 117
1786880882483 107
1786880883426 110
1786880883663 109
1786880884251 109
1786880885429 108
1786880885663 109
1786880888719 758
1786880889606 111
1786880890667 110
1786880892203 111
1786880893032 110
1786880893505 110
1786880893742 108
1786880894924 110
1786880895280 107
1786880896120 115
1786880897192 108
1786880897667 110
1786880899092 108
1786880899448 108
1786880901702 109
1786880902420 762
1786880904376 110
1786880904853 107
1786880905565 108
1786880906520 108
1786880907476 109
1786880908069 110
1786880909017 115
1786880909618 109
1786880910089 109
1786880910913 114
1786880911988 115
1786880912237 108
1786880913537 110
1786880914720 109
1786880914958 109
1786880915430 110
1786880917336 760
1786880918586 108
1786880919305 108
1786880919664 108
1786880920378 118
1786880920629 110
1786880922292 109
1786880922765 109
1786880923121 110
1786880923477 108
1786880924428 109
1786880925025 109
1786880925505 109
1786880926947 108
1786880928723 109
1786880929669 109
1786880930499 760
1786880931861 110
1786880932104 107
1786880932935 109
1786880933421 116
1786880935917 110
1786880937219 108
1786880937454 108
1786880937689 110
1786880938165 108
1786880938401 115
1786880939356 109
1786880940422 110
1786880942198 108
1786880943369 107
1786880943721 760
1786880944964 109
1786880945203 110
1786880945919 118
1786880946408 107
1786880949018 109
1786880950088 108
1786880950445 110
1786880951392 108
1786880951629 111
1786880951987 109
1786880952819 108
1786880953763 109
1786880954237 109
1786880956134 113
1786880956729 109
1786880957318 761
1786880958325 110
1786880958917 109
1786880960093 110
1786880963504 109
1786880963976 109
1786880965039 117
1786880965880 110
1786880966471 109
1786880966826 109
1786880967654 109
1786880968477 109
1786880969886 110
1786880970592 771
1786880971725 108
1786880972078 110
1786880972315 109
1786880973254 108
1786880977235 110
1786880977824 110
1786880978179 109
1786880978415 108
1786880979121 109
1786880980059 111
1786880980645 110
1786880981001 108
1786880983239 109
1786880983709 109
1786880984534 765
1786880985426 111
1786880985899 111
1786880986856 109
1786880990632 110
1786880990870 109
1786880991461 108
1786880992169 109
1786880992524 108
1786880993823 109
1786880994177 107
1786880995005 113
1786880995367 108
1786880997131 108
1786880997366 108
1786880997834 758
1786880999073 109
1786880999547 108
1786881000608 108
1786881004033 109
1786881004386 109
1786881004622 109
1786881005095 107
1786881006158 107
1786881006747 108
1786881008279 110
1786881008870 109
1786881009107 108
1786881010163 110
1786881011105 762
1786881012583 116
1786881012832 117
1786881013317 107
1786881018544 109
1786881018900 109
1786881019255 107
1786881019843 109
1786881020197 108
1786881022309 109
1786881022545 111
1786881023024 107
1786881023378 109
1786881023614 109
1786881024322 765
1786881026515 109
1786881026751 107
1786881026988 109
1786881027225 108
1786881032075 111
1786881032667 110
1786881033380 109
1786881033617 109
1786881034091 110
1786881034804 109
1786881035512 108
1786881035866 110
1786881036578 114
1786881038120 765
1786881039603 108
1786881039838 110
1786881040785 108
1786881041021 108
1786881041727 110
1786881045524 109
1786881046852 109
1786881047328 110
1786881047923 110
1786881048401 109
1786881048881 111
1786881049121 110
1786881049358 110
1786881051848 760
1786881053092 112
1786881053330 108
1786881054633 109
1786881055223 110
1786881055460 109
1786881055696 110
1786881059475 110
1786881059713 110
1786881060543 115
1786881061263 108
1786881061977 108
1786881062214 109
1786881063405 109
1786881064119 108
1786881065312 762
1786881067160 110
1786881067876 109
1786881068704 109
1786881069415 110
1786881069773 109
1786881072509 110
1786881073701 112
1786881074178 110
1786881075248 109
1786881075722 113
1786881076693 109
1786881077402 110
1786881077640 109
1786881078236 109
1786881079301 766
1786881080903 107
1786881081257 109
1786881082558 109
1786881082914 109
1786881083745 109
1786881084457 109
1786881085167 110
1786881086588 108
1786881087654 109
1786881088484 108
1786881088957 109
1786881090385 110
1786881090625 108
1786881091110 114
1786881091951 112
1786881093153 763
1786881095119 110
1786881095359 109
1786881096309 109
1786881097019 111
1786881097379 109
1786881098094 112
1786881099296 110
1786881099533 111
1786881100840 109
1786881101556 109
1786881102987 111
1786881104835 110
1786881105071 111
1786881105790 110
1786881107095 765
1786881108576 108
1786881109401 110
1786881110106 109
1786881110696 110
1786881111052 111
1786881111407 108
1786881112235 109
1786881112828 110
1786881114360 109
1786881115423 109
1786881116604 108
1786881117309 109
1786881118134 108
1786881118606 108
1786881119432 107
1786881120258 107
1786881120611 771
1786881122572 109
1786881123753 109
1786881124343 110
1786881124582 109
1786881125527 107
1786881125998 107
1786881126234 108
1786881127414 108
1786881129542 110
1786881130015 109
1786881130488 110
1786881131323 110
1786881131799 109
1786881132036 108
1786881133941 769
1786881134956 108
1786881135670 108
1786881135907 110
1786881137484 108
1786881137839 108
1786881138552 111
1786881139388 109
1786881140571 110
1786881141164 108
1786881142827 110
1786881143421 108
1786881144367 108
1786881144605 118
1786881145327 110
1786881146867 108
1786881147575 764
1786881148940 111
1786881150359 110
1786881151305 110
1786881151660 108
1786881152836 108
1786881153896 109
1786881154250 110
1786881154721 111
1786881156255 110
1786881157081 109
1786881157318 110
1786881158145 116
1786881159340 110
1786881160286 109
1786881160760 764
1786881163320 109
1786881164162 110
1786881165117 108
1786881165354 109
1786881167162 109
1786881167870 109
1786881168460 108
1786881169990 109
1786881170933 118
1786881171773 108
1786881173188 111
1786881173545 110
1786881173902 767
1786881174916 110
1786881176575 109
1786881177406 109
1786881178119 110
1786881178715 113
1786881179670 110
1786881181225 110
1786881181464 112
1786881182062 111
1786881182304 110
1786881184091 110
1786881186714 109
1786881186950 109
1786881187781 770
1786881189395 110
1786881189989 110
1786881191182 111
1786881191543 109
1786881192861 110
1786881193338 109
1786881194416 111
1786881195255 110
1786881195493 113
1786881195858 117
1786881196722 110
1786881199708 110
1786881201497 767
1786881203108 110
1786881203466 111
1786881203942 117
1786881204192 109
1786881205737 110
1786881206214 109
1786881207643 109
1786881208119 109
1786881208714 108
1786881208951 109
1786881209546 109
1786881210739 109
1786881213962 109
1786881214913 772
1786881216528 110
1786881217004 118
1786881217854 109
1786881218210 110
1786881219398 109
1786881219993 116
1786881220957 108
1786881221194 110
1786881222265 110
1786881222863 110
1786881225501 107
1786881226351 109
1786881228269 764
1786881230241 111
1786881230479 110
1786881231789 109
1786881232567 122
1786881232835 120
1786881233360 118
1786881233612 111
1786881233862 121
1786881235195 109
1786881235554 109
1786881236390 109
1786881236628 109
1786881237225 109
1786881238063 109
1786881240340 110
1786881240821 108
1786881242374 769
1786881243875 110
1786881245076 108
1786881245435 109
1786881246271 110
1786881246510 108
1786881246985 109
1786881247700 109
1786881248536 109
1786881249371 109
1786881250321 111
1786881251512 108
1786881254030 109
1786881254865 108
1786881255459 111
1786881256663 763
1786881257794 109
1786881259710 109
1786881260069 110
1786881260429 108
1786881261023 110
1786881262692 111
1786881263289 110
1786881264005 109
1786881264951 109
1786881265189 108
1786881266963 109
1786881268029 109
1786881269212 109
1786881269924 764
1786881271181 115
1786881272847 109
1786881273083 107
1786881273439 108
1786881274032 110
1786881274389 108
1786881276423 108
1786881277020 108
1786881277258 108
1786881277494 109
1786881278091 109
1786881278809 109
1786881279768 110
1786881281089 111
1786881282776 108
1786881283611 764
1786881285338 113
1786881286197 108
1786881286912 110
1786881287269 111
1786881288223 110
1786881288579 110
1786881288937 109
1786881290006 109
1786881290245 108
1786881291547 108
1786881292374 108
1786881292610 107
1786881294265 110
1786881295565 110
1786881296874 768
1786881298234 108
1786881299903 114
1786881300272 110
1786881300631 110
1786881301968 108
1786881302329 109
1786881302808 108
1786881303375 109
1786881303612 109
1786881305042 111
1786881305758 108
1786881305993 108
1786881307178 108
1786881308007 107
1786881310369 767
1786881312567 110
1786881312921 110
1786881313158 109
1786881314224 109
1786881314934 110
1786881315407 109
1786881315881 117
1786881316600 109
1786881317072 109
1786881317779 108
1786881318133 108
1786881318603 110
1786881320370 109
1786881320607 113
1786881320851 110
1786881323448 108
1786881325567 769
1786881326699 110
1786881327053 109
1786881327762 110
1786881327999 109
1786881328236 110
1786881328710 109
1786881328946 108
1786881329300 110
1786881330249 109
1786881331196 108
1786881331551 108
1786881331788 110
1786881333931 108
1786881334167 109
1786881335117 111
1786881337018 111
1786881337257 110
1786881339628 768
1786881340765 113
1786881341010 109
1786881341966 108
1786881342204 110
1786881342922 109
1786881343401 108
1786881344472 108
1786881344710 109
1786881346525 110
1786881347363 109
1786881349747 109
1786881349983 109
1786881352238 110
1786881353662 770
1786881354560 109
1786881354917 109
1786881355393 109
1786881355749 109
1786881355987 109
1786881356935 109
1786881357409 110
1786881357647 110
1786881358718 109
1786881359192 110
1786881359669 109
1786881360502 109
1786881363256 109
1786881363731 109
1786881366111 110
1786881366944 773
1786881368321 110
1786881368560 110
1786881368798 109
1786881369276 109
1786881370114 107
1786881370352 110
1786881371551 109
1786881372271 108
1786881372867 108
1786881373699 110
1786881373938 109
1786881376699 111
1786881377417 109
1786881379808 108
1786881380767 766
1786881381663 109
1786881382020 108
1786881382614 109
1786881382971 108
1786881383208 109
1786881384521 109
1786881384881 110
1786881386572 109
1786881386932 109
1786881387531 108
1786881389683 110
1786881390279 109
1786881392550 109
1786881393383 108
1786881393862 107
1786881394456 769
1786881395355 108
1786881395952 110
1786881397149 110
1786881397511 110
1786881397990 111
1786881399788 110
1786881400147 109
1786881403040 109
1786881403519 107
1786881405318 109
1786881406532 110
1786881406771 110
1786881408095 769
1786881409212 112
1786881409453 108
1786881410292 109
1786881411372 110
1786881411852 109
1786881412809 108
1786881413168 110
1786881413529 108
1786881416549 110
1786881416912 110
1786881417759 110
1786881419207 110
1786881419569 110
1786881420418 108
1786881420658 110
1786881421638 773
1786881422782 110
1786881423743 108
1786881424461 110
1786881425182 108
1786881425543 109
1786881426874 110
1786881427236 110
1786881428320 110
1786881429888 110
1786881430610 108
1786881432297 111
1786881432778 109
1786881433017 108
1786881433619 110
1786881434945 774
1786881436623 109
1786881437824 109
1786881438183 111
1786881438900 109
1786881439864 111
1786881440948 111
1786881442273 110
1786881442631 110
1786881443348 109
1786881445262 114
1786881445870 109
1786881446582 109
1786881447175 109
1786881448829 770
1786881450559 111
1786881451035 113
1786881451988 111
1786881452228 110
1786881452467 110
1786881454359 115
1786881454609 111
1786881456752 110
1786881456992 110
1786881458660 110
1786881459017 111
1786881459969 109
1786881460324 111
1786881460802 108
1786881461041 110
1786881462113 775
1786881464922 110
1786881465279 110
1786881465754 113
1786881466719 110
1786881467548 109
1786881468259 111
1786881469327 111
1786881471117 109
1786881471951 110
1786881472190 110
1786881472786 112
1786881473502 111
1786881473860 108
1786881474098 110
1786881475642 771
1786881477732 110
1786881478682 110
1786881480225 109
1786881480463 109
1786881480699 109
1786881482500 114
1786881483698 110
1786881484767 110
1786881485126 110
1786881485723 110
1786881486201 109
1786881486560 111
1786881487042 110
1786881491129 772
1786881492150 110
1786881492390 111
1786881493594 111
1786881494436 111
1786881494798 110
1786881495997 113
1786881497207 114
1786881497695 109
1786881497934 108
1786881498647 111
1786881499365 111
1786881499603 110
1786881499840 109
1786881500668 109
1786881505061 769
1786881506317 112
1786881506556 110
1786881507385 110
1786881507622 109
1786881507977 109
1786881509870 110
1786881510226 110
1786881510959 113
1786881511205 110
1786881511679 110
1786881512036 110
1786881512748 111
1786881513220 109
1786881514399 112
1786881518190 110
1786881519256 774
1786881520868 109
1786881521697 110
1786881521937 109
1786881523001 111
1786881523480 115
1786881524087 110
1786881524926 110
1786881525286 110
1786881525526 109
1786881526254 111
1786881528049 109
1786881528767 111
1786881531401 109
1786881531879 109
1786881532240 108
1786881534761 779
1786881535668 113
1786881536149 110
1786881536505 110
1786881537578 109
1786881538054 108
1786881538291 109
1786881539003 110
1786881539714 109
1786881540429 110
1786881542688 110
1786881544584 117
1786881544834 110
1786881546019 109
1786881548631 774
1786881549534 110
1786881549773 110
1786881550012 109
1786881550726 110
1786881551082 110
1786881551678 111
1786881552037 110
1786881552514 110
1786881554193 116
1786881554683 111
1786881556633 112
1786881557352 109
1786881557948 109
1786881558423 110
1786881560685 110
1786881561996 772
1786881563016 110
1786881563493 110
1786881564689 109
1786881564927 110
1786881565523 110
1786881566002 109
1786881566955 110
1786881568034 114
1786881568283 109
1786881570778 118
1786881571639 110
1786881571998 109
1786881572356 109
1786881575217 108
1786881576651 775
1786881577916 110
1786881578274 111
1786881579354 111
1786881579595 110
1786881579955 111
1786881580919 110
1786881581518 109
1786881581875 110
1786881584028 110
1786881584746 108
1786881585585 112
1786881586677 110
1786881588253 109
1786881589095 109
1786881589940 109
1786881590302 774
1786881591449 110
1786881591689 112
1786881592779 109
1786881594351 109
1786881594831 111
1786881595193 111
1786881595915 111
1786881596760 110
1786881597967 109
1786881598932 110
1786881600254 111
1786881601210 109
1786881602403 112
1786881603123 109
1786881603477 108
1786881604306 772
1786881605562 111
1786881606155 109
1786881606393 109
1786881607577 109
1786881607814 111
1786881608528 109
1786881609832 109
1786881610424 109
1786881611372 110
1786881612206 110
1786881614230 110
1786881615063 111
1786881615423 110
1786881616624 113
1786881617226 110
1786881617464 109
1786881618416 780
1786881620045 109
1786881621002 110
1786881621716 110
1786881621954 108
1786881623623 110
1786881624099 110
1786881624817 109
1786881626134 110
1786881628044 110
1786881628282 109
1786881629233 110
1786881629831 110
1786881630547 109
1786881630904 112
1786881631151 112
1786881631868 776
1786881633248 110
1786881633726 110
1786881635748 110
1786881637057 110
1786881638012 110
1786881638252 110
1786881638846 110
1786881640280 111
1786881641357 111
1786881641599 110
1786881642558 111
1786881643514 109
1786881643871 108
1786881644227 111
1786881645426 783
1786881646697 111
1786881647058 110
1786881647415 111
1786881649796 111
1786881651583 110
1786881652417 111
1786881652895 111
1786881653135 111
1786881653852 111
1786881655164 112
1786881655640 110
1786881656356 109
1786881657306 110
1786881658376 110
1786881659921 779
1786881660826 110
1786881661066 118
1786881663837 110
1786881664796 109
1786881665513 109
1786881665751 109
1786881666109 109
1786881667420 109
1786881667778 109
1786881668734 110
1786881669570 109
1786881670048 109
1786881671607 109
1786881671967 109
1786881672807 109
1786881673404 777
1786881674311 110
1786881674913 110
1786881677600 109
1786881678081 111
1786881679044 109
1786881679523 111
1786881680004 111
1786881680724 110
1786881681321 110
1786881682398 110
1786881682639 112
1786881683364 111
1786881684340 111
1786881685922 110
1786881687620 776
1786881688890 110
1786881689130 112
1786881690579 111
1786881691799 111
1786881692164 111
1786881692888 110
1786881693369 110
1786881694336 110
1786881695414 111
1786881696728 110
1786881696968 110
1786881697686 111
1786881699366 109
1786881700680 110
1786881702116 777
1786881703022 110
1786881703262 110
1786881704216 110
1786881706013 112
1786881706260 109
1786881706497 110
1786881706737 109
1786881707695 110
1786881708175 110
1786881709494 109
1786881710093 110
1786881710574 110
1786881710813 110
1786881711169 110
1786881712600 111
1786881714871 111
1786881715111 110
1786881715828 777
1786881717326 111
1786881718044 109
1786881718282 109
1786881720315 110
1786881720914 113
1786881721168 114
1786881722375 111
1786881722617 111
1786881723221 110
1786881723460 111
1786881724185 111
1786881725509 111
1786881726470 109
1786881729118 111
1786881729838 778
1786881731106 111
1786881731587 110
1786881732067 109
1786881732546 111
1786881734467 110
1786881734948 110
1786881735189 110
1786881735907 114
1786881736553 110
1786881737628 109
1786881737865 109
1786881738103 110
1786881739414 111
1786881740131 110
1786881742753 110
1786881744188 773
1786881745327 110
1786881745566 110
1786881746043 109
1786881747234 109
1786881748183 109
1786881748421 109
1786881748660 110
1786881749136 110
1786881750211 117
1786881750462 109
1786881751311 110
1786881751790 110
1786881752389 109
1786881754406 110
1786881757385 110
1786881757624 780
1786881758771 110
1786881759012 109
1786881759250 110
1786881761408 110
1786881761649 110
1786881761888 109
1786881762127 111
1786881762849 110
1786881763327 111
1786881765133 109
1786881765371 109
1786881766945 110
1786881768388 110
1786881770792 110
1786881771032 111
1786881771874 781
1786881772905 111
1786881773746 110
1786881774466 110
1786881774706 111
1786881775067 110
1786881775549 109
1786881777110 110
1786881778662 111
1786881779022 110
1786881779260 110
1786881781424 113
1786881782385 110
1786881784655 112
1786881784895 111
1786881785374 780
1786881786525 112
1786881787363 109
1786881787841 109
1786881788080 110
1786881788318 110
1786881789036 109
1786881790229 111
1786881790823 111
1786881792736 116
1786881793224 110
1786881793942 111
1786881794541 110
1786881796373 117
1786881797722 116
1786881798574 112
1786881799177 777
1786881800918 111
1786881801279 109
1786881802356 112
1786881802718 111
1786881802960 110
1786881804636 113
1786881805359 109
1786881807034 120
1786881808128 111
1786881808849 110
1786881809089 111
1786881810647 110
1786881811503 109
1786881812701 781
1786881813611 111
1786881814344 110
1786881814837 109
1786881816456 110
1786881816951 110
1786881817196 114
1786881817586 111
1786881818580 110
1786881820562 110
1786881822304 110
1786881822671 109
1786881823285 110
1786881825774 109
1786881826153 784
1786881827070 111
1786881829052 114
1786881829301 109
1786881829667 109
1786881831007 110
1786881831498 111
1786881832363 110
1786881832731 110
1786881833220 113
1786881834718 111
1786881835212 111
1786881836323 110
1786881837184 109
1786881838169 110
1786881840016 781
1786881840929 113
1786881841188 115
1786881842416 108
1786881843397 111
1786881844262 110
1786881844997 109
1786881845237 110
1786881846334 109
1786881846944 110
1786881847552 109
1786881847913 112
1786881848396 110
1786881849480 111
1786881850685 111
1786881851650 111
1786881851891 110
1786881854410 780
1786881856408 111
1786881856887 111
1786881858086 117
1786881858696 111
1786881859297 110
1786881859898 111
1786881860138 112
1786881860618 111
1786881861456 111
1786881861698 110
1786881863018 111
1786881863378 112
1786881864220 111
1786881865180 111
1786881867577 112
1786881868063 780
1786881869573 110
1786881870891 113
1786881871373 110
1786881872329 111
1786881873169 112
1786881873519 110
1786881873878 109
1786881875325 113
1786881875810 111
1786881876050 111
1786881876290 109
1786881876647 111
1786881879286 110
1786881880721 110
1786881881199 109
1786881882397 780
1786881884748 111
1786881884990 111
1786881886077 111
1786881886562 111
1786881887166 110
1786881887649 111
1786881888496 109
1786881889347 110
1786881889953 111
1786881890554 111
1786881890795 109
1786881891277 110
1786881892724 111
1786881894892 110
1786881896336 779
1786881898089 111
1786881898330 112
1786881898573 110
1786881900254 110
1786881901939 111
1786881902176 111
1786881902415 112
1786881903491 112
1786881903849 111
1786881904329 111
1786881905646 110
1786881905885 112
1786881906365 110
1786881908163 111
1786881909126 111
1786881910210 788
1786881911488 109
1786881912091 113
1786881913791 114
1786881915006 109
1786881915246 110
1786881915487 109
1786881917076 111
1786881917319 108
1786881917557 110
1786881918042 109
1786881919256 109
1786881919619 110
1786881920708 110
1786881921923 109
1786881922891 109
1786881923978 780
1786881925129 110
1786881925610 110
1786881926457 110
1786881928753 110
1786881929235 110
1786881929595 109
1786881930079 111
1786881930682 111
1786881931286 111
1786881932611 109
1786881933454 120
1786881933950 110
1786881934431 110
1786881936241 109
1786881936842 109
1786881938050 782
1786881939323 111
1786881940532 110
1786881943201 110
1786881943561 109
1786881944164 109
1786881944646 110
1786881945372 110
1786881945734 110
1786881947322 110
1786881947685 109
1786881947924 109
1786881950574 110
1786881951538 108
1786881951898 781
1786881953653 112
1786881954379 109
1786881955344 110
1786881957757 111
1786881957998 111
1786881958239 111
1786881958480 111
1786881958841 110
1786881959685 112
1786881960167 111
1786881960527 111
1786881960888 112
1786881961847 111
1786881964377 110
1786881965464 785
1786881966741 110
1786881967227 109
1786881967588 112
1786881968675 110
1786881971573 110
1786881972293 110
1786881972774 111
1786881973743 110
1786881973983 110
1786881974347 110
1786881976169 110
1786881977776 111
1786881979605 781
1786881981007 111
1786881981491 110
1786881981856 110
1786881983559 112
1786881985745 111
1786881986109 111
1786881986352 111
1786881987574 111
1786881988307 110
1786881988668 110
1786881990733 111
1786881991584 109
1786881991824 111
1786881993292 783
1786881994206 111
1786881994944 111
1786881995187 110
1786881995799 111
1786881996654 109
1786881998606 111
1786881999458 112
1786881999819 111
1786882000181 112
1786882001275 118
1786882001652 110
1786882002620 109
1786882005032 110
1786882005754 110
1786882007802 783
1786882008836 110
1786882011132 113
1786882012100 112
1786882012463 109
1786882013070 112
1786882014524 110
1786882014886 109
1786882015733 109
1786882015972 109
1786882016333 109
1786882018517 109
1786882019971 109
1786882021431 783
1786882022466 110
1786882022705 110
1786882024894 110
1786882025982 112
1786882026588 112
1786882026951 109
1786882027553 111
1786882027794 110
1786882028758 110
1786882029240 110
1786882029478 110
1786882031758 110
1786882034641 110
1786882034880 109
1786882035120 784
1786882036528 112
1786882038827 109
1786882040182 111
1786882040548 113
1786882040792 111
1786882041154 111
1786882042858 109
1786882043098 109
1786882043339 110
1786882045175 110
1786882048120 111
1786882048484 109
1786882048725 786
1786882049641 111
1786882050246 111
1786882053287 110
1786882053528 110
1786882053889 110
1786882054488 112
1786882055451 111
1786882056773 111
1786882057374 110
1786882057614 110
1786882057855 111
1786882058097 111
1786882059425 112
1786882062433 787
1786882063471 110
1786882064562 111
1786882065774 110
1786882066880 113
1786882067734 111
1786882069075 110
1786882069316 109
1786882069556 111
1786882070042 111
1786882070530 111
1786882071380 109
1786882073324 111
1786882075641 111
1786882076127 785
1786882077531 111
1786882078257 110
1786882079467 109
1786882079949 109
1786882081419 109
1786882081661 111
1786882082637 110
1786882083246 110
1786882083486 110
1786882083972 111
1786882084334 111
1786882085184 111
1786882087368 110
1786882089305 109
1786882089666 111
1786882090641 804
1786882091944 109
1786882093640 110
1786882094002 111
1786882094850 110
1786882095333 109
1786882095695 109
1786882097537 110
1786882098022 108
1786882098384 110
1786882101055 110
1786882102996 109
1786882103235 111
1786882104074 110
1786882104314 110
1786882105041 785
1786882106928 110
1786882107416 109
1786882108392 112
1786882109735 110
1786882109976 111
1786882110459 111
1786882110822 110
1786882111062 120
1786882111317 110
1786882113255 113
1786882115331 110
1786882116549 111
1786882117156 110
1786882117518 110
1786882118245 112
1786882119953 786
1786882121970 111
1786882122823 111
1786882123310 110
1786882123674 111
1786882124162 111
1786882124772 111
1786882125387 111
1786882125756 112
1786882127109 111
1786882129807 111
1786882130050 111
1786882130295 110
1786882131531 111
1786882132566 117
1786882133710 785
1786882137329 111
1786882137572 111
1786882137938 111
1786882138424 110
1786882139150 111
1786882140356 110
1786882141568 112
1786882142056 111
1786882142909 113
1786882143154 109
1786882143761 111
1786882144369 111
1786882145341 111
1786882147291 797
1786882148949 110
1786882150651 109
1786882151987 110
1786882152228 111
1786882152468 110
1786882153307 109
1786882154746 109
1786882154985 109
1786882155826 110
1786882156907 110
1786882157397 111
1786882158118 111
1786882159204 109
1786882159443 109
1786882161607 786
1786882162764 109
1786882164330 111
1786882165055 110
1786882166140 111
1786882166381 109
1786882166984 111
1786882167223 109
1786882167581 109
1786882169147 110
1786882169386 111
1786882169989 111
1786882170229 110
1786882170830 110
1786882172292 110
1786882172892 112
1786882174608 110
1786882175701 785
1786882177354 108
1786882178937 109
1786882179299 110
1786882180147 109
1786882180633 110
1786882181851 110
1786882182091 109
1786882182940 110
1786882183181 110
1786882183786 109
1786882184511 110
1786882184994 110
1786882186094 113
1786882186960 109
1786882187938 109
1786882188798 109
1786882189039 109
1786882191492 788
1786882192410 111
1786882193519 111
1786882194012 111
1786882196729 109
1786882196969 111
1786882198946 115
1786882202345 113
1786882203401 111
1786882205293 809
1786882208176 111
1786882208526 109
1786882209790 114
1786882213278 114
1786882213516 109
1786882215426 114
1786882216454 113
1786882216813 117
1786882220297 810
1786882221341 109
1786882223437 113
1786882223674 113
1786882223912 115
1786882225548 117
1786882227301 117
1786882228095 109
1786882232104 117
1786882267107 812
1786882268038 128
1786882268284 132
1786882268533 131
1786882268781 131
1786882268979 129
1786882269228 129
1786882269476 130
1786882269726 130
1786882269975 129
1786882270205 132
1786882270457 132
1786882270709 133
1786882270961 130
1786882271324 118
1786882271495 128
1786882271724 131
1786882273608 134
1786882317402 830
1786882354882 826
1786882355953 137
1786882356219 135
1786882356482 137
1786882356746 138
1786882357248 135
1786882357629 135
1786882358128 136
1786882359204 136
1786882359447 136
1786882359827 135
1786882360207 136
1786882360591 136
1786882361060 137
1786882361680 135
1786882362892 135
1786882363104 136
1786882363368 137
1786882363871 137
1786882364135 136
1786882364635 138
1786882364901 136
1786882365281 134
1786882365779 136
1786882366043 137
1786882366311 135
1786882366691 136
1786882366957 133
1786882367217 135
1786882367952 136
1786882368324 135
1786882368558 134
1786882368937 829
1786882369893 137
1786882370512 137
1786882370895 122
1786882371146 123
1786882371517 123
1786882371875 122
1786882372125 120
1786882372610 122
1786882372861 130
1786882373125 131
1786882373506 121
1786882373973 121
1786882374332 121
1786882374581 121
1786882374831 120
1786882375080 121
1786882375680 124
1786882375931 122
1786882376299 122
1786882376612 123
1786882376861 121
1786882377327 122
1786882377695 122
1786882378179 120
1786882378900 122
1786882379150 123
1786882379388 122
1786882379638 122
1786882379887 120
1786882380135 121
1786882380384 122
1786882380751 122
1786882381488 123
1786882381737 121
1786882381986 121
1786882382433 121
1786882383152 817
1786882384332 122
1786882384581 121
1786882384829 122
1786882385186 121
1786882385523 120
1786882385752 130
1786882386131 122
1786882386381 122
1786882387099 122
1786882387347 130
1786882387610 121
1786882387955 128
1786882388335 132
1786882388596 131
1786882388973 132
1786882389232 134
1786882389845 132
1786882390446 133
1786882390705 133
1786882391035 134
1786882391649 133
1786882391909 132
1786882392169 130
1786882392663 132
1786882393145 131
1786882393404 131
1786882393995 135
1786882394374 145
1786882394770 132
1786882395029 133
1786882395291 132
1786882395647 131
1786882395907 134
1786882396182 132
1786882396441 143
1786882396839 145
1786882397118 132
1786882397378 823
1786882398916 131
1786882399399 130
1786882399656 132
1786882400132 134
1786882400512 133
1786882400770 134
1786882401149 133
1786882401765 140
1786882402024 132
1786882402285 132
1786882402664 134
1786882403043 134
1786882403305 131
1786882403681 132
1786882404061 133
1786882404320 134
1786882404581 134
1786882405196 133
1786882405693 133
1786882405954 132
1786882406449 140
1786882406720 134
1786882407336 133
1786882407576 133
1786882407894 130
1786882408270 132
1786882408528 131
1786882408904 131
1786882409399 132
1786882409895 131
1786882410154 131
1786882410625 132
1786882411070 130
1786882411564 821
1786882412513 131
1786882412771 130
1786882413029 132
1786882413406 129
1786882413761 130
1786882414258 130
1786882414633 130
1786882415129 130
1786882415504 131
1786882415763 131
1786882416022 132
1786882416281 131
1786882416658 131
1786882416886 131
1786882417145 130
1786882417521 131
1786882417899 130
1786882418355 133
1786882418735 131
1786882418993 129
1786882419250 130
1786882419628 131
1786882420241 131
1786882420500 129
1786882420875 130
1786882421252 130
1786882421510 130
1786882421767 131
1786882422145 130
1786882422402 130
1786882422659 131
1786882423145 130
1786882423618 130
1786882424231 131
1786882424488 130
1786882424745 131
1786882425121 130
1786882425475 830
1786882426550 131
1786882426996 135
1786882427377 130
1786882427635 129
1786882428012 130
1786882428388 130
1786882428644 122
1786882429364 130
1786882429740 130
1786882430224 130
1786882430600 130
1786882430857 131
1786882431114 129
1786882431436 131
1786882431694 121
1786882431944 121
1786882432190 121
1786882432439 120
1786882432685 121
1786882432934 124
1786882433324 129
1786882433714 133
1786882433981 125
1786882434240 130
1786882434472 131
1786882434736 122
1786882435104 121
1786882435470 122
1786882435836 122
1786882436309 120
1786882436791 120
1786882437038 121
1786882437288 120
1786882437771 122
1786882438020 122
1786882438504 122
1786882438872 121
1786882439238 119
1786882439486 814
1786882440429 120
1786882440678 120
1786882440925 126
1786882441297 121
1786882441546 120
1786882441794 121
1786882442399 121
1786882442648 120
1786882442896 122
1786882443264 119
1786882443749 132
1786882444009 121
1786882444376 120
1786882444744 123
1786882444996 123
1786882445365 122
1786882445614 122
1786882446083 120
1786882446548 122
1786882447271 122
1786882447521 122
1786882448010 120
1786882448258 122
1786882448605 122
1786882448856 121
1786882449341 121
1786882449827 121
1786882450295 121
1786882450544 119
1786882451127 122
1786882451377 122
1786882451627 121
1786882451996 122
1786882452246 121
1786882452852 121
1786882453100 121
1786882453821 827
1786882454896 135
1786882455494 135
1786882455758 137
1786882456285 135
1786882456548 134
1786882456747 133
1786882457245 136
1786882457509 135
1786882457861 136
1786882458124 134
1786882458386 132
1786882458763 136
1786882459025 134
1786882459407 136
1786882459779 138
1786882460044 134
1786882460370 134
1786882460633 133
1786882461133 133
1786882461512 136
1786882461894 133
1786882462392 135
1786882462655 134
1786882462906 134
1786882463287 133
1786882463548 134
1786882463910 135
1786882464172 134
1786882464415 133
1786882464913 135
1786882465294 134
1786882465555 149
1786882465945 134
1786882466206 140
1786882466475 136
1786882466975 133
1786882467353 136
1786882467972 828
1786882469281 134
1786882469543 136
1786882469807 135
1786882470179 134
1786882470442 136
1786882470705 134
1786882471093 140
1786882471596 134
1786882471977 135
1786882472239 135
1786882472500 135
1786882472880 134
1786882473142 134
1786882473501 140
1786882473889 134
1786882474269 133
1786882474531 134
1786882474793 134
1786882475174 134
1786882475437 135
1786882475817 134
1786882476314 136
1786882476577 136
1786882476822 123
1786882477072 123
1786882477890 122
1786882478138 121
1786882478505 122
1786882478755 121
1786882479120 119
1786882479488 122
1786882479974 122
1786882480225 130
1786882480608 122
1786882480859 123
1786882481111 123
1786882481480 126
1786882482187 819
1786882483135 121
1786882483384 123
1786882483873 122
1786882484124 123
1786882484376 123
1786882484628 131
1786882484892 123
1786882485368 123
1786882485856 124
1786882486446 120
1786882486812 121
1786882487062 123
1786882487529 123
1786882488018 123
1786882488269 122
1786882488638 121
1786882488996 122
1786882489364 123
1786882489615 122
1786882489982 121
1786882490231 123
1786882491070 121
1786882491319 123
1786882491570 121
1786882491937 121
1786882492187 121
1786882492671 126
1786882492928 123
1786882493531 122
1786882493781 122
1786882494267 123
1786882494518 123
1786882494769 123
1786882495018 124
1786882495594 124
1786882495834 122
1786882496319 815
1786882497479 121
1786882497965 121
1786882498433 121
1786882498685 122
1786882499053 121
1786882499302 121
1786882499550 123
1786882499920 122
1786882500170 122
1786882500656 121
1786882500905 123
1786882501112 124
1786882501363 122
1786882501613 131
1786882501878 131
1786882502615 133
1786882502876 134
1786882503115 133
1786882503375 134
1786882503755 134
1786882504018 134
1786882504280 132
1786882504541 131
1786882504800 133
1786882505296 133
1786882505555 133
1786882505816 132
1786882506075 132
1786882506689 132
1786882506949 132
1786882507207 134
1786882507469 131
1786882507728 130
1786882508558 132
1786882508936 133
1786882509424 133
1786882510040 133
1786882510536 826
1786882511488 134
1786882511750 131
1786882512129 133
1786882512495 133
1786882512756 132
1786882513252 132
1786882513512 132
1786882513889 133
1786882514475 132
1786882514851 133
1786882515228 131
1786882515487 133
1786882516092 138
1786882516359 133
1786882516838 143
1786882517244 138
1786882517511 139
1786882517899 133
1786882518514 132
1786882518773 134
1786882519270 134
1786882519530 132
1786882520261 132
1786882520521 133
1786882520899 133
1786882521160 135
1786882521423 132
1786882521683 133
1786882522476 132
1786882523035 132
1786882523296 133
1786882523537 132
1786882523915 135
1786882524177 133
1786882524438 826
1786882525626 133
1786882525886 133
1786882526148 133
1786882526527 132
1786882526787 132
1786882527382 134
1786882527880 133
1786882528463 132
1786882528721 132
1786882529217 130
1786882529476 130
1786882529734 130
1786882529992 130
1786882530485 130
1786882530742 130
1786882531000 137
1786882531488 131
1786882531848 129
1786882532224 131
1786882532599 130
1786882532855 130
1786882533114 130
1786882533606 130
1786882533862 132
1786882534219 130
1786882534477 129
1786882534734 130
1786882534993 131
1786882535251 131
1786882535510 131
1786882535769 131
1786882536028 131
1786882536286 131
1786882536663 131
1786882537254 131
1786882537513 122
1786882537763 131
1786882538140 128
1786882538397 822
1786882539348 132
1786882539608 130
1786882539866 130
1786882540359 130
1786882540735 131
1786882540994 130
1786882541253 128
1786882541510 133
1786882541772 129
1786882542010 131
1786882542269 129
1786882543116 130
1786882543824 131
1786882544200 130
1786882544457 131
1786882544833 130
1786882545092 131
1786882545468 129
1786882545959 131
1786882546339 131
1786882546688 129
1786882547064 131
1786882547559 131
1786882547938 129
1786882548197 128
1786882548797 130
1786882549155 132
1786882549415 131
1786882549889 130
1786882550265 133
1786882550643 131
1786882550902 130
1786882551160 131
1786882551418 131
1786882551796 130
1786882552406 824
1786882553477 130
1786882553736 130
1786882554082 131
1786882554340 129
1786882554834 131
1786882555210 131
1786882555448 131
1786882555943 131
1786882556439 130
1786882557289 130
1786882557546 131
1786882558032 131
1786882558289 131
1786882558784 132
1786882559044 131
1786882559540 131
1786882559799 129
1786882560175 132
1786882560671 129
1786882560928 133
1786882561663 132
1786882561922 130
1786882562180 129
1786882562556 131
1786882562933 130
1786882563291 131
1786882563550 130
1786882563925 131
1786882564539 129
1786882564797 130
1786882565174 131
1786882565552 131
1786882565812 130
1786882566059 131
1786882566318 130
1786882566577 870
1786882568035 132
1786882568414 133
1786882568674 130
1786882568932 130
1786882569310 130
1786882569786 130
1786882570161 132
1786882570528 128
1786882570783 131
1786882571280 132
1786882571900 129
1786882572363 132
1786882572622 131
1786882572881 131
1786882573259 132
1786882573519 131
1786882574250 133
1786882574621 130
1786882574858 131
1786882575117 132
1786882575374 131
1786882575848 135
1786882576237 131
1786882576496 131
1786882576991 131
1786882577369 130
1786882577746 130
1786882578004 131
1786882578382 133
1786882578643 131
1786882579020 130
1786882579396 129
1786882579890 131
1786882580149 130
1786882580389 129
1786882580608 130
1786882580867 130
1786882581361 831
1786882582320 133
1786882582580 131
1786882582839 132
1786882583099 132
1786882583476 129
1786882583972 129
1786882584230 131
1786882584556 122
1786882584925 124
1786882585294 123
1786882585545 123
1786882585795 133
1786882586061 122
1786882586428 122
1786882586914 122
1786882587280 120
1786882587528 122
1786882587897 121
1786882588146 121
1786882588397 121
1786882588646 122
1786882589132 121
1786882589499 120
1786882589747 122
1786882590104 121
1786882590471 123
1786882590839 121
1786882591093 124
1786882591346 120
1786882591713 123
1786882592199 122
1786882592450 122
1786882592937 122
1786882593187 121
1786882593672 121
1786882593920 121
1786882594170 124
1786882594539 122
1786882594974 123
1786882595224 122
1786882595764 817
1786882596709 122
1786882596960 122
1786882597210 121
1786882597459 123
1786882598054 122
1786882598286 121
1786882598535 121
1786882598784 120
1786882599033 121
1786882599382 121
1786882599867 121
1786882600470 121
1786882600720 121
1786882600969 121
1786882601219 122
1786882601705 121
1786882601934 121
1786882602183 122
1786882602670 121
1786882602920 122
1786882603167 122
1786882603653 122
1786882604193 121
1786882604443 122
1786882604930 121
1786882605180 120
1786882605429 122
1786882605679 120
1786882606169 122
1786882606419 119
1786882607024 124
1786882607395 121
1786882607881 122
1786882608131 121
1786882608381 120
1786882608628 121
1786882608994 120
1786882609242 120
1786882609491 121
1786882609791 818
1786882611209 121
1786882611813 122
1786882612171 122
1786882612422 121
1786882612789 121
1786882613155 121
1786882613756 120
1786882614004 120
1786882614251 120
1786882614852 121
1786882615218 138
1786882615486 135
1786882615868 134
1786882616118 135
1786882616379 134
1786882616640 135
1786882616903 135
1786882617166 135
1786882617546 136
1786882617809 135
1786882618306 135
1786882618687 135
1786882618949 133
1786882619326 134
1786882619588 134
1786882620086 134
1786882620466 134
1786882620963 141
1786882621352 135
1786882622086 136
1786882622350 136
1786882622850 135
1786882623274 135
1786882623537 133
1786882623915 836
1786882624879 135
1786882625357 136
1786882625739 134
1786882626237 133
1786882626616 135
1786882626879 134
1786882627259 136
1786882627640 135
1786882627904 134
1786882628284 136
1786882628547 134
1786882629017 133
1786882629631 134
1786882629891 134
1786882630270 135
1786882630652 134
1786882631032 135
1786882631412 135
1786882631909 134
1786882632523 135
1786882632874 135
1786882633136 135
1786882633735 135
1786882633997 134
1786882634377 136
1786882634641 137
1786882635454 135
1786882635834 135
1786882636109 139
1786882636376 134
1786882636638 147
1786882637045 148
1786882637582 135
1786882637846 135
1786882638225 831
1786882639302 135
1786882639565 135
1786882639826 136
1786882640189 136
1786882640452 135
1786882640715 135
1786882640978 135
1786882641359 136
1786882641623 134
1786882642239 134
1786882642502 134
1786882642981 134
1786882643361 134
1786882644075 135
1786882644338 134
1786882644600 135
1786882644863 136
1786882645245 134
1786882645626 123
1786882645994 123
1786882646364 122
1786882646732 123
1786882647101 124
1786882647353 123
1786882647594 122
1786882648082 123
1786882648332 122
1786882648701 122
1786882648949 122
1786882649316 121
1786882649802 131
1786882650068 123
1786882650437 122
1786882650687 128
1786882650939 125
1786882651192 124
1786882651916 124
1786882652286 822
1786882653235 123
1786882653484 121
1786882653851 121
1786882654081 122
1786882654449 123
1786882654701 121
1786882655371 121
1786882655620 130
1786882655882 123
1786882656369 123
1786882656728 120
1786882657213 122
1786882657580 120
1786882657829 122
1786882658198 122
1786882658449 121
1786882658933 122
1786882659636 123
1786882659886 122
1786882660136 122
1786882660503 120
1786882660752 122
1786882661356 123
1786882661607 122
1786882661846 121
1786882662420 121
1786882662668 122
1786882662919 122
1786882663169 121
1786882663769 122
1786882664019 122
1786882664270 121
1786882664518 123
1786882664773 123
1786882665143 122
1786882665391 121
1786882665640 123
1786882666492 826
1786882667566 123
1786882667807 123
1786882668274 122
1786882668738 119
1786882668985 122
1786882669589 122
1786882670176 122
1786882670397 130
1786882670650 120
1786882671018 122
1786882671267 122
1786882671517 122
1786882671884 122
1786882672135 122
1786882672384 121
1786882672989 120
1786882673473 123
1786882673725 124
1786882673977 122
1786882674463 122
1786882674715 131
1786882674979 121
1786882675347 121
1786882675910 123
1786882676160 122
1786882676410 121
1786882676778 121
1786882677026 121
1786882677275 121
1786882677524 122
1786882678464 132
1786882678723 132
1786882679218 133
1786882679478 146
1786882679757 134
1786882680254 132
1786882680632 839
1786882681716 134
1786882681978 133
1786882682239 132
1786882682854 133
1786882683104 134
1786882683366 134
1786882683863 134
1786882684460 134
1786882684957 134
1786882685219 134
1786882685481 134
1786882685742 133
1786882686238 132
1786882686498 134
1786882686996 134
1786882687257 134
1786882687636 133
1786882688370 133
1786882688576 131
1786882688836 131
1786882689333 132
1786882689683 133
1786882689943 131
1786882690320 131
1786882690580 133
1786882690959 132
1786882691336 134
1786882691715 132
1786882692073 132
1786882692688 134
1786882692950 132
1786882693209 133
1786882693590 133
1786882694086 132
1786882694453 133
1786882694714 132
1786882694974 829
1786882695930 136
1786882696194 133
1786882696455 132
1786882696950 130
1786882697444 132
1786882697706 132
1786882698388 134
1786882698649 133
1786882699028 132
1786882699408 145
1786882699805 133
1786882700184 133
1786882700427 131
1786882700924 132
1786882701303 132
1786882702038 134
1786882702636 133
1786882702896 148
1786882703295 132
1786882703545 132
1786882703804 131
1786882704182 134
1786882704443 132
1786882704704 135
1786882705203 134
1786882705464 132
1786882705844 134
1786882706225 132
1786882706722 132
1786882707219 133
1786882707599 132
1786882707860 133
1786882708220 133
1786882708480 132
1786882709097 829
1786882710054 134
1786882710317 136
1786882710700 135
1786882711081 133
1786882711342 132
1786882711723 133
1786882712102 132
1786882712598 133
1786882713452 132
1786882713713 134
1786882714093 135
1786882714476 132
1786882714736 133
1786882715114 130
1786882715318 130
1786882715576 131
1786882715834 130
1786882716093 132
1786882716353 132
1786882716849 132
1786882717228 131
1786882717842 132
1786882718321 130
1786882718578 131
1786882718955 129
1786882719449 130
1786882719944 131
1786882720321 130
1786882720579 130
1786882721075 129
1786882721667 130
1786882721927 130
1786882722421 130
1786882722916 131
1786882723411 833
1786882724371 131
1786882724629 130
1786882725006 131
1786882725266 131
1786882725761 130
1786882726242 131
1786882726619 132
1786882726867 130
1786882727124 130
1786882727616 129
1786882727989 130
1786882728247 131
1786882728928 131
1786882729187 130
1786882729445 129
1786882729823 131
1786882730316 133
1786882730577 130
1786882730953 128
1786882731329 131
1786882731706 130
1786882731964 132
1786882732432 129
1786882732687 128
1786882732944 129
1786882733203 130
1786882733470 141
1786882733863 130
1786882734240 131
1786882734500 130
1786882734759 129
1786882735255 130
1786882735630 130
1786882735890 132
1786882736504 129
1786882736763 131
1786882737247 131
1786882737507 831
1786882738466 133
1786882738826 129
1786882739083 131
1786882739579 130
1786882740075 131
1786882740559 132
1786882741132 136
1786882741637 131
1786882742013 140
1786882742404 130
1786882742761 131
1786882743470 131
1786882743729 131
1786882744106 131
1786882744366 129
1786882744623 130
1786882744881 132
1786882745827 130
1786882746088 129
1786882746346 134
1786882746686 133
1786882746951 133
1786882747214 135
1786882747478 136
1786882747866 134
1786882748250 133
1786882748510 135
1786882748896 134
1786882749161 133
1786882749545 135
1786882749933 136
1786882750200 134
1786882750464 134
1786882750850 141
1786882751125 134
1786882751390 134
1786882751776 835
1786882752744 128
1786882753242 129
1786882753501 128
1786882753758 127
1786882754135 129
1786882754394 130
1786882754883 128
1786882755141 128
1786882755400 133
1786882756959 133
1786882757687 148
1786882758709 150
1786882759238 147
1786882759518 147
1786882760166 149
1786882763799 130
1786882778280 821
1786882779451 130
1786882779704 129
1786882779955 131
1786882780781 128
1786882794049 822
1786882794993 130
1786882795474 129
1786882795839 128
1786882796091 129
1786882796457 129
1786882796710 128
1786882797191 128
1786882797898 130
1786882798723 129
1786882809042 822
1786882811243 130
1786882811610 130
1786882812320 130
1786882813145 133
1786882813859 130
1786882814341 129
1786882815279 128
1786882817368 129
1786882826384 825
1786882827673 129
1786882828153 128
1786882829089 129
1786882829569 130
1786882830278 131
1786882830987 135
1786882831480 129
1786882831960 130
1786882832212 131
1786882834630 129
1786882834882 128
1786882835133 129
1786882842905 824
1786882844195 129
1786882844448 130
1786882844835 137
1786882845232 141
1786882847144 134
1786882847913 141
1786882848940 142
1786882849971 143
1786882856385 135
1786882859154 871
1786882860410 142
1786882860938 141
1786882861340 144
1786882862119 141
1786882864778 143
1786882865557 142
1786882870714 141
1786882875871 870
1786882877377 138
1786882877650 141
1786882878051 143
1786882879210 142
1786882879739 141
1786882882024 143
1786882882302 141
1786882882830 144
1786882883737 146
1786882892559 865
1786882893559 142
1786882893837 143
1786882894115 142
1786882894770 143
1786882895551 143
1786882899597 142
1786882900126 143
1786882900405 142
1786882901061 143
1786882903228 143
1786882909910 872
1786882910917 142
1786882911194 144
1786882911599 143
1786882912380 141
1786882913158 142
1786882913937 140
1786882916472 142
1786882917629 141
1786882918156 141
1786882926334 874
1786882927342 141
1786882927618 143
1786882928146 142
1786882929546 143
1786882929950 141
1786882933362 141
1786882933890 142
1786882941808 862
1786882943056 141
1786882944083 142
1786882944613 142
1786882945016 143
1786882945293 143
1786882946573 142
1786882947477 138
1786882950505 143
1786882951032 142
1786882952941 143
1786882958857 868
1786882960111 143
1786882960641 143
1786882961545 142
1786882961822 143
1786882962725 142
1786882963128 142
1786882964032 140
1786882967691 142
1786882968094 143
1786882968623 140
1786882975659 867
1786882976660 144
1786882977442 142
1786882978346 141
1786882978624 145
1786882979656 142
1786882980183 142
1786882982591 141
1786882984623 141
1786882986529 142
1786882992572 869
1786882994950 138
1786882996221 137
1786882996491 142
1786882997514 132
1786883001146 140
1786883001920 141
1786883003068 142
1786883007841 842
1786883009690 142
1786883010216 144
1786883010992 140
1786883012018 141
1786883012294 141
1786883012569 142
1786883014967 141
1786883015244 140
1786883018267 140
1786883019664 142
1786883020194 141
1786883022847 870
1786883026103 141
1786883026628 135
1786883027271 140
1786883029045 143
1786883029446 142
1786883029724 142
1786883030124 140
1786883032020 144
1786883032923 140
1786883036001 140
1786883036276 141
1786883037426 870
1786883039306 143
1786883041835 141
1786883043234 142
1786883044136 142
1786883044663 143
1786883045815 139
1786883046963 142
1786883047366 141
1786883050768 135
1786883054038 864
1786883055159 143
1786883055934 140
1786883057949 141
1786883059847 141
1786883060123 141
1786883060397 142
1786883062417 144
1786883062817 143
1786883063220 141
1786883064243 139
1786883064517 144
1786883065045 141
1786883065446 143
1786883067590 137
1786883069358 874
1786883071734 135
1786883072373 142
1786883076383 141
1786883076908 141
1786883077183 140
1786883077954 140
1786883079473 141
1786883081614 142
1786883081891 142
1786883087387 863
1786883089379 141
1786883091392 142
1786883093280 139
1786883093802 139
1786883094075 141
1786883094723 136
1786883098339 139
1786883099356 142
1786883101496 141
1786883102392 862
1786883105370 140
1786883106389 142
1786883108275 140
1786883109291 142
1786883109814 142
1786883110833 142
1786883112597 141
1786883113244 142
1786883114140 142
1786883115282 141
1786883115682 140
1786883116081 141
1786883119178 875
1786883123152 140
1786883123673 140
1786883125675 142
1786883126692 141
1786883127216 141
1786883129099 142
1786883129871 142
1786883131631 141
1786883132031 141
1786883133913 141
1786883134310 872
1786883137420 141
1786883141154 141
1786883142668 139
1786883144181 141
1786883144458 142
1786883146467 139
1786883149343 864
1786883150465 139
1786883151975 141
1786883153611 141
1786883156484 139
1786883156881 139
1786883158393 142
1786883159163 140
1786883159809 140
1786883160950 139
1786883162586 142
1786883162861 141
1786883164498 865
1786883165497 141
1786883165773 142
1786883167285 140
1786883168919 142
1786883171048 142
1786883174541 140
1786883175555 141
1786883176695 140
1786883179322 868
1786883182302 137
1786883182695 140
1786883183094 141
1786883183493 142
1786883185128 141
1786883185898 141
1786883186914 139
1786883190769 141
1786883192159 141
1786883193177 141
1786883193452 141
1786883195707 867
1786883198689 141
1786883199336 140
1786883199609 141
1786883200504 140
1786883202757 140
1786883203401 140
1786883203922 141
1786883208659 141
1786883209552 142
1786883211068 871
1786883213311 140
1786883214574 140
1786883216085 140
1786883217224 140
1786883218984 140
1786883219630 140
1786883220152 140
1786883223644 139
1786883225405 140
1786883226544 869
1786883227671 139
1786883228687 140
1786883231188 139
1786883233442 140
1786883233842 142
1786883234117 138
1786883235999 140
1786883240476 139
1786883240749 140
1786883242758 868
1786883244379 140
1786883246879 140
1786883247402 141
1786883249657 139
1786883250921 139
1786883252183 140
1786883255052 141
1786883255451 141
1786883258320 871
1786883260930 138
1786883261574 141
1786883263331 140
1786883264101 141
1786883266106 140
1786883266503 140
1786883268136 140
1786883268410 139
1786883268806 141
1786883269943 141
1786883271329 140
1786883276793 870
1786883278046 140
1786883278569 141
1786883279217 141
1786883279987 141
1786883280510 139
1786883282023 140
1786883283413 140
1786883283935 140
1786883284703 141
1786883284979 139
1786883285872 139
1786883286146 141
1786883286421 141
1786883287567 141
1786883293039 867
1786883295648 141
1786883296172 140
1786883297189 140
1786883297710 139
1786883299098 141
1786883300615 141
1786883301387 141
1786883301661 139
1786883302677 141
1786883302952 141
1786883308672 864
1786883309670 140
1786883312172 141
1786883313562 140
1786883314578 141
1786883315720 140
1786883316117 140
1786883316391 141
1786883316914 141
1786883318674 139
1786883319071 140
1786883319469 139
1786883320607 142
1786883321749 140
1786883326846 864
1786883327846 139
1786883329728 142
1786883331118 135
1786883331510 140
1786883333220 134
1786883335719 139
1786883335993 139
1786883336267 137
1786883336911 139
1786883339787 141
1786883341796 871
1786883344790 136
1786883346548 139
1786883346945 138
1786883348084 140
1786883349597 140
1786883350489 140
1786883352745 141
1786883353020 142
1786883353543 139
1786883353816 140
1786883355572 139
1786883359560 866
1786883361802 139
1786883362075 142
1786883365323 140
1786883365721 140
1786883366243 141
1786883366767 139
1786883367908 139
1786883368801 140
1786883370560 139
1786883371206 140
1786883376308 870
1786883377807 140
1786883378453 139
1786883381204 138
1786883382219 134
1786883382979 140
1786883383872 142
1786883384271 141
1786883385413 141
1786883385810 153
1786883389175 135
1786883389567 139
1786883393430 873
1786883394436 140
1786883395083 142
1786883396101 138
1786883398603 140
1786883399124 141
1786883399520 140
1786883401527 140
1786883403040 141
1786883404305 133
1786883404817 139
1786883406332 142
1786883408837 867
1786883411443 140
1786883414563 140
1786883415824 142
1786883416472 140
1786883416747 141
1786883417270 141
1786883418412 137
1786883420911 139
1786883421682 139
1786883423318 141
1786883427428 841
1786883429143 138
1786883431023 139
1786883432038 141
1786883432560 142
1786883433703 140
1786883434717 142
1786883435362 138
1786883438469 141
1786883440227 141
1786883440623 140
1786883441269 141
1786883443641 865
1786883445997 139
1786883446886 135
1786883447645 141
1786883448413 140
1786883448934 139
1786883450937 140
1786883451211 140
1786883453585 141
1786883454600 140
1786883455981 136
1786883458101 142
1786883458622 865
1786883462463 141
1786883462738 142
1786883463508 141
1786883465516 141
1786883468016 140
1786883469159 139
1786883472777 141
1786883473423 871
1786883475790 141
1786883478916 141
1786883480554 141
1786883481200 139
1786883483455 135
1786883485082 140
1786883485603 140
1786883485877 141
1786883489498 864
1786883492602 139
1786883493989 138
1786883495622 140
1786883496639 140
1786883497161 140
1786883498055 140
1786883498330 139
1786883500091 139
1786883500984 139
1786883502373 141
1786883504133 868
1786883507604 142
1786883508004 140
1786883510255 140
1786883510529 142
1786883510927 138
1786883513797 130
1786883514677 134
1786883515311 140
1786883515709 141
1786883515985 140
1786883516384 141
1786883519501 867
1786883521740 142
1786883523863 140
1786883524508 139
1786883524780 142
1786883525672 140
1786883526189 140
1786883526585 139
1786883527972 141
1786883529731 140
1786883530375 139
1786883532623 139
1786883534007 139
1786883539596 871
1786883540841 139
1786883541235 142
1786883542121 141
1786883543504 141
1786883544268 139
1786883545897 138
1786883547278 139
1786883548657 142
1786883549675 143
1786883551804 142
1786883552572 140
1786883554076 141
1786883556570 868
1786883558926 140
1786883559568 139
1786883559841 140
1786883561202 132
1786883644520 835
1786883645489 142
1786883648675 140
1786883649072 143
1786883665899 831
1786883667908 140
1786883668185 139
1786883669236 138
1786883671185 139
1786883671601 135
1786883671876 136
1786883672148 143
1786883672429 138
1786883673077 130
1786883673349 144
1786883677336 140
1786883705751 882
1786883707893 139
1786883710923 141
1786883711207 141
1786883711613 136
1786883711890 136
1786883712167 143
1786883712849 137
1786883713122 142
1786883717418 137
1786883726014 867
1786883727025 137
1786883727296 133
1786883727688 131
1786883727959 146
1786883728500 145
1786883728789 138
1786883729182 133
1786883729573 142
1786883729854 133
1786883732961 140
1786883739697 153
1786883739995 155
1786883740290 144
1786883740573 875
1786883743163 150
1786885603764 888
1786886059331 888
1786886062340 153
1786890973033 866
1786890974040 145
1786890974464 145
1786890974750 140
1786890975028 879
1786890976027 142
1786890976312 145
1786890976597 146
1786890976884 145
1786890977171 884
1786890978334 144
1786890978619 145
1786890978905 145
1786890979193 898
1786890980233 146
1786890980520 147
1786890980789 147
1786890981078 149
1786890981560 141
1786891078179 906
1786891084944 150
1786891086734 152
1786891132015 910
1786891133069 154
1786891146488 164
1786891147346 930
1786891148421 162
1786891148731 162
1786891149040 163
1786891149350 163
1786891149798 160
1786891150105 160
1786891150686 160
1786891150992 162
1786891151299 161
1786891151608 163
1786891151919 161
1786898065392 905
1786898071602 149
1786898071894 148
1786898090709 885
1786898116524 891
1786898119428 154
1786898527340 878
1786898528367 143
1786898528669 141
1786899639455 880
1786905178688 902
1786906632500 917
1786906647787 143
1786906648033 912
1786906651242 160
1786906658150 148
1786906694820 915
1786906715617 918
1786906800979 934
1786906804061 165
1786914036452 913
1786914037509 161
1786920903490 919
1786920904556 145
1786920904983 143
1786920905407 144
1786920906383 147
1786920920828 912
1786920923783 138
1786923616746 893
1786924879046 915
1786924960677 913
1786924963668 143
1786932130744 907
1786932148790 853
1786932151367 142
1786932177443 893
1786932179919 124
1786932182078 141
1786932182367 137
1786932198893 898
1786932212183 133
1786932214421 869
