# timestamp_ms VmRSS_kB VmPeak_kB VmHWM_kB
1785826663550 210164 2325400 210164
1785826663668 210164 2325400 210164
1785826663692 210164 2325400 210164
1785826663714 210164 2325400 210164
1785826663737 210164 2325400 210164
1785826663762 210164 2325400 210164
1785826663785 210164 2325400 210164
1785826663809 210164 2325400 210164
1785826663833 210164 2325400 210164
1785826663857 210164 2325400 210164
1785826663880 210164 2325400 210164
1785826663903 210164 2325400 210164
1785826663926 210164 2325400 210164
1785826663950 210164 2325400 210164
1785826663973 210164 2325400 210164
1785826663997 210164 2325400 210164
1785826664021 210164 2325400 210164
1785826664044 210164 2325400 210164
1785826664067 210164 2325400 210164
1785826664090 210164 2325400 210164
1785826664114 210164 2325400 210164
1785826664137 210164 2325400 210164
1785826664161 210164 2325400 210164
1785826664184 210164 2325400 210164
1785826664207 210164 2325400 210164
1785826664230 210164 2325400 210164
1785826664253 210164 2325400 210164
1785826664277 210164 2325400 210164
1785826664300 210164 2325400 210164
1785826664324 210164 2325400 210164
1785826664348 210164 2325400 210164
1785826664371 210164 2325400 210164
1785826664394 210164 2325400 210164
1785826664417 210164 2325400 210164
1785826664441 210164 2325400 210164
1785826664464 210164 2325400 210164
1785826664487 210164 2325400 210164
1785826664511 210164 2325400 210164
1785826664534 210164 2325400 210164
1785826664557 210164 2325400 210164
1785826664580 210164 2325400 210164
1785826664603 210164 2325400 210164
1785826664627 210164 2325400 210164
1785826664650 210164 2325400 210164
1785826664674 210164 2325400 210164
1785826664697 210164 2325400 210164
1785826664720 210164 2325400 210164
1785826664743 210164 2325400 210164
1785826664767 210164 2325400 210164
1785826664790 210164 2325400 210164
1785826664814 210164 2325400 210164
1785826664837 210164 2325400 210164
1785826664860 210164 2325400 210164
1785826664883 210164 2325400 210164
1785826664907 210164 2325400 210164
1785826664931 210164 2325400 210164
1785826664954 210164 2325400 210164
1785826664978 210164 2325400 210164
1785826665001 210164 2325400 210164
1785826665025 210164 2325400 210164
1785826665048 210164 2325400 210164
1785826665071 210164 2325400 210164
1785826665094 210164 2325400 210164
1785826665117 210164 2325400 210164
1785826665141 210164 2325400 210164
1785826665165 210164 2325400 210164
1785826665189 210164 2325400 210164
1785826665212 211204 2327452 211204
1785826665315 223568 5046904 223568
1785826665437 224472 5052044 224472
1785826665525 224472 5052044 224472
1785826665550 224472 5052044 224472
1785826665575 224472 5052044 224472
1785826665599 224472 5052044 224472
1785826665624 224472 5052044 224472
1785826665648 224472 5052044 224472
1785826665672 224472 5052044 224472
1785826665696 224472 5052044 224472
1785826665720 224472 5052044 224472
1785826665745 224472 5052044 224472
1785826665770 224472 5052044 224472
1785826665794 224472 5052044 224472
1785826665818 224472 5052044 224472
1785826665842 224472 5052044 224472
1785826665866 224472 5052044 224472
1785826665890 224472 5052044 224472
1785826665914 224472 5052044 224472
1785826665938 224472 5052044 224472
1785826665962 224484 5052044 224484
1785826666073 224484 5052044 224484
1785826666098 224484 5052044 224484
1785826666122 224484 5052044 224484
1785826666146 224484 5052044 224484
1785826666170 224484 5052044 224484
1785826666194 224484 5052044 224484
1785826666219 224484 5052044 224484
1785826666244 224484 5052044 224484
1785826666268 224484 5052044 224484
1785826666293 224564 5052044 224564
1785826666382 224564 5052044 224564
1785826666407 224564 5052044 224564
1785826666431 224564 5052044 224564
1785826666457 224564 5052044 224564
1785826666481 224564 5052044 224564
1785826666505 224564 5052044 224564
1785826666529 224564 5052044 224564
1785826666553 224564 5052044 224564
1785826666577 224564 5052044 224564
1785826666601 224564 5052044 224564
1785826666626 224564 5052044 224564
1785826666651 224564 5052044 224564
1785826666676 224564 5052044 224564
1785826666705 224564 5052044 224564
1785826666731 224564 5052044 224564
1785826666756 224564 5052044 224564
1785826666781 224564 5052044 224564
1785826666805 224564 5052044 224564
1785826666829 224564 5052044 224564
1785826666854 224564 5052044 224564
1785826666878 224564 5052044 224564
1785826666902 224564 5052044 224564
1785826666927 224564 5052044 224564
1785826666951 224564 5052044 224564
1785826666975 224820 5052044 224820
1785826667088 224820 5052044 224820
1785826667111 224820 5052044 224820
1785826667136 224820 5052044 224820
1785826667160 224820 5052044 224820
1785826667184 224820 5052044 224820
1785826667208 224820 5052044 224820
1785826667232 224820 5052044 224820
1785826667256 224820 5052044 224820
1785826667280 224820 5052044 224820
1785826667303 224820 5052044 224820
1785826667327 224820 5052044 224820
1785826667351 224820 5052044 224820
1785826667376 224820 5052044 224820
1785826667400 224820 5052044 224820
1785826667425 224820 5052044 224820
1785826667449 224820 5052044 224820
1785826667473 224820 5052044 224820
1785826667498 224820 5052044 224820
1785826667522 224820 5052044 224820
1785826667546 224820 5052044 224820
1785826667570 224820 5052044 224820
1785826667593 224820 5052044 224820
1785826667617 224820 5052044 224820
1785826667642 224820 5052044 224820
1785826667667 224820 5052044 224820
1785826667691 224820 5052044 224820
1785826667715 224820 5052044 224820
1785826667739 224820 5052044 224820
1785826667764 224820 5052044 224820
1785826667788 224820 5052044 224820
1785826667813 224820 5052044 224820
1785826667838 224820 5052044 224820
1785826667861 224820 5052044 224820
1785826667885 224820 5052044 224820
1785826667910 224820 5052044 224820
1785826667935 224820 5052044 224820
1785826667960 224820 5052044 224820
1785826667984 224820 5052044 224820
1785826668008 224820 5052044 224820
1785826668033 224820 5052044 224820
1785826668057 224820 5052044 224820
1785826668081 224820 5052044 224820
1785826668106 224820 5052044 224820
1785826668131 224820 5052044 224820
1785826668156 224820 5052044 224820
1785826668179 224820 5052044 224820
1785826668204 224820 5052044 224820
1785826668228 224820 5052044 224820
1785826668252 224820 5052044 224820
1785826668277 224820 5052044 224820
1785826668301 224836 5052044 224836
1785826668411 224836 5052044 224836
1785826668435 224836 5052044 224836
1785826668458 224836 5052044 224836
1785826668482 224836 5052044 224836
1785826668505 224836 5052044 224836
1785826668529 224836 5052044 224836
1785826668554 224836 5052044 224836
1785826668578 224836 5052044 224836
1785826668602 224836 5052044 224836
1785826668626 224836 5052044 224836
1785826668650 224836 5052044 224836
1785826668675 224836 5052044 224836
1785826668700 224836 5052044 224836
1785826668725 224836 5052044 224836
1785826668750 224836 5052044 224836
1785826668776 224836 5052044 224836
1785826668801 224836 5052044 224836
1785826668828 224836 5052044 224836
1785826668853 224836 5052044 224836
1785826668879 224836 5052044 224836
1785826668906 224836 5052044 224836
1785826668932 224836 5052044 224836
1785826668958 224836 5052044 224836
1785826668984 224836 5052044 224836
1785826669010 224836 5052044 224836
1785826669037 224836 5052044 224836
1785826669063 224836 5052044 224836
1785826669088 224836 5052044 224836
1785826669114 224836 5052044 224836
1785826669139 224836 5052044 224836
1785826669164 224836 5052044 224836
1785826669190 224836 5052044 224836
1785826669214 224836 5052044 224836
1785826669239 224836 5052044 224836
1785826669263 224836 5052044 224836
1785826669287 224836 5052044 224836
1785826669312 224836 5052044 224836
1785826669336 224836 5052044 224836
1785826669360 224836 5052044 224836
1785826669384 224836 5052044 224836
1785826669409 224836 5052044 224836
1785826669433 224836 5052044 224836
1785826669457 224836 5052044 224836
1785826669481 224836 5052044 224836
1785826669505 224836 5052044 224836
1785826669528 224836 5052044 224836
1785826669552 224836 5052044 224836
1785826669576 224836 5052044 224836
1785826669600 224836 5052044 224836
1785826669624 224836 5052044 224836
1785826669648 224836 5052044 224836
1785826669672 224836 5052044 224836
1785826669697 224836 5052044 224836
1785826669721 224836 5052044 224836
1785826669746 224836 5052044 224836
1785826669770 224836 5052044 224836
1785826669794 224836 5052044 224836
1785826669818 224836 5052044 224836
1785826669842 224836 5052044 224836
1785826669867 224836 5052044 224836
1785826669892 224836 5052044 224836
1785826669917 224836 5052044 224836
1785826669941 224836 5052044 224836
1785826669966 224836 5052044 224836
1785826669990 224836 5052044 224836
1785826670015 224836 5052044 224836
1785826670039 224836 5052044 224836
1785826670064 224836 5052044 224836
1785826670088 224836 5052044 224836
1785826670111 224836 5052044 224836
1785826670135 224836 5052044 224836
1785826670160 224836 5052044 224836
1785826670184 224836 5052044 224836
1785826670208 224836 5052044 224836
1785826670233 224836 5052044 224836
1785826670257 224836 5052044 224836
1785826670281 224836 5052044 224836
1785826670305 224844 5052044 224844
1785826671246 224844 5052044 224844
1785826671270 224844 5052044 224844
1785826671294 224848 5052044 224848
1785826671385 224848 5052044 224848
1785826671409 224848 5052044 224848
1785826671433 224848 5052044 224848
1785826671457 224848 5052044 224848
1785826671481 224848 5052044 224848
1785826671504 224848 5052044 224848
1785826671528 224848 5052044 224848
1785826671552 224848 5052044 224848
1785826671576 224848 5052044 224848
1785826671600 224848 5052044 224848
1785826671624 224848 5052044 224848
1785826671649 224848 5052044 224848
1785826671673 224848 5052044 224848
1785826671697 224848 5052044 224848
1785826671722 224848 5052044 224848
1785826671747 224848 5052044 224848
1785826671772 224848 5052044 224848
1785826671795 224848 5052044 224848
1785826671819 224848 5052044 224848
1785826671845 224848 5052044 224848
1785826671878 224848 5052044 224848
1785826671905 224848 5052044 224848
1785826671932 224848 5052044 224848
1785826671958 224848 5052044 224848
1785826671983 224848 5052044 224848
1785826672009 224848 5052044 224848
1785826672036 224848 5052044 224848
1785826672062 224848 5052044 224848
1785826672087 224848 5052044 224848
1785826672114 224848 5052044 224848
1785826672140 224848 5052044 224848
1785826672166 224848 5052044 224848
1785826672192 224848 5052044 224848
1785826672219 224848 5052044 224848
1785826672245 224848 5052044 224848
1785826672271 224848 5052044 224848
1785826672298 224848 5052044 224848
1785826672324 224848 5052044 224848
1785826672350 224848 5052044 224848
1785826672378 224848 5052044 224848
1785826672403 224848 5052044 224848
1785826672427 224848 5052044 224848
1785826672450 224848 5052044 224848
1785826672474 224848 5052044 224848
1785826672499 224848 5052044 224848
1785826672522 224848 5052044 224848
1785826672546 224848 5052044 224848
1785826672570 224848 5052044 224848
1785826672594 224848 5052044 224848
1785826672617 224848 5052044 224848
1785826672641 224848 5052044 224848
1785826672664 224848 5052044 224848
1785826672688 224848 5052044 224848
1785826672712 224848 5052044 224848
1785826672735 224848 5052044 224848
1785826672760 224848 5052044 224848
1785826672784 224848 5052044 224848
1785826672809 224848 5052044 224848
1785826672834 224848 5052044 224848
1785826672858 224848 5052044 224848
1785826672882 224848 5052044 224848
1785826672907 224848 5052044 224848
1785826672931 224848 5052044 224848
1785826672955 224848 5052044 224848
1785826672979 224848 5052044 224848
1785826673004 224848 5052044 224848
1785826673028 224848 5052044 224848
1785826673052 224848 5052044 224848
1785826673077 224848 5052044 224848
1785826673101 224848 5052044 224848
1785826673125 224848 5052044 224848
1785826673150 224848 5052044 224848
1785826673175 224848 5052044 224848
1785826673200 224848 5052044 224848
1785826673224 224848 5052044 224848
1785826673249 224848 5052044 224848
1785826673273 224848 5052044 224848
1785826673299 224848 5052044 224848
1785826673323 224848 5052044 224848
1785826673348 224848 5052044 224848
1785826673373 224848 5052044 224848
1785826673398 224848 5052044 224848
1785826673422 224848 5052044 224848
1785826673447 224848 5052044 224848
1785826673472 224848 5052044 224848
1785826673496 224848 5052044 224848
1785826673521 224848 5052044 224848
1785826673545 224848 5052044 224848
1785826673570 224848 5052044 224848
1785826673594 224848 5052044 224848
1785826673618 224848 5052044 224848
1785826673642 224848 5052044 224848
1785826673666 224848 5052044 224848
1785826673690 224848 5052044 224848
1785826673714 224848 5052044 224848
1785826673738 224848 5052044 224848
1785826673763 224848 5052044 224848
1785826673788 224848 5052044 224848
1785826673812 224848 5052044 224848
1785826673837 224848 5052044 224848
1785826673862 224848 5052044 224848
1785826673887 224848 5052044 224848
1785826673911 224848 5052044 224848
1785826673934 224848 5052044 224848
1785826673958 224848 5052044 224848
1785826673983 224848 5052044 224848
1785826674007 224848 5052044 224848
1785826674032 224848 5052044 224848
1785826674057 224848 5052044 224848
1785826674082 224848 5052044 224848
1785826674108 224848 5052044 224848
1785826674134 224848 5052044 224848
1785826674160 224848 5052044 224848
1785826674185 224848 5052044 224848
1785826674211 224848 5052044 224848
1785826674236 224848 5052044 224848
1785826674262 224848 5052044 224848
1785826674287 224848 5052044 224848
1785826674313 224856 5052044 224856
1785826674427 224856 5052044 224856
1785826674452 224856 5052044 224856
1785826674475 224856 5052044 224856
1785826674499 224856 5052044 224856
1785826674524 224856 5052044 224856
1785826674547 224856 5052044 224856
1785826674571 224856 5052044 224856
1785826674595 224856 5052044 224856
1785826674620 224856 5052044 224856
1785826674645 224856 5052044 224856
1785826674671 224856 5052044 224856
1785826674696 224856 5052044 224856
1785826674721 224856 5052044 224856
1785826674746 224856 5052044 224856
1785826674771 224856 5052044 224856
1785826674796 224856 5052044 224856
1785826674820 224856 5052044 224856
1785826674844 224856 5052044 224856
1785826674868 224856 5052044 224856
1785826674893 224856 5052044 224856
1785826674918 224856 5052044 224856
1785826674943 224856 5052044 224856
1785826674968 224856 5052044 224856
1785826674993 224856 5052044 224856
1785826675017 224856 5052044 224856
1785826675042 224856 5052044 224856
1785826675067 224856 5052044 224856
1785826675091 224856 5052044 224856
1785826675115 224856 5052044 224856
1785826675139 224856 5052044 224856
1785826675165 224856 5052044 224856
1785826675189 224856 5052044 224856
1785826675213 224856 5052044 224856
1785826675237 224856 5052044 224856
1785826675262 224856 5052044 224856
1785826675286 224856 5052044 224856
1785826675311 224856 5052044 224856
1785826675336 224856 5052044 224856
1785826675361 224856 5052044 224856
1785826675385 224856 5052044 224856
1785826675409 224856 5052044 224856
1785826675433 224856 5052044 224856
1785826675457 224856 5052044 224856
1785826675481 224856 5052044 224856
1785826675507 224856 5052044 224856
1785826675531 224856 5052044 224856
1785826675555 224856 5052044 224856
1785826675579 224856 5052044 224856
1785826675604 224856 5052044 224856
1785826675628 224856 5052044 224856
1785826675653 224856 5052044 224856
1785826675676 224856 5052044 224856
1785826675700 224856 5052044 224856
1785826675726 224856 5052044 224856
1785826675751 224856 5052044 224856
1785826675775 224856 5052044 224856
1785826675799 224856 5052044 224856
1785826675823 224856 5052044 224856
1785826675847 224856 5052044 224856
1785826675871 224856 5052044 224856
1785826675895 224856 5052044 224856
1785826675921 224856 5052044 224856
1785826675945 224856 5052044 224856
1785826675969 224856 5052044 224856
1785826675993 224856 5052044 224856
1785826676017 224856 5052044 224856
1785826676041 224856 5052044 224856
1785826676065 224856 5052044 224856
1785826676090 224856 5052044 224856
1785826676114 224856 5052044 224856
1785826676140 224856 5052044 224856
1785826676164 224856 5052044 224856
1785826676188 224856 5052044 224856
1785826676213 224856 5052044 224856
1785826676237 224856 5052044 224856
1785826676261 224856 5052044 224856
1785826676287 224856 5052044 224856
1785826676310 224856 5052044 224856
1785826676334 224856 5052044 224856
1785826676358 224856 5052044 224856
1785826676383 224856 5052044 224856
1785826676407 224856 5052044 224856
1785826676432 224856 5052044 224856
1785826676456 224856 5052044 224856
1785826676480 224856 5052044 224856
1785826676504 224856 5052044 224856
1785826676528 224856 5052044 224856
1785826676554 224856 5052044 224856
1785826676578 224856 5052044 224856
1785826676603 224856 5052044 224856
1785826676629 224856 5052044 224856
1785826676666 224856 5052044 224856
1785826676701 224856 5052044 224856
1785826676726 224856 5052044 224856
1785826676749 224856 5052044 224856
1785826676772 224856 5052044 224856
1785826676795 224856 5052044 224856
1785826676819 224856 5052044 224856
1785826676843 224856 5052044 224856
1785826676867 224856 5052044 224856
1785826676892 224856 5052044 224856
1785826676916 224856 5052044 224856
1785826676940 224856 5052044 224856
1785826676965 224856 5052044 224856
1785826676988 224856 5052044 224856
1785826677013 224856 5052044 224856
1785826677036 224856 5052044 224856
1785826677061 224856 5052044 224856
1785826677084 224856 5052044 224856
1785826677108 224856 5052044 224856
1785826677133 224856 5052044 224856
1785826677156 224856 5052044 224856
1785826677179 224856 5052044 224856
1785826677205 224856 5052044 224856
1785826677229 224856 5052044 224856
1785826677252 224856 5052044 224856
1785826677276 224856 5052044 224856
1785826677300 224856 5052044 224856
1785826677323 224856 5052044 224856
1785826677348 224856 5052044 224856
1785826677372 224856 5052044 224856
1785826677396 224856 5052044 224856
1785826677419 224856 5052044 224856
1785826677443 224856 5052044 224856
1785826677466 224856 5052044 224856
1785826677489 224856 5052044 224856
1785826677513 224856 5052044 224856
1785826677536 224856 5052044 224856
1785826677560 224856 5052044 224856
1785826677586 224856 5052044 224856
1785826677610 224856 5052044 224856
1785826677633 224856 5052044 224856
1785826677656 224856 5052044 224856
1785826677681 224856 5052044 224856
1785826677706 224856 5052044 224856
1785826677729 224856 5052044 224856
1785826677753 224856 5052044 224856
1785826677777 224856 5052044 224856
1785826677800 224856 5052044 224856
1785826677825 224856 5052044 224856
1785826677848 224856 5052044 224856
1785826677873 224856 5052044 224856
1785826677896 224856 5052044 224856
1785826677921 224856 5052044 224856
1785826677944 224856 5052044 224856
1785826677969 224856 5052044 224856
1785826677993 224856 5052044 224856
1785826678017 224856 5052044 224856
1785826678041 224856 5052044 224856
1785826678065 224856 5052044 224856
1785826678089 224856 5052044 224856
1785826678113 224856 5052044 224856
1785826678136 224856 5052044 224856
1785826678160 224856 5052044 224856
1785826678184 224856 5052044 224856
1785826678208 224856 5052044 224856
1785826678234 224856 5052044 224856
1785826678260 224856 5052044 224856
1785826678284 224856 5052044 224856
1785826678307 224856 5052044 224856
1785826678330 224856 5052044 224856
1785826678353 224856 5052044 224856
1785826678376 224856 5052044 224856
1785826678400 224856 5052044 224856
1785826678424 224856 5052044 224856
1785826678449 224856 5052044 224856
1785826678474 224856 5052044 224856
1785826678498 224856 5052044 224856
1785826678522 224856 5052044 224856
1785826678546 224856 5052044 224856
1785826678571 224856 5052044 224856
1785826678595 224856 5052044 224856
1785826678619 224856 5052044 224856
1785826678643 224856 5052044 224856
1785826678667 224856 5052044 224856
1785826678691 224856 5052044 224856
1785826678715 224856 5052044 224856
1785826678738 224856 5052044 224856
1785826678762 224856 5052044 224856
1785826678786 224856 5052044 224856
1785826678815 224856 5052044 224856
1785826678839 224856 5052044 224856
1785826678862 224856 5052044 224856
1785826678887 224856 5052044 224856
1785826678911 224856 5052044 224856
1785826678935 224856 5052044 224856
1785826678959 224856 5052044 224856
1785826678983 224856 5052044 224856
1785826679008 224856 5052044 224856
1785826679032 224856 5052044 224856
1785826679056 224856 5052044 224856
1785826679079 224856 5052044 224856
1785826679102 224856 5052044 224856
1785826679124 224856 5052044 224856
1785826679148 224856 5052044 224856
1785826679171 224856 5052044 224856
1785826679196 224856 5052044 224856
1785826679221 224856 5052044 224856
1785826679246 224856 5052044 224856
1785826679270 224856 5052044 224856
1785826679294 224856 5052044 224856
1785826679320 224856 5052044 224856
1785826679344 224856 5052044 224856
1785826679369 224856 5052044 224856
1785826679393 224856 5052044 224856
1785826679421 224856 5052044 224856
1785826679444 224856 5052044 224856
1785826679468 224856 5052044 224856
1785826679491 224856 5052044 224856
1785826679517 224856 5052044 224856
1785826679541 224856 5052044 224856
1785826679565 224856 5052044 224856
1785826679590 224856 5052044 224856
1785826679614 224856 5052044 224856
1785826679638 224856 5052044 224856
1785826679663 224856 5052044 224856
1785826679687 224856 5052044 224856
1785826679710 224856 5052044 224856
1785826679734 224856 5052044 224856
1785826679758 224856 5052044 224856
1785826679781 224856 5052044 224856
1785826679807 224856 5052044 224856
1785826679830 224856 5052044 224856
1785826679854 224856 5052044 224856
1785826679878 224856 5052044 224856
1785826679903 224856 5052044 224856
1785826679928 224856 5052044 224856
1785826679952 224856 5052044 224856
1785826679978 224856 5052044 224856
1785826680004 224856 5052044 224856
1785826680028 224856 5052044 224856
1785826680052 224856 5052044 224856
1785826680075 224856 5052044 224856
1785826680098 224856 5052044 224856
1785826680122 224856 5052044 224856
1785826680147 224856 5052044 224856
1785826680174 224856 5052044 224856
1785826680199 224856 5052044 224856
1785826680224 224856 5052044 224856
1785826680248 224856 5052044 224856
1785826680273 224856 5052044 224856
1785826680297 224856 5052044 224856
1785826680322 224856 5052044 224856
1785826680346 224856 5052044 224856
1785826680370 224856 5052044 224856
1785826680396 224856 5052044 224856
1785826680421 224856 5052044 224856
1785826680446 224856 5052044 224856
1785826680471 224856 5052044 224856
1785826680495 224856 5052044 224856
1785826680521 224856 5052044 224856
1785826680549 224856 5052044 224856
1785826680574 224856 5052044 224856
1785826680598 224856 5052044 224856
1785826680622 224856 5052044 224856
1785826680646 224856 5052044 224856
1785826680670 224856 5052044 224856
1785826680694 224856 5052044 224856
1785826680722 224856 5052044 224856
1785826680747 224856 5052044 224856
1785826680771 224856 5052044 224856
1785826680796 224856 5052044 224856
1785826680820 224856 5052044 224856
1785826680844 224856 5052044 224856
1785826680870 224856 5052044 224856
1785826680895 224856 5052044 224856
1785826680919 224856 5052044 224856
1785826680945 224856 5052044 224856
1785826680968 224856 5052044 224856
1785826680992 224856 5052044 224856
1785826681016 224856 5052044 224856
1785826681041 224856 5052044 224856
1785826681069 224856 5052044 224856
1785826681093 224856 5052044 224856
1785826681117 224856 5052044 224856
1785826681142 224856 5052044 224856
1785826681165 224856 5052044 224856
1785826681190 224856 5052044 224856
1785826681214 224856 5052044 224856
1785826681239 224856 5052044 224856
1785826681268 224856 5052044 224856
1785826681293 224856 5052044 224856
1785826681317 224856 5052044 224856
1785826681341 224856 5052044 224856
1785826681366 224856 5052044 224856
1785826681390 224856 5052044 224856
1785826681415 224856 5052044 224856
1785826681438 224856 5052044 224856
1785826681463 224856 5052044 224856
1785826681487 224856 5052044 224856
1785826681512 224856 5052044 224856
1785826681537 224856 5052044 224856
1785826681562 224856 5052044 224856
1785826681587 224856 5052044 224856
1785826681612 224856 5052044 224856
1785826681639 224856 5052044 224856
1785826681664 224856 5052044 224856
1785826681688 224856 5052044 224856
1785826681713 224856 5052044 224856
1785826681737 224856 5052044 224856
1785826681762 224856 5052044 224856
1785826681787 224856 5052044 224856
1785826681812 224856 5052044 224856
1785826681839 224856 5052044 224856
1785826681863 224856 5052044 224856
1785826681887 224856 5052044 224856
1785826681912 224856 5052044 224856
1785826681937 224856 5052044 224856
1785826681961 224856 5052044 224856
1785826681985 224856 5052044 224856
1785826682010 224856 5052044 224856
1785826682036 224856 5052044 224856
1785826682059 224856 5052044 224856
1785826682084 224856 5052044 224856
1785826682107 224856 5052044 224856
1785826682132 224856 5052044 224856
1785826682157 224856 5052044 224856
1785826682182 224856 5052044 224856
1785826682210 224856 5052044 224856
1785826682234 224856 5052044 224856
1785826682259 224856 5052044 224856
1785826682284 224856 5052044 224856
1785826682308 224856 5052044 224856
1785826682331 224856 5052044 224856
1785826682356 224856 5052044 224856
1785826682385 224856 5052044 224856
1785826682409 224856 5052044 224856
1785826682434 224856 5052044 224856
1785826682458 224856 5052044 224856
1785826682483 224856 5052044 224856
1785826682507 224856 5052044 224856
1785826682531 224856 5052044 224856
1785826682556 224856 5052044 224856
1785826682581 224856 5052044 224856
1785826682606 224856 5052044 224856
1785826682630 224856 5052044 224856
1785826682654 224856 5052044 224856
1785826682678 224856 5052044 224856
1785826682703 224856 5052044 224856
1785826682733 224856 5052044 224856
1785826682758 224856 5052044 224856
1785826682783 224856 5052044 224856
1785826682809 224856 5052044 224856
1785826682833 224856 5052044 224856
1785826682857 224856 5052044 224856
1785826682881 224856 5052044 224856
1785826682906 224856 5052044 224856
1785826682931 224856 5052044 224856
1785826682956 224856 5052044 224856
1785826682981 224856 5052044 224856
1785826683005 224856 5052044 224856
1785826683029 224856 5052044 224856
1785826683053 224856 5052044 224856
1785826683078 224856 5052044 224856
1785826683102 224856 5052044 224856
1785826683126 224856 5052044 224856
1785826683150 224856 5052044 224856
1785826683175 224856 5052044 224856
1785826683200 224856 5052044 224856
1785826683225 224856 5052044 224856
1785826683250 224856 5052044 224856
1785826683275 224856 5052044 224856
1785826683301 224856 5052044 224856
1785826683327 224856 5052044 224856
1785826683351 224856 5052044 224856
1785826683375 224856 5052044 224856
1785826683400 224856 5052044 224856
1785826683423 224856 5052044 224856
1785826683448 224856 5052044 224856
1785826683473 224856 5052044 224856
1785826683500 224856 5052044 224856
1785826683525 224856 5052044 224856
1785826683549 224856 5052044 224856
1785826683573 224856 5052044 224856
1785826683597 224856 5052044 224856
1785826683622 224856 5052044 224856
1785826683647 224856 5052044 224856
1785826683671 224856 5052044 224856
1785826683697 224856 5052044 224856
1785826683721 224856 5052044 224856
1785826683746 224856 5052044 224856
1785826683770 224856 5052044 224856
1785826683795 224856 5052044 224856
1785826683819 224856 5052044 224856
1785826683843 224856 5052044 224856
1785826683869 224856 5052044 224856
1785826683895 224856 5052044 224856
1785826683919 224856 5052044 224856
1785826683945 224856 5052044 224856
1785826683969 224856 5052044 224856
1785826683995 224856 5052044 224856
1785826684019 224856 5052044 224856
1785826684043 224856 5052044 224856
1785826684072 224856 5052044 224856
1785826684098 224856 5052044 224856
1785826684121 224856 5052044 224856
1785826684145 224856 5052044 224856
1785826684169 224856 5052044 224856
1785826684193 224856 5052044 224856
1785826684217 224856 5052044 224856
1785826684241 224856 5052044 224856
1785826684266 224856 5052044 224856
1785826684291 224856 5052044 224856
1785826684315 224856 5052044 224856
1785826684339 224856 5052044 224856
1785826684364 224856 5052044 224856
1785826684388 224856 5052044 224856
1785826684413 224856 5052044 224856
1785826684437 224856 5052044 224856
1785826684461 224856 5052044 224856
1785826684486 224856 5052044 224856
1785826684510 224856 5052044 224856
1785826684534 224856 5052044 224856
1785826684558 224856 5052044 224856
1785826684582 224856 5052044 224856
1785826684607 224856 5052044 224856
1785826684633 224856 5052044 224856
1785826684659 224856 5052044 224856
1785826684683 224856 5052044 224856
1785826684707 224856 5052044 224856
1785826684732 224856 5052044 224856
1785826684755 224856 5052044 224856
1785826684779 224856 5052044 224856
1785826684804 224856 5052044 224856
1785826684828 224856 5052044 224856
1785826684851 224856 5052044 224856
1785826684875 224856 5052044 224856
1785826684899 224856 5052044 224856
1785826684923 224856 5052044 224856
1785826684947 224856 5052044 224856
1785826684970 224856 5052044 224856
1785826684994 224856 5052044 224856
1785826685018 224856 5052044 224856
1785826685042 224856 5052044 224856
1785826685065 224856 5052044 224856
1785826685089 224856 5052044 224856
1785826685112 224856 5052044 224856
1785826685135 224856 5052044 224856
1785826685159 224856 5052044 224856
1785826685182 224856 5052044 224856
1785826685206 224856 5052044 224856
1785826685229 224856 5052044 224856
1785826685253 224856 5052044 224856
1785826685276 224856 5052044 224856
1785826685300 224856 5052044 224856
1785826685324 224856 5052044 224856
1785826685347 224856 5052044 224856
1785826685371 224856 5052044 224856
1785826685395 224856 5052044 224856
1785826685419 224856 5052044 224856
1785826685444 224856 5052044 224856
1785826685468 224856 5052044 224856
1785826685492 224856 5052044 224856
1785826685516 224856 5052044 224856
1785826685539 224856 5052044 224856
1785826685563 224856 5052044 224856
1785826685587 224856 5052044 224856
1785826685611 224856 5052044 224856
1785826685635 224856 5052044 224856
1785826685659 224856 5052044 224856
1785826685683 224856 5052044 224856
1785826685707 224856 5052044 224856
1785826685731 224856 5052044 224856
1785826685755 224856 5052044 224856
1785826685779 224856 5052044 224856
1785826685803 224856 5052044 224856
1785826685826 224856 5052044 224856
1785826685850 224856 5052044 224856
1785826685873 224856 5052044 224856
1785826685897 224856 5052044 224856
1785826685921 224856 5052044 224856
1785826685944 224856 5052044 224856
1785826685967 224856 5052044 224856
1785826685991 224856 5052044 224856
1785826686014 224856 5052044 224856
1785826686038 224856 5052044 224856
1785826686062 224856 5052044 224856
1785826686085 224856 5052044 224856
1785826686110 224856 5052044 224856
1785826686133 224856 5052044 224856
1785826686157 224856 5052044 224856
1785826686180 224856 5052044 224856
1785826686205 224856 5052044 224856
1785826686229 224856 5052044 224856
1785826686252 224856 5052044 224856
1785826686276 224856 5052044 224856
1785826686301 224856 5052044 224856
1785826686324 224856 5052044 224856
1785826686349 224856 5052044 224856
1785826686373 224856 5052044 224856
1785826686396 224856 5052044 224856
1785826686420 224856 5052044 224856
1785826686444 224856 5052044 224856
1785826686468 224856 5052044 224856
1785826686492 224856 5052044 224856
1785826686517 224856 5052044 224856
1785826686540 224856 5052044 224856
1785826686563 224856 5052044 224856
1785826686587 224856 5052044 224856
1785826686610 224856 5052044 224856
1785826686633 224856 5052044 224856
1785826686656 224856 5052044 224856
1785826686679 224856 5052044 224856
1785826686703 224856 5052044 224856
1785826686726 224856 5052044 224856
1785826686750 224856 5052044 224856
1785826686774 224856 5052044 224856
1785826686798 224856 5052044 224856
1785826686821 224856 5052044 224856
1785826686844 224856 5052044 224856
1785826686868 224856 5052044 224856
1785826686891 224856 5052044 224856
1785826686914 224856 5052044 224856
1785826686937 224856 5052044 224856
1785826686961 224856 5052044 224856
1785826686984 224856 5052044 224856
1785826687008 224856 5052044 224856
1785826687031 224856 5052044 224856
1785826687055 224856 5052044 224856
1785826687079 224856 5052044 224856
1785826687102 224856 5052044 224856
1785826687126 224856 5052044 224856
1785826687150 224856 5052044 224856
1785826687173 224856 5052044 224856
1785826687197 224856 5052044 224856
1785826687220 224856 5052044 224856
1785826687243 224856 5052044 224856
1785826687267 224856 5052044 224856
1785826687291 224856 5052044 224856
1785826687314 224856 5052044 224856
1785826687339 224856 5052044 224856
1785826687362 224856 5052044 224856
1785826687386 224856 5052044 224856
1785826687410 224856 5052044 224856
1785826687434 224856 5052044 224856
1785826687460 224856 5052044 224856
1785826687483 224856 5052044 224856
1785826687506 224856 5052044 224856
1785826687529 224856 5052044 224856
1785826687553 224856 5052044 224856
1785826687576 224856 5052044 224856
1785826687599 224856 5052044 224856
1785826687624 224856 5052044 224856
1785826687647 224856 5052044 224856
1785826687671 224856 5052044 224856
1785826687696 224856 5052044 224856
1785826687719 224856 5052044 224856
1785826687743 224856 5052044 224856
1785826687767 224856 5052044 224856
1785826687791 224856 5052044 224856
1785826687815 224856 5052044 224856
1785826687838 224856 5052044 224856
1785826687863 224856 5052044 224856
1785826687886 224856 5052044 224856
1785826687909 224856 5052044 224856
1785826687934 224856 5052044 224856
1785826687958 224856 5052044 224856
1785826687981 224856 5052044 224856
1785826688006 224856 5052044 224856
1785826688029 224856 5052044 224856
1785826688054 224856 5052044 224856
1785826688079 224856 5052044 224856
1785826688103 224856 5052044 224856
1785826688126 224856 5052044 224856
1785826688150 224856 5052044 224856
1785826688174 224856 5052044 224856
1785826688199 224856 5052044 224856
1785826688222 224856 5052044 224856
1785826688245 224856 5052044 224856
1785826688269 224856 5052044 224856
1785826688293 224856 5052044 224856
1785826688317 224856 5052044 224856
1785826688341 224856 5052044 224856
1785826688364 224856 5052044 224856
1785826688388 224856 5052044 224856
1785826688411 224856 5052044 224856
1785826688436 224856 5052044 224856
1785826688460 224856 5052044 224856
1785826688483 224856 5052044 224856
1785826688508 224856 5052044 224856
1785826688531 224856 5052044 224856
1785826688556 224856 5052044 224856
1785826688579 224856 5052044 224856
1785826688603 224856 5052044 224856
1785826688628 224856 5052044 224856
1785826688653 224856 5052044 224856
1785826688677 224856 5052044 224856
1785826688701 224856 5052044 224856
1785826688724 224856 5052044 224856
1785826688749 224856 5052044 224856
1785826688772 224856 5052044 224856
1785826688795 224856 5052044 224856
1785826688818 224856 5052044 224856
1785826688842 224856 5052044 224856
1785826688865 224856 5052044 224856
1785826688888 224856 5052044 224856
1785826688911 224856 5052044 224856
1785826688935 224856 5052044 224856
1785826688959 224856 5052044 224856
1785826688982 224856 5052044 224856
1785826689006 224856 5052044 224856
1785826689029 224856 5052044 224856
1785826689053 224856 5052044 224856
1785826689076 224856 5052044 224856
1785826689100 224856 5052044 224856
1785826689124 224856 5052044 224856
1785826689147 224856 5052044 224856
1785826689171 224856 5052044 224856
1785826689194 224856 5052044 224856
1785826689218 224856 5052044 224856
1785826689242 224856 5052044 224856
1785826689265 224856 5052044 224856
1785826689288 224856 5052044 224856
1785826689312 224856 5052044 224856
1785826689335 224856 5052044 224856
1785826689358 224856 5052044 224856
1785826689381 224856 5052044 224856
1785826689405 224856 5052044 224856
1785826689429 224856 5052044 224856
1785826689452 224856 5052044 224856
1785826689475 224856 5052044 224856
1785826689498 224856 5052044 224856
1785826689521 224856 5052044 224856
1785826689544 224856 5052044 224856
1785826689567 224856 5052044 224856
1785826689591 224856 5052044 224856
1785826689614 224856 5052044 224856
1785826689637 224856 5052044 224856
1785826689660 224856 5052044 224856
1785826689683 224856 5052044 224856
1785826689707 224856 5052044 224856
1785826689731 224856 5052044 224856
1785826689754 224856 5052044 224856
1785826689778 224856 5052044 224856
1785826689802 224856 5052044 224856
1785826689826 224856 5052044 224856
1785826689849 224856 5052044 224856
1785826689873 224856 5052044 224856
1785826689897 224856 5052044 224856
1785826689921 224856 5052044 224856
1785826689945 224856 5052044 224856
1785826689970 224856 5052044 224856
1785826689993 224856 5052044 224856
1785826690017 224856 5052044 224856
1785826690041 224856 5052044 224856
1785826690064 224856 5052044 224856
1785826690088 224856 5052044 224856
1785826690112 224856 5052044 224856
1785826690135 224856 5052044 224856
1785826690159 224856 5052044 224856
1785826690182 224856 5052044 224856
1785826690205 224856 5052044 224856
1785826690229 224856 5052044 224856
1785826690253 224856 5052044 224856
1785826690276 224856 5052044 224856
1785826690300 224856 5052044 224856
1785826690323 224856 5052044 224856
1785826690347 224856 5052044 224856
1785826690370 224856 5052044 224856
1785826690394 224856 5052044 224856
1785826690418 224856 5052044 224856
1785826690441 224856 5052044 224856
1785826690465 224856 5052044 224856
1785826690489 224856 5052044 224856
1785826690512 224856 5052044 224856
1785826690535 224856 5052044 224856
1785826690559 224856 5052044 224856
1785826690582 224856 5052044 224856
1785826690606 224856 5052044 224856
1785826690629 224856 5052044 224856
1785826690652 224856 5052044 224856
1785826690676 224856 5052044 224856
1785826690699 224856 5052044 224856
1785826690722 224856 5052044 224856
1785826690745 224856 5052044 224856
1785826690769 224856 5052044 224856
1785826690792 224856 5052044 224856
1785826690816 224856 5052044 224856
1785826690840 224856 5052044 224856
1785826690863 224856 5052044 224856
1785826690887 224856 5052044 224856
1785826690911 224856 5052044 224856
1785826690935 224856 5052044 224856
1785826690958 224856 5052044 224856
1785826690981 224856 5052044 224856
1785826691005 224856 5052044 224856
1785826691028 224856 5052044 224856
1785826691052 224856 5052044 224856
1785826691075 224856 5052044 224856
1785826691097 224856 5052044 224856
1785826691121 224856 5052044 224856
1785826691144 224856 5052044 224856
1785826691168 224856 5052044 224856
1785826691191 224856 5052044 224856
1785826691215 224856 5052044 224856
1785826691239 224856 5052044 224856
1785826691262 224856 5052044 224856
1785826691286 224856 5052044 224856
1785826691309 224856 5052044 224856
1785826691332 224856 5052044 224856
1785826691355 224856 5052044 224856
1785826691379 224856 5052044 224856
1785826691403 224856 5052044 224856
1785826691426 224856 5052044 224856
1785826691449 224856 5052044 224856
1785826691472 224856 5052044 224856
1785826691496 224856 5052044 224856
1785826691520 224856 5052044 224856
1785826691543 224856 5052044 224856
1785826691566 224856 5052044 224856
1785826691590 224856 5052044 224856
1785826691615 224856 5052044 224856
1785826691638 224856 5052044 224856
1785826691661 224856 5052044 224856
1785826691685 224856 5052044 224856
1785826691709 224856 5052044 224856
1785826691732 224856 5052044 224856
1785826691756 224856 5052044 224856
1785826691779 224856 5052044 224856
1785826691802 224856 5052044 224856
1785826691826 224856 5052044 224856
1785826691849 224856 5052044 224856
1785826691872 224856 5052044 224856
1785826691896 224856 5052044 224856
1785826691919 224856 5052044 224856
1785826691942 224856 5052044 224856
1785826691966 224856 5052044 224856
1785826691989 224856 5052044 224856
1785826692013 224856 5052044 224856
1785826692037 224856 5052044 224856
1785826692060 224856 5052044 224856
1785826692083 224856 5052044 224856
1785826692107 224856 5052044 224856
1785826692131 224856 5052044 224856
1785826692154 224856 5052044 224856
1785826692177 224856 5052044 224856
1785826692201 224856 5052044 224856
1785826692224 224856 5052044 224856
1785826692247 224856 5052044 224856
1785826692271 224856 5052044 224856
1785826692295 224856 5052044 224856
1785826692318 224856 5052044 224856
1785826692341 224856 5052044 224856
1785826692364 224856 5052044 224856
1785826692388 224856 5052044 224856
1785826692411 224856 5052044 224856
1785826692434 224856 5052044 224856
1785826692458 224856 5052044 224856
1785826692481 224856 5052044 224856
1785826692504 224856 5052044 224856
1785826692528 224856 5052044 224856
1785826692552 224856 5052044 224856
1785826692575 224856 5052044 224856
1785826692598 224856 5052044 224856
1785826692622 224856 5052044 224856
1785826692645 224856 5052044 224856
1785826692669 224856 5052044 224856
1785826692692 224856 5052044 224856
1785826692716 224856 5052044 224856
1785826692739 224856 5052044 224856
1785826692763 224856 5052044 224856
1785826692786 224856 5052044 224856
1785826692811 224856 5052044 224856
1785826692835 224856 5052044 224856
1785826692858 224856 5052044 224856
1785826692881 224856 5052044 224856
1785826692905 224856 5052044 224856
1785826692929 224856 5052044 224856
1785826692953 224856 5052044 224856
1785826692976 224856 5052044 224856
1785826692999 224856 5052044 224856
1785826693022 224856 5052044 224856
1785826693046 224856 5052044 224856
1785826693069 224856 5052044 224856
1785826693092 224856 5052044 224856
1785826693115 224856 5052044 224856
1785826693138 224856 5052044 224856
1785826693161 224856 5052044 224856
1785826693185 224856 5052044 224856
1785826693209 224856 5052044 224856
1785826693232 224856 5052044 224856
1785826693256 224856 5052044 224856
1785826693279 224856 5052044 224856
1785826693302 224856 5052044 224856
1785826693325 224856 5052044 224856
1785826693349 224856 5052044 224856
1785826693372 224856 5052044 224856
1785826693395 224856 5052044 224856
1785826693418 224856 5052044 224856
1785826693441 224856 5052044 224856
1785826693465 224856 5052044 224856
1785826693488 224856 5052044 224856
1785826693512 224856 5052044 224856
1785826693535 224856 5052044 224856
1785826693558 224856 5052044 224856
1785826693581 224856 5052044 224856
1785826693605 224856 5052044 224856
1785826693629 224856 5052044 224856
1785826693652 224856 5052044 224856
1785826693675 224856 5052044 224856
1785826693698 224856 5052044 224856
1785826693722 224856 5052044 224856
1785826693745 224856 5052044 224856
1785826693769 224856 5052044 224856
1785826693793 224856 5052044 224856
1785826693816 224856 5052044 224856
1785826693840 224856 5052044 224856
1785826693863 224856 5052044 224856
1785826693886 224856 5052044 224856
1785826693910 224856 5052044 224856
1785826693933 224856 5052044 224856
1785826693956 224856 5052044 224856
1785826693979 224856 5052044 224856
1785826694003 224856 5052044 224856
1785826694026 224856 5052044 224856
1785826694049 224856 5052044 224856
1785826694072 224856 5052044 224856
1785826694096 224856 5052044 224856
1785826694119 224856 5052044 224856
1785826694142 224856 5052044 224856
1785826694166 224856 5052044 224856
1785826694189 224856 5052044 224856
1785826694212 224856 5052044 224856
1785826694235 224856 5052044 224856
1785826694258 224856 5052044 224856
1785826694281 224856 5052044 224856
1785826694306 224856 5052044 224856
1785826694329 224856 5052044 224856
1785826694352 224856 5052044 224856
1785826694376 224856 5052044 224856
1785826694399 224856 5052044 224856
1785826694422 224856 5052044 224856
1785826694446 224856 5052044 224856
1785826694470 224856 5052044 224856
1785826694493 224856 5052044 224856
1785826694517 224856 5052044 224856
1785826694540 224856 5052044 224856
1785826694563 224856 5052044 224856
1785826694586 224856 5052044 224856
1785826694627 224856 5052044 224856
1785826694651 224856 5052044 224856
1785826694674 224856 5052044 224856
1785826694698 224856 5052044 224856
1785826694722 224856 5052044 224856
1785826694745 224856 5052044 224856
1785826694770 224856 5052044 224856
1785826694794 224856 5052044 224856
1785826694817 224856 5052044 224856
1785826694841 224856 5052044 224856
1785826694864 224856 5052044 224856
1785826694887 224856 5052044 224856
1785826694912 224856 5052044 224856
1785826694936 224856 5052044 224856
1785826694959 224856 5052044 224856
1785826694982 224856 5052044 224856
1785826695006 224856 5052044 224856
1785826695030 224856 5052044 224856
1785826695053 224856 5052044 224856
1785826695076 224856 5052044 224856
1785826695099 224856 5052044 224856
1785826695123 224856 5052044 224856
1785826695146 224856 5052044 224856
1785826695170 224856 5052044 224856
1785826695193 224856 5052044 224856
1785826695216 224856 5052044 224856
1785826695239 224856 5052044 224856
1785826695263 224856 5052044 224856
1785826695286 224856 5052044 224856
1785826695309 224856 5052044 224856
1785826695333 224856 5052044 224856
1785826695357 224856 5052044 224856
1785826695381 224856 5052044 224856
1785826695404 224856 5052044 224856
1785826695427 224856 5052044 224856
1785826695450 224856 5052044 224856
1785826695473 224856 5052044 224856
1785826695497 224856 5052044 224856
1785826695521 224856 5052044 224856
1785826695544 224856 5052044 224856
1785826695567 224856 5052044 224856
1785826695590 224856 5052044 224856
1785826695614 224856 5052044 224856
1785826695638 224856 5052044 224856
1785826695661 224856 5052044 224856
1785826695684 224856 5052044 224856
1785826695709 224856 5052044 224856
1785826695732 224856 5052044 224856
1785826695756 224856 5052044 224856
1785826695779 224856 5052044 224856
1785826695803 224856 5052044 224856
1785826695826 224856 5052044 224856
1785826695850 224856 5052044 224856
1785826695874 224856 5052044 224856
1785826695897 224856 5052044 224856
1785826695920 224856 5052044 224856
1785826695944 224856 5052044 224856
1785826695967 224856 5052044 224856
1785826695990 224856 5052044 224856
1785826696013 224856 5052044 224856
1785826696036 224856 5052044 224856
1785826696060 224856 5052044 224856
1785826696084 224856 5052044 224856
1785826696107 224856 5052044 224856
1785826696131 224856 5052044 224856
1785826696155 224856 5052044 224856
1785826696178 224856 5052044 224856
1785826696201 224856 5052044 224856
1785826696224 224856 5052044 224856
1785826696248 224856 5052044 224856
1785826696272 224856 5052044 224856
1785826696295 224856 5052044 224856
1785826696318 224856 5052044 224856
1785826696342 224856 5052044 224856
1785826696367 224856 5052044 224856
1785826696391 224856 5052044 224856
1785826696415 224856 5052044 224856
1785826696438 224856 5052044 224856
1785826696462 224856 5052044 224856
1785826696486 224856 5052044 224856
1785826696509 224856 5052044 224856
1785826696533 224856 5052044 224856
1785826696556 224856 5052044 224856
1785826696581 224856 5052044 224856
1785826696604 224856 5052044 224856
1785826696628 224856 5052044 224856
1785826696651 224856 5052044 224856
1785826696674 224856 5052044 224856
1785826696698 224856 5052044 224856
1785826696721 224856 5052044 224856
1785826696744 224856 5052044 224856
1785826696768 224856 5052044 224856
1785826696792 224856 5052044 224856
1785826696815 224856 5052044 224856
1785826696839 224856 5052044 224856
1785826696862 224856 5052044 224856
1785826696886 224856 5052044 224856
1785826696909 224856 5052044 224856
1785826696933 224856 5052044 224856
1785826696957 224856 5052044 224856
1785826696980 224856 5052044 224856
1785826697003 224856 5052044 224856
1785826697027 224856 5052044 224856
1785826697051 224856 5052044 224856
1785826697074 224856 5052044 224856
1785826697098 224856 5052044 224856
1785826697122 224856 5052044 224856
1785826697145 224856 5052044 224856
1785826697169 224856 5052044 224856
1785826697193 224856 5052044 224856
1785826697216 224856 5052044 224856
1785826697240 224856 5052044 224856
1785826697264 224856 5052044 224856
1785826697288 224856 5052044 224856
1785826697311 224856 5052044 224856
1785826697335 224856 5052044 224856
1785826697358 224856 5052044 224856
1785826697382 224856 5052044 224856
1785826697405 224856 5052044 224856
1785826697428 224856 5052044 224856
1785826697452 224856 5052044 224856
1785826697475 224856 5052044 224856
1785826697498 224856 5052044 224856
1785826697522 224856 5052044 224856
1785826697545 224856 5052044 224856
1785826697569 224856 5052044 224856
1785826697593 224856 5052044 224856
1785826697616 224856 5052044 224856
1785826697639 224856 5052044 224856
1785826697664 224856 5052044 224856
1785826697687 224856 5052044 224856
1785826697710 224856 5052044 224856
1785826697734 224856 5052044 224856
1785826697758 224856 5052044 224856
1785826697782 224856 5052044 224856
1785826697805 224856 5052044 224856
1785826697829 224856 5052044 224856
1785826697853 224856 5052044 224856
1785826697877 224856 5052044 224856
1785826697900 224856 5052044 224856
1785826697924 224856 5052044 224856
1785826697947 224856 5052044 224856
1785826697970 224856 5052044 224856
1785826697994 224856 5052044 224856
1785826698017 224856 5052044 224856
1785826698041 224856 5052044 224856
1785826698064 224856 5052044 224856
1785826698088 224856 5052044 224856
1785826698111 224856 5052044 224856
1785826698135 224856 5052044 224856
1785826698159 224856 5052044 224856
1785826698184 224856 5052044 224856
1785826698208 224856 5052044 224856
1785826698232 224856 5052044 224856
1785826698256 224856 5052044 224856
1785826698280 224856 5052044 224856
1785826698304 224856 5052044 224856
1785826698327 224856 5052044 224856
1785826698351 224856 5052044 224856
1785826698375 224856 5052044 224856
1785826698398 224856 5052044 224856
1785826698422 224856 5052044 224856
1785826698445 224856 5052044 224856
1785826698469 224856 5052044 224856
1785826698492 224856 5052044 224856
1785826698516 224856 5052044 224856
1785826698540 224856 5052044 224856
1785826698564 224856 5052044 224856
1785826698587 224856 5052044 224856
1785826698611 224856 5052044 224856
1785826698635 224856 5052044 224856
1785826698658 224856 5052044 224856
1785826698682 224856 5052044 224856
1785826698705 224856 5052044 224856
1785826698729 224856 5052044 224856
1785826698752 224856 5052044 224856
1785826698776 224856 5052044 224856
1785826698800 224856 5052044 224856
1785826698823 224856 5052044 224856
1785826698847 224856 5052044 224856
1785826698871 224856 5052044 224856
1785826698894 224856 5052044 224856
1785826698918 224856 5052044 224856
1785826698942 224856 5052044 224856
1785826698966 224856 5052044 224856
1785826698989 224856 5052044 224856
1785826699012 224856 5052044 224856
1785826699036 224856 5052044 224856
1785826699059 224856 5052044 224856
1785826699083 224856 5052044 224856
1785826699107 224856 5052044 224856
1785826699130 224856 5052044 224856
1785826699154 224856 5052044 224856
1785826699178 224856 5052044 224856
1785826699202 224856 5052044 224856
1785826699225 224856 5052044 224856
1785826699249 224856 5052044 224856
1785826699273 224856 5052044 224856
1785826699296 224856 5052044 224856
1785826699320 224856 5052044 224856
1785826699343 224856 5052044 224856
1785826699367 224856 5052044 224856
1785826699391 224856 5052044 224856
1785826699414 224856 5052044 224856
1785826699438 224856 5052044 224856
1785826699462 224856 5052044 224856
1785826699485 224856 5052044 224856
1785826699508 224856 5052044 224856
1785826699532 224856 5052044 224856
1785826699556 224856 5052044 224856
1785826699579 224856 5052044 224856
1785826699603 224856 5052044 224856
1785826699626 224856 5052044 224856
1785826699650 224856 5052044 224856
1785826699673 224856 5052044 224856
1785826699697 224856 5052044 224856
1785826699721 224856 5052044 224856
1785826699745 224856 5052044 224856
1785826699768 224856 5052044 224856
1785826699792 224856 5052044 224856
1785826699816 224856 5052044 224856
1785826699839 224856 5052044 224856
1785826699863 224856 5052044 224856
1785826699886 224856 5052044 224856
1785826699910 224856 5052044 224856
1785826699934 224856 5052044 224856
1785826699957 224856 5052044 224856
1785826699981 224856 5052044 224856
1785826700005 224856 5052044 224856
1785826700028 224856 5052044 224856
1785826700052 224856 5052044 224856
1785826700075 224856 5052044 224856
1785826700099 224856 5052044 224856
1785826700123 224856 5052044 224856
1785826700146 224856 5052044 224856
1785826700170 224856 5052044 224856
1785826700194 224856 5052044 224856
1785826700217 224856 5052044 224856
1785826700241 224856 5052044 224856
1785826700265 224856 5052044 224856
1785826700289 224856 5052044 224856
1785826700314 224856 5052044 224856
1785826700337 224856 5052044 224856
1785826700360 224856 5052044 224856
1785826700384 224856 5052044 224856
1785826700407 224856 5052044 224856
1785826700431 224856 5052044 224856
1785826700454 224856 5052044 224856
1785826700478 224856 5052044 224856
1785826700502 224856 5052044 224856
1785826700526 224856 5052044 224856
1785826700550 224856 5052044 224856
1785826700573 224856 5052044 224856
1785826700597 224856 5052044 224856
1785826700621 224856 5052044 224856
1785826700644 224856 5052044 224856
1785826700668 224856 5052044 224856
1785826700692 224856 5052044 224856
1785826700716 224856 5052044 224856
1785826700739 224856 5052044 224856
1785826700763 224856 5052044 224856
1785826700787 224856 5052044 224856
1785826700811 224856 5052044 224856
1785826700835 224856 5052044 224856
1785826700858 224856 5052044 224856
1785826700882 224856 5052044 224856
1785826700906 224856 5052044 224856
1785826700929 224856 5052044 224856
1785826700953 224856 5052044 224856
1785826700977 224856 5052044 224856
1785826701000 224856 5052044 224856
1785826701024 224856 5052044 224856
1785826701048 224856 5052044 224856
1785826701072 224856 5052044 224856
1785826701095 224856 5052044 224856
1785826701119 224856 5052044 224856
1785826701143 224856 5052044 224856
1785826701167 224856 5052044 224856
1785826701191 224856 5052044 224856
1785826701214 224856 5052044 224856
1785826701239 224856 5052044 224856
1785826701262 224856 5052044 224856
1785826701286 224856 5052044 224856
1785826701310 224856 5052044 224856
1785826701334 224856 5052044 224856
1785826701358 224856 5052044 224856
1785826701381 224856 5052044 224856
1785826701405 224856 5052044 224856
1785826701429 224856 5052044 224856
1785826701453 224856 5052044 224856
1785826701477 224856 5052044 224856
1785826701500 224856 5052044 224856
1785826701524 224856 5052044 224856
1785826701548 224856 5052044 224856
1785826701571 224856 5052044 224856
1785826701594 224856 5052044 224856
1785826701617 224856 5052044 224856
1785826701641 224856 5052044 224856
1785826701664 224856 5052044 224856
1785826701689 224856 5052044 224856
1785826701712 224856 5052044 224856
1785826701735 224856 5052044 224856
1785826701758 224856 5052044 224856
1785826701782 224856 5052044 224856
1785826701805 224856 5052044 224856
1785826701828 224856 5052044 224856
1785826701852 224856 5052044 224856
1785826701876 224856 5052044 224856
1785826701899 224856 5052044 224856
1785826701923 224856 5052044 224856
1785826701946 224856 5052044 224856
1785826701969 224856 5052044 224856
1785826701992 224856 5052044 224856
1785826702015 224856 5052044 224856
1785826702040 224856 5052044 224856
1785826702063 224856 5052044 224856
1785826702086 224856 5052044 224856
1785826702109 224856 5052044 224856
1785826702133 224856 5052044 224856
1785826702156 224856 5052044 224856
1785826702179 224856 5052044 224856
1785826702204 224856 5052044 224856
1785826702228 224856 5052044 224856
1785826702251 224856 5052044 224856
1785826702275 224856 5052044 224856
1785826702298 224856 5052044 224856
1785826702321 224856 5052044 224856
1785826702345 224856 5052044 224856
1785826702369 224856 5052044 224856
1785826702392 224856 5052044 224856
1785826702415 224856 5052044 224856
1785826702439 224856 5052044 224856
1785826702462 224856 5052044 224856
1785826702486 224856 5052044 224856
1785826702509 224856 5052044 224856
1785826702533 224856 5052044 224856
1785826702557 224856 5052044 224856
1785826702581 224856 5052044 224856
1785826702605 224856 5052044 224856
1785826702629 224856 5052044 224856
1785826702653 224856 5052044 224856
1785826702676 224856 5052044 224856
1785826702699 224856 5052044 224856
1785826702722 224856 5052044 224856
1785826702745 224856 5052044 224856
1785826702768 224856 5052044 224856
1785826702791 224856 5052044 224856
1785826702815 224856 5052044 224856
1785826702838 224856 5052044 224856
1785826702862 224856 5052044 224856
1785826702885 224856 5052044 224856
1785826702908 224856 5052044 224856
1785826702931 224856 5052044 224856
1785826702954 224856 5052044 224856
1785826702978 224856 5052044 224856
1785826703002 224856 5052044 224856
1785826703026 224856 5052044 224856
1785826703049 224856 5052044 224856
1785826703073 224856 5052044 224856
1785826703097 224856 5052044 224856
1785826703120 224856 5052044 224856
1785826703144 224856 5052044 224856
1785826703167 224856 5052044 224856
1785826703191 224856 5052044 224856
1785826703215 224856 5052044 224856
1785826703238 224856 5052044 224856
1785826703262 224856 5052044 224856
1785826703285 224856 5052044 224856
1785826703308 224856 5052044 224856
1785826703331 224856 5052044 224856
1785826703355 224856 5052044 224856
1785826703378 224856 5052044 224856
1785826703402 224856 5052044 224856
1785826703425 224856 5052044 224856
1785826703449 224856 5052044 224856
1785826703472 224856 5052044 224856
1785826703495 224856 5052044 224856
1785826703520 224856 5052044 224856
1785826703544 224856 5052044 224856
1785826703568 224856 5052044 224856
1785826703590 224856 5052044 224856
1785826703615 224856 5052044 224856
1785826703638 224856 5052044 224856
1785826703661 224856 5052044 224856
1785826703684 224856 5052044 224856
1785826703708 224856 5052044 224856
1785826703731 224856 5052044 224856
1785826703755 224856 5052044 224856
1785826703778 224856 5052044 224856
1785826703802 224856 5052044 224856
1785826703825 224856 5052044 224856
1785826703848 224856 5052044 224856
1785826703872 224856 5052044 224856
1785826703895 224856 5052044 224856
1785826703919 224856 5052044 224856
1785826703942 224856 5052044 224856
1785826703965 224856 5052044 224856
1785826703988 224856 5052044 224856
1785826704012 224856 5052044 224856
1785826704036 224856 5052044 224856
1785826704060 224856 5052044 224856
1785826704083 224856 5052044 224856
1785826704106 224856 5052044 224856
1785826704130 224856 5052044 224856
1785826704153 224856 5052044 224856
1785826704176 224856 5052044 224856
1785826704199 224856 5052044 224856
1785826704222 224856 5052044 224856
1785826704245 224856 5052044 224856
1785826704269 224856 5052044 224856
1785826704293 224856 5052044 224856
1785826704316 224856 5052044 224856
1785826704339 224856 5052044 224856
1785826704363 224856 5052044 224856
1785826704386 224856 5052044 224856
1785826704409 224856 5052044 224856
1785826704432 224856 5052044 224856
1785826704457 224856 5052044 224856
1785826704481 224856 5052044 224856
1785826704504 224856 5052044 224856
1785826704527 224856 5052044 224856
1785826704551 224856 5052044 224856
1785826704574 224856 5052044 224856
1785826704597 224856 5052044 224856
1785826704621 224856 5052044 224856
1785826704645 224856 5052044 224856
1785826704669 224856 5052044 224856
1785826704693 224856 5052044 224856
1785826704717 224856 5052044 224856
1785826704740 224856 5052044 224856
1785826704763 224856 5052044 224856
1785826704786 224856 5052044 224856
1785826704810 224856 5052044 224856
1785826704834 224856 5052044 224856
1785826704858 224856 5052044 224856
1785826704881 224856 5052044 224856
1785826704904 224856 5052044 224856
1785826704928 224856 5052044 224856
1785826704952 224856 5052044 224856
1785826704975 224856 5052044 224856
1785826704998 224856 5052044 224856
1785826705021 224856 5052044 224856
1785826705045 224856 5052044 224856
1785826705069 224856 5052044 224856
1785826705093 224856 5052044 224856
1785826705117 224856 5052044 224856
1785826705142 224856 5052044 224856
1785826705165 224856 5052044 224856
1785826705189 224856 5052044 224856
1785826705213 224856 5052044 224856
1785826705237 224856 5052044 224856
1785826705260 224856 5052044 224856
1785826705284 224856 5052044 224856
1785826705308 224856 5052044 224856
1785826705331 224856 5052044 224856
1785826705354 224856 5052044 224856
1785826705377 224856 5052044 224856
1785826705402 224856 5052044 224856
1785826705425 224856 5052044 0
1785826705449 224856 5052044 224856
1785826705472 224856 5052044 224856
1785826705495 224856 5052044 224856
1785826705520 224856 5052044 224856
1785826705543 224856 5052044 224856
1785826705567 224856 5052044 224856
1785826705590 224856 5052044 224856
1785826705614 224856 5052044 224856
1785826705637 224856 5052044 224856
1785826705661 224856 5052044 224856
1785826705686 224856 5052044 224856
1785826705709 224856 5052044 224856
1785826705732 224856 5052044 224856
1785826705755 224856 5052044 224856
1785826705780 224856 5052044 224856
1785826705803 224856 5052044 224856
1785826705827 224856 5052044 224856
1785826705851 224856 5052044 224856
1785826705874 224856 5052044 224856
1785826705897 224856 5052044 224856
1785826705920 224856 5052044 224856
1785826705944 224856 5052044 224856
1785826705967 224856 5052044 224856
1785826705990 224856 5052044 224856
1785826706014 224856 5052044 224856
1785826706038 224856 5052044 224856
1785826706061 224856 5052044 224856
1785826706085 224856 5052044 224856
1785826706108 224856 5052044 224856
1785826706132 224856 5052044 224856
1785826706155 224856 5052044 224856
1785826706179 224856 5052044 224856
1785826706202 224856 5052044 224856
1785826706226 224856 5052044 224856
1785826706249 224856 5052044 224856
1785826706273 224856 5052044 224856
1785826706296 224856 5052044 224856
1785826706319 224856 5052044 224856
1785826706343 224856 5052044 224856
1785826706367 224856 5052044 224856
1785826706390 224856 5052044 224856
1785826706413 224856 5052044 224856
1785826706436 224856 5052044 224856
1785826706460 224856 5052044 224856
1785826706484 224856 5052044 224856
1785826706507 224856 5052044 224856
1785826706531 224856 5052044 224856
1785826706555 224856 5052044 224856
1785826706578 224856 5052044 224856
1785826706602 224856 5052044 224856
1785826706625 224856 5052044 224856
1785826706650 224856 5052044 224856
1785826706673 224856 5052044 224856
1785826706696 224856 5052044 224856
1785826706720 224856 5052044 224856
1785826706744 224856 5052044 224856
1785826706767 224856 5052044 224856
1785826706790 224856 5052044 224856
1785826706814 224856 5052044 224856
1785826706837 224856 5052044 224856
1785826706861 224856 5052044 224856
1785826706884 224856 5052044 224856
1785826706908 224856 5052044 224856
1785826706932 224856 5052044 224856
1785826706956 224856 5052044 224856
1785826706979 224856 5052044 224856
1785826707003 224856 5052044 224856
1785826707027 224856 5052044 224856
1785826707051 224856 5052044 224856
1785826707075 224856 5052044 224856
1785826707099 224856 5052044 224856
1785826707123 224856 5052044 224856
1785826707147 224856 5052044 224856
1785826707171 224856 5052044 224856
1785826707195 224856 5052044 224856
1785826707219 224856 5052044 224856
1785826707244 224856 5052044 224856
1785826707268 224856 5052044 224856
1785826707291 224856 5052044 224856
1785826707315 224856 5052044 224856
1785826707338 224856 5052044 224856
1785826707362 224856 5052044 224856
1785826707386 224856 5052044 224856
1785826707410 224856 5052044 224856
1785826707433 224856 5052044 224856
1785826707457 224856 5052044 224856
1785826707481 224856 5052044 224856
1785826707504 224856 5052044 224856
1785826707527 224856 5052044 224856
1785826707551 224856 5052044 224856
1785826707574 224856 5052044 224856
1785826707598 224856 5052044 224856
1785826707622 224856 5052044 224856
1785826707646 224856 5052044 224856
1785826707669 224856 5052044 224856
1785826707694 224856 5052044 224856
1785826707717 224856 5052044 224856
1785826707740 224856 5052044 224856
1785826707763 224856 5052044 224856
1785826707787 224856 5052044 224856
1785826707811 224856 5052044 224856
1785826707835 224856 5052044 224856
1785826707858 224856 5052044 224856
1785826707881 224856 5052044 224856
1785826707905 224856 5052044 224856
1785826707929 224856 5052044 224856
1785826707953 224856 5052044 224856
1785826707976 224856 5052044 224856
1785826708000 224856 5052044 224856
1785826708023 224856 5052044 224856
1785826708047 224856 5052044 224856
1785826708070 224856 5052044 224856
1785826708093 224856 5052044 224856
1785826708116 224856 5052044 224856
1785826708140 224856 5052044 224856
1785826708164 224856 5052044 224856
1785826708188 224856 5052044 224856
1785826708212 224856 5052044 224856
1785826708236 224856 5052044 224856
1785826708260 224856 5052044 224856
1785826708284 224856 5052044 224856
1785826708307 224856 5052044 224856
1785826708331 224856 5052044 224856
1785826708354 224856 5052044 224856
1785826708378 224856 5052044 224856
1785826708403 224856 5052044 224856
1785826708426 224856 5052044 224856
1785826708450 224856 5052044 224856
1785826708473 224856 5052044 224856
1785826708496 224856 5052044 224856
1785826708520 224856 5052044 224856
1785826708544 224856 5052044 224856
1785826708568 224856 5052044 224856
1785826708591 224856 5052044 224856
1785826708615 224856 5052044 224856
1785826708639 224856 5052044 224856
1785826708663 224856 5052044 224856
1785826708687 224856 5052044 224856
1785826708710 224856 5052044 224856
1785826708734 224856 5052044 224856
1785826708758 224856 5052044 224856
1785826708782 224856 5052044 224856
1785826708806 224856 5052044 224856
1785826708830 224856 5052044 224856
1785826708854 224856 5052044 224856
1785826708877 224856 5052044 224856
1785826708902 224856 5052044 224856
1785826708925 224856 5052044 224856
1785826708949 224856 5052044 224856
1785826708973 224856 5052044 224856
1785826708997 224856 5052044 224856
1785826709020 224856 5052044 224856
1785826709044 224856 5052044 224856
1785826709067 224856 5052044 224856
1785826709091 224856 5052044 224856
1785826709115 224856 5052044 224856
1785826709139 224856 5052044 224856
1785826709163 224856 5052044 224856
1785826709187 224856 5052044 224856
1785826709211 224856 5052044 224856
1785826709235 224856 5052044 224856
1785826709258 224856 5052044 224856
1785826709282 224856 5052044 224856
1785826709305 224856 5052044 224856
1785826709329 224856 5052044 224856
1785826709353 224856 5052044 224856
1785826709377 224856 5052044 224856
1785826709400 224856 5052044 224856
1785826709424 224856 5052044 224856
1785826709448 224856 5052044 224856
1785826709472 224856 5052044 224856
1785826709495 224856 5052044 224856
1785826709519 224856 5052044 224856
1785826709542 224856 5052044 224856
1785826709566 224856 5052044 224856
1785826709589 224856 5052044 224856
1785826709613 224856 5052044 224856
1785826709637 224856 5052044 224856
1785826709661 224856 5052044 224856
1785826709684 224856 5052044 224856
1785826709708 224856 5052044 224856
1785826709731 224856 5052044 224856
1785826709756 224856 5052044 224856
1785826709779 224856 5052044 224856
1785826709803 224856 5052044 224856
1785826709826 224856 5052044 224856
1785826709850 224856 5052044 224856
1785826709874 224856 5052044 224856
1785826709897 224856 5052044 224856
1785826709921 224856 5052044 224856
1785826709945 224856 5052044 224856
1785826709968 224856 5052044 224856
1785826709992 224856 5052044 224856
1785826710016 224856 5052044 224856
1785826710040 224856 5052044 224856
1785826710063 224856 5052044 224856
1785826710087 224856 5052044 224856
1785826710110 224856 5052044 224856
1785826710134 224856 5052044 224856
1785826710157 224856 5052044 224856
1785826710181 224856 5052044 224856
1785826710204 224856 5052044 224856
1785826710228 224856 5052044 224856
1785826710252 224856 5052044 224856
1785826710276 224856 5052044 224856
1785826710299 224856 5052044 224856
1785826710323 224856 5052044 224856
1785826710346 224856 5052044 224856
1785826710370 224856 5052044 224856
1785826710394 224856 5052044 224856
1785826710417 224856 5052044 224856
1785826710441 224856 5052044 224856
1785826710465 224856 5052044 224856
1785826710488 224856 5052044 224856
1785826710511 224856 5052044 224856
1785826710535 224856 5052044 224856
1785826710559 224856 5052044 224856
1785826710582 224856 5052044 224856
1785826710606 224856 5052044 224856
1785826710630 224856 5052044 224856
1785826710653 224856 5052044 224856
1785826710676 224856 5052044 224856
1785826710700 224856 5052044 224856
1785826710723 224856 5052044 224856
1785826710747 224856 5052044 224856
1785826710770 224856 5052044 224856
1785826710794 224856 5052044 224856
1785826710817 224856 5052044 224856
1785826710840 224856 5052044 224856
1785826710864 224856 5052044 224856
1785826710888 224856 5052044 224856
1785826710911 224856 5052044 224856
1785826710935 224856 5052044 224856
1785826710959 224856 5052044 224856
1785826710983 224856 5052044 224856
1785826711006 224856 5052044 224856
1785826711030 224856 5052044 224856
1785826711053 224856 5052044 224856
1785826711077 224856 5052044 224856
1785826711100 224856 5052044 224856
1785826711123 224856 5052044 224856
1785826711147 224856 5052044 224856
1785826711171 224856 5052044 224856
1785826711194 224856 5052044 224856
1785826711218 224856 5052044 224856
1785826711242 224856 5052044 224856
1785826711265 224856 5052044 224856
1785826711289 224856 5052044 224856
1785826711313 224856 5052044 224856
1785826711336 224856 5052044 224856
1785826711359 224856 5052044 224856
1785826711383 224856 5052044 224856
1785826711407 224856 5052044 224856
1785826711430 224856 5052044 224856
1785826711454 224856 5052044 224856
1785826711477 224856 5052044 224856
1785826711502 224856 5052044 224856
1785826711526 224856 5052044 224856
1785826711549 224856 5052044 224856
1785826711573 224856 5052044 224856
1785826711597 224856 5052044 224856
1785826711620 224856 5052044 224856
1785826711643 224856 5052044 224856
1785826711667 224856 5052044 224856
1785826711690 224856 5052044 224856
1785826711714 224856 5052044 224856
1785826711738 224856 5052044 224856
1785826711762 224856 5052044 224856
1785826711786 224856 5052044 224856
1785826711810 224856 5052044 224856
1785826711833 224856 5052044 224856
1785826711856 224856 5052044 224856
1785826711879 224856 5052044 224856
1785826711902 224856 5052044 224856
1785826711926 224856 5052044 224856
1785826711950 224856 5052044 224856
1785826711973 224856 5052044 224856
1785826711996 224856 5052044 224856
1785826712021 224856 5052044 224856
1785826712044 224856 5052044 224856
1785826712068 224856 5052044 224856
1785826712092 224856 5052044 224856
1785826712116 224856 5052044 224856
1785826712140 224856 5052044 224856
1785826712163 224856 5052044 224856
1785826712187 224856 5052044 224856
1785826712211 224856 5052044 224856
1785826712235 224856 5052044 224856
1785826712259 224856 5052044 224856
1785826712283 224856 5052044 224856
1785826712307 224856 5052044 224856
1785826712331 224856 5052044 224856
1785826712355 224856 5052044 224856
1785826712378 224856 5052044 224856
1785826712402 224856 5052044 224856
1785826712426 224856 5052044 224856
1785826712449 224856 5052044 224856
1785826712473 224856 5052044 224856
1785826712497 224856 5052044 224856
1785826712521 224856 5052044 224856
1785826712545 224856 5052044 224856
1785826712569 224856 5052044 224856
1785826712593 224856 5052044 224856
1785826712617 224856 5052044 224856
1785826712641 224856 5052044 224856
1785826712665 224856 5052044 224856
1785826712688 224856 5052044 224856
1785826712712 224856 5052044 224856
1785826712736 224856 5052044 224856
1785826712759 224856 5052044 224856
1785826712784 224856 5052044 224856
1785826712808 224856 5052044 224856
1785826712832 224856 5052044 224856
1785826712855 224856 5052044 224856
1785826712879 224856 5052044 224856
1785826712903 224856 5052044 224856
1785826712926 224856 5052044 224856
1785826712950 224856 5052044 224856
1785826712974 224856 5052044 224856
1785826712998 224856 5052044 224856
1785826713021 224856 5052044 224856
1785826713045 224856 5052044 224856
1785826713069 224856 5052044 224856
1785826713093 224856 5052044 224856
1785826713117 224856 5052044 224856
1785826713141 224856 5052044 224856
1785826713165 224856 5052044 224856
1785826713188 224856 5052044 224856
1785826713211 224856 5052044 224856
1785826713235 224856 5052044 224856
1785826713259 224856 5052044 224856
1785826713284 224856 5052044 224856
1785826713308 224856 5052044 224856
1785826713331 224856 5052044 224856
1785826713355 224856 5052044 224856
1785826713378 224856 5052044 224856
1785826713400 224856 5052044 224856
1785826713423 224856 5052044 224856
1785826713447 224856 5052044 224856
1785826713471 224856 5052044 224856
1785826713494 224856 5052044 224856
1785826713518 224856 5052044 224856
1785826713541 224856 5052044 224856
1785826713565 224856 5052044 224856
1785826713589 224856 5052044 224856
1785826713612 224856 5052044 224856
1785826713636 224856 5052044 224856
1785826713659 224856 5052044 224856
1785826713683 224856 5052044 224856
1785826713706 224856 5052044 224856
1785826713730 224856 5052044 224856
1785826713753 224856 5052044 224856
1785826713776 224856 5052044 224856
1785826713800 224856 5052044 224856
1785826713824 224856 5052044 224856
1785826713847 224856 5052044 224856
1785826713871 224856 5052044 224856
1785826713894 224856 5052044 224856
1785826713918 224856 5052044 224856
1785826713942 224856 5052044 224856
1785826713966 224856 5052044 224856
1785826713990 224856 5052044 224856
1785826714014 224856 5052044 224856
1785826714037 224856 5052044 224856
1785826714060 224856 5052044 224856
1785826714084 224856 5052044 224856
1785826714108 224856 5052044 224856
1785826714132 224856 5052044 224856
1785826714155 224856 5052044 224856
1785826714179 224856 5052044 224856
1785826714202 224856 5052044 224856
1785826714226 224856 5052044 224856
1785826714250 224856 5052044 224856
1785826714274 224856 5052044 224856
1785826714299 224856 5052044 224856
1785826714323 224856 5052044 224856
1785826714346 224856 5052044 224856
1785826714370 224856 5052044 224856
1785826714394 224856 5052044 224856
1785826714418 224856 5052044 224856
1785826714441 224856 5052044 224856
1785826714465 224856 5052044 224856
1785826714488 224856 5052044 224856
1785826714512 224856 5052044 224856
1785826714535 224856 5052044 224856
1785826714559 224856 5052044 224856
1785826714583 224856 5052044 224856
1785826714607 224856 5052044 224856
1785826714631 224856 5052044 224856
1785826714654 224856 5052044 224856
1785826714678 224856 5052044 224856
1785826714702 224856 5052044 224856
1785826714726 224856 5052044 224856
1785826714749 224856 5052044 224856
1785826714773 224856 5052044 224856
1785826714797 224856 5052044 224856
1785826714820 224856 5052044 224856
1785826714844 224856 5052044 224856
1785826714868 224856 5052044 224856
1785826714892 224856 5052044 224856
1785826714915 224856 5052044 224856
1785826714939 224856 5052044 224856
1785826714962 224856 5052044 224856
1785826714986 224856 5052044 224856
1785826715009 224856 5052044 224856
1785826715033 224856 5052044 224856
1785826715057 224856 5052044 224856
1785826715081 224856 5052044 224856
1785826715104 224856 5052044 224856
1785826715127 224856 5052044 224856
1785826715151 224856 5052044 224856
1785826715174 224856 5052044 224856
1785826715198 224856 5052044 224856
1785826715222 224856 5052044 224856
1785826715246 224856 5052044 224856
1785826715270 224856 5052044 224856
1785826715293 224856 5052044 224856
1785826715317 224856 5052044 224856
1785826715340 224856 5052044 224856
1785826715364 224856 5052044 224856
1785826715388 224856 5052044 224856
1785826715411 224856 5052044 224856
1785826715435 224856 5052044 224856
1785826715459 224856 5052044 224856
1785826715483 224856 5052044 224856
1785826715506 224856 5052044 224856
1785826715530 224856 5052044 224856
1785826715553 224856 5052044 224856
1785826715577 224856 5052044 224856
1785826715601 224856 5052044 224856
1785826715625 224856 5052044 224856
1785826715649 224856 5052044 224856
1785826715672 224856 5052044 224856
1785826715696 224856 5052044 224856
1785826715719 224856 5052044 224856
1785826715743 224856 5052044 224856
1785826715766 224856 5052044 224856
1785826715790 224856 5052044 224856
1785826715813 224856 5052044 224856
1785826715837 224856 5052044 224856
1785826715860 224856 5052044 224856
1785826715884 224856 5052044 224856
1785826715908 224856 5052044 224856
1785826715932 224856 5052044 224856
1785826715955 224856 5052044 224856
1785826715979 224856 5052044 224856
1785826716002 224856 5052044 224856
1785826716026 224856 5052044 224856
1785826716049 224856 5052044 224856
1785826716073 224856 5052044 224856
1785826716096 224856 5052044 224856
1785826716119 224856 5052044 224856
1785826716143 224856 5052044 224856
1785826716167 224856 5052044 224856
1785826716190 224856 5052044 224856
1785826716214 224856 5052044 224856
1785826716254 224856 5052044 224856
1785826716278 224856 5052044 224856
1785826716302 224856 5052044 224856
1785826716325 224856 5052044 224856
1785826716349 224856 5052044 224856
1785826716372 224856 5052044 224856
1785826716396 224856 5052044 224856
1785826716420 224856 5052044 224856
1785826716443 224856 5052044 224856
1785826716467 224856 5052044 224856
1785826716491 224856 5052044 224856
1785826716514 224856 5052044 224856
1785826716538 224856 5052044 224856
1785826716562 224856 5052044 224856
1785826716585 224856 5052044 224856
1785826716609 224856 5052044 224856
1785826716633 224856 5052044 224856
1785826716656 224856 5052044 224856
1785826716680 224856 5052044 224856
1785826716703 224856 5052044 224856
1785826716726 224856 5052044 224856
1785826716750 224856 5052044 224856
1785826716773 224856 5052044 224856
1785826716797 224856 5052044 224856
1785826716821 224856 5052044 224856
1785826716845 224856 5052044 224856
1785826716868 224856 5052044 224856
1785826716892 224856 5052044 224856
1785826716916 224856 5052044 224856
1785826716939 224856 5052044 224856
1785826716962 224856 5052044 224856
1785826716986 224856 5052044 224856
1785826717009 224856 5052044 224856
1785826717033 224856 5052044 224856
1785826717057 224856 5052044 224856
1785826717081 224856 5052044 224856
1785826717104 224856 5052044 224856
1785826717127 224856 5052044 224856
1785826717151 224856 5052044 224856
1785826717174 224856 5052044 224856
1785826717198 224856 5052044 224856
1785826717221 224856 5052044 224856
1785826717245 224856 5052044 224856
1785826717268 224856 5052044 224856
1785826717292 224856 5052044 224856
1785826717316 224856 5052044 224856
1785826717339 224856 5052044 224856
1785826717363 224856 5052044 224856
1785826717386 224856 5052044 224856
1785826717410 224856 5052044 224856
1785826717433 224856 5052044 224856
1785826717456 224856 5052044 224856
1785826717480 224856 5052044 224856
1785826717504 224856 5052044 224856
1785826717527 224856 5052044 224856
1785826717551 224856 5052044 224856
1785826717575 224856 5052044 224856
1785826717598 224856 5052044 224856
1785826717622 224856 5052044 224856
1785826717645 224856 5052044 224856
1785826717669 224856 5052044 224856
1785826717693 224856 5052044 224856
1785826717717 224856 5052044 224856
1785826717740 224856 5052044 224856
1785826717764 224856 5052044 224856
1785826717787 224856 5052044 224856
1785826717810 224856 5052044 224856
1785826717834 224856 5052044 224856
1785826717857 224856 5052044 224856
1785826717881 224856 5052044 224856
1785826717904 224856 5052044 224856
1785826717928 224856 5052044 224856
1785826717951 224856 5052044 224856
1785826717975 224856 5052044 224856
1785826717999 224856 5052044 224856
1785826718022 224856 5052044 224856
1785826718045 224856 5052044 224856
1785826718068 224856 5052044 224856
1785826718091 224856 5052044 224856
1785826718115 224856 5052044 224856
1785826718138 224856 5052044 224856
1785826718162 224856 5052044 224856
1785826718185 224856 5052044 224856
1785826718209 224856 5052044 224856
1785826718232 224856 5052044 224856
1785826718256 224856 5052044 224856
1785826718280 224856 5052044 224856
1785826718304 224856 5052044 224856
1785826718328 224856 5052044 224856
1785826718352 224856 5052044 224856
1785826718376 224856 5052044 224856
1785826718400 224856 5052044 224856
1785826718423 224856 5052044 224856
1785826718446 224856 5052044 224856
1785826718470 224856 5052044 224856
1785826718494 224856 5052044 224856
1785826718517 224856 5052044 224856
1785826718541 224856 5052044 224856
1785826718565 224856 5052044 224856
1785826718589 224856 5052044 224856
1785826718612 224856 5052044 224856
1785826718636 224856 5052044 224856
1785826718660 224856 5052044 224856
1785826718684 224856 5052044 224856
1785826718707 224856 5052044 224856
1785826718730 224856 5052044 224856
1785826718754 224856 5052044 224856
1785826718778 224856 5052044 224856
1785826718802 224856 5052044 224856
1785826718825 224856 5052044 224856
1785826718849 224856 5052044 224856
1785826718873 224856 5052044 224856
1785826718897 224856 5052044 224856
1785826718921 224856 5052044 224856
1785826718944 224856 5052044 224856
1785826718967 224856 5052044 224856
1785826718990 224856 5052044 224856
1785826719014 224856 5052044 224856
1785826719037 224856 5052044 224856
1785826719061 224856 5052044 224856
1785826719084 224856 5052044 224856
1785826719108 224856 5052044 224856
1785826719132 224856 5052044 224856
1785826719155 224856 5052044 224856
1785826719179 224856 5052044 224856
1785826719202 224856 5052044 224856
1785826719225 224856 5052044 224856
1785826719249 224856 5052044 224856
1785826719272 224856 5052044 224856
1785826719296 224856 5052044 224856
1785826719319 224856 5052044 224856
1785826719342 224856 5052044 224856
1785826719365 224856 5052044 224856
1785826719389 224856 5052044 224856
1785826719412 224856 5052044 224856
1785826719436 224856 5052044 224856
1785826719459 224856 5052044 224856
1785826719483 224856 5052044 224856
1785826719507 224856 5052044 224856
1785826719530 224856 5052044 224856
1785826719554 224856 5052044 224856
1785826719577 224856 5052044 224856
1785826719601 224856 5052044 224856
1785826719624 224856 5052044 224856
1785826719647 224856 5052044 224856
1785826719671 224856 5052044 224856
1785826719695 224856 5052044 224856
1785826719719 224856 5052044 224856
1785826719743 224856 5052044 224856
1785826719766 224856 5052044 224856
1785826719789 224856 5052044 224856
1785826719813 224856 5052044 224856
1785826719837 224856 5052044 224856
1785826719860 224856 5052044 224856
1785826719884 224856 5052044 224856
1785826719908 224856 5052044 224856
1785826719931 224856 5052044 224856
1785826719955 224856 5052044 224856
1785826719979 224856 5052044 224856
1785826720002 224856 5052044 224856
1785826720026 224856 5052044 224856
1785826720049 224856 5052044 224856
1785826720073 224856 5052044 224856
1785826720097 224856 5052044 224856
1785826720120 224856 5052044 224856
1785826720144 224856 5052044 224856
1785826720168 224856 5052044 224856
1785826720191 224856 5052044 224856
1785826720214 224856 5052044 224856
1785826720237 224856 5052044 224856
1785826720261 224856 5052044 224856
1785826720285 224856 5052044 224856
1785826720308 224856 5052044 224856
1785826720332 224856 5052044 224856
1785826720356 224856 5052044 224856
1785826720379 224856 5052044 224856
1785826720403 224856 5052044 224856
1785826720427 224856 5052044 224856
1785826720451 224856 5052044 224856
1785826720474 224856 5052044 224856
1785826720498 224856 5052044 224856
1785826720522 224856 5052044 224856
1785826720545 224856 5052044 224856
1785826720569 224856 5052044 224856
1785826720592 224856 5052044 224856
1785826720616 224856 5052044 224856
1785826720639 224856 5052044 224856
1785826720663 224856 5052044 224856
1785826720687 224856 5052044 224856
1785826720711 224856 5052044 224856
1785826720734 224856 5052044 224856
1785826720758 224856 5052044 224856
1785826720782 224856 5052044 224856
1785826720806 224856 5052044 224856
1785826720829 224856 5052044 224856
1785826720853 224856 5052044 224856
1785826720876 224856 5052044 224856
1785826720900 224856 5052044 224856
1785826720924 224856 5052044 224856
1785826720948 224856 5052044 224856
1785826720972 224856 5052044 224856
1785826720995 224856 5052044 224856
1785826721019 224856 5052044 224856
1785826721042 224856 5052044 224856
1785826721066 224856 5052044 224856
1785826721090 224856 5052044 224856
1785826721113 224856 5052044 224856
1785826721137 224856 5052044 224856
1785826721161 224856 5052044 224856
1785826721184 224856 5052044 224856
1785826721208 224856 5052044 224856
1785826721232 224856 5052044 224856
1785826721255 224856 5052044 224856
1785826721279 224856 5052044 224856
1785826721302 224856 5052044 224856
1785826721326 224856 5052044 224856
1785826721350 224856 5052044 224856
1785826721373 224856 5052044 224856
1785826721397 224856 5052044 224856
1785826721420 224856 5052044 224856
1785826721444 224856 5052044 224856
1785826721467 224856 5052044 224856
1785826721491 224856 5052044 224856
1785826721515 224856 5052044 224856
1785826721538 224856 5052044 224856
1785826721562 224856 5052044 224856
1785826721585 224856 5052044 224856
1785826721609 224856 5052044 224856
1785826721633 224856 5052044 224856
1785826721656 224856 5052044 224856
1785826721680 224856 5052044 224856
1785826721703 224856 5052044 224856
1785826721727 224856 5052044 224856
1785826721750 224856 5052044 224856
1785826721774 224856 5052044 224856
1785826721798 224856 5052044 224856
1785826721821 224856 5052044 224856
1785826721845 224856 5052044 224856
1785826721868 224856 5052044 224856
1785826721892 224856 5052044 224856
1785826721916 224856 5052044 224856
1785826721939 224856 5052044 224856
1785826721963 224856 5052044 224856
1785826721987 224856 5052044 224856
1785826722010 224856 5052044 224856
1785826722035 227820 5187220 227820
1785826722150 239088 5187220 239064
1785826722279 242796 5205664 248440
1785826722394 242796 5205664 248440
1785826722418 242796 5205664 248440
1785826722443 242796 5205664 248440
1785826722468 242796 5205664 248440
1785826722493 242796 5205664 248440
1785826722517 242796 5205664 248440
1785826722542 242852 5205664 248440
1785826722634 242852 5205664 248440
1785826722658 242852 5205664 248440
1785826722682 242852 5205664 248440
1785826722706 242852 5205664 248440
1785826722730 256092 5205664 256076
1785826722863 304880 5228196 304880
1785826722990 304880 5228196 304880
1785826723015 304880 5228196 304880
1785826723040 304880 5228196 304880
1785826723065 307452 5228196 307436
1785826723161 359676 5228196 359676
1785826723295 407092 5228196 407084
1785826723432 447444 5328536 447444
1785826723569 479048 5328536 479048
1785826723706 510412 5328536 510412
1785826723848 535176 5328536 535176
1785826723989 570152 5328536 570152
1785826724131 611744 5459608 611744
1785826724273 648928 5459608 648928
1785826724415 680512 5459608 680512
1785826724562 715336 5459608 715336
1785826724708 754796 5459608 754796
1785826724856 777068 5590680 777068
1785826725005 799644 5590680 799620
1785826725152 813108 5891412 814120
1785826725283 952372 5891412 952372
1785826725431 1142836 5891412 1142836
1785826725573 940532 5891412 1144708
1785826725600 1018356 5891412 1144708
1785826725629 1091764 5919764 1144708
1785826725657 784880 5919764 1144836
1785826725684 784880 5919764 1144836
1785826725713 806256 5919764 1144836
1785826725743 806216 5919764 1144836
1785826725771 842688 5919764 1144836
1785826725800 834744 5919764 1144836
1785826725829 833788 5919764 1144836
1785826725858 852612 5919764 1144836
1785826725888 845212 5919764 1144836
1785826725917 853320 5919764 1144836
1785826725946 853368 5919764 1144836
1785826725974 853368 5919764 1144836
1785826726001 853368 5919764 1144836
1785826726029 878460 5919764 1144836
1785826726056 914796 5919764 1144836
1785826726084 926408 5919764 1144836
1785826726111 926408 5919764 1144836
1785826726140 921228 5919764 1144836
1785826726169 910980 5919764 1144836
1785826726197 910980 5919764 1144836
1785826726225 910980 5919764 1144836
1785826726254 910984 5919764 1144836
1785826726283 910984 5919764 1144836
1785826726310 940660 5919764 1144836
1785826726338 963284 5919764 1144836
1785826726367 951040 5919764 1144836
1785826726395 928640 5919764 1144836
1785826726423 928644 5919764 1144836
1785826726452 931468 5919764 1144836
1785826726481 949724 5919764 1144836
1785826726511 951248 5919764 1144836
1785826726537 973716 5919764 1144836
1785826726566 959520 5919764 1144836
1785826726594 959520 5919764 1144836
1785826726624 988204 5919764 1144836
1785826726652 968856 5919764 1144836
1785826726681 968856 5919764 1144836
1785826726709 990628 5919764 1144836
1785826726737 1033396 5919764 1144836
1785826726767 1027916 5919764 1144836
1785826726797 1026032 5919764 1144836
1785826726827 1026040 5919764 1144836
1785826726854 1026040 5919764 1144836
1785826726884 1026040 5919764 1144836
1785826726912 1049736 5919764 1144836
1785826726942 1058824 5919764 1144836
1785826726971 1078420 5919764 1144836
1785826726999 1098412 5919764 1144836
1785826727030 1109604 5919764 1144836
1785826727058 1084216 5919764 1144836
1785826727089 1074168 5919764 1144836
1785826727119 1094624 5919764 1144836
1785826727147 1084412 5919764 1144836
1785826727174 1108920 5919764 1144836
1785826727205 1097768 5919764 1144836
1785826727235 1095372 5919764 1144836
1785826727265 1103860 5919764 1144836
1785826727295 1103860 5919764 1144836
1785826727323 1115628 5919764 1144836
1785826727352 1155356 5919764 1155336
1785826727483 1185688 5919764 1185688
1785826727629 1150916 5919764 1181044
1785826727659 1150920 5919764 1181044
1785826727689 1150920 5919764 1181044
1785826727718 1174804 5919764 1181044
1785826727747 1208080 5919764 1208080
1785826727879 1209908 5919764 1210848
1785826728000 1189568 5942644 1219336
1785826728030 1192776 5942644 1219336
1785826728060 1211396 5942644 1219336
1785826728157 1225164 5942644 1225144
1785826728286 1216992 5942644 1235700
1785826728315 1222112 5942644 1235700
1785826728343 1226148 5942644 1235700
1785826728444 1297852 6036848 1297852
1785826728593 1273464 6036848 1297496
1785826728622 1259140 6036848 1297496
1785826728650 1259140 6036848 1297496
1785826728679 1259152 6036848 1297496
1785826728709 1259168 6036848 1297496
1785826728739 1259168 6036848 1297496
1785826728770 1259168 6036848 1297496
1785826728799 1268476 6036848 1297496
1785826728830 1315796 6073716 1315776
1785826728965 1323812 6073716 1338864
1785826729086 1309460 6073716 1339836
1785826729115 1311768 6110584 1339836
1785826729143 1332384 6110584 1339836
1785826729274 1346500 6110584 1346500
1785826729407 1363624 6110584 1363624
1785826729556 1345296 6110584 1357060
1785826729586 1366736 6110584 1366716
1785826729691 1394512 6176120 1394512
1785826729838 1380216 6176120 1411176
1785826729869 1380216 6176120 1411176
1785826729898 1380216 6176120 1411176
1785826729929 1380220 6176120 1411176
1785826729958 1380220 6176120 1411176
1785826729987 1380440 6176120 1411176
1785826730019 1421892 6176120 1421864
1785826730151 1446332 6212988 1446332
1785826730302 1435168 6212988 1464944
1785826730333 1426120 6212988 1464944
1785826730364 1445480 6212988 1464944
1785826730395 1430384 6212988 1464944
1785826730425 1433296 6212988 1464944
1785826730455 1433296 6212988 1464944
1785826730484 1437848 6212988 1464944
1785826730513 1442524 6249856 1464944
1785826730544 1442524 6249856 1464944
1785826730574 1480308 6249856 1480308
1785826730725 1510208 6249856 1510208
1785826730875 1479524 6258056 1510020
1785826730905 1479524 6258056 1510020
1785826730936 1506452 6258056 1510020
1785826730967 1542376 6258056 1542352
1785826731121 1521172 6294924 1554776
1785826731151 1521312 6294924 1554776
1785826731182 1527724 6294924 1554776
1785826731212 1534796 6294924 1554776
1785826731241 1538300 6294924 1554776
1785826731272 1569744 6294924 1569744
1785826731403 1552440 6294924 1563208
1785826731433 1553328 6294924 1574312
1785826731464 1560500 6294924 1574312
1785826731496 1560500 6294924 1574312
1785826731526 1566020 6294924 1574312
1785826731554 1604308 6294924 1604288
1785826731712 1616740 6389128 1646644
1785826731813 1616740 6389128 1646644
1785826731845 1616744 6389128 1646644
1785826731949 1630808 6389128 1646644
1785826732084 1650756 6425996 1664176
1785826732234 1646656 6425996 1676512
1785826732266 1664744 6425996 1676512
1785826732373 1680228 6425996 1680228
1785826732505 1669072 6462864 1680656
1785826732535 1670100 6462864 1680656
1785826732565 1689520 6462864 1689500
1785826732689 1696916 6462864 1696892
1785826732792 1740936 6462864 1740936
1785826732947 1728816 6471064 1757792
1785826732979 1728816 6471064 1757792
1785826733010 1728816 6471064 1757792
1785826733043 1728824 6471064 1757792
1785826733074 1728824 6471064 1757792
1785826733103 1748140 6471064 1757792
1785826733206 1796164 6471064 1796164
1785826733362 1767388 6507932 1796956
1785826733393 1789064 6507932 1796956
1785826733423 1779544 6507932 1796956
1785826733454 1785380 6507932 1796956
1785826733485 1785380 6507932 1796956
1785826733517 1797696 6507932 1809448
1785826733620 1818368 6507932 1818344
1785826733755 1808712 6507932 1820524
1785826733786 1818312 6507932 1820524
1785826733817 1859900 6602136 1859880
1785826733974 1864716 6602136 1894244
1785826734079 1864716 6602136 1894244
1785826734111 1864716 6602136 1894244
1785826734142 1864716 6602136 1894244
1785826734173 1884396 6639004 1894244
1785826734311 1918432 6639004 1918432
1785826734467 1883672 6639004 1913588
1785826734497 1888820 6639004 1913588
1785826734529 1892892 6639004 1913588
1785826734560 1892892 6639004 1913588
1785826734592 1912252 6675872 1913588
1785826734623 1911332 6675872 1922524
1785826734655 1933724 6675872 1933724
1785826734760 1920552 6675872 1931712
1785826734791 1939028 6675872 1939004
1785826734927 1981952 6675872 1981952
1785826735085 1976784 6684072 2006892
1785826735117 1976784 6684072 2006892
1785826735148 1987224 6684072 2006892
1785826735252 2018832 6684072 2018832
1785826735388 2010052 6720940 2023600
1785826735420 1995704 6720940 2026216
1785826735451 1995704 6720940 2026216
1785826735482 2004792 6720940 2026216
1785826735513 2010040 6720940 2026216
1785826735544 2015032 6720940 2026216
1785826735575 2032208 6720940 2032184
1785826735704 2034956 6720940 2048584
1785826735810 2075820 6815144 2075820
1785826735970 2106580 6815144 2106580
1785826736104 2090924 6815144 2121304
1785826736136 2090924 6815144 2121304
1785826736166 2090924 6815144 2121304
1785826736199 2090924 6815144 2121304
1785826736230 2090924 6815144 2121304
1785826736261 2108460 6852012 2121304
1785826736366 2152384 6852012 2152384
1785826736526 2126540 6852012 2157052
1785826736558 2126832 6888880 2157052
1785826736590 2144872 6888880 2157052
1785826736620 2137152 6888880 2157052
1785826736651 2145264 6888880 2157052
1785826736684 2166492 6888880 2166472
1785826736787 2154484 6888880 2165760
1785826736818 2154484 6888880 2165760
1785826736849 2155420 6888880 2165760
1785826736881 2202380 6888880 2202356
1785826737041 2213716 6954416 2229552
1785826737148 2219856 6954416 2249992
1785826737252 2219860 6954416 2249992
1785826737361 2252760 6954416 2252760
1785826737525 2282228 6991284 2282228
1785826737667 2386776 7028156 2386776
1785826737831 2517852 7159232 2517852
1785826737995 2601508 7263356 2601508
1785826738157 2709404 7629624 2709404
1785826738321 2926492 7629624 2926492
1785826738478 2644500 7629624 2982092
1785826738510 2690584 7629624 2982092
1785826738560 2749988 7629624 2982092
1785826738593 2744860 7629624 2982092
1785826738623 2790944 7629624 2982092
1785826738656 2836012 7629624 2982092
1785826738689 2844212 7629624 2982092
1785826738722 2856488 7629624 2982092
1785826738750 2897452 7629624 2982092
1785826738783 2936384 7629624 2982092
1785826738892 2958128 7652496 2982092
1785826739035 3022392 7746700 3022392
1785826739198 3076688 7791768 3090548
1785826739337 3157572 7828636 3164280
1785826739504 3253848 7967908 3253848
1785826739666 3327572 8004776 3327572
1785826739829 3409500 8172716 3422328
1785826739995 3501668 8217784 3533032
1785826740162 3612268 8254652 3612268
1785826740331 3675764 8385724 3673716
1785826740477 3737212 8430792 3737212
1785826740647 3812996 8533196 3828392
1785826740816 3907208 8570064 3907208
1785826740986 3959184 8643800 3975840
1785826741133 3959184 8643800 3975840
1785826741164 3959184 8643800 3975840
1785826741196 3959184 8643800 3975840
1785826741229 3959184 8643800 3975840
1785826741262 3959184 8643800 3975840
1785826741293 3959184 8643800 3975840
1785826741324 3959184 8643800 3975840
1785826741355 3959184 8643800 3975840
1785826741388 3961000 8643800 3975840
1785826741496 3961000 8643800 3975840
1785826741529 3961000 8643800 3975840
1785826741561 3961000 8643800 3975840
1785826741593 3962284 8643800 3975840
1785826741699 3968516 8712684 3975840
1785826741812 3970656 8787720 3975840
1785826741962 3971088 8814448 3975840
1785826742080 3971160 8948604 3975840
1785826742199 3971344 8948604 3975840
1785826742315 3971548 8948604 3975840
1785826742437 3971552 8948604 3975840
1785826742557 3971800 8948604 3975840
1785826742675 3971912 8948604 3975840
1785826742836 3971996 8948604 3975840
1785826742958 3972040 8948604 3975840
1785826743076 3972124 8948604 3975840
1785826743197 3972232 8948604 3975840
1785826743320 3972260 8948604 3975840
1785826743439 3972352 8948604 3975840
1785826743560 3972444 8948604 3975840
1785826743724 3972528 8948604 3975840
1785826743844 3972584 8948604 3975840
1785826743967 3972592 8948604 3975840
1785826744089 3972632 8948604 3975840
1785826744211 3972664 8948604 3975840
1785826744329 3972704 8948604 3975840
1785826744449 3972736 8948604 3975840
1785826744609 3972756 8948604 3975840
1785826744731 3972764 8948604 3975840
1785826744850 3972784 8948604 3975840
1785826744969 3972796 8948604 3975840
1785826745091 3972852 8948604 3975840
1785826745212 3972860 8948604 3975840
1785826745332 3972892 8948604 3975840
1785826745495 3972936 8948604 3975840
1785826745616 3972984 8948604 3975840
1785826745739 3973012 8948604 3975840
1785826745862 3973032 8948604 3975840
1785826745981 3973040 8948604 3975840
1785826746100 3973124 8948604 3975840
1785826746223 3973156 8948604 3975840
1785826746387 3973160 8948604 3975840
1785826746511 3973164 8948604 3975840
1785826746632 3973212 8948604 3975840
1785826746753 3973212 8948604 3975840
1785826746788 3973232 8948604 3975840
1785826746911 3973248 8948604 3975840
1785826747035 3973264 8948604 3975840
1785826747158 3973284 8948604 3975840
1785826747318 3973292 8948604 3975840
1785826747441 3973332 8948604 3975840
1785826747566 3973340 8948604 3975840
1785826747690 3973380 8948604 3975840
1785826747812 3973404 8948604 3975840
1785826747934 3973424 8948604 3975840
1785826748055 3973472 8948604 3975840
1785826748212 3973512 8948604 3975840
1785826748334 3973520 8948604 3975840
1785826748456 3973536 8948604 3975840
1785826748579 3973568 8948604 3975840
1785826748702 3973616 8948604 3975840
1785826748825 3973640 8948604 3975840
1785826748950 3973644 8948604 3975840
1785826749116 3973668 8948604 3975840
1785826749238 3973712 8948604 3975840
1785826749360 3973768 8948604 3975840
1785826749480 3973784 8948604 3975840
1785826749602 3973796 8948604 3975840
1785826749726 3973836 8948604 3975840
1785826749846 3973864 8948604 3975840
1785826750014 3973892 8948604 3975840
1785826750138 3973912 8948604 3975840
1785826750263 3973920 8948604 3975840
1785826750385 3973964 8948604 3975840
1785826750505 3974012 8948604 3975840
1785826750628 3974068 8948604 3975840
1785826750750 3974100 8948604 3975840
1785826750874 3974124 8948604 3975840
1785826751037 3974144 8948604 3975840
1785826751160 3974168 8948604 3975840
1785826751282 3974188 8948604 3975840
1785826751405 3974196 8948604 3975840
1785826751522 3974204 8948604 3975840
1785826751646 3974208 8948604 3975840
1785826751770 3974240 8948604 3975840
1785826751934 3974256 8948604 3975840
1785826752059 3974272 8948604 3975840
1785826752182 3974296 8948604 3975840
1785826752303 3974316 8948604 3975840
1785826752422 3974324 8948604 3975840
1785826752542 3974336 8948604 3975840
1785826752662 3974340 8948604 3975840
1785826752825 3974364 8948604 3975840
1785826752948 3974380 8948604 3975840
1785826753071 3974392 8948604 3975840
1785826753193 3974412 8948604 3975840
1785826753312 3974416 8948604 3975840
1785826753433 3974416 8948604 3975840
1785826753465 3974440 8948604 3975840
1785826753587 3974464 8948604 3975840
1785826753751 3974480 8948604 3975840
1785826753874 3974504 8948604 3975840
1785826753997 3974544 8948604 3975840
1785826754122 3974548 8948604 3975840
1785826754244 3974556 8948604 3975840
1785826754368 3974588 8948604 3975840
1785826754493 3974588 8948604 3975840
1785826754526 3974624 8948604 3975840
1785826754688 3974656 8948604 3975840
1785826754809 3974660 8948604 3975840
1785826754933 3974668 8948604 3975840
1785826755057 3974684 8948604 3975840
1785826755181 3974708 8948604 3975840
1785826755301 3974716 8948604 3975840
1785826755424 3974720 8948604 3975840
1785826755585 3974764 8948604 3975840
1785826755708 3974772 8948604 3975840
1785826755833 3974792 8948604 3975840
1785826755955 3974812 8948604 3975840
1785826756079 3974820 8948604 3975840
1785826756202 3974856 8948604 3975840
1785826756321 3974896 8948604 3975840
1785826756483 3974908 8948604 3975840
1785826756604 3974928 8948604 3975840
1785826756728 3974940 8948604 3975840
1785826756851 3974952 8948604 3975840
1785826756972 3974972 8948604 3975840
1785826757094 3974996 8948604 3975840
1785826757216 3975024 8948604 3975840
1785826757380 3975032 8948604 3975840
1785826757502 3975032 8948604 3975840
1785826757536 3975040 8948604 3975840
1785826757660 3975056 8948604 3975840
1785826757783 3975056 8948604 3975840
1785826757817 3975068 8948604 3975840
1785826757940 3975080 8948604 3975840
1785826758063 3975092 8948604 3975840
1785826758227 3975096 8948604 3975840
1785826758350 3975096 8948604 3975840
1785826758386 3975104 8948604 3975840
1785826758511 3975120 8948604 3975840
1785826758635 3975136 8948604 3975840
1785826758759 3975152 8948604 3975840
1785826758885 3975164 8948604 3975840
1785826759010 3975172 8948604 3975840
1785826759175 3975176 8948604 3975840
1785826759298 3975180 8948604 3975840
1785826759421 3975204 8948604 3975840
1785826759545 3975208 8948604 3975840
1785826759669 3975208 8948604 3975840
1785826759704 3975224 8948604 3975840
1785826759829 3975244 8948604 3975840
1785826759955 3975256 8948604 3975840
1785826760118 3975256 8948604 3975840
1785826760151 3975268 8948604 3975840
1785826760275 3975276 8948604 3975840
1785826760398 3975292 8948604 3975840
1785826760519 3975312 8948604 3975840
1785826760642 3975352 8948604 3975840
1785826760763 3975416 8948604 3975840
1785826760886 3975440 8948604 3975840
1785826761050 3975448 8948604 3975840
1785826761173 3975476 8948604 3975840
1785826761295 3975492 8948604 3975840
1785826761419 3975520 8948604 3975840
1785826761544 3975544 8948604 3975840
1785826761667 3980920 9327684 3980912
1785826761786 3991396 9917508 3991396
1785826761977 3991508 9917508 3991508
1785826762099 3991580 9917508 3991580
1785826762221 3991628 9917508 3991628
1785826762343 3991660 9917508 3991660
1785826762467 3991708 9917508 3991708
1785826762589 3991720 9917508 3991720
1785826762713 3991736 9917508 3991736
1785826762879 3991740 9917508 3991740
1785826763003 3991752 9917508 3991752
1785826763127 3991788 9917508 3991788
1785826763250 3991796 9918536 3991796
1785826763372 3991808 9918536 3991808
1785826763496 3991832 9918536 3991832
1785826763617 3991848 9918536 3991848
1785826763779 3991852 9918536 3991852
1785826764115 3991856 9918536 3991856
1785826764239 3991860 9918536 3991860
1785826764363 3991884 10180680 3991884
1785826764482 3997672 10573896 3997672
1785826764645 3999252 10836040 3999252
1785826764766 3999252 10836040 3999252
1785826764799 3999252 10836040 3999252
1785826764831 3999252 10836040 3999252
1785826764863 3999252 10836040 3999252
1785826764898 3999516 10967112 3999516
1785826765015 4000396 10967112 4000396
1785826765135 4003500 10967112 4003500
1785826765258 4004704 10967112 4004704
1785826765375 4014820 11098184 4014820
1785826765542 4036848 11229256 4036820
1785826765667 4045476 11229256 4045476
1785826765790 4045724 11229256 4045724
1785826765910 4046016 11229256 4046016
1785826766033 4049480 11229256 4049480
1785826766157 4049484 11229256 4049484
1785826766282 4049752 11229256 4049752
1785826766446 4049752 11229256 4049752
1785826766481 4049752 11229256 4049752
1785826766516 4049752 11229256 4049752
1785826766551 4049752 11229256 4049752
1785826766586 4049752 11229256 4049752
1785826766622 4049752 11229256 4049752
1785826766656 4049752 11229256 4049752
1785826766693 4049752 11229256 4049752
1785826766727 4065908 11241568 4065908
1785826766851 4061880 11241568 4072940
1785826766888 4062128 11241568 4072940
1785826766925 4062736 11307104 4072940
1785826766960 4077992 11307104 4077992
1785826767113 4068780 11307104 4083436
1785826767148 4073720 11311584 4083436
1785826767179 4081296 11317728 4083436
1785826767349 4118228 11348448 4118228
1785826767472 4138252 11351520 4138236
1785826767637 4149080 11351520 4149044
1785826767763 4132096 11353056 4145692
1785826767796 4160360 11365344 4160360
1785826767953 4171976 11368416 4171976
1785826768079 4126320 11371488 4176628
1785826768115 4132076 11371488 4176628
1785826768152 4137496 11371488 4176628
1785826768185 4148256 11371488 4176628
1785826768223 4151708 11371488 4176628
1785826768260 4159400 11371488 4176628
1785826768298 4159400 11371488 4176628
1785826768336 4159404 11371488 4176628
1785826768373 4168428 11371488 4176628
1785826768411 4142644 11371488 4176628
1785826768447 4142644 11371488 4176628
1785826768482 4142644 11371488 4176628
1785826768520 4148192 11371488 4176628
1785826768558 4154808 11371488 4176628
1785826768596 4154808 11371488 4176628
1785826768632 4154808 11371488 4176628
1785826768670 4154808 11371488 4176628
1785826768708 4154808 11371488 4176628
1785826768744 4174780 11371488 4176628
1785826768918 4179404 11371488 4185304
1785826769046 4167268 11371488 4185304
1785826769086 4153324 11371488 4185304
1785826769123 4153332 11371488 4185304
1785826769159 4190200 11371488 4190200
1785826769289 4202492 11371488 4202492
1785826769418 4184180 11371488 4200784
1785826769455 4162556 11371488 4200784
1785826769493 4170256 11371488 4200784
1785826769531 4154900 11371488 4200784
1785826769568 4165656 11371488 4200784
1785826769607 4148756 11371488 4200784
1785826769643 4148756 11371488 4200784
1785826769678 4148756 11371488 4200784
1785826769713 4148756 11371488 4200784
1785826769747 4148756 11371488 4200784
1785826769783 4148756 11371488 4200784
1785826769818 4148756 11371488 4200784
1785826769853 4148764 11371488 4200784
1785826769888 4148764 11371488 4200784
1785826769926 4167876 11371488 4200784
1785826769966 4212780 11371488 4212780
1785826770135 4169756 11371488 4205472
1785826770168 4175064 11371488 4205472
1785826770207 4180720 11371488 4205472
1785826770243 4215596 11371488 4215596
1785826770376 4237100 11371488 4237100
1785826770504 4195628 11371488 4230184
1785826770542 4195628 11371488 4230184
1785826770581 4204332 11371488 4230184
1785826770620 4206396 11371488 4230184
1785826770658 4230972 11371488 4230972
1785826770697 4246332 11371488 4246332
1785826770854 4208704 11371488 4245596
1785826770892 4208704 11371488 4245596
1785826770932 4212540 11371488 4245596
1785826770971 4220732 11371488 4245596
1785826771011 4220732 11371488 4245596
1785826771052 4224132 11371488 4245596
1785826771091 4224136 11371488 4245596
1785826771131 4236436 11371488 4245596
1785826771170 4259992 11390944 4259992
1785826771343 4252288 11390944 4260604
1785826771380 4252288 11390944 4260604
1785826771418 4212480 11390944 4260604
1785826771457 4240376 11390944 4260604
1785826771495 4270724 11390944 4270724
1785826771625 4252288 11390944 4264284
1785826771661 4252288 11390944 4264284
1785826771697 4215492 11390944 4264284
1785826771736 4249220 11390944 4264284
1785826771772 4273800 11390944 4273800
1785826771900 4273808 11390944 4273808
1785826772029 4224656 11390944 4268052
1785826772068 4252304 11390944 4268052
1785826772107 4255392 11390944 4268052
1785826772143 4282520 11390944 4282520
1785826772320 4254868 11390944 4275628
1785826772355 4254868 11390944 4275628
1785826772393 4234736 11390944 4275628
1785826772429 4253148 11390944 4275628
1785826772468 4254884 11390944 4275628
1785826772503 4291868 11390944 4291848
1785826772632 4334420 11390944 4334420
1785826772839 4356496 11456480 4356496
1785826772967 4370920 11456480 4370920
1785826773099 4367444 11456480 4367444
1785826773138 4369500 11462624 4369500
1785826773177 4375136 11462624 4381600
1785826773312 4425648 11462624 4425604
1785826773521 4409508 11474912 4424828
1785826773560 4396932 11474912 4425988
1785826773601 4326864 11474912 4425988
1785826773639 4326864 11474912 4425988
1785826773677 4326868 11474912 4425988
1785826773716 4326872 11474912 4425988
1785826773756 4332888 11474912 4425988
1785826773794 4332892 11474912 4425988
1785826773834 4334940 11474912 4425988
1785826773873 4334944 11474912 4425988
1785826773913 4334944 11474912 4425988
1785826773951 4334944 11474912 4425988
1785826773992 4334944 11474912 4425988
1785826774032 4345188 11474912 4425988
1785826774067 4307308 11474912 4425988
1785826774107 4315700 11474912 4425988
1785826774146 4326244 11474912 4425988
1785826774184 4310880 11474912 4425988
1785826774221 4310880 11474912 4425988
1785826774259 4310880 11474912 4425988
1785826774299 4312904 11474912 4425988
1785826774338 4335440 11474912 4425988
1785826774373 4380084 11474912 4425988
1785826774411 4397048 11474912 4425988
1785826774450 4397048 11474912 4425988
1785826774489 4403708 11474912 4425988
1785826774528 4410380 11474912 4425988
1785826774567 4419648 11474912 4425988
1785826774608 4419648 11474912 4425988
1785826774649 4358208 11474912 4425988
1785826774691 4358212 11474912 4425988
1785826774731 4378436 11474912 4425988
1785826774770 4415668 11474912 4425988
1785826774809 4453456 11474912 4453456
1785826774985 4466324 11474912 4466324
1785826775117 4477516 11474912 4477516
1785826775246 4459096 11474912 4471740
1785826775288 4428384 11474912 4471740
1785826775328 4428384 11474912 4471740
1785826775369 4428384 11474912 4471740
1785826775410 4428388 11474912 4471740
1785826775452 4428396 11474912 4471740
1785826775493 4428396 11474912 4471740
1785826775534 4428404 11474912 4471740
1785826775574 4428404 11474912 4471740
1785826775612 4428404 11474912 4471740
1785826775648 4428404 11474912 4471740
1785826775686 4428404 11474912 4471740
1785826775725 4428404 11474912 4471740
1785826775763 4428404 11474912 4471740
1785826775803 4428404 11474912 4471740
1785826775842 4428404 11474912 4471740
1785826775882 4428404 11474912 4471740
1785826775923 4428404 11474912 4471740
1785826775964 4428404 11474912 4471740
1785826776004 4434548 11474912 4471740
1785826776046 4434548 11474912 4471740
1785826776085 4443812 11474912 4471740
1785826776126 4443816 11474912 4471740
1785826776166 4445420 11474912 4471740
1785826776207 4445424 11474912 4471740
1785826776248 4445424 11474912 4471740
1785826776288 4445424 11474912 4471740
1785826776329 4451576 11474912 4471740
1785826776371 4463732 11474912 4471740
1785826776409 4457588 11474912 4471740
1785826776445 4488324 11474912 4488324
1785826776626 4488324 11474912 4488324
1785826776666 4461004 11474912 4482604
1785826776705 4457604 11474912 4489164
1785826776743 4457608 11474912 4489164
1785826776783 4457608 11474912 4489164
1785826776824 4457612 11474912 4489164
1785826776866 4457612 11474912 4489164
1785826776905 4457612 11474912 4489164
1785826776944 4457616 11474912 4489164
1785826776983 4457616 11474912 4489164
1785826777024 4457616 11474912 4489164
1785826777063 4457616 11474912 4489164
1785826777103 4457620 11474912 4489164
1785826777143 4457620 11474912 4489164
1785826777182 4457620 11474912 4489164
1785826777221 4457620 11474912 4489164
1785826777263 4457620 11474912 4489164
1785826777304 4457620 11474912 4489164
1785826777346 4457620 11474912 4489164
1785826777388 4457620 11474912 4489164
1785826777430 4457620 11474912 4489164
1785826777472 4472088 11474912 4489164
1785826777510 4471832 11474912 4489164
1785826777549 4471832 11474912 4489164
1785826777588 4471832 11474912 4489164
1785826777627 4471832 11474912 4489164
1785826777665 4471836 11474912 4489164
1785826777703 4471836 11474912 4489164
1785826777742 4472092 11474912 4489164
1785826777782 4471836 11474912 4489164
1785826777822 4471836 11474912 4489164
1785826777861 4471836 11474912 4489164
1785826777899 4471836 11474912 4489164
1785826777937 4471836 11474912 4489164
1785826777974 4471836 11474912 4489164
1785826778012 4471836 11474912 4489164
1785826778049 4471836 11474912 4489164
1785826778087 4471836 11474912 4489164
1785826778125 4471836 11474912 4489164
1785826778162 4471836 11474912 4489164
1785826778201 4471836 11474912 4489164
1785826778237 4471836 11474912 4489164
1785826778275 4471836 11474912 4489164
1785826778313 4471836 11474912 4489164
1785826778352 4471836 11474912 4489164
1785826778390 4471836 11474912 4489164
1785826778429 4471836 11474912 4489164
1785826778465 4471836 11474912 4489164
1785826778504 4471840 11474912 4489164
1785826778542 4471840 11474912 4489164
1785826778579 4471840 11474912 4489164
1785826778619 4471844 11474912 4489164
1785826778658 4471844 11474912 4489164
1785826778696 4471844 11474912 4489164
1785826778736 4471844 11474912 4489164
1785826778776 4471844 11474912 4489164
1785826778816 4471844 11474912 4489164
1785826778855 4471844 11474912 4489164
1785826778896 4471844 11474912 4489164
1785826778936 4471844 11474912 4489164
1785826778974 4471844 11474912 4489164
1785826779015 4471848 11474912 4489164
1785826779056 4471848 11474912 4489164
1785826779096 4471848 11474912 4489164
1785826779136 4471852 11474912 4489164
1785826779177 4471852 11474912 4489164
1785826779216 4471852 11474912 4489164
1785826779256 4471852 11474912 4489164
1785826779296 4471852 11474912 4489164
1785826779332 4471852 11474912 4489164
1785826779368 4471852 11474912 4489164
1785826779406 4471852 11474912 4489164
1785826779445 4471852 11474912 4489164
1785826779483 4471852 11474912 4489164
1785826779522 4471852 11474912 4489164
1785826779560 4471852 11474912 4489164
1785826779597 4471852 11474912 4489164
1785826779637 4471852 11474912 4489164
1785826779675 4471852 11474912 4489164
1785826779716 4471852 11474912 4489164
1785826779756 4471852 11474912 4489164
1785826779796 4471852 11474912 4489164
1785826779836 4471852 11474912 4489164
1785826779877 4471852 11474912 4489164
1785826779917 4471852 11474912 4489164
1785826779959 4471852 11474912 4489164
1785826779999 4471852 11474912 4489164
1785826780039 4471856 11474912 4489164
1785826780078 4471856 11474912 4489164
1785826780115 4471856 11474912 4489164
1785826780155 4471856 11474912 4489164
1785826780193 4471856 11474912 4489164
1785826780229 4471856 11474912 4489164
1785826780265 4471856 11474912 4489164
1785826780302 4471856 11474912 4489164
1785826780339 4471856 11474912 4489164
1785826780377 4471856 11474912 4489164
1785826780414 4481304 11474912 4489164
1785826780453 4490288 11474912 4490288
1785826780634 4490288 11474912 4490288
1785826780675 4490288 11474912 4490288
1785826780716 4490288 11474912 4490288
1785826780756 4490288 11474912 4490288
1785826780793 4490288 11474912 4490288
1785826780833 4490288 11474912 4490288
1785826780874 4490288 11474912 4490288
1785826780916 4490288 11474912 4490288
1785826780957 4490288 11474912 4490288
1785826780996 4490288 11474912 4490288
1785826781036 4490288 11474912 4490288
1785826781073 4490288 11474912 4490288
1785826781114 4490288 11474912 4490288
1785826781155 4490288 11474912 4490288
1785826781196 4490288 11474912 4490288
1785826781234 4490288 11474912 4490288
1785826781275 4490288 11474912 4490288
1785826781317 4490288 11474912 4490288
1785826781356 4490288 11474912 4490288
1785826781396 4490288 11474912 4490288
1785826781435 4490288 11474912 4490288
1785826781475 4490288 11474912 4490288
1785826781518 4490288 11474912 4490288
1785826781558 4490288 11474912 4490288
1785826781596 4490288 11474912 4490288
1785826781635 4490288 11474912 4490288
1785826781675 4490288 11474912 4490288
1785826781718 4490288 11474912 4490288
1785826781756 4490288 11474912 4490288
1785826781796 4490288 11474912 4490288
1785826781835 4490288 11474912 4490288
1785826781874 4490288 11474912 4490288
1785826781915 4490288 11474912 4490288
1785826781955 4490288 11474912 4490288
1785826781995 4490288 11474912 4490288
1785826782034 4490288 11474912 4490288
1785826782073 4490288 11474912 4490288
1785826782114 4490288 11474912 4490288
1785826782155 4490288 11474912 4490288
1785826782196 4490288 11474912 4490288
1785826782238 4490288 11474912 4491224
1785826782278 4490304 11474912 4491224
1785826782454 4496964 11474912 4504196
1785826782591 4496964 11474912 4504196
1785826782632 4496964 11474912 4504196
1785826782672 4503112 11474912 4504196
1785826782807 4520988 11474912 4520988
1785826782976 4527132 11474912 4527132
1785826783110 4527132 11474912 4534280
1785826783150 4514840 11474912 4534280
1785826783192 4514840 11474912 4534280
1785826783234 4514840 11474912 4534280
1785826783275 4514840 11474912 4534280
1785826783316 4514840 11474912 4534280
1785826783357 4514840 11474912 4534280
1785826783397 4514840 11474912 4534280
1785826783435 4514840 11474912 4534280
1785826783476 4514840 11474912 4534280
1785826783516 4514840 11474912 4534280
1785826783558 4514840 11474912 4534280
1785826783596 4514840 11474912 4534280
1785826783637 4514840 11474912 4534280
1785826783676 4514840 11474912 4534280
1785826783712 4514840 11474912 4534280
1785826783749 4514840 11474912 4534280
1785826783789 4514840 11474912 4534280
1785826783829 4514840 11474912 4534280
1785826783867 4514840 11474912 4534280
1785826783903 4514840 11474912 4534280
1785826783941 4533276 11474912 4534280
1785826784333 4527100 11474912 4540740
1785826784372 4545536 11474912 4545536
1785826784509 4527100 11474912 4540760
1785826784549 4527100 11474912 4540760
1785826784591 4533248 11474912 4540760
1785826784629 4527100 11474912 4540760
1785826784670 4527100 11474912 4540760
1785826784709 4533248 11474912 4540760
1785826784751 4529152 11474912 4540760
1785826784791 4527100 11474912 4540968
1785826784831 4527100 11474912 4540968
1785826784874 4527100 11474912 4540968
1785826784916 4527100 11474912 4540968
1785826784956 4527100 11474912 4540968
1785826784996 4527100 11474912 4540968
1785826785037 4527100 11474912 4540968
1785826785077 4527100 11474912 4540968
1785826785117 4527100 11474912 4540968
1785826785156 4527100 11474912 4540968
1785826785194 4527100 11474912 4540968
1785826785231 4527100 11474912 4540968
1785826785272 4527100 11474912 4540968
1785826785312 4527100 11474912 4540968
1785826785351 4527100 11474912 4540968
1785826785392 4527100 11474912 4540968
1785826785431 4527100 11474912 4540968
1785826785474 4527100 11474912 4540968
1785826785515 4527100 11474912 4540968
1785826785556 4527100 11474912 4540968
1785826785597 4533252 11474912 4540968
1785826785638 4527104 11474912 4540968
1785826785680 4527104 11474912 4540968
1785826785717 4532696 11474912 4540968
1785826785757 4532696 11474912 4540968
1785826785795 4532696 11474912 4540968
1785826785838 4532696 11474912 4540968
1785826785880 4532696 11474912 4540968
1785826785919 4534748 11474912 4540968
1785826785958 4544988 11474912 4544988
1785826785996 4538844 11474912 4540968
1785826786036 4544988 11474912 4544988
1785826786078 4557276 11474912 4557276
1785826786213 4538300 11474912 4552724
1785826786256 4538304 11474912 4552724
1785826786298 4538304 11474912 4552724
1785826786340 4538304 11474912 4552724
1785826786381 4538308 11474912 4552724
1785826786421 4538308 11474912 4552724
1785826786462 4538308 11474912 4552724
1785826786504 4538308 11474912 4552724
1785826786546 4538308 11474912 4552724
1785826786587 4538308 11474912 4552724
1785826786629 4538308 11474912 4552724
1785826786669 4538308 11474912 4552724
1785826786711 4538308 11474912 4552724
1785826786753 4538312 11474912 4552724
1785826786795 4538312 11474912 4552724
1785826786837 4538312 11474912 4552724
1785826786879 4538312 11474912 4552724
1785826786922 4538312 11474912 4552724
1785826786965 4538568 11474912 4552724
1785826787006 4538312 11474912 4552724
1785826787044 4538312 11474912 4552724
1785826787081 4538312 11474912 4552724
1785826787120 4538312 11474912 4552724
1785826787159 4538312 11474912 4552724
1785826787192 4538560 11474912 4552724
1785826787230 4538560 11474912 4552724
1785826787269 4538816 11474912 4552724
1785826787306 4538560 11474912 4552724
1785826787344 4538560 11474912 4552724
1785826787383 4538560 11474912 4552724
1785826787419 4538560 11474912 4552724
1785826787459 4538564 11474912 4552724
1785826787498 4538564 11474912 4552724
1785826787536 4538564 11474912 4552724
1785826787575 4538564 11474912 4552724
1785826787611 4538564 11474912 4552724
1785826787648 4538564 11474912 4552724
1785826787686 4538564 11474912 4552724
1785826787723 4538564 11474912 4552724
1785826787761 4538564 11474912 4552724
1785826787799 4538564 11474912 4552724
1785826787838 4538564 11474912 4552724
1785826787878 4538564 11474912 4552724
1785826787916 4538564 11474912 4552724
1785826787954 4538564 11474912 4552724
1785826787991 4538564 11474912 4552724
1785826788031 4538564 11474912 4552724
1785826788072 4538572 11474912 4552724
1785826788109 4538572 11474912 4552724
1785826788147 4538572 11474912 4552724
1785826788187 4538572 11474912 4552724
1785826788224 4538572 11474912 4552724
1785826788262 4538572 11474912 4552724
1785826788300 4538572 11474912 4552724
1785826788342 4538572 11474912 4552724
1785826788381 4538572 11474912 4552724
1785826788419 4538572 11474912 4552724
1785826788458 4538572 11474912 4552724
1785826788499 4538572 11474912 4552724
1785826788540 4538572 11474912 4552724
1785826788581 4538572 11474912 4552724
1785826788620 4538572 11474912 4552724
1785826788662 4538572 11474912 4552724
1785826788703 4538572 11474912 4552724
1785826788744 4538572 11474912 4552724
1785826788785 4538572 11474912 4552724
1785826788827 4538572 11474912 4552724
1785826788866 4538576 11474912 4552724
1785826788904 4538576 11474912 4552724
1785826788943 4538576 11474912 4552724
1785826788984 4538576 11474912 4552724
1785826789022 4538576 11474912 4552724
1785826789061 4538576 11474912 4552724
1785826789100 4538576 11474912 4552724
1785826789139 4538576 11474912 4552724
1785826789179 4538576 11474912 4552724
1785826789218 4538576 11474912 4552724
1785826789256 4538576 11474912 4552724
1785826789296 4538576 11474912 4552724
1785826789334 4538576 11474912 4552724
1785826789372 4538576 11474912 4552724
1785826789412 4538576 11474912 4552724
1785826789452 4538576 11474912 4552724
1785826789492 4538580 11474912 4552724
1785826789533 4538580 11474912 4552724
1785826789571 4538580 11474912 4552724
1785826789609 4538580 11474912 4552724
1785826789646 4538580 11474912 4552724
1785826789683 4538580 11474912 4552724
1785826789720 4538580 11474912 4552724
1785826789757 4538580 11474912 4552724
1785826789794 4538580 11474912 4552724
1785826789832 4538580 11474912 4552724
1785826789870 4538580 11474912 4552724
1785826789908 4538580 11474912 4552724
1785826789947 4538580 11474912 4552724
1785826789988 4544596 11474912 4552724
1785826790027 4544340 11474912 4552724
1785826790069 4544340 11474912 4552724
1785826790109 4544340 11474912 4552724
1785826790150 4544340 11474912 4552724
1785826790191 4544340 11474912 4552724
1785826790231 4544340 11474912 4552724
1785826790270 4544340 11474912 4552724
1785826790311 4544340 11474912 4552724
1785826790353 4544340 11474912 4552724
1785826790392 4544340 11474912 4552724
1785826790433 4544340 11474912 4552724
1785826790471 4544340 11474912 4552724
1785826790510 4544340 11474912 4552724
1785826790551 4544340 11474912 4552724
1785826790592 4544340 11474912 4552724
1785826790632 4544340 11474912 4552724
1785826790673 4544340 11474912 4552724
1785826790713 4544340 11474912 4552724
1785826790751 4544340 11474912 4552724
1785826790788 4544340 11474912 4552724
1785826790825 4544340 11474912 4552724
1785826790863 4544340 11474912 4552724
1785826790902 4544340 11474912 4552724
1785826790941 4544340 11474912 4552724
1785826790982 4544340 11474912 4552724
1785826791020 4544340 11474912 4552724
1785826791059 4544340 11474912 4552724
1785826791099 4544340 11474912 4552724
1785826791140 4544340 11474912 4552724
1785826791180 4544340 11474912 4552724
1785826791220 4544340 11474912 4552724
1785826791260 4544340 11474912 4552724
1785826791300 4544340 11474912 4552724
1785826791341 4544340 11474912 4552724
1785826791380 4544340 11474912 4552724
1785826791421 4544340 11474912 4552724
1785826791462 4544340 11474912 4552724
1785826791502 4544340 11474912 4552724
1785826791545 4544340 11474912 4552724
1785826791585 4544340 11474912 4552724
1785826791625 4544340 11474912 4552724
1785826791663 4562776 11474912 4562776
1785826791843 4544340 11474912 4558540
1785826791879 4557864 11474912 4558540
1785826791919 4562776 11474912 4562776
1785826791961 4562776 11474912 4562776
1785826792001 4568928 11474912 4568928
1785826792138 4599648 11474912 4599648
1785826792275 4599656 11474912 4599656
1785826792409 4580812 11474912 4600876
1785826792451 4556232 11474912 4600876
1785826792493 4556232 11474912 4600876
1785826792533 4556232 11474912 4600876
1785826792573 4556232 11474912 4600876
1785826792613 4556232 11474912 4600876
1785826792654 4556232 11474912 4600876
1785826792695 4556232 11474912 4600876
1785826792735 4556232 11474912 4600876
1785826792776 4556232 11474912 4600876
1785826792816 4549956 11474912 4600876
1785826792857 4549956 11474912 4600876
1785826792898 4549956 11474912 4600876
1785826792937 4549956 11474912 4600876
1785826792978 4549956 11474912 4600876
1785826793019 4549960 11474912 4600876
1785826793060 4549960 11474912 4600876
1785826793098 4556108 11474912 4600876
1785826793137 4549960 11474912 4600876
1785826793174 4549960 11474912 4600876
1785826793214 4554060 11474912 4600876
1785826793253 4549960 11474912 4600876
1785826793293 4549976 11474912 4600876
1785826793332 4549976 11474912 4600876
1785826793375 4549976 11474912 4600876
1785826793416 4549976 11474912 4600876
1785826793456 4549976 11474912 4600876
1785826793490 4563160 11474912 4600876
1785826793527 4556128 11474912 4600876
1785826793566 4568412 11474912 4600876
1785826793606 4562264 11474912 4600876
1785826793647 4578496 11474912 4600876
1785826793688 4556256 11474912 4600876
1785826793726 4531808 11474912 4600876
1785826793765 4525532 11474912 4600876
1785826793805 4525536 11474912 4600876
1785826793843 4525536 11474912 4600876
1785826793883 4525540 11474912 4600876
1785826793925 4525540 11474912 4600876
1785826793967 4525540 11474912 4600876
1785826794008 4525540 11474912 4600876
1785826794045 4525540 11474912 4600876
1785826794083 4525540 11474912 4600876
1785826794121 4525540 11474912 4600876
1785826794163 4525540 11474912 4600876
1785826794201 4525540 11474912 4600876
1785826794239 4525540 11474912 4600876
1785826794279 4525540 11474912 4600876
1785826794318 4525540 11474912 4600876
1785826794361 4525540 11474912 4600876
1785826794403 4525540 11474912 4600876
1785826794441 4525544 11474912 4600876
1785826794481 4525544 11474912 4600876
1785826794521 4525544 11474912 4600876
1785826794562 4543980 11474912 4600876
1785826794602 4525544 11474912 4600876
1785826794642 4525544 11474912 4600876
1785826794685 4525548 11474912 4600876
1785826794725 4525548 11474912 4600876
1785826794765 4525548 11474912 4600876
1785826794803 4525556 11474912 4600876
1785826794842 4550004 11474912 4600876
1785826794883 4547968 11474912 4600876
1785826794922 4562300 11474912 4600876
1785826794962 4556156 11474912 4600876
1785826795005 4568444 11474912 4600876
1785826795046 4550008 11474912 4600876
1785826795088 4550012 11474912 4600876
1785826795130 4550016 11474912 4600876
1785826795171 4550016 11474912 4600876
1785826795213 4550016 11474912 4600876
1785826795253 4550016 11474912 4600876
1785826795293 4550016 11474912 4600876
1785826795333 4550016 11474912 4600876
1785826795375 4550016 11474912 4600876
1785826795417 4550016 11474912 4600876
1785826795459 4550016 11474912 4600876
1785826795500 4550016 11474912 4600876
1785826795542 4550016 0 4600876
1785826795584 4550016 11474912 4600876
1785826795625 4550016 11474912 4600876
1785826795667 4550016 11474912 4600876
1785826795710 4550016 11474912 4600876
1785826795752 4550016 11474912 4600876
1785826795793 4550272 11474912 4600876
1785826795832 4550016 11474912 4600876
1785826795872 4550016 11474912 4600876
1785826795911 4550016 11474912 4600876
1785826795948 4550016 11474912 4600876
1785826795987 4550016 11474912 4600876
1785826796026 4550016 11474912 4600876
1785826796065 4550016 11474912 4600876
1785826796105 4550016 11474912 4600876
1785826796145 4550016 11474912 4600876
1785826796185 4550016 11474912 4600876
1785826796225 4550020 11474912 4600876
1785826796262 4550020 11474912 4600876
1785826796302 4550020 11474912 4600876
1785826796342 4550020 11474912 4600876
1785826796381 4550020 11474912 4600876
1785826796421 4550020 11474912 4600876
1785826796459 4550020 11474912 4600876
1785826796497 4550020 11474912 4600876
1785826796533 4550020 11474912 4600876
1785826796570 4550020 11474912 4600876
1785826796608 4550020 11474912 4600876
1785826796646 4550020 11474912 4600876
1785826796685 4550020 11474912 4600876
1785826796724 4550020 11474912 4600876
1785826796763 4550024 11474912 4600876
1785826796805 4550024 11474912 4600876
1785826796844 4550024 11474912 0
1785826796882 4550024 11474912 4600876
1785826796923 4550024 11474912 4600876
1785826796965 4550024 11474912 4600876
1785826797006 4550024 11474912 4600876
1785826797045 4550028 11474912 4600876
1785826797084 4550028 11474912 4600876
1785826797122 4550028 11474912 4600876
1785826797164 4550028 11474912 4600876
1785826797203 4550028 11474912 4600876
1785826797241 4550028 11474912 4600876
1785826797280 4550028 11474912 4600876
1785826797321 4550032 11474912 4600876
1785826797361 4550032 11474912 4600876
1785826797403 4550032 11474912 4600876
1785826797445 4550032 11474912 4600876
1785826797487 4550032 11474912 4600876
1785826797529 4550032 11474912 4600876
1785826797570 4550032 11474912 4600876
1785826797609 4550032 11474912 4600876
1785826797648 4550032 11474912 4600876
1785826797685 4550032 11474912 4600876
1785826797725 4550032 11474912 4600876
1785826797766 4550032 11474912 4600876
1785826797806 4550032 11474912 4600876
1785826797845 4550032 11474912 4600876
1785826797884 4550032 11474912 4600876
1785826797926 4550032 11474912 4600876
1785826797967 4550032 11474912 4600876
1785826798006 4550032 11474912 4600876
1785826798048 4550032 11474912 4600876
1785826798089 4550032 11474912 4600876
1785826798130 4550032 11474912 4600876
1785826798170 4550032 11474912 4600876
1785826798211 4550032 11474912 4600876
1785826798251 4550032 11474912 4600876
1785826798293 4550036 11474912 4600876
1785826798335 4550036 11474912 4600876
1785826798374 4550036 11474912 4600876
1785826798410 4550036 11474912 4600876
1785826798447 4550036 11474912 4600876
1785826798484 4550036 11474912 4600876
1785826798521 4550036 11474912 4600876
1785826798559 4550036 11474912 4600876
1785826798596 4550036 11474912 4600876
1785826798634 4550040 11474912 4600876
1785826798672 4550040 11474912 4600876
1785826798713 4550296 11474912 4600876
1785826798753 4550040 11474912 4600876
1785826798793 4550040 11474912 4600876
1785826798833 4550040 11474912 4600876
1785826798873 4550040 11474912 4600876
1785826798913 4550040 11474912 4600876
1785826798952 4550040 11474912 4600876
1785826798992 4550040 11474912 4600876
1785826799033 4550040 11474912 4600876
1785826799075 4550040 11474912 4600876
1785826799114 4550040 11474912 4600876
1785826799152 4550040 11474912 4600876
1785826799189 4550040 11474912 4600876
1785826799230 4550040 11474912 4600876
1785826799272 4550044 11474912 4600876
1785826799314 4550044 11474912 4600876
1785826799357 4550044 11474912 4600876
1785826799399 4550044 11474912 4600876
1785826799442 4550044 11474912 4600876
1785826799482 4550044 11474912 4600876
1785826799523 4550044 11474912 4600876
1785826799562 4550044 11474912 4600876
1785826799601 4550044 11474912 4600876
1785826799644 4550044 11474912 4600876
1785826799684 4550044 11474912 4600876
1785826799723 4550044 11474912 4600876
1785826799762 4550048 11474912 4600876
1785826799800 4550048 11474912 4600876
1785826799840 4550052 11474912 4600876
1785826799882 4550052 11474912 4600876
1785826799920 4550052 11474912 4600876
1785826799959 4550052 11474912 4600876
1785826799999 4550052 11474912 4600876
1785826800041 4550052 11474912 4600876
1785826800082 4550056 11474912 4600876
1785826800122 4550056 11474912 4600876
1785826800162 4550056 11474912 4600876
1785826800203 4550056 11474912 4600876
1785826800244 4550056 11474912 4600876
1785826800286 4550056 11474912 4600876
1785826800326 4562348 11474912 4600876
1785826800365 4562348 11474912 4600876
1785826800407 4556204 11474912 4600876
1785826800449 4550056 11474912 4600876
1785826800492 4550056 11474912 4600876
1785826800534 4555652 11474912 4600876
1785826800574 4555652 11474912 4600876
1785826800617 4555656 11474912 4600876
1785826800658 4555656 11474912 4600876
1785826800696 4567944 11474912 4600876
1785826800733 4586380 11474912 4600876
1785826800774 4592524 11474912 4600876
1785826800812 4553288 11474912 4600876
1785826800854 4576828 11474912 4600876
1785826800895 4531212 11474912 4600876
1785826800936 4531212 11474912 4600876
1785826800977 4531212 11474912 4600876
1785826801020 4531212 11474912 4600876
1785826801061 4531212 11474912 4600876
1785826801104 4531212 11474912 4600876
1785826801144 4531212 11474912 4600876
1785826801187 4531216 11474912 4600876
1785826801230 4531216 11474912 4600876
1785826801271 4531216 11474912 4600876
1785826801312 4531216 11474912 4600876
1785826801350 4531216 11474912 4600876
1785826801390 4531216 11474912 4600876
1785826801429 4531216 11474912 4600876
1785826801466 4531216 11474912 4600876
1785826801506 4531216 11474912 4600876
1785826801547 4537364 11474912 4600876
1785826801587 4531216 11474912 4600876
1785826801624 4543376 11474912 4600876
1785826801666 4549540 11474912 4600876
1785826801708 4543456 11474912 4600876
1785826801749 4543456 11474912 4600876
1785826801792 4543456 11474912 4600876
1785826801835 4543456 11474912 4600876
1785826801875 4543456 11474912 4600876
1785826801916 4543460 11474912 4600876
1785826801955 4555744 11474912 4600876
1785826801995 4555744 11474912 4600876
1785826802033 4555744 11474912 4600876
1785826802072 4568032 11474912 4600876
1785826802109 4586468 11474912 4600876
1785826802148 4531296 11474912 4600876
1785826802188 4531296 11474912 4600876
1785826802229 4531296 11474912 4600876
1785826802271 4531296 11474912 4600876
1785826802313 4531296 11474912 4600876
1785826802354 4531296 11474912 4600876
1785826802396 4531296 11474912 4600876
1785826802436 4531296 11474912 4600876
1785826802472 4531296 11474912 4600876
1785826802510 4531296 11474912 4600876
1785826802547 4531296 11474912 4600876
1785826802586 4531296 11474912 4600876
1785826802625 4531296 11474912 4600876
1785826802664 4531296 11474912 4600876
1785826802704 4531296 11474912 4600876
1785826802744 4531296 11474912 4600876
1785826802787 4531296 11474912 4600876
1785826802827 4531296 11474912 4600876
1785826802867 4537444 11474912 4600876
1785826802905 4531296 11474912 4600876
1785826802947 4531296 11474912 4600876
1785826802988 4549732 11474912 4600876
1785826803029 4549732 11474912 4600876
1785826803070 4531296 11474912 4600876
1785826803112 4531296 11474912 4600876
1785826803153 4531296 11474912 4600876
1785826803192 4531296 11474912 4600876
1785826803229 4543592 11474912 4600876
1785826803270 4549608 11474912 4600876
1785826803306 4555744 11474912 4600876
1785826803347 4563940 11474912 4600876
1785826803387 4555744 11474912 4600876
1785826803428 4555744 11474912 4600876
1785826803469 4555744 11474912 4600876
1785826803511 4555744 11474912 4600876
1785826803552 4555744 11474912 4600876
1785826803595 4555744 11474912 4600876
1785826803637 4555744 11474912 4600876
1785826803677 4555744 11474912 4600876
1785826803718 4555744 11474912 4600876
1785826803758 4555744 11474912 4600876
1785826803801 4555744 11474912 4600876
1785826803841 4555748 11474912 4600876
1785826803883 4555748 11474912 4600876
1785826803925 4555748 11474912 4600876
1785826803966 4555748 11474912 4600876
1785826804008 4555748 11474912 4600876
1785826804049 4555748 11474912 4600876
1785826804090 4555748 11474912 4600876
1785826804129 4555748 11474912 4600876
1785826804171 4555748 11474912 4600876
1785826804213 4555748 11474912 4600876
1785826804251 4556004 11474912 4600876
1785826804288 4555748 11474912 4600876
1785826804327 4555748 11474912 4600876
1785826804364 4555748 11474912 4600876
1785826804403 4555748 11474912 4600876
1785826804441 4555748 11474912 4600876
1785826804479 4555748 11474912 4600876
1785826804517 4555748 11474912 4600876
1785826804559 4555748 11474912 4600876
1785826804600 4555748 11474912 4600876
1785826804641 4555748 11474912 4600876
1785826804680 4555748 11474912 4600876
1785826804719 4555748 11474912 4600876
1785826804758 4555756 11474912 4600876
1785826804796 4555756 11474912 4600876
1785826804836 4555756 11474912 4600876
1785826804875 4555760 11474912 4600876
1785826804915 4555760 11474912 4600876
1785826804951 4555764 11474912 4600876
1785826804990 4555764 11474912 4600876
1785826805029 4555764 11474912 4600876
1785826805066 4555764 11474912 4600876
1785826805104 4555764 11474912 4600876
1785826805141 4555764 11474912 4600876
1785826805181 4555764 11474912 4600876
1785826805221 4555768 11474912 4600876
1785826805262 4555768 11474912 4600876
1785826805303 4555768 11474912 4600876
1785826805343 4555768 11474912 4600876
1785826805383 4555768 11474912 4600876
1785826805423 4555772 11474912 4600876
1785826805460 4555772 11474912 4600876
1785826805502 4555776 11474912 4600876
1785826805543 4555776 11474912 4600876
1785826805584 4555776 11474912 4600876
1785826805626 4555776 11474912 4600876
1785826805668 4555776 11474912 4600876
1785826805709 4555776 11474912 4600876
1785826805750 4555776 11474912 4600876
1785826805791 4555776 11474912 4600876
1785826805832 4555776 11474912 4600876
1785826805872 4555776 11474912 4600876
1785826805911 4555776 11474912 4600876
1785826805951 4555776 11474912 4600876
1785826805990 4555776 11474912 4600876
1785826806030 4555776 11474912 4600876
1785826806067 4555776 11474912 4600876
1785826806107 4555776 11474912 4600876
1785826806146 4555776 11474912 4600876
1785826806187 4555776 11474912 4600876
1785826806227 4555776 11474912 4600876
1785826806267 4555776 11474912 4600876
1785826806308 4555776 11474912 4600876
1785826806349 4555776 11474912 4600876
1785826806390 4555776 11474912 4600876
1785826806432 4555776 11474912 4600876
1785826806474 4555776 11474912 4600876
1785826806515 4555776 11474912 4600876
1785826806557 4555776 11474912 4600876
1785826806599 4555776 11474912 4600876
1785826806642 4555776 11474912 4600876
1785826806684 4555780 11474912 4600876
1785826806727 4555780 11474912 4600876
1785826806770 4555780 11474912 4600876
1785826806810 4555784 11474912 4600876
1785826806848 4555788 11474912 4600876
1785826806889 4555788 11474912 4600876
1785826806929 4555788 11474912 4600876
1785826806965 4555788 11474912 4600876
1785826807003 4555788 11474912 4600876
1785826807041 4555788 11474912 4600876
1785826807079 4555800 11474912 4600876
1785826807117 4555800 11474912 4600876
1785826807162 4556056 11474912 4600876
1785826807204 4555800 11474912 4600876
1785826807243 4555800 11474912 4600876
1785826807286 4555800 11474912 4600876
1785826807329 4555800 11474912 4600876
1785826807368 4555804 11474912 4600876
1785826807407 4555804 11474912 4600876
1785826807447 4555804 11474912 4600876
1785826807489 4555804 11474912 4600876
1785826807530 4555804 11474912 4600876
1785826807569 4555804 11474912 4600876
1785826807608 4555804 11474912 4600876
1785826807647 4555804 11474912 4600876
1785826807687 4555808 11474912 4600876
1785826807729 4555812 11474912 4600876
1785826807771 4555812 11474912 4600876
1785826807811 4555812 11474912 4600876
1785826807854 4555812 11474912 4600876
1785826807896 4555812 11474912 4600876
1785826807937 4555812 11474912 4600876
1785826807976 4555812 11474912 4600876
1785826808016 4555812 11474912 4600876
1785826808056 4555812 11474912 4600876
1785826808098 4555812 11474912 4600876
1785826808137 4555812 11474912 4600876
1785826808175 4555812 11474912 4600876
1785826808215 4555812 11474912 4600876
1785826808255 4555812 11474912 4600876
1785826808297 4555812 11474912 4600876
1785826808336 4555812 11474912 4600876
1785826808377 4555812 11474912 4600876
1785826808416 4555812 11474912 4600876
1785826808453 4555812 11474912 4600876
1785826808494 4555816 11474912 4600876
1785826808534 4555816 11474912 4600876
1785826808572 4555816 11474912 4600876
1785826808611 4555816 11474912 4600876
1785826808649 4555816 11474912 4600876
1785826808686 4555816 11474912 4600876
1785826808729 4555820 11474912 4600876
1785826808769 4563860 11474912 4600876
1785826808810 4568116 11474912 4600876
1785826808851 4559924 11474912 4600876
1785826808889 4574260 11474912 4600876
1785826808929 4574260 11474912 4600876
1785826808970 4555824 11474912 4600876
1785826809011 4574260 11474912 4600876
1785826809052 4574260 11474912 4600876
1785826809093 4586548 11474912 4600876
1785826809132 4598836 11474912 4600876
1785826809175 4604980 11474912 4604980
1785826809357 4574392 11474912 4601156
1785826809399 4598836 11474912 4601156
1785826809441 4598836 11474912 4601156
1785826809484 4598836 11474912 4601156
1785826809525 4598836 11474912 4601156
1785826809566 4598836 11474912 4601156
1785826809605 4598836 11474912 4601156
1785826809645 4598836 11474912 4601156
1785826809684 4598836 11474912 4601156
1785826809723 4598840 11474912 4601156
1785826809762 4598840 11474912 4601156
1785826809801 4598840 11474912 4601156
1785826809844 4555828 11474912 4601156
1785826809884 4555828 11474912 4601156
1785826809923 4555828 11474912 4601156
1785826809962 4555828 11474912 4601156
1785826810001 4555828 11474912 4601156
1785826810040 4555828 11474912 4601156
1785826810082 4555828 11474912 4601156
1785826810121 4574264 11474912 4601156
1785826810163 4574264 11474912 4601156
1785826810204 4563620 11474912 4601156
1785826810246 4580408 11474912 4601156
1785826810286 4555832 11474912 4601156
1785826810322 4574268 11474912 4601156
1785826810361 4555832 11474912 4601156
1785826810402 4555832 11474912 4601156
1785826810441 4555832 11474912 4601156
1785826810480 4580412 11474912 4601156
1785826810522 4592700 11474912 4601156
1785826810563 4576320 11474912 4601156
1785826810605 4610604 11474912 4610604
1785826810789 4604460 11474912 4606524
1785826810829 4610604 11474912 4610604
1785826810870 4561448 11474912 4607124
1785826810911 4561448 11474912 4607124
1785826810953 4561448 11474912 4607124
1785826810994 4561452 11474912 4607124
1785826811035 4561452 11474912 4607124
1785826811077 4561452 11474912 4607124
1785826811118 4561452 11474912 4607124
1785826811157 4561452 11474912 4607124
1785826811197 4561452 11474912 4607124
1785826811237 4561452 11474912 4607124
1785826811277 4561452 11474912 4607124
1785826811318 4561452 11474912 4607124
1785826811357 4561452 11474912 4607124
1785826811397 4561452 11474912 4607124
1785826811438 4561452 11474912 4607124
1785826811479 4561452 11474912 4607124
1785826811519 4561452 11474912 4607124
1785826811557 4563504 11474912 4607124
1785826811598 4573744 11474912 4607124
1785826811636 4561452 11474912 4607124
1785826811675 4561452 11474912 4607124
1785826811716 4561452 11474912 4607124
1785826811756 4561452 11474912 4607124
1785826811798 4561452 11474912 4607124
1785826811837 4561452 11474912 4607124
1785826811876 4561452 11474912 4607124
1785826811916 4561452 11474912 4607124
1785826811954 4567600 11474912 4607124
1785826811993 4561452 11474912 4607124
1785826812032 4567600 11474912 4607124
1785826812073 4579336 11474912 4607124
1785826812114 4567044 11474912 4607124
1785826812154 4567044 11474912 4607124
1785826812196 4567044 11474912 4607124
1785826812237 4567044 11474912 4607124
1785826812276 4567044 11474912 4607124
1785826812315 4567044 11474912 4607124
1785826812354 4567044 11474912 4607124
1785826812393 4567044 11474912 4607124
1785826812435 4567044 11474912 4607124
1785826812475 4567044 11474912 4607124
1785826812517 4567044 11474912 4607124
1785826812559 4567044 11474912 4607124
1785826812601 4567044 11474912 4607124
1785826812641 4567044 11474912 4607124
1785826812682 4567044 11474912 4607124
1785826812722 4567044 11474912 4607124
1785826812763 4567044 11474912 4607124
1785826812803 4567044 11474912 4607124
1785826812846 4567044 11474912 4607124
1785826812890 4567304 11474912 4607124
1785826812929 4567048 11474912 4607124
1785826812969 4567048 11474912 4607124
1785826813008 4567048 11474912 4607124
1785826813044 4567048 11474912 4607124
1785826813081 4567048 11474912 4607124
1785826813120 4567056 11474912 4607124
1785826813159 4567056 11474912 4607124
1785826813199 4567312 11474912 4607124
1785826813239 4567056 11474912 4607124
1785826813277 4567056 11474912 4607124
1785826813315 4567056 11474912 4607124
1785826813352 4567056 11474912 4607124
1785826813392 4567056 11474912 4607124
1785826813431 4567056 11474912 4607124
1785826813470 4567056 11474912 4607124
1785826813510 4567056 11474912 4607124
1785826813549 4567056 11474912 4607124
1785826813588 4567060 11474912 4607124
1785826813627 4567060 11474912 4607124
1785826813666 4567060 11474912 4607124
1785826813705 4567060 11474912 4607124
1785826813744 4567060 11474912 4607124
1785826813781 4567060 11474912 4607124
1785826813819 4567060 11474912 4607124
1785826813859 4567060 11474912 4607124
1785826813900 4567060 11474912 4607124
1785826813941 4567060 11474912 4607124
1785826813980 4567060 11474912 4607124
1785826814019 4567060 11474912 4607124
1785826814059 4567060 11474912 4607124
1785826814099 4567060 11474912 4607124
1785826814138 4567060 11474912 4607124
1785826814178 4567060 11474912 4607124
1785826814220 4567060 11474912 4607124
1785826814262 4567060 11474912 4607124
1785826814304 4567060 11474912 4607124
1785826814346 4567060 11474912 4607124
1785826814387 4567060 11474912 4607124
1785826814429 4567060 11474912 4607124
1785826814472 4567060 11474912 4607124
1785826814514 4567060 11474912 4607124
1785826814556 4567060 11474912 4607124
1785826814596 4567060 11474912 4607124
1785826814636 4567060 11474912 4607124
1785826814676 4567060 11474912 4607124
1785826814713 4567060 11474912 4607124
1785826814752 4567060 11474912 4607124
1785826814791 4567060 11474912 4607124
1785826814833 4567060 11474912 4607124
1785826814873 4567060 11474912 4607124
1785826814912 4567060 11474912 4607124
1785826814949 4567060 11474912 4607124
1785826814988 4567060 11474912 4607124
1785826815028 4567060 11474912 4607124
1785826815067 4567060 11474912 4607124
1785826815107 4567060 11474912 4607124
1785826815147 4567060 11474912 4607124
1785826815186 4567060 11474912 4607124
1785826815227 4567060 11474912 4607124
1785826815269 4567060 11474912 4607124
1785826815312 4567060 11474912 4607124
1785826815354 4567060 11474912 4607124
1785826815397 4567060 11474912 4607124
1785826815439 4567060 11474912 4607124
1785826815480 4567060 11474912 4607124
1785826815519 4567060 11474912 4607124
1785826815559 4567060 11474912 4607124
1785826815596 4567060 11474912 4607124
1785826815635 4567060 11474912 4607124
1785826815675 4567060 11474912 4607124
1785826815714 4567780 11474912 4607124
1785826815754 4567780 11474912 4607124
1785826815794 4567780 11474912 4607124
1785826815838 4567780 11474912 4607124
1785826815880 4567780 11474912 4607124
1785826815922 4567792 11474912 4607124
1785826815964 4567792 11474912 4607124
1785826816005 4567796 11474912 4607124
1785826816044 4567796 11474912 4607124
1785826816085 4567796 11474912 4607124
1785826816125 4567796 11474912 4607124
1785826816165 4567800 11474912 4607124
1785826816205 4567800 11474912 4607124
1785826816243 4567804 11474912 4607124
1785826816282 4567804 11474912 4607124
1785826816321 4567804 11474912 4607124
1785826816362 4567816 11474912 4607124
1785826816402 4567824 11474912 4607124
1785826816444 4567828 11474912 4607124
1785826816486 4567832 11474912 4607124
1785826816527 4567832 11474912 4607124
1785826816567 4567836 11474912 4607124
1785826816609 4567836 11474912 4607124
1785826816649 4567836 11474912 4607124
1785826816690 4567836 11474912 4607124
1785826816731 4567836 11474912 4607124
1785826816770 4567836 11474912 4607124
1785826816807 4567836 11474912 4607124
1785826816846 4567836 11474912 4607124
1785826816885 4567836 11474912 4607124
1785826816927 4567836 11474912 4607124
1785826816967 4567836 11474912 4607124
1785826817007 4567836 11474912 4607124
1785826817045 4567836 11474912 4607124
1785826817084 4567836 11474912 4607124
1785826817125 4567836 11474912 4607124
1785826817165 4567836 11474912 4607124
1785826817206 4567836 11474912 4607124
1785826817245 4567836 11474912 4607124
1785826817285 4567836 11474912 4607124
1785826817326 4567836 11474912 4607124
1785826817367 4567836 11474912 4607124
1785826817409 4569888 11474912 4607124
1785826817448 4578080 11474912 4607124
1785826817488 4567836 11474912 4607124
1785826817528 4586272 11474912 4607124
1785826817568 4586272 11474912 4607124
1785826817609 4567836 11474912 4607124
1785826817647 4567836 11474912 4607124
1785826817686 4567836 11474912 4607124
1785826817722 4580128 11474912 4607124
1785826817762 4567840 11474912 4607124
1785826817804 4594720 11474912 4607124
1785826817845 4580256 11474912 4607124
1785826817888 4559324 11474912 4607124
1785826817923 4580124 11474912 4607124
1785826817964 4543388 11474912 4607124
1785826818006 4543396 11474912 4607124
1785826818047 4543396 11474912 4607124
1785826818086 4543396 11474912 4607124
1785826818130 4543400 11474912 4607124
1785826818172 4543400 11474912 4607124
1785826818214 4543400 11474912 4607124
1785826818254 4543400 11474912 4607124
1785826818295 4543404 11474912 4607124
1785826818338 4543404 11474912 4607124
1785826818380 4543404 11474912 4607124
1785826818422 4543404 11474912 4607124
1785826818462 4543404 11474912 4607124
1785826818500 4543404 11474912 4607124
1785826818538 4543404 11474912 4607124
1785826818579 4543404 11474912 4607124
1785826818621 4543404 11474912 4607124
1785826818661 4543404 11474912 4607124
1785826818698 4543404 11474912 4607124
1785826818738 4561840 11474912 4607124
1785826818780 4561840 11474912 4607124
1785826818820 4543404 11474912 4607124
1785826818860 4543404 11474912 4607124
1785826818902 4543404 11474912 4607124
1785826818944 4543404 11474912 4607124
1785826818986 4543404 11474912 4607124
1785826819022 4555700 11474912 4607124
1785826819063 4567856 11474912 4607124
1785826819103 4598576 11474912 4607124
1785826819144 4598576 11474912 4607124
1785826819182 4549100 11474912 4607124
1785826819220 4586288 11474912 4607124
1785826819258 4567856 11474912 4607124
1785826819300 4567856 11474912 4607124
1785826819340 4567856 11474912 4607124
1785826819381 4567856 11474912 4607124
1785826819423 4567856 11474912 4607124
1785826819465 4567856 11474912 4607124
1785826819508 4567856 11474912 4607124
1785826819551 4567856 11474912 4607124
1785826819593 4567860 11474912 4607124
1785826819633 4567860 11474912 4607124
1785826819672 4567860 11474912 4607124
1785826819711 4567860 11474912 4607124
1785826819751 4567860 11474912 4607124
1785826819793 4567860 11474912 4607124
1785826819834 4567860 11474912 4607124
1785826819871 4567860 11474912 4607124
1785826819911 4567860 11474912 4607124
1785826819953 4567860 11474912 4607124
1785826819993 4567860 11474912 4607124
1785826820032 4567860 11474912 4607124
1785826820073 4586296 11474912 4607124
1785826820115 4567860 11474912 4607124
1785826820155 4586296 11474912 4607124
1785826820198 4586296 11474912 4607124
1785826820239 4567860 11474912 4607124
1785826820280 4567860 11474912 4607124
1785826820321 4567864 11474912 4607124
1785826820359 4569944 11474912 4607124
1785826820398 4574040 11474912 4607124
1785826820439 4567892 11474912 4607124
1785826820478 4569944 11474912 4607124
1785826820520 4592472 11474912 4607124
1785826820562 4567892 11474912 4607124
1785826820601 4567892 11474912 4607124
1785826820643 4567892 11474912 4607124
1785826820685 4567892 11474912 4607124
1785826820726 4567892 11474912 4607124
1785826820769 4567892 11474912 4607124
1785826820811 4567892 11474912 4607124
1785826820853 4567892 11474912 4607124
1785826820894 4567892 11474912 4607124
1785826820936 4567892 11474912 4607124
1785826820977 4567892 11474912 4607124
1785826821019 4567892 11474912 4607124
1785826821059 4567892 11474912 4607124
1785826821102 4567892 11474912 4607124
1785826821143 4567892 11474912 4607124
1785826821186 4567892 11474912 4607124
1785826821228 4567892 11474912 4607124
1785826821270 4567892 11474912 4607124
1785826821313 4567892 11474912 4607124
1785826821356 4568148 11474912 4607124
1785826821396 4567892 11474912 4607124
1785826821433 4567892 11474912 4607124
1785826821470 4567892 11474912 4607124
1785826821508 4567892 11474912 4607124
1785826821546 4567892 11474912 4607124
1785826821583 4567892 11474912 4607124
1785826821624 4567892 11474912 4607124
1785826821664 4567892 11474912 4607124
1785826821705 4567892 11474912 4607124
1785826821746 4567892 11474912 4607124
1785826821786 4567892 11474912 4607124
1785826821823 4567892 11474912 4607124
1785826821864 4567892 11474912 4607124
1785826821903 4567892 11474912 4607124
1785826821943 4567892 11474912 4607124
1785826821984 4567892 11474912 4607124
1785826822024 4567892 11474912 4607124
1785826822063 4567892 11474912 4607124
1785826822102 4567892 11474912 4607124
1785826822141 4567892 11474912 4607124
1785826822180 4567892 11474912 4607124
1785826822216 4567892 11474912 4607124
1785826822255 4567892 11474912 4607124
1785826822294 4567892 11474912 4607124
1785826822332 4567892 11474912 4607124
1785826822374 4567892 11474912 4607124
1785826822415 4567892 11474912 4607124
1785826822452 4567892 11474912 4607124
1785826822492 4567892 11474912 4607124
1785826822534 4567892 11474912 4607124
1785826822573 4567892 11474912 4607124
1785826822613 4567892 11474912 4607124
1785826822655 4567892 11474912 4607124
1785826822696 4567892 11474912 4607124
1785826822737 4567892 11474912 4607124
1785826822779 4567892 11474912 4607124
1785826822821 4567892 11474912 4607124
1785826822863 4567892 11474912 4607124
1785826822905 4567892 11474912 4607124
1785826822948 4567892 11474912 4607124
1785826822990 4567892 11474912 4607124
1785826823031 4567892 11474912 4607124
1785826823071 4567892 11474912 4607124
1785826823114 4567892 11474912 4607124
1785826823154 4567892 11474912 4607124
1785826823192 4567892 11474912 4607124
1785826823230 4567892 11474912 4607124
1785826823269 4567892 11474912 4607124
1785826823308 4567892 11474912 4607124
1785826823348 4567892 11474912 4607124
1785826823389 4567892 11474912 4607124
1785826823429 4567892 11474912 4607124
1785826823469 4567892 11474912 4607124
1785826823508 4567892 11474912 4607124
1785826823550 4567892 11474912 4607124
1785826823592 4567892 11474912 4607124
1785826823634 4567892 11474912 4607124
1785826823675 4567892 11474912 4607124
1785826823717 4567892 11474912 4607124
1785826823758 4567892 11474912 4607124
1785826823800 4567892 11474912 4607124
1785826823842 4567892 11474912 4607124
1785826823882 4567892 11474912 4607124
1785826823923 4567892 11474912 4607124
1785826823962 4567892 11474912 4607124
1785826824001 4567892 11474912 4607124
1785826824037 4567892 11474912 4607124
1785826824075 4567892 11474912 4607124
1785826824114 4567892 11474912 4607124
1785826824152 4567892 11474912 4607124
1785826824189 4567892 11474912 4607124
1785826824229 4568148 11474912 4607124
1785826824271 4567892 11474912 4607124
1785826824314 4567896 11474912 4607124
1785826824355 4567896 11474912 4607124
1785826824395 4567896 11474912 4607124
1785826824436 4567896 11474912 4607124
1785826824476 4567896 11474912 4607124
1785826824517 4567896 11474912 4607124
1785826824557 4567896 11474912 4607124
1785826824599 4567896 11474912 4607124
1785826824641 4567896 11474912 4607124
1785826824682 4567896 11474912 4607124
1785826824723 4567896 11474912 4607124
1785826824763 4567896 11474912 4607124
1785826824804 4567896 11474912 4607124
1785826824843 4567896 11474912 4607124
1785826824883 4567896 11474912 4607124
1785826824923 4567896 11474912 4607124
1785826824962 4567896 11474912 4607124
1785826825003 4567896 11474912 4607124
1785826825043 4567896 11474912 4607124
1785826825082 4567896 11474912 4607124
1785826825120 4567896 11474912 4607124
1785826825162 4567896 11474912 4607124
1785826825204 4567896 11474912 4607124
1785826825245 4567896 11474912 4607124
1785826825285 4567896 11474912 4607124
1785826825324 4567896 11474912 4607124
1785826825364 4567896 11474912 4607124
1785826825405 4567896 11474912 4607124
1785826825445 4567896 11474912 4607124
1785826825485 4567896 11474912 4607124
1785826825526 4567896 11474912 4607124
1785826825568 4567896 11474912 4607124
1785826825611 4567896 11474912 4607124
1785826825653 4567896 11474912 4607124
1785826825692 4567896 11474912 4607124
1785826825731 4567896 11474912 4607124
1785826825768 4567896 11474912 4607124
1785826825811 4567896 11474912 4607124
1785826825852 4567896 11474912 4607124
1785826825892 4580188 11474912 4607124
1785826825931 4567896 11474912 4607124
1785826825971 4567896 11474912 4607124
1785826826008 4567896 11474912 4607124
1785826826050 4567896 11474912 4607124
1785826826090 4573492 11474912 4607124
1785826826129 4573492 11474912 4607124
1785826826167 4594772 11474912 4607124
1785826826207 4618032 11474912 4618012
1785826826422 4622648 11474912 4622648
1785826826556 4604220 11474912 4619180
1785826826599 4573492 11474912 4619180
1785826826640 4573492 11474912 4619180
1785826826684 4573492 11474912 4619180
1785826826726 4573492 11474912 4619180
1785826826769 4573492 11474912 4619180
1785826826810 4573492 11474912 4619180
1785826826852 4573492 11474912 4619180
1785826826895 4573492 11474912 4619180
1785826826937 4573492 11474912 4619180
1785826826979 4573492 11474912 4619180
1785826827020 4573492 11474912 4619180
1785826827061 4573492 11474912 4619180
1785826827102 4573492 11474912 4619180
1785826827142 4573492 11474912 4619180
1785826827183 4573492 11474912 4619180
1785826827225 4573492 11474912 4619180
1785826827264 4573492 11474912 4619180
1785826827302 4585784 11474912 4619180
1785826827340 4579644 11474912 4619180
1785826827380 4573508 11474912 4619180
1785826827422 4587848 11474912 4619180
1785826827464 4591944 11474912 4619180
1785826827507 4573508 11474912 4619180
1785826827548 4573508 11474912 4619180
1785826827587 4573508 11474912 4619180
1785826827626 4579656 11474912 4619180
1785826827666 4573512 11474912 4619180
1785826827706 4585796 11474912 4619180
1785826827744 4604232 11474912 4619180
1785826827786 4549060 11474912 4619180
1785826827818 4580176 11474912 4619180
1785826827860 4603680 11474912 4619180
1785826827901 4579100 11474912 4619180
1785826827939 4579100 11474912 4619180
1785826827982 4579100 11474912 4619180
1785826828024 4579100 11474912 4619180
1785826828066 4579100 11474912 4619180
1785826828107 4579100 11474912 4619180
1785826828149 4579100 11474912 4619180
1785826828190 4579100 11474912 4619180
1785826828230 4579100 11474912 4619180
1785826828272 4579100 11474912 4619180
1785826828313 4579100 11474912 4619180
1785826828355 4579100 11474912 4619180
1785826828395 4579100 11474912 4619180
1785826828434 4579100 11474912 4619180
1785826828474 4579100 11474912 4619180
1785826828515 4579100 11474912 4619180
1785826828558 4579100 11474912 4619180
1785826828598 4579100 11474912 4619180
1785826828639 4579100 11474912 4619180
1785826828679 4597536 11474912 4619180
1785826828721 4597536 11474912 4619180
1785826828763 4597536 11474912 4619180
1785826828806 4597536 11474912 4619180
1785826828848 4579100 11474912 4619180
1785826828891 4579100 11474912 4619180
1785826828933 4579100 11474912 4619180
1785826828971 4589344 11474912 4619180
1785826829011 4591392 11474912 4619180
1785826829052 4585248 11474912 4619180
1785826829093 4609824 11474912 4619180
1785826829135 4615968 11474912 4619180
1785826829177 4615968 11474912 4619180
1785826829219 4609824 11474912 4619180
1785826829262 4579100 11474912 4619180
1785826829304 4579100 11474912 4619180
1785826829345 4579100 11474912 4619180
1785826829383 4579100 11474912 4619180
1785826829425 4579100 11474912 4619180
1785826829466 4579100 11474912 4619180
1785826829508 4579100 11474912 4619180
1785826829547 4579100 11474912 4619180
1785826829588 4579100 11474912 4619180
1785826829630 4579100 11474912 4619180
1785826829672 4579100 11474912 4619180
1785826829714 4579100 11474912 4619180
1785826829755 4579100 11474912 4619180
1785826829797 4579100 11474912 4619180
1785826829839 4579100 11474912 4619180
1785826829879 4579100 11474912 4619180
1785826829920 4579100 11474912 4619180
1785826829962 4579100 11474912 4619180
1785826830004 4579356 11474912 4619180
1785826830043 4579100 11474912 4619180
1785826830080 4579100 11474912 4619180
1785826830118 4579100 11474912 4619180
1785826830156 4579100 11474912 4619180
1785826830197 4579100 11474912 4619180
1785826830235 4579100 11474912 4619180
1785826830277 4579100 11474912 4619180
1785826830317 4579100 11474912 4619180
1785826830357 4579100 11474912 4619180
1785826830395 4579100 11474912 4619180
1785826830436 4579100 11474912 4619180
1785826830475 4579100 11474912 4619180
1785826830514 4579100 11474912 4619180
1785826830554 4579100 11474912 4619180
1785826830592 4579100 11474912 4619180
1785826830632 4579100 11474912 4619180
1785826830670 4579100 11474912 4619180
1785826830709 4579100 11474912 4619180
1785826830747 4579100 11474912 4619180
1785826830786 4579100 11474912 4619180
1785826830825 4579100 11474912 4619180
1785826830865 4579100 11474912 4619180
1785826830904 4579100 11474912 4619180
1785826830943 4579100 11474912 4619180
1785826830981 4579100 11474912 4619180
1785826831023 4579100 11474912 4619180
1785826831063 4579100 11474912 4619180
1785826831101 4579100 11474912 4619180
1785826831140 4579100 11474912 4619180
1785826831181 4579100 11474912 4619180
1785826831221 4579100 11474912 4619180
1785826831263 4579100 11474912 4619180
1785826831304 4579100 11474912 4619180
1785826831345 4579100 11474912 4619180
1785826831387 4579100 11474912 4619180
1785826831428 4579100 11474912 4619180
1785826831470 4579100 11474912 4619180
1785826831511 4579100 11474912 4619180
1785826831551 4579100 11474912 4619180
1785826831592 4579100 11474912 4619180
1785826831631 4579100 11474912 4619180
1785826831673 4579100 11474912 4619180
1785826831715 4579100 11474912 4619180
1785826831756 4579100 11474912 4619180
1785826831797 4579100 11474912 4619180
1785826831835 4579100 11474912 4619180
1785826831875 4579100 11474912 4619180
1785826831915 4579100 11474912 4619180
1785826831954 4579100 11474912 4619180
1785826831994 4579100 11474912 4619180
1785826832033 4579100 11474912 4619180
1785826832073 4579100 11474912 4619180
1785826832114 4579100 11474912 4619180
1785826832154 4579100 11474912 4619180
1785826832195 4579100 11474912 4619180
1785826832238 4579100 11474912 4619180
1785826832279 4579100 11474912 4619180
1785826832321 4579100 11474912 4619180
1785826832364 4579100 11474912 4619180
1785826832407 4579100 11474912 4619180
1785826832449 4579100 11474912 4619180
1785826832491 4579100 11474912 4619180
1785826832532 4579100 11474912 4619180
1785826832569 4579100 11474912 4619180
1785826832609 4579100 11474912 4619180
1785826832650 4579100 11474912 4619180
1785826832689 4579100 11474912 4619180
1785826832728 4579100 11474912 4619180
1785826832766 4579100 11474912 4619180
1785826832804 4579100 11474912 4619180
1785826832844 4579100 11474912 4619180
1785826832885 4579356 11474912 4619180
1785826832926 4579100 11474912 4619180
1785826832968 4579100 11474912 4619180
1785826833010 4579100 11474912 4619180
1785826833051 4579100 11474912 4619180
1785826833090 4579100 11474912 4619180
1785826833128 4579100 11474912 4619180
1785826833166 4579100 11474912 4619180
1785826833207 4579100 11474912 4619180
1785826833250 4579100 11474912 4619180
1785826833292 4579100 11474912 4619180
1785826833332 4579100 11474912 4619180
1785826833372 4579100 11474912 4619180
1785826833414 4579100 11474912 4619180
1785826833455 4579100 11474912 4619180
1785826833497 4579100 11474912 4619180
1785826833539 4579100 11474912 4619180
1785826833582 4579100 11474912 4619180
1785826833624 4579100 11474912 4619180
1785826833664 4579100 11474912 4619180
1785826833705 4579100 11474912 4619180
1785826833743 4579100 11474912 4619180
1785826833782 4579100 11474912 4619180
1785826833824 4579100 11474912 4619180
1785826833863 4579100 11474912 4619180
1785826833904 4579100 11474912 4619180
1785826833944 4579100 11474912 4619180
1785826833984 4579100 11474912 4619180
1785826834025 4579100 11474912 4619180
1785826834064 4579100 11474912 4619180
1785826834104 4579100 11474912 4619180
1785826834145 4579100 11474912 4619180
1785826834185 4579100 11474912 4619180
1785826834225 4579100 11474912 4619180
1785826834266 4579100 11474912 4619180
1785826834307 4579100 11474912 4619180
1785826834346 4579100 11474912 4619180
1785826834387 4579100 11474912 4619180
1785826834426 4579100 11474912 4619180
1785826834469 4579100 11474912 4619180
1785826834509 4583200 11474912 4619180
1785826834549 4586232 11474912 4619180
1785826834591 4585248 11474912 4619180
1785826834631 4579100 11474912 4619180
1785826834667 4579100 11474912 4619180
1785826834706 4579100 11474912 4619180
1785826834743 4579100 11474912 4619180
1785826834783 4579100 11474912 4619180
1785826834818 4599584 11474912 4619180
1785826834859 4622112 11474912 4622112
1785826834900 4628256 11474912 4628256
1785826835086 4628256 11474912 4628256
1785826835129 4585248 11474912 4624356
1785826835167 4582304 11474912 4624356
1785826835208 4579100 11474912 4624356
1785826835246 4579100 11474912 4624356
1785826835286 4579100 11474912 4624356
1785826835326 4579100 11474912 4624356
1785826835368 4579100 11474912 4624356
1785826835411 4579100 11474912 4624356
1785826835454 4579100 11474912 4624356
1785826835496 4579100 11474912 4624356
1785826835537 4579100 11474912 4624356
1785826835578 4579100 11474912 4624356
1785826835621 4579100 11474912 4624356
1785826835661 4579100 11474912 4624356
1785826835703 4579100 11474912 4624356
1785826835743 4579100 11474912 4624356
1785826835784 4579100 11474912 4624356
1785826835827 4579100 11474912 4624356
1785826835868 4579100 11474912 4624356
1785826835908 4585248 11474912 4624356
1785826835949 4579100 11474912 4624356
1785826835990 4591392 11474912 4624356
1785826836028 4585248 11474912 4624356
1785826836064 4579100 11474912 4624356
1785826836106 4579100 11474912 4624356
1785826836148 4579100 11474912 4624356
1785826836190 4579100 11474912 4624356
1785826836231 4579100 11474912 4624356
1785826836272 4579100 11474912 4624356
1785826836314 4595488 11474912 4624356
1785826836355 4591388 11474912 4624356
1785826836398 4591388 11474912 4624356
1785826836440 4591388 11474912 4624356
1785826836480 4554652 11474912 4624356
1785826836523 4554652 11474912 4624356
1785826836563 4554652 11474912 4624356
1785826836604 4554652 11474912 4624356
1785826836648 4554652 11474912 4624356
1785826836690 4554652 11474912 4624356
1785826836733 4554652 11474912 4624356
1785826836775 4554652 11474912 4624356
1785826836816 4554652 11474912 4624356
1785826836857 4554652 11474912 4624356
1785826836898 4554652 11474912 4624356
1785826836940 4554652 11474912 4624356
1785826836981 4554652 11474912 4624356
1785826837021 4554652 11474912 4624356
1785826837062 4554652 11474912 4624356
1785826837102 4554652 11474912 4624356
1785826837144 4554652 11474912 4624356
1785826837184 4554652 11474912 4624356
1785826837226 4560800 11474912 4624356
1785826837264 4573088 11474912 4624356
1785826837303 4573088 11474912 4624356
1785826837343 4566944 11474912 4624356
1785826837384 4573088 11474912 4624356
1785826837426 4554652 11474912 4624356
1785826837469 4554652 11474912 4624356
1785826837508 4554652 11474912 4624356
1785826837551 4560804 11474912 4624356
1785826837592 4573924 11474912 4624356
1785826837630 4566816 11474912 4624356
1785826837671 4579100 11474912 4624356
1785826837711 4597536 11474912 4624356
1785826837751 4609824 11474912 4624356
1785826837791 4579100 11474912 4624356
1785826837832 4579100 11474912 4624356
1785826837873 4579100 11474912 4624356
1785826837916 4579100 11474912 4624356
1785826837958 4579100 11474912 4624356
1785826838000 4579100 11474912 4624356
1785826838043 4579100 11474912 4624356
1785826838084 4579100 11474912 4624356
1785826838126 4579100 11474912 4624356
1785826838168 4579100 11474912 4624356
1785826838211 4579100 11474912 4624356
1785826838252 4579100 11474912 4624356
1785826838294 4579100 11474912 4624356
1785826838337 4579100 11474912 4624356
1785826838378 4579100 11474912 4624356
1785826838421 4579100 11474912 4624356
1785826838464 4579100 11474912 4624356
1785826838507 4579100 11474912 4624356
1785826838551 4579356 11474912 4624356
1785826838591 4579100 11474912 4624356
1785826838631 4579100 11474912 4624356
1785826838670 4579100 11474912 4624356
1785826838709 4579100 11474912 4624356
1785826838748 4579100 11474912 4624356
1785826838786 4579100 11474912 4624356
1785826838827 4579100 11474912 4624356
1785826838867 4579100 11474912 4624356
1785826838907 4579356 11474912 4624356
1785826838947 4579100 11474912 4624356
1785826838986 4579100 11474912 4624356
1785826839027 4579100 11474912 4624356
1785826839065 4579100 11474912 4624356
1785826839104 4579100 11474912 4624356
1785826839144 4579100 11474912 4624356
1785826839180 4579100 11474912 4624356
1785826839220 4579100 11474912 4624356
1785826839259 4579100 11474912 4624356
1785826839297 4579100 11474912 4624356
1785826839337 4579100 11474912 4624356
1785826839375 4579100 11474912 4624356
1785826839415 4579100 11474912 4624356
1785826839454 4579100 11474912 4624356
1785826839493 4579100 11474912 4624356
1785826839531 4579100 11474912 4624356
1785826839571 4579100 11474912 4624356
1785826839611 4579100 11474912 4624356
1785826839650 4579100 11474912 4624356
1785826839692 4579100 11474912 4624356
1785826839732 4579100 11474912 4624356
1785826839773 4579100 11474912 4624356
1785826839811 4579100 11474912 4624356
1785826839853 4579100 11474912 4624356
1785826839893 4579100 11474912 4624356
1785826839936 4579100 11474912 4624356
1785826839977 4579100 11474912 4624356
1785826840018 4579100 11474912 4624356
1785826840060 4579100 11474912 4624356
1785826840102 4579100 11474912 4624356
1785826840143 4579100 11474912 4624356
1785826840183 4579100 11474912 4624356
1785826840224 4579100 11474912 4624356
1785826840263 4579100 11474912 4624356
1785826840305 4579100 11474912 4624356
1785826840348 4579100 11474912 4624356
1785826840386 4579100 11474912 4624356
1785826840422 4579100 11474912 4624356
1785826840461 4579100 11474912 4624356
1785826840501 4579100 11474912 4624356
1785826840543 4579100 11474912 4624356
1785826840584 4579100 11474912 4624356
1785826840623 4579100 11474912 4624356
1785826840664 4579100 11474912 4624356
1785826840703 4579100 11474912 4624356
1785826840746 4579100 11474912 4624356
1785826840788 4579100 11474912 4624356
1785826840829 4579100 11474912 4624356
1785826840870 4579100 11474912 4624356
1785826840911 4579100 11474912 4624356
1785826840950 4579100 11474912 4624356
1785826840990 4579100 11474912 4624356
1785826841032 4579100 11474912 4624356
1785826841073 4579100 11474912 4624356
1785826841113 4579100 11474912 4624356
1785826841154 4579100 11474912 4624356
1785826841194 4579100 11474912 4624356
1785826841232 4579100 11474912 4624356
1785826841270 4579100 11474912 4624356
1785826841307 4579100 11474912 4624356
1785826841348 4579100 11474912 4624356
1785826841388 4579104 11474912 4624356
1785826841426 4579104 11474912 4624356
1785826841463 4579360 11474912 4624356
1785826841504 4579104 11474912 4624356
1785826841543 4579104 11474912 4624356
1785826841585 4579104 11474912 4624356
1785826841628 4579104 11474912 4624356
1785826841670 4579104 11474912 4624356
1785826841712 4579104 11474912 4624356
1785826841750 4579104 11474912 4624356
1785826841792 4579104 11474912 4624356
1785826841834 4579104 11474912 4624356
1785826841876 4579104 11474912 4624356
1785826841917 4579104 11474912 4624356
1785826841958 4579104 11474912 4624356
1785826841997 4579104 11474912 4624356
1785826842038 4579104 11474912 4624356
1785826842080 4579104 11474912 4624356
1785826842119 4579104 11474912 4624356
1785826842159 4579104 11474912 4624356
1785826842201 4579104 11474912 4624356
1785826842244 4579104 11474912 4624356
1785826842285 4579104 11474912 4624356
1785826842323 4579104 11474912 4624356
1785826842361 4579104 11474912 4624356
1785826842401 4579104 11474912 4624356
1785826842443 4579104 11474912 4624356
1785826842483 4579104 11474912 4624356
1785826842524 4579104 11474912 4624356
1785826842564 4579104 11474912 4624356
1785826842603 4579104 11474912 4624356
1785826842644 4579104 11474912 4624356
1785826842685 4579104 11474912 4624356
1785826842725 4579104 11474912 4624356
1785826842766 4579104 11474912 4624356
1785826842806 4579104 11474912 4624356
1785826842849 4579104 11474912 4624356
1785826842890 4579104 11474912 4624356
1785826842930 4579104 11474912 4624356
1785826842969 4579104 11474912 4624356
1785826843008 4579104 11474912 4624356
1785826843050 4579104 11474912 4624356
1785826843092 4579104 11474912 4624356
1785826843131 4579104 11474912 4624356
1785826843173 4579104 11474912 4624356
1785826843214 4586372 11474912 4624356
1785826843255 4597564 11474912 4624356
1785826843296 4597564 11474912 4624356
1785826843338 4597568 11474912 4624356
1785826843380 4597568 11474912 4624356
1785826843421 4616000 11474912 4624356
1785826843462 4622144 11474912 4624356
1785826843502 4628288 11474912 4628288
1785826843687 4616004 11474912 4631104
1785826843729 4628288 11474912 4631104
1785826843772 4588480 11474912 4631104
1785826843815 4588480 11474912 4631104
1785826843857 4588480 11474912 4631104
1785826843901 4588480 11474912 4631104
1785826843943 4588480 11474912 4631104
1785826843987 4588480 11474912 4631104
1785826844027 4588480 11474912 4631104
1785826844070 4588480 11474912 4631104
1785826844110 4588480 11474912 4631104
1785826844149 4588480 11474912 4631104
1785826844189 4579132 11474912 4631104
1785826844229 4579132 11474912 4631104
1785826844269 4579132 11474912 4631104
1785826844309 4579132 11474912 4631104
1785826844348 4579132 11474912 4631104
1785826844391 4579132 11474912 4631104
1785826844432 4579132 11474912 4631104
1785826844473 4591424 11474912 4631104
1785826844514 4579132 11474912 4631104
1785826844555 4579132 11474912 4631104
1785826844595 4581192 11474912 4631104
1785826844637 4592760 11474912 4631104
1785826844678 4579140 11474912 4631104
1785826844722 4579140 11474912 4631104
1785826844764 4579140 11474912 4631104
1785826844805 4591432 11474912 4631104
1785826844841 4579144 11474912 4631104
1785826844883 4603720 11474912 4631104
1785826844925 4609864 11474912 4631104
1785826844967 4562436 11474912 4631104
1785826845002 4597576 11474912 4631104
1785826845044 4579140 11474912 4631104
1785826845087 4579140 11474912 4631104
1785826845130 4579140 11474912 4631104
1785826845172 4579140 11474912 4631104
1785826845215 4579140 11474912 4631104
1785826845257 4579140 11474912 4631104
1785826845298 4579140 11474912 4631104
1785826845337 4579140 11474912 4631104
1785826845378 4579140 11474912 4631104
1785826845418 4579140 11474912 4631104
1785826845458 4579140 11474912 4631104
1785826845501 4579140 11474912 4631104
1785826845541 4579140 11474912 4631104
1785826845582 4579140 11474912 4631104
1785826845622 4579140 11474912 4631104
1785826845662 4579140 11474912 4631104
1785826845703 4579140 11474912 4631104
1785826845744 4579140 11474912 4631104
1785826845786 4579140 11474912 4631104
1785826845826 4579140 11474912 4631104
1785826845868 4579140 11474912 4631104
1785826845908 4579140 11474912 4631104
1785826845948 4579140 11474912 4631104
1785826845990 4579140 11474912 4631104
1785826846033 4579140 11474912 4631104
1785826846075 4579140 11474912 4631104
1785826846115 4579140 11474912 4631104
1785826846156 4579140 11474912 4631104
1785826846194 4597576 11474912 4631104
1785826846233 4597576 11474912 4631104
1785826846275 4597576 11474912 4631104
1785826846315 4579140 11474912 4631104
1785826846358 4579140 11474912 4631104
1785826846399 4579140 11474912 4631104
1785826846440 4579140 11474912 4631104
1785826846482 4579140 11474912 4631104
1785826846524 4579140 11474912 4631104
1785826846567 4579140 11474912 4631104
1785826846608 4579140 11474912 4631104
1785826846650 4579140 11474912 4631104
1785826846693 4579140 11474912 4631104
1785826846736 4579140 11474912 4631104
1785826846777 4579140 11474912 4631104
1785826846819 4579140 11474912 4631104
1785826846862 4579140 11474912 4631104
1785826846903 4579140 11474912 4631104
1785826846944 4579140 11474912 4631104
1785826846988 4579140 11474912 4631104
1785826847030 4579140 11474912 4631104
1785826847072 4579140 11474912 4631104
1785826847113 4579396 11474912 4631104
1785826847151 4579140 11474912 4631104
1785826847191 4579140 11474912 4631104
1785826847228 4579140 11474912 4631104
1785826847268 4579140 11474912 4631104
1785826847307 4579144 11474912 4631104
1785826847346 4579144 11474912 4631104
1785826847387 4579144 11474912 4631104
1785826847427 4579144 11474912 4631104
1785826847467 4579144 11474912 4631104
1785826847508 4579144 11474912 4631104
1785826847548 4579144 11474912 4631104
1785826847587 4579144 11474912 4631104
1785826847628 4579144 11474912 4631104
1785826847667 4579144 11474912 4631104
1785826847705 4579144 11474912 4631104
1785826847743 4579144 11474912 4631104
1785826847783 4579144 11474912 4631104
1785826847824 4579144 11474912 4631104
1785826847864 4579144 11474912 4631104
1785826847903 4579144 11474912 4631104
1785826847944 4579144 11474912 4631104
1785826847983 4579144 11474912 4631104
1785826848022 4579144 11474912 4631104
1785826848062 4579144 11474912 4631104
1785826848102 4579144 11474912 4631104
1785826848140 4579144 11474912 4631104
1785826848177 4579144 11474912 4631104
1785826848215 4579144 11474912 4631104
1785826848254 4579144 11474912 4631104
1785826848292 4579144 11474912 4631104
1785826848329 4579144 11474912 4631104
1785826848366 4579144 11474912 4631104
1785826848409 4579144 11474912 4631104
1785826848451 4579144 11474912 4631104
1785826848492 4579144 11474912 4631104
1785826848532 4579144 11474912 4631104
1785826848572 4579144 11474912 4631104
1785826848613 4579144 11474912 4631104
1785826848654 4579144 11474912 4631104
1785826848697 4579144 11474912 4631104
1785826848739 4579144 11474912 4631104
1785826848782 4579144 11474912 4631104
1785826848821 4579144 11474912 4631104
1785826848863 4579144 11474912 4631104
1785826848906 4579144 11474912 4631104
1785826848944 4579144 11474912 4631104
1785826848981 4579144 11474912 4631104
1785826849020 4579144 11474912 4631104
1785826849061 4579144 11474912 4631104
1785826849101 4579144 11474912 4631104
1785826849141 4579144 11474912 4631104
1785826849179 4579144 11474912 4631104
1785826849222 4579144 11474912 4631104
1785826849260 4579144 11474912 4631104
1785826849302 4579144 11474912 4631104
1785826849344 4579144 11474912 4631104
1785826849387 4579144 11474912 4631104
1785826849429 4579144 11474912 4631104
1785826849471 4579144 11474912 4631104
1785826849513 4579144 11474912 4631104
1785826849554 4579144 11474912 4631104
1785826849596 4579144 11474912 4631104
1785826849639 4579144 11474912 4631104
1785826849679 4579144 11474912 4631104
1785826849720 4579144 11474912 4631104
1785826849759 4579144 11474912 4631104
1785826849798 4579144 11474912 4631104
1785826849835 4579144 11474912 4631104
1785826849871 4579144 11474912 4631104
1785826849910 4579144 11474912 4631104
1785826849950 4579144 11474912 4631104
1785826849990 4579144 11474912 4631104
1785826850030 4579400 11474912 4631104
1785826850070 4579144 11474912 4631104
1785826850110 4579144 11474912 4631104
1785826850152 4579144 11474912 4631104
1785826850194 4579144 11474912 4631104
1785826850235 4579144 11474912 4631104
1785826850274 4579144 11474912 4631104
1785826850313 4579144 11474912 4631104
1785826850355 4579144 11474912 4631104
1785826850397 4579144 11474912 4631104
1785826850438 4579144 11474912 4631104
1785826850477 4579144 11474912 4631104
1785826850517 4579144 11474912 4631104
1785826850558 4579144 11474912 4631104
1785826850598 4579144 11474912 4631104
1785826850639 4579144 11474912 4631104
1785826850679 4579144 11474912 4631104
1785826850720 4579144 11474912 4631104
1785826850761 4579144 11474912 4631104
1785826850804 4579144 11474912 4631104
1785826850844 4579144 11474912 4631104
1785826850882 4579144 11474912 4631104
1785826850921 4579144 11474912 4631104
1785826850961 4579144 11474912 4631104
1785826851001 4579144 11474912 4631104
1785826851040 4579144 11474912 4631104
1785826851080 4579144 11474912 4631104
1785826851118 4579144 11474912 4631104
1785826851161 4579144 11474912 4631104
1785826851203 4579144 11474912 4631104
1785826851243 4579144 11474912 4631104
1785826851281 4579144 11474912 4631104
1785826851319 4579144 11474912 4631104
1785826851359 4579144 11474912 4631104
1785826851401 4579144 11474912 4631104
1785826851442 4579144 11474912 4631104
1785826851479 4579144 11474912 4631104
1785826851520 4579144 11474912 4631104
1785826851560 4579144 11474912 4631104
1785826851603 4579144 11474912 4631104
1785826851645 4579144 11474912 4631104
1785826851687 4579144 11474912 4631104
1785826851728 4579144 11474912 4631104
1785826851767 4597580 11474912 4631104
1785826851808 4579144 11474912 4631104
1785826851849 4579144 11474912 4631104
1785826851890 4597580 11474912 4631104
1785826851933 4597580 11474912 4631104
1785826851975 4609868 11474912 4631104
1785826852015 4616012 11474912 4631104
1785826852055 4626252 11474912 4631104
1785826852095 4634444 11474912 4634444
1785826852278 4622156 11474912 4631104
1785826852321 4622156 11474912 4631104
1785826852364 4622156 11474912 4631104
1785826852407 4622156 11474912 4631104
1785826852450 4622156 11474912 4631104
1785826852493 4622156 11474912 4631104
1785826852535 4622156 11474912 4631104
1785826852577 4622156 11474912 4631104
1785826852620 4622156 11474912 4631104
1785826852661 4622156 11474912 4631104
1785826852704 4579144 11474912 4631104
1785826852744 4579144 11474912 4631104
1785826852786 4579144 11474912 4631104
1785826852826 4579144 11474912 4631104
1785826852866 4579144 11474912 4631104
1785826852906 4579144 11474912 4631104
1785826852948 4579144 11474912 4631104
1785826852990 4579144 11474912 4631104
1785826853030 4579144 11474912 4631104
1785826853069 4597580 11474912 4631104
1785826853109 4597580 11474912 4631104
1785826853149 4595532 11474912 4631104
1785826853191 4597580 11474912 4631104
1785826853232 4579144 11474912 4631104
1785826853276 4579144 11474912 4631104
1785826853318 4579144 11474912 4631104
1785826853360 4591436 11474912 4631104
1785826853399 4579144 11474912 4631104
1785826853441 4579144 11474912 4631104
1785826853482 4591464 11474912 4631104
1785826853524 4579144 11474912 4631104
1785826853562 4597580 11474912 4631104
1785826853603 4597580 11474912 4631104
1785826853646 4579144 11474912 4631104
1785826853689 4579144 11474912 4631104
1785826853732 4579144 11474912 4631104
1785826853774 4579144 11474912 4631104
1785826853817 4579144 11474912 4631104
1785826853860 4579144 11474912 4631104
1785826853901 4579144 11474912 4631104
1785826853941 4579144 11474912 4631104
1785826853979 4579144 11474912 4631104
1785826854020 4579144 11474912 4631104
1785826854061 4579144 11474912 4631104
1785826854103 4579144 11474912 4631104
1785826854142 4579144 11474912 4631104
1785826854182 4579144 11474912 4631104
1785826854220 4579144 11474912 4631104
1785826854261 4579144 11474912 4631104
1785826854301 4579144 11474912 4631104
1785826854342 4579144 11474912 4631104
1785826854383 4579144 11474912 4631104
1785826854420 4579144 11474912 4631104
1785826854460 4579144 11474912 4631104
1785826854500 4579144 11474912 4631104
1785826854540 4579144 11474912 4631104
1785826854581 4579144 11474912 4631104
1785826854620 4579144 11474912 4631104
1785826854660 4591436 11474912 4631104
1785826854700 4579144 11474912 4631104
1785826854742 4579144 11474912 4631104
1785826854783 4579144 11474912 4631104
1785826854825 4579144 11474912 4631104
1785826854863 4579144 11474912 4631104
1785826854899 4579144 11474912 4631104
1785826854940 4579144 11474912 4631104
1785826854980 4579144 11474912 4631104
1785826855019 4579144 11474912 4631104
1785826855058 4579144 11474912 4631104
1785826855098 4579144 11474912 4631104
1785826855138 4579144 11474912 4631104
1785826855180 4579144 11474912 4631104
1785826855222 4579144 11474912 4631104
1785826855264 4579144 11474912 4631104
1785826855306 4579144 11474912 4631104
1785826855346 4579144 11474912 4631104
1785826855385 4579144 11474912 4631104
1785826855425 4579144 11474912 4631104
1785826855466 4579144 11474912 4631104
1785826855509 4579144 11474912 4631104
1785826855552 4579144 11474912 4631104
1785826855595 4579144 11474912 4631104
1785826855636 4579144 11474912 4631104
1785826855677 4579144 11474912 4631104
1785826855717 4579144 11474912 4631104
1785826855755 4579144 11474912 4631104
1785826855792 4579144 11474912 4631104
1785826855830 4579144 11474912 4631104
1785826855867 4579144 11474912 4631104
1785826855904 4579144 11474912 4631104
1785826855945 4579144 11474912 4631104
1785826855987 4579144 11474912 4631104
1785826856026 4579144 11474912 4631104
1785826856065 4579144 11474912 4631104
1785826856105 4579144 11474912 4631104
1785826856143 4579144 11474912 4631104
1785826856181 4579144 11474912 4631104
1785826856218 4579144 11474912 4631104
1785826856255 4579144 11474912 4631104
1785826856292 4579144 11474912 4631104
1785826856331 4579144 11474912 4631104
1785826856370 4579144 11474912 4631104
1785826856409 4579144 11474912 4631104
1785826856449 4579144 11474912 4631104
1785826856485 4579144 11474912 4631104
1785826856524 4579144 11474912 4631104
1785826856564 4579144 11474912 4631104
1785826856601 4579144 11474912 4631104
1785826856641 4579144 11474912 4631104
1785826856683 4579144 11474912 4631104
1785826856724 4579144 11474912 4631104
1785826856764 4579144 11474912 4631104
1785826856804 4579144 11474912 4631104
1785826856842 4579144 11474912 4631104
1785826856880 4579144 11474912 4631104
1785826856919 4579144 11474912 4631104
1785826856959 4579144 11474912 4631104
1785826856999 4579144 11474912 4631104
1785826857039 4579144 11474912 4631104
1785826857080 4579144 11474912 4631104
1785826857121 4579144 11474912 4631104
1785826857162 4579144 11474912 4631104
1785826857199 4579144 11474912 4631104
1785826857241 4579144 11474912 4631104
1785826857281 4579144 11474912 4631104
1785826857322 4579144 11474912 4631104
1785826857362 4579144 11474912 4631104
1785826857403 4579144 11474912 4631104
1785826857445 4579144 11474912 4631104
1785826857483 4579144 11474912 4631104
1785826857520 4579144 11474912 4631104
1785826857559 4579144 11474912 4631104
1785826857601 4579144 11474912 4631104
1785826857640 4579144 11474912 4631104
1785826857679 4579144 11474912 4631104
1785826857715 4579144 11474912 4631104
1785826857753 4579144 11474912 4631104
1785826857795 4579144 11474912 4631104
1785826857836 4579144 11474912 4631104
1785826857879 4579144 11474912 4631104
1785826857921 4579144 11474912 4631104
1785826857963 4579144 11474912 4631104
1785826858005 4579144 11474912 4631104
1785826858048 4579144 11474912 4631104
1785826858089 4579144 11474912 4631104
1785826858129 4579144 11474912 4631104
1785826858171 4579144 11474912 4631104
1785826858214 4579144 11474912 4631104
1785826858252 4579144 11474912 4631104
1785826858289 4579400 11474912 4631104
1785826858327 4579144 11474912 4631104
1785826858366 4579144 11474912 4631104
1785826858405 4579144 11474912 4631104
1785826858444 4579144 11474912 4631104
1785826858483 4579148 11474912 4631104
1785826858522 4579148 11474912 4631104
1785826858566 4579404 11474912 4631104
1785826858605 4579148 11474912 4631104
1785826858647 4579148 11474912 4631104
1785826858689 4579148 11474912 4631104
1785826858727 4579148 11474912 4631104
1785826858769 4579148 11474912 4631104
1785826858809 4579148 11474912 4631104
1785826858850 4579148 11474912 4631104
1785826858893 4579148 11474912 4631104
1785826858934 4579148 11474912 4631104
1785826858975 4579148 11474912 4631104
1785826859015 4579148 11474912 4631104
1785826859056 4579148 11474912 4631104
1785826859100 4579148 11474912 4631104
1785826859143 4579148 11474912 4631104
1785826859186 4579148 11474912 4631104
1785826859229 4579148 11474912 4631104
1785826859271 4579148 11474912 4631104
1785826859313 4579148 11474912 4631104
1785826859353 4579148 11474912 4631104
1785826859392 4579148 11474912 4631104
1785826859431 4579148 11474912 4631104
1785826859469 4579148 11474912 4631104
1785826859511 4579148 11474912 4631104
1785826859553 4579148 11474912 4631104
1785826859593 4579148 11474912 4631104
1785826859633 4579148 11474912 4631104
1785826859672 4579148 11474912 4631104
1785826859712 4579148 11474912 4631104
1785826859755 4579148 11474912 4631104
1785826859796 4579148 11474912 4631104
1785826859835 4579148 11474912 4631104
1785826859876 4579148 11474912 4631104
1785826859919 4579148 11474912 4631104
1785826859960 4579148 11474912 4631104
1785826860001 4579148 11474912 4631104
1785826860041 4579148 11474912 4631104
1785826860082 4579148 11474912 4631104
1785826860123 4579148 11474912 4631104
1785826860166 4579148 11474912 4631104
1785826860207 4583248 11474912 4631104
1785826860248 4579148 11474912 4631104
1785826860288 4597584 11474912 4631104
1785826860329 4597584 11474912 4631104
1785826860371 4597584 11474912 4631104
1785826860413 4597588 11474912 4631104
1785826860455 4597588 11474912 4631104
1785826860496 4616020 11474912 4631104
1785826860537 4622164 11474912 4631104
1785826860578 4634452 11474912 4634452
1785826860760 4634452 11474912 4634452
1785826860801 4634452 11474912 4634452
1785826860843 4585428 11474912 4631196
1785826860884 4585428 11474912 4631196
1785826860926 4585428 11474912 4631196
1785826860968 4585428 11474912 4631196
1785826861009 4585428 11474912 4631196
1785826861052 4585428 11474912 4631196
1785826861094 4585428 11474912 4631196
1785826861136 4585428 11474912 4631196
1785826861178 4585428 11474912 4631196
1785826861218 4585428 11474912 4631196
1785826861262 4579152 11474912 4631196
1785826861303 4579152 11474912 4631196
1785826861344 4579152 11474912 4631196
1785826861383 4579152 11474912 4631196
1785826861421 4579152 11474912 4631196
1785826861463 4579152 11474912 4631196
1785826861503 4597588 11474912 4631196
1785826861544 4597588 11474912 4631196
1785826861582 4597588 11474912 4631196
1785826861624 4609876 11474912 4631196
1785826861665 4609876 11474912 4631196
1785826861706 4594608 11474912 4631196
1785826861749 4579152 11474912 4631196
1785826861793 4579152 11474912 4631196
1785826861835 4579152 11474912 4631196
1785826861872 4600300 11474912 4631196
1785826861912 4616020 11474912 4631196
1785826861952 4598268 11474912 4631196
1785826861993 4628308 11474912 4631196
1785826862035 4628308 11474912 4631196
1785826862077 4628308 11474912 4631196
1785826862118 4579152 11474912 4631196
1785826862161 4579152 11474912 4631196
1785826862201 4579152 11474912 4631196
1785826862241 4579152 11474912 4631196
1785826862283 4579152 11474912 4631196
1785826862326 4579152 11474912 4631196
1785826862368 4579152 11474912 4631196
1785826862410 4579152 11474912 4631196
1785826862451 4579152 11474912 4631196
1785826862490 4579152 11474912 4631196
1785826862529 4579152 11474912 4631196
1785826862571 4579152 11474912 4631196
1785826862612 4579152 11474912 4631196
1785826862651 4579152 11474912 4631196
1785826862692 4579152 11474912 4631196
1785826862732 4579152 11474912 4631196
1785826862776 4579152 11474912 4631196
1785826862814 4579152 11474912 4631196
1785826862856 4579152 11474912 4631196
1785826862898 4583252 11474912 4631196
1785826862940 4597588 11474912 4631196
1785826862983 4579152 11474912 4631196
1785826863022 4579152 11474912 4631196
1785826863064 4579152 11474912 4631196
1785826863102 4579152 11474912 4631196
1785826863145 4585300 11474912 4631196
1785826863188 4579152 11474912 4631196
1785826863227 4579152 11474912 4631196
1785826863265 4597588 11474912 4631196
1785826863307 4603732 11474912 4631196
1785826863349 4609876 11474912 4631196
1785826863390 4579152 11474912 4631196
1785826863432 4579152 11474912 4631196
1785826863473 4579152 11474912 4631196
1785826863516 4579152 11474912 4631196
1785826863558 4579152 11474912 4631196
1785826863599 4579152 11474912 4631196
1785826863641 4579152 11474912 4631196
1785826863683 4579152 11474912 4631196
1785826863724 4579152 11474912 4631196
1785826863767 4579152 11474912 4631196
1785826863809 4579152 11474912 4631196
1785826863851 4579152 11474912 4631196
1785826863893 4579152 11474912 4631196
1785826863936 4579152 11474912 4631196
1785826863977 4579152 11474912 4631196
1785826864018 4579152 11474912 4631196
1785826864061 4579152 11474912 4631196
1785826864104 4579152 11474912 4631196
1785826864147 4579408 11474912 4631196
1785826864188 4579152 11474912 4631196
1785826864227 4579152 11474912 4631196
1785826864266 4579152 11474912 4631196
1785826864305 4579152 11474912 4631196
1785826864344 4579152 11474912 4631196
1785826864383 4579152 11474912 4631196
1785826864422 4579152 11474912 4631196
1785826864464 4579152 11474912 4631196
1785826864505 4579152 11474912 4631196
1785826864545 4579152 11474912 4631196
1785826864583 4579152 11474912 4631196
1785826864622 4579152 11474912 4631196
1785826864663 4579152 11474912 4631196
1785826864702 4579152 11474912 4631196
1785826864742 4579152 11474912 4631196
1785826864781 4579152 11474912 4631196
1785826864819 4579152 11474912 4631196
1785826864859 4579152 11474912 4631196
1785826864897 4579152 11474912 4631196
1785826864937 4579152 11474912 4631196
1785826864976 4579152 11474912 4631196
1785826865017 4579152 11474912 4631196
1785826865057 4579152 11474912 4631196
1785826865097 4579152 11474912 4631196
1785826865136 4579152 11474912 4631196
1785826865177 4579152 11474912 4631196
1785826865218 4579152 11474912 4631196
1785826865257 4579152 11474912 4631196
1785826865297 4579152 11474912 4631196
1785826865335 4579152 11474912 4631196
1785826865373 4579152 11474912 4631196
1785826865414 4579152 11474912 4631196
1785826865455 4579152 11474912 4631196
1785826865494 4579152 11474912 4631196
1785826865534 4579152 11474912 4631196
1785826865576 4579152 11474912 4631196
1785826865619 4579152 11474912 4631196
1785826865661 4579152 11474912 4631196
1785826865703 4579152 11474912 4631196
1785826865744 4579152 11474912 4631196
1785826865787 4579152 11474912 4631196
1785826865829 4579152 11474912 4631196
1785826865868 4579152 11474912 4631196
1785826865911 4579152 11474912 4631196
1785826865950 4579152 11474912 4631196
1785826865988 4579152 11474912 4631196
1785826866028 4579152 11474912 4631196
1785826866070 4579152 11474912 4631196
1785826866109 4579152 11474912 4631196
1785826866149 4579152 11474912 4631196
1785826866188 4579152 11474912 4631196
1785826866231 4579152 11474912 4631196
1785826866272 4579152 11474912 4631196
1785826866314 4579152 11474912 4631196
1785826866356 4579152 11474912 4631196
1785826866399 4579152 11474912 4631196
1785826866440 4579152 11474912 4631196
1785826866482 4579152 11474912 4631196
1785826866523 4579152 11474912 4631196
1785826866566 4579152 11474912 4631196
1785826866609 4579152 11474912 4631196
1785826866651 4579152 11474912 4631196
1785826866690 4579152 11474912 4631196
1785826866728 4579152 11474912 4631196
1785826866766 4579408 11474912 4631196
1785826866805 4579152 11474912 4631196
1785826866843 4579152 11474912 4631196
1785826866882 4579152 11474912 4631196
1785826866921 4579152 11474912 4631196
1785826866961 4579152 11474912 4631196
1785826867000 4579152 11474912 4631196
1785826867040 4579408 11474912 4631196
1785826867080 4579152 11474912 4631196
1785826867121 4579152 11474912 4631196
1785826867161 4579152 11474912 4631196
1785826867202 4579152 11474912 4631196
1785826867243 4579152 11474912 4631196
1785826867279 4579152 11474912 4631196
1785826867318 4579152 11474912 4631196
1785826867362 4579152 11474912 4631196
1785826867404 4579152 11474912 4631196
1785826867445 4579152 11474912 4631196
1785826867483 4579152 11474912 4631196
1785826867521 4579152 11474912 4631196
1785826867563 4579152 11474912 4631196
1785826867606 4579152 11474912 4631196
1785826867645 4579152 11474912 4631196
1785826867688 4579152 11474912 4631196
1785826867731 4579152 11474912 4631196
1785826867773 4579152 11474912 4631196
1785826867813 4579152 11474912 4631196
1785826867853 4579152 11474912 4631196
1785826867894 4579152 11474912 4631196
1785826867935 4579152 11474912 4631196
1785826867976 4579152 11474912 4631196
1785826868016 4579152 11474912 4631196
1785826868057 4579152 11474912 4631196
1785826868098 4579152 11474912 4631196
1785826868140 4579152 11474912 4631196
1785826868179 4579152 11474912 4631196
1785826868219 4579152 11474912 4631196
1785826868260 4579152 11474912 4631196
1785826868301 4579152 11474912 4631196
1785826868344 4579152 11474912 4631196
1785826868386 4579152 11474912 4631196
1785826868427 4579152 11474912 4631196
1785826868468 4579152 11474912 4631196
1785826868508 4579152 11474912 4631196
1785826868549 4579152 11474912 4631196
1785826868589 4579152 11474912 4631196
1785826868630 4579152 11474912 4631196
1785826868670 4591444 11474912 4631196
1785826868710 4581204 11474912 4631196
1785826868751 4597588 11474912 4631196
1785826868793 4603732 11474912 4631196
1785826868835 4579160 11474912 4631196
1785826868875 4579160 11474912 4631196
1785826868916 4587352 11474912 4631196
1785826868959 4579160 11474912 4631196
1785826868998 4591448 11474912 4631196
1785826869039 4591448 11474912 4631196
1785826869079 4585436 11474912 4631196
1785826869122 4603868 11474912 4631196
1785826869164 4603868 11474912 4631196
1785826869203 4554712 11474912 4631196
1785826869245 4554712 11474912 4631196
1785826869286 4554712 11474912 4631196
1785826869328 4554712 11474912 4631196
1785826869370 4554712 11474912 4631196
1785826869413 4554712 11474912 4631196
1785826869455 4554712 11474912 4631196
1785826869495 4554712 11474912 4631196
1785826869537 4554712 11474912 4631196
1785826869580 4554712 11474912 4631196
1785826869621 4554712 11474912 4631196
1785826869663 4554712 11474912 4631196
1785826869704 4554712 11474912 4631196
1785826869744 4554712 11474912 4631196
1785826869784 4554712 11474912 4631196
1785826869826 4554712 11474912 4631196
1785826869865 4560860 11474912 4631196
1785826869902 4554716 11474912 4631196
1785826869941 4566872 11474912 4631196
1785826869984 4579164 11474912 4631196
1785826870026 4566872 11474912 4631196
1785826870065 4566872 11474912 4631196
1785826870108 4566872 11474912 4631196
1785826870152 4566872 11474912 4631196
1785826870191 4566872 11474912 4631196
1785826870229 4579164 11474912 4631196
1785826870271 4591448 11474912 4631196
1785826870312 4591448 11474912 4631196
1785826870352 4603740 11474912 4631196
1785826870389 4612696 11474912 4631196
1785826870428 4597724 11474912 4631196
1785826870470 4603868 11474912 4631196
1785826870513 4554712 11474912 4631196
1785826870555 4554712 11474912 4631196
1785826870598 4554712 11474912 4631196
1785826870638 4554712 11474912 4631196
1785826870678 4554712 11474912 4631196
1785826870715 4554712 11474912 4631196
1785826870756 4554712 11474912 4631196
1785826870796 4554712 11474912 4631196
1785826870836 4554712 11474912 4631196
1785826870875 4554712 11474912 4631196
1785826870915 4554712 11474912 4631196
1785826870958 4554712 11474912 4631196
1785826870999 4554712 11474912 4631196
1785826871037 4554712 11474912 4631196
1785826871078 4554712 11474912 4631196
1785826871118 4554712 11474912 4631196
1785826871160 4554712 11474912 4631196
1785826871201 4554712 11474912 4631196
1785826871243 4560860 11474912 4631196
1785826871283 4554712 11474912 4631196
1785826871324 4568548 11474912 4631196
1785826871365 4573148 11474912 4631196
1785826871407 4560860 11474912 4631196
1785826871450 4554712 11474912 4631196
1785826871493 4554712 11474912 4631196
1785826871535 4554712 11474912 4631196
1785826871572 4567008 11474912 4631196
1785826871614 4573024 11474912 4631196
1785826871653 4579160 11474912 4631196
1785826871693 4591452 11474912 4631196
1785826871735 4585308 11474912 4631196
1785826871777 4579160 11474912 4631196
1785826871821 4579160 11474912 4631196
1785826871862 4579160 11474912 4631196
1785826871905 4579160 11474912 4631196
1785826871947 4579160 11474912 4631196
1785826871988 4579160 11474912 4631196
1785826872027 4579160 11474912 4631196
1785826872070 4579160 11474912 4631196
1785826872112 4579160 11474912 4631196
1785826872152 4579160 11474912 4631196
1785826872195 4579160 11474912 4631196
1785826872238 4579160 11474912 4631196
1785826872281 4579160 11474912 4631196
1785826872325 4579160 11474912 4631196
1785826872367 4579160 11474912 4631196
1785826872410 4579160 11474912 4631196
1785826872452 4579160 11474912 4631196
1785826872493 4579160 11474912 4631196
1785826872537 4579416 11474912 4631196
1785826872579 4579160 11474912 4631196
1785826872616 4579160 11474912 4631196
1785826872653 4579160 11474912 4631196
1785826872694 4579160 11474912 4631196
1785826872733 4579160 11474912 4631196
1785826872771 4579160 11474912 4631196
1785826872811 4579160 11474912 4631196
1785826872852 4579240 11474912 4631196
1785826872888 3328148 11474912 4631196
1785826872926 3070080 11474912 4631196
1785826872964 2848872 11474912 4631196
1785826873002 2517060 11474912 4631196
1785826873041 2077048 11474912 4631196
1785826873080 2077048 11474912 4631196
1785826873119 2077048 11474912 4631196
1785826873157 2077048 11474912 4631196
1785826873195 2077048 11474912 4631196
1785826873234 2077048 11474912 4631196
1785826873271 2077048 11474912 4631196
1785826873309 2077048 11474912 4631196
1785826873347 2077048 11474912 4631196
1785826873384 2077048 11474912 4631196
1785826873420 2077048 11474912 4631196
1785826873458 2077048 11474912 4631196
1785826873497 2077048 11474912 4631196
1785826873533 2077048 11474912 4631196
1785826873569 2077048 11474912 4631196
1785826873605 2077048 11474912 4631196
1785826873640 2077048 11474912 4631196
1785826873678 2077048 11474912 4631196
1785826873715 2077048 11474912 4631196
1785826873754 2077048 11474912 4631196
1785826873792 2077048 11474912 4631196
1785826873831 2077048 11474912 4631196
1785826873868 2077048 11474912 4631196
1785826873906 2077048 11474912 4631196
1785826873945 2077048 11474912 4631196
1785826873982 2077048 11474912 4631196
1785826874021 2077048 11474912 4631196
# peak_kb=4634452
# hwm_kb=4634452
# frozen_ms=26861
# polled_vs_hwm_pct=0promille
