1789923568884 67
1789923568983 39
1789923569053 41
1789923569126 40
1789923569198 40
1789923569270 41
1789923569345 43
1789923569421 42
1789923569496 43
1789923569572 44
1789923569649 44
1789923569727 44
1789923569805 44
1789923569882 45
1789923569960 44
1789923570038 44
1789923570116 46
1789923570196 47
1789923570277 44
1789923570355 46
1789923570435 46
1789923570515 45
1789923570594 46
1789923570674 46
1789923570755 47
1789923570835 46
1789923570915 45
1789923570995 46
1789923571076 47
1789923571158 46
1789923571238 45
1789923571318 47
1789923571399 48
1789923571481 49
1789923571565 47
1789923571650 47
1789923571732 47
1789923571814 49
1789923571899 49
1789923571983 49
1789923572067 49
1789923572151 49
1789923572236 49
1789923572320 50
1789923572406 50
1789923572492 49
1789923572576 50
1789923572662 51
1789923572748 50
1789923572834 50
1789923572920 52
1789923573007 52
1789923573095 52
1789923573182 50
1789923573269 51
1789923573356 52
1789923573444 53
1789923573534 51
1789923573621 52
1789923573709 52
1789923573796 54
1789923573887 52
1789923573975 52
1789923574063 53
1789923574152 53
1789923574241 54
1789923574323 52
1789923574411 54
1789923574501 53
1789923574582 51
1789923574670 54
1789923574752 52
1789923574840 53
1789923574921 53
1789923575011 54
1789923575094 52
1789923575182 54
1789923575265 53
1789923575354 55
1789923575438 53
1789923575528 55
1789923575611 53
1789923575701 55
1789923575784 55
1789923575875 24
1789923575927 55
1789923576011 23
1789923576062 23
1789923576121 58
1789923576231 24
1789923576284 24
1789923576360 25
1789923576414 54
1789923576506 24
1789923576558 24
1789923576657 56
1789923576788 23
1789923576895 58
1789923577029 24
1789923577105 23
1789923577156 55
1789923577294 29
1789923577397 56
1789923577528 23
1789923577635 56
1789923577766 24
1789923577866 55
1789923578004 25
1789923578104 57
1789923578236 24
1789923578345 58
1789923578479 25
1789923578578 57
1789923578719 25
1789923578820 58
1789923578953 24
1789923579061 57
1789923579194 24
1789923579294 56
1789923579434 25
1789923579534 58
1789923579667 24
1789923579775 59
1789923579910 24
1789923580009 59
1789923580153 25
1789923580254 59
1789923580366 25
1789923580419 25
1789923580506 60
1789923580594 24
1789923580671 24
1789923580771 58
1789923580914 25
1789923581016 58
1789923581150 25
1789923581261 61
1789923581399 24
1789923581500 58
1789923581643 24
1789923581743 59
1789923581879 24
1789923581964 60
1789923582100 25
1789923582153 23
1789923582229 58
1789923582363 25
1789923582472 61
1789923582609 23
1789923582710 60
1789923582847 24
1789923582956 62
1789923583094 25
1789923583195 60
1789923583331 24
1789923583440 62
1789923583579 24
1789923583655 24
1789923583707 59
1789923583842 24
1789923583927 62
1789923584065 25
1789923584118 24
1789923584194 60
1789923584330 25
1789923584416 25
1789923584470 60
1789923584607 24
1789923584683 24
1789923584736 61
1789923584873 24
1789923584958 25
1789923585011 60
1789923585124 25
1789923585226 60
1789923585363 24
1789923585472 64
1789923585612 24
1789923585713 61
1789923585851 24
1789923585961 64
1789923586102 23
1789923586202 60
1789923586315 25
1789923586368 24
1789923586454 64
1789923586594 24
1789923586694 24
1789923586747 60
1789923586859 24
1789923586945 24
1789923586998 61
1789923587112 24
1789923587165 24
1789923587240 25
1789923587293 61
1789923587406 24
1789923587515 64
1789923587655 24
1789923587756 62
1789923587895 24
1789923587980 25
1789923588034 62
1789923588148 25
1789923588202 24
1789923588302 25
1789923588403 62
1789923588517 24
1789923588570 24
1789923588655 25
1789923588757 62
1789923588896 25
1789923588997 24
1789923589050 24
1789923589102 24
1789923589155 63
1789923589279 26
1789923589333 24
1789923589385 24
1789923589437 24
1789923589539 63
1789923589678 25
1789923589779 24
1789923589840 25
1789923589917 66
1789923590059 24
1789923590159 24
1789923590259 64
1789923590399 24
1789923590508 25
1789923590609 64
1789923590750 25
1789923590851 23
1789923590951 64
1789923591100 25
1789923591201 24
1789923591301 65
1789923591443 24
1789923591543 25
1789923591653 65
1789923591795 24
1789923591896 25
1789923591997 65
1789923592140 24
1789923592248 25
1789923592350 65
1789923592491 23
1789923592590 25
1789923592692 66
1789923592843 25
1789923592944 24
1789923593044 66
1789923593163 25
1789923593217 23
1789923593293 25
1789923593347 24
1789923593434 68
1789923593578 25
1789923593680 24
1789923593780 67
1789923593923 25
1789923594010 26
1789923594064 25
1789923594141 24
1789923594194 67
1789923594314 25
1789923594369 24
1789923594445 24
1789923594546 66
1789923594689 24
1789923594798 25
1789923594900 67
1789923595044 24
1789923595145 25
1789923595247 68
1789923595392 24
1789923595480 25
1789923595534 25
1789923595634 67
1789923595778 25
1789923595880 24
1789923595957 24
1789923596009 67
1789923596152 25
1789923596239 25
1789923596341 68
1789923596486 24
1789923596587 25
1789923596688 70
1789923596834 25
1789923596897 25
1789923596975 24
1789923597076 70
1789923597223 24
1789923597324 25
1789923597427 69
1789923597573 24
1789923597658 25
1789923597713 24
1789923597791 26
1789923597846 69
1789923597969 25
1789923598071 25
1789923598174 70
1789923598322 25
1789923598410 25
1789923598465 25
1789923598543 24
1789923598596 72
1789923598722 25
1789923598825 25
1789923598879 24
1789923598957 68
1789923599103 25
1789923599190 26
1789923599245 24
1789923599322 25
1789923599376 69
1789923599500 26
1789923599605 25
1789923599708 71
1789923599856 24
1789923599967 25
1789923600070 73
1789923600222 25
1789923600325 25
1789923600428 25
1789923600531 69
1789923600664 25
1789923600767 25
1789923600870 26
1789923600973 71
1789923601121 24
1789923601225 25
1789923601328 24
1789923601441 71
1789923601589 26
1789923601692 25
1789923601772 25
1789923601826 25
1789923601929 73
1789923602056 26
1789923602111 24
1789923602188 25
1789923602243 24
1789923602330 26
1789923602434 72
1789923602584 25
1789923602687 25
1789923602791 24
1789923602893 71
1789923603041 25
1789923603128 25
1789923603183 25
1789923603262 24
1789923603363 72
1789923603513 25
1789923603616 24
1789923603718 25
1789923603821 73
1789923603982 26
1789923604087 24
1789923604191 26
1789923604295 75
1789923604449 25
1789923604552 25
1789923604655 25
1789923604743 75
1789923604897 25
1789923604999 25
1789923605102 25
1789923605206 73
1789923605357 25
1789923605460 24
1789923605572 26
1789923605678 74
1789923605830 25
1789923605910 25
1789923605964 24
1789923606042 25
1789923606095 25
1789923606173 76
1789923606278 24
1789923606356 25
1789923606444 26
1789923606500 24
1789923606578 26
1789923606633 25
1789923606712 75
1789923606865 25
1789923606969 24
1789923607071 24
1789923607173 75
1789923607327 24
1789923607438 26
1789923607542 26
1789923607647 79
1789923607804 25
1789923607906 25
1789923608009 25
1789923608112 75
1789923608265 25
1789923608353 26
1789923608457 26
1789923608561 77
1789923608718 26
1789923608822 25
1789923608925 25
1789923609030 76
1789923609185 25
1789923609299 26
1789923609404 25
1789923609507 78
1789923609664 26
1789923609768 26
1789923609874 25
1789923609979 76
1789923610134 25
1789923610199 25
1789923610254 25
1789923610357 25
1789923610436 25
1789923610489 77
1789923610622 25
1789923610677 24
1789923610755 25
1789923610858 25
1789923610962 77
1789923611118 25
1789923611231 26
1789923611336 26
1789923611418 25
1789923611473 76
1789923611604 26
1789923611709 25
1789923611813 25
1789923611917 77
1789923612073 25
1789923612187 25
1789923612267 25
1789923612321 25
1789923612400 24
1789923612502 78
1789923612660 25
1789923612764 26
1789923612868 25
1789923612973 25
1789923613075 79
1789923613241 27
1789923613347 25
1789923613427 25
1789923613481 25
1789923613561 25
1789923613664 80
1789923613823 25
1789923613927 25
1789923614030 26
1789923614137 25
1789923614226 26
1789923614282 79
1789923614415 24
1789923614519 25
1789923614623 25
1789923614728 25
1789923614831 80
1789923614990 25
1789923615093 25
1789923615195 25
1789923615309 26
1789923615414 79
1789923615572 24
1789923615650 26
1789923615706 25
1789923615786 25
1789923615890 25
1789923615993 79
1789923616151 25
1789923616254 25
1789923616366 28
1789923616474 25
1789923616578 81
1789923616739 27
1789923616823 25
1789923616878 24
1789923616956 25
1789923617059 25
1789923617164 82
1789923617325 26
1789923617438 26
1789923617518 25
1789923617573 25
1789923617653 24
1789923617756 81
1789923617916 25
1789923618020 25
1789923618124 26
1789923618203 26
1789923618259 25
1789923618339 25
1789923618394 81
1789923618516 25
1789923618571 25
1789923618650 25
1789923618705 24
1789923618784 24
1789923618838 25
1789923618918 25
1789923618997 26
1789923619052 82
1789923619213 25
1789923619316 25
1789923619395 26
1789923619450 25
1789923619530 25
1789923619585 24
1789923619663 81
1789923619832 25
1789923619913 26
1789923619968 24
1789923620046 25
1789923620151 25
1789923620255 85
1789923620394 25
1789923620448 25
1789923620552 25
1789923620656 25
1789923620760 25
1789923620863 82
1789923621008 27
1789923621065 25
1789923621145 25
1789923621249 26
1789923621353 25
1789923621457 84
1789923621619 25
1789923621723 25
1789923621828 25
1789923621932 25
1789923622011 25
1789923622065 83
1789923622212 26
1789923622318 25
1789923622423 26
1789923622505 26
1789923622560 25
1789923622640 25
1789923622694 83
1789923622832 26
1789923622888 24
1789923622942 25
1789923622996 26
1789923623101 25
1789923623204 25
1789923623308 84
1789923623456 27
1789923623561 25
1789923623665 26
1789923623770 25
1789923623874 84
1789923624038 25
1789923624143 25
1789923624248 25
1789923624352 25
1789923624456 25
1789923624544 88
1789923624711 26
1789923624817 26
1789923624922 25
1789923625028 25
1789923625132 25
1789923625235 86
1789923625401 24
1789923625504 25
1789923625608 25
1789923625712 26
1789923625804 26
1789923625910 86
1789923626075 26
1789923626181 25
1789923626285 26
1789923626389 25
1789923626493 27
1789923626599 86
1789923626763 25
1789923626868 25
1789923626972 25
1789923627062 26
1789923627143 24
1789923627197 26
1789923627303 85
1789923627468 25
1789923627572 26
1789923627653 25
1789923627709 25
1789923627788 27
1789923627894 25
1789923627999 87
1789923628165 26
1789923628271 25
1789923628360 26
1789923628416 25
1789923628496 26
1789923628601 25
1789923628707 88
1789923628874 26
1789923628980 26
1789923629087 25
1789923629192 25
1789923629297 25
1789923629377 88
1789923629495 25
1789923629576 26
1789923629693 26
1789923629773 26
1789923629829 24
1789923629909 25
1789923630015 27
1789923630123 88
1789923630292 26
1789923630399 26
1789923630480 26
1789923630536 25
1789923630616 25
1789923630722 25
1789923630828 88
1789923630982 26
1789923631037 25
1789923631118 26
1789923631225 27
1789923631332 26
1789923631438 25
1789923631518 26
1789923631574 88
1789923631717 25
1789923631771 25
1789923631852 26
1789923631958 26
1789923632039 26
1789923632096 26
1789923632177 26
1789923632232 25
1789923632312 88
1789923632492 26
1789923632574 25
1789923632629 25
1789923632710 25
1789923632788 26
1789923632845 25
1789923632951 27
1789923633032 25
1789923633088 91
1789923633234 27
1789923633342 25
1789923633448 25
1789923633529 26
1789923633585 24
1789923633690 25
1789923633770 27
1789923633828 92
1789923633984 27
1789923634092 25
1789923634197 26
1789923634278 26
1789923634334 25
1789923634414 26
1789923634521 92
1789923634692 25
1789923634796 28
1789923634904 25
1789923635011 27
1789923635119 25
1789923635200 26
1789923635255 92
1789923635413 27
1789923635495 26
1789923635551 26
1789923635607 27
1789923635665 26
1789923635770 26
1789923635851 25
1789923635906 24
1789923635985 26
1789923636041 92
1789923636189 25
1789923636294 25
1789923636399 25
1789923636507 26
1789923636614 27
1789923636722 27
1789923636816 92
1789923636990 26
1789923637097 25
1789923637205 26
1789923637287 28
1789923637345 25
1789923637426 26
1789923637532 28
1789923637640 95
1789923637817 25
1789923637923 26
1789923638004 26
1789923638060 25
1789923638140 27
1789923638249 26
1789923638340 27
1789923638397 25
1789923638479 96
1789923638656 27
1789923638763 26
1789923638871 26
1789923638978 26
1789923639084 25
1789923639189 26
1789923639270 27
1789923639327 91
1789923639451 25
1789923639506 26
1789923639614 26
1789923639722 27
1789923639804 25
1789923639870 26
1789923639927 26
1789923639983 27
1789923640065 26
1789923640172 95
1789923640347 26
1789923640454 26
1789923640561 27
1789923640669 26
1789923640752 26
1789923640809 26
1789923640891 26
1789923640998 94
1789923641175 25
1789923641280 27
1789923641386 25
1789923641478 27
1789923641585 26
1789923641692 26
1789923641799 94
1789923641950 26
1789923642006 25
1789923642087 26
1789923642194 25
1789923642302 26
1789923642383 26
1789923642439 26
1789923642520 26
1789923642627 97
1789923642805 26
1789923642885 26
1789923642941 26
1789923643033 28
1789923643117 26
1789923643173 26
1789923643280 26
1789923643361 27
1789923643418 26
1789923643474 25
1789923643529 98
1789923643681 26
1789923643738 26
1789923643844 26
1789923643925 27
1789923643982 26
1789923644063 27
1789923644171 26
1789923644280 26
1789923644386 97
1789923644564 28
1789923644649 26
1789923644705 25
1789923644797 27
1789923644904 26
1789923644986 25
1789923645041 25
1789923645122 25
1789923645229 96
1789923645406 27
1789923645514 26
1789923645596 26
1789923645653 25
1789923645734 26
1789923645840 27
1789923645947 25
1789923646053 96
1789923646230 26
1789923646311 26
1789923646367 26
1789923646434 26
1789923646490 25
1789923646570 26
1789923646679 25
1789923646786 26
1789923646893 98
1789923647072 25
1789923647177 26
1789923647258 27
1789923647315 26
1789923647398 25
1789923647505 25
1789923647610 26
1789923647717 100
1789923647872 26
1789923647928 26
1789923648010 25
1789923648127 26
1789923648235 25
1789923648342 25
1789923648424 26
1789923648532 28
1789923648641 100
1789923648822 26
1789923648930 28
1789923649039 26
1789923649120 25
1789923649176 25
1789923649232 25
1789923649287 25
1789923649395 25
1789923649501 25
1789923649582 101
1789923649714 27
1789923649797 26
1789923649890 26
1789923649946 26
1789923650026 25
1789923650133 25
1789923650238 26
1789923650345 25
1789923650450 102
1789923650632 26
1789923650713 25
1789923650769 25
1789923650849 26
1789923650956 25
1789923651037 25
1789923651093 25
1789923651174 26
1789923651230 25
1789923651311 26
1789923651417 100
1789923651597 26
1789923651689 26
1789923651796 26
1789923651902 26
1789923651983 26
1789923652039 26
1789923652146 26
1789923652252 26
1789923652358 100
1789923652515 25
1789923652621 25
1789923652727 26
1789923652833 27
1789923652940 26
1789923653046 26
1789923653127 27
1789923653184 25
1789923653264 103
1789923653407 26
1789923653489 26
1789923653595 27
1789923653677 25
1789923653732 26
1789923653814 25
1789923653921 26
1789923654027 26
1789923654134 25
1789923654239 104
1789923654398 26
1789923654454 25
1789923654535 25
1789923654641 25
1789923654747 25
1789923654854 26
1789923654961 26
1789923655068 26
1789923655161 106
1789923655347 26
1789923655454 25
1789923655560 26
1789923655642 26
1789923655699 25
1789923655779 26
1789923655886 25
1789923655992 26
1789923656100 103
1789923656259 25
1789923656315 26
1789923656371 25
1789923656426 26
1789923656533 25
1789923656641 26
1789923656748 26
1789923656830 27
1789923656887 26
1789923656969 25
1789923657085 105
1789923657273 26
1789923657356 27
1789923657465 27
1789923657574 27
1789923657683 26
1789923657790 26
1789923657872 27
1789923657929 26
1789923658011 104
1789923658198 26
1789923658308 26
1789923658391 26
1789923658448 25
1789923658530 26
1789923658638 26
1789923658747 27
1789923658829 26
1789923658897 26
1789923658979 108
1789923659143 26
1789923659200 26
1789923659282 27
1789923659391 27
1789923659499 26
1789923659582 25
1789923659637 26
1789923659718 26
1789923659828 26
1789923659936 110
1789923660129 27
1789923660213 26
1789923660270 26
1789923660327 25
1789923660382 27
1789923660491 26
1789923660576 27
1789923660633 26
1789923660690 27
1789923660747 26
1789923660830 27
1789923660888 27
1789923660984 26
1789923661067 107
1789923661205 24
1789923661285 26
1789923661393 26
1789923661500 26
1789923661607 27
1789923661716 26
1789923661799 26
1789923661906 26
1789923662013 109
1789923662204 26
1789923662310 27
1789923662420 27
1789923662503 26
1789923662611 26
1789923662718 25
1789923662825 26
1789923662918 27
1789923663028 109
1789923663220 26
1789923663301 27
1789923663358 25
1789923663441 26
1789923663548 28
1789923663660 26
1789923663743 27
1789923663800 25
1789923663882 26
1789923663989 27
1789923664098 109
1789923664264 27
1789923664322 26
1789923664404 29
1789923664464 27
1789923664548 27
1789923664631 27
1789923664688 27
1789923664771 27
1789923664828 26
1789923664885 27
1789923664943 26
1789923665037 26
1789923665145 26
1789923665253 109
1789923665419 27
1789923665478 28
1789923665563 26
1789923665673 27
1789923665782 27
1789923665867 27
1789923665925 27
1789923666010 26
1789923666120 27
1789923666231 26
1789923666315 112
1789923666458 27
1789923666516 26
1789923666573 27
1789923666657 27
1789923666715 26
1789923666798 27
1789923666881 27
1789923666938 27
1789923667022 28
1789923667082 26
1789923667175 27
1789923667259 26
1789923667315 26
1789923667372 26
1789923667429 26
1789923667512 27
1789923667570 111
1789923667739 27
1789923667850 26
1789923667933 26
1789923667989 26
1789923668071 26
1789923668179 27
1789923668263 27
1789923668321 27
1789923668378 27
1789923668436 26
1789923668519 26
1789923668575 27
1789923668685 110
1789923668853 26
1789923668910 25
1789923668966 26
1789923669023 27
1789923669133 27
1789923669191 26
1789923669247 26
1789923669357 27
1789923669425 26
1789923669482 26
1789923669591 27
1789923669699 26
1789923669783 110
1789923669924 26
1789923670007 27
1789923670117 27
1789923670228 26
1789923670311 27
1789923670420 26
1789923670530 26
1789923670637 26
1789923670745 26
1789923670853 110
1789923671020 26
1789923671128 25
1789923671236 27
1789923671343 26
1789923671451 26
1789923671545 25
1789923671652 26
1789923671760 26
1789923671868 110
1789923672036 26
1789923672145 26
1789923672254 25
1789923672361 25
1789923672469 27
1789923672554 25
1789923672662 27
1789923672771 26
1789923672854 26
1789923672911 25
1789923672992 114
1789923673137 25
1789923673192 25
1789923673248 26
1789923673356 26
1789923673463 26
1789923673545 25
1789923673663 27
1789923673772 26
1789923673855 26
1789923673912 26
1789923673994 26
1789923674101 116
1789923674302 27
1789923674387 25
1789923674444 27
1789923674529 26
1789923674638 27
1789923674723 28
1789923674783 26
1789923674865 26
1789923674977 27
1789923675061 28
1789923675121 27
1789923675205 27
1789923675314 118
1789923675515 27
1789923675600 28
1789923675710 27
1789923675820 27
1789923675918 27
1789923676027 26
1789923676135 26
1789923676245 27
1789923676330 26
1789923676387 26
1789923676469 116
1789923676642 27
1789923676701 27
1789923676785 26
1789923676893 27
1789923677003 27
1789923677115 27
1789923677200 28
1789923677260 27
1789923677318 27
1789923677374 26
1789923677457 27
1789923677516 26
1789923677574 27
1789923677633 27
1789923677745 115
1789923677917 28
1789923677977 26
1789923678062 27
1789923678172 27
1789923678268 27
1789923678379 26
1789923678489 27
1789923678574 26
1789923678686 27
1789923678798 29
1789923678912 115
1789923679084 27
1789923679196 27
1789923679308 26
1789923679419 27
1789923679504 27
1789923679614 27
1789923679700 27
1789923679758 26
1789923679842 28
1789923679927 27
1789923679986 27
1789923680069 28
1789923680128 121
1789923680306 27
1789923680416 28
1789923680503 29
1789923680563 28
1789923680661 27
1789923680773 27
1789923680858 27
1789923680944 27
1789923681003 28
1789923681089 27
1789923681148 27
1789923681233 27
1789923681318 27
1789923681376 121
1789923681555 27
1789923681640 28
1789923681700 26
1789923681785 27
1789923681843 26
1789923681928 28
1789923682041 27
1789923682126 27
1789923682184 27
1789923682243 29
1789923682303 27
1789923682415 26
1789923682500 28
1789923682613 120
1789923682818 27
1789923682904 27
1789923683017 29
1789923683115 27
1789923683227 28
1789923683340 28
1789923683453 27
1789923683539 27
1789923683651 27
1789923683762 120
1789923683966 28
1789923684052 28
1789923684165 28
1789923684277 27
1789923684389 27
1789923684473 29
1789923684587 27
1789923684700 28
1789923684813 28
1789923684899 27
1789923685011 120
1789923685217 27
1789923685303 28
1789923685428 29
1789923685515 28
1789923685574 27
1789923685633 27
1789923685693 28
1789923685780 28
1789923685839 27
1789923685924 26
1789923686037 28
1789923686097 28
1789923686156 29
1789923686272 28
1789923686359 30
1789923686421 120
1789923686599 27
1789923686711 26
1789923686822 27
1789923686909 26
1789923687021 27
1789923687132 27
1789923687217 28
1789923687279 27
1789923687365 28
1789923687480 27
1789923687565 27
1789923687678 125
1789923687889 27
1789923687987 28
1789923688101 27
1789923688187 28
1789923688248 27
1789923688335 28
1789923688421 27
1789923688480 27
1789923688565 28
1789923688679 28
1789923688793 28
1789923688880 28
1789923688995 124
1789923689178 27
1789923689237 28
1789923689297 28
1789923689356 28
1789923689442 28
1789923689502 28
1789923689588 27
1789923689675 29
1789923689736 28
1789923689795 27
1789923689854 28
1789923689940 29
1789923690001 28
1789923690087 28
1789923690172 28
1789923690232 26
1789923690344 28
1789923690430 126
1789923690652 28
1789923690739 27
1789923690851 27
1789923690963 27
1789923691049 29
1789923691110 27
1789923691197 27
1789923691283 27
1789923691343 27
1789923691430 27
1789923691516 28
1789923691575 28
1789923691662 28
1789923691775 125
1789923691985 27
1789923692070 28
1789923692131 27
1789923692217 26
1789923692302 28
1789923692362 28
1789923692448 28
1789923692535 28
1789923692595 28
1789923692682 29
1789923692743 27
1789923692801 28
1789923692861 28
1789923692947 28
1789923693060 28
1789923693174 125
1789923693345 28
1789923693405 27
1789923693492 27
1789923693551 27
1789923693637 27
1789923693751 28
1789923693837 28
1789923693951 28
1789923694066 27
1789923694152 26
1789923694210 27
1789923694296 29
1789923694412 28
1789923694499 126
1789923694710 29
1789923694825 28
1789923694911 29
1789923694972 27
1789923695030 28
1789923695090 27
1789923695176 29
1789923695237 27
1789923695324 28
1789923695411 30
1789923695473 27
1789923695561 29
1789923695649 29
1789923695709 29
1789923695797 29
1789923695887 29
1789923695948 132
1789923696152 28
1789923696242 27
1789923696301 27
1789923696387 28
1789923696502 28
1789923696590 28
1789923696678 31
1789923696742 26
1789923696828 29
1789923696944 29
1789923697060 27
1789923697146 27
1789923697204 29
1789923697293 130
1789923697483 29
1789923697544 27
1789923697630 28
1789923697716 26
1789923697775 27
1789923697863 28
1789923697951 27
1789923698010 28
1789923698097 28
1789923698212 28
1789923698327 28
1789923698415 27
1789923698501 28
1789923698561 28
1789923698675 27
1789923698747 26
1789923698806 131
1789923698997 29
1789923699114 29
1789923699230 28
1789923699316 28
1789923699431 28
1789923699546 28
1789923699634 27
1789923699746 27
1789923699857 28
1789923699945 29
1789923700007 29
1789923700096 28
1789923700211 130
1789923700402 27
1789923700514 28
1789923700629 27
1789923700715 28
1789923700829 29
1789923700944 29
1789923701033 29
1789923701095 27
1789923701182 28
1789923701296 28
1789923701383 28
1789923701508 29
1789923701595 130
1789923701758 27
1789923701843 28
1789923701956 27
1789923702043 28
1789923702156 27
1789923702267 28
1789923702379 28
1789923702466 28
1789923702582 28
1789923702669 28
1789923702729 28
1789923702789 26
1789923702847 28
1789923702936 28
1789923702997 28
1789923703083 130
1789923703300 28
1789923703414 27
1789923703500 28
1789923703613 28
1789923703726 27
1789923703839 26
1789923703923 28
1789923704036 28
1789923704149 27
1789923704249 28
1789923704363 27
1789923704450 138
1789923704674 28
1789923704789 28
1789923704877 29
1789923704940 28
1789923705028 28
1789923705115 29
1789923705176 28
1789923705264 28
1789923705353 27
1789923705413 28
1789923705500 28
1789923705588 28
1789923705647 27
1789923705733 28
1789923705847 29
1789923705963 135
1789923706159 29
1789923706276 28
1789923706362 29
1789923706423 29
1789923706514 29
1789923706631 29
1789923706719 29
1789923706779 29
1789923706868 28
1789923706928 28
1789923706988 27
1789923707047 27
1789923707106 27
1789923707167 43
1789923707380 62
1789923708501 159
1789923710067 91
1789923712611 165
1789923746648 139
1789923746820 28
1789923746881 29
1789923746943 29
1789923747005 30
1789923747070 29
1789923747132 28
1789923747193 29
1789923747255 29
1789923747312 30
1789923747375 30
1789923747440 29
1789923747503 29
1789923747566 29
1789923747628 29
1789923747685 29
1789923747748 30
1789923747811 28
1789923747872 29
1789923747934 28
1789923747996 28
1789923749422 140
1789923751515 30
1789923753838 140
1789923754013 29
1789923754076 30
1789923754140 30
1789923754204 31
1789923754269 30
1789923754332 30
1789923754396 30
1789923754459 29
1789923754522 30
1789923754586 30
1789923754665 30
1789923754730 29
1789923754793 29
1789923754856 30
1789923754950 29
1789923755013 29
1789923755075 30
1789923755139 30
1789923755257 30
1789923755376 29
1789923755466 29
1789923755557 30
1789923755621 29
1789923755711 30
1789923755776 29
1789923755866 28
1789923755983 30
1789923756075 138
1789923756275 30
1789923756340 30
1789923756433 31
1789923756552 30
1789923756671 29
1789923756762 29
1789923756825 29
1789923756915 29
1789923757034 31
1789923757127 29
1789923757245 31
1789923757366 30
1789923757459 31
1789923757581 31
1789923757702 139
1789923757918 28
1789923758008 29
1789923758126 28
1789923758245 29
1789923758338 30
1789923758459 29
1789923758577 30
1789923758669 29
1789923758786 29
1789923758904 28
1789923758994 29
1789923759112 28
1789923759229 140
1789923759430 29
1789923759492 30
1789923759585 30
1789923759705 28
1789923759796 28
1789923759885 28
1789923759948 29
1789923760038 31
1789923760104 29
1789923760194 29
1789923760313 28
1789923760403 29
1789923760521 29
1789923760639 29
1789923760729 29
1789923760860 146
1789923761067 29
1789923761186 30
1789923761279 30
1789923761343 28
1789923761432 30
1789923761551 29
1789923761641 28
1789923761757 29
1789923761876 29
1789923761967 29
1789923762085 28
1789923762202 28
1789923762292 29
1789923762411 144
1789923762645 29
1789923762735 29
1789923762797 30
1789923762889 29
1789923762981 28
1789923763043 29
1789923763134 28
1789923763251 29
1789923763341 28
1789923763459 29
1789923763577 29
1789923763695 29
1789923763785 30
1789923763890 31
1789923764011 143
1789923764243 30
1789923764336 30
1789923764458 30
1789923764578 28
1789923764668 30
1789923764788 29
1789923764907 29
1789923764997 31
1789923765119 29
1789923765237 29
1789923765327 30
1789923765448 29
1789923765567 145
1789923765774 30
1789923765896 30
1789923765989 30
1789923766054 31
1789923766148 31
1789923766242 30
1789923766362 29
1789923766480 30
1789923766574 31
1789923766694 30
1789923766812 29
1789923766903 29
1789923767036 30
1789923767128 144
1789923767365 29
1789923767457 30
1789923767520 30
1789923767613 29
1789923767732 30
1789923767797 30
1789923767862 29
1789923767952 29
1789923768015 29
1789923768106 29
1789923768225 28
1789923768316 29
1789923768436 30
1789923768555 28
1789923768646 30
1789923768768 144
1789923769001 30
1789923769094 30
1789923769214 30
1789923769334 27
1789923769424 30
1789923769546 30
1789923769638 29
1789923769701 30
1789923769794 29
1789923769886 30
1789923769953 29
1789923770044 30
1789923770165 30
1789923770275 30
1789923770368 30
1789923770488 149
1789923770727 31
1789923770821 29
1789923770939 30
1789923771059 29
1789923771150 29
1789923771269 30
1789923771362 29
1789923771425 29
1789923771516 29
1789923771636 29
1789923771728 30
1789923771848 29
1789923771967 30
1789923772031 30
1789923772095 30
1789923772214 149
1789923772425 30
1789923772544 29
1789923772663 29
1789923772754 29
1789923772874 29
1789923772965 29
1789923773028 29
1789923773120 29
1789923773212 29
1789923773275 30
1789923773339 29
1789923773402 30
1789923773493 32
1789923773577 30
1789923773641 29
1789923773763 30
1789923773857 31
1789923773922 30
1789923774015 151
1789923774229 29
1789923774293 30
1789923774386 30
1789923774479 29
1789923774542 30
1789923774634 29
1789923774726 30
1789923774789 29
1789923774880 29
1789923774998 30
1789923775090 30
1789923775209 30
1789923775330 29
1789923775424 29
1789923775544 30
1789923775637 31
1789923775702 30
1789923775796 150
1789923776010 31
1789923776131 30
1789923776251 31
1789923776346 30
1789923776466 30
1789923776559 29
1789923776622 29
1789923776713 28
1789923776831 28
1789923776923 29
1789923777028 31
1789923777093 30
1789923777185 29
1789923777307 30
1789923777401 31
1789923777522 149
1789923777734 30
1789923777854 29
1789923777974 30
1789923778066 28
1789923778184 29
1789923778303 30
1789923778394 30
1789923778513 29
1789923778633 30
1789923778726 29
1789923778846 29
1789923778966 30
1789923779059 30
1789923779182 149
1789923779394 30
1789923779458 30
1789923779552 29
1789923779645 30
1789923779767 29
1789923779886 29
1789923779976 29
1789923780096 30
1789923780216 29
1789923780307 28
1789923780414 30
1789923780478 30
1789923780571 29
1789923780690 30
1789923780783 30
1789923780875 30
1789923780939 154
1789923781155 29
1789923781275 30
1789923781368 29
1789923781431 29
1789923781494 29
1789923781558 29
1789923781649 29
1789923781769 29
1789923781861 30
1789923781925 30
1789923782017 30
1789923782110 29
1789923782173 29
1789923782265 29
1789923782384 29
1789923782477 30
1789923782598 28
1789923782690 31
1789923782812 154
1789923783057 28
1789923783149 29
1789923783271 29
1789923783362 30
1789923783426 29
1789923783518 30
1789923783610 30
1789923783674 30
1789923783767 29
1789923783860 30
1789923783968 29
1789923784032 30
1789923784125 29
1789923784217 30
1789923784337 29
1789923784457 30
1789923784549 29
1789923784668 156
1789923784914 29
1789923785005 30
1789923785125 30
1789923785245 29
1789923785338 30
1789923785431 29
1789923785494 29
1789923785585 29
1789923785676 29
1789923785740 30
1789923785833 29
1789923785953 30
1789923786046 29
1789923786109 29
1789923786200 31
1789923786295 29
1789923786414 29
1789923786534 154
1789923786750 30
1789923786871 30
1789923786994 29
1789923787086 30
1789923787206 30
1789923787301 31
1789923787423 30
1789923787529 31
1789923787651 29
1789923787742 29
1789923787806 30
1789923787899 30
1789923787991 30
1789923788055 29
1789923788146 29
1789923788238 29
1789923788303 29
1789923788394 155
1789923788613 30
1789923788734 29
1789923788855 29
1789923788948 29
1789923789070 29
1789923789162 29
1789923789225 29
1789923789317 30
1789923789437 30
1789923789531 29
1789923789650 29
1789923789769 31
1789923789863 28
1789923789982 30
1789923790102 30
1789923790194 154
1789923790441 29
1789923790532 30
1789923790653 29
1789923790774 31
1789923790867 29
1789923790988 29
1789923791108 30
1789923791213 30
1789923791306 29
1789923791425 30
1789923791546 29
1789923791637 30
1789923791757 30
1789923791878 29
1789923791970 162
1789923792222 30
1789923792315 30
1789923792380 30
1789923792472 28
1789923792563 30
1789923792627 28
1789923792718 28
1789923792837 29
1789923792928 28
1789923793048 29
1789923793139 29
1789923793259 29
1789923793379 29
1789923793471 29
1789923793591 29
1789923793682 29
1789923793745 29
1789923793808 29
1789923793872 160
1789923794096 29
1789923794159 30
1789923794251 30
1789923794344 32
1789923794411 29
1789923794504 28
1789923794595 31
1789923794717 30
1789923794838 29
1789923794943 30
1789923795035 30
1789923795099 29
1789923795190 30
1789923795310 30
1789923795402 29
1789923795521 30
1789923795613 29
1789923795676 30
1789923795768 30
1789923795860 29
1789923795924 159
1789923796146 30
1789923796266 29
1789923796358 28
1789923796479 30
1789923796599 30
1789923796691 29
1789923796811 31
1789923796932 30
1789923797025 29
1789923797145 30
1789923797238 29
1789923797302 30
1789923797394 30
1789923797486 30
1789923797553 30
1789923797645 30
1789923797738 31
1789923797859 159
1789923798111 29
1789923798174 28
1789923798236 29
1789923798356 29
1789923798448 29
1789923798569 29
1789923798688 30
1789923798794 30
1789923798888 30
1789923799008 29
1789923799129 29
1789923799222 30
1789923799343 30
1789923799437 30
1789923799501 31
1789923799594 30
1789923799687 31
1789923799811 162
1789923800066 30
1789923800160 30
1789923800283 31
1789923800378 32
1789923800503 30
1789923800625 28
1789923800717 30
1789923800841 31
1789923800935 30
1789923801057 31
1789923801152 32
1789923801221 31
1789923801316 30
1789923801409 30
1789923801530 31
1789923801654 29
1789923801746 163
1789923802003 31
1789923802098 29
1789923802219 29
1789923802341 30
1789923802405 30
1789923802469 30
1789923802578 31
1789923802702 30
1789923802796 30
1789923802918 29
1789923803013 31
1789923803080 29
1789923803173 29
1789923803265 30
1789923803388 31
1789923803483 31
1789923803548 30
1789923803641 31
1789923803737 170
1789923803999 31
1789923804123 30
1789923804216 29
1789923804338 31
1789923804432 31
1789923804556 29
1789923804649 31
1789923804715 29
1789923804808 30
1789923804901 31
1789923804968 30
1789923805062 31
1789923805155 30
1789923805278 32
1789923805374 31
1789923805439 30
1789923805532 30
1789923805625 31
1789923805690 30
1789923805784 168
1789923806016 31
1789923806082 30
1789923806176 30
1789923806269 30
1789923806392 30
1789923806516 30
1789923806626 31
1789923806720 30
1789923806841 31
1789923806938 30
1789923807033 30
1789923807098 31
1789923807191 31
1789923807316 30
1789923807410 31
1789923807475 31
1789923807569 31
1789923807664 30
1789923807785 30
1789923807908 169
1789923808143 31
1789923808267 31
1789923808362 29
1789923808486 30
1789923808579 30
1789923808701 30
1789923808825 31
1789923808921 30
1789923809046 29
1789923809138 31
1789923809263 30
1789923809356 31
1789923809479 31
1789923809575 31
1789923809642 30
1789923809737 29
1789923809830 30
1789923809954 169
1789923810190 29
1789923810314 31
1789923810412 31
1789923810480 31
1789923810575 31
1789923810687 31
1789923810782 31
1789923810905 30
1789923810999 29
1789923811063 31
1789923811160 30
1789923811254 30
1789923811347 30
1789923811412 31
1789923811506 32
1789923811636 31
1789923811732 30
1789923811856 30
1789923811951 31
1789923812076 168
1789923812336 30
1789923812431 29
1789923812553 31
1789923812649 32
1789923812773 30
1789923812867 30
1789923812933 30
1789923813026 31
1789923813121 31
1789923813245 30
1789923813339 30
1789923813404 31
1789923813499 31
1789923813594 31
1789923813718 31
1789923813841 30
1789923813935 30
1789923814059 31
1789923814154 175
1789923814423 29
1789923814517 31
1789923814639 32
1789923814757 31
1789923814854 30
1789923814980 31
1789923815076 30
1789923815199 30
1789923815322 30
1789923815388 30
1789923815454 29
1789923815548 30
1789923815613 32
1789923815709 31
1789923815803 30
1789923815927 31
1789923816052 32
1789923816149 30
1789923816274 174
1789923816511 31
1789923816635 31
1789923816730 31
1789923816855 31
1789923816980 31
1789923817075 30
1789923817198 30
1789923817292 31
1789923817418 32
1789923817514 30
1789923817637 31
1789923817733 33
1789923817862 30
1789923817957 31
1789923818081 31
1789923818176 32
1789923818244 31
1789923818339 176
1789923818581 32
1789923818708 31
1789923818805 31
1789923818920 31
1789923819048 32
1789923819146 31
1789923819273 32
1789923819371 32
1789923819499 31
1789923819595 31
1789923819720 30
1789923819784 31
1789923819850 30
1789923819973 31
1789923820068 30
1789923820191 30
1789923820255 32
1789923820323 31
1789923820450 31
1789923820547 177
1789923820821 33
1789923820921 31
1789923821048 32
1789923821147 31
1789923821245 33
1789923821314 33
1789923821415 32
1789923821513 31
1789923821640 30
1789923821736 31
1789923821862 30
1789923821956 32
1789923822081 33
1789923822180 30
1789923822303 31
1789923822398 30
1789923822523 30
1789923822617 31
1789923822685 29
1789923822778 175
1789923823017 31
1789923823142 30
1789923823255 33
1789923823353 32
1789923823481 31
1789923823577 31
1789923823701 31
1789923823797 31
1789923823863 29
1789923823958 31
1789923824024 32
1789923824095 31
1789923824192 32
1789923824261 32
1789923824360 31
1789923824459 32
1789923824588 31
1789923824683 31
1789923824809 31
1789923824907 30
1789923825033 175
1789923825276 31
1789923825403 32
1789923825502 31
1789923825600 33
1789923825670 32
1789923825768 30
1789923825863 31
1789923825989 31
1789923826085 31
1789923826210 31
1789923826305 32
1789923826431 31
1789923826528 30
1789923826653 34
1789923826756 31
1789923826822 31
1789923826920 30
1789923827016 31
1789923827145 31
1789923827240 181
1789923827519 32
1789923827635 32
1789923827734 30
1789923827830 30
1789923827896 30
1789923827993 31
1789923828091 31
1789923828218 31
1789923828313 32
1789923828442 31
1789923828539 32
1789923828666 31
1789923828766 32
1789923828897 32
1789923828996 31
1789923829094 32
1789923829162 32
1789923829262 31
1789923829359 33
1789923829487 183
1789923829737 31
1789923829866 32
1789923829965 31
1789923830064 31
1789923830131 32
1789923830228 30
1789923830324 30
1789923830449 31
1789923830544 30
1789923830669 31
1789923830766 30
1789923830892 31
1789923830989 31
1789923831115 32
1789923831212 32
1789923831280 31
1789923831377 32
1789923831477 31
1789923831604 30
1789923831699 183
1789923831984 32
1789923832071 32
1789923832200 32
1789923832296 31
1789923832428 32
1789923832527 31
1789923832653 29
1789923832719 31
1789923832786 31
1789923832884 31
1789923833012 31
1789923833108 32
1789923833236 31
1789923833303 32
1789923833371 30
1789923833496 30
1789923833591 32
1789923833719 31
1789923833815 31
1789923833941 31
1789923834038 184
1789923834292 31
1789923834361 32
1789923834461 32
1789923834559 31
1789923834688 32
1789923834788 31
1789923834885 31
1789923834953 31
1789923835050 32
1789923835149 32
1789923835277 32
1789923835376 30
1789923835502 30
1789923835597 31
1789923835724 32
1789923835821 31
1789923835947 31
1789923836044 31
1789923836174 31
1789923836273 32
1789923836373 181
1789923836608 32
1789923836677 32
1789923836778 31
1789923836847 32
1789923836945 32
1789923837044 32
1789923837141 33
1789923837211 32
1789923837310 32
1789923837407 31
1789923837473 31
1789923837570 30
1789923837667 33
1789923837800 33
1789923837899 33
1789923838029 30
1789923838125 30
1789923838250 31
1789923838348 31
1789923838474 31
1789923838571 32
1789923838700 31
1789923838799 183
1789923839048 31
1789923839116 31
1789923839216 31
1789923839314 32
1789923839441 31
1789923839537 31
1789923839668 31
1789923839765 31
1789923839863 32
1789923839932 31
1789923840029 31
1789923840126 31
1789923840253 32
1789923840352 31
1789923840478 31
1789923840575 32
1789923840702 32
1789923840800 31
1789923840929 32
1789923841026 31
1789923841142 191
1789923841431 32
1789923841531 31
1789923841660 31
1789923841727 31
1789923841793 32
1789923841892 32
1789923842020 30
1789923842118 31
1789923842216 32
1789923842284 32
1789923842384 32
1789923842483 30
1789923842609 31
1789923842706 30
1789923842831 31
1789923842929 32
1789923843057 31
1789923843155 31
1789923843283 31
1789923843381 32
1789923843510 191
1789923843770 32
1789923843898 31
1789923843995 31
1789923844095 32
1789923844165 32
1789923844264 31
1789923844361 31
1789923844490 32
1789923844588 31
1789923844715 31
1789923844811 31
1789923844908 31
1789923844976 32
1789923845075 31
1789923845172 31
1789923845299 30
1789923845398 31
1789923845526 32
1789923845625 31
1789923845753 32
1789923845838 33
1789923845908 30
1789923846006 192
1789923846266 33
1789923846398 31
1789923846465 31
1789923846532 31
1789923846630 31
1789923846758 30
1789923846854 31
1789923846984 31
1789923847082 31
1789923847180 31
1789923847246 31
1789923847348 33
1789923847449 31
1789923847548 33
1789923847618 32
1789923847718 32
1789923847818 32
1789923847918 32
1789923847987 32
1789923848087 32
1789923848185 31
1789923848313 31
1789923848411 32
1789923848511 191
1789923848801 32
1789923848901 31
1789923849032 32
1789923849132 33
1789923849232 33
1789923849303 31
1789923849400 31
1789923849497 32
1789923849625 31
1789923849726 33
1789923849828 33
1789923849898 32
1789923849998 32
1789923850096 32
1789923850195 31
1789923850263 33
1789923850363 31
1789923850460 32
1789923850589 31
1789923850689 31
1789923850804 32
1789923850902 33
1789923850971 32
1789923851069 190
1789923851326 31
1789923851453 31
1789923851551 32
1789923851681 31
1789923851780 31
1789923851878 32
1789923851946 34
1789923852048 33
1789923852149 33
1789923852279 33
1789923852380 32
1789923852478 31
1789923852547 32
1789923852647 31
1789923852743 31
1789923852870 32
1789923852969 31
1789923853096 31
1789923853193 31
1789923853321 31
1789923853419 31
1789923853517 31
1789923853584 190
1789923853842 33
1789923853943 33
1789923854044 33
1789923854114 33
1789923854214 33
1789923854314 32
1789923854414 33
1789923854485 33
1789923854587 33
1789923854689 33
1789923854789 32
1789923854857 31
1789923854955 32
1789923855055 32
1789923855187 32
1789923855255 32
1789923855325 31
1789923855424 32
1789923855554 33
1789923855653 32
1789923855782 32
1789923855899 33
1789923856000 32
1789923856098 198
1789923856333 33
1789923856436 32
1789923856537 33
1789923856639 33
1789923856772 31
1789923856871 32
1789923857001 32
1789923857101 33
1789923857200 31
1789923857269 32
1789923857367 31
1789923857466 31
1789923857593 31
1789923857690 31
1789923857819 33
1789923857921 32
1789923858020 33
1789923858152 32
1789923858253 33
1789923858384 31
1789923858481 32
1789923858609 32
1789923858709 195
1789923858972 34
1789923859043 31
1789923859111 33
1789923859181 33
1789923859282 32
1789923859350 32
1789923859418 33
1789923859547 32
1789923859647 33
1789923859746 33
1789923859815 34
1789923859918 33
1789923860020 33
1789923860121 33
1789923860191 33
1789923860292 33
1789923860394 33
1789923860493 32
1789923860561 32
1789923860660 33
1789923860761 33
1789923860862 32
1789923860932 32
1789923861031 32
1789923861146 32
1789923861243 32
1789923861372 33
1789923861473 198
1789923861739 32
1789923861808 32
1789923861908 32
1789923862007 32
1789923862108 34
1789923862239 32
1789923862338 32
1789923862470 33
1789923862572 32
1789923862672 34
1789923862744 32
1789923862844 33
1789923862944 34
1789923863045 34
1789923863117 34
1789923863220 34
1789923863322 31
1789923863450 33
1789923863552 33
1789923863651 32
1789923863779 31
1789923863877 33
1789923864010 32
1789923864109 200
1789923864380 35
1789923864452 33
1789923864555 33
1789923864655 34
1789923864758 32
1789923864891 33
1789923864991 34
1789923865125 34
1789923865225 32
1789923865323 32
1789923865391 33
1789923865492 32
1789923865594 32
1789923865695 32
1789923865825 34
1789923865930 32
1789923866061 32
1789923866162 34
1789923866281 33
1789923866382 31
1789923866510 31
1789923866609 32
1789923866710 32
1789923866778 199
1789923867045 33
1789923867147 33
1789923867250 33
1789923867320 32
1789923867420 33
1789923867521 32
1789923867621 34
1789923867693 32
1789923867791 31
1789923867891 33
1789923868023 32
1789923868124 32
1789923868225 32
1789923868325 33
1789923868395 33
1789923868497 32
1789923868596 32
1789923868725 31
1789923868824 32
1789923868955 32
1789923869055 32
1789923869155 32
1789923869286 32
1789923869386 200
1789923869684 33
1789923869789 34
1789923869894 33
1789923870029 33
1789923870132 33
1789923870238 33
1789923870371 33
1789923870473 33
1789923870573 33
1789923870642 31
1789923870742 31
1789923870840 32
1789923870942 34
1789923871014 33
1789923871116 34
1789923871220 33
1789923871323 34
1789923871456 33
1789923871544 35
1789923871616 32
1789923871716 32
1789923871818 32
1789923871918 32
1789923871988 33
1789923872089 34
1789923872190 207
1789923872467 33
1789923872537 33
1789923872639 33
1789923872741 32
1789923872842 32
1789923872975 34
1789923873078 33
1789923873181 32
1789923873251 32
1789923873351 32
1789923873449 32
1789923873549 33
1789923873618 31
1789923873717 32
1789923873817 32
1789923873917 32
1789923873988 33
1789923874089 32
1789923874187 31
1789923874288 31
1789923874356 32
1789923874456 31
1789923874554 32
1789923874654 33
1789923874724 33
1789923874826 33
1789923874928 33
1789923875029 208
1789923875274 33
1789923875377 32
1789923875477 33
1789923875580 33
1789923875713 32
1789923875815 32
1789923875914 35
1789923875989 33
1789923876090 33
1789923876192 33
1789923876293 33
1789923876364 33
1789923876466 32
1789923876568 34
1789923876671 32
1789923876740 34
1789923876844 35
1789923876917 32
1789923876986 32
1789923877085 32
1789923877170 36
1789923877244 33
1789923877345 33
1789923877477 32
1789923877579 33
1789923877680 32
1789923877811 32
1789923877912 210
1789923878193 34
1789923878265 35
1789923878370 33
1789923878472 34
1789923878543 34
1789923878615 35
1789923878719 33
1789923878788 32
1789923878888 33
1789923878990 33
1789923879093 33
1789923879162 33
1789923879266 33
1789923879368 34
1789923879471 33
1789923879605 33
1789923879706 32
1789923879807 33
1789923879877 32
1789923879977 33
1789923880078 32
1789923880177 34
1789923880250 31
1789923880349 34
1789923880450 33
1789923880581 34
1789923880682 33
1789923880784 209
1789923881095 34
1789923881201 33
1789923881303 32
1789923881437 33
1789923881539 31
1789923881639 33
1789923881709 33
1789923881811 32
1789923881882 33
1789923881953 31
1789923882052 32
1789923882153 33
1789923882224 32
1789923882324 33
1789923882426 32
1789923882527 33
1789923882659 32
1789923882760 33
1789923882876 33
1789923882977 33
1789923883048 33
1789923883148 33
1789923883249 32
1789923883349 32
1789923883419 34
1789923883520 32
1789923883620 33
1789923883721 208
1789923884029 33
1789923884131 33
1789923884264 33
1789923884367 33
1789923884470 33
1789923884604 33
1789923884707 34
1789923884808 33
1789923884939 33
1789923885039 32
1789923885168 33
1789923885268 33
1789923885371 34
1789923885443 33
1789923885543 32
1789923885642 33
1789923885745 34
1789923885817 34
1789923885889 33
1789923885960 34
1789923886064 34
1789923886168 33
1789923886271 34
1789923886405 33
1789923886509 35
1789923886613 216
1789923886931 33
1789923887033 33
1789923887136 35
1789923887272 33
1789923887374 34
1789923887477 33
1789923887548 32
1789923887651 34
1789923887753 33
1789923887855 33
1789923887987 33
1789923888088 32
1789923888221 33
1789923888323 32
1789923888424 33
1789923888544 34
1789923888648 33
1789923888779 31
1789923888879 32
1789923889009 34
1789923889113 33
1789923889217 34
1789923889355 34
1789923889461 220
1789923889753 32
1789923889856 33
1789923889926 32
1789923890031 32
1789923890132 32
1789923890234 33
1789923890367 34
1789923890438 32
1789923890509 34
1789923890612 33
1789923890745 33
1789923890848 34
1789923890952 34
1789923891023 35
1789923891096 33
1789923891167 34
1789923891269 33
1789923891369 33
1789923891500 32
1789923891599 32
1789923891699 32
1789923891833 33
1789923891933 32
1789923892065 32
1789923892166 31
1789923892264 32
1789923892396 216
1789923892682 32
1789923892784 34
1789923892856 33
1789923892928 34
1789923893000 33
1789923893102 34
1789923893208 33
1789923893310 33
1789923893442 32
1789923893545 32
1789923893647 33
1789923893716 33
1789923893819 32
1789923893921 31
1789923894024 32
1789923894157 32
1789923894258 32
1789923894375 34
1789923894480 34
1789923894617 34
1789923894721 33
1789923894793 34
1789923894865 33
1789923894969 34
1789923895073 33
1789923895145 33
1789923895247 34
1789923895353 215
1789923895637 34
1789923895709 32
1789923895812 33
1789923895915 33
1789923896019 33
1789923896151 32
1789923896252 34
1789923896354 34
1789923896490 33
1789923896593 34
1789923896696 32
1789923896833 32
1789923896934 32
1789923897036 34
1789923897172 34
1789923897276 33
1789923897377 33
1789923897448 33
1789923897549 33
1789923897652 32
1789923897754 32
1789923897886 32
1789923897987 32
1789923898087 33
1789923898157 32
1789923898258 33
1789923898361 217
1789923898649 33
1789923898786 35
1789923898893 32
1789923898995 32
1789923899130 34
1789923899234 33
1789923899338 33
1789923899442 34
1789923899514 32
1789923899617 34
1789923899722 34
1789923899824 33
1789923899958 32
1789923900027 32
1789923900099 34
1789923900204 33
1789923900330 35
1789923900438 34
1789923900542 33
1789923900676 32
1789923900779 34
1789923900884 33
1789923901019 34
1789923901125 34
1789923901230 34
1789923901338 216
1789923901591 34
1789923901696 33
1789923901800 32
1789923901903 34
1789923902040 33
1789923902143 32
1789923902244 32
1789923902378 32
1789923902478 33
1789923902581 33
1789923902718 34
1789923902822 34
1789923902927 34
1789923903067 35
1789923903173 33
1789923903277 34
1789923903415 34
1789923903518 33
1789923903622 33
1789923903756 33
1789923903859 32
1789923903962 33
1789923904097 32
1789923904198 33
1789923904302 228
1789923904602 35
1789923904676 34
1789923904780 33
1789923904883 33
1789923904988 34
1789923905124 32
1789923905227 33
1789923905332 34
1789923905468 34
1789923905572 34
1789923905676 34
1789923905813 33
1789923905917 32
1789923906019 34
1789923906154 32
1789923906240 35
1789923906314 33
1789923906415 32
1789923906516 32
1789923906616 33
1789923906750 33
1789923906852 34
1789923906957 35
1789923907030 32
1789923907132 32
1789923907233 33
1789923907338 228
1789923907638 34
1789923907713 34
1789923907786 34
1789923907859 34
1789923907965 32
1789923908065 34
1789923908167 33
1789923908301 34
1789923908373 32
1789923908442 34
1789923908547 33
1789923908651 33
1789923908722 32
1789923908824 33
1789923908926 34
1789923909031 33
1789923909164 33
1789923909268 34
1789923909374 35
1789923909480 35
1789923909556 34
1789923909662 35
1789923909770 33
1789923909873 33
1789923909976 32
1789923910110 32
1789923910210 32
1789923910313 34
1789923910386 33
1789923910491 33
1789923910595 230
1789923910897 34
1789923911002 34
1789923911141 33
1789923911245 34
1789923911350 34
1789923911488 33
1789923911593 34
1789923911698 34
1789923911804 33
1789923911937 32
1789923912039 34
1789923912143 32
1789923912213 33
1789923912317 33
1789923912387 35
1789923912462 34
1789923912553 34
1789923912624 32
1789923912727 34
1789923912832 33
1789923912934 33
1789923913068 34
1789923913171 34
1789923913274 34
1789923913409 33
1789923913511 33
1789923913614 32
1789923913751 226
1789923914049 34
1789923914155 34
1789923914259 34
1789923914331 34
1789923914436 32
1789923914540 33
1789923914642 33
1789923914776 33
1789923914879 35
1789923914984 34
1789923915120 33
1789923915224 34
1789923915328 34
1789923915465 34
1789923915569 33
1789923915672 32
1789923915775 35
1789923915849 34
1789923915954 34
1789923916059 35
1789923916165 32
1789923916268 34
1789923916404 33
1789923916507 33
1789923916644 34
1789923916750 35
1789923916824 34
1789923916897 228
1789923917198 34
1789923917306 35
1789923917446 35
1789923917521 34
1789923917594 33
1789923917698 33
1789923917801 33
1789923917935 32
1789923918037 33
1789923918141 34
1789923918246 33
1789923918318 32
1789923918421 33
1789923918523 34
1789923918627 32
1789923918760 33
1789923918851 34
1789923918987 33
1789923919091 34
1789923919197 33
1789923919300 33
1789923919372 33
1789923919475 32
1789923919578 32
1789923919679 33
1789923919812 33
1789923919916 32
1789923920017 225
1789923920345 33
1789923920448 33
1789923920552 32
1789923920686 31
1789923920786 32
1789923920887 33
1789923921023 34
1789923921126 32
1789923921228 34
1789923921300 33
1789923921371 31
1789923921440 32
1789923921540 32
1789923921641 32
1789923921742 32
1789923921811 32
1789923921911 32
1789923922011 32
1789923922111 33
1789923922244 32
1789923922347 33
1789923922451 33
1789923922585 32
1789923922687 33
1789923922790 32
1789923922924 33
1789923923028 33
1789923923131 33
1789923923268 235
1789923923574 33
1789923923679 35
1789923923785 34
1789923923857 33
1789923923960 33
1789923924063 33
1789923924165 32
1789923924300 32
1789923924403 33
1789923924505 33
1789923924641 32
1789923924742 33
1789923924845 32
1789923924948 34
1789923925021 32
1789923925124 33
1789923925212 33
1789923925347 33
1789923925450 34
1789923925554 33
1789923925626 32
1789923925728 35
1789923925803 31
1789923925873 34
1789923925977 33
1789923926080 33
1789923926213 33
1789923926315 33
1789923926417 32
1789923926549 234
1789923926854 33
1789923926958 34
1789923927097 32
1789923927200 34
1789923927304 34
1789923927441 32
1789923927543 33
1789923927648 33
1789923927751 33
1789923927821 32
1789923927922 33
1789923928025 33
1789923928127 32
1789923928260 31
1789923928361 33
1789923928464 33
1789923928598 32
1789923928699 33
1789923928801 33
1789923928934 33
1789923929036 33
1789923929139 33
1789923929274 32
1789923929376 32
1789923929478 34
1789923929551 34
1789923929623 34
1789923929697 32
1789923929800 240
1789923930080 34
1789923930153 35
1789923930226 34
1789923930298 34
1789923930406 33
1789923930512 34
1789923930651 35
1789923930759 35
1789923930868 35
1789923930976 34
1789923931082 33
1789923931155 34
1789923931229 35
1789923931305 33
1789923931409 35
1789923931517 35
1789923931625 35
1789923931733 36
1789923931860 34
1789923931965 33
1789923932070 35
1789923932145 33
1789923932249 33
1789923932352 33
1789923932457 33
1789923932561 35
1789923932702 34
1789923932807 33
1789923932912 34
1789923933048 36
1789923933156 237
1789923933466 35
1789923933572 34
1789923933711 34
1789923933816 34
1789923933924 35
1789923934030 33
1789923934102 34
1789923934207 35
1789923934315 34
1789923934419 34
1789923934525 35
1789923934600 33
1789923934705 34
1789923934811 34
1789923934915 35
1789923935022 34
1789923935126 35
1789923935200 34
1789923935304 33
1789923935408 34
1789923935515 33
1789923935655 33
1789923935759 33
1789923935863 35
1789923935971 34
1789923936108 34
1789923936213 36
1789923936321 34
1789923936457 33
1789923936561 236
1789923936871 36
1789923936981 35
1789923937123 35
1789923937229 35
1789923937336 33
1789923937440 33
1789923937576 34
1789923937681 33
1789923937784 33
1789923937921 34
1789923938028 34
1789923938132 33
1789923938267 33
1789923938371 35
1789923938498 35
1789923938607 34
1789923938715 34
1789923938820 35
1789923938893 33
1789923938965 36
1789923939041 35
1789923939148 33
1789923939253 34
1789923939360 34
1789923939465 35
1789923939606 36
1789923939714 34
1789923939820 34
1789923939926 247
1789923940279 35
1789923940387 33
1789923940494 36
1789923940604 34
1789923940743 34
1789923940850 35
1789923940957 34
1789923941064 34
1789923941205 34
1789923941312 35
1789923941420 36
1789923941528 34
1789923941666 35
1789923941772 36
1789923941881 36
1789923942020 33
1789923942123 35
1789923942232 35
1789923942338 34
1789923942476 34
1789923942583 35
1789923942690 35
1789923942797 34
1789923942933 34
1789923943040 34
1789923943146 35
1789923943288 247
1789923943608 35
1789923943715 34
1789923943822 34
1789923943931 34
1789923944004 36
1789923944080 35
1789923944153 34
1789923944258 34
1789923944362 35
1789923944471 35
1789923944581 36
1789923944724 34
1789923944830 34
1789923944936 35
1789923945044 34
1789923945181 34
1789923945273 36
1789923945415 35
1789923945524 35
1789923945632 34
1789923945736 35
1789923945878 36
1789923945986 34
1789923946091 34
1789923946197 34
1789923946336 35
1789923946442 35
1789923946548 34
1789923946652 36
1789923946727 35
1789923946801 245
1789923947086 35
1789923947160 36
1789923947235 33
1789923947341 34
1789923947447 34
1789923947552 35
1789923947660 35
1789923947767 35
1789923947841 34
1789923947914 35
1789923947988 34
1789923948093 34
1789923948198 33
1789923948302 34
1789923948375 35
1789923948451 37
1789923948529 33
1789923948600 36
1789923948676 33
1789923948780 33
1789923948886 34
1789923948991 33
1789923949095 34
1789923949233 35
1789923949340 36
1789923949448 35
1789923949556 34
1789923949695 35
1789923949803 35
1789923949909 35
1789923950016 34
1789923950090 35
1789923950197 35
1789923950304 36
1789923950414 248
1789923950735 36
1789923950875 35
1789923950983 34
1789923951089 35
1789923951199 36
1789923951310 34
1789923951383 35
1789923951457 35
1789923951531 35
1789923951637 36
1789923951745 35
1789923951851 35
1789923951957 36
1789923952099 36
1789923952209 35
1789923952316 36
1789923952446 35
1789923952553 36
1789923952662 35
1789923952803 34
1789923952876 34
1789923952948 34
1789923953054 35
1789923953160 34
1789923953267 34
1789923953340 33
1789923953412 36
1789923953489 35
1789923953596 35
1789923953703 34
1789923953807 35
1789923953914 34
1789923954053 248
1789923954375 36
1789923954484 35
1789923954592 35
1789923954733 36
1789923954841 35
1789923954948 34
1789923955053 34
1789923955191 35
1789923955300 36
1789923955408 34
1789923955514 34
1789923955651 34
1789923955757 34
1789923955866 36
1789923955975 36
1789923956119 36
1789923956227 36
1789923956336 37
1789923956445 37
1789923956587 35
1789923956660 35
1789923956733 34
1789923956806 36
1789923956881 35
1789923956988 35
1789923957095 35
1789923957237 36
1789923957345 35
1789923957454 34
1789923957559 247
1789923957881 35
1789923957957 35
1789923958031 36
1789923958108 35
1789923958182 35
1789923958255 34
1789923958327 34
1789923958399 33
1789923958505 36
1789923958614 35
1789923958725 34
1789923958832 34
1789923958971 34
1789923959077 36
1789923959186 36
1789923959298 37
1789923959410 36
1789923959551 36
1789923959646 36
1789923959788 34
1789923959896 34
1789923960002 34
1789923960107 35
1789923960247 34
1789923960353 33
1789923960459 35
1789923960567 35
1789923960711 37
1789923960822 36
1789923960932 35
1789923961041 37
1789923961109 264
1789923961409 37
1789923961666 37
1789923961734 37
1789923961986 39
1789923962139 57
1789923962347 300
1789923962903 290
1789923963373 40
1789923963482 43
1789923963597 42
1789923963883 279
1789923964248 41
1789923964363 69
1789923964604 282
1789923965074 56
1789923965457 285
1789923965932 70
1789923966199 286
1789923966613 41
1789923966719 41
1789923966834 44
1789923967074 301
1789923967583 69
1789923967827 307
1789923968445 56
1789923968686 299
1789923969069 42
1789923969292 81
1789923969679 313
1789923970078 43
1789923970313 71
1789923970586 328
1789923971208 59
1789923971443 322
1789923971850 43
1789923971966 43
1789923972184 68
1789923972549 337
1789923973069 73
1789923973336 326
1789923973856 42
1789923974242 332
1789923974670 44
1789923974786 44
1789923975007 70
1789923975283 329
1789923975946 44
1789923976080 323
1789923976479 43
1789923976613 44
1789923976821 71
1789923977021 327
1789923977469 43
1789923977608 42
1789923977736 41
1789923977824 42
1789923977912 42
1789923978001 329
1789923978378 42
1789923978469 42
1789923978558 42
1789923978647 325
1789923979043 42
1789923979133 42
1789923979221 43
1789923979311 333
1789923979692 42
1789923979781 42
1789923979870 41
1789923979959 330
1789923980363 44
1789923980455 44
1789923980546 42
1789923980635 334
1789923981017 41
1789923981105 41
1789923981192 43
1789923981284 42
1789923981401 343
1789923981793 43
1789923981884 40
1789923981972 43
1789923982063 347
1789923982459 45
1789923982553 43
1789923982646 42
1789923982765 348
1789923983163 43
1789923983254 43
1789923983346 43
1789923983436 44
1789923983530 350
1789923983928 42
1789923984020 44
1789923984142 43
1789923984233 350
1789923984631 43
1789923984721 46
1789923984816 44
1789923984908 43
1789923985000 356
1789923985406 45
1789923985530 44
1789923985623 43
1789923985714 360
1789923986123 43
1789923986216 45
1789923986311 43
1789923986402 43
1789923986493 361
1789923986932 44
1789923987025 45
1789923987121 44
1789923987214 367
1789923987631 45
1789923987725 43
1789923987817 44
1789923987910 43
1789923988002 367
1789923988447 46
1789923988543 43
1789923988637 44
1789923988730 373
1789923989151 44
1789923989244 45
1789923989338 45
1789923989435 46
1789923989530 379
1789923990056 401
1789923990577 393
1789923991447 49
1789924004138 394
1789924004806 48
1789924021763 391
1789924030404 398
1789924030880 52
1789924034311 51
1789924035001 51
1789924053298 415
1789924054073 65
1789924054525 64
1789924054950 66
1789924072266 420
1789924072946 65
1789924073356 67
1789924073782 69
1789924074227 69
1789924091096 428
1789924091900 51
1789924092113 63
1789924092508 67
1789924092933 66
1789924093576 52
1789924111539 406
1789924130207 416
1789924130984 65
1789924148568 418
1789924149362 67
1789924149812 68
1789924167707 421
1789924168497 66
1789924168808 52
1789924169029 81
1789924169489 53
1789924188291 410
1789924188755 50
1789924189114 70
1789924189486 416
1789924190548 421
1789924191306 54
1789924191547 80
1789924191938 443
1789924193012 448
1789924193793 68
1789924194269 445
1789924195156 56
1789924195269 51
1789924195378 54
1789924198307 80
1789924198686 80
1789924199064 80
1789924201478 65
1789924201853 452
1789924202458 69
1789924202842 66
1789924205025 85
1789924205383 67
1789924205757 80
1789924206151 80
1789924208822 73
1789924209092 77
1789924209374 69
1789924209640 456
1789924210435 54
1789924210570 68
1789924210834 65
1789924211580 65
1789924211876 67
1789924212161 83
1789924212451 55
1789924212601 66
1789924212884 454
1789924213535 68
1789924213812 80
1789924214104 79
1789924214386 54
1789924214534 55
1789924214662 53
1789924214893 80
1789924215199 78
1789924215635 474
1789924216328 80
1789924216636 66
1789924216874 79
1789924217148 71
1789924217413 79
1789924217718 83
1789924218027 455
1789924218570 56
1789924218825 82
1789924219118 70
1789924219371 81
1789924219683 81
1789924219949 80
1789924220395 491
1789924221077 69
1789924221355 52
1789924221505 69
1789924221783 53
1789924222105 82
1789924222489 70
1789924222881 80
1789924223322 69
1789924223609 69
1789924231511 474
1789924232760 82
1789924242849 472
1789924243630 82
1789924257751 479
1789924258407 80
1789924258692 69
1789924258966 54
1789924259115 84
1789924259407 79
1789924259697 68
1789924259983 67
1789924260259 68
1789924260547 68
1789924260804 54
1789924261009 68
1789924261166 74
1789924261437 490
1789924262145 71
1789924262481 69
1789924262768 54
1789924262958 82
1789924263325 54
1789924263956 68
1789924264300 80
1789924264690 69
1789924265061 53
1789924265820 82
1789924285911 492
1789924292192 68
1789924292530 68
1789924292909 68
1789924293432 85
1789924294531 483
1789924295325 70
1789924313682 480
1789924314474 70
1789924323433 480
1789924329325 56
1789924331837 469
1789924332518 56
1789924333166 56
1789924333748 55
1789924341446 468
1789924342528 56
1789924342813 55
1789924343135 57
1789924343501 55
1789924343690 56
1789924344800 56
1789924359206 473
1789924360971 56
1789924367371 54
1789924368467 470
1789924369462 56
1789924369624 55
1789924369908 56
1789924370780 55
1789924384838 470
1789924386720 54
1789924386960 57
1789924392393 56
1789924392985 57
1789924393640 469
1789924394293 57
1789924394581 54
1789924396367 57
1789924402774 471
1789924403309 53
1789924414972 472
1789924415513 57
1789924415640 56
1789924417817 56
1789924435700 472
1789924436244 55
1789924438383 52
1789924438802 55
1789924438953 56
1789924439114 54
1789924439239 478
1789924439883 82
1789924440126 55
1789924440356 55
1789924440654 69
1789924441324 71
1789924441637 70
1789924442132 71
1789924442428 74
1789924442716 56
1789924442901 74
1789924443187 71
1789924443682 57
1789924443855 72
1789924444159 56
1789924444345 71
1789924444675 495
1789924445388 71
1789924445697 71
1789924446019 56
1789924446172 80
1789924446846 56
1789924446961 53
1789924447538 54
1789924448115 56
1789924449221 53
1789924449332 54
1789924449445 53
1789924454008 489
1789924463371 489
1789924473274 482
1789924474237 56
1789924474354 56
1789924474886 55
1789924475468 55
1789924476048 55
1789924476531 55
1789924476645 54
1789924477128 57
1789924477612 54
1789924477724 57
1789924478155 56
1789924481179 57
1789924481665 55
1789924482204 484
1789924483109 55
1789924483593 57
1789924484077 56
1789924484508 56
1789924484941 54
1789924485317 54
1789924496011 486
1789924498136 54
1789924502160 54
1789924502272 53
1789924507583 483
1789924509015 57
1789924511643 56
1789924512346 54
1789924512929 53
1789924513199 53
1789924515267 55
1789924515419 59
1789924515629 57
1789924515753 57
1789924515873 56
1789924515997 57
1789924516118 57
1789924516231 492
1789924516786 59
1789924516910 60
1789924517055 59
1789924517293 87
1789924517583 87
1789924517946 60
1789924518162 59
1789924518330 76
1789924519744 99
1789924520056 86
1789924521082 72
1789924521385 87
1789924522462 57
1789924676699 496
1789924735490 508
1789924736250 90
1789924736637 75
1789924737039 74
1789924737396 87
1789924903538 496
1789924955301 496
1789924957428 59
1789924966781 493
1789924968207 58
1789924974264 59
1789924976115 508
1789924977867 72
1789924979145 73
1789924979474 79
1789924980372 61
1789924980507 57
1789925133931 497
1789925362945 510
1789925431870 508
1789925435273 72
1789925435570 73
1789925436558 71
1789925436838 79
1789925437800 57
1789925437937 57
1789925590755 496
1789925883444 514
1789925886914 73
1789925887201 78
1789925888241 72
1789925888545 87
1789925889560 60
1789926043321 496
1789926271661 508
1789926340432 499
1789926343924 86
1789926344246 75
1789926345247 57
1789926345413 57
1789926345666 88
1789926346642 58
1789926346774 60
1789926501078 513
1789926797509 496
1789926801021 81
1789926801322 74
1789926802269 71
1789926802569 73
1789926803649 60
1789926803818 57
1789926956809 521
1789927254228 499
1789927257687 58
1789927257959 62
1789927258882 73
1789927259183 87
1789927260151 60
1789927260297 59
1789927412956 501
1789927707643 496
1789927708827 72
1789927711859 72
1789927712143 59
1789927713155 74
1789927714279 58
1789927714404 57
1789927714530 58
1789927866509 498
1789928160479 499
1789928163853 73
1789928164143 85
1789928165220 73
1789928165509 73
1789928166433 59
1789928166590 58
1789928166716 58
1789928319633 516
1789928588280 497
1789928616503 497
1789928619861 73
1789928620142 75
1789928621076 72
1789928621372 86
1789928622410 58
1789928622543 57
1789928776650 520
1789929070473 511
1789929073938 80
1789929074235 85
1789929075291 75
1789929075592 72
1789929076585 58
1789929076718 57
1789929228999 513
1789929522043 513
1789929525520 72
1789929525804 60
1789929526726 73
1789929527032 77
1789929528089 57
1789929528397 57
1789929528515 57
1789929528626 55
1789929528742 58
1789929528894 59
1789929537319 518
1789929634595 516
1789929635566 83
1789929635847 74
1789929636107 71
1789929639913 82
1789929640219 83
1789929640842 535
1789929641704 62
1789929642044 87
1789929642356 59
1789929643495 73
1789929643864 525
1789929644631 88
1789929644928 91
1789929650506 73
1789929650956 87
1789929651246 73
1789929651527 87
1789929651827 73
1789929652109 88
1789929652416 86
1789929652711 61
1789929652870 552
1789929653633 87
1789929653941 71
1789929654301 87
1789929654599 74
1789929654897 83
1789929655214 73
1789929655496 88
1789929655794 535
1789929656568 92
1789929656905 74
1789929657215 75
1789929657531 89
1789929657886 74
1789929658201 64
1789929658492 73
1789929658810 75
1789929659129 59
1789929665658 534
1789929666426 60
1789929666767 88
1789929667098 74
1789929667424 60
1789929667591 85
1789929667889 61
1789929668057 87
1789929668374 87
1789929668841 62
1789929669175 90
1789929669490 75
1789929669788 527
1789929670417 89
1789929670716 73
1789929670997 79
1789929671279 61
1789929671435 94
1789929671760 81
1789929672059 61
1789929672224 87
1789929672534 75
1789929672857 93
1789929673233 548
1789929674025 76
1789929674373 64
1789929674585 75
1789929674969 76
1789929675284 85
1789929675814 80
1789929681585 77
1789929682503 89
1789929682813 559
1789929683772 78
1789929684074 61
1789929684240 79
1789929684596 61
1789929684765 87
1789929685112 63
1789929685278 88
1789929685609 557
1789929686392 90
1789929686720 77
1789929687055 80
1789929687386 76
1789929687755 99
1789929688093 74
1789929688411 77
1789929688922 562
1789929689725 77
1789929690055 77
1789929690402 76
1789929690731 78
1789929691101 79
1789929691362 76
1789929691677 77
1789929692001 76
1789929692329 578
1789929693190 80
1789929693574 79
1789929693959 77
1789929694373 78
1789929694758 78
1789929695182 78
1789929695611 78
1789929696040 79
1789929696701 79
1789929697126 575
1789929698066 78
1789929698499 78
1789929698931 91
1789929699404 78
1789929699847 96
1789929700275 64
1789929700804 91
1789929701236 79
1789929701674 78
1789929702132 78
1789929702539 80
1789929702955 576
1789929703834 94
1789929704141 63
1789929704479 76
1789929704847 80
1789929705213 64
1789929705442 90
1789929705782 79
1789929706101 78
1789929706624 78
1789929706982 580
1789929707793 77
1789929708116 79
1789929708378 64
1789929708548 79
1789929708873 83
1789929709222 77
1789929709563 79
1789929709890 98
1789929710248 89
1789929710611 65
1789929712407 79
1789929712752 93
1789929729192 588
1789929730060 79
1789929730785 65
1789929730968 79
1789929731288 78
1789929731635 79
1789929731960 78
1789929732302 93
1789929732647 591
1789929733633 66
1789929733803 92
1789929734158 65
1789929734328 94
1789929734701 91
1789929735053 79
1789929735422 80
1789929735830 79
1789929736210 597
1789929737109 79
1789929737495 80
1789929737878 81
1789929738278 82
1789929742627 80
1789929743001 79
1789929743383 81
1789929743680 79
1789929744028 92
1789929744382 81
1789929744710 79
1789929745044 79
1789929745371 82
1789929745744 617
1789929746835 82
1789929747169 81
1789929747522 80
1789929747914 93
1789929748331 81
1789929748775 81
1789929749218 82
1789929749674 79
1789929753974 95
1789929754368 94
1789929754734 80
1789929755087 83
1789929755464 102
1789929755837 109
1789929756252 631
1789929757196 98
1789929757598 97
1789929757993 95
1789929758431 93
1789929758858 96
1789929759281 95
1789929759714 112
1789929761578 92
1789929766077 94
1789929766442 88
1789929766783 88
1789929767083 626
1789929767961 102
1789929772341 86
1789929857958 645
1789929858916 82
1789929859515 72
1789929860166 100
1789929860559 86
1789929861223 88
1789929863240 110
1789929863683 88
1789929864108 89
1789929870113 624
1789929870996 86
1789929871941 74
1789929872140 85
1789929872500 97
1789929873087 106
1789929875003 94
1789929887913 628
1789929960613 626
1789929961627 101
1789929962008 109
1789929962861 109
1789929963503 108
1789929964145 81
1789929974862 644
1789929975750 104
1789929976154 90
1789929976517 87
1789929977920 91
1789930061957 637
1789930064048 96
1789930065292 88
1789930065684 96
1789930067132 96
1789930078156 626
1789930079215 73
1789930162875 638
1789930165021 96
1789930167900 100
1789930168582 98
1789930172955 87
1789930173385 85
1789930181447 627
1789930182345 88
1789930182685 85
1789930265118 642
1789930267277 96
1789930269605 95
1789930269910 81
1789930271137 85
1789930271695 110
1789930272121 98
1789930272484 97
1789930272899 86
1789930273657 99
1789930274019 88
1789930274422 73
1789930275436 74
1789930275877 73
1789930276247 632
1789930277144 98
1789930283199 109
1789930283530 95
1789930286318 95
1789930286671 95
1789930287038 96
1789930366597 610
1789930368779 97
1789930371293 89
1789930372896 99
1789930374537 85
1789930375363 89
1789930375992 75
1789930376491 97
1789930377756 627
1789930385679 97
1789930386064 108
1789930470771 616
1789930471720 90
1789930473033 96
1789930473407 99
1789930473863 98
1789930474280 111
1789930474675 84
1789930474891 111
1789930475346 98
1789930476185 96
1789930476635 99
1789930477047 96
1789930486281 641
1789930487433 96
1789930487799 108
1789930488188 93
1789930574626 643
1789930575870 85
1789930576898 97
1789930577349 83
1789930577763 111
1789930578223 82
1789930578567 84
1789930579004 83
1789930579432 82
1789930587409 644
1789930588917 84
1789930589358 84
1789930589583 97
1789930589978 97
1789930590208 108
1789930679875 633
1789930681830 83
1789930682241 68
1789930683378 84
1789930683753 96
1789930684368 97
1789930684796 86
1789930685156 84
1789930685886 87
1789930686251 103
1789930686675 86
1789930691790 629
1789930692682 82
1789930694133 96
1789930694730 97
1789930695341 89
1789930779845 639
1789930781769 102
1789930785033 84
1789930787994 95
1789930788420 97
1789930788822 98
1789930789208 100
1789930789625 98
1789930789991 96
1789930790622 87
1789930791080 655
1789930792168 78
1789930795501 82
1789930795901 107
1789930796278 82
1789930796802 85
1789930801533 81
1789930802680 622
1789930881507 639
1789930882429 105
1789930883663 87
1789930890812 102
1789930891192 88
1789930891595 103
1789930892981 661
1789930894985 97
1789930895344 110
1789930895727 81
1789930898841 101
1789930899246 76
1789930899546 82
1789930899913 69
1789930900334 97
1789930902762 82
1789930903110 87
1789930903488 68
1789930903832 98
1789930985847 656
1789930987812 80
1789930991315 92
1789930991691 103
1789930992080 86
1789930992451 85
1789930993095 84
1789930993446 86
1789930993871 85
1789930994471 85
1789930995364 74
1789930996883 89
1789931000737 673
1789931003835 72
1789931004046 91
1789931005406 103
1789931005813 93
1789931087894 644
1789931090135 88
1789931092960 92
1789931093359 104
1789931093765 89
1789931094172 89
1789931094819 93
1789931095189 71
1789931097589 85
1789931097946 87
1789931099288 630
1789931105362 84
1789931105757 83
1789931106318 84
1789931106674 86
1789931107005 100
1789931107390 103
1789931107769 101
1789931108149 89
1789931108522 89
1789931192007 659
1789931192958 97
1789931194653 108
1789931196201 89
1789931196628 103
1789931197867 93
1789931198482 90
1789931198914 96
1789931199577 96
1789931200084 88
1789931201074 93
1789931201477 89
1789931201887 96
1789931202486 94
1789931202901 77
1789931204434 644
1789931208559 82
1789931208884 101
1789931209290 68
1789931210432 85
1789931210797 85
1789931211199 94
1789931211592 84
1789931211964 113
1789931212793 75
1789931213729 103
1789931297036 634
1789931298419 75
1789931298936 95
1789931299350 104
1789931301301 106
1789931301686 87
1789931303962 103
1789931304403 90
1789931305407 90
1789931307275 93
1789931307664 94
1789931308048 89
1789931308448 642
1789931309415 94
1789931310752 85
1789931312579 86
1789931312924 97
1789931314603 85
1789931314934 92
1789931315321 103
1789931315960 97
1789931316562 94
1789931316954 91
1789931317320 91
1789931317666 87
1789931320213 630
1789931320994 102
1789931321339 76
1789931321720 82
1789931322794 96
1789931323140 69
1789931401138 643
1789931403153 94
1789931406048 89
1789931407736 87
1789931408328 90
1789931409773 90
1789931411719 90
1789931412361 652
1789931413343 95
1789931413972 91
1789931414350 91
1789931415176 101
1789931418474 98
1789931418860 84
1789931420623 94
1789931422051 92
1789931424514 645
1789931425439 93
1789931425836 95
1789931426389 95
1789931427226 83
1789931428035 95
1789931507015 659
1789931507991 89
1789931509410 100
1789931511215 96
1789931511622 92
1789931512058 99
1789931512508 94
1789931512909 126
1789931513288 97
1789931513938 96
1789931517531 87
1789931517941 90
1789931518508 643
1789931520668 83
1789931521043 83
1789931521386 83
1789931524545 82
1789931524927 85
1789931525296 94
1789931526768 108
1789931527777 92
1789931528394 92
1789931528738 87
1789931529566 92
1789931529907 656
1789931532171 83
1789931532728 86
1789931533092 69
1789931610781 656
1789931612750 96
1789931613819 77
1789931619664 104
1789931620051 87
1789931621180 95
1789931621545 90
1789931622545 671
1789931623540 92
1789931623928 89
1789931624329 109
1789931624657 85
1789931630023 83
1789931630381 84
1789931631126 101
1789931631907 78
1789931632106 97
1789931632464 90
1789931633026 104
1789931633673 105
1789931634041 646
1789931713965 640
1789931716333 90
1789931726057 645
1789931726998 88
1789931727369 92
1789931727986 91
1789931728380 84
1789931730338 85
1789931731933 70
1789931734552 88
1789931734961 90
1789931735323 90
1789931735684 109
1789931736303 89
1789931736688 95
1789931737050 108
1789931737432 98
1789931737819 669
1789931739906 91
1789931818050 656
1789931820137 103
1789931831229 659
1789931832182 117
1789931832583 90
1789931832948 89
1789931833318 85
1789931833703 87
1789931834122 89
1789931834453 83
1789931835308 82
1789931838144 83
1789931839265 98
1789931839651 89
1789931840003 103
1789931840961 93
1789931841801 78
1789931842234 89
1789931842592 93
1789931843402 654
1789931921965 658
1789931924105 91
1789931931995 93
1789931932397 76
1789931935225 662
1789931936152 103
1789931936557 83
1789931940328 85
1789931940716 85
1789931941076 70
1789931941292 99
1789931941651 70
1789931943526 88
1789931944892 102
1789931945305 101
1789931945672 87
1789931946461 88
1789931946836 653
1789931947772 77
1789931948222 91
1789931950089 84
1789932026030 657
1789932028089 89
1789932036897 89
1789932037322 104
1789932039039 670
1789932044108 95
1789932044460 98
1789932044914 81
1789932045300 95
1789932045952 82
1789932046549 108
1789932047836 88
1789932049024 89
1789932049361 89
1789932049727 90
1789932050544 657
1789932051446 101
1789932053102 81
1789932129397 674
1789932131690 91
1789932140638 90
1789932141506 659
1789932142421 88
1789932144807 104
1789932147797 89
1789932148202 87
1789932148595 90
1789932149014 90
1789932149633 98
1789932150055 91
1789932150471 91
1789932151323 91
1789932151718 105
1789932153528 669
1789932154470 70
1789932154897 97
1789932155276 84
1789932155623 87
1789932156429 83
1789932231466 659
1789932233411 96
1789932243782 642
1789932251970 91
1789932252378 90
1789932259689 653
1789932260788 86
1789932261147 84
1789932333622 642
1789932335760 93
1789932343740 104
1789932344167 97
1789932344597 91
1789932345039 663
1789932347226 90
1789932354699 93
1789932355128 91
1789932355922 94
1789932356965 669
1789932358138 104
1789932358538 85
1789932358948 85
1789932360231 85
1789932435787 677
1789932437939 92
1789932446906 89
1789932447314 91
1789932447969 678
1789932448970 92
1789932450351 104
1789932450958 91
1789932451337 96
1789932451736 113
1789932460530 676
1789932461664 92
1789932462058 92
1789932462836 91
1789932541175 684
1789932543443 94
1789932547835 89
1789932548784 84
1789932549139 84
1789932549529 103
1789932549960 76
1789932550304 91
1789932551110 92
1789932551498 105
1789932553428 682
1789932559795 83
1789932560208 98
1789932560562 94
1789932561616 84
1789932562007 86
1789932562379 95
1789932563514 76
1789932564312 98
1789932565079 101
1789932565475 675
1789932572297 83
1789932573183 83
1789932573538 84
1789932644232 685
1789932646592 88
1789932650938 91
1789932651682 82
1789932652095 84
1789932652442 98
1789932652862 86
1789932653246 88
1789932654577 90
1789932660870 671
1789932661835 84
1789932663095 103
1789932663485 81
1789932664247 85
1789932664659 81
1789932665719 83
1789932666261 98
1789932667042 91
1789932667800 76
1789932668195 75
1789932668725 92
1789932674409 681
1789932676261 81
1789932676618 96
1789932677208 70
1789932748642 678
1789932750948 92
1789932754738 87
1789932755125 110
1789932755531 94
1789932756888 85
1789932757496 84
1789932757867 87
1789932759406 90
1789932760036 89
1789932764873 688
1789932765871 98
1789932766684 69
1789932767231 84
1789932767562 70
1789932768982 99
1789932769348 84
1789932770147 91
1789932771461 111
1789932771866 76
1789932775055 90
1789932775437 90
1789932775807 69
1789932776110 82
1789932851194 690
1789932853579 91
1789932857223 107
1789932857808 97
1789932858828 86
1789932859159 97
1789932859586 105
1789932859991 91
1789932860388 105
1789932861174 89
1789932861593 90
1789932862450 104
1789932867877 657
1789932869778 98
1789932870193 97
1789932870605 70
1789932871785 85
1789932873562 92
1789932873954 104
1789932875250 90
1789932875782 92
1789932881132 675
1789932883839 84
1789932955828 677
1789932956772 104
1789932958092 75
1789932960721 92
1789932961144 89
1789932961517 101
1789932961904 103
1789932962275 100
1789932962663 109
1789932963104 103
1789932963728 113
1789932971258 672
1789932972275 85
1789932972616 84
1789932973843 98
1789932974220 97
1789932975006 84
1789932977629 92
1789932978919 104
1789932983676 671
1789932984642 98
1789932987895 84
1789932988480 83
1789932988813 98
1789933059743 662
1789933062116 89
1789933064215 90
1789933064827 90
1789933065224 113
1789933065632 99
1789933066060 111
1789933066484 101
1789933066882 102
1789933067310 92
1789933069303 91
1789933069753 88
1789933075158 684
1789933076551 84
1789933076958 98
1789933078437 70
1789933079255 96
1789933080483 84
1789933081270 87
1789933083920 88
1789933085321 76
1789933095528 673
1789933164371 693
1789933166891 90
1789933168955 104
1789933169335 103
1789933169734 102
1789933170348 92
1789933170918 89
1789933171424 111
1789933171869 75
1789933172962 90
1789933178176 657
1789933179450 84
1789933180080 86
1789933180722 83
1789933181116 86
1789933181503 86
1789933181908 84
1789933182281 86
1789933182690 85
1789933183597 86
1789933184195 83
1789933184575 84
1789933186675 89
1789933188103 89
1789933268016 688
1789933270327 105
1789933271637 106
1789933272066 77
1789933272553 91
1789933272989 74
1789933273385 91
1789933273811 104
1789933274170 92
1789933277322 91
1789933282500 698
1789933283509 85
1789933283875 70
1789933284224 85
1789933284656 85
1789933285008 97
1789933285825 86
1789933286417 85
1789933289069 89
1789933290470 90
1789933374433 709
1789933375453 110
1789933376533 85
1789933377177 99
1789933377618 95
1789933377957 99
1789933378825 98
1789933379228 84
1789933381252 89
1789933384748 84
1789933385130 85
1789933385908 83
1789933386278 83
1789933386926 702
1789933387903 71
1789933389414 98
1789933391401 97
1789933392027 97
1789933392421 97
1789933392794 96
1789933394955 78
1789933396449 77
1789933476768 690
1789933478614 99
1789933479015 99
1789933480733 98
1789933481079 100
1789933481535 97
1789933481925 99
1789933482313 98
1789933482730 97
1789933483160 99
1789933483611 90
1789933488099 94
1789933489613 687
1789933491003 83
1789933494137 95
1789933494555 83
1789933494921 83
1789933496328 84
1789933496686 101
1789933497042 105
1789933498686 91
1789933578738 700
1789933581029 92
1789933582339 98
1789933583019 113
1789933583503 111
1789933583931 112
1789933584387 113
1789933584827 98
1789933585288 101
1789933585658 91
1789933591646 682
1789933592844 84
1789933595273 84
1789933596453 96
1789933596855 82
1789933597740 84
1789933598304 84
1789933598645 104
1789933600313 104
1789933601736 104
1789933602107 101
1789933602527 91
1789933679595 707
1789933681802 91
1789933684314 85
1789933684548 85
1789933687767 90
1789933688166 90
1789933688534 102
1789933688924 104
1789933689306 96
1789933689743 105
1789933690155 90
1789933690751 89
1789933695037 686
1789933696009 70
1789933698665 83
1789933699565 84
1789933700115 71
1789933700476 84
1789933701167 82
1789933701710 83
1789933702345 96
1789933703261 82
1789933704756 88
1789933706131 101
1789933706756 89
1789933709446 687
1789933782284 693
1789933784510 91
1789933788335 105
1789933789807 92
1789933790234 101
1789933790655 89
1789933791058 92
1789933793069 77
1789933793428 90
1789933794039 91
1789933797775 697
1789933798754 86
1789933799157 83
1789933799548 97
1789933799916 96
1789933804089 70
1789933804691 84
1789933805094 83
1789933805493 89
1789933806848 91
1789933810324 691
1789933811272 102
1789933811656 85
1789933812000 98
1789933884876 673
1789933886064 104
1789933886490 77
1789933886940 99
1789933887314 91
1789933890195 98
1789933893032 105
1789933893440 102
1789933894490 102
1789933896331 76
1789933900549 689
1789933901527 70
1789933902834 98
1789933907551 85
1789933907963 84
1789933908845 90
1789933909238 88
1789933909617 90
1789933910222 103
1789933910627 89
1789933911266 91
1789933914587 698
1789933915596 95
1789933915944 95
1789933916326 69
1789933988015 676
1789933990187 91
1789933994938 90
1789933995538 106
1789933995942 90
1789933996565 90
1789933996963 92
1789934000144 707
1789934004619 83
1789934005013 85
1789934005614 84
1789934006207 83
1789934006620 70
1789934011102 104
1789934011522 90
1789934012402 694
1789934013243 91
1789934013641 91
1789934014833 90
1789934015183 74
1789934015734 89
1789934016480 87
1789934016949 76
1789934017354 90
1789934021931 83
1789934023233 98
1789934024329 85
1789934025353 701
1789934089745 710
1789934092053 93
1789934098353 84
1789934098765 108
1789934100037 90
1789934100692 90
1789934101083 104
1789934101767 91
1789934106437 690
1789934107464 98
1789934108106 84
1789934108455 85
1789934111005 97
1789934111413 82
1789934112719 97
1789934113090 84
1789934113910 86
1789934118519 714
1789934120542 93
1789934120960 88
1789934121328 104
1789934121728 104
1789934122135 91
1789934131196 697
1789934192403 729
1789934194636 76
1789934201763 71
1789934202103 99
1789934202492 106
1789934203391 71
1789934203618 98
1789934205186 698
1789934207346 102
1789934208839 96
1789934212479 103
1789934213140 85
1789934214058 83
1789934214408 84
1789934214842 98
1789934215261 85
1789934215668 96
1789934216931 70
1789934217294 85
1789934217684 701
1789934224080 102
1789934225504 104
1789934226547 91
1789934226943 92
1789934227316 90
1789934234569 699
1789934236442 85
1789934238572 85
1789934295697 685
1789934297797 105
1789934307976 698
1789934308945 85
1789934314196 76
1789934314391 102
1789934314852 89
1789934315478 76
1789934316218 92
1789934319323 92
1789934319711 89
1789934322085 705
1789934323266 86
1789934323704 99
1789934324130 101
1789934324515 98
1789934330745 104
1789934331980 103
1789934332422 104
1789934332852 90
1789934340130 697
1789934341120 85
1789934341503 85
1789934342115 98
1789934342519 98
1789934402432 720
1789934404856 107
1789934416348 723
1789934417381 102
1789934418026 100
1789934418454 89
1789934419338 92
1789934427406 97
1789934428619 97
1789934429292 714
1789934436018 91
1789934437330 89
1789934437693 90
1789934438764 76
1789934439129 89
1789934440024 91
1789934443987 702
1789934444956 86
1789934445950 84
1789934446577 99
1789934447182 95
1789934447572 98
1789934447955 84
1789934507920 711
1789934510035 76
1789934520118 101
1789934521195 722
1789934522231 78
1789934522635 103
1789934523068 103
1789934523722 91
1789934524697 92
1789934533221 85
1789934534465 715
1789934535701 99
1789934541951 91
1789934543147 92
1789934543821 104
1789934549588 728
1789934551363 85
1789934552249 84
1789934552616 100
1789934553610 100
1789934554012 98
1789934554614 100
1789934554986 83
1789934607193 689
1789934607985 76
1789934609311 78
1789934618191 75
1789934619397 76
1789934619579 695
1789934620476 77
1789934620663 75
1789934620834 76
1789934621579 74
1789934634499 688
1789934635602 76
1789934635762 76
1789934635921 75
1789934636082 74
1789934636398 73
1789934636916 76
1789934638765 78
1789934643402 86
1789934643723 84
1789934644051 710
1789934645004 100
1789934645462 734
1789934646794 740
1789934647887 72
1789934648178 717
1789934649776 90
1789934650392 92
1789934650995 88
1789934651389 71
1789934652169 70
1789934652590 70
1789934652802 71
1789934653151 71
1789934653364 69
1789934654581 88
1789934655100 74
1789934655379 111
1789934655951 753
1789934657165 86
1789934657686 88
1789934658208 89
1789934659124 758
1789934660305 87
1789934660835 103
1789934661304 89
1789934661751 757
1789934662983 88
1789934663551 73
1789934664033 89
1789934664348 74
1789934664632 833
1789934665661 75
1789934666199 99
1789934666541 73
1789934666697 72
1789934715129 761
1789934759993 785
1789934762072 92
1789934762488 117
1789934762905 101
1789934763371 93
1789934763823 107
1789934764217 94
1789934764664 108
1789934765128 107
1789934765610 94
1789934766083 109
1789934766493 95
1789934766942 116
1789934767425 88
1789934862943 767
1789934865558 96
1789939257046 785
1789939335318 779
1789939337536 102
1789939347184 105
1789939347773 96
1789939348590 107
1789939349332 787
1789939353650 103
1789939354291 105
1789939354658 93
1789939355056 106
1789939356458 94
1789939356868 93
1789939357263 106
1789939357624 117
1789939358054 108
1789939358698 107
1789939436667 771
1789939439194 88
1789939446690 87
1789939447893 86
1789939448589 79
1789939449628 81
1789939467585 762
1789939479125 97
1789939479718 95
1789939480340 97
1789939490333 781
1789939491629 93
1789939492256 94
1789939492891 95
1789939502389 96
1789939503051 109
1789939503692 81
1789939504289 788
1789939514361 83
1789939514978 95
1789939515602 82
1789939516060 96
1789939516705 95
1789939525684 778
1789939527013 96
1789939527635 96
1789939528223 95
1789939528861 108
1789939537428 97
1789939538069 96
1789939538673 96
1789939539318 781
1789939540623 97
1789939541273 96
1789939550343 96
1789939550988 96
1789939551633 109
1789939552258 97
1789939552887 80
1789939561828 790
1789939563155 81
1789939563502 95
1789939564056 96
1789939564683 94
1789939565320 96
1789939573995 82
1789939574340 102
1789939574972 82
1789939575304 110
1789939575973 784
1789939577291 100
1789939577916 96
1789939586327 110
1789939586968 95
1789939587593 96
1789939588235 96
1789939588846 97
1789939589489 112
1789939590117 782
1789939598693 96
1789939599330 97
1789939599964 92
1789939600570 97
1789939601108 97
1789939601752 96
1789939602395 110
1789939609989 783
1789939611312 96
1789939611941 97
1789939612581 95
1789939613218 97
1789939613853 96
1789939614508 95
1789939615130 96
1789939622130 97
1789939622776 96
1789939623380 95
1789939623996 796
1789939625305 96
1789939625948 96
1789939626587 102
1789939627223 96
1789939627877 96
1789939634615 97
1789939635247 96
1789939636361 96
1789939637288 96
1789939637930 783
1789939639727 81
1789939640330 95
1789939646778 96
1789939647708 96
1789939648362 97
1789939649011 110
1789939649648 97
1789939650312 95
1789939650954 96
1789939651597 782
1789939652906 97
1789939659238 97
1789939659874 96
1789939660820 109
1789939661441 110
1789939662085 97
1789939662723 82
1789939663655 96
1789939664308 110
1789939670813 786
1789939672442 95
1789939673067 95
1789939673689 118
1789939674338 110
1789939674977 96
1789939675615 96
1789939676751 95
1789939677372 110
1789939683398 96
1789939684037 95
1789939684657 792
1789939685922 96
1789939686503 97
1789939687142 96
1789939687783 97
1789939688417 110
1789939689367 96
1789939690004 106
1789939696147 105
1789939696777 93
1789939697414 96
1789939698052 95
1789939698661 799
1789939699995 108
1789939700654 82
1789939701252 105
1789939702196 95
1789939702803 102
1789939708873 96
1789939709492 101
1789939710128 96
1789939710771 97
1789939711407 96
1789939712025 98
1789939712667 797
1789939713995 97
1789939714653 96
1789939715285 103
1789939721200 96
1789939721821 96
1789939722458 97
1789939723100 96
1789939723726 110
1789939724700 95
1789939725356 96
1789939726709 790
1789939727982 103
1789939733659 97
1789939734283 97
1789939734926 97
1789939735557 104
1789939736909 96
1789939737550 96
1789939738204 103
1789939739188 97
1789939740572 781
1789939745982 96
1789939746626 111
1789939747275 82
1789939748043 98
1789939748970 94
1789939749598 95
1789939750225 97
1789939750848 110
1789939751794 110
1789939752432 97
1789939753545 96
1789939757993 785
1789939759317 96
1789939759960 96
1789939760609 97
1789939762026 96
1789939762664 97
1789939763337 110
1789939764282 83
1789939765122 96
1789939765768 97
1789939770639 102
1789939771273 110
1789939771933 791
1789939773272 97
1789939773890 95
1789939774830 97
1789939775467 111
1789939776110 97
1789939776706 96
1789939777355 82
1789939777970 109
1789939778982 105
1789939783306 93
1789939783928 97
1789939784575 113
1789939785216 108
1789939786159 788
1789939787477 96
1789939788122 97
1789939788774 82
1789939789535 96
1789939790160 111
1789939790812 96
1789939791471 97
1789939795983 97
1789939796626 110
1789939797280 97
1789939797915 95
1789939798845 96
1789939799469 95
1789939800082 787
1789939801702 96
1789939802354 96
1789939803002 109
1789939803931 97
1789939808746 98
1789939809388 96
1789939810031 81
1789939810829 96
1789939811463 82
1789939811811 96
1789939812446 118
1789939813387 97
1789939814012 786
1789939816036 97
1789939816679 83
1789939821556 97
1789939822474 96
1789939823107 97
1789939823627 97
1789939824729 97
1789939825609 98
1789939826256 96
1789939827942 790
1789939829242 82
1789939833761 96
1789939834873 95
1789939835975 96
1789939836626 96
1789939837245 95
1789939837874 81
1789939838494 96
1789939839120 96
1789939840462 96
1789939841057 82
1789939841643 95
1789939845902 773
1789939847678 97
1789939848634 96
1789939849290 110
1789939849868 96
1789939850503 96
1789939851136 96
1789939851791 96
1789939852901 97
1789939853991 99
1789939854634 96
1789939858136 96
1789939859138 96
1789939860045 788
1789939861304 95
1789939861927 95
1789939862565 96
1789939863493 97
1789939864133 102
1789939864770 96
1789939865409 97
1789939866672 98
1789939868081 97
1789939871348 97
1789939871966 83
1789939872756 95
1789939873119 96
1789939873761 783
1789939875076 97
1789939875419 94
1789939876832 96
1789939877475 110
1789939878107 97
1789939879039 97
1789939880150 96
1789939880781 96
1789939884320 83
1789939884663 97
1789939885308 97
1789939885943 97
1789939886592 96
1789939887216 97
1789939887854 791
1789939889547 96
1789939890122 96
1789939890753 100
1789939892333 96
1789939892963 97
1789939893587 96
1789939897379 108
1789939897894 97
1789939898536 120
1789939899190 97
1789939899828 98
1789939900479 97
1789939901108 97
1789939901747 787
1789939903063 96
1789939903708 97
1789939905450 96
1789939906068 96
1789939910392 96
1789939911027 98
1789939911679 95
1789939912589 97
1789939913219 104
1789939913853 96
1789939915261 96
1789939916973 790
1789939918992 103
1789939923252 97
1789939923894 96
1789939924533 95
1789939925157 95
1789939925790 95
1789939926730 96
1789939927372 111
1789939928027 97
1789939929875 97
1789939930522 98
1789939934789 790
1789939936093 98
1789939936735 97
1789939937997 96
1789939938623 94
1789939939527 97
1789939940161 108
1789939940816 111
1789939942299 96
1789939942944 96
1789939944031 101
1789939947403 109
1789939948050 96
1789939948703 796
1789939950031 97
1789939950670 97
1789939951289 111
1789939951945 97
1789939952579 111
1789939953237 96
1789939953867 97
1789939955006 107
1789939955651 97
1789939956588 97
1789939959971 98
1789939960616 97
1789939961259 98
1789939961904 111
1789939963082 793
1789939964393 98
1789939965014 96
1789939965645 105
1789939966282 97
1789939966922 96
1789939968283 97
1789939970408 97
1789939973195 98
1789939973833 111
1789939974465 97
1789939975397 98
1789939976007 99
1789939977141 792
1789939978462 97
1789939979570 96
1789939980497 97
1789939981127 97
1789939983307 96
1789939985398 97
1789939986051 97
1789939986711 95
1789939987260 95
1789939988170 100
1789939988811 81
1789939989174 82
1789939989776 110
1789939990427 103
1789939991062 794
1789939992692 98
1789939993569 99
1789939994220 97
1789939996675 95
1789939998255 110
1789939998911 96
1789939999556 112
1789940000208 97
1789940001412 102
1789940002057 110
1789940002723 97
1789940003366 98
1789940005136 789
1789940006478 98
1789940007593 112
1789940009436 98
1789940010905 112
1789940011559 84
1789940012172 96
1789940013122 82
1789940014047 98
1789940014645 96
1789940015276 97
1789940015953 97
1789940017820 83
1789940018173 112
1789940020238 794
1789940022742 95
1789940023851 107
1789940025083 82
1789940025709 98
1789940027149 98
1789940027796 98
1789940028382 98
1789940029001 111
1789940030453 96
1789940031089 98
1789940032673 83
1789940034866 809
1789940036138 97
1789940036789 97
1789940037432 96
1789940038360 98
1789940038978 97
1789940039910 97
1789940040559 98
1789940041220 96
1789940043508 97
1789940045608 98
1789940047388 97
1789940048031 97
1789940048662 111
1789940049308 796
1789940050957 100
1789940051600 98
1789940052262 97
1789940053271 98
1789940053910 96
1789940054552 98
1789940056258 98
1789940056874 97
1789940058485 97
1789940060657 98
1789940061314 82
1789940061939 99
1789940062843 98
1789940063470 816
1789940064827 98
1789940066272 98
1789940066923 111
1789940069118 97
1789940069751 98
1789940071225 98
1789940073842 98
1789940074419 98
1789940075024 98
1789940075616 100
1789940076275 112
1789940076931 82
1789940078018 795
1789940079342 98
1789940079948 99
1789940082230 97
1789940084705 98
1789940086371 98
1789940086992 83
1789940087362 97
1789940088502 98
1789940089164 97
1789940090921 98
1789940091570 96
1789940094044 800
1789940097643 97
1789940099039 98
1789940099679 97
1789940101024 98
1789940101667 98
1789940103297 98
1789940103939 98
1789940104588 98
1789940106435 95
1789940107063 97
1789940109556 795
1789940111591 97
1789940112732 98
1789940113366 98
1789940114013 97
1789940114666 98
1789940116202 83
1789940116821 98
1789940119506 98
1789940120140 97
1789940122689 97
1789940123357 97
1789940123996 795
1789940125269 99
1789940125914 98
1789940126792 83
1789940127379 96
1789940129090 96
1789940129699 83
1789940132340 95
1789940132962 97
1789940135216 83
1789940135841 96
1789940136502 96
1789940137131 117
1789940137600 99
1789940138267 795
1789940139898 98
1789940140532 110
1789940141202 82
1789940141804 97
1789940142918 97
1789940145122 93
1789940146671 98
1789940148340 111
1789940148965 96
1789940149618 106
1789940150254 97
1789940150899 97
1789940151859 96
1789940152523 804
1789940154073 96
1789940154719 95
1789940155349 98
1789940155995 98
1789940158177 98
1789940159132 111
1789940161430 96
1789940162069 97
1789940163411 110
1789940164055 96
1789940164979 97
1789940165622 105
1789940166508 798
1789940168207 97
1789940168856 111
1789940171071 97
1789940171718 96
1789940174202 99
1789940174851 97
1789940175931 82
1789940176525 109
1789940178169 96
1789940178806 82
1789940179433 96
1789940180078 97
1789940180730 802
1789940184370 97
1789940186782 98
1789940187431 96
1789940188658 83
1789940189770 98
1789940190399 97
1789940191023 98
1789940191663 83
1789940192279 82
1789940192902 98
1789940193576 97
1789940195933 798
1789940197274 112
1789940199588 98
1789940201282 97
1789940202710 105
1789940203354 83
1789940203961 97
1789940204613 98
1789940205257 98
1789940205895 100
1789940209054 98
1789940211353 799
1789940212696 97
1789940213903 99
1789940215318 97
1789940215960 98
1789940216589 105
1789940217255 97
1789940218447 97
1789940221370 96
1789940222004 97
1789940223798 84
1789940224625 108
1789940225552 800
1789940228217 83
1789940228842 96
1789940229490 98
1789940231274 97
1789940231911 124
1789940234268 98
1789940234924 95
1789940236709 97
1789940237340 120
1789940237995 97
1789940239725 804
1789940241078 99
1789940241990 97
1789940242629 97
1789940243842 98
1789940244495 112
1789940246924 98
1789940248233 97
1789940249181 97
1789940249832 98
1789940250470 95
1789940251119 97
1789940252801 83
1789940253418 112
1789940254078 815
1789940255449 98
1789940256409 98
1789940257369 97
1789940260121 83
1789940261168 97
1789940262369 96
1789940263016 97
1789940263655 97
1789940265144 102
1789940265784 98
1789940266667 98
1789940267322 97
1789940268689 800
1789940270398 97
1789940273392 98
1789940274038 97
1789940275247 98
1789940275882 111
1789940277709 98
1789940278348 95
1789940278977 98
1789940279629 96
1789940280273 99
1789940281409 98
1789940282544 98
1789940283183 801
1789940285735 96
1789940287456 97
1789940288119 98
1789940288753 97
1789940290340 97
1789940290977 106
1789940291636 99
1789940292256 100
1789940294371 99
1789940295476 82
1789940297984 801
1789940299620 98
1789940300744 98
1789940301384 83
1789940303082 97
1789940303727 97
1789940304364 96
1789940304991 96
1789940306739 99
1789940308431 98
1789940310598 97
1789940312016 816
1789940313367 96
1789940314009 110
1789940315484 105
1789940316421 96
1789940317072 98
1789940317725 82
1789940319239 96
1789940321142 97
1789940323668 97
1789940324618 96
1789940325281 111
1789940325962 97
1789940327076 799
1789940329009 112
1789940329481 97
1789940330079 98
1789940330732 112
1789940332257 97
1789940333881 97
1789940336399 97
1789940337046 97
1789940337710 96
1789940338329 98
1789940338983 97
1789940339640 98
1789940341268 817
1789940342544 98
1789940343211 99
1789940345185 97
1789940347216 98
1789940348688 110
1789940349606 99
1789940350268 112
1789940351262 98
1789940351928 84
1789940352300 100
1789940352947 96
1789940353926 103
1789940354531 97
1789940355176 99
1789940358044 788
1789940359600 84
1789940361829 107
1789940362471 112
1789940363132 82
1789940364092 96
1789940364983 97
1789940365633 97
1789940366753 98
1789940367414 103
1789940368049 84
1789940370964 98
1789940371628 95
1789940373966 820
1789940375325 112
1789940375919 97
1789940376590 98
1789940377230 98
1789940377894 83
1789940378516 98
1789940379467 98
1789940380124 110
1789940380788 111
1789940381421 101
1789940383733 83
1789940384859 97
1789940386871 98
1789940387521 111
1789940388187 98
1789940388834 805
1789940390173 101
1789940390853 83
1789940391470 112
1789940392188 99
1789940392731 97
1789940393688 98
1789940394345 111
1789940396803 98
1789940397810 97
1789940400242 97
1789940400793 98
1789940401456 113
1789940402799 98
1789940403442 811
1789940405044 97
1789940405622 96
1789940406507 97
1789940407155 98
1789940409380 98
1789940410601 99
1789940412824 99
1789940413466 99
1789940414139 98
1789940415477 98
1789940416840 97
1789940417484 99
1789940418631 808
1789940422783 98
1789940423426 82
1789940425145 98
1789940425769 94
1789940426416 98
1789940427049 112
1789940428274 98
1789940429209 97
1789940429863 98
1789940430508 111
1789940431160 113
1789940431814 98
1789940434635 795
1789940436282 98
1789940437687 85
1789940438474 106
1789940439125 99
1789940439785 95
1789940440694 98
1789940442087 96
1789940442726 99
1789940443383 98
1789940444038 102
1789940447423 82
1789940448421 98
1789940449640 810
1789940451893 83
1789940452241 110
1789940452905 97
1789940453476 98
1789940454688 97
1789940455329 98
1789940455999 97
1789940456654 112
1789940460299 83
1789940461045 96
1789940462146 105
1789940464067 786
1789940465412 98
1789940466517 98
1789940467631 95
1789940468270 97
1789940468911 98
1789940469557 98
1789940473212 98
1789940473822 96
1789940474773 97
1789940476499 104
1789940477135 100
1789940478041 808
1789940480170 98
1789940480830 99
1789940481474 99
1789940482138 100
1789940486251 95
1789940486905 97
1789940487554 99
1789940489196 99
1789940489847 113
1789940490503 98
1789940491904 85
1789940492542 809
1789940493887 98
1789940494530 97
1789940498901 99
1789940500081 99
1789940500743 97
1789940501666 99
1789940502322 96
1789940502959 100
1789940503610 99
1789940504754 108
1789940505412 98
1789940506064 99
1789940506724 811
1789940511887 98
1789940512966 98
1789940513607 98
1789940514559 83
1789940515176 98
1789940515813 97
1789940517265 96
1789940517901 99
1789940518550 111
1789940519225 96
1789940523243 806
1789940525651 97
1789940526295 105
1789940526947 96
1789940527589 97
1789940528238 83
1789940528859 97
1789940529967 97
1789940530612 111
1789940531283 98
1789940531905 97
1789940536355 97
1789940536986 98
1789940538396 824
1789940539739 109
1789940540374 98
1789940540971 113
1789940541644 99
1789940542760 99
1789940543402 98
1789940544060 113
1789940544742 83
1789940549152 98
1789940549798 98
1789940551081 97
1789940551723 124
1789940552386 98
1789940553045 830
1789940554404 112
1789940555085 97
1789940555737 98
1789940556395 97
1789940557321 97
1789940557949 108
1789940562114 84
1789940562708 98
1789940563826 93
1789940564479 97
1789940565428 95
1789940566368 97
1789940567020 98
1789940567675 807
1789940569021 98
1789940570161 84
1789940570513 111
1789940571191 86
1789940574704 97
1789940575629 98
1789940576581 97
1789940577238 99
1789940577894 97
1789940578529 98
1789940579540 98
1789940580489 99
1789940581088 103
1789940582424 808
1789940583774 115
1789940587778 99
1789940588423 97
1789940589646 98
1789940590295 109
1789940590935 98
1789940592439 113
1789940593120 95
1789940593758 98
1789940595066 104
1789940595703 98
1789940599595 794
1789940601105 99
1789940602056 98
1789940602717 95
1789940603264 97
1789940603906 97
1789940604874 99
1789940605523 99
1789940606194 84
1789940607809 99
1789940612474 98
1789940614139 817
1789940615496 113
1789940616173 83
1789940616546 98
1789940617565 98
1789940618209 99
1789940619600 102
1789940620251 84
1789940624778 83
1789940625395 112
1789940626953 100
1789940627624 98
1789940628697 810
1789940630066 98
1789940630729 109
1789940631395 99
1789940632068 83
1789940632755 99
1789940633416 112
1789940637491 97
1789940638611 100
1789940639574 98
1789940640237 99
1789940640894 110
1789940641553 111
1789940642521 98
1789940643167 803
1789940644523 100
1789940645170 97
1789940645819 98
1789940646472 97
1789940651064 97
1789940651994 99
1789940652636 97
1789940653295 103
1789940653953 99
1789940654611 98
1789940655550 84
1789940656306 99
1789940656978 99
1789940657613 823
1789940658971 106
1789940662972 99
1789940663638 97
1789940665077 110
1789940665722 83
1789940666346 97
1789940666987 98
1789940667635 99
1789940668284 98
1789940669291 99
1789940669938 98
1789940670590 113
1789940671254 99
1789940675479 808
1789940678141 110
1789940679179 98
1789940679795 97
1789940680442 98
1789940681405 85
1789940681778 99
1789940682434 97
1789940683086 98
1789940684027 99
1789940687961 99
1789940688551 97
1789940690262 812
1789940691616 100
1789940692270 97
1789940692925 99
1789940694355 100
1789940694992 99
1789940695632 98
1789940696756 98
1789940700102 98
1789940701114 99
1789940702837 100
1789940703774 99
1789940704441 97
1789940705083 811
1789940706943 99
1789940707587 99
1789940708247 100
1789940708892 98
1789940709548 98
1789940712961 97
1789940713603 98
1789940715337 97
1789940716000 96
1789940716624 97
1789940717272 98
1789940718346 96
1789940719181 97
1789940719814 812
1789940721159 102
1789940721639 98
1789940722292 110
1789940722947 99
1789940725934 98
1789940726585 98
1789940728208 99
1789940728834 111
1789940729501 99
1789940730513 99
1789940731153 99
1789940732085 99
1789940732729 99
1789940733377 99
1789940734345 813
1789940738408 98
1789940739393 99
1789940740584 99
1789940742005 98
1789940742644 111
1789940743282 99
1789940743946 113
1789940744631 84
1789940745250 100
1789940745913 98
1789940746566 115
1789940747233 99
1789940750328 810
1789940752594 96
1789940753811 100
1789940754441 110
1789940755110 121
1789940756336 99
1789940756992 100
1789940757660 97
1789940758294 100
1789940758946 115
1789940759595 100
1789940760250 99
1789940763090 100
1789940764529 808
1789940766655 98
1789940767567 98
1789940768225 99
1789940769207 105
1789940769858 99
1789940770516 97
1789940771158 97
1789940771788 98
1789940772421 100
1789940773075 112
1789940775795 99
1789940777611 98
1789940778267 99
1789940779775 800
1789940781136 99
1789940782067 99
1789940782726 99
1789940783393 98
1789940784062 97
1789940784710 99
1789940785379 99
1789940786377 97
1789940788611 83
1789940790583 99
1789940792692 99
1789940793354 98
1789940794314 830
1789940795703 97
1789940796605 103
1789940797238 99
1789940798399 99
1789940799046 102
1789940801542 97
1789940802771 98
1789940803427 98
1789940805130 98
1789940806041 99
1789940806705 98
1789940807346 99
1789940807995 98
1789940808642 826
1789940809987 100
1789940810618 97
1789940811273 98
1789940811910 100
1789940814116 99
1789940815761 100
1789940816423 112
1789940818634 100
1789940819284 99
1789940819942 100
1789940821080 98
1789940821744 100
1789940822854 814
1789940824201 98
1789940825193 98
1789940826600 99
1789940828363 111
1789940829030 98
1789940831444 98
1789940832111 96
1789940832747 98
1789940833381 98
1789940834031 97
1789940834665 99
1789940835609 98
1789940836669 99
1789940837623 816
1789940839271 100
1789940841055 83
1789940841681 97
1789940842335 96
1789940844131 98
1789940844778 98
1789940845434 97
1789940846093 99
1789940846755 103
1789940847418 99
1789940848087 98
1789940849319 97
1789940851044 98
1789940851689 84
1789940852905 803
1789940855077 100
1789940856801 98
1789940857443 99
1789940858073 98
1789940858721 98
1789940859369 99
1789940860039 100
1789940860699 113
1789940861303 99
1789940862268 99
1789940864304 99
1789940866156 98
1789940867573 815
1789940869411 99
1789940870066 98
1789940870737 98
1789940871394 96
1789940872051 99
1789940872712 98
1789940873370 113
1789940874039 98
1789940875182 98
1789940877495 85
1789940878630 99
1789940880185 99
1789940881431 83
1789940882215 817
1789940883597 98
1789940884250 99
1789940884918 97
1789940885584 97
1789940885947 99
1789940886610 113
1789940887272 98
1789940887919 97
1789940890393 98
1789940891041 99
1789940892902 81
1789940894804 99
1789940895453 112
1789940896049 83
1789940896663 816
1789940898037 100
1789940899030 97
1789940899663 111
1789940900308 99
1789940902687 99
1789940903825 100
1789940906183 99
1789940907604 98
1789940908559 99
1789940909206 99
1789940909881 97
1789940911127 817
1789940912479 99
1789940913124 114
1789940915197 111
1789940916629 97
1789940917250 99
1789940918410 100
1789940920336 112
1789940921018 112
1789940921675 99
1789940922340 98
1789940922997 98
1789940923965 98
1789940924620 108
1789940926668 832
1789940929810 84
1789940930995 99
1789940932653 99
1789940933264 100
1789940934212 106
1789940934874 99
1789940935539 98
1789940936545 98
1789940937181 99
1789940937843 99
1789940939329 98
1789940942247 822
1789940943555 99
1789940945351 113
1789940946031 84
1789940946864 110
1789940947530 98
1789940948150 98
1789940948818 98
1789940949754 97
1789940950697 98
1789940952067 99
1789940955156 95
1789940955778 99
1789940957210 817
1789940959065 99
1789940960021 83
1789940960648 100
1789940961332 84
1789940962234 100
1789940962892 97
1789940963534 98
1789940964182 98
1789940964838 111
1789940967811 98
1789940968446 111
1789940970093 111
1789940970771 124
1789940971740 822
1789940973479 85
1789940973827 112
1789940974500 99
1789940975166 111
1789940975823 99
1789940976493 100
1789940977461 100
1789940980653 97
1789940981321 98
1789940982990 100
1789940984012 99
1789940985148 111
1789940985791 99
1789940986465 823
1789940988144 98
1789940988806 114
1789940989472 99
1789940990119 100
1789940993238 97
1789940993851 99
1789940995646 97
1789940996570 97
1789940997991 100
1789940998658 99
1789940999330 99
1789940999991 100
1789941000660 99
1789941002066 823
1789941005607 98
1789941007362 99
1789941008001 106
1789941009341 100
1789941010856 96
1789941011491 99
1789941012160 96
1789941013067 98
1789941013740 97
1789941014400 99
1789941015070 97
1789941017305 819
1789941019137 83
1789941019761 97
1789941021471 99
1789941023668 97
1789941024296 100
1789941024939 98
1789941025594 99
1789941026242 107
1789941027194 98
1789941027845 99
1789941030442 97
1789941031698 821
1789941033982 99
1789941034619 97
1789941036052 98
1789941036554 102
1789941037222 98
1789941038379 98
1789941040121 99
1789941041136 100
1789941042842 99
1789941043481 99
1789941044909 100
1789941046635 839
1789941048064 113
1789941048743 101
1789941049405 100
1789941050057 99
1789941050690 100
1789941051337 111
1789941052021 100
1789941053159 98
1789941054461 100
1789941055457 83
1789941056255 99
1789941057966 99
1789941059440 99
1789941060098 100
1789941061061 98
1789941061715 824
1789941063099 107
1789941063780 99
1789941064789 99
1789941065440 124
1789941067406 97
1789941068057 96
1789941070014 110
1789941070968 98
1789941071635 98
1789941072280 98
1789941072949 97
1789941073878 100
1789941074522 100
1789941075199 108
1789941075884 98
1789941076816 820
1789941078550 100
1789941080273 100
1789941080949 100
1789941082410 113
1789941084744 100
1789941085909 100
1789941086564 99
1789941087521 100
1789941088187 100
1789941088849 93
1789941090000 100
1789941092233 805
1789941094034 97
1789941095269 98
1789941097051 97
1789941097597 100
1789941098599 99
1789941099257 97
1789941099911 100
1789941100864 98
1789941101448 99
1789941102862 99
1789941105410 84
1789941107229 834
1789941109562 99
1789941110213 102
1789941111532 98
1789941112198 113
1789941113175 99
1789941113830 100
1789941114483 99
1789941115154 99
1789941115802 97
1789941118401 99
1789941120551 99
1789941121796 839
1789941123180 99
1789941124332 100
1789941124997 112
1789941126141 108
1789941126795 100
1789941127452 100
1789941128112 99
1789941128775 100
1789941130881 113
1789941131521 99
1789941133456 101
1789941134692 99
1789941135848 100
1789941136528 826
1789941137919 85
1789941138901 85
1789941140168 85
1789941140800 106
1789941141460 100
1789941143742 108
1789941144416 99
1789941146216 85
1789941147141 100
1789941147786 100
1789941148436 99
1789941149589 97
1789941150220 99
1789941151363 806
1789941153028 100
1789941153661 98
1789941154329 85
1789941156536 99
1789941157212 113
1789941158740 99
1789941161040 100
1789941161703 111
1789941162381 105
1789941163388 99
1789941164045 99
1789941164695 98
1789941165334 102
1789941165990 836
1789941167382 113
1789941169114 100
1789941170074 98
1789941171959 99
1789941173321 100
1789941174280 99
1789941174860 98
1789941175522 122
1789941176189 111
1789941176871 99
1789941177548 85
1789941178195 99
1789941178845 114
1789941180855 819
1789941182786 101
1789941184721 98
1789941186224 99
1789941187373 99
1789941188023 100
1789941188680 107
1789941189340 99
1789941190014 99
1789941190687 98
1789941191638 101
1789941192287 113
1789941193715 100
1789941194959 99
1789941197009 824
1789941199228 100
1789941199899 98
1789941200563 98
1789941201183 98
1789941201858 100
1789941202520 98
1789941203168 100
1789941203826 100
1789941204473 102
1789941205123 105
1789941205780 101
1789941206433 102
1789941208303 114
1789941209781 98
1789941211459 827
1789941213138 99
1789941213791 114
1789941214463 113
1789941215142 100
1789941216607 85
1789941217231 100
1789941217892 100
1789941219040 86
1789941219395 113
1789941221972 99
1789941222617 98
1789941224393 85
1789941225015 97
1789941225670 99
1789941226618 828
1789941227929 103
1789941229385 98
1789941230040 112
1789941231195 100
1789941232153 98
1789941235044 99
1789941235713 108
1789941237209 100
1789941237847 104
1789941238540 98
1789941239190 99
1789941239862 99
1789941241968 830
1789941243356 114
1789941244324 99
1789941244975 97
1789941247442 98
1789941248095 99
1789941249539 100
1789941250217 113
1789941251188 99
1789941251832 100
1789941252496 99
1789941254824 98
1789941255484 98
1789941256506 838
1789941257906 100
1789941260627 100
1789941261320 98
1789941261977 112
1789941263014 100
1789941263670 99
1789941264310 101
1789941264966 100
1789941267440 112
1789941268119 98
1789941269066 84
1789941269869 99
1789941270524 99
1789941273088 828
1789941274456 100
1789941275109 113
1789941275783 102
1789941276448 99
1789941277124 99
1789941277776 98
1789941280101 98
1789941280761 99
1789941281414 112
1789941282740 85
1789941283511 98
1789941285651 99
1789941286278 84
1789941287882 830
1789941289261 100
1789941289900 99
1789941290556 113
1789941292825 114
1789941293479 99
1789941294120 99
1789941294786 99
1789941295573 113
1789941296258 86
1789941298764 99
1789941299425 112
1789941300450 98
1789941301401 100
1789941302047 99
1789941302710 837
1789941305717 101
1789941306720 102
1789941307388 100
1789941308412 99
1789941309070 99
1789941311592 98
1789941313012 113
1789941313687 99
1789941314352 84
1789941315284 101
1789941317671 822
1789941319340 100
1789941319966 99
1789941321413 99
1789941324242 99
1789941325197 99
1789941325855 99
1789941326512 99
1789941327162 97
1789941327801 114
1789941330557 85
1789941331436 98
1789941332105 829
1789941334404 100
1789941337015 99
1789941337643 98
1789941338314 98
1789941339254 83
1789941340384 100
1789941342993 113
1789941344081 99
1789941344764 98
1789941346109 97
1789941346762 825
1789941349872 100
1789941350536 83
1789941351162 100
1789941352305 98
1789941352951 98
1789941353575 113
1789941355250 99
1789941356851 100
1789941357524 99
1789941359173 100
1789941359838 99
1789941361800 831
1789941363201 105
1789941363845 100
1789941364497 126
1789941365187 106
1789941365843 101
1789941366517 100
1789941368754 98
1789941369377 100
1789941370481 105
1789941371140 103
1789941371787 98
1789941372441 120
1789941374815 105
1789941375482 100
1789941376090 100
1789941376739 829
1789941378124 101
1789941378796 97
1789941381427 99
1789941382096 99
1789941383068 99
1789941383721 101
1789941384379 97
1789941385019 100
1789941385672 101
1789941387801 99
1789941388462 112
1789941389124 99
1789941389788 98
1789941390449 100
1789941391112 100
1789941391767 841
1789941394323 100
1789941394971 99
1789941396130 99
1789941396778 99
1789941398255 111
1789941399361 114
1789941400597 101
1789941401276 98
1789941401936 99
1789941402590 120
1789941403252 100
1789941403897 100
1789941404567 109
1789941406497 114
1789941407858 841
1789941409256 99
1789941409936 100
1789941411820 100
1789941412488 85
1789941413119 101
1789941413783 101
1789941414747 85
1789941415353 112
1789941416039 99
1789941416690 99
1789941419537 84
1789941420837 99
1789941421492 100
1789941422533 837
1789941424890 100
1789941425568 99
1789941426235 99
1789941427562 99
1789941428238 99
1789941429260 100
1789941429923 86
1789941431911 115
1789941433353 99
1789941434026 100
1789941435514 99
1789941436669 100
1789941437807 817
1789941439480 101
1789941440425 100
1789941441065 99
1789941441745 100
1789941442410 112
1789941442873 86
1789941444492 100
1789941446104 100
1789941446776 100
1789941447444 101
1789941448114 115
1789941449414 85
1789941450624 99
1789941451292 99
1789941451958 100
1789941452612 833
1789941453996 100
1789941454650 100
1789941455319 113
1789941455992 101
1789941456944 101
1789941458738 99
1789941459401 99
1789941461011 100
1789941462342 99
1789941463494 99
1789941464129 105
1789941464758 100
1789941465896 100
1789941466526 114
1789941467203 830
1789941468595 100
1789941470122 101
1789941471947 113
1789941472607 104
1789941473762 101
1789941474984 99
1789941475930 101
1789941476935 100
1789941477573 99
1789941479190 100
1789941479851 98
1789941480511 101
1789941481979 837
1789941484464 100
1789941485703 101
1789941486363 101
1789941488088 100
1789941488748 95
1789941489890 99
1789941490545 101
1789941491776 102
1789941492407 100
1789941493058 100
1789941493725 100
1789941494398 98
1789941496803 821
1789941498685 112
1789941499351 86
1789941500984 100
1789941501640 98
1789941503305 84
1789941504724 99
1789941505388 85
1789941506528 99
1789941507187 100
1789941509166 100
1789941510479 101
1789941511465 837
1789941512834 100
1789941513999 99
1789941514673 97
1789941515630 99
1789941516298 85
1789941517415 100
1789941518096 99
1789941518758 97
1789941519411 121
1789941522390 99
1789941523467 99
1789941524430 97
1789941525526 99
1789941526206 833
1789941528560 100
1789941529232 99
1789941529892 99
1789941530529 100
1789941531215 99
1789941531885 100
1789941532841 100
1789941535063 100
1789941536735 97
1789941538763 100
1789941539424 113
1789941540597 84
1789941541381 846
1789941543083 99
1789941543747 99
1789941544379 112
1789941545065 100
1789941545733 99
1789941547375 100
1789941549480 99
1789941552057 101
1789941553510 100
1789941554166 99
1789941554953 99
1789941555601 100
1789941556298 848
1789941558211 86
1789941560327 113
1789941562137 102
1789941564680 101
1789941566154 100
1789941567109 101
1789941567783 100
1789941568461 108
1789941569118 99
1789941569784 101
1789941570430 113
1789941572073 832
1789941574575 100
1789941575156 100
1789941577716 104
1789941578685 100
1789941579999 99
1789941580659 84
1789941581516 99
1789941582475 99
1789941583128 99
1789941584973 100
1789941586646 820
1789941587740 106
1789941590476 100
1789941591115 98
1789941591768 85
1789941592862 103
1789941593524 113
1789941594209 98
1789941594847 100
1789941595521 114
1789941596218 100
1789941598593 99
1789941599264 100
1789941599932 98
1789941602594 836
1789941604329 100
1789941604988 113
1789941605669 100
1789941606307 98
1789941606960 114
1789941607642 99
1789941608306 100
1789941608935 99
1789941611227 99
1789941612189 99
1789941612856 100
1789941615945 99
1789941616587 99
1789941617262 835
1789941618661 85
1789941619040 99
1789941620200 101
1789941620851 100
1789941621532 100
1789941623890 100
1789941625048 101
1789941625708 86
1789941628009 100
1789941628970 99
1789941629652 98
1789941630897 101
1789941631562 99
1789941632221 846
1789941633626 99
1789941634294 99
1789941636428 100
1789941637946 99
1789941638618 99
1789941640988 100
1789941641652 99
1789941643590 99
1789941644259 98
1789941644911 106
1789941645584 86
1789941646290 101
1789941648935 835
1789941650330 101
1789941651004 97
1789941651655 113
1789941654038 99
1789941654647 104
1789941656304 101
1789941656980 86
1789941657840 101
1789941658496 100
1789941659641 100
1789941661375 100
1789941662052 100
1789941663053 100
1789941663720 827
1789941666910 100
1789941667584 99
1789941669277 113
1789941669967 98
1789941670628 99
1789941671307 113
1789941672281 86
1789941673769 100
1789941674809 87
1789941675925 87
1789941676308 100
1789941678665 839
1789941680065 100
1789941680750 114
1789941681722 100
1789941682392 109
1789941683067 100
1789941683718 118
1789941684383 108
1789941685055 113
1789941686298 100
1789941687767 100
1789941688436 98
1789941689444 100
1789941692569 101
1789941693239 98
1789941693893 851
1789941695283 101
1789941695955 100
1789941696623 101
1789941697783 100
1789941698458 100
1789941699130 99
1789941700550 100
1789941701504 100
1789941702694 100
1789941704945 113
1789941705976 101
1789941706646 100
1789941707317 101
1789941707985 99
1789941708646 86
1789941709024 846
1789941710346 99
1789941711017 84
1789941711997 99
1789941713534 101
1789941714135 93
1789941715519 109
1789941717794 100
1789941718977 99
1789941719656 114
1789941720328 100
1789941720993 101
1789941721648 100
1789941722325 101
1789941723279 100
1789941724246 843
1789941726389 100
1789941727366 102
1789941728511 101
1789941730819 91
1789941731696 107
1789941732317 99
1789941733000 99
1789941733667 100
1789941734595 100
1789941735255 99
1789941735916 99
1789941736561 113
1789941737564 99
1789941738517 99
1789941739487 839
1789941740815 100
1789941743455 99
1789941744410 99
1789941745063 99
1789941745725 99
1789941746399 100
1789941747074 100
1789941748259 100
1789941749623 99
1789941750286 115
1789941751712 99
1789941752714 109
1789941753379 120
1789941755476 872
1789941757477 100
1789941758148 105
1789941759371 97
1789941760020 96
1789941760652 98
1789941761300 100
1789941761977 109
1789941762635 99
1789941763307 99
1789941764449 85
1789941765411 99
1789941766067 99
1789941768475 98
1789941769614 100
1789941770287 98
1789941772017 838
1789941773411 114
1789941773890 100
1789941774562 113
1789941775872 99
1789941776830 101
1789941778242 98
1789941778916 99
1789941781447 99
1789941782762 104
1789941785143 100
1789941786486 100
1789941787446 840
1789941788769 100
1789941789428 113
1789941791190 102
1789941794373 101
1789941795031 101
1789941795648 100
1789941797445 100
1789941798104 101
1789941798776 100
1789941799441 102
1789941800116 101
1789941800781 101
1789941801449 99
1789941803221 842
1789941804620 101
1789941807109 101
1789941807776 100
1789941808447 114
1789941808934 86
1789941809697 85
1789941810622 100
1789941811272 100
1789941812454 100
1789941813096 101
1789941813767 101
1789941814417 102
1789941816231 100
1789941819499 838
1789941820895 100
1789941821567 105
1789941822538 87
1789941823353 102
1789941824025 100
1789941824986 101
1789941825650 99
1789941826214 98
1789941826880 99
1789941828973 101
1789941829628 99
1789941832694 100
1789941834297 842
1789941835692 100
1789941836358 112
1789941837042 104
1789941837702 124
1789941838379 100
1789941839050 101
1789941839714 116
1789941841947 84
1789941842303 114
1789941845399 100
1789941846069 100
1789941846740 99
1789941847672 101
1789941848330 102
1789941849286 844
1789941850685 114
1789941851337 113
1789941852019 99
1789941852685 100
1789941854987 99
1789941858184 101
1789941858865 101
1789941859547 101
1789941860708 100
1789941861373 85
1789941862016 100
1789941862704 98
1789941863369 100
1789941864043 843
1789941865442 99
1789941866117 99
1789941868402 101
1789941869078 111
1789941870822 100
1789941871479 99
1789941872133 102
1789941873361 101
1789941874031 115
1789941874714 101
1789941875378 101
1789941876033 101
1789941876680 114
1789941880427 830
1789941881526 86
1789941883848 86
1789941905376 854
1789941906516 117
1789941906820 110
1789941907140 121
1789941907523 92
1789941907776 123
1789941909946 112
1789941959125 861
1789941960253 100
1789941961135 126
1789941961571 87
1789941961882 100
1789941962235 103
1789941962665 100
1789941963099 103
1789941963469 86
1789941963876 99
1789941964308 106
1789941964724 114
1789941965113 101
1789941965541 101
1789941965952 102
1789941966389 116
1789941966857 102
1789941967160 117
1789941967639 98
1789941968034 101
1789941968450 113
1789941968902 101
1789941969324 101
1789941969777 97
1789941970212 111
1789941970579 122
1789941971013 112
1789941971965 111
1789941972416 100
1789941972879 101
1789941973297 96
1789941973955 99
1789941974245 867
1789941975416 100
1789941975844 99
1789941976260 84
1789941977033 111
1789941977470 119
1789941977926 108
1789941978366 121
1789941978818 119
1789941979549 95
1789941979973 107
1789941980374 111
1789941980698 107
1789941981612 120
1789941982042 128
1789941982479 107
1789941982919 121
1789941983631 93
1789941984043 107
1789941984375 108
1789941984812 106
1789941985184 122
1789941985905 106
1789941986325 108
1789941986740 105
1789941987165 121
1789941987563 107
1789941987990 108
1789941988909 107
1789941989282 880
1789941990459 118
1789941990922 108
1789941991359 120
1789941991803 114
1789941992230 107
1789941992687 126
1789941993133 108
1789941993572 126
1789941993998 107
1789941994459 108
1789941994833 123
1789941995281 108
1789941995708 143
1789941996171 122
1789941996636 115
1789941997031 109
1789941997492 102
1789941997932 101
1789941998317 118
1789941998770 85
1789941999194 114
1789941999661 114
1789942000091 113
1789942000539 100
1789942000984 100
1789942001417 99
1789942001838 99
1789942002256 116
1789942002715 98
1789942003130 114
1789942003559 100
1789942003880 100
1789942004281 852
1789942005407 100
1789942005832 102
1789942006483 113
1789942006933 100
1789942007305 111
1789942007630 120
1789942008066 104
1789942008497 98
1789942009161 99
1789942009559 102
1789942010006 100
1789942010364 86
1789942010765 100
1789942011185 86
1789942011423 100
1789942011838 108
1789942012274 89
1789942012687 100
1789942013130 106
1789942013563 101
1789942014005 101
1789942014691 100
1789942015111 113
1789942015579 100
1789942015882 102
1789942016313 113
1789942016768 103
1789942017193 103
1789942017633 103
1789942018069 113
1789942018512 105
1789942018782 100
1789942019184 126
1789942019627 871
1789942020670 100
1789942021099 115
1789942021541 99
1789942021959 113
1789942022426 98
1789942022855 99
1789942023277 112
1789942023724 100
1789942024145 102
1789942024580 101
1789942025027 113
1789942025481 84
1789942025902 114
1789942026349 99
1789942026792 114
1789942027242 100
1789942027678 98
1789942028067 99
1789942028508 100
1789942028936 112
1789942029386 112
1789942029842 100
1789942030301 103
1789942030748 100
1789942031200 100
1789942031646 99
1789942032073 99
1789942032500 108
1789942032940 108
1789942033386 106
1789942033824 106
1789942034255 121
1789942034645 861
1789942035853 107
1789942036295 107
1789942036757 121
1789942037215 121
1789942037675 130
1789942038125 107
1789942038579 128
1789942038952 120
1789942039359 107
1789942039694 109
1789942040150 105
1789942040573 108
1789942041015 108
1789942041444 121
1789942041901 108
1789942042297 93
1789942042718 107
1789942043155 108
1789942043608 119
1789942044056 107
1789942044500 120
1789942044955 107
1789942045411 108
1789942045697 109
1789942046159 120
1789942046529 106
1789942046963 108
1789942047399 108
1789942047837 120
1789942048261 93
1789942048683 107
1789942049122 109
1789942049571 107
1789942049996 873
1789942051191 94
1789942051580 107
1789942052154 114
1789942052582 107
1789942053294 108
1789942053753 127
1789942054443 93
1789942054715 111
1789942055163 112
1789942055632 107
1789942055942 107
1789942056391 107
1789942056806 109
1789942057264 95
1789942057685 105
1789942058122 108
1789942058586 108
1789942059017 108
1789942059456 107
1789942059850 108
1789942060154 114
1789942060525 98
1789942060939 99
1789942061378 128
1789942061832 114
1789942062282 112
1789942062696 100
1789942063129 98
1789942063562 102
1789942064007 101
1789942064349 99
1789942064762 101
1789942065208 850
1789942066337 111
1789942066786 112
1789942067235 113
1789942067680 101
1789942068122 99
1789942068578 98
1789942068949 107
1789942069391 101
1789942069842 102
1789942070267 85
1789942070554 113
1789942070960 103
1789942071411 99
1789942071854 113
1789942072257 112
1789942072689 102
1789942073108 99
1789942073547 120
1789942074002 117
1789942074424 111
1789942074871 102
1789942075310 100
1789942075733 115
1789942076168 100
1789942076529 100
1789942077150 102
1789942077596 102
1789942077921 99
1789942078364 113
1789942078813 100
1789942079243 99
1789942079673 102
1789942080112 104
1789942080550 869
1789942081742 130
1789942082147 102
1789942082582 113
1789942083024 110
1789942083460 115
1789942083923 102
1789942084370 102
1789942084804 127
1789942085257 115
1789942085702 101
1789942086078 102
1789942086517 87
1789942087034 113
1789942087464 103
1789942087840 120
1789942088302 130
1789942088772 125
1789942089231 88
1789942089629 115
1789942090096 100
1789942090388 113
1789942090853 100
1789942091178 117
1789942091552 99
1789942091962 98
1789942092383 113
1789942092841 100
1789942093258 98
1789942093693 112
1789942094102 114
1789942094532 100
1789942094993 99
1789942095449 101
1789942095880 857
1789942097060 100
1789942097480 115
1789942097930 101
1789942098357 100
1789942099071 102
1789942099513 100
1789942099934 102
1789942100361 99
1789942100782 103
1789942101218 113
1789942101654 101
1789942102089 100
1789942102404 113
1789942102869 116
1789942103202 101
1789942103647 107
1789942104078 100
1789942104523 100
1789942104955 115
1789942105398 102
1789942105833 113
1789942106286 119
1789942106670 107
1789942107100 121
1789942107530 108
1789942107961 108
1789942108371 107
1789942108790 121
1789942109227 106
1789942109626 106
1789942110044 131
1789942110477 94
1789942110721 120
1789942111174 860
1789942112392 117
1789942112849 108
1789942113288 107
1789942113749 104
1789942114208 105
1789942114589 104
1789942115001 108
1789942115457 122
1789942115851 120
1789942116307 107
1789942116765 120
1789942117218 93
1789942117622 110
1789942118070 92
1789942118313 115
1789942118707 121
1789942118989 117
1789942119418 107
1789942119769 106
1789942120028 107
1789942120479 107
1789942120936 106
1789942121385 119
1789942121865 119
1789942122298 106
1789942122733 106
1789942123173 105
1789942123559 119
1789942123875 108
1789942124325 107
1789942124792 105
1789942125125 124
1789942125565 131
1789942126013 106
1789942126413 867
1789942127625 120
1789942128066 127
1789942128508 121
1789942128979 108
1789942129410 115
1789942129853 107
1789942130541 123
1789942130988 121
1789942131430 108
1789942131874 107
1789942132308 117
1789942132764 122
1789942133169 110
1789942133569 109
1789942134000 111
1789942134437 94
1789942134860 121
1789942135281 122
1789942135739 122
1789942136181 120
1789942136619 110
1789942137092 128
1789942137562 108
1789942138030 109
1789942138484 120
1789942138935 121
1789942139410 125
1789942139830 108
1789942140295 134
1789942140757 122
1789942141085 122
1789942141551 888
1789942142775 120
1789942143184 118
1789942143517 98
1789942143945 112
1789942144393 118
1789942144681 110
1789942145118 100
1789942145412 112
1789942145843 100
1789942146293 120
1789942146757 102
1789942147192 102
1789942147648 99
1789942148084 98
1789942148456 100
1789942148876 100
1789942149321 101
1789942149752 113
1789942150198 120
1789942150659 100
1789942151313 102
1789942151759 119
1789942152193 100
1789942152647 113
1789942153096 113
1789942153530 99
1789942153971 100
1789942154408 100
1789942154683 97
1789942155113 104
1789942155533 112
1789942155977 111
1789942156427 112
1789942156883 874
1789942158089 100
1789942158552 101
1789942158931 107
1789942159369 105
1789942159826 98
1789942160111 87
1789942160338 87
1789942160714 87
1789942160950 85
1789942161161 89
1789942161353 87
1789942161564 87
1789942161770 88
1789942161985 90
1789942162186 86
1789942162636 89
1789942162817 86
1789942162996 87
1789942163161 85
1789942163584 86
1789942163823 85
1789942164003 85
1789942164181 84
1789942164470 86
1789942164649 85
1789942164899 86
1789942165155 86
1789942165402 85
1789942165826 86
1789942169034 82
1789942170213 97
1789942177972 845
1789942179056 97
1789942179461 109
1789942180194 110
1789942181110 99
1789942186957 110
1789942188080 96
1789942188281 84
1789942188597 97
1789942188945 97
1789942189290 97
1789942189627 99
1789942191526 110
1789942197782 854
1789942198892 112
1789942199257 113
1789942199612 112
1789942199975 110
1789942207759 109
1789942208107 110
1789942208476 97
1789942208828 101
1789942209302 96
1789942209647 110
1789942210573 110
1789942216006 866
1789942218346 111
1789942218707 97
1789942219053 110
1789942219413 96
1789942219760 113
1789942222211 122
1789942227622 97
1789942227976 110
1789942228336 110
1789942228696 117
1789942229053 83
1789942229242 111
1789942229783 97
1789942231607 855
1789942234108 114
1789942235953 100
1789942238528 110
1789942238885 99
1789942239242 96
1789942239969 110
1789942240315 99
1789942241024 111
1789942248174 853
1789942249289 99
1789942250003 96
1789942250336 110
1789942258145 98
1789942258493 96
1789942258827 110
1789942259189 97
1789942259532 97
1789942259874 110
1789942260607 85
1789942267722 855
1789942268822 96
1789942269158 111
1789942269516 97
1789942269863 110
1789942270225 98
1789942272657 84
1789942277190 103
1789942278096 96
1789942278434 96
1789942278761 110
1789942279123 97
1789942279478 111
1789942280029 98
1789942280384 98
1789942280719 96
1789942287514 871
1789942288630 98
1789942288978 98
1789942289332 118
1789942289687 99
1789942290036 97
1789942290548 111
1789942291272 99
1789942297690 110
1789942298047 109
1789942298405 109
1789942298764 98
1789942299113 97
1789942299469 110
1789942299826 104
1789942300171 96
1789942300689 111
1789942306114 856
1789942308274 102
1789942308831 99
1789942309181 97
1789942309516 97
1789942309867 122
1789942310595 98
1789942311247 97
1789942311579 97
1789942318155 98
1789942318672 97
1789942319019 97
1789942319351 111
1789942319713 98
1789942320470 111
1789942321015 100
1789942321366 873
1789942328759 98
1789942329107 97
1789942329651 112
1789942330014 115
1789942330362 112
1789942330730 97
1789942331735 109
1789942332080 120
1789942334603 112
1789942338516 869
1789942339984 111
1789942340344 110
1789942340703 98
1789942341051 97
1789942341776 98
1789942343878 105
1789942349048 97
1789942349393 110
1789942349754 110
1789942350113 110
1789942350849 98
1789942351183 120
1789942352472 97
1789942352820 120
1789942358569 869
1789942359704 114
1789942360067 101
1789942360435 112
1789942360796 120
1789942361157 85
1789942361483 97
1789942362757 109
1789942363480 98
1789942369060 121
1789942369788 110
1789942370332 97
1789942370679 110
1789942371403 110
1789942372417 98
1789942372751 112
1789942378685 861
1789942379783 97
1789942380131 98
1789942380482 109
1789942380841 100
1789942381194 111
1789942381556 97
1789942383760 98
1789942388589 112
1789942389331 97
1789942389862 113
1789942390226 98
1789942390574 97
1789942390930 113
1789942391304 110
1789942395664 854
1789942399092 100
1789942400227 101
1789942400569 118
1789942401109 85
1789942401435 111
1789942402658 97
1789942408265 98
1789942409692 83
1789942410013 96
1789942410359 109
1789942410721 857
1789942411827 87
1789942412168 113
1789942412531 111
1789942413077 111
1789942413808 111
1789942414467 110
1789942420074 97
1789942420606 106
1789942420951 84
1789942421273 84
1789942421601 112
1789942421967 112
1789942428530 859
1789942430238 98
1789942430774 97
1789942431122 111
1789942431462 109
1789942431825 111
1789942436612 97
1789942439192 98
1789942440104 110
1789942440458 97
1789942440792 111
1789942441152 98
1789942441483 98
1789942441837 97
1789942442183 122
1789942448825 870
1789942450492 97
1789942451220 84
1789942451411 111
1789942451773 98
1789942452107 97
1789942452505 97
1789942453042 97
1789942453390 99
1789942453916 98
1789942455458 110
1789942460518 84
1789942461023 97
1789942461371 110
1789942461734 97
1789942462083 111
1789942462799 101
1789942463334 110
1789942469440 859
1789942470557 112
1789942471288 97
1789942471622 98
1789942471973 98
1789942472328 98
1789942472676 97
1789942473218 119
1789942473757 113
1789942475529 97
1789942476880 111
1789942477246 123
1789942480681 111
1789942481041 97
1789942481394 99
1789942481744 118
1789942482101 113
1789942482456 98
1789942483163 98
1789942483511 96
1789942484020 97
1789942485707 857
1789942491492 99
1789942491848 84
1789942492169 97
1789942492745 111
1789942493108 97
1789942493817 111
1789942494360 97
1789942495537 98
1789942498953 83
1789942501280 855
1789942502396 101
1789942502971 102
1789942503346 101
1789942504302 107
1789942504830 98
1789942505729 96
1789942510088 97
1789942511350 97
1789942512259 111
1789942512623 97
1789942512955 111
1789942513501 97
1789942514401 98
1789942514751 84
1789942521327 861
1789942522450 111
1789942522797 97
1789942523145 100
1789942523488 111
1789942523852 99
1789942524184 111
1789942524724 98
1789942525071 98
1789942526490 97
1789942530340 98
1789942531925 99
1789942532276 98
1789942532612 98
1789942532954 97
1789942533287 98
1789942533642 110
1789942534177 110
1789942535375 97
1789942535722 97
1789942538290 854
1789942541736 111
1789942542658 97
1789942543008 118
1789942543364 110
1789942543725 97
1789942544260 111
1789942544625 98
1789942548000 111
1789942551389 97
1789942552447 97
1789942552975 110
1789942553335 111
1789942553690 873
1789942555018 100
1789942555503 99
1789942555852 98
1789942556568 119
1789942562325 110
1789942562855 109
1789942563579 113
1789942563922 101
1789942564261 98
1789942565477 99
1789942565838 111
1789942569437 853
1789942572906 98
1789942573254 110
1789942573612 110
1789942574157 99
1789942574489 100
1789942575207 113
1789942575558 98
1789942576468 99
1789942578963 97
1789942582834 97
1789942583180 110
1789942583541 111
1789942583902 97
1789942584419 111
1789942585330 871
1789942586453 87
1789942587542 99
1789942587893 112
1789942593012 97
1789942593723 111
1789942594084 110
1789942594444 98
1789942594795 97
1789942595315 123
1789942595865 98
1789942596586 111
1789942597874 97
1789942603311 857
1789942604422 98
1789942604761 117
1789942605117 109
1789942605465 111
1789942605812 110
1789942606173 99
1789942607259 97
1789942607982 98
1789942613725 115
1789942614088 97
1789942614435 110
1789942614797 110
1789942615158 98
1789942615500 97
1789942615846 98
1789942617826 98
1789942623278 869
1789942624403 113
1789942624968 101
1789942625331 100
1789942625682 113
1789942626046 110
1789942626406 97
1789942627874 110
1789942628420 110
1789942633497 83
1789942633818 97
1789942634174 111
1789942634705 98
1789942635039 97
1789942635392 97
1789942635725 130
1789942636461 110
1789942636823 99
1789942637177 97
1789942643649 855
1789942644745 120
1789942645108 112
1789942645465 110
1789942645824 84
1789942646150 111
1789942646693 112
1789942647238 111
1789942648817 111
1789942693221 872
1789942710586 860
1789942751751 876
1789942752813 89
1789942754198 103
1789942754706 111
1789942756129 109
1789942756644 122
1789942757122 110
1789942757954 107
1789942759137 108
1789942959792 848
1789942960992 109
1789943055934 875
1789943058509 118
1789943160789 869
1789943162058 104
1789943258769 885
1789943260400 103
1789943262065 103
1789943263369 116
1789943265958 108
1789943266454 107
1789943266850 108
1789943356521 872
1789943357688 91
1789943358077 104
1789943358562 105
1789943359263 118
1789943363594 95
1789943365057 109
1789943367460 108
1789943367890 120
1789943368311 120
1789943369017 122
1789943369689 120
1789943457485 863
1789943458722 105
1789943459187 103
1789943461007 104
1789943462087 104
1789943464595 102
1789943465959 102
1789943471966 108
1789943554341 849
1789943556058 103
1789943556863 116
1789943557331 103
1789943557821 102
1789943558344 101
1789943558790 120
1789943559283 108
1789943559773 116
1789943564276 101
1789943565813 103
1789943657417 883
1789943658989 103
1789943659463 116
1789943660537 102
1789943661031 116
1789943661534 103
1789943661997 115
1789943662479 103
1789943666391 101
1789943667899 103
1789943761494 869
1789943762702 115
1789943763200 109
1789943763629 117
1789943764180 106
1789943764654 104
1789943765888 106
1789943766324 121
1789943766885 105
1789943771011 121
1789943772623 107
1789943865823 881
1789943867143 106
1789943869227 90
1789943869714 107
1789943870825 117
1789943871650 109
1789943873143 116
1789943967608 886
1789943968804 120
1789943969597 129
1789943971177 112
1789943971606 122
1789943973046 125
1789943973606 113
1789943974053 99
1789943974560 127
1789944060573 909
1789944062316 113
1789944065411 117
1789944070366 115
1789944070856 124
1789944073133 116
1789944074810 115
1789944077621 893
1789944078876 100
1789944079305 114
1789944080534 134
1789944161855 894
1789944163198 97
1789944163483 135
1789944164528 114
1789944167466 120
1789944167960 118
1789944172649 114
1789944173173 117
1789944173513 131
1789944176848 126
1789944178747 895
1789944180948 115
1789944181463 126
1789944182001 117
1789944182773 120
1789944183306 130
1789944184825 119
1789944264449 909
1789944266825 117
1789944268681 124
1789944269271 123
1789944269803 136
1789944270963 122
1789944282981 921
1789944284984 130
1789944285506 136
1789944286035 104
1789944287692 132
1789944366652 913
1789944369619 122
1789944370232 122
1789944371345 125
1789944371806 122
1789944382841 927
1789944384245 126
1789944386235 140
1789944388113 122
1789944389384 120
1789944390192 124
1789944390777 118
1789944393455 121
1789944402646 923
1789944404670 127
1789944467495 934
1789944469967 135
1789944472995 127
1789944473556 128
1789944487086 937
1789944488770 131
1789944492196 127
1789944492719 108
1789944494287 136
1789944495120 126
1789944498293 116
1789944504984 1018
1789944506413 130
1789944508026 131
1789944565214 933
1789944566360 143
1789944566937 130
1789944574936 123
1789944576645 124
1789944579337 130
1789944581145 111
1789944595917 930
1789944597320 127
1789944598198 127
1789944598704 141
1789944599252 130
1789944602473 126
1789944603008 114
1789944605339 134
1789944674490 929
1789944676836 128
1789944683259 114
1789944684755 122
1789944697717 942
1789944699064 136
1789944700962 127
1789944701531 145
1789944701976 140
1789944702527 130
1789944703179 129
1789944703485 117
1789944705333 143
1789944705950 144
1789944706512 132
1789944707056 141
1789944707662 130
1789944708177 137
1789944774713 944
1789944776948 133
1789944777626 132
1789944778258 133
1789944779146 136
1789944789407 116
1789944791315 953
1789944803422 146
1789944804735 130
1789944805897 144
1789944806553 119
1789944807129 134
1789944808539 948
1789944809930 135
1789944810431 138
1789944880503 944
1789944881983 137
1789944882637 138
1789944883250 148
1789944884946 135
1789944893612 147
1789944895256 133
1789944904653 954
1789944906887 134
1789944909181 134
1789944909777 135
1789944910662 134
1789944911305 135
1789944911864 147
1789944984943 951
1789944986412 138
1789944987139 138
1789944987811 138
1789944988483 149
1789944996537 151
1789944998111 144
1789945009052 950
1789945011541 137
1789945014764 141
1789945015413 152
1789945016356 141
1789945088908 972
1789945090977 141
1789945091635 138
1789945092272 139
1789945092929 138
1789945101270 140
1789945102610 139
1789945111142 987
1789945113413 139
1789945118307 132
1789945189648 974
1789945191453 141
1789945192170 141
1789945192862 150
1789945195676 142
1789945207214 977
1789945209413 143
1789945213898 155
1789945215809 156
1789945218713 129
1789945219377 142
1789945220373 148
1789945292975 993
1789945294516 166
1789945295194 158
1789945295900 134
1789945296329 132
1789945310354 987
1789945313118 160
1789945318827 145
1789945320415 160
1789945324470 164
1789945395585 967
1789945396991 159
1789945397681 161
1789945398394 160
1789945399152 150
1789945400969 161
1789945416610 993
1789945419541 157
1789945421180 154
1789945422839 153
1789945498390 1001
1789945499886 163
1789945500560 137
1789945501296 138
1789945501686 164
1789945502512 151
1789945503306 148
1789945520239 994
1789945523211 149
1789945524337 142
1789945526546 157
1789945602179 1005
1789945603710 152
1789945604446 165
1789945605175 168
1789945605931 153
1789945607031 154
1789945625145 1026
1789945627875 156
1789945628953 159
1789945630599 160
1789945706492 1004
1789945708104 154
1789945708843 139
1789945709276 169
1789945710413 155
1789945727960 995
1789945730475 155
1789945733022 167
1789945735520 154
1789945737246 153
1789945738667 152
1789945813149 1011
1789945814684 154
1789945815428 170
1789945817662 163
1789945828772 155
1789945829472 156
1789945830565 1026
1789945834182 170
1789945840376 171
1789945842080 157
1789945912970 1025
1789945914555 158
1789945929353 157
1789945931124 1055
1789945932682 165
1789945933409 159
1789945934142 174
1789945934869 160
1789945936870 175
1789945945352 174
1789945947042 145
1789946016499 1029
1789946032365 162
1789946034207 1037
1789946036129 162
1789946036888 186
1789946037645 163
1789946038716 177
1789946039481 174
1789946040206 170
1789946053141 1051
1789946055643 161
1789946132488 1026
1789946134105 185
1789946138935 163
1789946140670 149
1789946142033 151
1789946142756 163
1789946143450 180
1789946144215 167
1789946144967 184
1789946145694 171
1789946159215 1045
1789946160788 151
1789946161988 167
1789946237193 1066
1789946238845 175
1789946239685 171
1789946245601 169
1789946247332 176
1789946248896 181
1789946262422 1060
1789946265093 169
1789946338782 1060
1789946340469 176
1789946341249 186
1789946342063 162
1789946350763 169
1789946352520 168
1789946363795 1049
1789946366344 169
1789946437304 1063
1789946438943 176
1789946439762 189
1789946440577 179
1789946448664 163
1789946449416 190
1789946450611 177
1789946454125 191
1789946455808 1072
1789946458401 177
1789946469093 184
1789946470472 171
1789946539397 1060
1789946541642 178
1789946542402 180
1789946543225 181
1789946545717 179
1789946550260 195
1789946551046 179
1789946551818 180
1789946552628 195
1789946554467 193
1789946557746 1066
1789946560488 175
1789946573389 161
1789946574946 176
1789946644378 1072
1789946646035 176
1789946646796 184
1789946656675 182
1789946657535 184
1789946660518 178
1789946662179 1069
1789946678205 177
1789946680024 1073
1789946749753 1092
1789946751542 178
1789946752385 186
1789946761005 192
1789946761792 186
1789946764207 187
1789946764973 184
1789946766729 182
1789946783857 1075
1789946786198 179
1789946851434 1072
1789946855450 177
1789946856232 182
1789946856982 188
1789946866401 190
1789946867265 195
1789946868011 189
1789946868845 187
1789946869814 1137
1789946871638 200
1789946887149 194
1789946889043 1123
1789946962103 1110
1789946963919 198
1789946971942 199
1789946972734 198
1789946973524 203
1789946974383 201
1789946975259 181
1789946975799 195
1789946976664 209
1789946977497 197
1789946990722 1141
1789946993593 201
1789947069627 1131
1789947073289 191
1789947075216 214
1789947077439 199
1789947078215 212
1789947079162 199
1789947079947 201
1789947080816 205
1789947081606 206
1789947095449 1183
1789947098297 218
1789947178914 1151
1789947181354 206
1789947185557 209
1789947189922 212
1789947190822 226
1789947191688 212
1789947199553 1182
1789947202169 205
1789947279384 1196
1789947281382 213
1789947283740 222
1789947284668 210
1789947285681 210
1789947286549 214
1789947301713 1222
1789947304624 212
1789947384038 1212
1789947385833 231
1789947386763 206
1789947388020 233
1789947388880 216
1789947389733 217
1789947391230 216
1789947400938 241
1789947408165 1222
1789947410760 218
1789947489769 1210
1789947491756 211
1789947496280 228
1789947498538 226
1789947502038 220
1789947502686 242
1789947515760 1210
1789947518272 221
1789947589684 1243
1789947597635 208
1789947598829 208
1789947601307 209
1789947601770 217
1789947602234 211
1789947605581 221
1789947611953 1217
1789947614278 215
1789947621467 237
1789947622641 1378
1789947625820 1488
1789947628144 329
1789947630474 1649
1789947667915 1528
1789947681864 366
1789947740361 1537
1789947743945 373
1789947747204 367
1789947850925 1713
1789948471827 1549
1789948474327 385
1789948475787 381
1789958367574 1677
1789958370769 356
1789958372050 368
1789963207886 1674
1789963255490 1614
1789963258130 396
1789963259484 399
1789963261168 398
1789970235788 1689
1789971109322 1669
1789971111987 397
1789971113354 394
1789971114735 381
1789971116762 375
1789975830961 1668
1789975940477 1677
1789975944148 402
