# timestamp_ms VmRSS_kB VmPeak_kB VmHWM_kB
1786940210237 33424 46000 33424
1786940210319 41180 52404 41180
1786940210391 63320 74692 63320
1786940210463 115528 126884 115528
1786940210534 79544 139688 124232
1786940210555 79968 139688 124232
1786940210576 83080 139688 124232
1786940210598 85436 139688 124232
1786940210620 85436 139688 124232
1786940210641 85840 139688 124232
1786940210664 91008 139688 124232
1786940210685 94576 139688 124232
1786940210707 94576 139688 124232
1786940210728 94576 139688 124232
1786940210749 97204 139688 124232
1786940210771 101144 139688 124232
1786940210792 101144 139688 124232
1786940210813 101144 139688 124232
1786940210835 119428 139688 124232
1786940210907 122684 144284 131880
1786940210982 122872 144284 131880
1786940211030 122880 144284 131880
1786940211078 144532 170984 144532
1786940211150 131820 178764 167500
1786940211171 131820 178764 167500
1786940211192 131820 178764 167500
1786940211215 131820 178764 167500
1786940211237 131820 178764 167500
1786940211259 131820 178764 167500
1786940211280 131820 178764 167500
1786940211301 131820 178764 167500
1786940211323 131820 178764 167500
1786940211345 131820 178764 167500
1786940211366 133696 178764 167500
1786940211388 135136 178764 167500
1786940211409 135276 178764 167500
1786940211430 135284 178764 167500
1786940211452 135284 178764 167500
1786940211474 135284 178764 167500
1786940211494 135284 178764 167500
1786940211516 135284 178764 167500
1786940211537 135284 178764 167500
1786940211559 135284 178764 167500
1786940211580 135284 178764 167500
1786940211601 135284 178764 167500
1786940211622 135284 178764 167500
1786940211644 135284 178764 167500
1786940211665 135284 178764 167500
1786940211687 135284 178764 167500
1786940211708 135284 178764 167500
1786940211729 135284 178764 167500
1786940211751 135284 178764 167500
1786940211772 135284 178764 167500
1786940211793 135284 178764 167500
1786940211814 135540 178764 167500
1786940211835 135540 178764 167500
1786940211856 135540 178764 167500
1786940211877 135540 178764 167500
1786940211899 135540 178764 167500
1786940211919 135540 178764 167500
1786940211941 135540 178764 167500
1786940211962 135540 178764 167500
1786940211984 135540 178764 167500
1786940212006 135540 178764 167500
1786940212027 135540 178764 167500
1786940212048 135540 178764 167500
1786940212069 135540 178764 167500
1786940212091 135540 178764 167500
1786940212112 135540 178764 0
1786940212134 135540 178764 167500
1786940212155 135540 178764 167500
1786940212176 135540 178764 167500
1786940212198 135540 178764 167500
1786940212219 135540 178764 167500
1786940212240 135540 178764 167500
1786940212261 135540 178764 167500
1786940212282 135540 178764 167500
1786940212303 135540 178764 167500
1786940212324 135540 178764 167500
1786940212345 135540 178764 167500
1786940212366 135540 178764 167500
1786940212387 135540 178764 167500
1786940212409 135540 178764 167500
1786940212429 135540 178764 167500
1786940212450 135540 178764 167500
1786940212472 135540 178764 167500
1786940212493 135540 178764 167500
1786940212514 135540 178764 167500
1786940212536 135540 178764 167500
1786940212557 135540 178764 167500
1786940212578 135540 178764 167500
1786940212599 135540 178764 167500
1786940212620 135540 178764 167500
1786940212642 135540 178764 167500
1786940212664 135540 0 167500
1786940212685 135540 178764 167500
1786940212706 135540 178764 167500
1786940212728 135540 178764 167500
1786940212749 135540 178764 167500
1786940212770 135540 178764 167500
1786940212809 135540 178764 167500
1786940212831 135540 178764 167500
1786940212852 135540 178764 167500
1786940212873 135540 178764 167500
1786940212895 135540 178764 167500
1786940212916 135540 178764 167500
1786940212937 135540 178764 167500
1786940212959 135540 178764 167500
1786940212980 135540 178764 167500
1786940213002 135540 178764 167500
1786940213024 135540 178764 0
1786940213046 135560 178764 167500
1786940213068 135560 178764 167500
1786940213089 135560 178764 167500
1786940213111 135560 178764 167500
1786940213132 135560 178764 167500
1786940213154 135560 178764 167500
1786940213175 135560 178764 167500
1786940213196 135560 178764 167500
1786940213218 135560 178764 167500
1786940213240 135560 178764 167500
1786940213262 135560 178764 167500
1786940213283 135560 178764 167500
1786940213305 135560 178764 167500
1786940213327 135560 178764 167500
1786940213348 135560 178764 167500
1786940213370 135560 178764 167500
1786940213390 135560 178764 167500
1786940213412 135560 178764 167500
1786940213432 135560 178764 167500
1786940213454 135596 178764 167500
1786940213476 135596 178764 167500
1786940213499 135596 178764 167500
1786940213521 135596 178764 167500
1786940213543 135596 178764 167500
1786940213565 135596 178764 167500
1786940213586 135596 178764 167500
1786940213608 135596 178764 167500
1786940213647 135596 178764 167500
1786940213669 135596 178764 167500
1786940213690 135596 178764 167500
1786940213711 135596 178764 167500
1786940213733 135596 178764 167500
1786940213754 135596 178764 167500
1786940213776 135596 178764 167500
1786940213798 135596 178764 167500
1786940213819 135596 178764 167500
1786940213841 135596 178764 167500
1786940213862 135596 178764 167500
1786940213884 135628 178764 167500
1786940213905 135628 178764 167500
1786940213927 135628 178764 167500
1786940213949 135628 178764 167500
1786940213970 135628 178764 167500
1786940213991 135628 178764 167500
1786940214013 135628 178764 167500
1786940214034 135628 178764 167500
1786940214055 135628 178764 167500
1786940214076 135628 178764 167500
1786940214097 135628 178764 167500
1786940214119 135628 178764 167500
1786940214140 135628 178764 167500
1786940214161 135628 178764 167500
1786940214182 135628 178764 167500
1786940214203 135628 178764 167500
1786940214225 135628 178764 167500
1786940214246 135628 178764 167500
1786940214267 135628 178764 167500
1786940214289 135628 178764 167500
1786940214310 135660 178764 167500
1786940214331 135660 178764 167500
1786940214352 135660 178764 167500
1786940214374 135660 178764 167500
1786940214395 135660 178764 167500
1786940214417 135660 178764 167500
1786940214438 135660 178764 167500
1786940214459 135660 178764 167500
1786940214481 135660 178764 167500
1786940214502 135660 178764 167500
1786940214541 135660 178764 167500
1786940214562 135660 178764 167500
1786940214583 135660 178764 167500
1786940214604 135660 178764 167500
1786940214626 135660 178764 167500
1786940214648 135660 178764 167500
1786940214669 135660 178764 167500
1786940214690 135660 178764 167500
1786940214729 136432 178764 167500
1786940214750 136620 178764 167500
1786940214771 136620 178764 167500
1786940214792 136620 178764 167500
1786940214814 136620 178764 167500
1786940214836 136624 178764 167500
1786940214856 136624 178764 167500
1786940214878 136624 178764 167500
1786940214899 136624 178764 167500
1786940214921 136624 178764 167500
1786940214942 136624 178764 167500
1786940214963 136624 178764 167500
1786940214985 136624 178764 167500
1786940215005 136624 178764 167500
1786940215027 136636 178764 167500
1786940215049 136636 178764 167500
1786940215070 136644 178764 167500
1786940215091 136644 178764 167500
1786940215112 136652 178764 167500
1786940215132 136652 178764 167500
1786940215153 136652 178764 167500
1786940215174 137956 178764 167500
1786940215196 138036 178764 167500
1786940215217 138036 178764 167500
1786940215238 138072 178764 167500
1786940215259 138076 178764 167500
1786940215280 138076 178764 167500
1786940215302 138076 178764 167500
1786940215323 138076 178764 167500
1786940215344 138080 178764 167500
1786940215366 138080 178764 167500
1786940215387 138084 178764 167500
1786940215409 138084 178764 167500
1786940215430 138084 178764 167500
1786940215451 138088 178764 167500
1786940215472 138088 178764 167500
1786940215493 138092 178764 167500
1786940215514 138092 178764 167500
1786940215553 138096 178764 167500
1786940215574 138096 178764 167500
1786940215595 138100 178764 167500
1786940215618 139760 178764 167500
1786940215639 139760 178764 167500
1786940215660 139760 178764 167500
1786940215682 139760 178764 167500
1786940215703 139768 178764 167500
1786940215724 139772 178764 167500
1786940215746 139780 178764 167500
1786940215767 139780 178764 167500
1786940215788 139780 178764 167500
1786940215809 139788 178764 167500
1786940215830 139788 178764 167500
1786940215851 139796 178764 167500
1786940215872 139796 178764 167500
1786940215894 139804 178764 167500
1786940215915 139808 178764 167500
1786940215936 139808 178764 167500
1786940215958 139816 178764 167500
1786940215979 139816 178764 167500
1786940216000 139824 178764 167500
1786940216020 139824 178764 167500
1786940216041 140520 178764 167500
1786940216063 141164 178764 167500
1786940216084 141228 178764 167500
1786940216105 141228 178764 167500
1786940216127 141268 178764 167500
1786940216148 141268 178764 167500
1786940216169 141268 178764 167500
1786940216191 141268 178764 167500
1786940216211 141268 178764 167500
1786940216233 141268 178764 167500
1786940216254 141268 178764 167500
1786940216275 141272 178764 167500
1786940216297 141272 178764 167500
1786940216319 141276 178764 167500
1786940216340 141276 178764 167500
1786940216361 141280 178764 167500
1786940216383 141280 178764 167500
1786940216404 141284 178764 167500
1786940216426 141284 178764 167500
1786940216447 141288 178764 0
1786940216468 142824 182676 167500
1786940216489 142948 182808 167500
1786940216511 142948 182808 167500
1786940216532 142948 182808 167500
1786940216553 142956 182808 167500
1786940216575 142960 182808 167500
1786940216596 142968 182808 167500
1786940216617 142968 182808 167500
1786940216639 142976 182808 167500
1786940216660 142976 182808 167500
1786940216682 142984 182808 167500
1786940216703 142984 182808 167500
1786940216725 142984 182808 167500
1786940216747 142992 182808 167500
1786940216768 142992 182808 167500
1786940216789 143000 182808 167500
1786940216811 143000 182808 167500
1786940216831 143008 182808 167500
1786940216854 143012 182808 167500
1786940216875 143688 186120 167500
1786940216896 144356 188364 167500
1786940216917 144420 188364 167500
1786940216939 144420 188364 167500
1786940216960 144460 188496 167500
1786940216982 144460 188496 167500
1786940217003 144460 188496 167500
1786940217024 144460 188496 167500
1786940217046 144460 188496 167500
1786940217067 144460 188496 167500
1786940217089 144460 188496 167500
1786940217110 144464 188496 167500
1786940217132 144464 188496 167500
1786940217154 144468 188496 167500
1786940217176 144468 188496 167500
1786940217214 144472 188496 167500
1786940217236 144472 188496 167500
1786940217258 144476 188496 167500
1786940217279 144476 188496 167500
1786940217300 144480 188496 167500
1786940217322 146132 194412 167500
1786940217391 146136 194412 167500
1786940217439 146144 194412 167500
1786940217487 146152 194412 167500
1786940217534 146164 194412 167500
1786940217583 146176 194412 167500
1786940217630 146184 194412 167500
1786940217677 146192 194412 167500
1786940217723 146204 194412 167500
1786940217771 147588 199968 167500
1786940217844 147640 200100 167500
1786940217892 147640 200100 167500
1786940217913 147640 200100 167500
1786940217936 147644 200100 167500
1786940217984 147648 200100 167500
1786940218032 147656 200100 167500
1786940218079 147660 200100 167500
1786940218127 147664 200100 167500
1786940218194 149324 206020 167500
1786940218259 149324 206020 167500
1786940218280 149332 206020 167500
1786940218329 149344 206020 167500
1786940218378 149352 206020 167500
1786940218424 149360 206020 167500
1786940218472 149368 206020 167500
1786940218520 149380 206020 167500
1786940218586 149388 206020 167500
1786940218637 150736 211576 167500
1786940218694 150816 211708 167500
1786940218743 150816 211708 167500
1786940218764 150816 211708 167500
1786940218786 150816 211708 167500
1786940218808 150820 211708 167500
1786940218856 150824 211708 167500
1786940218904 150828 211708 167500
1786940218973 150832 211708 167500
1786940219019 150836 211708 167500
1786940219066 152468 217628 167500
1786940219135 152500 217628 167500
1786940219183 152512 217628 167500
1786940219232 152520 217628 167500
1786940219278 152528 217628 167500
1786940219326 152536 217628 167500
1786940219375 152548 217628 167500
1786940219422 152556 217628 167500
1786940219471 152564 217628 167500
1786940219538 153956 223184 167500
1786940219592 153996 223316 167500
1786940219641 153996 223316 167500
1786940219662 153996 223316 167500
1786940219684 153996 223316 167500
1786940219705 153996 223316 167500
1786940219727 154000 223316 167500
1786940219774 154004 223316 0
1786940219822 154008 223316 167500
1786940219891 154012 223316 167500
1786940219940 155552 229104 167500
1786940220008 155676 229236 167500
1786940220056 155688 229236 167500
1786940220103 155696 229236 167500
1786940220150 155704 229236 167500
1786940220198 155712 229236 167500
1786940220246 155720 229236 167500
1786940220292 155728 229236 167500
1786940220340 155740 229236 167500
1786940220425 157140 234792 167500
1786940220481 157184 234924 167500
1786940220529 157184 234924 167500
1786940220568 157184 234924 167500
1786940220589 157184 234924 167500
1786940220611 157188 234924 167500
1786940220658 157192 234924 167500
1786940220707 157196 234924 167500
1786940220776 157200 234924 167500
1786940220824 158800 240708 167500
1786940220891 158856 240840 167500
1786940220938 158868 240840 167500
1786940220985 158876 240840 167500
1786940221033 158888 240840 167500
1786940221081 158896 240840 167500
1786940221128 158904 240840 167500
1786940221177 158912 240840 167500
1786940221245 158920 240840 167500
1786940221293 160308 246396 167500
1786940221348 160348 246528 167500
1786940221395 160348 246528 167500
1786940221417 160348 246528 167500
1786940221456 160352 246528 167500
1786940221506 160356 246528 167500
1786940221553 160360 246528 167500
1786940221601 160364 246528 167500
1786940221672 160368 246528 167500
1786940221720 162028 252448 167500
1786940221789 162036 252448 167500
1786940221836 162048 252448 167500
1786940221883 162048 252448 167500
1786940221905 162056 252448 167500
1786940221953 162064 252448 167500
1786940222000 162072 252448 167500
1786940222047 162084 252448 167500
1786940222094 162092 252448 167500
1786940222163 163464 258004 167500
1786940222211 163496 258004 167500
1786940222258 163536 258136 167500
1786940222313 163536 258136 167500
1786940222335 163536 258136 167500
1786940222357 163536 258136 167500
1786940222379 163540 258136 167500
1786940222428 163544 258136 167500
1786940222477 163548 258136 167500
1786940222547 163552 258136 167500
1786940222595 165212 264052 167500
1786940222666 165220 264052 167500
1786940222715 165228 264052 167500
1786940222764 165236 264052 167500
1786940222813 165252 264052 167500
1786940222860 165260 264052 167500
1786940222906 165268 264052 167500
1786940222955 165276 264052 167500
1786940223003 166588 269612 167500
1786940223070 166708 269744 167500
1786940223116 166708 269744 167500
1786940223138 166708 269744 167500
1786940223160 166708 269744 167500
1786940223182 166712 269744 167500
1786940223231 166716 269744 167500
1786940223280 166720 269744 167500
1786940223329 166724 269744 167500
1786940223377 166728 269744 167500
1786940223444 168392 275660 168392
1786940223500 168392 275660 0
1786940223522 168400 275660 168400
1786940223592 168408 275660 168408
1786940223640 168424 275660 168424
1786940223689 168432 275660 168432
1786940223738 168444 275660 168444
1786940223786 168452 275660 168452
1786940223834 169752 281216 169752
1786940223882 169832 281216 169832
1786940223931 169872 281348 169872
1786940224000 169872 281348 169872
1786940224022 169876 281348 169876
1786940224071 169880 281348 169880
1786940224119 169884 281348 169884
1786940224168 169888 281348 169888
1786940224215 169892 281348 169892
1786940224262 171444 287136 171444
1786940224311 171552 287268 171552
1786940224360 171552 287268 171552
1786940224383 171552 287268 171552
1786940224406 171552 287268 171552
1786940224429 171552 287268 171552
1786940224451 171552 287268 171552
1786940224473 171560 287268 171560
1786940224544 171572 287268 171572
1786940224592 171580 287268 171580
1786940224641 171588 287268 171588
1786940224692 171588 287268 171588
1786940224714 171596 287268 171596
1786940224764 171608 287268 171608
1786940224813 171608 287268 171608
1786940224836 171608 287268 171608
1786940224859 171608 287268 171608
1786940224881 171616 287268 171616
1786940224952 171616 287268 171616
1786940224974 171620 287268 171620
1786940225023 172936 292824 172936
1786940225081 173016 292824 173016
1786940225131 173056 292956 173056
1786940225179 173056 292956 173056
1786940225201 173056 292956 173056
1786940225222 173056 292956 173056
1786940225245 173056 292956 173056
1786940225266 173056 292956 173056
1786940225289 173056 292956 173056
1786940225311 173060 292956 173060
1786940225383 173060 292956 173060
1786940225406 173064 292956 173064
1786940225457 173064 292956 173064
1786940225479 173068 292956 173068
1786940225528 173068 292956 173068
1786940225550 173072 292956 173072
1786940225599 173072 292956 173072
1786940225622 173072 292956 173072
1786940225644 173076 292956 173076
1786940225693 173076 292956 173076
1786940225715 173076 292956 173076
1786940225737 173080 0 173080
1786940225806 174732 298872 174732
1786940225855 174732 298872 174732
1786940225877 174732 298872 174732
1786940225899 174732 298872 174732
1786940225921 174732 298872 174732
1786940225943 174732 298872 174732
1786940225965 174732 298872 174732
1786940225987 174740 298872 174740
1786940226035 174748 298872 174748
1786940226085 174748 298872 174748
1786940226108 174756 298872 174756
1786940226156 174760 298872 174760
1786940226227 174768 298872 174768
1786940226276 174776 298872 174776
1786940226325 174784 298872 174784
1786940226373 174784 298872 174784
1786940226395 174784 298872 174784
1786940226416 174784 298872 174784
1786940226439 174792 298872 174792
1786940226488 174796 298872 174796
1786940226536 176112 304432 176112
1786940226584 176176 304432 176176
1786940226657 176228 304564 176228
1786940226706 176228 304564 176228
1786940226727 176228 304564 176228
1786940226750 176228 304564 176228
1786940226789 176228 304564 176228
1786940226811 176228 304564 176228
1786940226834 176228 304564 176228
1786940226856 176228 304564 176228
1786940226879 176228 304564 176228
1786940226901 176228 304564 176228
1786940226922 176228 304564 176228
1786940226945 176232 304564 176232
1786940226994 176232 304564 176232
1786940227017 176236 304564 176236
1786940227090 176240 304564 176240
1786940227138 176240 304564 176240
1786940227161 176240 304564 176240
1786940227183 176244 304564 176244
1786940227233 176244 304564 176244
1786940227256 176248 304564 176248
1786940227304 177784 310348 177784
1786940227363 177908 310480 177908
1786940227412 177908 310480 177908
1786940227434 177908 310480 177908
1786940227457 177908 310480 177908
1786940227479 177916 310480 177916
1786940227552 177916 310480 177916
1786940227574 177924 310480 177924
1786940227622 177932 310480 177932
1786940227672 177936 310480 177936
1786940227722 177944 310480 177944
1786940227772 177952 310480 177952
1786940227821 177960 310480 177960
1786940227869 177960 310480 177960
1786940227891 177960 310480 177960
1786940227913 177960 310480 177960
1786940227936 177968 310480 177968
1786940228006 177968 310480 177968
1786940228028 177968 310480 177968
1786940228051 179288 316036 179288
1786940228102 179344 316036 179344
1786940228150 179404 316168 179400
1786940228199 179412 316168 179412
1786940228248 179412 316168 179412
1786940228270 179412 316168 179412
1786940228292 179412 316168 0
1786940228314 179412 316168 179412
1786940228336 179412 316168 179412
1786940228358 179412 316168 179412
1786940228381 179412 316168 179412
1786940228402 179412 316168 179412
1786940228424 179416 316168 179416
1786940228496 179416 316168 179416
1786940228519 179416 316168 179416
1786940228541 179420 316168 179420
1786940228591 179420 316168 179420
1786940228613 179424 316168 179424
1786940228662 179424 316168 179424
1786940228683 179424 316168 179424
1786940228705 179428 316168 179428
1786940228754 179428 316168 179428
1786940228776 179432 316168 179432
1786940228826 180956 321956 180956
1786940228877 181088 322088 181088
1786940228949 181088 322088 181088
1786940228972 181088 322088 181088
1786940228995 181096 322088 181096
1786940229044 181108 322088 181108
1786940229093 181116 322088 181116
1786940229140 181116 322088 181116
1786940229163 181116 322088 181116
1786940229185 181124 322088 181124
1786940229235 181124 322088 181124
1786940229257 181132 322088 181132
1786940229304 181144 322088 181144
1786940229376 181144 322088 181144
1786940229398 181152 322088 181152
1786940229448 181152 322088 181152
1786940229471 181152 322088 181152
1786940229493 181152 322088 181152
1786940229515 182464 327644 182464
1786940229572 182508 327644 182508
1786940229623 182544 327644 182544
1786940229671 182584 327776 182584
1786940229720 182584 327776 182584
1786940229742 182584 327776 182584
1786940229764 182584 327776 182584
1786940229786 182584 327776 182584
1786940229809 182584 327776 182584
1786940229832 182584 327776 182584
1786940229855 182584 327776 182584
1786940229878 182584 327776 0
1786940229900 182584 327776 182584
1786940229922 182584 327776 182584
1786940229944 182584 327776 182584
1786940229966 182588 327776 182588
1786940230042 182592 327776 182592
1786940230092 182592 327776 182592
1786940230114 182592 327776 182592
1786940230136 182592 327776 182592
1786940230158 182596 327776 182596
1786940230207 182596 327776 182596
1786940230231 182596 327776 182596
1786940230253 182600 327776 182600
1786940230303 182600 327776 182600
1786940230326 182604 327776 182604
1786940230376 184020 333428 184020
1786940230426 184256 333692 184256
1786940230497 184256 333692 184256
1786940230519 184256 333692 184256
1786940230541 184264 333692 184264
1786940230590 184264 333692 184264
1786940230612 184272 333692 184272
1786940230660 184280 333692 184280
1786940230708 184292 333692 184292
1786940230756 184292 333692 184292
1786940230778 184292 333692 184292
1786940230800 184292 333692 184292
1786940230823 184300 333692 184300
1786940230893 184300 333692 184300
1786940230916 184300 333692 184300
1786940230938 184308 333692 184308
1786940230987 184308 333692 184308
1786940231010 184316 333692 184316
1786940231060 185016 337560 185016
1786940231111 185672 339248 185672
1786940231161 185720 339248 185720
1786940231209 185764 339380 185764
1786940231258 185764 339380 185764
1786940231281 185764 339380 185764
1786940231304 185764 339380 185764
1786940231326 185764 339380 185764
1786940231348 185764 339380 185764
1786940231370 185764 339380 185764
1786940231392 185764 339380 185764
1786940231413 185764 339380 185764
1786940231436 185764 339380 185764
1786940231458 185764 339380 185764
1786940231480 185768 339380 185768
1786940231550 185772 339380 185772
1786940231599 185772 339380 185772
1786940231621 185772 339380 185772
1786940231644 185772 339380 185772
1786940231666 185776 339380 185776
1786940231716 185776 339380 185776
1786940231739 185776 339380 185776
1786940231762 185780 339380 185780
1786940231811 185780 339380 185780
1786940231832 185780 339380 185780
1786940231855 185780 339380 185780
1786940231877 185784 339380 0
1786940231926 187440 345300 187440
1786940232010 187440 345300 187440
1786940232032 187440 345300 187440
1786940232054 187440 345300 187440
1786940232077 187440 345300 187440
1786940232100 187452 345300 187452
1786940232149 187460 345300 187460
1786940232196 187468 345300 187468
1786940232244 187476 345300 187476
1786940232296 187476 345300 187476
1786940232319 187476 345300 187476
1786940232341 187476 345300 187476
1786940232364 187484 345300 187484
1786940232414 187496 345300 187496
1786940232487 187504 345300 187504
1786940232537 187504 345300 187504
1786940232559 187504 345300 187504
1786940232582 187504 345300 187504
1786940232605 188824 350856 188824
1786940232654 188840 350856 188840
1786940232704 188904 350856 188904
1786940232757 188904 350856 188904
1786940232779 188944 350988 188944
1786940232829 188944 350988 188944
1786940232852 188944 350988 188944
1786940232874 188944 350988 188944
1786940232896 188944 350988 188944
1786940232919 188944 350988 188944
1786940232940 188948 350988 0
1786940233013 188952 350988 0
1786940233064 188952 350988 188952
1786940233087 188952 350988 188952
1786940233109 188956 350988 188956
1786940233157 188956 350988 188956
1786940233178 188960 350988 188960
1786940233228 188960 350988 188960
1786940233251 188960 350988 188960
1786940233273 188960 350988 188960
1786940233296 188960 350988 188960
1786940233319 188964 350988 188964
1786940233367 188964 350988 188964
1786940233389 188968 350988 188968
1786940233461 190624 356904 190624
1786940233512 190624 356904 190624
1786940233535 190624 356904 190624
1786940233557 190624 356904 190624
1786940233579 190624 356904 190624
1786940233601 190632 356904 190632
1786940233651 190640 356904 190640
1786940233701 190648 356904 190648
1786940233752 190652 356904 190652
1786940233802 190660 356904 190660
1786940233874 190668 356904 190668
1786940233923 190676 356904 190676
1786940233972 190676 356904 190676
1786940233994 190676 356904 190676
1786940234016 190684 356904 190684
1786940234065 190688 356904 190688
1786940234115 191808 362164 191796
1786940234174 192040 362464 192040
1786940234226 192080 362464 192080
1786940234276 192080 362464 192080
1786940234299 192120 362596 192120
1786940234391 192120 362596 192120
1786940234412 192120 362596 192120
1786940234435 192120 362596 192120
1786940234457 192120 362596 192120
1786940234480 192120 0 192120
1786940234502 192120 362596 192120
1786940234525 192120 362596 192120
1786940234546 192120 362596 192120
1786940234569 192124 362596 192124
1786940234618 192124 362596 192124
1786940234641 192128 362596 192128
1786940234691 192128 362596 192128
1786940234714 192128 362596 192128
1786940234737 192128 362596 192128
1786940234759 192128 362596 192128
1786940234781 192132 362596 192132
1786940234853 192136 362596 192136
1786940234904 192136 362596 192136
1786940234944 193536 368252 193536
1786940234994 193792 368516 193792
1786940235044 193792 368516 193792
1786940235067 193792 368516 193792
1786940235089 193792 368516 193792
1786940235111 193792 368516 193792
1786940235133 193800 368516 193800
1786940235184 193800 368516 193800
1786940235206 193800 368516 193800
1786940235228 193800 368516 193800
1786940235250 193808 368516 193808
1786940235321 193816 368516 193816
1786940235370 193828 368516 193828
1786940235423 193828 368516 193828
1786940235445 193836 368516 193836
1786940235496 193836 368516 193836
1786940235519 193836 368516 193836
1786940235542 193844 368516 193844
1786940235591 193844 368516 193844
1786940235613 193852 368516 193852
1786940235661 193852 368516 193852
1786940235683 193852 368516 193852
1786940235706 194380 371160 194380
1786940235779 195236 374068 195236
1786940235829 195240 374068 195240
1786940235878 195284 374200 195284
1786940235927 195284 374200 195284
1786940235950 195284 374200 195284
1786940235972 195284 374200 195284
1786940235994 195284 374200 195284
1786940236016 195284 374200 195284
1786940236039 195284 374200 195284
1786940236061 195284 374200 195284
1786940236084 195284 374200 195284
1786940236106 195288 374200 195288
1786940236154 195288 374200 195288
1786940236177 195288 374200 195288
1786940236200 195288 374200 195288
1786940236222 195292 374200 195292
1786940236296 195292 374200 195292
1786940236318 195296 374200 195296
1786940236366 195296 374200 195296
1786940236388 195300 374200 195300
1786940236438 195300 374200 195300
1786940236461 195304 374200 195304
1786940236512 196684 379856 196684
1786940236569 196956 380120 196956
1786940236619 196956 380120 196956
1786940236641 196956 380120 196956
1786940236665 196956 380120 196956
1786940236688 196956 380120 196956
1786940236711 196956 380120 196956
1786940236735 196964 380120 196964
1786940236808 196976 380120 196976
1786940236858 196984 380120 196984
1786940236907 196992 380120 196992
1786940236955 197000 380120 197000
1786940237005 197004 380120 197004
1786940237055 197012 380120 197012
1786940237103 197012 380120 197012
1786940237125 197020 380120 197020
1786940237173 197020 380120 197020
1786940237196 197020 380120 197020
1786940237218 197020 380120 197020
1786940237242 197024 380120 197024
1786940237316 198412 385676 198412
1786940237364 198412 385676 198412
1786940237387 198448 385808 198448
1786940237435 198452 385808 198452
1786940237486 198452 385808 198452
1786940237508 198452 385808 198452
1786940237530 198452 385808 198452
1786940237552 198452 385808 0
1786940237574 198452 385808 198452
1786940237597 198452 385808 198452
1786940237621 198452 385808 198452
1786940237643 198452 385808 198452
1786940237665 198456 385808 198456
1786940237715 198456 385808 198456
1786940237738 198456 385808 198456
1786940237760 198460 385808 198460
1786940237835 198464 0 198464
1786940237884 198464 385808 198464
1786940237907 198464 385808 198464
1786940237929 198468 385808 198468
1786940237980 198468 385808 198468
1786940238003 198472 385808 198472
1786940238053 199844 391464 199844
1786940238103 200132 391728 200132
1786940238153 200132 391728 200132
1786940238176 200132 391728 200132
1786940238197 200132 391728 200132
1786940238221 200132 0 200132
1786940238243 200140 391728 200140
1786940238317 200148 391728 200148
1786940238365 200156 391728 200156
1786940238416 200156 391728 200156
1786940238438 200156 391728 200156
1786940238460 200156 391728 200156
1786940238482 200164 391728 200164
1786940238530 200168 391728 200168
1786940238581 200176 391728 200176
1786940238631 200184 391728 200184
1786940238680 200184 391728 200184
1786940238704 200192 391728 200192
1786940238779 200192 391728 200192
1786940238803 200192 391728 200192
1786940238825 201512 397280 201512
1786940238884 201588 397280 201588
1786940238934 201632 397412 201632
1786940238982 201632 397412 201632
1786940239004 201632 397412 201632
1786940239027 201632 397412 201632
1786940239050 201632 397412 201632
1786940239072 201632 397412 201632
1786940239095 201632 397412 201632
1786940239117 201632 397412 201632
1786940239141 201632 397412 201632
1786940239164 201636 397412 201636
1786940239240 201644 397412 201644
1786940239289 201644 397412 201644
1786940239311 201648 397412 201648
1786940239360 201648 397412 201648
1786940239384 201648 397412 201648
1786940239406 201652 397412 201652
1786940239455 201652 397412 201652
1786940239477 201656 397412 201656
1786940239528 201656 397412 201656
1786940239551 201660 397412 0
1786940239601 203180 403200 203180
1786940239651 203316 403332 203316
1786940239725 203316 403332 203316
1786940239747 203316 403332 203316
1786940239769 203316 403332 203316
1786940239792 203324 403332 203324
1786940239843 203328 403332 203328
1786940239893 203336 403332 203336
1786940239942 203344 403332 203344
1786940239992 203352 403332 203352
1786940240041 203360 403332 203360
1786940240092 203360 403332 203360
1786940240114 203364 403332 203364
1786940240189 203372 403332 203372
1786940240239 203372 403332 203372
1786940240262 203380 403332 203380
1786940240312 204392 408572 204392
1786940240363 204760 408864 204760
1786940240414 204784 408996 204784
1786940240465 204824 408996 204824
1786940240516 204824 408996 204824
1786940240538 204824 408996 204824
1786940240562 204824 408996 204824
1786940240585 204824 408996 204824
1786940240607 204824 408996 204824
1786940240630 204824 408996 204824
1786940240652 204824 408996 204824
1786940240675 204824 408996 204824
1786940240697 204824 408996 204824
1786940240720 204824 408996 204824
1786940240743 204828 408996 204828
1786940240817 204828 408996 204828
1786940240840 204832 408996 204832
1786940240892 204832 408996 204832
1786940240914 204836 408996 204836
1786940240964 204836 408996 204836
1786940240986 204840 408996 0
1786940241037 204840 408996 204840
1786940241060 204840 408996 204840
1786940241083 204844 408996 204844
1786940241134 204844 408996 204844
1786940241157 206496 414940 206496
1786940241215 206504 414940 206504
1786940241289 206504 414940 206504
1786940241312 206504 414940 206504
1786940241334 206512 414940 206512
1786940241383 206524 414940 206524
1786940241434 206524 414940 206524
1786940241458 206532 414940 206532
1786940241508 206540 414940 206540
1786940241560 206540 414940 206540
1786940241584 206540 414940 206540
1786940241606 206548 414940 206548
1786940241658 206548 414940 206548
1786940241680 206548 414940 206548
1786940241703 206556 414940 206556
1786940241777 206556 414940 206556
1786940241799 206556 414940 206556
1786940241822 206568 414940 206568
1786940241871 206644 416084 206644
1786940241921 207940 420496 207940
1786940241972 207972 420496 207972
1786940242020 208012 420628 208012
1786940242071 208012 420628 208012
1786940242094 208012 420628 208012
1786940242117 208012 420628 208012
1786940242140 208012 420628 208012
1786940242163 208012 420628 208012
1786940242185 208012 420628 208012
1786940242209 208012 420628 208012
1786940242231 208012 420628 208012
1786940242254 208012 420628 208012
1786940242277 208012 420628 208012
1786940242301 208016 420628 208016
1786940242375 208020 0 208020
1786940242426 208020 420628 208020
1786940242449 208020 420628 208020
1786940242471 208024 420628 208024
1786940242520 208024 420628 208024
1786940242542 208028 420628 208028
1786940242593 208028 420628 208028
1786940242617 208032 420628 208032
1786940242668 208424 422552 208424
1786940242720 209688 426548 209688
1786940242770 209688 426548 209688
1786940242793 209688 426548 209688
1786940242816 209688 426548 209688
1786940242839 209688 426548 209688
1786940242861 209696 426548 209696
1786940242936 209708 426548 209708
1786940242985 209708 426548 209708
1786940243008 209716 426548 209716
1786940243058 209716 426548 209716
1786940243080 209716 426548 209716
1786940243103 209724 426548 209724
1786940243153 209732 426548 209732
1786940243203 209732 426548 209732
1786940243226 209736 426548 209736
1786940243278 209744 426548 209744
1786940243327 209752 426548 209752
1786940243378 209752 426548 209752
1786940243401 209752 426548 209752
1786940243423 209752 426548 209752
1786940243447 211064 432100 211064
1786940243533 211140 432100 211140
1786940243584 211184 432232 211184
1786940243636 211184 432232 211184
1786940243659 211184 432232 211184
1786940243681 211184 432232 211184
1786940243704 211184 0 211184
1786940243726 211184 432232 211184
1786940243749 211184 432232 211184
1786940243771 211184 432232 211184
1786940243794 211184 432232 211184
1786940243816 211184 432232 211184
1786940243839 211184 432232 211184
1786940243862 211188 432232 211188
1786940243912 211188 432232 211188
1786940243935 211192 432232 211192
1786940243984 211192 432232 211192
1786940244006 211192 432232 211192
1786940244029 211196 432232 211196
1786940244103 211200 432232 211200
1786940244152 211200 432232 211200
1786940244176 211200 432232 211200
1786940244200 211204 432232 0
1786940244253 212812 438020 212812
1786940244304 212860 438152 212860
1786940244354 212860 438152 212860
1786940244376 212868 438152 212868
1786940244429 212872 438152 212872
1786940244481 212880 438152 212880
1786940244533 212888 438152 212888
1786940244609 212900 438152 212900
1786940244659 212900 438152 212900
1786940244682 212900 438152 212900
1786940244705 212908 438152 212908
1786940244754 212908 438152 212908
1786940244778 212916 438152 212916
1786940244828 212924 438152 212924
1786940244877 212924 438152 212924
1786940244900 213152 439432 213144
1786940244950 214236 443708 214236
1786940245000 214308 443708 214308
1786940245076 214356 443840 214356
1786940245125 214356 443840 214356
1786940245148 214356 443840 214356
1786940245172 214356 443840 214356
1786940245194 214356 443840 214356
1786940245217 214356 443840 214356
1786940245241 214356 0 214356
1786940245263 214356 443840 214356
1786940245287 214356 443840 214356
1786940245310 214356 443840 214356
1786940245333 214360 443840 214360
1786940245386 214360 443840 214360
1786940245409 214360 443840 214360
1786940245433 214364 443840 214364
1786940245483 214364 443840 214364
1786940245507 214364 443840 214364
1786940245530 214368 443840 214368
1786940245604 214372 443840 214372
1786940245656 214372 443840 214372
1786940245679 214376 443840 214376
1786940245730 215756 449496 215756
1786940245789 216036 449760 216036
1786940245840 216036 449760 216036
1786940245862 216036 449760 216036
1786940245886 216036 449760 216036
1786940245908 216044 449760 216044
1786940245958 216048 449760 216048
1786940246008 216056 449760 216056
1786940246085 216064 449760 216064
1786940246135 216072 449760 216072
1786940246185 216072 449760 216072
1786940246207 216080 449760 216080
1786940246259 216080 449760 216080
1786940246282 216080 449760 216080
1786940246305 216080 449760 216080
1786940246328 216080 449760 216080
1786940246352 216088 449760 216088
1786940246401 216088 449760 216088
1786940246424 216096 449760 216096
1786940246475 217160 455008 217160
1786940246551 217492 455316 217492
1786940246603 217500 455316 217500
1786940246653 217540 455448 217540
1786940246703 217540 455448 217540
1786940246726 217540 455448 217540
1786940246750 217540 455448 217540
1786940246773 217540 455448 217540
1786940246795 217544 455448 217544
1786940246847 217544 455448 217544
1786940246870 217544 455448 217544
1786940246893 217548 455448 217548
1786940246944 217548 455448 217548
1786940246966 217548 455448 217548
1786940246989 217552 455448 217552
1786940247067 217552 455448 217552
1786940247090 217556 455448 217556
1786940247141 217556 455448 217556
1786940247165 217556 455448 217556
1786940247187 217560 455448 217560
1786940247239 217560 455448 217560
1786940247278 218948 461100 218948
1786940247331 219220 461364 219220
1786940247382 219220 461364 219220
1786940247405 219220 461364 219220
1786940247428 219220 461364 219220
1786940247450 219220 461364 219220
1786940247472 219220 461364 219220
1786940247494 219220 461364 0
1786940247516 219228 461364 219228
1786940247592 219236 461364 219236
1786940247643 219244 461364 219244
1786940247696 219256 461364 219256
1786940247749 219256 461364 219256
1786940247772 219264 461364 219264
1786940247825 219264 461364 219264
1786940247847 219272 461364 219272
1786940247897 219272 461364 219272
1786940247921 219272 461364 219272
1786940247944 219272 461364 219272
1786940247967 219272 461364 219272
1786940247989 219280 461364 219280
1786940248039 219964 464696 219964
1786940248116 220648 466920 220648
1786940248181 220676 466920 220676
1786940248234 220720 467052 220720
1786940248283 220720 467052 220720
1786940248307 220720 467052 220720
1786940248330 220720 467052 220720
1786940248353 220720 467052 220720
1786940248376 220720 467052 220720
1786940248400 220724 467052 220724
1786940248451 220724 467052 220724
1786940248475 220724 467052 220724
1786940248515 220728 467052 220728
1786940248566 220728 467052 220728
1786940248589 220732 467052 220732
1786940248666 220736 467052 220736
1786940248719 220736 467052 220736
1786940248742 220736 467052 220736
1786940248764 220736 467052 220736
1786940248788 220740 467052 220740
1786940248837 220740 467052 220740
1786940248860 220744 467052 220744
1786940248909 222332 472840 222332
1786940248960 222396 472972 222396
1786940249012 222396 472972 222396
1786940249035 222396 472972 222396
1786940249058 222396 472972 222396
1786940249080 222396 0 222396
1786940249104 222408 472972 222408
1786940249178 222424 472972 222424
1786940249229 222432 472972 222432
1786940249279 222432 472972 222432
1786940249301 222432 472972 222432
1786940249324 222432 472972 222432
1786940249348 222440 472972 222440
1786940249398 222452 472972 222452
1786940249450 222452 472972 222452
1786940249473 222452 472972 222452
1786940249495 222452 472972 222452
1786940249518 222460 472972 222460
1786940249568 223784 478528 223784
1786940249618 223784 478528 223784
1786940249641 223836 478528 223836
1786940249718 223864 478528 223864
1786940249770 223904 478660 223904
1786940249819 223904 478660 223904
1786940249842 223904 478660 223904
1786940249865 223904 478660 223904
1786940249888 223904 478660 223904
1786940249911 223904 478660 223904
1786940249935 223904 478660 223904
1786940249959 223904 478660 223904
1786940249981 223908 478660 223908
1786940250033 223908 478660 223908
1786940250055 223908 478660 223908
1786940250079 223912 478660 223912
1786940250130 223912 478660 223912
1786940250152 223912 478660 223912
1786940250175 223916 478660 223916
1786940250256 223916 478660 223916
1786940250280 223920 478660 223920
1786940250332 223920 478660 223920
1786940250354 223924 478660 223924
1786940250404 227768 482388 227768
1786940250496 236180 881760 236180
1786940250589 236212 881760 236212
1786940250642 236212 881760 236212
1786940250666 236212 881760 236212
1786940250688 236212 881760 236212
1786940250711 236212 881760 236212
1786940250734 236212 881760 236212
1786940250758 236212 881760 236212
1786940250780 236212 881760 236212
1786940250803 236212 881760 236212
1786940250827 236212 881760 236212
1786940250850 236212 881760 236212
1786940250873 236212 881760 236212
1786940250895 236212 881760 236212
1786940250919 236212 881760 236212
1786940250943 236212 881760 236212
1786940250965 236212 881760 236212
1786940250988 236212 881760 236212
1786940251012 236212 881760 236212
1786940251035 236212 881760 236212
1786940251059 236212 881760 236212
1786940251082 236212 881760 236212
1786940251105 236212 881760 236212
1786940251128 236212 881760 236212
1786940251150 236212 881760 236212
1786940251174 236212 881760 236212
1786940251199 236212 881760 236212
1786940251223 236212 881760 236212
1786940251245 236212 881760 236212
1786940251269 236212 881760 236212
1786940251292 236212 881760 236212
1786940251316 236212 881760 236212
1786940251339 236212 881760 236212
1786940251364 236212 881760 236212
1786940251387 236212 881760 236212
1786940251409 236212 881760 236212
1786940251432 236212 881760 236212
1786940251455 236212 881760 236212
1786940251478 236212 881760 236212
1786940251501 236212 881760 236212
1786940251525 236212 881760 236212
1786940251548 236212 881760 236212
1786940251571 236212 881760 236212
1786940251595 236212 881760 236212
1786940251618 236212 881760 236212
1786940251640 236212 881760 236212
1786940251664 236212 881760 236212
1786940251687 236212 881760 236212
1786940251710 236212 881760 236212
1786940251732 236212 881760 236212
1786940251756 236212 881760 236212
1786940251779 236212 881760 236212
1786940251801 236212 881760 236212
1786940251826 236212 881760 236212
1786940251849 236212 881760 236212
1786940251872 236212 881760 236212
1786940251895 236212 881760 236212
1786940251917 236212 881760 236212
1786940251942 236212 881760 236212
1786940251966 236212 881760 236212
1786940251988 236212 881760 236212
1786940252013 236212 881760 236212
1786940252037 236212 881760 236212
1786940252061 236212 881760 236212
1786940252084 236212 881760 236212
1786940252109 236212 881760 236212
1786940252133 236212 881760 236212
1786940252158 236212 881760 236212
1786940252181 236212 881760 236212
1786940252204 236212 881760 236212
1786940252226 236212 881760 236212
1786940252250 236212 881760 236212
1786940252273 236212 881760 236212
1786940252296 236212 881760 236212
1786940252319 236212 881760 236212
1786940252342 236212 881760 236212
1786940252365 236212 881760 236212
1786940252389 236212 881760 236212
1786940252413 236212 881760 236212
1786940252437 236212 881760 236212
1786940252460 236212 881760 236212
1786940252484 236212 881760 236212
1786940252506 236212 881760 236212
1786940252529 236212 881760 236212
1786940252552 236212 881760 236212
1786940252574 236212 881760 236212
1786940252597 236212 881760 236212
1786940252619 236212 881760 236212
1786940252643 236212 881760 236212
1786940252666 236212 881760 236212
1786940252690 236212 881760 236212
1786940252713 236212 881760 236212
1786940252737 236212 881760 236212
1786940252760 236212 881760 236212
1786940252783 236212 881760 236212
1786940252806 236212 881760 236212
1786940252830 236212 881760 236212
1786940252854 236212 881760 236212
1786940252877 236212 881760 236212
1786940252899 236212 881760 236212
1786940252921 236212 881760 236212
1786940252946 236212 881760 236212
1786940252970 236212 881760 236212
1786940252994 236212 881760 236212
1786940253017 236212 881760 236212
1786940253039 236212 881760 236212
1786940253062 236212 881760 236212
1786940253084 236212 881760 236212
1786940253107 236212 881760 236212
1786940253131 236212 881760 236212
1786940253156 236212 881760 236212
1786940253181 236212 881760 236212
1786940253204 236212 881760 236212
1786940253227 236212 881760 236212
1786940253251 236212 881760 236212
1786940253274 236212 881760 236212
1786940253296 236212 881760 236212
1786940253321 236212 881760 236212
1786940253344 236212 881760 236212
1786940253368 236212 881760 236212
1786940253391 236212 881760 236212
1786940253414 236212 881760 236212
1786940253436 236212 881760 236212
1786940253458 236212 881760 236212
1786940253482 236212 881760 236212
1786940253507 236212 881760 236212
1786940253529 236212 881760 236212
1786940253553 236212 881760 236212
1786940253576 236212 881760 236212
1786940253598 236212 881760 236212
1786940253622 236212 881760 236212
1786940253644 236212 881760 236212
1786940253669 236212 881760 236212
1786940253692 236212 881760 236212
1786940253715 236212 881760 236212
1786940253737 236212 881760 236212
1786940253760 236212 881760 236212
1786940253784 236212 881760 236212
1786940253805 236212 881760 236212
1786940253829 236212 881760 236212
1786940253852 236212 881760 236212
1786940253874 236212 881760 236212
1786940253896 236212 881760 236212
1786940253919 236212 881760 236212
1786940253942 236212 881760 236212
1786940253966 236212 881760 236212
1786940253989 236212 881760 236212
1786940254013 236212 881760 236212
1786940254037 236212 881760 236212
1786940254060 236212 881760 236212
1786940254083 236212 881760 236212
1786940254106 236212 881760 236212
1786940254129 236212 881760 236212
1786940254152 236212 881760 236212
1786940254176 236212 881760 236212
1786940254198 236212 881760 236212
1786940254220 236212 881760 236212
1786940254244 236212 881760 236212
1786940254267 236212 881760 236212
1786940254291 236212 881760 236212
1786940254314 236212 881760 236212
1786940254336 236212 881760 236212
1786940254358 236212 881760 236212
1786940254381 236212 881760 236212
1786940254402 236212 881760 236212
1786940254425 236212 881760 236212
1786940254448 236212 881760 236212
1786940254470 236212 881760 236212
1786940254492 236212 881760 236212
1786940254517 236212 881760 236212
1786940254539 236212 881760 236212
1786940254562 236212 881760 236212
1786940254586 236212 881760 236212
1786940254609 236212 881760 236212
1786940254634 236212 881760 236212
1786940254656 236212 881760 236212
1786940254680 236212 881760 236212
1786940254705 236212 881760 236212
1786940254729 236212 881760 236212
1786940254752 236212 881760 236212
1786940254776 236212 881760 236212
1786940254800 236212 881760 236212
1786940254825 236212 881760 236212
1786940254850 236212 881760 236212
1786940254873 236212 881760 236212
1786940254896 236212 881760 236212
1786940254920 236212 881760 236212
1786940254944 236212 881760 236212
1786940254967 236212 881760 236212
1786940254992 236212 881760 236212
1786940255016 236212 881760 236212
1786940255040 236212 881760 236212
1786940255064 236212 881760 236212
1786940255088 236212 881760 236212
1786940255112 236212 881760 236212
1786940255135 236212 881760 236212
1786940255159 236212 881760 236212
1786940255181 236212 881760 236212
1786940255205 236212 881760 236212
1786940255227 236212 881760 236212
1786940255250 236212 881760 236212
1786940255273 236212 881760 236212
1786940255295 236212 881760 236212
1786940255319 236212 881760 236212
1786940255341 236212 881760 236212
1786940255363 236212 881760 236212
1786940255385 236212 881760 236212
1786940255408 236212 881760 236212
1786940255430 236212 881760 236212
1786940255452 236212 881760 236212
1786940255475 236212 881760 236212
1786940255498 236212 881760 236212
1786940255521 236212 881760 236212
1786940255544 236212 881760 236212
1786940255567 236212 881760 236212
1786940255588 236212 881760 236212
1786940255611 236212 881760 236212
1786940255635 236212 881760 236212
1786940255657 236212 881760 236212
1786940255680 236212 881760 236212
1786940255702 236212 881760 236212
1786940255725 236212 881760 236212
1786940255748 236212 881760 236212
1786940255771 236212 881760 236212
1786940255795 236212 881760 236212
1786940255818 236212 881760 236212
1786940255841 236212 881760 236212
1786940255866 236212 881760 236212
1786940255889 236212 881760 236212
1786940255912 236212 881760 236212
1786940255937 236212 881760 236212
1786940255959 236212 881760 236212
1786940255981 236212 881760 236212
1786940256004 236212 881760 236212
1786940256029 236212 881760 236212
1786940256052 236212 881760 236212
1786940256074 236212 881760 0
1786940256099 236212 881760 236212
1786940256123 236212 881760 236212
1786940256146 236212 881760 236212
1786940256168 236212 881760 236212
1786940256193 236212 881760 236212
1786940256215 236212 881760 236212
1786940256239 236212 881760 236212
1786940256261 236212 881760 236212
1786940256284 236212 881760 236212
1786940256307 236212 881760 236212
1786940256331 236212 881760 236212
1786940256354 236212 881760 236212
1786940256377 236212 881760 236212
1786940256400 236212 881760 236212
1786940256422 236212 881760 236212
1786940256445 236212 881760 236212
1786940256467 236212 881760 236212
1786940256492 236212 881760 236212
1786940256515 236212 881760 236212
1786940256539 236212 881760 236212
1786940256562 236212 881760 236212
1786940256584 236212 881760 236212
1786940256608 236212 881760 236212
1786940256632 236212 881760 236212
1786940256655 236212 881760 236212
1786940256680 236212 881760 236212
1786940256703 236212 881760 236212
1786940256727 236212 881760 236212
1786940256751 236212 881760 236212
1786940256775 236212 881760 236212
1786940256797 236212 881760 236212
1786940256819 236212 881760 236212
1786940256844 236212 881760 236212
1786940256866 236212 881760 236212
1786940256891 236212 881760 236212
1786940256914 236212 881760 236212
1786940256936 236212 881760 236212
1786940256958 236212 881760 236212
1786940256979 236212 881760 236212
1786940257002 236212 881760 236212
1786940257024 236212 881760 236212
1786940257046 236212 881760 236212
1786940257068 236212 881760 236212
1786940257092 236212 881760 236212
1786940257115 236212 881760 236212
1786940257137 236212 881760 236212
1786940257160 236212 881760 236212
1786940257183 236212 881760 236212
1786940257205 236212 881760 236212
1786940257227 236212 881760 236212
1786940257248 236212 881760 236212
1786940257273 236212 881760 236212
1786940257295 236212 881760 236212
1786940257318 236212 881760 236212
1786940257340 236212 881760 236212
1786940257363 236212 881760 236212
1786940257384 236212 881760 236212
1786940257407 236212 881760 236212
1786940257431 236212 881760 236212
1786940257455 236212 881760 236212
1786940257479 236212 881760 236212
1786940257503 236212 881760 236212
1786940257527 236212 881760 236212
1786940257549 236212 881760 236212
1786940257572 236212 881760 236212
1786940257595 236212 881760 236212
1786940257618 236212 881760 236212
1786940257641 236212 881760 236212
1786940257663 236212 881760 236212
1786940257686 236212 881760 236212
1786940257709 236212 881760 236212
1786940257731 236212 881760 236212
1786940257753 236212 881760 236212
1786940257777 236212 881760 236212
1786940257800 236212 881760 236212
1786940257822 236212 881760 236212
1786940257844 236212 881760 236212
1786940257866 236212 881760 236212
1786940257890 236212 881760 236212
1786940257912 236212 881760 236212
1786940257935 236212 881760 236212
1786940257958 236212 881760 236212
1786940257980 236212 881760 236212
1786940258003 236212 881760 236212
1786940258025 236212 881760 236212
1786940258048 236212 881760 236212
1786940258070 236212 881760 236212
1786940258092 236212 881760 236212
1786940258115 236212 881760 236212
1786940258137 236212 881760 236212
1786940258161 236212 881760 236212
1786940258184 236212 881760 236212
1786940258207 236212 881760 236212
1786940258232 236212 881760 236212
1786940258254 236212 881760 236212
1786940258277 236212 881760 236212
1786940258300 236212 881760 236212
1786940258322 236212 881760 236212
1786940258347 236212 881760 236212
1786940258370 236212 881760 236212
1786940258392 236212 881760 236212
1786940258415 236212 881760 236212
1786940258438 236212 881760 236212
1786940258462 236212 881760 236212
1786940258485 236212 881760 236212
1786940258509 236212 881760 236212
1786940258531 236212 881760 236212
1786940258555 236212 881760 236212
1786940258579 236212 881760 236212
1786940258601 236212 881760 236212
1786940258624 236212 881760 236212
1786940258647 236212 881760 236212
1786940258669 236212 881760 236212
1786940258693 236212 881760 236212
1786940258716 236212 881760 236212
1786940258739 236212 881760 236212
1786940258764 236212 881760 236212
1786940258787 236212 881760 236212
1786940258810 236212 881760 236212
1786940258833 236212 881760 236212
1786940258857 236212 881760 236212
1786940258880 236212 881760 236212
1786940258903 236212 881760 236212
1786940258927 236212 881760 236212
1786940258951 236212 881760 236212
1786940258974 236212 881760 236212
1786940258998 236212 881760 236212
1786940259021 236212 881760 236212
1786940259046 236212 881760 236212
1786940259069 236212 881760 236212
1786940259091 236212 881760 236212
1786940259115 236212 881760 236212
1786940259138 236212 881760 236212
1786940259162 236212 881760 236212
1786940259185 236212 881760 236212
1786940259207 236212 881760 236212
1786940259232 236212 881760 236212
1786940259254 236212 881760 236212
1786940259277 236212 881760 236212
1786940259301 236212 881760 236212
1786940259324 236212 881760 236212
1786940259345 236212 881760 236212
1786940259370 236212 881760 236212
1786940259394 236212 881760 236212
1786940259417 236212 881760 236212
1786940259442 236212 881760 236212
1786940259464 236212 881760 236212
1786940259489 236212 881760 236212
1786940259513 236212 881760 236212
1786940259536 236212 881760 236212
1786940259558 236212 881760 236212
1786940259582 236212 881760 236212
1786940259605 236212 881760 236212
1786940259629 236212 881760 236212
1786940259652 236212 881760 236212
1786940259675 236212 881760 236212
1786940259699 236212 881760 236212
1786940259722 236212 881760 236212
1786940259745 236212 881760 236212
1786940259769 236212 881760 236212
1786940259792 236212 881760 236212
1786940259815 236212 881760 236212
1786940259837 236212 881760 236212
1786940259862 236212 881760 236212
1786940259885 236212 881760 236212
1786940259909 236212 881760 236212
1786940259931 236212 881760 236212
1786940259954 236212 881760 236212
1786940259976 236212 881760 236212
1786940260001 236212 881760 236212
1786940260025 236212 881760 236212
1786940260048 236212 881760 236212
1786940260071 236212 881760 236212
1786940260096 236212 881760 236212
1786940260120 236212 881760 236212
1786940260144 236212 881760 236212
1786940260167 236212 881760 236212
1786940260191 236212 881760 236212
1786940260214 236212 881760 236212
1786940260237 236212 881760 236212
1786940260259 236212 881760 236212
1786940260283 236212 881760 236212
1786940260308 236212 881760 236212
1786940260330 236212 881760 236212
1786940260353 236212 881760 236212
1786940260376 236212 881760 236212
1786940260398 236212 881760 236212
1786940260421 236212 881760 236212
1786940260443 236212 881760 236212
1786940260466 236212 881760 236212
1786940260489 236212 881760 236212
1786940260513 236212 881760 236212
1786940260535 236212 881760 236212
1786940260557 236212 881760 236212
1786940260579 236212 881760 236212
1786940260602 236212 881760 236212
1786940260626 236212 881760 236212
1786940260649 236212 881760 236212
1786940260673 236212 881760 236212
1786940260698 236212 881760 236212
1786940260722 236212 881760 236212
1786940260745 236212 881760 236212
1786940260768 236212 881760 236212
1786940260791 236212 881760 236212
1786940260816 236212 881760 236212
1786940260839 236212 881760 236212
1786940260862 236212 881760 236212
1786940260886 236212 881760 236212
1786940260909 236212 881760 236212
1786940260932 236212 881760 236212
1786940260954 236212 881760 236212
1786940260977 236212 881760 236212
1786940261000 236212 881760 236212
1786940261025 236212 881760 236212
1786940261048 236212 881760 236212
1786940261072 236212 881760 236212
1786940261096 236212 881760 236212
1786940261118 236212 881760 236212
1786940261144 236212 881760 236212
1786940261166 236212 881760 236212
1786940261188 236212 881760 236212
1786940261211 236212 881760 236212
1786940261235 236212 881760 236212
1786940261260 236212 881760 236212
1786940261282 236212 881760 236212
1786940261304 236212 881760 236212
1786940261326 236212 881760 236212
1786940261349 236212 881760 236212
1786940261374 236212 881760 236212
1786940261398 236212 881760 236212
1786940261420 236212 881760 236212
1786940261444 236212 881760 236212
1786940261467 236212 881760 236212
1786940261491 236212 881760 236212
1786940261513 236212 881760 236212
1786940261536 236212 881760 236212
1786940261560 236212 881760 236212
1786940261583 236212 881760 236212
1786940261607 236212 881760 236212
1786940261629 236212 881760 236212
1786940261652 236212 881760 236212
1786940261674 236212 881760 236212
1786940261696 236212 881760 236212
1786940261719 236212 881760 236212
1786940261741 236212 881760 236212
1786940261762 236212 881760 236212
1786940261784 236212 881760 236212
1786940261808 236212 881760 236212
1786940261831 236212 881760 236212
1786940261855 236212 881760 236212
1786940261877 236212 881760 236212
1786940261902 236212 881760 236212
1786940261926 236212 881760 236212
1786940261949 236212 881760 236212
1786940261972 236212 881760 236212
1786940261996 236212 881760 236212
1786940262020 236212 881760 236212
1786940262044 236212 881760 236212
1786940262066 236212 881760 236212
1786940262088 236212 881760 236212
1786940262112 236212 881760 236212
1786940262136 236212 881760 236212
1786940262160 236212 881760 236212
1786940262186 236212 881760 236212
1786940262209 236212 881760 236212
1786940262234 236212 881760 236212
1786940262258 236212 881760 236212
1786940262282 236212 881760 236212
1786940262307 236212 881760 236212
1786940262329 236212 881760 236212
1786940262351 236212 881760 236212
1786940262377 236212 881760 236212
1786940262400 236212 881760 236212
1786940262423 236212 881760 236212
1786940262445 236212 881760 236212
1786940262469 236212 881760 236212
1786940262492 236212 881760 236212
1786940262514 236212 881760 236212
1786940262538 236212 881760 236212
1786940262560 236212 881760 236212
1786940262584 236212 881760 236212
1786940262605 236212 881760 236212
1786940262629 236212 881760 236212
1786940262651 236212 881760 236212
1786940262675 236212 881760 236212
1786940262700 236212 881760 236212
1786940262723 236212 881760 236212
1786940262747 236212 881760 236212
1786940262770 236212 881760 236212
1786940262794 236212 881760 236212
1786940262818 236212 881760 236212
1786940262842 236212 881760 236212
1786940262866 236212 881760 236212
1786940262888 236212 881760 236212
1786940262913 236212 881760 236212
1786940262936 236212 881760 236212
1786940262958 236212 881760 236212
1786940262982 236212 881760 236212
1786940263007 236212 881760 236212
1786940263030 236212 881760 236212
1786940263053 236212 881760 236212
1786940263076 236212 881760 236212
1786940263100 236212 881760 236212
1786940263123 236212 881760 236212
1786940263146 236212 881760 236212
1786940263170 236212 881760 236212
1786940263195 236212 881760 236212
1786940263218 236212 881760 236212
1786940263241 236212 881760 236212
1786940263263 236212 881760 236212
1786940263286 236212 881760 236212
1786940263308 236212 881760 236212
1786940263332 236212 881760 236212
1786940263357 236212 881760 236212
1786940263382 236212 881760 236212
1786940263408 236212 881760 236212
1786940263430 236212 881760 236212
1786940263453 236212 881760 236212
1786940263475 236212 881760 236212
1786940263498 236212 881760 236212
1786940263522 236212 881760 236212
1786940263546 236212 881760 236212
1786940263572 236212 881760 236212
1786940263598 236212 881760 236212
1786940263619 236212 881760 236212
1786940263644 236212 881760 236212
1786940263669 236212 881760 236212
1786940263692 236212 881760 236212
1786940263715 236212 881760 236212
1786940263740 236212 881760 236212
1786940263761 236212 881760 236212
1786940263783 236212 881760 236212
1786940263806 236212 881760 236212
1786940263829 236212 881760 236212
1786940263851 236212 881760 236212
1786940263873 236212 881760 236212
1786940263894 236212 881760 236212
1786940263916 236212 881760 236212
1786940263938 236212 881760 236212
1786940263963 236212 881760 236212
1786940263987 236212 881760 236212
1786940264009 236212 881760 236212
1786940264034 236212 881760 236212
1786940264056 236212 881760 236212
1786940264078 236212 881760 236212
1786940264101 236212 881760 236212
1786940264123 236212 881760 236212
1786940264148 236212 881760 236212
1786940264171 236212 881760 236212
1786940264194 236212 881760 236212
1786940264219 236212 881760 236212
1786940264242 236212 881760 236212
1786940264264 236212 881760 236212
1786940264289 236212 881760 236212
1786940264311 236212 881760 236212
1786940264333 236212 881760 236212
1786940264358 236212 881760 236212
1786940264382 236212 881760 236212
1786940264407 236212 881760 236212
1786940264429 236212 881760 236212
1786940264453 236212 881760 236212
1786940264477 236212 881760 236212
1786940264499 236212 881760 236212
1786940264522 236212 881760 236212
1786940264546 236212 881760 236212
1786940264572 236212 881760 236212
1786940264597 236212 881760 236212
1786940264622 236212 881760 236212
1786940264645 236212 881760 236212
1786940264670 236212 881760 236212
1786940264694 236212 881760 236212
1786940264717 236212 881760 236212
1786940264742 236212 881760 236212
1786940264767 236212 881760 236212
1786940264792 236212 881760 236212
1786940264814 236212 881760 236212
1786940264836 236212 881760 236212
1786940264859 236212 881760 236212
1786940264884 236212 881760 236212
1786940264906 236212 881760 236212
1786940264931 236212 881760 236212
1786940264953 236212 881760 236212
1786940264977 236212 881760 236212
1786940264999 236212 881760 236212
1786940265021 236212 881760 236212
1786940265042 236212 881760 236212
1786940265067 236212 881760 236212
1786940265089 236212 881760 236212
1786940265111 236212 881760 236212
1786940265133 236212 881760 236212
1786940265155 236212 881760 236212
1786940265180 236212 881760 236212
1786940265205 236212 881760 236212
1786940265227 236212 881760 236212
1786940265249 236212 881760 236212
1786940265274 236212 881760 236212
1786940265297 236212 881760 236212
1786940265321 236212 881760 236212
1786940265344 236212 881760 236212
1786940265366 236212 881760 236212
1786940265389 236212 881760 236212
1786940265413 236212 881760 236212
1786940265436 236212 881760 236212
1786940265460 236212 881760 236212
1786940265481 236212 881760 236212
1786940265505 236212 881760 236212
1786940265527 236212 881760 236212
1786940265549 236212 881760 236212
1786940265572 236212 881760 236212
1786940265596 236212 881760 236212
1786940265618 236212 881760 236212
1786940265642 236212 881760 236212
1786940265664 236212 881760 236212
1786940265686 236212 881760 236212
1786940265709 236212 881760 236212
1786940265733 236212 881760 236212
1786940265757 236212 881760 236212
1786940265780 236212 881760 236212
1786940265802 236212 881760 236212
1786940265827 236212 881760 236212
1786940265850 236212 881760 236212
1786940265872 236212 881760 236212
1786940265894 236212 881760 236212
1786940265916 236212 881760 236212
1786940265939 236212 881760 236212
1786940265963 236212 881760 236212
1786940265986 236212 881760 236212
1786940266008 236212 881760 236212
1786940266032 236212 881760 236212
1786940266055 236212 881760 236212
1786940266080 236212 881760 236212
1786940266103 236212 881760 236212
1786940266125 236212 881760 236212
1786940266150 236212 881760 236212
1786940266172 236212 881760 236212
1786940266195 236212 881760 236212
1786940266217 236212 881760 236212
1786940266240 236212 881760 236212
1786940266262 236212 881760 236212
1786940266284 236212 881760 236212
1786940266306 236212 881760 236212
1786940266329 236212 881760 236212
1786940266351 236212 881760 236212
1786940266373 236212 881760 236212
1786940266396 236212 881760 236212
1786940266419 236212 881760 236212
1786940266443 236212 881760 236212
1786940266468 236212 881760 236212
1786940266490 236212 881760 236212
1786940266513 236212 881760 236212
1786940266535 236212 881760 236212
1786940266557 236212 881760 236212
1786940266582 236212 881760 236212
1786940266604 236212 881760 236212
1786940266626 236212 881760 236212
1786940266651 236212 881760 236212
1786940266673 236212 881760 236212
1786940266698 236212 881760 236212
1786940266724 236212 881760 236212
1786940266746 236212 881760 236212
1786940266771 236212 881760 236212
1786940266793 236212 881760 236212
1786940266816 236212 881760 236212
1786940266840 236212 881760 236212
1786940266863 236212 881760 236212
1786940266886 236212 881760 236212
1786940266910 236212 881760 236212
1786940266933 236212 881760 236212
1786940266957 236212 881760 236212
1786940266979 236212 881760 236212
1786940267001 236212 881760 236212
1786940267023 236212 881760 236212
1786940267046 236212 881760 236212
1786940267070 236212 881760 236212
1786940267093 236212 881760 236212
1786940267115 236212 881760 236212
1786940267138 236212 881760 236212
1786940267162 236212 881760 236212
1786940267184 236212 881760 236212
1786940267208 236212 881760 236212
1786940267233 236212 881760 236212
1786940267256 236212 881760 236212
1786940267278 236212 881760 236212
1786940267303 236212 881760 236212
1786940267326 236212 881760 236212
1786940267347 236212 881760 236212
1786940267369 236212 881760 236212
1786940267394 236212 881760 236212
1786940267416 236212 881760 236212
1786940267442 236212 881760 236212
1786940267464 236212 881760 236212
1786940267489 236212 881760 236212
1786940267512 236212 881760 236212
1786940267535 236212 881760 236212
1786940267557 236212 881760 236212
1786940267582 236212 881760 236212
1786940267605 236212 881760 236212
1786940267628 236212 881760 236212
1786940267650 236212 881760 236212
1786940267675 236212 881760 236212
1786940267697 236212 881760 236212
1786940267719 236212 881760 236212
1786940267742 236212 881760 236212
1786940267764 236212 881760 236212
1786940267788 236212 881760 236212
1786940267809 236212 881760 236212
1786940267831 236212 881760 236212
1786940267854 236212 881760 236212
1786940267876 236212 881760 236212
1786940267900 236212 881760 236212
1786940267923 236212 881760 236212
1786940267945 236212 881760 236212
1786940267970 236212 881760 236212
1786940267995 236212 881760 236212
1786940268017 236212 881760 236212
1786940268039 236212 881760 236212
1786940268064 236212 881760 236212
1786940268088 236212 881760 236212
1786940268111 236212 881760 236212
1786940268133 236212 881760 236212
1786940268159 236212 881760 236212
1786940268181 236212 881760 236212
1786940268203 236212 881760 236212
1786940268226 236212 881760 236212
1786940268249 236212 881760 236212
1786940268272 236212 881760 236212
1786940268294 236212 881760 236212
1786940268319 236212 881760 236212
1786940268342 236212 881760 236212
1786940268367 236212 881760 236212
1786940268389 236212 881760 236212
1786940268411 236212 881760 236212
1786940268433 236212 881760 236212
1786940268459 236212 881760 236212
1786940268484 236212 881760 236212
1786940268507 236212 881760 236212
1786940268529 236212 881760 236212
1786940268552 236212 881760 236212
1786940268578 236212 881760 236212
1786940268601 236212 881760 236212
1786940268626 236212 881760 236212
1786940268648 236212 881760 236212
1786940268671 236212 881760 236212
1786940268692 236212 881760 236212
1786940268715 236212 881760 236212
1786940268740 236212 881760 236212
1786940268762 236212 881760 236212
1786940268786 236212 881760 236212
1786940268808 236212 881760 236212
1786940268830 236212 881760 236212
1786940268855 236212 881760 236212
1786940268878 236212 881760 236212
1786940268901 236212 881760 236212
1786940268923 236212 881760 236212
1786940268948 236212 881760 236212
1786940268971 236212 881760 236212
1786940268993 236212 881760 236212
1786940269015 236212 881760 236212
1786940269037 236212 881760 236212
1786940269061 236212 881760 236212
1786940269083 236212 881760 236212
1786940269107 236212 881760 236212
1786940269130 236212 881760 236212
1786940269154 236212 881760 236212
1786940269176 236212 881760 236212
1786940269201 236212 881760 236212
1786940269223 236212 881760 236212
1786940269245 236212 881760 236212
1786940269270 236212 881760 236212
1786940269292 236212 881760 236212
1786940269316 236212 881760 236212
1786940269338 236212 881760 236212
1786940269362 236212 881760 236212
1786940269386 236212 881760 236212
1786940269409 236212 881760 236212
1786940269433 236212 881760 236212
1786940269455 236212 881760 236212
1786940269477 236212 881760 236212
1786940269499 236212 881760 236212
1786940269523 236212 881760 236212
1786940269546 236212 881760 236212
1786940269569 236212 881760 236212
1786940269592 236212 881760 236212
1786940269615 236212 881760 236212
1786940269637 236212 881760 236212
1786940269660 236212 881760 236212
1786940269682 236212 881760 236212
1786940269705 236212 881760 236212
1786940269728 236212 881760 236212
1786940269750 236212 881760 236212
1786940269774 236212 881760 236212
1786940269797 236212 881760 236212
1786940269819 236212 881760 236212
1786940269843 236212 881760 236212
1786940269865 236212 881760 236212
1786940269889 236212 881760 236212
1786940269911 236212 881760 236212
1786940269935 236212 881760 236212
1786940269957 236212 881760 236212
1786940269980 236212 881760 236212
1786940270003 236212 881760 236212
1786940270025 236212 881760 236212
1786940270049 236212 881760 236212
1786940270071 236212 881760 236212
1786940270093 236212 881760 236212
1786940270117 236212 881760 236212
1786940270139 236212 881760 236212
1786940270163 236212 881760 236212
1786940270186 236212 881760 236212
1786940270210 236212 881760 236212
1786940270232 236212 881760 236212
1786940270256 236212 881760 236212
1786940270277 236212 881760 236212
1786940270301 236212 881760 236212
1786940270324 236212 881760 236212
1786940270347 236212 881760 236212
1786940270370 236212 881760 236212
1786940270395 236212 881760 236212
1786940270417 236212 881760 236212
1786940270439 236212 881760 236212
1786940270462 236212 881760 236212
1786940270487 236212 881760 236212
1786940270512 236212 881760 236212
1786940270534 236212 881760 236212
1786940270559 236212 881760 236212
1786940270583 236212 881760 236212
1786940270605 236212 881760 236212
1786940270630 236212 881760 236212
1786940270653 236212 881760 236212
1786940270675 236212 881760 236212
1786940270700 236212 881760 236212
1786940270725 236212 881760 236212
1786940270748 236212 881760 236212
1786940270772 236212 881760 236212
1786940270796 236212 881760 236212
1786940270818 236212 881760 236212
1786940270840 236212 881760 236212
1786940270863 236212 881760 236212
1786940270887 236212 881760 236212
1786940270910 236212 881760 236212
1786940270932 236212 881760 236212
1786940270957 236212 881760 236212
1786940270980 236212 881760 236212
1786940271003 236212 881760 236212
1786940271026 236212 881760 236212
1786940271049 236212 881760 236212
1786940271073 236212 881760 236212
1786940271097 236212 881760 236212
1786940271120 236212 881760 236212
1786940271143 236212 881760 236212
1786940271165 236212 881760 236212
1786940271188 236212 881760 236212
1786940271211 236212 881760 236212
1786940271234 236212 881760 236212
1786940271256 236212 881760 236212
1786940271281 236212 881760 236212
1786940271306 236212 881760 236212
1786940271331 236212 881760 236212
1786940271353 236212 881760 236212
1786940271376 236212 881760 236212
1786940271399 236212 881760 236212
1786940271421 236212 881760 236212
1786940271444 236212 881760 236212
1786940271469 236212 881760 236212
1786940271493 236212 881760 236212
1786940271515 236212 881760 236212
1786940271538 236212 881760 236212
1786940271561 236212 881760 236212
1786940271586 236212 881760 236212
1786940271610 236212 881760 236212
1786940271633 236212 881760 236212
1786940271655 236212 881760 236212
1786940271677 236212 881760 236212
1786940271703 236212 881760 236212
1786940271725 236212 881760 236212
1786940271749 236212 881760 236212
1786940271770 236212 881760 236212
1786940271793 236212 881760 236212
1786940271818 236212 881760 236212
1786940271840 236212 881760 236212
1786940271862 236212 881760 236212
1786940271884 236212 881760 236212
1786940271908 236212 881760 236212
1786940271933 236212 881760 236212
1786940271957 236212 881760 236212
1786940271979 236212 881760 236212
1786940272001 236212 881760 236212
1786940272026 236212 881760 236212
1786940272048 236212 881760 236212
1786940272072 236212 881760 236212
1786940272095 236212 881760 236212
1786940272119 236212 881760 236212
1786940272142 236212 881760 236212
1786940272165 236212 881760 236212
1786940272190 236212 881760 236212
1786940272213 236212 881760 236212
1786940272238 236212 881760 236212
1786940272262 236212 881760 236212
1786940272286 236212 881760 236212
1786940272309 236212 881760 236212
1786940272332 236212 881760 236212
1786940272354 236212 881760 236212
1786940272379 236212 881760 236212
1786940272402 236212 881760 236212
1786940272424 236212 881760 236212
1786940272446 236212 881760 236212
1786940272469 236212 881760 236212
1786940272494 236212 881760 236212
1786940272516 236212 881760 236212
1786940272540 236212 881760 236212
1786940272563 236212 881760 236212
1786940272587 236212 881760 236212
1786940272610 236212 881760 236212
1786940272634 236212 881760 236212
1786940272659 236212 881760 236212
1786940272682 236212 881760 236212
1786940272707 236212 881760 236212
1786940272729 236212 881760 236212
1786940272752 236212 881760 236212
1786940272777 236212 881760 236212
1786940272799 236212 881760 236212
1786940272822 236212 881760 236212
1786940272845 236212 881760 236212
1786940272867 236212 881760 236212
1786940272891 236212 881760 236212
1786940272915 236212 881760 236212
1786940272938 236212 881760 236212
1786940272960 236212 881760 236212
1786940272984 236212 881760 236212
1786940273008 236212 881760 236212
1786940273030 236212 881760 236212
1786940273053 236212 881760 236212
1786940273075 236212 881760 236212
1786940273097 236212 881760 236212
1786940273119 236212 881760 236212
1786940273141 236212 881760 236212
1786940273163 236212 881760 236212
1786940273188 236212 881760 236212
1786940273213 236212 881760 236212
1786940273235 236212 881760 236212
1786940273259 236212 881760 236212
1786940273283 236212 881760 236212
1786940273306 236212 881760 236212
1786940273329 236212 881760 236212
1786940273351 236212 881760 236212
1786940273373 236212 881760 236212
1786940273396 236212 881760 236212
1786940273421 236212 881760 236212
1786940273444 236212 881760 236212
1786940273466 236212 881760 236212
1786940273488 236212 881760 236212
1786940273513 236212 881760 236212
1786940273536 236212 881760 236212
1786940273558 236212 881760 236212
1786940273582 236212 881760 236212
1786940273605 236212 881760 236212
1786940273630 236212 881760 236212
1786940273654 236212 881760 236212
1786940273677 236212 881760 236212
1786940273700 236212 881760 236212
1786940273725 236212 881760 236212
1786940273747 236212 881760 236212
1786940273771 236212 881760 236212
1786940273795 236212 881760 236212
1786940273819 236212 881760 236212
1786940273841 236212 881760 236212
1786940273865 236212 881760 236212
1786940273889 236212 881760 236212
1786940273912 236212 881760 236212
1786940273934 236212 881760 236212
1786940273957 236212 881760 236212
1786940273981 236212 881760 236212
1786940274005 236212 881760 236212
1786940274028 236212 881760 236212
1786940274050 236212 881760 236212
1786940274075 236212 881760 236212
1786940274098 236212 881760 236212
1786940274123 236212 881760 236212
1786940274146 236212 881760 236212
1786940274169 236212 881760 236212
1786940274191 236212 881760 236212
1786940274212 236212 881760 236212
1786940274238 236212 881760 236212
1786940274260 236212 881760 236212
1786940274285 236212 881760 236212
1786940274309 236212 881760 236212
1786940274332 236212 881760 236212
1786940274354 236212 881760 236212
1786940274378 236212 881760 236212
1786940274400 236212 881760 236212
1786940274423 236212 881760 236212
1786940274446 236212 881760 236212
1786940274468 236212 881760 236212
1786940274490 236212 881760 236212
1786940274515 236212 881760 236212
1786940274537 236212 881760 236212
1786940274559 236212 881760 236212
1786940274583 236212 881760 236212
1786940274605 236212 881760 236212
1786940274627 236212 881760 236212
1786940274650 236212 881760 236212
1786940274672 236212 881760 236212
1786940274695 236212 881760 236212
1786940274717 236212 881760 236212
1786940274740 236212 881760 236212
1786940274762 236212 881760 236212
1786940274786 236212 881760 236212
1786940274808 236212 881760 236212
1786940274830 236212 881760 236212
1786940274853 236212 881760 236212
1786940274876 236212 881760 236212
1786940274900 236212 881760 236212
1786940274922 236212 881760 236212
1786940274946 236212 881760 236212
1786940274968 236212 881760 236212
1786940274992 236212 881760 236212
1786940275015 236212 881760 236212
1786940275038 236212 881760 236212
1786940275060 236212 881760 236212
1786940275082 236212 881760 236212
1786940275105 236212 881760 236212
1786940275127 236212 881760 236212
1786940275151 236212 881760 236212
1786940275173 236212 881760 236212
1786940275198 236212 881760 236212
1786940275220 236212 881760 236212
1786940275244 236212 881760 236212
1786940275267 236212 881760 236212
1786940275289 236212 881760 236212
1786940275311 236212 881760 236212
1786940275336 236212 881760 236212
1786940275358 236212 881760 236212
1786940275383 236212 881760 236212
1786940275405 236212 881760 236212
1786940275427 236212 881760 236212
1786940275452 236212 881760 236212
1786940275474 236212 881760 236212
1786940275498 236212 881760 236212
1786940275521 236212 881760 236212
1786940275543 236212 881760 236212
1786940275567 236212 881760 236212
1786940275592 236212 881760 236212
1786940275614 236212 881760 236212
1786940275636 236212 881760 236212
1786940275660 236212 881760 236212
1786940275682 236212 881760 236212
1786940275705 236212 881760 236212
1786940275728 236212 881760 236212
1786940275752 236212 881760 236212
1786940275776 236212 881760 236212
1786940275799 236212 881760 236212
1786940275823 236212 881760 236212
1786940275845 236212 881760 236212
1786940275868 236212 881760 236212
1786940275890 236212 881760 236212
1786940275913 236212 881760 236212
1786940275936 236212 881760 236212
1786940275960 236212 881760 236212
1786940275983 236212 881760 236212
1786940276008 236212 881760 236212
1786940276030 236212 881760 236212
1786940276052 236212 881760 236212
1786940276076 236212 881760 236212
1786940276099 236212 881760 236212
1786940276122 236212 881760 236212
1786940276146 236212 881760 236212
1786940276171 236212 881760 236212
1786940276193 236212 881760 236212
1786940276215 236212 881760 236212
1786940276240 236212 881760 236212
1786940276262 236212 881760 236212
1786940276285 236212 881760 236212
1786940276308 236212 881760 236212
1786940276330 236212 881760 236212
1786940276352 236212 881760 236212
1786940276377 236212 881760 236212
1786940276401 236212 881760 236212
1786940276423 236212 881760 236212
1786940276445 236212 881760 236212
1786940276468 236212 881760 236212
1786940276493 236212 881760 236212
1786940276515 236212 881760 236212
1786940276539 236212 881760 236212
1786940276563 236212 881760 236212
1786940276586 236212 881760 236212
1786940276608 236212 881760 236212
1786940276631 236212 881760 236212
1786940276653 236212 881760 236212
1786940276676 236212 881760 236212
1786940276698 236212 881760 236212
1786940276721 236212 881760 236212
1786940276746 236212 881760 236212
1786940276768 236212 881760 236212
1786940276793 236212 881760 236212
1786940276817 236212 881760 236212
1786940276842 236212 881760 236212
1786940276864 236212 881760 236212
1786940276888 236212 881760 236212
1786940276913 236212 881760 236212
1786940276936 236212 881760 236212
1786940276959 236212 881760 236212
1786940276981 236212 881760 236212
1786940277004 236212 881760 236212
1786940277029 236212 881760 236212
1786940277052 236212 881760 236212
1786940277075 236212 881760 236212
1786940277098 236212 881760 236212
1786940277120 236212 881760 236212
1786940277142 236212 881760 236212
1786940277164 236212 881760 236212
1786940277187 236212 881760 236212
1786940277211 236212 881760 236212
1786940277236 236212 881760 236212
1786940277260 236212 881760 236212
1786940277283 236212 881760 236212
1786940277307 236212 881760 236212
1786940277330 236212 881760 236212
1786940277353 236212 881760 236212
1786940277376 236212 881760 236212
1786940277400 236212 881760 236212
1786940277423 236212 881760 236212
1786940277446 236212 881760 236212
1786940277469 236212 881760 236212
1786940277492 236212 881760 236212
1786940277515 236212 881760 236212
1786940277537 236212 881760 236212
1786940277560 236212 881760 236212
1786940277585 236212 881760 236212
1786940277607 236212 881760 236212
1786940277629 236212 881760 236212
1786940277650 236212 881760 236212
1786940277673 236212 881760 236212
1786940277698 236212 881760 236212
1786940277722 236212 881760 236212
1786940277744 236212 881760 236212
1786940277767 236212 881760 236212
1786940277792 236212 881760 236212
1786940277814 236212 881760 236212
1786940277836 236212 881760 236212
1786940277860 236212 881760 236212
1786940277884 236212 881760 236212
1786940277907 236212 881760 236212
1786940277929 236212 881760 236212
1786940277952 236212 881760 236212
1786940277974 236212 881760 236212
1786940277999 236212 881760 236212
1786940278022 236212 881760 236212
1786940278047 236212 881760 236212
1786940278072 236212 881760 236212
1786940278095 236212 881760 236212
1786940278117 236212 881760 236212
1786940278141 236212 881760 236212
1786940278163 236212 881760 236212
1786940278186 236212 881760 236212
1786940278208 236212 881760 236212
1786940278231 236212 881760 236212
1786940278253 236212 881760 236212
1786940278277 236212 881760 236212
1786940278302 236212 881760 236212
1786940278325 236212 881760 236212
1786940278348 236212 881760 236212
1786940278369 236212 881760 236212
1786940278392 236212 881760 236212
1786940278414 236212 881760 236212
1786940278435 236212 881760 236212
1786940278461 236212 881760 236212
1786940278483 236212 881760 236212
1786940278507 236212 881760 236212
1786940278530 236212 881760 236212
1786940278554 236212 881760 236212
1786940278577 236212 881760 236212
1786940278599 236212 881760 236212
1786940278621 236212 881760 236212
1786940278643 236212 881760 236212
1786940278666 236212 881760 236212
1786940278688 236212 881760 236212
1786940278712 236212 881760 236212
1786940278735 236212 881760 236212
1786940278757 236212 881760 236212
1786940278780 236212 881760 236212
1786940278802 236212 881760 236212
1786940278827 236212 881760 236212
1786940278852 236212 881760 236212
1786940278875 236212 881760 236212
1786940278898 236212 881760 236212
1786940278921 236212 881760 236212
1786940278944 236212 881760 236212
1786940278966 236212 881760 236212
1786940278991 236212 881760 236212
1786940279014 236212 881760 236212
1786940279038 236212 881760 236212
1786940279062 236212 881760 236212
1786940279085 236212 881760 236212
1786940279109 236212 881760 236212
1786940279131 236212 881760 236212
1786940279154 236212 881760 236212
1786940279176 236212 881760 236212
1786940279201 236212 881760 236212
1786940279223 236212 881760 236212
1786940279245 236212 881760 236212
1786940279267 236212 881760 236212
1786940279292 236212 881760 236212
1786940279315 236212 881760 236212
1786940279338 236212 881760 236212
1786940279360 236212 881760 236212
1786940279384 236212 881760 236212
1786940279406 236212 881760 236212
1786940279430 236212 881760 236212
1786940279453 236212 881760 236212
1786940279476 236212 881760 236212
1786940279498 236212 881760 236212
1786940279523 236212 881760 236212
1786940279546 236212 881760 236212
1786940279568 236212 881760 236212
1786940279591 236212 881760 236212
1786940279616 236212 881760 236212
1786940279639 236212 881760 236212
1786940279662 236212 881760 236212
1786940279684 236212 881760 236212
1786940279706 236212 881760 236212
1786940279729 236212 881760 236212
1786940279751 236212 881760 236212
1786940279773 236212 881760 236212
1786940279797 236212 881760 236212
1786940279821 236212 881760 236212
1786940279845 236212 881760 236212
1786940279867 236212 881760 236212
1786940279889 236212 881760 236212
1786940279914 236212 881760 236212
1786940279936 236212 881760 236212
1786940279959 236212 881760 236212
1786940279984 236212 881760 236212
1786940280008 236212 881760 236212
1786940280031 236212 881760 236212
1786940280056 236212 881760 236212
1786940280078 236212 881760 236212
1786940280101 236212 881760 236212
1786940280123 236212 881760 236212
1786940280145 236212 881760 236212
1786940280168 236212 881760 236212
1786940280193 236212 881760 236212
1786940280216 236212 881760 236212
1786940280241 236212 881760 236212
1786940280264 236212 881760 236212
1786940280287 236212 881760 236212
1786940280310 236212 881760 236212
1786940280332 236212 881760 236212
1786940280356 236212 881760 236212
1786940280379 236212 881760 236212
1786940280403 236212 881760 236212
1786940280428 236212 881760 236212
1786940280450 236212 881760 236212
1786940280473 236212 881760 236212
1786940280495 236212 881760 236212
1786940280520 236212 881760 236212
1786940280543 236212 881760 236212
1786940280568 236212 881760 236212
1786940280590 236212 881760 236212
1786940280613 236212 881760 236212
1786940280635 236212 881760 236212
1786940280658 236212 881760 236212
1786940280683 236212 881760 236212
1786940280705 236212 881760 236212
1786940280727 236212 881760 236212
1786940280749 236212 881760 236212
1786940280772 236212 881760 236212
1786940280795 236212 881760 236212
1786940280819 236212 881760 236212
1786940280841 236212 881760 236212
1786940280864 236212 881760 236212
1786940280886 236212 881760 236212
1786940280908 236212 881760 236212
1786940280933 236212 881760 236212
1786940280955 236212 881760 236212
1786940280978 236212 881760 236212
1786940281002 236212 881760 236212
1786940281025 236212 881760 236212
1786940281050 236212 881760 236212
1786940281072 236212 881760 236212
1786940281097 236212 881760 236212
1786940281119 236212 881760 236212
1786940281142 236212 881760 236212
1786940281166 236212 881760 236212
1786940281189 236212 881760 236212
1786940281211 236212 881760 236212
1786940281234 236212 881760 236212
1786940281257 236212 881760 236212
1786940281279 236212 881760 236212
1786940281304 236212 881760 236212
1786940281326 236212 881760 236212
1786940281349 236212 881760 236212
1786940281371 236212 881760 236212
1786940281393 236212 881760 236212
1786940281415 236212 881760 236212
1786940281438 236212 881760 236212
1786940281463 236212 881760 236212
1786940281485 236212 881760 236212
1786940281508 236212 881760 236212
1786940281530 236212 881760 236212
1786940281552 236212 881760 236212
1786940281578 236212 881760 236212
1786940281603 236212 881760 236212
1786940281625 236212 881760 236212
1786940281650 236212 881760 236212
1786940281672 236212 881760 236212
1786940281694 236212 881760 236212
1786940281716 236212 881760 236212
1786940281740 236212 881760 236212
1786940281763 236212 881760 236212
1786940281785 236212 881760 236212
1786940281807 236212 881760 236212
1786940281829 236212 881760 236212
1786940281851 236212 881760 236212
1786940281875 236212 881760 236212
1786940281897 236212 881760 236212
1786940281920 236212 881760 236212
1786940281942 236212 881760 236212
1786940281964 236212 881760 236212
1786940281989 236212 881760 236212
1786940282011 236212 881760 236212
1786940282033 236212 881760 236212
1786940282055 236212 881760 236212
1786940282077 236212 881760 236212
1786940282099 236212 881760 236212
1786940282122 236212 881760 236212
1786940282146 236212 881760 236212
1786940282171 236212 881760 236212
1786940282195 236212 881760 236212
1786940282218 236212 881760 236212
1786940282240 236212 881760 236212
1786940282262 236212 881760 236212
1786940282285 236212 881760 236212
1786940282308 236212 881760 236212
1786940282330 236212 881760 236212
1786940282355 236212 881760 236212
1786940282377 236212 881760 236212
1786940282402 236212 881760 236212
1786940282424 236212 881760 236212
1786940282448 236212 881760 236212
1786940282470 236212 881760 236212
1786940282493 236212 881760 236212
1786940282516 236212 881760 236212
1786940282538 236212 881760 236212
1786940282560 236212 881760 236212
1786940282582 236212 881760 236212
1786940282605 236212 881760 236212
1786940282627 236212 881760 236212
1786940282649 236212 881760 236212
1786940282674 236212 881760 236212
1786940282696 236212 881760 236212
1786940282719 236212 881760 236212
1786940282741 236212 881760 236212
1786940282766 236212 881760 236212
1786940282790 236212 881760 236212
1786940282813 236212 881760 236212
1786940282837 236212 881760 236212
1786940282859 236212 881760 236212
1786940282884 236212 881760 236212
1786940282907 236212 881760 236212
1786940282929 236212 881760 236212
1786940282951 236212 881760 236212
1786940282976 236212 881760 236212
1786940282999 236212 881760 236212
1786940283021 236212 881760 236212
1786940283043 236212 881760 236212
1786940283065 236212 881760 236212
1786940283090 236212 881760 236212
1786940283112 236212 881760 236212
1786940283134 236212 881760 236212
1786940283158 236212 881760 236212
1786940283181 236212 881760 236212
1786940283203 236212 881760 236212
1786940283225 236212 881760 236212
1786940283249 236212 881760 236212
1786940283272 236212 881760 236212
1786940283293 236212 881760 236212
1786940283316 236212 881760 236212
1786940283339 236212 881760 236212
1786940283362 236212 881760 236212
1786940283384 236212 881760 236212
1786940283408 236212 881760 236212
1786940283431 236212 881760 236212
1786940283453 236212 881760 236212
1786940283477 236212 881760 236212
1786940283500 236212 881760 236212
1786940283524 236212 881760 236212
1786940283546 236212 881760 236212
1786940283569 236212 881760 236212
1786940283591 236212 881760 236212
1786940283613 236212 881760 236212
1786940283636 236212 881760 236212
1786940283659 236212 881760 236212
1786940283682 236212 881760 236212
1786940283707 236212 881760 236212
1786940283729 236212 881760 236212
1786940283751 236212 881760 236212
1786940283774 236212 881760 236212
1786940283796 236212 881760 236212
1786940283821 236212 881760 236212
1786940283843 236212 881760 236212
1786940283866 236212 881760 236212
1786940283888 236212 881760 236212
1786940283913 236212 881760 236212
1786940283936 236212 881760 236212
1786940283958 236212 881760 236212
1786940283980 236212 881760 236212
1786940284003 236212 881760 236212
1786940284026 236212 881760 236212
1786940284048 236212 881760 236212
1786940284073 236212 881760 236212
1786940284095 236212 881760 236212
1786940284117 236212 881760 236212
1786940284142 236212 881760 236212
1786940284166 236212 881760 236212
1786940284190 236212 881760 236212
1786940284214 236212 881760 236212
1786940284236 236212 881760 236212
1786940284259 236212 881760 236212
1786940284282 236212 881760 236212
1786940284305 236212 881760 236212
1786940284327 236212 881760 236212
1786940284352 236212 881760 236212
1786940284376 236212 881760 236212
1786940284401 236212 881760 236212
1786940284423 236212 881760 236212
1786940284445 236212 881760 236212
1786940284468 236212 881760 236212
1786940284492 236212 881760 236212
1786940284515 236212 881760 236212
1786940284538 236212 881760 236212
1786940284560 236212 881760 236212
1786940284583 236212 881760 236212
1786940284607 236212 881760 236212
1786940284631 236212 881760 236212
1786940284653 236212 881760 236212
1786940284676 236212 881760 236212
1786940284698 236212 881760 236212
1786940284721 236212 881760 236212
1786940284742 236212 881760 236212
1786940284765 236212 881760 236212
1786940284789 236212 881760 236212
1786940284813 236212 881760 236212
1786940284837 236212 881760 236212
1786940284859 236212 881760 236212
1786940284882 236212 881760 236212
1786940284905 236212 881760 236212
1786940284928 236212 881760 236212
1786940284951 236212 881760 236212
1786940284973 236212 881760 236212
1786940284998 236212 881760 236212
1786940285022 236212 881760 236212
1786940285045 236212 881760 236212
1786940285068 236212 881760 236212
1786940285090 236212 881760 236212
1786940285112 236212 881760 236212
1786940285136 236212 881760 236212
1786940285161 236212 881760 236212
1786940285184 236212 881760 236212
1786940285206 236212 881760 236212
1786940285231 236212 881760 236212
1786940285253 236212 881760 236212
1786940285278 236212 881760 236212
1786940285301 236212 881760 236212
1786940285323 236212 881760 236212
1786940285346 236212 881760 236212
1786940285371 236212 881760 236212
1786940285393 236212 881760 236212
1786940285416 236212 881760 236212
1786940285440 236212 881760 236212
1786940285462 236212 881760 236212
1786940285484 236212 881760 236212
1786940285507 236212 881760 236212
1786940285530 236212 881760 236212
1786940285554 236212 881760 236212
1786940285576 236212 881760 236212
1786940285599 236212 881760 236212
1786940285623 236212 881760 236212
1786940285648 236212 881760 236212
1786940285670 236212 881760 236212
1786940285693 236212 881760 236212
1786940285715 236212 881760 236212
1786940285738 236212 881760 236212
1786940285762 236212 881760 236212
1786940285785 236212 881760 236212
1786940285809 236212 881760 236212
1786940285832 236212 881760 236212
1786940285854 236212 881760 236212
1786940285879 236212 881760 236212
1786940285901 236212 881760 236212
1786940285924 236212 881760 236212
1786940285946 236212 881760 236212
1786940285968 236212 881760 236212
1786940285991 236212 881760 236212
1786940286013 236212 881760 236212
1786940286037 236212 881760 236212
1786940286060 236212 881760 236212
1786940286083 236212 881760 236212
1786940286107 236212 881760 236212
1786940286130 236212 881760 236212
1786940286153 236212 881760 236212
1786940286177 236212 881760 236212
1786940286200 236212 881760 236212
1786940286223 236212 881760 236212
1786940286246 236212 881760 236212
1786940286269 236212 881760 236212
1786940286292 236212 881760 236212
1786940286314 236212 881760 236212
1786940286336 236212 881760 236212
1786940286361 236212 881760 236212
1786940286385 236212 881760 236212
1786940286409 236212 881760 236212
1786940286431 236212 881760 236212
1786940286455 236212 881760 236212
1786940286480 236212 881760 236212
1786940286505 236212 881760 236212
1786940286529 236212 881760 236212
1786940286551 236212 881760 236212
1786940286575 236212 881760 236212
1786940286598 236212 881760 236212
1786940286620 236212 881760 236212
1786940286643 236212 881760 236212
1786940286668 236212 881760 236212
1786940286690 236212 881760 236212
1786940286713 236212 881760 236212
1786940286735 236212 881760 236212
1786940286758 236212 881760 236212
1786940286780 236212 881760 236212
1786940286803 236212 881760 236212
1786940286826 236212 881760 236212
1786940286848 236212 881760 236212
1786940286870 236212 881760 236212
1786940286893 236212 881760 236212
1786940286915 236212 881760 236212
1786940286937 236212 881760 236212
1786940286960 236212 881760 236212
1786940286982 236212 881760 236212
1786940287005 236212 881760 236212
1786940287027 236212 881760 236212
1786940287050 236212 881760 236212
1786940287072 236212 881760 236212
1786940287094 236212 881760 236212
1786940287119 236212 881760 236212
1786940287143 236212 881760 236212
1786940287165 236212 881760 236212
1786940287189 236212 881760 236212
1786940287212 236212 881760 236212
1786940287235 236212 881760 236212
1786940287259 236212 881760 236212
1786940287281 236212 881760 236212
1786940287304 236212 881760 236212
1786940287326 236212 881760 236212
1786940287348 236212 881760 236212
1786940287370 236212 881760 236212
1786940287392 236212 881760 236212
1786940287414 236212 881760 236212
1786940287436 236212 881760 236212
1786940287459 236212 881760 236212
1786940287482 236212 881760 236212
1786940287504 236212 881760 236212
1786940287529 236212 881760 236212
1786940287552 236212 881760 236212
1786940287576 236212 881760 236212
1786940287599 236212 881760 236212
1786940287622 236212 881760 236212
1786940287647 236212 881760 236212
1786940287669 236212 881760 236212
1786940287693 236212 881760 236212
1786940287716 236212 881760 236212
1786940287740 236212 881760 236212
1786940287763 236212 881760 236212
1786940287786 236212 881760 236212
1786940287809 236212 881760 236212
1786940287832 236212 881760 236212
1786940287853 236212 881760 236212
1786940287876 236212 881760 236212
1786940287901 236212 881760 236212
1786940287923 236212 881760 236212
1786940287948 236212 881760 236212
1786940287972 236212 881760 236212
1786940287994 236212 881760 236212
1786940288017 236212 881760 236212
1786940288041 236212 881760 236212
1786940288064 236212 881760 236212
1786940288086 236212 881760 236212
1786940288108 236212 881760 236212
1786940288134 236212 881760 236212
1786940288156 236212 881760 236212
1786940288181 236212 881760 236212
1786940288203 236212 881760 236212
1786940288225 236212 881760 236212
1786940288248 236212 881760 236212
1786940288272 236212 881760 236212
1786940288295 236212 881760 236212
1786940288319 236212 881760 236212
1786940288343 236212 881760 236212
1786940288367 236212 881760 236212
1786940288389 236212 881760 236212
1786940288412 236212 881760 236212
1786940288434 236212 881760 236212
1786940288458 236212 881760 236212
1786940288481 236212 881760 236212
1786940288505 236212 881760 236212
1786940288528 236212 881760 236212
1786940288552 236212 881760 236212
1786940288575 236212 881760 236212
1786940288597 236212 881760 236212
1786940288620 236212 881760 236212
1786940288642 236212 881760 236212
1786940288666 236212 881760 236212
1786940288689 236212 881760 236212
1786940288712 236212 881760 236212
1786940288736 236212 881760 236212
1786940288759 236212 881760 236212
1786940288783 236212 881760 236212
1786940288806 236212 881760 236212
1786940288829 236212 881760 236212
1786940288851 236212 881760 236212
1786940288875 236212 881760 236212
1786940288898 236212 881760 236212
1786940288921 236212 881760 236212
1786940288942 236212 881760 236212
1786940288965 236212 881760 236212
1786940288988 236212 881760 236212
1786940289013 236212 881760 236212
1786940289035 236212 881760 236212
1786940289058 236212 881760 236212
1786940289082 236212 881760 236212
1786940289106 236212 881760 236212
1786940289130 236212 881760 236212
1786940289153 236212 881760 236212
1786940289176 236212 881760 236212
1786940289198 236212 881760 236212
1786940289222 236212 881760 236212
1786940289246 236212 881760 236212
1786940289269 236212 881760 236212
1786940289291 236212 881760 236212
1786940289313 236212 881760 236212
1786940289336 236212 881760 236212
1786940289360 236212 881760 236212
1786940289384 236212 881760 236212
1786940289407 236212 881760 236212
1786940289429 236212 881760 236212
1786940289452 236212 881760 236212
1786940289474 236212 881760 236212
1786940289499 236212 881760 236212
1786940289522 236212 881760 236212
1786940289544 236212 881760 236212
1786940289566 236212 881760 236212
1786940289590 236212 881760 236212
1786940289613 236212 881760 236212
1786940289635 236212 881760 236212
1786940289657 236212 881760 236212
1786940289682 236212 881760 236212
1786940289704 236212 881760 236212
1786940289726 236212 881760 236212
1786940289749 236212 881760 236212
1786940289773 236212 881760 236212
1786940289795 236212 881760 236212
1786940289819 236212 881760 236212
1786940289842 236212 881760 236212
1786940289866 236212 881760 236212
1786940289891 236212 881760 236212
1786940289913 236212 881760 236212
1786940289937 236212 881760 236212
1786940289959 236212 881760 236212
1786940289982 236212 881760 236212
1786940290004 236212 881760 236212
1786940290026 236212 881760 236212
1786940290049 236212 881760 236212
1786940290073 236212 881760 236212
1786940290098 236212 881760 236212
1786940290120 236212 881760 236212
1786940290145 236212 881760 236212
1786940290169 236212 881760 236212
1786940290192 236212 881760 236212
1786940290214 236212 881760 236212
1786940290236 236212 881760 236212
1786940290259 236212 881760 236212
1786940290281 236212 881760 236212
1786940290304 236212 881760 236212
1786940290327 236212 881760 236212
1786940290350 236212 881760 236212
1786940290372 236212 881760 236212
1786940290397 236212 881760 236212
1786940290421 236212 881760 236212
1786940290444 236212 881760 236212
1786940290466 236212 881760 236212
1786940290488 236212 881760 236212
1786940290513 236212 881760 236212
1786940290537 236212 881760 236212
1786940290560 236212 881760 236212
1786940290583 236212 881760 236212
1786940290607 236212 881760 236212
1786940290630 236212 881760 236212
1786940290654 236212 881760 236212
1786940290676 236212 881760 236212
1786940290699 236212 881760 236212
1786940290724 236212 881760 236212
1786940290747 236212 881760 236212
1786940290770 236212 881760 236212
1786940290792 236212 881760 236212
1786940290814 236212 881760 236212
1786940290837 236212 881760 236212
1786940290860 236212 881760 236212
1786940290883 236212 881760 236212
1786940290906 236212 881760 236212
1786940290928 236212 881760 236212
1786940290950 236212 881760 236212
1786940290972 236212 881760 236212
1786940290995 236212 881760 236212
1786940291019 236212 881760 236212
1786940291042 236212 881760 236212
1786940291065 236212 881760 236212
1786940291087 236212 881760 236212
1786940291112 236212 881760 236212
1786940291135 236212 881760 236212
1786940291157 236212 881760 236212
1786940291179 236212 881760 236212
1786940291203 236212 881760 236212
1786940291226 236212 881760 236212
1786940291248 236212 881760 236212
1786940291270 236212 881760 236212
1786940291293 236212 881760 236212
1786940291315 236212 881760 236212
1786940291340 236212 881760 236212
1786940291364 236212 881760 236212
1786940291386 236212 881760 236212
1786940291409 236212 881760 236212
1786940291431 236212 881760 236212
1786940291453 236212 881760 236212
1786940291476 236212 881760 236212
1786940291498 236212 881760 236212
1786940291522 236212 881760 236212
1786940291545 236212 881760 236212
1786940291567 236212 881760 236212
1786940291592 236212 881760 236212
1786940291614 236212 881760 236212
1786940291636 236212 881760 236212
1786940291659 236212 881760 236212
1786940291683 236212 881760 236212
1786940291706 236212 881760 236212
1786940291728 236212 881760 236212
1786940291750 236212 881760 236212
1786940291773 236212 881760 236212
1786940291796 236212 881760 236212
1786940291818 236212 881760 236212
1786940291840 236212 881760 236212
1786940291865 236212 881760 236212
1786940291887 236212 881760 236212
1786940291912 236212 881760 236212
1786940291937 236212 881760 236212
1786940291960 236212 881760 236212
1786940291983 236212 881760 236212
1786940292007 236212 881760 236212
1786940292032 236212 881760 236212
1786940292056 236212 881760 236212
1786940292078 236212 881760 236212
1786940292103 236212 881760 236212
1786940292126 236212 881760 236212
1786940292149 236212 881760 236212
1786940292172 236212 881760 236212
1786940292195 236212 881760 236212
1786940292217 236212 881760 236212
1786940292242 236212 881760 236212
1786940292267 236212 881760 236212
1786940292290 236212 881760 236212
1786940292313 236212 881760 236212
1786940292338 236212 881760 236212
1786940292361 236212 881760 236212
1786940292383 236212 881760 236212
1786940292407 236212 881760 236212
1786940292430 236212 881760 236212
1786940292454 236212 881760 236212
1786940292477 236212 881760 236212
1786940292501 236212 881760 236212
1786940292523 236212 881760 236212
1786940292545 236212 881760 236212
1786940292568 236212 881760 236212
1786940292590 236212 881760 236212
1786940292614 236212 881760 236212
1786940292636 236212 881760 236212
1786940292660 236212 881760 236212
1786940292682 236212 881760 236212
1786940292706 236212 881760 236212
1786940292728 236212 881760 236212
1786940292752 236212 881760 236212
1786940292774 236212 881760 236212
1786940292797 236212 881760 236212
1786940292820 236212 881760 236212
1786940292842 236212 881760 236212
1786940292865 236212 881760 236212
1786940292890 236212 881760 236212
1786940292913 236212 881760 236212
1786940292935 236212 881760 236212
1786940292957 236212 881760 236212
1786940292979 236212 881760 236212
1786940293002 236212 881760 236212
1786940293026 236212 881760 236212
1786940293048 236212 881760 236212
1786940293070 236212 881760 236212
1786940293092 236212 881760 236212
1786940293115 236212 881760 236212
1786940293137 236212 881760 236212
1786940293159 236212 881760 236212
1786940293182 236212 881760 236212
1786940293204 236212 881760 236212
1786940293229 236212 881760 236212
1786940293254 236212 881760 236212
1786940293276 236212 881760 236212
1786940293300 236212 881760 236212
1786940293322 236212 881760 236212
1786940293345 236212 881760 236212
1786940293367 236212 881760 236212
1786940293392 236212 881760 236212
1786940293416 236212 881760 236212
1786940293438 236212 881760 236212
1786940293460 236212 881760 236212
1786940293485 236212 881760 236212
1786940293507 236212 881760 236212
1786940293530 236212 881760 236212
1786940293553 236212 881760 236212
1786940293576 236212 881760 236212
1786940293598 236212 881760 236212
1786940293621 236212 881760 236212
1786940293643 236212 881760 236212
1786940293666 236212 881760 236212
1786940293690 236212 881760 236212
1786940293713 236212 881760 236212
1786940293735 236212 881760 236212
1786940293757 236212 881760 236212
1786940293779 236212 881760 236212
1786940293804 236212 881760 236212
1786940293827 236212 881760 236212
1786940293849 236212 881760 236212
1786940293873 236212 881760 236212
1786940293896 236212 881760 236212
1786940293918 236212 881760 236212
1786940293940 236212 881760 236212
1786940293964 236212 881760 236212
1786940293989 236212 881760 236212
1786940294011 236212 881760 236212
1786940294033 236212 881760 236212
1786940294057 236212 881760 236212
1786940294079 236212 881760 236212
1786940294101 236212 881760 236212
1786940294124 236212 881760 236212
1786940294146 236212 881760 236212
1786940294170 236212 881760 236212
1786940294192 236212 881760 236212
1786940294216 236212 881760 236212
1786940294240 236212 881760 236212
1786940294263 236212 881760 236212
1786940294285 236212 881760 236212
1786940294307 236212 881760 236212
1786940294330 236212 881760 236212
1786940294352 236212 881760 236212
1786940294377 236212 881760 236212
1786940294400 236212 881760 236212
1786940294422 236212 881760 236212
1786940294444 236212 881760 236212
1786940294466 236212 881760 236212
1786940294490 236212 881760 236212
1786940294513 236212 881760 236212
1786940294537 236212 881760 236212
1786940294560 236212 881760 236212
1786940294583 236212 881760 236212
1786940294605 236212 881760 236212
1786940294627 236212 881760 236212
1786940294650 236212 881760 236212
1786940294674 236212 881760 236212
1786940294696 236212 881760 236212
1786940294718 236212 881760 236212
1786940294740 236212 881760 236212
1786940294762 236212 881760 236212
1786940294784 236212 881760 236212
1786940294809 236212 881760 236212
1786940294831 236212 881760 236212
1786940294856 236212 881760 236212
1786940294878 236212 881760 236212
1786940294901 236212 881760 236212
1786940294923 236212 881760 236212
1786940294945 236212 881760 236212
1786940294967 236212 881760 236212
1786940294990 236212 881760 236212
1786940295015 236212 881760 236212
1786940295039 236212 881760 236212
1786940295062 236212 881760 236212
1786940295084 236212 881760 236212
1786940295106 236212 881760 236212
1786940295130 236212 881760 236212
1786940295153 236212 881760 236212
1786940295175 236212 881760 236212
1786940295198 236212 881760 236212
1786940295221 236212 881760 236212
1786940295245 236212 881760 236212
1786940295268 236212 881760 236212
1786940295292 236212 881760 236212
1786940295315 236212 881760 236212
1786940295340 236212 881760 236212
1786940295362 236212 881760 236212
1786940295385 236212 881760 236212
1786940295407 236212 881760 236212
1786940295430 236212 881760 236212
1786940295453 236212 881760 236212
1786940295475 236212 881760 236212
1786940295497 236212 881760 236212
1786940295522 236212 881760 236212
1786940295544 236212 881760 236212
1786940295566 236212 881760 236212
1786940295591 236212 881760 236212
1786940295614 236212 881760 236212
1786940295637 236212 881760 236212
1786940295659 236212 881760 236212
1786940295681 236212 881760 236212
1786940295703 236212 881760 236212
1786940295728 236212 881760 236212
1786940295751 236212 881760 236212
1786940295774 236212 881760 236212
1786940295796 236212 881760 236212
1786940295818 236212 881760 236212
1786940295841 236212 881760 236212
1786940295863 236212 881760 236212
1786940295887 236212 881760 236212
1786940295909 236212 881760 236212
1786940295932 236212 881760 236212
1786940295955 236212 881760 236212
1786940295979 236212 881760 236212
1786940296001 236212 881760 236212
1786940296024 236212 881760 236212
1786940296046 236212 881760 236212
1786940296068 236212 881760 236212
1786940296093 236212 881760 236212
1786940296116 236212 881760 236212
1786940296139 236212 881760 236212
1786940296161 236212 881760 236212
1786940296186 236212 881760 236212
1786940296208 236212 881760 236212
1786940296229 236212 881760 236212
1786940296252 236212 881760 236212
1786940296274 236212 881760 236212
1786940296297 236212 881760 236212
1786940296320 236212 881760 236212
1786940296342 236212 881760 236212
1786940296365 236212 881760 236212
1786940296388 236212 881760 236212
1786940296412 236212 881760 236212
1786940296434 236212 881760 236212
1786940296456 236212 881760 236212
1786940296478 236212 881760 236212
1786940296501 236212 881760 236212
1786940296523 236212 881760 236212
1786940296546 236212 881760 236212
1786940296568 236212 881760 236212
1786940296594 236212 881760 236212
1786940296616 236212 881760 236212
1786940296639 236212 881760 236212
1786940296664 236212 881760 236212
1786940296689 236212 881760 236212
1786940296712 236212 881760 236212
1786940296734 236212 881760 236212
1786940296756 236212 881760 236212
1786940296781 236212 881760 236212
1786940296803 236212 881760 236212
1786940296827 236212 881760 236212
1786940296849 236212 881760 236212
1786940296871 236212 881760 236212
1786940296896 236212 881760 236212
1786940296919 236212 881760 236212
1786940296941 236212 881760 236212
1786940296964 236212 881760 236212
1786940296986 236212 881760 236212
1786940297008 236212 881760 236212
1786940297031 236212 881760 236212
1786940297056 236212 881760 236212
1786940297078 236212 881760 236212
1786940297101 236212 881760 236212
1786940297125 236212 881760 236212
1786940297148 236212 881760 236212
1786940297170 236212 881760 236212
1786940297191 236212 881760 236212
1786940297216 236212 881760 236212
1786940297238 236212 881760 236212
1786940297263 236212 881760 236212
1786940297286 236212 881760 236212
1786940297309 236212 881760 236212
1786940297333 236212 881760 236212
1786940297355 236212 881760 236212
1786940297380 236212 881760 236212
1786940297402 236212 881760 236212
1786940297424 236212 881760 236212
1786940297447 236212 881760 236212
1786940297471 236212 881760 236212
1786940297493 236212 881760 236212
1786940297516 236212 881760 236212
1786940297538 236212 881760 236212
1786940297560 236212 881760 236212
1786940297585 236212 881760 236212
1786940297607 236212 881760 236212
1786940297629 236212 881760 236212
1786940297652 236212 881760 236212
1786940297674 236212 881760 236212
1786940297696 236212 881760 236212
1786940297720 236212 881760 236212
1786940297742 236212 881760 236212
1786940297765 236212 881760 236212
1786940297787 236212 881760 236212
1786940297809 236212 881760 236212
1786940297831 236212 881760 236212
1786940297856 236212 881760 236212
1786940297878 236212 881760 236212
1786940297900 236212 881760 236212
1786940297923 236212 881760 236212
1786940297945 236212 881760 236212
1786940297969 236212 881760 236212
1786940297992 236212 881760 236212
1786940298014 236212 881760 236212
1786940298041 236212 881760 236212
1786940298065 236212 881760 236212
1786940298091 236212 881760 236212
1786940298114 236212 881760 236212
1786940298139 236212 881760 236212
1786940298161 236212 881760 236212
1786940298185 236212 881760 236212
1786940298211 236212 881760 236212
1786940298237 236212 881760 236212
1786940298263 236212 881760 236212
1786940298287 236212 881760 236212
1786940298309 236212 881760 236212
1786940298332 236212 881760 236212
1786940298354 236212 881760 236212
1786940298379 236212 881760 236212
1786940298417 236212 881760 236212
1786940298443 236212 881760 236212
1786940298466 236212 881760 236212
1786940298491 236212 881760 236212
1786940298515 236212 881760 236212
1786940298539 236212 881760 236212
1786940298562 236212 881760 236212
1786940298587 236212 881760 236212
1786940298613 236212 881760 236212
1786940298639 236212 881760 236212
1786940298664 236212 881760 236212
1786940298691 236212 881760 236212
1786940298717 236212 881760 236212
1786940298742 236212 881760 236212
1786940298767 236212 881760 236212
1786940298791 236212 881760 236212
1786940298817 236212 881760 236212
1786940298843 236212 881760 236212
1786940298869 236212 881760 236212
1786940298895 236212 881760 236212
1786940298922 236212 881760 236212
1786940298946 236212 881760 236212
1786940298968 236212 881760 236212
1786940298993 236212 881760 236212
1786940299020 236212 881760 236212
1786940299046 236212 881760 236212
1786940299073 236212 881760 236212
1786940299096 236212 881760 236212
1786940299118 236212 881760 236212
1786940299140 236212 881760 236212
1786940299166 236212 881760 236212
1786940299193 236212 881760 236212
1786940299216 236212 881760 236212
1786940299239 236212 881760 236212
1786940299261 236212 881760 236212
1786940299287 236212 881760 236212
1786940299314 236212 881760 236212
1786940299341 236212 881760 236212
1786940299366 236212 881760 236212
1786940299389 236212 881760 236212
1786940299414 236212 881760 236212
1786940299440 236212 881760 236212
1786940299466 236212 881760 236212
1786940299492 236212 881760 236212
1786940299517 236212 881760 236212
1786940299540 236212 881760 236212
1786940299562 236212 881760 236212
1786940299585 236212 881760 236212
1786940299610 236212 881760 236212
1786940299634 236212 881760 236212
1786940299660 236212 881760 236212
1786940299687 236212 881760 236212
1786940299713 236212 881760 236212
1786940299736 236212 881760 236212
1786940299761 236212 881760 236212
1786940299787 236212 881760 236212
1786940299812 236212 881760 236212
1786940299838 236212 881760 236212
1786940299864 236212 881760 236212
1786940299888 236212 881760 236212
1786940299913 236212 881760 236212
1786940299939 236212 881760 236212
1786940299965 236212 881760 236212
1786940299991 236212 881760 236212
1786940300017 236212 881760 236212
1786940300040 236212 881760 236212
1786940300063 236212 881760 236212
1786940300085 236212 881760 236212
1786940300107 236212 881760 236212
1786940300130 236212 881760 236212
1786940300155 236212 881760 236212
1786940300182 236212 881760 236212
1786940300209 236212 881760 236212
1786940300235 236212 881760 236212
1786940300262 236212 881760 236212
1786940300288 236212 881760 236212
1786940300314 236212 881760 236212
1786940300340 236212 881760 236212
1786940300367 236212 881760 236212
1786940300393 236212 881760 236212
1786940300420 236212 881760 236212
1786940300446 236212 881760 236212
1786940300472 236212 881760 236212
1786940300499 236212 881760 236212
1786940300526 236212 881760 236212
1786940300552 236212 881760 236212
1786940300578 236212 881760 236212
1786940300605 236212 881760 236212
1786940300631 236212 881760 236212
1786940300658 236212 881760 236212
1786940300684 236212 881760 236212
1786940300709 236212 881760 236212
1786940300735 236212 881760 236212
1786940300762 236212 881760 236212
1786940300787 236212 881760 236212
1786940300813 236212 881760 236212
1786940300839 236212 881760 236212
1786940300862 236212 881760 236212
1786940300887 236212 881760 236212
1786940300912 236212 881760 236212
1786940300937 236212 881760 236212
1786940300964 236212 881760 236212
1786940300991 236212 881760 236212
1786940301017 236212 881760 236212
1786940301044 236212 881760 236212
1786940301070 236212 881760 236212
1786940301097 236212 881760 236212
1786940301123 236212 881760 236212
1786940301149 236212 881760 236212
1786940301176 236212 881760 236212
1786940301202 236212 881760 236212
1786940301229 236212 881760 236212
1786940301255 236212 881760 236212
1786940301282 236212 881760 236212
1786940301308 236212 881760 236212
1786940301335 236212 881760 236212
1786940301361 236212 881760 236212
1786940301388 236212 881760 236212
1786940301414 236212 881760 236212
1786940301441 236212 881760 236212
1786940301467 236212 881760 236212
1786940301493 236212 881760 236212
1786940301520 236212 881760 236212
1786940301546 236212 881760 236212
1786940301572 236212 881760 236212
1786940301597 236212 881760 236212
1786940301636 236212 881760 236212
1786940301661 236212 881760 236212
1786940301684 236212 881760 236212
1786940301706 236212 881760 236212
1786940301729 236212 881760 236212
1786940301751 236212 881760 236212
1786940301773 236212 881760 236212
1786940301799 236212 881760 236212
1786940301826 236212 881760 236212
1786940301853 236212 881760 236212
1786940301878 236212 881760 236212
1786940301903 236212 881760 236212
1786940301928 236212 881760 236212
1786940301950 236212 881760 236212
1786940301972 236212 881760 236212
1786940301997 236212 881760 236212
1786940302023 236212 881760 236212
1786940302050 236212 881760 236212
1786940302076 236212 881760 236212
1786940302102 236212 881760 236212
1786940302129 236212 881760 236212
1786940302155 236212 881760 236212
1786940302177 236212 881760 236212
1786940302199 236212 881760 236212
1786940302226 236212 881760 236212
1786940302252 236212 881760 236212
1786940302278 236212 881760 236212
1786940302304 236212 881760 236212
1786940302329 236212 881760 236212
1786940302352 236212 881760 236212
1786940302376 236212 881760 236212
1786940302399 236212 881760 236212
1786940302421 236212 881760 236212
1786940302448 236212 881760 236212
1786940302475 236212 881760 236212
1786940302502 236212 881760 236212
1786940302525 236212 881760 236212
1786940302551 236212 881760 236212
1786940302578 236212 881760 236212
1786940302604 236212 881760 236212
1786940302631 236212 881760 236212
1786940302656 236212 881760 236212
1786940302679 236212 881760 236212
1786940302705 236212 881760 236212
1786940302731 236212 881760 236212
1786940302758 236212 881760 236212
1786940302784 236212 881760 236212
1786940302809 236212 881760 236212
1786940302835 236212 881760 236212
1786940302862 236212 881760 236212
1786940302889 236212 881760 236212
1786940302916 236212 881760 236212
1786940302942 236212 881760 236212
1786940302968 236212 881760 236212
1786940302991 236212 881760 236212
1786940303012 236212 881760 236212
1786940303038 236212 881760 236212
1786940303061 236212 881760 236212
1786940303083 236212 881760 236212
1786940303110 236212 881760 236212
1786940303137 236212 881760 236212
1786940303164 236212 881760 236212
1786940303190 236212 881760 236212
1786940303217 236212 881760 236212
1786940303244 236212 881760 236212
1786940303271 236212 881760 236212
1786940303298 236212 881760 236212
1786940303324 236212 881760 236212
1786940303350 236212 881760 236212
1786940303375 236212 881760 236212
1786940303402 236212 881760 236212
1786940303428 236212 881760 236212
1786940303453 236212 881760 236212
1786940303477 236212 881760 236212
1786940303502 236212 881760 236212
1786940303529 236212 881760 236212
1786940303555 236212 881760 236212
1786940303581 236212 881760 236212
1786940303607 236212 881760 236212
1786940303633 236212 881760 236212
1786940303659 236212 881760 236212
1786940303685 236212 881760 236212
1786940303711 236212 881760 236212
1786940303738 236212 881760 236212
1786940303764 236212 881760 236212
1786940303790 236212 881760 236212
1786940303817 236212 881760 236212
1786940303844 236212 881760 236212
1786940303870 236212 881760 236212
1786940303897 236212 881760 236212
1786940303923 236212 881760 236212
1786940303950 236212 881760 236212
1786940303976 236212 881760 236212
1786940304003 236212 881760 236212
1786940304029 236212 881760 236212
1786940304056 236212 881760 236212
1786940304083 236212 881760 236212
1786940304109 236212 881760 236212
1786940304135 236212 881760 236212
1786940304161 236212 881760 236212
1786940304188 236212 881760 236212
1786940304215 236212 881760 236212
1786940304242 236212 881760 236212
1786940304269 236212 881760 236212
1786940304296 236212 881760 236212
1786940304323 236212 881760 236212
1786940304350 236212 881760 236212
1786940304376 236212 881760 236212
1786940304403 236212 881760 236212
1786940304430 236212 881760 236212
1786940304457 236212 881760 236212
1786940304484 236212 881760 236212
1786940304510 236212 881760 236212
1786940304536 236212 881760 236212
1786940304562 236212 881760 236212
1786940304588 236212 881760 236212
1786940304614 236212 881760 236212
1786940304641 236212 881760 236212
1786940304667 236212 881760 236212
1786940304694 236212 881760 236212
1786940304720 236212 881760 236212
1786940304746 236212 881760 236212
1786940304772 236212 881760 236212
1786940304798 236212 881760 236212
1786940304824 236212 881760 236212
1786940304851 236212 881760 236212
1786940304877 236212 881760 236212
1786940304904 236212 881760 236212
1786940304930 236212 881760 236212
1786940304957 236212 881760 236212
1786940304984 236212 881760 236212
1786940305010 236212 881760 236212
1786940305037 236212 881760 236212
1786940305064 236212 881760 236212
1786940305091 236212 881760 236212
1786940305117 236212 881760 236212
1786940305143 236212 881760 236212
1786940305170 236212 881760 236212
1786940305196 236212 881760 236212
1786940305223 236212 881760 236212
1786940305249 236212 881760 236212
1786940305274 236212 881760 236212
1786940305299 236212 881760 236212
1786940305326 236212 881760 236212
1786940305353 236212 881760 236212
1786940305380 236212 881760 236212
1786940305407 236212 881760 236212
1786940305434 236212 881760 236212
1786940305461 236212 881760 236212
1786940305488 236212 881760 236212
1786940305515 236212 881760 236212
1786940305542 236212 881760 236212
1786940305569 236212 881760 236212
1786940305596 236212 881760 236212
1786940305623 236212 881760 236212
1786940305649 236212 881760 236212
1786940305675 236212 881760 236212
1786940305701 236212 881760 236212
1786940305727 236212 881760 236212
1786940305754 236212 881760 236212
1786940305780 236212 881760 236212
1786940305806 236212 881760 236212
1786940305832 236212 881760 236212
1786940305859 236212 881760 236212
1786940305885 236212 881760 236212
1786940305912 236212 881760 236212
1786940305938 236212 881760 236212
1786940305964 236212 881760 236212
1786940305991 236212 881760 236212
1786940306017 236212 881760 236212
1786940306041 236212 881760 236212
1786940306066 236212 881760 236212
1786940306089 236212 881760 236212
1786940306112 236344 881760 236344
1786940306205 317248 2868516 317248
1786940306307 317668 2868516 317588
1786940306363 354036 2868516 354032
1786940306465 384464 2868516 384304
1786940306586 433236 2868516 433236
1786940306709 434772 2868516 434772
1786940306773 427400 3347788 427400
1786940306804 429568 3347788 429568
1786940306834 443432 3347788 443384
1786940306964 450092 3347788 450092
1786940307069 458908 3347788 458908
1786940307176 477516 3347788 477496
1786940307304 522616 3347788 522616
1786940307424 521752 3347788 521752
1786940307456 521752 3347788 521752
1786940307487 521752 3347788 521752
1786940307515 521752 3347788 521752
1786940307544 529860 3347788 529860
1786940307651 529860 3347788 529860
1786940307679 532532 4369816 532532
1786940307759 533880 5096868 533880
1786940307848 534212 5096868 534212
1786940307956 534828 5096868 534828
1786940308029 535136 5096868 535136
1786940308109 536676 5096868 536676
1786940308217 539056 5096868 539056
1786940308291 545280 5096868 545280
1786940308417 545280 5096868 545280
1786940308450 545280 5096868 545280
1786940308481 545280 5096868 545280
1786940308510 545280 5096868 545280
1786940308538 545280 5096868 545280
1786940308571 545280 5096868 545280
1786940308605 545280 5096868 545280
1786940308645 546268 5096868 546268
1786940308722 546664 5096868 546664
1786940308796 548092 5096868 548092
1786940308873 561588 5096868 561588
1786940308996 561588 5096868 561588
1786940309024 566820 5096868 566804
1786940309107 600168 5096868 600168
1786940309249 600168 5096868 600168
1786940309284 600168 5096868 600168
1786940309319 600168 5096868 600168
1786940309353 600168 5096868 600168
1786940309388 600168 5096868 600168
1786940309422 600168 5096868 600168
1786940309456 600168 5096868 600168
1786940309491 600168 5096868 600168
1786940309526 606040 5096868 606040
1786940309605 608960 5096868 608960
1786940309753 617816 5096868 617816
1786940309891 642096 5096868 642088
1786940310031 714376 5096868 714364
1786940310177 736300 5096868 736300
1786940310324 749420 5096868 749420
1786940310461 749740 5096868 749740
1786940310543 749804 5096868 749804
1786940310636 753320 5096868 753320
1786940310731 759736 5096868 759716
1786940310865 764416 5096868 764416
1786940310959 765420 5096868 765420
1786940311038 765420 5096868 765420
1786940311071 765420 5096868 765420
1786940311106 760968 5096868 760968
1786940311141 755772 5096868 755772
1786940311176 748356 5096868 748356
1786940311206 745796 5096868 745796
1786940311239 745796 5096868 745796
1786940311271 745796 5096868 745796
1786940311303 747728 5096868 747728
1786940311332 747728 5096868 747728
1786940311365 747728 5096868 747728
1786940311398 747728 5096868 747728
1786940311431 747728 5096868 747728
1786940311464 747728 5096868 747728
1786940311497 747728 5096868 747728
1786940311530 747728 5096868 747728
1786940311563 747728 5096868 747728
1786940311596 747728 5096868 747728
1786940311628 747728 5096868 747728
1786940311661 747728 5096868 747728
1786940311694 747728 5096868 747728
1786940311727 747728 5096868 747728
1786940311760 747728 5096868 747728
1786940311793 747728 5096868 747728
1786940311826 747728 5096868 747728
1786940311860 747728 5096868 747728
1786940311893 747728 5096868 747728
1786940311926 747728 5096868 747728
1786940311959 747728 5096868 747728
1786940311993 747728 5096868 747728
1786940312025 747728 5096868 747728
1786940312059 747728 5096868 747728
1786940312091 747728 5096868 747728
1786940312125 747728 5096868 747728
1786940312158 747728 5096868 747728
1786940312191 747728 5096868 747728
1786940312224 747728 5096868 747728
1786940312257 747728 5096868 747728
1786940312290 747728 5096868 747728
1786940312324 747728 5096868 747728
1786940312357 747728 5096868 747728
1786940312390 747728 5096868 747728
1786940312423 747728 5096868 747728
1786940312457 747728 5096868 747728
1786940312490 747728 5096868 747728
1786940312524 747728 5096868 747728
1786940312557 747728 5096868 747728
1786940312589 747728 5096868 747728
1786940312621 747728 5096868 747728
1786940312653 747728 5096868 747728
1786940312686 747728 5096868 747728
1786940312718 747728 5096868 747728
1786940312750 747728 5096868 747728
1786940312782 747728 5096868 747728
1786940312815 747728 5096868 747728
1786940312847 747728 5096868 747728
1786940312879 747728 5096868 747728
1786940312911 747728 5096868 747728
1786940312943 747728 5096868 747728
1786940312976 747728 5096868 747728
1786940313008 747728 5096868 747728
1786940313040 747728 5096868 747728
1786940313072 747728 5096868 747728
1786940313104 747728 5096868 747728
1786940313136 747728 5096868 747728
1786940313168 747728 5096868 747728
1786940313201 747728 5096868 747728
1786940313233 747728 5096868 747728
1786940313265 747728 5096868 747728
1786940313297 747728 5096868 747728
1786940313329 747728 5096868 747728
1786940313362 747728 5096868 747728
1786940313396 747728 5096868 747728
1786940313428 747728 5096868 747728
1786940313462 747728 5096868 747728
1786940313495 747728 5096868 747728
1786940313529 747728 5096868 747728
1786940313563 747728 5096868 747728
1786940313594 747728 5096868 747728
1786940313626 747728 5096868 747728
1786940313657 747728 5096868 747728
1786940313686 747728 5096868 747728
1786940313719 747728 5096868 747728
1786940313751 747728 5096868 747728
1786940313785 747728 5096868 747728
1786940313817 747728 5096868 747728
1786940313845 747728 5096868 747728
1786940313877 747728 5096868 747728
1786940313908 747728 5096868 747728
1786940313941 747728 5096868 747728
1786940313970 747728 5096868 747728
1786940313999 747728 5096868 747728
1786940314027 747728 5096868 747728
1786940314059 747728 5096868 747728
1786940314092 747728 5096868 747728
1786940314125 747728 5096868 747728
1786940314157 747728 5096868 747728
1786940314186 747728 5096868 747728
1786940314218 747728 5096868 747728
1786940314247 747728 5096868 747728
1786940314279 747728 5096868 747728
1786940314311 747728 5096868 747728
1786940314344 747728 5096868 747728
1786940314376 747728 5096868 747728
1786940314408 747728 5096868 747728
1786940314440 747728 5096868 747728
1786940314472 747728 5096868 747728
1786940314503 747728 5096868 747728
1786940314535 747728 5096868 747728
1786940314567 747728 5096868 747728
1786940314598 747728 5096868 747728
1786940314630 747728 5096868 747728
1786940314662 747728 5096868 747728
1786940314694 747728 5096868 747728
1786940314727 747728 5096868 747728
1786940314759 747728 5096868 747728
1786940314791 747728 5096868 747728
1786940314822 747728 5096868 747728
1786940314854 747728 5096868 747728
1786940314886 747728 5096868 747728
1786940314918 747728 5096868 747728
1786940314951 747728 5096868 747728
1786940314983 747728 5096868 747728
1786940315016 747728 5096868 747728
1786940315048 747728 5096868 747728
1786940315080 747728 5096868 747728
1786940315112 747728 5096868 747728
1786940315144 747728 5096868 747728
1786940315176 747728 5096868 747728
1786940315210 747728 5096868 747728
1786940315242 747728 5096868 747728
1786940315274 747728 5096868 747728
1786940315307 747728 5096868 747728
1786940315341 747728 5096868 747728
1786940315372 747728 5096868 747728
1786940315401 747728 5096868 747728
1786940315434 747728 5096868 747728
1786940315467 747728 5096868 747728
1786940315501 747728 5096868 747728
1786940315534 747728 5096868 747728
1786940315566 747728 5096868 747728
1786940315599 747728 5096868 747728
1786940315630 747728 5096868 747728
1786940315663 747728 5096868 747728
1786940315696 747728 5096868 747728
1786940315729 747728 5096868 747728
1786940315758 747728 5096868 747728
1786940315785 747728 5096868 747728
1786940315813 747728 5096868 747728
1786940315840 747728 5096868 747728
1786940315873 747728 5096868 747728
1786940315906 747728 5096868 747728
1786940315940 747728 5096868 747728
1786940315974 747728 5096868 747728
1786940316007 747728 5096868 747728
1786940316041 747728 5096868 747728
1786940316074 747728 5096868 747728
1786940316108 747728 5096868 747728
1786940316140 747728 5096868 747728
1786940316174 747728 5096868 747728
1786940316207 747728 5096868 747728
1786940316241 747728 5096868 747728
1786940316273 747728 5096868 747728
1786940316307 747728 5096868 747728
1786940316340 747728 5096868 747728
1786940316374 747728 5096868 747728
1786940316407 747728 5096868 747728
1786940316440 747728 5096868 747728
1786940316474 747728 5096868 747728
1786940316507 747728 5096868 747728
1786940316539 747728 5096868 747728
1786940316572 747728 5096868 747728
1786940316606 747728 5096868 747728
1786940316639 747728 5096868 747728
1786940316671 747728 5096868 747728
1786940316703 747728 5096868 747728
1786940316736 747728 5096868 747728
1786940316768 747728 5096868 747728
1786940316800 747728 5096868 747728
1786940316832 747728 5096868 747728
1786940316864 747728 5096868 747728
1786940316897 747728 5096868 747728
1786940316929 747728 5096868 747728
1786940316962 747728 5096868 747728
1786940316994 747728 5096868 747728
1786940317026 747728 5096868 747728
1786940317059 747728 5096868 747728
1786940317092 747728 5096868 747728
1786940317125 747728 5096868 747728
1786940317156 747728 5096868 747728
1786940317188 747728 5096868 747728
1786940317221 747728 5096868 747728
1786940317255 747728 5096868 747728
1786940317288 747728 5096868 747728
1786940317322 747728 5096868 747728
1786940317354 747728 5096868 747728
1786940317388 747728 5096868 747728
1786940317421 747728 5096868 747728
1786940317454 747728 5096868 747728
1786940317488 747728 5096868 747728
1786940317522 747728 5096868 747728
1786940317555 747728 5096868 747728
1786940317589 747728 5096868 747728
1786940317622 747728 5096868 747728
1786940317656 747728 5096868 747728
1786940317688 747728 5096868 747728
1786940317722 747728 5096868 747728
1786940317755 747728 5096868 747728
1786940317788 747728 5096868 747728
1786940317822 747728 5096868 747728
1786940317855 747728 5096868 747728
1786940317889 747728 5096868 747728
1786940317922 747728 5096868 747728
1786940317956 747728 5096868 747728
1786940317989 747728 5096868 747728
1786940318022 747728 5096868 747728
1786940318056 747728 5096868 747728
1786940318089 747728 5096868 747728
1786940318123 747728 5096868 747728
1786940318156 747728 5096868 747728
1786940318189 747728 5096868 747728
1786940318222 747728 5096868 747728
1786940318255 747728 5096868 747728
1786940318287 747728 5096868 747728
1786940318319 747728 5096868 747728
1786940318353 747728 5096868 747728
1786940318385 747728 5096868 747728
1786940318417 747728 5096868 747728
1786940318449 747728 5096868 747728
1786940318483 747728 5096868 747728
1786940318515 747728 5096868 747728
1786940318549 747728 5096868 747728
1786940318582 747728 5096868 747728
1786940318614 747728 5096868 747728
1786940318645 747728 5096868 747728
1786940318677 747728 5096868 747728
1786940318709 747728 5096868 747728
1786940318743 747728 5096868 747728
1786940318776 747728 5096868 747728
1786940318808 747728 5096868 747728
1786940318840 747728 5096868 747728
1786940318872 747728 5096868 747728
1786940318903 747728 5096868 747728
1786940318937 747728 5096868 747728
1786940318970 747728 5096868 747728
1786940319003 747728 5096868 747728
1786940319036 747728 5096868 747728
1786940319068 747728 5096868 747728
1786940319099 747728 5096868 747728
1786940319131 747728 5096868 747728
1786940319163 747728 5096868 747728
1786940319197 747728 5096868 747728
1786940319229 747728 5096868 747728
1786940319261 747728 5096868 747728
1786940319293 747728 5096868 747728
1786940319327 747728 5096868 747728
1786940319360 747728 5096868 747728
1786940319393 747728 5096868 747728
1786940319425 747728 5096868 747728
1786940319457 747728 5096868 747728
1786940319489 747728 5096868 747728
1786940319523 747728 5096868 747728
1786940319556 747728 5096868 747728
1786940319587 747728 5096868 747728
1786940319620 747728 5096868 747728
1786940319652 747728 5096868 747728
1786940319683 747728 5096868 747728
1786940319717 747728 5096868 747728
1786940319750 747728 5096868 747728
1786940319781 747728 5096868 747728
1786940319813 747728 5096868 747728
1786940319846 747728 5096868 747728
1786940319880 747728 5096868 747728
1786940319913 747728 5096868 747728
1786940319945 747728 5096868 747728
1786940319978 747728 5096868 747728
1786940320011 747728 5096868 747728
1786940320045 747728 5096868 747728
1786940320077 747728 5096868 747728
1786940320110 747728 5096868 747728
1786940320143 747728 5096868 747728
1786940320176 747728 5096868 747728
1786940320209 747728 5096868 747728
1786940320243 747728 5096868 747728
1786940320276 747728 5096868 747728
1786940320309 747728 5096868 747728
1786940320342 747728 5096868 747728
1786940320375 747728 5096868 747728
1786940320408 747728 5096868 747728
1786940320441 747728 5096868 747728
1786940320474 747728 5096868 747728
1786940320507 747728 5096868 747728
1786940320539 747728 5096868 747728
1786940320573 747728 5096868 747728
1786940320605 747728 5096868 747728
1786940320638 747728 5096868 747728
1786940320671 747728 5096868 747728
1786940320704 747728 5096868 747728
1786940320736 747728 5096868 747728
1786940320770 747728 5096868 747728
1786940320802 747728 5096868 747728
1786940320835 747728 5096868 747728
1786940320867 747728 5096868 747728
1786940320900 747728 5096868 747728
1786940320932 747728 5096868 747728
1786940320965 747728 5096868 747728
1786940320998 747728 5096868 747728
1786940321031 747728 5096868 747728
1786940321064 747728 5096868 747728
1786940321098 747728 5096868 747728
1786940321130 747728 5096868 747728
1786940321164 747728 5096868 747728
1786940321197 747728 5096868 747728
1786940321230 747728 5096868 747728
1786940321263 747728 5096868 747728
1786940321295 747728 5096868 747728
1786940321328 747728 5096868 747728
1786940321362 747728 5096868 747728
1786940321395 747728 5096868 747728
1786940321428 747728 5096868 747728
1786940321462 747728 5096868 747728
1786940321495 747728 5096868 747728
1786940321528 747728 5096868 747728
1786940321561 747728 5096868 747728
1786940321593 747728 5096868 747728
1786940321625 747728 5096868 747728
1786940321658 747728 5096868 747728
1786940321691 747728 5096868 747728
1786940321725 747728 5096868 747728
1786940321758 747728 5096868 747728
1786940321790 747728 5096868 747728
1786940321822 747728 5096868 747728
1786940321853 747728 5096868 747728
1786940321885 747728 5096868 747728
1786940321919 747728 5096868 747728
1786940321952 747728 5096868 747728
1786940321983 747728 5096868 747728
1786940322015 747728 5096868 747728
1786940322047 747728 5096868 747728
1786940322078 747728 5096868 747728
1786940322112 747728 5096868 747728
1786940322144 747728 5096868 747728
1786940322178 747728 5096868 747728
1786940322211 747728 5096868 747728
1786940322242 747728 5096868 747728
1786940322275 747728 5096868 747728
1786940322308 747728 5096868 747728
1786940322341 747728 5096868 747728
1786940322373 747728 5096868 747728
1786940322404 747728 5096868 747728
1786940322436 747728 5096868 747728
1786940322469 747728 5096868 747728
1786940322502 747728 5096868 747728
1786940322535 747728 5096868 747728
1786940322568 747728 5096868 747728
1786940322601 747728 5096868 747728
1786940322633 747728 5096868 747728
1786940322666 747728 5096868 747728
1786940322697 747728 5096868 747728
1786940322729 747728 5096868 747728
1786940322761 747728 5096868 747728
1786940322793 747728 5096868 747728
1786940322826 747728 5096868 747728
1786940322859 747728 5096868 747728
1786940322891 747728 5096868 747728
1786940322923 747728 5096868 747728
1786940322957 747728 5096868 747728
1786940322989 747728 5096868 747728
1786940323021 747728 5096868 747728
1786940323053 747728 5096868 747728
1786940323085 747728 5096868 747728
1786940323117 747728 5096868 747728
1786940323151 747728 5096868 747728
1786940323185 747728 5096868 747728
1786940323216 747728 5096868 747728
1786940323248 747728 5096868 747728
1786940323280 747728 5096868 747728
1786940323312 747728 5096868 747728
1786940323345 747728 5096868 747728
1786940323378 747728 5096868 747728
1786940323410 747728 5096868 747728
1786940323442 747728 5096868 747728
1786940323476 747728 5096868 747728
1786940323508 747728 5096868 747728
1786940323541 747728 5096868 747728
1786940323573 747728 5096868 747728
1786940323605 747728 5096868 747728
1786940323636 747728 5096868 747728
1786940323668 747728 5096868 747728
1786940323700 747728 5096868 747728
1786940323733 747728 5096868 747728
1786940323766 747728 5096868 747728
1786940323798 747728 5096868 747728
1786940323829 747728 5096868 747728
1786940323863 747728 5096868 747728
1786940323896 747728 5096868 747728
1786940323928 747728 5096868 747728
1786940323961 747728 5096868 747728
1786940323993 747728 5096868 747728
1786940324026 747728 5096868 747728
1786940324059 747728 5096868 747728
1786940324092 747728 5096868 747728
1786940324123 747728 5096868 747728
1786940324151 747728 5096868 747728
1786940324182 748112 5096868 748112
1786940324212 757548 5096868 757548
1786940324244 779428 5096868 779428
1786940324377 787012 5096868 787012
1786940324462 788496 5096868 788496
1786940324590 818788 5096868 818788
1786940324733 800872 5096868 806044
1786940324769 803080 5096868 806044
1786940324803 803080 5096868 806044
1786940324838 803080 5096868 806044
1786940324875 803080 5096868 806044
1786940324910 803080 5096868 806044
1786940324943 803080 5096868 806044
1786940324977 803080 5096868 806044
1786940325012 803080 5096868 806044
1786940325047 803080 5096868 806044
1786940325080 803080 5096868 806044
1786940325111 803080 5096868 806044
1786940325145 803080 5096868 806044
1786940325179 803080 5096868 806044
1786940325213 803080 5096868 806044
1786940325247 803080 5096868 806044
1786940325282 803080 5096868 806044
1786940325314 803080 5096868 806044
1786940325343 803080 5096868 806044
1786940325372 803080 5096868 806044
1786940325401 803080 5096868 806044
1786940325429 803080 5096868 806044
1786940325459 803080 5096868 806044
1786940325494 803080 5096868 806044
1786940325529 803080 5096868 806044
1786940325563 803080 5096868 806044
1786940325596 803080 5096868 806044
1786940325625 803080 5096868 806044
1786940325660 803080 5096868 806044
1786940325695 803080 5096868 806044
1786940325729 803080 5096868 806044
1786940325763 803080 5096868 806044
1786940325797 803080 5096868 806044
1786940325831 803080 5096868 806044
1786940325867 803080 5096868 806044
1786940325901 803080 5096868 806044
1786940325933 803080 5096868 806044
1786940325967 803080 5096868 806044
1786940325999 811736 5096868 811736
1786940326035 811736 5096868 811736
1786940326067 811736 5096868 811736
1786940326097 811736 5096868 811736
1786940326130 811736 5096868 811736
1786940326163 811736 5096868 811736
1786940326193 811736 5096868 811736
1786940326226 820100 5096868 820100
1786940326343 822148 5096868 822148
1786940326421 808656 5096868 811272
1786940326458 815388 5096868 815388
1786940326494 827828 5096868 827828
1786940326578 835200 5096868 835200
1786940326742 839552 5096868 839552
1786940326835 885256 5096868 885256
1786940326995 1046500 5096868 1046500
1786940327137 1046500 5096868 1046500
1786940327176 1067736 5096868 1067736
1786940327340 1070264 5096868 1070264
1786940327454 1072960 5096868 1072960
1786940327546 1072248 5096868 1072248
1786940327583 1071536 5096868 1071536
1786940327624 1069356 5096868 1069856
1786940327664 1064240 5096868 1064240
1786940327704 1059356 5096868 1059356
1786940327743 1052636 5096868 1058284
1786940327780 1052636 5096868 1058284
1786940327817 1053252 5096868 1058284
1786940327850 1061540 5096868 1061540
1786940327889 1069652 5096868 1069652
1786940327928 1070868 5096868 1070868
1786940327963 1072868 5096868 1072868
1786940328009 1077552 5096868 1077552
1786940328102 1089940 5096868 1089940
1786940328253 1092760 5096868 1092760
1786940328352 1102752 5096868 1102752
1786940328480 1093036 5096868 1096608
1786940328515 1089056 5096868 1096608
1786940328553 1088484 5096868 1096608
1786940328590 1088488 5096868 1096608
1786940328628 1088488 5096868 1096608
1786940328666 1088488 5096868 1096608
1786940328705 1088488 5096868 1096608
1786940328744 1088488 5096868 1096608
1786940328782 1088488 5096868 1096608
1786940328821 1088488 5096868 1096608
1786940328859 1088488 5096868 1096608
1786940328898 1088488 5096868 1096608
1786940328937 1088488 5096868 1096608
1786940328976 1088488 5096868 1096608
1786940329015 1088488 5096868 1096608
1786940329054 1088488 5096868 1096608
1786940329092 1088488 5096868 1096608
1786940329131 1088488 5096868 1096608
1786940329169 1088488 5096868 1096608
1786940329208 1088488 5096868 1096608
1786940329246 1088488 5096868 1096608
1786940329286 1088488 5096868 1096608
1786940329325 1088488 5096868 1096608
1786940329363 1088488 5096868 1096608
1786940329402 1088488 5096868 1096608
1786940329440 1088488 5096868 1096608
1786940329479 1088488 5096868 1096608
1786940329518 1088488 5096868 1096608
1786940329556 1088488 5096868 1096608
1786940329593 1088488 5096868 1096608
1786940329628 1088488 5096868 1096608
1786940329662 1088488 5096868 1096608
1786940329696 1088488 5096868 1096608
1786940329735 1088488 5096868 1096608
1786940329775 1088488 5096868 1096608
1786940329814 1088488 5096868 1096608
1786940329853 1088488 5096868 1096608
1786940329891 1088488 5096868 1096608
1786940329927 1088488 5096868 1096608
1786940329966 1088488 5096868 1096608
1786940330005 1088488 5096868 1096608
1786940330043 1088488 5096868 1096608
1786940330078 1088488 5096868 1096608
1786940330113 1088488 5096868 1096608
1786940330151 1088488 5096868 1096608
1786940330189 1088488 5096868 1096608
1786940330227 1088488 5096868 1096608
1786940330262 1088488 5096868 1096608
1786940330298 1088488 5096868 1096608
1786940330337 1088488 5096868 1096608
1786940330376 1088488 5096868 1096608
1786940330413 1088488 5096868 1096608
1786940330449 1088488 5096868 1096608
1786940330486 1088488 5096868 1096608
1786940330524 1088488 5096868 1096608
1786940330563 1088488 5096868 1096608
1786940330599 1088488 5096868 1096608
1786940330635 1088488 5096868 1096608
1786940330672 1088488 5096868 1096608
1786940330711 1088488 5096868 1096608
1786940330748 1088488 5096868 1096608
1786940330784 1088488 5096868 1096608
1786940330817 1088488 5096868 1096608
1786940330851 1088488 5096868 1096608
1786940330885 1088488 5096868 1096608
1786940330920 1088488 5096868 1096608
1786940330958 1088488 5096868 1096608
1786940330997 1088488 5096868 1096608
1786940331035 1088488 5096868 1096608
1786940331071 1088488 5096868 1096608
1786940331109 1088488 5096868 1096608
1786940331147 1088488 5096868 1096608
1786940331185 1088488 5096868 1096608
1786940331221 1088488 5096868 1096608
1786940331257 1088488 5096868 1096608
1786940331295 1088488 5096868 1096608
1786940331333 1088488 5096868 1096608
1786940331370 1088488 5096868 1096608
1786940331406 1088488 5096868 1096608
1786940331443 1088488 5096868 1096608
1786940331481 1088488 5096868 1096608
1786940331519 1088488 5096868 1096608
1786940331556 1088488 5096868 1096608
1786940331593 1088488 5096868 1096608
1786940331630 1088488 5096868 1096608
1786940331669 1088488 5096868 1096608
1786940331705 1088488 5096868 1096608
1786940331742 1088488 5096868 1096608
1786940331779 1088488 5096868 1096608
1786940331817 1088488 5096868 1096608
1786940331856 1088488 5096868 1096608
1786940331891 1088488 5096868 1096608
1786940331925 1088488 5096868 1096608
1786940331962 1088488 5096868 1096608
1786940332000 1088488 5096868 1096608
1786940332038 1088488 5096868 1096608
1786940332074 1088488 5096868 1096608
1786940332109 1088488 5096868 1096608
1786940332147 1088488 5096868 1096608
1786940332185 1088488 5096868 1096608
1786940332223 1088488 5096868 1096608
1786940332259 1088488 5096868 1096608
1786940332297 1088488 5096868 1096608
1786940332334 1088488 5096868 1096608
1786940332372 1088488 5096868 1096608
1786940332409 1088488 5096868 1096608
1786940332443 1088488 5096868 1096608
1786940332480 1088488 5096868 1096608
1786940332515 1088488 5096868 1096608
1786940332550 1088488 5096868 1096608
1786940332589 1088488 5096868 1096608
1786940332626 1088488 5096868 1096608
1786940332665 1088488 5096868 1096608
1786940332703 1088488 5096868 1096608
1786940332738 1088488 5096868 1096608
1786940332773 1088488 5096868 1096608
1786940332809 1091556 5096868 1096608
1786940332847 1091556 5096868 1096608
1786940332884 1091556 5096868 1096608
1786940332919 1091644 5096868 1096608
1786940332955 1100732 5096868 1100732
1786940332993 1100732 5096868 1100732
1786940333032 1100732 5096868 1100732
1786940333068 1100732 5096868 1100732
1786940333104 1100732 5096868 1100732
1786940333143 1113708 5096868 1113708
1786940333299 1106252 5096868 1108024
1786940333339 1105624 5096868 1108024
1786940333378 1105624 5096868 1108024
1786940333417 1105624 5096868 1108024
1786940333451 1116972 5096868 1116972
1786940333541 1116972 5096868 1116972
1786940333578 1116972 5096868 1116972
1786940333615 1118256 5096868 1118256
1786940333709 1125932 5096868 1125932
1786940333845 1129356 5096868 1129356
1786940333932 1130372 5096868 1130372
1786940334027 1174188 5096868 1174188
1786940334184 1185788 5096868 1185760
1786940334323 1336412 5096868 1336412
1786940334487 1342992 5096868 1342980
1786940334586 1348152 5096868 1348152
1786940334685 1348152 5096868 1348152
1786940334727 1348152 5096868 1348152
1786940334769 1348152 5096868 1348152
1786940334814 1359504 5096868 1359476
1786940334989 1380296 5096868 1380296
1786940335175 1380296 5096868 1380296
1786940335220 1380296 5096868 1380296
1786940335265 1380296 5096868 1380296
1786940335310 1380296 5096868 1380296
1786940335354 1380296 5096868 1380296
1786940335398 1380296 5096868 1380296
1786940335443 1380296 5096868 1380296
1786940335488 1380296 5096868 1380296
1786940335533 1380296 5096868 1380296
1786940335577 1380296 5096868 1380296
1786940335623 1380296 5096868 1380296
1786940335667 1380296 5096868 1380296
1786940335712 1380296 5096868 1380296
1786940335756 1380296 5096868 1380296
1786940335801 1380296 5096868 1380296
1786940335846 1380296 5096868 1380296
1786940335891 1380296 5096868 1380296
1786940335936 1380296 5096868 1380296
1786940335981 1380296 5096868 1380296
1786940336026 1377636 5096868 1377636
1786940336070 1366448 5096868 1366448
1786940336114 1358100 5096868 1360296
1786940336152 1357284 5096868 1360296
1786940336193 1359076 5096868 1360296
1786940336234 1361892 5096868 1361892
1786940336274 1365276 5096868 1365276
1786940336313 1368648 5096868 1368648
1786940336354 1368648 5096868 1368648
1786940336396 1368648 5096868 1368648
1786940336439 1368648 5096868 1368648
1786940336482 1368648 5096868 1368648
1786940336525 1368648 5096868 1368648
1786940336568 1368648 5096868 1368648
1786940336611 1368648 5096868 1368648
1786940336654 1368648 5096868 1368648
1786940336697 1368648 5096868 1368648
1786940336740 1368648 5096868 1368648
1786940336783 1368648 5096868 1368648
1786940336826 1368648 5096868 1368648
1786940336869 1368648 5096868 1368648
1786940336913 1368648 5096868 1368648
1786940336956 1368648 5096868 1368648
1786940336998 1368648 5096868 1368648
1786940337038 1368648 5096868 1368648
1786940337078 1368648 5096868 1368648
1786940337117 1368648 5096868 1368648
1786940337159 1368648 5096868 1368648
1786940337202 1368648 5096868 1368648
1786940337246 1368648 5096868 1368648
1786940337288 1368648 5096868 1368648
1786940337329 1368648 5096868 1368648
1786940337372 1368648 5096868 1368648
1786940337415 1368648 5096868 1368648
1786940337458 1368648 5096868 1368648
1786940337499 1368648 5096868 1368648
1786940337539 1368648 5096868 1368648
1786940337579 1368648 5096868 1368648
1786940337619 1368648 5096868 1368648
1786940337662 1368648 5096868 1368648
1786940337705 1368648 5096868 1368648
1786940337748 1368648 5096868 1368648
1786940337791 1368648 5096868 1368648
1786940337831 1368648 5096868 1368648
1786940337871 1368648 5096868 1368648
1786940337910 1368648 5096868 1368648
1786940337948 1368648 5096868 1368648
1786940337990 1368648 5096868 1368648
1786940338034 1368648 5096868 1368648
1786940338076 1368648 5096868 1368648
1786940338116 1368648 5096868 1368648
1786940338156 1368648 5096868 1368648
1786940338199 1368648 5096868 1368648
1786940338243 1368648 5096868 1368648
1786940338286 1368648 5096868 1368648
1786940338329 1368648 5096868 1368648
1786940338370 1368648 5096868 1368648
1786940338409 1368648 5096868 1368648
1786940338450 1368648 5096868 1368648
1786940338490 1368648 5096868 1368648
1786940338532 1368648 5096868 1368648
1786940338575 1368648 5096868 1368648
1786940338618 1368648 5096868 1368648
1786940338659 1368648 5096868 1368648
1786940338700 1368648 5096868 1368648
1786940338743 1368648 5096868 1368648
1786940338787 1368648 5096868 1368648
1786940338830 1368648 5096868 1368648
1786940338872 1368648 5096868 1368648
1786940338913 1368648 5096868 1368648
1786940338952 1368648 5096868 1368648
1786940338991 1368648 5096868 1368648
1786940339030 1368648 5096868 1368648
1786940339073 1368648 5096868 1368648
1786940339116 1368648 5096868 1368648
1786940339159 1368648 5096868 1368648
1786940339200 1368648 5096868 1368648
1786940339242 1368648 5096868 1368648
1786940339286 1368648 5096868 1368648
1786940339329 1368648 5096868 1368648
1786940339372 1368648 5096868 1368648
1786940339414 1368648 5096868 1368648
1786940339455 1368648 5096868 1368648
1786940339495 1368648 5096868 1368648
1786940339535 1368648 5096868 1368648
1786940339574 1368648 5096868 1368648
1786940339617 1368648 5096868 1368648
1786940339660 1368648 5096868 1368648
1786940339703 1368648 5096868 1368648
1786940339744 1368648 5096868 1368648
1786940339785 1368648 5096868 1368648
1786940339827 1368648 5096868 1368648
1786940339871 1368648 5096868 1368648
1786940339913 1368648 5096868 1368648
1786940339955 1368648 5096868 1368648
1786940339996 1368648 5096868 1368648
1786940340035 1368648 5096868 1368648
1786940340076 1368648 5096868 1368648
1786940340116 1368648 5096868 1368648
1786940340156 1368648 5096868 1368648
1786940340194 1376848 5096868 1376848
1786940340237 1376848 5096868 1376848
1786940340278 1376848 5096868 1376848
1786940340318 1384960 5096868 1384960
1786940340476 1382704 5096868 1382704
1786940340520 1387776 5096868 1387776
1786940340629 1390592 5096868 1390592
1786940340784 1395904 5096868 1395904
1786940340920 1476356 5096868 1476356
1786940341110 1506336 5096868 1506336
1786940341284 1506336 5096868 1506336
1786940341325 1507860 5096868 1507860
1786940341453 1502024 5096868 1502024
1786940341499 1498328 5096868 1498328
1786940341545 1489304 5096868 1497040
1786940341590 1484072 5096868 1497040
1786940341632 1484072 5096868 1497040
1786940341673 1483188 5096868 1497040
1786940341714 1483188 5096868 1497040
1786940341756 1483240 5096868 1497040
1786940341801 1499316 5096868 1499292
1786940341846 1499632 5096868 1499632
1786940341910 1501920 5096868 1501920
1786940341956 1503444 5096868 1503444
1786940342001 1497024 5096868 1497228
1786940342046 1497024 5096868 1497228
1786940342090 1497024 5096868 1497228
1786940342132 1489928 5096868 1497228
1786940342174 1494520 5096868 1497228
1786940342227 1504696 5096868 1504696
1786940342272 1505120 5096868 1505120
1786940342318 1489548 5096868 1497228
1786940342357 1488576 5096868 1497228
1786940342400 1488580 5096868 1497228
1786940342440 1488580 5096868 1497228
1786940342482 1488580 5096868 1497228
1786940342522 1488580 5096868 1497228
1786940342563 1488580 5096868 1497228
1786940342603 1488580 5096868 1497228
1786940342643 1488580 5096868 1497228
1786940342684 1488580 5096868 1497228
1786940342725 1488580 5096868 1497228
1786940342767 1488580 5096868 1497228
1786940342808 1488580 5096868 1497228
1786940342852 1488580 5096868 1497228
1786940342896 1488580 5096868 1497228
1786940342938 1488580 5096868 1497228
1786940342979 1488580 5096868 1497228
1786940343022 1488580 5096868 1497228
1786940343064 1488580 5096868 1497228
1786940343108 1488580 5096868 1497228
1786940343151 1488580 5096868 1497228
1786940343191 1488580 5096868 1497228
1786940343231 1488580 5096868 1497228
1786940343274 1488580 5096868 1497228
1786940343315 1488580 5096868 1497228
1786940343358 1488580 5096868 1497228
1786940343398 1488580 5096868 1497228
1786940343439 1488580 5096868 1497228
1786940343481 1488580 5096868 1497228
1786940343522 1488580 5096868 1497228
1786940343565 1488580 5096868 1497228
1786940343607 1488580 5096868 1497228
1786940343648 1488580 5096868 1497228
1786940343690 1488580 5096868 1497228
1786940343732 1488580 5096868 1497228
1786940343773 1488580 5096868 1497228
1786940343815 1488580 5096868 1497228
1786940343856 1488580 5096868 1497228
1786940343897 1488580 5096868 1497228
1786940343937 1488580 5096868 1497228
1786940343978 1488580 5096868 1497228
1786940344018 1488580 5096868 1497228
1786940344059 1488580 5096868 1497228
1786940344099 1488580 5096868 1497228
1786940344139 1488580 5096868 1497228
1786940344181 1488580 5096868 1497228
1786940344223 1488580 5096868 1497228
1786940344264 1488580 5096868 1497228
1786940344304 1488580 5096868 1497228
1786940344344 1488580 5096868 1497228
1786940344385 1488580 5096868 1497228
1786940344428 1488580 5096868 1497228
1786940344468 1488580 5096868 1497228
1786940344508 1488580 5096868 1497228
1786940344548 1488580 5096868 1497228
1786940344590 1488580 5096868 1497228
1786940344630 1488580 5096868 1497228
1786940344669 1488580 5096868 1497228
1786940344709 1488580 5096868 1497228
1786940344751 1488580 5096868 1497228
1786940344790 1488580 5096868 1497228
1786940344830 1488580 5096868 1497228
1786940344870 1488580 5096868 1497228
1786940344910 1488580 5096868 1497228
1786940344950 1488580 5096868 1497228
1786940344989 1488580 5096868 1497228
1786940345028 1488580 5096868 1497228
1786940345069 1488580 5096868 1497228
1786940345108 1488580 5096868 1497228
1786940345148 1488580 5096868 1497228
1786940345190 1488580 5096868 1497228
1786940345229 1488580 5096868 1497228
1786940345270 1488580 5096868 1497228
1786940345311 1488580 5096868 1497228
1786940345350 1488580 5096868 1497228
1786940345390 1488580 5096868 1497228
1786940345429 1488580 5096868 1497228
1786940345470 1488580 5096868 1497228
1786940345509 1488580 5096868 1497228
1786940345548 1488580 5096868 1497228
1786940345587 1488580 5096868 1497228
1786940345629 1488580 5096868 1497228
1786940345669 1488580 5096868 1497228
1786940345709 1488580 5096868 1497228
1786940345751 1488580 5096868 1497228
1786940345790 1488580 5096868 1497228
1786940345830 1488580 5096868 1497228
1786940345868 1488580 5096868 1497228
1786940345908 1488580 5096868 1497228
1786940345947 1488580 5096868 1497228
1786940345987 1488580 5096868 1497228
1786940346026 1488580 5096868 1497228
1786940346066 1488580 5096868 1497228
1786940346105 1488580 5096868 1497228
1786940346143 1488580 5096868 1497228
1786940346182 1488580 5096868 1497228
1786940346222 1488580 5096868 1497228
1786940346262 1488580 5096868 1497228
1786940346302 1488580 5096868 1497228
1786940346341 1488580 5096868 1497228
1786940346381 1488580 5096868 1497228
1786940346420 1488580 5096868 1497228
1786940346459 1488580 5096868 1497228
1786940346499 1488580 5096868 1497228
1786940346539 1488580 5096868 1497228
1786940346579 1488580 5096868 1497228
1786940346619 1488580 5096868 1497228
1786940346659 1488580 5096868 1497228
1786940346699 1488580 5096868 1497228
1786940346739 1488580 5096868 1497228
1786940346778 1488580 5096868 1497228
1786940346819 1488580 5096868 1497228
1786940346858 1488580 5096868 1497228
1786940346897 1488580 5096868 1497228
1786940346936 1488580 5096868 1497228
1786940346975 1488580 5096868 1497228
1786940347015 1488580 5096868 1497228
1786940347056 1488580 5096868 1497228
1786940347095 1488580 5096868 1497228
1786940347134 1488580 5096868 1497228
1786940347172 1488580 5096868 1497228
1786940347211 1488580 5096868 1497228
1786940347249 1488580 5096868 1497228
1786940347289 1488580 5096868 1497228
1786940347328 1488580 5096868 1497228
1786940347367 1488580 5096868 1497228
1786940347407 1488580 5096868 1497228
1786940347446 1488580 5096868 1497228
1786940347486 1488580 5096868 1497228
1786940347525 1488580 5096868 1497228
1786940347565 1488580 5096868 1497228
1786940347605 1488580 5096868 1497228
1786940347644 1488580 5096868 1497228
1786940347683 1488580 5096868 1497228
1786940347721 1488580 5096868 1497228
1786940347760 1488580 5096868 1497228
1786940347798 1488580 5096868 1497228
1786940347838 1488580 5096868 1497228
1786940347878 1488580 5096868 1497228
1786940347919 1488580 5096868 1497228
1786940347958 1488580 5096868 1497228
1786940347997 1488580 5096868 1497228
1786940348035 1488580 5096868 1497228
1786940348074 1488580 5096868 1497228
1786940348114 1488580 5096868 1497228
1786940348154 1488580 5096868 1497228
1786940348193 1488580 5096868 1497228
1786940348232 1488580 5096868 1497228
1786940348272 1488580 5096868 1497228
1786940348313 1488580 5096868 1497228
1786940348352 1488580 5096868 1497228
1786940348391 1488580 5096868 1497228
1786940348430 1488580 5096868 1497228
1786940348470 1488580 5096868 1497228
1786940348510 1488580 5096868 1497228
1786940348551 1488580 5096868 1497228
1786940348591 1488580 5096868 1497228
1786940348630 1488580 5096868 1497228
1786940348669 1488580 5096868 1497228
1786940348709 1488580 5096868 1497228
1786940348748 1488580 5096868 1497228
1786940348788 1488580 5096868 1497228
1786940348827 1488580 5096868 1497228
1786940348866 1488580 5096868 1497228
1786940348907 1488580 5096868 1497228
1786940348946 1488580 5096868 1497228
1786940348984 1488580 5096868 1497228
1786940349023 1488580 5096868 1497228
1786940349062 1488580 5096868 1497228
1786940349101 1488580 5096868 1497228
1786940349139 1488580 5096868 1497228
1786940349177 1488580 5096868 1497228
1786940349216 1488580 5096868 1497228
1786940349255 1488580 5096868 1497228
1786940349293 1488580 5096868 1497228
1786940349333 1488580 5096868 1497228
1786940349372 1488580 5096868 1497228
1786940349411 1488580 5096868 1497228
1786940349452 1488580 5096868 1497228
1786940349491 1488580 5096868 1497228
1786940349529 1488580 5096868 1497228
1786940349569 1488580 5096868 1497228
1786940349609 1488580 5096868 1497228
1786940349647 1488580 5096868 1497228
1786940349686 1488580 5096868 1497228
1786940349724 1488580 5096868 1497228
1786940349764 1488580 5096868 1497228
1786940349803 1488580 5096868 1497228
1786940349842 1488580 5096868 1497228
1786940349881 1488580 5096868 1497228
1786940349920 1488580 5096868 1497228
1786940349960 1488580 5096868 1497228
1786940350000 1488580 5096868 1497228
1786940350039 1488580 5096868 1497228
1786940350078 1488580 5096868 1497228
1786940350117 1488580 5096868 1497228
1786940350157 1488580 5096868 1497228
1786940350196 1488580 5096868 1497228
1786940350235 1488580 5096868 1497228
1786940350274 1488580 5096868 1497228
1786940350313 1488580 5096868 1497228
1786940350353 1488580 5096868 1497228
1786940350394 1488580 5096868 1497228
1786940350433 1488580 5096868 1497228
1786940350471 1488580 5096868 1497228
1786940350511 1488580 5096868 1497228
1786940350551 1488580 5096868 1497228
1786940350592 1488580 5096868 1497228
1786940350632 1488580 5096868 1497228
1786940350671 1488580 5096868 1497228
1786940350711 1488580 5096868 1497228
1786940350751 1488580 5096868 1497228
1786940350790 1488580 5096868 1497228
1786940350830 1488580 5096868 1497228
1786940350869 1488580 5096868 1497228
1786940350909 1488580 5096868 1497228
1786940350948 1488580 5096868 1497228
1786940350988 1488580 5096868 1497228
1786940351028 1488580 5096868 1497228
1786940351066 1488580 5096868 1497228
1786940351106 1488580 5096868 1497228
1786940351145 1488580 5096868 1497228
1786940351185 1488580 5096868 1497228
1786940351225 1488580 5096868 1497228
1786940351264 1488580 5096868 1497228
1786940351304 1488580 5096868 1497228
1786940351343 1488580 5096868 1497228
1786940351382 1488580 5096868 1497228
1786940351421 1488580 5096868 1497228
1786940351461 1488580 5096868 1497228
1786940351500 1488580 5096868 1497228
1786940351540 1488580 5096868 1497228
1786940351579 1488580 5096868 1497228
1786940351619 1488580 5096868 1497228
1786940351658 1488580 5096868 1497228
1786940351698 1488580 5096868 1497228
1786940351737 1488580 5096868 1497228
1786940351778 1488580 5096868 1497228
1786940351819 1488580 5096868 1497228
1786940351860 1488580 5096868 1497228
1786940351899 1488580 5096868 1497228
1786940351940 1488580 5096868 1497228
1786940351981 1488580 5096868 1497228
1786940352023 1488580 5096868 1497228
1786940352065 1488580 5096868 1497228
1786940352105 1488580 5096868 1497228
1786940352144 1488580 5096868 1497228
1786940352184 1488580 5096868 1497228
1786940352224 1488580 5096868 1497228
1786940352265 1488580 5096868 1497228
1786940352304 1488580 5096868 1497228
1786940352345 1488580 5096868 1497228
1786940352384 1488580 5096868 1497228
1786940352423 1488580 5096868 1497228
1786940352463 1488580 5096868 1497228
1786940352501 1488580 5096868 1497228
1786940352540 1488580 5096868 1497228
1786940352580 1488580 5096868 1497228
1786940352621 1488580 5096868 1497228
1786940352661 1488580 5096868 1497228
1786940352700 1488580 5096868 1497228
1786940352741 1488580 5096868 1497228
1786940352780 1488580 5096868 1497228
1786940352820 1488580 5096868 1497228
1786940352861 1488580 5096868 1497228
1786940352900 1488580 5096868 1497228
1786940352940 1488580 5096868 1497228
1786940352979 1488580 5096868 1497228
1786940353018 1488580 5096868 1497228
1786940353058 1488580 5096868 1497228
1786940353098 1488580 5096868 1497228
1786940353136 1488580 5096868 1497228
1786940353176 1488580 5096868 1497228
1786940353215 1488580 5096868 1497228
1786940353254 1488580 5096868 1497228
1786940353293 1488580 5096868 1497228
1786940353331 1488580 5096868 1497228
1786940353370 1488580 5096868 1497228
1786940353408 1488580 5096868 1497228
1786940353446 1488580 5096868 1497228
1786940353485 1488580 5096868 1497228
1786940353524 1488580 5096868 1497228
1786940353563 1488580 5096868 1497228
1786940353603 1488580 5096868 1497228
1786940353644 1488580 5096868 1497228
1786940353686 1488580 5096868 1497228
1786940353728 1488580 5096868 1497228
1786940353769 1488580 5096868 1497228
1786940353809 1488580 5096868 1497228
1786940353850 1488580 5096868 1497228
1786940353890 1488580 5096868 1497228
1786940353931 1488580 5096868 1497228
1786940353971 1488580 5096868 1497228
1786940354011 1488580 5096868 1497228
1786940354050 1488580 5096868 1497228
1786940354092 1488580 5096868 1497228
1786940354132 1488580 5096868 1497228
1786940354172 1488580 5096868 1497228
1786940354211 1488580 5096868 1497228
1786940354251 1488580 5096868 1497228
1786940354292 1488580 5096868 1497228
1786940354331 1488580 5096868 1497228
1786940354371 1488580 5096868 1497228
1786940354410 1488580 5096868 1497228
1786940354450 1488580 5096868 1497228
1786940354489 1488580 5096868 1497228
1786940354530 1488580 5096868 1497228
1786940354571 1488580 5096868 1497228
1786940354613 1488580 5096868 1497228
1786940354652 1488580 5096868 1497228
1786940354692 1488580 5096868 1497228
1786940354733 1488580 5096868 1497228
1786940354774 1488580 5096868 1497228
1786940354814 1488580 5096868 1497228
1786940354855 1488580 5096868 1497228
1786940354897 1488580 5096868 1497228
1786940354937 1488580 5096868 1497228
1786940354977 1488580 5096868 1497228
1786940355016 1488580 5096868 1497228
1786940355056 1488580 5096868 1497228
1786940355096 1488580 5096868 1497228
1786940355137 1488580 5096868 1497228
1786940355179 1488580 5096868 1497228
1786940355220 1488580 5096868 1497228
1786940355261 1488580 5096868 1497228
1786940355301 1488580 5096868 1497228
1786940355342 1488580 5096868 1497228
1786940355382 1488580 5096868 1497228
1786940355423 1488580 5096868 1497228
1786940355464 1488580 5096868 1497228
1786940355504 1488580 5096868 1497228
1786940355544 1488580 5096868 1497228
1786940355584 1488580 5096868 1497228
1786940355625 1488580 5096868 1497228
1786940355665 1488580 5096868 1497228
1786940355705 1488580 5096868 1497228
1786940355745 1488580 5096868 1497228
1786940355785 1488580 5096868 1497228
1786940355825 1488580 5096868 1497228
1786940355865 1488580 5096868 1497228
1786940355905 1488580 5096868 1497228
1786940355944 1488580 5096868 1497228
1786940355983 1488580 5096868 1497228
1786940356023 1488580 5096868 1497228
1786940356063 1488580 5096868 1497228
1786940356104 1488580 5096868 1497228
1786940356143 1488580 5096868 1497228
1786940356183 1488580 5096868 1497228
1786940356224 1488580 5096868 1497228
1786940356264 1488580 5096868 1497228
1786940356302 1488580 5096868 1497228
1786940356342 1488580 5096868 1497228
1786940356381 1488580 5096868 1497228
1786940356420 1488580 5096868 1497228
1786940356461 1488580 5096868 1497228
1786940356501 1488580 5096868 1497228
1786940356542 1488580 5096868 1497228
1786940356582 1488580 5096868 1497228
1786940356623 1488580 5096868 1497228
1786940356663 1488580 5096868 1497228
1786940356704 1488580 5096868 1497228
1786940356744 1488580 5096868 1497228
1786940356785 1488580 5096868 1497228
1786940356825 1488580 5096868 1497228
1786940356866 1488580 5096868 1497228
1786940356907 1488580 5096868 1497228
1786940356947 1488580 5096868 1497228
1786940356987 1488580 5096868 1497228
1786940357026 1488580 5096868 1497228
1786940357066 1488580 5096868 1497228
1786940357106 1488580 5096868 1497228
1786940357146 1488580 5096868 1497228
1786940357186 1488580 5096868 1497228
1786940357226 1488580 5096868 1497228
1786940357266 1488580 5096868 1497228
1786940357308 1488580 5096868 1497228
1786940357347 1488580 5096868 1497228
1786940357387 1488580 5096868 1497228
1786940357428 1488580 5096868 1497228
1786940357469 1488580 5096868 1497228
1786940357510 1488580 5096868 1497228
1786940357549 1488580 5096868 1497228
1786940357590 1488580 5096868 1497228
1786940357631 1488580 5096868 1497228
1786940357671 1488580 5096868 1497228
1786940357711 1488580 5096868 1497228
1786940357751 1488580 5096868 1497228
1786940357791 1488580 5096868 1497228
1786940357832 1488580 5096868 1497228
1786940357872 1488580 5096868 1497228
1786940357914 1488580 5096868 1497228
1786940357955 1488580 5096868 1497228
1786940357995 1488580 5096868 1497228
1786940358036 1488580 5096868 1497228
1786940358077 1488580 5096868 1497228
1786940358118 1488580 5096868 1497228
1786940358159 1488580 5096868 1497228
1786940358199 1488580 5096868 1497228
1786940358238 1488580 5096868 1497228
1786940358278 1488580 5096868 1497228
1786940358317 1488580 5096868 1497228
1786940358357 1488580 5096868 1497228
1786940358399 1488580 5096868 1497228
1786940358440 1488580 5096868 1497228
1786940358481 1488580 5096868 1497228
1786940358522 1488580 5096868 1497228
1786940358563 1488580 5096868 1497228
1786940358605 1488580 5096868 1497228
1786940358647 1488580 5096868 1497228
1786940358687 1488580 5096868 1497228
1786940358729 1488580 5096868 1497228
1786940358770 1488580 5096868 1497228
1786940358813 1488580 5096868 1497228
1786940358854 1488580 5096868 1497228
1786940358894 1488580 5096868 1497228
1786940358935 1488580 5096868 1497228
1786940358976 1488580 5096868 1497228
1786940359017 1488580 5096868 1497228
1786940359057 1488580 5096868 1497228
1786940359098 1488580 5096868 1497228
1786940359138 1488580 5096868 1497228
1786940359179 1488580 5096868 1497228
1786940359220 1488580 5096868 1497228
1786940359260 1488580 5096868 1497228
1786940359300 1488580 5096868 1497228
1786940359340 1488580 5096868 1497228
1786940359382 1488580 5096868 1497228
1786940359422 1488580 5096868 1497228
1786940359462 1488580 5096868 1497228
1786940359502 1488580 5096868 1497228
1786940359542 1488580 5096868 1497228
1786940359582 1488580 5096868 1497228
1786940359622 1488580 5096868 1497228
1786940359662 1488580 5096868 1497228
1786940359702 1488580 5096868 1497228
1786940359743 1488580 5096868 1497228
1786940359782 1488580 5096868 1497228
1786940359821 1488580 5096868 1497228
1786940359861 1488580 5096868 1497228
1786940359902 1488580 5096868 1497228
1786940359941 1488580 5096868 1497228
1786940359981 1488580 5096868 1497228
1786940360021 1488580 5096868 1497228
1786940360061 1488580 5096868 1497228
1786940360101 1488580 5096868 1497228
1786940360142 1488580 5096868 1497228
1786940360181 1488580 5096868 1497228
1786940360222 1488580 5096868 1497228
1786940360262 1488580 5096868 1497228
1786940360301 1488580 5096868 1497228
1786940360342 1488580 5096868 1497228
1786940360381 1488580 5096868 1497228
1786940360422 1488580 5096868 1497228
1786940360462 1488580 5096868 1497228
1786940360501 1488580 5096868 1497228
1786940360540 1488580 5096868 1497228
1786940360581 1488580 5096868 1497228
1786940360621 1488580 5096868 1497228
1786940360663 1488580 5096868 1497228
1786940360704 1488580 5096868 1497228
1786940360743 1488580 5096868 1497228
1786940360783 1488580 5096868 1497228
1786940360823 1488580 5096868 1497228
1786940360862 1488580 5096868 1497228
1786940360902 1488580 5096868 1497228
1786940360942 1488580 5096868 1497228
1786940360982 1488580 5096868 1497228
1786940361022 1488580 5096868 1497228
1786940361062 1488580 5096868 1497228
1786940361102 1488580 5096868 1497228
1786940361142 1488580 5096868 1497228
1786940361181 1488580 5096868 1497228
1786940361221 1488580 5096868 1497228
1786940361261 1488580 5096868 1497228
1786940361302 1488580 5096868 1497228
1786940361342 1488580 5096868 1497228
1786940361382 1488580 5096868 1497228
1786940361422 1488580 5096868 1497228
1786940361463 1488580 5096868 1497228
1786940361503 1488580 5096868 1497228
1786940361543 1488580 5096868 1497228
1786940361583 1488580 5096868 1497228
1786940361623 1488580 5096868 1497228
1786940361663 1488580 5096868 1497228
1786940361702 1488580 5096868 1497228
1786940361742 1488580 5096868 1497228
1786940361782 1488580 5096868 1497228
1786940361823 1488580 5096868 1497228
1786940361862 1488580 5096868 1497228
1786940361901 1488580 5096868 1497228
1786940361942 1488580 5096868 1497228
1786940361982 1488580 5096868 1497228
1786940362021 1488580 5096868 1497228
1786940362061 1488580 5096868 1497228
1786940362103 1488580 5096868 1497228
1786940362143 1488580 5096868 1497228
1786940362184 1488580 5096868 1497228
1786940362225 1488580 5096868 1497228
1786940362266 1488580 5096868 1497228
1786940362305 1488580 5096868 1497228
1786940362346 1488580 5096868 1497228
1786940362387 1488580 5096868 1497228
1786940362426 1488580 5096868 1497228
1786940362467 1488580 5096868 1497228
1786940362507 1488580 5096868 1497228
1786940362547 1488580 5096868 1497228
1786940362586 1488580 5096868 1497228
1786940362626 1488580 5096868 1497228
1786940362666 1488580 5096868 1497228
1786940362707 1488580 5096868 1497228
1786940362749 1488580 5096868 1497228
1786940362789 1488580 5096868 1497228
1786940362829 1488580 5096868 1497228
1786940362870 1488580 5096868 1497228
1786940362911 1488580 5096868 1497228
1786940362952 1488580 5096868 1497228
1786940362993 1488580 5096868 1497228
1786940363032 1488580 5096868 1497228
1786940363073 1488580 5096868 1497228
1786940363114 1488580 5096868 1497228
1786940363153 1488580 5096868 1497228
1786940363193 1488580 5096868 1497228
1786940363234 1488580 5096868 1497228
1786940363275 1488580 5096868 1497228
1786940363316 1488580 5096868 1497228
1786940363357 1488580 5096868 1497228
1786940363399 1488580 5096868 1497228
1786940363438 1488580 5096868 1497228
1786940363478 1488580 5096868 1497228
1786940363518 1488580 5096868 1497228
1786940363558 1488580 5096868 1497228
1786940363599 1488580 5096868 1497228
1786940363639 1488580 5096868 1497228
1786940363679 1488580 5096868 1497228
1786940363719 1488580 5096868 1497228
1786940363761 1488580 5096868 1497228
1786940363802 1488580 5096868 1497228
1786940363841 1488580 5096868 1497228
1786940363881 1488580 5096868 1497228
1786940363921 1488580 5096868 1497228
1786940363960 1488580 5096868 1497228
1786940363998 1488580 5096868 1497228
1786940364038 1488580 5096868 1497228
1786940364077 1488580 5096868 1497228
1786940364118 1488580 5096868 1497228
1786940364159 1488580 5096868 1497228
1786940364200 1488580 5096868 1497228
1786940364239 1488580 5096868 1497228
1786940364280 1488580 5096868 1497228
1786940364320 1488580 5096868 1497228
1786940364359 1488580 5096868 1497228
1786940364399 1488580 5096868 1497228
1786940364440 1488580 5096868 1497228
1786940364481 1488580 5096868 1497228
1786940364520 1488580 5096868 1497228
1786940364560 1488580 5096868 1497228
1786940364600 1488580 5096868 1497228
1786940364639 1488580 5096868 1497228
1786940364679 1488580 5096868 1497228
1786940364721 1488580 5096868 1497228
1786940364761 1488580 5096868 1497228
1786940364801 1488580 5096868 1497228
1786940364841 1488580 5096868 1497228
1786940364880 1488580 5096868 1497228
1786940364919 1488580 5096868 1497228
1786940364963 1488580 5096868 1497228
1786940365006 1488580 5096868 1497228
1786940365047 1488580 5096868 1497228
1786940365089 1488580 5096868 1497228
1786940365131 1488580 5096868 1497228
1786940365172 1488580 5096868 1497228
1786940365217 1488580 5096868 1497228
1786940365261 1488580 5096868 1497228
1786940365306 1488580 5096868 1497228
1786940365350 1488580 5096868 1497228
1786940365394 1488580 5096868 1497228
1786940365438 1488580 5096868 1497228
1786940365482 1488580 5096868 1497228
1786940365526 1488580 5096868 1497228
1786940365570 1488580 5096868 1497228
1786940365616 1488580 5096868 1497228
1786940365660 1488580 5096868 1497228
1786940365704 1488580 5096868 1497228
1786940365748 1488580 5096868 1497228
1786940365792 1488580 5096868 1497228
1786940365836 1488580 5096868 1497228
1786940365879 1488580 5096868 1497228
1786940365922 1488580 5096868 1497228
1786940365965 1488580 5096868 1497228
1786940366008 1488580 5096868 1497228
1786940366053 1488580 5096868 1497228
1786940366097 1488580 5096868 1497228
1786940366142 1488580 5096868 1497228
1786940366186 1488580 5096868 1497228
1786940366230 1488580 5096868 1497228
1786940366274 1488580 5096868 1497228
1786940366317 1488580 5096868 1497228
1786940366362 1488580 5096868 1497228
1786940366406 1488580 5096868 1497228
1786940366450 1488580 5096868 1497228
1786940366494 1488580 5096868 1497228
1786940366538 1488580 5096868 1497228
1786940366581 1488580 5096868 1497228
1786940366625 1488580 5096868 1497228
1786940366668 1488580 5096868 1497228
1786940366711 1488580 5096868 1497228
1786940366755 1488580 5096868 1497228
1786940366799 1488580 5096868 1497228
1786940366844 1488580 5096868 1497228
1786940366888 1488580 5096868 1497228
1786940366932 1488580 5096868 1497228
1786940366976 1488580 5096868 1497228
1786940367020 1488580 5096868 1497228
1786940367064 1488580 5096868 1497228
1786940367108 1488580 5096868 1497228
1786940367153 1488580 5096868 1497228
1786940367197 1488580 5096868 1497228
1786940367241 1488580 5096868 1497228
1786940367285 1488580 5096868 1497228
1786940367329 1488580 5096868 1497228
1786940367373 1488580 5096868 1497228
1786940367417 1488580 5096868 1497228
1786940367460 1488580 5096868 1497228
1786940367502 1488580 5096868 1497228
1786940367547 1488580 5096868 1497228
1786940367593 1488580 5096868 1497228
1786940367637 1488580 5096868 1497228
1786940367683 1488580 5096868 1497228
1786940367728 1488580 5096868 1497228
1786940367773 1488580 5096868 1497228
1786940367818 1488580 5096868 1497228
1786940367862 1488580 5096868 1497228
1786940367907 1488580 5096868 1497228
1786940367951 1488580 5096868 1497228
1786940367995 1488580 5096868 1497228
1786940368040 1488580 5096868 1497228
1786940368085 1488580 5096868 1497228
1786940368130 1488580 5096868 1497228
1786940368174 1488580 5096868 1497228
1786940368219 1488580 5096868 1497228
1786940368263 1488580 5096868 1497228
1786940368307 1488580 5096868 1497228
1786940368351 1488580 5096868 1497228
1786940368395 1488580 5096868 1497228
1786940368439 1488580 5096868 1497228
1786940368483 1488580 5096868 1497228
1786940368527 1488580 5096868 1497228
1786940368571 1488580 5096868 1497228
1786940368615 1488580 5096868 1497228
1786940368659 1488580 5096868 1497228
1786940368705 1488580 5096868 1497228
1786940368750 1488580 5096868 1497228
1786940368795 1488580 5096868 1497228
1786940368840 1488580 5096868 1497228
1786940368885 1488580 5096868 1497228
1786940368930 1488580 5096868 1497228
1786940368975 1488580 5096868 1497228
1786940369018 1488580 5096868 1497228
1786940369063 1488580 5096868 1497228
1786940369109 1488580 5096868 1497228
1786940369154 1488580 5096868 1497228
1786940369199 1488580 5096868 1497228
1786940369244 1488580 5096868 1497228
1786940369289 1488580 5096868 1497228
1786940369334 1488580 5096868 1497228
1786940369378 1488580 5096868 1497228
1786940369422 1488580 5096868 1497228
1786940369465 1488580 5096868 1497228
1786940369510 1488580 5096868 1497228
1786940369553 1488580 5096868 1497228
1786940369597 1488580 5096868 1497228
1786940369641 1488580 5096868 1497228
1786940369685 1488580 5096868 1497228
1786940369729 1488580 5096868 1497228
1786940369774 1488580 5096868 1497228
1786940369821 1488580 5096868 1497228
1786940369866 1488580 5096868 1497228
1786940369910 1488580 5096868 1497228
1786940369955 1488580 5096868 1497228
1786940369999 1488580 5096868 1497228
1786940370044 1488580 5096868 1497228
1786940370088 1488580 5096868 1497228
1786940370132 1488580 5096868 1497228
1786940370177 1488580 5096868 1497228
1786940370222 1488580 5096868 1497228
1786940370267 1488580 5096868 1497228
1786940370312 1488580 5096868 1497228
1786940370357 1488580 5096868 1497228
1786940370402 1488580 5096868 1497228
1786940370446 1488580 5096868 1497228
1786940370490 1488580 5096868 1497228
1786940370534 1488580 5096868 1497228
1786940370578 1488580 5096868 1497228
1786940370622 1488580 5096868 1497228
1786940370667 1488580 5096868 1497228
1786940370711 1488580 5096868 1497228
1786940370755 1488580 5096868 1497228
1786940370799 1488580 5096868 1497228
1786940370843 1488580 5096868 1497228
1786940370887 1488580 5096868 1497228
1786940370929 1488580 5096868 1497228
1786940370970 1488584 5096868 1497228
1786940371014 1493592 5096868 1497228
1786940371057 1493592 5096868 1497228
1786940371099 1493592 5096868 1497228
1786940371139 1493592 5096868 1497228
1786940371179 1493592 5096868 1497228
1786940371218 1496784 5096868 1497228
1786940371259 1496784 5096868 1497228
1786940371303 1501284 5096868 1501284
1786940371344 1501284 5096868 1501284
1786940371386 1504896 5096868 1504896
1786940371430 1504896 5096868 1504896
1786940371474 1504896 5096868 1504896
1786940371517 1504896 5096868 1504896
1786940371556 1502016 5096868 1502016
1786940371595 1493016 5096868 1499748
1786940371639 1490016 5096868 1499748
1786940371681 1496720 5096868 1499748
1786940371725 1504768 5096868 1504768
1786940371768 1504768 5096868 1504768
1786940371809 1504768 5096868 1504768
1786940371859 1505024 5096868 1505024
1786940371903 1505024 5096868 1505024
1786940371947 1505024 5096868 1505024
1786940371988 1505024 5096868 1505024
1786940372030 1505372 5096868 1505372
1786940372074 1505992 5096868 1505992
1786940372119 1504324 5096868 1504324
1786940372163 1504324 5096868 1504324
1786940372205 1498824 5096868 1499748
1786940372244 1498460 5096868 1499748
1786940372289 1506568 5096868 1506568
1786940372333 1506568 5096868 1506568
1786940372379 1507620 5096868 1507620
1786940372423 1507620 5096868 1507620
1786940372465 1508260 5096868 1508260
1786940372638 1508936 5096868 1508936
1786940372743 1508936 5096868 1508936
1786940372790 1508936 5096868 1508936
1786940372834 1508936 5096868 1508936
1786940372878 1508936 5096868 1508936
1786940372921 1508936 5096868 1508936
1786940372964 1508936 5096868 1508936
1786940373009 1509652 5096868 1509652
1786940373111 1509652 5096868 1509652
1786940373157 1509652 5096868 1509652
1786940373203 1509652 5096868 1509652
1786940373248 1509852 5096868 1509852
1786940373360 1514212 5096868 1514212
1786940373456 1514212 5096868 1514212
1786940373497 1514212 5096868 1514212
1786940373540 1514772 5096868 1514772
1786940373698 1515732 5096868 1515732
1786940373797 1515732 5096868 1515732
1786940373843 1515732 5096868 1515732
1786940373888 1515732 5096868 1515732
1786940373933 1515732 5096868 1515732
1786940373979 1515732 5096868 1515732
1786940374025 1515732 5096868 1515732
1786940374091 1515732 5096868 1515732
1786940374136 1515732 5096868 1515732
1786940374178 1515732 5096868 1515732
1786940374224 1515732 5096868 1515732
1786940374270 1518412 5096868 1518412
1786940374372 1529684 5096868 1529684
1786940374484 1585140 5096868 1585140
1786940374671 1585140 5096868 1585140
1786940374718 1585140 5096868 1585140
1786940374766 1585140 5096868 1585140
1786940374813 1585140 5096868 1585140
1786940374866 1585396 5096868 1585396
1786940374966 1585396 5096868 1585396
1786940375013 1586440 5096868 1586440
1786940375124 1584220 5096868 1584220
1786940375170 1576080 5096868 1576080
1786940375215 1565480 5096868 1569456
1786940375259 1561680 5096868 1569456
1786940375303 1561680 5096868 1569456
1786940375345 1563360 5096868 1569456
1786940375386 1563360 5096868 1569456
1786940375429 1563360 5096868 1569456
1786940375473 1563360 5096868 1569456
1786940375517 1563360 5096868 1569456
1786940375560 1563360 5096868 1569456
1786940375603 1563360 5096868 1569456
1786940375647 1563360 5096868 1569456
1786940375690 1563360 5096868 1569456
1786940375734 1563360 5096868 1569456
1786940375777 1563360 5096868 1569456
1786940375820 1563360 5096868 1569456
1786940375864 1563360 5096868 1569456
1786940375907 1563360 5096868 1569456
1786940375951 1563360 5096868 1569456
1786940375994 1563360 5096868 1569456
1786940376039 1563360 5096868 1569456
1786940376083 1563360 5096868 1569456
1786940376127 1563360 5096868 1569456
1786940376170 1563360 5096868 1569456
1786940376214 1563360 5096868 1569456
1786940376257 1563360 5096868 1569456
1786940376300 1563360 5096868 1569456
1786940376344 1563360 5096868 1569456
1786940376387 1563360 5096868 1569456
1786940376430 1563360 5096868 1569456
1786940376474 1563360 5096868 1569456
1786940376518 1563360 5096868 1569456
1786940376562 1563360 5096868 1569456
1786940376605 1563360 5096868 1569456
1786940376649 1563360 5096868 1569456
1786940376692 1563360 5096868 1569456
1786940376735 1563360 5096868 1569456
1786940376779 1563360 5096868 1569456
1786940376822 1563360 5096868 1569456
1786940376865 1563360 5096868 1569456
1786940376908 1563360 5096868 1569456
1786940376952 1563360 5096868 1569456
1786940376995 1563360 5096868 1569456
1786940377038 1563360 5096868 1569456
1786940377082 1563360 5096868 1569456
1786940377125 1563360 5096868 1569456
1786940377169 1563360 5096868 1569456
1786940377212 1563360 5096868 1569456
1786940377256 1563360 5096868 1569456
1786940377299 1563360 5096868 1569456
1786940377342 1563360 5096868 1569456
1786940377386 1563360 5096868 1569456
1786940377429 1563360 5096868 1569456
1786940377473 1563360 5096868 1569456
1786940377516 1563360 5096868 1569456
1786940377559 1563360 5096868 1569456
1786940377602 1563360 5096868 1569456
1786940377646 1563360 5096868 1569456
1786940377689 1563360 5096868 1569456
1786940377732 1563360 5096868 1569456
1786940377775 1563360 5096868 1569456
1786940377819 1563360 5096868 1569456
1786940377862 1563360 5096868 1569456
1786940377905 1563360 5096868 1569456
1786940377949 1563360 5096868 1569456
1786940377992 1563360 5096868 1569456
1786940378035 1563360 5096868 1569456
1786940378079 1563360 5096868 1569456
1786940378122 1563360 5096868 1569456
1786940378166 1563360 5096868 1569456
1786940378209 1563360 5096868 1569456
1786940378253 1563360 5096868 1569456
1786940378296 1563360 5096868 1569456
1786940378339 1563360 5096868 1569456
1786940378383 1563360 5096868 1569456
1786940378426 1563360 5096868 1569456
1786940378470 1563360 5096868 1569456
1786940378513 1563360 5096868 1569456
1786940378556 1563360 5096868 1569456
1786940378600 1563360 5096868 1569456
1786940378643 1563360 5096868 1569456
1786940378687 1563360 5096868 1569456
1786940378730 1563360 5096868 1569456
1786940378774 1563360 5096868 1569456
1786940378817 1563360 5096868 1569456
1786940378861 1563360 5096868 1569456
1786940378905 1563360 5096868 1569456
1786940378949 1563360 5096868 1569456
1786940378993 1563360 5096868 1569456
1786940379037 1563360 5096868 1569456
1786940379081 1563360 5096868 1569456
1786940379125 1563360 5096868 1569456
1786940379169 1563360 5096868 1569456
1786940379213 1563360 5096868 1569456
1786940379257 1563360 5096868 1569456
1786940379301 1563360 5096868 1569456
1786940379345 1563360 5096868 1569456
1786940379389 1563360 5096868 1569456
1786940379433 1563360 5096868 1569456
1786940379477 1563360 5096868 1569456
1786940379522 1563360 5096868 1569456
1786940379565 1563360 5096868 1569456
1786940379609 1563360 5096868 1569456
1786940379653 1563360 5096868 1569456
1786940379697 1563360 5096868 1569456
1786940379741 1563360 5096868 1569456
1786940379785 1563360 5096868 1569456
1786940379829 1563360 5096868 1569456
1786940379873 1563360 5096868 1569456
1786940379917 1563360 5096868 1569456
1786940379961 1563360 5096868 1569456
1786940380005 1563360 5096868 1569456
1786940380049 1563360 5096868 1569456
1786940380093 1563360 5096868 1569456
1786940380137 1563360 5096868 1569456
1786940380181 1563360 5096868 1569456
1786940380223 1563360 5096868 1569456
1786940380267 1563360 5096868 1569456
1786940380312 1563360 5096868 1569456
1786940380356 1563360 5096868 1569456
1786940380400 1563360 5096868 1569456
1786940380444 1563360 5096868 1569456
1786940380488 1563360 5096868 1569456
1786940380532 1563360 5096868 1569456
1786940380576 1563360 5096868 1569456
1786940380621 1563360 5096868 1569456
1786940380664 1563360 5096868 1569456
1786940380707 1563360 5096868 1569456
1786940380750 1563360 5096868 1569456
1786940380794 1563360 5096868 1569456
1786940380838 1563360 5096868 1569456
1786940380882 1563360 5096868 1569456
1786940380925 1563360 5096868 1569456
1786940380969 1563360 5096868 1569456
1786940381013 1563360 5096868 1569456
1786940381057 1563360 5096868 1569456
1786940381102 1563360 5096868 1569456
1786940381146 1563360 5096868 1569456
1786940381190 1563360 5096868 1569456
1786940381233 1563360 5096868 1569456
1786940381278 1563360 5096868 1569456
1786940381321 1563360 5096868 1569456
1786940381366 1563360 5096868 1569456
1786940381409 1563360 5096868 1569456
1786940381453 1563360 5096868 1569456
1786940381497 1563360 5096868 1569456
1786940381541 1563360 5096868 1569456
1786940381583 1563360 5096868 1569456
1786940381626 1563360 5096868 1569456
1786940381670 1563360 5096868 1569456
1786940381714 1563360 5096868 1569456
1786940381758 1563360 5096868 1569456
1786940381801 1563360 5096868 1569456
1786940381844 1563360 5096868 1569456
1786940381887 1563360 5096868 1569456
1786940381932 1563360 5096868 1569456
1786940381975 1563360 5096868 1569456
1786940382020 1563360 5096868 1569456
1786940382064 1563360 5096868 1569456
1786940382107 1563360 5096868 1569456
1786940382151 1563360 5096868 1569456
1786940382195 1563360 5096868 1569456
1786940382239 1563360 5096868 1569456
1786940382283 1563360 5096868 1569456
1786940382327 1563360 5096868 1569456
1786940382371 1563360 5096868 1569456
1786940382415 1563360 5096868 1569456
1786940382458 1563360 5096868 1569456
1786940382502 1563360 5096868 1569456
1786940382546 1563360 5096868 1569456
1786940382590 1563360 5096868 1569456
1786940382634 1563360 5096868 1569456
1786940382678 1563360 5096868 1569456
1786940382722 1563360 5096868 1569456
1786940382766 1563360 5096868 1569456
1786940382810 1563360 5096868 1569456
1786940382853 1563360 5096868 1569456
1786940382897 1563360 5096868 1569456
1786940382941 1563360 5096868 1569456
1786940382983 1563360 5096868 1569456
1786940383026 1563360 5096868 1569456
1786940383070 1563360 5096868 1569456
1786940383114 1563360 5096868 1569456
1786940383158 1563360 5096868 1569456
1786940383202 1563360 5096868 1569456
1786940383246 1563360 5096868 1569456
1786940383290 1563360 5096868 1569456
1786940383334 1563360 5096868 1569456
1786940383378 1563360 5096868 1569456
1786940383422 1563360 5096868 1569456
1786940383466 1563360 5096868 1569456
1786940383509 1563360 5096868 1569456
1786940383554 1563360 5096868 1569456
1786940383597 1563360 5096868 1569456
1786940383641 1563360 5096868 1569456
1786940383685 1563360 5096868 1569456
1786940383729 1563360 5096868 1569456
1786940383773 1563360 5096868 1569456
1786940383817 1563360 5096868 1569456
1786940383860 1563360 5096868 1569456
1786940383904 1563360 5096868 1569456
1786940383948 1563360 5096868 1569456
1786940383991 1563360 5096868 1569456
1786940384035 1563360 5096868 1569456
1786940384079 1563360 5096868 1569456
1786940384121 1563360 5096868 1569456
1786940384164 1563360 5096868 1569456
1786940384207 1563360 5096868 1569456
1786940384250 1563360 5096868 1569456
1786940384294 1563360 5096868 1569456
1786940384338 1563360 5096868 1569456
1786940384381 1563360 5096868 1569456
1786940384424 1563360 5096868 1569456
1786940384467 1563360 5096868 1569456
1786940384510 1563360 5096868 1569456
1786940384554 1563360 5096868 1569456
1786940384597 1563360 5096868 1569456
1786940384640 1563360 5096868 1569456
1786940384684 1563360 5096868 1569456
1786940384728 1563360 5096868 1569456
1786940384772 1563360 5096868 1569456
1786940384816 1563360 5096868 1569456
1786940384860 1563360 5096868 1569456
1786940384904 1563360 5096868 1569456
1786940384948 1563360 5096868 1569456
1786940384992 1563360 5096868 1569456
1786940385036 1563360 5096868 1569456
1786940385080 1563360 5096868 1569456
1786940385124 1563360 5096868 1569456
1786940385167 1563360 5096868 1569456
1786940385211 1563360 5096868 1569456
1786940385255 1563360 5096868 1569456
1786940385299 1563360 5096868 1569456
1786940385343 1563360 5096868 1569456
1786940385387 1563360 5096868 1569456
1786940385430 1563360 5096868 1569456
1786940385475 1563360 5096868 1569456
1786940385519 1563360 5096868 1569456
1786940385563 1563360 5096868 1569456
1786940385607 1563360 5096868 1569456
1786940385650 1563360 5096868 1569456
1786940385694 1563360 5096868 1569456
1786940385737 1563360 5096868 1569456
1786940385781 1563360 5096868 1569456
1786940385824 1563360 5096868 1569456
1786940385867 1563360 5096868 1569456
1786940385910 1563360 5096868 1569456
1786940385954 1563360 5096868 1569456
1786940385997 1563360 5096868 1569456
1786940386040 1563360 5096868 1569456
1786940386083 1563360 5096868 1569456
1786940386126 1563360 5096868 1569456
1786940386170 1563360 5096868 1569456
1786940386213 1563360 5096868 1569456
1786940386257 1563360 5096868 1569456
1786940386300 1563360 5096868 1569456
1786940386343 1563360 5096868 1569456
1786940386386 1563360 5096868 1569456
1786940386429 1563360 5096868 1569456
1786940386472 1563360 5096868 1569456
1786940386516 1563360 5096868 1569456
1786940386559 1563360 5096868 1569456
1786940386603 1563360 5096868 1569456
1786940386646 1563360 5096868 1569456
1786940386689 1563360 5096868 1569456
1786940386732 1563360 5096868 1569456
1786940386776 1563360 5096868 1569456
1786940386819 1563360 5096868 1569456
1786940386862 1563360 5096868 1569456
1786940386906 1563360 5096868 1569456
1786940386950 1563360 5096868 1569456
1786940386994 1563360 5096868 1569456
1786940387037 1563360 5096868 1569456
1786940387080 1563360 5096868 1569456
1786940387122 1563360 5096868 1569456
1786940387162 1571560 5096868 1571560
1786940387207 1579672 5096868 1579672
1786940387255 1581372 5096868 1581372
1786940387305 1582040 5096868 1582040
1786940387352 1582040 5096868 1582040
1786940387398 1564136 5096868 1573776
1786940387443 1563704 5096868 1573776
1786940387486 1563836 5096868 1573776
1786940387531 1563836 5096868 1573776
1786940387575 1563836 5096868 1573776
1786940387619 1563836 5096868 1573776
1786940387664 1563836 5096868 1573776
1786940387708 1563836 5096868 1573776
1786940387752 1563836 5096868 1573776
1786940387796 1563836 5096868 1573776
1786940387840 1563836 5096868 1573776
1786940387885 1563836 5096868 1573776
1786940387929 1563836 5096868 1573776
1786940387973 1572036 5096868 1573776
1786940388017 1580148 5096868 1580148
1786940388062 1565696 5096868 1575240
1786940388113 1565820 5096868 1575240
1786940388158 1573364 5096868 1575240
1786940388203 1580404 5096868 1580404
1786940388249 1585268 5096868 1585268
1786940388296 1588340 5096868 1588340
1786940388503 1636676 5096868 1636676
1786940388682 1655484 5096868 1655476
1786940388858 1674116 5096868 1674116
1786940389080 1656832 5096868 1661352
1786940389125 1649356 5096868 1661352
1786940389171 1649356 5096868 1661352
1786940389215 1649356 5096868 1661352
1786940389254 1657556 5096868 1661352
1786940389302 1665668 5096868 1665668
1786940389360 1668028 5096868 1668028
1786940389408 1668036 5096868 1668036
1786940389453 1668036 5096868 1668036
1786940389498 1668540 5096868 1668540
1786940389546 1670764 5096868 1670764
1786940389588 1654912 5096868 1665728
1786940389628 1660364 5096868 1665728
1786940389679 1670444 5096868 1670444
1786940389727 1670828 5096868 1670828
1786940389773 1670828 5096868 1670828
1786940389818 1670864 5096868 1670864
1786940389865 1654292 5096868 1665728
1786940389912 1654292 5096868 1665728
1786940389957 1654296 5096868 1665728
1786940390003 1654296 5096868 1665728
1786940390049 1654296 5096868 1665728
1786940390094 1654296 5096868 1665728
1786940390139 1654296 5096868 1665728
1786940390184 1654296 5096868 1665728
1786940390230 1654296 5096868 1665728
1786940390276 1654296 5096868 1665728
1786940390322 1654296 5096868 1665728
1786940390367 1654296 5096868 1665728
1786940390412 1654296 5096868 1665728
1786940390457 1654296 5096868 1665728
1786940390502 1654296 5096868 1665728
1786940390547 1654296 5096868 1665728
1786940390593 1654296 5096868 1665728
1786940390638 1654296 5096868 1665728
1786940390683 1654296 5096868 1665728
1786940390729 1654296 5096868 1665728
1786940390775 1654296 5096868 1665728
1786940390820 1654296 5096868 1665728
1786940390866 1654296 5096868 1665728
1786940390912 1654296 5096868 1665728
1786940390958 1654296 5096868 1665728
1786940391003 1654296 5096868 1665728
1786940391049 1654296 5096868 1665728
1786940391095 1654296 5096868 1665728
1786940391140 1654296 5096868 1665728
1786940391185 1654296 5096868 1665728
1786940391229 1654296 5096868 1665728
1786940391274 1654296 5096868 1665728
1786940391318 1654296 5096868 1665728
1786940391363 1654296 5096868 1665728
1786940391407 1654296 5096868 1665728
1786940391452 1654296 5096868 1665728
1786940391496 1654296 5096868 1665728
1786940391541 1654296 5096868 1665728
1786940391585 1654296 5096868 1665728
1786940391630 1654296 5096868 1665728
1786940391675 1654296 5096868 1665728
1786940391719 1654296 5096868 1665728
1786940391764 1654296 5096868 1665728
1786940391808 1654296 5096868 1665728
1786940391853 1654296 5096868 1665728
1786940391897 1654296 5096868 1665728
1786940391942 1654296 5096868 1665728
1786940391987 1654296 5096868 1665728
1786940392031 1654296 5096868 1665728
1786940392076 1654296 5096868 1665728
1786940392121 1654296 5096868 1665728
1786940392167 1654296 5096868 1665728
1786940392213 1654296 5096868 1665728
1786940392258 1654296 5096868 1665728
1786940392302 1654296 5096868 1665728
1786940392347 1662848 5096868 1665728
1786940392393 1662848 5096868 1665728
1786940392437 1663348 5096868 1665728
1786940392483 1670976 5096868 1670976
1786940392529 1670080 5096868 1670080
1786940392574 1670080 5096868 1670080
1786940392618 1670080 5096868 1670080
1786940392661 1670080 5096868 1670080
1786940392705 1670080 5096868 1670080
1786940392748 1664216 5096868 1665728
1786940392795 1662892 5096868 1665728
1786940392841 1662892 5096868 1665728
1786940392885 1670976 5096868 1670976
1786940392929 1670976 5096868 1670976
1786940392973 1670976 5096868 1670976
1786940393018 1670976 5096868 1670976
1786940393062 1670976 5096868 1670976
1786940393114 1677376 5096868 1677376
1786940393270 1677628 5096868 1677628
1786940393372 1680696 5096868 1680696
1786940393474 1712072 5096868 1712056
1786940393698 1745356 5096868 1745356
1786940393870 1745372 5096868 1745372
1786940393991 1755480 5096868 1755480
1786940394140 1762624 5096868 1762624
1786940394263 1762624 5096868 1762624
1786940394312 1762624 5096868 1762624
1786940394362 1762624 5096868 1762624
1786940394411 1762624 5096868 1762624
1786940394460 1762624 5096868 1762624
1786940394510 1762624 5096868 1762624
1786940394560 1762624 5096868 1762624
1786940394609 1762624 5096868 1762624
1786940394659 1762624 5096868 1762624
1786940394710 1762624 5096868 1762624
1786940394757 1762624 5096868 1762624
1786940394807 1762624 5096868 1762624
1786940394856 1762624 5096868 1762624
1786940394905 1762624 5096868 1762624
1786940394954 1762624 5096868 1762624
1786940395003 1762624 5096868 1762624
1786940395052 1762624 5096868 1762624
1786940395102 1761984 5096868 1761984
1786940395152 1749928 5096868 1749928
1786940395194 1740188 5096868 1745232
1786940395241 1740188 5096868 1745232
1786940395286 1740188 5096868 1745232
1786940395330 1740188 5096868 1745232
1786940395374 1741508 5096868 1745232
1786940395420 1741508 5096868 1745232
1786940395467 1741508 5096868 1745232
1786940395515 1741508 5096868 1745232
1786940395563 1741508 5096868 1745232
1786940395611 1741508 5096868 1745232
1786940395658 1741508 5096868 1745232
1786940395705 1741508 5096868 1745232
1786940395754 1741508 5096868 1745232
1786940395802 1741508 5096868 1745232
1786940395850 1741508 5096868 1745232
1786940395897 1741508 5096868 1745232
1786940395945 1741508 5096868 1745232
1786940395992 1741508 5096868 1745232
1786940396040 1741508 5096868 1745232
1786940396087 1741508 5096868 1745232
1786940396134 1741508 5096868 1745232
1786940396182 1741508 5096868 1745232
1786940396229 1741508 5096868 1745232
1786940396277 1741508 5096868 1745232
1786940396324 1741508 5096868 1745232
1786940396371 1741508 5096868 1745232
1786940396418 1741508 5096868 1745232
1786940396465 1741508 5096868 1745232
1786940396513 1741508 5096868 1745232
1786940396560 1741508 5096868 1745232
1786940396607 1741508 5096868 1745232
1786940396654 1741508 5096868 1745232
1786940396702 1741508 5096868 1745232
1786940396749 1741508 5096868 1745232
1786940396796 1741508 5096868 1745232
1786940396843 1741508 5096868 1745232
1786940396890 1741508 5096868 1745232
1786940396937 1741508 5096868 1745232
1786940396984 1741508 5096868 1745232
1786940397031 1741508 5096868 1745232
1786940397080 1741508 5096868 1745232
1786940397126 1741508 5096868 1745232
1786940397168 1749708 5096868 1749708
1786940397216 1757820 5096868 1757820
1786940397265 1741768 5096868 1748976
1786940397335 1749988 5096868 1749988
1786940397383 1757636 5096868 1757636
1786940397433 1763708 5096868 1763708
1786940397629 1779272 5096868 1779272
1786940397732 1779272 5096868 1779272
1786940397778 1779272 5096868 1779272
1786940397828 1793828 5096868 1793828
1786940398050 1805136 5096868 1805136
1786940398181 1801436 5096868 1801436
1786940398232 1799956 5096868 1799956
1786940398282 1789476 5096868 1789476
1786940398330 1780376 5096868 1788436
1786940398377 1780376 5096868 1788436
1786940398422 1788576 5096868 1788576
1786940398470 1796688 5096868 1796688
1786940398520 1797832 5096868 1797832
1786940398582 1799056 5096868 1799056
1786940398632 1800828 5096868 1800828
1786940398681 1784120 5096868 1789736
1786940398739 1793116 5096868 1793116
1786940398787 1797648 5096868 1797648
1786940398836 1786968 5096868 1789736
1786940398878 1782628 5096868 1789736
1786940398925 1782628 5096868 1789736
1786940398971 1782628 5096868 1789736
1786940399016 1782628 5096868 1789736
1786940399060 1782628 5096868 1789736
1786940399104 1782628 5096868 1789736
1786940399150 1782628 5096868 1789736
1786940399196 1782628 5096868 1789736
1786940399242 1782628 5096868 1789736
1786940399288 1782628 5096868 1789736
1786940399335 1782628 5096868 1789736
1786940399381 1782628 5096868 1789736
1786940399428 1782628 5096868 1789736
1786940399473 1782628 5096868 1789736
1786940399518 1782628 5096868 1789736
1786940399562 1782628 5096868 1789736
1786940399606 1782628 5096868 1789736
1786940399652 1782628 5096868 1789736
1786940399696 1782628 5096868 1789736
1786940399743 1782628 5096868 1789736
1786940399789 1782628 5096868 1789736
1786940399836 1782628 5096868 1789736
1786940399881 1782628 5096868 1789736
1786940399928 1782628 5096868 1789736
1786940399975 1782628 5096868 1789736
1786940400022 1782628 5096868 1789736
1786940400068 1782628 5096868 1789736
1786940400113 1782628 5096868 1789736
1786940400157 1782628 5096868 1789736
1786940400201 1782628 5096868 1789736
1786940400245 1782628 5096868 1789736
1786940400290 1782628 5096868 1789736
1786940400336 1782628 5096868 1789736
1786940400380 1782628 5096868 1789736
1786940400426 1782628 5096868 1789736
1786940400470 1782628 5096868 1789736
1786940400516 1782628 5096868 1789736
1786940400561 1782628 5096868 1789736
1786940400608 1782628 5096868 1789736
1786940400654 1782628 5096868 1789736
1786940400698 1782628 5096868 1789736
1786940400742 1782628 5096868 1789736
1786940400786 1782628 5096868 1789736
1786940400830 1782628 5096868 1789736
1786940400875 1782628 5096868 1789736
1786940400919 1782628 5096868 1789736
1786940400964 1782628 5096868 1789736
1786940401008 1782628 5096868 1789736
1786940401054 1782628 5096868 1789736
1786940401098 1782628 5096868 1789736
1786940401143 1782628 5096868 1789736
1786940401188 1782628 5096868 1789736
1786940401233 1782628 5096868 1789736
1786940401278 1782628 5096868 1789736
1786940401322 1782628 5096868 1789736
1786940401367 1782628 5096868 1789736
1786940401411 1782628 5096868 1789736
1786940401456 1782628 5096868 1789736
1786940401500 1782628 5096868 1789736
1786940401546 1782628 5096868 1789736
1786940401590 1782628 5096868 1789736
1786940401636 1782628 5096868 1789736
1786940401680 1782628 5096868 1789736
1786940401725 1782628 5096868 1789736
1786940401769 1782628 5096868 1789736
1786940401813 1782628 5096868 1789736
1786940401857 1782628 5096868 1789736
1786940401901 1782628 5096868 1789736
1786940401946 1782628 5096868 1789736
1786940401990 1782628 5096868 1789736
1786940402034 1782628 5096868 1789736
1786940402077 1782628 5096868 1789736
1786940402122 1782628 5096868 1789736
1786940402167 1782628 5096868 1789736
1786940402210 1782628 5096868 1789736
1786940402255 1782628 5096868 1789736
1786940402299 1782628 5096868 1789736
1786940402343 1782628 5096868 1789736
1786940402386 1782628 5096868 1789736
1786940402430 1782628 5096868 1789736
1786940402475 1782628 5096868 1789736
1786940402520 1782628 5096868 1789736
1786940402565 1782628 5096868 1789736
1786940402609 1782628 5096868 1789736
1786940402654 1782628 5096868 1789736
1786940402698 1782628 5096868 1789736
1786940402742 1782628 5096868 1789736
1786940402786 1782628 5096868 1789736
1786940402831 1782628 5096868 1789736
1786940402875 1782628 5096868 1789736
1786940402920 1782628 5096868 1789736
1786940402965 1782628 5096868 1789736
1786940403009 1782628 5096868 1789736
1786940403054 1782628 5096868 1789736
1786940403098 1782628 5096868 1789736
1786940403142 1782628 5096868 1789736
1786940403186 1782628 5096868 1789736
1786940403230 1782628 5096868 1789736
1786940403274 1782628 5096868 1789736
1786940403318 1782628 5096868 1789736
1786940403362 1782628 5096868 1789736
1786940403407 1782628 5096868 1789736
1786940403452 1782628 5096868 1789736
1786940403496 1782628 5096868 1789736
1786940403541 1782628 5096868 1789736
1786940403587 1782628 5096868 1789736
1786940403633 1782628 5096868 1789736
1786940403678 1782628 5096868 1789736
1786940403722 1782628 5096868 1789736
1786940403767 1782628 5096868 1789736
1786940403810 1782628 5096868 1789736
1786940403854 1782628 5096868 1789736
1786940403898 1782628 5096868 1789736
1786940403942 1782628 5096868 1789736
1786940403986 1782628 5096868 1789736
1786940404031 1782628 5096868 1789736
1786940404076 1782628 5096868 1789736
1786940404121 1782628 5096868 1789736
1786940404164 1782628 5096868 1789736
1786940404207 1782628 5096868 1789736
1786940404250 1782628 5096868 1789736
1786940404295 1782628 5096868 1789736
1786940404338 1782628 5096868 1789736
1786940404382 1782628 5096868 1789736
1786940404425 1782628 5096868 1789736
1786940404469 1782628 5096868 1789736
1786940404512 1782628 5096868 1789736
1786940404557 1782628 5096868 1789736
1786940404600 1782628 5096868 1789736
1786940404643 1782628 5096868 1789736
1786940404685 1782628 5096868 1789736
1786940404730 1782628 5096868 1789736
1786940404774 1782628 5096868 1789736
1786940404818 1782628 5096868 1789736
1786940404862 1782628 5096868 1789736
1786940404906 1782628 5096868 1789736
1786940404949 1782628 5096868 1789736
1786940404992 1782628 5096868 1789736
1786940405036 1782628 5096868 1789736
1786940405080 1782628 5096868 1789736
1786940405124 1782628 5096868 1789736
1786940405168 1782628 5096868 1789736
1786940405213 1782628 5096868 1789736
1786940405257 1782628 5096868 1789736
1786940405302 1782628 5096868 1789736
1786940405345 1782628 5096868 1789736
1786940405390 1782628 5096868 1789736
1786940405433 1782628 5096868 1789736
1786940405477 1782628 5096868 1789736
1786940405521 1782628 5096868 1789736
1786940405564 1782628 5096868 1789736
1786940405608 1782628 5096868 1789736
1786940405652 1782628 5096868 1789736
1786940405696 1782628 5096868 1789736
1786940405740 1782628 5096868 1789736
1786940405784 1782628 5096868 1789736
1786940405828 1782628 5096868 1789736
1786940405872 1782628 5096868 1789736
1786940405915 1782628 5096868 1789736
1786940405960 1782628 5096868 1789736
1786940406004 1782628 5096868 1789736
1786940406048 1782628 5096868 1789736
1786940406092 1782628 5096868 1789736
1786940406136 1782628 5096868 1789736
1786940406180 1782628 5096868 1789736
1786940406224 1782628 5096868 1789736
1786940406268 1782628 5096868 1789736
1786940406312 1782628 5096868 1789736
1786940406357 1782628 5096868 1789736
1786940406401 1782628 5096868 1789736
1786940406446 1782628 5096868 1789736
1786940406489 1782628 5096868 1789736
1786940406534 1782628 5096868 1789736
1786940406578 1782628 5096868 1789736
1786940406622 1782628 5096868 1789736
1786940406666 1782628 5096868 1789736
1786940406710 1782628 5096868 1789736
1786940406754 1782628 5096868 1789736
1786940406797 1782628 5096868 1789736
1786940406841 1782628 5096868 1789736
1786940406886 1782628 5096868 1789736
1786940406931 1782628 5096868 1789736
1786940406976 1782628 5096868 1789736
1786940407020 1782628 5096868 1789736
1786940407065 1782628 5096868 1789736
1786940407111 1782628 5096868 1789736
1786940407155 1782628 5096868 1789736
1786940407199 1782628 5096868 1789736
1786940407243 1782628 5096868 1789736
1786940407287 1782628 5096868 1789736
1786940407330 1782628 5096868 1789736
1786940407374 1782628 5096868 1789736
1786940407419 1782628 5096868 1789736
1786940407463 1782628 5096868 1789736
1786940407507 1782628 5096868 1789736
1786940407551 1782628 5096868 1789736
1786940407596 1782628 5096868 1789736
1786940407642 1782628 5096868 1789736
1786940407687 1782628 5096868 1789736
1786940407732 1782628 5096868 1789736
1786940407778 1782628 5096868 1789736
1786940407822 1782628 5096868 1789736
1786940407865 1782628 5096868 1789736
1786940407909 1782628 5096868 1789736
1786940407953 1782628 5096868 1789736
1786940407997 1782628 5096868 1789736
1786940408040 1782628 5096868 1789736
1786940408086 1782628 5096868 1789736
1786940408130 1782628 5096868 1789736
1786940408175 1782628 5096868 1789736
1786940408219 1782628 5096868 1789736
1786940408265 1782628 5096868 1789736
1786940408310 1782628 5096868 1789736
1786940408354 1782628 5096868 1789736
1786940408398 1782628 5096868 1789736
1786940408442 1782628 5096868 1789736
1786940408487 1782628 5096868 1789736
1786940408530 1782628 5096868 1789736
1786940408574 1782628 5096868 1789736
1786940408619 1782628 5096868 1789736
1786940408664 1782628 5096868 1789736
1786940408709 1782628 5096868 1789736
1786940408754 1782628 5096868 1789736
1786940408799 1782628 5096868 1789736
1786940408845 1782628 5096868 1789736
1786940408889 1782628 5096868 1789736
1786940408933 1782628 5096868 1789736
1786940408977 1782628 5096868 1789736
1786940409020 1782628 5096868 1789736
1786940409063 1782628 5096868 1789736
1786940409107 1782628 5096868 1789736
1786940409150 1782628 5096868 1789736
1786940409193 1782628 5096868 1789736
1786940409238 1782628 5096868 1789736
1786940409282 1782628 5096868 1789736
1786940409327 1782628 5096868 1789736
1786940409372 1782628 5096868 1789736
1786940409417 1782628 5096868 1789736
1786940409462 1782628 5096868 1789736
1786940409507 1782628 5096868 1789736
1786940409552 1782628 5096868 1789736
1786940409596 1782628 5096868 1789736
1786940409640 1782628 5096868 1789736
1786940409684 1782628 5096868 1789736
1786940409727 1782628 5096868 1789736
1786940409771 1782628 5096868 1789736
1786940409816 1782628 5096868 1789736
1786940409861 1782628 5096868 1789736
1786940409906 1782628 5096868 1789736
1786940409950 1782628 5096868 1789736
1786940409994 1782628 5096868 1789736
1786940410038 1782628 5096868 1789736
1786940410081 1782628 5096868 1789736
1786940410125 1782628 5096868 1789736
1786940410168 1782628 5096868 1789736
1786940410211 1782628 5096868 1789736
1786940410255 1782628 5096868 1789736
1786940410300 1782628 5096868 1789736
1786940410344 1782628 5096868 1789736
1786940410389 1782628 5096868 1789736
1786940410434 1782628 5096868 1789736
1786940410479 1782628 5096868 1789736
1786940410523 1782628 5096868 1789736
1786940410567 1782628 5096868 1789736
1786940410612 1782628 5096868 1789736
1786940410655 1782628 5096868 1789736
1786940410700 1782628 5096868 1789736
1786940410744 1782628 5096868 1789736
1786940410787 1782628 5096868 1789736
1786940410832 1782628 5096868 1789736
1786940410877 1782628 5096868 1789736
1786940410922 1782628 5096868 1789736
1786940410968 1782628 5096868 1789736
1786940411013 1782628 5096868 1789736
1786940411057 1782628 5096868 1789736
1786940411103 1782628 5096868 1789736
1786940411147 1782628 5096868 1789736
1786940411191 1782628 5096868 1789736
1786940411235 1782628 5096868 1789736
1786940411279 1782628 5096868 1789736
1786940411322 1782628 5096868 1789736
1786940411368 1782628 5096868 1789736
1786940411412 1782628 5096868 1789736
1786940411456 1782628 5096868 1789736
1786940411500 1782628 5096868 1789736
1786940411545 1782628 5096868 1789736
1786940411590 1782628 5096868 1789736
1786940411636 1782628 5096868 1789736
1786940411680 1782628 5096868 1789736
1786940411724 1782628 5096868 1789736
1786940411768 1782628 5096868 1789736
1786940411812 1782628 5096868 1789736
1786940411857 1782628 5096868 1789736
1786940411901 1782628 5096868 1789736
1786940411945 1782628 5096868 1789736
1786940411989 1782628 5096868 1789736
1786940412033 1782628 5096868 1789736
1786940412076 1782628 5096868 1789736
1786940412120 1782628 5096868 1789736
1786940412163 1782628 5096868 1789736
1786940412209 1782628 5096868 1789736
1786940412253 1782628 5096868 1789736
1786940412297 1782628 5096868 1789736
1786940412342 1782628 5096868 1789736
1786940412386 1782628 5096868 1789736
1786940412430 1782628 5096868 1789736
1786940412473 1782628 5096868 1789736
1786940412517 1782628 5096868 1789736
1786940412561 1782628 5096868 1789736
1786940412606 1782628 5096868 1789736
1786940412650 1782628 5096868 1789736
1786940412695 1782628 5096868 1789736
1786940412739 1782628 5096868 1789736
1786940412783 1782628 5096868 1789736
1786940412828 1782628 5096868 1789736
1786940412872 1782628 5096868 1789736
1786940412918 1782628 5096868 1789736
1786940412962 1782628 5096868 1789736
1786940413006 1782628 5096868 1789736
1786940413051 1782628 5096868 1789736
1786940413094 1782628 5096868 1789736
1786940413138 1782628 5096868 1789736
1786940413184 1782628 5096868 1789736
1786940413229 1782628 5096868 1789736
1786940413273 1782628 5096868 1789736
1786940413318 1782628 5096868 1789736
1786940413362 1782628 5096868 1789736
1786940413408 1782628 5096868 1789736
1786940413453 1782628 5096868 1789736
1786940413499 1782628 5096868 1789736
1786940413543 1782628 5096868 1789736
1786940413588 1782628 5096868 1789736
1786940413632 1782628 5096868 1789736
1786940413676 1782628 5096868 1789736
1786940413721 1782628 5096868 1789736
1786940413766 1782628 5096868 1789736
1786940413810 1782628 5096868 1789736
1786940413855 1782628 5096868 1789736
1786940413899 1782628 5096868 1789736
1786940413944 1782628 5096868 1789736
1786940413988 1782628 5096868 1789736
1786940414033 1782628 5096868 1789736
1786940414078 1782628 5096868 1789736
1786940414123 1782628 5096868 1789736
1786940414168 1782628 5096868 1789736
1786940414214 1782628 5096868 1789736
1786940414259 1782628 5096868 1789736
1786940414303 1782628 5096868 1789736
1786940414347 1782628 5096868 1789736
1786940414391 1782628 5096868 1789736
1786940414435 1782628 5096868 1789736
1786940414478 1782628 5096868 1789736
1786940414521 1782628 5096868 1789736
1786940414565 1782628 5096868 1789736
1786940414608 1782628 5096868 1789736
1786940414652 1782628 5096868 1789736
1786940414695 1782628 5096868 1789736
1786940414739 1782628 5096868 1789736
1786940414782 1782628 5096868 1789736
1786940414826 1782628 5096868 1789736
1786940414869 1782628 5096868 1789736
1786940414915 1782628 5096868 1789736
1786940414963 1782628 5096868 1789736
1786940415010 1782628 5096868 1789736
1786940415056 1782628 5096868 1789736
1786940415102 1782628 5096868 1789736
1786940415151 1782628 5096868 1789736
1786940415199 1782628 5096868 1789736
1786940415247 1782628 5096868 1789736
1786940415295 1782628 5096868 1789736
1786940415344 1782628 5096868 1789736
1786940415392 1782628 5096868 1789736
1786940415439 1782628 5096868 1789736
1786940415488 1782628 5096868 1789736
1786940415535 1782628 5096868 1789736
1786940415583 1782628 5096868 1789736
1786940415632 1782628 5096868 1789736
1786940415680 1782628 5096868 1789736
1786940415728 1782628 5096868 1789736
1786940415777 1782628 5096868 1789736
1786940415823 1782628 5096868 1789736
1786940415871 1782628 5096868 1789736
1786940415919 1782628 5096868 1789736
1786940415967 1782628 5096868 1789736
1786940416015 1782628 5096868 1789736
1786940416063 1782628 5096868 1789736
1786940416112 1782628 5096868 1789736
1786940416160 1782628 5096868 1789736
1786940416209 1782628 5096868 1789736
1786940416257 1782628 5096868 1789736
1786940416305 1782628 5096868 1789736
1786940416353 1782628 5096868 1789736
1786940416401 1782628 5096868 1789736
1786940416449 1782628 5096868 1789736
1786940416497 1782628 5096868 1789736
1786940416544 1782628 5096868 1789736
1786940416591 1782628 5096868 1789736
1786940416637 1782628 5096868 1789736
1786940416685 1782628 5096868 1789736
1786940416732 1782628 5096868 1789736
1786940416780 1782628 5096868 1789736
1786940416828 1782628 5096868 1789736
1786940416876 1782628 5096868 1789736
1786940416924 1782628 5096868 1789736
1786940416972 1782628 5096868 1789736
1786940417020 1782628 5096868 1789736
1786940417068 1782628 5096868 1789736
1786940417117 1782628 5096868 1789736
1786940417166 1782628 5096868 1789736
1786940417213 1782628 5096868 1789736
1786940417261 1782628 5096868 1789736
1786940417309 1782628 5096868 1789736
1786940417356 1782628 5096868 1789736
1786940417403 1782628 5096868 1789736
1786940417448 1782628 5096868 1789736
1786940417494 1782628 5096868 1789736
1786940417543 1782628 5096868 1789736
1786940417592 1782628 5096868 1789736
1786940417640 1782628 5096868 1789736
1786940417689 1782628 5096868 1789736
1786940417739 1782628 5096868 1789736
1786940417788 1782628 5096868 1789736
1786940417836 1782628 5096868 1789736
1786940417884 1782628 5096868 1789736
1786940417931 1782628 5096868 1789736
1786940417980 1782628 5096868 1789736
1786940418029 1782628 5096868 1789736
1786940418077 1782628 5096868 1789736
1786940418126 1782628 5096868 1789736
1786940418175 1782628 5096868 1789736
1786940418224 1782628 5096868 1789736
1786940418272 1782628 5096868 1789736
1786940418319 1782628 5096868 1789736
1786940418367 1782628 5096868 1789736
1786940418415 1782628 5096868 1789736
1786940418463 1782628 5096868 1789736
1786940418511 1782628 5096868 1789736
1786940418560 1782628 5096868 1789736
1786940418608 1782628 5096868 1789736
1786940418656 1782628 5096868 1789736
1786940418704 1782628 5096868 1789736
1786940418752 1782628 5096868 1789736
1786940418801 1782628 5096868 1789736
1786940418850 1782628 5096868 1789736
1786940418899 1782628 5096868 1789736
1786940418948 1782628 5096868 1789736
1786940418997 1782628 5096868 1789736
1786940419046 1782628 5096868 1789736
1786940419093 1782628 5096868 1789736
1786940419142 1782628 5096868 1789736
1786940419191 1782628 5096868 1789736
1786940419239 1782628 5096868 1789736
1786940419288 1782628 5096868 1789736
1786940419337 1782628 5096868 1789736
1786940419386 1782628 5096868 1789736
1786940419435 1782628 5096868 1789736
1786940419483 1782628 5096868 1789736
1786940419531 1782628 5096868 1789736
1786940419581 1782628 5096868 1789736
1786940419628 1782628 5096868 1789736
1786940419676 1782628 5096868 1789736
1786940419725 1782628 5096868 1789736
1786940419773 1782628 5096868 1789736
1786940419821 1782628 5096868 1789736
1786940419869 1782628 5096868 1789736
1786940419919 1782628 5096868 1789736
1786940419968 1782628 5096868 1789736
1786940420017 1782628 5096868 1789736
1786940420066 1782628 5096868 1789736
1786940420115 1782628 5096868 1789736
1786940420164 1782628 5096868 1789736
1786940420212 1782628 5096868 1789736
1786940420261 1782628 5096868 1789736
1786940420310 1782628 5096868 1789736
1786940420359 1782628 5096868 1789736
1786940420408 1782628 5096868 1789736
1786940420456 1782628 5096868 1789736
1786940420505 1782628 5096868 1789736
1786940420554 1782628 5096868 1789736
1786940420602 1782628 5096868 1789736
1786940420649 1782628 5096868 1789736
1786940420698 1782628 5096868 1789736
1786940420747 1782628 5096868 1789736
1786940420795 1782628 5096868 1789736
1786940420844 1782628 5096868 1789736
1786940420892 1782628 5096868 1789736
1786940420940 1782628 5096868 1789736
1786940420988 1782628 5096868 1789736
1786940421034 1782628 5096868 1789736
1786940421077 1790892 5096868 1790892
1786940421123 1792408 5096868 1792408
1786940421173 1799068 5096868 1799068
1786940421221 1799376 5096868 1799352
1786940421266 1790832 5096868 1790800
1786940421314 1798940 5096868 1798940
1786940421379 1799196 5096868 1799196
1786940421426 1801392 5096868 1801392
1786940421475 1802088 5096868 1802088
1786940421524 1790604 5096868 1792376
1786940421572 1793788 5096868 1793788
1786940421622 1801896 5096868 1801896
1786940421671 1803748 5096868 1803748
1786940421721 1804264 5096868 1804264
1786940421769 1804264 5096868 1804264
1786940421815 1804264 5096868 1804264
1786940421860 1804264 5096868 1804264
1786940421905 1804264 5096868 1804264
1786940421950 1804264 5096868 1804264
1786940422000 1804264 5096868 1804264
1786940422052 1804264 5096868 1804264
1786940422105 1805120 5096868 1805120
1786940422153 1805120 5096868 1805120
1786940422201 1805120 5096868 1805120
1786940422251 1805624 5096868 1805624
1786940422428 1805624 5096868 1805624
1786940422478 1806164 5096868 1806164
1786940422586 1807244 5096868 1807244
1786940422719 1811704 5096868 1811704
1786940422828 1811704 5096868 1811704
1786940422878 1811704 5096868 1811704
1786940422929 1811704 5096868 1811704
1786940422979 1811704 5096868 1811704
1786940423029 1811704 5096868 1811704
1786940423078 1811704 5096868 1811704
1786940423129 1811704 5096868 1811704
1786940423179 1811704 5096868 1811704
1786940423230 1811704 5096868 1811704
1786940423280 1811704 5096868 1811704
1786940423328 1811704 5096868 1811704
1786940423374 1811704 5096868 1811704
1786940423429 1813712 5096868 1813712
1786940423601 1847828 5096868 1847828
1786940423808 1847828 5096868 1847828
1786940423868 1847828 5096868 1847828
1786940423935 1847828 5096868 1847828
1786940423991 1848092 5096868 1848092
1786940424114 1847352 5096868 1847352
1786940424164 1841432 5096868 1841432
1786940424214 1832336 5096868 1832336
1786940424263 1824144 5096868 1832028
1786940424310 1823332 5096868 1832028
1786940424355 1823332 5096868 1832028
1786940424402 1823584 5096868 1832028
1786940424447 1823584 5096868 1832028
1786940424493 1823584 5096868 1832028
1786940424541 1823584 5096868 1832028
1786940424588 1823584 5096868 1832028
1786940424634 1823584 5096868 1832028
1786940424681 1823584 5096868 1832028
1786940424728 1823584 5096868 1832028
1786940424775 1823584 5096868 1832028
1786940424822 1823584 5096868 1832028
1786940424870 1823584 5096868 1832028
1786940424916 1823584 5096868 1832028
1786940424963 1823584 5096868 1832028
1786940425009 1823584 5096868 1832028
1786940425056 1823584 5096868 1832028
1786940425104 1823584 5096868 1832028
1786940425151 1823584 5096868 1832028
1786940425198 1823584 5096868 1832028
1786940425245 1823584 5096868 1832028
1786940425292 1823584 5096868 1832028
1786940425338 1823584 5096868 1832028
1786940425385 1823584 5096868 1832028
1786940425432 1823584 5096868 1832028
1786940425479 1823584 5096868 1832028
1786940425526 1823584 5096868 1832028
1786940425573 1823584 5096868 1832028
1786940425620 1823584 5096868 1832028
1786940425666 1823584 5096868 1832028
1786940425713 1823584 5096868 1832028
1786940425760 1823584 5096868 1832028
1786940425807 1823584 5096868 1832028
1786940425854 1823584 5096868 1832028
1786940425901 1823584 5096868 1832028
1786940425948 1823584 5096868 1832028
1786940425994 1823584 5096868 1832028
1786940426040 1823584 5096868 1832028
1786940426087 1823584 5096868 1832028
1786940426133 1823584 5096868 1832028
1786940426181 1823584 5096868 1832028
1786940426227 1823584 5096868 1832028
1786940426274 1823584 5096868 1832028
1786940426321 1823584 5096868 1832028
1786940426368 1823584 5096868 1832028
1786940426415 1823584 5096868 1832028
1786940426462 1823584 5096868 1832028
1786940426509 1823584 5096868 1832028
1786940426555 1823584 5096868 1832028
1786940426602 1823584 5096868 1832028
1786940426649 1823584 5096868 1832028
1786940426696 1823584 5096868 1832028
1786940426742 1823584 5096868 1832028
1786940426789 1823584 5096868 1832028
1786940426836 1823584 5096868 1832028
1786940426883 1823584 5096868 1832028
1786940426929 1823584 5096868 1832028
1786940426976 1823584 5096868 1832028
1786940427022 1823584 5096868 1832028
1786940427069 1823584 5096868 1832028
1786940427115 1823584 5096868 1832028
1786940427162 1823584 5096868 1832028
1786940427208 1823584 5096868 1832028
1786940427254 1823584 5096868 1832028
1786940427301 1823584 5096868 1832028
1786940427347 1823584 5096868 1832028
1786940427394 1823584 5096868 1832028
1786940427440 1823584 5096868 1832028
1786940427487 1823584 5096868 1832028
1786940427533 1823584 5096868 1832028
1786940427580 1823584 5096868 1832028
1786940427626 1823584 5096868 1832028
1786940427674 1823584 5096868 1832028
1786940427720 1823584 5096868 1832028
1786940427766 1823584 5096868 1832028
1786940427812 1823584 5096868 1832028
1786940427858 1823584 5096868 1832028
1786940427905 1823584 5096868 1832028
1786940427951 1823584 5096868 1832028
1786940427999 1823584 5096868 1832028
1786940428046 1823584 5096868 1832028
1786940428094 1823584 5096868 1832028
1786940428141 1823584 5096868 1832028
1786940428188 1823584 5096868 1832028
1786940428236 1823584 5096868 1832028
1786940428283 1823584 5096868 1832028
1786940428331 1823584 5096868 1832028
1786940428379 1823584 5096868 1832028
1786940428427 1823584 5096868 1832028
1786940428474 1823584 5096868 1832028
1786940428522 1823584 5096868 1832028
1786940428569 1823584 5096868 1832028
1786940428617 1823584 5096868 1832028
1786940428664 1823584 5096868 1832028
1786940428712 1823584 5096868 1832028
1786940428760 1823584 5096868 1832028
1786940428807 1823584 5096868 1832028
1786940428855 1823584 5096868 1832028
1786940428902 1823584 5096868 1832028
1786940428950 1823584 5096868 1832028
1786940428997 1823584 5096868 1832028
1786940429044 1823584 5096868 1832028
1786940429091 1823584 5096868 1832028
1786940429139 1823584 5096868 1832028
1786940429187 1823584 5096868 1832028
1786940429233 1823584 5096868 1832028
1786940429280 1823584 5096868 1832028
1786940429327 1823584 5096868 1832028
1786940429375 1823584 5096868 1832028
1786940429422 1823584 5096868 1832028
1786940429470 1823584 5096868 1832028
1786940429518 1823584 5096868 1832028
1786940429565 1823584 5096868 1832028
1786940429612 1823584 5096868 1832028
1786940429660 1823584 5096868 1832028
1786940429708 1823584 5096868 1832028
1786940429755 1823584 5096868 1832028
1786940429803 1823584 5096868 1832028
1786940429850 1823584 5096868 1832028
1786940429898 1823584 5096868 1832028
1786940429945 1823584 5096868 1832028
1786940429993 1823584 5096868 1832028
1786940430040 1823584 5096868 1832028
1786940430088 1823584 5096868 1832028
1786940430135 1823584 5096868 1832028
1786940430183 1823584 5096868 1832028
1786940430231 1823584 5096868 1832028
1786940430278 1823584 5096868 1832028
1786940430326 1823584 5096868 1832028
1786940430374 1823584 5096868 1832028
1786940430421 1823584 5096868 1832028
1786940430469 1823584 5096868 1832028
1786940430516 1823584 5096868 1832028
1786940430564 1823584 5096868 1832028
1786940430611 1823584 5096868 1832028
1786940430657 1823584 5096868 1832028
1786940430704 1823584 5096868 1832028
1786940430751 1823584 5096868 1832028
1786940430798 1823584 5096868 1832028
1786940430846 1823584 5096868 1832028
1786940430893 1823584 5096868 1832028
1786940430941 1823584 5096868 1832028
1786940430989 1823584 5096868 1832028
1786940431037 1823584 5096868 1832028
1786940431085 1823584 5096868 1832028
1786940431133 1823584 5096868 1832028
1786940431180 1823584 5096868 1832028
1786940431228 1823584 5096868 1832028
1786940431276 1823584 5096868 1832028
1786940431323 1823584 5096868 1832028
1786940431370 1823584 5096868 1832028
1786940431418 1823584 5096868 1832028
1786940431466 1823584 5096868 1832028
1786940431513 1823584 5096868 1832028
1786940431561 1823584 5096868 1832028
1786940431609 1823584 5096868 1832028
1786940431656 1823584 5096868 1832028
1786940431703 1823584 5096868 1832028
1786940431751 1823584 5096868 1832028
1786940431798 1823584 5096868 1832028
1786940431846 1823584 5096868 1832028
1786940431893 1823584 5096868 1832028
1786940431940 1823584 5096868 1832028
1786940431987 1823584 5096868 1832028
1786940432035 1823584 5096868 1832028
1786940432082 1823584 5096868 1832028
1786940432131 1823584 5096868 1832028
1786940432179 1823584 5096868 1832028
1786940432226 1823584 5096868 1832028
1786940432273 1823584 5096868 1832028
1786940432321 1823584 5096868 1832028
1786940432368 1823584 5096868 1832028
1786940432416 1823584 5096868 1832028
1786940432463 1823584 5096868 1832028
1786940432510 1823584 5096868 1832028
1786940432558 1823584 5096868 1832028
1786940432605 1823584 5096868 1832028
1786940432652 1823584 5096868 1832028
1786940432700 1823584 5096868 1832028
1786940432747 1823584 5096868 1832028
1786940432795 1823584 5096868 1832028
1786940432842 1823584 5096868 1832028
1786940432889 1823584 5096868 1832028
1786940432938 1823584 5096868 1832028
1786940432985 1823584 5096868 1832028
1786940433033 1823584 5096868 1832028
1786940433080 1823584 5096868 1832028
1786940433127 1823584 5096868 1832028
1786940433175 1823584 5096868 1832028
1786940433222 1823584 5096868 1832028
1786940433269 1823584 5096868 1832028
1786940433317 1823584 5096868 1832028
1786940433365 1823584 5096868 1832028
1786940433412 1823584 5096868 1832028
1786940433459 1823584 5096868 1832028
1786940433507 1823584 5096868 1832028
1786940433554 1823584 5096868 1832028
1786940433602 1823584 5096868 1832028
1786940433649 1823584 5096868 1832028
1786940433696 1823584 5096868 1832028
1786940433744 1823584 5096868 1832028
1786940433791 1823584 5096868 1832028
1786940433839 1823584 5096868 1832028
1786940433886 1823584 5096868 1832028
1786940433934 1823584 5096868 1832028
1786940433981 1823584 5096868 1832028
1786940434028 1823584 5096868 1832028
1786940434075 1823584 5096868 1832028
1786940434122 1823584 5096868 1832028
1786940434169 1823584 5096868 1832028
1786940434217 1823584 5096868 1832028
1786940434264 1823584 5096868 1832028
1786940434312 1823584 5096868 1832028
1786940434359 1823584 5096868 1832028
1786940434407 1823584 5096868 1832028
1786940434454 1823584 5096868 1832028
1786940434500 1823584 5096868 1832028
1786940434547 1823584 5096868 1832028
1786940434594 1823584 5096868 1832028
1786940434641 1823584 5096868 1832028
1786940434689 1823584 5096868 1832028
1786940434736 1823584 5096868 1832028
1786940434782 1823584 5096868 1832028
1786940434829 1823584 5096868 1832028
1786940434877 1823584 5096868 1832028
1786940434924 1823584 5096868 1832028
1786940434971 1823584 5096868 1832028
1786940435019 1823584 5096868 1832028
1786940435066 1823584 5096868 1832028
1786940435113 1823584 5096868 1832028
1786940435160 1823584 5096868 1832028
1786940435208 1823584 5096868 1832028
1786940435255 1823584 5096868 1832028
1786940435303 1823584 5096868 1832028
1786940435350 1823584 5096868 1832028
1786940435397 1823584 5096868 1832028
1786940435445 1823584 5096868 1832028
1786940435492 1823584 5096868 1832028
1786940435540 1823584 5096868 1832028
1786940435586 1823584 5096868 1832028
1786940435634 1823584 5096868 1832028
1786940435681 1823584 5096868 1832028
1786940435729 1823584 5096868 1832028
1786940435776 1823584 5096868 1832028
1786940435823 1823584 5096868 1832028
1786940435870 1823584 5096868 1832028
1786940435918 1823584 5096868 1832028
1786940435965 1823584 5096868 1832028
1786940436012 1823584 5096868 1832028
1786940436060 1823584 5096868 1832028
1786940436108 1823584 5096868 1832028
1786940436154 1823584 5096868 1832028
1786940436199 1823584 5096868 1832028
1786940436242 1831784 5096868 1832028
1786940436290 1839896 5096868 1839896
1786940436344 1842180 5096868 1842180
1786940436394 1842264 5096868 1842264
1786940436444 1831112 5096868 1835988
1786940436492 1824744 5096868 1835988
1786940436534 1823584 5096868 1835988
1786940436580 1823584 5096868 1835988
1786940436625 1823584 5096868 1835988
1786940436673 1823584 5096868 1835988
1786940436721 1823584 5096868 1835988
1786940436769 1823584 5096868 1835988
1786940436817 1823584 5096868 1835988
1786940436865 1823584 5096868 1835988
1786940436913 1823584 5096868 1835988
1786940436961 1823584 5096868 1835988
1786940437010 1823584 5096868 1835988
1786940437058 1823584 5096868 1835988
1786940437101 1831784 5096868 1835988
1786940437150 1839896 5096868 1839896
1786940437201 1824356 5096868 1835988
1786940437258 1833992 5096868 1835988
1786940437307 1840152 5096868 1840152
1786940437359 1846808 5096868 1846808
1786940437410 1848344 5096868 1848344
1786940437585 1859940 5096868 1859940
1786940437688 1859940 5096868 1859940
1786940437748 1882324 5096868 1882324
1786940437930 1898500 5096868 1898500
1786940438082 1906696 5096868 1906696
1786940438280 1888552 5096868 1893104
1786940438329 1881936 5096868 1893104
1786940438376 1881936 5096868 1893104
1786940438423 1890136 5096868 1893104
1786940438473 1898248 5096868 1898248
1786940438522 1899716 5096868 1899716
1786940438591 1900616 5096868 1900616
1786940438642 1897816 5096868 1897816
1786940438686 1884952 5096868 1893104
1786940438753 1894856 5096868 1894856
1786940438803 1898460 5096868 1898460
1786940438853 1881936 5096868 1893104
1786940438902 1881940 5096868 1893104
1786940438950 1881940 5096868 1893104
1786940438999 1881940 5096868 1893104
1786940439048 1881940 5096868 1893104
1786940439096 1881940 5096868 1893104
1786940439144 1881940 5096868 1893104
1786940439193 1881940 5096868 1893104
1786940439241 1881940 5096868 1893104
1786940439290 1881940 5096868 1893104
1786940439338 1881940 5096868 1893104
1786940439386 1881940 5096868 1893104
1786940439435 1881940 5096868 1893104
1786940439483 1881940 5096868 1893104
1786940439531 1881940 5096868 1893104
1786940439580 1881940 5096868 1893104
1786940439629 1881940 5096868 1893104
1786940439678 1881940 5096868 1893104
1786940439727 1881940 5096868 1893104
1786940439775 1881940 5096868 1893104
1786940439824 1881940 5096868 1893104
1786940439873 1881940 5096868 1893104
1786940439922 1881940 5096868 1893104
1786940439971 1881940 5096868 1893104
1786940440020 1881940 5096868 1893104
1786940440068 1881940 5096868 1893104
1786940440116 1881940 5096868 1893104
1786940440164 1881940 5096868 1893104
1786940440212 1881940 5096868 1893104
1786940440261 1881940 5096868 1893104
1786940440309 1881940 5096868 1893104
1786940440357 1881940 5096868 1893104
1786940440406 1881940 5096868 1893104
1786940440453 1881940 5096868 1893104
1786940440501 1881940 5096868 1893104
1786940440550 1881940 5096868 1893104
1786940440598 1881940 5096868 1893104
1786940440646 1881940 5096868 1893104
1786940440694 1881940 5096868 1893104
1786940440742 1881940 5096868 1893104
1786940440790 1881940 5096868 1893104
1786940440839 1881940 5096868 1893104
1786940440887 1881940 5096868 1893104
1786940440934 1881940 5096868 1893104
1786940440983 1881940 5096868 1893104
1786940441031 1881940 5096868 1893104
1786940441080 1881940 5096868 1893104
1786940441128 1881940 5096868 1893104
1786940441176 1881940 5096868 1893104
1786940441223 1881940 5096868 1893104
1786940441270 1881940 5096868 1893104
1786940441319 1890476 5096868 1893104
1786940441366 1890476 5096868 1893104
1786940441417 1898588 5096868 1898588
1786940441466 1894740 5096868 1894732
1786940441516 1883208 5096868 1893104
1786940441566 1883208 5096868 1893104
1786940441612 1883208 5096868 1893104
1786940441659 1890504 5096868 1893104
1786940441708 1890504 5096868 1893104
1786940441756 1898588 5096868 1898588
1786940441806 1898588 5096868 1898588
1786940441855 1902304 5096868 1902284
1786940441914 1904988 5096868 1904988
1786940441965 1904988 5096868 1904988
1786940442013 1904988 5096868 1904988
1786940442060 1904988 5096868 1904988
1786940442107 1904988 5096868 1904988
1786940442153 1904988 5096868 1904988
1786940442200 1905500 5096868 1905500
1786940442250 1908772 5096868 1908756
1786940442454 1942196 5096868 1942196
1786940442665 1942196 5096868 1942196
1786940442717 1942196 5096868 1942196
1786940442770 1943588 5096868 1943588
1786940442896 1947580 5096868 1947580
1786940443013 1952084 5096868 1952084
1786940443125 1952084 5096868 1952084
1786940443176 1952084 5096868 1952084
1786940443228 1952084 5096868 1952084
1786940443280 1952084 5096868 1952084
1786940443331 1952084 5096868 1952084
1786940443382 1952084 5096868 1952084
1786940443434 1952084 5096868 1952084
1786940443485 1952084 5096868 1952084
1786940443537 1952084 5096868 1952084
1786940443589 1952084 5096868 1952084
1786940443641 1952084 5096868 1952084
1786940443692 1952084 5096868 1952084
1786940443743 1952084 5096868 1952084
1786940443794 1952084 5096868 1952084
1786940443846 1952084 5096868 1952084
1786940443897 1952084 5096868 1952084
1786940443949 1952084 5096868 1952084
1786940444001 1951444 5096868 1951444
1786940444053 1941068 5096868 1941068
1786940444096 1930716 5096868 1939384
1786940444146 1930020 5096868 1939384
1786940444193 1930020 5096868 1939384
1786940444240 1930020 5096868 1939384
1786940444287 1930020 5096868 1939384
1786940444336 1930020 5096868 1939384
1786940444386 1930020 5096868 1939384
1786940444436 1930020 5096868 1939384
1786940444486 1930020 5096868 1939384
1786940444535 1930020 5096868 1939384
1786940444585 1930020 5096868 1939384
1786940444634 1930020 5096868 1939384
1786940444684 1930020 5096868 1939384
1786940444735 1930020 5096868 1939384
1786940444785 1930020 5096868 1939384
1786940444834 1930020 5096868 1939384
1786940444883 1930020 5096868 1939384
1786940444933 1930020 5096868 1939384
1786940444981 1930020 5096868 1939384
1786940445031 1930020 5096868 1939384
1786940445081 1930020 5096868 1939384
1786940445131 1930020 5096868 1939384
1786940445181 1930020 5096868 1939384
1786940445231 1930020 5096868 1939384
1786940445281 1930020 5096868 1939384
1786940445330 1930020 5096868 1939384
1786940445379 1930020 5096868 1939384
1786940445429 1930020 5096868 1939384
1786940445479 1930020 5096868 1939384
1786940445528 1930020 5096868 1939384
1786940445577 1930020 5096868 1939384
1786940445627 1930020 5096868 1939384
1786940445676 1930020 5096868 1939384
1786940445726 1930020 5096868 1939384
1786940445775 1930020 5096868 1939384
1786940445825 1930020 5096868 1939384
1786940445874 1930020 5096868 1939384
1786940445923 1930020 5096868 1939384
1786940445971 1930020 5096868 1939384
1786940446022 1930020 5096868 1939384
1786940446071 1930020 5096868 1939384
1786940446115 1942512 5096868 1942456
1786940446167 1946412 5096868 1946412
1786940446214 1930280 5096868 1940728
1786940446264 1934796 5096868 1940728
1786940446316 1940428 5096868 1940728
1786940446368 1946588 5096868 1946588
1786940446420 1954012 5096868 1954012
1786940446633 1961920 5096868 1961920
1786940446740 1961920 5096868 1961920
1786940446789 1977064 5096868 1977064
1786940446967 1983472 5096868 1983472
1786940447172 1980584 5096868 1980584
1786940447223 1979844 5096868 1979844
1786940447272 1979844 5096868 1979844
1786940447322 1973852 5096868 1977528
1786940447367 1966592 5096868 1977528
1786940447416 1966592 5096868 1977528
1786940447465 1965444 5096868 1977528
1786940447512 1965444 5096868 1977528
1786940447561 1978144 5096868 1978144
1786940447613 1981836 5096868 1981836
1786940447672 1983676 5096868 1983676
1786940447788 1984124 5096868 1984124
1786940447901 1984012 5096868 1984012
1786940447950 1984012 5096868 1984012
1786940447995 1970336 5096868 1977528
1786940448040 1977728 5096868 1977728
1786940448098 1983040 5096868 1983036
1786940448150 1977364 5096868 1977528
1786940448196 1967736 5096868 1977528
1786940448246 1967736 5096868 1977528
1786940448295 1967736 5096868 1977528
1786940448344 1967736 5096868 1977528
1786940448391 1967736 5096868 1977528
1786940448438 1967736 5096868 1977528
1786940448485 1967736 5096868 1977528
1786940448533 1967736 5096868 1977528
1786940448582 1967736 5096868 1977528
1786940448631 1967736 5096868 1977528
1786940448679 1967736 5096868 1977528
1786940448729 1967736 5096868 1977528
1786940448776 1967736 5096868 1977528
1786940448824 1967736 5096868 1977528
1786940448871 1967736 5096868 1977528
1786940448918 1967736 5096868 1977528
1786940448965 1967736 5096868 1977528
1786940449013 1967736 5096868 1977528
1786940449060 1967736 5096868 1977528
1786940449106 1967736 5096868 1977528
1786940449155 1967736 5096868 1977528
1786940449202 1967736 5096868 1977528
1786940449251 1967736 5096868 1977528
1786940449299 1967736 5096868 1977528
1786940449346 1967736 5096868 1977528
1786940449395 1967736 5096868 1977528
1786940449442 1967736 5096868 1977528
1786940449490 1967736 5096868 1977528
1786940449536 1967736 5096868 1977528
1786940449583 1967736 5096868 1977528
1786940449629 1967736 5096868 1977528
1786940449676 1967736 5096868 1977528
1786940449723 1967736 5096868 1977528
1786940449771 1967736 5096868 1977528
1786940449819 1967736 5096868 1977528
1786940449867 1967736 5096868 1977528
1786940449917 1967736 5096868 1977528
1786940449965 1967736 5096868 1977528
1786940450012 1967736 5096868 1977528
1786940450060 1967736 5096868 1977528
1786940450107 1967736 5096868 1977528
1786940450153 1967736 5096868 1977528
1786940450202 1967736 5096868 1977528
1786940450250 1967736 5096868 1977528
1786940450298 1967736 5096868 1977528
1786940450346 1967736 5096868 1977528
1786940450394 1967736 5096868 1977528
1786940450441 1967736 5096868 1977528
1786940450488 1967736 5096868 1977528
1786940450535 1967736 5096868 1977528
1786940450582 1967736 5096868 1977528
1786940450629 1967736 5096868 1977528
1786940450676 1967736 5096868 1977528
1786940450724 1967736 5096868 1977528
1786940450771 1967736 5096868 1977528
1786940450817 1967736 5096868 1977528
1786940450864 1967736 5096868 1977528
1786940450911 1967736 5096868 1977528
1786940450959 1967736 5096868 1977528
1786940451007 1967736 5096868 1977528
1786940451053 1967736 5096868 1977528
1786940451099 1967736 5096868 1977528
1786940451146 1967736 5096868 1977528
1786940451192 1967736 5096868 1977528
1786940451239 1967736 5096868 1977528
1786940451286 1967736 5096868 1977528
1786940451333 1967736 5096868 1977528
1786940451378 1967736 5096868 1977528
1786940451424 1967736 5096868 1977528
1786940451470 1967736 5096868 1977528
1786940451517 1967736 5096868 1977528
1786940451565 1967736 5096868 1977528
1786940451613 1967736 5096868 1977528
1786940451660 1967736 5096868 1977528
1786940451707 1967736 5096868 1977528
1786940451754 1967736 5096868 1977528
1786940451799 1967736 5096868 1977528
1786940451845 1967736 5096868 1977528
1786940451892 1967736 5096868 1977528
1786940451938 1967736 5096868 1977528
1786940451984 1967736 5096868 1977528
1786940452031 1967736 5096868 1977528
1786940452076 1967736 5096868 1977528
1786940452122 1967736 5096868 1977528
1786940452169 1967736 5096868 1977528
1786940452216 1967736 5096868 1977528
1786940452261 1967736 5096868 1977528
1786940452307 1967736 5096868 1977528
1786940452353 1967736 5096868 1977528
1786940452398 1967736 5096868 1977528
1786940452443 1967736 5096868 1977528
1786940452488 1967736 5096868 1977528
1786940452533 1967736 5096868 1977528
1786940452578 1967736 5096868 1977528
1786940452624 1967736 5096868 1977528
1786940452669 1967736 5096868 1977528
1786940452715 1967736 5096868 1977528
1786940452761 1967736 5096868 1977528
1786940452807 1967736 5096868 1977528
1786940452852 1967736 5096868 1977528
1786940452898 1967736 5096868 1977528
1786940452945 1967736 5096868 1977528
1786940452993 1967736 5096868 1977528
1786940453040 1967736 5096868 1977528
1786940453086 1967736 5096868 1977528
1786940453133 1967736 5096868 1977528
1786940453180 1967736 5096868 1977528
1786940453227 1967736 5096868 1977528
1786940453274 1967736 5096868 1977528
1786940453321 1967736 5096868 1977528
1786940453368 1967736 5096868 1977528
1786940453416 1967736 5096868 1977528
1786940453463 1967736 5096868 1977528
1786940453510 1967736 5096868 1977528
1786940453557 1967736 5096868 1977528
1786940453604 1967736 5096868 1977528
1786940453650 1967736 5096868 1977528
1786940453697 1967736 5096868 1977528
1786940453745 1967736 5096868 1977528
1786940453793 1967736 5096868 1977528
1786940453839 1967736 5096868 1977528
1786940453886 1967736 5096868 1977528
1786940453933 1967736 5096868 1977528
1786940453979 1967736 5096868 1977528
1786940454024 1967736 5096868 1977528
1786940454070 1967736 5096868 1977528
1786940454117 1967736 5096868 1977528
1786940454163 1967736 5096868 1977528
1786940454209 1967736 5096868 1977528
1786940454255 1967736 5096868 1977528
1786940454302 1967736 5096868 1977528
1786940454350 1967736 5096868 1977528
1786940454397 1967736 5096868 1977528
1786940454444 1967736 5096868 1977528
1786940454492 1967736 5096868 1977528
1786940454540 1967736 5096868 1977528
1786940454586 1967736 5096868 1977528
1786940454633 1967736 5096868 1977528
1786940454679 1967736 5096868 1977528
1786940454725 1967736 5096868 1977528
1786940454771 1967736 5096868 1977528
1786940454817 1967736 5096868 1977528
1786940454863 1967736 5096868 1977528
1786940454910 1967736 5096868 1977528
1786940454956 1967736 5096868 1977528
1786940455003 1967736 5096868 1977528
1786940455049 1967736 5096868 1977528
1786940455095 1967736 5096868 1977528
1786940455141 1967736 5096868 1977528
1786940455188 1967736 5096868 1977528
1786940455234 1967736 5096868 1977528
1786940455280 1967736 5096868 1977528
1786940455326 1967736 5096868 1977528
1786940455373 1967736 5096868 1977528
1786940455421 1967736 5096868 1977528
1786940455468 1967736 5096868 1977528
1786940455515 1967736 5096868 1977528
1786940455562 1967736 5096868 1977528
1786940455608 1967736 5096868 1977528
1786940455655 1967736 5096868 1977528
1786940455702 1967736 5096868 1977528
1786940455748 1967736 5096868 1977528
1786940455795 1967736 5096868 1977528
1786940455842 1967736 5096868 1977528
1786940455887 1967736 5096868 1977528
1786940455935 1967736 5096868 1977528
1786940455983 1967736 5096868 1977528
1786940456030 1967736 5096868 1977528
1786940456078 1967736 5096868 1977528
1786940456125 1967736 5096868 1977528
1786940456173 1967736 5096868 1977528
1786940456220 1967736 5096868 1977528
1786940456267 1967736 5096868 1977528
1786940456314 1967736 5096868 1977528
1786940456362 1967736 5096868 1977528
1786940456409 1967736 5096868 1977528
1786940456456 1967736 5096868 1977528
1786940456503 1967736 5096868 1977528
1786940456550 1967736 5096868 1977528
1786940456595 1967736 5096868 1977528
1786940456641 1967736 5096868 1977528
1786940456686 1967736 5096868 1977528
1786940456732 1967736 5096868 1977528
1786940456778 1967736 5096868 1977528
1786940456823 1967736 5096868 1977528
1786940456869 1967736 5096868 1977528
1786940456916 1967736 5096868 1977528
1786940456964 1967736 5096868 1977528
1786940457011 1967736 5096868 1977528
1786940457057 1967736 5096868 1977528
1786940457104 1967736 5096868 1977528
1786940457151 1967736 5096868 1977528
1786940457199 1967736 5096868 1977528
1786940457246 1967736 5096868 1977528
1786940457293 1967736 5096868 1977528
1786940457340 1967736 5096868 1977528
1786940457386 1967736 5096868 1977528
1786940457433 1967736 5096868 1977528
1786940457479 1967736 5096868 1977528
1786940457525 1967736 5096868 1977528
1786940457573 1967736 5096868 1977528
1786940457619 1967736 5096868 1977528
1786940457667 1967736 5096868 1977528
1786940457714 1967736 5096868 1977528
1786940457760 1967736 5096868 1977528
1786940457807 1967736 5096868 1977528
1786940457854 1967736 5096868 1977528
1786940457901 1967736 5096868 1977528
1786940457948 1967736 5096868 1977528
1786940457995 1967736 5096868 1977528
1786940458042 1967736 5096868 1977528
1786940458088 1967736 5096868 1977528
1786940458134 1967736 5096868 1977528
1786940458182 1967736 5096868 1977528
1786940458229 1967736 5096868 1977528
1786940458276 1967736 5096868 1977528
1786940458323 1967736 5096868 1977528
1786940458369 1967736 5096868 1977528
1786940458415 1967736 5096868 1977528
1786940458461 1967736 5096868 1977528
1786940458509 1967736 5096868 1977528
1786940458557 1967736 5096868 1977528
1786940458605 1967736 5096868 1977528
1786940458652 1967736 5096868 1977528
1786940458699 1967736 5096868 1977528
1786940458745 1967736 5096868 1977528
1786940458790 1967736 5096868 1977528
1786940458836 1967736 5096868 1977528
1786940458881 1967736 5096868 1977528
1786940458929 1967736 5096868 1977528
1786940458974 1967736 5096868 1977528
1786940459020 1967736 5096868 1977528
1786940459065 1967736 5096868 1977528
1786940459112 1967736 5096868 1977528
1786940459159 1967736 5096868 1977528
1786940459206 1967736 5096868 1977528
1786940459253 1967736 5096868 1977528
1786940459299 1967736 5096868 1977528
1786940459345 1967736 5096868 1977528
1786940459390 1967736 5096868 1977528
1786940459436 1967736 5096868 1977528
1786940459481 1967736 5096868 1977528
1786940459526 1967736 5096868 1977528
1786940459572 1967736 5096868 1977528
1786940459618 1967736 5096868 1977528
1786940459665 1967736 5096868 1977528
1786940459711 1967736 5096868 1977528
1786940459759 1967736 5096868 1977528
1786940459806 1967736 5096868 1977528
1786940459853 1967736 5096868 1977528
1786940459899 1967736 5096868 1977528
1786940459945 1967736 5096868 1977528
1786940459991 1967736 5096868 1977528
1786940460036 1967736 5096868 1977528
1786940460081 1967736 5096868 1977528
1786940460127 1967736 5096868 1977528
1786940460172 1967736 5096868 1977528
1786940460218 1967736 5096868 1977528
1786940460263 1967736 5096868 1977528
1786940460310 1967736 5096868 1977528
1786940460355 1967736 5096868 1977528
1786940460401 1967736 5096868 1977528
1786940460447 1967736 5096868 1977528
1786940460493 1967736 5096868 1977528
1786940460539 1967736 5096868 1977528
1786940460586 1967736 5096868 1977528
1786940460633 1967736 5096868 1977528
1786940460681 1967736 5096868 1977528
1786940460728 1967736 5096868 1977528
1786940460775 1967736 5096868 1977528
1786940460821 1967736 5096868 1977528
1786940460867 1967736 5096868 1977528
1786940460914 1967736 5096868 1977528
1786940460960 1967736 5096868 1977528
1786940461007 1967736 5096868 1977528
1786940461054 1967736 5096868 1977528
1786940461101 1967736 5096868 1977528
1786940461148 1967736 5096868 1977528
1786940461195 1967736 5096868 1977528
1786940461242 1967736 5096868 1977528
1786940461288 1967736 5096868 1977528
1786940461334 1967736 5096868 1977528
1786940461380 1967736 5096868 1977528
1786940461426 1967736 5096868 1977528
1786940461473 1967736 5096868 1977528
1786940461519 1967736 5096868 1977528
1786940461565 1967736 5096868 1977528
1786940461610 1967736 5096868 1977528
1786940461656 1967736 5096868 1977528
1786940461701 1967736 5096868 1977528
1786940461746 1967736 5096868 1977528
1786940461791 1967736 5096868 1977528
1786940461837 1967736 5096868 1977528
1786940461883 1967736 5096868 1977528
1786940461930 1967736 5096868 1977528
1786940461977 1967736 5096868 1977528
1786940462024 1967736 5096868 1977528
1786940462070 1967736 5096868 1977528
1786940462115 1967736 5096868 1977528
1786940462162 1967736 5096868 1977528
1786940462210 1967736 5096868 1977528
1786940462256 1967736 5096868 1977528
1786940462302 1967736 5096868 1977528
1786940462349 1967736 5096868 1977528
1786940462396 1967736 5096868 1977528
1786940462444 1967736 5096868 1977528
1786940462491 1967736 5096868 1977528
1786940462538 1967736 5096868 1977528
1786940462585 1967736 5096868 1977528
1786940462632 1967736 5096868 1977528
1786940462680 1967736 5096868 1977528
1786940462727 1967736 5096868 1977528
1786940462774 1967736 5096868 1977528
1786940462821 1967736 5096868 1977528
1786940462868 1967736 5096868 1977528
1786940462914 1967736 5096868 1977528
1786940462959 1967736 5096868 1977528
1786940463004 1967736 5096868 1977528
1786940463051 1967736 5096868 1977528
1786940463097 1967736 5096868 1977528
1786940463143 1967736 5096868 1977528
1786940463191 1967736 5096868 1977528
1786940463239 1967736 5096868 1977528
1786940463285 1967736 5096868 1977528
1786940463333 1967736 5096868 1977528
1786940463379 1967736 5096868 1977528
1786940463428 1967736 5096868 1977528
1786940463475 1967736 5096868 1977528
1786940463523 1967736 5096868 1977528
1786940463569 1967736 5096868 1977528
1786940463616 1967736 5096868 1977528
1786940463663 1967736 5096868 1977528
1786940463710 1967736 5096868 1977528
1786940463758 1967736 5096868 1977528
1786940463804 1967736 5096868 1977528
1786940463851 1967736 5096868 1977528
1786940463897 1967736 5096868 1977528
1786940463942 1967736 5096868 1977528
1786940463988 1967736 5096868 1977528
1786940464035 1967736 5096868 1977528
1786940464082 1967736 5096868 1977528
1786940464130 1967736 5096868 1977528
1786940464176 1967736 5096868 1977528
1786940464223 1967736 5096868 1977528
1786940464268 1967736 5096868 1977528
1786940464315 1967736 5096868 1977528
1786940464360 1967736 5096868 1977528
1786940464407 1967736 5096868 1977528
1786940464453 1967736 5096868 1977528
1786940464499 1967736 5096868 1977528
1786940464546 1967736 5096868 1977528
1786940464593 1967736 5096868 1977528
1786940464641 1967736 5096868 1977528
1786940464693 1967736 5096868 1977528
1786940464743 1967736 5096868 1977528
1786940464792 1967736 5096868 1977528
1786940464841 1967736 5096868 1977528
1786940464892 1967736 5096868 1977528
1786940464943 1967736 5096868 1977528
1786940464993 1967736 5096868 1977528
1786940465043 1967736 5096868 1977528
1786940465093 1967736 5096868 1977528
1786940465144 1967736 5096868 1977528
1786940465195 1967736 5096868 1977528
1786940465246 1967736 5096868 1977528
1786940465297 1967736 5096868 1977528
1786940465347 1967736 5096868 1977528
1786940465398 1967736 5096868 1977528
1786940465448 1967736 5096868 1977528
1786940465497 1967736 5096868 1977528
1786940465547 1967736 5096868 1977528
1786940465595 1967736 5096868 1977528
1786940465646 1967736 5096868 1977528
1786940465697 1967736 5096868 1977528
1786940465747 1967736 5096868 1977528
1786940465798 1967736 5096868 1977528
1786940465848 1967736 5096868 1977528
1786940465898 1967736 5096868 1977528
1786940465949 1967736 5096868 1977528
1786940466000 1967736 5096868 1977528
1786940466051 1967736 5096868 1977528
1786940466102 1967736 5096868 1977528
1786940466152 1967736 5096868 1977528
1786940466203 1967736 5096868 1977528
1786940466253 1967736 5096868 1977528
1786940466302 1967736 5096868 1977528
1786940466351 1967736 5096868 1977528
1786940466400 1967736 5096868 1977528
1786940466451 1967736 5096868 1977528
1786940466501 1967736 5096868 1977528
1786940466552 1967736 5096868 1977528
1786940466602 1967736 5096868 1977528
1786940466653 1967736 5096868 1977528
1786940466704 1967736 5096868 1977528
1786940466754 1967736 5096868 1977528
1786940466805 1967736 5096868 1977528
1786940466856 1967736 5096868 1977528
1786940466907 1967736 5096868 1977528
1786940466958 1967736 5096868 1977528
1786940467008 1967736 5096868 1977528
1786940467057 1967736 5096868 1977528
1786940467106 1967736 5096868 1977528
1786940467157 1967736 5096868 1977528
1786940467208 1967736 5096868 1977528
1786940467260 1967736 5096868 1977528
1786940467311 1967736 5096868 1977528
1786940467363 1967736 5096868 1977528
1786940467414 1967736 5096868 1977528
1786940467464 1967736 5096868 1977528
1786940467516 1967736 5096868 1977528
1786940467568 1967736 5096868 1977528
1786940467619 1967736 5096868 1977528
1786940467671 1967736 5096868 1977528
1786940467722 1967736 5096868 1977528
1786940467774 1967736 5096868 1977528
1786940467825 1967736 5096868 1977528
1786940467875 1967736 5096868 1977528
1786940467926 1967736 5096868 1977528
1786940467977 1967736 5096868 1977528
1786940468027 1967736 5096868 1977528
1786940468078 1967736 5096868 1977528
1786940468129 1967736 5096868 1977528
1786940468179 1967736 5096868 1977528
1786940468229 1967736 5096868 1977528
1786940468279 1967736 5096868 1977528
1786940468331 1967736 5096868 1977528
1786940468383 1967736 5096868 1977528
1786940468434 1967736 5096868 1977528
1786940468485 1967736 5096868 1977528
1786940468537 1967736 5096868 1977528
1786940468588 1967736 5096868 1977528
1786940468638 1967736 5096868 1977528
1786940468689 1967736 5096868 1977528
1786940468740 1967736 5096868 1977528
1786940468791 1967736 5096868 1977528
1786940468842 1967736 5096868 1977528
1786940468894 1967736 5096868 1977528
1786940468945 1967736 5096868 1977528
1786940468996 1967736 5096868 1977528
1786940469046 1967736 5096868 1977528
1786940469096 1967736 5096868 1977528
1786940469146 1967736 5096868 1977528
1786940469197 1967736 5096868 1977528
1786940469248 1967736 5096868 1977528
1786940469298 1967736 5096868 1977528
1786940469349 1967736 5096868 1977528
1786940469398 1967736 5096868 1977528
1786940469450 1967736 5096868 1977528
1786940469500 1967736 5096868 1977528
1786940469552 1967736 5096868 1977528
1786940469603 1967736 5096868 1977528
1786940469654 1967736 5096868 1977528
1786940469706 1967736 5096868 1977528
1786940469757 1967736 5096868 1977528
1786940469807 1967736 5096868 1977528
1786940469859 1967736 5096868 1977528
1786940469911 1967736 5096868 1977528
1786940469963 1967736 5096868 1977528
1786940470015 1967736 5096868 1977528
1786940470066 1967736 5096868 1977528
1786940470118 1967736 5096868 1977528
1786940470168 1967736 5096868 1977528
1786940470218 1967736 5096868 1977528
1786940470268 1967736 5096868 1977528
1786940470319 1967736 5096868 1977528
1786940470370 1967736 5096868 1977528
1786940470420 1967736 5096868 1977528
1786940470470 1967736 5096868 1977528
1786940470521 1967736 5096868 1977528
1786940470571 1967736 5096868 1977528
1786940470620 1967736 5096868 1977528
1786940470670 1975984 5096868 1977528
1786940470719 1975984 5096868 1977528
1786940470769 1984128 5096868 1984128
1786940470934 1984128 5096868 1984128
1786940470981 1984128 5096868 1984128
1786940471031 1984128 5096868 1984128
1786940471081 1979456 5096868 1979428
1786940471130 1975952 5096868 1978136
1786940471181 1984216 5096868 1984216
1786940471297 1984256 5096868 1984256
1786940471406 1984320 5096868 1984320
1786940471516 1984320 5096868 1984320
1786940471566 1976384 5096868 1980124
1786940471612 1975996 5096868 1980124
1786940471662 1984128 5096868 1984128
1786940471714 1985032 5096868 1985032
1786940471826 1986356 5096868 1986356
1786940471948 1986496 5096868 1986496
1786940472152 1986624 5096868 1986624
1786940472260 1986624 5096868 1986624
1786940472310 1986624 5096868 1986624
1786940472362 1986624 5096868 1986624
1786940472415 1986624 5096868 1986624
1786940472468 1986624 5096868 1986624
1786940472521 1987184 5096868 1987184
1786940472639 1992324 5096868 1992324
1786940472757 1992704 5096868 1992704
1786940472874 1992704 5096868 1992704
1786940472923 1992704 5096868 1992704
1786940472975 1992704 5096868 1992704
1786940473027 1992704 5096868 1992704
1786940473079 1992704 5096868 1992704
1786940473132 1992704 5096868 1992704
1786940473191 1992704 5096868 1992704
1786940473250 1992704 5096868 1992704
1786940473316 1994752 5096868 1994752
1786940473505 1999900 5096868 1999900
1786940473613 2001916 5096868 2001908
1786940473734 2013780 5096868 2013780
1786940473846 2013780 5096868 2013780
1786940473899 2013780 5096868 2013780
1786940473963 2013780 5096868 2013780
1786940474017 2013780 5096868 2013780
1786940474071 2013780 5096868 2013780
1786940474129 2013780 5096868 2013780
1786940474184 2013040 5096868 2013040
1786940474236 2010080 5096868 2010080
1786940474288 2001940 5096868 2002516
1786940474338 1990552 5096868 2002516
1786940474388 1989020 5096868 2002516
1786940474437 1990464 5096868 2002516
1786940474485 1990464 5096868 2002516
1786940474535 1990464 5096868 2002516
1786940474584 1990464 5096868 2002516
1786940474634 1990464 5096868 2002516
1786940474683 1990464 5096868 2002516
1786940474732 1990464 5096868 2002516
1786940474781 1990464 5096868 2002516
1786940474830 1990464 5096868 2002516
1786940474879 1990464 5096868 2002516
1786940474929 1990464 5096868 2002516
1786940474978 1990464 5096868 2002516
1786940475027 1990464 5096868 2002516
1786940475076 1990464 5096868 2002516
1786940475126 1990464 5096868 2002516
1786940475175 1990464 5096868 2002516
1786940475225 1990464 5096868 2002516
1786940475274 1990464 5096868 2002516
1786940475323 1990464 5096868 2002516
1786940475372 1990464 5096868 2002516
1786940475421 1990464 5096868 2002516
1786940475470 1990464 5096868 2002516
1786940475519 1990464 5096868 2002516
1786940475568 1990464 5096868 2002516
1786940475618 1990464 5096868 2002516
1786940475668 1990464 5096868 2002516
1786940475717 1990464 5096868 2002516
1786940475767 1990464 5096868 2002516
1786940475817 1990464 5096868 2002516
1786940475866 1990464 5096868 2002516
1786940475915 1990464 5096868 2002516
1786940475965 1990464 5096868 2002516
1786940476014 1990464 5096868 2002516
1786940476064 1990464 5096868 2002516
1786940476113 1990464 5096868 2002516
1786940476162 1990464 5096868 2002516
1786940476212 1990464 5096868 2002516
1786940476261 1990464 5096868 2002516
1786940476310 1990464 5096868 2002516
1786940476359 1990464 5096868 2002516
1786940476409 1990464 5096868 2002516
1786940476457 1990464 5096868 2002516
1786940476507 1990464 5096868 2002516
1786940476556 1990464 5096868 2002516
1786940476605 1990464 5096868 2002516
1786940476655 1990464 5096868 2002516
1786940476704 1990464 5096868 2002516
1786940476755 1990464 5096868 2002516
1786940476804 1990464 5096868 2002516
1786940476852 1990464 5096868 2002516
1786940476900 1990464 5096868 2002516
1786940476949 1990464 5096868 2002516
1786940476997 1990464 5096868 2002516
1786940477047 1990464 5096868 2002516
1786940477097 1990464 5096868 2002516
1786940477146 1990464 5096868 2002516
1786940477196 1990464 5096868 2002516
1786940477245 1990464 5096868 2002516
1786940477294 1990464 5096868 2002516
1786940477344 1990464 5096868 2002516
1786940477393 1990464 5096868 2002516
1786940477442 1990464 5096868 2002516
1786940477491 1990464 5096868 2002516
1786940477541 1990464 5096868 2002516
1786940477590 1990464 5096868 2002516
1786940477639 1990464 5096868 2002516
1786940477688 1990464 5096868 2002516
1786940477737 1990464 5096868 2002516
1786940477785 1990464 5096868 2002516
1786940477835 1990464 5096868 2002516
1786940477885 1990464 5096868 2002516
1786940477936 1990464 5096868 2002516
1786940477985 1990464 5096868 2002516
1786940478036 1990464 5096868 2002516
1786940478085 1990464 5096868 2002516
1786940478135 1990464 5096868 2002516
1786940478184 1990464 5096868 2002516
1786940478234 1990464 5096868 2002516
1786940478283 1990464 5096868 2002516
1786940478333 1990464 5096868 2002516
1786940478382 1990464 5096868 2002516
1786940478432 1990464 5096868 2002516
1786940478481 1990464 5096868 2002516
1786940478530 1990464 5096868 2002516
1786940478580 1990464 5096868 2002516
1786940478630 1990464 5096868 2002516
1786940478680 1990464 5096868 2002516
1786940478730 1990464 5096868 2002516
1786940478780 1990464 5096868 2002516
1786940478830 1990464 5096868 2002516
1786940478880 1990464 5096868 2002516
1786940478930 1990464 5096868 2002516
1786940478980 1990464 5096868 2002516
1786940479030 1990464 5096868 2002516
1786940479080 1990464 5096868 2002516
1786940479129 1990464 5096868 2002516
1786940479179 1990464 5096868 2002516
1786940479228 1990464 5096868 2002516
1786940479277 1990464 5096868 2002516
1786940479325 1990464 5096868 2002516
1786940479374 1990464 5096868 2002516
1786940479422 1990464 5096868 2002516
1786940479471 1990464 5096868 2002516
1786940479520 1990464 5096868 2002516
1786940479569 1990464 5096868 2002516
1786940479618 1990464 5096868 2002516
1786940479667 1990464 5096868 2002516
1786940479716 1990464 5096868 2002516
1786940479765 1990464 5096868 2002516
1786940479814 1990464 5096868 2002516
1786940479862 1990464 5096868 2002516
1786940479911 1990464 5096868 2002516
1786940479960 1990464 5096868 2002516
1786940480009 1990464 5096868 2002516
1786940480059 1990464 5096868 2002516
1786940480108 1990464 5096868 2002516
1786940480156 1990464 5096868 2002516
1786940480205 1990464 5096868 2002516
1786940480255 1990464 5096868 2002516
1786940480304 1990464 5096868 2002516
1786940480352 1990464 5096868 2002516
1786940480401 1990464 5096868 2002516
1786940480450 1990464 5096868 2002516
1786940480499 1990464 5096868 2002516
1786940480548 1990464 5096868 2002516
1786940480597 1990464 5096868 2002516
1786940480645 1990464 5096868 2002516
1786940480695 1990464 5096868 2002516
1786940480744 1990464 5096868 2002516
1786940480794 1990464 5096868 2002516
1786940480843 1990464 5096868 2002516
1786940480893 1990464 5096868 2002516
1786940480942 1990464 5096868 2002516
1786940480992 1990464 5096868 2002516
1786940481041 1990464 5096868 2002516
1786940481091 1990464 5096868 2002516
1786940481140 1990464 5096868 2002516
1786940481190 1990464 5096868 2002516
1786940481239 1990464 5096868 2002516
1786940481289 1990464 5096868 2002516
1786940481339 1990464 5096868 2002516
1786940481388 1990464 5096868 2002516
1786940481438 1990464 5096868 2002516
1786940481487 1990464 5096868 2002516
1786940481537 1990464 5096868 2002516
1786940481586 1990464 5096868 2002516
1786940481636 1990464 5096868 2002516
1786940481685 1990464 5096868 2002516
1786940481734 1990464 5096868 2002516
1786940481784 1990464 5096868 2002516
1786940481832 1990464 5096868 2002516
1786940481882 1990464 5096868 2002516
1786940481932 1990464 5096868 2002516
1786940481981 1990464 5096868 2002516
1786940482029 1990464 5096868 2002516
1786940482078 1990464 5096868 2002516
1786940482128 1990464 5096868 2002516
1786940482178 1990464 5096868 2002516
1786940482227 1990464 5096868 2002516
1786940482277 1990464 5096868 2002516
1786940482327 1990464 5096868 2002516
1786940482376 1990464 5096868 2002516
1786940482425 1990464 5096868 2002516
1786940482475 1990464 5096868 2002516
1786940482525 1990464 5096868 2002516
1786940482574 1990464 5096868 2002516
1786940482624 1990464 5096868 2002516
1786940482673 1990464 5096868 2002516
1786940482722 1990464 5096868 2002516
1786940482772 1990464 5096868 2002516
1786940482821 1990464 5096868 2002516
1786940482870 1990464 5096868 2002516
1786940482920 1990464 5096868 2002516
1786940482969 1990464 5096868 2002516
1786940483018 1990464 5096868 2002516
1786940483067 1990464 5096868 2002516
1786940483117 1990464 5096868 2002516
1786940483166 1990464 5096868 2002516
1786940483216 1990464 5096868 2002516
1786940483264 1990464 5096868 2002516
1786940483313 1990464 5096868 2002516
1786940483363 1990464 5096868 2002516
1786940483411 1990464 5096868 2002516
1786940483461 1990464 5096868 2002516
1786940483510 1990464 5096868 2002516
1786940483560 1990464 5096868 2002516
1786940483610 1990464 5096868 2002516
1786940483659 1990464 5096868 2002516
1786940483709 1990464 5096868 2002516
1786940483759 1990464 5096868 2002516
1786940483808 1990464 5096868 2002516
1786940483858 1990464 5096868 2002516
1786940483907 1990464 5096868 2002516
1786940483957 1990464 5096868 2002516
1786940484006 1990464 5096868 2002516
1786940484056 1990464 5096868 2002516
1786940484105 1990464 5096868 2002516
1786940484154 1990464 5096868 2002516
1786940484203 1990464 5096868 2002516
1786940484252 1990464 5096868 2002516
1786940484302 1990464 5096868 2002516
1786940484352 1990464 5096868 2002516
1786940484402 1990464 5096868 2002516
1786940484451 1990464 5096868 2002516
1786940484500 1990464 5096868 2002516
1786940484549 1990464 5096868 2002516
1786940484598 1990464 5096868 2002516
1786940484648 1990464 5096868 2002516
1786940484697 1990464 5096868 2002516
1786940484747 1990464 5096868 2002516
1786940484796 1990464 5096868 2002516
1786940484846 1990464 5096868 2002516
1786940484896 1990464 5096868 2002516
1786940484945 1990464 5096868 2002516
1786940484995 1990464 5096868 2002516
1786940485044 1990464 5096868 2002516
1786940485094 1990464 5096868 2002516
1786940485144 1990464 5096868 2002516
1786940485194 1990464 5096868 2002516
1786940485243 1990464 5096868 2002516
1786940485293 1990464 5096868 2002516
1786940485343 1990464 5096868 2002516
1786940485392 1990464 5096868 2002516
1786940485442 1990464 5096868 2002516
1786940485491 1990464 5096868 2002516
1786940485540 1990464 5096868 2002516
1786940485590 1990464 5096868 2002516
1786940485640 1990464 5096868 2002516
1786940485690 1990464 5096868 2002516
1786940485740 1990464 5096868 2002516
1786940485789 1990464 5096868 2002516
1786940485839 1990464 5096868 2002516
1786940485889 1990464 5096868 2002516
1786940485939 1990464 5096868 2002516
1786940485989 1990464 5096868 2002516
1786940486038 1990464 5096868 2002516
1786940486088 1990464 5096868 2002516
1786940486137 1990464 5096868 2002516
1786940486186 1998664 5096868 2002516
1786940486236 2006776 5096868 2006776
1786940486287 2008484 5096868 2008484
1786940486340 2009144 5096868 2009144
1786940486393 2006344 5096868 2006344
1786940486440 1990464 5096868 2002516
1786940486491 1990592 5096868 2002516
1786940486540 1990592 5096868 2002516
1786940486591 1990592 5096868 2002516
1786940486642 1990592 5096868 2002516
1786940486693 1990592 5096868 2002516
1786940486744 1990592 5096868 2002516
1786940486794 1990592 5096868 2002516
1786940486845 1990592 5096868 2002516
1786940486895 1990592 5096868 2002516
1786940486945 1990592 5096868 2002516
1786940486995 1990592 5096868 2002516
1786940487046 1998792 5096868 2002516
1786940487097 2006904 5096868 2006904
1786940487150 1992644 5096868 2004060
1786940487201 2000560 5096868 2004060
1786940487252 2007160 5096868 2007160
1786940487306 2013560 5096868 2013560
1786940487366 2015352 5096868 2015352
1786940487557 2015408 5096868 2015408
1786940487665 2023748 5096868 2023748
1786940487832 2035516 5096868 2035516
1786940488055 2036936 5096868 2036936
1786940488181 2027316 5096868 2027316
1786940488234 2016740 5096868 2024300
1786940488280 2012176 5096868 2024300
1786940488329 2012176 5096868 2024300
1786940488378 2020376 5096868 2024300
1786940488430 2028488 5096868 2028488
1786940488483 2030460 5096868 2030460
1786940488537 2030856 5096868 2030856
1786940488590 2030336 5096868 2030336
1786940488636 2014236 5096868 2024300
1786940488690 2022584 5096868 2024300
1786940488755 2028400 5096868 2028400
1786940488807 2021280 5096868 2024300
1786940488854 2012152 5096868 2024300
1786940488904 2012156 5096868 2024300
1786940488956 2012156 5096868 2024300
1786940489006 2012156 5096868 2024300
1786940489057 2012156 5096868 2024300
1786940489108 2012156 5096868 2024300
1786940489158 2012156 5096868 2024300
1786940489209 2012156 5096868 2024300
1786940489260 2012156 5096868 2024300
1786940489311 2012156 5096868 2024300
1786940489362 2012156 5096868 2024300
1786940489413 2012156 5096868 2024300
1786940489464 2012156 5096868 2024300
1786940489514 2012156 5096868 2024300
1786940489565 2012156 5096868 2024300
1786940489616 2012156 5096868 2024300
1786940489666 2012156 5096868 2024300
1786940489715 2012156 5096868 2024300
1786940489766 2012156 5096868 2024300
1786940489817 2012156 5096868 2024300
1786940489868 2012156 5096868 2024300
1786940489919 2012156 5096868 2024300
1786940489970 2012156 5096868 2024300
1786940490020 2012156 5096868 2024300
1786940490071 2012156 5096868 2024300
1786940490121 2012156 5096868 2024300
1786940490170 2012156 5096868 2024300
1786940490220 2012156 5096868 2024300
1786940490270 2012156 5096868 2024300
1786940490320 2012156 5096868 2024300
1786940490370 2012156 5096868 2024300
1786940490419 2012156 5096868 2024300
1786940490469 2012156 5096868 2024300
1786940490518 2012156 5096868 2024300
1786940490568 2012156 5096868 2024300
1786940490618 2012156 5096868 2024300
1786940490668 2012156 5096868 2024300
1786940490718 2012156 5096868 2024300
1786940490768 2012156 5096868 2024300
1786940490818 2012156 5096868 2024300
1786940490868 2012156 5096868 2024300
1786940490918 2012156 5096868 2024300
1786940490967 2012156 5096868 2024300
1786940491018 2012156 5096868 2024300
1786940491068 2012156 5096868 2024300
1786940491118 2012156 5096868 2024300
1786940491170 2012156 5096868 2024300
1786940491219 2012156 5096868 2024300
1786940491270 2012156 5096868 2024300
1786940491320 2020388 5096868 2024300
1786940491369 2020388 5096868 2024300
1786940491421 2028532 5096868 2028532
1786940491473 2021948 5096868 2024300
1786940491523 2020448 5096868 2024300
1786940491574 2020448 5096868 2024300
1786940491624 2028532 5096868 2028532
1786940491674 2028532 5096868 2028532
1786940491725 2032624 5096868 2032624
1786940491776 2034932 5096868 2034932
1786940491829 2034932 5096868 2034932
1786940491882 2035316 5096868 2035316
1786940491937 2054612 5096868 2054608
1786940492117 2061504 5096868 2061504
1786940492227 2061504 5096868 2061504
1786940492280 2061504 5096868 2061504
1786940492333 2061504 5096868 2061504
1786940492386 2061504 5096868 2061504
1786940492440 2061512 5096868 2061512
1786940492558 2065132 5096868 2065128
1786940492713 2072556 5096868 2072556
1786940492831 2072556 5096868 2072556
1786940492885 2072556 5096868 2072556
1786940492939 2072556 5096868 2072556
1786940492990 2072556 5096868 2072556
1786940493043 2072556 5096868 2072556
1786940493095 2072556 5096868 2072556
1786940493148 2072556 5096868 2072556
1786940493201 2072556 5096868 2072556
1786940493256 2072556 5096868 2072556
1786940493309 2072556 5096868 2072556
1786940493361 2072556 5096868 2072556
1786940493414 2072556 5096868 2072556
1786940493468 2072556 5096868 2072556
1786940493521 2072556 5096868 2072556
1786940493575 2072556 5096868 2072556
1786940493629 2072556 5096868 2072556
1786940493683 2068224 5096868 2068224
1786940493735 2053616 5096868 2059100
1786940493785 2048524 5096868 2059100
1786940493836 2048524 5096868 2059100
1786940493885 2048524 5096868 2059100
1786940493933 2049844 5096868 2059100
1786940493982 2049844 5096868 2059100
1786940494033 2049844 5096868 2059100
1786940494084 2049844 5096868 2059100
1786940494136 2049844 5096868 2059100
1786940494187 2049844 5096868 2059100
1786940494238 2049844 5096868 2059100
1786940494289 2049844 5096868 2059100
1786940494340 2049844 5096868 2059100
1786940494391 2049844 5096868 2059100
1786940494442 2049844 5096868 2059100
1786940494493 2049844 5096868 2059100
1786940494544 2049844 5096868 2059100
1786940494595 2049844 5096868 2059100
1786940494646 2049844 5096868 2059100
1786940494698 2049844 5096868 2059100
1786940494749 2049844 5096868 2059100
1786940494800 2049844 5096868 2059100
1786940494851 2049844 5096868 2059100
1786940494902 2049844 5096868 2059100
1786940494953 2049844 5096868 2059100
1786940495005 2049844 5096868 2059100
1786940495056 2049844 5096868 2059100
1786940495107 2049844 5096868 2059100
1786940495159 2049844 5096868 2059100
1786940495210 2049844 5096868 2059100
1786940495261 2049844 5096868 2059100
1786940495313 2049844 5096868 2059100
1786940495364 2049844 5096868 2059100
1786940495415 2049844 5096868 2059100
1786940495466 2049844 5096868 2059100
1786940495517 2049844 5096868 2059100
1786940495568 2049844 5096868 2059100
1786940495619 2049844 5096868 2059100
1786940495672 2049844 5096868 2059100
1786940495722 2058044 5096868 2059100
1786940495773 2066156 5096868 2066156
1786940495825 2064868 5096868 2064860
1786940495873 2050104 5096868 2063204
1786940495940 2059372 5096868 2063204
1786940495992 2066412 5096868 2066412
1786940496049 2073604 5096868 2073584
1786940496236 2076964 5096868 2076964
1786940496347 2076964 5096868 2076964
1786940496397 2076964 5096868 2076964
1786940496450 2080572 5096868 2080572
1786940496577 2080572 5096868 2080572
1786940496637 2082396 5096868 2082396
1786940496783 2081656 5096868 2081656
1786940496832 2081656 5096868 2081656
1786940496884 2078696 5096868 2078696
1786940496940 2071296 5096868 2071296
1786940496993 2060648 5096868 2070920
1786940497040 2057636 5096868 2070920
1786940497090 2057636 5096868 2070920
1786940497140 2065836 5096868 2070920
1786940497192 2073948 5096868 2073948
1786940497249 2076136 5096868 2076136
1786940497305 2076316 5096868 2076316
1786940497360 2074636 5096868 2074636
1786940497414 2058460 5096868 2070920
1786940497461 2063580 5096868 2070920
1786940497523 2073436 5096868 2073436
1786940497576 2074196 5096868 2074196
1786940497623 2057636 5096868 2070920
1786940497675 2057636 5096868 2070920
1786940497725 2057644 5096868 2070920
1786940497775 2057644 5096868 2070920
1786940497823 2057644 5096868 2070920
1786940497872 2057644 5096868 2070920
1786940497920 2057644 5096868 2070920
1786940497968 2057644 5096868 2070920
1786940498016 2057644 5096868 2070920
1786940498064 2057644 5096868 2070920
1786940498112 2057644 5096868 2070920
1786940498161 2057644 5096868 2070920
1786940498211 2057644 5096868 2070920
1786940498259 2057644 5096868 2070920
1786940498307 2057644 5096868 2070920
1786940498355 2057644 5096868 2070920
1786940498405 2057644 5096868 2070920
1786940498455 2057644 5096868 2070920
1786940498503 2057644 5096868 2070920
1786940498553 2057644 5096868 2070920
1786940498603 2057644 5096868 2070920
1786940498653 2057644 5096868 2070920
1786940498703 2057644 5096868 2070920
1786940498752 2057644 5096868 2070920
1786940498803 2057644 5096868 2070920
1786940498851 2057644 5096868 2070920
1786940498900 2057644 5096868 2070920
1786940498949 2057644 5096868 2070920
1786940498999 2057644 5096868 2070920
1786940499048 2057644 5096868 2070920
1786940499097 2057644 5096868 2070920
1786940499147 2057644 5096868 2070920
1786940499195 2057644 5096868 2070920
1786940499244 2057644 5096868 2070920
1786940499293 2057644 5096868 2070920
1786940499343 2057644 5096868 2070920
1786940499393 2057644 5096868 2070920
1786940499442 2057644 5096868 2070920
1786940499490 2057644 5096868 2070920
1786940499538 2057644 5096868 2070920
1786940499587 2057644 5096868 2070920
1786940499636 2057644 5096868 2070920
1786940499685 2057644 5096868 2070920
1786940499733 2057644 5096868 2070920
1786940499783 2057644 5096868 2070920
1786940499833 2057644 5096868 2070920
1786940499882 2057644 5096868 2070920
1786940499931 2057644 5096868 2070920
1786940499979 2057644 5096868 2070920
1786940500029 2057644 5096868 2070920
1786940500078 2057644 5096868 2070920
1786940500127 2057644 5096868 2070920
1786940500176 2057644 5096868 2070920
1786940500224 2057644 5096868 2070920
1786940500273 2057644 5096868 2070920
1786940500320 2057644 5096868 2070920
1786940500368 2057644 5096868 2070920
1786940500416 2057644 5096868 2070920
1786940500466 2057644 5096868 2070920
1786940500516 2057644 5096868 2070920
1786940500565 2057644 5096868 2070920
1786940500613 2057644 5096868 2070920
1786940500661 2057644 5096868 2070920
1786940500710 2057644 5096868 2070920
1786940500759 2057644 5096868 2070920
1786940500808 2057644 5096868 2070920
1786940500857 2057644 5096868 2070920
1786940500906 2057644 5096868 2070920
1786940500956 2057644 5096868 2070920
1786940501004 2057644 5096868 2070920
1786940501054 2057644 5096868 2070920
1786940501102 2057644 5096868 2070920
1786940501151 2057644 5096868 2070920
1786940501199 2057644 5096868 2070920
1786940501249 2057644 5096868 2070920
1786940501298 2057644 5096868 2070920
1786940501347 2057644 5096868 2070920
1786940501395 2057644 5096868 2070920
1786940501443 2057644 5096868 2070920
1786940501491 2057644 5096868 2070920
1786940501539 2057644 5096868 2070920
1786940501587 2057644 5096868 2070920
1786940501635 2057644 5096868 2070920
1786940501685 2057644 5096868 2070920
1786940501734 2057644 5096868 2070920
1786940501782 2057644 5096868 2070920
1786940501831 2057644 5096868 2070920
1786940501879 2057644 5096868 2070920
1786940501927 2057644 5096868 2070920
1786940501975 2057644 5096868 2070920
1786940502024 2057644 5096868 2070920
1786940502073 2057644 5096868 2070920
1786940502121 2057644 5096868 2070920
1786940502170 2057644 5096868 2070920
1786940502219 2057644 5096868 2070920
1786940502268 2057644 5096868 2070920
1786940502317 2057644 5096868 2070920
1786940502366 2057644 5096868 2070920
1786940502415 2057644 5096868 2070920
1786940502463 2057644 5096868 2070920
1786940502513 2057644 5096868 2070920
1786940502562 2057644 5096868 2070920
1786940502611 2057644 5096868 2070920
1786940502659 2057644 5096868 2070920
1786940502707 2057644 5096868 2070920
1786940502755 2057644 5096868 2070920
1786940502803 2057644 5096868 2070920
1786940502851 2057644 5096868 2070920
1786940502899 2057644 5096868 2070920
1786940502949 2057644 5096868 2070920
1786940502998 2057644 5096868 2070920
1786940503047 2057644 5096868 2070920
1786940503095 2057644 5096868 2070920
1786940503142 2057644 5096868 2070920
1786940503190 2057644 5096868 2070920
1786940503238 2057644 5096868 2070920
1786940503285 2057644 5096868 2070920
1786940503333 2057644 5096868 2070920
1786940503380 2057644 5096868 2070920
1786940503428 2057644 5096868 2070920
1786940503476 2057644 5096868 2070920
1786940503524 2057644 5096868 2070920
1786940503573 2057644 5096868 2070920
1786940503623 2057644 5096868 2070920
1786940503672 2057644 5096868 2070920
1786940503721 2057644 5096868 2070920
1786940503769 2057644 5096868 2070920
1786940503820 2057644 5096868 2070920
1786940503869 2057644 5096868 2070920
1786940503917 2057644 5096868 2070920
1786940503965 2057644 5096868 2070920
1786940504013 2057644 5096868 2070920
1786940504062 2057644 5096868 2070920
1786940504112 2057644 5096868 2070920
1786940504161 2057644 5096868 2070920
1786940504210 2057644 5096868 2070920
1786940504259 2057644 5096868 2070920
1786940504307 2057644 5096868 2070920
1786940504355 2057644 5096868 2070920
1786940504403 2057644 5096868 2070920
1786940504451 2057644 5096868 2070920
1786940504501 2057644 5096868 2070920
1786940504550 2057644 5096868 2070920
1786940504599 2057644 5096868 2070920
1786940504647 2057644 5096868 2070920
1786940504695 2057644 5096868 2070920
1786940504744 2057644 5096868 2070920
1786940504792 2057644 5096868 2070920
1786940504841 2057644 5096868 2070920
1786940504890 2057644 5096868 2070920
1786940504938 2057644 5096868 2070920
1786940504986 2057644 5096868 2070920
1786940505034 2057644 5096868 2070920
1786940505081 2057644 5096868 2070920
1786940505129 2057644 5096868 2070920
1786940505177 2057644 5096868 2070920
1786940505224 2057644 5096868 2070920
1786940505272 2057644 5096868 2070920
1786940505319 2057644 5096868 2070920
1786940505367 2057644 5096868 2070920
1786940505414 2057644 5096868 2070920
1786940505462 2057644 5096868 2070920
1786940505510 2057644 5096868 2070920
1786940505557 2057644 5096868 2070920
1786940505605 2057644 5096868 2070920
1786940505652 2057644 5096868 2070920
1786940505700 2057644 5096868 2070920
1786940505747 2057644 5096868 2070920
1786940505794 2057644 5096868 2070920
1786940505842 2057644 5096868 2070920
1786940505888 2057644 5096868 2070920
1786940505936 2057644 5096868 2070920
1786940505984 2057644 5096868 2070920
1786940506032 2057644 5096868 2070920
1786940506080 2057644 5096868 2070920
1786940506129 2057644 5096868 2070920
1786940506178 2057644 5096868 2070920
1786940506226 2057644 5096868 2070920
1786940506275 2057644 5096868 2070920
1786940506323 2057644 5096868 2070920
1786940506372 2057644 5096868 2070920
1786940506421 2057644 5096868 2070920
1786940506470 2057644 5096868 2070920
1786940506519 2057644 5096868 2070920
1786940506567 2057644 5096868 2070920
1786940506616 2057644 5096868 2070920
1786940506664 2057644 5096868 2070920
1786940506713 2057644 5096868 2070920
1786940506761 2057644 5096868 2070920
1786940506809 2057644 5096868 2070920
1786940506857 2057644 5096868 2070920
1786940506907 2057644 5096868 2070920
1786940506956 2057644 5096868 2070920
1786940507004 2057644 5096868 2070920
1786940507053 2057644 5096868 2070920
1786940507101 2057644 5096868 2070920
1786940507149 2057644 5096868 2070920
1786940507196 2057644 5096868 2070920
1786940507245 2057644 5096868 2070920
1786940507294 2057644 5096868 2070920
1786940507341 2057644 5096868 2070920
1786940507388 2057644 5096868 2070920
1786940507436 2057644 5096868 2070920
1786940507483 2057644 5096868 2070920
1786940507530 2057644 5096868 2070920
1786940507578 2057644 5096868 2070920
1786940507626 2057644 5096868 2070920
1786940507674 2057644 5096868 2070920
1786940507721 2057644 5096868 2070920
1786940507768 2057644 5096868 2070920
1786940507816 2057644 5096868 2070920
1786940507864 2057644 5096868 2070920
1786940507912 2057644 5096868 2070920
1786940507959 2057644 5096868 2070920
1786940508006 2057644 5096868 2070920
1786940508054 2057644 5096868 2070920
1786940508102 2057644 5096868 2070920
1786940508150 2057644 5096868 2070920
1786940508197 2057644 5096868 2070920
1786940508246 2057644 5096868 2070920
1786940508293 2057644 5096868 2070920
1786940508341 2057644 5096868 2070920
1786940508388 2057644 5096868 2070920
1786940508436 2057644 5096868 2070920
1786940508483 2057644 5096868 2070920
1786940508530 2057644 5096868 2070920
1786940508578 2057644 5096868 2070920
1786940508626 2057644 5096868 2070920
1786940508675 2057644 5096868 2070920
1786940508722 2057644 5096868 2070920
1786940508769 2057644 5096868 2070920
1786940508816 2057644 5096868 2070920
1786940508864 2057644 5096868 2070920
1786940508912 2057644 5096868 2070920
1786940508959 2057644 5096868 2070920
1786940509008 2057644 5096868 2070920
1786940509055 2057644 5096868 2070920
1786940509103 2057644 5096868 2070920
1786940509150 2057644 5096868 2070920
1786940509199 2057644 5096868 2070920
1786940509246 2057644 5096868 2070920
1786940509295 2057644 5096868 2070920
1786940509343 2057644 5096868 2070920
1786940509392 2057644 5096868 2070920
1786940509440 2057644 5096868 2070920
1786940509487 2057644 5096868 2070920
1786940509534 2057644 5096868 2070920
1786940509581 2057644 5096868 2070920
1786940509629 2057644 5096868 2070920
1786940509678 2057644 5096868 2070920
1786940509726 2057644 5096868 2070920
1786940509774 2057644 5096868 2070920
1786940509822 2057644 5096868 2070920
1786940509870 2057644 5096868 2070920
1786940509918 2057644 5096868 2070920
1786940509965 2057644 5096868 2070920
1786940510013 2057644 5096868 2070920
1786940510063 2057644 5096868 2070920
1786940510111 2057644 5096868 2070920
1786940510158 2057644 5096868 2070920
1786940510207 2057644 5096868 2070920
1786940510254 2057644 5096868 2070920
1786940510301 2057644 5096868 2070920
1786940510348 2057644 5096868 2070920
1786940510397 2057644 5096868 2070920
1786940510445 2057644 5096868 2070920
1786940510493 2057644 5096868 2070920
1786940510541 2057644 5096868 2070920
1786940510589 2057644 5096868 2070920
1786940510638 2057644 5096868 2070920
1786940510685 2057644 5096868 2070920
1786940510734 2057644 5096868 2070920
1786940510782 2057644 5096868 2070920
1786940510829 2057644 5096868 2070920
1786940510878 2057644 5096868 2070920
1786940510927 2057644 5096868 2070920
1786940510975 2057644 5096868 2070920
1786940511022 2057644 5096868 2070920
1786940511071 2057644 5096868 2070920
1786940511118 2057644 5096868 2070920
1786940511166 2057644 5096868 2070920
1786940511214 2057644 5096868 2070920
1786940511261 2057644 5096868 2070920
1786940511309 2057644 5096868 2070920
1786940511358 2057644 5096868 2070920
1786940511406 2057644 5096868 2070920
1786940511453 2057644 5096868 2070920
1786940511500 2057644 5096868 2070920
1786940511548 2057644 5096868 2070920
1786940511597 2057644 5096868 2070920
1786940511645 2057644 5096868 2070920
1786940511695 2057644 5096868 2070920
1786940511743 2057644 5096868 2070920
1786940511791 2057644 5096868 2070920
1786940511839 2057644 5096868 2070920
1786940511887 2057644 5096868 2070920
1786940511935 2057644 5096868 2070920
1786940511983 2057644 5096868 2070920
1786940512032 2057644 5096868 2070920
1786940512081 2057644 5096868 2070920
1786940512130 2057644 5096868 2070920
1786940512178 2057644 5096868 2070920
1786940512227 2057644 5096868 2070920
1786940512276 2057644 5096868 2070920
1786940512325 2057644 5096868 2070920
1786940512374 2057644 5096868 2070920
1786940512423 2057644 5096868 2070920
1786940512471 2057644 5096868 2070920
1786940512520 2057644 5096868 2070920
1786940512568 2057644 5096868 2070920
1786940512617 2057644 5096868 2070920
1786940512666 2057644 5096868 2070920
1786940512714 2057644 5096868 2070920
1786940512762 2057644 5096868 2070920
1786940512810 2057644 5096868 2070920
1786940512859 2057644 5096868 2070920
1786940512907 2057644 5096868 2070920
1786940512956 2057644 5096868 2070920
1786940513005 2057644 5096868 2070920
1786940513054 2057644 5096868 2070920
1786940513102 2057644 5096868 2070920
1786940513150 2057644 5096868 2070920
1786940513198 2057644 5096868 2070920
1786940513246 2057644 5096868 2070920
1786940513294 2057644 5096868 2070920
1786940513342 2057644 5096868 2070920
1786940513389 2057644 5096868 2070920
1786940513436 2057644 5096868 2070920
1786940513484 2057644 5096868 2070920
1786940513531 2057644 5096868 2070920
1786940513578 2057644 5096868 2070920
1786940513625 2057644 5096868 2070920
1786940513673 2057644 5096868 2070920
1786940513720 2057644 5096868 2070920
1786940513769 2057644 5096868 2070920
1786940513819 2057644 5096868 2070920
1786940513870 2057644 5096868 2070920
1786940513919 2057644 5096868 2070920
1786940513971 2057644 5096868 2070920
1786940514023 2057644 5096868 2070920
1786940514076 2057644 5096868 2070920
1786940514129 2057644 5096868 2070920
1786940514181 2057644 5096868 2070920
1786940514234 2057644 5096868 2070920
1786940514286 2057644 5096868 2070920
1786940514338 2057644 5096868 2070920
1786940514390 2057644 5096868 2070920
1786940514442 2057644 5096868 2070920
1786940514494 2057644 5096868 2070920
1786940514547 2057644 5096868 2070920
1786940514598 2057644 5096868 2070920
1786940514650 2057644 5096868 2070920
1786940514699 2057644 5096868 2070920
1786940514751 2057644 5096868 2070920
1786940514802 2057644 5096868 2070920
1786940514854 2057644 5096868 2070920
1786940514906 2057644 5096868 2070920
1786940514958 2057644 5096868 2070920
1786940515010 2057644 5096868 2070920
1786940515062 2057644 5096868 2070920
1786940515115 2057644 5096868 2070920
1786940515167 2057644 5096868 2070920
1786940515219 2057644 5096868 2070920
1786940515272 2057644 5096868 2070920
1786940515324 2057644 5096868 2070920
1786940515376 2057644 5096868 2070920
1786940515427 2057644 5096868 2070920
1786940515477 2057644 5096868 2070920
1786940515529 2057644 5096868 2070920
1786940515581 2057644 5096868 2070920
1786940515633 2057644 5096868 2070920
1786940515685 2057644 5096868 2070920
1786940515737 2057644 5096868 2070920
1786940515789 2057644 5096868 2070920
1786940515841 2057644 5096868 2070920
1786940515893 2057644 5096868 2070920
1786940515945 2057644 5096868 2070920
1786940515997 2057644 5096868 2070920
1786940516049 2057644 5096868 2070920
1786940516102 2057644 5096868 2070920
1786940516154 2057644 5096868 2070920
1786940516205 2057644 5096868 2070920
1786940516258 2057644 5096868 2070920
1786940516311 2057644 5096868 2070920
1786940516364 2057644 5096868 2070920
1786940516417 2057644 5096868 2070920
1786940516470 2057644 5096868 2070920
1786940516523 2057644 5096868 2070920
1786940516576 2057644 5096868 2070920
1786940516627 2057644 5096868 2070920
1786940516680 2057644 5096868 2070920
1786940516733 2057644 5096868 2070920
1786940516786 2057644 5096868 2070920
1786940516839 2057644 5096868 2070920
1786940516892 2057644 5096868 2070920
1786940516945 2057644 5096868 2070920
1786940516996 2057644 5096868 2070920
1786940517048 2057644 5096868 2070920
1786940517100 2057644 5096868 2070920
1786940517153 2057644 5096868 2070920
1786940517205 2057644 5096868 2070920
1786940517258 2057644 5096868 2070920
1786940517310 2057644 5096868 2070920
1786940517362 2057644 5096868 2070920
1786940517414 2057644 5096868 2070920
1786940517467 2057644 5096868 2070920
1786940517519 2057644 5096868 2070920
1786940517572 2057644 5096868 2070920
1786940517625 2057644 5096868 2070920
1786940517677 2057644 5096868 2070920
1786940517730 2057644 5096868 2070920
1786940517783 2057644 5096868 2070920
1786940517835 2057644 5096868 2070920
1786940517888 2057644 5096868 2070920
1786940517940 2057644 5096868 2070920
1786940517993 2057644 5096868 2070920
1786940518046 2057644 5096868 2070920
1786940518100 2057644 5096868 2070920
1786940518151 2057644 5096868 2070920
1786940518203 2057644 5096868 2070920
1786940518255 2057644 5096868 2070920
1786940518307 2057644 5096868 2070920
1786940518359 2057644 5096868 2070920
1786940518412 2057644 5096868 2070920
1786940518464 2057644 5096868 2070920
1786940518516 2057644 5096868 2070920
1786940518570 2057644 5096868 2070920
1786940518624 2057644 5096868 2070920
1786940518677 2057644 5096868 2070920
1786940518731 2057644 5096868 2070920
1786940518784 2057644 5096868 2070920
1786940518836 2057644 5096868 2070920
1786940518888 2057644 5096868 2070920
1786940518942 2057644 5096868 2070920
1786940518995 2057644 5096868 2070920
1786940519048 2057644 5096868 2070920
1786940519100 2057644 5096868 2070920
1786940519153 2057644 5096868 2070920
1786940519206 2057644 5096868 2070920
1786940519258 2057644 5096868 2070920
1786940519309 2057644 5096868 2070920
1786940519362 2057644 5096868 2070920
1786940519414 2057644 5096868 2070920
1786940519466 2057644 5096868 2070920
1786940519517 2057644 5096868 2070920
1786940519569 2057644 5096868 2070920
1786940519621 2057644 5096868 2070920
1786940519673 2057644 5096868 2070920
1786940519723 2057644 5096868 2070920
1786940519774 2065844 5096868 2070920
1786940519824 2065844 5096868 2070920
1786940519877 2073956 5096868 2073956
1786940519928 2069672 5096868 2070920
1786940519975 2065780 5096868 2070920
1786940520028 2073956 5096868 2073956
1786940520083 2074084 5096868 2074084
1786940520136 2074088 5096868 2074088
1786940520188 2074208 5096868 2074208
1786940520241 2059108 5096868 2070920
1786940520294 2071992 5096868 2071924
1786940520346 2073956 5096868 2073956
1786940520412 2076324 5096868 2076324
1786940520468 2076324 5096868 2076324
1786940520523 2076324 5096868 2076324
1786940520582 2076324 5096868 2076324
1786940520635 2076324 5096868 2076324
1786940520686 2076324 5096868 2076324
1786940520739 2076324 5096868 2076324
1786940520791 2076324 5096868 2076324
1786940520846 2076324 5096868 2076324
1786940520900 2076324 5096868 2076324
1786940520954 2076324 5096868 2076324
1786940521009 2078824 5096868 2078824
1786940521064 2080144 5096868 2080144
1786940521115 2080144 5096868 2080144
1786940521164 2080144 5096868 2080144
1786940521215 2080144 5096868 2080144
1786940521271 2081864 5096868 2081864
1786940521329 2082404 5096868 2082404
1786940521505 2082404 5096868 2082404
1786940521559 2082404 5096868 2082404
1786940521613 2082404 5096868 2082404
1786940521668 2082404 5096868 2082404
1786940521722 2082404 5096868 2082404
1786940521776 2082404 5096868 2082404
1786940521831 2082404 5096868 2082404
1786940521886 2082404 5096868 2082404
1786940521940 2093980 5096868 2093980
1786940522058 2097448 5096868 2097448
1786940522186 2103448 5096868 2103448
1786940522366 2103448 5096868 2103448
1786940522427 2103448 5096868 2103448
1786940522482 2103448 5096868 2103448
1786940522541 2103448 5096868 2103448
1786940522596 2103448 5096868 2103448
1786940522651 2103448 5096868 2103448
1786940522705 2098268 5096868 2098268
1786940522758 2086976 5096868 2093888
1786940522806 2078688 5096868 2093888
1786940522857 2078688 5096868 2093888
1786940522906 2080132 5096868 2093888
1786940522956 2080132 5096868 2093888
1786940523007 2080132 5096868 2093888
1786940523058 2080132 5096868 2093888
1786940523109 2080132 5096868 2093888
1786940523160 2080132 5096868 2093888
1786940523211 2080132 5096868 2093888
1786940523261 2080132 5096868 2093888
1786940523312 2080132 5096868 2093888
1786940523363 2080132 5096868 2093888
1786940523414 2080132 5096868 2093888
1786940523465 2080132 5096868 2093888
1786940523515 2080132 5096868 2093888
1786940523567 2080132 5096868 2093888
1786940523617 2080132 5096868 2093888
1786940523668 2080132 5096868 2093888
1786940523719 2080132 5096868 2093888
1786940523770 2080132 5096868 2093888
1786940523820 2080132 5096868 2093888
1786940523871 2080132 5096868 2093888
1786940523922 2080132 5096868 2093888
1786940523972 2080132 5096868 2093888
1786940524023 2080132 5096868 2093888
1786940524074 2080132 5096868 2093888
1786940524125 2080132 5096868 2093888
1786940524176 2080132 5096868 2093888
1786940524226 2080132 5096868 2093888
1786940524277 2080132 5096868 2093888
1786940524327 2080132 5096868 2093888
1786940524377 2080132 5096868 2093888
1786940524428 2080132 5096868 2093888
1786940524478 2080132 5096868 2093888
1786940524529 2080132 5096868 2093888
1786940524580 2080132 5096868 2093888
1786940524630 2080132 5096868 2093888
1786940524680 2080132 5096868 2093888
1786940524730 2080132 5096868 2093888
1786940524781 2080132 5096868 2093888
1786940524832 2080132 5096868 2093888
1786940524882 2080132 5096868 2093888
1786940524932 2080132 5096868 2093888
1786940524982 2080132 5096868 2093888
1786940525032 2080132 5096868 2093888
1786940525082 2080132 5096868 2093888
1786940525133 2080132 5096868 2093888
1786940525184 2080132 5096868 2093888
1786940525235 2080132 5096868 2093888
1786940525286 2080132 5096868 2093888
1786940525336 2080132 5096868 2093888
1786940525386 2080132 5096868 2093888
1786940525437 2080132 5096868 2093888
1786940525488 2080132 5096868 2093888
1786940525539 2080132 5096868 2093888
1786940525589 2080132 5096868 2093888
1786940525640 2080132 5096868 2093888
1786940525690 2080132 5096868 2093888
1786940525741 2080132 5096868 2093888
1786940525792 2080132 5096868 2093888
1786940525843 2080132 5096868 2093888
1786940525893 2080132 5096868 2093888
1786940525943 2080132 5096868 2093888
1786940525995 2080132 5096868 2093888
1786940526045 2080132 5096868 2093888
1786940526096 2080132 5096868 2093888
1786940526146 2080132 5096868 2093888
1786940526197 2080132 5096868 2093888
1786940526248 2080132 5096868 2093888
1786940526298 2080132 5096868 2093888
1786940526349 2080132 5096868 2093888
1786940526400 2080132 5096868 2093888
1786940526450 2080132 5096868 2093888
1786940526498 2080132 5096868 2093888
1786940526548 2080132 5096868 2093888
1786940526597 2080132 5096868 2093888
1786940526647 2080132 5096868 2093888
1786940526696 2080132 5096868 2093888
1786940526745 2080132 5096868 2093888
1786940526795 2080132 5096868 2093888
1786940526844 2080132 5096868 2093888
1786940526894 2080132 5096868 2093888
1786940526943 2080132 5096868 2093888
1786940526993 2080132 5096868 2093888
1786940527042 2080132 5096868 2093888
1786940527091 2080132 5096868 2093888
1786940527141 2080132 5096868 2093888
1786940527190 2080132 5096868 2093888
1786940527240 2080132 5096868 2093888
1786940527289 2080132 5096868 2093888
1786940527339 2080132 5096868 2093888
1786940527387 2080132 5096868 2093888
1786940527437 2080132 5096868 2093888
1786940527487 2080132 5096868 2093888
1786940527536 2080132 5096868 2093888
1786940527585 2080132 5096868 2093888
1786940527635 2080132 5096868 2093888
1786940527685 2080132 5096868 2093888
1786940527735 2080132 5096868 2093888
1786940527785 2080132 5096868 2093888
1786940527836 2080132 5096868 2093888
1786940527886 2080132 5096868 2093888
1786940527935 2080132 5096868 2093888
1786940527986 2080132 5096868 2093888
1786940528038 2080132 5096868 2093888
1786940528089 2080132 5096868 2093888
1786940528140 2080132 5096868 2093888
1786940528191 2080132 5096868 2093888
1786940528242 2080132 5096868 2093888
1786940528293 2080132 5096868 2093888
1786940528343 2080132 5096868 2093888
1786940528394 2080132 5096868 2093888
1786940528445 2080132 5096868 2093888
1786940528496 2080132 5096868 2093888
1786940528547 2080132 5096868 2093888
1786940528597 2080132 5096868 2093888
1786940528649 2080132 5096868 2093888
1786940528699 2080132 5096868 2093888
1786940528750 2080132 5096868 2093888
1786940528801 2080132 5096868 2093888
1786940528852 2080132 5096868 2093888
1786940528903 2080132 5096868 2093888
1786940528953 2080132 5096868 2093888
1786940529004 2080132 5096868 2093888
1786940529055 2080132 5096868 2093888
1786940529106 2080132 5096868 2093888
1786940529156 2080132 5096868 2093888
1786940529206 2080132 5096868 2093888
1786940529258 2080132 5096868 2093888
1786940529308 2080132 5096868 2093888
1786940529359 2080132 5096868 2093888
1786940529410 2080132 5096868 2093888
1786940529462 2080132 5096868 2093888
1786940529512 2080132 5096868 2093888
1786940529564 2080132 5096868 2093888
1786940529615 2080132 5096868 2093888
1786940529666 2080132 5096868 2093888
1786940529717 2080132 5096868 2093888
1786940529767 2080132 5096868 2093888
1786940529818 2080132 5096868 2093888
1786940529869 2080132 5096868 2093888
1786940529920 2080132 5096868 2093888
1786940529971 2080132 5096868 2093888
1786940530022 2080132 5096868 2093888
1786940530072 2080132 5096868 2093888
1786940530123 2080132 5096868 2093888
1786940530174 2080132 5096868 2093888
1786940530225 2080132 5096868 2093888
1786940530276 2080132 5096868 2093888
1786940530327 2080132 5096868 2093888
1786940530378 2080132 5096868 2093888
1786940530429 2080132 5096868 2093888
1786940530479 2080132 5096868 2093888
1786940530528 2080132 5096868 2093888
1786940530579 2080132 5096868 2093888
1786940530631 2080132 5096868 2093888
1786940530682 2080132 5096868 2093888
1786940530732 2080132 5096868 2093888
1786940530781 2080132 5096868 2093888
1786940530831 2080132 5096868 2093888
1786940530881 2080132 5096868 2093888
1786940530930 2080132 5096868 2093888
1786940530981 2080132 5096868 2093888
1786940531032 2080132 5096868 2093888
1786940531083 2080132 5096868 2093888
1786940531134 2080132 5096868 2093888
1786940531186 2080132 5096868 2093888
1786940531235 2080132 5096868 2093888
1786940531285 2080132 5096868 2093888
1786940531336 2080132 5096868 2093888
1786940531388 2080132 5096868 2093888
1786940531439 2080132 5096868 2093888
1786940531490 2080132 5096868 2093888
1786940531540 2080132 5096868 2093888
1786940531590 2080132 5096868 2093888
1786940531640 2080132 5096868 2093888
1786940531691 2080132 5096868 2093888
1786940531742 2080132 5096868 2093888
1786940531794 2080132 5096868 2093888
1786940531844 2080132 5096868 2093888
1786940531893 2080132 5096868 2093888
1786940531943 2080132 5096868 2093888
1786940531993 2080132 5096868 2093888
1786940532044 2080132 5096868 2093888
1786940532094 2080132 5096868 2093888
1786940532144 2080132 5096868 2093888
1786940532195 2080132 5096868 2093888
1786940532246 2080132 5096868 2093888
1786940532297 2080132 5096868 2093888
1786940532348 2080132 5096868 2093888
1786940532398 2080132 5096868 2093888
1786940532449 2080132 5096868 2093888
1786940532499 2080132 5096868 2093888
1786940532551 2080132 5096868 2093888
1786940532603 2080132 5096868 2093888
1786940532653 2080132 5096868 2093888
1786940532704 2080132 5096868 2093888
1786940532754 2080132 5096868 2093888
1786940532806 2080132 5096868 2093888
1786940532857 2080132 5096868 2093888
1786940532908 2080132 5096868 2093888
1786940532959 2080132 5096868 2093888
1786940533009 2080132 5096868 2093888
1786940533060 2080132 5096868 2093888
1786940533111 2080132 5096868 2093888
1786940533162 2080132 5096868 2093888
1786940533212 2080132 5096868 2093888
1786940533263 2080132 5096868 2093888
1786940533313 2080132 5096868 2093888
1786940533363 2080132 5096868 2093888
1786940533413 2080132 5096868 2093888
1786940533464 2080132 5096868 2093888
1786940533515 2080132 5096868 2093888
1786940533566 2080132 5096868 2093888
1786940533617 2080132 5096868 2093888
1786940533668 2080132 5096868 2093888
1786940533718 2080132 5096868 2093888
1786940533769 2080132 5096868 2093888
1786940533820 2080132 5096868 2093888
1786940533871 2080132 5096868 2093888
1786940533922 2080132 5096868 2093888
1786940533972 2080132 5096868 2093888
1786940534023 2080132 5096868 2093888
1786940534074 2080132 5096868 2093888
1786940534125 2080132 5096868 2093888
1786940534176 2080132 5096868 2093888
1786940534227 2080132 5096868 2093888
1786940534279 2080132 5096868 2093888
1786940534329 2080132 5096868 2093888
1786940534380 2080132 5096868 2093888
1786940534430 2080132 5096868 2093888
1786940534481 2080132 5096868 2093888
1786940534532 2080132 5096868 2093888
1786940534582 2080132 5096868 2093888
1786940534633 2080132 5096868 2093888
1786940534683 2080132 5096868 2093888
1786940534729 2088676 5096868 2093888
1786940534781 2096788 5096868 2096788
1786940534840 2099156 5096868 2099156
1786940534894 2099156 5096868 2099156
1786940534947 2082576 5096868 2095460
1786940534994 2081108 5096868 2095460
1786940535045 2081236 5096868 2095460
1786940535097 2081236 5096868 2095460
1786940535149 2081236 5096868 2095460
1786940535200 2081236 5096868 2095460
1786940535252 2081236 5096868 2095460
1786940535303 2081236 5096868 2095460
1786940535354 2081236 5096868 2095460
1786940535405 2081236 5096868 2095460
1786940535456 2081236 5096868 2095460
1786940535507 2081236 5096868 2095460
1786940535558 2093936 5096868 2095460
1786940535612 2097676 5096868 2097676
1786940535660 2081496 5096868 2095460
1786940535720 2089176 5096868 2095460
1786940535773 2097804 5096868 2097804
1786940535839 2104716 5096868 2104716
1786940536022 2105996 5096868 2105996
1786940536135 2105996 5096868 2105996
1786940536202 2108320 5096868 2108320
1786940536360 2114304 5096868 2114304
1786940536500 2116024 5096868 2116024
1786940536644 2114836 5096868 2114836
1786940536698 2110396 5096868 2110396
1786940536754 2102232 5096868 2105588
1786940536805 2092944 5096868 2105588
1786940536856 2091556 5096868 2105588
1786940536907 2091556 5096868 2105588
1786940536953 2100748 5096868 2105588
1786940537008 2108404 5096868 2108404
1786940537057 2110236 5096868 2110236
1786940537113 2110236 5096868 2110236
1786940537167 2099536 5096868 2105588
1786940537214 2097500 5096868 2105588
1786940537280 2107996 5096868 2107996
1786940537334 2100624 5096868 2105588
1786940537381 2091348 5096868 2105588
1786940537432 2091352 5096868 2105588
1786940537484 2091352 5096868 2105588
1786940537536 2091352 5096868 2105588
1786940537588 2091352 5096868 2105588
1786940537640 2091352 5096868 2105588
1786940537692 2091352 5096868 2105588
1786940537744 2091352 5096868 2105588
1786940537796 2091352 5096868 2105588
1786940537848 2091352 5096868 2105588
1786940537900 2091352 5096868 2105588
1786940537952 2091352 5096868 2105588
1786940538004 2091352 5096868 2105588
1786940538056 2091352 5096868 2105588
1786940538108 2091352 5096868 2105588
1786940538160 2091352 5096868 2105588
1786940538212 2091352 5096868 2105588
1786940538264 2091352 5096868 2105588
1786940538316 2091352 5096868 2105588
1786940538367 2091352 5096868 2105588
1786940538419 2091352 5096868 2105588
1786940538471 2091352 5096868 2105588
1786940538522 2091352 5096868 2105588
1786940538573 2091352 5096868 2105588
1786940538624 2091352 5096868 2105588
1786940538675 2091352 5096868 2105588
1786940538726 2091352 5096868 2105588
1786940538776 2091352 5096868 2105588
1786940538827 2091352 5096868 2105588
1786940538878 2091352 5096868 2105588
1786940538929 2091352 5096868 2105588
1786940538980 2091352 5096868 2105588
1786940539031 2091352 5096868 2105588
1786940539082 2091352 5096868 2105588
1786940539132 2091352 5096868 2105588
1786940539183 2091352 5096868 2105588
1786940539234 2091352 5096868 2105588
1786940539286 2091352 5096868 2105588
1786940539338 2091352 5096868 2105588
1786940539389 2091352 5096868 2105588
1786940539440 2091352 5096868 2105588
1786940539490 2091352 5096868 2105588
1786940539541 2091352 5096868 2105588
1786940539592 2091352 5096868 2105588
1786940539644 2091352 5096868 2105588
1786940539696 2091352 5096868 2105588
1786940539746 2091352 5096868 2105588
1786940539796 2091352 5096868 2105588
1786940539846 2100000 5096868 2105588
1786940539897 2102828 5096868 2105588
1786940539950 2108208 5096868 2108208
1786940540004 2095708 5096868 2105588
1786940540056 2099076 5096868 2105588
1786940540109 2100124 5096868 2105588
1786940540159 2107696 5096868 2107696
1786940540212 2108208 5096868 2108208
1786940540259 2110712 5096868 2110712
1786940540313 2114608 5096868 2114608
1786940540367 2114608 5096868 2114608
1786940540421 2115536 5096868 2115532
1786940540485 2121492 5096868 2121492
1786940540658 2121492 5096868 2121492
1786940540707 2121492 5096868 2121492
1786940540759 2121556 5096868 2121556
1786940540880 2121556 5096868 2121556
1786940540932 2121556 5096868 2121556
1786940540983 2121556 5096868 2121556
1786940541037 2121556 5096868 2121556
1786940541093 2122692 5096868 2122692
1786940541215 2126144 5096868 2126144
1786940541350 2126144 5096868 2126144
1786940541403 2126144 5096868 2126144
1786940541457 2126144 5096868 2126144
1786940541511 2126144 5096868 2126144
1786940541566 2126144 5096868 2126144
1786940541620 2126144 5096868 2126144
1786940541672 2126144 5096868 2126144
1786940541726 2126144 5096868 2126144
1786940541781 2126144 5096868 2126144
1786940541835 2126144 5096868 2126144
1786940541889 2126144 5096868 2126144
1786940541943 2126144 5096868 2126144
1786940541996 2126144 5096868 2126144
1786940542050 2126144 5096868 2126144
1786940542105 2126144 5096868 2126144
1786940542159 2126144 5096868 2126144
1786940542213 2126144 5096868 2126144
1786940542267 2126144 5096868 2126144
1786940542321 2123948 5096868 2123948
1786940542374 2108388 5096868 2116252
1786940542427 2104080 5096868 2116252
1786940542477 2104080 5096868 2116252
1786940542525 2104080 5096868 2116252
1786940542576 2104080 5096868 2116252
1786940542625 2104080 5096868 2116252
1786940542677 2104080 5096868 2116252
1786940542729 2104080 5096868 2116252
1786940542781 2104080 5096868 2116252
1786940542833 2104080 5096868 2116252
1786940542885 2104080 5096868 2116252
1786940542938 2104080 5096868 2116252
1786940542990 2104080 5096868 2116252
1786940543042 2104080 5096868 2116252
1786940543093 2104080 5096868 2116252
1786940543145 2104080 5096868 2116252
1786940543196 2104080 5096868 2116252
1786940543248 2104080 5096868 2116252
1786940543299 2104080 5096868 2116252
1786940543351 2104080 5096868 2116252
1786940543403 2104080 5096868 2116252
1786940543455 2104080 5096868 2116252
1786940543507 2104080 5096868 2116252
1786940543559 2104080 5096868 2116252
1786940543611 2104080 5096868 2116252
1786940543663 2104080 5096868 2116252
1786940543715 2104080 5096868 2116252
1786940543767 2104080 5096868 2116252
1786940543819 2104080 5096868 2116252
1786940543871 2104080 5096868 2116252
1786940543922 2104080 5096868 2116252
1786940543974 2104080 5096868 2116252
1786940544026 2104080 5096868 2116252
1786940544077 2104080 5096868 2116252
1786940544129 2104080 5096868 2116252
1786940544181 2104080 5096868 2116252
1786940544233 2104080 5096868 2116252
1786940544287 2104080 5096868 2116252
1786940544338 2104080 5096868 2116252
1786940544384 2112616 5096868 2116252
1786940544436 2120472 5096868 2120472
1786940544486 2105676 5096868 2117052
1786940544539 2116248 5096868 2117052
1786940544595 2122284 5096868 2122264
1786940544665 2128840 5096868 2128840
1786940544870 2130740 5096868 2130740
1786940544980 2130740 5096868 2130740
1786940545034 2141852 5096868 2141852
1786940545163 2145892 5096868 2145892
1786940545289 2145892 5096868 2145892
1786940545345 2142192 5096868 2142192
1786940545399 2139232 5096868 2139232
1786940545454 2127152 5096868 2134152
1786940545501 2121132 5096868 2134152
1786940545552 2121132 5096868 2134152
1786940545601 2122012 5096868 2134152
1786940545654 2137444 5096868 2137444
1786940545710 2138808 5096868 2138808
1786940545766 2139812 5096868 2139812
1786940545820 2139812 5096868 2139812
1786940545869 2124292 5096868 2134152
1786940545922 2127076 5096868 2134152
1786940545988 2136932 5096868 2136932
1786940546043 2137692 5096868 2137692
1786940546090 2121116 5096868 2134152
1786940546143 2121116 5096868 2134152
1786940546193 2121116 5096868 2134152
1786940546243 2121116 5096868 2134152
1786940546291 2121116 5096868 2134152
1786940546341 2121116 5096868 2134152
1786940546392 2121116 5096868 2134152
1786940546441 2121116 5096868 2134152
1786940546491 2121116 5096868 2134152
1786940546539 2121116 5096868 2134152
1786940546589 2121116 5096868 2134152
1786940546641 2121116 5096868 2134152
1786940546690 2121116 5096868 2134152
1786940546739 2121116 5096868 2134152
1786940546789 2121116 5096868 2134152
1786940546838 2121116 5096868 2134152
1786940546887 2121116 5096868 2134152
1786940546937 2121116 5096868 2134152
1786940546988 2121116 5096868 2134152
1786940547038 2121116 5096868 2134152
1786940547088 2121116 5096868 2134152
1786940547139 2121116 5096868 2134152
1786940547190 2121116 5096868 2134152
1786940547242 2121116 5096868 2134152
1786940547291 2121116 5096868 2134152
1786940547341 2121116 5096868 2134152
1786940547390 2121116 5096868 2134152
1786940547439 2121116 5096868 2134152
1786940547489 2121116 5096868 2134152
1786940547539 2121116 5096868 2134152
1786940547589 2121116 5096868 2134152
1786940547640 2121116 5096868 2134152
1786940547691 2121116 5096868 2134152
1786940547742 2121116 5096868 2134152
1786940547794 2121116 5096868 2134152
1786940547844 2121116 5096868 2134152
1786940547894 2121116 5096868 2134152
1786940547943 2121116 5096868 2134152
1786940547993 2121116 5096868 2134152
1786940548042 2121116 5096868 2134152
1786940548092 2121116 5096868 2134152
1786940548140 2121116 5096868 2134152
1786940548189 2121116 5096868 2134152
1786940548237 2121116 5096868 2134152
1786940548285 2121116 5096868 2134152
1786940548333 2121116 5096868 2134152
1786940548381 2121116 5096868 2134152
1786940548430 2121116 5096868 2134152
1786940548479 2121116 5096868 2134152
1786940548526 2121116 5096868 2134152
1786940548575 2121116 5096868 2134152
1786940548622 2121116 5096868 2134152
1786940548671 2121116 5096868 2134152
1786940548721 2121116 5096868 2134152
1786940548769 2121116 5096868 2134152
1786940548817 2121116 5096868 2134152
1786940548865 2121116 5096868 2134152
1786940548913 2121116 5096868 2134152
1786940548961 2121116 5096868 2134152
1786940549010 2121116 5096868 2134152
1786940549058 2121116 5096868 2134152
1786940549106 2121116 5096868 2134152
1786940549155 2121116 5096868 2134152
1786940549203 2121116 5096868 2134152
1786940549252 2121116 5096868 2134152
1786940549299 2121116 5096868 2134152
1786940549347 2121116 5096868 2134152
1786940549395 2121116 5096868 2134152
1786940549445 2121116 5096868 2134152
1786940549494 2121116 5096868 2134152
1786940549542 2121116 5096868 2134152
1786940549590 2121116 5096868 2134152
1786940549638 2121116 5096868 2134152
1786940549687 2121116 5096868 2134152
1786940549734 2121116 5096868 2134152
1786940549783 2121116 5096868 2134152
1786940549832 2121116 5096868 2134152
1786940549881 2121116 5096868 2134152
1786940549930 2121116 5096868 2134152
1786940549979 2121116 5096868 2134152
1786940550027 2121116 5096868 2134152
1786940550075 2121116 5096868 2134152
1786940550124 2121116 5096868 2134152
1786940550173 2121116 5096868 2134152
1786940550222 2121116 5096868 2134152
1786940550271 2121116 5096868 2134152
1786940550319 2121116 5096868 2134152
1786940550368 2121116 5096868 2134152
1786940550416 2121116 5096868 2134152
1786940550465 2121116 5096868 2134152
1786940550514 2121116 5096868 2134152
1786940550564 2121116 5096868 2134152
1786940550612 2121116 5096868 2134152
1786940550661 2121116 5096868 2134152
1786940550710 2121116 5096868 2134152
1786940550758 2121116 5096868 2134152
1786940550807 2121116 5096868 2134152
1786940550856 2121116 5096868 2134152
1786940550904 2121116 5096868 2134152
1786940550953 2121116 5096868 2134152
1786940551001 2121116 5096868 2134152
1786940551052 2121116 5096868 2134152
1786940551101 2121116 5096868 2134152
1786940551149 2121116 5096868 2134152
1786940551197 2121116 5096868 2134152
1786940551246 2121116 5096868 2134152
1786940551295 2121116 5096868 2134152
1786940551343 2121116 5096868 2134152
1786940551391 2121116 5096868 2134152
1786940551440 2121116 5096868 2134152
1786940551488 2121116 5096868 2134152
1786940551536 2121116 5096868 2134152
1786940551584 2121116 5096868 2134152
1786940551633 2121116 5096868 2134152
1786940551683 2121116 5096868 2134152
1786940551732 2121116 5096868 2134152
1786940551781 2121116 5096868 2134152
1786940551829 2121116 5096868 2134152
1786940551877 2121116 5096868 2134152
1786940551926 2121116 5096868 2134152
1786940551974 2121116 5096868 2134152
1786940552023 2121116 5096868 2134152
1786940552071 2121116 5096868 2134152
1786940552119 2121116 5096868 2134152
1786940552167 2121116 5096868 2134152
1786940552216 2121116 5096868 2134152
1786940552263 2121116 5096868 2134152
1786940552311 2121116 5096868 2134152
1786940552360 2121116 5096868 2134152
1786940552408 2121116 5096868 2134152
1786940552457 2121116 5096868 2134152
1786940552504 2121116 5096868 2134152
1786940552554 2121116 5096868 2134152
1786940552602 2121116 5096868 2134152
1786940552651 2121116 5096868 2134152
1786940552700 2121116 5096868 2134152
1786940552749 2121116 5096868 2134152
1786940552798 2121116 5096868 2134152
1786940552847 2121116 5096868 2134152
1786940552896 2121116 5096868 2134152
1786940552945 2121116 5096868 2134152
1786940552993 2121116 5096868 2134152
1786940553042 2121116 5096868 2134152
1786940553090 2121116 5096868 2134152
1786940553138 2121116 5096868 2134152
1786940553187 2121116 5096868 2134152
1786940553235 2121116 5096868 2134152
1786940553283 2121116 5096868 2134152
1786940553331 2121116 5096868 2134152
1786940553380 2121116 5096868 2134152
1786940553427 2121116 5096868 2134152
1786940553477 2121116 5096868 2134152
1786940553525 2121116 5096868 2134152
1786940553575 2121116 5096868 2134152
1786940553624 2121116 5096868 2134152
1786940553673 2121116 5096868 2134152
1786940553722 2121116 5096868 2134152
1786940553770 2121116 5096868 2134152
1786940553819 2121116 5096868 2134152
1786940553867 2121116 5096868 2134152
1786940553917 2121116 5096868 2134152
1786940553965 2121116 5096868 2134152
1786940554014 2121116 5096868 2134152
1786940554063 2121116 5096868 2134152
1786940554111 2121116 5096868 2134152
1786940554160 2121116 5096868 2134152
1786940554208 2121116 5096868 2134152
1786940554257 2121116 5096868 2134152
1786940554306 2121116 5096868 2134152
1786940554355 2121116 5096868 2134152
1786940554404 2121116 5096868 2134152
1786940554453 2121116 5096868 2134152
1786940554502 2121116 5096868 2134152
1786940554550 2121116 5096868 2134152
1786940554600 2121116 5096868 2134152
1786940554648 2121116 5096868 2134152
1786940554698 2121116 5096868 2134152
1786940554747 2121116 5096868 2134152
1786940554795 2121116 5096868 2134152
1786940554845 2121116 5096868 2134152
1786940554893 2121116 5096868 2134152
1786940554941 2121116 5096868 2134152
1786940554991 2121116 5096868 2134152
1786940555040 2121116 5096868 2134152
1786940555088 2121116 5096868 2134152
1786940555136 2121116 5096868 2134152
1786940555185 2121116 5096868 2134152
1786940555234 2121116 5096868 2134152
1786940555283 2121116 5096868 2134152
1786940555332 2121116 5096868 2134152
1786940555381 2121116 5096868 2134152
1786940555431 2121116 5096868 2134152
1786940555480 2121116 5096868 2134152
1786940555529 2121116 5096868 2134152
1786940555580 2121116 5096868 2134152
1786940555629 2121116 5096868 2134152
1786940555678 2121116 5096868 2134152
1786940555726 2121116 5096868 2134152
1786940555774 2121116 5096868 2134152
1786940555823 2121116 5096868 2134152
1786940555872 2121116 5096868 2134152
1786940555921 2121116 5096868 2134152
1786940555969 2121116 5096868 2134152
1786940556018 2121116 5096868 2134152
1786940556066 2121116 5096868 2134152
1786940556114 2121116 5096868 2134152
1786940556164 2121116 5096868 2134152
1786940556212 2121116 5096868 2134152
1786940556260 2121116 5096868 2134152
1786940556309 2121116 5096868 2134152
1786940556359 2121116 5096868 2134152
1786940556408 2121116 5096868 2134152
1786940556456 2121116 5096868 2134152
1786940556505 2121116 5096868 2134152
1786940556554 2121116 5096868 2134152
1786940556602 2121116 5096868 2134152
1786940556651 2121116 5096868 2134152
1786940556699 2121116 5096868 2134152
1786940556748 2121116 5096868 2134152
1786940556797 2121116 5096868 2134152
1786940556846 2121116 5096868 2134152
1786940556894 2121116 5096868 2134152
1786940556942 2121116 5096868 2134152
1786940556990 2121116 5096868 2134152
1786940557039 2121116 5096868 2134152
1786940557088 2121116 5096868 2134152
1786940557137 2121116 5096868 2134152
1786940557186 2121116 5096868 2134152
1786940557235 2121116 5096868 2134152
1786940557284 2121116 5096868 2134152
1786940557332 2121116 5096868 2134152
1786940557380 2121116 5096868 2134152
1786940557429 2121116 5096868 2134152
1786940557478 2121116 5096868 2134152
1786940557526 2121116 5096868 2134152
1786940557573 2121116 5096868 2134152
1786940557623 2121116 5096868 2134152
1786940557673 2121116 5096868 2134152
1786940557722 2121116 5096868 2134152
1786940557770 2121116 5096868 2134152
1786940557819 2121116 5096868 2134152
1786940557867 2121116 5096868 2134152
1786940557917 2121116 5096868 2134152
1786940557965 2121116 5096868 2134152
1786940558014 2121116 5096868 2134152
1786940558062 2121116 5096868 2134152
1786940558111 2121116 5096868 2134152
1786940558159 2121116 5096868 2134152
1786940558208 2121116 5096868 2134152
1786940558257 2121116 5096868 2134152
1786940558306 2121116 5096868 2134152
1786940558354 2121116 5096868 2134152
1786940558403 2121116 5096868 2134152
1786940558451 2121116 5096868 2134152
1786940558500 2121116 5096868 2134152
1786940558548 2121116 5096868 2134152
1786940558597 2121116 5096868 2134152
1786940558647 2121116 5096868 2134152
1786940558696 2121116 5096868 2134152
1786940558745 2121116 5096868 2134152
1786940558794 2121116 5096868 2134152
1786940558843 2121116 5096868 2134152
1786940558892 2121116 5096868 2134152
1786940558940 2121116 5096868 2134152
1786940558989 2121116 5096868 2134152
1786940559038 2121116 5096868 2134152
1786940559086 2121116 5096868 2134152
1786940559135 2121116 5096868 2134152
1786940559184 2121116 5096868 2134152
1786940559232 2121116 5096868 2134152
1786940559281 2121116 5096868 2134152
1786940559331 2121116 5096868 2134152
1786940559381 2121116 5096868 2134152
1786940559429 2121116 5096868 2134152
1786940559478 2121116 5096868 2134152
1786940559528 2121116 5096868 2134152
1786940559577 2121116 5096868 2134152
1786940559626 2121116 5096868 2134152
1786940559676 2121116 5096868 2134152
1786940559724 2121116 5096868 2134152
1786940559772 2121116 5096868 2134152
1786940559820 2121116 5096868 2134152
1786940559868 2121116 5096868 2134152
1786940559917 2121116 5096868 2134152
1786940559965 2121116 5096868 2134152
1786940560014 2121116 5096868 2134152
1786940560063 2121116 5096868 2134152
1786940560112 2121116 5096868 2134152
1786940560161 2121116 5096868 2134152
1786940560209 2121116 5096868 2134152
1786940560258 2121116 5096868 2134152
1786940560307 2121116 5096868 2134152
1786940560355 2121116 5096868 2134152
1786940560403 2121116 5096868 2134152
1786940560453 2121116 5096868 2134152
1786940560501 2121116 5096868 2134152
1786940560549 2121116 5096868 2134152
1786940560598 2121116 5096868 2134152
1786940560646 2121116 5096868 2134152
1786940560695 2121116 5096868 2134152
1786940560743 2121116 5096868 2134152
1786940560792 2121116 5096868 2134152
1786940560840 2121116 5096868 2134152
1786940560887 2121116 5096868 2134152
1786940560936 2121116 5096868 2134152
1786940560983 2121116 5096868 2134152
1786940561031 2121116 5096868 2134152
1786940561080 2121116 5096868 2134152
1786940561129 2121116 5096868 2134152
1786940561177 2121116 5096868 2134152
1786940561226 2121116 5096868 2134152
1786940561276 2121116 5096868 2134152
1786940561326 2121116 5096868 2134152
1786940561376 2121116 5096868 2134152
1786940561425 2121116 5096868 2134152
1786940561472 2121116 5096868 2134152
1786940561521 2121116 5096868 2134152
1786940561570 2121116 5096868 2134152
1786940561619 2121116 5096868 2134152
1786940561667 2121116 5096868 2134152
1786940561715 2121116 5096868 2134152
1786940561763 2121116 5096868 2134152
1786940561811 2121116 5096868 2134152
1786940561860 2121116 5096868 2134152
1786940561909 2121116 5096868 2134152
1786940561961 2121116 5096868 2134152
1786940562012 2121116 5096868 2134152
1786940562061 2121116 5096868 2134152
1786940562114 2121116 5096868 2134152
1786940562167 2121116 5096868 2134152
1786940562219 2121116 5096868 2134152
1786940562272 2121116 5096868 2134152
1786940562325 2121116 5096868 2134152
1786940562378 2121116 5096868 2134152
1786940562431 2121116 5096868 2134152
1786940562483 2121116 5096868 2134152
1786940562537 2121116 5096868 2134152
1786940562590 2121116 5096868 2134152
1786940562643 2121116 5096868 2134152
1786940562696 2121116 5096868 2134152
1786940562748 2121116 5096868 2134152
1786940562799 2121116 5096868 2134152
1786940562849 2121116 5096868 2134152
1786940562901 2121116 5096868 2134152
1786940562955 2121116 5096868 2134152
1786940563008 2121116 5096868 2134152
1786940563061 2121116 5096868 2134152
1786940563114 2121116 5096868 2134152
1786940563167 2121116 5096868 2134152
1786940563219 2121116 5096868 2134152
1786940563272 2121116 5096868 2134152
1786940563326 2121116 5096868 2134152
1786940563379 2121116 5096868 2134152
1786940563432 2121116 5096868 2134152
1786940563485 2121116 5096868 2134152
1786940563537 2121116 5096868 2134152
1786940563590 2121116 5096868 2134152
1786940563641 2121116 5096868 2134152
1786940563693 2121116 5096868 2134152
1786940563746 2121116 5096868 2134152
1786940563800 2121116 5096868 2134152
1786940563853 2121116 5096868 2134152
1786940563907 2121116 5096868 2134152
1786940563960 2121116 5096868 2134152
1786940564013 2121116 5096868 2134152
1786940564066 2121116 5096868 2134152
1786940564119 2121116 5096868 2134152
1786940564172 2121116 5096868 2134152
1786940564225 2121116 5096868 2134152
1786940564278 2121116 5096868 2134152
1786940564330 2121116 5096868 2134152
1786940564383 2121116 5096868 2134152
1786940564437 2121116 5096868 2134152
1786940564491 2121116 5096868 2134152
1786940564545 2121116 5096868 2134152
1786940564598 2121116 5096868 2134152
1786940564652 2121116 5096868 2134152
1786940564705 2121116 5096868 2134152
1786940564757 2121116 5096868 2134152
1786940564811 2121116 5096868 2134152
1786940564864 2121116 5096868 2134152
1786940564918 2121116 5096868 2134152
1786940564971 2121116 5096868 2134152
1786940565025 2121116 5096868 2134152
1786940565078 2121116 5096868 2134152
1786940565131 2121116 5096868 2134152
1786940565184 2121116 5096868 2134152
1786940565237 2121116 5096868 2134152
1786940565290 2121116 5096868 2134152
1786940565343 2121116 5096868 2134152
1786940565396 2121116 5096868 2134152
1786940565449 2121116 5096868 2134152
1786940565501 2121116 5096868 2134152
1786940565555 2121116 5096868 2134152
1786940565608 2121116 5096868 2134152
1786940565662 2121116 5096868 2134152
1786940565716 2121116 5096868 2134152
1786940565769 2121116 5096868 2134152
1786940565823 2121116 5096868 2134152
1786940565875 2121116 5096868 2134152
1786940565929 2121116 5096868 2134152
1786940565983 2121116 5096868 2134152
1786940566036 2121116 5096868 2134152
1786940566090 2121116 5096868 2134152
1786940566144 2121116 5096868 2134152
1786940566198 2121116 5096868 2134152
1786940566251 2121116 5096868 2134152
1786940566304 2121116 5096868 2134152
1786940566356 2121116 5096868 2134152
1786940566409 2121116 5096868 2134152
1786940566463 2121116 5096868 2134152
1786940566516 2121116 5096868 2134152
1786940566569 2121116 5096868 2134152
1786940566622 2121116 5096868 2134152
1786940566675 2121116 5096868 2134152
1786940566730 2121116 5096868 2134152
1786940566783 2121116 5096868 2134152
1786940566837 2121116 5096868 2134152
1786940566890 2121116 5096868 2134152
1786940566944 2121116 5096868 2134152
1786940566997 2121116 5096868 2134152
1786940567050 2121116 5096868 2134152
1786940567104 2121116 5096868 2134152
1786940567158 2121116 5096868 2134152
1786940567211 2121116 5096868 2134152
1786940567264 2121116 5096868 2134152
1786940567318 2121116 5096868 2134152
1786940567371 2121116 5096868 2134152
1786940567424 2121116 5096868 2134152
1786940567477 2121116 5096868 2134152
1786940567529 2121116 5096868 2134152
1786940567582 2121116 5096868 2134152
1786940567634 2121116 5096868 2134152
1786940567686 2121116 5096868 2134152
1786940567739 2121116 5096868 2134152
1786940567790 2121116 5096868 2134152
1786940567842 2129332 5096868 2134152
1786940567894 2129332 5096868 2134152
1786940567947 2137444 5096868 2137444
1786940567999 2137444 5096868 2137444
1786940568053 2121992 5096868 2134152
1786940568106 2129268 5096868 2134152
1786940568159 2137572 5096868 2137572
1786940568224 2137572 5096868 2137572
1786940568278 2137636 5096868 2137636
1786940568331 2133200 5096868 2134152
1786940568379 2129336 5096868 2134152
1786940568432 2137444 5096868 2137444
1786940568487 2139348 5096868 2139348
1786940568555 2139812 5096868 2139812
1786940568609 2139812 5096868 2139812
1786940568681 2139812 5096868 2139812
1786940568736 2139812 5096868 2139812
1786940568789 2139812 5096868 2139812
1786940568843 2139812 5096868 2139812
1786940568897 2139812 5096868 2139812
1786940568952 2139812 5096868 2139812
1786940569007 2139812 5096868 2139812
1786940569063 2139812 5096868 2139812
1786940569118 2142432 5096868 2142432
1786940569171 2142792 5096868 2142792
1786940569222 2142792 5096868 2142792
1786940569273 2142792 5096868 2142792
1786940569322 2142792 5096868 2142792
1786940569372 2144912 5096868 2144912
1786940569427 2145892 5096868 2145892
1786940569483 2145892 5096868 2145892
1786940569535 2145892 5096868 2145892
1786940569587 2145892 5096868 2145892
1786940569642 2145892 5096868 2145892
1786940569696 2145892 5096868 2145892
1786940569750 2145892 5096868 2145892
1786940569805 2145892 5096868 2145892
1786940569860 2145892 5096868 2145892
1786940569915 2145892 5096868 2145892
1786940569977 2145892 5096868 2145892
1786940570032 2149064 5096868 2149064
1786940570206 2157968 5096868 2157968
1786940570370 2159652 5096868 2159652
1786940570496 2159652 5096868 2159652
1786940570552 2159652 5096868 2159652
1786940570609 2159652 5096868 2159652
1786940570667 2159652 5096868 2159652
1786940570722 2159652 5096868 2159652
1786940570777 2157432 5096868 2157432
1786940570832 2152252 5096868 2152252
1786940570885 2137568 5096868 2146184
1786940570932 2134892 5096868 2146184
1786940570983 2134892 5096868 2146184
1786940571034 2136336 5096868 2146184
1786940571084 2136336 5096868 2146184
1786940571135 2136336 5096868 2146184
1786940571187 2136336 5096868 2146184
1786940571238 2136336 5096868 2146184
1786940571290 2136336 5096868 2146184
1786940571341 2136336 5096868 2146184
1786940571392 2136336 5096868 2146184
1786940571444 2136336 5096868 2146184
1786940571495 2136336 5096868 2146184
1786940571547 2136336 5096868 2146184
1786940571598 2136336 5096868 2146184
1786940571650 2136336 5096868 2146184
1786940571701 2136336 5096868 2146184
1786940571752 2136336 5096868 2146184
1786940571804 2136336 5096868 2146184
1786940571855 2136336 5096868 2146184
1786940571906 2136336 5096868 2146184
1786940571958 2136336 5096868 2146184
1786940572009 2136336 5096868 2146184
1786940572060 2136336 5096868 2146184
1786940572111 2136336 5096868 2146184
1786940572163 2136336 5096868 2146184
1786940572214 2136336 5096868 2146184
1786940572265 2136336 5096868 2146184
1786940572316 2136336 5096868 2146184
1786940572367 2136336 5096868 2146184
1786940572419 2136336 5096868 2146184
1786940572470 2136336 5096868 2146184
1786940572521 2136336 5096868 2146184
1786940572572 2136336 5096868 2146184
1786940572623 2136336 5096868 2146184
1786940572675 2136336 5096868 2146184
1786940572727 2136336 5096868 2146184
1786940572778 2136336 5096868 2146184
1786940572830 2136336 5096868 2146184
1786940572881 2136336 5096868 2146184
1786940572933 2136336 5096868 2146184
1786940572984 2136336 5096868 2146184
1786940573036 2136336 5096868 2146184
1786940573087 2136336 5096868 2146184
1786940573139 2136336 5096868 2146184
1786940573190 2136336 5096868 2146184
1786940573243 2136336 5096868 2146184
1786940573294 2136336 5096868 2146184
1786940573346 2136336 5096868 2146184
1786940573398 2136336 5096868 2146184
1786940573449 2136336 5096868 2146184
1786940573500 2136336 5096868 2146184
1786940573552 2136336 5096868 2146184
1786940573603 2136336 5096868 2146184
1786940573655 2136336 5096868 2146184
1786940573706 2136336 5096868 2146184
1786940573758 2136336 5096868 2146184
1786940573809 2136336 5096868 2146184
1786940573860 2136336 5096868 2146184
1786940573912 2136336 5096868 2146184
1786940573962 2136336 5096868 2146184
1786940574014 2136336 5096868 2146184
1786940574065 2136336 5096868 2146184
1786940574116 2136336 5096868 2146184
1786940574168 2136336 5096868 2146184
1786940574219 2136336 5096868 2146184
1786940574271 2136336 5096868 2146184
1786940574322 2136336 5096868 2146184
1786940574374 2136336 5096868 2146184
1786940574425 2136336 5096868 2146184
1786940574476 2136336 5096868 2146184
1786940574528 2136336 5096868 2146184
1786940574580 2136336 5096868 2146184
1786940574632 2136336 5096868 2146184
1786940574684 2136336 5096868 2146184
1786940574736 2136336 5096868 2146184
1786940574788 2136336 5096868 2146184
1786940574840 2136336 5096868 2146184
1786940574892 2136336 5096868 2146184
1786940574944 2136336 5096868 2146184
1786940574997 2136336 5096868 2146184
1786940575049 2136336 5096868 2146184
1786940575101 2136336 5096868 2146184
1786940575153 2136336 5096868 2146184
1786940575205 2136336 5096868 2146184
1786940575257 2136336 5096868 2146184
1786940575309 2136336 5096868 2146184
1786940575361 2136336 5096868 2146184
1786940575413 2136336 5096868 2146184
1786940575466 2136336 5096868 2146184
1786940575518 2136336 5096868 2146184
1786940575571 2136336 5096868 2146184
1786940575623 2136336 5096868 2146184
1786940575676 2136336 5096868 2146184
1786940575728 2136336 5096868 2146184
1786940575780 2136336 5096868 2146184
1786940575832 2136336 5096868 2146184
1786940575884 2136336 5096868 2146184
1786940575936 2136336 5096868 2146184
1786940575987 2136336 5096868 2146184
1786940576037 2136336 5096868 2146184
1786940576088 2136336 5096868 2146184
1786940576139 2136336 5096868 2146184
1786940576191 2136336 5096868 2146184
1786940576243 2136336 5096868 2146184
1786940576295 2136336 5096868 2146184
1786940576346 2136336 5096868 2146184
1786940576397 2136336 5096868 2146184
1786940576449 2136336 5096868 2146184
1786940576501 2136336 5096868 2146184
1786940576553 2136336 5096868 2146184
1786940576604 2136336 5096868 2146184
1786940576654 2136336 5096868 2146184
1786940576705 2136336 5096868 2146184
1786940576756 2136336 5096868 2146184
1786940576808 2136336 5096868 2146184
1786940576860 2136336 5096868 2146184
1786940576912 2136336 5096868 2146184
1786940576963 2136336 5096868 2146184
1786940577013 2136336 5096868 2146184
1786940577064 2136336 5096868 2146184
1786940577117 2136336 5096868 2146184
1786940577169 2136336 5096868 2146184
1786940577220 2136336 5096868 2146184
1786940577271 2136336 5096868 2146184
1786940577323 2136336 5096868 2146184
1786940577374 2136336 5096868 2146184
1786940577425 2136336 5096868 2146184
1786940577477 2136336 5096868 2146184
1786940577529 2136336 5096868 2146184
1786940577580 2136336 5096868 2146184
1786940577632 2136336 5096868 2146184
1786940577684 2136336 5096868 2146184
1786940577736 2136336 5096868 2146184
1786940577787 2136336 5096868 2146184
1786940577838 2136336 5096868 2146184
1786940577891 2136336 5096868 2146184
1786940577942 2136336 5096868 2146184
1786940577994 2136336 5096868 2146184
1786940578045 2136336 5096868 2146184
1786940578099 2136336 5096868 2146184
1786940578151 2136336 5096868 2146184
1786940578202 2136336 5096868 2146184
1786940578254 2136336 5096868 2146184
1786940578305 2136336 5096868 2146184
1786940578357 2136336 5096868 2146184
1786940578409 2136336 5096868 2146184
1786940578461 2136336 5096868 2146184
1786940578513 2136336 5096868 2146184
1786940578564 2136336 5096868 2146184
1786940578616 2136336 5096868 2146184
1786940578672 2136336 5096868 2146184
1786940578724 2136336 5096868 2146184
1786940578775 2136336 5096868 2146184
1786940578828 2136336 5096868 2146184
1786940578880 2136336 5096868 2146184
1786940578931 2136336 5096868 2146184
1786940578983 2136336 5096868 2146184
1786940579036 2136336 5096868 2146184
1786940579088 2136336 5096868 2146184
1786940579140 2136336 5096868 2146184
1786940579192 2136336 5096868 2146184
1786940579244 2136336 5096868 2146184
1786940579296 2136336 5096868 2146184
1786940579349 2136336 5096868 2146184
1786940579400 2136336 5096868 2146184
1786940579453 2136336 5096868 2146184
1786940579504 2136336 5096868 2146184
1786940579557 2136336 5096868 2146184
1786940579609 2136336 5096868 2146184
1786940579661 2136336 5096868 2146184
1786940579713 2136336 5096868 2146184
1786940579765 2136336 5096868 2146184
1786940579817 2136336 5096868 2146184
1786940579869 2136336 5096868 2146184
1786940579921 2136336 5096868 2146184
1786940579972 2136336 5096868 2146184
1786940580024 2136336 5096868 2146184
1786940580076 2136336 5096868 2146184
1786940580128 2136336 5096868 2146184
1786940580179 2136336 5096868 2146184
1786940580230 2136336 5096868 2146184
1786940580281 2136336 5096868 2146184
1786940580333 2136336 5096868 2146184
1786940580384 2136336 5096868 2146184
1786940580435 2136336 5096868 2146184
1786940580487 2136336 5096868 2146184
1786940580538 2136336 5096868 2146184
1786940580589 2136336 5096868 2146184
1786940580640 2136336 5096868 2146184
1786940580692 2136336 5096868 2146184
1786940580744 2136336 5096868 2146184
1786940580795 2136336 5096868 2146184
1786940580846 2136336 5096868 2146184
1786940580897 2136336 5096868 2146184
1786940580949 2136336 5096868 2146184
1786940581000 2136336 5096868 2146184
1786940581052 2136336 5096868 2146184
1786940581104 2136336 5096868 2146184
1786940581156 2136336 5096868 2146184
1786940581208 2136336 5096868 2146184
1786940581260 2136336 5096868 2146184
1786940581312 2136336 5096868 2146184
1786940581363 2136336 5096868 2146184
1786940581415 2136336 5096868 2146184
1786940581467 2136336 5096868 2146184
1786940581519 2136336 5096868 2146184
1786940581570 2136336 5096868 2146184
1786940581622 2136336 5096868 2146184
1786940581674 2136336 5096868 2146184
1786940581726 2136336 5096868 2146184
1786940581778 2136336 5096868 2146184
1786940581830 2136336 5096868 2146184
1786940581882 2136336 5096868 2146184
1786940581934 2136336 5096868 2146184
1786940581986 2136336 5096868 2146184
1786940582039 2136336 5096868 2146184
1786940582090 2136336 5096868 2146184
1786940582142 2136336 5096868 2146184
1786940582194 2136336 5096868 2146184
1786940582246 2136336 5096868 2146184
1786940582298 2136336 5096868 2146184
1786940582350 2136336 5096868 2146184
1786940582402 2136336 5096868 2146184
1786940582454 2136336 5096868 2146184
1786940582506 2136336 5096868 2146184
1786940582558 2136336 5096868 2146184
1786940582610 2136336 5096868 2146184
1786940582661 2136336 5096868 2146184
1786940582712 2136336 5096868 2146184
1786940582762 2144536 5096868 2146184
1786940582815 2144536 5096868 2146184
1786940582866 2144536 5096868 2146184
1786940582916 2144536 5096868 2146184
1786940582966 2144536 5096868 2146184
1786940583016 2144536 5096868 2146184
1786940583070 2152696 5096868 2152696
1786940583140 2155008 5096868 2155008
1786940583191 2155008 5096868 2155008
1786940583241 2155016 5096868 2155016
1786940583295 2155016 5096868 2155016
1786940583348 2136336 5096868 2148096
1786940583401 2136464 5096868 2148096
1786940583453 2136464 5096868 2148096
1786940583505 2136464 5096868 2148096
1786940583558 2136464 5096868 2148096
1786940583611 2136464 5096868 2148096
1786940583664 2136464 5096868 2148096
1786940583716 2136464 5096868 2148096
1786940583768 2136464 5096868 2148096
1786940583821 2136464 5096868 2148096
1786940583873 2136464 5096868 2148096
1786940583926 2136464 5096868 2148096
1786940583973 2144664 5096868 2148096
1786940584027 2152852 5096868 2152852
1786940584080 2136724 5096868 2148592
1786940584147 2145940 5096868 2148592
1786940584202 2153032 5096868 2153032
1786940584259 2160456 5096868 2160456
1786940584451 2161268 5096868 2161268
1786940584600 2162624 5096868 2162624
1786940584753 2163076 5096868 2163076
1786940584878 2163076 5096868 2163076
1786940584934 2160856 5096868 2160856
1786940584989 2154936 5096868 2154936
1786940585043 2146724 5096868 2150572
1786940585096 2138316 5096868 2150572
1786940585147 2138316 5096868 2150572
1786940585198 2145912 5096868 2150572
1786940585251 2154628 5096868 2154628
1786940585305 2156016 5096868 2156016
1786940585360 2156996 5096868 2156996
1786940585415 2156996 5096868 2156996
1786940585470 2142108 5096868 2150572
1786940585523 2147588 5096868 2150572
1786940585577 2149996 5096868 2150572
1786940585631 2152844 5096868 2152844
1786940585682 2138316 5096868 2150572
1786940585735 2138320 5096868 2150572
1786940585787 2138320 5096868 2150572
1786940585839 2138320 5096868 2150572
1786940585891 2138320 5096868 2150572
1786940585943 2138320 5096868 2150572
1786940585995 2138320 5096868 2150572
1786940586048 2138320 5096868 2150572
1786940586100 2138320 5096868 2150572
1786940586153 2138320 5096868 2150572
1786940586206 2138320 5096868 2150572
1786940586258 2138320 5096868 2150572
1786940586311 2138320 5096868 2150572
1786940586363 2138320 5096868 2150572
1786940586415 2138320 5096868 2150572
1786940586468 2138320 5096868 2150572
1786940586520 2138320 5096868 2150572
1786940586573 2138320 5096868 2150572
1786940586625 2138320 5096868 2150572
1786940586678 2138320 5096868 2150572
1786940586730 2138320 5096868 2150572
1786940586783 2138320 5096868 2150572
1786940586836 2138320 5096868 2150572
1786940586887 2138320 5096868 2150572
1786940586939 2138320 5096868 2150572
1786940586990 2138320 5096868 2150572
1786940587042 2138320 5096868 2150572
1786940587093 2138320 5096868 2150572
1786940587145 2138320 5096868 2150572
1786940587197 2138320 5096868 2150572
1786940587248 2138320 5096868 2150572
1786940587300 2138320 5096868 2150572
1786940587352 2138320 5096868 2150572
1786940587403 2138320 5096868 2150572
1786940587455 2138320 5096868 2150572
1786940587507 2138320 5096868 2150572
1786940587558 2138320 5096868 2150572
1786940587610 2138320 5096868 2150572
1786940587661 2138320 5096868 2150572
1786940587712 2138320 5096868 2150572
1786940587764 2138320 5096868 2150572
1786940587815 2138320 5096868 2150572
1786940587867 2138320 5096868 2150572
1786940587919 2138320 5096868 2150572
1786940587969 2138320 5096868 2150572
1786940588022 2138320 5096868 2150572
1786940588073 2138320 5096868 2150572
1786940588126 2141912 5096868 2150572
1786940588178 2146520 5096868 2150572
1786940588230 2154632 5096868 2154632
1786940588282 2154676 5096868 2154676
1786940588337 2146548 5096868 2150572
1786940588391 2146548 5096868 2150572
1786940588442 2154632 5096868 2154632
1786940588496 2154632 5096868 2154632
1786940588549 2157640 5096868 2157640
1786940588606 2161032 5096868 2161032
1786940588660 2161032 5096868 2161032
1786940588714 2161672 5096868 2161672
1786940588778 2164008 5096868 2164008
1786940588968 2164580 5096868 2164580
1786940589080 2164580 5096868 2164580
1786940589134 2164580 5096868 2164580
1786940589189 2164580 5096868 2164580
1786940589244 2164580 5096868 2164580
1786940589299 2164688 5096868 2164688
1786940589419 2171352 5096868 2171352
1786940589543 2171408 5096868 2171408
1786940589662 2171408 5096868 2171408
1786940589717 2171408 5096868 2171408
1786940589769 2171408 5096868 2171408
1786940589821 2171408 5096868 2171408
1786940589882 2171408 5096868 2171408
1786940589936 2171408 5096868 2171408
1786940589988 2171408 5096868 2171408
1786940590039 2171408 5096868 2171408
1786940590091 2171408 5096868 2171408
1786940590146 2171408 5096868 2171408
1786940590202 2171408 5096868 2171408
1786940590256 2171408 5096868 2171408
1786940590306 2171408 5096868 2171408
1786940590362 2171408 5096868 2171408
1786940590418 2171408 5096868 2171408
1786940590471 2171408 5096868 2171408
1786940590522 2171408 5096868 2171408
1786940590572 2171408 5096868 2171408
1786940590625 2171408 5096868 2171408
1786940590679 2171408 5096868 2171408
1786940590734 2171408 5096868 2171408
1786940590788 2171408 5096868 2171408
1786940590843 2171408 5096868 2171408
1786940590898 2171408 5096868 2171408
1786940590953 2158448 5096868 2159356
1786940591005 2148096 5096868 2159356
1786940591057 2147376 5096868 2159356
1786940591107 2147376 5096868 2159356
1786940591156 2147376 5096868 2159356
1786940591204 2148696 5096868 2159356
1786940591253 2148696 5096868 2159356
1786940591306 2148696 5096868 2159356
1786940591359 2148696 5096868 2159356
1786940591412 2148696 5096868 2159356
1786940591465 2148696 5096868 2159356
1786940591518 2148696 5096868 2159356
1786940591570 2148696 5096868 2159356
1786940591623 2148696 5096868 2159356
1786940591675 2148696 5096868 2159356
1786940591728 2148696 5096868 2159356
1786940591781 2148696 5096868 2159356
1786940591833 2148696 5096868 2159356
1786940591886 2148696 5096868 2159356
1786940591938 2148696 5096868 2159356
1786940591991 2148696 5096868 2159356
1786940592044 2148696 5096868 2159356
1786940592097 2148696 5096868 2159356
1786940592149 2148696 5096868 2159356
1786940592202 2148696 5096868 2159356
1786940592255 2148696 5096868 2159356
1786940592308 2148696 5096868 2159356
1786940592360 2148696 5096868 2159356
1786940592412 2148696 5096868 2159356
1786940592465 2148696 5096868 2159356
1786940592518 2148696 5096868 2159356
1786940592570 2148696 5096868 2159356
1786940592622 2148696 5096868 2159356
1786940592675 2148696 5096868 2159356
1786940592728 2148696 5096868 2159356
1786940592781 2148696 5096868 2159356
1786940592833 2148696 5096868 2159356
1786940592888 2148696 5096868 2159356
1786940592941 2148696 5096868 2159356
1786940592993 2156896 5096868 2159356
1786940593047 2165008 5096868 2165008
1786940593097 2149340 5096868 2159356
1786940593152 2159104 5096868 2159356
1786940593208 2165264 5096868 2165264
1786940593265 2172176 5096868 2172176
1786940593454 2176560 5096868 2176560
1786940593568 2176560 5096868 2176560
1786940593623 2176564 5096868 2176564
1786940593789 2183396 5096868 2183396
1786940593911 2183396 5096868 2183396
1786940593978 2181176 5096868 2181176
1786940594034 2176736 5096868 2176736
1786940594089 2166972 5096868 2172460
1786940594142 2158636 5096868 2172460
1786940594195 2158636 5096868 2172460
1786940594246 2166836 5096868 2172460
1786940594299 2174948 5096868 2174948
1786940594355 2177084 5096868 2177084
1786940594417 2177316 5096868 2177316
1786940594471 2171756 5096868 2172460
1786940594522 2169508 5096868 2172460
1786940594576 2172568 5096868 2172568
1786940594630 2168672 5096868 2172460
1786940594681 2158476 5096868 2172460
1786940594733 2158484 5096868 2172460
1786940594784 2158484 5096868 2172460
1786940594833 2158484 5096868 2172460
1786940594883 2158484 5096868 2172460
1786940594933 2158484 5096868 2172460
1786940594983 2158484 5096868 2172460
1786940595033 2158484 5096868 2172460
1786940595083 2158484 5096868 2172460
1786940595134 2158484 5096868 2172460
1786940595184 2158484 5096868 2172460
1786940595236 2158484 5096868 2172460
1786940595287 2158484 5096868 2172460
1786940595337 2158484 5096868 2172460
1786940595386 2158484 5096868 2172460
1786940595437 2158484 5096868 2172460
1786940595487 2158484 5096868 2172460
1786940595538 2158484 5096868 2172460
1786940595589 2158484 5096868 2172460
1786940595641 2158484 5096868 2172460
1786940595691 2158484 5096868 2172460
1786940595742 2158484 5096868 2172460
1786940595793 2158484 5096868 2172460
1786940595844 2158484 5096868 2172460
1786940595894 2158484 5096868 2172460
1786940595944 2158484 5096868 2172460
1786940595994 2158484 5096868 2172460
1786940596045 2158484 5096868 2172460
1786940596096 2158484 5096868 2172460
1786940596147 2158484 5096868 2172460
1786940596198 2158484 5096868 2172460
1786940596249 2158484 5096868 2172460
1786940596299 2158484 5096868 2172460
1786940596351 2158484 5096868 2172460
1786940596402 2158484 5096868 2172460
1786940596453 2158484 5096868 2172460
1786940596503 2158484 5096868 2172460
1786940596554 2158484 5096868 2172460
1786940596603 2158484 5096868 2172460
1786940596654 2158484 5096868 2172460
1786940596705 2158484 5096868 2172460
1786940596754 2158484 5096868 2172460
1786940596803 2158484 5096868 2172460
1786940596853 2158484 5096868 2172460
1786940596901 2158484 5096868 2172460
1786940596950 2158484 5096868 2172460
1786940597000 2158484 5096868 2172460
1786940597049 2158484 5096868 2172460
1786940597097 2158484 5096868 2172460
1786940597145 2158484 5096868 2172460
1786940597194 2158484 5096868 2172460
1786940597245 2158484 5096868 2172460
1786940597294 2158484 5096868 2172460
1786940597344 2158484 5096868 2172460
1786940597393 2158484 5096868 2172460
1786940597441 2158484 5096868 2172460
1786940597491 2158484 5096868 2172460
1786940597540 2158484 5096868 2172460
1786940597590 2158484 5096868 2172460
1786940597639 2158484 5096868 2172460
1786940597689 2158484 5096868 2172460
1786940597738 2158484 5096868 2172460
1786940597787 2158484 5096868 2172460
1786940597836 2158484 5096868 2172460
1786940597885 2158484 5096868 2172460
1786940597935 2158484 5096868 2172460
1786940597984 2158484 5096868 2172460
1786940598035 2158484 5096868 2172460
1786940598085 2158484 5096868 2172460
1786940598134 2158484 5096868 2172460
1786940598183 2158484 5096868 2172460
1786940598232 2158484 5096868 2172460
1786940598282 2158484 5096868 2172460
1786940598331 2158484 5096868 2172460
1786940598381 2158484 5096868 2172460
1786940598431 2158484 5096868 2172460
1786940598480 2158484 5096868 2172460
1786940598530 2158484 5096868 2172460
1786940598579 2158484 5096868 2172460
1786940598629 2158484 5096868 2172460
1786940598679 2158484 5096868 2172460
1786940598730 2158484 5096868 2172460
1786940598781 2158484 5096868 2172460
1786940598830 2158484 5096868 2172460
1786940598880 2158484 5096868 2172460
1786940598930 2158484 5096868 2172460
1786940598980 2158484 5096868 2172460
1786940599031 2158484 5096868 2172460
1786940599079 2158484 5096868 2172460
1786940599128 2158484 5096868 2172460
1786940599178 2158484 5096868 2172460
1786940599227 2158484 5096868 2172460
1786940599275 2158484 5096868 2172460
1786940599324 2158484 5096868 2172460
1786940599371 2158484 5096868 2172460
1786940599420 2158484 5096868 2172460
1786940599470 2158484 5096868 2172460
1786940599520 2158484 5096868 2172460
1786940599570 2158484 5096868 2172460
1786940599620 2158484 5096868 2172460
1786940599671 2158484 5096868 2172460
1786940599721 2158484 5096868 2172460
1786940599771 2158484 5096868 2172460
1786940599821 2158484 5096868 2172460
1786940599870 2158484 5096868 2172460
1786940599919 2158484 5096868 2172460
1786940599967 2158484 5096868 2172460
1786940600016 2158484 5096868 2172460
1786940600066 2158484 5096868 2172460
1786940600116 2158484 5096868 2172460
1786940600167 2158484 5096868 2172460
1786940600216 2158484 5096868 2172460
1786940600265 2158484 5096868 2172460
1786940600314 2158484 5096868 2172460
1786940600363 2158484 5096868 2172460
1786940600414 2158484 5096868 2172460
1786940600464 2158484 5096868 2172460
1786940600514 2158484 5096868 2172460
1786940600563 2158484 5096868 2172460
1786940600613 2158484 5096868 2172460
1786940600663 2158484 5096868 2172460
1786940600712 2158484 5096868 2172460
1786940600764 2158484 5096868 2172460
1786940600813 2158484 5096868 2172460
1786940600863 2158484 5096868 2172460
1786940600913 2158484 5096868 2172460
1786940600962 2158484 5096868 2172460
1786940601012 2158484 5096868 2172460
1786940601062 2158484 5096868 2172460
1786940601113 2158484 5096868 2172460
1786940601163 2158484 5096868 2172460
1786940601212 2158484 5096868 2172460
1786940601262 2158484 5096868 2172460
1786940601312 2158484 5096868 2172460
1786940601362 2158484 5096868 2172460
1786940601412 2158484 5096868 2172460
1786940601461 2158484 5096868 2172460
1786940601511 2158484 5096868 2172460
1786940601560 2158484 5096868 2172460
1786940601612 2158484 5096868 2172460
1786940601662 2158484 5096868 2172460
1786940601713 2158484 5096868 2172460
1786940601763 2158484 5096868 2172460
1786940601812 2158484 5096868 2172460
1786940601861 2158484 5096868 2172460
1786940601911 2158484 5096868 2172460
1786940601961 2158484 5096868 2172460
1786940602011 2158484 5096868 2172460
1786940602061 2158484 5096868 2172460
1786940602112 2158484 5096868 2172460
1786940602161 2158484 5096868 2172460
1786940602212 2158484 5096868 2172460
1786940602262 2158484 5096868 2172460
1786940602312 2158484 5096868 2172460
1786940602362 2158484 5096868 2172460
1786940602413 2158484 5096868 2172460
1786940602463 2158484 5096868 2172460
1786940602513 2158484 5096868 2172460
1786940602563 2158484 5096868 2172460
1786940602612 2158484 5096868 2172460
1786940602662 2158484 5096868 2172460
1786940602712 2158484 5096868 2172460
1786940602761 2158484 5096868 2172460
1786940602811 2158484 5096868 2172460
1786940602861 2158484 5096868 2172460
1786940602911 2158484 5096868 2172460
1786940602960 2158484 5096868 2172460
1786940603011 2158484 5096868 2172460
1786940603060 2158484 5096868 2172460
1786940603110 2158484 5096868 2172460
1786940603160 2158484 5096868 2172460
1786940603210 2158484 5096868 2172460
1786940603260 2158484 5096868 2172460
1786940603310 2158484 5096868 2172460
1786940603361 2158484 5096868 2172460
1786940603411 2158484 5096868 2172460
1786940603461 2158484 5096868 2172460
1786940603510 2158484 5096868 2172460
1786940603560 2158484 5096868 2172460
1786940603611 2158484 5096868 2172460
1786940603661 2158484 5096868 2172460
1786940603711 2158484 5096868 2172460
1786940603761 2158484 5096868 2172460
1786940603811 2158484 5096868 2172460
1786940603862 2158484 5096868 2172460
1786940603912 2158484 5096868 2172460
1786940603962 2158484 5096868 2172460
1786940604012 2158484 5096868 2172460
1786940604061 2158484 5096868 2172460
1786940604111 2158484 5096868 2172460
1786940604160 2158484 5096868 2172460
1786940604211 2158484 5096868 2172460
1786940604260 2158484 5096868 2172460
1786940604310 2158484 5096868 2172460
1786940604360 2158484 5096868 2172460
1786940604410 2158484 5096868 2172460
1786940604460 2158484 5096868 2172460
1786940604510 2158484 5096868 2172460
1786940604559 2158484 5096868 2172460
1786940604609 2158484 5096868 2172460
1786940604659 2158484 5096868 2172460
1786940604710 2158484 5096868 2172460
1786940604759 2158484 5096868 2172460
1786940604808 2158484 5096868 2172460
1786940604857 2158484 5096868 2172460
1786940604906 2158484 5096868 2172460
1786940604957 2158484 5096868 2172460
1786940605007 2158484 5096868 2172460
1786940605058 2158484 5096868 2172460
1786940605107 2158484 5096868 2172460
1786940605156 2158484 5096868 2172460
1786940605207 2158484 5096868 2172460
1786940605257 2158484 5096868 2172460
1786940605307 2158484 5096868 2172460
1786940605356 2158484 5096868 2172460
1786940605407 2158484 5096868 2172460
1786940605457 2158484 5096868 2172460
1786940605506 2158484 5096868 2172460
1786940605557 2158484 5096868 2172460
1786940605607 2158484 5096868 2172460
1786940605658 2158484 5096868 2172460
1786940605708 2158484 5096868 2172460
1786940605757 2158484 5096868 2172460
1786940605807 2158484 5096868 2172460
1786940605856 2158484 5096868 2172460
1786940605907 2158484 5096868 2172460
1786940605957 2158484 5096868 2172460
1786940606006 2158484 5096868 2172460
1786940606056 2158484 5096868 2172460
1786940606106 2158484 5096868 2172460
1786940606156 2158484 5096868 2172460
1786940606206 2158484 5096868 2172460
1786940606256 2158484 5096868 2172460
1786940606306 2158484 5096868 2172460
1786940606355 2158484 5096868 2172460
1786940606406 2158484 5096868 2172460
1786940606456 2158484 5096868 2172460
1786940606506 2158484 5096868 2172460
1786940606555 2158484 5096868 2172460
1786940606605 2158484 5096868 2172460
1786940606655 2158484 5096868 2172460
1786940606705 2158484 5096868 2172460
1786940606755 2158484 5096868 2172460
1786940606805 2158484 5096868 2172460
1786940606856 2158484 5096868 2172460
1786940606907 2158484 5096868 2172460
1786940606956 2158484 5096868 2172460
1786940607006 2158484 5096868 2172460
1786940607056 2158484 5096868 2172460
1786940607105 2158484 5096868 2172460
1786940607155 2158484 5096868 2172460
1786940607205 2158484 5096868 2172460
1786940607254 2158484 5096868 2172460
1786940607303 2158484 5096868 2172460
1786940607353 2158484 5096868 2172460
1786940607402 2158484 5096868 2172460
1786940607451 2158484 5096868 2172460
1786940607501 2158484 5096868 2172460
1786940607550 2158484 5096868 2172460
1786940607599 2158484 5096868 2172460
1786940607648 2158484 5096868 2172460
1786940607699 2158484 5096868 2172460
1786940607749 2158484 5096868 2172460
1786940607798 2158484 5096868 2172460
1786940607847 2158484 5096868 2172460
1786940607896 2158484 5096868 2172460
1786940607946 2158484 5096868 2172460
1786940607995 2158484 5096868 2172460
1786940608046 2158484 5096868 2172460
1786940608095 2158484 5096868 2172460
1786940608145 2158484 5096868 2172460
1786940608195 2158484 5096868 2172460
1786940608245 2158484 5096868 2172460
1786940608294 2158484 5096868 2172460
1786940608344 2158484 5096868 2172460
1786940608395 2158484 5096868 2172460
1786940608445 2158484 5096868 2172460
1786940608495 2158484 5096868 2172460
1786940608545 2158484 5096868 2172460
1786940608595 2158484 5096868 2172460
1786940608646 2158484 5096868 2172460
1786940608696 2158484 5096868 2172460
1786940608747 2158484 5096868 2172460
1786940608797 2158484 5096868 2172460
1786940608846 2158484 5096868 2172460
1786940608896 2158484 5096868 2172460
1786940608945 2158484 5096868 2172460
1786940608994 2158484 5096868 2172460
1786940609044 2158484 5096868 2172460
1786940609094 2158484 5096868 2172460
1786940609143 2158484 5096868 2172460
1786940609193 2158484 5096868 2172460
1786940609243 2158484 5096868 2172460
1786940609293 2158484 5096868 2172460
1786940609343 2158484 5096868 2172460
1786940609392 2158484 5096868 2172460
1786940609442 2158484 5096868 2172460
1786940609492 2158484 5096868 2172460
1786940609541 2158484 5096868 2172460
1786940609592 2158484 5096868 2172460
1786940609643 2158484 5096868 2172460
1786940609694 2158484 5096868 2172460
1786940609744 2158484 5096868 2172460
1786940609794 2158484 5096868 2172460
1786940609846 2158484 5096868 2172460
1786940609895 2158484 5096868 2172460
1786940609946 2158484 5096868 2172460
1786940609996 2158484 5096868 2172460
1786940610047 2158484 5096868 2172460
1786940610098 2158484 5096868 2172460
1786940610148 2158484 5096868 2172460
1786940610198 2158484 5096868 2172460
1786940610247 2158484 5096868 2172460
1786940610297 2158484 5096868 2172460
1786940610347 2158484 5096868 2172460
1786940610397 2158484 5096868 2172460
1786940610446 2158484 5096868 2172460
1786940610497 2158484 5096868 2172460
1786940610547 2158484 5096868 2172460
1786940610596 2158484 5096868 2172460
1786940610647 2158484 5096868 2172460
1786940610700 2158484 5096868 2172460
1786940610752 2158484 5096868 2172460
1786940610803 2158484 5096868 2172460
1786940610856 2158484 5096868 2172460
1786940610910 2158484 5096868 2172460
1786940610963 2158484 5096868 2172460
1786940611017 2158484 5096868 2172460
1786940611070 2158484 5096868 2172460
1786940611124 2158484 5096868 2172460
1786940611178 2158484 5096868 2172460
1786940611233 2158484 5096868 2172460
1786940611287 2158484 5096868 2172460
1786940611341 2158484 5096868 2172460
1786940611395 2158484 5096868 2172460
1786940611449 2158484 5096868 2172460
1786940611502 2158484 5096868 2172460
1786940611553 2158484 5096868 2172460
1786940611604 2158484 5096868 2172460
1786940611658 2158484 5096868 2172460
1786940611712 2158484 5096868 2172460
1786940611765 2158484 5096868 2172460
1786940611819 2158484 5096868 2172460
1786940611872 2158484 5096868 2172460
1786940611926 2158484 5096868 2172460
1786940611979 2158484 5096868 2172460
1786940612032 2158484 5096868 2172460
1786940612086 2158484 5096868 2172460
1786940612140 2158484 5096868 2172460
1786940612193 2158484 5096868 2172460
1786940612246 2158484 5096868 2172460
1786940612298 2158484 5096868 2172460
1786940612349 2158484 5096868 2172460
1786940612402 2158484 5096868 2172460
1786940612456 2158484 5096868 2172460
1786940612510 2158484 5096868 2172460
1786940612564 2158484 5096868 2172460
1786940612617 2158484 5096868 2172460
1786940612671 2158484 5096868 2172460
1786940612724 2158484 5096868 2172460
1786940612777 2158484 5096868 2172460
1786940612830 2158484 5096868 2172460
1786940612884 2158484 5096868 2172460
1786940612938 2158484 5096868 2172460
1786940612991 2158484 5096868 2172460
1786940613045 2158484 5096868 2172460
1786940613097 2158484 5096868 2172460
1786940613150 2158484 5096868 2172460
1786940613204 2158484 5096868 2172460
1786940613259 2158484 5096868 2172460
1786940613314 2158484 5096868 2172460
1786940613368 2158484 5096868 2172460
1786940613422 2158484 5096868 2172460
1786940613476 2158484 5096868 2172460
1786940613530 2158484 5096868 2172460
1786940613584 2158484 5096868 2172460
1786940613639 2158484 5096868 2172460
1786940613694 2158484 5096868 2172460
1786940613748 2158484 5096868 2172460
1786940613803 2158484 5096868 2172460
1786940613857 2158484 5096868 2172460
1786940613910 2158484 5096868 2172460
1786940613964 2158484 5096868 2172460
1786940614018 2158484 5096868 2172460
1786940614071 2158484 5096868 2172460
1786940614125 2158484 5096868 2172460
1786940614179 2158484 5096868 2172460
1786940614232 2158484 5096868 2172460
1786940614286 2158484 5096868 2172460
1786940614340 2158484 5096868 2172460
1786940614394 2158484 5096868 2172460
1786940614448 2158484 5096868 2172460
1786940614503 2158484 5096868 2172460
1786940614557 2158484 5096868 2172460
1786940614611 2158484 5096868 2172460
1786940614665 2158484 5096868 2172460
1786940614719 2158484 5096868 2172460
1786940614774 2158484 5096868 2172460
1786940614829 2158484 5096868 2172460
1786940614883 2158484 5096868 2172460
1786940614938 2158484 5096868 2172460
1786940614991 2158484 5096868 2172460
1786940615045 2158484 5096868 2172460
1786940615099 2158484 5096868 2172460
1786940615152 2158484 5096868 2172460
1786940615206 2158484 5096868 2172460
1786940615260 2158484 5096868 2172460
1786940615313 2158484 5096868 2172460
1786940615366 2158484 5096868 2172460
1786940615421 2158484 5096868 2172460
1786940615476 2158484 5096868 2172460
1786940615531 2158484 5096868 2172460
1786940615585 2158484 5096868 2172460
1786940615639 2158484 5096868 2172460
1786940615694 2158484 5096868 2172460
1786940615747 2158484 5096868 2172460
1786940615801 2158484 5096868 2172460
1786940615856 2158484 5096868 2172460
1786940615910 2158484 5096868 2172460
1786940615965 2158484 5096868 2172460
1786940616019 2158484 5096868 2172460
1786940616073 2158484 5096868 2172460
1786940616126 2158484 5096868 2172460
1786940616180 2158484 5096868 2172460
1786940616234 2158484 5096868 2172460
1786940616288 2158484 5096868 2172460
1786940616341 2158484 5096868 2172460
1786940616395 2158484 5096868 2172460
1786940616448 2158484 5096868 2172460
1786940616502 2158484 5096868 2172460
1786940616554 2158484 5096868 2172460
1786940616605 2166764 5096868 2172460
1786940616657 2166764 5096868 2172460
1786940616710 2174956 5096868 2174956
1786940616762 2174956 5096868 2174956
1786940616816 2166780 5096868 2172460
1786940616871 2174956 5096868 2174956
1786940616927 2175084 5096868 2175084
1786940616981 2175084 5096868 2175084
1786940617036 2175212 5096868 2175212
1786940617090 2161092 5096868 2172460
1786940617139 2166860 5096868 2172460
1786940617192 2174956 5096868 2174956
1786940617249 2177268 5096868 2177268
1786940617313 2177324 5096868 2177324
1786940617371 2177324 5096868 2177324
1786940617439 2177324 5096868 2177324
1786940617494 2177324 5096868 2177324
1786940617548 2177324 5096868 2177324
1786940617603 2177324 5096868 2177324
1786940617657 2177324 5096868 2177324
1786940617714 2177324 5096868 2177324
1786940617769 2177324 5096868 2177324
1786940617825 2177684 5096868 2177684
1786940617881 2181064 5096868 2181064
1786940617938 2183404 5096868 2183404
1786940618108 2183404 5096868 2183404
1786940618159 2183404 5096868 2183404
1786940618212 2183404 5096868 2183404
1786940618268 2183404 5096868 2183404
1786940618323 2183404 5096868 2183404
1786940618379 2183404 5096868 2183404
1786940618432 2183404 5096868 2183404
1786940618494 2183404 5096868 2183404
1786940618550 2183404 5096868 2183404
1786940618606 2183404 5096868 2183404
1786940618662 2183404 5096868 2183404
1786940618715 2183404 5096868 2183404
1786940618767 2183404 5096868 2183404
1786940618822 2183408 5096868 2183408
1786940618948 2190532 5096868 2190532
1786940619069 2193600 5096868 2193600
1786940619258 2193600 5096868 2193600
1786940619316 2193600 5096868 2193600
1786940619372 2193600 5096868 2193600
1786940619428 2192860 5096868 2192860
1786940619484 2187680 5096868 2187680
1786940619540 2174932 5096868 2180512
1786940619587 2168840 5096868 2180512
1786940619640 2168840 5096868 2180512
1786940619691 2170284 5096868 2180512
1786940619742 2170284 5096868 2180512
1786940619794 2170284 5096868 2180512
1786940619846 2170284 5096868 2180512
1786940619898 2170284 5096868 2180512
1786940619950 2170284 5096868 2180512
1786940620002 2170284 5096868 2180512
1786940620055 2170284 5096868 2180512
1786940620107 2170284 5096868 2180512
1786940620159 2170284 5096868 2180512
1786940620211 2170284 5096868 2180512
1786940620263 2170284 5096868 2180512
1786940620315 2170284 5096868 2180512
1786940620367 2170284 5096868 2180512
1786940620419 2170284 5096868 2180512
1786940620471 2170284 5096868 2180512
1786940620523 2170284 5096868 2180512
1786940620574 2170284 5096868 2180512
1786940620626 2170284 5096868 2180512
1786940620679 2170284 5096868 2180512
1786940620731 2170284 5096868 2180512
1786940620783 2170284 5096868 2180512
1786940620835 2170284 5096868 2180512
1786940620888 2170284 5096868 2180512
1786940620940 2170284 5096868 2180512
1786940620992 2170284 5096868 2180512
1786940621044 2170284 5096868 2180512
1786940621096 2170284 5096868 2180512
1786940621148 2170284 5096868 2180512
1786940621200 2170284 5096868 2180512
1786940621252 2170284 5096868 2180512
1786940621304 2170284 5096868 2180512
1786940621357 2170284 5096868 2180512
1786940621409 2170284 5096868 2180512
1786940621462 2170284 5096868 2180512
1786940621514 2170284 5096868 2180512
1786940621566 2170284 5096868 2180512
1786940621618 2170284 5096868 2180512
1786940621670 2170284 5096868 2180512
1786940621722 2170284 5096868 2180512
1786940621774 2170284 5096868 2180512
1786940621826 2170284 5096868 2180512
1786940621879 2170284 5096868 2180512
1786940621930 2170284 5096868 2180512
1786940621983 2170284 5096868 2180512
1786940622035 2170284 5096868 2180512
1786940622088 2170284 5096868 2180512
1786940622139 2170284 5096868 2180512
1786940622191 2170284 5096868 2180512
1786940622244 2170284 5096868 2180512
1786940622295 2170284 5096868 2180512
1786940622348 2170284 5096868 2180512
1786940622399 2170284 5096868 2180512
1786940622451 2170284 5096868 2180512
1786940622503 2170284 5096868 2180512
1786940622555 2170284 5096868 2180512
1786940622608 2170284 5096868 2180512
1786940622659 2170284 5096868 2180512
1786940622711 2170284 5096868 2180512
1786940622763 2170284 5096868 2180512
1786940622815 2170284 5096868 2180512
1786940622867 2170284 5096868 2180512
1786940622919 2170284 5096868 2180512
1786940622972 2170284 5096868 2180512
1786940623024 2170284 5096868 2180512
1786940623076 2170284 5096868 2180512
1786940623129 2170284 5096868 2180512
1786940623180 2170284 5096868 2180512
1786940623233 2170284 5096868 2180512
1786940623285 2170284 5096868 2180512
1786940623338 2170284 5096868 2180512
1786940623390 2170284 5096868 2180512
1786940623442 2170284 5096868 2180512
1786940623495 2170284 5096868 2180512
1786940623547 2170284 5096868 2180512
1786940623600 2170284 5096868 2180512
1786940623652 2170284 5096868 2180512
1786940623705 2170284 5096868 2180512
1786940623759 2170284 5096868 2180512
1786940623811 2170284 5096868 2180512
1786940623864 2170284 5096868 2180512
1786940623917 2170284 5096868 2180512
1786940623969 2170284 5096868 2180512
1786940624022 2170284 5096868 2180512
1786940624075 2170284 5096868 2180512
1786940624127 2170284 5096868 2180512
1786940624180 2170284 5096868 2180512
1786940624233 2170284 5096868 2180512
1786940624285 2170284 5096868 2180512
1786940624338 2170284 5096868 2180512
1786940624392 2170284 5096868 2180512
1786940624444 2170284 5096868 2180512
1786940624497 2170284 5096868 2180512
1786940624548 2170284 5096868 2180512
1786940624599 2170284 5096868 2180512
1786940624651 2170284 5096868 2180512
1786940624702 2170284 5096868 2180512
1786940624755 2170284 5096868 2180512
1786940624807 2170284 5096868 2180512
1786940624859 2170284 5096868 2180512
1786940624911 2170284 5096868 2180512
1786940624962 2170284 5096868 2180512
1786940625015 2170284 5096868 2180512
1786940625067 2170284 5096868 2180512
1786940625119 2170284 5096868 2180512
1786940625171 2170284 5096868 2180512
1786940625223 2170284 5096868 2180512
1786940625275 2170284 5096868 2180512
1786940625327 2170284 5096868 2180512
1786940625380 2170284 5096868 2180512
1786940625432 2170284 5096868 2180512
1786940625485 2170284 5096868 2180512
1786940625537 2170284 5096868 2180512
1786940625589 2170284 5096868 2180512
1786940625641 2170284 5096868 2180512
1786940625693 2170284 5096868 2180512
1786940625746 2170284 5096868 2180512
1786940625797 2170284 5096868 2180512
1786940625849 2170284 5096868 2180512
1786940625901 2170284 5096868 2180512
1786940625952 2170284 5096868 2180512
1786940626005 2170284 5096868 2180512
1786940626057 2170284 5096868 2180512
1786940626109 2170284 5096868 2180512
1786940626162 2170284 5096868 2180512
1786940626214 2170284 5096868 2180512
1786940626267 2170284 5096868 2180512
1786940626319 2170284 5096868 2180512
1786940626372 2170284 5096868 2180512
1786940626425 2170284 5096868 2180512
1786940626477 2170284 5096868 2180512
1786940626530 2170284 5096868 2180512
1786940626581 2170284 5096868 2180512
1786940626634 2170284 5096868 2180512
1786940626687 2170284 5096868 2180512
1786940626739 2170284 5096868 2180512
1786940626792 2170284 5096868 2180512
1786940626844 2170284 5096868 2180512
1786940626897 2170284 5096868 2180512
1786940626949 2170284 5096868 2180512
1786940627002 2170284 5096868 2180512
1786940627054 2170284 5096868 2180512
1786940627107 2170284 5096868 2180512
1786940627160 2170284 5096868 2180512
1786940627212 2170284 5096868 2180512
1786940627265 2170284 5096868 2180512
1786940627316 2170284 5096868 2180512
1786940627368 2170284 5096868 2180512
1786940627421 2170284 5096868 2180512
1786940627473 2170284 5096868 2180512
1786940627525 2170284 5096868 2180512
1786940627578 2170284 5096868 2180512
1786940627630 2170284 5096868 2180512
1786940627683 2170284 5096868 2180512
1786940627735 2170284 5096868 2180512
1786940627788 2170284 5096868 2180512
1786940627840 2170284 5096868 2180512
1786940627892 2170284 5096868 2180512
1786940627944 2170284 5096868 2180512
1786940627996 2170284 5096868 2180512
1786940628049 2170284 5096868 2180512
1786940628102 2170284 5096868 2180512
1786940628154 2170284 5096868 2180512
1786940628207 2170284 5096868 2180512
1786940628259 2170284 5096868 2180512
1786940628312 2170284 5096868 2180512
1786940628364 2170284 5096868 2180512
1786940628417 2170284 5096868 2180512
1786940628469 2170284 5096868 2180512
1786940628521 2170284 5096868 2180512
1786940628573 2170284 5096868 2180512
1786940628625 2170284 5096868 2180512
1786940628677 2170284 5096868 2180512
1786940628729 2170284 5096868 2180512
1786940628782 2170284 5096868 2180512
1786940628835 2170284 5096868 2180512
1786940628887 2170284 5096868 2180512
1786940628940 2170284 5096868 2180512
1786940628992 2170284 5096868 2180512
1786940629043 2170284 5096868 2180512
1786940629096 2170284 5096868 2180512
1786940629148 2170284 5096868 2180512
1786940629200 2170284 5096868 2180512
1786940629252 2170284 5096868 2180512
1786940629304 2170284 5096868 2180512
1786940629356 2170284 5096868 2180512
1786940629409 2170284 5096868 2180512
1786940629461 2170284 5096868 2180512
1786940629513 2170284 5096868 2180512
1786940629566 2170284 5096868 2180512
1786940629618 2170284 5096868 2180512
1786940629671 2170284 5096868 2180512
1786940629723 2170284 5096868 2180512
1786940629776 2170284 5096868 2180512
1786940629829 2170284 5096868 2180512
1786940629881 2170284 5096868 2180512
1786940629933 2170284 5096868 2180512
1786940629986 2170284 5096868 2180512
1786940630039 2170284 5096868 2180512
1786940630091 2170284 5096868 2180512
1786940630143 2170284 5096868 2180512
1786940630195 2170284 5096868 2180512
1786940630247 2170284 5096868 2180512
1786940630300 2170284 5096868 2180512
1786940630353 2170284 5096868 2180512
1786940630405 2170284 5096868 2180512
1786940630458 2170284 5096868 2180512
1786940630510 2170284 5096868 2180512
1786940630563 2170284 5096868 2180512
1786940630615 2170284 5096868 2180512
1786940630668 2170284 5096868 2180512
1786940630721 2170284 5096868 2180512
1786940630773 2170284 5096868 2180512
1786940630826 2170284 5096868 2180512
1786940630879 2170284 5096868 2180512
1786940630931 2170284 5096868 2180512
1786940630984 2170284 5096868 2180512
1786940631036 2170284 5096868 2180512
1786940631089 2170284 5096868 2180512
1786940631141 2170284 5096868 2180512
1786940631194 2170284 5096868 2180512
1786940631247 2170284 5096868 2180512
1786940631299 2170284 5096868 2180512
1786940631352 2170284 5096868 2180512
1786940631404 2170284 5096868 2180512
1786940631456 2170284 5096868 2180512
1786940631507 2178828 5096868 2180512
1786940631561 2186940 5096868 2186940
1786940631619 2189008 5096868 2189008
1786940631674 2189308 5096868 2189308
1786940631730 2180448 5096868 2180512
1786940631778 2171260 5096868 2180512
1786940631831 2171388 5096868 2180512
1786940631883 2171388 5096868 2180512
1786940631936 2171388 5096868 2180512
1786940631989 2171388 5096868 2180512
1786940632042 2171388 5096868 2180512
1786940632094 2171388 5096868 2180512
1786940632147 2171388 5096868 2180512
1786940632200 2171388 5096868 2180512
1786940632253 2171388 5096868 2180512
1786940632305 2171388 5096868 2180512
1786940632358 2179588 5096868 2180512
1786940632412 2187700 5096868 2187700
1786940632467 2172404 5096868 2180512
1786940632522 2182672 5096868 2182648
1786940632576 2187956 5096868 2187956
1786940632632 2195380 5096868 2195380
1786940632846 2196756 5096868 2196756
1786940632960 2196756 5096868 2196756
1786940633014 2196804 5096868 2196804
1786940633136 2199572 5096868 2199572
1786940633256 2199572 5096868 2199572
1786940633338 2198832 5096868 2198832
1786940633406 2195872 5096868 2195872
1786940633461 2183864 5096868 2188324
1786940633514 2176604 5096868 2188324
1786940633561 2174812 5096868 2188324
1786940633613 2174812 5096868 2188324
1786940633664 2183012 5096868 2188324
1786940633718 2191124 5096868 2191124
1786940633773 2193032 5096868 2193032
1786940633833 2193492 5096868 2193492
1786940633887 2186272 5096868 2188324
1786940633935 2177828 5096868 2188324
1786940633992 2186512 5096868 2188324
1786940634048 2191324 5096868 2191324
1786940634097 2179608 5096868 2188324
1786940634150 2174668 5096868 2188324
1786940634201 2174672 5096868 2188324
1786940634254 2174672 5096868 2188324
1786940634308 2174672 5096868 2188324
1786940634361 2174672 5096868 2188324
1786940634414 2174672 5096868 2188324
1786940634466 2174672 5096868 2188324
1786940634520 2174672 5096868 2188324
1786940634572 2174672 5096868 2188324
1786940634626 2174672 5096868 2188324
1786940634679 2174672 5096868 2188324
1786940634732 2174672 5096868 2188324
1786940634785 2174672 5096868 2188324
1786940634838 2174672 5096868 2188324
1786940634891 2174672 5096868 2188324
1786940634944 2174672 5096868 2188324
1786940634997 2174672 5096868 2188324
1786940635050 2174672 5096868 2188324
1786940635104 2174672 5096868 2188324
1786940635157 2174672 5096868 2188324
1786940635211 2174672 5096868 2188324
1786940635264 2174672 5096868 2188324
1786940635317 2174672 5096868 2188324
1786940635369 2174672 5096868 2188324
1786940635421 2174672 5096868 2188324
1786940635472 2174672 5096868 2188324
1786940635524 2174672 5096868 2188324
1786940635577 2174672 5096868 2188324
1786940635629 2174672 5096868 2188324
1786940635681 2174672 5096868 2188324
1786940635734 2174672 5096868 2188324
1786940635786 2174672 5096868 2188324
1786940635839 2174672 5096868 2188324
1786940635891 2174672 5096868 2188324
1786940635943 2174672 5096868 2188324
1786940635996 2174672 5096868 2188324
1786940636049 2174672 5096868 2188324
1786940636101 2174672 5096868 2188324
1786940636154 2174672 5096868 2188324
1786940636206 2174672 5096868 2188324
1786940636259 2174672 5096868 2188324
1786940636311 2174672 5096868 2188324
1786940636364 2174672 5096868 2188324
1786940636417 2174672 5096868 2188324
1786940636471 2174672 5096868 2188324
1786940636523 2174672 5096868 2188324
1786940636575 2183288 5096868 2188324
1786940636628 2183288 5096868 2188324
1786940636680 2191464 5096868 2191464
1786940636734 2191524 5096868 2191524
1786940636789 2183380 5096868 2188324
1786940636843 2183380 5096868 2188324
1786940636895 2191464 5096868 2191464
1786940636949 2191464 5096868 2191464
1786940637004 2195736 5096868 2195736
1786940637058 2197864 5096868 2197864
1786940637113 2197864 5096868 2197864
1786940637169 2198828 5096868 2198828
1786940637225 2199968 5096868 2199968
1786940637419 2199968 5096868 2199968
1786940637477 2203168 5096868 2203160
1786940637634 2204112 5096868 2204112
1786940637755 2204912 5096868 2204912
1786940637880 2205324 5096868 2205324
1786940638002 2205324 5096868 2205324
1786940638057 2205324 5096868 2205324
1786940638111 2205324 5096868 2205324
1786940638167 2205324 5096868 2205324
1786940638223 2205324 5096868 2205324
1786940638278 2205324 5096868 2205324
1786940638333 2205324 5096868 2205324
1786940638387 2205324 5096868 2205324
1786940638441 2205324 5096868 2205324
1786940638493 2205324 5096868 2205324
1786940638545 2205324 5096868 2205324
1786940638601 2205324 5096868 2205324
1786940638657 2205324 5096868 2205324
1786940638713 2205324 5096868 2205324
1786940638769 2205324 5096868 2205324
1786940638825 2205324 5096868 2205324
1786940638880 2201384 5096868 2201384
1786940638935 2185948 5096868 2194600
1786940638982 2183260 5096868 2194600
1786940639034 2183260 5096868 2194600
1786940639085 2183260 5096868 2194600
1786940639135 2183260 5096868 2194600
1786940639186 2183260 5096868 2194600
1786940639239 2183260 5096868 2194600
1786940639292 2183260 5096868 2194600
1786940639345 2183260 5096868 2194600
1786940639398 2183260 5096868 2194600
1786940639451 2183260 5096868 2194600
1786940639504 2183260 5096868 2194600
1786940639558 2183260 5096868 2194600
1786940639612 2183260 5096868 2194600
1786940639665 2183260 5096868 2194600
1786940639718 2183260 5096868 2194600
1786940639771 2183260 5096868 2194600
1786940639825 2183260 5096868 2194600
1786940639879 2183260 5096868 2194600
1786940639932 2183260 5096868 2194600
1786940639985 2183260 5096868 2194600
1786940640039 2183260 5096868 2194600
1786940640093 2183260 5096868 2194600
1786940640147 2183260 5096868 2194600
1786940640200 2183260 5096868 2194600
1786940640254 2183260 5096868 2194600
1786940640308 2183260 5096868 2194600
1786940640362 2183260 5096868 2194600
1786940640415 2183260 5096868 2194600
1786940640469 2183260 5096868 2194600
1786940640523 2183260 5096868 2194600
1786940640577 2183260 5096868 2194600
1786940640630 2183260 5096868 2194600
1786940640682 2183260 5096868 2194600
1786940640736 2183260 5096868 2194600
1786940640790 2183260 5096868 2194600
1786940640843 2183260 5096868 2194600
1786940640896 2183260 5096868 2194600
1786940640949 2183260 5096868 2194600
1786940641001 2191460 5096868 2194600
1786940641055 2199572 5096868 2199572
1786940641111 2184292 5096868 2194600
1786940641173 2195868 5096868 2195868
1786940641228 2202132 5096868 2202132
1786940641288 2207764 5096868 2207764
1786940641511 2208280 5096868 2208280
1786940641629 2208280 5096868 2208280
1786940641680 2208280 5096868 2208280
1786940641731 2208280 5096868 2208280
1786940641800 2208280 5096868 2208280
1786940641865 2208280 5096868 2208280
1786940641918 2208280 5096868 2208280
1786940641971 2205320 5096868 2205320
1786940642027 2203100 5096868 2203100
1786940642082 2195700 5096868 2197392
1786940642134 2185052 5096868 2197392
1786940642180 2183520 5096868 2197392
1786940642232 2183520 5096868 2197392
1786940642284 2191720 5096868 2197392
1786940642339 2199832 5096868 2199832
1786940642377 2201612 5096868 2201612
1786940642432 2202200 5096868 2202200
1786940642488 2202200 5096868 2202200
1786940642538 2184248 5096868 2197392
1786940642614 2197080 5096868 2197392
1786940642670 2200056 5096868 2200056
1786940642719 2183488 5096868 2197392
1786940642772 2183488 5096868 2197392
1786940642823 2183488 5096868 2197392
1786940642873 2183488 5096868 2197392
1786940642923 2183488 5096868 2197392
1786940642973 2183488 5096868 2197392
1786940643023 2183488 5096868 2197392
1786940643073 2183488 5096868 2197392
1786940643122 2183488 5096868 2197392
1786940643172 2183488 5096868 2197392
1786940643222 2183488 5096868 2197392
1786940643273 2183488 5096868 2197392
1786940643324 2183488 5096868 2197392
1786940643374 2183488 5096868 2197392
1786940643426 2183488 5096868 2197392
1786940643476 2183488 5096868 2197392
1786940643526 2183488 5096868 2197392
1786940643577 2183488 5096868 2197392
1786940643627 2183488 5096868 2197392
1786940643679 2183488 5096868 2197392
1786940643730 2183488 5096868 2197392
1786940643781 2183488 5096868 2197392
1786940643832 2183488 5096868 2197392
1786940643882 2183488 5096868 2197392
1786940643932 2183488 5096868 2197392
1786940643983 2183488 5096868 2197392
1786940644033 2183488 5096868 2197392
1786940644084 2183488 5096868 2197392
1786940644134 2183488 5096868 2197392
1786940644184 2183488 5096868 2197392
1786940644235 2183488 5096868 2197392
1786940644285 2183488 5096868 2197392
1786940644336 2183488 5096868 2197392
1786940644387 2183488 5096868 2197392
1786940644438 2183488 5096868 2197392
1786940644489 2183488 5096868 2197392
1786940644538 2183488 5096868 2197392
1786940644589 2183488 5096868 2197392
1786940644640 2183488 5096868 2197392
1786940644691 2183488 5096868 2197392
1786940644742 2183488 5096868 2197392
1786940644792 2183488 5096868 2197392
1786940644843 2183488 5096868 2197392
1786940644893 2183488 5096868 2197392
1786940644943 2183488 5096868 2197392
1786940644993 2183488 5096868 2197392
1786940645042 2183488 5096868 2197392
1786940645091 2183488 5096868 2197392
1786940645139 2183488 5096868 2197392
1786940645189 2183488 5096868 2197392
1786940645239 2183488 5096868 2197392
1786940645289 2183488 5096868 2197392
1786940645339 2183488 5096868 2197392
1786940645390 2183488 5096868 2197392
1786940645441 2183488 5096868 2197392
1786940645489 2183488 5096868 2197392
1786940645537 2183488 5096868 2197392
1786940645586 2183488 5096868 2197392
1786940645636 2183488 5096868 2197392
1786940645685 2183488 5096868 2197392
1786940645734 2183488 5096868 2197392
1786940645783 2183488 5096868 2197392
1786940645834 2183488 5096868 2197392
1786940645885 2183488 5096868 2197392
1786940645934 2183488 5096868 2197392
1786940645984 2183488 5096868 2197392
1786940646034 2183488 5096868 2197392
1786940646083 2183488 5096868 2197392
1786940646133 2183488 5096868 2197392
1786940646183 2183488 5096868 2197392
1786940646233 2183488 5096868 2197392
1786940646283 2183488 5096868 2197392
1786940646332 2183488 5096868 2197392
1786940646383 2183488 5096868 2197392
1786940646432 2183488 5096868 2197392
1786940646481 2183488 5096868 2197392
1786940646531 2183488 5096868 2197392
1786940646581 2183488 5096868 2197392
1786940646631 2183488 5096868 2197392
1786940646681 2183488 5096868 2197392
1786940646731 2183488 5096868 2197392
1786940646781 2183488 5096868 2197392
1786940646831 2183488 5096868 2197392
1786940646880 2183488 5096868 2197392
1786940646929 2183488 5096868 2197392
1786940646978 2183488 5096868 2197392
1786940647027 2183488 5096868 2197392
1786940647078 2183488 5096868 2197392
1786940647128 2183488 5096868 2197392
1786940647178 2183488 5096868 2197392
1786940647226 2183488 5096868 2197392
1786940647276 2183488 5096868 2197392
1786940647326 2183488 5096868 2197392
1786940647376 2183488 5096868 2197392
1786940647426 2183488 5096868 2197392
1786940647476 2183488 5096868 2197392
1786940647526 2183488 5096868 2197392
1786940647577 2183488 5096868 2197392
1786940647626 2183488 5096868 2197392
1786940647675 2183488 5096868 2197392
1786940647724 2183488 5096868 2197392
1786940647774 2183488 5096868 2197392
1786940647823 2183488 5096868 2197392
1786940647872 2183488 5096868 2197392
1786940647922 2183488 5096868 2197392
1786940647971 2183488 5096868 2197392
1786940648021 2183488 5096868 2197392
1786940648070 2183488 5096868 2197392
1786940648120 2183488 5096868 2197392
1786940648170 2183488 5096868 2197392
1786940648220 2183488 5096868 2197392
1786940648269 2183488 5096868 2197392
1786940648317 2183488 5096868 2197392
1786940648367 2183488 5096868 2197392
1786940648416 2183488 5096868 2197392
1786940648466 2183488 5096868 2197392
1786940648516 2183488 5096868 2197392
1786940648566 2183488 5096868 2197392
1786940648617 2183488 5096868 2197392
1786940648667 2183488 5096868 2197392
1786940648718 2183488 5096868 2197392
1786940648767 2183488 5096868 2197392
1786940648816 2183488 5096868 2197392
1786940648865 2183488 5096868 2197392
1786940648914 2183488 5096868 2197392
1786940648963 2183488 5096868 2197392
1786940649012 2183488 5096868 2197392
1786940649061 2183488 5096868 2197392
1786940649111 2183488 5096868 2197392
1786940649160 2183488 5096868 2197392
1786940649210 2183488 5096868 2197392
1786940649260 2183488 5096868 2197392
1786940649310 2183488 5096868 2197392
1786940649358 2183488 5096868 2197392
1786940649408 2183488 5096868 2197392
1786940649457 2183488 5096868 2197392
1786940649505 2183488 5096868 2197392
1786940649553 2183488 5096868 2197392
1786940649602 2183488 5096868 2197392
1786940649652 2183488 5096868 2197392
1786940649700 2183488 5096868 2197392
1786940649750 2183488 5096868 2197392
1786940649799 2183488 5096868 2197392
1786940649848 2183488 5096868 2197392
1786940649898 2183488 5096868 2197392
1786940649947 2183488 5096868 2197392
1786940649996 2183488 5096868 2197392
1786940650046 2183488 5096868 2197392
1786940650095 2183488 5096868 2197392
1786940650143 2183488 5096868 2197392
1786940650193 2183488 5096868 2197392
1786940650242 2183488 5096868 2197392
1786940650290 2183488 5096868 2197392
1786940650339 2183488 5096868 2197392
1786940650388 2183488 5096868 2197392
1786940650438 2183488 5096868 2197392
1786940650487 2183488 5096868 2197392
1786940650537 2183488 5096868 2197392
1786940650585 2183488 5096868 2197392
1786940650635 2183488 5096868 2197392
1786940650684 2183488 5096868 2197392
1786940650733 2183488 5096868 2197392
1786940650782 2183488 5096868 2197392
1786940650832 2183488 5096868 2197392
1786940650881 2183488 5096868 2197392
1786940650931 2183488 5096868 2197392
1786940650980 2183488 5096868 2197392
1786940651028 2183488 5096868 2197392
1786940651076 2183488 5096868 2197392
1786940651125 2183488 5096868 2197392
1786940651174 2183488 5096868 2197392
1786940651224 2183488 5096868 2197392
1786940651273 2183488 5096868 2197392
1786940651322 2183488 5096868 2197392
1786940651371 2183488 5096868 2197392
1786940651420 2183488 5096868 2197392
1786940651469 2183488 5096868 2197392
1786940651518 2183488 5096868 2197392
1786940651567 2183488 5096868 2197392
1786940651616 2183488 5096868 2197392
1786940651666 2183488 5096868 2197392
1786940651715 2183488 5096868 2197392
1786940651766 2183488 5096868 2197392
1786940651816 2183488 5096868 2197392
1786940651867 2183488 5096868 2197392
1786940651917 2183488 5096868 2197392
1786940651967 2183488 5096868 2197392
1786940652019 2183488 5096868 2197392
1786940652070 2183488 5096868 2197392
1786940652121 2183488 5096868 2197392
1786940652171 2183488 5096868 2197392
1786940652221 2183488 5096868 2197392
1786940652271 2183488 5096868 2197392
1786940652321 2183488 5096868 2197392
1786940652370 2183488 5096868 2197392
1786940652420 2183488 5096868 2197392
1786940652470 2183488 5096868 2197392
1786940652520 2183488 5096868 2197392
1786940652570 2183488 5096868 2197392
1786940652620 2183488 5096868 2197392
1786940652670 2183488 5096868 2197392
1786940652720 2183488 5096868 2197392
1786940652770 2183488 5096868 2197392
1786940652819 2183488 5096868 2197392
1786940652870 2183488 5096868 2197392
1786940652920 2183488 5096868 2197392
1786940652970 2183488 5096868 2197392
1786940653020 2183488 5096868 2197392
1786940653070 2183488 5096868 2197392
1786940653120 2183488 5096868 2197392
1786940653171 2183488 5096868 2197392
1786940653220 2183488 5096868 2197392
1786940653269 2183488 5096868 2197392
1786940653319 2183488 5096868 2197392
1786940653370 2183488 5096868 2197392
1786940653420 2183488 5096868 2197392
1786940653470 2183488 5096868 2197392
1786940653520 2183488 5096868 2197392
1786940653570 2183488 5096868 2197392
1786940653620 2183488 5096868 2197392
1786940653669 2183488 5096868 2197392
1786940653718 2183488 5096868 2197392
1786940653768 2183488 5096868 2197392
1786940653817 2183488 5096868 2197392
1786940653867 2183488 5096868 2197392
1786940653917 2183488 5096868 2197392
1786940653966 2183488 5096868 2197392
1786940654014 2183488 5096868 2197392
1786940654063 2183488 5096868 2197392
1786940654113 2183488 5096868 2197392
1786940654162 2183488 5096868 2197392
1786940654212 2183488 5096868 2197392
1786940654262 2183488 5096868 2197392
1786940654312 2183488 5096868 2197392
1786940654361 2183488 5096868 2197392
1786940654411 2183488 5096868 2197392
1786940654461 2183488 5096868 2197392
1786940654512 2183488 5096868 2197392
1786940654562 2183488 5096868 2197392
1786940654612 2183488 5096868 2197392
1786940654661 2183488 5096868 2197392
1786940654710 2183488 5096868 2197392
1786940654760 2183488 5096868 2197392
1786940654810 2183488 5096868 2197392
1786940654859 2183488 5096868 2197392
1786940654909 2183488 5096868 2197392
1786940654957 2183488 5096868 2197392
1786940655007 2183488 5096868 2197392
1786940655056 2183488 5096868 2197392
1786940655107 2183488 5096868 2197392
1786940655157 2183488 5096868 2197392
1786940655206 2183488 5096868 2197392
1786940655257 2183488 5096868 2197392
1786940655308 2183488 5096868 2197392
1786940655359 2183488 5096868 2197392
1786940655410 2183488 5096868 2197392
1786940655459 2183488 5096868 2197392
1786940655509 2183488 5096868 2197392
1786940655557 2183488 5096868 2197392
1786940655606 2183488 5096868 2197392
1786940655655 2183488 5096868 2197392
1786940655704 2183488 5096868 2197392
1786940655754 2183488 5096868 2197392
1786940655804 2183488 5096868 2197392
1786940655854 2183488 5096868 2197392
1786940655904 2183488 5096868 2197392
1786940655956 2183488 5096868 2197392
1786940656006 2183488 5096868 2197392
1786940656057 2183488 5096868 2197392
1786940656107 2183488 5096868 2197392
1786940656157 2183488 5096868 2197392
1786940656206 2183488 5096868 2197392
1786940656255 2183488 5096868 2197392
1786940656303 2183488 5096868 2197392
1786940656352 2183488 5096868 2197392
1786940656401 2183488 5096868 2197392
1786940656451 2183488 5096868 2197392
1786940656499 2183488 5096868 2197392
1786940656549 2183488 5096868 2197392
1786940656599 2183488 5096868 2197392
1786940656651 2183488 5096868 2197392
1786940656701 2183488 5096868 2197392
1786940656750 2183488 5096868 2197392
1786940656801 2183488 5096868 2197392
1786940656851 2183488 5096868 2197392
1786940656902 2183488 5096868 2197392
1786940656953 2183488 5096868 2197392
1786940657002 2183488 5096868 2197392
1786940657051 2183488 5096868 2197392
1786940657101 2183488 5096868 2197392
1786940657151 2183488 5096868 2197392
1786940657200 2183488 5096868 2197392
1786940657249 2183488 5096868 2197392
1786940657300 2183488 5096868 2197392
1786940657349 2183488 5096868 2197392
1786940657399 2183488 5096868 2197392
1786940657449 2183488 5096868 2197392
1786940657499 2183488 5096868 2197392
1786940657549 2183488 5096868 2197392
1786940657599 2183488 5096868 2197392
1786940657648 2183488 5096868 2197392
1786940657698 2183488 5096868 2197392
1786940657749 2183488 5096868 2197392
1786940657798 2183488 5096868 2197392
1786940657848 2183488 5096868 2197392
1786940657896 2183488 5096868 2197392
1786940657947 2183488 5096868 2197392
1786940657997 2183488 5096868 2197392
1786940658047 2183488 5096868 2197392
1786940658097 2183488 5096868 2197392
1786940658147 2183488 5096868 2197392
1786940658196 2183488 5096868 2197392
1786940658247 2183488 5096868 2197392
1786940658298 2183488 5096868 2197392
1786940658349 2183488 5096868 2197392
1786940658400 2183488 5096868 2197392
1786940658450 2183488 5096868 2197392
1786940658499 2183488 5096868 2197392
1786940658549 2183488 5096868 2197392
1786940658598 2183488 5096868 2197392
1786940658648 2183488 5096868 2197392
1786940658698 2183488 5096868 2197392
1786940658750 2183488 5096868 2197392
1786940658800 2183488 5096868 2197392
1786940658851 2183488 5096868 2197392
1786940658901 2183488 5096868 2197392
1786940658952 2183488 5096868 2197392
1786940659001 2183488 5096868 2197392
1786940659052 2183488 5096868 2197392
1786940659104 2183488 5096868 2197392
1786940659154 2183488 5096868 2197392
1786940659204 2183488 5096868 2197392
1786940659254 2183488 5096868 2197392
1786940659306 2183488 5096868 2197392
1786940659360 2183488 5096868 2197392
1786940659412 2183488 5096868 2197392
1786940659464 2183488 5096868 2197392
1786940659519 2183488 5096868 2197392
1786940659573 2183488 5096868 2197392
1786940659627 2183488 5096868 2197392
1786940659681 2183488 5096868 2197392
1786940659735 2183488 5096868 2197392
1786940659789 2183488 5096868 2197392
1786940659842 2183488 5096868 2197392
1786940659896 2183488 5096868 2197392
1786940659949 2183488 5096868 2197392
1786940660002 2183488 5096868 2197392
1786940660055 2183488 5096868 2197392
1786940660109 2183488 5096868 2197392
1786940660161 2183488 5096868 2197392
1786940660213 2183488 5096868 2197392
1786940660266 2183488 5096868 2197392
1786940660320 2183488 5096868 2197392
1786940660374 2183488 5096868 2197392
1786940660428 2183488 5096868 2197392
1786940660483 2183488 5096868 2197392
1786940660538 2183488 5096868 2197392
1786940660592 2183488 5096868 2197392
1786940660646 2183488 5096868 2197392
1786940660700 2183488 5096868 2197392
1786940660754 2183488 5096868 2197392
1786940660808 2183488 5096868 2197392
1786940660861 2183488 5096868 2197392
1786940660915 2183488 5096868 2197392
1786940660967 2183488 5096868 2197392
1786940661019 2183488 5096868 2197392
1786940661073 2183488 5096868 2197392
1786940661126 2183488 5096868 2197392
1786940661179 2183488 5096868 2197392
1786940661233 2183488 5096868 2197392
1786940661287 2183488 5096868 2197392
1786940661341 2183488 5096868 2197392
1786940661395 2183488 5096868 2197392
1786940661449 2183488 5096868 2197392
1786940661503 2183488 5096868 2197392
1786940661558 2183488 5096868 2197392
1786940661612 2183488 5096868 2197392
1786940661666 2183488 5096868 2197392
1786940661719 2183488 5096868 2197392
1786940661772 2183488 5096868 2197392
1786940661827 2183488 5096868 2197392
1786940661882 2183488 5096868 2197392
1786940661936 2183488 5096868 2197392
1786940661991 2183488 5096868 2197392
1786940662046 2183488 5096868 2197392
1786940662101 2183488 5096868 2197392
1786940662154 2183488 5096868 2197392
1786940662209 2183488 5096868 2197392
1786940662264 2183488 5096868 2197392
1786940662318 2183488 5096868 2197392
1786940662373 2183488 5096868 2197392
1786940662428 2183488 5096868 2197392
1786940662483 2183488 5096868 2197392
1786940662536 2183488 5096868 2197392
1786940662589 2183488 5096868 2197392
1786940662644 2183488 5096868 2197392
1786940662698 2183488 5096868 2197392
1786940662752 2183488 5096868 2197392
1786940662805 2183488 5096868 2197392
1786940662859 2183488 5096868 2197392
1786940662913 2183488 5096868 2197392
1786940662969 2183488 5096868 2197392
1786940663024 2183488 5096868 2197392
1786940663080 2183488 5096868 2197392
1786940663135 2183488 5096868 2197392
1786940663189 2183488 5096868 2197392
1786940663244 2183488 5096868 2197392
1786940663298 2183488 5096868 2197392
1786940663354 2183488 5096868 2197392
1786940663409 2183488 5096868 2197392
1786940663464 2183488 5096868 2197392
1786940663519 2183488 5096868 2197392
1786940663574 2183488 5096868 2197392
1786940663629 2183488 5096868 2197392
1786940663683 2183488 5096868 2197392
1786940663736 2183488 5096868 2197392
1786940663790 2183488 5096868 2197392
1786940663844 2183488 5096868 2197392
1786940663898 2183488 5096868 2197392
1786940663952 2183488 5096868 2197392
1786940664006 2183488 5096868 2197392
1786940664060 2183488 5096868 2197392
1786940664114 2183488 5096868 2197392
1786940664169 2183488 5096868 2197392
1786940664224 2183488 5096868 2197392
1786940664279 2183488 5096868 2197392
1786940664333 2183488 5096868 2197392
1786940664388 2183488 5096868 2197392
1786940664442 2183488 5096868 2197392
1786940664498 2183488 5096868 2197392
1786940664553 2183488 5096868 2197392
1786940664607 2183488 5096868 2197392
1786940664663 2183488 5096868 2197392
1786940664718 2183488 5096868 2197392
1786940664772 2183488 5096868 2197392
1786940664824 2183488 5096868 2197392
1786940664878 2183488 5096868 2197392
1786940664932 2183488 5096868 2197392
1786940664986 2183488 5096868 2197392
1786940665041 2183488 5096868 2197392
1786940665095 2183488 5096868 2197392
1786940665149 2183488 5096868 2197392
1786940665202 2183488 5096868 2197392
1786940665253 2185872 5096868 2197392
1786940665307 2191704 5096868 2197392
1786940665360 2199832 5096868 2199832
1786940665413 2199832 5096868 2199832
1786940665467 2185428 5096868 2197392
1786940665515 2191656 5096868 2197392
1786940665573 2199952 5096868 2199952
1786940665627 2199960 5096868 2199960
1786940665683 2200024 5096868 2200024
1786940665737 2196584 5096868 2197392
1786940665786 2191748 5096868 2197392
1786940665841 2199832 5096868 2199832
1786940665897 2201580 5096868 2201580
1786940665954 2202200 5096868 2202200
1786940666017 2202200 5096868 2202200
1786940666073 2202200 5096868 2202200
1786940666136 2202200 5096868 2202200
1786940666189 2202200 5096868 2202200
1786940666243 2202200 5096868 2202200
1786940666298 2202200 5096868 2202200
1786940666357 2202200 5096868 2202200
1786940666414 2202200 5096868 2202200
1786940666471 2202400 5096868 2202400
1786940666527 2204140 5096868 2204140
1786940666582 2205420 5096868 2205420
1786940666635 2205420 5096868 2205420
1786940666687 2205420 5096868 2205420
1786940666738 2205420 5096868 2205420
1786940666790 2206760 5096868 2206760
1786940666846 2208280 5096868 2208280
1786940666902 2208280 5096868 2208280
1786940666957 2208280 5096868 2208280
1786940667008 2208280 5096868 2208280
1786940667064 2208280 5096868 2208280
1786940667120 2208280 5096868 2208280
1786940667176 2208280 5096868 2208280
1786940667233 2208280 5096868 2208280
1786940667298 2208280 5096868 2208280
1786940667354 2208280 5096868 2208280
1786940667411 2208280 5096868 2208280
1786940667467 2208280 5096868 2208280
1786940667521 2208280 5096868 2208280
1786940667574 2208280 5096868 2208280
1786940667631 2212108 5096868 2212108
1786940667813 2213128 5096868 2213128
1786940667941 2213128 5096868 2213128
1786940667998 2213128 5096868 2213128
1786940668055 2213128 5096868 2213128
1786940668112 2213128 5096868 2213128
1786940668173 2210908 5096868 2210908
1786940668228 2207208 5096868 2207208
1786940668283 2198304 5096868 2203360
1786940668337 2188368 5096868 2203360
1786940668389 2188368 5096868 2203360
1786940668439 2189812 5096868 2203360
1786940668491 2189812 5096868 2203360
1786940668543 2189812 5096868 2203360
1786940668596 2189812 5096868 2203360
1786940668648 2189812 5096868 2203360
1786940668701 2189812 5096868 2203360
1786940668753 2189812 5096868 2203360
1786940668806 2189812 5096868 2203360
1786940668858 2189812 5096868 2203360
1786940668911 2189812 5096868 2203360
1786940668963 2189812 5096868 2203360
1786940669015 2189812 5096868 2203360
1786940669068 2189812 5096868 2203360
1786940669120 2189812 5096868 2203360
1786940669173 2189812 5096868 2203360
1786940669225 2189812 5096868 2203360
1786940669278 2189812 5096868 2203360
1786940669330 2189812 5096868 2203360
1786940669383 2189812 5096868 2203360
1786940669435 2189812 5096868 2203360
1786940669487 2189812 5096868 2203360
1786940669539 2189812 5096868 2203360
1786940669592 2189812 5096868 2203360
1786940669644 2189812 5096868 2203360
1786940669697 2189812 5096868 2203360
1786940669749 2189812 5096868 2203360
1786940669802 2189812 5096868 2203360
1786940669854 2189812 5096868 2203360
1786940669906 2189812 5096868 2203360
1786940669958 2189812 5096868 2203360
1786940670011 2189812 5096868 2203360
1786940670063 2189812 5096868 2203360
1786940670115 2189812 5096868 2203360
1786940670167 2189812 5096868 2203360
1786940670219 2189812 5096868 2203360
1786940670272 2189812 5096868 2203360
1786940670324 2189812 5096868 2203360
1786940670376 2189812 5096868 2203360
1786940670428 2189812 5096868 2203360
1786940670481 2189812 5096868 2203360
1786940670535 2189812 5096868 2203360
1786940670588 2189812 5096868 2203360
1786940670641 2189812 5096868 2203360
1786940670693 2189812 5096868 2203360
1786940670745 2189812 5096868 2203360
1786940670799 2189812 5096868 2203360
1786940670851 2189812 5096868 2203360
1786940670904 2189812 5096868 2203360
1786940670956 2189812 5096868 2203360
1786940671008 2189812 5096868 2203360
1786940671061 2189812 5096868 2203360
1786940671113 2189812 5096868 2203360
1786940671166 2189812 5096868 2203360
1786940671219 2189812 5096868 2203360
1786940671271 2189812 5096868 2203360
1786940671323 2189812 5096868 2203360
1786940671375 2189812 5096868 2203360
1786940671428 2189812 5096868 2203360
1786940671480 2189812 5096868 2203360
1786940671533 2189812 5096868 2203360
1786940671585 2189812 5096868 2203360
1786940671637 2189812 5096868 2203360
1786940671690 2189812 5096868 2203360
1786940671742 2189812 5096868 2203360
1786940671794 2189812 5096868 2203360
1786940671847 2189812 5096868 2203360
1786940671899 2189812 5096868 2203360
1786940671951 2189812 5096868 2203360
1786940672003 2189812 5096868 2203360
1786940672056 2189812 5096868 2203360
1786940672107 2189812 5096868 2203360
1786940672160 2189812 5096868 2203360
1786940672213 2189812 5096868 2203360
1786940672266 2189812 5096868 2203360
1786940672318 2189812 5096868 2203360
1786940672371 2189812 5096868 2203360
1786940672423 2189812 5096868 2203360
1786940672476 2189812 5096868 2203360
1786940672529 2189812 5096868 2203360
1786940672582 2189812 5096868 2203360
1786940672634 2189812 5096868 2203360
1786940672687 2189812 5096868 2203360
1786940672740 2189812 5096868 2203360
1786940672792 2189812 5096868 2203360
1786940672846 2189812 5096868 2203360
1786940672897 2189812 5096868 2203360
1786940672951 2189812 5096868 2203360
1786940673004 2189812 5096868 2203360
1786940673056 2189812 5096868 2203360
1786940673109 2189812 5096868 2203360
1786940673162 2189812 5096868 2203360
1786940673214 2189812 5096868 2203360
1786940673266 2189812 5096868 2203360
1786940673317 2189812 5096868 2203360
1786940673369 2189812 5096868 2203360
1786940673421 2189812 5096868 2203360
1786940673474 2189812 5096868 2203360
1786940673527 2189812 5096868 2203360
1786940673579 2189812 5096868 2203360
1786940673632 2189812 5096868 2203360
1786940673685 2189812 5096868 2203360
1786940673737 2189812 5096868 2203360
1786940673790 2189812 5096868 2203360
1786940673844 2189812 5096868 2203360
1786940673897 2189812 5096868 2203360
1786940673949 2189812 5096868 2203360
1786940674002 2189812 5096868 2203360
1786940674055 2189812 5096868 2203360
1786940674108 2189812 5096868 2203360
1786940674161 2189812 5096868 2203360
1786940674213 2189812 5096868 2203360
1786940674266 2189812 5096868 2203360
1786940674318 2189812 5096868 2203360
1786940674371 2189812 5096868 2203360
1786940674424 2189812 5096868 2203360
1786940674477 2189812 5096868 2203360
1786940674530 2189812 5096868 2203360
1786940674582 2189812 5096868 2203360
1786940674635 2189812 5096868 2203360
1786940674687 2189812 5096868 2203360
1786940674739 2189812 5096868 2203360
1786940674791 2189812 5096868 2203360
1786940674843 2189812 5096868 2203360
1786940674896 2189812 5096868 2203360
1786940674948 2189812 5096868 2203360
1786940675000 2189812 5096868 2203360
1786940675052 2189812 5096868 2203360
1786940675104 2189812 5096868 2203360
1786940675157 2189812 5096868 2203360
1786940675209 2189812 5096868 2203360
1786940675261 2189812 5096868 2203360
1786940675313 2189812 5096868 2203360
1786940675365 2189812 5096868 2203360
1786940675417 2189812 5096868 2203360
1786940675469 2189812 5096868 2203360
1786940675521 2189812 5096868 2203360
1786940675573 2189812 5096868 2203360
1786940675626 2189812 5096868 2203360
1786940675678 2189812 5096868 2203360
1786940675729 2189812 5096868 2203360
1786940675781 2189812 5096868 2203360
1786940675834 2189812 5096868 2203360
1786940675886 2189812 5096868 2203360
1786940675938 2189812 5096868 2203360
1786940675989 2189812 5096868 2203360
1786940676041 2189812 5096868 2203360
1786940676094 2189812 5096868 2203360
1786940676147 2189812 5096868 2203360
1786940676200 2189812 5096868 2203360
1786940676253 2189812 5096868 2203360
1786940676305 2189812 5096868 2203360
1786940676358 2189812 5096868 2203360
1786940676411 2189812 5096868 2203360
1786940676463 2189812 5096868 2203360
1786940676516 2189812 5096868 2203360
1786940676569 2189812 5096868 2203360
1786940676622 2189812 5096868 2203360
1786940676675 2189812 5096868 2203360
1786940676728 2189812 5096868 2203360
1786940676781 2189812 5096868 2203360
1786940676834 2189812 5096868 2203360
1786940676887 2189812 5096868 2203360
1786940676939 2189812 5096868 2203360
1786940676993 2189812 5096868 2203360
1786940677047 2189812 5096868 2203360
1786940677100 2189812 5096868 2203360
1786940677153 2189812 5096868 2203360
1786940677206 2189812 5096868 2203360
1786940677260 2189812 5096868 2203360
1786940677313 2189812 5096868 2203360
1786940677365 2189812 5096868 2203360
1786940677418 2189812 5096868 2203360
1786940677471 2189812 5096868 2203360
1786940677524 2189812 5096868 2203360
1786940677577 2189812 5096868 2203360
1786940677629 2189812 5096868 2203360
1786940677682 2189812 5096868 2203360
1786940677734 2189812 5096868 2203360
1786940677787 2189812 5096868 2203360
1786940677840 2189812 5096868 2203360
1786940677893 2189812 5096868 2203360
1786940677945 2189812 5096868 2203360
1786940677997 2189812 5096868 2203360
1786940678050 2189812 5096868 2203360
1786940678103 2189812 5096868 2203360
1786940678155 2189812 5096868 2203360
1786940678208 2189812 5096868 2203360
1786940678261 2189812 5096868 2203360
1786940678313 2189812 5096868 2203360
1786940678366 2189812 5096868 2203360
1786940678419 2189812 5096868 2203360
1786940678472 2189812 5096868 2203360
1786940678525 2189812 5096868 2203360
1786940678578 2189812 5096868 2203360
1786940678630 2189812 5096868 2203360
1786940678683 2189812 5096868 2203360
1786940678736 2189812 5096868 2203360
1786940678788 2189812 5096868 2203360
1786940678841 2189812 5096868 2203360
1786940678893 2189812 5096868 2203360
1786940678946 2189812 5096868 2203360
1786940678998 2189812 5096868 2203360
1786940679051 2189812 5096868 2203360
1786940679103 2189812 5096868 2203360
1786940679156 2189812 5096868 2203360
1786940679209 2189812 5096868 2203360
1786940679260 2189812 5096868 2203360
1786940679311 2189812 5096868 2203360
1786940679362 2189812 5096868 2203360
1786940679414 2189812 5096868 2203360
1786940679466 2189812 5096868 2203360
1786940679519 2189812 5096868 2203360
1786940679572 2189812 5096868 2203360
1786940679625 2189812 5096868 2203360
1786940679677 2189812 5096868 2203360
1786940679728 2189812 5096868 2203360
1786940679781 2189812 5096868 2203360
1786940679833 2189812 5096868 2203360
1786940679886 2189812 5096868 2203360
1786940679938 2189812 5096868 2203360
1786940679989 2189812 5096868 2203360
1786940680042 2189812 5096868 2203360
1786940680094 2189812 5096868 2203360
1786940680146 2189812 5096868 2203360
1786940680197 2189812 5096868 2203360
1786940680244 2198012 5096868 2203360
1786940680299 2206124 5096868 2206124
1786940680369 2208492 5096868 2208492
1786940680426 2208492 5096868 2208492
1786940680482 2190448 5096868 2203360
1786940680536 2189940 5096868 2203360
1786940680589 2189940 5096868 2203360
1786940680642 2189940 5096868 2203360
1786940680695 2189940 5096868 2203360
1786940680748 2189940 5096868 2203360
1786940680801 2189940 5096868 2203360
1786940680855 2189940 5096868 2203360
1786940680907 2189940 5096868 2203360
1786940680961 2189940 5096868 2203360
1786940681013 2189940 5096868 2203360
1786940681066 2198140 5096868 2203360
1786940681120 2206252 5096868 2206252
1786940681174 2196500 5096868 2203360
1786940681224 2190200 5096868 2203360
1786940681289 2198412 5096868 2203360
1786940681344 2206068 5096868 2206068
1786940681400 2211628 5096868 2211628
1786940681457 2214188 5096868 2214188
1786940681656 2216920 5096868 2216920
1786940681771 2216920 5096868 2216920
1786940681824 2216920 5096868 2216920
1786940681893 2218836 5096868 2218832
1786940682030 2218900 5096868 2218900
1786940682164 2212240 5096868 2212240
1786940682220 2206320 5096868 2208288
1786940682269 2196792 5096868 2208288
1786940682323 2194140 5096868 2208288
1786940682374 2194140 5096868 2208288
1786940682426 2202340 5096868 2208288
1786940682480 2210452 5096868 2210452
1786940682552 2212820 5096868 2212820
1786940682608 2212820 5096868 2212820
1786940682664 2197476 5096868 2208288
1786940682719 2205108 5096868 2208288
1786940682775 2209040 5096868 2209040
1786940682831 2197224 5096868 2208288
1786940682884 2194012 5096868 2208288
1786940682936 2194016 5096868 2208288
1786940682990 2194016 5096868 2208288
1786940683043 2194016 5096868 2208288
1786940683097 2194016 5096868 2208288
1786940683151 2194016 5096868 2208288
1786940683204 2194016 5096868 2208288
1786940683258 2194016 5096868 2208288
1786940683312 2194016 5096868 2208288
1786940683366 2194016 5096868 2208288
1786940683419 2194016 5096868 2208288
1786940683473 2194016 5096868 2208288
1786940683527 2194016 5096868 2208288
1786940683581 2194016 5096868 2208288
1786940683635 2194016 5096868 2208288
1786940683689 2194016 5096868 2208288
1786940683742 2194016 5096868 2208288
1786940683796 2194016 5096868 2208288
1786940683850 2194016 5096868 2208288
1786940683904 2194016 5096868 2208288
1786940683958 2194016 5096868 2208288
1786940684012 2194016 5096868 2208288
1786940684065 2194016 5096868 2208288
1786940684118 2194016 5096868 2208288
1786940684171 2194016 5096868 2208288
1786940684225 2194016 5096868 2208288
1786940684278 2194016 5096868 2208288
1786940684331 2194016 5096868 2208288
1786940684383 2194016 5096868 2208288
1786940684437 2194016 5096868 2208288
1786940684490 2194016 5096868 2208288
1786940684543 2194016 5096868 2208288
1786940684595 2194016 5096868 2208288
1786940684648 2194016 5096868 2208288
1786940684701 2194016 5096868 2208288
1786940684754 2194016 5096868 2208288
1786940684807 2194016 5096868 2208288
1786940684860 2194016 5096868 2208288
1786940684912 2194016 5096868 2208288
1786940684965 2194016 5096868 2208288
1786940685018 2194016 5096868 2208288
1786940685071 2194016 5096868 2208288
1786940685123 2194016 5096868 2208288
1786940685177 2194016 5096868 2208288
1786940685231 2194016 5096868 2208288
1786940685282 2194016 5096868 2208288
1786940685331 2202280 5096868 2208288
1786940685384 2202280 5096868 2208288
1786940685438 2210456 5096868 2210456
1786940685491 2203648 5096868 2208288
1786940685540 2202372 5096868 2208288
1786940685594 2202372 5096868 2208288
1786940685647 2210456 5096868 2210456
1786940685703 2210456 5096868 2210456
1786940685772 2216856 5096868 2216856
1786940685828 2216856 5096868 2216856
1786940685882 2216856 5096868 2216856
1786940685948 2218712 5096868 2218712
1786940686005 2218904 5096868 2218904
1786940686178 2218904 5096868 2218904
1786940686228 2218904 5096868 2218904
1786940686280 2218904 5096868 2218904
1786940686336 2218904 5096868 2218904
1786940686391 2218904 5096868 2218904
1786940686450 2218904 5096868 2218904
1786940686504 2218904 5096868 2218904
1786940686557 2219060 5096868 2219060
1786940686705 2219280 5096868 2219280
1786940686825 2219280 5096868 2219280
1786940686880 2219280 5096868 2219280
1786940686937 2219280 5096868 2219280
1786940686992 2219280 5096868 2219280
1786940687047 2219280 5096868 2219280
1786940687103 2219280 5096868 2219280
1786940687160 2219280 5096868 2219280
1786940687215 2219280 5096868 2219280
1786940687270 2219280 5096868 2219280
1786940687321 2219280 5096868 2219280
1786940687373 2219280 5096868 2219280
1786940687429 2219280 5096868 2219280
1786940687484 2219280 5096868 2219280
1786940687540 2219280 5096868 2219280
1786940687595 2219280 5096868 2219280
1786940687650 2219280 5096868 2219280
1786940687706 2219280 5096868 2219280
1786940687762 2219280 5096868 2219280
1786940687818 2216416 5096868 2216416
1786940687873 2198836 5096868 2211244
1786940687920 2195248 5096868 2211244
1786940687972 2195248 5096868 2211244
1786940688022 2195248 5096868 2211244
1786940688072 2196568 5096868 2211244
1786940688122 2196568 5096868 2211244
1786940688175 2196568 5096868 2211244
1786940688228 2196568 5096868 2211244
1786940688282 2196568 5096868 2211244
1786940688336 2196568 5096868 2211244
1786940688389 2196568 5096868 2211244
1786940688443 2196568 5096868 2211244
1786940688496 2196568 5096868 2211244
1786940688549 2196568 5096868 2211244
1786940688603 2196568 5096868 2211244
1786940688656 2196568 5096868 2211244
1786940688710 2196568 5096868 2211244
1786940688764 2196568 5096868 2211244
1786940688818 2196568 5096868 2211244
1786940688872 2196568 5096868 2211244
1786940688926 2196568 5096868 2211244
1786940688979 2196568 5096868 2211244
1786940689033 2196568 5096868 2211244
1786940689087 2196568 5096868 2211244
1786940689141 2196568 5096868 2211244
1786940689195 2196568 5096868 2211244
1786940689250 2196568 5096868 2211244
1786940689304 2196568 5096868 2211244
1786940689357 2196568 5096868 2211244
1786940689411 2196568 5096868 2211244
1786940689465 2196568 5096868 2211244
1786940689519 2196568 5096868 2211244
1786940689573 2196568 5096868 2211244
1786940689627 2196568 5096868 2211244
1786940689681 2196568 5096868 2211244
1786940689734 2196568 5096868 2211244
1786940689788 2196568 5096868 2211244
1786940689839 2196568 5096868 2211244
1786940689893 2196568 5096868 2211244
1786940689946 2196568 5096868 2211244
1786940689994 2204768 5096868 2211244
1786940690048 2212880 5096868 2212880
1786940690106 2198792 5096868 2211244
1786940690171 2208296 5096868 2211244
1786940690227 2214928 5096868 2214928
1786940690284 2221328 5096868 2221328
1786940690520 2225680 5096868 2225680
1786940690647 2223460 5096868 2223460
1786940690702 2220500 5096868 2220500
1786940690760 2216800 5096868 2217136
1786940690810 2208468 5096868 2217136
1786940690859 2200920 5096868 2217136
1786940690911 2200920 5096868 2217136
1786940690961 2209120 5096868 2217136
1786940691016 2217232 5096868 2217232
1786940691080 2218988 5096868 2218988
1786940691140 2219600 5096868 2219600
1786940691196 2219040 5096868 2219040
1786940691244 2200920 5096868 2217136
1786940691314 2214800 5096868 2217136
1786940691370 2217460 5096868 2217460
1786940691419 2200856 5096868 2217136
1786940691473 2200864 5096868 2217136
1786940691525 2200864 5096868 2217136
1786940691576 2200864 5096868 2217136
1786940691627 2200864 5096868 2217136
1786940691679 2200864 5096868 2217136
1786940691730 2200864 5096868 2217136
1786940691780 2200864 5096868 2217136
1786940691831 2200864 5096868 2217136
1786940691881 2200864 5096868 2217136
1786940691933 2200864 5096868 2217136
1786940691983 2200864 5096868 2217136
1786940692034 2200864 5096868 2217136
1786940692084 2200864 5096868 2217136
1786940692134 2200864 5096868 2217136
1786940692184 2200864 5096868 2217136
1786940692235 2200864 5096868 2217136
1786940692285 2200864 5096868 2217136
1786940692336 2200864 5096868 2217136
1786940692388 2200864 5096868 2217136
1786940692440 2200864 5096868 2217136
1786940692492 2200864 5096868 2217136
1786940692544 2200864 5096868 2217136
1786940692595 2200864 5096868 2217136
1786940692645 2200864 5096868 2217136
1786940692696 2200864 5096868 2217136
1786940692746 2200864 5096868 2217136
1786940692796 2200864 5096868 2217136
1786940692847 2200864 5096868 2217136
1786940692897 2200864 5096868 2217136
1786940692948 2200864 5096868 2217136
1786940692998 2200864 5096868 2217136
1786940693050 2200864 5096868 2217136
1786940693101 2200864 5096868 2217136
1786940693152 2200864 5096868 2217136
1786940693202 2200864 5096868 2217136
1786940693252 2200864 5096868 2217136
1786940693302 2200864 5096868 2217136
1786940693352 2200864 5096868 2217136
1786940693402 2200864 5096868 2217136
1786940693452 2200864 5096868 2217136
1786940693503 2200864 5096868 2217136
1786940693553 2200864 5096868 2217136
1786940693603 2200864 5096868 2217136
1786940693652 2200864 5096868 2217136
1786940693703 2200864 5096868 2217136
1786940693753 2200864 5096868 2217136
1786940693803 2200864 5096868 2217136
1786940693853 2200864 5096868 2217136
1786940693903 2200864 5096868 2217136
1786940693954 2200864 5096868 2217136
1786940694004 2200864 5096868 2217136
1786940694055 2200864 5096868 2217136
1786940694104 2200864 5096868 2217136
1786940694154 2200864 5096868 2217136
1786940694204 2200864 5096868 2217136
1786940694254 2200864 5096868 2217136
1786940694304 2200864 5096868 2217136
1786940694354 2200864 5096868 2217136
1786940694404 2200864 5096868 2217136
1786940694454 2200864 5096868 2217136
1786940694503 2200864 5096868 2217136
1786940694554 2200864 5096868 2217136
1786940694604 2200864 5096868 2217136
1786940694655 2200864 5096868 2217136
1786940694705 2200864 5096868 2217136
1786940694754 2200864 5096868 2217136
1786940694805 2200864 5096868 2217136
1786940694855 2200864 5096868 2217136
1786940694905 2200864 5096868 2217136
1786940694955 2200864 5096868 2217136
1786940695007 2200864 5096868 2217136
1786940695057 2200864 5096868 2217136
1786940695107 2200864 5096868 2217136
1786940695158 2200864 5096868 2217136
1786940695208 2200864 5096868 2217136
1786940695259 2200864 5096868 2217136
1786940695310 2200864 5096868 2217136
1786940695360 2200864 5096868 2217136
1786940695410 2200864 5096868 2217136
1786940695460 2200864 5096868 2217136
1786940695511 2200864 5096868 2217136
1786940695562 2200864 5096868 2217136
1786940695612 2200864 5096868 2217136
1786940695662 2200864 5096868 2217136
1786940695711 2200864 5096868 2217136
1786940695762 2200864 5096868 2217136
1786940695812 2200864 5096868 2217136
1786940695863 2200864 5096868 2217136
1786940695914 2200864 5096868 2217136
1786940695963 2200864 5096868 2217136
1786940696013 2200864 5096868 2217136
1786940696063 2200864 5096868 2217136
1786940696114 2200864 5096868 2217136
1786940696165 2200864 5096868 2217136
1786940696215 2200864 5096868 2217136
1786940696265 2200864 5096868 2217136
1786940696315 2200864 5096868 2217136
1786940696366 2200864 5096868 2217136
1786940696415 2200864 5096868 2217136
1786940696466 2200864 5096868 2217136
1786940696517 2200864 5096868 2217136
1786940696568 2200864 5096868 2217136
1786940696617 2200864 5096868 2217136
1786940696667 2200864 5096868 2217136
1786940696717 2200864 5096868 2217136
1786940696767 2200864 5096868 2217136
1786940696818 2200864 5096868 2217136
1786940696869 2200864 5096868 2217136
1786940696920 2200864 5096868 2217136
1786940696971 2200864 5096868 2217136
1786940697020 2200864 5096868 2217136
1786940697070 2200864 5096868 2217136
1786940697120 2200864 5096868 2217136
1786940697171 2200864 5096868 2217136
1786940697221 2200864 5096868 2217136
1786940697271 2200864 5096868 2217136
1786940697322 2200864 5096868 2217136
1786940697372 2200864 5096868 2217136
1786940697423 2200864 5096868 2217136
1786940697473 2200864 5096868 2217136
1786940697524 2200864 5096868 2217136
1786940697574 2200864 5096868 2217136
1786940697624 2200864 5096868 2217136
1786940697674 2200864 5096868 2217136
1786940697725 2200864 5096868 2217136
1786940697775 2200864 5096868 2217136
1786940697826 2200864 5096868 2217136
1786940697876 2200864 5096868 2217136
1786940697927 2200864 5096868 2217136
1786940697977 2200864 5096868 2217136
1786940698027 2200864 5096868 2217136
1786940698077 2200864 5096868 2217136
1786940698127 2200864 5096868 2217136
1786940698177 2200864 5096868 2217136
1786940698227 2200864 5096868 2217136
1786940698277 2200864 5096868 2217136
1786940698326 2200864 5096868 2217136
1786940698376 2200864 5096868 2217136
1786940698427 2200864 5096868 2217136
1786940698478 2200864 5096868 2217136
1786940698528 2200864 5096868 2217136
1786940698578 2200864 5096868 2217136
1786940698628 2200864 5096868 2217136
1786940698678 2200864 5096868 2217136
1786940698730 2200864 5096868 2217136
1786940698780 2200864 5096868 2217136
1786940698829 2200864 5096868 2217136
1786940698879 2200864 5096868 2217136
1786940698928 2200864 5096868 2217136
1786940698978 2200864 5096868 2217136
1786940699027 2200864 5096868 2217136
1786940699077 2200864 5096868 2217136
1786940699126 2200864 5096868 2217136
1786940699176 2200864 5096868 2217136
1786940699225 2200864 5096868 2217136
1786940699275 2200864 5096868 2217136
1786940699324 2200864 5096868 2217136
1786940699374 2200864 5096868 2217136
1786940699423 2200864 5096868 2217136
1786940699472 2200864 5096868 2217136
1786940699521 2200864 5096868 2217136
1786940699571 2200864 5096868 2217136
1786940699620 2200864 5096868 2217136
1786940699669 2200864 5096868 2217136
1786940699718 2200864 5096868 2217136
1786940699768 2200864 5096868 2217136
1786940699818 2200864 5096868 2217136
1786940699868 2200864 5096868 2217136
1786940699919 2200864 5096868 2217136
1786940699968 2200864 5096868 2217136
1786940700019 2200864 5096868 2217136
1786940700069 2200864 5096868 2217136
1786940700118 2200864 5096868 2217136
1786940700169 2200864 5096868 2217136
1786940700219 2200864 5096868 2217136
1786940700270 2200864 5096868 2217136
1786940700321 2200864 5096868 2217136
1786940700372 2200864 5096868 2217136
1786940700422 2200864 5096868 2217136
1786940700472 2200864 5096868 2217136
1786940700525 2200864 5096868 2217136
1786940700575 2200864 5096868 2217136
1786940700627 2200864 5096868 2217136
1786940700677 2200864 5096868 2217136
1786940700727 2200864 5096868 2217136
1786940700778 2200864 5096868 2217136
1786940700828 2200864 5096868 2217136
1786940700878 2200864 5096868 2217136
1786940700928 2200864 5096868 2217136
1786940700977 2200864 5096868 2217136
1786940701029 2200864 5096868 2217136
1786940701079 2200864 5096868 2217136
1786940701130 2200864 5096868 2217136
1786940701181 2200864 5096868 2217136
1786940701231 2200864 5096868 2217136
1786940701282 2200864 5096868 2217136
1786940701333 2200864 5096868 2217136
1786940701383 2200864 5096868 2217136
1786940701433 2200864 5096868 2217136
1786940701484 2200864 5096868 2217136
1786940701534 2200864 5096868 2217136
1786940701584 2200864 5096868 2217136
1786940701633 2200864 5096868 2217136
1786940701684 2200864 5096868 2217136
1786940701735 2200864 5096868 2217136
1786940701785 2200864 5096868 2217136
1786940701834 2200864 5096868 2217136
1786940701885 2200864 5096868 2217136
1786940701935 2200864 5096868 2217136
1786940701985 2200864 5096868 2217136
1786940702035 2200864 5096868 2217136
1786940702085 2200864 5096868 2217136
1786940702134 2200864 5096868 2217136
1786940702183 2200864 5096868 2217136
1786940702233 2200864 5096868 2217136
1786940702283 2200864 5096868 2217136
1786940702333 2200864 5096868 2217136
1786940702383 2200864 5096868 2217136
1786940702433 2200864 5096868 2217136
1786940702483 2200864 5096868 2217136
1786940702532 2200864 5096868 2217136
1786940702583 2200864 5096868 2217136
1786940702633 2200864 5096868 2217136
1786940702683 2200864 5096868 2217136
1786940702732 2200864 5096868 2217136
1786940702782 2200864 5096868 2217136
1786940702833 2200864 5096868 2217136
1786940702884 2200864 5096868 2217136
1786940702934 2200864 5096868 2217136
1786940702984 2200864 5096868 2217136
1786940703034 2200864 5096868 2217136
1786940703084 2200864 5096868 2217136
1786940703134 2200864 5096868 2217136
1786940703186 2200864 5096868 2217136
1786940703235 2200864 5096868 2217136
1786940703286 2200864 5096868 2217136
1786940703336 2200864 5096868 2217136
1786940703385 2200864 5096868 2217136
1786940703436 2200864 5096868 2217136
1786940703486 2200864 5096868 2217136
1786940703536 2200864 5096868 2217136
1786940703586 2200864 5096868 2217136
1786940703637 2200864 5096868 2217136
1786940703688 2200864 5096868 2217136
1786940703739 2200864 5096868 2217136
1786940703789 2200864 5096868 2217136
1786940703840 2200864 5096868 2217136
1786940703890 2200864 5096868 2217136
1786940703940 2200864 5096868 2217136
1786940703989 2200864 5096868 2217136
1786940704040 2200864 5096868 2217136
1786940704091 2200864 5096868 2217136
1786940704142 2200864 5096868 2217136
1786940704192 2200864 5096868 2217136
1786940704242 2200864 5096868 2217136
1786940704292 2200864 5096868 2217136
1786940704342 2200864 5096868 2217136
1786940704393 2200864 5096868 2217136
1786940704444 2200864 5096868 2217136
1786940704494 2200864 5096868 2217136
1786940704545 2200864 5096868 2217136
1786940704595 2200864 5096868 2217136
1786940704646 2200864 5096868 2217136
1786940704696 2200864 5096868 2217136
1786940704747 2200864 5096868 2217136
1786940704798 2200864 5096868 2217136
1786940704848 2200864 5096868 2217136
1786940704898 2200864 5096868 2217136
1786940704948 2200864 5096868 2217136
1786940704998 2200864 5096868 2217136
1786940705048 2200864 5096868 2217136
1786940705099 2200864 5096868 2217136
1786940705151 2200864 5096868 2217136
1786940705201 2200864 5096868 2217136
1786940705250 2200864 5096868 2217136
1786940705301 2200864 5096868 2217136
1786940705351 2200864 5096868 2217136
1786940705400 2200864 5096868 2217136
1786940705448 2200864 5096868 2217136
1786940705497 2200864 5096868 2217136
1786940705547 2200864 5096868 2217136
1786940705596 2200864 5096868 2217136
1786940705644 2200864 5096868 2217136
1786940705694 2200864 5096868 2217136
1786940705744 2200864 5096868 2217136
1786940705794 2200864 5096868 2217136
1786940705844 2200864 5096868 2217136
1786940705893 2200864 5096868 2217136
1786940705942 2200864 5096868 2217136
1786940705992 2200864 5096868 2217136
1786940706042 2200864 5096868 2217136
1786940706091 2200864 5096868 2217136
1786940706139 2200864 5096868 2217136
1786940706189 2200864 5096868 2217136
1786940706238 2200864 5096868 2217136
1786940706287 2200864 5096868 2217136
1786940706336 2200864 5096868 2217136
1786940706387 2200864 5096868 2217136
1786940706437 2200864 5096868 2217136
1786940706486 2200864 5096868 2217136
1786940706535 2200864 5096868 2217136
1786940706585 2200864 5096868 2217136
1786940706635 2200864 5096868 2217136
1786940706685 2200864 5096868 2217136
1786940706735 2200864 5096868 2217136
1786940706786 2200864 5096868 2217136
1786940706835 2200864 5096868 2217136
1786940706885 2200864 5096868 2217136
1786940706934 2200864 5096868 2217136
1786940706985 2200864 5096868 2217136
1786940707035 2200864 5096868 2217136
1786940707085 2200864 5096868 2217136
1786940707135 2200864 5096868 2217136
1786940707185 2200864 5096868 2217136
1786940707235 2200864 5096868 2217136
1786940707285 2200864 5096868 2217136
1786940707334 2200864 5096868 2217136
1786940707384 2200864 5096868 2217136
1786940707434 2200864 5096868 2217136
1786940707483 2200864 5096868 2217136
1786940707533 2200864 5096868 2217136
1786940707584 2200864 5096868 2217136
1786940707638 2200864 5096868 2217136
1786940707690 2200864 5096868 2217136
1786940707744 2200864 5096868 2217136
1786940707798 2200864 5096868 2217136
1786940707852 2200864 5096868 2217136
1786940707906 2200864 5096868 2217136
1786940707961 2200864 5096868 2217136
1786940708016 2200864 5096868 2217136
1786940708070 2200864 5096868 2217136
1786940708124 2200864 5096868 2217136
1786940708179 2200864 5096868 2217136
1786940708233 2200864 5096868 2217136
1786940708287 2200864 5096868 2217136
1786940708341 2200864 5096868 2217136
1786940708394 2200864 5096868 2217136
1786940708447 2200864 5096868 2217136
1786940708500 2200864 5096868 2217136
1786940708554 2200864 5096868 2217136
1786940708609 2200864 5096868 2217136
1786940708663 2200864 5096868 2217136
1786940708718 2200864 5096868 2217136
1786940708772 2200864 5096868 2217136
1786940708826 2200864 5096868 2217136
1786940708880 2200864 5096868 2217136
1786940708934 2200864 5096868 2217136
1786940708988 2200864 5096868 2217136
1786940709042 2200864 5096868 2217136
1786940709096 2200864 5096868 2217136
1786940709149 2200864 5096868 2217136
1786940709202 2200864 5096868 2217136
1786940709254 2200864 5096868 2217136
1786940709308 2200864 5096868 2217136
1786940709362 2200864 5096868 2217136
1786940709416 2200864 5096868 2217136
1786940709470 2200864 5096868 2217136
1786940709525 2200864 5096868 2217136
1786940709579 2200864 5096868 2217136
1786940709634 2200864 5096868 2217136
1786940709688 2200864 5096868 2217136
1786940709742 2200864 5096868 2217136
1786940709796 2200864 5096868 2217136
1786940709850 2200864 5096868 2217136
1786940709904 2200864 5096868 2217136
1786940709957 2200864 5096868 2217136
1786940710010 2200864 5096868 2217136
1786940710063 2200864 5096868 2217136
1786940710117 2200864 5096868 2217136
1786940710172 2200864 5096868 2217136
1786940710226 2200864 5096868 2217136
1786940710280 2200864 5096868 2217136
1786940710334 2200864 5096868 2217136
1786940710388 2200864 5096868 2217136
1786940710442 2200864 5096868 2217136
1786940710497 2200864 5096868 2217136
1786940710552 2200864 5096868 2217136
1786940710606 2200864 5096868 2217136
1786940710661 2200864 5096868 2217136
1786940710716 2200864 5096868 2217136
1786940710771 2200864 5096868 2217136
1786940710825 2200864 5096868 2217136
1786940710879 2200864 5096868 2217136
1786940710934 2200864 5096868 2217136
1786940710988 2200864 5096868 2217136
1786940711042 2200864 5096868 2217136
1786940711096 2200864 5096868 2217136
1786940711151 2200864 5096868 2217136
1786940711204 2200864 5096868 2217136
1786940711259 2200864 5096868 2217136
1786940711315 2200864 5096868 2217136
1786940711369 2200864 5096868 2217136
1786940711424 2200864 5096868 2217136
1786940711480 2200864 5096868 2217136
1786940711535 2200864 5096868 2217136
1786940711589 2200864 5096868 2217136
1786940711645 2200864 5096868 2217136
1786940711701 2200864 5096868 2217136
1786940711757 2200864 5096868 2217136
1786940711812 2200864 5096868 2217136
1786940711868 2200864 5096868 2217136
1786940711922 2200864 5096868 2217136
1786940711976 2200864 5096868 2217136
1786940712029 2200864 5096868 2217136
1786940712084 2200864 5096868 2217136
1786940712138 2200864 5096868 2217136
1786940712193 2200864 5096868 2217136
1786940712246 2200864 5096868 2217136
1786940712300 2200864 5096868 2217136
1786940712355 2200864 5096868 2217136
1786940712410 2200864 5096868 2217136
1786940712465 2200864 5096868 2217136
1786940712520 2200864 5096868 2217136
1786940712575 2200864 5096868 2217136
1786940712630 2200864 5096868 2217136
1786940712685 2200864 5096868 2217136
1786940712738 2200864 5096868 2217136
1786940712794 2200864 5096868 2217136
1786940712850 2200864 5096868 2217136
1786940712905 2200864 5096868 2217136
1786940712960 2200864 5096868 2217136
1786940713015 2200864 5096868 2217136
1786940713070 2200864 5096868 2217136
1786940713125 2200864 5096868 2217136
1786940713180 2200864 5096868 2217136
1786940713235 2200864 5096868 2217136
1786940713290 2200864 5096868 2217136
1786940713344 2200864 5096868 2217136
1786940713398 2200864 5096868 2217136
1786940713452 2200864 5096868 2217136
1786940713506 2200864 5096868 2217136
1786940713558 2200864 5096868 2217136
1786940713609 2209096 5096868 2217136
1786940713662 2209096 5096868 2217136
1786940713716 2217240 5096868 2217240
1786940713770 2217288 5096868 2217288
1786940713821 2209064 5096868 2217136
1786940713876 2217240 5096868 2217240
1786940713938 2217368 5096868 2217368
1786940713993 2217432 5096868 2217432
1786940714048 2211996 5096868 2217136
1786940714098 2209144 5096868 2217136
1786940714152 2217240 5096868 2217240
1786940714208 2218872 5096868 2218872
1786940714265 2219608 5096868 2219608
1786940714325 2219608 5096868 2219608
1786940714382 2219608 5096868 2219608
1786940714445 2219608 5096868 2219608
1786940714498 2219608 5096868 2219608
1786940714554 2219608 5096868 2219608
1786940714608 2219608 5096868 2219608
1786940714665 2219608 5096868 2219608
1786940714722 2219608 5096868 2219608
1786940714779 2219608 5096868 2219608
1786940714836 2222288 5096868 2222288
1786940714893 2225688 5096868 2225688
1786940715072 2225688 5096868 2225688
1786940715124 2225688 5096868 2225688
1786940715175 2225688 5096868 2225688
1786940715231 2225688 5096868 2225688
1786940715286 2225688 5096868 2225688
1786940715341 2225688 5096868 2225688
1786940715398 2225688 5096868 2225688
1786940715453 2225688 5096868 2225688
1786940715514 2225688 5096868 2225688
1786940715572 2225688 5096868 2225688
1786940715629 2225696 5096868 2225696
1786940715765 2238036 5096868 2238036
1786940715888 2238036 5096868 2238036
1786940715944 2238036 5096868 2238036
1786940716001 2238036 5096868 2238036
1786940716063 2238036 5096868 2238036
1786940716120 2238036 5096868 2238036
1786940716178 2238036 5096868 2238036
1786940716239 2238036 5096868 2238036
1786940716296 2235076 5096868 2235076
1786940716352 2227676 5096868 2227676
1786940716407 2216336 5096868 2224652
1786940716454 2213276 5096868 2224652
1786940716507 2213276 5096868 2224652
1786940716559 2214720 5096868 2224652
1786940716610 2214720 5096868 2224652
1786940716663 2214720 5096868 2224652
1786940716715 2214720 5096868 2224652
1786940716768 2214720 5096868 2224652
1786940716820 2214720 5096868 2224652
1786940716873 2214720 5096868 2224652
1786940716926 2214720 5096868 2224652
1786940716980 2214720 5096868 2224652
1786940717034 2214720 5096868 2224652
1786940717086 2214720 5096868 2224652
1786940717139 2214720 5096868 2224652
1786940717192 2214720 5096868 2224652
1786940717245 2214720 5096868 2224652
1786940717298 2214720 5096868 2224652
1786940717350 2214720 5096868 2224652
1786940717403 2214720 5096868 2224652
1786940717456 2214720 5096868 2224652
1786940717509 2214720 5096868 2224652
1786940717562 2214720 5096868 2224652
1786940717614 2214720 5096868 2224652
1786940717667 2214720 5096868 2224652
1786940717720 2214720 5096868 2224652
1786940717773 2214720 5096868 2224652
1786940717826 2214720 5096868 2224652
1786940717877 2214720 5096868 2224652
1786940717931 2214720 5096868 2224652
1786940717984 2214720 5096868 2224652
1786940718037 2214720 5096868 2224652
1786940718089 2214720 5096868 2224652
1786940718142 2214720 5096868 2224652
1786940718195 2214720 5096868 2224652
1786940718248 2214720 5096868 2224652
1786940718300 2214720 5096868 2224652
1786940718353 2214720 5096868 2224652
1786940718405 2214720 5096868 2224652
1786940718458 2214720 5096868 2224652
1786940718511 2214720 5096868 2224652
1786940718564 2214720 5096868 2224652
1786940718617 2214720 5096868 2224652
1786940718670 2214720 5096868 2224652
1786940718724 2214720 5096868 2224652
1786940718777 2214720 5096868 2224652
1786940718831 2214720 5096868 2224652
1786940718883 2214720 5096868 2224652
1786940718937 2214720 5096868 2224652
1786940718989 2214720 5096868 2224652
1786940719042 2214720 5096868 2224652
1786940719095 2214720 5096868 2224652
1786940719148 2214720 5096868 2224652
1786940719201 2214720 5096868 2224652
1786940719254 2214720 5096868 2224652
1786940719306 2214720 5096868 2224652
1786940719359 2214720 5096868 2224652
1786940719413 2214720 5096868 2224652
1786940719466 2214720 5096868 2224652
1786940719519 2214720 5096868 2224652
1786940719571 2214720 5096868 2224652
1786940719624 2214720 5096868 2224652
1786940719676 2214720 5096868 2224652
1786940719730 2214720 5096868 2224652
1786940719782 2214720 5096868 2224652
1786940719835 2214720 5096868 2224652
1786940719888 2214720 5096868 2224652
1786940719940 2214720 5096868 2224652
1786940719994 2214720 5096868 2224652
1786940720047 2214720 5096868 2224652
1786940720100 2214720 5096868 2224652
1786940720153 2214720 5096868 2224652
1786940720207 2214720 5096868 2224652
1786940720260 2214720 5096868 2224652
1786940720313 2214720 5096868 2224652
1786940720366 2214720 5096868 2224652
1786940720420 2214720 5096868 2224652
1786940720473 2214720 5096868 2224652
1786940720527 2214720 5096868 2224652
1786940720581 2214720 5096868 2224652
1786940720634 2214720 5096868 2224652
1786940720687 2214720 5096868 2224652
1786940720741 2214720 5096868 2224652
1786940720795 2214720 5096868 2224652
1786940720848 2214720 5096868 2224652
1786940720902 2214720 5096868 2224652
1786940720955 2214720 5096868 2224652
1786940721008 2214720 5096868 2224652
1786940721062 2214720 5096868 2224652
1786940721115 2214720 5096868 2224652
1786940721169 2214720 5096868 2224652
1786940721222 2214720 5096868 2224652
1786940721275 2214720 5096868 2224652
1786940721329 2214720 5096868 2224652
1786940721382 2214720 5096868 2224652
1786940721435 2214720 5096868 2224652
1786940721488 2214720 5096868 2224652
1786940721542 2214720 5096868 2224652
1786940721596 2214720 5096868 2224652
1786940721649 2214720 5096868 2224652
1786940721702 2214720 5096868 2224652
1786940721755 2214720 5096868 2224652
1786940721809 2214720 5096868 2224652
1786940721862 2214720 5096868 2224652
1786940721915 2214720 5096868 2224652
1786940721969 2214720 5096868 2224652
1786940722022 2214720 5096868 2224652
1786940722075 2214720 5096868 2224652
1786940722129 2214720 5096868 2224652
1786940722182 2214720 5096868 2224652
1786940722235 2214720 5096868 2224652
1786940722288 2214720 5096868 2224652
1786940722341 2214720 5096868 2224652
1786940722395 2214720 5096868 2224652
1786940722448 2214720 5096868 2224652
1786940722500 2214720 5096868 2224652
1786940722553 2214720 5096868 2224652
1786940722607 2214720 5096868 2224652
1786940722660 2214720 5096868 2224652
1786940722713 2214720 5096868 2224652
1786940722766 2214720 5096868 2224652
1786940722818 2214720 5096868 2224652
1786940722872 2214720 5096868 2224652
1786940722925 2214720 5096868 2224652
1786940722978 2214720 5096868 2224652
1786940723031 2214720 5096868 2224652
1786940723084 2214720 5096868 2224652
1786940723138 2214720 5096868 2224652
1786940723191 2214720 5096868 2224652
1786940723243 2214720 5096868 2224652
1786940723296 2214720 5096868 2224652
1786940723349 2214720 5096868 2224652
1786940723401 2214720 5096868 2224652
1786940723455 2214720 5096868 2224652
1786940723509 2214720 5096868 2224652
1786940723563 2214720 5096868 2224652
1786940723615 2214720 5096868 2224652
1786940723668 2214720 5096868 2224652
1786940723721 2214720 5096868 2224652
1786940723774 2214720 5096868 2224652
1786940723827 2214720 5096868 2224652
1786940723879 2214720 5096868 2224652
1786940723932 2214720 5096868 2224652
1786940723985 2214720 5096868 2224652
1786940724038 2214720 5096868 2224652
1786940724091 2214720 5096868 2224652
1786940724144 2214720 5096868 2224652
1786940724197 2214720 5096868 2224652
1786940724249 2214720 5096868 2224652
1786940724302 2214720 5096868 2224652
1786940724355 2214720 5096868 2224652
1786940724408 2214720 5096868 2224652
1786940724460 2214720 5096868 2224652
1786940724513 2214720 5096868 2224652
1786940724565 2214720 5096868 2224652
1786940724618 2214720 5096868 2224652
1786940724672 2214720 5096868 2224652
1786940724725 2214720 5096868 2224652
1786940724778 2214720 5096868 2224652
1786940724831 2214720 5096868 2224652
1786940724885 2214720 5096868 2224652
1786940724938 2214720 5096868 2224652
1786940724992 2214720 5096868 2224652
1786940725045 2214720 5096868 2224652
1786940725098 2214720 5096868 2224652
1786940725151 2214720 5096868 2224652
1786940725205 2214720 5096868 2224652
1786940725258 2214720 5096868 2224652
1786940725311 2214720 5096868 2224652
1786940725364 2214720 5096868 2224652
1786940725417 2214720 5096868 2224652
1786940725470 2214720 5096868 2224652
1786940725524 2214720 5096868 2224652
1786940725576 2214720 5096868 2224652
1786940725630 2214720 5096868 2224652
1786940725683 2214720 5096868 2224652
1786940725736 2214720 5096868 2224652
1786940725789 2214720 5096868 2224652
1786940725842 2214720 5096868 2224652
1786940725895 2214720 5096868 2224652
1786940725947 2214720 5096868 2224652
1786940726000 2214720 5096868 2224652
1786940726053 2214720 5096868 2224652
1786940726107 2214720 5096868 2224652
1786940726160 2214720 5096868 2224652
1786940726213 2214720 5096868 2224652
1786940726265 2214720 5096868 2224652
1786940726318 2214720 5096868 2224652
1786940726371 2214720 5096868 2224652
1786940726424 2214720 5096868 2224652
1786940726477 2214720 5096868 2224652
1786940726530 2214720 5096868 2224652
1786940726583 2214720 5096868 2224652
1786940726636 2214720 5096868 2224652
1786940726689 2214720 5096868 2224652
1786940726742 2214720 5096868 2224652
1786940726795 2214720 5096868 2224652
1786940726848 2214720 5096868 2224652
1786940726901 2214720 5096868 2224652
1786940726955 2214720 5096868 2224652
1786940727006 2214720 5096868 2224652
1786940727060 2214720 5096868 2224652
1786940727113 2214720 5096868 2224652
1786940727166 2214720 5096868 2224652
1786940727220 2214720 5096868 2224652
1786940727273 2214720 5096868 2224652
1786940727327 2214720 5096868 2224652
1786940727380 2214720 5096868 2224652
1786940727433 2214720 5096868 2224652
1786940727487 2214720 5096868 2224652
1786940727540 2214720 5096868 2224652
1786940727594 2214720 5096868 2224652
1786940727647 2214720 5096868 2224652
1786940727700 2214720 5096868 2224652
1786940727754 2214720 5096868 2224652
1786940727808 2214720 5096868 2224652
1786940727861 2214720 5096868 2224652
1786940727914 2214720 5096868 2224652
1786940727968 2214720 5096868 2224652
1786940728022 2214720 5096868 2224652
1786940728075 2214720 5096868 2224652
1786940728129 2214720 5096868 2224652
1786940728182 2214720 5096868 2224652
1786940728235 2214720 5096868 2224652
1786940728288 2214720 5096868 2224652
1786940728340 2214720 5096868 2224652
1786940728393 2214900 5096868 2224652
1786940728447 2231376 5096868 2231376
1786940728505 2233408 5096868 2233408
1786940728572 2233744 5096868 2233744
1786940728628 2220344 5096868 2224652
1786940728677 2215696 5096868 2224652
1786940728729 2215824 5096868 2224652
1786940728783 2215824 5096868 2224652
1786940728837 2215824 5096868 2224652
1786940728891 2215824 5096868 2224652
1786940728945 2215824 5096868 2224652
1786940728998 2215824 5096868 2224652
1786940729052 2215824 5096868 2224652
1786940729106 2215824 5096868 2224652
1786940729159 2215824 5096868 2224652
1786940729212 2215824 5096868 2224652
1786940729265 2224024 5096868 2224652
1786940729321 2230760 5096868 2230756
1786940729370 2216560 5096868 2224652
1786940729426 2225792 5096868 2225792
1786940729482 2232392 5096868 2232392
1786940729543 2239816 5096868 2239816
1786940729720 2240584 5096868 2240584
1786940729841 2240584 5096868 2240584
1786940729903 2241608 5096868 2241608
1786940730032 2242248 5096868 2242248
1786940730189 2242788 5096868 2242788
1786940730317 2242788 5096868 2242788
1786940730373 2240568 5096868 2240568
1786940730430 2230948 5096868 2230948
1786940730485 2222400 5096868 2230464
1786940730532 2218028 5096868 2230464
1786940730584 2218028 5096868 2230464
1786940730636 2226228 5096868 2230464
1786940730691 2234340 5096868 2234340
1786940730748 2236576 5096868 2236576
1786940730804 2236708 5096868 2236708
1786940730861 2224948 5096868 2230464
1786940730909 2221044 5096868 2230464
1786940730992 2234484 5096868 2234484
1786940731048 2226596 5096868 2230464
1786940731096 2218028 5096868 2230464
1786940731150 2218032 5096868 2230464
1786940731205 2218032 5096868 2230464
1786940731259 2218032 5096868 2230464
1786940731313 2218032 5096868 2230464
1786940731367 2218032 5096868 2230464
1786940731421 2218032 5096868 2230464
1786940731475 2218032 5096868 2230464
1786940731529 2218032 5096868 2230464
1786940731583 2218032 5096868 2230464
1786940731636 2218032 5096868 2230464
1786940731690 2218032 5096868 2230464
1786940731744 2218032 5096868 2230464
1786940731798 2218032 5096868 2230464
1786940731852 2218032 5096868 2230464
1786940731906 2218032 5096868 2230464
1786940731959 2218032 5096868 2230464
1786940732013 2218032 5096868 2230464
1786940732067 2218032 5096868 2230464
1786940732120 2218032 5096868 2230464
1786940732174 2218032 5096868 2230464
1786940732228 2218032 5096868 2230464
1786940732282 2218032 5096868 2230464
1786940732335 2218032 5096868 2230464
1786940732388 2218032 5096868 2230464
1786940732441 2218032 5096868 2230464
1786940732494 2218032 5096868 2230464
1786940732547 2218032 5096868 2230464
1786940732600 2218032 5096868 2230464
1786940732653 2218032 5096868 2230464
1786940732706 2218032 5096868 2230464
1786940732759 2218032 5096868 2230464
1786940732812 2218032 5096868 2230464
1786940732864 2218032 5096868 2230464
1786940732917 2218032 5096868 2230464
1786940732970 2218032 5096868 2230464
1786940733023 2218032 5096868 2230464
1786940733076 2218032 5096868 2230464
1786940733129 2218032 5096868 2230464
1786940733182 2218032 5096868 2230464
1786940733235 2218032 5096868 2230464
1786940733288 2218032 5096868 2230464
1786940733342 2218032 5096868 2230464
1786940733395 2218032 5096868 2230464
1786940733449 2218032 5096868 2230464
1786940733501 2218032 5096868 2230464
1786940733554 2226568 5096868 2230464
1786940733606 2226568 5096868 2230464
1786940733659 2234680 5096868 2234680
1786940733711 2234752 5096868 2234752
1786940733767 2226596 5096868 2230464
1786940733822 2226596 5096868 2230464
1786940733875 2234680 5096868 2234680
1786940733931 2234680 5096868 2234680
1786940733980 2239332 5096868 2239332
1786940734035 2241080 5096868 2241080
1786940734090 2241080 5096868 2241080
1786940734146 2242040 5096868 2242040
1786940734209 2243128 5096868 2243128
1786940734392 2243128 5096868 2243128
1786940734443 2243128 5096868 2243128
1786940734494 2243128 5096868 2243128
1786940734549 2243128 5096868 2243128
1786940734605 2243128 5096868 2243128
1786940734661 2243128 5096868 2243128
1786940734720 2243804 5096868 2243804
1786940734841 2246740 5096868 2246740
1786940734969 2246740 5096868 2246740
1786940735026 2246740 5096868 2246740
1786940735082 2246740 5096868 2246740
1786940735137 2246740 5096868 2246740
1786940735193 2246740 5096868 2246740
1786940735250 2246740 5096868 2246740
1786940735307 2246740 5096868 2246740
1786940735364 2246740 5096868 2246740
1786940735420 2246740 5096868 2246740
1786940735475 2246740 5096868 2246740
1786940735532 2246740 5096868 2246740
1786940735588 2246740 5096868 2246740
1786940735645 2246740 5096868 2246740
1786940735701 2246740 5096868 2246740
1786940735756 2246740 5096868 2246740
1786940735812 2246568 5096868 2246568
1786940735868 2230460 5096868 2239688
1786940735916 2224676 5096868 2239688
1786940735969 2224676 5096868 2239688
1786940736021 2224676 5096868 2239688
1786940736071 2224676 5096868 2239688
1786940736122 2224676 5096868 2239688
1786940736175 2224676 5096868 2239688
1786940736229 2224676 5096868 2239688
1786940736283 2224676 5096868 2239688
1786940736336 2224676 5096868 2239688
1786940736390 2224676 5096868 2239688
1786940736443 2224676 5096868 2239688
1786940736497 2224676 5096868 2239688
1786940736551 2224676 5096868 2239688
1786940736605 2224676 5096868 2239688
1786940736658 2224676 5096868 2239688
1786940736712 2224676 5096868 2239688
1786940736766 2224676 5096868 2239688
1786940736820 2224676 5096868 2239688
1786940736873 2224676 5096868 2239688
1786940736927 2224676 5096868 2239688
1786940736981 2224676 5096868 2239688
1786940737035 2224676 5096868 2239688
1786940737089 2224676 5096868 2239688
1786940737143 2224676 5096868 2239688
1786940737196 2224676 5096868 2239688
1786940737250 2224676 5096868 2239688
1786940737304 2224676 5096868 2239688
1786940737358 2224676 5096868 2239688
1786940737412 2224676 5096868 2239688
1786940737466 2224676 5096868 2239688
1786940737520 2224676 5096868 2239688
1786940737573 2224676 5096868 2239688
1786940737627 2224676 5096868 2239688
1786940737681 2224676 5096868 2239688
1786940737736 2224676 5096868 2239688
1786940737789 2224676 5096868 2239688
1786940737844 2232876 5096868 2239688
1786940737899 2240988 5096868 2240988
1786940737950 2226464 5096868 2239688
1786940737999 2226808 5096868 2239688
1786940738059 2237724 5096868 2239688
1786940738114 2243548 5096868 2243548
1786940738172 2249180 5096868 2249180
1786940738417 2250100 5096868 2250100
1786940738534 2250100 5096868 2250100
1786940738590 2251124 5096868 2251124
1786940738745 2251124 5096868 2251124
1786940738798 2251124 5096868 2251124
1786940738869 2248164 5096868 2248164
1786940738926 2242984 5096868 2242984
1786940738983 2232432 5096868 2242344
1786940739031 2226364 5096868 2242344
1786940739085 2226364 5096868 2242344
1786940739136 2234564 5096868 2242344
1786940739191 2242676 5096868 2242676
1786940739248 2244852 5096868 2244852
1786940739304 2245044 5096868 2245044
1786940739359 2241124 5096868 2242344
1786940739408 2232308 5096868 2242344
1786940739483 2241880 5096868 2242344
1786940739539 2235428 5096868 2242344
1786940739587 2226348 5096868 2242344
1786940739641 2226348 5096868 2242344
1786940739693 2226348 5096868 2242344
1786940739743 2226348 5096868 2242344
1786940739792 2226348 5096868 2242344
1786940739842 2226348 5096868 2242344
1786940739893 2226348 5096868 2242344
1786940739944 2226348 5096868 2242344
1786940739996 2226348 5096868 2242344
1786940740046 2226348 5096868 2242344
1786940740097 2226348 5096868 2242344
1786940740148 2226348 5096868 2242344
1786940740199 2226348 5096868 2242344
1786940740251 2226348 5096868 2242344
1786940740302 2226348 5096868 2242344
1786940740354 2226348 5096868 2242344
1786940740406 2226348 5096868 2242344
1786940740457 2226348 5096868 2242344
1786940740508 2226348 5096868 2242344
1786940740559 2226348 5096868 2242344
1786940740609 2226348 5096868 2242344
1786940740662 2226348 5096868 2242344
1786940740713 2226348 5096868 2242344
1786940740764 2226348 5096868 2242344
1786940740815 2226348 5096868 2242344
1786940740867 2226348 5096868 2242344
1786940740918 2226348 5096868 2242344
1786940740968 2226348 5096868 2242344
1786940741021 2226348 5096868 2242344
1786940741072 2226348 5096868 2242344
1786940741124 2226348 5096868 2242344
1786940741177 2226348 5096868 2242344
1786940741229 2226348 5096868 2242344
1786940741283 2226348 5096868 2242344
1786940741335 2226348 5096868 2242344
1786940741386 2226348 5096868 2242344
1786940741437 2226348 5096868 2242344
1786940741488 2226348 5096868 2242344
1786940741540 2226348 5096868 2242344
1786940741591 2226348 5096868 2242344
1786940741641 2226348 5096868 2242344
1786940741692 2226348 5096868 2242344
1786940741742 2226348 5096868 2242344
1786940741793 2226348 5096868 2242344
1786940741844 2226348 5096868 2242344
1786940741895 2226348 5096868 2242344
1786940741945 2226348 5096868 2242344
1786940741996 2226348 5096868 2242344
1786940742046 2226348 5096868 2242344
1786940742098 2226348 5096868 2242344
1786940742150 2226348 5096868 2242344
1786940742201 2226348 5096868 2242344
1786940742252 2226348 5096868 2242344
1786940742302 2226348 5096868 2242344
1786940742354 2226348 5096868 2242344
1786940742405 2226348 5096868 2242344
1786940742455 2226348 5096868 2242344
1786940742505 2226348 5096868 2242344
1786940742556 2226348 5096868 2242344
1786940742606 2226348 5096868 2242344
1786940742656 2226348 5096868 2242344
1786940742709 2226348 5096868 2242344
1786940742760 2226348 5096868 2242344
1786940742811 2226348 5096868 2242344
1786940742862 2226348 5096868 2242344
1786940742912 2226348 5096868 2242344
1786940742964 2226348 5096868 2242344
1786940743015 2226348 5096868 2242344
1786940743067 2226348 5096868 2242344
1786940743118 2226348 5096868 2242344
1786940743169 2226348 5096868 2242344
1786940743221 2226348 5096868 2242344
1786940743272 2226348 5096868 2242344
1786940743324 2226348 5096868 2242344
1786940743374 2226348 5096868 2242344
1786940743425 2226348 5096868 2242344
1786940743476 2226348 5096868 2242344
1786940743526 2226348 5096868 2242344
1786940743578 2226348 5096868 2242344
1786940743629 2226348 5096868 2242344
1786940743681 2226348 5096868 2242344
1786940743732 2226348 5096868 2242344
1786940743783 2226348 5096868 2242344
1786940743834 2226348 5096868 2242344
1786940743885 2226348 5096868 2242344
1786940743937 2226348 5096868 2242344
1786940743988 2226348 5096868 2242344
1786940744038 2226348 5096868 2242344
1786940744089 2226348 5096868 2242344
1786940744140 2226348 5096868 2242344
1786940744191 2226348 5096868 2242344
1786940744242 2226348 5096868 2242344
1786940744293 2226348 5096868 2242344
1786940744345 2226348 5096868 2242344
1786940744395 2226348 5096868 2242344
1786940744447 2226348 5096868 2242344
1786940744497 2226348 5096868 2242344
1786940744549 2226348 5096868 2242344
1786940744600 2226348 5096868 2242344
1786940744650 2226348 5096868 2242344
1786940744701 2226348 5096868 2242344
1786940744751 2226348 5096868 2242344
1786940744802 2226348 5096868 2242344
1786940744851 2226348 5096868 2242344
1786940744901 2226348 5096868 2242344
1786940744952 2226348 5096868 2242344
1786940745003 2226348 5096868 2242344
1786940745054 2226348 5096868 2242344
1786940745105 2226348 5096868 2242344
1786940745157 2226348 5096868 2242344
1786940745207 2226348 5096868 2242344
1786940745258 2226348 5096868 2242344
1786940745308 2226348 5096868 2242344
1786940745359 2226348 5096868 2242344
1786940745410 2226348 5096868 2242344
1786940745461 2226348 5096868 2242344
1786940745512 2226348 5096868 2242344
1786940745563 2226348 5096868 2242344
1786940745613 2226348 5096868 2242344
1786940745665 2226348 5096868 2242344
1786940745716 2226348 5096868 2242344
1786940745765 2226348 5096868 2242344
1786940745817 2226348 5096868 2242344
1786940745867 2226348 5096868 2242344
1786940745917 2226348 5096868 2242344
1786940745968 2226348 5096868 2242344
1786940746018 2226348 5096868 2242344
1786940746069 2226348 5096868 2242344
1786940746119 2226348 5096868 2242344
1786940746170 2226348 5096868 2242344
1786940746220 2226348 5096868 2242344
1786940746272 2226348 5096868 2242344
1786940746324 2226348 5096868 2242344
1786940746374 2226348 5096868 2242344
1786940746426 2226348 5096868 2242344
1786940746477 2226348 5096868 2242344
1786940746528 2226348 5096868 2242344
1786940746579 2226348 5096868 2242344
1786940746629 2226348 5096868 2242344
1786940746680 2226348 5096868 2242344
1786940746731 2226348 5096868 2242344
1786940746783 2226348 5096868 2242344
1786940746834 2226348 5096868 2242344
1786940746885 2226348 5096868 2242344
1786940746936 2226348 5096868 2242344
1786940746987 2226348 5096868 2242344
1786940747038 2226348 5096868 2242344
1786940747089 2226348 5096868 2242344
1786940747140 2226348 5096868 2242344
1786940747191 2226348 5096868 2242344
1786940747241 2226348 5096868 2242344
1786940747291 2226348 5096868 2242344
1786940747341 2226348 5096868 2242344
1786940747394 2226348 5096868 2242344
1786940747445 2226348 5096868 2242344
1786940747497 2226348 5096868 2242344
1786940747548 2226348 5096868 2242344
1786940747598 2226348 5096868 2242344
1786940747650 2226348 5096868 2242344
1786940747701 2226348 5096868 2242344
1786940747751 2226348 5096868 2242344
1786940747802 2226348 5096868 2242344
1786940747852 2226348 5096868 2242344
1786940747904 2226348 5096868 2242344
1786940747955 2226348 5096868 2242344
1786940748006 2226348 5096868 2242344
1786940748057 2226348 5096868 2242344
1786940748109 2226348 5096868 2242344
1786940748160 2226348 5096868 2242344
1786940748210 2226348 5096868 2242344
1786940748262 2226348 5096868 2242344
1786940748313 2226348 5096868 2242344
1786940748364 2226348 5096868 2242344
1786940748415 2226348 5096868 2242344
1786940748465 2226348 5096868 2242344
1786940748516 2226348 5096868 2242344
1786940748567 2226348 5096868 2242344
1786940748619 2226348 5096868 2242344
1786940748671 2226348 5096868 2242344
1786940748721 2226348 5096868 2242344
1786940748772 2226348 5096868 2242344
1786940748823 2226348 5096868 2242344
1786940748875 2226348 5096868 2242344
1786940748927 2226348 5096868 2242344
1786940748979 2226348 5096868 2242344
1786940749030 2226348 5096868 2242344
1786940749081 2226348 5096868 2242344
1786940749132 2226348 5096868 2242344
1786940749182 2226348 5096868 2242344
1786940749234 2226348 5096868 2242344
1786940749285 2226348 5096868 2242344
1786940749336 2226348 5096868 2242344
1786940749387 2226348 5096868 2242344
1786940749437 2226348 5096868 2242344
1786940749488 2226348 5096868 2242344
1786940749538 2226348 5096868 2242344
1786940749588 2226348 5096868 2242344
1786940749638 2226348 5096868 2242344
1786940749687 2226348 5096868 2242344
1786940749737 2226348 5096868 2242344
1786940749787 2226348 5096868 2242344
1786940749837 2226348 5096868 2242344
1786940749887 2226348 5096868 2242344
1786940749939 2226348 5096868 2242344
1786940749990 2226348 5096868 2242344
1786940750040 2226348 5096868 2242344
1786940750092 2226348 5096868 2242344
1786940750143 2226348 5096868 2242344
1786940750195 2226348 5096868 2242344
1786940750245 2226348 5096868 2242344
1786940750295 2226348 5096868 2242344
1786940750345 2226348 5096868 2242344
1786940750395 2226348 5096868 2242344
1786940750447 2226348 5096868 2242344
1786940750498 2226348 5096868 2242344
1786940750549 2226348 5096868 2242344
1786940750600 2226348 5096868 2242344
1786940750650 2226348 5096868 2242344
1786940750701 2226348 5096868 2242344
1786940750753 2226348 5096868 2242344
1786940750803 2226348 5096868 2242344
1786940750852 2226348 5096868 2242344
1786940750901 2226348 5096868 2242344
1786940750950 2226348 5096868 2242344
1786940750999 2226348 5096868 2242344
1786940751050 2226348 5096868 2242344
1786940751100 2226348 5096868 2242344
1786940751150 2226348 5096868 2242344
1786940751200 2226348 5096868 2242344
1786940751250 2226348 5096868 2242344
1786940751300 2226348 5096868 2242344
1786940751350 2226348 5096868 2242344
1786940751401 2226348 5096868 2242344
1786940751451 2226348 5096868 2242344
1786940751501 2226348 5096868 2242344
1786940751550 2226348 5096868 2242344
1786940751599 2226348 5096868 2242344
1786940751649 2226348 5096868 2242344
1786940751699 2226348 5096868 2242344
1786940751751 2226348 5096868 2242344
1786940751801 2226348 5096868 2242344
1786940751852 2226348 5096868 2242344
1786940751903 2226348 5096868 2242344
1786940751952 2226348 5096868 2242344
1786940752002 2226348 5096868 2242344
1786940752053 2226348 5096868 2242344
1786940752105 2226348 5096868 2242344
1786940752156 2226348 5096868 2242344
1786940752206 2226348 5096868 2242344
1786940752257 2226348 5096868 2242344
1786940752308 2226348 5096868 2242344
1786940752359 2226348 5096868 2242344
1786940752409 2226348 5096868 2242344
1786940752461 2226348 5096868 2242344
1786940752512 2226348 5096868 2242344
1786940752562 2226348 5096868 2242344
1786940752613 2226348 5096868 2242344
1786940752663 2226348 5096868 2242344
1786940752715 2226348 5096868 2242344
1786940752765 2226348 5096868 2242344
1786940752817 2226348 5096868 2242344
1786940752867 2226348 5096868 2242344
1786940752918 2226348 5096868 2242344
1786940752969 2226348 5096868 2242344
1786940753021 2226348 5096868 2242344
1786940753073 2226348 5096868 2242344
1786940753124 2226348 5096868 2242344
1786940753175 2226348 5096868 2242344
1786940753225 2226348 5096868 2242344
1786940753275 2226348 5096868 2242344
1786940753327 2226348 5096868 2242344
1786940753377 2226348 5096868 2242344
1786940753428 2226348 5096868 2242344
1786940753479 2226348 5096868 2242344
1786940753529 2226348 5096868 2242344
1786940753580 2226348 5096868 2242344
1786940753631 2226348 5096868 2242344
1786940753682 2226348 5096868 2242344
1786940753733 2226348 5096868 2242344
1786940753784 2226348 5096868 2242344
1786940753835 2226348 5096868 2242344
1786940753884 2226348 5096868 2242344
1786940753934 2226348 5096868 2242344
1786940753984 2226348 5096868 2242344
1786940754035 2226348 5096868 2242344
1786940754086 2226348 5096868 2242344
1786940754136 2226348 5096868 2242344
1786940754187 2226348 5096868 2242344
1786940754237 2226348 5096868 2242344
1786940754290 2226348 5096868 2242344
1786940754341 2226348 5096868 2242344
1786940754391 2226348 5096868 2242344
1786940754441 2226348 5096868 2242344
1786940754490 2226348 5096868 2242344
1786940754540 2226348 5096868 2242344
1786940754590 2226348 5096868 2242344
1786940754641 2226348 5096868 2242344
1786940754690 2226348 5096868 2242344
1786940754741 2226348 5096868 2242344
1786940754791 2226348 5096868 2242344
1786940754840 2226348 5096868 2242344
1786940754890 2226348 5096868 2242344
1786940754940 2226348 5096868 2242344
1786940754990 2226348 5096868 2242344
1786940755040 2226348 5096868 2242344
1786940755090 2226348 5096868 2242344
1786940755140 2226348 5096868 2242344
1786940755190 2226348 5096868 2242344
1786940755240 2226348 5096868 2242344
1786940755290 2226348 5096868 2242344
1786940755340 2226348 5096868 2242344
1786940755391 2226348 5096868 2242344
1786940755440 2226348 5096868 2242344
1786940755490 2226348 5096868 2242344
1786940755540 2226348 5096868 2242344
1786940755591 2226348 5096868 2242344
1786940755641 2226348 5096868 2242344
1786940755691 2226348 5096868 2242344
1786940755745 2226348 5096868 2242344
1786940755799 2226348 5096868 2242344
1786940755851 2226348 5096868 2242344
1786940755905 2226348 5096868 2242344
1786940755960 2226348 5096868 2242344
1786940756015 2226348 5096868 2242344
1786940756069 2226348 5096868 2242344
1786940756124 2226348 5096868 2242344
1786940756179 2226348 5096868 2242344
1786940756233 2226348 5096868 2242344
1786940756289 2226348 5096868 2242344
1786940756343 2226348 5096868 2242344
1786940756398 2226348 5096868 2242344
1786940756453 2226348 5096868 2242344
1786940756507 2226348 5096868 2242344
1786940756561 2226348 5096868 2242344
1786940756613 2226348 5096868 2242344
1786940756666 2226348 5096868 2242344
1786940756721 2226348 5096868 2242344
1786940756775 2226348 5096868 2242344
1786940756830 2226348 5096868 2242344
1786940756884 2226348 5096868 2242344
1786940756938 2226348 5096868 2242344
1786940756992 2226348 5096868 2242344
1786940757047 2226348 5096868 2242344
1786940757101 2226348 5096868 2242344
1786940757156 2226348 5096868 2242344
1786940757209 2226348 5096868 2242344
1786940757264 2226348 5096868 2242344
1786940757317 2226348 5096868 2242344
1786940757371 2226348 5096868 2242344
1786940757423 2226348 5096868 2242344
1786940757476 2226348 5096868 2242344
1786940757531 2226348 5096868 2242344
1786940757586 2226348 5096868 2242344
1786940757641 2226348 5096868 2242344
1786940757695 2226348 5096868 2242344
1786940757750 2226348 5096868 2242344
1786940757805 2226348 5096868 2242344
1786940757860 2226348 5096868 2242344
1786940757915 2226348 5096868 2242344
1786940757970 2226348 5096868 2242344
1786940758025 2226348 5096868 2242344
1786940758079 2226348 5096868 2242344
1786940758132 2226348 5096868 2242344
1786940758185 2226348 5096868 2242344
1786940758241 2226348 5096868 2242344
1786940758297 2226348 5096868 2242344
1786940758352 2226348 5096868 2242344
1786940758407 2226348 5096868 2242344
1786940758462 2226348 5096868 2242344
1786940758519 2226348 5096868 2242344
1786940758573 2226348 5096868 2242344
1786940758628 2226348 5096868 2242344
1786940758684 2226348 5096868 2242344
1786940758740 2226348 5096868 2242344
1786940758795 2226348 5096868 2242344
1786940758851 2226348 5096868 2242344
1786940758905 2226348 5096868 2242344
1786940758959 2226348 5096868 2242344
1786940759013 2226348 5096868 2242344
1786940759068 2226348 5096868 2242344
1786940759122 2226348 5096868 2242344
1786940759177 2226348 5096868 2242344
1786940759231 2226348 5096868 2242344
1786940759286 2226348 5096868 2242344
1786940759341 2226348 5096868 2242344
1786940759397 2226348 5096868 2242344
1786940759453 2226348 5096868 2242344
1786940759508 2226348 5096868 2242344
1786940759563 2226348 5096868 2242344
1786940759619 2226348 5096868 2242344
1786940759673 2226348 5096868 2242344
1786940759732 2226348 5096868 2242344
1786940759787 2226348 5096868 2242344
1786940759843 2226348 5096868 2242344
1786940759898 2226348 5096868 2242344
1786940759953 2226348 5096868 2242344
1786940760008 2226348 5096868 2242344
1786940760064 2226348 5096868 2242344
1786940760118 2226348 5096868 2242344
1786940760173 2226348 5096868 2242344
1786940760228 2226348 5096868 2242344
1786940760283 2226348 5096868 2242344
1786940760337 2226348 5096868 2242344
1786940760391 2226348 5096868 2242344
1786940760446 2226348 5096868 2242344
1786940760502 2226348 5096868 2242344
1786940760557 2226348 5096868 2242344
1786940760612 2226348 5096868 2242344
1786940760668 2226348 5096868 2242344
1786940760723 2226348 5096868 2242344
1786940760778 2226348 5096868 2242344
1786940760833 2226348 5096868 2242344
1786940760889 2226348 5096868 2242344
1786940760944 2226348 5096868 2242344
1786940761000 2226348 5096868 2242344
1786940761055 2226348 5096868 2242344
1786940761111 2226348 5096868 2242344
1786940761166 2226348 5096868 2242344
1786940761220 2226348 5096868 2242344
1786940761274 2226348 5096868 2242344
1786940761329 2226348 5096868 2242344
1786940761384 2226348 5096868 2242344
1786940761439 2226348 5096868 2242344
1786940761494 2226348 5096868 2242344
1786940761548 2226348 5096868 2242344
1786940761601 2226348 5096868 2242344
1786940761654 2234548 5096868 2242344
1786940761706 2234548 5096868 2242344
1786940761761 2242676 5096868 2242676
1786940761816 2242732 5096868 2242732
1786940761872 2234500 5096868 2242344
1786940761927 2242804 5096868 2242804
1786940761982 2242804 5096868 2242804
1786940762036 2242864 5096868 2242864
1786940762090 2242904 5096868 2242904
1786940762146 2234592 5096868 2242344
1786940762201 2242676 5096868 2242676
1786940762257 2243784 5096868 2243784
1786940762320 2245044 5096868 2245044
1786940762377 2245044 5096868 2245044
1786940762448 2245044 5096868 2245044
1786940762504 2245044 5096868 2245044
1786940762559 2245044 5096868 2245044
1786940762614 2245044 5096868 2245044
1786940762669 2245044 5096868 2245044
1786940762729 2245044 5096868 2245044
1786940762786 2245044 5096868 2245044
1786940762843 2245044 5096868 2245044
1786940762900 2247784 5096868 2247784
1786940762958 2250764 5096868 2250764
1786940763013 2250764 5096868 2250764
1786940763066 2250764 5096868 2250764
1786940763119 2250764 5096868 2250764
1786940763170 2250764 5096868 2250764
1786940763226 2251124 5096868 2251124
1786940763282 2251124 5096868 2251124
1786940763339 2251124 5096868 2251124
1786940763392 2251124 5096868 2251124
1786940763446 2251124 5096868 2251124
1786940763503 2251124 5096868 2251124
1786940763559 2251124 5096868 2251124
1786940763616 2251124 5096868 2251124
1786940763672 2251124 5096868 2251124
1786940763730 2251124 5096868 2251124
1786940763787 2251124 5096868 2251124
1786940763843 2255972 5096868 2255972
1786940764037 2261048 5096868 2261048
1786940764163 2261048 5096868 2261048
1786940764216 2261048 5096868 2261048
1786940764272 2261048 5096868 2261048
1786940764330 2261048 5096868 2261048
1786940764389 2261048 5096868 2261048
1786940764449 2261048 5096868 2261048
1786940764507 2261048 5096868 2261048
1786940764563 2260308 5096868 2260308
1786940764620 2256608 5096868 2256608
1786940764676 2243836 5096868 2244528
1786940764725 2236288 5096868 2244528
1786940764779 2236288 5096868 2244528
1786940764830 2237732 5096868 2244528
1786940764883 2237732 5096868 2244528
1786940764935 2237732 5096868 2244528
1786940764989 2237732 5096868 2244528
1786940765042 2237732 5096868 2244528
1786940765096 2237732 5096868 2244528
1786940765149 2237732 5096868 2244528
1786940765202 2237732 5096868 2244528
1786940765255 2237732 5096868 2244528
1786940765309 2237732 5096868 2244528
1786940765362 2237732 5096868 2244528
1786940765415 2237732 5096868 2244528
1786940765469 2237732 5096868 2244528
1786940765522 2237732 5096868 2244528
1786940765574 2237732 5096868 2244528
1786940765628 2237732 5096868 2244528
1786940765682 2237732 5096868 2244528
1786940765735 2237732 5096868 2244528
1786940765788 2237732 5096868 2244528
1786940765841 2237732 5096868 2244528
1786940765894 2237732 5096868 2244528
1786940765948 2237732 5096868 2244528
1786940766002 2237732 5096868 2244528
1786940766055 2237732 5096868 2244528
1786940766109 2237732 5096868 2244528
1786940766162 2237732 5096868 2244528
1786940766215 2237732 5096868 2244528
1786940766269 2237732 5096868 2244528
1786940766322 2237732 5096868 2244528
1786940766376 2237732 5096868 2244528
1786940766429 2237732 5096868 2244528
1786940766482 2237732 5096868 2244528
1786940766535 2237732 5096868 2244528
1786940766588 2237732 5096868 2244528
1786940766642 2237732 5096868 2244528
1786940766695 2237732 5096868 2244528
1786940766748 2237732 5096868 2244528
1786940766801 2237732 5096868 2244528
1786940766854 2237732 5096868 2244528
1786940766908 2237732 5096868 2244528
1786940766961 2237732 5096868 2244528
1786940767014 2237732 5096868 2244528
1786940767067 2237732 5096868 2244528
1786940767121 2237732 5096868 2244528
1786940767174 2237732 5096868 2244528
1786940767226 2237732 5096868 2244528
1786940767279 2237732 5096868 2244528
1786940767332 2237732 5096868 2244528
1786940767386 2237732 5096868 2244528
1786940767439 2237732 5096868 2244528
1786940767493 2237732 5096868 2244528
1786940767546 2237732 5096868 2244528
1786940767599 2237732 5096868 2244528
1786940767652 2237732 5096868 2244528
1786940767705 2237732 5096868 2244528
1786940767758 2237732 5096868 2244528
1786940767812 2237732 5096868 2244528
1786940767865 2237732 5096868 2244528
1786940767918 2237732 5096868 2244528
1786940767971 2237732 5096868 2244528
1786940768024 2237732 5096868 2244528
1786940768077 2237732 5096868 2244528
1786940768131 2237732 5096868 2244528
1786940768183 2237732 5096868 2244528
1786940768236 2237732 5096868 2244528
1786940768290 2237732 5096868 2244528
1786940768343 2237732 5096868 2244528
1786940768396 2237732 5096868 2244528
1786940768449 2237732 5096868 2244528
1786940768502 2237732 5096868 2244528
1786940768556 2237732 5096868 2244528
1786940768609 2237732 5096868 2244528
1786940768663 2237732 5096868 2244528
1786940768716 2237732 5096868 2244528
1786940768769 2237732 5096868 2244528
1786940768822 2237732 5096868 2244528
1786940768875 2237732 5096868 2244528
1786940768929 2237732 5096868 2244528
1786940768983 2237732 5096868 2244528
1786940769037 2237732 5096868 2244528
1786940769091 2237732 5096868 2244528
1786940769145 2237732 5096868 2244528
1786940769199 2237732 5096868 2244528
1786940769252 2237732 5096868 2244528
1786940769306 2237732 5096868 2244528
1786940769360 2237732 5096868 2244528
1786940769412 2237732 5096868 2244528
1786940769466 2237732 5096868 2244528
1786940769520 2237732 5096868 2244528
1786940769574 2237732 5096868 2244528
1786940769627 2237732 5096868 2244528
1786940769681 2237732 5096868 2244528
1786940769733 2237732 5096868 2244528
1786940769788 2237732 5096868 2244528
1786940769842 2237732 5096868 2244528
1786940769895 2237732 5096868 2244528
1786940769948 2237732 5096868 2244528
1786940770000 2237732 5096868 2244528
1786940770054 2237732 5096868 2244528
1786940770107 2237732 5096868 2244528
1786940770160 2237732 5096868 2244528
1786940770213 2237732 5096868 2244528
1786940770266 2237732 5096868 2244528
1786940770320 2237732 5096868 2244528
1786940770374 2237732 5096868 2244528
1786940770427 2237732 5096868 2244528
1786940770482 2237732 5096868 2244528
1786940770535 2237732 5096868 2244528
1786940770588 2237732 5096868 2244528
1786940770641 2237732 5096868 2244528
1786940770694 2237732 5096868 2244528
1786940770747 2237732 5096868 2244528
1786940770800 2237732 5096868 2244528
1786940770854 2237732 5096868 2244528
1786940770907 2237732 5096868 2244528
1786940770961 2237732 5096868 2244528
1786940771014 2237732 5096868 2244528
1786940771067 2237732 5096868 2244528
1786940771120 2237732 5096868 2244528
1786940771174 2237732 5096868 2244528
1786940771228 2237732 5096868 2244528
1786940771282 2237732 5096868 2244528
1786940771335 2237732 5096868 2244528
1786940771387 2237732 5096868 2244528
1786940771441 2237732 5096868 2244528
1786940771495 2237732 5096868 2244528
1786940771549 2237732 5096868 2244528
1786940771602 2237732 5096868 2244528
1786940771655 2237732 5096868 2244528
1786940771708 2237732 5096868 2244528
1786940771762 2237732 5096868 2244528
1786940771816 2237732 5096868 2244528
1786940771869 2237732 5096868 2244528
1786940771922 2237732 5096868 2244528
1786940771976 2237732 5096868 2244528
1786940772030 2237732 5096868 2244528
1786940772083 2237732 5096868 2244528
1786940772136 2237732 5096868 2244528
1786940772189 2237732 5096868 2244528
1786940772244 2237732 5096868 2244528
1786940772297 2237732 5096868 2244528
1786940772351 2237732 5096868 2244528
1786940772404 2237732 5096868 2244528
1786940772457 2237732 5096868 2244528
1786940772511 2237732 5096868 2244528
1786940772565 2237732 5096868 2244528
1786940772618 2237732 5096868 2244528
1786940772672 2237732 5096868 2244528
1786940772725 2237732 5096868 2244528
1786940772779 2237732 5096868 2244528
1786940772833 2237732 5096868 2244528
1786940772886 2237732 5096868 2244528
1786940772940 2237732 5096868 2244528
1786940772994 2237732 5096868 2244528
1786940773048 2237732 5096868 2244528
1786940773101 2237732 5096868 2244528
1786940773155 2237732 5096868 2244528
1786940773209 2237732 5096868 2244528
1786940773263 2237732 5096868 2244528
1786940773316 2237732 5096868 2244528
1786940773370 2237732 5096868 2244528
1786940773423 2237732 5096868 2244528
1786940773476 2237732 5096868 2244528
1786940773530 2237732 5096868 2244528
1786940773584 2237732 5096868 2244528
1786940773638 2237732 5096868 2244528
1786940773692 2237732 5096868 2244528
1786940773745 2237732 5096868 2244528
1786940773798 2237732 5096868 2244528
1786940773851 2237732 5096868 2244528
1786940773905 2237732 5096868 2244528
1786940773957 2237732 5096868 2244528
1786940774011 2237732 5096868 2244528
1786940774064 2237732 5096868 2244528
1786940774118 2237732 5096868 2244528
1786940774171 2237732 5096868 2244528
1786940774224 2237732 5096868 2244528
1786940774278 2237732 5096868 2244528
1786940774331 2237732 5096868 2244528
1786940774385 2237732 5096868 2244528
1786940774438 2237732 5096868 2244528
1786940774491 2237732 5096868 2244528
1786940774545 2237732 5096868 2244528
1786940774598 2237732 5096868 2244528
1786940774652 2237732 5096868 2244528
1786940774705 2237732 5096868 2244528
1786940774759 2237732 5096868 2244528
1786940774812 2237732 5096868 2244528
1786940774865 2237732 5096868 2244528
1786940774919 2237732 5096868 2244528
1786940774972 2237732 5096868 2244528
1786940775025 2237732 5096868 2244528
1786940775079 2237732 5096868 2244528
1786940775132 2237732 5096868 2244528
1786940775185 2237732 5096868 2244528
1786940775239 2237732 5096868 2244528
1786940775291 2237732 5096868 2244528
1786940775345 2237732 5096868 2244528
1786940775398 2237732 5096868 2244528
1786940775451 2237732 5096868 2244528
1786940775503 2237732 5096868 2244528
1786940775557 2237732 5096868 2244528
1786940775610 2237732 5096868 2244528
1786940775663 2237732 5096868 2244528
1786940775716 2237732 5096868 2244528
1786940775769 2237732 5096868 2244528
1786940775822 2237732 5096868 2244528
1786940775875 2237732 5096868 2244528
1786940775928 2237732 5096868 2244528
1786940775981 2237732 5096868 2244528
1786940776034 2237732 5096868 2244528
1786940776087 2237732 5096868 2244528
1786940776140 2237732 5096868 2244528
1786940776192 2237732 5096868 2244528
1786940776246 2237732 5096868 2244528
1786940776299 2237732 5096868 2244528
1786940776352 2237732 5096868 2244528
1786940776405 2237732 5096868 2244528
1786940776457 2237732 5096868 2244528
1786940776510 2237732 5096868 2244528
1786940776563 2237732 5096868 2244528
1786940776611 2245932 5096868 2245932
1786940776667 2254044 5096868 2254044
1786940776725 2256412 5096868 2256412
1786940776782 2256412 5096868 2256412
1786940776838 2238848 5096868 2244744
1786940776893 2237860 5096868 2244744
1786940776948 2237860 5096868 2244744
1786940777003 2237860 5096868 2244744
1786940777057 2237860 5096868 2244744
1786940777111 2237860 5096868 2244744
1786940777165 2237860 5096868 2244744
1786940777220 2237860 5096868 2244744
1786940777274 2237860 5096868 2244744
1786940777328 2237860 5096868 2244744
1786940777382 2237860 5096868 2244744
1786940777435 2246060 5096868 2246060
1786940777491 2254172 5096868 2254172
1786940777547 2238120 5096868 2248952
1786940777609 2247328 5096868 2248952
1786940777665 2254428 5096868 2254428
1786940777722 2260828 5096868 2260828
1786940777782 2262620 5096868 2262620
1786940777954 2262620 5096868 2262620
1786940778005 2262620 5096868 2262620
1786940778060 2262664 5096868 2262664
1786940778195 2262664 5096868 2262664
1786940778249 2262664 5096868 2262664
1786940778328 2263060 5096868 2263060
1786940778470 2256400 5096868 2256400
1786940778528 2251960 5096868 2251960
1786940778576 2239088 5096868 2250824
1786940778630 2238300 5096868 2250824
1786940778683 2238300 5096868 2250824
1786940778738 2254612 5096868 2254612
1786940778795 2255620 5096868 2255620
1786940778862 2256980 5096868 2256980
1786940778918 2251940 5096868 2251940
1786940778966 2241316 5096868 2250824
1786940779037 2251540 5096868 2251540
1786940779093 2254840 5096868 2254840
1786940779148 2238300 5096868 2250824
1786940779202 2238304 5096868 2250824
1786940779257 2238304 5096868 2250824
1786940779311 2238304 5096868 2250824
1786940779365 2238304 5096868 2250824
1786940779420 2238304 5096868 2250824
1786940779474 2238304 5096868 2250824
1786940779528 2238304 5096868 2250824
1786940779582 2238304 5096868 2250824
1786940779636 2238304 5096868 2250824
1786940779690 2238304 5096868 2250824
1786940779744 2238304 5096868 2250824
1786940779798 2238304 5096868 2250824
1786940779852 2238304 5096868 2250824
1786940779906 2238304 5096868 2250824
1786940779960 2238304 5096868 2250824
1786940780014 2238304 5096868 2250824
1786940780068 2238304 5096868 2250824
1786940780123 2238304 5096868 2250824
1786940780176 2238304 5096868 2250824
1786940780231 2238304 5096868 2250824
1786940780285 2238304 5096868 2250824
1786940780339 2238304 5096868 2250824
1786940780392 2238304 5096868 2250824
1786940780445 2238304 5096868 2250824
1786940780499 2238304 5096868 2250824
1786940780552 2238304 5096868 2250824
1786940780606 2238304 5096868 2250824
1786940780659 2238304 5096868 2250824
1786940780713 2238304 5096868 2250824
1786940780767 2238304 5096868 2250824
1786940780820 2238304 5096868 2250824
1786940780873 2238304 5096868 2250824
1786940780926 2238304 5096868 2250824
1786940780980 2238304 5096868 2250824
1786940781034 2238304 5096868 2250824
1786940781088 2238304 5096868 2250824
1786940781141 2238304 5096868 2250824
1786940781194 2238304 5096868 2250824
1786940781247 2238304 5096868 2250824
1786940781301 2238304 5096868 2250824
1786940781354 2238304 5096868 2250824
1786940781406 2238304 5096868 2250824
1786940781461 2238304 5096868 2250824
1786940781514 2238304 5096868 2250824
1786940781566 2238304 5096868 2250824
1786940781619 2246504 5096868 2250824
1786940781672 2246504 5096868 2250824
1786940781727 2254616 5096868 2254616
1786940781782 2249356 5096868 2250824
1786940781832 2246532 5096868 2250824
1786940781887 2246532 5096868 2250824
1786940781941 2254616 5096868 2254616
1786940781995 2254616 5096868 2254616
1786940782062 2261016 5096868 2261016
1786940782117 2261016 5096868 2261016
1786940782171 2261016 5096868 2261016
1786940782228 2262556 5096868 2262556
1786940782286 2263448 5096868 2263448
1786940782478 2263448 5096868 2263448
1786940782533 2263448 5096868 2263448
1786940782584 2263448 5096868 2263448
1786940782641 2263448 5096868 2263448
1786940782698 2263448 5096868 2263448
1786940782758 2264016 5096868 2264012
1786940782880 2265172 5096868 2265168
1786940783015 2265368 5096868 2265368
1786940783136 2265368 5096868 2265368
1786940783193 2265368 5096868 2265368
1786940783249 2265368 5096868 2265368
1786940783305 2265368 5096868 2265368
1786940783361 2265368 5096868 2265368
1786940783417 2265368 5096868 2265368
1786940783474 2265368 5096868 2265368
1786940783529 2265368 5096868 2265368
1786940783587 2265368 5096868 2265368
1786940783642 2265368 5096868 2265368
1786940783698 2265368 5096868 2265368
1786940783754 2265368 5096868 2265368
1786940783813 2265368 5096868 2265368
1786940783869 2265368 5096868 2265368
1786940783925 2265368 5096868 2265368
1786940783981 2264084 5096868 2264084
1786940784036 2252576 5096868 2255340
1786940784090 2241336 5096868 2255340
1786940784144 2241336 5096868 2255340
1786940784195 2241336 5096868 2255340
1786940784246 2242656 5096868 2255340
1786940784296 2242656 5096868 2255340
1786940784350 2242656 5096868 2255340
1786940784404 2242656 5096868 2255340
1786940784458 2242656 5096868 2255340
1786940784512 2242656 5096868 2255340
1786940784566 2242656 5096868 2255340
1786940784620 2242656 5096868 2255340
1786940784674 2242656 5096868 2255340
1786940784728 2242656 5096868 2255340
1786940784782 2242656 5096868 2255340
1786940784835 2242656 5096868 2255340
1786940784889 2242656 5096868 2255340
1786940784943 2242656 5096868 2255340
1786940784997 2242656 5096868 2255340
1786940785050 2242656 5096868 2255340
1786940785104 2242656 5096868 2255340
1786940785158 2242656 5096868 2255340
1786940785212 2242656 5096868 2255340
1786940785266 2242656 5096868 2255340
1786940785320 2242656 5096868 2255340
1786940785373 2242656 5096868 2255340
1786940785427 2242656 5096868 2255340
1786940785482 2242656 5096868 2255340
1786940785536 2242656 5096868 2255340
1786940785590 2242656 5096868 2255340
1786940785643 2242656 5096868 2255340
1786940785697 2242656 5096868 2255340
1786940785751 2242656 5096868 2255340
1786940785805 2242656 5096868 2255340
1786940785859 2242656 5096868 2255340
1786940785914 2242656 5096868 2255340
1786940785968 2242656 5096868 2255340
1786940786022 2250856 5096868 2255340
1786940786078 2258968 5096868 2258968
1786940786128 2247000 5096868 2255340
1786940786177 2244808 5096868 2255340
1786940786241 2255704 5096868 2255704
1786940786297 2262040 5096868 2262040
1786940786358 2266904 5096868 2266904
1786940786556 2267676 5096868 2267676
1786940786675 2267676 5096868 2267676
1786940786728 2267720 5096868 2267720
1786940786865 2268744 5096868 2268744
1786940786985 2268840 5096868 2268840
1786940787117 2259960 5096868 2259960
1786940787172 2250124 5096868 2258924
1786940787226 2244080 5096868 2258924
1786940787279 2244080 5096868 2258924
1786940787331 2246376 5096868 2258924
1786940787385 2260392 5096868 2260392
1786940787435 2261804 5096868 2261804
1786940787493 2262760 5096868 2262760
1786940787550 2262200 5096868 2262200
1786940787598 2248368 5096868 2258924
1786940787652 2250068 5096868 2258924
1786940787717 2260520 5096868 2260520
1786940787772 2254148 5096868 2258924
1786940787826 2244000 5096868 2258924
1786940787878 2244008 5096868 2258924
1786940787931 2244008 5096868 2258924
1786940787983 2244008 5096868 2258924
1786940788034 2244008 5096868 2258924
1786940788086 2244008 5096868 2258924
1786940788138 2244008 5096868 2258924
1786940788192 2244008 5096868 2258924
1786940788244 2244008 5096868 2258924
1786940788296 2244008 5096868 2258924
1786940788350 2244008 5096868 2258924
1786940788403 2244008 5096868 2258924
1786940788455 2244008 5096868 2258924
1786940788506 2244008 5096868 2258924
1786940788558 2244008 5096868 2258924
1786940788609 2244008 5096868 2258924
1786940788662 2244008 5096868 2258924
1786940788715 2244008 5096868 2258924
1786940788767 2244008 5096868 2258924
1786940788820 2244008 5096868 2258924
1786940788873 2244008 5096868 2258924
1786940788925 2244008 5096868 2258924
1786940788979 2244008 5096868 2258924
1786940789030 2244008 5096868 2258924
1786940789081 2244008 5096868 2258924
1786940789133 2244008 5096868 2258924
1786940789184 2244008 5096868 2258924
1786940789235 2244008 5096868 2258924
1786940789286 2244008 5096868 2258924
1786940789339 2244008 5096868 2258924
1786940789390 2244008 5096868 2258924
1786940789441 2244008 5096868 2258924
1786940789494 2244008 5096868 2258924
1786940789546 2244008 5096868 2258924
1786940789599 2244008 5096868 2258924
1786940789649 2244008 5096868 2258924
1786940789700 2244008 5096868 2258924
1786940789752 2244008 5096868 2258924
1786940789803 2244008 5096868 2258924
1786940789854 2244008 5096868 2258924
1786940789907 2244008 5096868 2258924
1786940789958 2244008 5096868 2258924
1786940790008 2244008 5096868 2258924
1786940790061 2244008 5096868 2258924
1786940790112 2244008 5096868 2258924
1786940790164 2244008 5096868 2258924
1786940790216 2244008 5096868 2258924
1786940790267 2244008 5096868 2258924
1786940790318 2244008 5096868 2258924
1786940790368 2244008 5096868 2258924
1786940790419 2244008 5096868 2258924
1786940790469 2244008 5096868 2258924
1786940790519 2244008 5096868 2258924
1786940790569 2244008 5096868 2258924
1786940790619 2244008 5096868 2258924
1786940790670 2244008 5096868 2258924
1786940790720 2244008 5096868 2258924
1786940790771 2244008 5096868 2258924
1786940790821 2244008 5096868 2258924
1786940790870 2244008 5096868 2258924
1786940790919 2244008 5096868 2258924
1786940790968 2244008 5096868 2258924
1786940791019 2244008 5096868 2258924
1786940791070 2244008 5096868 2258924
1786940791120 2244008 5096868 2258924
1786940791171 2244008 5096868 2258924
1786940791220 2244008 5096868 2258924
1786940791270 2244008 5096868 2258924
1786940791319 2244008 5096868 2258924
1786940791368 2244008 5096868 2258924
1786940791418 2244008 5096868 2258924
1786940791469 2244008 5096868 2258924
1786940791519 2244008 5096868 2258924
1786940791570 2244008 5096868 2258924
1786940791620 2244008 5096868 2258924
1786940791669 2244008 5096868 2258924
1786940791719 2244008 5096868 2258924
1786940791769 2244008 5096868 2258924
1786940791821 2244008 5096868 2258924
1786940791872 2244008 5096868 2258924
1786940791921 2244008 5096868 2258924
1786940791973 2244008 5096868 2258924
1786940792024 2244008 5096868 2258924
1786940792075 2244008 5096868 2258924
1786940792125 2244008 5096868 2258924
1786940792175 2244008 5096868 2258924
1786940792225 2244008 5096868 2258924
1786940792274 2244008 5096868 2258924
1786940792325 2244008 5096868 2258924
1786940792376 2244008 5096868 2258924
1786940792427 2244008 5096868 2258924
1786940792477 2244008 5096868 2258924
1786940792529 2244008 5096868 2258924
1786940792580 2244008 5096868 2258924
1786940792631 2244008 5096868 2258924
1786940792683 2244008 5096868 2258924
1786940792733 2244008 5096868 2258924
1786940792785 2244008 5096868 2258924
1786940792835 2244008 5096868 2258924
1786940792885 2244008 5096868 2258924
1786940792935 2244008 5096868 2258924
1786940792984 2244008 5096868 2258924
1786940793035 2244008 5096868 2258924
1786940793085 2244008 5096868 2258924
1786940793135 2244008 5096868 2258924
1786940793185 2244008 5096868 2258924
1786940793235 2244008 5096868 2258924
1786940793285 2244008 5096868 2258924
1786940793335 2244008 5096868 2258924
1786940793385 2244008 5096868 2258924
1786940793435 2244008 5096868 2258924
1786940793485 2244008 5096868 2258924
1786940793535 2244008 5096868 2258924
1786940793585 2244008 5096868 2258924
1786940793636 2244008 5096868 2258924
1786940793686 2244008 5096868 2258924
1786940793737 2244008 5096868 2258924
1786940793787 2244008 5096868 2258924
1786940793837 2244008 5096868 2258924
1786940793886 2244008 5096868 2258924
1786940793935 2244008 5096868 2258924
1786940793986 2244008 5096868 2258924
1786940794036 2244008 5096868 2258924
1786940794087 2244008 5096868 2258924
1786940794137 2244008 5096868 2258924
1786940794187 2244008 5096868 2258924
1786940794237 2244008 5096868 2258924
1786940794286 2244008 5096868 2258924
1786940794337 2244008 5096868 2258924
1786940794386 2244008 5096868 2258924
1786940794437 2244008 5096868 2258924
1786940794489 2244008 5096868 2258924
1786940794539 2244008 5096868 2258924
1786940794589 2244008 5096868 2258924
1786940794639 2244008 5096868 2258924
1786940794690 2244008 5096868 2258924
1786940794740 2244008 5096868 2258924
1786940794792 2244008 5096868 2258924
1786940794842 2244008 5096868 2258924
1786940794892 2244008 5096868 2258924
1786940794943 2244008 5096868 2258924
1786940794993 2244008 5096868 2258924
1786940795044 2244008 5096868 2258924
1786940795094 2244008 5096868 2258924
1786940795144 2244008 5096868 2258924
1786940795194 2244008 5096868 2258924
1786940795244 2244008 5096868 2258924
1786940795295 2244008 5096868 2258924
1786940795345 2244008 5096868 2258924
1786940795395 2244008 5096868 2258924
1786940795446 2244008 5096868 2258924
1786940795496 2244008 5096868 2258924
1786940795547 2244008 5096868 2258924
1786940795597 2244008 5096868 2258924
1786940795648 2244008 5096868 2258924
1786940795699 2244008 5096868 2258924
1786940795750 2244008 5096868 2258924
1786940795800 2244008 5096868 2258924
1786940795852 2244008 5096868 2258924
1786940795903 2244008 5096868 2258924
1786940795953 2244008 5096868 2258924
1786940796005 2244008 5096868 2258924
1786940796055 2244008 5096868 2258924
1786940796105 2244008 5096868 2258924
1786940796155 2244008 5096868 2258924
1786940796205 2244008 5096868 2258924
1786940796256 2244008 5096868 2258924
1786940796307 2244008 5096868 2258924
1786940796358 2244008 5096868 2258924
1786940796410 2244008 5096868 2258924
1786940796460 2244008 5096868 2258924
1786940796510 2244008 5096868 2258924
1786940796560 2244008 5096868 2258924
1786940796611 2244008 5096868 2258924
1786940796661 2244008 5096868 2258924
1786940796713 2244008 5096868 2258924
1786940796765 2244008 5096868 2258924
1786940796816 2244008 5096868 2258924
1786940796866 2244008 5096868 2258924
1786940796917 2244008 5096868 2258924
1786940796968 2244008 5096868 2258924
1786940797019 2244008 5096868 2258924
1786940797070 2244008 5096868 2258924
1786940797121 2244008 5096868 2258924
1786940797172 2244008 5096868 2258924
1786940797223 2244008 5096868 2258924
1786940797274 2244008 5096868 2258924
1786940797326 2244008 5096868 2258924
1786940797378 2244008 5096868 2258924
1786940797430 2244008 5096868 2258924
1786940797481 2244008 5096868 2258924
1786940797532 2244008 5096868 2258924
1786940797583 2244008 5096868 2258924
1786940797634 2244008 5096868 2258924
1786940797684 2244008 5096868 2258924
1786940797735 2244008 5096868 2258924
1786940797786 2244008 5096868 2258924
1786940797837 2244008 5096868 2258924
1786940797888 2244008 5096868 2258924
1786940797939 2244008 5096868 2258924
1786940797990 2244008 5096868 2258924
1786940798043 2244008 5096868 2258924
1786940798093 2244008 5096868 2258924
1786940798144 2244008 5096868 2258924
1786940798196 2244008 5096868 2258924
1786940798247 2244008 5096868 2258924
1786940798299 2244008 5096868 2258924
1786940798350 2244008 5096868 2258924
1786940798400 2244008 5096868 2258924
1786940798451 2244008 5096868 2258924
1786940798502 2244008 5096868 2258924
1786940798554 2244008 5096868 2258924
1786940798604 2244008 5096868 2258924
1786940798655 2244008 5096868 2258924
1786940798706 2244008 5096868 2258924
1786940798757 2244008 5096868 2258924
1786940798808 2244008 5096868 2258924
1786940798860 2244008 5096868 2258924
1786940798911 2244008 5096868 2258924
1786940798964 2244008 5096868 2258924
1786940799015 2244008 5096868 2258924
1786940799066 2244008 5096868 2258924
1786940799117 2244008 5096868 2258924
1786940799169 2244008 5096868 2258924
1786940799221 2244008 5096868 2258924
1786940799273 2244008 5096868 2258924
1786940799325 2244008 5096868 2258924
1786940799376 2244008 5096868 2258924
1786940799427 2244008 5096868 2258924
1786940799477 2244008 5096868 2258924
1786940799527 2244008 5096868 2258924
1786940799578 2244008 5096868 2258924
1786940799628 2244008 5096868 2258924
1786940799679 2244008 5096868 2258924
1786940799730 2244008 5096868 2258924
1786940799782 2244008 5096868 2258924
1786940799834 2244008 5096868 2258924
1786940799884 2244008 5096868 2258924
1786940799936 2244008 5096868 2258924
1786940799987 2244008 5096868 2258924
1786940800038 2244008 5096868 2258924
1786940800089 2244008 5096868 2258924
1786940800140 2244008 5096868 2258924
1786940800191 2244008 5096868 2258924
1786940800242 2244008 5096868 2258924
1786940800292 2244008 5096868 2258924
1786940800343 2244008 5096868 2258924
1786940800395 2244008 5096868 2258924
1786940800446 2244008 5096868 2258924
1786940800497 2244008 5096868 2258924
1786940800547 2244008 5096868 2258924
1786940800598 2244008 5096868 2258924
1786940800648 2244008 5096868 2258924
1786940800699 2244008 5096868 2258924
1786940800748 2244008 5096868 2258924
1786940800800 2244008 5096868 2258924
1786940800851 2244008 5096868 2258924
1786940800902 2244008 5096868 2258924
1786940800953 2244008 5096868 2258924
1786940801005 2244008 5096868 2258924
1786940801056 2244008 5096868 2258924
1786940801107 2244008 5096868 2258924
1786940801158 2244008 5096868 2258924
1786940801209 2244008 5096868 2258924
1786940801260 2244008 5096868 2258924
1786940801311 2244008 5096868 2258924
1786940801361 2244008 5096868 2258924
1786940801413 2244008 5096868 2258924
1786940801464 2244008 5096868 2258924
1786940801514 2244008 5096868 2258924
1786940801565 2244008 5096868 2258924
1786940801616 2244008 5096868 2258924
1786940801668 2244008 5096868 2258924
1786940801718 2244008 5096868 2258924
1786940801770 2244008 5096868 2258924
1786940801821 2244008 5096868 2258924
1786940801874 2244008 5096868 2258924
1786940801926 2244008 5096868 2258924
1786940801977 2244008 5096868 2258924
1786940802030 2244008 5096868 2258924
1786940802081 2244008 5096868 2258924
1786940802132 2244008 5096868 2258924
1786940802184 2244008 5096868 2258924
1786940802234 2244008 5096868 2258924
1786940802286 2244008 5096868 2258924
1786940802338 2244008 5096868 2258924
1786940802390 2244008 5096868 2258924
1786940802441 2244008 5096868 2258924
1786940802492 2244008 5096868 2258924
1786940802543 2244008 5096868 2258924
1786940802594 2244008 5096868 2258924
1786940802646 2244008 5096868 2258924
1786940802698 2244008 5096868 2258924
1786940802750 2244008 5096868 2258924
1786940802801 2244008 5096868 2258924
1786940802852 2244008 5096868 2258924
1786940802905 2244008 5096868 2258924
1786940802956 2244008 5096868 2258924
1786940803009 2244008 5096868 2258924
1786940803060 2244008 5096868 2258924
1786940803112 2244008 5096868 2258924
1786940803163 2244008 5096868 2258924
1786940803213 2244008 5096868 2258924
1786940803264 2244008 5096868 2258924
1786940803315 2244008 5096868 2258924
1786940803367 2244008 5096868 2258924
1786940803418 2244008 5096868 2258924
1786940803469 2244008 5096868 2258924
1786940803520 2244008 5096868 2258924
1786940803572 2244008 5096868 2258924
1786940803624 2244008 5096868 2258924
1786940803675 2244008 5096868 2258924
1786940803727 2244008 5096868 2258924
1786940803778 2244008 5096868 2258924
1786940803829 2244008 5096868 2258924
1786940803884 2244008 5096868 2258924
1786940803937 2244008 5096868 2258924
1786940803989 2244008 5096868 2258924
1786940804044 2244008 5096868 2258924
1786940804100 2244008 5096868 2258924
1786940804154 2244008 5096868 2258924
1786940804210 2244008 5096868 2258924
1786940804265 2244008 5096868 2258924
1786940804320 2244008 5096868 2258924
1786940804375 2244008 5096868 2258924
1786940804430 2244008 5096868 2258924
1786940804485 2244008 5096868 2258924
1786940804540 2244008 5096868 2258924
1786940804595 2244008 5096868 2258924
1786940804649 2244008 5096868 2258924
1786940804700 2244008 5096868 2258924
1786940804752 2244008 5096868 2258924
1786940804806 2244008 5096868 2258924
1786940804861 2244008 5096868 2258924
1786940804916 2244008 5096868 2258924
1786940804971 2244008 5096868 2258924
1786940805026 2244008 5096868 2258924
1786940805082 2244008 5096868 2258924
1786940805137 2244008 5096868 2258924
1786940805192 2244008 5096868 2258924
1786940805247 2244008 5096868 2258924
1786940805302 2244008 5096868 2258924
1786940805357 2244008 5096868 2258924
1786940805412 2244008 5096868 2258924
1786940805466 2244008 5096868 2258924
1786940805519 2244008 5096868 2258924
1786940805573 2244008 5096868 2258924
1786940805629 2244008 5096868 2258924
1786940805685 2244008 5096868 2258924
1786940805740 2244008 5096868 2258924
1786940805796 2244008 5096868 2258924
1786940805851 2244008 5096868 2258924
1786940805906 2244008 5096868 2258924
1786940805961 2244008 5096868 2258924
1786940806016 2244008 5096868 2258924
1786940806072 2244008 5096868 2258924
1786940806126 2244008 5096868 2258924
1786940806181 2244008 5096868 2258924
1786940806235 2244008 5096868 2258924
1786940806287 2244008 5096868 2258924
1786940806343 2244008 5096868 2258924
1786940806399 2244008 5096868 2258924
1786940806455 2244008 5096868 2258924
1786940806511 2244008 5096868 2258924
1786940806567 2244008 5096868 2258924
1786940806622 2244008 5096868 2258924
1786940806677 2244008 5096868 2258924
1786940806733 2244008 5096868 2258924
1786940806789 2244008 5096868 2258924
1786940806846 2244008 5096868 2258924
1786940806901 2244008 5096868 2258924
1786940806957 2244008 5096868 2258924
1786940807014 2244008 5096868 2258924
1786940807069 2244008 5096868 2258924
1786940807124 2244008 5096868 2258924
1786940807179 2244008 5096868 2258924
1786940807234 2244008 5096868 2258924
1786940807290 2244008 5096868 2258924
1786940807345 2244008 5096868 2258924
1786940807401 2244008 5096868 2258924
1786940807456 2244008 5096868 2258924
1786940807513 2244008 5096868 2258924
1786940807569 2244008 5096868 2258924
1786940807625 2244008 5096868 2258924
1786940807681 2244008 5096868 2258924
1786940807737 2244008 5096868 2258924
1786940807794 2244008 5096868 2258924
1786940807850 2244008 5096868 2258924
1786940807907 2244008 5096868 2258924
1786940807963 2244008 5096868 2258924
1786940808020 2244008 5096868 2258924
1786940808076 2244008 5096868 2258924
1786940808132 2244008 5096868 2258924
1786940808187 2244008 5096868 2258924
1786940808241 2244008 5096868 2258924
1786940808297 2244008 5096868 2258924
1786940808351 2244008 5096868 2258924
1786940808407 2244008 5096868 2258924
1786940808463 2244008 5096868 2258924
1786940808518 2244008 5096868 2258924
1786940808574 2244008 5096868 2258924
1786940808630 2244008 5096868 2258924
1786940808686 2244008 5096868 2258924
1786940808743 2244008 5096868 2258924
1786940808798 2244008 5096868 2258924
1786940808854 2244008 5096868 2258924
1786940808910 2244008 5096868 2258924
1786940808965 2244008 5096868 2258924
1786940809020 2244008 5096868 2258924
1786940809076 2244008 5096868 2258924
1786940809132 2244008 5096868 2258924
1786940809188 2244008 5096868 2258924
1786940809244 2244008 5096868 2258924
1786940809301 2244008 5096868 2258924
1786940809355 2244008 5096868 2258924
1786940809410 2244008 5096868 2258924
1786940809466 2244008 5096868 2258924
1786940809521 2244008 5096868 2258924
1786940809577 2244008 5096868 2258924
1786940809632 2244008 5096868 2258924
1786940809688 2244008 5096868 2258924
1786940809741 2244008 5096868 2258924
1786940809793 2244008 5096868 2258924
1786940809847 2252240 5096868 2258924
1786940809901 2252240 5096868 2258924
1786940809957 2260400 5096868 2260400
1786940810012 2256116 5096868 2258924
1786940810067 2252224 5096868 2258924
1786940810123 2260528 5096868 2260528
1786940810178 2260528 5096868 2260528
1786940810234 2260592 5096868 2260592
1786940810293 2257656 5096868 2258924
1786940810350 2252292 5096868 2258924
1786940810405 2260400 5096868 2260400
1786940810463 2262752 5096868 2262752
1786940810521 2262768 5096868 2262768
1786940810579 2262768 5096868 2262768
1786940810638 2262768 5096868 2262768
1786940810696 2262768 5096868 2262768
1786940810751 2262768 5096868 2262768
1786940810807 2262768 5096868 2262768
1786940810862 2262768 5096868 2262768
1786940810920 2262768 5096868 2262768
1786940810977 2262768 5096868 2262768
1786940811034 2262768 5096868 2262768
1786940811091 2265388 5096868 2265388
1786940811150 2268648 5096868 2268648
1786940811204 2268648 5096868 2268648
1786940811257 2268648 5096868 2268648
1786940811310 2268648 5096868 2268648
1786940811367 2268848 5096868 2268848
1786940811559 2268848 5096868 2268848
1786940811613 2268848 5096868 2268848
1786940811670 2268848 5096868 2268848
1786940811727 2268848 5096868 2268848
1786940811784 2268848 5096868 2268848
1786940811841 2268848 5096868 2268848
1786940811899 2268848 5096868 2268848
1786940811960 2268848 5096868 2268848
1786940812017 2270896 5096868 2270896
1786940812146 2271648 5096868 2271648
1786940812269 2271648 5096868 2271648
1786940812326 2271648 5096868 2271648
1786940812383 2271648 5096868 2271648
1786940812441 2271648 5096868 2271648
1786940812498 2271648 5096868 2271648
1786940812556 2271648 5096868 2271648
1786940812614 2271648 5096868 2271648
1786940812671 2268688 5096868 2268688
1786940812727 2262768 5096868 2262768
1786940812775 2250688 5096868 2260856
1786940812828 2246888 5096868 2260856
1786940812879 2246888 5096868 2260856
1786940812930 2248332 5096868 2260856
1786940812981 2248332 5096868 2260856
1786940813034 2248332 5096868 2260856
1786940813087 2248332 5096868 2260856
1786940813141 2248332 5096868 2260856
1786940813194 2248332 5096868 2260856
1786940813248 2248332 5096868 2260856
1786940813301 2248332 5096868 2260856
1786940813354 2248332 5096868 2260856
1786940813408 2248332 5096868 2260856
1786940813461 2248332 5096868 2260856
1786940813515 2248332 5096868 2260856
1786940813568 2248332 5096868 2260856
1786940813621 2248332 5096868 2260856
1786940813675 2248332 5096868 2260856
1786940813729 2248332 5096868 2260856
1786940813782 2248332 5096868 2260856
1786940813836 2248332 5096868 2260856
1786940813889 2248332 5096868 2260856
1786940813943 2248332 5096868 2260856
1786940813996 2248332 5096868 2260856
1786940814049 2248332 5096868 2260856
1786940814103 2248332 5096868 2260856
1786940814155 2248332 5096868 2260856
1786940814209 2248332 5096868 2260856
1786940814263 2248332 5096868 2260856
1786940814317 2248332 5096868 2260856
1786940814369 2248332 5096868 2260856
1786940814423 2248332 5096868 2260856
1786940814476 2248332 5096868 2260856
1786940814530 2248332 5096868 2260856
1786940814583 2248332 5096868 2260856
1786940814636 2248332 5096868 2260856
1786940814689 2248332 5096868 2260856
1786940814742 2248332 5096868 2260856
1786940814795 2248332 5096868 2260856
1786940814849 2248332 5096868 2260856
1786940814902 2248332 5096868 2260856
1786940814955 2248332 5096868 2260856
1786940815008 2248332 5096868 2260856
1786940815062 2248332 5096868 2260856
1786940815115 2248332 5096868 2260856
1786940815168 2248332 5096868 2260856
1786940815222 2248332 5096868 2260856
1786940815276 2248332 5096868 2260856
1786940815329 2248332 5096868 2260856
1786940815381 2248332 5096868 2260856
1786940815433 2248332 5096868 2260856
1786940815486 2248332 5096868 2260856
1786940815537 2248332 5096868 2260856
1786940815590 2248332 5096868 2260856
1786940815641 2248332 5096868 2260856
1786940815694 2248332 5096868 2260856
1786940815746 2248332 5096868 2260856
1786940815799 2248332 5096868 2260856
1786940815852 2248332 5096868 2260856
1786940815903 2248332 5096868 2260856
1786940815956 2248332 5096868 2260856
1786940816008 2248332 5096868 2260856
1786940816060 2248332 5096868 2260856
1786940816113 2248332 5096868 2260856
1786940816164 2248332 5096868 2260856
1786940816217 2248332 5096868 2260856
1786940816269 2248332 5096868 2260856
1786940816321 2248332 5096868 2260856
1786940816374 2248332 5096868 2260856
1786940816426 2248332 5096868 2260856
1786940816479 2248332 5096868 2260856
1786940816532 2248332 5096868 2260856
1786940816586 2248332 5096868 2260856
1786940816639 2248332 5096868 2260856
1786940816692 2248332 5096868 2260856
1786940816746 2248332 5096868 2260856
1786940816800 2248332 5096868 2260856
1786940816854 2248332 5096868 2260856
1786940816908 2248332 5096868 2260856
1786940816961 2248332 5096868 2260856
1786940817015 2248332 5096868 2260856
1786940817069 2248332 5096868 2260856
1786940817122 2248332 5096868 2260856
1786940817176 2248332 5096868 2260856
1786940817230 2248332 5096868 2260856
1786940817283 2248332 5096868 2260856
1786940817337 2248332 5096868 2260856
1786940817391 2248332 5096868 2260856
1786940817445 2248332 5096868 2260856
1786940817498 2248332 5096868 2260856
1786940817552 2248332 5096868 2260856
1786940817605 2248332 5096868 2260856
1786940817660 2248332 5096868 2260856
1786940817714 2248332 5096868 2260856
1786940817766 2248332 5096868 2260856
1786940817821 2248332 5096868 2260856
1786940817874 2248332 5096868 2260856
1786940817927 2248332 5096868 2260856
1786940817981 2248332 5096868 2260856
1786940818034 2248332 5096868 2260856
1786940818088 2248332 5096868 2260856
1786940818142 2248332 5096868 2260856
1786940818196 2248332 5096868 2260856
1786940818250 2248332 5096868 2260856
1786940818303 2248332 5096868 2260856
1786940818357 2248332 5096868 2260856
1786940818410 2248332 5096868 2260856
1786940818464 2248332 5096868 2260856
1786940818517 2248332 5096868 2260856
1786940818571 2248332 5096868 2260856
1786940818625 2248332 5096868 2260856
1786940818678 2248332 5096868 2260856
1786940818732 2248332 5096868 2260856
1786940818786 2248332 5096868 2260856
1786940818840 2248332 5096868 2260856
1786940818893 2248332 5096868 2260856
1786940818947 2248332 5096868 2260856
1786940819000 2248332 5096868 2260856
1786940819054 2248332 5096868 2260856
1786940819107 2248332 5096868 2260856
1786940819160 2248332 5096868 2260856
1786940819214 2248332 5096868 2260856
1786940819268 2248332 5096868 2260856
1786940819321 2248332 5096868 2260856
1786940819375 2248332 5096868 2260856
1786940819428 2248332 5096868 2260856
1786940819481 2248332 5096868 2260856
1786940819535 2248332 5096868 2260856
1786940819588 2248332 5096868 2260856
1786940819642 2248332 5096868 2260856
1786940819696 2248332 5096868 2260856
1786940819749 2248332 5096868 2260856
1786940819803 2248332 5096868 2260856
1786940819856 2248332 5096868 2260856
1786940819910 2248332 5096868 2260856
1786940819964 2248332 5096868 2260856
1786940820017 2248332 5096868 2260856
1786940820071 2248332 5096868 2260856
1786940820124 2248332 5096868 2260856
1786940820178 2248332 5096868 2260856
1786940820231 2248332 5096868 2260856
1786940820284 2248332 5096868 2260856
1786940820338 2248332 5096868 2260856
1786940820392 2248332 5096868 2260856
1786940820445 2248332 5096868 2260856
1786940820499 2248332 5096868 2260856
1786940820552 2248332 5096868 2260856
1786940820606 2248332 5096868 2260856
1786940820659 2248332 5096868 2260856
1786940820713 2248332 5096868 2260856
1786940820767 2248332 5096868 2260856
1786940820821 2248332 5096868 2260856
1786940820875 2248332 5096868 2260856
1786940820929 2248332 5096868 2260856
1786940820983 2248332 5096868 2260856
1786940821037 2248332 5096868 2260856
1786940821090 2248332 5096868 2260856
1786940821144 2248332 5096868 2260856
1786940821198 2248332 5096868 2260856
1786940821252 2248332 5096868 2260856
1786940821306 2248332 5096868 2260856
1786940821359 2248332 5096868 2260856
1786940821413 2248332 5096868 2260856
1786940821467 2248332 5096868 2260856
1786940821521 2248332 5096868 2260856
1786940821574 2248332 5096868 2260856
1786940821629 2248332 5096868 2260856
1786940821682 2248332 5096868 2260856
1786940821736 2248332 5096868 2260856
1786940821790 2248332 5096868 2260856
1786940821844 2248332 5096868 2260856
1786940821895 2248332 5096868 2260856
1786940821949 2248332 5096868 2260856
1786940822002 2248332 5096868 2260856
1786940822057 2248332 5096868 2260856
1786940822110 2248332 5096868 2260856
1786940822164 2248332 5096868 2260856
1786940822218 2248332 5096868 2260856
1786940822272 2248332 5096868 2260856
1786940822325 2248332 5096868 2260856
1786940822378 2248332 5096868 2260856
1786940822432 2248332 5096868 2260856
1786940822485 2248332 5096868 2260856
1786940822539 2248332 5096868 2260856
1786940822594 2248332 5096868 2260856
1786940822647 2248332 5096868 2260856
1786940822700 2248332 5096868 2260856
1786940822754 2248332 5096868 2260856
1786940822808 2248332 5096868 2260856
1786940822862 2248332 5096868 2260856
1786940822915 2248332 5096868 2260856
1786940822968 2248332 5096868 2260856
1786940823022 2248332 5096868 2260856
1786940823076 2248332 5096868 2260856
1786940823130 2248332 5096868 2260856
1786940823183 2248332 5096868 2260856
1786940823236 2248332 5096868 2260856
1786940823289 2248332 5096868 2260856
1786940823343 2248332 5096868 2260856
1786940823396 2248332 5096868 2260856
1786940823449 2248332 5096868 2260856
1786940823502 2248332 5096868 2260856
1786940823556 2248332 5096868 2260856
1786940823609 2248332 5096868 2260856
1786940823663 2248332 5096868 2260856
1786940823716 2248332 5096868 2260856
1786940823770 2248332 5096868 2260856
1786940823823 2248332 5096868 2260856
1786940823877 2248332 5096868 2260856
1786940823931 2248332 5096868 2260856
1786940823984 2248332 5096868 2260856
1786940824038 2248332 5096868 2260856
1786940824091 2248332 5096868 2260856
1786940824145 2248332 5096868 2260856
1786940824199 2248332 5096868 2260856
1786940824252 2248332 5096868 2260856
1786940824306 2248332 5096868 2260856
1786940824360 2248332 5096868 2260856
1786940824414 2248332 5096868 2260856
1786940824468 2248332 5096868 2260856
1786940824521 2248332 5096868 2260856
1786940824575 2248332 5096868 2260856
1786940824628 2248332 5096868 2260856
1786940824681 2248332 5096868 2260856
1786940824734 2256876 5096868 2260856
1786940824789 2265192 5096868 2265192
1786940824847 2267356 5096868 2267356
1786940824904 2267356 5096868 2267356
1786940824959 2249360 5096868 2260856
1786940825013 2249308 5096868 2260856
1786940825066 2249436 5096868 2260856
1786940825120 2249436 5096868 2260856
1786940825174 2249436 5096868 2260856
1786940825229 2249436 5096868 2260856
1786940825283 2249436 5096868 2260856
1786940825337 2249436 5096868 2260856
1786940825391 2249436 5096868 2260856
1786940825445 2249436 5096868 2260856
1786940825499 2249436 5096868 2260856
1786940825553 2257636 5096868 2260856
1786940825607 2265748 5096868 2265748
1786940825657 2250476 5096868 2260856
1786940825722 2262924 5096868 2262924
1786940825778 2269588 5096868 2269588
1786940825836 2274196 5096868 2274196
1786940826030 2274500 5096868 2274500
1786940826148 2274500 5096868 2274500
1786940826209 2276200 5096868 2276200
1786940826364 2277224 5096868 2277224
1786940826487 2276484 5096868 2276484
1786940826544 2271304 5096868 2271304
1786940826601 2266864 5096868 2266952
1786940826656 2256908 5096868 2266952
1786940826705 2252464 5096868 2266952
1786940826758 2252464 5096868 2266952
1786940826812 2260664 5096868 2266952
1786940826868 2268776 5096868 2268776
1786940826930 2271144 5096868 2271144
1786940826987 2271144 5096868 2271144
1786940827043 2255368 5096868 2266952
1786940827096 2263384 5096868 2266952
1786940827156 2267428 5096868 2267408
1786940827212 2261032 5096868 2266952
1786940827262 2252368 5096868 2266952
1786940827316 2252372 5096868 2266952
1786940827371 2252372 5096868 2266952
1786940827427 2252372 5096868 2266952
1786940827481 2252372 5096868 2266952
1786940827536 2252372 5096868 2266952
1786940827590 2252372 5096868 2266952
1786940827645 2252372 5096868 2266952
1786940827700 2252372 5096868 2266952
1786940827754 2252372 5096868 2266952
1786940827808 2252372 5096868 2266952
1786940827863 2252372 5096868 2266952
1786940827918 2252372 5096868 2266952
1786940827972 2252372 5096868 2266952
1786940828027 2252372 5096868 2266952
1786940828081 2252372 5096868 2266952
1786940828136 2252372 5096868 2266952
1786940828190 2252372 5096868 2266952
1786940828245 2252372 5096868 2266952
1786940828299 2252372 5096868 2266952
1786940828353 2252372 5096868 2266952
1786940828408 2252372 5096868 2266952
1786940828462 2252372 5096868 2266952
1786940828517 2252372 5096868 2266952
1786940828570 2252372 5096868 2266952
1786940828624 2252372 5096868 2266952
1786940828678 2252372 5096868 2266952
1786940828731 2252372 5096868 2266952
1786940828785 2252372 5096868 2266952
1786940828839 2252372 5096868 2266952
1786940828892 2252372 5096868 2266952
1786940828946 2252372 5096868 2266952
1786940828999 2252372 5096868 2266952
1786940829053 2252372 5096868 2266952
1786940829107 2252372 5096868 2266952
1786940829161 2252372 5096868 2266952
1786940829215 2252372 5096868 2266952
1786940829269 2252372 5096868 2266952
1786940829323 2252372 5096868 2266952
1786940829376 2252372 5096868 2266952
1786940829429 2252372 5096868 2266952
1786940829483 2252372 5096868 2266952
1786940829537 2252372 5096868 2266952
1786940829592 2252372 5096868 2266952
1786940829646 2252372 5096868 2266952
1786940829702 2260956 5096868 2266952
1786940829757 2260956 5096868 2266952
1786940829813 2269116 5096868 2269116
1786940829868 2264372 5096868 2266952
1786940829917 2261032 5096868 2266952
1786940829973 2261032 5096868 2266952
1786940830027 2269116 5096868 2269116
1786940830083 2269116 5096868 2269116
1786940830139 2273204 5096868 2273204
1786940830195 2275516 5097636 2275516
1786940830251 2275516 5097636 2275516
1786940830309 2276604 5097636 2276604
1786940830367 2277564 5097636 2277564
1786940830565 2277564 5097636 2277564
1786940830623 2277564 5097636 2277564
1786940830676 2277564 5097636 2277564
1786940830729 2277564 5097636 2277564
1786940830782 2277564 5097636 2277564
1786940830835 2277564 5097636 2277564
1786940830912 2277564 5097636 2277564
1786940830969 2277564 5097636 2277564
1786940831023 2277564 5097636 2277564
1786940831077 2277564 5097636 2277564
1786940831134 2277564 5097636 2277564
1786940831191 2277564 5097636 2277564
1786940831248 2277564 5097636 2277564
1786940831304 2277564 5097636 2277564
1786940831361 2277564 5097636 2277564
1786940831418 2277564 5097636 2277564
1786940831475 2277564 5097636 2277564
1786940831532 2277564 5097636 2277564
1786940831589 2277564 5097636 2277564
1786940831645 2277564 5097636 2277564
1786940831702 2277564 5097636 2277564
1786940831759 2277564 5097636 2277564
1786940831816 2277564 5097636 2277564
1786940831873 2277564 5097636 2277564
1786940831929 2277564 5097636 2277564
1786940831986 2269692 5097636 2269692
1786940832035 2257656 5097636 2266976
1786940832084 2255500 5097636 2266976
1786940832137 2255500 5097636 2266976
1786940832189 2255500 5097636 2266976
1786940832241 2255500 5097636 2266976
1786940832294 2255500 5097636 2266976
1786940832349 2255500 5097636 2266976
1786940832403 2255500 5097636 2266976
1786940832458 2255500 5097636 2266976
1786940832512 2255500 5097636 2266976
1786940832567 2255500 5097636 2266976
1786940832622 2255500 5097636 2266976
1786940832676 2255500 5097636 2266976
1786940832731 2255500 5097636 2266976
1786940832785 2255500 5097636 2266976
1786940832840 2255500 5097636 2266976
1786940832895 2255500 5097636 2266976
1786940832949 2255500 5097636 2266976
1786940833004 2255500 5097636 2266976
1786940833059 2255500 5097636 2266976
1786940833114 2255500 5097636 2266976
1786940833169 2255500 5097636 2266976
1786940833224 2255500 5097636 2266976
1786940833278 2255500 5097636 2266976
1786940833332 2255500 5097636 2266976
1786940833387 2255500 5097636 2266976
1786940833442 2255500 5097636 2266976
1786940833496 2255500 5097636 2266976
1786940833551 2255500 5097636 2266976
1786940833605 2255500 5097636 2266976
1786940833660 2255500 5097636 2266976
1786940833714 2255500 5097636 2266976
1786940833769 2255500 5097636 2266976
1786940833824 2255500 5097636 2266976
1786940833878 2255500 5097636 2266976
1786940833935 2255500 5097636 2266976
1786940833989 2255500 5097636 2266976
1786940834045 2271812 5097636 2271812
1786940834100 2257680 5097636 2266976
1786940834149 2256152 5097636 2266976
1786940834224 2268548 5097636 2268548
1786940834281 2276420 5097636 2276420
1786940834339 2280260 5097636 2280260
1786940834543 2280328 5097636 2280328
1786940834660 2280328 5097636 2280328
1786940834718 2280784 5097636 2280784
1786940834887 2281344 5097636 2281344
1786940835041 2264084 5097636 2269536
1786940835090 2256584 5097636 2269536
1786940835144 2256584 5097636 2269536
1786940835197 2264784 5097636 2269536
1786940835252 2272896 5097636 2272896
1786940835338 2275264 5097636 2275264
1786940835395 2275264 5097636 2275264
1786940835451 2262528 5097636 2269536
1786940835523 2273024 5097636 2273024
1786940835580 2266652 5097636 2269536
1786940835628 2256504 5097636 2269536
1786940835682 2256504 5097636 2269536
1786940835734 2256504 5097636 2269536
1786940835786 2256504 5097636 2269536
1786940835838 2256504 5097636 2269536
1786940835890 2256504 5097636 2269536
1786940835942 2256504 5097636 2269536
1786940835995 2256504 5097636 2269536
1786940836047 2256504 5097636 2269536
1786940836099 2256504 5097636 2269536
1786940836154 2256504 5097636 2269536
1786940836207 2256504 5097636 2269536
1786940836259 2256504 5097636 2269536
1786940836310 2256504 5097636 2269536
1786940836361 2256504 5097636 2269536
1786940836412 2256504 5097636 2269536
1786940836464 2256504 5097636 2269536
1786940836517 2256504 5097636 2269536
1786940836569 2256504 5097636 2269536
1786940836621 2256504 5097636 2269536
1786940836673 2256504 5097636 2269536
1786940836727 2256504 5097636 2269536
1786940836780 2256504 5097636 2269536
1786940836833 2256504 5097636 2269536
1786940836884 2256504 5097636 2269536
1786940836937 2256504 5097636 2269536
1786940836988 2256504 5097636 2269536
1786940837040 2256504 5097636 2269536
1786940837091 2256504 5097636 2269536
1786940837145 2256504 5097636 2269536
1786940837196 2256504 5097636 2269536
1786940837250 2256504 5097636 2269536
1786940837301 2256504 5097636 2269536
1786940837353 2256504 5097636 2269536
1786940837407 2256504 5097636 2269536
1786940837459 2256504 5097636 2269536
1786940837511 2256504 5097636 2269536
1786940837563 2256504 5097636 2269536
1786940837614 2256504 5097636 2269536
1786940837667 2256504 5097636 2269536
1786940837719 2256504 5097636 2269536
1786940837772 2256504 5097636 2269536
1786940837823 2256504 5097636 2269536
1786940837875 2256504 5097636 2269536
1786940837926 2256504 5097636 2269536
1786940837978 2256504 5097636 2269536
1786940838029 2256504 5097636 2269536
1786940838080 2256504 5097636 2269536
1786940838131 2256504 5097636 2269536
1786940838182 2256504 5097636 2269536
1786940838232 2256504 5097636 2269536
1786940838282 2256504 5097636 2269536
1786940838333 2256504 5097636 2269536
1786940838384 2256504 5097636 2269536
1786940838434 2256504 5097636 2269536
1786940838485 2256504 5097636 2269536
1786940838535 2256504 5097636 2269536
1786940838586 2256504 5097636 2269536
1786940838636 2256504 5097636 2269536
1786940838687 2256504 5097636 2269536
1786940838737 2256504 5097636 2269536
1786940838788 2256504 5097636 2269536
1786940838839 2256504 5097636 2269536
1786940838890 2256504 5097636 2269536
1786940838941 2256504 5097636 2269536
1786940838992 2256504 5097636 2269536
1786940839045 2256504 5097636 2269536
1786940839096 2256504 5097636 2269536
1786940839146 2256504 5097636 2269536
1786940839198 2256504 5097636 2269536
1786940839249 2256504 5097636 2269536
1786940839300 2256504 5097636 2269536
1786940839351 2256504 5097636 2269536
1786940839404 2256504 5097636 2269536
1786940839456 2256504 5097636 2269536
1786940839507 2256504 5097636 2269536
1786940839558 2256504 5097636 2269536
1786940839609 2256504 5097636 2269536
1786940839660 2256504 5097636 2269536
1786940839711 2256504 5097636 2269536
1786940839763 2256504 5097636 2269536
1786940839813 2256504 5097636 2269536
1786940839864 2256504 5097636 2269536
1786940839915 2256504 5097636 2269536
1786940839966 2256504 5097636 2269536
1786940840017 2256504 5097636 2269536
1786940840068 2256504 5097636 2269536
1786940840118 2256504 5097636 2269536
1786940840170 2256504 5097636 2269536
1786940840221 2256504 5097636 2269536
1786940840273 2256504 5097636 2269536
1786940840324 2256504 5097636 2269536
1786940840375 2256504 5097636 2269536
1786940840426 2256504 5097636 2269536
1786940840477 2256504 5097636 2269536
1786940840528 2256504 5097636 2269536
1786940840579 2256504 5097636 2269536
1786940840629 2256504 5097636 2269536
1786940840681 2256504 5097636 2269536
1786940840733 2256504 5097636 2269536
1786940840785 2256504 5097636 2269536
1786940840837 2256504 5097636 2269536
1786940840889 2256504 5097636 2269536
1786940840941 2256504 5097636 2269536
1786940840993 2256504 5097636 2269536
1786940841045 2256504 5097636 2269536
1786940841096 2256504 5097636 2269536
1786940841147 2256504 5097636 2269536
1786940841198 2256504 5097636 2269536
1786940841248 2256504 5097636 2269536
1786940841300 2256504 5097636 2269536
1786940841351 2256504 5097636 2269536
1786940841403 2256504 5097636 2269536
1786940841454 2256504 5097636 2269536
1786940841505 2256504 5097636 2269536
1786940841556 2256504 5097636 2269536
1786940841606 2256504 5097636 2269536
1786940841659 2256504 5097636 2269536
1786940841711 2256504 5097636 2269536
1786940841762 2256504 5097636 2269536
1786940841815 2256504 5097636 2269536
1786940841865 2256504 5097636 2269536
1786940841916 2256504 5097636 2269536
1786940841966 2256504 5097636 2269536
1786940842017 2256504 5097636 2269536
1786940842068 2256504 5097636 2269536
1786940842119 2256504 5097636 2269536
1786940842170 2256504 5097636 2269536
1786940842220 2256504 5097636 2269536
1786940842271 2256504 5097636 2269536
1786940842323 2256504 5097636 2269536
1786940842375 2256504 5097636 2269536
1786940842427 2256504 5097636 2269536
1786940842479 2256504 5097636 2269536
1786940842530 2256504 5097636 2269536
1786940842581 2256504 5097636 2269536
1786940842632 2256504 5097636 2269536
1786940842683 2256504 5097636 2269536
1786940842735 2256504 5097636 2269536
1786940842787 2256504 5097636 2269536
1786940842838 2256504 5097636 2269536
1786940842889 2256504 5097636 2269536
1786940842940 2256504 5097636 2269536
1786940842992 2256504 5097636 2269536
1786940843043 2256504 5097636 2269536
1786940843094 2256504 5097636 2269536
1786940843146 2256504 5097636 2269536
1786940843197 2256504 5097636 2269536
1786940843249 2256504 5097636 2269536
1786940843300 2256504 5097636 2269536
1786940843352 2256504 5097636 2269536
1786940843403 2256504 5097636 2269536
1786940843454 2256504 5097636 2269536
1786940843506 2256504 5097636 2269536
1786940843558 2256504 5097636 2269536
1786940843610 2256504 5097636 2269536
1786940843662 2256504 5097636 2269536
1786940843712 2256504 5097636 2269536
1786940843763 2256504 5097636 2269536
1786940843815 2256504 5097636 2269536
1786940843867 2256504 5097636 2269536
1786940843918 2256504 5097636 2269536
1786940843969 2256504 5097636 2269536
1786940844020 2256504 5097636 2269536
1786940844071 2256504 5097636 2269536
1786940844122 2256504 5097636 2269536
1786940844173 2256504 5097636 2269536
1786940844225 2256504 5097636 2269536
1786940844276 2256504 5097636 2269536
1786940844326 2256504 5097636 2269536
1786940844378 2256504 5097636 2269536
1786940844429 2256504 5097636 2269536
1786940844481 2256504 5097636 2269536
1786940844532 2256504 5097636 2269536
1786940844583 2256504 5097636 2269536
1786940844636 2256504 5097636 2269536
1786940844687 2256504 5097636 2269536
1786940844738 2256504 5097636 2269536
1786940844790 2256504 5097636 2269536
1786940844841 2256504 5097636 2269536
1786940844892 2256504 5097636 2269536
1786940844942 2256504 5097636 2269536
1786940844993 2256504 5097636 2269536
1786940845044 2256504 5097636 2269536
1786940845095 2256504 5097636 2269536
1786940845146 2256504 5097636 2269536
1786940845197 2256504 5097636 2269536
1786940845249 2256504 5097636 2269536
1786940845300 2256504 5097636 2269536
1786940845352 2256504 5097636 2269536
1786940845403 2256504 5097636 2269536
1786940845454 2256504 5097636 2269536
1786940845505 2256504 5097636 2269536
1786940845556 2256504 5097636 2269536
1786940845608 2256504 5097636 2269536
1786940845659 2256504 5097636 2269536
1786940845712 2256504 5097636 2269536
1786940845763 2256504 5097636 2269536
1786940845814 2256504 5097636 2269536
1786940845866 2256504 5097636 2269536
1786940845918 2256504 5097636 2269536
1786940845971 2256504 5097636 2269536
1786940846022 2256504 5097636 2269536
1786940846073 2256504 5097636 2269536
1786940846125 2256504 5097636 2269536
1786940846176 2256504 5097636 2269536
1786940846229 2256504 5097636 2269536
1786940846281 2256504 5097636 2269536
1786940846332 2256504 5097636 2269536
1786940846384 2256504 5097636 2269536
1786940846433 2256504 5097636 2269536
1786940846484 2256504 5097636 2269536
1786940846535 2256504 5097636 2269536
1786940846587 2256504 5097636 2269536
1786940846637 2256504 5097636 2269536
1786940846688 2256504 5097636 2269536
1786940846738 2256504 5097636 2269536
1786940846788 2256504 5097636 2269536
1786940846839 2256504 5097636 2269536
1786940846889 2256504 5097636 2269536
1786940846939 2256504 5097636 2269536
1786940846989 2256504 5097636 2269536
1786940847039 2256504 5097636 2269536
1786940847089 2256504 5097636 2269536
1786940847141 2256504 5097636 2269536
1786940847192 2256504 5097636 2269536
1786940847242 2256504 5097636 2269536
1786940847292 2256504 5097636 2269536
1786940847342 2256504 5097636 2269536
1786940847393 2256504 5097636 2269536
1786940847443 2256504 5097636 2269536
1786940847493 2256504 5097636 2269536
1786940847543 2256504 5097636 2269536
1786940847593 2256504 5097636 2269536
1786940847643 2256504 5097636 2269536
1786940847693 2256504 5097636 2269536
1786940847743 2256504 5097636 2269536
1786940847794 2256504 5097636 2269536
1786940847845 2256504 5097636 2269536
1786940847895 2256504 5097636 2269536
1786940847945 2256504 5097636 2269536
1786940847995 2256504 5097636 2269536
1786940848045 2256504 5097636 2269536
1786940848096 2256504 5097636 2269536
1786940848147 2256504 5097636 2269536
1786940848197 2256504 5097636 2269536
1786940848248 2256504 5097636 2269536
1786940848298 2256504 5097636 2269536
1786940848348 2256504 5097636 2269536
1786940848399 2256504 5097636 2269536
1786940848449 2256504 5097636 2269536
1786940848500 2256504 5097636 2269536
1786940848550 2256504 5097636 2269536
1786940848601 2256504 5097636 2269536
1786940848651 2256504 5097636 2269536
1786940848702 2256504 5097636 2269536
1786940848755 2256504 5097636 2269536
1786940848806 2256504 5097636 2269536
1786940848859 2256504 5097636 2269536
1786940848910 2256504 5097636 2269536
1786940848961 2256504 5097636 2269536
1786940849013 2256504 5097636 2269536
1786940849065 2256504 5097636 2269536
1786940849117 2256504 5097636 2269536
1786940849168 2256504 5097636 2269536
1786940849218 2256504 5097636 2269536
1786940849271 2256504 5097636 2269536
1786940849322 2256504 5097636 2269536
1786940849374 2256504 5097636 2269536
1786940849425 2256504 5097636 2269536
1786940849476 2256504 5097636 2269536
1786940849528 2256504 5097636 2269536
1786940849579 2256504 5097636 2269536
1786940849631 2256504 5097636 2269536
1786940849682 2256504 5097636 2269536
1786940849733 2256504 5097636 2269536
1786940849785 2256504 5097636 2269536
1786940849836 2256504 5097636 2269536
1786940849889 2256504 5097636 2269536
1786940849940 2256504 5097636 2269536
1786940849991 2256504 5097636 2269536
1786940850042 2256504 5097636 2269536
1786940850093 2256504 5097636 2269536
1786940850145 2256504 5097636 2269536
1786940850197 2256504 5097636 2269536
1786940850248 2256504 5097636 2269536
1786940850300 2256504 5097636 2269536
1786940850351 2256504 5097636 2269536
1786940850403 2256504 5097636 2269536
1786940850454 2256504 5097636 2269536
1786940850505 2256504 5097636 2269536
1786940850556 2256504 5097636 2269536
1786940850606 2256504 5097636 2269536
1786940850658 2256504 5097636 2269536
1786940850709 2256504 5097636 2269536
1786940850761 2256504 5097636 2269536
1786940850813 2256504 5097636 2269536
1786940850864 2256504 5097636 2269536
1786940850915 2256504 5097636 2269536
1786940850966 2256504 5097636 2269536
1786940851019 2256504 5097636 2269536
1786940851070 2256504 5097636 2269536
1786940851121 2256504 5097636 2269536
1786940851172 2256504 5097636 2269536
1786940851223 2256504 5097636 2269536
1786940851275 2256504 5097636 2269536
1786940851326 2256504 5097636 2269536
1786940851377 2256504 5097636 2269536
1786940851428 2256504 5097636 2269536
1786940851478 2256504 5097636 2269536
1786940851529 2256504 5097636 2269536
1786940851581 2256504 5097636 2269536
1786940851634 2256504 5097636 2269536
1786940851688 2256504 5097636 2269536
1786940851741 2256504 5097636 2269536
1786940851796 2256504 5097636 2269536
1786940851851 2256504 5097636 2269536
1786940851906 2256504 5097636 2269536
1786940851961 2256504 5097636 2269536
1786940852016 2256504 5097636 2269536
1786940852071 2256504 5097636 2269536
1786940852127 2256504 5097636 2269536
1786940852182 2256504 5097636 2269536
1786940852238 2256504 5097636 2269536
1786940852293 2256504 5097636 2269536
1786940852348 2256504 5097636 2269536
1786940852402 2256504 5097636 2269536
1786940852454 2256504 5097636 2269536
1786940852509 2256504 5097636 2269536
1786940852565 2256504 5097636 2269536
1786940852620 2256504 5097636 2269536
1786940852676 2256504 5097636 2269536
1786940852731 2256504 5097636 2269536
1786940852787 2256504 5097636 2269536
1786940852842 2256504 5097636 2269536
1786940852897 2256504 5097636 2269536
1786940852953 2256504 5097636 2269536
1786940853009 2256504 5097636 2269536
1786940853064 2256504 5097636 2269536
1786940853120 2256504 5097636 2269536
1786940853175 2256504 5097636 2269536
1786940853228 2256504 5097636 2269536
1786940853282 2256504 5097636 2269536
1786940853336 2256504 5097636 2269536
1786940853392 2256504 5097636 2269536
1786940853447 2256504 5097636 2269536
1786940853502 2256504 5097636 2269536
1786940853558 2256504 5097636 2269536
1786940853613 2256504 5097636 2269536
1786940853668 2256504 5097636 2269536
1786940853723 2256504 5097636 2269536
1786940853779 2256504 5097636 2269536
1786940853835 2256504 5097636 2269536
1786940853889 2256504 5097636 2269536
1786940853944 2256504 5097636 2269536
1786940853997 2256504 5097636 2269536
1786940854051 2256504 5097636 2269536
1786940854106 2256504 5097636 2269536
1786940854162 2256504 5097636 2269536
1786940854219 2256504 5097636 2269536
1786940854275 2256504 5097636 2269536
1786940854331 2256504 5097636 2269536
1786940854387 2256504 5097636 2269536
1786940854442 2256504 5097636 2269536
1786940854499 2256504 5097636 2269536
1786940854556 2256504 5097636 2269536
1786940854612 2256504 5097636 2269536
1786940854668 2256504 5097636 2269536
1786940854724 2256504 5097636 2269536
1786940854780 2256504 5097636 2269536
1786940854834 2256504 5097636 2269536
1786940854889 2256504 5097636 2269536
1786940854944 2256504 5097636 2269536
1786940855000 2256504 5097636 2269536
1786940855055 2256504 5097636 2269536
1786940855111 2256504 5097636 2269536
1786940855166 2256504 5097636 2269536
1786940855222 2256504 5097636 2269536
1786940855278 2256504 5097636 2269536
1786940855334 2256504 5097636 2269536
1786940855390 2256504 5097636 2269536
1786940855446 2256504 5097636 2269536
1786940855501 2256504 5097636 2269536
1786940855555 2256504 5097636 2269536
1786940855611 2256504 5097636 2269536
1786940855667 2256504 5097636 2269536
1786940855723 2256504 5097636 2269536
1786940855780 2256504 5097636 2269536
1786940855836 2256504 5097636 2269536
1786940855892 2256504 5097636 2269536
1786940855948 2256504 5097636 2269536
1786940856003 2256504 5097636 2269536
1786940856059 2256504 5097636 2269536
1786940856114 2256504 5097636 2269536
1786940856169 2256504 5097636 2269536
1786940856225 2256504 5097636 2269536
1786940856280 2256504 5097636 2269536
1786940856335 2256504 5097636 2269536
1786940856392 2256504 5097636 2269536
1786940856448 2256504 5097636 2269536
1786940856504 2256504 5097636 2269536
1786940856560 2256504 5097636 2269536
1786940856616 2256504 5097636 2269536
1786940856672 2256504 5097636 2269536
1786940856728 2256504 5097636 2269536
1786940856784 2256504 5097636 2269536
1786940856841 2256504 5097636 2269536
1786940856898 2256504 5097636 2269536
1786940856954 2256504 5097636 2269536
1786940857011 2256504 5097636 2269536
1786940857067 2256504 5097636 2269536
1786940857122 2256504 5097636 2269536
1786940857178 2256504 5097636 2269536
1786940857234 2256504 5097636 2269536
1786940857289 2256504 5097636 2269536
1786940857345 2256504 5097636 2269536
1786940857400 2256504 5097636 2269536
1786940857455 2256504 5097636 2269536
1786940857508 2256504 5097636 2269536
1786940857557 2264752 5097636 2269536
1786940857611 2269284 5097636 2269536
1786940857667 2272896 5097636 2272896
1786940857717 2267112 5097636 2269536
1786940857771 2264720 5097636 2269536
1786940857833 2272896 5097636 2272896
1786940857892 2273024 5097636 2273024
1786940857949 2273072 5097636 2273072
1786940858006 2272152 5097636 2272152
1786940858062 2264776 5097636 2269536
1786940858117 2272896 5097636 2272896
1786940858172 2274432 5097636 2274416
1786940858233 2275264 5097636 2275264
1786940858293 2275264 5097636 2275264
1786940858351 2275264 5097636 2275264
1786940858408 2275264 5097636 2275264
1786940858464 2275264 5097636 2275264
1786940858520 2275264 5097636 2275264
1786940858576 2275264 5097636 2275264
1786940858633 2275264 5097636 2275264
1786940858692 2275264 5097636 2275264
1786940858750 2275464 5097636 2275464
1786940858807 2277924 5097636 2277924
1786940858872 2281164 5097636 2281164
1786940858930 2281344 5097636 2281344
1786940858988 2281344 5097636 2281344
1786940859045 2281344 5097636 2281344
1786940859101 2281344 5097636 2281344
1786940859158 2281344 5097636 2281344
1786940859215 2281344 5097636 2281344
1786940859273 2281344 5097636 2281344
1786940859330 2281344 5097636 2281344
1786940859385 2285440 5097636 2285440
1786940859578 2288512 5097636 2288512
1786940859693 2288512 5097636 2288512
1786940859753 2288512 5097636 2288512
1786940859810 2288512 5097636 2288512
1786940859864 2288512 5097636 2288512
1786940859918 2288512 5097636 2288512
1786940859976 2288512 5097636 2288512
1786940860033 2288512 5097636 2288512
1786940860090 2288512 5097636 2288512
1786940860149 2288512 5097636 2288512
1786940860213 2288512 5097636 2288512
1786940860270 2283332 5097636 2283332
1786940860327 2278892 5097636 2278892
1786940860381 2266668 5097636 2278172
1786940860429 2263752 5097636 2278172
1786940860484 2263752 5097636 2278172
1786940860537 2265196 5097636 2278172
1786940860590 2265196 5097636 2278172
1786940860645 2265196 5097636 2278172
1786940860698 2265196 5097636 2278172
1786940860752 2265196 5097636 2278172
1786940860806 2265196 5097636 2278172
1786940860859 2265196 5097636 2278172
1786940860913 2265196 5097636 2278172
1786940860966 2265196 5097636 2278172
1786940861020 2265196 5097636 2278172
1786940861074 2265196 5097636 2278172
1786940861127 2265196 5097636 2278172
1786940861181 2265196 5097636 2278172
1786940861235 2265196 5097636 2278172
1786940861289 2265196 5097636 2278172
1786940861343 2265196 5097636 2278172
1786940861396 2265196 5097636 2278172
1786940861449 2265196 5097636 2278172
1786940861503 2265196 5097636 2278172
1786940861557 2265196 5097636 2278172
1786940861611 2265196 5097636 2278172
1786940861664 2265196 5097636 2278172
1786940861718 2265196 5097636 2278172
1786940861772 2265196 5097636 2278172
1786940861827 2265196 5097636 2278172
1786940861880 2265196 5097636 2278172
1786940861934 2265196 5097636 2278172
1786940861988 2265196 5097636 2278172
1786940862042 2265196 5097636 2278172
1786940862096 2265196 5097636 2278172
1786940862149 2265196 5097636 2278172
1786940862203 2265196 5097636 2278172
1786940862257 2265196 5097636 2278172
1786940862311 2265196 5097636 2278172
1786940862364 2265196 5097636 2278172
1786940862418 2265196 5097636 2278172
1786940862472 2265196 5097636 2278172
1786940862525 2265196 5097636 2278172
1786940862579 2265196 5097636 2278172
1786940862633 2265196 5097636 2278172
1786940862687 2265196 5097636 2278172
1786940862741 2265196 5097636 2278172
1786940862794 2265196 5097636 2278172
1786940862848 2265196 5097636 2278172
1786940862902 2265196 5097636 2278172
1786940862956 2265196 5097636 2278172
1786940863010 2265196 5097636 2278172
1786940863063 2265196 5097636 2278172
1786940863117 2265196 5097636 2278172
1786940863171 2265196 5097636 2278172
1786940863224 2265196 5097636 2278172
1786940863278 2265196 5097636 2278172
1786940863332 2265196 5097636 2278172
1786940863386 2265196 5097636 2278172
1786940863439 2265196 5097636 2278172
1786940863492 2265196 5097636 2278172
1786940863546 2265196 5097636 2278172
1786940863599 2265196 5097636 2278172
1786940863652 2265196 5097636 2278172
1786940863706 2265196 5097636 2278172
1786940863760 2265196 5097636 2278172
1786940863814 2265196 5097636 2278172
1786940863867 2265196 5097636 2278172
1786940863921 2265196 5097636 2278172
1786940863974 2265196 5097636 2278172
1786940864028 2265196 5097636 2278172
1786940864083 2265196 5097636 2278172
1786940864137 2265196 5097636 2278172
1786940864191 2265196 5097636 2278172
1786940864245 2265196 5097636 2278172
1786940864299 2265196 5097636 2278172
1786940864353 2265196 5097636 2278172
1786940864407 2265196 5097636 2278172
1786940864461 2265196 5097636 2278172
1786940864515 2265196 5097636 2278172
1786940864569 2265196 5097636 2278172
1786940864623 2265196 5097636 2278172
1786940864677 2265196 5097636 2278172
1786940864731 2265196 5097636 2278172
1786940864786 2265196 5097636 2278172
1786940864840 2265196 5097636 2278172
1786940864894 2265196 5097636 2278172
1786940864948 2265196 5097636 2278172
1786940865004 2265196 5097636 2278172
1786940865058 2265196 5097636 2278172
1786940865112 2265196 5097636 2278172
1786940865167 2265196 5097636 2278172
1786940865221 2265196 5097636 2278172
1786940865275 2265196 5097636 2278172
1786940865329 2265196 5097636 2278172
1786940865383 2265196 5097636 2278172
1786940865437 2265196 5097636 2278172
1786940865491 2265196 5097636 2278172
1786940865544 2265196 5097636 2278172
1786940865597 2265196 5097636 2278172
1786940865651 2265196 5097636 2278172
1786940865705 2265196 5097636 2278172
1786940865759 2265196 5097636 2278172
1786940865813 2265196 5097636 2278172
1786940865867 2265196 5097636 2278172
1786940865921 2265196 5097636 2278172
1786940865975 2265196 5097636 2278172
1786940866029 2265196 5097636 2278172
1786940866083 2265196 5097636 2278172
1786940866136 2265196 5097636 2278172
1786940866190 2265196 5097636 2278172
1786940866244 2265196 5097636 2278172
1786940866298 2265196 5097636 2278172
1786940866351 2265196 5097636 2278172
1786940866405 2265196 5097636 2278172
1786940866459 2265196 5097636 2278172
1786940866513 2265196 5097636 2278172
1786940866567 2265196 5097636 2278172
1786940866621 2265196 5097636 2278172
1786940866674 2265196 5097636 2278172
1786940866728 2265196 5097636 2278172
1786940866781 2265196 5097636 2278172
1786940866835 2265196 5097636 2278172
1786940866888 2265196 5097636 2278172
1786940866942 2265196 5097636 2278172
1786940866996 2265196 5097636 2278172
1786940867049 2265196 5097636 2278172
1786940867102 2265196 5097636 2278172
1786940867156 2265196 5097636 2278172
1786940867210 2265196 5097636 2278172
1786940867263 2265196 5097636 2278172
1786940867316 2265196 5097636 2278172
1786940867370 2265196 5097636 2278172
1786940867423 2265196 5097636 2278172
1786940867476 2265196 5097636 2278172
1786940867530 2265196 5097636 2278172
1786940867584 2265196 5097636 2278172
1786940867637 2265196 5097636 2278172
1786940867690 2265196 5097636 2278172
1786940867743 2265196 5097636 2278172
1786940867797 2265196 5097636 2278172
1786940867850 2265196 5097636 2278172
1786940867903 2265196 5097636 2278172
1786940867957 2265196 5097636 2278172
1786940868009 2265196 5097636 2278172
1786940868062 2265196 5097636 2278172
1786940868116 2265196 5097636 2278172
1786940868170 2265196 5097636 2278172
1786940868224 2265196 5097636 2278172
1786940868278 2265196 5097636 2278172
1786940868332 2265196 5097636 2278172
1786940868386 2265196 5097636 2278172
1786940868440 2265196 5097636 2278172
1786940868494 2265196 5097636 2278172
1786940868548 2265196 5097636 2278172
1786940868602 2265196 5097636 2278172
1786940868655 2265196 5097636 2278172
1786940868710 2265196 5097636 2278172
1786940868763 2265196 5097636 2278172
1786940868817 2265196 5097636 2278172
1786940868871 2265196 5097636 2278172
1786940868925 2265196 5097636 2278172
1786940868979 2265196 5097636 2278172
1786940869033 2265196 5097636 2278172
1786940869087 2265196 5097636 2278172
1786940869141 2265196 5097636 2278172
1786940869195 2265196 5097636 2278172
1786940869249 2265196 5097636 2278172
1786940869303 2265196 5097636 2278172
1786940869357 2265196 5097636 2278172
1786940869411 2265196 5097636 2278172
1786940869465 2265196 5097636 2278172
1786940869520 2265196 5097636 2278172
1786940869573 2265196 5097636 2278172
1786940869628 2265196 5097636 2278172
1786940869681 2265196 5097636 2278172
1786940869735 2265196 5097636 2278172
1786940869789 2265196 5097636 2278172
1786940869843 2265196 5097636 2278172
1786940869898 2265196 5097636 2278172
1786940869952 2265196 5097636 2278172
1786940870005 2265196 5097636 2278172
1786940870060 2265196 5097636 2278172
1786940870113 2265196 5097636 2278172
1786940870168 2265196 5097636 2278172
1786940870221 2265196 5097636 2278172
1786940870275 2265196 5097636 2278172
1786940870329 2265196 5097636 2278172
1786940870383 2265196 5097636 2278172
1786940870437 2265196 5097636 2278172
1786940870490 2265196 5097636 2278172
1786940870544 2265196 5097636 2278172
1786940870599 2265196 5097636 2278172
1786940870653 2265196 5097636 2278172
1786940870707 2265196 5097636 2278172
1786940870761 2265196 5097636 2278172
1786940870814 2265196 5097636 2278172
1786940870868 2265196 5097636 2278172
1786940870921 2265196 5097636 2278172
1786940870975 2265196 5097636 2278172
1786940871030 2265196 5097636 2278172
1786940871084 2265196 5097636 2278172
1786940871139 2265196 5097636 2278172
1786940871192 2265196 5097636 2278172
1786940871246 2265196 5097636 2278172
1786940871301 2265196 5097636 2278172
1786940871355 2265196 5097636 2278172
1786940871409 2265196 5097636 2278172
1786940871463 2265196 5097636 2278172
1786940871518 2265196 5097636 2278172
1786940871572 2265196 5097636 2278172
1786940871626 2265196 5097636 2278172
1786940871680 2265196 5097636 2278172
1786940871734 2265196 5097636 2278172
1786940871789 2265196 5097636 2278172
1786940871843 2265196 5097636 2278172
1786940871897 2265196 5097636 2278172
1786940871952 2265196 5097636 2278172
1786940872006 2265196 5097636 2278172
1786940872060 2265196 5097636 2278172
1786940872115 2265196 5097636 2278172
1786940872169 2265196 5097636 2278172
1786940872223 2265196 5097636 2278172
1786940872277 2273396 5097636 2278172
1786940872333 2281508 5097636 2281508
1786940872390 2283312 5097636 2283312
1786940872447 2283876 5099544 2283876
1786940872503 2274516 5099544 2278172
1786940872553 2265196 5099544 2278172
1786940872607 2265324 5099544 2278172
1786940872663 2265324 5099544 2278172
1786940872718 2265324 5099544 2278172
1786940872773 2265324 5099544 2278172
1786940872828 2265324 5099544 2278172
1786940872883 2265324 5099544 2278172
1786940872938 2265324 5099544 2278172
1786940872993 2265324 5099544 2278172
1786940873048 2265324 5099544 2278172
1786940873103 2265324 5099544 2278172
1786940873152 2273524 5099544 2278172
1786940873207 2281636 5099544 2281636
1786940873259 2268356 5099544 2278172
1786940873316 2276892 5099544 2278172
1786940873373 2284196 5099544 2284196
1786940873431 2289316 5099544 2289316
1786940873640 2290084 5099544 2290084
1786940873755 2290084 5099544 2290084
1786940873813 2290084 5099544 2290084
1786940873876 2292136 5099544 2292136
1786940874024 2292716 5099544 2292716
1786940874190 2283836 5099544 2283836
1786940874246 2274072 5099544 2280972
1786940874300 2267956 5099544 2280972
1786940874355 2267956 5099544 2280972
1786940874408 2276156 5099544 2280972
1786940874464 2284268 5099544 2284268
1786940874526 2286636 5099544 2286636
1786940874583 2286636 5099544 2286636
1786940874640 2273796 5099544 2280972
1786940874689 2277868 5099544 2280972
1786940874749 2282528 5099544 2282528
1786940874804 2278016 5099544 2280972
1786940874854 2267940 5099544 2280972
1786940874908 2267944 5099544 2280972
1786940874961 2267944 5099544 2280972
1786940875016 2267944 5099544 2280972
1786940875071 2267944 5099544 2280972
1786940875126 2267944 5099544 2280972
1786940875181 2267944 5099544 2280972
1786940875236 2267944 5099544 2280972
1786940875290 2267944 5099544 2280972
1786940875346 2267944 5099544 2280972
1786940875401 2267944 5099544 2280972
1786940875455 2267944 5099544 2280972
1786940875510 2267944 5099544 2280972
1786940875565 2267944 5099544 2280972
1786940875620 2267944 5099544 2280972
1786940875675 2267944 5099544 2280972
1786940875729 2267944 5099544 2280972
1786940875785 2267944 5099544 2280972
1786940875840 2267944 5099544 2280972
1786940875895 2267944 5099544 2280972
1786940875949 2267944 5099544 2280972
1786940876003 2267944 5099544 2280972
1786940876059 2267944 5099544 2280972
1786940876113 2267944 5099544 2280972
1786940876167 2267944 5099544 2280972
1786940876221 2267944 5099544 2280972
1786940876275 2267944 5099544 2280972
1786940876329 2267944 5099544 2280972
1786940876383 2267944 5099544 2280972
1786940876437 2267944 5099544 2280972
1786940876491 2267944 5099544 2280972
1786940876545 2267944 5099544 2280972
1786940876599 2267944 5099544 2280972
1786940876654 2267944 5099544 2280972
1786940876708 2267944 5099544 2280972
1786940876762 2267944 5099544 2280972
1786940876816 2267944 5099544 2280972
1786940876870 2267944 5099544 2280972
1786940876924 2267944 5099544 2280972
1786940876978 2267944 5099544 2280972
1786940877031 2267944 5099544 2280972
1786940877085 2267944 5099544 2280972
1786940877140 2267944 5099544 2280972
1786940877194 2267944 5099544 2280972
1786940877249 2267944 5099544 2280972
1786940877301 2267944 5099544 2280972
1786940877350 2276160 5099544 2280972
1786940877404 2276160 5099544 2280972
1786940877461 2284272 5099544 2284272
1786940877518 2274272 5099544 2280972
1786940877568 2276188 5099544 2280972
1786940877623 2276188 5099544 2280972
1786940877678 2284272 5099544 2284272
1786940877734 2284272 5099544 2284272
1786940877793 2290288 5099940 2290288
1786940877850 2290672 5099940 2290672
1786940877906 2290672 5099940 2290672
1786940877972 2292464 5099940 2292464
1786940878032 2292720 5099940 2292720
1786940878232 2292720 5099940 2292720
1786940878288 2292720 5099940 2292720
1786940878341 2292720 5099940 2292720
1786940878392 2292720 5099940 2292720
1786940878444 2292720 5099940 2292720
1786940878496 2292852 5099940 2292852
1786940878627 2294128 5099940 2294128
1786940878752 2294128 5099940 2294128
1786940878809 2294128 5099940 2294128
1786940878865 2294128 5099940 2294128
1786940878922 2294128 5099940 2294128
1786940878979 2294128 5099940 2294128
1786940879035 2294128 5099940 2294128
1786940879093 2294128 5099940 2294128
1786940879149 2294128 5099940 2294128
1786940879204 2294128 5099940 2294128
1786940879262 2294128 5099940 2294128
1786940879319 2294128 5099940 2294128
1786940879377 2294128 5099940 2294128
1786940879433 2294128 5099940 2294128
1786940879491 2294128 5099940 2294128
1786940879549 2282008 5099940 2282948
1786940879598 2270096 5099940 2282948
1786940879652 2270096 5099940 2282948
1786940879705 2270096 5099940 2282948
1786940879757 2271416 5099940 2282948
1786940879809 2271416 5099940 2282948
1786940879865 2271416 5099940 2282948
1786940879919 2271416 5099940 2282948
1786940879974 2271416 5099940 2282948
1786940880028 2271416 5099940 2282948
1786940880083 2271416 5099940 2282948
1786940880138 2271416 5099940 2282948
1786940880192 2271416 5099940 2282948
1786940880247 2271416 5099940 2282948
1786940880301 2271416 5099940 2282948
1786940880356 2271416 5099940 2282948
1786940880411 2271416 5099940 2282948
1786940880465 2271416 5099940 2282948
1786940880520 2271416 5099940 2282948
1786940880575 2271416 5099940 2282948
1786940880630 2271416 5099940 2282948
1786940880684 2271416 5099940 2282948
1786940880739 2271416 5099940 2282948
1786940880794 2271416 5099940 2282948
1786940880848 2271416 5099940 2282948
1786940880902 2271416 5099940 2282948
1786940880957 2271416 5099940 2282948
1786940881012 2271416 5099940 2282948
1786940881066 2271416 5099940 2282948
1786940881120 2271416 5099940 2282948
1786940881175 2271416 5099940 2282948
1786940881229 2271416 5099940 2282948
1786940881283 2271416 5099940 2282948
1786940881338 2271416 5099940 2282948
1786940881392 2271416 5099940 2282948
1786940881448 2271416 5099940 2282948
1786940881501 2271416 5099940 2282948
1786940881557 2271416 5099940 2282948
1786940881612 2271416 5099940 2282948
1786940881665 2279616 5099940 2282948
1786940881721 2287728 5099940 2287728
1786940881776 2271676 5099940 2282948
1786940881835 2277464 5101720 2282948
1786940881891 2282704 5101720 2282948
1786940881948 2291824 5101720 2291824
1786940882005 2296176 5101720 2296176
1786940882283 2296244 5101720 2296244
1786940882401 2296244 5101720 2296244
1786940882459 2296884 5101720 2296884
1786940882591 2296884 5101720 2296884
1786940882660 2296884 5101720 2296884
1786940882717 2293924 5101720 2293924
1786940882774 2285044 5101720 2286240
1786940882831 2276616 5101720 2286240
1786940882880 2272124 5101720 2286240
1786940882933 2272124 5101720 2286240
1786940882985 2280324 5101720 2286240
1786940883042 2288436 5101720 2288436
1786940883105 2290804 5101720 2290804
1786940883163 2290804 5101720 2290804
1786940883219 2274224 5101720 2286240
1786940883275 2281800 5101720 2286240
1786940883332 2288608 5101720 2288608
1786940883389 2273656 5101720 2286240
1786940883444 2282032 5101720 2286240
1786940883500 2282032 5101720 2286240
1786940883555 2282032 5101720 2286240
1786940883611 2282032 5101720 2286240
1786940883666 2282032 5101720 2286240
1786940883721 2282032 5101720 2286240
1786940883776 2290208 5101720 2290208
1786940883832 2290208 5101720 2290208
1786940883888 2290208 5101720 2290208
1786940883942 2290208 5101720 2290208
1786940883994 2290208 5101720 2290208
1786940884048 2290208 5101720 2290208
1786940884103 2290216 5101720 2290216
1786940884159 2310172 5101720 2310168
1786940884346 2328920 5101720 2328912
1786940884469 2322784 5101720 2322784
1786940884524 2324704 5101720 2324704
1786940884580 2324704 5101720 2324704
1786940884632 2324704 5101720 2324704
1786940884685 2323224 5101720 2323756
1786940884737 2323224 5101720 2323756
1786940884791 2325320 5101720 2325320
1786940884843 2330548 5101720 2330548
1786940884973 2329724 5103032 2330288
1786940885027 2329724 5103032 2330288
1786940885081 2329724 5103032 2330288
1786940885133 2329724 5103032 2330288
1786940885180 2330924 5103032 2330924
1786940885315 2332052 5103032 2332052
1786940885445 2330552 5103032 2330864
1786940885497 2328744 5103032 2330864
1786940885551 2329440 5103032 2330864
# peak_kb=2332052
# hwm_kb=2332052
# frozen_ms=0
# polled_vs_hwm_pct=0promille
