# timestamp_ms VmRSS_kB VmPeak_kB VmHWM_kB
1786956219366 252148 1126520 252148
1786956219462 254832 1128308 254832
1786956219542 256084 1129640 256084
1786956219597 259416 1132344 259416
1786956219685 259952 1133368 259952
1786956219739 260948 1135248 260948
1786956219795 261704 1135248 261704
1786956219852 261940 1135248 261940
1786956219908 262548 1136272 262548
1786956219986 267356 1140372 267356
1786956220072 267780 1141396 267780
1786956220128 268212 1141396 268212
1786956220181 268728 1141396 268728
1786956220236 269320 1142420 269316
1786956220292 273816 1150616 276276
1786956220381 274136 1150616 276276
1786956220439 274336 1150616 276276
1786956220498 274748 1150616 276276
1786956220554 275456 1150616 276276
1786956220608 276480 1150616 276480
1786956220663 276696 1150616 276696
1786956220741 277964 1151636 277964
1786956220800 294972 1168024 294972
1786956220893 287760 1168024 293664
1786956220917 288388 1168024 293664
1786956220940 288588 1168024 293664
1786956220963 288744 1168024 293664
1786956220986 289152 1168024 293664
1786956221009 289720 1168024 293664
1786956221031 289720 1168024 293664
1786956221055 289720 1168024 293664
1786956221078 289728 1168024 293664
1786956221102 261616 1168024 293664
1786956221125 261648 1168024 293664
1786956221148 261844 1168024 293664
1786956221171 264012 1168024 293664
1786956221211 265028 1168024 293664
1786956221234 265036 1168024 293664
1786956221257 265088 1168024 293664
1786956221280 265132 1168024 293664
1786956221302 265188 1168024 293664
1786956221325 266008 1168024 293664
1786956221347 268476 0 293664
1786956221370 268888 1168024 293664
1786956221393 268964 1168024 0
1786956221415 269036 1168024 293664
1786956221437 269116 1168024 0
1786956221460 269340 1168024 293664
1786956221482 270044 1168024 293664
1786956221505 271188 1168024 293664
1786956221528 271908 1168024 293664
1786956221551 272624 1168024 0
1786956221574 272940 1168024 293664
1786956221596 272940 1168024 293664
1786956221620 272940 1168024 293664
1786956221642 272980 1168024 293664
1786956221666 276120 1168024 293664
1786956221689 280680 1168024 293664
1786956221712 280972 1168024 293664
1786956221735 281148 1168024 293664
1786956221759 281360 1168024 293664
1786956221782 281716 1168024 293664
1786956221806 282416 1168024 293664
1786956221828 284316 2011556 293664
1786956221851 285320 2011556 293664
1786956221874 286236 2011556 293664
1786956221897 287132 2011556 293664
1786956221920 288060 2011556 293664
1786956221943 288628 2011556 293664
1786956221970 288628 2011556 293664
1786956221992 288984 2011556 293664
1786956222017 290636 2011556 293664
1786956222040 305908 2011556 305908
1786956222133 371760 2838984 371664
1786956222257 476116 2838984 476116
1786956222366 515576 2838984 515576
1786956222477 541528 2838984 541528
1786956222590 575316 2838984 575316
1786956222701 606016 2838984 606016
1786956222818 626356 2838984 626356
1786956222934 654376 2838984 654376
1786956223046 669764 2838984 669764
1786956223160 690176 2838984 690176
1786956223273 698180 2838984 698180
1786956223369 710264 2838984 710264
1786956223484 718920 2838984 718920
1786956223584 725784 2838984 725784
1786956223677 742484 2838984 742484
1786956223796 763424 2838984 763424
1786956223913 769308 2838984 769308
1786956223981 771824 2838984 771824
1786956224081 776596 2838984 776596
1786956224152 780788 2838984 780788
1786956224277 798720 2838984 798720
1786956224391 802872 2838984 802872
1786956224459 806780 2838984 806780
1786956224562 809236 2838984 809236
1786956224634 809580 2838984 809580
1786956224706 809844 2838984 809844
1786956224775 811764 2838984 811764
1786956224845 812588 2838984 812588
1786956224915 819708 2838984 819708
1786956225038 820252 2838984 820252
1786956225110 820748 2838984 820748
1786956225183 821044 2838984 821044
1786956225257 821328 2838984 821328
1786956225331 823224 2838984 823224
1786956225405 824068 2838984 824068
1786956225477 832980 2838984 832980
1786956225577 833672 2838984 833672
1786956225653 833984 2838984 833984
1786956225723 834276 2838984 834276
1786956225794 834536 2838984 834536
1786956225868 834856 2838984 834856
1786956225941 834892 2838984 834892
1786956226013 836000 2838984 836000
1786956226113 837104 2838984 837104
1786956226208 854408 2838984 854408
1786956226329 856036 2838984 856036
1786956226400 857272 2838984 857272
1786956226472 857380 2838984 857380
1786956226545 858480 2838984 858480
1786956226618 859376 2838984 859376
1786956226691 859376 2838984 859376
1786956226720 859376 2838984 859376
1786956226750 859376 2838984 859376
1786956226779 859388 2838984 859388
1786956226878 825224 2838984 849988
1786956226910 827244 2838984 849988
1786956226939 841288 2838984 849988
1786956226971 880592 2838984 880592
1786956227104 931068 2838984 931068
1786956227239 963512 2838984 963512
1786956227376 995208 2838984 995208
1786956227513 1032760 2838984 1032760
1786956227650 1066392 2838984 1066392
1786956227793 1091552 2838984 1091552
1786956227929 1112676 2838984 1112676
1786956228046 1119208 2838984 1119208
1786956228160 1142856 2838984 1142856
1786956228278 860356 2838984 1135132
1786956228308 930668 2838984 1135132
1786956228337 1005664 2838984 1135132
1786956228367 1113952 2838984 1135132
1786956228398 1140080 2838984 1140080
1786956228428 1142896 2838984 1142896
1786956228494 1146060 2838984 1146060
1786956228562 1151468 2838984 1151468
1786956228637 1175964 2838984 1175964
1786956228761 1181724 2838984 1181724
1786956228834 1185564 2838984 1185564
1786956228908 1187100 2838984 1187100
1786956228976 1187100 2838984 1187100
1786956229006 1188636 2838984 1188636
1786956229108 1191708 2838984 1191708
1786956229182 1192636 2838984 1192636
1786956229251 1192636 2838984 1192636
1786956229281 1192636 2838984 1192636
1786956229310 1105704 2838984 1182920
1786956229340 1106444 2838984 1182920
1786956229368 1106444 2838984 1182920
1786956229396 1106564 2838984 1182920
1786956229423 1107964 2838984 1182920
1786956229451 1108252 2838984 1182920
1786956229479 1108256 2838984 1182920
1786956229506 1108256 2838984 1182920
1786956229532 1108256 2838984 1182920
1786956229557 1108256 2838984 1182920
1786956229582 1108256 2838984 1182920
1786956229608 1108660 2838984 1182920
1786956229635 1108664 2838984 1182920
1786956229664 1108668 2838984 1182920
1786956229692 1108668 2838984 1182920
1786956229720 1108668 2838984 1182920
1786956229749 1108668 2838984 1182920
1786956229777 1108668 2838984 1182920
1786956229805 1108668 2838984 1182920
1786956229833 1108668 2838984 1182920
1786956229859 1108668 2838984 1182920
1786956229886 1108668 2838984 1182920
1786956229912 1108668 2838984 1182920
1786956229939 1108668 2838984 1182920
1786956229966 1108668 2838984 1182920
1786956229992 1108668 2838984 1182920
1786956230019 1108668 2838984 1182920
1786956230046 1108668 2838984 1182920
1786956230073 1108668 2838984 1182920
1786956230100 1108668 2838984 1182920
1786956230127 1108668 2838984 1182920
1786956230154 1108668 2838984 1182920
1786956230181 1108668 2838984 1182920
1786956230208 1108668 2838984 1182920
1786956230235 1108668 2838984 1182920
1786956230262 1108668 2838984 1182920
1786956230289 1108668 2838984 1182920
1786956230316 1108668 2838984 1182920
1786956230343 1108668 2838984 1182920
1786956230370 1108668 2838984 1182920
1786956230397 1108668 2838984 1182920
1786956230424 1108668 2838984 1182920
1786956230451 1108668 2838984 1182920
1786956230479 1108668 2838984 1182920
1786956230506 1108668 2838984 1182920
1786956230532 1108668 2838984 1182920
1786956230559 1108668 2838984 1182920
1786956230587 1108668 2838984 1182920
1786956230614 1108668 2838984 1182920
1786956230640 1108668 2838984 1182920
1786956230667 1108668 2838984 1182920
1786956230693 1108668 2838984 1182920
1786956230720 1108668 2838984 1182920
1786956230747 1108668 2838984 1182920
1786956230774 1108668 2838984 1182920
1786956230801 1108668 2838984 1182920
1786956230828 1108668 2838984 1182920
1786956230855 1108668 2838984 1182920
1786956230882 1108668 2838984 1182920
1786956230909 1108668 2838984 1182920
1786956230936 1108668 2838984 1182920
1786956230963 1108668 2838984 1182920
1786956230990 1108668 2838984 1182920
1786956231017 1108668 2838984 1182920
1786956231045 1108668 2838984 1182920
1786956231074 1108668 2838984 1182920
1786956231101 1108668 2838984 1182920
1786956231127 1108668 2838984 1182920
1786956231154 1108668 2838984 1182920
1786956231181 1108668 2838984 1182920
1786956231208 1108668 2838984 1182920
1786956231234 1108668 2838984 1182920
1786956231261 1108668 2838984 1182920
1786956231287 1108668 2838984 1182920
1786956231313 1108668 2838984 1182920
1786956231340 1108668 2838984 1182920
1786956231366 1123264 2838984 1182920
1786956231392 1123264 2838984 1182920
1786956231419 1123264 2838984 1182920
1786956231446 1123264 2838984 1182920
1786956231473 1123264 2838984 1182920
1786956231500 1123264 2838984 1182920
1786956231527 1123264 2838984 1182920
1786956231553 1123264 2838984 1182920
1786956231581 1123264 2838984 1182920
1786956231608 1123264 2838984 1182920
1786956231635 1123264 2838984 1182920
1786956231662 1123264 2838984 1182920
1786956231689 1123264 2838984 1182920
1786956231716 1123264 2838984 1182920
1786956231743 1123264 2838984 1182920
1786956231769 1123264 2838984 1182920
1786956231795 1123264 2838984 1182920
1786956231822 1123264 2838984 1182920
1786956231848 1123264 2838984 1182920
1786956231875 1123264 2838984 1182920
1786956231902 1123264 2838984 1182920
1786956231928 1123264 2838984 1182920
1786956231955 1123264 2838984 1182920
1786956231982 1123264 2838984 1182920
1786956232008 1123264 2838984 1182920
1786956232035 1123264 2838984 1182920
1786956232062 1123264 2838984 1182920
1786956232089 1123264 2838984 1182920
1786956232115 1123264 2838984 1182920
1786956232142 1123264 2838984 1182920
1786956232169 1132228 2838984 1182920
1786956232196 1132480 2838984 1182920
1786956232224 1132480 2838984 1182920
1786956232251 1168272 2838984 1182920
1786956232279 1132480 2838984 1210020
1786956232306 1132480 2838984 1210020
1786956232332 1132480 2838984 1210020
1786956232359 1132480 2838984 1210020
1786956232389 1132480 2838984 1210020
1786956232416 1132480 2838984 1210020
1786956232446 1160080 2838984 1210020
1786956232475 1209232 2838984 1210020
1786956232592 1219472 2838984 1219472
1786956232659 1219472 2838984 1219472
1786956232686 1219472 2838984 1219472
1786956232713 1228064 2966684 1228064
1786956232811 1430816 2966684 1430816
1786956232930 1642832 2966684 1642832
1786956233044 1642832 2966684 1642832
1786956233071 1642832 2966684 1642832
1786956233098 1677072 3390044 1677072
1786956233211 2006800 3390044 2006800
1786956233327 1555840 3390044 2056948
1786956233354 1555840 3390044 2056948
1786956233381 1555840 3390044 2056948
1786956233408 1556156 3390044 2056948
1786956233435 1556428 3390044 2056948
1786956233462 1556708 3390044 2056948
1786956233489 1557020 3390044 2056948
1786956233516 1557272 3390044 2056948
1786956233543 1557480 3390044 2056948
1786956233571 1557760 3390044 2056948
1786956233599 1558016 3390044 2056948
1786956233627 1558256 3390044 2056948
1786956233654 1558500 3390044 2056948
1786956233682 1558772 3390044 2056948
1786956233709 1559052 3390044 2056948
1786956233736 1559336 3390044 2056948
1786956233763 1559580 3390044 2056948
1786956233789 1559796 3390044 2056948
1786956233817 1560040 3390044 2056948
1786956233845 1560288 3390044 2056948
1786956233873 1560568 3390044 2056948
1786956233901 1560872 3390044 2056948
1786956233928 1561124 3390044 2056948
1786956233957 1561480 3390044 2056948
1786956233984 1561840 3390044 2056948
1786956234012 1562484 3390044 2056948
1786956234039 1563212 3390044 2056948
1786956234067 1563884 3390044 2056948
1786956234095 1564660 3390044 2056948
1786956234122 1565128 3390044 2056948
1786956234149 1565984 3390044 2056948
1786956234176 1566948 3390044 2056948
1786956234204 1567696 3390044 2056948
1786956234232 1568364 3390044 2056948
1786956234262 1568884 3390044 2056948
1786956234289 1569608 3390044 2056948
1786956234316 1569732 3390044 2056948
1786956234344 1569732 3390044 2056948
1786956234371 1569736 3390044 2056948
1786956234397 1569752 3390044 2056948
1786956234424 1580040 3390044 2056948
1786956234451 1643528 3390044 2056948
1786956234478 1643528 3390044 2056948
1786956234505 1643528 3390044 2056948
1786956234531 1556536 3390044 2056948
1786956234558 1556536 3390044 2056948
1786956234585 1556536 3390044 2056948
1786956234614 1556536 3390044 2056948
1786956234641 1556536 3390044 2056948
1786956234668 1556536 3390044 2056948
1786956234695 1556536 3390044 2056948
1786956234723 1605112 3390044 2056948
1786956234750 1684984 3390044 2056948
1786956234778 1760760 3390044 2056948
1786956234805 1842680 3390044 2056948
1786956234833 1920504 3390044 2056948
1786956234862 1930744 3390044 2056948
1786956234888 1930744 3390044 2056948
1786956234914 1943032 3390044 2056948
1786956234941 2004876 3391068 2056948
1786956234969 2066888 3391068 2066888
1786956235096 1138336 3391068 2059196
1786956235127 1232544 3391068 2059196
1786956235157 1322656 3391068 2059196
1786956235187 1410720 3391068 2059196
1786956235215 1492640 3391068 2059196
1786956235243 1558176 3391068 2059196
1786956235271 1558176 3391068 2059196
1786956235300 1558176 3391068 2059196
1786956235328 1576172 3391068 2059196
1786956235355 1194716 3391068 2059196
1786956235382 1263276 3391068 2059196
1786956235410 1313896 3391068 2059196
1786956235438 1362680 3391068 2059196
1786956235466 1403644 3391068 2059196
1786956235494 1450968 3391068 2059196
1786956235522 1501948 3391068 2059196
1786956235550 1544952 3391068 2059196
1786956235579 1592036 3391068 2059196
1786956235610 1615796 3391068 2059196
1786956235639 1616108 3391068 2059196
1786956235667 1529124 3391068 2059196
1786956235697 1538408 3391068 2059196
1786956235725 1550696 3391068 2059196
1786956235754 1565032 3391068 2059196
1786956235782 1577320 3391068 2059196
1786956235810 1591656 3391068 2059196
1786956235838 1605992 3391068 2059196
1786956235866 1618280 3391068 2059196
1786956235895 1632616 3391068 2059196
1786956235923 1644904 3391068 2059196
1786956235952 1659240 3391068 2059196
1786956235981 1673576 3391068 2059196
1786956236010 1685864 3391068 2059196
1786956236038 1700200 3391068 2059196
1786956236066 1712288 3391068 2059196
1786956236094 1726624 3391068 2059196
1786956236122 1738912 3391068 2059196
1786956236150 1751200 3391068 2059196
1786956236178 1765536 3391068 2059196
1786956236207 1779872 3391068 2059196
1786956236235 1792160 3391068 2059196
1786956236264 1806496 3391068 2059196
1786956236291 1820832 3391068 2059196
1786956236319 1833120 3391068 2059196
1786956236348 1845408 3391068 2059196
1786956236383 1861792 3391068 2059196
1786956236413 1876128 3391068 2059196
1786956236447 1703348 3391068 2059196
1786956236478 1703348 3391068 2059196
1786956236507 1703348 3391068 2059196
1786956236536 1442376 3391068 2059196
1786956236565 1442376 3391068 2059196
1786956236595 1442376 3391068 2059196
1786956236626 1442376 3391068 2059196
1786956236655 1442376 3391068 2059196
1786956236686 1442376 3391068 2059196
1786956236715 1442376 3391068 2059196
1786956236744 1442376 3391068 2059196
1786956236775 1442376 3391068 2059196
1786956236804 1442376 3391068 2059196
1786956236834 1442376 3391068 2059196
1786956236863 1442376 3391068 2059196
1786956236894 1442376 3391068 2059196
1786956236922 1442376 3391068 2059196
1786956236952 1442376 3391068 2059196
1786956236981 1442376 3391068 2059196
1786956237010 1442376 3391068 2059196
1786956237041 1442376 3391068 2059196
1786956237070 1442376 3391068 2059196
1786956237101 1442376 3391068 2059196
1786956237131 1442376 3391068 2059196
1786956237161 1442376 3391068 2059196
1786956237191 1442376 3391068 2059196
1786956237221 1442376 3391068 2059196
1786956237251 1442376 3391068 2059196
1786956237282 1442376 3391068 2059196
1786956237311 1442376 3391068 2059196
1786956237341 1442376 3391068 2059196
1786956237371 1442376 3391068 2059196
1786956237402 1442376 3391068 2059196
1786956237433 1442376 3391068 2059196
1786956237463 1442376 3391068 2059196
1786956237493 1442376 3391068 2059196
1786956237522 1442376 3391068 2059196
1786956237554 1442376 3391068 2059196
1786956237584 1442376 3391068 2059196
1786956237611 1442376 3391068 2059196
1786956237642 1442376 3391068 2059196
1786956237673 1442376 3391068 2059196
1786956237703 1442376 3391068 2059196
1786956237735 1442376 3391068 2059196
1786956237766 1442376 3391068 2059196
1786956237794 1442376 3391068 2059196
1786956237826 1442376 3391068 2059196
1786956237856 1442376 3391068 2059196
1786956237883 1442376 3391068 2059196
1786956237912 1442376 3391068 2059196
1786956237943 1442376 3391068 2059196
1786956237973 1442376 3391068 2059196
1786956238004 1442376 3391068 2059196
1786956238035 1442376 3391068 2059196
1786956238064 1442376 3391068 2059196
1786956238093 1442376 3391068 2059196
1786956238125 1442376 3391068 2059196
1786956238154 1442376 3391068 2059196
1786956238183 1442376 3391068 2059196
1786956238214 1442376 3391068 2059196
1786956238245 1442376 3391068 2059196
1786956238276 1442376 3391068 2059196
1786956238307 1442376 3391068 2059196
1786956238335 1442376 3391068 2059196
1786956238364 1442376 3391068 2059196
1786956238394 1442376 3391068 2059196
1786956238424 1442376 3391068 2059196
1786956238453 1442376 3391068 2059196
1786956238484 1442376 3391068 2059196
1786956238515 1442376 3391068 2059196
1786956238544 1442376 3391068 2059196
1786956238575 1442376 3391068 2059196
1786956238606 1442376 3391068 2059196
1786956238636 1442376 3391068 2059196
1786956238666 1442376 3391068 2059196
1786956238694 1442376 3391068 2059196
1786956238724 1442376 3391068 2059196
1786956238753 1442376 3391068 2059196
1786956238783 1442376 3391068 2059196
1786956238813 1442376 3391068 2059196
1786956238844 1442376 3391068 2059196
1786956238873 1442376 3391068 2059196
1786956238903 1442376 3391068 2059196
1786956238932 1442376 3391068 2059196
1786956238961 1442376 3391068 2059196
1786956238990 1442376 3391068 2059196
1786956239019 1442376 3391068 2059196
1786956239047 1442376 3391068 2059196
1786956239077 1442376 3391068 2059196
1786956239106 1442376 3391068 2059196
1786956239135 1442376 3391068 2059196
1786956239164 1442376 3391068 2059196
1786956239194 1442376 3391068 2059196
1786956239222 1442376 3391068 2059196
1786956239249 1442376 3391068 2059196
1786956239279 1442376 3391068 2059196
1786956239307 1442376 3391068 2059196
1786956239335 1442376 3391068 2059196
1786956239366 1442376 3391068 2059196
1786956239395 1442376 3391068 2059196
1786956239423 1442376 3391068 2059196
1786956239452 1442376 3391068 2059196
1786956239481 1442376 3391068 2059196
1786956239510 1442376 3391068 2059196
1786956239539 1442376 3391068 2059196
1786956239571 1442376 3391068 2059196
1786956239601 1442376 3391068 2059196
1786956239630 1442376 3391068 2059196
1786956239661 1442376 3391068 2059196
1786956239691 1442376 3391068 2059196
1786956239722 1442376 3391068 2059196
1786956239752 1442376 3391068 2059196
1786956239781 1442376 3391068 2059196
1786956239810 1442376 3391068 2059196
1786956239839 1020868 3391068 2059196
1786956239868 1020868 3391068 2059196
1786956239897 1020868 3391068 2059196
1786956239926 1020868 3391068 2059196
1786956239955 1020868 3391068 2059196
1786956239982 1020868 3391068 2059196
1786956240009 1053648 3391068 2059196
1786956240037 1090528 3391068 2059196
1786956240065 1129436 3391068 2059196
1786956240094 1168204 3391068 2059196
1786956240124 1205228 3391068 2059196
1786956240153 1247616 3391068 2059196
1786956240180 1296784 3391068 2059196
1786956240208 1343896 3391068 2059196
1786956240238 1401256 3391068 2059196
1786956240267 1468796 3391068 2059196
1786956240300 1527164 3391068 2059196
1786956240331 1541500 3391068 2059196
1786956240362 1554444 3391068 2059196
1786956240391 1566732 3391068 2059196
1786956240420 1485164 3391068 2059196
1786956240452 1485164 3391068 2059196
1786956240480 1485164 3391068 2059196
1786956240509 1485164 3391068 2059196
1786956240537 1485164 3391068 2059196
1786956240564 1485164 3391068 2059196
1786956240594 1485164 3391068 2059196
1786956240624 1485164 3391068 2059196
1786956240652 1485164 3391068 2059196
1786956240680 1485164 3391068 2059196
1786956240707 1485164 3391068 2059196
1786956240740 1587188 3391068 2059196
1786956240772 1558188 3391068 2059196
1786956240803 1558188 3391068 2059196
1786956240834 1558188 3391068 2059196
1786956240866 1429380 3391068 2059196
1786956240895 1222700 3391068 2059196
1786956240925 1227808 3391068 2059196
1786956240954 1239548 3391068 2059196
1786956240984 1253884 3391068 2059196
1786956241013 1255432 3391068 2059196
1786956241042 1255432 3391068 2059196
1786956241069 1255432 3391068 2059196
1786956241099 1258080 3391068 2059196
1786956241130 1258080 3391068 2059196
1786956241160 1258080 3391068 2059196
1786956241191 1258220 3391068 2059196
1786956241221 1258220 3391068 2059196
1786956241252 1219340 3391068 2059196
1786956241281 1230060 3391068 2059196
1786956241311 1237088 3391068 2059196
1786956241341 1252252 3391068 2059196
1786956241371 1259932 3391068 2059196
1786956241402 1259932 3391068 2059196
1786956241433 1260832 3391068 2059196
1786956241464 1260832 3391068 2059196
1786956241493 1260832 3391068 2059196
1786956241523 1260832 3391068 2059196
1786956241553 1260832 3391068 2059196
1786956241582 1260832 3391068 2059196
1786956241612 1225768 3391068 2059196
1786956241642 1230864 3391068 2059196
1786956241671 1245684 3391068 2059196
1786956241701 1258396 3391068 2059196
1786956241732 1260832 3391068 2059196
1786956241763 1260832 3391068 2059196
1786956241792 1260832 3391068 2059196
1786956241822 1260832 3391068 2059196
1786956241852 1260832 3391068 2059196
1786956241881 1223720 3391068 2059196
1786956241911 1230348 3391068 2059196
1786956241940 1239540 3391068 2059196
1786956241970 1254300 3391068 2059196
1786956242001 1259932 3391068 2059196
1786956242029 1259932 3391068 2059196
1786956242058 1260832 3391068 2059196
1786956242087 1260832 3391068 2059196
1786956242115 1260832 3391068 2059196
1786956242144 1260832 3391068 2059196
1786956242172 1260832 3391068 2059196
1786956242201 1260832 3391068 2059196
1786956242229 1221672 3391068 2059196
1786956242259 1230348 3391068 2059196
1786956242289 1241588 3391068 2059196
1786956242319 1256348 3391068 2059196
1786956242349 1260832 3391068 2059196
1786956242379 1260832 3391068 2059196
1786956242410 1260832 3391068 2059196
1786956242440 1260832 3391068 2059196
1786956242470 1260832 3391068 2059196
1786956242501 1215500 3391068 2059196
1786956242531 1229964 3391068 2059196
1786956242561 1234204 3391068 2059196
1786956242591 1250204 3391068 2059196
1786956242621 1259932 3391068 2059196
1786956242652 1260832 3391068 2059196
1786956242682 1260832 3391068 2059196
1786956242713 1260832 3391068 2059196
1786956242744 1260832 3391068 2059196
1786956242774 1260832 3391068 2059196
1786956242802 1260832 3391068 2059196
1786956242830 1225768 3391068 2059196
1786956242858 1230632 3391068 2059196
1786956242885 1243636 3391068 2059196
1786956242914 1256348 3391068 2059196
1786956242944 1260444 3391068 2059196
1786956242974 1260832 3391068 2059196
1786956243005 1260832 3391068 2059196
1786956243035 1260832 3391068 2059196
1786956243064 1260832 3391068 2059196
1786956243094 1260832 3391068 2059196
1786956243123 1225768 3391068 2059196
1786956243152 1230540 3391068 2059196
1786956243180 1243636 3391068 2059196
1786956243208 1256348 3391068 2059196
1786956243237 1259932 3391068 2059196
1786956243266 1260832 3391068 2059196
1786956243295 1260832 3391068 2059196
1786956243323 1260832 3391068 2059196
1786956243354 1260832 3391068 2059196
1786956243383 1260832 3391068 2059196
1786956243411 1221672 3391068 2059196
1786956243441 1230252 3391068 2059196
1786956243470 1239540 3391068 2059196
1786956243501 1254300 3391068 2059196
1786956243530 1259932 3391068 2059196
1786956243561 1260832 3391068 2059196
1786956243592 1260832 3391068 2059196
1786956243622 1260832 3391068 2059196
1786956243653 1260832 3391068 2059196
1786956243683 1260832 3391068 2059196
1786956243713 1225768 3391068 2059196
1786956243743 1230540 3391068 2059196
1786956243773 1243636 3391068 2059196
1786956243803 1258396 3391068 2059196
1786956243834 1259932 3391068 2059196
1786956243864 1260832 3391068 2059196
1786956243895 1260832 3391068 2059196
1786956243925 1260832 3391068 2059196
1786956243956 1260832 3391068 2059196
1786956243986 1260832 3391068 2059196
1786956244016 1227816 3391068 2059196
1786956244046 1231248 3391068 2059196
1786956244076 1245684 3391068 2059196
1786956244105 1258972 3391068 2059196
1786956244136 1259932 3391068 2059196
1786956244165 1260832 3391068 2059196
1786956244195 1260832 3391068 2059196
1786956244226 1260832 3391068 2059196
1786956244254 1260832 3391068 2059196
1786956244281 1260832 3391068 2059196
1786956244310 1251280 3391068 2059196
1786956244338 1229864 3391068 2059196
1786956244367 1232204 3391068 2059196
1786956244395 1245684 3391068 2059196
1786956244423 1258740 3391068 2059196
1786956244454 1260832 3391068 2059196
1786956244484 1260832 3391068 2059196
1786956244516 1260832 3391068 2059196
1786956244546 1260832 3391068 2059196
1786956244577 1260832 3391068 2059196
1786956244605 1260832 3391068 2059196
1786956244634 1227816 3391068 2059196
1786956244662 1231320 3391068 2059196
1786956244690 1245684 3391068 2059196
1786956244718 1258396 3391068 2059196
1786956244749 1260832 3391068 2059196
1786956244780 1260832 3391068 2059196
1786956244811 1260832 3391068 2059196
1786956244842 1260832 3391068 2059196
1786956244872 1260832 3391068 2059196
1786956244900 1260832 3391068 2059196
1786956244928 1227816 3391068 2059196
1786956244956 1230632 3391068 2059196
1786956244984 1243636 3391068 2059196
1786956245013 1258396 3391068 2059196
1786956245042 1260832 3391068 2059196
1786956245072 1260832 3391068 2059196
1786956245102 1260832 3391068 2059196
1786956245133 1260832 3391068 2059196
1786956245165 1260832 3391068 2059196
1786956245195 1260832 3391068 2059196
1786956245223 1225768 3391068 2059196
1786956245252 1230540 3391068 2059196
1786956245280 1243636 3391068 2059196
1786956245309 1256348 3391068 2059196
1786956245336 1259932 3391068 2059196
1786956245365 1260832 3391068 2059196
1786956245394 1260832 3391068 2059196
1786956245424 1260832 3391068 2059196
1786956245455 1260832 3391068 2059196
1786956245486 1260832 3391068 2059196
1786956245516 1220840 3391068 2059196
1786956245545 1228252 3391068 2059196
1786956245575 1238868 3391068 2059196
1786956245606 1252344 3391068 2059196
1786956245636 1255932 3391068 2059196
1786956245666 1256828 3391068 2059196
1786956245696 1256828 3391068 2059196
1786956245724 1256828 3391068 2059196
1786956245753 1256828 3391068 2059196
1786956245781 1256828 3391068 2059196
1786956245810 1213364 3391068 2059196
1786956245838 1213364 3391068 2059196
1786956245867 1184364 3391068 2059196
1786956245896 1184364 3391068 2059196
1786956245924 1184364 3391068 2059196
1786956245952 1185024 3391068 2059196
1786956245981 1186688 3391068 2059196
1786956246011 1186688 3391068 2059196
1786956246041 1187456 3391068 2059196
1786956246072 1187456 3391068 2059196
1786956246102 1186872 3391068 2059196
1786956246133 1187440 3391068 2059196
1786956246163 1187440 3391068 2059196
1786956246192 1187440 3391068 2059196
1786956246222 1187440 3391068 2059196
1786956246252 1187440 3391068 2059196
1786956246283 1187440 3391068 2059196
1786956246314 1187440 3391068 2059196
1786956246344 1187436 3391068 2059196
1786956246373 1187436 3391068 2059196
1786956246401 1187436 3391068 2059196
1786956246431 1187436 3391068 2059196
1786956246461 1185132 3391068 2059196
1786956246491 1187436 3391068 2059196
1786956246521 1187436 3391068 2059196
1786956246551 1187436 3391068 2059196
1786956246581 1187436 3391068 2059196
1786956246611 1187436 3391068 2059196
1786956246641 1187436 3391068 2059196
1786956246671 1186580 3391068 2059196
1786956246702 1187436 3391068 2059196
1786956246732 1187436 3391068 2059196
1786956246760 1187436 3391068 2059196
1786956246790 1187436 3391068 2059196
1786956246818 1187436 3391068 2059196
1786956246849 1187436 3391068 2059196
1786956246879 1186812 3391068 2059196
1786956246909 1187436 3391068 2059196
1786956246938 1187436 3391068 2059196
1786956246967 1187436 3391068 2059196
1786956246997 1187436 3391068 2059196
1786956247026 1187436 3391068 2059196
1786956247056 1187436 3391068 2059196
1786956247086 1185132 3391068 2059196
1786956247115 1185132 3391068 2059196
1786956247144 1185132 3391068 2059196
1786956247173 1198704 3391068 2059196
1786956247204 1198704 3391068 2059196
1786956247233 1198880 3391068 2059196
1786956247262 1198880 3391068 2059196
1786956247291 1202080 3391068 2059196
1786956247320 1209296 3391068 2059196
1786956247349 1225388 3391068 2059196
1786956247378 1225388 3391068 2059196
1786956247406 1225388 3391068 2059196
1786956247433 1225388 3391068 2059196
1786956247460 1225388 3391068 2059196
1786956247489 1225388 3391068 2059196
1786956247517 1225520 3391068 2059196
1786956247545 1227724 3391068 2059196
1786956247574 1230628 3391068 2059196
1786956247603 1230628 3391068 2059196
1786956247634 1233700 3391068 2059196
1786956247664 1256536 3391068 2059196
1786956247693 1264412 3391068 2059196
1786956247723 1277556 3391068 2059196
1786956247753 1281648 3391068 2059196
1786956247784 1317600 3391068 2059196
1786956247819 1341320 3391068 2059196
1786956247846 1356892 3391068 2059196
1786956247878 1368804 3391068 2059196
1786956247909 1406412 3391068 2059196
1786956247943 1410508 3391068 2059196
1786956247975 1410508 3391068 2059196
1786956248006 1410508 3391068 2059196
1786956248038 1447372 3391068 2059196
1786956248071 1447372 3391068 2059196
1786956248103 1447372 3391068 2059196
1786956248135 1447372 3391068 2059196
1786956248164 1450020 3391068 2059196
1786956248198 1450020 3391068 2059196
1786956248229 1450020 3391068 2059196
1786956248261 1450020 3391068 2059196
1786956248295 1456164 3391068 2059196
1786956248328 1456164 3391068 2059196
1786956248359 1456164 3391068 2059196
1786956248391 1456164 3391068 2059196
1786956248425 1456164 3391068 2059196
1786956248457 1456164 3391068 2059196
1786956248489 1456164 3391068 2059196
1786956248521 1456164 3391068 2059196
1786956248556 1456372 3391068 2059196
1786956248588 1456372 3391068 2059196
1786956248620 1456372 3391068 2059196
1786956248650 1457208 3391068 2059196
1786956248681 1463952 3391068 2059196
1786956248713 1467416 3391068 2059196
1786956248746 1468952 3391068 2059196
1786956248778 1468952 3391068 2059196
1786956248811 1468952 3391068 2059196
1786956248843 1468952 3391068 2059196
1786956248876 1468952 3391068 2059196
1786956248908 1468952 3391068 2059196
1786956248941 1468952 3391068 2059196
1786956248973 1468952 3391068 2059196
1786956249005 1468952 3391068 2059196
1786956249038 1468952 3391068 2059196
1786956249070 1468952 3391068 2059196
1786956249102 1468952 3391068 2059196
1786956249134 1468952 3391068 2059196
1786956249166 1468952 3391068 2059196
1786956249198 1468952 3391068 2059196
1786956249230 1468952 3391068 2059196
1786956249262 1468952 3391068 2059196
1786956249294 1468952 3391068 2059196
1786956249326 1468952 3391068 2059196
1786956249358 1468952 3391068 2059196
1786956249390 1468952 3391068 2059196
1786956249422 1468952 3391068 2059196
1786956249454 1468952 3391068 2059196
1786956249486 1468952 3391068 2059196
1786956249518 1468952 3391068 2059196
1786956249550 1468952 3391068 2059196
1786956249582 1468952 3391068 2059196
1786956249614 1468952 3391068 2059196
1786956249646 1468952 3391068 2059196
1786956249679 1468952 3391068 2059196
1786956249711 1468952 3391068 2059196
1786956249744 1468952 3391068 2059196
1786956249776 1468952 3391068 2059196
1786956249807 1468952 3391068 2059196
1786956249840 1468952 3391068 2059196
1786956249872 1468952 3391068 2059196
1786956249905 1468952 3391068 2059196
1786956249935 1468952 3391068 2059196
1786956249967 1468952 3391068 2059196
1786956249997 1468952 3391068 2059196
1786956250029 1468952 3391068 2059196
1786956250059 1468952 3391068 2059196
1786956250089 1468952 3391068 2059196
1786956250118 1468952 3391068 2059196
1786956250152 1468952 3391068 2059196
1786956250184 1468952 3391068 2059196
1786956250217 1468952 3391068 2059196
1786956250249 1468952 3391068 2059196
1786956250282 1468952 3391068 2059196
1786956250315 1468976 3391068 2059196
1786956250347 1468976 3391068 2059196
1786956250380 1468976 3391068 2059196
1786956250414 1472048 3391068 2059196
1786956250446 1472048 3391068 2059196
1786956250477 1472048 3391068 2059196
1786956250509 1472048 3391068 2059196
1786956250543 1472048 3391068 2059196
1786956250574 1472048 3391068 2059196
1786956250606 1472048 3391068 2059196
1786956250636 1472048 3391068 2059196
1786956250670 1472048 3391068 2059196
1786956250702 1472048 3391068 2059196
1786956250734 1472048 3391068 2059196
1786956250766 1472048 3391068 2059196
1786956250799 1472048 3391068 2059196
1786956250831 1472048 3391068 2059196
1786956250863 1472048 3391068 2059196
1786956250893 1472048 3391068 2059196
1786956250927 1472048 3391068 2059196
1786956250959 1472048 3391068 2059196
1786956250990 1472048 3391068 2059196
1786956251021 1472048 3391068 2059196
1786956251055 1472048 3391068 2059196
1786956251087 1472048 3391068 2059196
1786956251118 1472048 3391068 2059196
1786956251149 1472872 3391068 2059196
1786956251183 1496624 3391068 2059196
1786956251216 1496624 3391068 2059196
1786956251247 1496624 3391068 2059196
1786956251280 1496624 3391068 2059196
1786956251312 1496624 3391068 2059196
1786956251344 1500296 3391068 2059196
1786956251377 1507040 3391068 2059196
1786956251409 1507040 3391068 2059196
1786956251440 1507040 3391068 2059196
1786956251471 1507040 3391068 2059196
1786956251506 1507040 3391068 2059196
1786956251538 1507040 3391068 2059196
1786956251569 1507040 3391068 2059196
1786956251601 1507040 3391068 2059196
1786956251635 1507040 3391068 2059196
1786956251667 1507040 3391068 2059196
1786956251698 1507040 3391068 2059196
1786956251729 1507040 3391068 2059196
1786956251763 1507040 3391068 2059196
1786956251795 1507040 3391068 2059196
1786956251827 1507040 3391068 2059196
1786956251858 1507040 3391068 2059196
1786956251893 1507040 3391068 2059196
1786956251924 1507040 3391068 2059196
1786956251956 1507040 3391068 2059196
1786956251987 1507040 3391068 2059196
1786956252019 1519328 3391068 2059196
1786956252053 1519328 3391068 2059196
1786956252084 1519328 3391068 2059196
1786956252115 1519328 3391068 2059196
1786956252149 1519328 3391068 2059196
1786956252181 1524680 3391068 2059196
1786956252213 1524896 3391068 2059196
1786956252245 1524896 3391068 2059196
1786956252275 1524896 3391068 2059196
1786956252305 1524896 3391068 2059196
1786956252337 1524896 3391068 2059196
1786956252368 1524896 3391068 2059196
1786956252399 1524896 3391068 2059196
1786956252430 1543708 3391068 2059196
1786956252464 1568412 3391068 2059196
1786956252498 1568412 3391068 2059196
1786956252529 1568412 3391068 2059196
1786956252562 1568412 3391068 2059196
1786956252592 1568412 3391068 2059196
1786956252623 1568412 3391068 2059196
1786956252653 1568412 3391068 2059196
1786956252684 1568412 3391068 2059196
1786956252714 1569036 3391068 2059196
1786956252746 1569180 3391068 2059196
1786956252779 1569180 3391068 2059196
1786956252810 1569180 3391068 2059196
1786956252841 1569180 3391068 2059196
1786956252872 1569180 3391068 2059196
1786956252904 1569180 3391068 2059196
1786956252935 1570728 3391068 2059196
1786956252966 1570728 3391068 2059196
1786956252997 1570728 3391068 2059196
1786956253028 1570728 3391068 2059196
1786956253059 1570728 3391068 2059196
1786956253090 1570728 3391068 2059196
1786956253121 1570728 3391068 2059196
1786956253152 1570728 3391068 2059196
1786956253183 1570728 3391068 2059196
1786956253215 1570728 3391068 2059196
1786956253246 1570728 3391068 2059196
1786956253276 1570728 3391068 2059196
1786956253307 1570728 3391068 2059196
1786956253338 1570728 3391068 2059196
1786956253371 1570728 3391068 2059196
1786956253402 1573800 3391068 2059196
1786956253434 1573800 3391068 2059196
1786956253466 1573800 3391068 2059196
1786956253497 1573800 3391068 2059196
1786956253530 1576872 3391068 2059196
1786956253563 1576872 3391068 2059196
1786956253595 1576872 3391068 2059196
1786956253626 1576872 3391068 2059196
1786956253660 1576872 3391068 2059196
1786956253692 1576872 3391068 2059196
1786956253723 1576872 3391068 2059196
1786956253756 1576872 3391068 2059196
1786956253788 1576872 3391068 2059196
1786956253820 1576872 3391068 2059196
1786956253852 1576872 3391068 2059196
1786956253883 1576872 3391068 2059196
1786956253917 1576872 3391068 2059196
1786956253949 1576872 3391068 2059196
1786956253981 1576872 3391068 2059196
1786956254014 1576872 3391068 2059196
1786956254048 1576872 3391068 2059196
1786956254080 1576872 3391068 2059196
1786956254112 1576872 3391068 2059196
1786956254148 1576872 3391068 2059196
1786956254180 1576872 3391068 2059196
1786956254212 1576872 3391068 2059196
1786956254245 1576872 3391068 2059196
1786956254279 1576872 3391068 2059196
1786956254312 1576872 3391068 2059196
1786956254345 1576872 3391068 2059196
1786956254378 1582928 3391068 2059196
1786956254410 1587460 3391068 2059196
1786956254443 1588996 3391068 2059196
1786956254475 1588996 3391068 2059196
1786956254508 1588996 3391068 2059196
1786956254540 1588996 3391068 2059196
1786956254572 1588996 3391068 2059196
1786956254605 1588996 3391068 2059196
1786956254637 1588996 3391068 2059196
1786956254668 1588996 3391068 2059196
1786956254699 1588996 3391068 2059196
1786956254730 1588996 3391068 2059196
1786956254760 1588996 3391068 2059196
1786956254791 1588996 3391068 2059196
1786956254822 1588996 3391068 2059196
1786956254856 1588996 3391068 2059196
1786956254888 1588996 3391068 2059196
1786956254921 1588996 3391068 2059196
1786956254953 1588996 3391068 2059196
1786956254985 1588996 3391068 2059196
1786956255016 1588996 3391068 2059196
1786956255048 1588996 3391068 2059196
1786956255080 1588996 3391068 2059196
1786956255111 1588996 3391068 2059196
1786956255142 1588996 3391068 2059196
1786956255174 1588996 3391068 2059196
1786956255205 1588996 3391068 2059196
1786956255236 1588996 3391068 2059196
1786956255269 1588996 3391068 2059196
1786956255302 1588996 3391068 2059196
1786956255335 1588996 3391068 2059196
1786956255368 1588996 3391068 2059196
1786956255399 1588996 3391068 2059196
1786956255431 1588996 3391068 2059196
1786956255462 1588996 3391068 2059196
1786956255494 1588996 3391068 2059196
1786956255525 1588996 3391068 2059196
1786956255556 1589076 3391068 2059196
1786956255588 1593604 3391068 2059196
1786956255620 1593604 3391068 2059196
1786956255651 1593608 3391068 2059196
1786956255681 1593608 3391068 2059196
1786956255712 1593608 3391068 2059196
1786956255742 1593772 3391068 2059196
1786956255772 1593772 3391068 2059196
1786956255802 1593772 3391068 2059196
1786956255834 1593940 3391068 2059196
1786956255865 1593940 3391068 2059196
1786956255895 1593940 3391068 2059196
1786956255930 1593940 3391068 2059196
1786956255962 1593940 3391068 2059196
1786956255994 1593940 3391068 2059196
1786956256026 1593940 3391068 2059196
1786956256057 1593940 3391068 2059196
1786956256087 1593940 3391068 2059196
1786956256118 1593940 3391068 2059196
1786956256151 1601284 3391068 2059196
1786956256182 1601284 3391068 2059196
1786956256214 1601284 3391068 2059196
1786956256245 1601284 3391068 2059196
1786956256279 1601284 3391068 2059196
1786956256309 1601284 3391068 2059196
1786956256341 1601284 3391068 2059196
1786956256372 1601284 3391068 2059196
1786956256408 1601284 3391068 2059196
1786956256441 1601284 3391068 2059196
1786956256473 1601284 3391068 2059196
1786956256502 1601284 3391068 2059196
1786956256535 1601284 3391068 2059196
1786956256565 1601284 3391068 2059196
1786956256595 1601284 3391068 2059196
1786956256624 1601284 3391068 2059196
1786956256657 1601284 3391068 2059196
1786956256687 1601284 3391068 2059196
1786956256717 1601284 3391068 2059196
1786956256746 1601284 3391068 2059196
1786956256779 1601284 3391068 2059196
1786956256809 1601284 3391068 2059196
1786956256842 1601284 3391068 2059196
1786956256873 1601284 3391068 2059196
1786956256909 1601284 3391068 2059196
1786956256942 1601284 3391068 2059196
1786956256972 1601284 3391068 2059196
1786956257004 1601284 3391068 2059196
1786956257034 1601284 3391068 2059196
1786956257068 1601284 3391068 2059196
1786956257102 1608028 3391068 2059196
1786956257132 1608028 3391068 2059196
1786956257164 1608028 3391068 2059196
1786956257195 1608028 3391068 2059196
1786956257231 1608028 3391068 2059196
1786956257263 1608028 3391068 2059196
1786956257292 1608028 3391068 2059196
1786956257324 1608028 3391068 2059196
1786956257359 1608028 3391068 2059196
1786956257391 1608028 3391068 2059196
1786956257420 1608028 3391068 2059196
1786956257453 1608028 3391068 2059196
1786956257488 1608028 3391068 2059196
1786956257520 1608028 3391068 2059196
1786956257550 1608028 3391068 2059196
1786956257579 1608028 3391068 2059196
1786956257615 1608028 3391068 2059196
1786956257647 1608028 3391068 2059196
1786956257679 1608028 3391068 2059196
1786956257713 1608028 3391068 2059196
1786956257745 1608028 3391068 2059196
1786956257774 1608028 3391068 2059196
1786956257804 1608028 3391068 2059196
1786956257834 1608028 3391068 2059196
1786956257868 1608028 3391068 2059196
1786956257903 1611100 3391068 2059196
1786956257934 1611100 3391068 2059196
1786956257966 1611100 3391068 2059196
1786956257995 1611100 3391068 2059196
1786956258028 1611100 3391068 2059196
1786956258059 1611100 3391068 2059196
1786956258088 1611100 3391068 2059196
1786956258117 1635676 3391068 2059196
1786956258153 1684828 3391068 2059196
1786956258186 1684828 3391068 2059196
1786956258218 1684828 3391068 2059196
1786956258251 1684828 3391068 2059196
1786956258282 1684828 3391068 2059196
1786956258315 1684828 3391068 2059196
1786956258346 1684828 3391068 2059196
1786956258377 1684828 3391068 2059196
1786956258407 1685764 3391068 2059196
1786956258439 1685764 3391068 2059196
1786956258473 1685764 3391068 2059196
1786956258506 1685764 3391068 2059196
1786956258539 1685764 3391068 2059196
1786956258572 1685764 3391068 2059196
1786956258605 1685928 3391068 2059196
1786956258637 1685932 3391068 2059196
1786956258669 1685932 3391068 2059196
1786956258700 1685932 3391068 2059196
1786956258733 1685932 3391068 2059196
1786956258767 1685932 3391068 2059196
1786956258800 1685932 3391068 2059196
1786956258833 1685932 3391068 2059196
1786956258865 1685932 3391068 2059196
1786956258895 1685932 3391068 2059196
1786956258928 1685932 3391068 2059196
1786956258960 1685932 3391068 2059196
1786956258991 1685932 3391068 2059196
1786956259021 1688072 3391068 2059196
1786956259054 1697292 3391068 2059196
1786956259088 1697292 3391068 2059196
1786956259122 1697292 3391068 2059196
1786956259156 1704036 3391068 2059196
1786956259189 1704036 3391068 2059196
1786956259222 1704036 3391068 2059196
1786956259255 1704036 3391068 2059196
1786956259291 1704036 3391068 2059196
1786956259323 1704036 3391068 2059196
1786956259355 1704036 3391068 2059196
1786956259386 1704040 3391068 2059196
1786956259423 1704040 3391068 2059196
1786956259455 1704040 3391068 2059196
1786956259484 1704040 3391068 2059196
1786956259514 1704040 3391068 2059196
1786956259546 1704040 3391068 2059196
1786956259576 1704040 3391068 2059196
1786956259606 1704040 3391068 2059196
1786956259635 1704040 3391068 2059196
1786956259669 1704040 3391068 2059196
1786956259703 1704040 3391068 2059196
1786956259734 1704040 3391068 2059196
1786956259765 1704040 3391068 2059196
1786956259797 1704040 3391068 2059196
1786956259830 1704040 3391068 2059196
1786956259863 1704040 3391068 2059196
1786956259896 1704040 3391068 2059196
1786956259931 1704040 3391068 2059196
1786956259963 1704040 3391068 2059196
1786956259993 1704040 3391068 2059196
1786956260027 1707880 3391068 2059196
1786956260061 1709416 3391068 2059196
1786956260093 1709416 3391068 2059196
1786956260124 1709416 3391068 2059196
1786956260155 1709416 3391068 2059196
1786956260188 1709416 3391068 2059196
1786956260222 1709416 3391068 2059196
1786956260254 1709416 3391068 2059196
1786956260285 1709416 3391068 2059196
1786956260319 1709416 3391068 2059196
1786956260351 1709416 3391068 2059196
1786956260382 1709416 3391068 2059196
1786956260416 1709416 3391068 2059196
1786956260447 1709416 3391068 2059196
1786956260481 1709416 3391068 2059196
1786956260512 1709416 3391068 2059196
1786956260546 1709416 3391068 2059196
1786956260578 1709416 3391068 2059196
1786956260609 1709416 3391068 2059196
1786956260640 1709416 3391068 2059196
1786956260670 1709416 3391068 2059196
1786956260700 1709416 3391068 2059196
1786956260730 1709416 3391068 0
1786956260760 1709416 3391068 2059196
1786956260789 1709416 3391068 2059196
1786956260819 1709416 3391068 2059196
1786956260848 1709416 3391068 2059196
1786956260877 1709416 3391068 2059196
1786956260907 1709416 3391068 2059196
1786956260937 1709416 3391068 2059196
1786956260967 1709416 3391068 2059196
1786956260996 1709416 3391068 2059196
1786956261026 1709416 3391068 2059196
1786956261056 1709416 3391068 2059196
1786956261086 1709416 3391068 2059196
1786956261115 1709416 3391068 2059196
1786956261144 1709416 3391068 2059196
1786956261173 1709416 3391068 2059196
1786956261204 1709416 3391068 2059196
1786956261233 1709420 3391068 2059196
1786956261262 1709420 3391068 2059196
1786956261291 1709420 3391068 2059196
1786956261320 1709420 3391068 2059196
1786956261348 1709420 3391068 2059196
1786956261377 1709420 3391068 2059196
1786956261405 1709584 3391068 2059196
1786956261433 1709584 3391068 2059196
1786956261461 1709584 3391068 2059196
1786956261490 1709748 3391068 2059196
1786956261521 1709748 3391068 2059196
1786956261551 1709748 3391068 2059196
1786956261581 1709748 3391068 2059196
1786956261610 1709748 3391068 2059196
1786956261638 1709748 3391068 2059196
1786956261670 1709748 3391068 2059196
1786956261701 1709748 3391068 2059196
1786956261730 1709748 3391068 2059196
1786956261760 1709748 3391068 2059196
1786956261790 1712820 3391068 2059196
1786956261823 1712820 3391068 2059196
1786956261856 1712820 3391068 2059196
1786956261887 1712820 3391068 2059196
1786956261916 1712820 3391068 2059196
1786956261947 1712824 3391068 2059196
1786956261978 1712824 3391068 2059196
1786956262009 1712824 3391068 2059196
1786956262038 1712824 3391068 2059196
1786956262068 1712824 3391068 2059196
1786956262098 1712824 3391068 2059196
1786956262127 1712824 3391068 2059196
1786956262156 1712824 3391068 2059196
1786956262185 1712824 3391068 2059196
1786956262218 1712824 3391068 2059196
1786956262249 1712824 3391068 2059196
1786956262278 1712824 3391068 2059196
1786956262307 1712828 3391068 2059196
1786956262340 1712828 3391068 2059196
1786956262371 1712828 3391068 2059196
1786956262401 1712828 3391068 2059196
1786956262431 1712828 3391068 2059196
1786956262461 1712828 3391068 2059196
1786956262493 1712828 3391068 2059196
1786956262523 1712828 3391068 2059196
1786956262552 1712828 3391068 2059196
1786956262580 1712828 3391068 2059196
1786956262609 1712828 3391068 2059196
1786956262641 1712828 3391068 2059196
1786956262671 1712828 3391068 2059196
1786956262701 1712828 3391068 2059196
1786956262730 1712828 3391068 2059196
1786956262760 1712828 3391068 2059196
1786956262791 1712828 3391068 2059196
1786956262821 1712828 3391068 2059196
1786956262853 1712828 3391068 2059196
1786956262883 1712828 3391068 2059196
1786956262913 1712828 3391068 2059196
1786956262944 1712828 3391068 2059196
1786956262976 1712828 3391068 2059196
1786956263006 1712828 3391068 2059196
1786956263036 1712828 3391068 2059196
1786956263070 1712828 3391068 2059196
1786956263105 1712828 3391068 2059196
1786956263139 1712828 3391068 2059196
1786956263171 1712828 3391068 2059196
1786956263207 1712828 3391068 2059196
1786956263240 1712828 3391068 2059196
1786956263270 1712828 3391068 2059196
1786956263303 1712828 3391068 2059196
1786956263337 1712828 3391068 2059196
1786956263368 1712828 3391068 2059196
1786956263401 1712828 3391068 2059196
1786956263434 1712828 3391068 2059196
1786956263466 1712828 3391068 2059196
1786956263496 1712828 3391068 2059196
1786956263527 1712828 3391068 2059196
1786956263557 1712828 3391068 2059196
1786956263592 1712828 3391068 2059196
1786956263626 1712828 3391068 2059196
1786956263657 1712828 3391068 2059196
1786956263686 1712828 3391068 2059196
1786956263714 1712828 3391068 2059196
1786956263747 1712828 3391068 2059196
1786956263778 1712828 3391068 2059196
1786956263809 1712828 3391068 2059196
1786956263838 1712828 3391068 2059196
1786956263874 1712828 3391068 2059196
1786956263909 1712828 3391068 2059196
1786956263941 1712828 3391068 2059196
1786956263973 1712828 3391068 2059196
1786956264002 1712828 3391068 2059196
1786956264033 1712828 3391068 2059196
1786956264065 1712828 3391068 2059196
1786956264097 1712828 3391068 2059196
1786956264127 1713764 3391068 2059196
1786956264159 1713764 3391068 2059196
1786956264190 1713764 3391068 2059196
1786956264225 1713764 3391068 2059196
1786956264257 1713764 3391068 2059196
1786956264288 1713764 3391068 2059196
1786956264320 1714696 3391068 2059196
1786956264351 1714696 3391068 2059196
1786956264382 1714700 3391068 2059196
1786956264415 1714700 3391068 2059196
1786956264446 1714700 3391068 2059196
1786956264480 1714700 3391068 2059196
1786956264513 1714700 3391068 2059196
1786956264543 1714700 3391068 2059196
1786956264575 1714700 3391068 2059196
1786956264609 1714700 3391068 2059196
1786956264641 1714700 3391068 2059196
1786956264672 1714700 3391068 2059196
1786956264703 1714700 3391068 2059196
1786956264734 1714708 3391068 2059196
1786956264765 1714708 3391068 2059196
1786956264799 1714708 3391068 2059196
1786956264831 1714708 3391068 2059196
1786956264867 1714708 3391068 2059196
1786956264901 1714712 3391068 2059196
1786956264933 1714712 3391068 2059196
1786956264966 1714712 3391068 2059196
1786956265000 1714712 3391068 2059196
1786956265033 1714712 3391068 2059196
1786956265065 1714712 3391068 2059196
1786956265096 1714712 3391068 2059196
1786956265131 1714712 3391068 2059196
1786956265163 1714712 3391068 2059196
1786956265196 1714712 3391068 2059196
1786956265227 1714712 3391068 2059196
1786956265261 1714712 3391068 2059196
1786956265294 1714712 3391068 2059196
1786956265327 1714712 3391068 2059196
1786956265361 1714716 3391068 2059196
1786956265395 1714716 3391068 2059196
1786956265428 1714716 3391068 2059196
1786956265461 1714716 3391068 2059196
1786956265497 1714716 3391068 2059196
1786956265530 1714716 3391068 2059196
1786956265563 1714716 3391068 2059196
1786956265596 1714716 3391068 2059196
1786956265629 1714716 3391068 2059196
1786956265661 1714716 3391068 2059196
1786956265694 1714716 3391068 2059196
1786956265729 1714884 3391068 2059196
1786956265762 1714884 3391068 2059196
1786956265795 1714884 3391068 2059196
1786956265829 1714884 3391068 2059196
1786956265862 1714884 3391068 2059196
1786956265895 1714884 3391068 2059196
1786956265928 1714884 3391068 2059196
1786956265962 1714884 3391068 2059196
1786956265996 1714884 3391068 2059196
1786956266029 1714884 3391068 2059196
1786956266062 1714884 3391068 2059196
1786956266095 1714884 3391068 2059196
1786956266128 1714884 3391068 2059196
1786956266162 1714884 3391068 2059196
1786956266194 1714884 3391068 2059196
1786956266228 1714884 3391068 2059196
1786956266261 1714884 3391068 2059196
1786956266294 1714884 3391068 2059196
1786956266327 1714884 3391068 2059196
1786956266360 1714884 3391068 2059196
1786956266394 1714884 3391068 2059196
1786956266427 1714884 3391068 2059196
1786956266460 1714884 3391068 2059196
1786956266494 1714884 3391068 2059196
1786956266527 1714884 3391068 2059196
1786956266560 1714884 3391068 2059196
1786956266594 1714884 3391068 2059196
1786956266626 1714884 3391068 2059196
1786956266660 1714884 3391068 2059196
1786956266693 1714884 3391068 2059196
1786956266727 1714884 3391068 2059196
1786956266760 1714884 3391068 2059196
1786956266794 1715652 3391068 2059196
1786956266827 1715652 3391068 2059196
1786956266859 1715652 3391068 2059196
1786956266893 1715652 3391068 2059196
1786956266926 1715660 3391068 2059196
1786956266960 1716432 3391068 2059196
1786956266991 1716432 3391068 2059196
1786956267022 1716432 3391068 2059196
1786956267051 1716432 3391068 2059196
1786956267080 1716432 3391068 2059196
1786956267110 1716432 3391068 2059196
1786956267140 1716432 3391068 2059196
1786956267169 1716432 3391068 2059196
1786956267201 1716604 3391068 2059196
1786956267230 1716604 3391068 2059196
1786956267260 1716604 3391068 2059196
1786956267290 1716604 3391068 2059196
1786956267318 1716604 3391068 2059196
1786956267348 1716604 3391068 2059196
1786956267376 1716604 3391068 2059196
1786956267406 1716604 3391068 2059196
1786956267437 1716604 3391068 2059196
1786956267468 1716604 3391068 2059196
1786956267500 1716608 3391068 2059196
1786956267530 1716608 3391068 2059196
1786956267560 1716608 3391068 2059196
1786956267590 1716608 3391068 2059196
1786956267623 1716608 3391068 2059196
1786956267654 1716608 3391068 2059196
1786956267684 1716608 3391068 2059196
1786956267713 1716608 3391068 2059196
1786956267746 1716608 3391068 2059196
1786956267777 1716608 3391068 2059196
1786956267807 1716608 3391068 2059196
1786956267837 1716608 3391068 2059196
1786956267869 1716608 3391068 2059196
1786956267899 1716608 3391068 2059196
1786956267930 1716608 3391068 2059196
1786956267960 1716608 3391068 2059196
1786956267991 1716608 3391068 2059196
1786956268022 1716608 3391068 2059196
1786956268052 1716608 3391068 2059196
1786956268085 1716608 3391068 2059196
1786956268117 1716608 3391068 2059196
1786956268146 1716608 3391068 2059196
1786956268179 1716608 3391068 2059196
1786956268210 1716608 3391068 2059196
1786956268241 1716608 3391068 2059196
1786956268273 1716608 3391068 2059196
1786956268303 1716608 3391068 2059196
1786956268335 1716608 3391068 2059196
1786956268366 1716608 3391068 2059196
1786956268398 1716608 3391068 2059196
1786956268429 1716608 3391068 2059196
1786956268463 1716608 3391068 2059196
1786956268494 1716608 3391068 2059196
1786956268528 1716608 3391068 2059196
1786956268559 1716608 3391068 2059196
1786956268589 1716608 3391068 2059196
1786956268619 1716608 3391068 2059196
1786956268653 1716608 3391068 2059196
1786956268684 1716608 3391068 2059196
1786956268714 1716608 3391068 2059196
1786956268744 1716608 3391068 2059196
1786956268777 1716608 3391068 2059196
1786956268808 1716608 3391068 2059196
1786956268837 1716608 3391068 2059196
1786956268868 1716608 3391068 2059196
1786956268900 1716608 3391068 2059196
1786956268931 1716608 3391068 2059196
1786956268961 1716608 3391068 2059196
1786956268990 1716608 3391068 2059196
1786956269021 1716608 3391068 2059196
1786956269052 1716608 3391068 2059196
1786956269082 1716608 3391068 2059196
1786956269111 1716608 3391068 2059196
1786956269144 1716608 3391068 2059196
1786956269177 1716608 3391068 2059196
1786956269209 1716608 3391068 2059196
1786956269238 1716608 3391068 2059196
1786956269269 1716608 3391068 2059196
1786956269300 1716608 3391068 2059196
1786956269329 1716608 3391068 2059196
1786956269358 1716608 3391068 2059196
1786956269387 1716608 3391068 2059196
1786956269424 1716608 3391068 2059196
1786956269455 1716608 3391068 2059196
1786956269485 1716608 3391068 2059196
1786956269516 1716608 3391068 2059196
1786956269545 1717092 3391068 2059196
1786956269574 1717376 3391068 2059196
1786956269603 1717376 3391068 2059196
1786956269632 1717376 3391068 2059196
1786956269661 1717376 3391068 2059196
1786956269692 1718312 3391068 2059196
1786956269723 1718312 3391068 2059196
1786956269753 1718312 3391068 2059196
1786956269783 1718312 3391068 2059196
1786956269812 1718312 3391068 2059196
1786956269845 1718312 3391068 2059196
1786956269876 1718312 3391068 2059196
1786956269906 1718480 3391068 2059196
1786956269935 1718484 3391068 2059196
1786956269964 1718484 3391068 2059196
1786956269997 1718484 3391068 2059196
1786956270029 1718484 3391068 2059196
1786956270060 1718484 3391068 2059196
1786956270090 1718484 3391068 2059196
1786956270120 1718484 3391068 2059196
1786956270150 1718484 3391068 2059196
1786956270180 1718488 3391068 2059196
1786956270210 1718488 3391068 2059196
1786956270241 1718488 3391068 2059196
1786956270271 1718504 3391068 2059196
1786956270305 1718512 3391068 2059196
1786956270337 1718516 3391068 2059196
1786956270368 1718516 3391068 2059196
1786956270399 1718516 3391068 2059196
1786956270431 1718516 3391068 2059196
1786956270463 1718516 3391068 2059196
1786956270493 1718516 3391068 2059196
1786956270526 1718516 3391068 2059196
1786956270559 1718516 3391068 2059196
1786956270589 1718516 3391068 2059196
1786956270622 1718516 3391068 2059196
1786956270654 1718516 3391068 2059196
1786956270685 1718516 3391068 2059196
1786956270718 1718516 3391068 2059196
1786956270748 1718516 3391068 2059196
1786956270780 1718516 3391068 2059196
1786956270812 1718516 3391068 2059196
1786956270842 1718516 3391068 2059196
1786956270871 1718516 3391068 2059196
1786956270904 1718516 3391068 2059196
1786956270936 1718516 3391068 2059196
1786956270967 1718516 3391068 2059196
1786956270997 1718516 3391068 2059196
1786956271032 1718516 3391068 2059196
1786956271063 1718516 3391068 2059196
1786956271093 1718516 3391068 2059196
1786956271123 1718516 3391068 2059196
1786956271156 1718516 3391068 2059196
1786956271189 1718516 3391068 2059196
1786956271220 1718516 3391068 2059196
1786956271251 1718516 3391068 2059196
1786956271282 1718516 3391068 2059196
1786956271312 1718516 3391068 2059196
1786956271343 1718516 3391068 2059196
1786956271373 1718516 3391068 2059196
1786956271404 1718516 3391068 2059196
1786956271435 1718516 3391068 2059196
1786956271469 1718516 3391068 2059196
1786956271501 1718516 3391068 2059196
1786956271535 1718516 3391068 2059196
1786956271567 1718516 3391068 2059196
1786956271602 1718516 3391068 2059196
1786956271635 1718516 3391068 2059196
1786956271670 1718516 3391068 2059196
1786956271702 1718516 3391068 2059196
1786956271736 1718516 3391068 2059196
1786956271768 1718516 3391068 2059196
1786956271802 1718516 3391068 2059196
1786956271833 1718516 3391068 2059196
1786956271864 1718516 3391068 2059196
1786956271898 1718516 3391068 2059196
1786956271933 1718516 3391068 2059196
1786956271966 1718516 3391068 2059196
1786956271999 1718516 3391068 2059196
1786956272032 1718516 3391068 2059196
1786956272065 1718516 3391068 2059196
1786956272096 1718516 3391068 2059196
1786956272127 1718516 3391068 2059196
1786956272159 1718516 3391068 2059196
1786956272190 1718516 3391068 2059196
1786956272222 1718516 3391068 2059196
1786956272253 1718516 3391068 2059196
1786956272284 1718516 3391068 2059196
1786956272316 1718516 3391068 2059196
1786956272347 1718516 3391068 2059196
1786956272379 1718516 3391068 2059196
1786956272412 1718516 3391068 2059196
1786956272446 1718516 3391068 2059196
1786956272479 1718528 3391068 2059196
1786956272512 1718528 3391068 2059196
1786956272544 1718528 3391068 2059196
1786956272576 1718528 3391068 2059196
1786956272609 1718528 3391068 2059196
1786956272642 1718528 3391068 2059196
1786956272674 1718528 3391068 2059196
1786956272703 1718528 3391068 2059196
1786956272736 1718528 3391068 2059196
1786956272770 1718528 3391068 2059196
1786956272804 1718528 3391068 2059196
1786956272839 1718528 3391068 2059196
1786956272873 1718528 3391068 2059196
1786956272907 1718528 3391068 2059196
1786956272942 1718552 3391068 2059196
1786956272975 1718552 3391068 2059196
1786956273009 1718552 3391068 2059196
1786956273043 1718552 3391068 2059196
1786956273075 1718552 3391068 2059196
1786956273108 1718552 3391068 2059196
1786956273141 1718556 3391068 2059196
1786956273173 1718556 3391068 2059196
1786956273206 1718556 3391068 2059196
1786956273239 1718556 3391068 2059196
1786956273272 1718556 3391068 2059196
1786956273306 1718556 3391068 2059196
1786956273339 1718556 3391068 2059196
1786956273372 1718556 3391068 2059196
1786956273407 1718556 3391068 2059196
1786956273439 1718556 3391068 2059196
1786956273470 1718556 3391068 2059196
1786956273501 1718556 3391068 2059196
1786956273537 1718556 3391068 2059196
1786956273570 1718556 3391068 2059196
1786956273601 1718556 3391068 2059196
1786956273631 1718556 3391068 2059196
1786956273666 1718556 3391068 2059196
1786956273699 1718556 3391068 2059196
1786956273731 1718556 3391068 2059196
1786956273764 1718556 3391068 2059196
1786956273797 1718556 3391068 2059196
1786956273829 1718556 3391068 2059196
1786956273863 1718556 3391068 2059196
1786956273897 1718556 3391068 2059196
1786956273931 1718556 3391068 2059196
1786956273964 1718556 3391068 2059196
1786956273998 1718556 3391068 2059196
1786956274030 1718556 3391068 2059196
1786956274063 1718556 3391068 2059196
1786956274097 1718560 3391068 2059196
1786956274131 1718560 3391068 2059196
1786956274164 1718560 3391068 2059196
1786956274196 1718560 3391068 2059196
1786956274231 1718560 3391068 2059196
1786956274264 1718560 3391068 2059196
1786956274297 1718560 3391068 2059196
1786956274330 1718560 3391068 2059196
1786956274363 1718560 3391068 2059196
1786956274395 1718560 3391068 2059196
1786956274427 1718560 3391068 2059196
1786956274460 1718560 3391068 2059196
1786956274494 1718560 3391068 2059196
1786956274526 1718560 3391068 2059196
1786956274558 1718560 3391068 2059196
1786956274592 1718560 3391068 2059196
1786956274624 1718560 3391068 2059196
1786956274657 1718560 3391068 2059196
1786956274690 1718560 3391068 2059196
1786956274723 1718560 3391068 2059196
1786956274756 1718560 3391068 2059196
1786956274790 1718560 3391068 2059196
1786956274820 1718560 3391068 2059196
1786956274851 1718560 3391068 2059196
1786956274882 1718560 3391068 2059196
1786956274914 1718560 3391068 2059196
1786956274944 1718560 3391068 2059196
1786956274973 1718560 3391068 2059196
1786956275006 1743136 3391068 2059196
1786956275042 1743136 3391068 2059196
1786956275076 1743136 3391068 2059196
1786956275110 1743136 3391068 2059196
1786956275142 1743136 3391068 2059196
1786956275175 1743136 3391068 2059196
1786956275206 1743136 3391068 2059196
1786956275238 1743136 3391068 2059196
1786956275269 1743136 3391068 2059196
1786956275303 1743136 3391068 2059196
1786956275337 1743136 3391068 2059196
1786956275372 1743136 3391068 2059196
1786956275404 1743136 3391068 2059196
1786956275438 1743136 3391068 2059196
1786956275470 1743136 3391068 2059196
1786956275503 1743140 3391068 2059196
1786956275535 1743140 3391068 2059196
1786956275568 1743140 3391068 2059196
1786956275601 1743140 3391068 2059196
1786956275635 1743140 3391068 2059196
1786956275668 1743140 3391068 2059196
1786956275699 1743140 3391068 2059196
1786956275733 1743140 3391068 2059196
1786956275766 1743140 3391068 2059196
1786956275799 1743140 3391068 2059196
1786956275832 1743144 3391068 2059196
1786956275866 1743152 3391068 2059196
1786956275899 1743156 3391068 2059196
1786956275932 1743156 3391068 2059196
1786956275965 1743156 3391068 2059196
1786956275999 1743156 3391068 2059196
1786956276032 1743160 3391068 2059196
1786956276064 1743160 3391068 2059196
1786956276097 1743160 3391068 2059196
1786956276131 1743164 3391068 2059196
1786956276165 1743164 3391068 2059196
1786956276197 1743164 3391068 2059196
1786956276230 1743164 3391068 2059196
1786956276266 1743164 3391068 2059196
1786956276298 1743164 3391068 2059196
1786956276328 1743164 3391068 2059196
1786956276359 1743164 3391068 2059196
1786956276393 1743164 3391068 2059196
1786956276424 1743164 3391068 2059196
1786956276453 1743164 3391068 2059196
1786956276483 1743164 3391068 2059196
1786956276516 1743164 3391068 2059196
1786956276547 1743164 3391068 2059196
1786956276577 1743164 3391068 2059196
1786956276607 1743164 3391068 2059196
1786956276640 1743164 3391068 2059196
1786956276670 1743164 3391068 2059196
1786956276701 1743164 3391068 2059196
1786956276731 1743164 3391068 2059196
1786956276764 1743164 3391068 2059196
1786956276799 1743164 3391068 2059196
1786956276833 1743164 3391068 2059196
1786956276866 1743164 3391068 2059196
1786956276897 1743164 3391068 2059196
1786956276931 1743164 3391068 2059196
1786956276963 1743164 3391068 2059196
1786956276996 1743164 3391068 2059196
1786956277028 1743164 3391068 2059196
1786956277062 1743164 3391068 2059196
1786956277096 1743164 3391068 2059196
1786956277128 1743164 3391068 2059196
1786956277158 1743164 3391068 2059196
1786956277189 1743164 3391068 2059196
1786956277223 1743164 3391068 2059196
1786956277255 1743164 3391068 2059196
1786956277286 1743164 3391068 2059196
1786956277320 1743164 3391068 2059196
1786956277354 1743164 3391068 2059196
1786956277386 1743164 3391068 2059196
1786956277420 1743164 3391068 2059196
1786956277452 1743164 3391068 2059196
1786956277482 1743164 3391068 2059196
1786956277516 1743164 3391068 2059196
1786956277548 1743164 3391068 2059196
1786956277579 1743164 3391068 2059196
1786956277610 1743164 3391068 2059196
1786956277641 1743164 3391068 2059196
1786956277671 1743164 3391068 2059196
1786956277701 1743164 3391068 2059196
1786956277732 1743164 3391068 2059196
1786956277762 1743164 3391068 2059196
1786956277792 1743164 3391068 2059196
1786956277822 1743164 3391068 2059196
1786956277856 1743164 3391068 2059196
1786956277889 1743164 3391068 2059196
1786956277921 1743164 3391068 2059196
1786956277955 1743164 3391068 2059196
1786956277987 1743164 3391068 2059196
1786956278021 1743164 3391068 2059196
1786956278055 1743164 3391068 2059196
1786956278087 1743168 3391068 2059196
1786956278120 1743168 3391068 2059196
1786956278152 1743168 3391068 2059196
1786956278184 1743168 3391068 2059196
1786956278217 1743168 3391068 2059196
1786956278248 1743168 3391068 2059196
1786956278281 1743168 3391068 2059196
1786956278311 1743168 3391068 2059196
1786956278345 1743168 3391068 2059196
1786956278377 1743168 3391068 2059196
1786956278410 1743168 3391068 2059196
1786956278441 1743168 3391068 2059196
1786956278473 1743168 3391068 2059196
1786956278504 1743168 3391068 2059196
1786956278536 1743168 3391068 2059196
1786956278568 1743172 3391068 2059196
1786956278599 1743172 3391068 2059196
1786956278632 1743172 3391068 2059196
1786956278663 1743172 3391068 2059196
1786956278693 1743172 3391068 2059196
1786956278726 1743172 3391068 2059196
1786956278759 1743172 3391068 2059196
1786956278790 1743172 3391068 2059196
1786956278820 1743172 3391068 2059196
1786956278853 1743172 3391068 2059196
1786956278886 1743172 3391068 2059196
1786956278917 1743172 3391068 2059196
1786956278947 1743172 3391068 2059196
1786956278981 1743172 3391068 2059196
1786956279013 1743172 3391068 2059196
1786956279044 1743172 3391068 2059196
1786956279074 1743172 3391068 2059196
1786956279108 1743176 3391068 2059196
1786956279140 1743176 3391068 2059196
1786956279171 1743176 3391068 2059196
1786956279204 1743176 3391068 2059196
1786956279238 1743176 3391068 2059196
1786956279269 1743176 3391068 2059196
1786956279300 1743176 3391068 2059196
1786956279330 1743176 3391068 2059196
1786956279367 1743176 3391068 2059196
1786956279400 1743176 3391068 2059196
1786956279432 1743176 3391068 2059196
1786956279464 1743176 3391068 2059196
1786956279496 1743176 3391068 2059196
1786956279528 1743176 3391068 2059196
1786956279560 1743176 3391068 2059196
1786956279591 1743176 3391068 2059196
1786956279622 1743176 3391068 2059196
1786956279655 1743176 3391068 2059196
1786956279691 1743176 3391068 2059196
1786956279725 1743176 3391068 2059196
1786956279756 1743176 3391068 2059196
1786956279787 1743176 3391068 2059196
1786956279823 1743176 3391068 2059196
1786956279855 1743176 3391068 2059196
1786956279887 1743176 3391068 2059196
1786956279921 1743176 3391068 2059196
1786956279954 1743176 3391068 2059196
1786956279986 1743176 3391068 2059196
1786956280018 1743176 3391068 2059196
1786956280050 1743176 3391068 2059196
1786956280082 1743176 3391068 2059196
1786956280113 1743176 3391068 2059196
1786956280145 1743176 3391068 2059196
1786956280179 1743176 3391068 2059196
1786956280213 1743176 3391068 2059196
1786956280246 1743176 3391068 2059196
1786956280279 1743176 3391068 2059196
1786956280314 1743180 3391068 2059196
1786956280349 1743180 3391068 2059196
1786956280381 1743180 3391068 2059196
1786956280412 1743180 3391068 2059196
1786956280442 1743180 3391068 2059196
1786956280476 1743180 3391068 2059196
1786956280507 1743180 3391068 2059196
1786956280536 1743180 3391068 2059196
1786956280566 1743180 3391068 2059196
1786956280605 1767756 3391068 2059196
1786956280640 1767756 3391068 2059196
1786956280674 1694156 3391068 2059196
1786956280708 1694156 3391068 2059196
1786956280740 1694156 3391068 2059196
1786956280772 1694156 3391068 2059196
1786956280804 1694156 3391068 2059196
1786956280835 1694156 3391068 2059196
1786956280866 1694156 3391068 2059196
1786956280901 1694156 3391068 2059196
1786956280935 1694156 3391068 2059196
1786956280967 1694156 3391068 2059196
1786956281001 1694156 3391068 2059196
1786956281034 1694156 3391068 2059196
1786956281066 1694156 3391068 2059196
1786956281099 1694156 3391068 2059196
1786956281132 1694156 3391068 2059196
1786956281165 1694156 3391068 2059196
1786956281199 1694156 3391068 2059196
1786956281231 1694156 3391068 2059196
1786956281264 1694156 3391068 2059196
1786956281297 1694156 3391068 2059196
1786956281331 1694156 3391068 2059196
1786956281364 1694160 3391068 2059196
1786956281396 1694164 3391068 2059196
1786956281431 1694164 3391068 2059196
1786956281464 1694164 3391068 2059196
1786956281497 1694176 3391068 2059196
1786956281530 1694176 3391068 2059196
1786956281564 1694176 3391068 2059196
1786956281598 1694176 3391068 2059196
1786956281632 1694176 3391068 2059196
1786956281664 1694176 3391068 2059196
1786956281697 1694176 3391068 2059196
1786956281733 1694176 3391068 2059196
1786956281766 1694176 3391068 2059196
1786956281799 1694176 3391068 2059196
1786956281830 1694176 3391068 2059196
1786956281865 1694176 3391068 2059196
1786956281897 1694176 3391068 2059196
1786956281930 1694176 3391068 2059196
1786956281964 1694176 3391068 2059196
1786956281998 1694176 3391068 2059196
1786956282029 1694176 3391068 2059196
1786956282062 1694176 3391068 2059196
1786956282095 1712484 3391068 2059196
1786956282129 1712484 3391068 2059196
1786956282163 1712484 3391068 2059196
1786956282196 1712484 3391068 2059196
1786956282230 1712484 3391068 2059196
1786956282262 1712484 3391068 2059196
1786956282295 1712484 3391068 2059196
1786956282328 1712484 3391068 2059196
1786956282362 1712484 3391068 2059196
1786956282396 1712484 3391068 2059196
1786956282430 1712484 3391068 2059196
1786956282463 1712484 3391068 2059196
1786956282497 1712484 3391068 2059196
1786956282530 1712484 3391068 2059196
1786956282564 1712484 3391068 2059196
1786956282597 1712484 3391068 2059196
1786956282630 1712484 3391068 2059196
1786956282664 1712484 3391068 2059196
1786956282697 1712484 3391068 2059196
1786956282731 1712484 3391068 2059196
1786956282764 1712484 3391068 2059196
1786956282797 1712484 3391068 2059196
1786956282831 1712484 3391068 2059196
1786956282864 1712484 3391068 2059196
1786956282897 1712484 3391068 2059196
1786956282930 1712484 3391068 2059196
1786956282964 1712484 3391068 2059196
1786956282998 1712484 3391068 2059196
1786956283031 1712484 3391068 2059196
1786956283065 1712484 3391068 2059196
1786956283098 1712484 3391068 2059196
1786956283132 1712484 3391068 2059196
1786956283165 1712484 3391068 2059196
1786956283199 1712484 3391068 2059196
1786956283232 1712484 3391068 2059196
1786956283265 1712484 3391068 2059196
1786956283298 1712484 3391068 2059196
1786956283332 1712484 3391068 2059196
1786956283366 1712484 3391068 2059196
1786956283398 1712484 3391068 2059196
1786956283432 1712484 3391068 2059196
1786956283465 1712484 3391068 2059196
1786956283498 1712484 3391068 2059196
1786956283531 1712484 3391068 2059196
1786956283564 1712484 3391068 2059196
1786956283598 1712484 3391068 2059196
1786956283631 1712484 3391068 2059196
1786956283664 1712488 3391068 2059196
1786956283697 1712488 3391068 2059196
1786956283730 1712488 3391068 2059196
1786956283763 1712488 3391068 2059196
1786956283792 1712488 3391068 2059196
1786956283826 1712488 3391068 2059196
1786956283859 1712488 3391068 2059196
1786956283890 1712488 3391068 2059196
1786956283921 1712488 3391068 2059196
1786956283956 1712488 3391068 2059196
1786956283990 1712488 3391068 2059196
1786956284023 1712488 3391068 2059196
1786956284057 1712488 3391068 2059196
1786956284090 1712488 3391068 2059196
1786956284122 1712488 3391068 2059196
1786956284156 1712488 3391068 2059196
1786956284189 1712492 3391068 2059196
1786956284222 1712492 3391068 2059196
1786956284256 1712492 3391068 2059196
1786956284288 1712492 3391068 2059196
1786956284319 1712492 3391068 2059196
1786956284355 1712496 3391068 2059196
1786956284388 1712496 3391068 2059196
1786956284420 1712496 3391068 2059196
1786956284453 1712496 3391068 2059196
1786956284489 1712496 3391068 2059196
1786956284522 1712496 3391068 2059196
1786956284553 1712496 3391068 2059196
1786956284587 1712496 3391068 2059196
1786956284620 1712496 3391068 2059196
1786956284653 1712496 3391068 2059196
1786956284685 1712496 3391068 2059196
1786956284721 1712496 3391068 2059196
1786956284753 1712496 3391068 2059196
1786956284787 1712496 3391068 2059196
1786956284819 1712496 3391068 2059196
1786956284855 1712496 3391068 2059196
1786956284888 1712496 3391068 2059196
1786956284921 1712496 3391068 2059196
1786956284955 1712496 3391068 2059196
1786956284988 1712496 3391068 2059196
1786956285023 1712496 3391068 2059196
1786956285055 1712496 3391068 2059196
1786956285090 1712496 3391068 2059196
1786956285124 1712496 3391068 2059196
1786956285158 1712500 3391068 2059196
1786956285192 1712500 3391068 2059196
1786956285223 1712500 3391068 2059196
1786956285257 1712500 3391068 2059196
1786956285291 1712500 3391068 2059196
1786956285323 1712500 3391068 2059196
1786956285357 1712500 3391068 2059196
1786956285391 1712500 3391068 2059196
1786956285426 1712500 3391068 2059196
1786956285459 1712500 3391068 2059196
1786956285492 1712500 3391068 2059196
1786956285525 1737076 3391068 2059196
1786956285558 1737076 3391068 2059196
1786956285591 1737076 3391068 2059196
1786956285624 1737076 3391068 2059196
1786956285657 1737076 3391068 2059196
1786956285691 1737076 3391068 2059196
1786956285723 1737076 3391068 2059196
1786956285756 1737076 3391068 2059196
1786956285789 1737076 3391068 2059196
1786956285824 1737076 3391068 2059196
1786956285856 1737076 3391068 2059196
1786956285890 1737076 3391068 2059196
1786956285924 1737076 3391068 2059196
1786956285959 1737076 3391068 2059196
1786956285993 1737076 3391068 2059196
1786956286025 1737076 3391068 2059196
1786956286057 1737132 3391068 2059196
1786956286091 1756696 3391068 2059196
1786956286122 1771032 3391068 2059196
1786956286156 1785368 3391068 2059196
1786956286188 1816948 3391068 2059196
1786956286225 1890676 3391068 2059196
1786956286258 1817076 3391068 2059196
1786956286289 1817076 3391068 2059196
1786956286323 1694196 3391068 2059196
1786956286355 1694196 3391068 2059196
1786956286388 1694196 3391068 2059196
1786956286421 1694196 3391068 2059196
1786956286453 1694196 3391068 2059196
1786956286482 1694196 3391068 2059196
1786956286517 1694196 3391068 2059196
1786956286550 1694196 3391068 2059196
1786956286585 1694196 3391068 2059196
1786956286618 1694196 3391068 2059196
1786956286650 1694196 3391068 2059196
1786956286684 1694196 3391068 2059196
1786956286717 1694196 3391068 2059196
1786956286748 1694196 3391068 2059196
1786956286780 1694196 3391068 2059196
1786956286812 1694196 3391068 2059196
1786956286844 1694196 3391068 2059196
1786956286878 1694196 3391068 2059196
1786956286911 1694196 3391068 0
1786956286944 1694196 3391068 2059196
1786956286975 1694196 3391068 2059196
1786956287007 1694196 3391068 2059196
1786956287038 1694200 3391068 2059196
1786956287071 1694200 3391068 2059196
1786956287102 1694204 3391068 2059196
1786956287134 1694216 3391068 2059196
1786956287166 1694216 3391068 2059196
1786956287199 1694216 3391068 2059196
1786956287231 1694216 3391068 2059196
1786956287263 1694216 3391068 2059196
1786956287296 1694216 3391068 2059196
1786956287328 1694216 3391068 2059196
1786956287362 1706376 3391068 2059196
1786956287396 1706376 3391068 2059196
1786956287428 1706376 3391068 2059196
1786956287462 1706376 3391068 2059196
1786956287492 1712520 3391068 2059196
1786956287526 1712520 3391068 2059196
1786956287560 1712520 3391068 2059196
1786956287594 1712520 3391068 2059196
1786956287630 1730952 3391068 2059196
1786956287663 1730952 3391068 2059196
1786956287696 1730952 3391068 2059196
1786956287729 1730952 3391068 2059196
1786956287763 1730952 3391068 2059196
1786956287795 1730952 3391068 2059196
1786956287829 1730952 3391068 2059196
1786956287864 1730952 3391068 2059196
1786956287897 1730952 3391068 2059196
1786956287930 1730952 3391068 2059196
1786956287963 1730956 3391068 2059196
1786956287998 1730956 3391068 2059196
1786956288033 1730956 3391068 2059196
1786956288066 1730956 3391068 2059196
1786956288100 1730956 3391068 2059196
1786956288134 1730956 3391068 2059196
1786956288167 1730956 3391068 2059196
1786956288200 1730956 3391068 2059196
1786956288232 1730956 3391068 2059196
1786956288264 1730956 3391068 2059196
1786956288297 1730956 3391068 2059196
1786956288329 1730956 3391068 2059196
1786956288362 1730956 3391068 2059196
1786956288394 1730956 3391068 2059196
1786956288426 1730956 3391068 2059196
1786956288458 1730956 3391068 2059196
1786956288491 1730956 3391068 2059196
1786956288523 1730956 3391068 2059196
1786956288555 1730956 3391068 2059196
1786956288587 1730956 3391068 2059196
1786956288620 1730956 3391068 2059196
1786956288652 1730956 3391068 2059196
1786956288684 1730956 3391068 2059196
1786956288717 1730956 3391068 2059196
1786956288749 1730956 3391068 2059196
1786956288782 1730956 3391068 2059196
1786956288814 1730956 3391068 2059196
1786956288847 1730956 3391068 2059196
1786956288879 1730956 3391068 2059196
1786956288912 1730956 3391068 2059196
1786956288944 1730956 3391068 2059196
1786956288976 1730956 3391068 2059196
1786956289009 1730956 3391068 2059196
1786956289041 1730956 3391068 2059196
1786956289073 1730956 3391068 2059196
1786956289105 1730956 3391068 2059196
1786956289137 1730956 3391068 2059196
1786956289170 1730956 3391068 2059196
1786956289202 1730960 3391068 2059196
1786956289233 1730960 3391068 2059196
1786956289265 1731212 3391068 2059196
1786956289297 1731212 3391068 2059196
1786956289329 1731216 3391068 2059196
1786956289361 1731216 3391068 2059196
1786956289392 1731216 3391068 2059196
1786956289424 1731216 3391068 2059196
1786956289455 1731216 3391068 2059196
1786956289485 1731216 3391068 2059196
1786956289517 1731216 3391068 2059196
1786956289547 1731216 3391068 2059196
1786956289577 1731216 3391068 2059196
1786956289610 1731216 3391068 2059196
1786956289642 1731216 3391068 2059196
1786956289674 1731216 3391068 2059196
1786956289706 1731216 3391068 2059196
1786956289737 1731216 3391068 2059196
1786956289769 1731216 3391068 2059196
1786956289801 1731216 3391068 2059196
1786956289833 1731216 3391068 2059196
1786956289866 1731216 3391068 2059196
1786956289898 1731216 3391068 2059196
1786956289931 1731216 3391068 2059196
1786956289963 1731216 3391068 2059196
1786956289995 1731216 3391068 2059196
1786956290026 1731216 3391068 2059196
1786956290061 1731216 3391068 2059196
1786956290093 1731216 3391068 2059196
1786956290126 1731216 3391068 2059196
1786956290160 1743504 3391068 2059196
1786956290194 1743504 3391068 2059196
1786956290226 1743504 3391068 2059196
1786956290258 1743504 3391068 2059196
1786956290291 1749648 3391068 2059196
1786956290325 1749648 3391068 2059196
1786956290357 1749648 3391068 2059196
1786956290390 1749648 3391068 2059196
1786956290425 1749648 3391068 2059196
1786956290458 1749648 3391068 2059196
1786956290490 1749648 3391068 2059196
1786956290522 1749648 3391068 2059196
1786956290557 1749648 3391068 2059196
1786956290589 1749648 3391068 2059196
1786956290621 1749648 3391068 2059196
1786956290654 1749648 3391068 2059196
1786956290688 1749648 3391068 2059196
1786956290722 1749648 3391068 2059196
1786956290754 1749648 3391068 2059196
1786956290787 1749648 3391068 2059196
1786956290819 1749648 3391068 2059196
1786956290851 1749648 3391068 2059196
1786956290885 1749648 3391068 2059196
1786956290917 1749648 3391068 2059196
1786956290948 1749648 3391068 2059196
1786956290980 1749652 3391068 2059196
1786956291013 1749652 3391068 2059196
1786956291045 1749652 3391068 2059196
1786956291077 1749652 3391068 2059196
1786956291110 1749652 3391068 2059196
1786956291143 1749652 3391068 2059196
1786956291175 1749652 3391068 2059196
1786956291208 1749652 3391068 2059196
1786956291243 1749652 3391068 2059196
1786956291276 1749652 3391068 2059196
1786956291307 1749652 3391068 2059196
1786956291340 1749652 3391068 2059196
1786956291374 1749652 3391068 2059196
1786956291407 1749652 3391068 2059196
1786956291440 1749652 3391068 2059196
1786956291471 1749652 3391068 2059196
1786956291506 1749652 3391068 2059196
1786956291539 1749652 3391068 2059196
1786956291570 1749652 3391068 2059196
1786956291602 1749652 3391068 2059196
1786956291635 1749652 3391068 2059196
1786956291669 1749652 3391068 2059196
1786956291702 1749652 3391068 2059196
1786956291733 1749652 3391068 2059196
1786956291764 1749652 3391068 2059196
1786956291796 1749652 3391068 2059196
1786956291828 1754936 3391068 2059196
1786956291859 1769272 3391068 2059196
1786956291890 1822520 3391068 2059196
1786956291928 1847956 3391068 2059196
1786956291961 1847956 3391068 2059196
1786956291993 1749780 3391068 2059196
1786956292025 1749780 3391068 2059196
1786956292056 1749780 3391068 2059196
1786956292088 1749780 3391068 2059196
1786956292119 1749780 3391068 2059196
1786956292150 1749780 3391068 2059196
1786956292181 1749780 3391068 2059196
1786956292215 1749780 3391068 2059196
1786956292246 1749780 3391068 2059196
1786956292278 1749780 3391068 2059196
1786956292309 1749780 3391068 2059196
1786956292341 1749780 3391068 2059196
1786956292373 1749780 3391068 2059196
1786956292404 1749784 3391068 2059196
1786956292436 1749784 3391068 2059196
1786956292466 1749784 3391068 2059196
1786956292498 1749784 3391068 2059196
1786956292529 1749784 3391068 2059196
1786956292563 1749784 3391068 2059196
1786956292595 1749784 3391068 2059196
1786956292627 1749784 3391068 2059196
1786956292660 1749784 3391068 2059196
1786956292693 1749788 3391068 2059196
1786956292725 1749788 3391068 2059196
1786956292757 1749792 3391068 2059196
1786956292791 1749792 3391068 2059196
1786956292824 1749792 3391068 2059196
1786956292856 1749800 3391068 2059196
1786956292890 1749800 3391068 2059196
1786956292924 1749804 3391068 2059196
1786956292957 1750572 3391068 2059196
1786956292991 1750572 3391068 2059196
1786956293024 1750572 3391068 2059196
1786956293056 1751012 3391068 2059196
1786956293091 1757104 3391068 2059196
1786956293124 1757104 3391068 2059196
1786956293156 1757104 3391068 2059196
1786956293189 1769392 3391068 2059196
1786956293222 1769392 3391068 2059196
1786956293255 1769392 3391068 2059196
1786956293287 1769392 3391068 2059196
1786956293320 1769392 3391068 2059196
1786956293353 1769392 3391068 2059196
1786956293385 1769392 3391068 2059196
1786956293417 1769392 3391068 2059196
1786956293450 1769392 3391068 2059196
1786956293484 1769392 3391068 2059196
1786956293517 1769392 3391068 2059196
1786956293550 1769392 3391068 2059196
1786956293587 1769392 3391068 2059196
1786956293621 1769392 3391068 2059196
1786956293654 1769392 3391068 2059196
1786956293688 1769392 3391068 2059196
1786956293724 1787824 3391068 2059196
1786956293759 1787824 3391068 2059196
1786956293792 1787824 3391068 2059196
1786956293827 1787824 3391068 2059196
1786956293861 1787824 3391068 2059196
1786956293895 1787824 3391068 2059196
1786956293929 1787824 3391068 2059196
1786956293961 1787824 3391068 2059196
1786956293994 1787824 3391068 2059196
1786956294026 1787824 3391068 2059196
1786956294060 1787824 3391068 2059196
1786956294093 1787824 3391068 2059196
1786956294125 1787824 3391068 2059196
1786956294158 1787824 3391068 2059196
1786956294191 1787824 3391068 2059196
1786956294224 1787824 3391068 2059196
1786956294258 1787824 3391068 2059196
1786956294291 1787824 3391068 2059196
1786956294325 1787824 3391068 2059196
1786956294358 1787824 3391068 2059196
1786956294392 1787824 3391068 2059196
1786956294426 1787824 3391068 2059196
1786956294460 1787824 3391068 2059196
1786956294494 1787824 3391068 2059196
1786956294528 1787824 3391068 2059196
1786956294562 1787824 3391068 2059196
1786956294596 1787824 3391068 2059196
1786956294629 1787824 3391068 2059196
1786956294661 1787824 3391068 2059196
1786956294693 1787824 3391068 2059196
1786956294726 1787824 3391068 2059196
1786956294760 1787824 3391068 2059196
1786956294792 1787824 3391068 2059196
1786956294824 1787824 3391068 2059196
1786956294855 1787824 3391068 2059196
1786956294887 1787824 3391068 2059196
1786956294921 1787824 3391068 2059196
1786956294954 1787824 3391068 2059196
1786956294985 1787824 3391068 2059196
1786956295018 1787824 3391068 2059196
1786956295050 1787828 3391068 2059196
1786956295081 1787828 3391068 2059196
1786956295113 1787828 3391068 2059196
1786956295143 1787828 3391068 2059196
1786956295173 1787828 3391068 2059196
1786956295204 1787828 3391068 2059196
1786956295236 1787828 3391068 2059196
1786956295266 1787828 3391068 2059196
1786956295297 1787828 3391068 2059196
1786956295330 1787828 3391068 2059196
1786956295362 1787828 3391068 2059196
1786956295396 1787828 3391068 2059196
1786956295428 1787828 3391068 2059196
1786956295460 1787828 3391068 2059196
1786956295491 1787828 3391068 2059196
1786956295523 1787828 3391068 2059196
1786956295555 1787828 3391068 2059196
1786956295587 1787828 3391068 2059196
1786956295618 1787828 3391068 2059196
1786956295653 1787832 3391068 2059196
1786956295685 1787832 3391068 2059196
1786956295718 1787832 3391068 2059196
1786956295753 1787832 3391068 2059196
1786956295789 1787832 3391068 2059196
1786956295822 1787832 3391068 2059196
1786956295855 1787832 3391068 2059196
1786956295892 1787832 3391068 2059196
1786956295925 1787832 3391068 2059196
1786956295957 1787832 3391068 2059196
1786956295991 1787836 3391068 2059196
1786956296026 1787836 3391068 2059196
1786956296060 1787836 3391068 2059196
1786956296094 1787836 3391068 2059196
1786956296127 1787836 3391068 2059196
1786956296161 1787836 3391068 2059196
1786956296192 1787836 3391068 2059196
1786956296225 1787836 3391068 2059196
1786956296257 1812412 3391068 2059196
1786956296291 1812412 3391068 2059196
1786956296324 1812412 3391068 2059196
1786956296355 1812412 3391068 2059196
1786956296391 1812412 3391068 2059196
1786956296425 1812412 3391068 2059196
1786956296457 1812412 3391068 2059196
1786956296490 1812412 3391068 2059196
1786956296524 1812412 3391068 2059196
1786956296558 1812412 3391068 2059196
1786956296592 1812412 3391068 2059196
1786956296626 1812412 3391068 2059196
1786956296659 1812412 3391068 2059196
1786956296690 1812412 3391068 2059196
1786956296723 1812412 3391068 2059196
1786956296757 1812412 3391068 2059196
1786956296789 1812412 3391068 2059196
1786956296822 1818556 3391068 2059196
1786956296855 1818556 3391068 2059196
1786956296888 1818556 3391068 2059196
1786956296921 1818556 3391068 2059196
1786956296954 1818556 3391068 2059196
1786956296987 1818556 3391068 2059196
1786956297019 1818556 3391068 2059196
1786956297051 1818556 3391068 2059196
1786956297086 1818556 3391068 2059196
1786956297120 1818556 3391068 2059196
1786956297152 1818556 3391068 2059196
1786956297184 1818556 3391068 2059196
1786956297216 1757244 3391068 2059196
1786956297249 1764164 3391068 2059196
1786956297281 1776428 3391068 2059196
1786956297312 1788844 3391068 2059196
1786956297344 1818556 3391068 2059196
1786956297379 1818556 3391068 2059196
1786956297413 1757244 3391068 2059196
1786956297446 1757244 3391068 2059196
1786956297475 1766496 3391068 2059196
1786956297508 1780832 3391068 2059196
1786956297541 1806268 3391068 2059196
1786956297573 1807420 3391068 2059196
1786956297604 1821792 3391068 2059196
1786956297635 1855420 3391068 2059196
1786956297671 1757244 3391068 2059196
1786956297704 1757244 3391068 2059196
1786956297736 1757244 3391068 2059196
1786956297768 1757244 3391068 2059196
1786956297800 1757244 3391068 2059196
1786956297830 1757244 3391068 2059196
1786956297862 1757244 3391068 2059196
1786956297892 1757244 3391068 2059196
1786956297923 1757244 3391068 2059196
1786956297957 1757244 3391068 2059196
1786956297989 1757244 3391068 2059196
1786956298021 1757244 3391068 2059196
1786956298052 1757244 3391068 2059196
1786956298084 1757244 3391068 2059196
1786956298115 1757244 3391068 2059196
1786956298146 1757248 3391068 2059196
1786956298178 1757252 3391068 2059196
1786956298209 1757252 3391068 2059196
1786956298240 1757252 3391068 2059196
1786956298272 1757252 3391068 2059196
1786956298305 1757252 3391068 2059196
1786956298337 1757252 3391068 2059196
1786956298368 1757252 3391068 2059196
1786956298402 1757252 3391068 2059196
1786956298434 1757252 3391068 2059196
1786956298466 1757252 3391068 2059196
1786956298498 1757252 3391068 2059196
1786956298533 1757252 3391068 2059196
1786956298566 1757260 3391068 2059196
1786956298597 1757264 3391068 2059196
1786956298629 1757264 3391068 2059196
1786956298661 1757264 3391068 2059196
1786956298692 1757264 3391068 2059196
1786956298725 1757264 3391068 2059196
1786956298757 1757264 3391068 2059196
1786956298787 1757264 3391068 2059196
1786956298818 1781712 3391068 2059196
1786956298851 1781712 3391068 2059196
1786956298882 1781712 3391068 2059196
1786956298912 1781712 3391068 2059196
1786956298945 1800144 3391068 2059196
1786956298980 1800144 3391068 2059196
1786956299013 1800144 3391068 2059196
1786956299046 1800144 3391068 2059196
1786956299080 1800148 3391068 2059196
1786956299114 1800148 3391068 2059196
1786956299146 1800148 3391068 2059196
1786956299179 1800148 3391068 2059196
1786956299215 1800148 3391068 2059196
1786956299248 1800148 3391068 2059196
1786956299281 1800148 3391068 2059196
1786956299319 1800148 3391068 2059196
1786956299353 1800148 3391068 2059196
1786956299386 1800148 3391068 2059196
1786956299419 1800148 3391068 2059196
1786956299455 1800148 3391068 2059196
1786956299488 1800148 3391068 2059196
1786956299520 1800148 3391068 2059196
1786956299551 1800148 3391068 2059196
1786956299583 1800148 3391068 2059196
1786956299615 1800148 3391068 2059196
1786956299647 1800152 3391068 2059196
1786956299679 1800152 3391068 2059196
1786956299711 1800152 3391068 2059196
1786956299743 1800152 3391068 2059196
1786956299775 1800152 3391068 2059196
1786956299809 1800152 3391068 2059196
1786956299841 1800152 3391068 2059196
1786956299873 1800152 3391068 2059196
1786956299905 1800152 3391068 2059196
1786956299939 1800152 3391068 2059196
1786956299972 1800152 3391068 2059196
1786956300004 1800152 3391068 2059196
1786956300038 1800152 3391068 2059196
1786956300071 1800152 3391068 2059196
1786956300102 1800152 3391068 2059196
1786956300134 1800152 3391068 2059196
1786956300165 1800152 3391068 2059196
1786956300196 1800152 3391068 2059196
1786956300227 1800152 3391068 2059196
1786956300259 1800152 3391068 2059196
1786956300291 1800152 3391068 2059196
1786956300326 1800152 3391068 2059196
1786956300359 1800152 3391068 2059196
1786956300392 1800152 3391068 2059196
1786956300425 1800152 3391068 2059196
1786956300457 1800152 3391068 2059196
1786956300490 1800152 3391068 2059196
1786956300523 1800152 3391068 2059196
1786956300556 1800152 3391068 2059196
1786956300588 1800152 3391068 2059196
1786956300621 1800152 3391068 2059196
1786956300654 1800152 3391068 2059196
1786956300686 1800152 3391068 2059196
1786956300720 1800152 3391068 2059196
1786956300753 1800156 3391068 2059196
1786956300786 1800160 3391068 2059196
1786956300818 1800160 3391068 2059196
1786956300851 1800160 3391068 2059196
1786956300883 1800160 3391068 2059196
1786956300914 1800160 3391068 2059196
1786956300946 1800160 3391068 2059196
1786956300977 1800160 3391068 2059196
1786956301012 1800160 3391068 2059196
1786956301047 1800160 3391068 2059196
1786956301080 1800160 3391068 2059196
1786956301112 1800160 3391068 2059196
1786956301143 1800160 3391068 2059196
1786956301175 1800160 3391068 2059196
1786956301205 1800160 3391068 2059196
1786956301238 1800160 3391068 2059196
1786956301271 1800160 3391068 2059196
1786956301305 1800160 3391068 2059196
1786956301338 1800160 3391068 2059196
1786956301371 1800160 3391068 2059196
1786956301404 1812448 3391068 2059196
1786956301439 1812448 3391068 2059196
1786956301473 1812448 3391068 2059196
1786956301506 1812448 3391068 2059196
1786956301541 1830880 3391068 2059196
1786956301575 1830880 3391068 2059196
1786956301608 1830880 3391068 2059196
1786956301641 1830880 3391068 2059196
1786956301677 1830880 3391068 2059196
1786956301711 1830880 3391068 2059196
1786956301744 1830880 3391068 2059196
1786956301779 1830880 3391068 2059196
1786956301812 1830880 3391068 2059196
1786956301846 1830880 3391068 2059196
1786956301879 1830880 3391068 2059196
1786956301914 1830880 3391068 2059196
1786956301947 1830880 3391068 2059196
1786956301980 1830880 3391068 2059196
1786956302014 1830880 3391068 2059196
1786956302047 1830880 3391068 2059196
1786956302081 1830880 3391068 2059196
1786956302113 1760352 3391068 2059196
1786956302146 1760352 3391068 2059196
1786956302179 1760352 3391068 2059196
1786956302214 1760352 3391068 2059196
1786956302248 1772512 3391068 2059196
1786956302278 1784800 3391068 2059196
1786956302308 1797088 3391068 2059196
1786956302341 1821664 3391068 2059196
1786956302376 1821664 3391068 2059196
1786956302407 1821664 3391068 2059196
1786956302438 1833952 3391068 2059196
1786956302475 1840096 3391068 2059196
1786956302508 1840096 3391068 2059196
1786956302540 1840096 3391068 2059196
1786956302573 1858528 3391068 2059196
1786956302607 1858528 3391068 2059196
1786956302640 1858528 3391068 2059196
1786956302674 1858528 3391068 2059196
1786956302711 1858532 3391068 2059196
1786956302746 1858532 3391068 2059196
1786956302779 1858532 3391068 2059196
1786956302812 1858532 3391068 2059196
1786956302847 1858532 3391068 2059196
1786956302881 1858532 3391068 2059196
1786956302915 1858532 3391068 2059196
1786956302952 1858532 3391068 2059196
1786956302986 1784932 3391068 2059196
1786956303021 1799304 3391068 2059196
1786956303053 1813640 3391068 2059196
1786956303084 1827976 3391068 2059196
1786956303117 1864840 3391068 2059196
1786956303148 1879176 3391068 2059196
1786956303178 1891464 3391068 2059196
1786956303210 1905972 3391068 2059196
1786956303247 2029708 3407276 2059196
1786956303282 1858660 3407276 2059196
1786956303314 1858660 3407276 2059196
1786956303348 1760356 3407276 2059196
1786956303379 1760356 3407276 2059196
1786956303410 1760356 3407276 2059196
1786956303441 1760356 3407276 2059196
1786956303472 1760356 3407276 2059196
1786956303503 1760356 3407276 2059196
1786956303537 1760356 3407276 2059196
1786956303568 1760356 3407276 2059196
1786956303601 1760356 3407276 2059196
1786956303633 1760356 3407276 2059196
1786956303665 1760356 3407276 2059196
1786956303697 1760360 3407276 2059196
1786956303728 1760360 3407276 2059196
1786956303760 1760360 3407276 2059196
1786956303792 1760360 3407276 2059196
1786956303824 1760360 3407276 2059196
1786956303857 1760360 3407276 2059196
1786956303890 1760360 3407276 2059196
1786956303921 1760360 3407276 2059196
1786956303954 1760360 3407276 2059196
1786956303988 1760360 3407276 2059196
1786956304020 1760364 3407276 2059196
1786956304053 1760368 3407276 2059196
1786956304085 1760368 3407276 2059196
1786956304118 1760372 3407276 2059196
1786956304151 1760376 3407276 2059196
1786956304184 1760376 3407276 2059196
1786956304217 1760376 3407276 2059196
1786956304250 1760376 3407276 2059196
1786956304283 1781472 3407276 2059196
1786956304316 1806328 3407276 2059196
1786956304348 1824760 3407276 2059196
1786956304381 1849336 3407276 2059196
1786956304416 1849336 3407276 2059196
1786956304448 1849336 3407276 2059196
1786956304481 1849336 3407276 2059196
1786956304516 1855480 3407276 2059196
1786956304549 1855480 3407276 2059196
1786956304581 1855480 3407276 2059196
1786956304614 1855480 3407276 2059196
1786956304647 1855480 3407276 2059196
1786956304680 1855480 3407276 2059196
1786956304713 1855480 3407276 2059196
1786956304746 1867768 3407276 2059196
1786956304779 1867768 3407276 2059196
1786956304811 1867768 3407276 2059196
1786956304843 1867772 3407276 2059196
1786956304879 1867772 3407276 2059196
1786956304911 1867772 3407276 2059196
1786956304944 1867772 3407276 2059196
1786956304977 1867772 3407276 2059196
1786956305011 1803388 3407276 2059196
1786956305044 1803388 3407276 2059196
1786956305076 1803388 3407276 2059196
1786956305109 1803388 3407276 2059196
1786956305142 1803388 3407276 2059196
1786956305175 1803388 3407276 2059196
1786956305208 1803388 3407276 2059196
1786956305241 1803388 3407276 2059196
1786956305274 1803388 3407276 2059196
1786956305307 1803388 3407276 2059196
1786956305340 1803388 3407276 2059196
1786956305374 1803388 3407276 2059196
1786956305408 1803388 3407276 2059196
1786956305442 1803388 3407276 2059196
1786956305476 1803388 3407276 2059196
1786956305510 1803388 3407276 2059196
1786956305544 1803388 3407276 2059196
1786956305578 1803388 3407276 2059196
1786956305612 1803388 3407276 2059196
1786956305645 1803388 3407276 2059196
1786956305678 1803388 3407276 2059196
1786956305710 1803388 3407276 2059196
1786956305743 1803388 3407276 2059196
1786956305776 1803388 3407276 2059196
1786956305808 1803388 3407276 2059196
1786956305840 1803388 3407276 2059196
1786956305873 1803388 3407276 2059196
1786956305906 1803388 3407276 2059196
1786956305939 1803388 3407276 2059196
1786956305972 1803388 3407276 2059196
1786956306006 1803388 3407276 2059196
1786956306040 1803388 3407276 2059196
1786956306074 1803388 3407276 2059196
1786956306108 1803388 3407276 2059196
1786956306142 1803388 3407276 2059196
1786956306174 1803388 3407276 2059196
1786956306208 1803388 3407276 2059196
1786956306241 1803408 3407276 2059196
1786956306274 1803408 3407276 2059196
1786956306308 1803408 3407276 2059196
1786956306340 1803408 3407276 2059196
1786956306371 1803408 3407276 2059196
1786956306402 1803408 3407276 2059196
1786956306433 1803408 3407276 2059196
1786956306462 1803408 3407276 2059196
1786956306497 1803408 3407276 2059196
1786956306529 1803408 3407276 2059196
1786956306560 1803408 3407276 2059196
1786956306591 1803408 3407276 2059196
1786956306624 1803408 3407276 2059196
1786956306656 1803432 3407276 2059196
1786956306689 1803432 3407276 2059196
1786956306724 1803432 3407276 2059196
1786956306757 1803432 3407276 2059196
1786956306788 1803432 3407276 2059196
1786956306822 1803432 3407276 2059196
1786956306854 1809612 3407276 2059196
1786956306884 1818664 3407276 2059196
1786956306918 1837096 3407276 2059196
1786956306952 1837096 3407276 2059196
1786956306985 1837096 3407276 2059196
1786956307018 1849384 3407276 2059196
1786956307052 1867816 3407276 2059196
1786956307087 1867816 3407276 2059196
1786956307120 1867816 3407276 2059196
1786956307154 1867816 3407276 2059196
1786956307191 1892392 3407276 2059196
1786956307225 1892392 3407276 2059196
1786956307260 1892392 3407276 2059196
1786956307295 1892392 3407276 2059196
1786956307330 1892392 3407276 2059196
1786956307363 1892392 3407276 2059196
1786956307396 1892392 3407276 2059196
1786956307434 1892392 3407276 2059196
1786956307467 1892392 3407276 2059196
1786956307500 1892392 3407276 2059196
1786956307532 1892392 3407276 2059196
1786956307566 1892392 3407276 2059196
1786956307599 1892392 3407276 2059196
1786956307630 1892392 3407276 2059196
1786956307660 1781928 3407276 2059196
1786956307692 1781928 3407276 2059196
1786956307720 1794088 3407276 2059196
1786956307753 1812520 3407276 2059196
1786956307788 1817804 3407276 2059196
1786956307818 1830092 3407276 2059196
1786956307851 1842380 3407276 2059196
1786956307884 1877036 3407276 2059196
1786956307917 1877036 3407276 2059196
1786956307951 1877036 3407276 2059196
1786956307985 1877036 3407276 2059196
1786956308022 1901612 3407276 2059196
1786956308055 1901612 3407276 2059196
1786956308086 1901612 3407276 2059196
1786956308120 1901612 3407276 2059196
1786956308155 1901612 3407276 2059196
1786956308190 1901612 3407276 2059196
1786956308222 1901612 3407276 2059196
1786956308253 1901612 3407276 2059196
1786956308286 1901612 3407276 2059196
1786956308317 1901612 3407276 2059196
1786956308347 1901612 3407276 2059196
1786956308379 1901612 3407276 2059196
1786956308411 1901612 3407276 2059196
1786956308446 1901612 3407276 2059196
1786956308478 1901612 3407276 2059196
1786956308510 1901612 3407276 2059196
1786956308547 1901612 3407276 2059196
1786956308581 1901612 3407276 2059196
1786956308613 1901612 3407276 2059196
1786956308641 1901612 3407276 2059196
1786956308670 1909968 3407276 2059196
1786956308702 1924304 3407276 2059196
1786956308733 1938640 3407276 2059196
1786956308764 1952976 3407276 2059196
1786956308797 1981484 3407276 2059196
1786956308834 1920172 3407276 2059196
1786956308866 1920172 3407276 2059196
1786956308898 1920172 3407276 2059196
1786956308930 1920172 3407276 2059196
1786956308960 1920172 3407276 2059196
1786956308992 1920172 3407276 2059196
1786956309023 1920172 3407276 2059196
1786956309052 1920172 3407276 2059196
1786956309085 1920172 3407276 2059196
1786956309116 1920172 3407276 2059196
1786956309149 1920172 3407276 2059196
1786956309181 1920172 3407276 2059196
1786956309217 1920172 3407276 2059196
1786956309252 1800364 3407276 2059196
1786956309287 1800364 3407276 2059196
1786956309319 1800364 3407276 2059196
1786956309350 1800364 3407276 2059196
1786956309380 1800364 3407276 2059196
1786956309415 1800364 3407276 2059196
1786956309447 1800364 3407276 2059196
1786956309478 1800364 3407276 2059196
1786956309508 1800364 3407276 2059196
1786956309543 1800364 3407276 2059196
1786956309575 1800364 3407276 2059196
1786956309609 1800368 3407276 2059196
1786956309641 1800368 3407276 2059196
1786956309673 1800376 3407276 2059196
1786956309703 1800444 3407276 2059196
1786956309738 1800444 3407276 2059196
1786956309771 1800444 3407276 2059196
1786956309802 1800448 3407276 2059196
1786956309834 1813796 3407276 2059196
1786956309869 1832228 3407276 2059196
1786956309902 1846400 3407276 2059196
1786956309936 1883268 3407276 2059196
1786956309972 1883268 3407276 2059196
1786956310005 1883268 3407276 2059196
1786956310035 1883272 3407276 2059196
1786956310065 1889416 3407276 2059196
1786956310102 1926280 3407276 2059196
1786956310135 1926280 3407276 2059196
1786956310165 1926280 3407276 2059196
1786956310196 1938568 3407276 2059196
1786956310229 1938568 3407276 2059196
1786956310264 1938568 3407276 2059196
1786956310297 1938568 3407276 2059196
1786956310329 1938568 3407276 2059196
1786956310365 1938568 3407276 2059196
1786956310398 1938568 3407276 2059196
1786956310429 1938568 3407276 2059196
1786956310467 1938568 3407276 2059196
1786956310500 1938568 3407276 2059196
1786956310535 1938568 3407276 2059196
1786956310568 1938568 3407276 2059196
1786956310602 1938568 3407276 2059196
1786956310634 1938568 3407276 2059196
1786956310665 1938568 3407276 2059196
1786956310698 1938568 3407276 2059196
1786956310730 1938568 3407276 2059196
1786956310761 1938568 3407276 2059196
1786956310796 1938568 3407276 2059196
1786956310829 1938568 3407276 2059196
1786956310861 1938568 3407276 2059196
1786956310892 1938568 3407276 2059196
1786956310923 1938568 3407276 2059196
1786956310954 1938568 3407276 2059196
1786956310986 1938568 3407276 2059196
1786956311017 1938568 3407276 2059196
1786956311048 1938568 3407276 2059196
1786956311080 1938568 3407276 2059196
1786956311112 1938568 3407276 2059196
1786956311143 1938568 3407276 2059196
1786956311176 1938568 3407276 2059196
1786956311207 1938568 3407276 2059196
1786956311242 1938568 3407276 2059196
1786956311274 1938568 3407276 2059196
1786956311310 1938568 3407276 2059196
1786956311342 1938568 3407276 2059196
1786956311373 1938568 3407276 2059196
1786956311405 1938568 3407276 2059196
1786956311436 1938568 3407276 2059196
1786956311468 1938568 3407276 2059196
1786956311500 1938568 3407276 2059196
1786956311535 1938568 3407276 2059196
1786956311568 1938568 3407276 2059196
1786956311600 1938568 3407276 2059196
1786956311631 1938568 3407276 2059196
1786956311663 1938568 3407276 2059196
1786956311694 1938568 3407276 2059196
1786956311730 1938568 3407276 2059196
1786956311763 1938568 3407276 2059196
1786956311795 1938568 3407276 2059196
1786956311826 1938568 3407276 2059196
1786956311858 1938568 3407276 2059196
1786956311890 1938568 3407276 2059196
1786956311920 1800460 3407276 2059196
1786956311951 1800460 3407276 2059196
1786956311980 1800460 3407276 2059196
1786956312010 1800460 3407276 2059196
1786956312040 1800460 3407276 2059196
1786956312069 1800460 3407276 2059196
1786956312099 1800460 3407276 2059196
1786956312128 1807664 3407276 2059196
1786956312157 1818764 3407276 2059196
1786956312187 1818764 3407276 2059196
1786956312218 1818764 3407276 2059196
1786956312249 1818764 3407276 2059196
1786956312280 1818764 3407276 2059196
1786956312310 1818764 3407276 2059196
1786956312341 1818764 3407276 2059196
1786956312371 1818764 3407276 2059196
1786956312401 1818764 3407276 2059196
1786956312432 1818764 3407276 2059196
1786956312463 1818764 3407276 2059196
1786956312494 1818764 3407276 2059196
1786956312525 1834600 3407276 2059196
1786956312557 1847948 3407276 2059196
1786956312589 1860236 3407276 2059196
1786956312621 1890956 3407276 2059196
1786956312654 1890956 3407276 2059196
1786956312684 1890956 3407276 2059196
1786956312715 1890956 3407276 2059196
1786956312745 1909392 3407276 2059196
1786956312779 1921684 3407276 2059196
1786956312810 1921684 3407276 2059196
1786956312841 1921684 3407276 2059196
1786956312872 1921684 3407276 2059196
1786956312906 1927828 3407276 2059196
1786956312937 1927828 3407276 2059196
1786956312968 1927828 3407276 2059196
1786956312999 1927828 3407276 2059196
1786956313033 1927828 3407276 2059196
1786956313064 1927828 3407276 2059196
1786956313095 1927828 3407276 2059196
1786956313126 1933968 3407276 2059196
1786956313159 1933972 3407276 2059196
1786956313190 1933972 3407276 2059196
1786956313220 1933972 3407276 2059196
1786956313251 1933972 3407276 2059196
1786956313285 1933972 3407276 2059196
1786956313315 1848080 3407276 2059196
1786956313347 1848080 3407276 2059196
1786956313378 1848080 3407276 2059196
1786956313410 1848080 3407276 2059196
1786956313442 1848080 3407276 2059196
1786956313473 1848080 3407276 2059196
1786956313506 1865064 3407276 2059196
1786956313540 1890200 3407276 2059196
1786956313573 1903248 3407276 2059196
1786956313605 1940116 3407276 2059196
1786956313638 1940116 3407276 2059196
1786956313669 1940116 3407276 2059196
1786956313700 1940116 3407276 2059196
1786956313733 1940116 3407276 2059196
1786956313767 1940116 3407276 2059196
1786956313798 1940116 3407276 2059196
1786956313829 1940116 3407276 2059196
1786956313860 1958548 3407276 2059196
1786956313893 1958548 3407276 2059196
1786956313924 1958548 3407276 2059196
1786956313957 1958548 3407276 2059196
1786956313990 1958548 3407276 2059196
1786956314023 1958548 3407276 2059196
1786956314055 1958548 3407276 2059196
1786956314087 1958548 3407276 2059196
1786956314120 1958548 3407276 2059196
1786956314154 1958548 3407276 2059196
1786956314186 1958548 3407276 2059196
1786956314218 1958548 3407276 2059196
1786956314252 1958548 3407276 2059196
1786956314285 1872656 3407276 2059196
1786956314316 1897104 3407276 2059196
1786956314348 1897104 3407276 2059196
1786956314378 1910068 3407276 2059196
1786956314409 1921660 3407276 2059196
1786956314441 1959220 3407276 2059196
1786956314473 1973556 3407276 2059196
1786956314502 1985844 3407276 2059196
1786956314533 2019984 3407276 2059196
1786956314570 2069140 3445680 2069140
1786956314685 1875728 3445680 2061088
1786956314715 1875728 3445680 2061088
1786956314745 1875728 3445680 2061088
1786956314776 1875728 3445680 2061088
1786956314805 1875728 3445680 2061088
1786956314836 1875732 3445680 2061088
1786956314872 1894032 3445680 2061088
1786956314904 1894032 3445680 2061088
1786956314935 1894032 3445680 2061088
1786956314965 1894032 3445680 2061088
1786956314995 1894032 3445680 2061088
1786956315025 1894032 3445680 2061088
1786956315055 1894036 3445680 2061088
1786956315085 1894036 3445680 0
1786956315115 1894036 3445680 2061088
1786956315146 1894040 3445680 2061088
1786956315176 1894184 3445680 2061088
1786956315207 1894364 3445680 2061088
1786956315237 1820640 3445680 2061088
1786956315266 1444392 3445680 2061088
1786956315296 1444392 3445680 2061088
1786956315325 1444392 3445680 2061088
1786956315354 1444392 3445680 2061088
1786956315384 1444392 3445680 2061088
1786956315413 1444392 3445680 2061088
1786956315442 1444456 3445680 2061088
1786956315472 1444456 3445680 2061088
1786956315501 1444456 3445680 2061088
1786956315531 1444456 3445680 2061088
1786956315560 1444456 3445680 2061088
1786956315589 1444516 3445680 2061088
1786956315619 1444516 3445680 2061088
1786956315649 1444516 3445680 2061088
1786956315678 1444516 3445680 2061088
1786956315707 1444516 3445680 2061088
1786956315738 1444524 3445680 2061088
1786956315771 1444532 3445680 2061088
1786956315802 1444548 3445680 2061088
1786956315835 1444608 3445680 2061088
1786956315868 1444608 3445680 2061088
1786956315899 1444608 3445680 2061088
1786956315929 1443024 3445680 2061088
1786956315959 1443132 3445680 2061088
1786956315988 1443312 3445680 2061088
1786956316018 1443312 3445680 2061088
# peak_kb=2069140
# hwm_kb=2069140
# frozen_ms=0
# polled_vs_hwm_pct=0promille
