# timestamp_ms VmRSS_kB VmPeak_kB VmHWM_kB
1790704780374 229480 2260808 229480
1790704780497 229480 2260808 229480
1790704780524 229480 2260808 229480
1790704780550 229480 2260808 229480
1790704780575 229480 2260808 229480
1790704780601 229480 2260808 229480
1790704780627 229480 2260808 229480
1790704780653 229480 2260808 229480
1790704780679 229480 2260808 229480
1790704780706 229480 2260808 229480
1790704780732 229480 2260808 229480
1790704780758 229480 2260808 229480
1790704780784 229480 2260808 229480
1790704780810 229480 2260808 229480
1790704780837 229480 2260808 229480
1790704780863 229480 2260808 229480
1790704780889 229480 2260808 229480
1790704780914 229480 2260808 229480
1790704780941 229480 2260808 229480
1790704780967 229480 2260808 229480
1790704780993 229480 2260808 229480
1790704781019 229480 2260808 229480
1790704781045 229480 2260808 229480
1790704781070 229480 2260808 229480
1790704781096 229480 2260808 229480
1790704781122 229480 2260808 229480
1790704781148 229480 2260808 229480
1790704781173 229480 2260808 229480
1790704781200 229480 2260808 229480
1790704781226 229480 2260808 229480
1790704781251 229480 2260808 229480
1790704781278 229480 2260808 229480
1790704781304 229480 2260808 229480
1790704781330 229480 2260808 229480
1790704781356 229480 0 229480
1790704781381 229480 2260808 229480
1790704781407 229480 2260808 229480
1790704781432 229480 2260808 229480
1790704781458 229480 2260808 229480
1790704781483 229480 2260808 229480
1790704781510 229480 2260808 229480
1790704781536 229480 2260808 229480
1790704781562 229480 2260808 229480
1790704781588 229480 2260808 229480
1790704781613 229480 2260808 229480
1790704781639 229480 2260808 229480
1790704781665 229480 2260808 229480
1790704781691 229480 2260808 229480
1790704781717 229480 2260808 229480
1790704781743 229480 2260808 229480
1790704781768 229480 2260808 229480
1790704781795 229480 2260808 229480
1790704781821 229480 2260808 229480
1790704781847 229480 2260808 229480
1790704781873 229480 2260808 229480
1790704781899 229480 2260808 229480
1790704781925 229480 2260808 229480
1790704781951 229480 2260808 229480
1790704781977 229480 2260808 229480
1790704782003 229480 2260808 229480
1790704782030 229480 2260808 229480
1790704782056 229480 2260808 229480
1790704782082 229480 2260808 229480
1790704782109 229480 2260808 229480
1790704782135 229480 2260808 229480
1790704782161 229480 2260808 229480
1790704782187 229480 2260808 229480
1790704782213 229480 2260808 229480
1790704782239 229480 2260808 229480
1790704782266 229480 2260808 229480
1790704782292 229480 2260808 229480
1790704782319 229480 2260808 229480
1790704782433 229480 2260808 229480
1790704782547 229480 2260808 229480
1790704782663 230928 2393932 230928
1790704782779 241236 5099508 241236
1790704782819 245292 5099508 245292
1790704782912 245292 5099508 245292
1790704783029 245304 5099508 245304
1790704783122 245304 5099508 245304
1790704783241 245304 5099508 245304
1790704783333 245304 5099508 245304
1790704783426 245304 5099508 245304
1790704783453 245304 5099508 245304
1790704783545 245304 5099508 245304
1790704783666 245304 5099508 245304
1790704783791 245392 5099508 245392
1790704783918 245392 5099508 245392
1790704784045 245620 5099508 245620
1790704784170 245620 5099508 245620
1790704784300 245620 5099508 245620
1790704784428 245620 5099508 245620
1790704784529 245620 5099508 245620
1790704784660 245620 5099508 245620
1790704784793 245628 5099508 245628
1790704784925 245628 5099508 245628
1790704785024 245628 5099508 245628
1790704785153 245628 5099508 245628
1790704785254 245628 5099508 245628
1790704785355 245628 5099508 245628
1790704785455 245628 5099508 245628
1790704785582 245628 5099508 245628
1790704785683 245628 5099508 245628
1790704785811 245636 5099508 245636
1790704785913 245636 5099508 245636
1790704786013 245636 5099508 245636
1790704786143 245636 5099508 245636
1790704786244 245636 5099508 245636
1790704786346 245636 5099508 245636
1790704786445 245636 5099508 245636
1790704786546 245636 5099508 245636
1790704786678 245636 5099508 245636
1790704786779 245644 5099508 245644
1790704786880 245644 5099508 245644
1790704786983 245644 5099508 245644
1790704787085 245644 5099508 245644
1790704787183 245644 5099508 245644
1790704787315 245644 5099508 245644
1790704787417 245644 5099508 245644
1790704787519 245644 5099508 245644
1790704787622 245644 5099508 245644
1790704787650 245644 5099508 245644
1790704787752 245644 5099508 245644
1790704787852 245644 5099508 245644
1790704787984 245644 5099508 245644
1790704788085 245644 5099508 245644
1790704788112 245644 5099508 245644
1790704788215 245644 5099508 245644
1790704788317 245644 5099508 245644
1790704788419 245644 5099508 245644
1790704788523 245644 5099508 245644
1790704788651 245644 5099508 245644
1790704788752 245644 5099508 245644
1790704788854 245652 5099508 245652
1790704788997 245652 5099508 245652
1790704789025 245652 5099508 245652
1790704789053 245652 5099508 245652
1790704789080 245652 5099508 245652
1790704789106 245652 5099508 245652
1790704789133 245652 5099508 245652
1790704789160 245652 5099508 245652
1790704789186 245652 5099508 245652
1790704789213 245652 5099508 245652
1790704789240 245652 5099508 245652
1790704789267 245652 5099508 245652
1790704789293 245652 5099508 245652
1790704789320 245652 5099508 245652
1790704789346 245652 5099508 245652
1790704789373 245652 5099508 245652
1790704789399 245652 5099508 245652
1790704789425 245652 5099508 245652
1790704789452 245652 5099508 245652
1790704789478 245652 5099508 245652
1790704789504 245652 5099508 245652
1790704789532 245652 5099508 245652
1790704789558 245652 5099508 245652
1790704789585 245652 5099508 245652
1790704789611 245652 5099508 245652
1790704789638 245652 5099508 245652
1790704789664 245652 5099508 245652
1790704789691 245652 5099508 245652
1790704789717 245652 5099508 245652
1790704789744 245652 5099508 245652
1790704789771 245652 5099508 245652
1790704789797 245652 5099508 245652
1790704789824 245652 5099508 245652
1790704789850 245652 5099508 245652
1790704789877 245652 5099508 245652
1790704789903 245652 5099508 245652
1790704789930 245652 5099508 245652
1790704789956 245652 5099508 245652
1790704789982 245652 5099508 245652
1790704790009 245652 5099508 245652
1790704790035 245652 5099508 245652
1790704790061 245652 5099508 245652
1790704790088 245652 5099508 245652
1790704790114 245652 5099508 245652
1790704790140 245652 5099508 245652
1790704790166 245652 5099508 245652
1790704790193 245652 5099508 245652
1790704790219 245652 5099508 245652
1790704790246 245652 5099508 245652
1790704790273 245652 5099508 245652
1790704790299 245652 5099508 245652
1790704790326 245652 5099508 245652
1790704790352 245652 5099508 245652
1790704790379 245652 5099508 245652
1790704790406 245652 5099508 245652
1790704790432 245652 5099508 245652
1790704790459 245652 5099508 245652
1790704790485 245652 5099508 245652
1790704790511 245652 5099508 245652
1790704790538 245652 5099508 245652
1790704790565 245652 5099508 245652
1790704790591 245652 5099508 245652
1790704790618 245652 5099508 245652
1790704790645 245652 5099508 245652
1790704790672 245652 5099508 245652
1790704790699 245652 5099508 245652
1790704790725 245652 5099508 245652
1790704790752 245652 5099508 245652
1790704790779 245652 5099508 245652
1790704790806 245652 5099508 245652
1790704790832 245660 5099508 245660
1790704790858 245660 5099508 245660
1790704790885 245660 5099508 245660
1790704790912 245660 5099508 245660
1790704790938 245660 5099508 245660
1790704790965 245660 5099508 245660
1790704790992 245660 5099508 245660
1790704791019 245660 5099508 245660
1790704791046 245660 5099508 245660
1790704791072 245660 5099508 245660
1790704791099 245660 5099508 245660
1790704791125 245660 5099508 245660
1790704791151 245660 5099508 245660
1790704791178 245660 5099508 245660
1790704791204 245660 5099508 245660
1790704791231 245660 5099508 245660
1790704791257 245660 5099508 245660
1790704791284 245660 5099508 245660
1790704791310 245660 5099508 245660
1790704791337 245660 5099508 245660
1790704791364 245660 5099508 245660
1790704791390 245660 5099508 245660
1790704791417 245660 5099508 245660
1790704791444 245660 5099508 245660
1790704791472 245660 5099508 245660
1790704791498 245660 5099508 245660
1790704791525 245660 5099508 245660
1790704791552 245660 5099508 245660
1790704791579 245660 5099508 245660
1790704791605 245660 5099508 245660
1790704791632 245660 5099508 245660
1790704791658 245660 5099508 245660
1790704791685 245660 5099508 245660
1790704791711 245660 5099508 245660
1790704791738 245660 5099508 245660
1790704791764 245660 5099508 245660
1790704791790 245660 5099508 245660
1790704791816 245668 5099508 245668
1790704791843 245668 5099508 245668
1790704791870 245668 5099508 245668
1790704791896 245668 5099508 245668
1790704791923 245668 5099508 245668
1790704791950 245668 5099508 245668
1790704791976 245668 5099508 245668
1790704792002 245668 5099508 245668
1790704792029 245668 5099508 245668
1790704792055 245668 5099508 245668
1790704792082 245668 5099508 245668
1790704792108 245668 5099508 245668
1790704792135 245668 5099508 245668
1790704792161 245668 5099508 245668
1790704792187 245668 5099508 245668
1790704792214 245668 5099508 245668
1790704792241 245668 5099508 245668
1790704792268 245668 5099508 245668
1790704792294 245668 5099508 245668
1790704792321 245668 5099508 245668
1790704792348 245668 5099508 245668
1790704792374 245668 5099508 245668
1790704792400 245668 5099508 245668
1790704792426 245668 5099508 245668
1790704792452 245668 5099508 245668
1790704792479 245668 5099508 245668
1790704792506 245668 5099508 245668
1790704792532 245668 5099508 245668
1790704792559 245668 5099508 245668
1790704792586 245668 5099508 245668
1790704792612 245668 5099508 245668
1790704792639 245668 5099508 245668
1790704792666 245668 5099508 245668
1790704792692 245668 5099508 245668
1790704792719 245668 5099508 245668
1790704792745 245668 5099508 245668
1790704792772 245668 5099508 245668
1790704792799 245668 5099508 245668
1790704792826 245676 5099508 245676
1790704792852 245676 5099508 245676
1790704792878 245676 5099508 245676
1790704792905 245676 5099508 245676
1790704792931 245676 5099508 245676
1790704792958 245676 5099508 245676
1790704792984 245676 5099508 245676
1790704793011 245676 5099508 245676
1790704793037 245676 5099508 245676
1790704793064 245676 5099508 245676
1790704793090 245676 5099508 245676
1790704793117 245676 5099508 245676
1790704793143 245676 5099508 245676
1790704793170 245676 5099508 245676
1790704793196 245676 5099508 245676
1790704793222 245676 5099508 245676
1790704793249 245676 5099508 245676
1790704793275 245676 5099508 245676
1790704793301 245676 5099508 245676
1790704793328 245676 5099508 245676
1790704793354 245676 5099508 245676
1790704793381 245676 5099508 245676
1790704793407 245676 5099508 245676
1790704793433 245676 5099508 245676
1790704793460 245676 5099508 245676
1790704793487 245676 5099508 245676
1790704793513 245676 5099508 245676
1790704793541 245676 5099508 245676
1790704793567 245676 5099508 245676
1790704793594 245676 5099508 245676
1790704793621 245676 5099508 245676
1790704793647 245676 5099508 245676
1790704793674 245676 5099508 245676
1790704793700 245676 5099508 245676
1790704793727 245676 5099508 245676
1790704793753 245676 5099508 245676
1790704793779 245676 5099508 245676
1790704793806 245676 5099508 245676
1790704793833 245676 5099508 245676
1790704793860 245676 5099508 245676
1790704793886 245676 5099508 245676
1790704793913 245676 5099508 245676
1790704793939 245676 5099508 245676
1790704793966 245676 5099508 245676
1790704793994 245676 5099508 245676
1790704794135 245676 5099508 245676
1790704794162 245676 5099508 245676
1790704794189 245676 5099508 245676
1790704794216 245676 5099508 245676
1790704794324 245676 5099508 245676
1790704794432 245676 5099508 245676
1790704794540 245676 5099508 245676
1790704794648 245676 5099508 245676
1790704794757 245676 5099508 245676
1790704794895 245676 5099508 245676
1790704795005 245676 5099508 245676
1790704795113 245676 5099508 245676
1790704795222 245676 5099508 245676
1790704795331 245676 5099508 245676
1790704795358 245676 5099508 245676
1790704795465 245676 5099508 245676
1790704795609 245676 5099508 245676
1790704795715 245676 5099508 245676
1790704795822 245676 5099508 245676
1790704795932 245676 5099508 245676
1790704795959 245676 5099508 245676
1790704795985 245676 5099508 245676
1790704796094 245676 5099508 245676
1790704796203 245676 5099508 245676
1790704796347 245676 5099508 245676
1790704796455 245676 5099508 245676
1790704796565 245676 5099508 245676
1790704796673 245676 5099508 245676
1790704796783 245676 5099508 245676
1790704796930 245676 5099508 245676
1790704797042 245676 5099508 245676
1790704797190 245676 5099508 245676
1790704797302 245676 5099508 245676
1790704797330 245676 5099508 245676
1790704797478 245676 5099508 245676
1790704797628 245676 5099508 245676
1790704797781 245676 5099508 245676
1790704797932 245676 5099508 245676
1790704798084 245676 5099508 245676
1790704798235 245676 5099508 245676
1790704798387 245676 5099508 245676
1790704798545 245676 5099508 245676
1790704798698 245676 5099508 245676
1790704798848 245676 5099508 245676
1790704798958 245676 5099508 245676
1790704799069 245676 5099508 245676
1790704799177 245676 5099508 245676
1790704799290 245676 5099508 245676
1790704799398 245676 5099508 245676
1790704799508 245676 5099508 245676
1790704799661 245676 5099508 245676
1790704799773 245676 5099508 245676
1790704799884 245676 5099508 245676
1790704799994 245676 5099508 245676
1790704800104 245676 5099508 245676
1790704800132 245676 5099508 245676
1790704800241 245676 5099508 245676
1790704800267 245676 5099508 245676
1790704800293 245676 5099508 245676
1790704800319 245676 5099508 245676
1790704800471 245676 5099508 245676
1790704800581 245676 5099508 245676
1790704800694 245676 5099508 245676
1790704800806 245676 5099508 245676
1790704800917 245676 5099508 245676
1790704801029 245676 5099508 245676
1790704801139 245676 5099508 245676
1790704801286 245676 5099508 245676
1790704801393 245676 5099508 245676
1790704801503 245676 5099508 245676
1790704801613 245676 5099508 245676
1790704801727 245676 5099508 245676
1790704803409 245676 5099508 245676
1790704803566 245676 5099508 245676
1790704803677 245676 5099508 245676
1790704803833 245676 5099508 245676
1790704803990 245676 5099508 245676
1790704804150 245676 5099508 245676
1790704804176 245676 5099508 245676
1790704804203 245676 5099508 245676
1790704804230 245676 5099508 245676
1790704804256 245676 5099508 245676
1790704804283 245676 5099508 245676
1790704804310 245676 5099508 245676
1790704804336 245676 5099508 245676
1790704804365 245676 5099508 245676
1790704804393 245676 5099508 245676
1790704804419 245676 5099508 245676
1790704804445 245676 5099508 245676
1790704804472 245676 5099508 245676
1790704804498 245676 5099508 245676
1790704804526 245676 5099508 245676
1790704804554 245676 5099508 245676
1790704804582 245676 5099508 245676
1790704804610 245676 5099508 245676
1790704804776 245676 5099508 245676
1790704804803 245676 5099508 245676
1790704804829 245676 5099508 245676
1790704804856 245676 5099508 245676
1790704804882 245676 5099508 245676
1790704804918 245676 5099508 245676
1790704804946 245676 5099508 245676
1790704804974 245676 5099508 245676
1790704805003 245676 5099508 245676
1790704805030 245676 5099508 245676
1790704805058 245676 5099508 245676
1790704805086 245676 5099508 245676
1790704805115 245676 5099508 245676
1790704805143 245676 5099508 245676
1790704805173 245676 5099508 245676
1790704805201 245676 5099508 245676
1790704805229 245676 5099508 245676
1790704805258 245676 5099508 245676
1790704805286 245676 5099508 245676
1790704805314 245676 5099508 245676
1790704805342 245676 5099508 245676
1790704805371 245676 5099508 245676
1790704805400 245676 5099508 245676
1790704805428 245676 5099508 245676
1790704805458 245676 5099508 245676
1790704805486 245676 5099508 245676
1790704805513 245676 5099508 245676
1790704805684 245676 5099508 245676
1790704805804 245676 5099508 245676
1790704805971 245676 5099508 245676
1790704806250 245676 5099508 245676
1790704806416 245676 5099508 245676
1790704806535 245676 5099508 245676
1790704806562 245676 5099508 245676
1790704806589 245676 5099508 245676
1790704806756 245676 5099508 245676
1790704806785 245676 5099508 245676
1790704806814 245676 5099508 245676
1790704806841 245676 5099508 245676
1790704806868 245676 5099508 245676
1790704806895 245676 5099508 245676
1790704806922 245676 5099508 245676
1790704806948 245676 5099508 245676
1790704806975 245676 5099508 245676
1790704807002 245676 5099508 245676
1790704807028 245676 5099508 245676
1790704807055 245676 5099508 245676
1790704807082 245676 5099508 245676
1790704807107 245676 5099508 245676
1790704807134 245676 5099508 245676
1790704807161 245676 5099508 245676
1790704807188 245676 5099508 245676
1790704807215 245676 5099508 245676
1790704807241 245676 5099508 245676
1790704807268 245676 5099508 245676
1790704807294 245676 5099508 245676
1790704807321 245676 5099508 245676
1790704807348 245676 5099508 245676
1790704807375 245676 5099508 245676
1790704807402 245676 5099508 245676
1790704807428 245676 5099508 245676
1790704807455 245676 5099508 245676
1790704807483 245676 5099508 245676
1790704807509 245676 5099508 245676
1790704807536 245676 5099508 245676
1790704807563 245676 5099508 245676
1790704807590 245676 5099508 245676
1790704807616 245676 5099508 245676
1790704807643 245676 5099508 245676
1790704807670 245676 5099508 245676
1790704807696 245676 5099508 245676
1790704807723 245676 5099508 245676
1790704807749 245676 5099508 245676
1790704807777 245676 5099508 245676
1790704807804 245676 5099508 245676
1790704807831 245676 5099508 245676
1790704807858 245676 5099508 245676
1790704807885 245676 5099508 245676
1790704807912 245676 5099508 245676
1790704807939 245676 5099508 245676
1790704807966 245676 5099508 245676
1790704807992 245676 5099508 245676
1790704808019 245676 5099508 245676
1790704808046 245676 5099508 245676
1790704808072 245676 5099508 245676
1790704808100 245676 5099508 245676
1790704808126 245676 5099508 245676
1790704808153 245676 5099508 245676
1790704808180 245676 5099508 245676
1790704808207 245676 5099508 245676
1790704808234 245676 5099508 245676
1790704808262 245676 5099508 245676
1790704808288 245676 5099508 245676
1790704808315 245676 5099508 245676
1790704808341 245676 5099508 245676
1790704808367 245676 5099508 245676
1790704808395 245676 5099508 245676
1790704808422 245676 5099508 245676
1790704808449 245676 5099508 245676
1790704808475 245676 5099508 245676
1790704808502 245676 5099508 245676
1790704808530 245676 5099508 245676
1790704808556 245676 5099508 245676
1790704808582 245676 5099508 245676
1790704808609 245676 5099508 245676
1790704808636 245676 5099508 245676
1790704808662 245676 5099508 245676
1790704808689 245676 5099508 245676
1790704808715 245676 5099508 245676
1790704808741 245676 5099508 245676
1790704808768 245676 5099508 245676
1790704808794 245676 5099508 245676
1790704808820 245676 5099508 245676
1790704808847 245676 5099508 245676
1790704808873 245676 5099508 245676
1790704808900 245676 5099508 245676
1790704808927 245676 5099508 245676
1790704808954 245676 5099508 245676
1790704808980 245676 5099508 245676
1790704809006 245676 5099508 245676
1790704809034 245676 5099508 245676
1790704809060 245676 5099508 245676
1790704809087 245676 5099508 245676
1790704809113 245676 5099508 245676
1790704809140 245676 5099508 245676
1790704809166 245676 5099508 245676
1790704809193 245676 5099508 245676
1790704809219 245676 5099508 245676
1790704809246 245676 5099508 245676
1790704809273 245676 5099508 245676
1790704809300 245676 5099508 245676
1790704809327 245676 5099508 245676
1790704809354 245676 5099508 245676
1790704809382 245676 5099508 245676
1790704809408 245676 5099508 245676
1790704809435 245676 5099508 245676
1790704809463 245676 5099508 245676
1790704809490 245676 5099508 245676
1790704809517 245676 5099508 245676
1790704809545 245676 5099508 245676
1790704809572 245676 5099508 245676
1790704809598 245676 5099508 245676
1790704809624 245676 5099508 245676
1790704809651 245676 5099508 245676
1790704809679 245676 5099508 245676
1790704809705 245676 5099508 245676
1790704809732 245676 5099508 245676
1790704809758 245676 5099508 245676
1790704809785 245676 5099508 245676
1790704809811 245676 5099508 245676
1790704809838 245676 5099508 245676
1790704809864 245676 5099508 245676
1790704809890 245676 5099508 245676
1790704809917 245676 5099508 245676
1790704809944 245676 5099508 245676
1790704809971 245676 5099508 245676
1790704809998 245676 5099508 245676
1790704810025 245676 5099508 245676
1790704810052 245676 5099508 245676
1790704810080 245676 5099508 245676
1790704810107 245676 5099508 245676
1790704810133 245676 5099508 245676
1790704810160 245676 5099508 245676
1790704810187 245676 5099508 245676
1790704810213 245676 5099508 245676
1790704810240 245676 5099508 245676
1790704810267 245676 5099508 245676
1790704810293 245676 5099508 245676
1790704810320 245676 5099508 245676
1790704810347 245676 5099508 245676
1790704810374 245676 5099508 245676
1790704810401 245676 5099508 245676
1790704810427 245676 5099508 245676
1790704810455 245676 5099508 245676
1790704810481 245676 5099508 245676
1790704810508 245676 5099508 245676
1790704810534 245676 5099508 245676
1790704810561 245676 5099508 245676
1790704810588 245676 5099508 245676
1790704810615 245676 5099508 245676
1790704810641 245676 5099508 245676
1790704810668 245676 5099508 245676
1790704810695 245676 5099508 245676
1790704810722 245676 5099508 245676
1790704810748 245676 5099508 245676
1790704810776 245676 5099508 245676
1790704810803 245676 5099508 245676
1790704810830 245676 5099508 245676
1790704810860 245676 5099508 245676
1790704810887 245676 5099508 245676
1790704810915 245676 5099508 245676
1790704810943 245676 5099508 245676
1790704810972 245676 5099508 245676
1790704810999 245676 5099508 245676
1790704811028 245676 5099508 245676
1790704811056 245676 5099508 245676
1790704811084 245676 5099508 245676
1790704811112 245676 5099508 245676
1790704811140 245676 5099508 245676
1790704811168 245676 5099508 245676
1790704811196 245676 5099508 245676
1790704811224 245676 5099508 245676
1790704811252 245676 5099508 245676
1790704811280 245676 5099508 245676
1790704811308 245676 5099508 245676
1790704811337 245676 5099508 245676
1790704811364 245676 5099508 245676
1790704811391 245676 5099508 245676
1790704811419 245676 5099508 245676
1790704811446 245676 5099508 245676
1790704811475 245676 5099508 245676
1790704811502 245676 5099508 245676
1790704811532 245676 5099508 245676
1790704811559 245676 5099508 245676
1790704811586 245676 5099508 245676
1790704811613 245676 5099508 245676
1790704811640 245676 5099508 245676
1790704811667 245676 5099508 245676
1790704811695 245676 5099508 245676
1790704811722 245676 5099508 245676
1790704811750 245676 5099508 245676
1790704811778 245676 5099508 245676
1790704811805 245676 5099508 245676
1790704811835 245676 5099508 245676
1790704811862 245676 5099508 245676
1790704811890 245676 5099508 245676
1790704811917 245676 5099508 245676
1790704811945 245676 5099508 245676
1790704811973 245676 5099508 245676
1790704812000 245676 5099508 245676
1790704812027 245676 5099508 245676
1790704812055 245676 5099508 245676
1790704812083 245676 5099508 245676
1790704812112 245676 5099508 245676
1790704812139 245676 5099508 245676
1790704812166 245676 5099508 245676
1790704812193 245676 5099508 245676
1790704812221 245676 5099508 245676
1790704812248 245676 5099508 245676
1790704812275 245676 5099508 245676
1790704812303 245676 5099508 245676
1790704812331 245676 5099508 245676
1790704812358 245676 5099508 245676
1790704812386 245676 5099508 245676
1790704812414 245676 5099508 245676
1790704812441 245676 5099508 245676
1790704812467 245676 5099508 245676
1790704812494 245676 5099508 245676
1790704812521 245676 5099508 245676
1790704812547 245676 5099508 245676
1790704812574 245676 5099508 245676
1790704812600 245676 5099508 245676
1790704812627 245676 5099508 245676
1790704812654 245676 5099508 245676
1790704812680 245676 5099508 245676
1790704812707 245676 5099508 245676
1790704812734 245676 5099508 245676
1790704812760 245676 5099508 245676
1790704812787 245676 5099508 245676
1790704812813 245676 5099508 245676
1790704812841 245676 5099508 245676
1790704812868 245676 5099508 245676
1790704812895 245676 5099508 245676
1790704812924 245676 5099508 245676
1790704812953 245676 5099508 245676
1790704812981 245676 5099508 245676
1790704813009 245676 5099508 245676
1790704813036 245676 5099508 245676
1790704813063 245676 5099508 245676
1790704813090 245676 5099508 245676
1790704813117 245676 5099508 245676
1790704813144 245676 5099508 245676
1790704813172 245676 5099508 245676
1790704813199 245676 5099508 245676
1790704813227 245676 5099508 245676
1790704813255 245676 5099508 245676
1790704813283 245676 5099508 245676
1790704813311 245676 5099508 245676
1790704813338 245676 5099508 245676
1790704813366 245676 5099508 245676
1790704813395 245676 5099508 245676
1790704813422 245676 5099508 245676
1790704813448 245676 5099508 245676
1790704813475 245676 5099508 245676
1790704813502 245676 5099508 245676
1790704813529 245676 5099508 245676
1790704813558 245676 5099508 245676
1790704813585 245676 5099508 245676
1790704813616 245676 5099508 245676
1790704813654 245676 5099508 245676
1790704813696 245676 5099508 245676
1790704813724 245676 5099508 245676
1790704813750 245676 5099508 245676
1790704813777 245676 5099508 245676
1790704813806 245676 5099508 245676
1790704813833 245676 5099508 245676
1790704813860 245676 5099508 245676
1790704813887 245676 5099508 245676
1790704813914 245676 5099508 245676
1790704813941 245676 5099508 245676
1790704813967 245676 5099508 245676
1790704813993 245676 5099508 245676
1790704814020 245676 5099508 245676
1790704814049 245676 5099508 245676
1790704814076 245676 5099508 245676
1790704814102 245676 5099508 245676
1790704814131 245676 5099508 245676
1790704814157 245676 5099508 245676
1790704814185 245676 5099508 245676
1790704814211 245676 5099508 245676
1790704814240 245676 5099508 245676
1790704814369 245676 5099508 245676
1790704814497 245676 5099508 245676
1790704814625 245676 5099508 245676
1790704814750 245676 5099508 245676
1790704814844 245676 5099508 245676
1790704814973 245676 5099508 245676
1790704815000 245676 5099508 245676
1790704815027 245676 5099508 245676
1790704815053 245676 5099508 245676
1790704815080 245676 5099508 245676
1790704815176 245676 5099508 245676
1790704815303 245676 5099508 245676
1790704815402 245676 5099508 245676
1790704815528 245676 5099508 245676
1790704815556 245676 5099508 245676
1790704815682 245676 5099508 245676
1790704815812 245676 5099508 245676
1790704815839 245676 5099508 245676
1790704815865 245676 5099508 245676
1790704815892 245676 5099508 245676
1790704815918 245676 5099508 245676
1790704815944 245676 5099508 245676
1790704815971 245676 5099508 245676
1790704815998 245676 5099508 245676
1790704816025 245676 5099508 245676
1790704816051 245676 5099508 245676
1790704816078 245676 5099508 245676
1790704816105 245676 5099508 245676
1790704816131 245676 5099508 245676
1790704816158 245676 5099508 245676
1790704816185 245676 5099508 245676
1790704816211 245676 5099508 245676
1790704816238 245676 5099508 245676
1790704816264 245676 5099508 245676
1790704816291 245676 5099508 245676
1790704816318 245676 5099508 245676
1790704816344 245676 5099508 245676
1790704816370 245676 5099508 245676
1790704816397 245676 5099508 245676
1790704816424 245676 5099508 245676
1790704816450 245676 5099508 245676
1790704816477 245676 5099508 245676
1790704816504 245676 5099508 245676
1790704816532 245676 5099508 245676
1790704816557 245676 5099508 245676
1790704816585 245676 5099508 245676
1790704816611 245676 5099508 245676
1790704816637 245676 5099508 245676
1790704816664 245676 5099508 245676
1790704816691 245676 5099508 245676
1790704816717 245676 5099508 245676
1790704816743 245676 5099508 245676
1790704816770 246044 5253700 246044
1790704816797 253976 5253700 253952
1790704816840 261764 5253700 268792
1790704816880 261764 5253700 268792
1790704816907 261764 5253700 268792
1790704816933 261764 5253700 268792
1790704816960 261764 5253700 268792
1790704816986 261764 5253700 268792
1790704817014 284796 5253700 284776
1790704817055 304952 5253700 304952
1790704817098 304952 5253700 304952
1790704817126 304952 5253700 304952
1790704817153 304952 5253700 304952
1790704817182 315368 5253700 315368
1790704817225 322032 5253700 322032
1790704817270 322032 5253700 322032
1790704817298 322032 5253700 322032
1790704817326 322032 5253700 322032
1790704817354 322032 5253700 322032
1790704817382 342072 5253700 342072
1790704817427 393960 5253700 393952
1790704817471 419644 5253700 419644
1790704817516 438532 5263944 438532
1790704817561 467672 5263944 467672
1790704817608 493096 5263944 493096
1790704817656 505120 5263944 505120
1790704817703 519988 5263944 519988
1790704817753 548712 5395016 548712
1790704817800 555056 5395016 555056
1790704817831 579232 5395016 579232
1790704817879 618128 5395016 618128
1790704817927 634392 5395016 634392
1790704817977 629272 5395016 636824
1790704818009 635068 5395016 636824
1790704818041 647588 5395016 647588
1790704818089 644192 5395016 644168
1790704818120 654444 5395016 654444
1790704818149 672144 5526088 672144
1790704818198 688180 5526088 688180
1790704818247 701820 5526088 701820
1790704818278 716416 5526088 716416
1790704818329 737260 5526088 737260
1790704818380 761528 5526088 761528
1790704818432 775608 5526088 775608
1790704818467 796112 5526088 796112
1790704818519 808332 5526088 808332
1790704818553 818636 5526088 818636
1790704818607 818848 5526088 818848
1790704818640 812680 5892356 820268
1790704818672 902792 5892356 902792
1790704818725 1052296 5892356 1052296
1790704818778 813116 5892356 1150580
1790704818808 899132 5892356 1150580
1790704818838 972544 5892356 1150580
1790704818869 1056516 5920708 1150580
1790704818901 1144580 5920708 1150580
1790704818949 934892 5920708 1150672
1790704818982 998068 5920708 1150672
1790704819013 1065968 5920708 1150672
1790704819043 1151348 5920716 1151348
1790704819076 1191976 6286984 1191976
1790704819123 1329192 6286984 1329192
1790704819173 1466408 6286984 1466408
1790704819220 1186988 6286984 1530016
1790704819248 1190160 6286984 1530016
1790704819279 1195020 6286984 1530016
1790704819310 1196892 6286984 1530016
1790704819340 1197392 6286984 1530016
1790704819371 1197520 6286984 1530016
1790704819402 1197520 6286984 1530016
1790704819433 1197552 6286984 1530016
1790704819465 1199740 6286984 1530016
1790704819496 1199760 6286984 1530016
1790704819526 1199760 6286984 1530016
1790704819556 1199764 6286984 1530016
1790704819587 1199892 6286984 1530016
1790704819617 1200028 6286984 1530016
1790704819648 1200028 6286984 1530016
1790704819679 1200032 6286984 1530016
1790704819708 1200036 6286984 1530016
1790704819738 1201328 6286984 1530016
1790704819769 1201412 6286984 1530016
1790704819799 1201412 6286984 1530016
1790704819829 1201428 6286984 1530016
1790704819862 1201496 6286984 1530016
1790704819894 1201604 6286984 1530016
1790704819926 1201604 6286984 1530016
1790704819960 1201628 6286984 1530016
1790704819990 1201764 6286984 1530016
1790704820023 1201780 6286984 1530016
1790704820055 1201780 6286984 1530016
1790704820087 1201788 6286984 1530016
1790704820118 1201896 6286984 1530016
1790704820151 1201896 6286984 1530016
1790704820183 1201900 6286984 1530016
1790704820214 1201908 6286984 1530016
1790704820246 1202000 6286984 1530016
1790704820281 1202000 6286984 1530016
1790704820316 1202008 6286984 1530016
1790704820347 1202056 6286984 1530016
1790704820380 1202132 6286984 1530016
1790704820411 1202136 6286984 1530016
1790704820444 1202148 6286984 1530016
1790704820476 1202196 6286984 1530016
1790704820508 1202200 6286984 1530016
1790704820540 1202200 6286984 1530016
1790704820572 1202244 6286984 1530016
1790704820604 1202268 6286984 1530016
1790704820636 1202276 6286984 1530016
1790704820668 1202288 6286984 1530016
1790704820699 1202332 6286984 1530016
1790704820729 1202344 6286984 1530016
1790704820761 1202348 6286984 1530016
1790704820793 1202360 6286984 1530016
1790704820826 1202404 6286984 1530016
1790704820858 1202404 6286984 1530016
1790704820889 1202408 6286984 1530016
1790704820919 1202416 6286984 1530016
1790704820952 1202436 6286984 1530016
1790704820985 1202436 6286984 1530016
1790704821017 1202436 6286984 1530016
1790704821049 1202436 6286984 1530016
1790704821083 1202440 6286984 1530016
1790704821118 1202440 6286984 1530016
1790704821149 1202448 6286984 1530016
1790704821183 1202452 6286984 1530016
1790704821215 1202452 6286984 1530016
1790704821247 1202456 6286984 1530016
1790704821279 1202456 6286984 1530016
1790704821312 1202472 6286984 1530016
1790704821344 1202472 6286984 1530016
1790704821377 1202480 6286984 1530016
1790704821408 1202520 6286984 1530016
1790704821439 1202520 6286984 1530016
1790704821474 1202520 6286984 1530016
1790704821505 1202532 6286984 1530016
1790704821537 1202540 6286984 1530016
1790704821572 1202540 6286984 1530016
1790704821603 1202540 6286984 1530016
1790704821636 1202548 6286984 1530016
1790704821667 1202548 6286984 1530016
1790704821700 1202548 6286984 1530016
1790704821733 1202548 6286984 1530016
1790704821764 1202556 6286984 1530016
1790704821797 1202568 6286984 1530016
1790704821831 1202568 6286984 1530016
1790704821865 1202576 6286984 1530016
1790704821897 1202580 6286984 1530016
1790704821931 1202580 6286984 1530016
1790704821962 1202580 6286984 1530016
1790704821994 1202588 6286984 1530016
1790704822027 1202588 6286984 1530016
1790704822060 1202588 6286984 1530016
1790704822092 1202588 6286984 1530016
1790704822124 1202600 6286984 1530016
1790704822157 1202600 6286984 1530016
1790704822192 1202604 6286984 1530016
1790704822224 1202620 6286984 1530016
1790704822256 1202620 6286984 1530016
1790704822289 1202620 6286984 1530016
1790704822321 1202628 6286984 1530016
1790704822348 1202716 6286984 1530016
1790704822380 1202720 6286984 1530016
1790704822413 1202720 6286984 1530016
1790704822446 1202732 6286984 1530016
1790704822478 1202748 6286984 1530016
1790704822510 1202748 6286984 1530016
1790704822543 1202756 6286984 1530016
1790704822575 1202772 6286984 1530016
1790704822608 1202772 6286984 1530016
1790704822641 1202776 6286984 1530016
1790704822672 1202776 6286984 1530016
1790704822705 1202792 6286984 1530016
1790704822739 1202792 6286984 1530016
1790704822773 1202796 6286984 1530016
1790704822805 1202800 6286984 1530016
1790704822837 1202800 6286984 1530016
1790704822872 1202800 6286984 1530016
1790704822903 1202808 6286984 1530016
1790704822936 1202820 6286984 1530016
1790704822970 1202820 6286984 1530016
1790704823003 1202820 6286984 1530016
1790704823035 1202836 6286984 1530016
1790704823067 1202836 6286984 1530016
1790704823100 1202836 6286984 1530016
1790704823133 1202844 6286984 1530016
1790704823165 1202868 6286984 1530016
1790704823199 1202868 6286984 1530016
1790704823232 1202868 6286984 1530016
1790704823264 1202880 6286984 1530016
1790704823298 1202880 6286984 1530016
1790704823331 1202884 6286984 1530016
1790704823362 1202892 6286984 1530016
1790704823393 1203080 6286984 1530016
1790704823427 1203080 6286984 1530016
1790704823460 1203080 6286984 1530016
1790704823492 1203132 6286984 1530016
1790704823527 1203132 6286984 1530016
1790704823561 1203132 6286984 1530016
1790704823594 1203152 6286984 1530016
1790704823628 1203152 6286984 1530016
1790704823663 1203152 6286984 1530016
1790704823696 1203192 6286984 1530016
1790704823730 1203196 6286984 1530016
1790704823764 1203196 6286984 1530016
1790704823795 1203196 6286984 1530016
1790704823827 1203264 6286984 1530016
1790704823862 1203264 6286984 1530016
1790704823894 1203264 6286984 1530016
1790704823925 1203284 6286984 1530016
1790704823959 1203284 6286984 1530016
1790704823992 1203284 6286984 1530016
1790704824025 1203292 6286984 1530016
1790704824056 1203292 6286984 1530016
1790704824091 1203296 6286984 1530016
1790704824122 1203296 6286984 1530016
1790704824154 1203304 6286984 1530016
1790704824189 1203304 6286984 1530016
1790704824221 1203308 6286984 1530016
1790704824254 1203316 6286984 1530016
1790704824287 1203316 6286984 1530016
1790704824321 1203316 6286984 1530016
1790704824353 1203320 6286984 1530016
1790704824385 1203356 6286984 1530016
1790704824418 1203356 6286984 1530016
1790704824450 1203356 6286984 1530016
1790704824482 1203372 6286984 1530016
1790704824513 1203380 6286984 1530016
1790704824545 1203380 6286984 1530016
1790704824579 1203380 6286984 1530016
1790704824611 1203408 6286984 1530016
1790704824642 1203408 6286984 1530016
1790704824672 1203416 6286984 1530016
1790704824703 1203432 6286984 1530016
1790704824733 1203436 6286984 1530016
1790704824767 1203436 6286984 1530016
1790704824800 1203440 6286984 1530016
1790704824830 1203476 6286984 1530016
1790704824862 1203476 6286984 1530016
1790704824892 1203476 6286984 1530016
1790704824922 1203500 6286984 1530016
1790704824954 1203512 6286984 1530016
1790704824987 1203516 6286984 1530016
1790704825018 1203516 6286984 1530016
1790704825050 1203528 6286984 1530016
1790704825081 1203528 6286984 1530016
1790704825113 1203532 6286984 1530016
1790704825143 1203544 6286984 1530016
1790704825176 1203552 6286984 1530016
1790704825209 1203560 6286984 1530016
1790704825241 1203572 6286984 1530016
1790704825275 1203584 6286984 1530016
1790704825308 1203584 6286984 1530016
1790704825340 1203588 6286984 1530016
1790704825372 1203632 6286984 1530016
1790704825406 1203632 6286984 1530016
1790704825439 1203632 6286984 1530016
1790704825470 1203660 6286984 1530016
1790704825505 1203660 6286984 1530016
1790704825539 1203664 6286984 1530016
1790704825570 1203688 6286984 1530016
1790704825601 1203688 6286984 1530016
1790704825632 1203688 6286984 1530016
1790704825662 1203716 6286984 1530016
1790704825693 1203740 6286984 1530016
1790704825727 1203740 6286984 1530016
1790704825761 1203748 6286984 1530016
1790704825793 1203748 6286984 1530016
1790704825823 1203748 6286984 1530016
1790704825853 1203748 6286984 1530016
1790704825884 1203756 6286984 1530016
1790704825916 1203756 6286984 1530016
1790704825946 1203756 6286984 1530016
1790704825980 1203764 6286984 1530016
1790704826012 1203764 6286984 1530016
1790704826043 1203764 6286984 1530016
1790704826073 1203788 6286984 1530016
1790704826107 1203796 6286984 1530016
1790704826140 1203796 6286984 1530016
1790704826173 1203796 6286984 1530016
1790704826205 1203796 6286984 1530016
1790704826238 1203796 6286984 1530016
1790704826271 1203796 6286984 1530016
1790704826303 1203796 6286984 1530016
1790704826336 1203796 6286984 1530016
1790704826370 1203812 6286984 1530016
1790704826402 1203816 6286984 1530016
1790704826433 1203816 6286984 1530016
1790704826463 1203816 6286984 1530016
1790704826494 1203816 6286984 1530016
1790704826525 1203820 6286984 1530016
1790704826557 1203820 6286984 1530016
1790704826589 1203820 6286984 1530016
1790704826621 1203824 6286984 1530016
1790704826656 1203824 6286984 1530016
1790704826689 1203824 6286984 1530016
1790704826719 1203840 6286984 1530016
1790704826753 1203840 6286984 1530016
1790704826787 1203840 6286984 1530016
1790704826819 1203840 6286984 1530016
1790704826851 1203844 6286984 1530016
1790704826884 1203844 6286984 1530016
1790704826917 1203848 6286984 1530016
1790704826949 1203852 6286984 1530016
1790704826984 1203852 6286984 1530016
1790704827016 1203852 6286984 1530016
1790704827049 1203852 6286984 1530016
1790704827082 1203852 6286984 1530016
1790704827115 1203864 6286984 1530016
1790704827146 1203900 6286984 1530016
1790704827180 1203900 6286984 1530016
1790704827213 1203904 6286984 1530016
1790704827245 1203908 6286984 1530016
1790704827277 1203908 6286984 1530016
1790704827310 1203908 6286984 1530016
1790704827342 1203916 6286984 1530016
1790704827376 1203932 6286984 1530016
1790704827409 1203932 6286984 1530016
1790704827441 1203936 6286984 1530016
1790704827472 1203944 6286984 1530016
1790704827504 1203944 6286984 1530016
1790704827537 1203948 6286984 1530016
1790704827567 1203976 6286984 1530016
1790704827599 1203976 6286984 1530016
1790704827632 1203976 6286984 1530016
1790704827664 1203980 6286984 1530016
1790704827695 1203980 6286984 1530016
1790704827726 1203984 6286984 1530016
1790704827758 1203992 6286984 1530016
1790704827790 1204000 6286984 1530016
1790704827823 1204000 6286984 1530016
1790704827855 1204000 6286984 1530016
1790704827887 1204008 6286984 1530016
1790704827918 1204008 6286984 1530016
1790704827948 1204008 6286984 1530016
1790704827979 1204008 6286984 1530016
1790704828010 1204008 6286984 1530016
1790704828043 1204012 6286984 1530016
1790704828075 1204024 6286984 1530016
1790704828106 1204028 6286984 1530016
1790704828138 1204028 6286984 1530016
1790704828168 1204028 6286984 1530016
1790704828199 1204032 6286984 1530016
1790704828232 1204032 6286984 1530016
1790704828264 1204036 6286984 1530016
1790704828295 1204060 6286984 1530016
1790704828326 1204060 6286984 1530016
1790704828356 1204060 6286984 1530016
1790704828388 1204068 6286984 1530016
1790704828419 1204068 6286984 1530016
1790704828449 1204068 6286984 1530016
1790704828480 1204068 6286984 1530016
1790704828510 1204072 6286984 1530016
1790704828540 1204072 6286984 1530016
1790704828571 1204076 6286984 1530016
1790704828601 1204080 6286984 1530016
1790704828632 1204080 6286984 1530016
1790704828662 1204088 6286984 1530016
1790704828693 1204100 6286984 1530016
1790704828723 1204100 6286984 1530016
1790704828753 1204100 6286984 1530016
1790704828785 1204108 6286984 1530016
1790704828818 1204108 6286984 1530016
1790704828852 1204108 6286984 1530016
1790704828884 1204112 6286984 1530016
1790704828917 1204116 6286984 1530016
1790704828949 1204116 6286984 1530016
1790704828982 1204116 6286984 1530016
1790704829014 1204124 6286984 1530016
1790704829046 1204124 6286984 1530016
1790704829079 1204128 6286984 1530016
1790704829109 1204128 6286984 1530016
1790704829142 1204128 6286984 1530016
1790704829177 1204128 6286984 1530016
1790704829210 1204128 6286984 1530016
1790704829241 1204128 6286984 1530016
1790704829274 1204132 6286984 1530016
1790704829308 1204136 6286984 1530016
1790704829339 1204144 6286984 1530016
1790704829369 1204144 6286984 1530016
1790704829399 1204144 6286984 1530016
1790704829430 1204152 6286984 1530016
1790704829460 1204152 6286984 1530016
1790704829490 1204152 6286984 1530016
1790704829521 1204160 6286984 1530016
1790704829551 1204160 6286984 1530016
1790704829583 1204160 6286984 1530016
1790704829614 1204160 6286984 1530016
1790704829647 1204160 6286984 1530016
1790704829681 1204160 6286984 1530016
1790704829715 1204164 6286984 1530016
1790704829748 1204164 6286984 1530016
1790704829782 1204164 6286984 1530016
1790704829815 1204164 6286984 1530016
1790704829846 1206212 6286984 1530016
1790704829878 1206212 6286984 1530016
1790704829910 1206212 6286984 1530016
1790704829942 1206212 6286984 1530016
1790704829974 1206212 6286984 1530016
1790704830006 1206212 6286984 1530016
1790704830037 1206212 6286984 1530016
1790704830069 1206212 6286984 1530016
1790704830104 1206212 6286984 1530016
1790704830137 1206212 6286984 1530016
1790704830168 1206212 6286984 1530016
1790704830199 1206212 6286984 1530016
1790704830231 1206212 6286984 1530016
1790704830264 1206212 6286984 1530016
1790704830297 1206216 6286984 1530016
1790704830329 1206216 6286984 1530016
1790704830362 1206216 6286984 1530016
1790704830395 1206216 6286984 1530016
1790704830426 1206216 6286984 1530016
1790704830456 1206216 6286984 1530016
1790704830487 1206220 6286984 1530016
1790704830518 1206220 6286984 1530016
1790704830549 1206220 6286984 1530016
1790704830581 1206224 6286984 1530016
1790704830613 1206224 6286984 1530016
1790704830644 1206224 6286984 1530016
1790704830674 1206228 6286984 1530016
1790704830707 1206236 6286984 1530016
1790704830740 1206236 6286984 1530016
1790704830774 1206236 6286984 1530016
1790704830807 1206244 6286984 1530016
1790704830841 1206244 6286984 1530016
1790704830875 1206244 6286984 1530016
1790704830907 1206252 6286984 1530016
1790704830939 1206252 6286984 1530016
1790704830970 1206252 6286984 1530016
1790704831000 1206256 6286984 1530016
1790704831033 1206256 6286984 1530016
1790704831066 1206256 6286984 1530016
1790704831099 1206256 6286984 1530016
1790704831131 1206256 6286984 1530016
1790704831165 1206256 6286984 1530016
1790704831198 1206256 6286984 1530016
1790704831230 1206256 6286984 1530016
1790704831261 1206256 6286984 1530016
1790704831296 1206256 6286984 1530016
1790704831329 1206256 6286984 1530016
1790704831361 1206256 6286984 1530016
1790704831392 1206256 6286984 1530016
1790704831423 1206256 6286984 1530016
1790704831456 1206256 6286984 1530016
1790704831489 1206256 6286984 1530016
1790704831520 1206256 6286984 1530016
1790704831552 1206260 6286984 1530016
1790704831585 1206260 6286984 1530016
1790704831616 1206260 6286984 1530016
1790704831647 1206260 6286984 1530016
1790704831678 1206260 6286984 1530016
1790704831709 1206260 6286984 1530016
1790704831739 1206268 6286984 1530016
1790704831770 1206268 6286984 1530016
1790704831800 1206272 6286984 1530016
1790704831833 1206272 6286984 1530016
1790704831865 1206272 6286984 1530016
1790704831897 1206276 6286984 1530016
1790704831928 1206284 6286984 1530016
1790704831959 1206284 6286984 1530016
1790704831989 1206284 6286984 1530016
1790704832019 1206292 6286984 1530016
1790704832050 1206296 6286984 1530016
1790704832080 1206296 6286984 1530016
1790704832110 1206296 6286984 1530016
1790704832140 1206296 6286984 1530016
1790704832171 1206296 6286984 1530016
1790704832202 1206296 6286984 1530016
1790704832233 1206304 6286984 1530016
1790704832267 1206304 6286984 1530016
1790704832298 1206304 6286984 1530016
1790704832331 1206312 6286984 1530016
1790704832363 1206312 6286984 1530016
1790704832394 1206316 6286984 1530016
1790704832424 1206320 6286984 1530016
1790704832455 1206324 6286984 1530016
1790704832489 1206324 6286984 1530016
1790704832521 1206332 6286984 1530016
1790704832551 1206352 6286984 1530016
1790704832584 1206352 6286984 1530016
1790704832618 1206352 6286984 1530016
1790704832649 1206364 6286984 1530016
1790704832681 1206364 6286984 1530016
1790704832712 1206364 6286984 1530016
1790704832742 1206388 6286984 1530016
1790704832773 1206392 6286984 1530016
1790704832803 1206392 6286984 1530016
1790704832833 1206396 6286984 1530016
1790704832864 1206412 6286984 1530016
1790704832898 1206412 6286984 1530016
1790704832930 1206412 6286984 1530016
1790704832961 1206432 6286984 1530016
1790704832992 1206432 6286984 1530016
1790704833022 1206432 6286984 1530016
1790704833052 1206444 6286984 1530016
1790704833083 1206444 6286984 1530016
1790704833113 1206444 6286984 1530016
1790704833144 1206460 6286984 1530016
1790704833175 1206460 6286984 1530016
1790704833205 1206464 6286984 1530016
1790704833238 1209308 6486744 1530016
1790704833269 1209308 6486744 1530016
1790704833300 1209308 6486744 1530016
1790704833331 1209308 6486744 1530016
1790704833361 1209308 6486744 1530016
1790704833391 1209308 6486744 1530016
1790704833421 1209308 6486744 1530016
1790704833451 1209308 6486744 1530016
1790704833482 1217048 6748888 1530016
1790704833514 1217048 6748888 1530016
1790704833545 1217060 6879960 1530016
1790704833575 1221116 7142104 1530016
1790704833605 1221220 7142104 1530016
1790704833636 1221276 7273176 1530016
1790704833669 1221308 7273176 1530016
1790704833701 1221312 7273176 1530016
1790704833734 1221320 7273176 1530016
1790704833766 1221336 7273176 1530016
1790704833797 1221344 7273176 1530016
1790704833828 1221360 7273176 1530016
1790704833859 1221368 7273176 1530016
1790704833890 1221372 7273176 1530016
1790704833921 1221376 7273176 1530016
1790704833954 1221388 7273176 1530016
1790704833985 1221404 7273176 1530016
1790704834016 1221408 7273176 1530016
1790704834047 1221412 7273176 1530016
1790704834078 1221416 7273176 1530016
1790704834109 1221424 7273176 1530016
1790704834141 1221424 7273176 1530016
1790704834173 1221428 7273176 1530016
1790704834204 1221428 7273176 1530016
1790704834236 1221440 7273176 1530016
1790704834267 1221444 7273176 1530016
1790704834298 1221448 7273176 1530016
1790704834330 1221448 7273176 1530016
1790704834362 1221452 7273176 1530016
1790704834393 1221456 7273176 1530016
1790704834425 1221460 7273176 1530016
1790704834456 1221460 7273176 1530016
1790704834489 1221464 7273176 1530016
1790704834522 1221472 7273176 1530016
1790704834554 1221476 7273176 1530016
1790704834585 1221480 7273176 1530016
1790704834617 1221480 7273176 1530016
1790704834649 1221484 7273176 1530016
1790704834680 1221484 7273176 1530016
1790704834713 1221484 7273176 1530016
1790704834745 1221484 7273176 1530016
1790704834776 1221484 7273176 1530016
1790704834806 1221484 7273176 1530016
1790704834839 1221484 7273176 1530016
1790704834872 1221492 7273176 1530016
1790704834904 1221492 7273176 1530016
1790704834935 1221492 7273176 1530016
1790704834967 1221492 7273176 1530016
1790704834997 1221492 7273176 1530016
1790704835028 1221492 7273176 1530016
1790704835059 1221492 7273176 1530016
1790704835090 1221492 7273176 1530016
1790704835122 1221492 7273176 1530016
1790704835154 1221492 7273176 1530016
1790704835187 1221492 7273176 1530016
1790704835220 1221508 7273176 1530016
1790704835252 1221508 7273176 1530016
1790704835284 1221508 7273176 1530016
1790704835316 1221516 7273176 1530016
1790704835348 1221516 7273176 1530016
1790704835380 1221536 7273176 1530016
1790704835411 1221540 7273176 1530016
1790704835442 1221540 7273176 1530016
1790704835475 1221544 7273176 1530016
1790704835507 1221544 7273176 1530016
1790704835538 1221544 7273176 1530016
1790704835570 1221544 7273176 1530016
1790704835602 1221544 7273176 1530016
1790704835635 1221544 7273176 1530016
1790704835667 1221544 7273176 1530016
1790704835699 1221548 7273176 1530016
1790704835730 1221548 7273176 1530016
1790704835761 1221548 7273176 1530016
1790704835792 1221548 7273176 1530016
1790704835825 1221548 7273176 1530016
1790704835857 1221548 7273176 1530016
1790704835888 1221548 7273176 1530016
1790704835919 1221552 7273176 1530016
1790704835952 1221556 7273176 1530016
1790704835984 1221556 7273176 1530016
1790704836016 1221556 7273176 1530016
1790704836047 1221556 7273176 1530016
1790704836080 1221556 7273176 1530016
1790704836112 1221556 7273176 1530016
1790704836143 1221556 7273176 1530016
1790704836175 1221556 7273176 1530016
1790704836208 1221556 7273176 1530016
1790704836240 1221556 7273176 1530016
1790704836273 1221556 7273176 1530016
1790704836305 1221560 7273176 1530016
1790704836338 1221560 7273176 1530016
1790704836370 1221560 7273176 1530016
1790704836402 1221560 7273176 1530016
1790704836434 1221564 7273176 1530016
1790704836466 1221564 7273176 1530016
1790704836499 1221564 7273176 1530016
1790704836532 1221564 7273176 1530016
1790704836564 1221564 7273176 1530016
1790704836596 1221568 7273176 1530016
1790704836627 1221568 7273176 1530016
1790704836660 1221568 7273176 1530016
1790704836692 1221568 7273176 1530016
1790704836724 1221568 7273176 1530016
1790704836755 1221592 7405276 1530016
1790704836787 1221592 7405276 1530016
1790704836817 1221592 7405276 1530016
1790704836847 1221592 7405276 1530016
1790704836877 1221592 7405276 1530016
1790704836907 1221592 7405276 1530016
1790704836937 1221592 7405276 1530016
1790704836968 1221592 7405276 1530016
1790704836998 1221592 7405276 1530016
1790704837028 1223008 7798492 1530016
1790704837058 1223008 7798492 1530016
1790704837089 1225048 7798492 1530016
1790704837120 1226668 8191708 1530016
1790704837151 1226668 8191708 1530016
1790704837181 1226668 8191708 1530016
1790704837211 1226668 8191708 1530016
1790704837242 1226668 8191708 1530016
1790704837272 1226668 8191708 1530016
1790704837303 1226668 8191708 1530016
1790704837333 1226668 8191708 1530016
1790704837363 1226668 8191708 1530016
1790704837394 1226668 8191708 1530016
1790704837424 1226668 8191708 1530016
1790704837454 1226668 8191708 1530016
1790704837485 1226668 8191708 1530016
1790704837515 1226668 8191708 1530016
1790704837546 1226668 8191708 1530016
1790704837576 1226668 8191708 1530016
1790704837606 1226668 8191708 1530016
1790704837636 1226668 8191708 1530016
1790704837666 1226668 8191708 1530016
1790704837697 1226668 8191708 1530016
1790704837727 1226668 8191708 1530016
1790704837757 1226668 8191708 1530016
1790704837787 1226668 8191708 1530016
1790704837818 1226668 8191708 1530016
1790704837848 1226668 8191708 1530016
1790704837878 1226668 8191708 1530016
1790704837909 1226668 8191708 1530016
1790704837940 1226668 8191708 1530016
1790704837971 1226668 8191708 1530016
1790704838002 1226668 8191708 1530016
1790704838032 1226668 8191708 1530016
1790704838062 1226668 8191708 1530016
1790704838092 1226668 8191708 1530016
1790704838123 1226668 8191708 1530016
1790704838153 1226668 8191708 1530016
1790704838184 1226668 8191708 1530016
1790704838214 1226668 8191708 1530016
1790704838245 1226668 8191708 1530016
1790704838274 1226668 8191708 1530016
1790704838305 1226668 8191708 1530016
1790704838335 1226668 8191708 1530016
1790704838365 1226668 8191708 1530016
1790704838396 1226668 8191708 1530016
1790704838426 1226668 8191708 1530016
1790704838456 1226668 8191708 1530016
1790704838487 1226668 8191708 1530016
1790704838517 1226668 8191708 1530016
1790704838548 1226668 8191708 1530016
1790704838578 1226668 8191708 1530016
1790704838608 1226668 8191708 1530016
1790704838639 1226668 8191708 1530016
1790704838669 1226668 8191708 1530016
1790704838699 1226668 8191708 1530016
1790704838729 1226668 8191708 1530016
1790704838760 1226668 8191708 1530016
1790704838790 1226668 8191708 1530016
1790704838821 1226668 8191708 1530016
1790704838851 1226668 8191708 1530016
1790704838882 1226668 8191708 1530016
1790704838912 1226668 8191708 1530016
1790704838943 1226668 8191708 1530016
1790704838974 1226668 8191708 1530016
1790704839004 1226668 8191708 1530016
1790704839035 1226668 8191708 1530016
1790704839065 1226668 8191708 1530016
1790704839095 1226668 8191708 1530016
1790704839126 1226668 8191708 1530016
1790704839156 1226692 8322780 1530016
1790704839187 1226692 8322780 1530016
1790704839218 1226692 8322780 1530016
1790704839249 1226848 8322780 1530016
1790704839280 1226848 8322780 1530016
1790704839311 1226856 8322780 1530016
1790704839341 1226856 8322780 1530016
1790704839372 1226856 8322780 1530016
1790704839402 1226856 8322780 1530016
1790704839432 1226856 8322780 1530016
1790704839462 1226856 8322780 1530016
1790704839493 1226856 8322780 1530016
1790704839523 1226856 8322780 1530016
1790704839554 1226856 8322780 1530016
1790704839584 1226856 8322780 1530016
1790704839614 1226856 8322780 1530016
1790704839645 1226856 8322780 1530016
1790704839675 1226856 8322780 1530016
1790704839705 1226856 8322780 1530016
1790704839735 1226864 8322780 1530016
1790704839765 1227372 8322780 1530016
1790704839796 1227372 8322780 1530016
1790704839827 1227372 8322780 1530016
1790704839858 1227372 8322780 1530016
1790704839888 1231012 8322780 1530016
1790704839919 1231012 8322780 1530016
1790704839950 1231012 8322780 1530016
1790704839980 1231012 8322780 1530016
1790704840010 1231012 8322780 1530016
1790704840041 1231012 8322780 1530016
1790704840073 1231012 8322780 1530016
1790704840103 1231012 8322780 1530016
1790704840133 1231012 8322780 1530016
1790704840164 1231012 8322780 1530016
1790704840195 1231012 8322780 1530016
1790704840225 1231012 8322780 1530016
1790704840255 1231012 8322780 1530016
1790704840286 1231012 8322780 1530016
1790704840316 1231012 8322780 1530016
1790704840347 1231012 8322780 1530016
1790704840378 1231016 8322780 1530016
1790704840409 1231108 8322780 1530016
1790704840439 1231108 8322780 1530016
1790704840470 1231108 8322780 1530016
1790704840501 1231108 8322780 1530016
1790704840531 1231108 8322780 1530016
1790704840562 1231108 8322780 1530016
1790704840593 1231108 8322780 1530016
1790704840624 1231108 8322780 1530016
1790704840654 1231108 8322780 1530016
1790704840685 1231108 8322780 1530016
1790704840716 1231108 8322780 1530016
1790704840746 1231108 8322780 1530016
1790704840777 1231108 8322780 1530016
1790704840807 1232392 8322780 1530016
1790704840838 1234152 8322780 1530016
1790704840872 1234152 8322780 1530016
1790704840903 1234152 8322780 1530016
1790704840933 1234152 8322780 1530016
1790704840964 1234152 8322780 1530016
1790704840995 867964 8322780 1530016
1790704841026 867964 8322780 1530016
1790704841058 867964 8322780 1530016
1790704841090 867964 8322780 1530016
1790704841122 867964 8322780 1530016
1790704841153 867964 8322780 1530016
1790704841184 867964 8322780 1530016
1790704841216 867964 8322780 1530016
1790704841247 867964 8322780 1530016
1790704841280 867964 8322780 1530016
1790704841312 867964 8322780 1530016
1790704841344 867964 8322780 1530016
1790704841377 867964 8322780 1530016
1790704841410 867964 8322780 1530016
1790704841442 867964 8322780 1530016
1790704841474 867964 8322780 1530016
1790704841510 867964 8322780 1530016
1790704841541 867964 8322780 1530016
1790704841573 867964 8322780 1530016
1790704841606 867964 8322780 1530016
1790704841636 867964 8322780 1530016
1790704841669 867964 8322780 1530016
1790704841704 867964 8322780 1530016
1790704841735 867964 8322780 1530016
1790704841765 867964 8322780 1530016
1790704841795 867964 8322780 1530016
1790704841829 867964 8322780 1530016
1790704841860 867964 8322780 1530016
1790704841890 867964 8322780 1530016
1790704841920 867964 8322780 1530016
1790704841950 867964 8322780 1530016
1790704841980 867964 8322780 1530016
1790704842009 867964 8322780 1530016
1790704842039 867964 8322780 1530016
1790704842069 867964 8322780 1530016
1790704842101 867964 8322780 1530016
1790704842131 867964 8322780 1530016
1790704842162 867964 8322780 1530016
1790704842192 867964 8322780 1530016
1790704842223 867964 8322780 1530016
1790704842253 867964 8322780 1530016
1790704842283 867964 8322780 1530016
1790704842313 867964 8322780 1530016
1790704842343 867964 8322780 1530016
1790704842374 867964 8322780 1530016
1790704842404 867964 8322780 1530016
1790704842435 867964 8322780 1530016
1790704842466 867964 8322780 1530016
1790704842497 867964 8322780 1530016
1790704842528 867964 8322780 1530016
1790704842559 867964 8322780 1530016
1790704842589 867964 8322780 1530016
1790704842619 867964 8322780 1530016
1790704842650 867964 8322780 1530016
1790704842680 867964 8322780 1530016
1790704842711 867964 8322780 1530016
1790704842741 867964 8322780 1530016
1790704842772 867964 8322780 1530016
1790704842802 867964 8322780 1530016
1790704842833 867964 8322780 1530016
1790704842864 867964 8322780 1530016
1790704842894 867964 8322780 1530016
1790704842925 867964 8322780 1530016
1790704842956 867964 8322780 1530016
1790704842987 867964 8322780 1530016
1790704843017 868044 8322780 1530016
1790704843048 868120 8322780 1530016
1790704843081 901880 8322780 1530016
1790704843114 889464 8322780 1530016
1790704843148 898012 8322780 1530016
1790704843182 915864 8322780 1530016
1790704843215 928832 8322780 1530016
1790704843250 932068 8322780 1530016
1790704843284 932068 8322780 1530016
1790704843319 968800 8322780 1530016
1790704843350 989672 8322780 1530016
1790704843384 999912 8322780 1530016
1790704843417 983712 8322780 1530016
1790704843451 965276 8322780 1530016
1790704843485 965560 8322780 1530016
1790704843520 1009828 8322780 1530016
1790704843555 1035312 8322780 1530016
1790704843590 1015392 8322780 1530016
1790704843624 1011292 8322780 1530016
1790704843656 1070692 8322780 1530016
1790704843689 1115764 8337460 1530016
1790704843722 1107616 8337460 1530016
1790704843753 1107736 8337460 1530016
1790704843785 1117560 8337460 1530016
1790704843817 1117560 8337460 1530016
1790704843850 1117560 8337460 1530016
1790704843881 1117560 8337460 1530016
1790704843913 1117560 8337460 1530016
1790704843944 1117560 8337460 1530016
1790704843975 1117560 8337460 1530016
1790704844007 1117560 8337460 1530016
1790704844039 1121048 8337460 1530016
1790704844072 1121048 8337460 1530016
1790704844104 1121048 8337460 1530016
1790704844136 1121048 8337460 1530016
1790704844168 1121176 8337460 1530016
1790704844202 1122972 8337460 1530016
1790704844234 1122972 8337460 1530016
1790704844265 1122972 8337460 1530016
1790704844297 1122972 8337460 1530016
1790704844328 1122972 8337460 1530016
1790704844360 1122972 8337460 1530016
1790704844391 1122972 8337460 1530016
1790704844423 1122980 8337460 1530016
1790704844455 1123036 8337460 1530016
1790704844486 1123036 8337460 1530016
1790704844518 1123064 8337460 1530016
1790704844550 1123064 8337460 1530016
1790704844582 1123064 8337460 1530016
1790704844614 1123064 8337460 1530016
1790704844645 1123064 8337460 1530016
1790704844679 1123064 8337460 1530016
1790704844712 1123064 8337460 1530016
1790704844743 1123064 8337460 1530016
1790704844774 1123064 8337460 1530016
1790704844805 1123064 8337460 1530016
1790704844837 1123064 8337460 1530016
1790704844869 1123064 8337460 1530016
1790704844900 1123064 8337460 1530016
1790704844931 1123064 8337460 1530016
1790704844962 1123064 8337460 1530016
1790704844993 1123064 8337460 1530016
1790704845024 1123064 8337460 1530016
1790704845055 1123064 8337460 1530016
1790704845087 1124336 8337460 1530016
1790704845119 1124668 8337460 1530016
1790704845152 1124668 8337460 1530016
1790704845186 1124720 8337460 1530016
1790704845218 1124720 8337460 1530016
1790704845249 1124720 8337460 1530016
1790704845281 1124720 8337460 1530016
1790704845312 1124720 8337460 1530016
1790704845343 1124720 8337460 1530016
1790704845374 1124720 8337460 1530016
1790704845405 1124720 8337460 1530016
1790704845437 1124720 8337460 1530016
1790704845469 1124988 8337460 1530016
1790704845500 1124988 8337460 1530016
1790704845532 1124988 8337460 1530016
1790704845563 1124988 8337460 1530016
1790704845594 1124988 8337460 1530016
1790704845626 1124988 8337460 1530016
1790704845657 1124988 8337460 1530016
1790704845688 1124988 8337460 1530016
1790704845719 1124988 8337460 1530016
1790704845750 1124988 8337460 1530016
1790704845781 1124988 8337460 1530016
1790704845813 1124988 8337460 1530016
1790704845844 1124988 8337460 1530016
1790704845878 1125092 8337460 1530016
1790704845910 1125092 8337460 1530016
1790704845941 1125092 8337460 1530016
1790704845974 1125092 8337460 1530016
1790704846006 1125092 8337460 1530016
1790704846037 1125092 8337460 1530016
1790704846068 1125092 8337460 1530016
1790704846099 1125092 8337460 1530016
1790704846130 1125092 8337460 1530016
1790704846162 1125092 8337460 1530016
1790704846194 1125092 8337460 1530016
1790704846226 1125092 8337460 1530016
1790704846257 1125092 8337460 1530016
1790704846289 1125092 8337460 1530016
1790704846321 1125092 8337460 1530016
1790704846353 1125092 8337460 1530016
1790704846384 1125092 8337460 1530016
1790704846416 1125092 8337460 1530016
1790704846450 1125092 8337460 1530016
1790704846483 1125092 8337460 1530016
1790704846515 1125092 8337460 1530016
1790704846546 1125092 8337460 1530016
1790704846578 1125112 8337460 1530016
1790704846610 1125112 8337460 1530016
1790704846641 1125112 8337460 1530016
1790704846673 1125112 8337460 1530016
1790704846704 1125112 8337460 1530016
1790704846736 1125112 8337460 1530016
1790704846768 1125112 8337460 1530016
1790704846799 1125112 8337460 1530016
1790704846830 1125112 8337460 1530016
1790704846862 1125112 8337460 1530016
1790704846893 1125112 8337460 1530016
1790704846926 1125112 8337460 1530016
1790704846959 1125112 8337460 1530016
1790704846991 1125112 8337460 1530016
1790704847022 1125112 8337460 1530016
1790704847054 1125112 8337460 1530016
1790704847085 1125112 8337460 1530016
1790704847116 1125112 8337460 1530016
1790704847148 1136944 8337460 1530016
1790704847182 1151592 8443976 1530016
1790704847217 1143660 8443976 1530016
1790704847251 1143660 8443976 1530016
1790704847285 1144356 8443976 1530016
1790704847320 1147292 8443976 1530016
1790704847354 1161628 8443976 1530016
1790704847388 1149336 8443976 1530016
1790704847421 1149336 8443976 1530016
1790704847456 1157356 8443976 1530016
1790704847492 1156080 8443976 1530016
1790704847526 1185112 8443976 1530016
1790704847559 1205064 8443976 1530016
1790704847595 1209712 8443976 1530016
1790704847631 1209716 8443976 1530016
1790704847668 1176448 8443976 1530016
1790704847703 1201260 8443976 1530016
1790704847737 1224404 8443976 1530016
1790704847773 1227484 8443976 1530016
1790704847809 1212244 8443976 1530016
1790704847844 1233624 8443976 1530016
1790704847879 1239804 8443976 1530016
1790704847910 1192196 8443976 1530016
1790704847945 1195272 8443976 1530016
1790704847980 1201424 8443976 1530016
1790704848018 1201424 8443976 1530016
1790704848053 1201428 8443976 1530016
1790704848090 1202648 8443976 1530016
1790704848124 1204184 8443976 1530016
1790704848160 1204188 8443976 1530016
1790704848196 1210336 8443976 1530016
1790704848230 1187292 8443976 1530016
1790704848263 1187292 8443976 1530016
1790704848295 1187292 8443976 1530016
1790704848328 1187292 8443976 1530016
1790704848361 1187292 8443976 1530016
1790704848394 1187300 8443976 1530016
1790704848426 1187300 8443976 1530016
1790704848457 1187300 8443976 1530016
1790704848489 1187300 8443976 1530016
1790704848522 1187300 8443976 1530016
1790704848554 1187300 8443976 1530016
1790704848586 1187300 8443976 1530016
1790704848617 1187300 8443976 1530016
1790704848650 1187300 8443976 1530016
1790704848682 1187300 8443976 1530016
1790704848714 1187300 8443976 1530016
1790704848747 1187300 8443976 1530016
1790704848779 1187300 8443976 1530016
1790704848810 1187300 8443976 1530016
1790704848842 1187300 8443976 1530016
1790704848874 1187300 8443976 1530016
1790704848906 1187300 8443976 1530016
1790704848937 1187300 8443976 1530016
1790704848970 1187300 8443976 1530016
1790704849002 1187300 8443976 1530016
1790704849034 1187308 8443976 1530016
1790704849068 1187308 8443976 1530016
1790704849101 1187308 8443976 1530016
1790704849134 1192436 8443976 1530016
1790704849168 1187312 8443976 1530016
1790704849202 1187316 8443976 1530016
1790704849236 1187316 8443976 1530016
1790704849270 1187316 8443976 1530016
1790704849303 1187316 8443976 1530016
1790704849336 1187316 8443976 1530016
1790704849369 1187328 8443976 1530016
1790704849402 1187328 8443976 1530016
1790704849435 1187328 8443976 1530016
1790704849468 1187328 8443976 1530016
1790704849500 1187328 8443976 1530016
1790704849533 1187328 8443976 1530016
1790704849568 1187328 8443976 1530016
1790704849601 1187328 8443976 1530016
1790704849633 1187328 8443976 1530016
1790704849665 1187328 8443976 1530016
1790704849699 1201700 8443976 1530016
1790704849735 1222688 8443976 1530016
1790704849771 1228832 8443976 1530016
1790704849807 1228836 8443976 1530016
1790704849844 1228840 8443976 1530016
1790704849880 1191976 8443976 1530016
1790704849915 1195336 8443976 1530016
1790704849951 1192260 8443976 1530016
1790704849987 1204556 8443976 1530016
1790704850022 1231856 8443976 1530016
1790704850058 1244496 8443976 1530016
1790704850096 1232216 8443976 1530016
1790704850131 1244504 8443976 1530016
1790704850167 1235304 8443976 1530016
1790704850203 1192288 8443976 1530016
1790704850237 1198448 8443976 1530016
1790704850272 1203060 8443976 1530016
1790704850309 1206136 8443976 1530016
1790704850345 1195356 8445384 1530016
1790704850377 1199188 8446920 1530016
1790704850411 1199188 8446920 1530016
1790704850445 1199188 8446920 1530016
1790704850478 1199188 8446920 1530016
1790704850510 1199188 8446920 1530016
1790704850544 1199188 8446920 1530016
1790704850578 1199188 8446920 1530016
1790704850611 1199188 8446920 1530016
1790704850644 1199188 8446920 1530016
1790704850678 1199188 8446920 1530016
1790704850711 1199188 8446920 1530016
1790704850743 1199188 8446920 1530016
1790704850775 1199188 8446920 1530016
1790704850809 1199188 8446920 1530016
1790704850842 1199188 8446920 1530016
1790704850875 1199188 8446920 1530016
1790704850907 1199188 8446920 1530016
1790704850940 1199444 8446920 1530016
1790704850973 1199188 8446920 1530016
1790704851006 1199188 8446920 1530016
1790704851038 1199188 8446920 1530016
1790704851071 1199188 8446920 1530016
1790704851104 1199188 8446920 1530016
1790704851137 1199188 8446920 1530016
1790704851170 1199188 8446920 1530016
1790704851202 1199188 8446920 1530016
1790704851236 1199188 8446920 1530016
1790704851268 1199188 8446920 1530016
1790704851300 1199188 8446920 1530016
1790704851332 1199188 8446920 1530016
1790704851365 1199188 8446920 1530016
1790704851397 1199188 8446920 1530016
1790704851429 1199188 8446920 1530016
1790704851462 1199188 8446920 1530016
1790704851494 1199188 8446920 1530016
1790704851527 1199188 8446920 1530016
1790704851558 1199188 8446920 1530016
1790704851591 1199188 8446920 1530016
1790704851624 1199188 8446920 1530016
1790704851657 1199188 8446920 1530016
1790704851689 1199188 8446920 1530016
1790704851722 1199188 8446920 1530016
1790704851755 1199188 8446920 1530016
1790704851788 1199188 8446920 1530016
1790704851820 1199188 8446920 1530016
1790704851853 1199188 8446920 1530016
1790704851885 1199188 8446920 1530016
1790704851919 1199188 8446920 1530016
1790704851951 1199188 8446920 1530016
1790704851983 1199188 8446920 1530016
1790704852016 1199188 8446920 1530016
1790704852048 1199188 8446920 1530016
1790704852081 1199188 8446920 1530016
1790704852113 1199188 8446920 1530016
1790704852146 1199188 8446920 1530016
1790704852179 1199188 8446920 1530016
1790704852210 1199188 8446920 1530016
1790704852243 1199188 8446920 1530016
1790704852275 1199188 8446920 1530016
1790704852308 1199188 8446920 1530016
1790704852341 1199188 8446920 1530016
1790704852373 1199192 8446920 1530016
1790704852406 1199192 8446920 1530016
1790704852438 1199192 8446920 1530016
1790704852470 1199192 8446920 1530016
1790704852503 1199192 8446920 1530016
1790704852535 1199192 8446920 1530016
1790704852569 1199192 8446920 1530016
1790704852602 1199192 8446920 1530016
1790704852634 1199192 8446920 1530016
1790704852667 1199192 8446920 1530016
1790704852699 1199192 8446920 1530016
1790704852731 1199192 8446920 1530016
1790704852765 1199192 8446920 1530016
1790704852798 1199192 8446920 1530016
1790704852830 1199192 8446920 1530016
1790704852862 1199192 8446920 1530016
1790704852901 1262428 8446920 1530016
1790704852936 1210436 8446920 1530016
1790704852971 1210436 8446920 1530016
1790704853003 1210436 8446920 1530016
1790704853037 1210436 8446920 1530016
1790704853071 1210436 8446920 1530016
1790704853103 1212264 8449992 1530016
1790704853137 1232732 8451528 1530016
1790704853168 1251592 8465352 1530016
1790704853204 1261880 8471496 1530016
1790704853237 1277928 8493000 1530016
1790704853269 1284088 8496072 1530016
1790704853302 1247484 8496072 1530016
1790704853335 1247484 8496072 1530016
1790704853369 1247496 8496072 1530016
1790704853402 1247496 8496072 1530016
1790704853435 1247500 8496072 1530016
1790704853470 1261356 8496072 1530016
1790704853507 1267752 8496072 1530016
1790704853539 1282988 8496072 1530016
1790704853571 1307564 8511432 1530016
1790704853603 1267760 8511432 1530016
1790704853636 1267760 8511432 1530016
1790704853671 1267760 8511432 1530016
1790704853706 1267760 8511432 1530016
1790704853742 1267768 8511432 1530016
1790704853776 1267768 8511432 1530016
1790704853807 1272256 8511432 1530016
1790704853841 1272260 8511432 1530016
1790704853876 1276336 8511432 1530016
1790704853912 1276336 8511432 1530016
1790704853947 1277392 8511432 1530016
1790704853980 1277392 8511432 1530016
1790704854013 1283532 8511432 1530016
1790704854049 1298900 8511432 1530016
1790704854081 1314384 8514504 1530016
1790704854116 1329620 8523720 1530016
1790704854149 1289896 8523720 1530016
1790704854184 1295960 8523720 1530016
1790704854221 1299032 8523720 1530016
1790704854256 1297884 8523720 1530016
1790704854291 1329752 8523720 1530016
1790704854325 1348188 8523720 1530016
1790704854363 1354332 8523720 1530016
1790704854398 1308388 8523720 1530016
1790704854432 1310564 8523720 1530016
1790704854465 1310564 8523720 1530016
1790704854500 1320552 8523720 1530016
1790704854536 1339092 8523720 1530016
1790704854573 1354344 8523720 1530016
1790704854608 1354344 8523720 1530016
1790704854645 1309804 8523720 1530016
1790704854681 1312104 8523720 1530016
1790704854715 1314712 8523720 1530016
1790704854751 1317612 8523720 1530016
1790704854788 1335912 8523720 1530016
1790704854824 1354352 8523720 1530016
1790704854861 1354344 8523720 1530016
1790704854896 1354344 8523720 1530016
1790704854933 1354344 8523720 1530016
1790704854969 1354344 8523720 1530016
1790704855009 1354352 8523720 1530016
1790704855045 1354352 8523720 1530016
1790704855081 1373860 8549320 1530016
1790704855118 1403100 8549320 1530016
1790704855155 1430860 8549320 1530016
1790704855194 1430908 8549320 1530016
1790704855230 1394052 8549320 1530016
1790704855265 1442796 8549320 1530016
1790704855302 1403312 8549320 1530016
1790704855337 1429576 8549320 1530016
1790704855376 1401944 8549320 1530016
1790704855412 1435736 8549320 1530016
1790704855450 1454172 8549320 1530016
1790704855486 1454896 8614856 1530016
1790704855526 1475604 8614856 1530016
1790704855564 1476296 8614856 1530016
1790704855603 1415608 8614856 1530016
1790704855640 1470184 8614856 1530016
1790704855678 1499836 8614856 1530016
1790704855746 1413952 8614856 1530016
1790704855786 1413956 8614856 1530016
1790704855823 1416244 8614856 1530016
1790704855860 1417544 8614856 1530016
1790704855897 1429776 8614856 1530016
1790704855936 1414412 8614856 1530016
1790704855973 1426704 8614856 1530016
1790704856013 1426708 8614856 1530016
1790704856047 1420564 8614856 1530016
1790704856084 1426708 8614856 1530016
1790704856121 1414416 8614856 1530016
1790704856158 1442076 8614856 1530016
1790704856195 1414424 8614856 1530016
1790704856234 1414424 8614856 1530016
1790704856271 1414424 8614856 1530016
1790704856307 1414428 8614856 1530016
1790704856344 1414428 8614856 1530016
1790704856381 1414436 8614856 1530016
1790704856420 1414440 8614856 1530016
1790704856458 1414440 8614856 1530016
1790704856495 1445168 8614856 1530016
1790704856530 1463656 8614856 1530016
1790704856568 1482596 8614856 1530016
1790704856607 1447780 8614856 1530016
1790704856646 1464168 8614856 1530016
1790704856684 1482612 8614856 1530016
1790704856721 1458044 8614856 1530016
1790704856761 1427316 8614856 1530016
1790704856799 1427320 8614856 1530016
1790704856839 1427320 8614856 1530016
1790704856877 1437776 8614856 1530016
1790704856915 1488776 8614856 1530016
1790704856955 1501060 8614856 1530016
1790704856995 1488776 8614856 1530016
1790704857033 1519500 8614856 1530016
1790704857071 1519500 8614856 1530016
1790704857109 1496972 8614856 1530016
1790704857148 1509260 8614856 1530016
1790704857187 1488776 0 1530016
1790704857227 1488776 8614856 1530016
1790704857265 1488776 8614856 1530016
1790704857304 1488776 8614856 1530016
1790704857342 1435020 8614856 1530016
1790704857381 1427340 8614856 1530016
1790704857412 1437352 8614856 1530016
1790704857445 1473960 8614856 1530016
1790704857484 1477976 8614856 1530016
1790704857521 1478232 8614856 1530016
1790704857558 1482856 8614856 1530016
1790704857594 1482856 8614856 1530016
1790704857631 1483092 8614856 1530016
1790704857667 1483092 8614856 1530016
1790704857703 1488232 8614856 1530016
1790704857738 1488244 8614856 1530016
1790704857776 1488244 8614856 1530016
1790704857813 1488244 8614856 1530016
1790704857849 1488244 8614856 1530016
1790704857885 1488496 8614856 1530016
1790704857923 1493140 8614856 1530016
1790704857963 1507484 8614856 1530016
1790704858000 1542584 8614856 1542584
1790704858065 1573688 8614856 1573672
1790704858133 1573428 8614856 1573576
1790704858170 1542804 8614856 1586124
1790704858204 1573532 8614856 1586124
1790704858242 1552084 8614856 1587116
1790704858280 1552584 8614856 1587116
1790704858321 1552592 8614856 1587116
1790704858359 1557716 8614856 1587116
1790704858397 1603804 8614856 1603804
1790704858433 1614044 8614856 1614308
1790704858502 1638624 8614856 1638624
1790704858541 1627404 8614856 1642040
1790704858579 1623316 8614856 1642040
1790704858621 1632580 8614856 1642040
1790704858661 1571148 8614856 1642040
1790704858700 1571156 8614856 1642040
1790704858741 1571164 8614856 1642040
1790704858779 1580384 8614856 1642040
1790704858820 1571164 8614856 1642040
1790704858859 1571176 8614856 1642040
1790704858898 1571176 8614856 1642040
1790704858937 1571188 8614856 1642040
1790704858978 1571188 8614856 1642040
1790704859018 1571196 8614856 1642040
1790704859058 1571196 8614856 1642040
1790704859096 1571204 8614856 1642040
1790704859138 1571208 8614856 1642040
1790704859177 1571208 8614856 1642040
1790704859217 1571212 8614856 1642040
1790704859255 1571220 8614856 1642040
1790704859296 1571220 8614856 1642040
1790704859336 1571220 8614856 1642040
1790704859375 1571228 8614856 1642040
1790704859414 1571228 8614856 1642040
1790704859452 1571228 8614856 1642040
1790704859491 1571232 8614856 1642040
1790704859529 1531296 8614856 1642040
1790704859570 1545892 8614856 1642040
1790704859608 1545636 8614856 1642040
1790704859643 1545636 8614856 1642040
1790704859678 1545636 8614856 1642040
1790704859714 1545636 8614856 1642040
1790704859750 1545636 8614856 1642040
1790704859785 1545636 8614856 1642040
1790704859820 1545636 8614856 1642040
1790704859855 1545636 8614856 1642040
1790704859890 1545636 8614856 1642040
1790704859926 1545636 8614856 1642040
1790704859960 1545636 8614856 1642040
1790704859995 1545636 8614856 1642040
1790704860030 1545636 8614856 1642040
1790704860064 1545636 8614856 1642040
1790704860099 1545636 8614856 1642040
1790704860135 1545636 8614856 1642040
1790704860171 1545636 8614856 1642040
1790704860206 1545636 8614856 1642040
1790704860241 1545636 8614856 1642040
1790704860276 1545636 8614856 1642040
1790704860312 1545636 8614856 1642040
1790704860348 1545636 8614856 1642040
1790704860383 1545636 8614856 1642040
1790704860418 1545636 8614856 1642040
1790704860454 1545636 8614856 1642040
1790704860490 1545636 8614856 1642040
1790704860524 1545636 8614856 1642040
1790704860559 1545636 8614856 1642040
1790704860593 1545636 8614856 1642040
1790704860628 1545636 8614856 1642040
1790704860663 1545636 8614856 1642040
1790704860698 1545636 8614856 1642040
1790704860733 1545636 8614856 1642040
1790704860768 1545636 8614856 1642040
1790704860802 1545636 8614856 1642040
1790704860837 1545636 8614856 1642040
1790704860872 1545636 8614856 1642040
1790704860909 1545636 8614856 1642040
1790704860943 1545636 8614856 1642040
1790704860980 1545636 8614856 1642040
1790704861015 1545636 8614856 1642040
1790704861049 1545636 8614856 1642040
1790704861084 1545636 8614856 1642040
1790704861119 1545636 8614856 1642040
1790704861153 1545636 8614856 1642040
1790704861188 1545636 8614856 1642040
1790704861222 1545636 8614856 1642040
1790704861257 1545636 8614856 1642040
1790704861292 1545636 8614856 1642040
1790704861329 1545636 8614856 1642040
1790704861364 1545636 8614856 1642040
1790704861401 1545636 8614856 1642040
1790704861437 1545636 8614856 1642040
1790704861473 1031896 8614856 1642040
1790704861507 1031896 8614856 1642040
1790704861542 1031896 8614856 1642040
1790704861576 1031896 8614856 1642040
1790704861612 1031896 8614856 1642040
1790704861648 1031896 8614856 1642040
1790704861685 1031896 8614856 1642040
1790704861721 1031896 8614856 1642040
1790704861759 1031896 8614856 1642040
1790704861797 1031896 8614856 1642040
1790704861835 1031896 8614856 1642040
1790704861871 1031896 8614856 1642040
1790704861908 1031896 8614856 1642040
1790704861946 1031896 8614856 1642040
1790704861982 1031896 8614856 1642040
1790704862023 1031896 8614856 1642040
1790704862059 1031896 8614856 1642040
1790704862097 1031896 8614856 1642040
1790704862134 1031896 8614856 1642040
1790704862169 1031896 8614856 1642040
1790704862208 1031896 8614856 1642040
1790704862244 1031896 8614856 1642040
1790704862280 1031896 8614856 1642040
1790704862315 1031896 8614856 1642040
1790704862352 1031896 8614856 1642040
1790704862387 1031896 8614856 1642040
1790704862423 1031896 8614856 1642040
1790704862459 1031896 8614856 1642040
1790704862494 1031896 8614856 1642040
1790704862530 1031896 8614856 1642040
1790704862565 1031896 8614856 1642040
1790704862600 1031896 8614856 1642040
1790704862634 1031896 8614856 1642040
1790704862669 1031896 8614856 1642040
1790704862705 1031896 8614856 1642040
1790704862740 1031896 8614856 1642040
1790704862774 1031896 8614856 1642040
1790704862809 1031896 8614856 1642040
1790704862843 1031896 8614856 1642040
1790704862878 1031896 8614856 1642040
1790704862913 1031896 8614856 1642040
1790704862949 1031896 8614856 1642040
1790704862985 1031896 8614856 1642040
1790704863020 1031896 8614856 1642040
1790704863055 1031896 8614856 1642040
1790704863089 1031896 8614856 1642040
1790704863123 1031896 8614856 1642040
1790704863158 1031896 8614856 1642040
1790704863193 1031896 8614856 1642040
1790704863229 1031896 8614856 1642040
1790704863263 1031896 8614856 1642040
1790704863298 1031896 8614856 1642040
1790704863333 1031896 8614856 1642040
1790704863367 1031896 8614856 1642040
1790704863404 1031908 8614856 1642040
1790704863441 1036864 8614856 1642040
1790704863479 1036876 8614856 1642040
1790704863517 1036888 8614856 1642040
1790704863556 1036888 8614856 1642040
1790704863593 1036888 8614856 1642040
1790704863630 1039956 8614856 1642040
1790704863669 1054740 8614856 1642040
1790704863708 1021368 8614856 1642040
1790704863747 1058240 8614856 1642040
1790704863783 1058276 8614856 1642040
1790704863821 1058784 8614856 1642040
1790704863857 1100492 8614856 1642040
1790704863896 1116560 8614856 1642040
1790704863934 1104592 8614856 1642040
1790704863973 1137372 8614856 1642040
1790704864010 1178328 8614856 1642040
1790704864047 1178328 8614856 1642040
1790704864085 1178968 8614856 1642040
1790704864122 1178968 8614856 1642040
1790704864159 1178968 8614856 1642040
1790704864194 1178968 8614856 1642040
1790704864232 1184728 8614856 1642040
1790704864269 1184728 8614856 1642040
1790704864305 1184728 8614856 1642040
1790704864341 1184728 8614856 1642040
1790704864376 1184728 8614856 1642040
1790704864411 1184728 8614856 1642040
1790704864448 1184984 8614856 1642040
1790704864483 1184728 8614856 1642040
1790704864518 1184728 8614856 1642040
1790704864553 1184728 8614856 1642040
1790704864590 1184728 8614856 1642040
1790704864626 1184736 8614856 1642040
1790704864661 1184736 8614856 1642040
1790704864696 1184736 8614856 1642040
1790704864731 1184736 8614856 1642040
1790704864766 1184736 8614856 1642040
1790704864802 1184736 8614856 1642040
1790704864837 1184736 8614856 1642040
1790704864872 1184736 8614856 1642040
1790704864908 1184736 8614856 1642040
1790704864943 1184736 8614856 1642040
1790704864977 1184736 8614856 1642040
1790704865013 1184736 8614856 1642040
1790704865048 1184736 8614856 1642040
1790704865083 1184736 8614856 1642040
1790704865118 1184736 8614856 1642040
1790704865153 1184736 8614856 1642040
1790704865190 1184736 8614856 1642040
1790704865224 1184736 8614856 1642040
1790704865259 1184736 8614856 1642040
1790704865294 1184736 8614856 1642040
1790704865331 1184736 8614856 1642040
1790704865369 1184736 8614856 1642040
1790704865404 1184736 8614856 1642040
1790704865440 1184736 8614856 1642040
1790704865475 1184736 8614856 1642040
1790704865510 1184736 8614856 1642040
1790704865545 1184736 8614856 1642040
1790704865581 1184736 8614856 1642040
1790704865615 1184736 8614856 1642040
1790704865651 1184736 8614856 1642040
1790704865686 1184736 8614856 1642040
1790704865722 1184736 8614856 1642040
1790704865760 1184736 8614856 1642040
1790704865796 1184736 8614856 1642040
1790704865831 1184736 8614856 1642040
1790704865866 1184736 8614856 1642040
1790704865903 1184736 8614856 1642040
1790704865938 1184736 8614856 1642040
1790704865973 1184736 8614856 1642040
1790704866008 1184736 8614856 1642040
1790704866043 1184736 8614856 1642040
1790704866077 1184736 8614856 1642040
1790704866113 1184736 8614856 1642040
1790704866150 1184736 8614856 1642040
1790704866187 1184736 8614856 1642040
1790704866224 1184736 8614856 1642040
1790704866259 1184736 8614856 1642040
1790704866294 1184736 8614856 1642040
1790704866330 1184736 8614856 1642040
1790704866365 1184736 8614856 1642040
1790704866400 1184736 8614856 1642040
1790704866436 1184736 8614856 1642040
1790704866472 1184736 8614856 1642040
1790704866509 1184736 8614856 1642040
1790704866544 1184736 8614856 1642040
1790704866581 1184736 8614856 1642040
1790704866616 1184736 8614856 1642040
1790704866651 1184736 8614856 1642040
1790704866688 1184736 8614856 1642040
1790704866723 1184736 8614856 1642040
1790704866759 1184736 8614856 1642040
1790704866796 1184736 8614856 1642040
1790704866832 1184736 8614856 1642040
1790704866867 1184736 8614856 1642040
1790704866902 1184736 8614856 1642040
1790704866937 1184736 8614856 1642040
1790704866973 1184736 8614856 1642040
1790704867007 1184736 8614856 1642040
1790704867045 1184736 8614856 1642040
1790704867081 1184736 8614856 1642040
1790704867116 1184736 8614856 1642040
1790704867151 1184736 8614856 1642040
1790704867186 1184736 8614856 1642040
1790704867221 1184736 8614856 1642040
1790704867256 1184736 8614856 1642040
1790704867294 1184736 8614856 1642040
1790704867330 1184736 8614856 1642040
1790704867365 1184736 8614856 1642040
1790704867402 1184736 8614856 1642040
1790704867439 1184736 8614856 1642040
1790704867475 1184736 8614856 1642040
1790704867512 1184740 8614856 1642040
1790704867549 1184740 8614856 1642040
1790704867586 1184740 8614856 1642040
1790704867622 1184740 8614856 1642040
1790704867658 1184744 8614856 1642040
1790704867693 1184744 8614856 1642040
1790704867728 1184744 8614856 1642040
1790704867765 1184752 8614856 1642040
1790704867803 1184752 8614856 1642040
1790704867841 1184752 8614856 1642040
1790704867878 1184756 8614856 1642040
1790704867916 1184756 8614856 1642040
1790704867950 1200120 8614856 1642040
1790704867988 1192952 8614856 1642040
1790704868025 1184764 8614856 1642040
1790704868066 1184768 8614856 1642040
1790704868105 1184772 8614856 1642040
1790704868144 1184776 8614856 1642040
1790704868179 1184776 8614856 1642040
1790704868216 1184780 8614856 1642040
1790704868255 1184780 8614856 1642040
1790704868295 1184784 8614856 1642040
1790704868335 1184784 8614856 1642040
1790704868373 1184784 8614856 1642040
1790704868409 1184784 8614856 1642040
1790704868444 1184784 8614856 1642040
1790704868479 1184784 8614856 1642040
1790704868514 1184784 8614856 1642040
1790704868549 1184784 8614856 1642040
1790704868584 1184784 8614856 1642040
1790704868618 1184784 8614856 1642040
1790704868653 1184784 8614856 1642040
1790704868688 1184784 8614856 1642040
1790704868723 1184784 8614856 1642040
1790704868758 1184784 8614856 1642040
1790704868793 1184784 8614856 1642040
1790704868829 1184784 8614856 1642040
1790704868864 1184784 8614856 1642040
1790704868899 1184784 8614856 1642040
1790704868935 1184784 8614856 1642040
1790704868970 1184784 8614856 1642040
1790704869005 1184784 8614856 1642040
1790704869040 1184784 8614856 1642040
1790704869075 1184784 8614856 1642040
1790704869111 1184784 8614856 1642040
1790704869147 1184784 8614856 1642040
1790704869182 1184784 8614856 1642040
1790704869217 1184784 8614856 1642040
1790704869251 1184784 8614856 1642040
1790704869288 1184784 8614856 1642040
1790704869324 1184784 8614856 1642040
1790704869363 1184784 8614856 1642040
1790704869401 1184784 8614856 1642040
1790704869436 1184784 8614856 1642040
1790704869471 1184784 8614856 1642040
1790704869506 1184784 8614856 1642040
1790704869541 1184784 8614856 1642040
1790704869577 1184784 8614856 1642040
1790704869611 1184784 8614856 1642040
1790704869646 1184784 8614856 1642040
1790704869683 1184784 8614856 1642040
1790704869720 1184784 8614856 1642040
1790704869755 1184784 8614856 1642040
1790704869790 1184784 8614856 1642040
1790704869827 1184784 8614856 1642040
1790704869866 1184784 8614856 1642040
1790704869904 1184784 8614856 1642040
1790704869940 1184784 8614856 1642040
1790704869978 1184784 8614856 1642040
1790704870018 1184784 8614856 1642040
1790704870055 1184784 8614856 1642040
1790704870092 1194004 8614856 1642040
1790704870129 1184784 8614856 1642040
1790704870168 1193100 8614856 1642040
1790704870207 1184784 8614856 1642040
1790704870248 1184784 8614856 1642040
1790704870288 1184784 8614856 1642040
1790704870328 1184788 8614856 1642040
1790704870368 1184788 8614856 1642040
1790704870405 1184788 8614856 1642040
1790704870442 1184788 8614856 1642040
1790704870479 1184788 8614856 1642040
1790704870514 1184788 8614856 1642040
1790704870549 1184788 8614856 1642040
1790704870584 1184788 8614856 1642040
1790704870620 1184788 8614856 1642040
1790704870656 1184788 8614856 1642040
1790704870690 1184788 8614856 1642040
1790704870725 1184788 8614856 1642040
1790704870760 1184788 8614856 1642040
1790704870795 1184788 8614856 1642040
1790704870833 1184788 8614856 1642040
1790704870869 1184788 8614856 1642040
1790704870904 1184788 8614856 1642040
1790704870940 1184788 8614856 1642040
1790704870975 1184788 8614856 1642040
1790704871011 1184788 8614856 1642040
1790704871046 1184788 8614856 1642040
1790704871081 1184788 8614856 1642040
1790704871116 1184788 8614856 1642040
1790704871151 1184788 8614856 1642040
1790704871186 1184788 8614856 1642040
1790704871223 1184788 8614856 1642040
1790704871259 1184788 8614856 1642040
1790704871294 1184788 8614856 1642040
1790704871329 1184788 8614856 1642040
1790704871364 1184788 8614856 1642040
1790704871400 1184788 8614856 1642040
1790704871434 1184788 8614856 1642040
1790704871469 1184788 8614856 1642040
1790704871504 1184788 8614856 1642040
1790704871540 1184788 8614856 1642040
1790704871576 1184788 8614856 1642040
1790704871612 1184788 8614856 1642040
1790704871647 1184788 8614856 1642040
1790704871685 1184788 8614856 1642040
1790704871721 1184788 8614856 1642040
1790704871756 1184788 8614856 1642040
1790704871791 1184788 8614856 1642040
1790704871827 1184788 8614856 1642040
1790704871862 1184788 8614856 1642040
1790704871898 1184788 8614856 1642040
1790704871934 1184788 8614856 1642040
1790704871970 1184788 8614856 1642040
1790704872005 1184788 8614856 1642040
1790704872040 1184788 8614856 1642040
1790704872074 1184788 8614856 1642040
1790704872110 1184788 8614856 1642040
1790704872146 1184788 8614856 1642040
1790704872182 1184788 8614856 1642040
1790704872218 1184788 8614856 1642040
1790704872253 1184788 8614856 1642040
1790704872288 1184788 8614856 1642040
1790704872323 1184788 8614856 1642040
1790704872358 1184788 8614856 1642040
1790704872393 1184788 8614856 1642040
1790704872428 1184788 8614856 1642040
1790704872463 1184788 8614856 1642040
1790704872498 1184788 8614856 1642040
1790704872532 1184788 8614856 1642040
1790704872567 1184788 8614856 1642040
1790704872603 1184788 8614856 1642040
1790704872638 1184788 8614856 1642040
1790704872674 1184788 8614856 1642040
1790704872709 1192332 8614856 1642040
1790704872748 1207700 8614856 1642040
1790704872786 1207444 8614856 1642040
1790704872822 1207444 8614856 1642040
1790704872858 1207444 8614856 1642040
1790704872894 1207444 8614856 1642040
1790704872929 1207444 8614856 1642040
1790704872969 1207444 8614856 1642040
1790704873010 1207444 8614856 1642040
1790704873050 1222808 8614856 1642040
1790704873089 1207444 8614856 1642040
1790704873126 1207444 8614856 1642040
1790704873164 1207444 8614856 1642040
1790704873203 1207444 8614856 1642040
1790704873242 1213592 8614856 1642040
1790704873279 1225884 8614856 1642040
1790704873315 1232028 8614856 1642040
1790704873354 1207448 8614856 1642040
1790704873391 1207448 8614856 1642040
1790704873429 1207448 8614856 1642040
1790704873468 1207448 8614856 1642040
1790704873506 1207448 8614856 1642040
1790704873545 1207452 8614856 1642040
1790704873583 1207452 8614856 1642040
1790704873624 1207456 8614856 1642040
1790704873664 1207456 8614856 1642040
1790704873704 1227940 8614856 1642040
1790704873741 1244324 8614856 1642040
1790704873778 1244324 8614856 1642040
1790704873818 1207456 8614856 1642040
1790704873854 1207456 8614856 1642040
1790704873891 1209508 8614856 1642040
1790704873928 1225892 8614856 1642040
1790704873966 1247396 8614856 1642040
1790704874002 1247396 8614856 1642040
1790704874040 1207456 8614856 1642040
1790704874076 1207456 8614856 1642040
1790704874111 1207456 8614856 1642040
1790704874146 1222820 8614856 1642040
1790704874181 1244324 8614856 1642040
1790704874217 1244324 8614856 1642040
1790704874255 1207456 8614856 1642040
1790704874293 1207456 8614856 1642040
1790704874332 1207456 8614856 1642040
1790704874371 1207460 8614856 1642040
1790704874408 1225896 8614856 1642040
1790704874446 1253544 8614856 1642040
1790704874484 1253544 8614856 1642040
1790704874520 1207460 8614856 1642040
1790704874557 1208228 8614856 1642040
1790704874593 1214248 8614856 1642040
1790704874624 1235872 8614856 1642040
1790704874663 1235872 8614856 1642040
1790704874699 1242020 8614856 1642040
1790704874735 1282312 8614856 1642040
1790704874769 1302828 8614856 1642040
1790704874809 1264072 8614856 1642040
1790704874846 1300748 8614856 1642040
1790704874886 1319748 8614856 1642040
1790704874921 1288144 8614856 1642040
1790704874958 1301336 8614856 1642040
1790704874991 1313620 8614856 1642040
1790704875030 1234064 8614856 1642040
1790704875068 1282524 8614856 1642040
1790704875105 1320292 8614856 1642040
1790704875142 1338724 8614856 1642040
1790704875172 1357528 8614856 1642040
1790704875210 1357660 8614856 1642040
1790704875250 1332180 8614856 1642040
1790704875288 1348564 8614856 1642040
1790704875323 1354716 8614856 1642040
1790704875360 1354716 8614856 1642040
1790704875397 1280992 8614856 1642040
1790704875434 1280996 8614856 1642040
1790704875466 1280996 8614856 1642040
1790704875497 1280996 8614856 1642040
1790704875531 1287132 8614856 1642040
1790704875570 1287132 8614856 1642040
1790704875609 1287612 8614856 1642040
1790704875644 1287612 8614856 1642040
1790704875683 1287612 8614856 1642040
1790704875723 1287612 8614856 1642040
1790704875761 1287612 8614856 1642040
1790704875797 1287612 8614856 1642040
1790704875835 1287612 8614856 1642040
1790704875871 1299900 8614856 1642040
1790704875911 1253828 8614856 1642040
1790704875949 1263168 8614856 1642040
1790704875987 1269180 8614856 1642040
1790704876025 1269180 8614856 1642040
1790704876061 1269180 8614856 1642040
1790704876102 1269180 8614856 1642040
1790704876140 1269180 8614856 1642040
1790704876179 1269184 8614856 1642040
1790704876209 1302856 8614856 1642040
1790704876249 1321284 8614856 1642040
1790704876285 1339716 8614856 1642040
1790704876322 1339716 8614856 1642040
1790704876359 1309152 8614856 1642040
1790704876391 1339744 8614856 1642040
1790704876426 1339744 8614856 1642040
1790704876464 1303008 8614856 1642040
1790704876497 1345344 8614856 1642040
1790704876533 1277888 8614856 1642040
1790704876574 1277888 8614856 1642040
1790704876616 1277888 8614856 1642040
1790704876654 1287100 8614856 1642040
1790704876694 1339204 8614856 1642040
1790704876733 1364272 8614856 1642040
1790704876771 1382704 8614856 1642040
1790704876807 1382704 8614856 1642040
1790704876843 1340844 8614856 1642040
1790704876882 1382704 8614856 1642040
1790704876920 1382704 8614856 1642040
1790704876958 1364276 8614856 1642040
1790704876999 1272240 8614856 1642040
1790704877040 1284400 8614856 1642040
1790704877081 1290548 8614856 1642040
1790704877121 1296688 8614856 1642040
1790704877160 1302832 8614856 1642040
1790704877199 1302832 8614856 1642040
1790704877236 1302832 8614856 1642040
1790704877274 1253812 8614856 1642040
1790704877313 1275304 8614856 1642040
1790704877345 1293736 8614856 1642040
1790704877379 1293736 8614856 1642040
1790704877416 1253808 8614856 1642040
1790704877453 1253808 8614856 1642040
1790704877490 1253808 8614856 1642040
1790704877528 1263016 8614856 1642040
1790704877562 1281448 8614856 1642040
1790704877599 1281448 8614856 1642040
1790704877635 1281448 8614856 1642040
1790704877671 1281448 8614856 1642040
1790704877707 1281448 8614856 1642040
1790704877744 1281448 8614856 1642040
1790704877781 1289896 8614856 1642040
1790704877813 1321848 8614856 1642040
1790704877852 1339696 8614856 1642040
1790704877891 1302960 8614856 1642040
1790704877926 1333556 8614856 1642040
1790704877959 1351984 8614856 1642040
1790704877996 1351984 8614856 1642040
1790704878031 1351984 8614856 1642040
1790704878070 1320368 8614856 1642040
1790704878106 1259952 8614856 1642040
1790704878143 1272112 8614856 1642040
1790704878185 1272112 8614856 1642040
1790704878225 1272112 8614856 1642040
1790704878261 1310120 8614856 1642040
1790704878293 1344936 8614856 1642040
1790704878333 1355180 8614856 1642040
1790704878371 1361328 8614856 1642040
1790704878409 1367472 8614856 1642040
1790704878445 1373616 8614856 1642040
1790704878483 1330616 8614856 1642040
1790704878519 1357240 8614856 1642040
1790704878557 1367472 8614856 1642040
1790704878594 1324476 8614856 1642040
1790704878632 1281472 8614856 1642040
1790704878671 1284416 8614856 1642040
1790704878709 1284420 8614856 1642040
1790704878749 1290560 8614856 1642040
1790704878787 1296704 8614856 1642040
1790704878825 1296704 8614856 1642040
1790704878863 1296704 8614856 1642040
1790704878905 1296704 8614856 1642040
1790704878944 1296704 8614856 1642040
1790704878982 1296704 8614856 1642040
1790704879023 1296716 8614856 1642040
1790704879064 1296716 8614856 1642040
1790704879104 1296716 8614856 1642040
1790704879144 1296716 8614856 1642040
1790704879186 1296716 8614856 1642040
1790704879225 1296716 8614856 1642040
1790704879265 1253836 8614856 1642040
1790704879299 1275332 8614856 1642040
1790704879330 1275332 8614856 1642040
1790704879368 1275332 8614856 1642040
1790704879406 1275332 8614856 1642040
1790704879444 1275332 8614856 1642040
1790704879486 1275332 8614856 1642040
1790704879526 1288260 8614856 1642040
1790704879563 1288004 8614856 1642040
1790704879599 1288004 8614856 1642040
1790704879634 1288004 8614856 1642040
1790704879670 1288004 8614856 1642040
1790704879706 1288004 8614856 1642040
1790704879741 1288004 8614856 1642040
1790704879776 1288004 8614856 1642040
1790704879812 1288004 8614856 1642040
1790704879849 1288004 8614856 1642040
1790704879884 1288004 8614856 1642040
1790704879920 1288004 8614856 1642040
1790704879956 1288004 8614856 1642040
1790704879991 1288004 8614856 1642040
1790704880027 1288004 8614856 1642040
1790704880062 1288004 8614856 1642040
1790704880098 1288004 8614856 1642040
1790704880134 1288004 8614856 1642040
1790704880170 1288004 8614856 1642040
1790704880205 1288004 8614856 1642040
1790704880240 1288004 8614856 1642040
1790704880276 1288004 8614856 1642040
1790704880312 1288004 8614856 1642040
1790704880349 1288004 8614856 1642040
1790704880387 1288004 8614856 1642040
1790704880422 1288004 8614856 1642040
1790704880458 1288004 8614856 1642040
1790704880493 1288004 8614856 1642040
1790704880530 1288004 8614856 1642040
1790704880567 1288004 8614856 1642040
1790704880603 1288004 8614856 1642040
1790704880639 1288004 8614856 1642040
1790704880675 1288004 8614856 1642040
1790704880712 1288004 8614856 1642040
1790704880747 1288004 8614856 1642040
1790704880784 1288004 8614856 1642040
1790704880820 1288004 8614856 1642040
1790704880856 1288004 8614856 1642040
1790704880891 1288004 8614856 1642040
1790704880926 1288004 8614856 1642040
1790704880962 1288004 8614856 1642040
1790704880998 1288004 8614856 1642040
1790704881033 1288004 8614856 1642040
1790704881071 1288004 8614856 1642040
1790704881107 1288004 8614856 1642040
1790704881143 1288004 8614856 1642040
1790704881180 1288004 8614856 1642040
1790704881218 1288004 8614856 1642040
1790704881253 1288004 8614856 1642040
1790704881289 1288004 8614856 1642040
1790704881325 1214268 8614856 1642040
1790704881362 1140536 8614856 1642040
1790704881398 1140540 8614856 1642040
1790704881433 1140540 8614856 1642040
1790704881471 1140540 8614856 1642040
1790704881508 1140540 8614856 1642040
1790704881544 1140540 8614856 1642040
1790704881583 1140540 8614856 1642040
1790704881621 1140540 8614856 1642040
1790704881659 1140540 8614856 1642040
1790704881697 1140540 8614856 1642040
1790704881736 1140540 8614856 1642040
1790704881774 1140540 8614856 1642040
1790704881811 1140540 8614856 1642040
1790704881849 1140540 8614856 1642040
1790704881888 1140540 8614856 1642040
1790704881925 1140540 8614856 1642040
1790704881962 1140540 8614856 1642040
1790704881998 1140540 8614856 1642040
1790704882037 1140540 8614856 1642040
1790704882075 1140540 8614856 1642040
1790704882112 1140540 8614856 1642040
1790704882151 1140540 8614856 1642040
1790704882186 1140540 8614856 1642040
1790704882221 1140540 8614856 1642040
1790704882256 1140540 8614856 1642040
1790704882292 1140540 8614856 1642040
1790704882328 1140540 8614856 1642040
1790704882364 1140540 8614856 1642040
1790704882399 1140540 8614856 1642040
1790704882437 1140540 8614856 1642040
1790704882473 1140540 8614856 1642040
1790704882510 1140540 8614856 1642040
1790704882546 1140540 8614856 1642040
1790704882582 1140540 8614856 1642040
1790704882617 1140540 8614856 1642040
1790704882655 1140540 8614856 1642040
1790704882691 1140540 8614856 1642040
1790704882727 1140540 8614856 1642040
1790704882761 1140540 8614856 1642040
1790704882797 1140540 8614856 1642040
1790704882834 1140540 8614856 1642040
1790704882870 1140540 8614856 1642040
1790704882906 1140540 8614856 1642040
1790704882942 1140540 8614856 1642040
1790704882977 1140540 8614856 1642040
1790704883012 1140540 8614856 1642040
1790704883050 1140540 8614856 1642040
1790704883086 1140540 8614856 1642040
1790704883122 1140540 8614856 1642040
1790704883159 1140540 8614856 1642040
1790704883194 1140540 8614856 1642040
1790704883228 1140540 8614856 1642040
1790704883265 1140540 8614856 1642040
1790704883302 1140540 8614856 1642040
1790704883340 1145408 8614856 1642040
1790704883379 1151900 8614856 1642040
1790704883419 1152064 8614856 1642040
1790704883458 1152072 8614856 1642040
1790704883496 1155200 8614856 1642040
1790704883535 1176788 8614856 1642040
1790704883575 1127960 8614856 1642040
1790704883614 1127964 8614856 1642040
1790704883654 1148904 8614856 1642040
1790704883690 1180924 8614856 1642040
1790704883729 1133228 8614856 1642040
1790704883769 1170096 8614856 1642040
1790704883810 1206964 8614856 1642040
1790704883849 1243832 8614856 1642040
1790704883888 1243832 8614856 1642040
1790704883927 1244472 8614856 1642040
1790704883965 1244472 8614856 1642040
1790704884003 1244472 8614856 1642040
1790704884039 1244472 8614856 1642040
1790704884075 1244472 8614856 1642040
1790704884111 1244472 8614856 1642040
1790704884150 1250232 8614856 1642040
1790704884189 1250232 8614856 1642040
1790704884225 1250232 8614856 1642040
1790704884261 1250232 8614856 1642040
1790704884298 1250232 8614856 1642040
1790704884336 1250232 8614856 1642040
1790704884372 1250232 8614856 1642040
1790704884407 1250232 8614856 1642040
1790704884445 1250232 8614856 1642040
1790704884481 1250232 8614856 1642040
1790704884519 1250232 8614856 1642040
1790704884558 1250232 8614856 1642040
1790704884595 1250232 8614856 1642040
1790704884631 1250232 8614856 1642040
1790704884668 1250232 8614856 1642040
1790704884704 1250232 8614856 1642040
1790704884740 1250232 8614856 1642040
1790704884777 1250232 8614856 1642040
1790704884812 1250232 8614856 1642040
1790704884848 1250232 8614856 1642040
1790704884883 1250232 8614856 1642040
1790704884919 1250232 8614856 1642040
1790704884955 1250232 8614856 1642040
1790704884991 1250232 8614856 1642040
1790704885026 1250232 8614856 1642040
1790704885062 1250232 8614856 1642040
1790704885098 1250232 8614856 1642040
1790704885134 1250232 8614856 1642040
1790704885170 1250232 8614856 1642040
1790704885206 1250232 8614856 1642040
1790704885244 1250232 8614856 1642040
1790704885280 1250232 8614856 1642040
1790704885316 1250232 8614856 1642040
1790704885351 1250232 8614856 1642040
1790704885389 1250232 8614856 1642040
1790704885426 1250232 8614856 1642040
1790704885461 1250232 8614856 1642040
1790704885496 1250232 8614856 1642040
1790704885532 1250232 8614856 1642040
1790704885569 1250232 8614856 1642040
1790704885605 1250232 8614856 1642040
1790704885640 1250232 8614856 1642040
1790704885677 1250232 8614856 1642040
1790704885713 1250232 8614856 1642040
1790704885750 1250232 8614856 1642040
1790704885786 1250232 8614856 1642040
1790704885823 1250232 8614856 1642040
1790704885858 1250232 8614856 1642040
1790704885894 1250232 8614856 1642040
1790704885932 1250236 8614856 1642040
1790704885970 1250236 8614856 1642040
1790704886006 1250236 8614856 1642040
1790704886042 1250236 8614856 1642040
1790704886078 1250236 8614856 1642040
1790704886114 1250236 8614856 1642040
1790704886151 1250236 8614856 1642040
1790704886187 1250236 8614856 1642040
1790704886222 1250236 8614856 1642040
1790704886259 1250236 8614856 1642040
1790704886295 1250236 8614856 1642040
1790704886330 1250236 8614856 1642040
1790704886366 1250236 8614856 1642040
1790704886401 1250236 8614856 1642040
1790704886437 1250236 8614856 1642040
1790704886473 1250236 8614856 1642040
1790704886510 1250236 8614856 1642040
1790704886546 1250236 8614856 1642040
1790704886583 1250236 8614856 1642040
1790704886619 1250236 8614856 1642040
1790704886655 1250236 8614856 1642040
1790704886691 1250236 8614856 1642040
1790704886728 1250236 8614856 1642040
1790704886763 1250236 8614856 1642040
1790704886800 1250236 8614856 1642040
1790704886835 1250236 8614856 1642040
1790704886873 1250236 8614856 1642040
1790704886910 1250236 8614856 1642040
1790704886947 1250236 8614856 1642040
1790704886983 1250236 8614856 1642040
1790704887020 1250240 8614856 1642040
1790704887057 1250240 8614856 1642040
1790704887093 1250240 8614856 1642040
1790704887129 1250240 8614856 1642040
1790704887165 1250240 8614856 1642040
1790704887201 1250240 8614856 1642040
1790704887237 1250240 8614856 1642040
1790704887273 1250240 8614856 1642040
1790704887310 1250240 8614856 1642040
1790704887346 1250240 8614856 1642040
1790704887384 1250240 8614856 1642040
1790704887421 1250240 8614856 1642040
1790704887458 1250240 8614856 1642040
1790704887494 1250240 8614856 1642040
1790704887533 1250240 8614856 1642040
1790704887571 1250240 8614856 1642040
1790704887610 1250240 8614856 1642040
1790704887648 1250240 8614856 1642040
1790704887685 1250240 8614856 1642040
1790704887724 1250240 8614856 1642040
1790704887761 1253192 8614856 1642040
1790704887799 1253192 8614856 1642040
1790704887835 1256384 8614856 1642040
1790704887870 1256384 8614856 1642040
1790704887912 1256384 8614856 1642040
1790704887952 1256384 8614856 1642040
1790704887993 1256388 8614856 1642040
1790704888033 1256388 8614856 1642040
1790704888073 1256388 8614856 1642040
1790704888112 1256388 8614856 1642040
1790704888154 1256388 8614856 1642040
1790704888191 1256388 8614856 1642040
1790704888227 1256388 8614856 1642040
1790704888262 1256388 8614856 1642040
1790704888299 1256388 8614856 1642040
1790704888334 1256388 8614856 1642040
1790704888371 1256388 8614856 1642040
1790704888406 1256388 8614856 1642040
1790704888443 1256388 8614856 1642040
1790704888480 1256388 8614856 1642040
1790704888516 1256388 8614856 1642040
1790704888551 1256388 8614856 1642040
1790704888587 1256388 8614856 1642040
1790704888623 1256388 8614856 1642040
1790704888659 1256388 8614856 1642040
1790704888696 1256388 8614856 1642040
1790704888732 1256388 8614856 1642040
1790704888768 1256388 8614856 1642040
1790704888805 1256388 8614856 1642040
1790704888841 1256388 8614856 1642040
1790704888877 1256388 8614856 1642040
1790704888913 1256388 8614856 1642040
1790704888948 1256388 8614856 1642040
1790704888986 1256388 8614856 1642040
1790704889023 1256388 8614856 1642040
1790704889061 1256388 8614856 1642040
1790704889098 1256388 8614856 1642040
1790704889137 1256388 8614856 1642040
1790704889177 1256388 8614856 1642040
1790704889215 1256388 8614856 1642040
1790704889256 1256388 8614856 1642040
1790704889291 1256388 8614856 1642040
1790704889329 1256388 8614856 1642040
1790704889366 1256388 8614856 1642040
1790704889403 1256388 8614856 1642040
1790704889439 1256388 8614856 1642040
1790704889477 1256388 8614856 1642040
1790704889513 1256388 8614856 1642040
1790704889549 1256388 8614856 1642040
1790704889585 1256388 8614856 1642040
1790704889625 1256388 8614856 1642040
1790704889664 1256388 8614856 1642040
1790704889699 1256388 8614856 1642040
1790704889736 1256388 8614856 1642040
1790704889769 1256388 8614856 1642040
1790704889810 1256388 8614856 1642040
1790704889846 1256388 8614856 1642040
1790704889883 1256388 8614856 1642040
1790704889918 1256388 8614856 1642040
1790704889955 1256388 8614856 1642040
1790704889990 1256388 8614856 1642040
1790704890031 1256388 8614856 1642040
1790704890070 1256388 8614856 1642040
1790704890109 1256388 8614856 1642040
1790704890150 1256388 8614856 1642040
1790704890187 1256388 8614856 1642040
1790704890223 1256388 8614856 1642040
1790704890260 1256388 8614856 1642040
1790704890296 1256388 8614856 1642040
1790704890332 1256388 8614856 1642040
1790704890369 1256388 8614856 1642040
1790704890405 1256388 8614856 1642040
1790704890441 1256388 8614856 1642040
1790704890478 1256388 8614856 1642040
1790704890515 1256388 8614856 1642040
1790704890550 1256388 8614856 1642040
1790704890588 1256388 8614856 1642040
1790704890625 1256388 8614856 1642040
1790704890662 1256388 8614856 1642040
1790704890698 1256388 8614856 1642040
1790704890735 1256388 8614856 1642040
1790704890771 1256388 8614856 1642040
1790704890807 1256388 8614856 1642040
1790704890843 1256388 8614856 1642040
1790704890878 1256388 8614856 1642040
1790704890915 1256388 8614856 1642040
1790704890950 1256388 8614856 1642040
1790704890986 1256388 8614856 1642040
1790704891023 1256388 8614856 1642040
1790704891059 1256388 8614856 1642040
1790704891095 1256388 8614856 1642040
1790704891130 1256388 8614856 1642040
1790704891167 1256388 8614856 1642040
1790704891204 1256388 8614856 1642040
1790704891240 1256388 8614856 1642040
1790704891276 1256388 8614856 1642040
1790704891313 1256388 8614856 1642040
1790704891348 1256388 8614856 1642040
1790704891384 1256388 8614856 1642040
1790704891421 1256388 8614856 1642040
1790704891457 1256388 8614856 1642040
1790704891494 1256388 8614856 1642040
1790704891532 1256388 8614856 1642040
1790704891569 1256388 8614856 1642040
1790704891605 1256388 8614856 1642040
1790704891640 1256388 8614856 1642040
1790704891676 1256388 8614856 1642040
1790704891712 1256388 8614856 1642040
1790704891748 1256388 8614856 1642040
1790704891783 1256388 8614856 1642040
1790704891819 1256388 8614856 1642040
1790704891856 1256388 8614856 1642040
1790704891892 1256388 8614856 1642040
1790704891928 1256388 8614856 1642040
1790704891964 1256388 8614856 1642040
1790704892000 1256396 8614856 1642040
1790704892036 1256396 8614856 1642040
1790704892072 1256396 8614856 1642040
1790704892107 1256396 8614856 1642040
1790704892143 1256396 8614856 1642040
1790704892179 1256396 8614856 1642040
1790704892215 1256396 8614856 1642040
1790704892251 1256396 8614856 1642040
1790704892287 1256396 8614856 1642040
1790704892323 1256396 8614856 1642040
1790704892359 1256396 8614856 1642040
1790704892396 1256396 8614856 1642040
1790704892432 1256396 8614856 1642040
1790704892468 1256396 8614856 1642040
1790704892504 1256396 8614856 1642040
1790704892541 1260084 8614856 1642040
1790704892578 1259828 8614856 1642040
1790704892616 1259828 8614856 1642040
1790704892652 1259828 8614856 1642040
1790704892688 1259828 8614856 1642040
1790704892725 1259828 8614856 1642040
1790704892762 1259832 8614856 1642040
1790704892804 1259832 8614856 1642040
1790704892842 1259832 8614856 1642040
1790704892874 1259832 8614856 1642040
1790704892915 1259832 8614856 1642040
1790704892953 1259832 8614856 1642040
1790704892991 1259832 8614856 1642040
1790704893028 1259832 8614856 1642040
1790704893068 1259832 8614856 1642040
1790704893102 1272120 8614856 1642040
1790704893139 1232192 8614856 1642040
1790704893179 1232192 8614856 1642040
1790704893217 1232192 8614856 1642040
1790704893254 1232192 8614856 1642040
1790704893293 1232192 8614856 1642040
1790704893330 1238208 8614856 1642040
1790704893369 1238208 8614856 1642040
1790704893402 1238208 8614856 1642040
1790704893442 1238208 8614856 1642040
1790704893482 1238208 8614856 1642040
1790704893516 1256640 8614856 1642040
1790704893552 1277120 8614856 1642040
1790704893590 1241408 8614856 1642040
1790704893626 1241408 8614856 1642040
1790704893663 1241408 8614856 1642040
1790704893701 1244352 8614856 1642040
1790704893740 1256640 8614856 1642040
1790704893774 1284408 8614856 1642040
1790704893811 1241408 8614856 1642040
1790704893848 1241408 8614856 1642040
1790704893886 1241408 8614856 1642040
1790704893923 1244352 8614856 1642040
1790704893962 1256640 8614856 1642040
1790704893999 1284408 8614856 1642040
1790704894036 1241408 8614856 1642040
1790704894072 1241408 8614856 1642040
1790704894109 1241408 8614856 1642040
1790704894146 1244352 8614856 1642040
1790704894181 1262784 8614856 1642040
1790704894217 1262784 8614856 1642040
1790704894254 1280312 8614856 1642040
1790704894290 1287360 8614856 1642040
1790704894322 1247552 8614856 1642040
1790704894359 1247552 8614856 1642040
1790704894396 1247552 8614856 1642040
1790704894434 1252548 8614856 1642040
1790704894472 1268932 8614856 1642040
1790704894510 1268932 8614856 1642040
1790704894545 1294652 8614856 1642040
1790704894581 1333564 8614856 1642040
1790704894620 1339708 8614856 1642040
1790704894658 1339708 8614856 1642040
1790704894695 1339708 8614856 1642040
1790704894728 1339708 8614856 1642040
1790704894766 1339708 8614856 1642040
1790704894804 1339708 8614856 1642040
1790704894837 1339716 8614856 1642040
1790704894874 1265996 8614856 1642040
1790704894910 1287376 8614856 1642040
1790704894949 1336528 8614856 1642040
1790704894988 1354956 8614856 1642040
1790704895025 1373388 8614856 1642040
1790704895058 1373388 8614856 1642040
1790704895097 1348944 8614856 1642040
1790704895135 1367244 8614856 1642040
1790704895174 1373388 8614856 1642040
1790704895209 1373388 8614856 1642040
1790704895249 1281364 8614856 1642040
1790704895288 1281364 8614856 1642040
1790704895325 1281364 8614856 1642040
1790704895363 1281364 8614856 1642040
1790704895397 1287380 8614856 1642040
1790704895435 1293524 8614856 1642040
1790704895474 1293524 8614856 1642040
1790704895513 1293524 8614856 1642040
1790704895551 1293524 8614856 1642040
1790704895586 1296716 8614856 1642040
1790704895623 1296716 8614856 1642040
1790704895657 1296716 8614856 1642040
1790704895696 1296716 8614856 1642040
1790704895736 1300944 8614856 1642040
1790704895773 1262932 8614856 1642040
1790704895806 1262932 8614856 1642040
1790704895842 1272272 8614856 1642040
1790704895879 1278284 8614856 1642040
1790704895916 1278284 8614856 1642040
1790704895954 1278284 8614856 1642040
1790704895994 1278284 8614856 1642040
1790704896034 1278284 8614856 1642040
1790704896073 1294672 8614856 1642040
1790704896113 1336532 8614856 1642040
1790704896146 1337152 8614856 1642040
1790704896185 1342676 8614856 1642040
1790704896224 1299800 8614856 1642040
1790704896258 1318236 8614856 1642040
1790704896295 1336536 8614856 1642040
1790704896334 1299220 8614856 1642040
1790704896367 1324252 8614856 1642040
1790704896404 1269088 8614856 1642040
1790704896439 1269088 8614856 1642040
1790704896481 1269088 8614856 1642040
1790704896519 1281252 8614856 1642040
1790704896558 1313116 8614856 1642040
1790704896590 1336548 8614856 1642040
1790704896626 1348832 8614856 1642040
1790704896661 1367264 8614856 1642040
1790704896700 1330528 8614856 1642040
1790704896732 1348964 8614856 1642040
1790704896767 1354976 8614856 1642040
1790704896807 1327452 8614856 1642040
1790704896842 1367264 8614856 1642040
1790704896882 1287520 8614856 1642040
1790704896917 1287520 8614856 1642040
1790704896958 1287520 8614856 1642040
1790704896998 1287520 8614856 1642040
1790704897039 1289568 8614856 1642040
1790704897078 1290584 8614856 1642040
1790704897115 1290584 8614856 1642040
1790704897155 1232228 8614856 1642040
1790704897192 1256672 8614856 1642040
1790704897226 1284440 8614856 1642040
1790704897265 1241440 8614856 1642040
1790704897302 1241440 8614856 1642040
1790704897341 1241440 8614856 1642040
1790704897379 1244384 8614856 1642040
1790704897418 1247576 8614856 1642040
1790704897449 1272152 8614856 1642040
1790704897487 1232224 8614856 1642040
1790704897526 1232224 8614856 1642040
1790704897564 1232224 8614856 1642040
1790704897603 1232228 8614856 1642040
1790704897637 1244388 8614856 1642040
1790704897677 1275808 8614856 1642040
1790704897714 1324268 8614856 1642040
1790704897749 1324268 8614856 1642040
1790704897788 1294696 8614856 1642040
1790704897827 1336556 8614856 1642040
1790704897863 1336556 8614856 1642040
1790704897900 1336556 8614856 1642040
1790704897940 1336556 8614856 1642040
1790704897974 1337112 8614856 1642040
1790704898012 1256684 8614856 1642040
1790704898046 1256684 8614856 1642040
1790704898083 1256684 8614856 1642040
1790704898121 1256688 8614856 1642040
1790704898154 1292652 8614856 1642040
1790704898193 1330420 8614856 1642040
1790704898232 1348848 8614856 1642040
1790704898270 1361136 8614856 1642040
1790704898309 1324400 8614856 1642040
1790704898347 1342836 8614856 1642040
1790704898386 1348856 8614856 1642040
1790704898425 1360572 8614856 1642040
1790704898456 1360572 8614856 1642040
1790704898491 1274684 8614856 1642040
1790704898529 1274684 8614856 1642040
1790704898564 1274684 8614856 1642040
1790704898602 1286844 8614856 1642040
1790704898636 1286844 8614856 1642040
1790704898674 1291844 8614856 1642040
1790704898709 1268412 8614856 1642040
1790704898749 1274556 8614856 1642040
1790704898791 1274556 8614856 1642040
1790704898830 1274564 8614856 1642040
1790704898870 1274568 8614856 1642040
1790704898910 1274568 8614856 1642040
1790704898949 1274568 8614856 1642040
1790704898989 1274568 8614856 1642040
1790704899029 1274568 8614856 1642040
1790704899066 1274568 8614856 1642040
1790704899107 1274568 8614856 1642040
1790704899146 1274568 8614856 1642040
1790704899179 1274568 8614856 1642040
1790704899215 1268424 8614856 1642040
1790704899254 1268424 8614856 1642040
1790704899294 1268424 8614856 1642040
1790704899334 1268424 8614856 1642040
1790704899371 1268424 8614856 1642040
1790704899410 1268424 8614856 1642040
1790704899452 1282144 8614856 1642040
1790704899492 1281888 8614856 1642040
1790704899528 1281888 8614856 1642040
1790704899564 1281888 8614856 1642040
1790704899599 1281888 8614856 1642040
1790704899635 1281888 8614856 1642040
1790704899671 1281888 8614856 1642040
1790704899707 1281888 8614856 1642040
1790704899744 1281888 8614856 1642040
1790704899781 1281888 8614856 1642040
1790704899818 1281888 8614856 1642040
1790704899854 1281888 8614856 1642040
1790704899890 1281888 8614856 1642040
1790704899926 1281888 8614856 1642040
1790704899962 1281888 8614856 1642040
1790704899998 1281888 8614856 1642040
1790704900034 1281888 8614856 1642040
1790704900069 1281888 8614856 1642040
1790704900106 1281888 8614856 1642040
1790704900143 1281888 8614856 1642040
1790704900179 1281888 8614856 1642040
1790704900215 1281888 8614856 1642040
1790704900251 1281888 8614856 1642040
1790704900289 1281888 8614856 1642040
1790704900326 1281888 8614856 1642040
1790704900363 1281888 8614856 1642040
1790704900399 1281888 8614856 1642040
1790704900436 1281888 8614856 1642040
1790704900472 1281888 8614856 1642040
1790704900510 1281888 8614856 1642040
1790704900546 1281888 8614856 1642040
1790704900582 1281888 8614856 1642040
1790704900620 1281888 8614856 1642040
1790704900657 1281888 8614856 1642040
1790704900694 1281888 8614856 1642040
1790704900730 1281888 8614856 1642040
1790704900766 1281888 8614856 1642040
1790704900803 1281888 8614856 1642040
1790704900840 1281888 8614856 1642040
1790704900878 1281888 8614856 1642040
1790704900915 1281888 8614856 1642040
1790704900951 1281888 8614856 1642040
1790704900986 1281888 8614856 1642040
1790704901022 1281888 8614856 1642040
1790704901058 1281888 8614856 1642040
1790704901094 1281888 8614856 1642040
1790704901130 1281888 8614856 1642040
1790704901165 1281888 8614856 1642040
1790704901202 1281888 8614856 1642040
1790704901238 1281888 8614856 1642040
1790704901277 1281888 8614856 1642040
1790704901314 1281888 8614856 1642040
1790704901350 1281888 8614856 1642040
1790704901386 1281888 8614856 1642040
1790704901423 1171288 8614856 1642040
1790704901461 1171288 8614856 1642040
1790704901499 1171288 8614856 1642040
1790704901537 1171288 8614856 1642040
1790704901575 1171288 8614856 1642040
1790704901614 1171288 8614856 1642040
1790704901651 1171288 8614856 1642040
1790704901690 1171288 8614856 1642040
1790704901728 1171288 8614856 1642040
1790704901766 1171288 8614856 1642040
1790704901803 1171288 8614856 1642040
1790704901840 1171288 8614856 1642040
1790704901878 1171288 8614856 1642040
1790704901916 1171288 8614856 1642040
1790704901954 1171288 8614856 1642040
1790704901991 1171288 8614856 1642040
1790704902029 1171288 8614856 1642040
1790704902068 1171288 8614856 1642040
1790704902107 1171288 8614856 1642040
1790704902144 1171288 8614856 1642040
1790704902182 1171288 8614856 1642040
1790704902220 1171288 8614856 1642040
1790704902256 1171288 8614856 1642040
1790704902292 1171288 8614856 1642040
1790704902328 1171288 8614856 1642040
1790704902365 1171288 8614856 1642040
1790704902402 1171288 8614856 1642040
1790704902438 1171288 8614856 1642040
1790704902474 1171288 8614856 1642040
1790704902510 1171288 8614856 1642040
1790704902546 1171288 8614856 1642040
1790704902582 1171288 8614856 1642040
1790704902619 1171288 8614856 1642040
1790704902656 1171288 8614856 1642040
1790704902691 1171288 8614856 1642040
1790704902727 1171288 8614856 1642040
1790704902764 1171288 8614856 1642040
1790704902800 1171288 8614856 1642040
1790704902836 1171288 8614856 1642040
1790704902873 1171288 8614856 1642040
1790704902909 1171288 8614856 1642040
1790704902947 1171288 8614856 1642040
1790704902982 1171288 8614856 1642040
1790704903018 1171288 8614856 1642040
1790704903056 1171288 8614856 1642040
1790704903093 1171288 8614856 1642040
1790704903129 1171288 8614856 1642040
1790704903164 1171288 8614856 1642040
1790704903200 1171288 8614856 1642040
1790704903238 1171288 8614856 1642040
1790704903274 1171288 8614856 1642040
1790704903310 1171288 8614856 1642040
1790704903346 1171288 8614856 1642040
1790704903383 1171288 8614856 1642040
1790704903419 1171288 8614856 1642040
1790704903457 1177476 8614856 1642040
1790704903495 1182496 8614856 1642040
1790704903533 1187444 8614856 1642040
1790704903571 1187504 8614856 1642040
1790704903611 1187504 8614856 1642040
1790704903650 1200876 8614856 1642040
1790704903691 1211116 8614856 1642040
1790704903731 1162220 8614856 1642040
1790704903771 1162224 8614856 1642040
1790704903807 1202968 8614856 1642040
1790704903848 1190232 8614856 1642040
1790704903888 1169748 8614856 1642040
1790704903927 1225056 8614856 1642040
1790704903964 1243484 8614856 1642040
1790704904004 1243484 8614856 1642040
1790704904043 1244124 8614856 1642040
1790704904081 1244124 8614856 1642040
1790704904121 1244124 8614856 1642040
1790704904159 1244124 8614856 1642040
1790704904196 1244124 8614856 1642040
1790704904232 1249884 8614856 1642040
1790704904268 1249884 8614856 1642040
1790704904306 1249884 8614856 1642040
1790704904343 1249884 8614856 1642040
1790704904379 1249884 8614856 1642040
1790704904415 1249884 8614856 1642040
1790704904452 1249884 8614856 1642040
1790704904488 1249884 8614856 1642040
1790704904524 1249884 8614856 1642040
1790704904560 1249884 8614856 1642040
1790704904596 1249884 8614856 1642040
1790704904633 1249884 8614856 1642040
1790704904669 1249884 8614856 1642040
1790704904706 1249884 8614856 1642040
1790704904743 1249884 8614856 1642040
1790704904780 1249884 8614856 1642040
1790704904817 1249884 8614856 1642040
1790704904853 1249884 8614856 1642040
1790704904891 1249884 8614856 1642040
1790704904927 1249884 8614856 1642040
1790704904963 1249884 8614856 1642040
1790704904999 1249884 8614856 1642040
1790704905036 1249884 8614856 1642040
1790704905072 1249884 8614856 1642040
1790704905109 1249884 8614856 1642040
1790704905145 1249884 8614856 1642040
1790704905182 1249884 8614856 1642040
1790704905218 1249884 8614856 1642040
1790704905254 1249884 8614856 1642040
1790704905291 1249884 8614856 1642040
1790704905330 1249884 8614856 1642040
1790704905369 1249884 8614856 1642040
1790704905405 1249884 8614856 1642040
1790704905441 1249884 8614856 1642040
1790704905477 1249884 8614856 1642040
1790704905514 1249884 8614856 1642040
1790704905551 1249884 8614856 1642040
1790704905588 1249884 8614856 1642040
1790704905626 1249884 8614856 1642040
1790704905662 1249884 8614856 1642040
1790704905699 1249884 8614856 1642040
1790704905736 1249884 8614856 1642040
1790704905773 1249884 8614856 1642040
1790704905811 1249884 8614856 1642040
1790704905847 1249884 8614856 1642040
1790704905884 1249884 8614856 1642040
1790704905922 1249884 8614856 1642040
1790704905958 1249884 8614856 1642040
1790704905994 1249884 8614856 1642040
1790704906031 1249884 8614856 1642040
1790704906068 1249884 8614856 1642040
1790704906105 1249884 8614856 1642040
1790704906142 1249884 8614856 1642040
1790704906179 1249884 8614856 1642040
1790704906216 1249884 8614856 1642040
1790704906253 1249884 8614856 1642040
1790704906291 1249884 8614856 1642040
1790704906327 1249884 8614856 1642040
1790704906363 1249884 8614856 1642040
1790704906399 1249884 8614856 1642040
1790704906435 1249884 8614856 1642040
1790704906471 1249884 8614856 1642040
1790704906508 1249884 8614856 1642040
1790704906544 1249884 8614856 1642040
1790704906580 1249884 8614856 1642040
1790704906617 1249884 8614856 1642040
1790704906654 1249884 8614856 1642040
1790704906692 1249884 8614856 1642040
1790704906729 1249884 8614856 1642040
1790704906765 1249884 8614856 1642040
1790704906801 1249884 8614856 1642040
1790704906839 1249884 8614856 1642040
1790704906876 1249884 8614856 1642040
1790704906913 1249884 8614856 1642040
1790704906949 1249884 8614856 1642040
1790704906986 1249884 8614856 1642040
1790704907023 1249884 8614856 1642040
1790704907060 1249884 8614856 1642040
1790704907096 1249884 8614856 1642040
1790704907132 1249884 8614856 1642040
1790704907169 1249884 8614856 1642040
1790704907205 1249892 8614856 1642040
1790704907241 1249892 8614856 1642040
1790704907278 1249892 8614856 1642040
1790704907314 1249892 8614856 1642040
1790704907351 1249892 8614856 1642040
1790704907389 1249892 8614856 1642040
1790704907428 1249892 8614856 1642040
1790704907466 1249892 8614856 1642040
1790704907503 1249892 8614856 1642040
1790704907540 1249892 8614856 1642040
1790704907578 1249892 8614856 1642040
1790704907615 1249892 8614856 1642040
1790704907651 1249892 8614856 1642040
1790704907689 1249892 8614856 1642040
1790704907724 1268324 8614856 1642040
1790704907761 1271516 8614856 1642040
1790704907796 1274468 8614856 1642040
1790704907833 1274468 8614856 1642040
1790704907866 1235056 8614856 1642040
1790704907904 1263788 8614856 1642040
1790704907942 1282280 8614856 1642040
1790704907976 1288424 8614856 1642040
1790704908015 1288424 8614856 1642040
1790704908052 1288424 8614856 1642040
1790704908086 1248356 8614856 1642040
1790704908119 1248356 8614856 1642040
1790704908152 1248972 8614856 1642040
1790704908188 1249892 8614856 1642040
1790704908223 1249892 8614856 1642040
1790704908263 1249892 8614856 1642040
1790704908301 1249892 8614856 1642040
1790704908339 1250956 8614856 1642040
1790704908375 1259072 8614856 1642040
1790704908410 1259108 8614856 1642040
1790704908447 1259108 8614856 1642040
1790704908484 1259108 8614856 1642040
1790704908520 1259108 8614856 1642040
1790704908558 1259108 8614856 1642040
1790704908595 1259108 8614856 1642040
1790704908633 1259108 8614856 1642040
1790704908670 1259108 8614856 1642040
1790704908708 1259108 8614856 1642040
1790704908745 1259108 8614856 1642040
1790704908782 1259108 8614856 1642040
1790704908818 1259108 8614856 1642040
1790704908854 1259108 8614856 1642040
1790704908896 1259108 8614856 1642040
1790704908932 1259108 8614856 1642040
1790704908969 1259108 8614856 1642040
1790704909005 1259108 8614856 1642040
1790704909043 1259108 8614856 1642040
1790704909080 1259108 8614856 1642040
1790704909117 1259108 8614856 1642040
1790704909154 1259108 8614856 1642040
1790704909190 1259108 8614856 1642040
1790704909227 1259108 8614856 1642040
1790704909263 1259108 8614856 1642040
1790704909301 1259108 8614856 1642040
1790704909338 1259108 8614856 1642040
1790704909377 1259108 8614856 1642040
1790704909414 1259108 8614856 1642040
1790704909452 1259108 8614856 1642040
1790704909488 1259108 8614856 1642040
1790704909525 1259108 8614856 1642040
1790704909562 1259108 8614856 1642040
1790704909599 1259108 8614856 1642040
1790704909635 1259108 8614856 1642040
1790704909671 1259108 8614856 1642040
1790704909710 1259108 8614856 1642040
1790704909748 1259108 8614856 1642040
1790704909786 1259108 8614856 1642040
1790704909823 1259108 8614856 1642040
1790704909862 1259108 8614856 1642040
1790704909900 1274472 8614856 1642040
1790704909940 1274472 8614856 1642040
1790704909977 1274472 8614856 1642040
1790704910015 1234664 8614856 1642040
1790704910054 1237608 8614856 1642040
1790704910089 1237608 8614856 1642040
1790704910122 1257580 8614856 1642040
1790704910158 1282152 8614856 1642040
1790704910195 1285224 8614856 1642040
1790704910229 1288296 8614856 1642040
1790704910266 1288296 8614856 1642040
1790704910304 1246824 8614856 1642040
1790704910342 1246824 8614856 1642040
1790704910378 1246828 8614856 1642040
1790704910415 1251432 8614856 1642040
1790704910451 1251432 8614856 1642040
1790704910488 1251432 8614856 1642040
1790704910525 1251432 8614856 1642040
1790704910564 1251432 8614856 1642040
1790704910602 1251432 8614856 1642040
1790704910638 1251432 8614856 1642040
1790704910678 1251432 8614856 1642040
1790704910715 1251432 8614856 1642040
1790704910752 1251432 8614856 1642040
1790704910788 1251432 8614856 1642040
1790704910825 1251432 8614856 1642040
1790704910862 1251432 8614856 1642040
1790704910899 1251432 8614856 1642040
1790704910936 1251432 8614856 1642040
1790704910972 1251432 8614856 1642040
1790704911008 1251432 8614856 1642040
1790704911045 1251432 8614856 1642040
1790704911082 1251432 8614856 1642040
1790704911118 1251432 8614856 1642040
1790704911154 1251432 8614856 1642040
1790704911190 1251432 8614856 1642040
1790704911227 1251432 8614856 1642040
1790704911263 1251432 8614856 1642040
1790704911300 1251432 8614856 1642040
1790704911336 1251432 8614856 1642040
1790704911373 1251432 8614856 1642040
1790704911409 1251432 8614856 1642040
1790704911445 1251432 8614856 1642040
1790704911483 1251432 8614856 1642040
1790704911520 1251432 8614856 1642040
1790704911556 1251432 8614856 1642040
1790704911593 1251432 8614856 1642040
1790704911630 1251432 8614856 1642040
1790704911668 1251432 8614856 1642040
1790704911706 1251432 8614856 1642040
1790704911742 1251432 8614856 1642040
1790704911778 1251432 8614856 1642040
1790704911815 1251432 8614856 1642040
1790704911852 1251432 8614856 1642040
1790704911888 1251432 8614856 1642040
1790704911926 1251432 8614856 1642040
1790704911962 1251432 8614856 1642040
1790704912000 1251432 8614856 1642040
1790704912036 1251432 8614856 1642040
1790704912074 1251432 8614856 1642040
1790704912112 1251432 8614856 1642040
1790704912148 1251432 8614856 1642040
1790704912185 1251432 8614856 1642040
1790704912221 1251432 8614856 1642040
1790704912257 1251432 8614856 1642040
1790704912297 1251432 8614856 1642040
1790704912335 1251432 8614856 1642040
1790704912371 1251432 8614856 1642040
1790704912409 1251432 8614856 1642040
1790704912445 1251432 8614856 1642040
1790704912482 1251432 8614856 1642040
1790704912519 1251432 8614856 1642040
1790704912555 1251432 8614856 1642040
1790704912591 1251432 8614856 1642040
1790704912628 1251432 8614856 1642040
1790704912665 1251432 8614856 1642040
1790704912702 1251432 8614856 1642040
1790704912740 1251432 8614856 1642040
1790704912777 1251432 8614856 1642040
1790704912813 1251432 8614856 1642040
1790704912850 1256912 8614856 1642040
1790704912890 1269064 8614856 1642040
1790704912928 1241044 8614856 1642040
1790704912966 1241044 8614856 1642040
1790704913002 1241044 8614856 1642040
1790704913038 1241044 8614856 1642040
1790704913074 1242580 8614856 1642040
1790704913110 1253332 8614856 1642040
1790704913149 1265156 8614856 1642040
1790704913180 1274960 8614856 1642040
1790704913216 1296340 8614856 1642040
1790704913250 1256532 8614856 1642040
1790704913289 1256532 8614856 1642040
1790704913327 1256532 8614856 1642040
1790704913363 1256532 8614856 1642040
1790704913395 1261236 8614856 1642040
1790704913437 1284052 8614856 1642040
1790704913476 1308628 8614856 1642040
1790704913513 1271892 8614856 1642040
1790704913551 1271892 8614856 1642040
1790704913588 1271892 8614856 1642040
1790704913627 1271892 8614856 1642040
1790704913668 1271892 8614856 1642040
1790704913702 1271892 8614856 1642040
1790704913738 1273300 8614856 1642040
1790704913773 1273300 8614856 1642040
1790704913809 1273300 8614856 1642040
1790704913846 1273300 8614856 1642040
1790704913884 1273300 8614856 1642040
1790704913915 1293388 8614856 1642040
1790704913954 1308632 8614856 1642040
1790704913993 1320916 8614856 1642040
1790704914031 1281108 8614856 1642040
1790704914067 1281108 8614856 1642040
1790704914107 1281108 8614856 1642040
1790704914145 1293388 8614856 1642040
1790704914182 1314872 8614856 1642040
1790704914220 1320916 8614856 1642040
1790704914259 1284180 8614856 1642040
1790704914298 1284180 8614856 1642040
1790704914339 1284180 8614856 1642040
1790704914377 1296340 8614856 1642040
1790704914417 1320916 8614856 1642040
1790704914450 1284180 8614856 1642040
1790704914489 1284180 8614856 1642040
1790704914524 1284180 8614856 1642040
1790704914562 1284180 8614856 1642040
1790704914599 1299532 8614856 1642040
1790704914638 1289292 8614856 1642040
1790704914677 1302488 8614856 1642040
1790704914711 1327064 8614856 1642040
1790704914747 1284184 8614856 1642040
1790704914783 1284184 8614856 1642040
1790704914820 1284184 8614856 1642040
1790704914858 1284184 8614856 1642040
1790704914895 1305680 8614856 1642040
1790704914931 1277912 8614856 1642040
1790704914967 1299536 8614856 1642040
1790704914999 1340496 8614856 1642040
1790704915040 1354832 8614856 1642040
1790704915078 1367120 8614856 1642040
1790704915116 1373264 8614856 1642040
1790704915148 1373264 8614856 1642040
1790704915188 1373264 8614856 1642040
1790704915229 1373264 8614856 1642040
1790704915269 1373264 8614856 1642040
1790704915304 1301584 8614856 1642040
1790704915344 1344592 8614856 1642040
1790704915382 1393744 8614856 1642040
1790704915422 1393744 8614856 1642040
1790704915463 1393744 8614856 1642040
1790704915502 1399888 8614856 1642040
1790704915535 1399888 8614856 1642040
1790704915570 1383504 8614856 1642040
1790704915611 1399888 8614856 1642040
1790704915645 1374768 8614856 1642040
1790704915685 1323568 8614856 1642040
1790704915723 1323568 8614856 1642040
1790704915758 1323572 8614856 1642040
1790704915796 1323572 8614856 1642040
1790704915833 1328564 8614856 1642040
1790704915869 1332660 8614856 1642040
1790704915904 1332660 8614856 1642040
1790704915940 1332660 8614856 1642040
1790704915981 1332660 8614856 1642040
1790704916021 1332660 8614856 1642040
1790704916059 1332660 8614856 1642040
1790704916096 1332660 8614856 1642040
1790704916131 1332660 8614856 1642040
1790704916170 1347012 8614856 1642040
1790704916210 1298996 8614856 1642040
1790704916248 1305132 8614856 1642040
1790704916283 1323564 8614856 1642040
1790704916316 1323564 8614856 1642040
1790704916347 1323564 8614856 1642040
1790704916379 1326640 8614856 1642040
1790704916418 1328176 8614856 1642040
1790704916457 1323564 8614856 1642040
1790704916494 1323564 8614856 1642040
1790704916531 1335852 8614856 1642040
1790704916570 1372716 8614856 1642040
1790704916600 1378860 8614856 1642040
1790704916634 1378864 8614856 1642040
1790704916677 1378868 8614856 1642040
1790704916710 1378868 8614856 1642040
1790704916750 1378868 8614856 1642040
1790704916789 1368628 8614856 1642040
1790704916832 1299792 8614856 1642040
1790704916873 1311284 8614856 1642040
1790704916913 1311284 8614856 1642040
1790704916950 1311284 8614856 1642040
1790704916989 1352244 8614856 1642040
1790704917022 1385012 8614856 1642040
1790704917055 1403444 8614856 1642040
1790704917094 1403444 8614856 1642040
1790704917127 1403444 8614856 1642040
1790704917166 1409588 8614856 1642040
1790704917206 1409588 8614856 1642040
1790704917244 1378876 8614856 1642040
1790704917281 1399348 8614856 1642040
1790704917314 1335868 8614856 1642040
1790704917352 1335868 8614856 1642040
1790704917391 1335868 8614856 1642040
1790704917430 1335868 8614856 1642040
1790704917465 1335868 8614856 1642040
1790704917500 1337276 8614856 1642040
1790704917537 1337276 8614856 1642040
1790704917574 1299004 8614856 1642040
1790704917610 1299004 8614856 1642040
1790704917643 1301948 8614856 1642040
1790704917680 1326524 8614856 1642040
1790704917712 1289788 8614856 1642040
1790704917750 1289788 8614856 1642040
1790704917789 1292864 8614856 1642040
1790704917828 1289788 8614856 1642040
1790704917863 1289788 8614856 1642040
1790704917898 1314236 8614856 1642040
1790704917935 1314236 8614856 1642040
1790704917973 1279808 8614856 1642040
1790704918013 1281344 8614856 1642040
1790704918052 1277500 8614856 1642040
1790704918087 1288840 8614856 1642040
1790704918128 1311284 8614856 1642040
1790704918165 1350196 8614856 1642040
1790704918199 1366580 8614856 1642040
1790704918239 1378868 8614856 1642040
1790704918277 1338940 8614856 1642040
1790704918309 1357376 8614856 1642040
1790704918343 1369532 8614856 1642040
1790704918380 1332796 8614856 1642040
1790704918419 1369036 8614856 1642040
1790704918459 1301948 8614856 1642040
1790704918498 1301948 8614856 1642040
1790704918531 1301948 8614856 1642040
1790704918566 1317288 8614856 1642040
1790704918603 1346104 8614856 1642040
1790704918639 1387636 8614856 1642040
1790704918674 1387964 8614856 1642040
1790704918712 1394108 8614856 1642040
1790704918754 1357372 8614856 1642040
1790704918792 1381824 8614856 1642040
1790704918828 1400252 8614856 1642040
1790704918864 1400252 8614856 1642040
1790704918901 1400252 8614856 1642040
1790704918936 1320508 8614856 1642040
1790704918976 1320508 8614856 1642040
1790704919017 1320508 8614856 1642040
1790704919056 1320508 8614856 1642040
1790704919095 1320512 8614856 1642040
1790704919133 1326524 8614856 1642040
1790704919167 1326524 8614856 1642040
1790704919203 1326524 8614856 1642040
1790704919243 1326524 8614856 1642040
1790704919281 1326528 8614856 1642040
1790704919323 1326528 8614856 1642040
1790704919365 1326528 8614856 1642040
1790704919404 1326528 8614856 1642040
1790704919444 1326528 8614856 1642040
1790704919483 1326528 8614856 1642040
1790704919525 1326528 8614856 1642040
1790704919565 1326528 8614856 1642040
1790704919599 1326528 8614856 1642040
1790704919640 1326528 8614856 1642040
1790704919679 1293768 8614856 1642040
1790704919712 1297856 8614856 1642040
1790704919752 1271192 8614856 1642040
1790704919790 1289664 8614856 1642040
1790704919832 1279424 8614856 1642040
1790704919867 1299000 8614856 1642040
1790704919901 1279672 8614856 1642040
1790704919935 1256000 8614856 1642040
1790704919969 1260480 8614856 1642040
1790704920008 1288144 8614856 1642040
1790704920046 1251032 8614856 1642040
1790704920082 1251032 8614856 1642040
1790704920118 1251032 8614856 1642040
1790704920154 1251032 8614856 1642040
1790704920191 1251032 8614856 1642040
1790704920227 1251032 8614856 1642040
1790704920263 1251032 8614856 1642040
1790704920299 1251032 8614856 1642040
1790704920335 1251032 8614856 1642040
1790704920372 1251032 8614856 1642040
1790704920408 1251032 8614856 1642040
1790704920444 1251032 8614856 1642040
1790704920482 1251032 8614856 1642040
1790704920519 1251032 8614856 1642040
1790704920556 1251032 8614856 1642040
1790704920592 1251032 8614856 1642040
1790704920628 1251032 8614856 1642040
1790704920664 1251032 8614856 1642040
1790704920701 1251032 8614856 1642040
1790704920737 1251032 8614856 1642040
1790704920775 1251032 8614856 1642040
1790704920811 1251032 8614856 1642040
1790704920848 1251032 8614856 1642040
1790704920885 1251032 8614856 1642040
1790704920922 1251032 8614856 1642040
1790704920959 1251032 8614856 1642040
1790704920995 1251032 8614856 1642040
1790704921031 1251032 8614856 1642040
1790704921068 1251032 8614856 1642040
1790704921106 1251032 8614856 1642040
1790704921141 1251032 8614856 1642040
1790704921178 1251032 8614856 1642040
1790704921214 1251032 8614856 1642040
1790704921251 1251036 8614856 1642040
1790704921288 1251036 8614856 1642040
1790704921325 1251036 8614856 1642040
1790704921363 1251036 8614856 1642040
1790704921399 1251036 8614856 1642040
1790704921434 1251036 8614856 1642040
1790704921471 1251036 8614856 1642040
1790704921507 1251036 8614856 1642040
1790704921543 1251036 8614856 1642040
1790704921579 1251036 8614856 1642040
1790704921615 1251036 8614856 1642040
1790704921655 1251036 8614856 1642040
1790704921693 1251036 8614856 1642040
1790704921730 1251036 8614856 1642040
1790704921767 1251036 8614856 1642040
1790704921804 1177300 8614856 1642040
1790704921841 1177304 8614856 1642040
1790704921879 1177304 8614856 1642040
1790704921916 1177304 8614856 1642040
1790704921953 1177304 8614856 1642040
1790704921990 1177304 8614856 1642040
1790704922028 1177304 8614856 1642040
1790704922067 1177304 8614856 1642040
1790704922108 1177304 8614856 1642040
1790704922146 1177304 8614856 1642040
1790704922185 1177304 8614856 1642040
1790704922224 1177304 8614856 1642040
1790704922262 1177304 8614856 1642040
1790704922301 1177304 8614856 1642040
1790704922339 1177304 8614856 1642040
1790704922376 1177304 8614856 1642040
1790704922414 1177304 8614856 1642040
1790704922452 1177304 8614856 1642040
1790704922490 1177304 8614856 1642040
1790704922530 1177304 8614856 1642040
1790704922568 1177304 8614856 1642040
1790704922605 1177304 8614856 1642040
1790704922642 1177304 8614856 1642040
1790704922680 1177304 8614856 1642040
1790704922716 1177304 8614856 1642040
1790704922754 1177304 8614856 1642040
1790704922790 1177304 8614856 1642040
1790704922828 1177304 8614856 1642040
1790704922864 1177304 8614856 1642040
1790704922901 1177304 8614856 1642040
1790704922937 1177304 8614856 1642040
1790704922973 1177304 8614856 1642040
1790704923011 1177304 8614856 1642040
1790704923054 1177304 8614856 1642040
1790704923091 1177304 8614856 1642040
1790704923127 1177304 8614856 1642040
1790704923163 1177304 8614856 1642040
1790704923199 1177304 8614856 1642040
1790704923236 1177304 8614856 1642040
1790704923273 1177304 8614856 1642040
1790704923311 1177304 8614856 1642040
1790704923347 1177304 8614856 1642040
1790704923385 1177304 8614856 1642040
1790704923421 1177304 8614856 1642040
1790704923457 1177304 8614856 1642040
1790704923494 1177304 8614856 1642040
1790704923531 1177304 8614856 1642040
1790704923568 1177304 8614856 1642040
1790704923605 1177304 8614856 1642040
1790704923642 1177304 8614856 1642040
1790704923679 1177304 8614856 1642040
1790704923718 1183880 8614856 1642040
1790704923756 1195844 8614856 1642040
1790704923798 1196392 8614856 1642040
1790704923839 1196404 8614856 1642040
1790704923880 1196404 8614856 1642040
1790704923919 1199460 8614856 1642040
1790704923960 1219972 8614856 1642040
1790704923999 1171136 8614856 1642040
1790704924037 1171136 8614856 1642040
1790704924077 1199496 8614856 1642040
1790704924118 1209736 8614856 1642040
1790704924158 1208004 8614856 1642040
1790704924200 1224396 8614856 1642040
1790704924240 1281740 8614856 1642040
1790704924280 1281740 8614856 1642040
1790704924320 1282380 8614856 1642040
1790704924359 1282380 8614856 1642040
1790704924397 1282380 8614856 1642040
1790704924436 1282380 8614856 1642040
1790704924474 1282380 8614856 1642040
1790704924510 1282380 8614856 1642040
1790704924548 1288144 8614856 1642040
1790704924585 1288144 8614856 1642040
1790704924621 1288144 8614856 1642040
1790704924657 1288144 8614856 1642040
1790704924694 1288400 8614856 1642040
1790704924732 1288144 8614856 1642040
1790704924769 1288144 8614856 1642040
1790704924805 1288144 8614856 1642040
1790704924841 1288144 8614856 1642040
1790704924878 1288144 8614856 1642040
1790704924914 1288144 8614856 1642040
1790704924951 1288144 8614856 1642040
1790704924988 1288144 8614856 1642040
1790704925025 1288144 8614856 1642040
1790704925062 1288144 8614856 1642040
1790704925101 1288148 8614856 1642040
1790704925140 1288148 8614856 1642040
1790704925178 1288148 8614856 1642040
1790704925217 1288152 8614856 1642040
1790704925253 1288152 8614856 1642040
1790704925290 1288152 8614856 1642040
1790704925326 1288152 8614856 1642040
1790704925362 1288152 8614856 1642040
1790704925400 1288152 8614856 1642040
1790704925437 1288152 8614856 1642040
1790704925474 1288152 8614856 1642040
1790704925512 1288152 8614856 1642040
1790704925548 1288152 8614856 1642040
1790704925585 1288152 8614856 1642040
1790704925624 1288152 8614856 1642040
1790704925663 1288152 8614856 1642040
1790704925701 1288152 8614856 1642040
1790704925739 1288152 8614856 1642040
1790704925776 1288152 8614856 1642040
1790704925814 1288152 8614856 1642040
1790704925853 1288152 8614856 1642040
1790704925891 1288152 8614856 1642040
1790704925927 1288152 8614856 1642040
1790704925963 1288152 8614856 1642040
1790704926002 1288152 8614856 1642040
1790704926041 1288152 8614856 1642040
1790704926078 1288152 8614856 1642040
1790704926114 1288152 8614856 1642040
1790704926150 1288152 8614856 1642040
1790704926187 1288152 8614856 1642040
1790704926225 1288152 8614856 1642040
1790704926261 1288152 8614856 1642040
1790704926298 1288152 8614856 1642040
1790704926336 1288152 8614856 1642040
1790704926375 1288152 8614856 1642040
1790704926413 1288156 8614856 1642040
1790704926451 1288156 8614856 1642040
1790704926490 1288160 8614856 1642040
1790704926526 1288160 8614856 1642040
1790704926561 1288160 8614856 1642040
1790704926597 1288160 8614856 1642040
1790704926634 1288160 8614856 1642040
1790704926670 1288160 8614856 1642040
1790704926707 1288160 8614856 1642040
1790704926746 1288164 8614856 1642040
1790704926785 1288164 8614856 1642040
1790704926821 1288164 8614856 1642040
1790704926860 1288164 8614856 1642040
1790704926898 1288164 8614856 1642040
1790704926934 1288164 8614856 1642040
1790704926970 1288164 8614856 1642040
1790704927007 1288164 8614856 1642040
1790704927046 1288164 8614856 1642040
1790704927084 1288164 8614856 1642040
1790704927122 1288164 8614856 1642040
1790704927159 1288164 8614856 1642040
1790704927195 1288164 8614856 1642040
1790704927234 1288164 8614856 1642040
1790704927272 1288164 8614856 1642040
1790704927309 1288164 8614856 1642040
1790704927346 1288164 8614856 1642040
1790704927383 1288164 8614856 1642040
1790704927420 1288164 8614856 1642040
1790704927459 1288164 8614856 1642040
1790704927497 1288164 8614856 1642040
1790704927534 1288164 8614856 1642040
1790704927570 1288164 8614856 1642040
1790704927607 1288164 8614856 1642040
1790704927644 1288164 8614856 1642040
1790704927680 1288164 8614856 1642040
1790704927716 1288164 8614856 1642040
1790704927753 1288164 8614856 1642040
1790704927792 1288164 8614856 1642040
1790704927831 1288164 8614856 1642040
1790704927870 1288164 8614856 1642040
1790704927908 1288164 8614856 1642040
1790704927949 1288164 8614856 1642040
1790704927989 1288164 8614856 1642040
1790704928028 1288164 8614856 1642040
1790704928069 1288164 8614856 1642040
1790704928110 1288176 8614856 1642040
1790704928147 1288176 8614856 1642040
1790704928187 1291120 8614856 1642040
1790704928226 1291120 8614856 1642040
1790704928263 1291124 8614856 1642040
1790704928304 1294316 8614856 1642040
1790704928342 1300460 8614856 1642040
1790704928382 1300460 8614856 1642040
1790704928420 1300460 8614856 1642040
1790704928462 1300460 8614856 1642040
1790704928503 1300460 8614856 1642040
1790704928545 1300460 8614856 1642040
1790704928587 1300464 8614856 1642040
1790704928628 1300464 8614856 1642040
1790704928668 1300464 8614856 1642040
1790704928707 1300464 8614856 1642040
1790704928746 1300464 8614856 1642040
1790704928783 1300464 8614856 1642040
1790704928819 1300464 8614856 1642040
1790704928855 1300464 8614856 1642040
1790704928892 1300464 8614856 1642040
1790704928928 1300464 8614856 1642040
1790704928965 1300464 8614856 1642040
1790704929001 1300464 8614856 1642040
1790704929040 1300464 8614856 1642040
1790704929078 1300464 8614856 1642040
1790704929115 1300464 8614856 1642040
1790704929151 1300464 8614856 1642040
1790704929187 1300464 8614856 1642040
1790704929224 1300464 8614856 1642040
1790704929261 1300464 8614856 1642040
1790704929299 1300464 8614856 1642040
1790704929336 1300464 8614856 1642040
1790704929372 1300464 8614856 1642040
1790704929409 1300464 8614856 1642040
1790704929446 1300464 8614856 1642040
1790704929485 1300464 8614856 1642040
1790704929523 1300464 8614856 1642040
1790704929562 1300464 8614856 1642040
1790704929599 1300464 8614856 1642040
1790704929640 1300464 8614856 1642040
1790704929681 1300464 8614856 1642040
1790704929719 1300464 8614856 1642040
1790704929756 1300464 8614856 1642040
1790704929793 1300464 8614856 1642040
1790704929829 1300464 8614856 1642040
1790704929866 1300464 8614856 1642040
1790704929903 1300464 8614856 1642040
1790704929939 1300464 8614856 1642040
1790704929975 1300464 8614856 1642040
1790704930015 1300464 8614856 1642040
1790704930054 1300464 8614856 1642040
1790704930091 1300464 8614856 1642040
1790704930127 1300464 8614856 1642040
1790704930163 1300464 8614856 1642040
1790704930202 1300464 8614856 1642040
1790704930237 1300464 8614856 1642040
1790704930277 1300464 8614856 1642040
1790704930316 1300464 8614856 1642040
1790704930356 1300464 8614856 1642040
1790704930398 1300464 8614856 1642040
1790704930439 1300464 8614856 1642040
1790704930477 1300464 8614856 1642040
1790704930509 1300464 8614856 1642040
1790704930549 1300464 8614856 1642040
1790704930587 1300464 8614856 1642040
1790704930628 1300472 8614856 1642040
1790704930670 1300472 8614856 1642040
1790704930712 1300472 8614856 1642040
1790704930752 1300476 8614856 1642040
1790704930791 1300476 8614856 1642040
1790704930828 1300476 8614856 1642040
1790704930865 1300476 8614856 1642040
1790704930902 1300476 8614856 1642040
1790704930938 1300476 8614856 1642040
1790704930975 1300476 8614856 1642040
1790704931013 1300476 8614856 1642040
1790704931049 1300476 8614856 1642040
1790704931086 1300476 8614856 1642040
1790704931123 1300476 8614856 1642040
1790704931159 1300476 8614856 1642040
1790704931198 1300476 8614856 1642040
1790704931236 1300476 8614856 1642040
1790704931272 1300476 8614856 1642040
1790704931309 1300476 8614856 1642040
1790704931346 1300476 8614856 1642040
1790704931382 1300476 8614856 1642040
1790704931421 1300476 8614856 1642040
1790704931459 1300476 8614856 1642040
1790704931495 1300476 8614856 1642040
1790704931532 1300476 8614856 1642040
1790704931569 1300476 8614856 1642040
1790704931606 1300476 8614856 1642040
1790704931643 1300476 8614856 1642040
1790704931679 1300476 8614856 1642040
1790704931716 1300476 8614856 1642040
1790704931752 1300476 8614856 1642040
1790704931790 1300476 8614856 1642040
1790704931828 1300476 8614856 1642040
1790704931864 1300476 8614856 1642040
1790704931901 1300476 8614856 1642040
1790704931938 1300476 8614856 1642040
1790704931975 1300476 8614856 1642040
1790704932012 1300476 8614856 1642040
1790704932048 1300476 8614856 1642040
1790704932088 1300476 8614856 1642040
1790704932126 1300476 8614856 1642040
1790704932163 1300476 8614856 1642040
1790704932200 1300476 8614856 1642040
1790704932237 1300476 8614856 1642040
1790704932273 1300476 8614856 1642040
1790704932311 1300476 8614856 1642040
1790704932348 1300476 8614856 1642040
1790704932384 1300476 8614856 1642040
1790704932420 1300476 8614856 1642040
1790704932457 1300476 8614856 1642040
1790704932493 1300476 8614856 1642040
1790704932530 1300476 8614856 1642040
1790704932569 1300476 8614856 1642040
1790704932609 1300476 8614856 1642040
1790704932645 1300476 8614856 1642040
1790704932682 1300476 8614856 1642040
1790704932718 1300476 8614856 1642040
1790704932755 1300476 8614856 1642040
1790704932791 1300476 8614856 1642040
1790704932828 1300476 8614856 1642040
1790704932864 1300476 8614856 1642040
1790704932901 1300476 8614856 1642040
1790704932938 1300476 8614856 1642040
1790704932977 1300476 8614856 1642040
1790704933015 1300476 8614856 1642040
1790704933051 1300476 8614856 1642040
1790704933090 1300476 8614856 1642040
1790704933133 1323388 8614856 1642040
1790704933176 1323132 8614856 1642040
1790704933218 1323132 8614856 1642040
1790704933257 1323132 8614856 1642040
1790704933295 1323132 8614856 1642040
1790704933333 1323132 8614856 1642040
1790704933374 1323132 8614856 1642040
1790704933417 1323132 8614856 1642040
1790704933456 1329276 8614856 1642040
1790704933496 1329276 8614856 1642040
1790704933535 1329276 8614856 1642040
1790704933576 1329276 8614856 1642040
1790704933616 1329276 8614856 1642040
1790704933657 1329276 8614856 1642040
1790704933698 1329276 8614856 1642040
1790704933734 1341564 8614856 1642040
1790704933773 1301636 8614856 1642040
1790704933813 1301636 8614856 1642040
1790704933853 1301636 8614856 1642040
1790704933892 1301636 8614856 1642040
1790704933934 1307652 8614856 1642040
1790704933976 1307652 8614856 1642040
1790704934016 1307652 8614856 1642040
1790704934058 1307652 8614856 1642040
1790704934100 1307652 8614856 1642040
1790704934134 1313800 8614856 1642040
1790704934172 1335420 8614856 1642040
1790704934208 1353852 8614856 1642040
1790704934243 1307784 8614856 1642040
1790704934283 1307784 8614856 1642040
1790704934322 1307784 8614856 1642040
1790704934362 1313804 8614856 1642040
1790704934398 1335424 8614856 1642040
1790704934437 1353856 8614856 1642040
1790704934471 1312392 8614856 1642040
1790704934511 1312392 8614856 1642040
1790704934550 1312392 8614856 1642040
1790704934589 1313800 8614856 1642040
1790704934627 1329280 8614856 1642040
1790704934666 1353856 8614856 1642040
1790704934705 1310856 8614856 1642040
1790704934745 1310856 8614856 1642040
1790704934784 1310856 8614856 1642040
1790704934822 1315848 8614856 1642040
1790704934855 1332232 8614856 1642040
1790704934893 1332232 8614856 1642040
1790704934926 1352712 8614856 1642040
1790704934967 1356808 8614856 1642040
1790704935005 1317000 8614856 1642040
1790704935045 1317000 8614856 1642040
1790704935086 1319944 8614856 1642040
1790704935122 1338376 8614856 1642040
1790704935162 1338376 8614856 1642040
1790704935200 1349764 8614856 1642040
1790704935232 1381388 8614856 1642040
1790704935270 1399816 8614856 1642040
1790704935310 1405968 8614856 1642040
1790704935349 1405980 8614856 1642040
1790704935384 1405980 8614856 1642040
1790704935424 1369780 8614856 1642040
1790704935458 1412132 8614856 1642040
1790704935497 1412132 8614856 1642040
1790704935534 1332264 8614856 1642040
1790704935574 1362984 8614856 1642040
1790704935611 1401000 8614856 1642040
1790704935651 1424424 8614856 1642040
1790704935691 1424432 8614856 1642040
1790704935724 1430576 8614856 1642040
1790704935762 1430576 8614856 1642040
1790704935804 1392812 8614856 1642040
1790704935841 1436720 8614856 1642040
1790704935879 1436748 8614856 1642040
1790704935920 1332296 8614856 1642040
1790704935962 1335368 8614856 1642040
1790704936005 1341636 8614856 1642040
1790704936048 1349316 8614856 1642040
1790704936082 1363016 8614856 1642040
1790704936123 1363016 8614856 1642040
1790704936161 1363016 8614856 1642040
1790704936200 1363016 8614856 1642040
1790704936238 1366208 8614856 1642040
1790704936280 1366208 8614856 1642040
1790704936317 1366208 8614856 1642040
1790704936350 1366208 8614856 1642040
1790704936382 1366208 8614856 1642040
1790704936419 1378496 8614856 1642040
1790704936460 1332424 8614856 1642040
1790704936499 1335624 8614856 1642040
1790704936534 1347776 8614856 1642040
1790704936575 1347776 8614856 1642040
1790704936614 1347776 8614856 1642040
1790704936651 1347776 8614856 1642040
1790704936688 1347776 8614856 1642040
1790704936729 1347780 8614856 1642040
1790704936768 1387596 8614856 1642040
1790704936809 1399880 8614856 1642040
1790704936847 1418312 8614856 1642040
1790704936885 1418312 8614856 1642040
1790704936923 1393740 8614856 1642040
1790704936964 1412168 8614856 1642040
1790704937001 1418312 8614856 1642040
1790704937039 1418312 8614856 1642040
1790704937079 1332424 8614856 1642040
1790704937115 1338440 8614856 1642040
1790704937155 1338440 8614856 1642040
1790704937195 1338440 8614856 1642040
1790704937232 1380544 8614856 1642040
1790704937269 1427648 8614856 1642040
1790704937307 1427648 8614856 1642040
1790704937349 1427648 8614856 1642040
1790704937388 1433792 8614856 1642040
1790704937421 1433796 8614856 1642040
1790704937461 1423556 8614856 1642040
1790704937500 1433796 8614856 1642040
1790704937540 1403084 8614856 1642040
1790704937574 1347788 8614856 1642040
1790704937616 1347788 8614856 1642040
1790704937653 1350732 8614856 1642040
1790704937694 1356876 8614856 1642040
1790704937733 1363020 8614856 1642040
1790704937772 1363020 8614856 1642040
1790704937810 1363020 8614856 1642040
1790704937849 1313872 8614856 1642040
1790704937886 1335492 8614856 1642040
1790704937922 1353924 8614856 1642040
1790704937956 1310924 8614856 1642040
1790704937997 1310924 8614856 1642040
1790704938038 1310924 8614856 1642040
1790704938076 1313868 8614856 1642040
1790704938116 1317060 8614856 1642040
1790704938154 1341636 8614856 1642040
1790704938190 1301708 8614856 1642040
1790704938228 1301708 8614856 1642040
1790704938266 1301708 8614856 1642040
1790704938305 1301708 8614856 1642040
1790704938343 1317064 8614856 1642040
1790704938383 1335500 8614856 1642040
1790704938419 1378512 8614856 1642040
1790704938460 1393744 8614856 1642040
1790704938502 1367716 8614856 1642040
1790704938540 1411624 8614856 1642040
1790704938577 1411624 8614856 1642040
1790704938619 1393196 8614856 1642040
1790704938661 1405480 8614856 1642040
1790704938693 1405480 8614856 1642040
1790704938732 1331880 8614856 1642040
1790704938767 1331880 8614856 1642040
1790704938808 1331880 8614856 1642040
1790704938847 1331880 8614856 1642040
1790704938885 1373860 8614856 1642040
1790704938923 1411312 8614856 1642040
1790704938964 1423912 8614856 1642040
1790704939006 1423912 8614856 1642040
1790704939041 1430056 8614856 1642040
1790704939078 1430056 8614856 1642040
1790704939114 1430056 8614856 1642040
1790704939156 1430056 8614856 1642040
1790704939192 1436200 8614856 1642040
1790704939231 1356456 8614856 1642040
1790704939269 1356456 8614856 1642040
1790704939310 1356456 8614856 1642040
1790704939353 1356456 8614856 1642040
1790704939394 1359524 8614856 1642040
1790704939436 1359524 8614856 1642040
1790704939475 1359524 8614856 1642040
1790704939518 1359524 8614856 1642040
1790704939560 1359524 8614856 1642040
1790704939601 1359524 8614856 1642040
1790704939642 1359524 8614856 1642040
1790704939682 1359524 8614856 1642040
1790704939723 1359528 8614856 1642040
1790704939766 1359528 8614856 1642040
1790704939810 1359528 8614856 1642040
1790704939851 1359528 8614856 1642040
1790704939894 1359528 8614856 1642040
1790704939933 1327668 8614856 1642040
1790704939969 1337904 8614856 1642040
1790704940012 1337904 8614856 1642040
1790704940052 1337904 8614856 1642040
1790704940092 1337904 8614856 1642040
1790704940134 1337912 8614856 1642040
1790704940169 1344312 8614856 1642040
1790704940212 1307324 8614856 1642040
1790704940250 1307324 8614856 1642040
1790704940288 1307324 8614856 1642040
1790704940327 1307324 8614856 1642040
1790704940364 1307324 8614856 1642040
1790704940401 1307324 8614856 1642040
1790704940439 1307324 8614856 1642040
1790704940477 1307324 8614856 1642040
1790704940515 1307324 8614856 1642040
1790704940552 1307324 8614856 1642040
1790704940590 1307324 8614856 1642040
1790704940625 1307324 8614856 1642040
1790704940663 1307324 8614856 1642040
1790704940700 1307324 8614856 1642040
1790704940738 1307324 8614856 1642040
1790704940774 1307324 8614856 1642040
1790704940810 1307324 8614856 1642040
1790704940848 1307324 8614856 1642040
1790704940887 1307324 8614856 1642040
1790704940923 1307324 8614856 1642040
1790704940962 1307324 8614856 1642040
1790704941001 1307324 8614856 1642040
1790704941039 1307324 8614856 1642040
1790704941076 1307324 8614856 1642040
1790704941114 1307324 8614856 1642040
1790704941151 1307324 8614856 1642040
1790704941189 1307324 8614856 1642040
1790704941227 1307324 8614856 1642040
1790704941264 1307324 8614856 1642040
1790704941303 1307324 8614856 1642040
1790704941341 1307324 8614856 1642040
1790704941379 1307324 8614856 1642040
1790704941416 1307324 8614856 1642040
1790704941454 1307324 8614856 1642040
1790704941492 1307324 8614856 1642040
1790704941531 1307336 8614856 1642040
1790704941570 1307336 8614856 1642040
1790704941607 1307336 8614856 1642040
1790704941644 1307336 8614856 1642040
1790704941680 1307336 8614856 1642040
1790704941716 1307336 8614856 1642040
1790704941752 1307336 8614856 1642040
1790704941789 1307336 8614856 1642040
1790704941825 1307336 8614856 1642040
1790704941863 1307336 8614856 1642040
1790704941899 1307336 8614856 1642040
1790704941935 1307336 8614856 1642040
1790704941978 1307336 8614856 1642040
1790704942016 1307336 8614856 1642040
1790704942053 1307336 8614856 1642040
1790704942089 1307336 8614856 1642040
1790704942126 1196736 8614856 1642040
1790704942162 1196736 8614856 1642040
1790704942198 1196736 8614856 1642040
1790704942237 1196736 8614856 1642040
1790704942275 1196736 8614856 1642040
1790704942315 1196736 8614856 1642040
1790704942354 1196736 8614856 1642040
1790704942395 1196736 8614856 1642040
1790704942435 1196736 8614856 1642040
1790704942475 1196736 8614856 1642040
1790704942513 1196736 8614856 1642040
1790704942550 1196736 8614856 1642040
1790704942588 1196736 8614856 1642040
1790704942627 1196736 8614856 1642040
1790704942665 1196736 8614856 1642040
1790704942703 1196736 8614856 1642040
1790704942742 1196736 8614856 1642040
1790704942787 1196736 8614856 1642040
1790704942825 1196736 8614856 1642040
1790704942864 1196736 8614856 1642040
1790704942903 1196736 8614856 1642040
1790704942942 1196736 8614856 1642040
1790704942979 1196736 8614856 1642040
1790704943014 1196736 8614856 1642040
1790704943053 1196736 8614856 1642040
1790704943090 1196736 8614856 1642040
1790704943129 1196736 8614856 1642040
1790704943166 1196736 8614856 1642040
1790704943205 1196736 8614856 1642040
1790704943242 1196736 8614856 1642040
1790704943279 1196736 8614856 1642040
1790704943316 1196736 8614856 1642040
1790704943354 1196736 8614856 1642040
1790704943392 1196736 8614856 1642040
1790704943429 1196736 8614856 1642040
1790704943468 1196736 8614856 1642040
1790704943505 1196736 8614856 1642040
1790704943541 1196736 8614856 1642040
1790704943578 1196736 8614856 1642040
1790704943614 1196736 8614856 1642040
1790704943650 1196736 8614856 1642040
1790704943686 1196736 8614856 1642040
1790704943721 1196736 8614856 1642040
1790704943757 1196736 8614856 1642040
1790704943793 1196736 8614856 1642040
1790704943831 1196736 8614856 1642040
1790704943869 1196736 8614856 1642040
1790704943906 1196736 8614856 1642040
1790704943943 1196736 8614856 1642040
1790704943980 1196736 8614856 1642040
1790704944016 1196736 8614856 1642040
1790704944052 1196736 8614856 1642040
1790704944088 1196736 8614856 1642040
1790704944123 1196736 8614856 1642040
1790704944159 1196736 8614856 1642040
1790704944196 1196736 8614856 1642040
1790704944235 1196736 8614856 1642040
1790704944273 1202424 8614856 1642040
1790704944312 1207548 8614856 1642040
1790704944355 1212096 8614856 1642040
1790704944396 1212096 8614856 1642040
1790704944436 1212096 8614856 1642040
1790704944479 1221704 8614856 1642040
1790704944521 1183040 8614856 1642040
1790704944560 1183040 8614856 1642040
1790704944601 1183044 8614856 1642040
1790704944641 1185756 8614856 1642040
1790704944674 1225332 8614856 1642040
1790704944716 1215124 8614856 1642040
1790704944754 1225364 8614856 1642040
1790704944795 1290916 8614856 1642040
1790704944835 1299100 8614856 1642040
1790704944875 1299740 8614856 1642040
1790704944915 1299740 8614856 1642040
1790704944951 1299740 8614856 1642040
1790704944989 1299740 8614856 1642040
1790704945028 1305500 8614856 1642040
1790704945069 1305500 8614856 1642040
1790704945106 1305500 8614856 1642040
1790704945143 1305500 8614856 1642040
1790704945180 1305500 8614856 1642040
1790704945219 1305500 8614856 1642040
1790704945257 1305500 8614856 1642040
1790704945296 1305500 8614856 1642040
1790704945332 1305500 8614856 1642040
1790704945370 1305500 8614856 1642040
1790704945410 1305500 8614856 1642040
1790704945449 1305500 8614856 1642040
1790704945488 1305500 8614856 1642040
1790704945526 1305500 8614856 1642040
1790704945563 1305500 8614856 1642040
1790704945601 1305500 8614856 1642040
1790704945639 1305500 8614856 1642040
1790704945677 1305500 8614856 1642040
1790704945714 1305500 8614856 1642040
1790704945751 1305500 8614856 1642040
1790704945787 1305500 8614856 1642040
1790704945824 1305500 8614856 1642040
1790704945861 1305500 8614856 1642040
1790704945898 1305500 8614856 1642040
1790704945935 1305500 8614856 1642040
1790704945971 1305500 8614856 1642040
1790704946008 1305500 8614856 1642040
1790704946045 1305500 8614856 1642040
1790704946083 1305500 8614856 1642040
1790704946122 1305500 8614856 1642040
1790704946159 1305500 8614856 1642040
1790704946195 1305500 8614856 1642040
1790704946232 1305500 8614856 1642040
1790704946269 1305500 8614856 1642040
1790704946306 1305500 8614856 1642040
1790704946342 1305500 8614856 1642040
1790704946379 1305500 8614856 1642040
1790704946420 1305500 8614856 1642040
1790704946459 1305500 8614856 1642040
1790704946496 1305500 8614856 1642040
1790704946533 1305500 8614856 1642040
1790704946571 1305500 8614856 1642040
1790704946609 1305500 8614856 1642040
1790704946646 1305500 8614856 1642040
1790704946683 1305500 8614856 1642040
1790704946721 1305500 8614856 1642040
1790704946759 1305500 8614856 1642040
1790704946796 1305500 8614856 1642040
1790704946833 1305500 8614856 1642040
1790704946872 1305500 8614856 1642040
1790704946909 1305500 8614856 1642040
1790704946948 1305500 8614856 1642040
1790704946986 1305500 8614856 1642040
1790704947024 1305500 8614856 1642040
1790704947062 1305500 8614856 1642040
1790704947098 1305500 8614856 1642040
1790704947135 1305500 8614856 1642040
1790704947172 1305500 8614856 1642040
1790704947209 1305500 8614856 1642040
1790704947246 1305500 8614856 1642040
1790704947284 1305500 8614856 1642040
1790704947322 1305500 8614856 1642040
1790704947359 1305500 8614856 1642040
1790704947396 1305500 8614856 1642040
1790704947433 1305500 8614856 1642040
1790704947470 1305500 8614856 1642040
1790704947507 1305500 8614856 1642040
1790704947543 1305500 8614856 1642040
1790704947580 1305500 8614856 1642040
1790704947616 1305500 8614856 1642040
1790704947653 1305500 8614856 1642040
1790704947690 1305500 8614856 1642040
1790704947728 1305500 8614856 1642040
1790704947765 1305500 8614856 1642040
1790704947802 1305500 8614856 1642040
1790704947841 1305500 8614856 1642040
1790704947879 1305500 8614856 1642040
1790704947916 1305500 8614856 1642040
1790704947953 1305504 8614856 1642040
1790704947993 1305504 8614856 1642040
1790704948032 1305504 8614856 1642040
1790704948068 1305504 8614856 1642040
1790704948105 1305504 8614856 1642040
1790704948143 1305504 8614856 1642040
1790704948181 1305504 8614856 1642040
1790704948219 1305504 8614856 1642040
1790704948256 1305504 8614856 1642040
1790704948300 1305504 8614856 1642040
1790704948340 1305504 8614856 1642040
1790704948378 1305504 8614856 1642040
1790704948417 1305504 8614856 1642040
1790704948457 1305504 8614856 1642040
1790704948498 1308572 8614856 1642040
1790704948537 1314716 8614856 1642040
1790704948576 1317668 8614856 1642040
1790704948613 1317668 8614856 1642040
1790704948654 1317668 8614856 1642040
1790704948685 1323812 8614856 1642040
1790704948723 1329956 8614856 1642040
1790704948763 1329960 8614856 1642040
1790704948801 1333152 8614856 1642040
1790704948844 1333152 8614856 1642040
1790704948886 1333152 8614856 1642040
1790704948927 1333152 8614856 1642040
1790704948968 1333152 8614856 1642040
1790704949009 1333152 8614856 1642040
1790704949051 1333152 8614856 1642040
1790704949094 1333152 8614856 1642040
1790704949133 1333152 8614856 1642040
1790704949171 1333152 8614856 1642040
1790704949210 1333152 8614856 1642040
1790704949247 1333152 8614856 1642040
1790704949285 1333152 8614856 1642040
1790704949323 1333152 8614856 1642040
1790704949361 1333152 8614856 1642040
1790704949398 1333152 8614856 1642040
1790704949436 1333152 8614856 1642040
1790704949475 1333152 8614856 1642040
1790704949512 1333152 8614856 1642040
1790704949548 1333152 8614856 1642040
1790704949585 1333152 8614856 1642040
1790704949623 1333152 8614856 1642040
1790704949661 1333152 8614856 1642040
1790704949698 1333152 8614856 1642040
1790704949736 1333152 8614856 1642040
1790704949773 1333152 8614856 1642040
1790704949810 1333152 8614856 1642040
1790704949848 1333152 8614856 1642040
1790704949885 1333152 8614856 1642040
1790704949922 1333152 8614856 1642040
1790704949961 1333152 8614856 1642040
1790704949998 1333152 8614856 1642040
1790704950037 1333152 8614856 1642040
1790704950075 1333152 8614856 1642040
1790704950116 1333152 8614856 1642040
1790704950154 1333152 8614856 1642040
1790704950191 1333152 8614856 1642040
1790704950229 1333152 8614856 1642040
1790704950268 1333152 8614856 1642040
1790704950306 1333152 8614856 1642040
1790704950344 1333152 8614856 1642040
1790704950382 1333152 8614856 1642040
1790704950420 1333152 8614856 1642040
1790704950458 1333152 8614856 1642040
1790704950495 1333152 8614856 1642040
1790704950535 1333152 8614856 1642040
1790704950573 1333152 8614856 1642040
1790704950612 1333152 8614856 1642040
1790704950649 1333152 8614856 1642040
1790704950688 1333152 8614856 1642040
1790704950721 1333152 8614856 1642040
1790704950761 1333152 8614856 1642040
1790704950794 1333152 8614856 1642040
1790704950833 1333152 8614856 1642040
1790704950871 1333152 8614856 1642040
1790704950908 1333152 8614856 1642040
1790704950943 1333152 8614856 1642040
1790704950983 1333152 8614856 1642040
1790704951017 1333152 8614856 1642040
1790704951057 1333156 8614856 1642040
1790704951096 1333156 8614856 1642040
1790704951137 1333156 8614856 1642040
1790704951177 1333156 8614856 1642040
1790704951218 1333156 8614856 1642040
1790704951256 1333156 8614856 1642040
1790704951294 1333156 8614856 1642040
1790704951333 1333156 8614856 1642040
1790704951371 1333156 8614856 1642040
1790704951409 1333156 8614856 1642040
1790704951446 1333156 8614856 1642040
1790704951486 1333156 8614856 1642040
1790704951525 1333156 8614856 1642040
1790704951564 1333156 8614856 1642040
1790704951602 1333156 8614856 1642040
1790704951640 1333156 8614856 1642040
1790704951680 1333156 8614856 1642040
1790704951718 1333156 8614856 1642040
1790704951757 1333412 8614856 1642040
1790704951798 1333156 8614856 1642040
1790704951835 1333156 8614856 1642040
1790704951873 1333156 8614856 1642040
1790704951910 1333156 8614856 1642040
1790704951946 1333156 8614856 1642040
1790704951983 1333156 8614856 1642040
1790704952021 1333156 8614856 1642040
1790704952058 1333156 8614856 1642040
1790704952095 1333156 8614856 1642040
1790704952132 1333156 8614856 1642040
1790704952170 1333156 8614856 1642040
1790704952207 1333156 8614856 1642040
1790704952245 1333156 8614856 1642040
1790704952282 1333156 8614856 1642040
1790704952322 1333156 8614856 1642040
1790704952360 1333156 8614856 1642040
1790704952397 1333156 8614856 1642040
1790704952435 1333156 8614856 1642040
1790704952474 1333156 8614856 1642040
1790704952511 1333156 8614856 1642040
1790704952548 1333156 8614856 1642040
1790704952587 1333156 8614856 1642040
1790704952627 1333156 8614856 1642040
1790704952665 1333156 8614856 1642040
1790704952703 1333156 8614856 1642040
1790704952741 1333156 8614856 1642040
1790704952778 1333156 8614856 1642040
1790704952815 1333156 8614856 1642040
1790704952852 1333156 8614856 1642040
1790704952890 1333156 8614856 1642040
1790704952928 1333156 8614856 1642040
1790704952965 1333156 8614856 1642040
1790704953002 1333156 8614856 1642040
1790704953040 1333156 8614856 1642040
1790704953077 1333156 8614856 1642040
1790704953115 1333156 8614856 1642040
1790704953154 1333156 8614856 1642040
1790704953191 1333156 8614856 1642040
1790704953228 1333156 8614856 1642040
1790704953266 1333156 8614856 1642040
1790704953303 1333156 8614856 1642040
1790704953340 1333156 8614856 1642040
1790704953378 1333156 8614856 1642040
1790704953415 1333156 8614856 1642040
1790704953452 1333156 8614856 1642040
1790704953489 1333156 8614856 1642040
1790704953527 1333156 8614856 1642040
1790704953565 1333156 8614856 1642040
1790704953604 1333156 8614856 1642040
1790704953641 1333156 8614856 1642040
1790704953678 1333156 8614856 1642040
1790704953716 1336860 8614856 1642040
1790704953756 1336604 8614856 1642040
1790704953795 1336604 8614856 1642040
1790704953833 1336604 8614856 1642040
1790704953870 1336604 8614856 1642040
1790704953907 1336604 8614856 1642040
1790704953945 1336604 8614856 1642040
1790704953988 1336604 8614856 1642040
1790704954027 1336604 8614856 1642040
1790704954070 1336604 8614856 1642040
1790704954109 1336604 8614856 1642040
1790704954148 1336604 8614856 1642040
1790704954186 1336604 8614856 1642040
1790704954226 1336604 8614856 1642040
1790704954265 1336604 8614856 1642040
1790704954302 1348892 8614856 1642040
1790704954342 1308964 8614856 1642040
1790704954384 1308964 8614856 1642040
1790704954424 1308964 8614856 1642040
1790704954464 1308964 8614856 1642040
1790704954506 1308964 8614856 1642040
1790704954546 1312028 8614856 1642040
1790704954587 1312028 8614856 1642040
1790704954628 1312028 8614856 1642040
1790704954663 1312028 8614856 1642040
1790704954697 1321012 8614856 1642040
1790704954737 1336604 8614856 1642040
1790704954770 1361180 8614856 1642040
1790704954809 1318180 8614856 1642040
1790704954846 1318180 8614856 1642040
1790704954886 1318180 8614856 1642040
1790704954927 1321124 8614856 1642040
1790704954965 1336604 8614856 1642040
1790704955002 1361180 8614856 1642040
1790704955039 1318180 8614856 1642040
1790704955079 1318180 8614856 1642040
1790704955119 1318180 8614856 1642040
1790704955159 1321124 8614856 1642040
1790704955193 1336604 8614856 1642040
1790704955232 1361180 8614856 1642040
1790704955270 1318180 8614856 1642040
1790704955310 1318180 8614856 1642040
1790704955350 1318180 8614856 1642040
1790704955390 1326124 8614856 1642040
1790704955431 1339556 8614856 1642040
1790704955469 1342748 8614856 1642040
1790704955506 1367324 8614856 1642040
1790704955545 1324324 8614856 1642040
1790704955585 1324324 8614856 1642040
1790704955625 1324324 8614856 1642040
1790704955664 1327268 8614856 1642040
1790704955699 1345700 8614856 1642040
1790704955733 1345700 8614856 1642040
1790704955771 1357208 8614856 1642040
1790704955804 1388712 8614856 1642040
1790704955846 1400996 8614856 1642040
1790704955885 1419428 8614856 1642040
1790704955923 1419428 8614856 1642040
1790704955959 1419428 8614856 1642040
1790704955998 1371320 8614856 1642040
1790704956034 1419428 8614856 1642040
1790704956076 1419428 8614856 1642040
1790704956115 1336612 8614856 1642040
1790704956155 1376540 8614856 1642040
1790704956189 1410344 8614856 1642040
1790704956222 1431720 8614856 1642040
1790704956263 1431720 8614856 1642040
1790704956299 1431720 8614856 1642040
1790704956337 1437864 8614856 1642040
1790704956375 1437864 8614856 1642040
1790704956419 1437864 8614856 1642040
1790704956453 1412388 8614856 1642040
1790704956493 1364264 8614856 1642040
1790704956530 1339556 8614856 1642040
1790704956572 1342752 8614856 1642040
1790704956614 1355048 8614856 1642040
1790704956648 1364140 8614856 1642040
1790704956685 1370284 8614856 1642040
1790704956723 1370284 8614856 1642040
1790704956763 1370284 8614856 1642040
1790704956798 1370284 8614856 1642040
1790704956838 1370284 8614856 1642040
1790704956868 1370284 8614856 1642040
1790704956911 1370284 8614856 1642040
1790704956953 1372896 8614856 1642040
1790704956994 1373476 8614856 1642040
1790704957029 1385764 8614856 1642040
1790704957068 1339692 8614856 1642040
1790704957106 1345552 8614856 1642040
1790704957146 1355044 8614856 1642040
1790704957182 1355044 8614856 1642040
1790704957223 1355044 8614856 1642040
1790704957262 1355044 8614856 1642040
1790704957305 1355044 8614856 1642040
1790704957343 1355044 8614856 1642040
1790704957381 1382576 8614856 1642040
1790704957422 1407148 8614856 1642040
1790704957461 1419436 8614856 1642040
1790704957499 1419436 8614856 1642040
1790704957538 1419436 8614856 1642040
1790704957579 1419436 8614856 1642040
1790704957619 1419436 8614856 1642040
1790704957659 1419436 8614856 1642040
1790704957703 1339692 8614856 1642040
1790704957741 1339692 8614856 1642040
1790704957781 1339692 8614856 1642040
1790704957817 1358000 8614856 1642040
1790704957858 1385768 8614856 1642040
1790704957891 1419536 8614856 1642040
1790704957930 1431724 8614856 1642040
1790704957964 1437868 8614856 1642040
1790704958005 1444012 8614856 1642040
1790704958038 1447172 8614856 1642040
1790704958078 1449604 8614856 1642040
1790704958116 1401216 8614856 1642040
1790704958153 1449112 8614856 1642040
1790704958193 1366780 8614856 1642040
1790704958234 1366780 8614856 1642040
1790704958275 1366780 8614856 1642040
1790704958309 1366780 8614856 1642040
1790704958342 1366780 8614856 1642040
1790704958376 1368828 8614856 1642040
1790704958414 1372924 8614856 1642040
1790704958458 1372924 8614856 1642040
1790704958497 1339012 8614856 1642040
1790704958533 1359492 8614856 1642040
1790704958574 1323780 8614856 1642040
1790704958614 1323780 8614856 1642040
1790704958653 1323780 8614856 1642040
1790704958692 1326724 8614856 1642040
1790704958732 1329916 8614856 1642040
1790704958765 1354492 8614856 1642040
1790704958803 1314564 8614856 1642040
1790704958845 1314564 8614856 1642040
1790704958884 1314564 8614856 1642040
1790704958925 1316916 8614856 1642040
1790704958964 1326724 8614856 1642040
1790704958998 1358112 8614856 1642040
1790704959031 1406500 8614856 1642040
1790704959073 1412740 8614856 1642040
1790704959107 1412740 8614856 1642040
1790704959147 1412740 8614856 1642040
1790704959187 1369860 8614856 1642040
1790704959225 1418884 8614856 1642040
1790704959260 1418884 8614856 1642040
1790704959298 1320584 8614856 1642040
1790704959333 1339012 8614856 1642040
1790704959372 1339012 8614856 1642040
1790704959410 1339012 8614856 1642040
1790704959447 1366780 8614856 1642040
1790704959482 1409788 8614856 1642040
1790704959520 1422076 8614856 1642040
1790704959555 1440508 8614856 1642040
1790704959591 1440508 8614856 1642040
1790704959629 1417980 8614856 1642040
1790704959670 1434368 8614856 1642040
1790704959709 1440512 8614856 1642040
1790704959747 1403656 8614856 1642040
1790704959788 1360648 8614856 1642040
1790704959828 1360648 8614856 1642040
1790704959868 1360648 8614856 1642040
1790704959907 1363592 8614856 1642040
1790704959939 1363592 8614856 1642040
1790704959978 1371272 8614856 1642040
1790704960017 1345160 8614856 1642040
1790704960061 1351304 8614856 1642040
1790704960103 1351304 8614856 1642040
1790704960145 1351304 8614856 1642040
1790704960183 1351304 8614856 1642040
1790704960224 1351304 8614856 1642040
1790704960263 1351304 8614856 1642040
1790704960306 1351304 8614856 1642040
1790704960348 1351304 8614856 1642040
1790704960388 1351304 8614856 1642040
1790704960430 1351304 8614856 1642040
1790704960473 1351304 8614856 1642040
1790704960511 1339016 8614856 1642040
1790704960552 1345160 8614856 1642040
1790704960595 1345164 8614856 1642040
1790704960634 1345164 8614856 1642040
1790704960672 1345164 8614856 1642040
1790704960712 1345164 8614856 1642040
1790704960755 1365900 8614856 1642040
1790704960795 1328908 8614856 1642040
1790704960833 1328908 8614856 1642040
1790704960870 1328908 8614856 1642040
1790704960906 1328908 8614856 1642040
1790704960944 1328908 8614856 1642040
1790704960980 1328908 8614856 1642040
1790704961019 1328908 8614856 1642040
1790704961057 1328908 8614856 1642040
1790704961093 1328908 8614856 1642040
1790704961132 1328908 8614856 1642040
1790704961169 1328908 8614856 1642040
1790704961206 1328908 8614856 1642040
1790704961243 1328908 8614856 1642040
1790704961280 1328908 8614856 1642040
1790704961317 1328908 8614856 1642040
1790704961353 1328908 8614856 1642040
1790704961390 1328908 8614856 1642040
1790704961427 1328908 8614856 1642040
1790704961463 1328908 8614856 1642040
1790704961499 1328908 8614856 1642040
1790704961538 1328908 8614856 1642040
1790704961574 1328908 8614856 1642040
1790704961611 1328908 8614856 1642040
1790704961648 1328908 8614856 1642040
1790704961685 1328908 8614856 1642040
1790704961722 1328908 8614856 1642040
1790704961759 1328908 8614856 1642040
1790704961795 1328908 8614856 1642040
1790704961833 1328908 8614856 1642040
1790704961869 1328908 8614856 1642040
1790704961906 1328908 8614856 1642040
1790704961942 1328908 8614856 1642040
1790704961980 1328908 8614856 1642040
1790704962019 1328912 8614856 1642040
1790704962056 1328912 8614856 1642040
1790704962093 1328912 8614856 1642040
1790704962130 1328912 8614856 1642040
1790704962166 1328912 8614856 1642040
1790704962203 1328912 8614856 1642040
1790704962240 1328912 8614856 1642040
1790704962277 1328912 8614856 1642040
1790704962315 1328912 8614856 1642040
1790704962351 1328912 8614856 1642040
1790704962387 1328912 8614856 1642040
1790704962425 1328912 8614856 1642040
1790704962463 1328912 8614856 1642040
1790704962500 1328912 8614856 1642040
1790704962537 1328912 8614856 1642040
1790704962574 1328912 8614856 1642040
1790704962611 1218308 8614856 1642040
1790704962651 1218308 8614856 1642040
1790704962689 1218308 8614856 1642040
1790704962726 1218308 8614856 1642040
1790704962765 1218308 8614856 1642040
1790704962806 1218308 8614856 1642040
1790704962846 1218308 8614856 1642040
1790704962886 1218308 8614856 1642040
1790704962925 1218308 8614856 1642040
1790704962964 1218308 8614856 1642040
1790704963004 1218308 8614856 1642040
1790704963044 1218308 8614856 1642040
1790704963089 1218308 8614856 1642040
1790704963127 1218308 8614856 1642040
1790704963165 1218308 8614856 1642040
1790704963203 1218308 8614856 1642040
1790704963243 1218308 8614856 1642040
1790704963287 1218308 8614856 1642040
1790704963326 1218308 8614856 1642040
1790704963364 1218308 8614856 1642040
1790704963401 1218308 8614856 1642040
1790704963441 1218308 8614856 1642040
1790704963480 1218308 8614856 1642040
1790704963518 1218308 8614856 1642040
1790704963555 1218308 8614856 1642040
1790704963594 1218308 8614856 1642040
1790704963632 1218308 8614856 1642040
1790704963669 1218308 8614856 1642040
1790704963705 1218308 8614856 1642040
1790704963744 1218308 8614856 1642040
1790704963781 1218308 8614856 1642040
1790704963818 1218308 8614856 1642040
1790704963857 1218308 8614856 1642040
1790704963895 1218308 8614856 1642040
1790704963931 1218308 8614856 1642040
1790704963968 1218308 8614856 1642040
1790704964007 1218308 8614856 1642040
1790704964045 1218308 8614856 1642040
1790704964084 1218308 8614856 1642040
1790704964122 1218308 8614856 1642040
1790704964160 1218308 8614856 1642040
1790704964196 1218308 8614856 1642040
1790704964235 1218308 8614856 1642040
1790704964273 1218308 8614856 1642040
1790704964311 1218308 8614856 1642040
1790704964349 1218308 8614856 1642040
1790704964386 1218308 8614856 1642040
1790704964423 1218308 8614856 1642040
1790704964460 1218308 8614856 1642040
1790704964499 1218308 8614856 1642040
1790704964537 1218308 8614856 1642040
1790704964576 1218308 8614856 1642040
1790704964618 1219412 8614856 1642040
1790704964658 1219416 8614856 1642040
1790704964698 1219416 8614856 1642040
1790704964741 1219448 8614856 1642040
1790704964782 1222484 8614856 1642040
1790704964822 1232788 8614856 1642040
1790704964862 1194128 8614856 1642040
1790704964900 1230996 8614856 1642040
1790704964939 1231000 8614856 1642040
1790704964977 1261380 8614856 1642040
1790704965018 1277140 8614856 1642040
1790704965058 1275348 8614856 1642040
1790704965098 1304032 8614856 1642040
1790704965136 1349084 8614856 1642040
1790704965173 1349084 8614856 1642040
1790704965209 1349724 8614856 1642040
1790704965246 1349724 8614856 1642040
1790704965283 1349724 8614856 1642040
1790704965321 1349724 8614856 1642040
1790704965358 1349724 8614856 1642040
1790704965395 1349724 8614856 1642040
1790704965433 1355484 8614856 1642040
1790704965471 1355484 8614856 1642040
1790704965508 1355484 8614856 1642040
1790704965545 1355484 8614856 1642040
1790704965583 1355484 8614856 1642040
1790704965622 1355484 8614856 1642040
1790704965662 1355484 8614856 1642040
1790704965700 1355484 8614856 1642040
1790704965739 1355484 8614856 1642040
1790704965778 1355484 8614856 1642040
1790704965816 1355484 8614856 1642040
1790704965855 1355484 8614856 1642040
1790704965893 1355484 8614856 1642040
1790704965931 1355484 8614856 1642040
1790704965968 1355484 8614856 1642040
1790704966005 1355484 8614856 1642040
1790704966043 1355484 8614856 1642040
1790704966081 1355492 8614856 1642040
1790704966118 1355492 8614856 1642040
1790704966155 1355492 8614856 1642040
1790704966192 1355492 8614856 1642040
1790704966229 1355492 8614856 1642040
1790704966266 1355492 8614856 1642040
1790704966305 1355492 8614856 1642040
1790704966343 1355492 8614856 1642040
1790704966380 1355492 8614856 1642040
1790704966417 1355492 8614856 1642040
1790704966454 1355492 8614856 1642040
1790704966495 1355492 8614856 1642040
1790704966534 1355492 8614856 1642040
1790704966572 1355492 8614856 1642040
1790704966609 1355492 8614856 1642040
1790704966647 1355492 8614856 1642040
1790704966685 1355492 8614856 1642040
1790704966723 1355492 8614856 1642040
1790704966761 1355492 8614856 1642040
1790704966799 1355492 8614856 1642040
1790704966836 1355492 8614856 1642040
1790704966877 1355492 8614856 1642040
1790704966915 1355492 8614856 1642040
1790704966953 1355492 8614856 1642040
1790704966991 1355492 8614856 1642040
1790704967027 1355492 8614856 1642040
1790704967064 1355492 8614856 1642040
1790704967102 1355492 8614856 1642040
1790704967141 1355492 8614856 1642040
1790704967179 1355492 8614856 1642040
1790704967216 1355492 8614856 1642040
1790704967254 1355492 8614856 1642040
1790704967292 1355492 8614856 1642040
1790704967332 1355492 8614856 1642040
1790704967371 1355492 8614856 1642040
1790704967410 1355492 8614856 1642040
1790704967448 1355492 8614856 1642040
1790704967486 1355492 8614856 1642040
1790704967523 1355492 8614856 1642040
1790704967561 1355492 8614856 1642040
1790704967599 1355492 8614856 1642040
1790704967638 1355492 8614856 1642040
1790704967676 1355492 8614856 1642040
1790704967715 1355492 8614856 1642040
1790704967752 1355492 8614856 1642040
1790704967789 1355492 8614856 1642040
1790704967827 1355492 8614856 1642040
1790704967865 1355492 8614856 1642040
1790704967903 1355492 8614856 1642040
1790704967941 1355492 8614856 1642040
1790704967979 1355492 8614856 1642040
1790704968016 1355492 8614856 1642040
1790704968054 1355492 8614856 1642040
1790704968093 1355492 8614856 1642040
1790704968131 1355492 8614856 1642040
1790704968168 1355492 8614856 1642040
1790704968205 1355492 8614856 1642040
1790704968242 1355492 8614856 1642040
1790704968279 1355492 8614856 1642040
1790704968316 1355492 8614856 1642040
1790704968354 1355492 8614856 1642040
1790704968391 1355492 8614856 1642040
1790704968428 1355492 8614856 1642040
1790704968465 1355492 8614856 1642040
1790704968503 1355492 8614856 1642040
1790704968540 1355492 8614856 1642040
1790704968577 1355492 8614856 1642040
1790704968614 1355492 8614856 1642040
1790704968653 1355492 8614856 1642040
1790704968692 1355492 8614856 1642040
1790704968731 1355492 8614856 1642040
1790704968770 1355492 8614856 1642040
1790704968810 1355492 8614856 1642040
1790704968851 1355492 8614856 1642040
1790704968891 1355492 8614856 1642040
1790704968933 1355492 8614856 1642040
1790704968976 1355492 8614856 1642040
1790704969019 1355492 8614856 1642040
1790704969059 1355492 8614856 1642040
1790704969102 1355492 8614856 1642040
1790704969143 1361508 8614856 1642040
1790704969176 1367652 8614856 1642040
1790704969209 1367652 8614856 1642040
1790704969245 1370468 8614856 1642040
1790704969282 1370844 8614856 1642040
1790704969324 1370844 8614856 1642040
1790704969365 1370844 8614856 1642040
1790704969405 1370844 8614856 1642040
1790704969448 1370844 8614856 1642040
1790704969490 1370844 8614856 1642040
1790704969529 1370844 8614856 1642040
1790704969570 1370844 8614856 1642040
1790704969608 1370844 8614856 1642040
1790704969645 1370844 8614856 1642040
1790704969682 1370844 8614856 1642040
1790704969719 1370844 8614856 1642040
1790704969756 1370844 8614856 1642040
1790704969793 1370844 8614856 1642040
1790704969832 1370844 8614856 1642040
1790704969870 1370844 8614856 1642040
1790704969908 1370844 8614856 1642040
1790704969947 1370844 8614856 1642040
1790704969985 1370844 8614856 1642040
1790704970022 1370844 8614856 1642040
1790704970059 1370844 8614856 1642040
1790704970097 1370844 8614856 1642040
1790704970135 1370844 8614856 1642040
1790704970172 1370844 8614856 1642040
1790704970211 1370844 8614856 1642040
1790704970248 1370844 8614856 1642040
1790704970286 1370844 8614856 1642040
1790704970325 1370844 8614856 1642040
1790704970362 1370844 8614856 1642040
1790704970401 1370844 8614856 1642040
1790704970455 1370844 8614856 1642040
1790704970498 1370844 8614856 1642040
1790704970538 1370844 8614856 1642040
1790704970576 1370844 8614856 1642040
1790704970613 1370844 8614856 1642040
1790704970650 1370844 8614856 1642040
1790704970687 1370844 8614856 1642040
1790704970725 1370844 8614856 1642040
1790704970762 1370844 8614856 1642040
1790704970799 1370844 8614856 1642040
1790704970836 1370844 8614856 1642040
1790704970876 1370844 8614856 1642040
1790704970914 1370844 8614856 1642040
1790704970951 1370844 8614856 1642040
1790704970989 1370844 8614856 1642040
1790704971032 1370848 8614856 1642040
1790704971070 1370848 8614856 1642040
1790704971110 1370848 8614856 1642040
1790704971152 1370848 8614856 1642040
1790704971193 1370848 8614856 1642040
1790704971233 1370848 8614856 1642040
1790704971273 1370848 8614856 1642040
1790704971311 1370848 8614856 1642040
1790704971352 1370848 8614856 1642040
1790704971392 1370848 8614856 1642040
1790704971434 1370852 8614856 1642040
1790704971478 1370852 8614856 1642040
1790704971521 1370852 8614856 1642040
1790704971562 1370852 8614856 1642040
1790704971602 1370852 8614856 1642040
1790704971640 1370852 8614856 1642040
1790704971677 1370852 8614856 1642040
1790704971715 1370852 8614856 1642040
1790704971755 1370852 8614856 1642040
1790704971793 1370852 8614856 1642040
1790704971832 1370852 8614856 1642040
1790704971870 1370852 8614856 1642040
1790704971908 1370852 8614856 1642040
1790704971947 1370852 8614856 1642040
1790704971986 1370852 8614856 1642040
1790704972025 1370852 8614856 1642040
1790704972064 1370852 8614856 1642040
1790704972101 1370852 8614856 1642040
1790704972139 1370852 8614856 1642040
1790704972177 1370852 8614856 1642040
1790704972215 1370852 8614856 1642040
1790704972252 1370852 8614856 1642040
1790704972289 1370852 8614856 1642040
1790704972327 1370852 8614856 1642040
1790704972364 1370852 8614856 1642040
1790704972403 1370852 8614856 1642040
1790704972441 1370852 8614856 1642040
1790704972477 1370852 8614856 1642040
1790704972515 1370852 8614856 1642040
1790704972553 1370852 8614856 1642040
1790704972591 1370852 8614856 1642040
1790704972628 1370852 8614856 1642040
1790704972666 1370852 8614856 1642040
1790704972703 1370852 8614856 1642040
1790704972741 1370852 8614856 1642040
1790704972779 1370852 8614856 1642040
1790704972816 1370852 8614856 1642040
1790704972853 1370852 8614856 1642040
1790704972893 1370852 8614856 1642040
1790704972932 1370852 8614856 1642040
1790704972969 1370852 8614856 1642040
1790704973008 1370852 8614856 1642040
1790704973045 1370852 8614856 1642040
1790704973083 1370852 8614856 1642040
1790704973122 1370852 8614856 1642040
1790704973160 1370852 8614856 1642040
1790704973197 1370852 8614856 1642040
1790704973234 1370852 8614856 1642040
1790704973270 1370852 8614856 1642040
1790704973306 1370852 8614856 1642040
1790704973342 1370852 8614856 1642040
1790704973381 1370852 8614856 1642040
1790704973419 1370852 8614856 1642040
1790704973456 1370852 8614856 1642040
1790704973494 1370852 8614856 1642040
1790704973532 1370852 8614856 1642040
1790704973571 1370852 8614856 1642040
1790704973608 1370852 8614856 1642040
1790704973645 1370852 8614856 1642040
1790704973683 1370852 8614856 1642040
1790704973721 1370852 8614856 1642040
1790704973758 1370852 8614856 1642040
1790704973797 1370852 8614856 1642040
1790704973836 1370852 8614856 1642040
1790704973876 1370852 8614856 1642040
1790704973915 1370852 8614856 1642040
1790704973952 1370852 8614856 1642040
1790704973990 1374556 8614856 1642040
1790704974030 1374300 8614856 1642040
1790704974069 1374300 8614856 1642040
1790704974107 1374300 8614856 1642040
1790704974145 1374300 8614856 1642040
1790704974183 1374300 8614856 1642040
1790704974226 1374300 8614856 1642040
1790704974270 1374300 8614856 1642040
1790704974309 1374300 8614856 1642040
1790704974350 1374300 8614856 1642040
1790704974390 1374300 8614856 1642040
1790704974432 1374300 8614856 1642040
1790704974472 1374300 8614856 1642040
1790704974516 1374300 8614856 1642040
1790704974556 1383396 8614856 1642040
1790704974597 1383396 8614856 1642040
1790704974636 1383396 8614856 1642040
1790704974676 1383396 8614856 1642040
1790704974718 1383396 8614856 1642040
1790704974760 1383396 8614856 1642040
1790704974804 1383396 8614856 1642040
1790704974846 1383396 8614856 1642040
1790704974890 1383396 8614856 1642040
1790704974932 1383396 8614856 1642040
1790704974974 1383396 8614856 1642040
1790704975007 1398876 8614856 1642040
1790704975045 1362020 8614856 1642040
1790704975085 1362020 8614856 1642040
1790704975127 1362020 8614856 1642040
1790704975167 1362020 8614856 1642040
1790704975207 1376348 8614856 1642040
1790704975244 1398876 8614856 1642040
1790704975283 1362020 8614856 1642040
1790704975324 1362020 8614856 1642040
1790704975364 1362020 8614856 1642040
1790704975408 1371108 8614856 1642040
1790704975445 1383396 8614856 1642040
1790704975486 1401828 8614856 1642040
1790704975525 1365092 8614856 1642040
1790704975564 1365092 8614856 1642040
1790704975604 1365092 8614856 1642040
1790704975644 1380444 8614856 1642040
1790704975679 1380444 8614856 1642040
1790704975719 1398880 8614856 1642040
1790704975758 1405020 8614856 1642040
1790704975797 1365092 8614856 1642040
1790704975836 1365092 8614856 1642040
1790704975876 1365092 8614856 1642040
1790704975914 1386588 8614856 1642040
1790704975955 1386588 8614856 1642040
1790704975995 1396828 8614856 1642040
1790704976034 1431644 8614856 1642040
1790704976071 1448028 8614856 1642040
1790704976114 1454172 8614856 1642040
1790704976149 1454172 8614856 1642040
1790704976182 1454172 8614856 1642040
1790704976222 1419360 8614856 1642040
1790704976258 1457124 8614856 1642040
1790704976297 1457124 8614856 1642040
1790704976336 1386588 8614856 1642040
1790704976376 1437788 8614856 1642040
1790704976414 1484324 8614856 1642040
1790704976452 1484324 8614856 1642040
1790704976492 1457700 8614856 1642040
1790704976526 1490468 8614856 1642040
1790704976562 1490468 8614856 1642040
1790704976601 1474084 8614856 1642040
1790704976644 1490468 8614856 1642040
1790704976684 1496616 8614856 1642040
1790704976727 1404464 8614856 1642040
1790704976767 1404464 8614856 1642040
1790704976800 1404464 8614856 1642040
1790704976833 1404464 8614856 1642040
1790704976870 1407408 8614856 1642040
1790704976910 1413552 8614856 1642040
1790704976942 1413552 8614856 1642040
1790704976977 1413552 8614856 1642040
1790704977018 1413552 8614856 1642040
1790704977058 1413552 8614856 1642040
1790704977095 1413552 8614856 1642040
1790704977136 1416744 8614856 1642040
1790704977176 1416744 8614856 1642040
1790704977212 1421744 8614856 1642040
1790704977251 1382960 8614856 1642040
1790704977293 1386028 8614856 1642040
1790704977329 1404456 8614856 1642040
1790704977369 1404456 8614856 1642040
1790704977408 1404456 8614856 1642040
1790704977446 1404456 8614856 1642040
1790704977486 1404456 8614856 1642040
1790704977525 1404456 8614856 1642040
1790704977559 1406748 8614856 1642040
1790704977593 1444272 8614856 1642040
1790704977625 1444272 8614856 1642040
1790704977657 1414700 8614856 1642040
1790704977693 1443636 8614856 1642040
1790704977733 1456560 8614856 1642040
1790704977769 1412660 8614856 1642040
1790704977803 1443632 8614856 1642040
1790704977842 1456568 8614856 1642040
1790704977883 1382968 8614856 1642040
1790704977922 1382968 8614856 1642040
1790704977957 1388984 8614856 1642040
1790704977997 1388984 8614856 1642040
1790704978031 1435188 8614856 1642040
1790704978069 1462716 8614856 1642040
1790704978109 1481144 8614856 1642040
1790704978144 1487288 8614856 1642040
1790704978175 1487288 8614856 1642040
1790704978216 1457716 8614856 1642040
1790704978255 1493432 8614856 1642040
1790704978291 1493432 8614856 1642040
1790704978327 1493432 8614856 1642040
1790704978367 1438136 8614856 1642040
1790704978405 1401400 8614856 1642040
1790704978444 1401400 8614856 1642040
1790704978482 1407416 8614856 1642040
1790704978523 1407416 8614856 1642040
1790704978564 1413560 8614856 1642040
1790704978602 1413560 8614856 1642040
1790704978635 1413560 8614856 1642040
1790704978679 1370684 8614856 1642040
1790704978713 1390128 8614856 1642040
1790704978748 1410608 8614856 1642040
1790704978784 1373752 8614856 1642040
1790704978825 1373752 8614856 1642040
1790704978864 1373752 8614856 1642040
1790704978904 1373752 8614856 1642040
1790704978943 1384888 8614856 1642040
1790704978982 1395128 8614856 1642040
1790704979022 1395128 8614856 1642040
1790704979063 1395128 8614856 1642040
1790704979103 1395128 8614856 1642040
1790704979145 1395128 8614856 1642040
1790704979185 1400632 8614856 1642040
1790704979225 1426692 8614856 1642040
1790704979264 1444280 8614856 1642040
1790704979304 1444280 8614856 1642040
1790704979344 1449872 8614856 1642040
1790704979379 1456016 8614856 1642040
1790704979417 1456016 8614856 1642040
1790704979456 1456016 8614856 1642040
1790704979498 1456016 8614856 1642040
1790704979534 1388432 8614856 1642040
1790704979572 1388432 8614856 1642040
1790704979610 1388432 8614856 1642040
1790704979646 1388432 8614856 1642040
1790704979679 1432588 8614856 1642040
1790704979719 1468248 8614856 1642040
1790704979761 1480592 8614856 1642040
1790704979803 1480592 8614856 1642040
1790704979842 1486736 8614856 1642040
1790704979874 1486736 8614856 1642040
1790704979914 1474452 8614856 1642040
1790704979952 1486736 8614856 1642040
1790704979987 1443856 8614856 1642040
1790704980020 1400848 8614856 1642040
1790704980055 1400848 8614856 1642040
1790704980096 1400848 8614856 1642040
1790704980128 1410056 8614856 1642040
1790704980161 1410056 8614856 1642040
1790704980200 1416200 8614856 1642040
1790704980236 1416200 8614856 1642040
1790704980274 1397768 8614856 1642040
1790704980316 1397768 8614856 1642040
1790704980356 1397768 8614856 1642040
1790704980396 1397768 8614856 1642040
1790704980437 1397768 8614856 1642040
1790704980480 1397768 8614856 1642040
1790704980524 1397772 8614856 1642040
1790704980567 1397772 8614856 1642040
1790704980606 1397772 8614856 1642040
1790704980646 1397772 8614856 1642040
1790704980690 1397772 8614856 1642040
1790704980732 1397772 8614856 1642040
1790704980771 1397772 8614856 1642040
1790704980814 1397772 8614856 1642040
1790704980845 1397772 8614856 1642040
1790704980885 1397772 8614856 1642040
1790704980925 1397772 8614856 1642040
1790704980964 1399820 8614856 1642040
1790704981003 1412108 8614856 1642040
1790704981042 1412108 8614856 1642040
1790704981080 1412108 8614856 1642040
1790704981119 1412108 8614856 1642040
1790704981157 1412108 8614856 1642040
1790704981196 1412108 8614856 1642040
1790704981235 1412108 8614856 1642040
1790704981273 1412108 8614856 1642040
1790704981311 1412108 8614856 1642040
1790704981350 1412108 8614856 1642040
1790704981387 1412108 8614856 1642040
1790704981425 1412108 8614856 1642040
1790704981463 1412108 8614856 1642040
1790704981502 1412108 8614856 1642040
1790704981539 1412108 8614856 1642040
1790704981578 1412108 8614856 1642040
1790704981615 1412108 8614856 1642040
1790704981654 1412108 8614856 1642040
1790704981693 1412108 8614856 1642040
1790704981730 1412108 8614856 1642040
1790704981768 1412108 8614856 1642040
1790704981806 1412108 8614856 1642040
1790704981846 1412108 8614856 1642040
1790704981884 1412108 8614856 1642040
1790704981923 1412108 8614856 1642040
1790704981961 1412108 8614856 1642040
1790704981999 1412108 8614856 1642040
1790704982037 1412108 8614856 1642040
1790704982075 1412108 8614856 1642040
1790704982112 1412108 8614856 1642040
1790704982150 1412108 8614856 1642040
1790704982187 1412108 8614856 1642040
1790704982224 1412108 8614856 1642040
1790704982261 1412108 8614856 1642040
1790704982298 1412108 8614856 1642040
1790704982338 1412108 8614856 1642040
1790704982377 1412108 8614856 1642040
1790704982415 1412108 8614856 1642040
1790704982452 1412108 8614856 1642040
1790704982490 1412108 8614856 1642040
1790704982527 1412108 8614856 1642040
1790704982565 1412108 8614856 1642040
1790704982602 1412108 8614856 1642040
1790704982639 1412108 8614856 1642040
1790704982677 1412108 8614856 1642040
1790704982714 1412108 8614856 1642040
1790704982756 1412108 8614856 1642040
1790704982794 1412108 8614856 1642040
1790704982832 1412108 8614856 1642040
1790704982870 1412108 8614856 1642040
1790704982908 1264640 8614856 1642040
1790704982947 1264640 8614856 1642040
1790704982984 1264640 8614856 1642040
1790704983021 1264640 8614856 1642040
1790704983061 1264640 8614856 1642040
1790704983102 1264640 8614856 1642040
1790704983140 1264640 8614856 1642040
1790704983179 1264640 8614856 1642040
1790704983220 1264640 8614856 1642040
1790704983261 1264640 8614856 1642040
1790704983301 1264640 8614856 1642040
1790704983342 1264640 8614856 1642040
1790704983386 1264640 8614856 1642040
1790704983424 1264640 8614856 1642040
1790704983462 1264640 8614856 1642040
1790704983500 1264640 8614856 1642040
1790704983538 1264640 8614856 1642040
1790704983582 1264640 8614856 1642040
1790704983623 1264640 8614856 1642040
1790704983661 1264640 8614856 1642040
1790704983699 1264640 8614856 1642040
1790704983740 1264640 8614856 1642040
1790704983778 1264640 8614856 1642040
1790704983816 1264640 8614856 1642040
1790704983853 1264640 8614856 1642040
1790704983890 1264640 8614856 1642040
1790704983929 1264640 8614856 1642040
1790704983967 1264640 8614856 1642040
1790704984004 1264640 8614856 1642040
1790704984041 1264640 8614856 1642040
1790704984080 1264640 8614856 1642040
1790704984118 1264640 8614856 1642040
1790704984155 1264640 8614856 1642040
1790704984193 1264640 8614856 1642040
1790704984230 1264640 8614856 1642040
1790704984267 1264640 8614856 1642040
1790704984305 1264640 8614856 1642040
1790704984344 1264640 8614856 1642040
1790704984381 1264640 8614856 1642040
1790704984421 1264640 8614856 1642040
1790704984459 1264640 8614856 1642040
1790704984499 1264640 8614856 1642040
1790704984537 1264640 8614856 1642040
1790704984574 1264640 8614856 1642040
1790704984613 1264640 8614856 1642040
1790704984651 1264640 8614856 1642040
1790704984690 1264640 8614856 1642040
1790704984728 1264640 8614856 1642040
1790704984766 1264640 8614856 1642040
1790704984803 1264640 8614856 1642040
1790704984842 1264640 8614856 1642040
1790704984882 1265736 8614856 1642040
1790704984922 1265736 8614856 1642040
1790704984962 1266344 8614856 1642040
1790704985001 1267420 8614856 1642040
1790704985040 1271496 8614856 1642040
1790704985080 1280732 8614856 1642040
1790704985120 1280732 8614856 1642040
1790704985159 1242132 8614856 1642040
1790704985199 1270484 8614856 1642040
1790704985240 1290964 8614856 1642040
1790704985282 1276952 8614856 1642040
1790704985320 1281056 8614856 1642040
1790704985362 1352736 8614856 1642040
1790704985401 1352736 8614856 1642040
1790704985442 1353376 8614856 1642040
1790704985483 1353376 8614856 1642040
1790704985521 1353376 8614856 1642040
1790704985558 1353376 8614856 1642040
1790704985596 1353376 8614856 1642040
1790704985636 1353376 8614856 1642040
1790704985674 1359392 8614856 1642040
1790704985713 1359136 8614856 1642040
1790704985750 1359136 8614856 1642040
1790704985787 1359136 8614856 1642040
1790704985824 1359136 8614856 1642040
1790704985864 1359136 8614856 1642040
1790704985901 1359136 8614856 1642040
1790704985939 1359136 8614856 1642040
1790704985976 1359136 8614856 1642040
1790704986014 1359136 8614856 1642040
1790704986051 1359136 8614856 1642040
1790704986089 1359136 8614856 1642040
1790704986130 1359136 8614856 1642040
1790704986168 1359136 8614856 1642040
1790704986209 1359136 8614856 1642040
1790704986247 1359136 8614856 1642040
1790704986286 1359136 8614856 1642040
1790704986324 1359140 8614856 1642040
1790704986361 1359140 8614856 1642040
1790704986398 1359140 8614856 1642040
1790704986436 1359140 8614856 1642040
1790704986473 1359140 8614856 1642040
1790704986510 1359140 8614856 1642040
1790704986547 1359140 8614856 1642040
1790704986585 1359140 8614856 1642040
1790704986622 1359140 8614856 1642040
1790704986659 1359140 8614856 1642040
1790704986698 1359140 8614856 1642040
1790704986738 1359140 8614856 1642040
1790704986779 1359140 8614856 1642040
1790704986817 1359140 8614856 1642040
1790704986857 1359140 8614856 1642040
1790704986895 1359140 8614856 1642040
1790704986933 1359140 8614856 1642040
1790704986971 1359140 8614856 1642040
1790704987008 1359140 8614856 1642040
1790704987045 1359140 8614856 1642040
1790704987084 1359140 8614856 1642040
1790704987123 1359140 8614856 1642040
1790704987162 1359140 8614856 1642040
1790704987199 1359140 8614856 1642040
1790704987236 1359140 8614856 1642040
1790704987274 1359140 8614856 1642040
1790704987311 1359140 8614856 1642040
1790704987350 1359140 8614856 1642040
1790704987388 1359140 8614856 1642040
1790704987426 1359140 8614856 1642040
1790704987464 1359140 8614856 1642040
1790704987502 1359140 8614856 1642040
1790704987540 1359140 8614856 1642040
1790704987578 1359140 8614856 1642040
1790704987615 1359140 8614856 1642040
1790704987652 1359140 8614856 1642040
1790704987690 1359140 8614856 1642040
1790704987727 1359140 8614856 1642040
1790704987765 1359140 8614856 1642040
1790704987802 1359140 8614856 1642040
1790704987840 1359140 8614856 1642040
1790704987878 1359140 8614856 1642040
1790704987915 1359140 8614856 1642040
1790704987952 1359140 8614856 1642040
1790704987990 1359140 8614856 1642040
1790704988027 1359140 8614856 1642040
1790704988065 1359140 8614856 1642040
1790704988102 1359140 8614856 1642040
1790704988141 1359140 8614856 1642040
1790704988180 1359140 8614856 1642040
1790704988217 1359140 8614856 1642040
1790704988255 1359140 8614856 1642040
1790704988293 1359140 8614856 1642040
1790704988331 1359140 8614856 1642040
1790704988368 1359140 8614856 1642040
1790704988406 1359140 8614856 1642040
1790704988444 1359140 8614856 1642040
1790704988482 1359140 8614856 1642040
1790704988520 1359140 8614856 1642040
1790704988558 1359140 8614856 1642040
1790704988595 1359140 8614856 1642040
1790704988633 1359140 8614856 1642040
1790704988671 1359140 8614856 1642040
1790704988709 1359140 8614856 1642040
1790704988747 1359140 8614856 1642040
1790704988783 1359140 8614856 1642040
1790704988821 1359140 8614856 1642040
1790704988860 1359140 8614856 1642040
1790704988898 1359140 8614856 1642040
1790704988936 1359140 8614856 1642040
1790704988976 1359140 8614856 1642040
1790704989017 1359140 8614856 1642040
1790704989055 1359140 8614856 1642040
1790704989096 1359140 8614856 1642040
1790704989138 1359140 8614856 1642040
1790704989176 1359140 8614856 1642040
1790704989212 1359140 8614856 1642040
1790704989251 1359140 8614856 1642040
1790704989284 1359140 8614856 1642040
1790704989324 1359140 8614856 1642040
1790704989364 1359140 8614856 1642040
1790704989401 1359140 8614856 1642040
1790704989436 1359140 8614856 1642040
1790704989473 1359144 8614856 1642040
1790704989513 1359144 8614856 1642040
1790704989552 1359144 8614856 1642040
1790704989594 1359144 8614856 1642040
1790704989635 1359144 8614856 1642040
1790704989677 1359144 8614856 1642040
1790704989719 1359144 8614856 1642040
1790704989760 1359144 8614856 1642040
1790704989798 1359144 8614856 1642040
1790704989835 1359144 8614856 1642040
1790704989873 1359144 8614856 1642040
1790704989912 1359144 8614856 1642040
1790704989949 1359144 8614856 1642040
1790704989986 1359144 8614856 1642040
1790704990023 1359144 8614856 1642040
1790704990060 1359144 8614856 1642040
1790704990099 1359144 8614856 1642040
1790704990136 1359144 8614856 1642040
1790704990174 1359144 8614856 1642040
1790704990211 1359144 8614856 1642040
1790704990249 1359144 8614856 1642040
1790704990286 1359144 8614856 1642040
1790704990324 1359144 8614856 1642040
1790704990363 1359144 8614856 1642040
1790704990400 1359144 8614856 1642040
1790704990437 1359144 8614856 1642040
1790704990474 1359144 8614856 1642040
1790704990515 1359144 8614856 1642040
1790704990553 1359144 8614856 1642040
1790704990591 1359144 8614856 1642040
1790704990631 1359144 8614856 1642040
1790704990671 1359144 8614856 1642040
1790704990708 1359144 8614856 1642040
1790704990751 1359144 8614856 1642040
1790704990790 1359144 8614856 1642040
1790704990827 1359144 8614856 1642040
1790704990864 1359144 8614856 1642040
1790704990901 1359144 8614856 1642040
1790704990939 1359144 8614856 1642040
1790704990976 1359144 8614856 1642040
1790704991014 1359144 8614856 1642040
1790704991054 1359144 8614856 1642040
1790704991092 1359144 8614856 1642040
1790704991129 1359144 8614856 1642040
1790704991168 1359144 8614856 1642040
1790704991206 1359144 8614856 1642040
1790704991248 1359144 8614856 1642040
1790704991283 1359144 8614856 1642040
1790704991323 1359144 8614856 1642040
1790704991364 1359144 8614856 1642040
1790704991405 1359144 8614856 1642040
1790704991446 1359144 8614856 1642040
1790704991484 1359144 8614856 1642040
1790704991524 1359144 8614856 1642040
1790704991561 1359144 8614856 1642040
1790704991602 1359144 8614856 1642040
1790704991642 1359144 8614856 1642040
1790704991683 1359144 8614856 1642040
1790704991725 1359144 8614856 1642040
1790704991764 1359144 8614856 1642040
1790704991801 1359144 8614856 1642040
1790704991839 1359144 8614856 1642040
1790704991877 1359144 8614856 1642040
1790704991916 1359144 8614856 1642040
1790704991955 1359144 8614856 1642040
1790704991993 1359144 8614856 1642040
1790704992031 1359144 8614856 1642040
1790704992068 1359144 8614856 1642040
1790704992106 1359144 8614856 1642040
1790704992145 1359144 8614856 1642040
1790704992183 1359144 8614856 1642040
1790704992221 1359144 8614856 1642040
1790704992259 1359144 8614856 1642040
1790704992296 1359144 8614856 1642040
1790704992335 1359144 8614856 1642040
1790704992376 1359144 8614856 1642040
1790704992414 1359144 8614856 1642040
1790704992452 1359144 8614856 1642040
1790704992490 1359144 8614856 1642040
1790704992528 1359144 8614856 1642040
1790704992566 1359144 8614856 1642040
1790704992603 1359144 8614856 1642040
1790704992640 1359144 8614856 1642040
1790704992677 1359144 8614856 1642040
1790704992714 1359144 8614856 1642040
1790704992752 1359144 8614856 1642040
1790704992789 1359144 8614856 1642040
1790704992827 1359144 8614856 1642040
1790704992865 1359144 8614856 1642040
1790704992902 1359144 8614856 1642040
1790704992940 1359144 8614856 1642040
1790704992978 1359144 8614856 1642040
1790704993016 1359144 8614856 1642040
1790704993053 1359144 8614856 1642040
1790704993095 1359144 8614856 1642040
1790704993133 1359144 8614856 1642040
1790704993170 1359144 8614856 1642040
1790704993208 1359144 8614856 1642040
1790704993246 1359144 8614856 1642040
1790704993284 1359144 8614856 1642040
1790704993322 1359144 8614856 1642040
1790704993359 1359144 8614856 1642040
1790704993398 1359144 8614856 1642040
1790704993436 1359144 8614856 1642040
1790704993474 1359144 8614856 1642040
1790704993512 1359144 8614856 1642040
1790704993549 1359144 8614856 1642040
1790704993590 1359144 8614856 1642040
1790704993628 1359144 8614856 1642040
1790704993667 1359144 8614856 1642040
1790704993704 1359144 8614856 1642040
1790704993741 1359144 8614856 1642040
1790704993780 1359144 8614856 1642040
1790704993818 1359144 8614856 1642040
1790704993856 1359144 8614856 1642040
1790704993896 1359144 8614856 1642040
1790704993934 1359144 8614856 1642040
1790704993972 1359144 8614856 1642040
1790704994010 1359144 8614856 1642040
1790704994050 1359144 8614856 1642040
1790704994088 1359144 8614856 1642040
1790704994125 1359144 8614856 1642040
1790704994162 1362848 8614856 1642040
1790704994204 1362592 8614856 1642040
1790704994244 1362592 8614856 1642040
1790704994282 1362592 8614856 1642040
1790704994319 1362592 8614856 1642040
1790704994358 1362592 8614856 1642040
1790704994398 1362592 8614856 1642040
1790704994442 1362592 8614856 1642040
1790704994483 1365544 8614856 1642040
1790704994525 1365552 8614856 1642040
1790704994565 1365552 8614856 1642040
1790704994606 1365552 8614856 1642040
1790704994646 1365552 8614856 1642040
1790704994688 1365552 8614856 1642040
1790704994721 1367996 8614856 1642040
1790704994760 1377840 8614856 1642040
1790704994800 1334960 8614856 1642040
1790704994842 1334960 8614856 1642040
1790704994883 1334960 8614856 1642040
1790704994927 1334960 8614856 1642040
1790704994967 1340976 8614856 1642040
1790704995008 1340976 8614856 1642040
1790704995051 1340976 8614856 1642040
1790704995094 1340976 8614856 1642040
1790704995133 1340976 8614856 1642040
1790704995169 1365488 8614856 1642040
1790704995202 1383808 8614856 1642040
1790704995241 1344176 8614856 1642040
1790704995279 1344176 8614856 1642040
1790704995318 1344176 8614856 1642040
1790704995357 1344176 8614856 1642040
1790704995396 1362600 8614856 1642040
1790704995433 1381036 8614856 1642040
1790704995475 1344176 8614856 1642040
1790704995515 1344176 8614856 1642040
1790704995555 1344176 8614856 1642040
1790704995595 1349504 8614856 1642040
1790704995627 1365552 8614856 1642040
1790704995665 1390128 8614856 1642040
1790704995705 1353392 8614856 1642040
1790704995747 1353392 8614856 1642040
1790704995787 1353400 8614856 1642040
1790704995823 1360852 8614856 1642040
1790704995864 1368752 8614856 1642040
1790704995897 1371708 8614856 1642040
1790704995933 1396284 8614856 1642040
1790704995972 1350332 8614856 1642040
1790704996010 1350332 8614856 1642040
1790704996049 1350332 8614856 1642040
1790704996086 1353276 8614856 1642040
1790704996120 1374900 8614856 1642040
1790704996159 1374900 8614856 1642040
1790704996193 1387188 8614856 1642040
1790704996231 1419956 8614856 1642040
1790704996268 1432244 8614856 1642040
1790704996307 1448628 8614856 1642040
1790704996345 1448628 8614856 1642040
1790704996381 1448628 8614856 1642040
1790704996422 1411768 8614856 1642040
1790704996455 1445436 8614856 1642040
1790704996493 1445436 8614856 1642040
1790704996531 1368760 8614856 1642040
1790704996565 1413816 8614856 1642040
1790704996602 1444536 8614856 1642040
1790704996639 1460920 8614856 1642040
1790704996679 1436344 8614856 1642040
1790704996713 1473208 8614856 1642040
1790704996751 1473208 8614856 1642040
1790704996783 1430208 8614856 1642040
1790704996817 1467064 8614856 1642040
1790704996855 1467064 8614856 1642040
1790704996897 1370804 8614856 1642040
1790704996931 1374900 8614856 1642040
1790704996970 1381048 8614856 1642040
1790704997011 1384000 8614856 1642040
1790704997045 1399480 8614856 1642040
1790704997086 1399480 8614856 1642040
1790704997123 1399480 8614856 1642040
1790704997164 1399480 8614856 1642040
1790704997204 1399480 8614856 1642040
1790704997241 1399480 8614856 1642040
1790704997284 1399480 8614856 1642040
1790704997317 1399480 8614856 1642040
1790704997359 1399480 8614856 1642040
1790704997395 1401944 8614856 1642040
1790704997433 1414720 8614856 1642040
1790704997474 1365696 8614856 1642040
1790704997512 1384000 8614856 1642040
1790704997552 1384000 8614856 1642040
1790704997592 1384000 8614856 1642040
1790704997632 1384000 8614856 1642040
1790704997673 1384000 8614856 1642040
1790704997713 1384000 8614856 1642040
1790704997753 1396616 8614856 1642040
1790704997793 1433152 8614856 1642040
1790704997831 1439296 8614856 1642040
1790704997872 1427012 8614856 1642040
1790704997912 1439296 8614856 1642040
1790704997950 1445440 8614856 1642040
1790704997983 1445440 8614856 1642040
1790704998024 1420316 8614856 1642040
1790704998063 1371844 8614856 1642040
1790704998102 1371844 8614856 1642040
1790704998145 1371844 8614856 1642040
1790704998185 1371844 8614856 1642040
1790704998220 1411796 8614856 1642040
1790704998259 1463896 8614856 1642040
1790704998302 1463896 8614856 1642040
1790704998345 1463896 8614856 1642040
1790704998380 1470040 8614856 1642040
1790704998417 1470040 8614856 1642040
1790704998450 1451612 8614856 1642040
1790704998493 1470040 8614856 1642040
1790704998529 1439448 8614856 1642040
1790704998567 1384152 8614856 1642040
1790704998605 1384152 8614856 1642040
1790704998638 1384152 8614856 1642040
1790704998674 1390168 8614856 1642040
1790704998712 1390172 8614856 1642040
1790704998754 1396312 8614856 1642040
1790704998794 1396312 8614856 1642040
1790704998827 1346560 8614856 1642040
1790704998864 1365592 8614856 1642040
1790704998898 1390168 8614856 1642040
1790704998935 1353432 8614856 1642040
1790704998973 1353432 8614856 1642040
1790704999011 1353432 8614856 1642040
1790704999050 1353432 8614856 1642040
1790704999092 1356500 8614856 1642040
1790704999130 1377880 8614856 1642040
1790704999164 1339608 8614856 1642040
1790704999203 1339608 8614856 1642040
1790704999242 1339608 8614856 1642040
1790704999282 1339608 8614856 1642040
1790704999317 1353308 8614856 1642040
1790704999358 1383124 8614856 1642040
1790704999394 1427032 8614856 1642040
1790704999433 1433232 8614856 1642040
1790704999471 1433232 8614856 1642040
1790704999512 1433248 8614856 1642040
1790704999545 1433248 8614856 1642040
1790704999581 1433248 8614856 1642040
1790704999615 1390772 8614856 1642040
1790704999648 1439408 8614856 1642040
1790704999687 1365680 8614856 1642040
1790704999728 1365680 8614856 1642040
1790704999766 1365680 8614856 1642040
1790704999806 1381164 8614856 1642040
1790704999844 1414660 8614856 1642040
1790704999874 1433268 8614856 1642040
1790704999911 1445556 8614856 1642040
1790704999948 1463984 8614856 1642040
1790704999988 1415100 8614856 1642040
1790705000024 1445556 8614856 1642040
1790705000061 1463984 8614856 1642040
1790705000097 1463984 8614856 1642040
1790705000131 1463984 8614856 1642040
1790705000170 1384244 8614856 1642040
1790705000210 1384244 8614856 1642040
1790705000249 1384244 8614856 1642040
1790705000288 1385656 8614856 1642040
1790705000325 1390260 8614856 1642040
1790705000366 1353524 8614856 1642040
1790705000405 1381164 8614856 1642040
1790705000445 1381168 8614856 1642040
1790705000485 1381168 8614856 1642040
1790705000528 1381168 8614856 1642040
1790705000570 1381168 8614856 1642040
1790705000613 1381168 8614856 1642040
1790705000655 1381168 8614856 1642040
1790705000696 1381168 8614856 1642040
1790705000740 1381168 8614856 1642040
1790705000779 1381168 8614856 1642040
1790705000821 1381168 8614856 1642040
1790705000859 1356596 8614856 1642040
1790705000895 1375024 8614856 1642040
1790705000934 1348280 8614856 1642040
1790705000972 1359544 8614856 1642040
1790705001009 1365688 8614856 1642040
1790705001048 1365688 8614856 1642040
1790705001083 1365688 8614856 1642040
1790705001124 1380024 8614856 1642040
1790705001163 1380024 8614856 1642040
1790705001200 1380024 8614856 1642040
1790705001238 1380024 8614856 1642040
1790705001276 1380024 8614856 1642040
1790705001313 1380024 8614856 1642040
1790705001350 1380024 8614856 1642040
1790705001388 1380024 8614856 1642040
1790705001425 1380024 8614856 1642040
1790705001464 1380024 8614856 1642040
1790705001502 1380024 8614856 1642040
1790705001541 1380024 8614856 1642040
1790705001579 1380024 8614856 1642040
1790705001616 1380024 8614856 1642040
1790705001654 1380024 8614856 1642040
1790705001691 1380024 8614856 1642040
1790705001729 1380024 8614856 1642040
1790705001767 1380024 8614856 1642040
1790705001804 1380024 8614856 1642040
1790705001841 1380024 8614856 1642040
1790705001878 1380024 8614856 1642040
1790705001919 1380024 8614856 1642040
1790705001957 1380024 8614856 1642040
1790705001995 1380024 8614856 1642040
1790705002033 1380024 8614856 1642040
1790705002070 1380024 8614856 1642040
1790705002108 1380024 8614856 1642040
1790705002146 1380024 8614856 1642040
1790705002184 1380024 8614856 1642040
1790705002223 1380024 8614856 1642040
1790705002261 1380024 8614856 1642040
1790705002300 1380024 8614856 1642040
1790705002337 1380024 8614856 1642040
1790705002375 1380024 8614856 1642040
1790705002414 1380024 8614856 1642040
1790705002452 1380024 8614856 1642040
1790705002490 1380024 8614856 1642040
1790705002528 1380024 8614856 1642040
1790705002565 1380024 8614856 1642040
1790705002602 1380024 8614856 1642040
1790705002639 1380024 8614856 1642040
1790705002677 1380024 8614856 1642040
1790705002714 1380024 8614856 1642040
1790705002751 1380024 8614856 1642040
1790705002790 1380024 8614856 1642040
1790705002829 1380024 8614856 1642040
1790705002868 1380024 8614856 1642040
1790705002906 1380024 8614856 1642040
1790705002945 1269420 8614856 1642040
1790705002985 1269420 8614856 1642040
1790705003024 1269420 8614856 1642040
1790705003061 1269420 8614856 1642040
1790705003100 1269420 8614856 1642040
1790705003140 1269420 8614856 1642040
1790705003180 1269420 8614856 1642040
1790705003220 1269420 8614856 1642040
1790705003260 1269420 8614856 1642040
1790705003300 1269420 8614856 1642040
1790705003339 1269420 8614856 1642040
1790705003379 1269420 8614856 1642040
1790705003421 1269420 8614856 1642040
1790705003461 1269420 8614856 1642040
1790705003499 1269420 8614856 1642040
1790705003539 1269420 8614856 1642040
1790705003580 1269420 8614856 1642040
1790705003620 1269420 8614856 1642040
1790705003660 1269420 8614856 1642040
1790705003699 1269420 8614856 1642040
1790705003738 1269420 8614856 1642040
1790705003777 1269420 8614856 1642040
1790705003816 1269420 8614856 1642040
1790705003855 1269420 8614856 1642040
1790705003894 1269420 8614856 1642040
1790705003932 1269420 8614856 1642040
1790705003969 1269420 8614856 1642040
1790705004006 1269420 8614856 1642040
1790705004045 1269420 8614856 1642040
1790705004083 1269420 8614856 1642040
1790705004122 1269420 8614856 1642040
1790705004161 1269420 8614856 1642040
1790705004200 1269420 8614856 1642040
1790705004238 1269420 8614856 1642040
1790705004276 1269420 8614856 1642040
1790705004316 1269420 8614856 1642040
1790705004354 1269420 8614856 1642040
1790705004393 1269420 8614856 1642040
1790705004430 1269420 8614856 1642040
1790705004469 1269420 8614856 1642040
1790705004507 1269420 8614856 1642040
1790705004544 1269420 8614856 1642040
1790705004581 1269420 8614856 1642040
1790705004619 1269420 8614856 1642040
1790705004656 1269420 8614856 1642040
1790705004694 1269420 8614856 1642040
1790705004732 1269420 8614856 1642040
1790705004770 1269420 8614856 1642040
1790705004809 1269420 8614856 1642040
1790705004848 1270524 8614856 1642040
1790705004888 1270528 8614856 1642040
1790705004932 1270528 8614856 1642040
1790705004973 1270528 8614856 1642040
1790705005014 1273600 8614856 1642040
1790705005054 1283904 8614856 1642040
1790705005095 1245240 8614856 1642040
1790705005136 1252224 8614856 1642040
1790705005171 1283856 8614856 1642040
1790705005214 1245388 8614856 1642040
1790705005252 1284312 8614856 1642040
1790705005293 1331424 8614856 1642040
1790705005334 1319124 8614856 1642040
1790705005373 1320020 8614856 1642040
1790705005411 1319764 8614856 1642040
1790705005451 1319764 8614856 1642040
1790705005490 1319764 8614856 1642040
1790705005527 1319764 8614856 1642040
1790705005564 1319764 8614856 1642040
1790705005601 1325524 8614856 1642040
1790705005639 1325524 8614856 1642040
1790705005677 1325524 8614856 1642040
1790705005714 1325524 8614856 1642040
1790705005752 1325780 8614856 1642040
1790705005791 1325524 8614856 1642040
1790705005829 1325524 8614856 1642040
1790705005866 1325524 8614856 1642040
1790705005904 1325524 8614856 1642040
1790705005942 1325524 8614856 1642040
1790705005979 1325524 8614856 1642040
1790705006017 1325524 8614856 1642040
1790705006054 1325524 8614856 1642040
1790705006094 1325524 8614856 1642040
1790705006134 1325524 8614856 1642040
1790705006174 1325524 8614856 1642040
1790705006213 1325524 8614856 1642040
1790705006251 1325524 8614856 1642040
1790705006288 1325524 8614856 1642040
1790705006326 1325524 8614856 1642040
1790705006365 1325524 8614856 1642040
1790705006402 1325524 8614856 1642040
1790705006441 1325524 8614856 1642040
1790705006479 1325524 8614856 1642040
1790705006517 1325524 8614856 1642040
1790705006555 1325524 8614856 1642040
1790705006593 1325524 8614856 1642040
1790705006632 1325524 8614856 1642040
1790705006673 1325524 8614856 1642040
1790705006714 1325524 8614856 1642040
1790705006753 1325524 8614856 1642040
1790705006791 1325524 8614856 1642040
1790705006828 1325524 8614856 1642040
1790705006865 1325524 8614856 1642040
1790705006903 1325524 8614856 1642040
1790705006940 1325524 8614856 1642040
1790705006977 1325524 8614856 1642040
1790705007017 1325528 8614856 1642040
1790705007056 1325528 8614856 1642040
1790705007095 1325528 8614856 1642040
1790705007133 1325528 8614856 1642040
1790705007170 1325528 8614856 1642040
1790705007209 1325528 8614856 1642040
1790705007247 1325528 8614856 1642040
1790705007285 1325528 8614856 1642040
1790705007323 1325528 8614856 1642040
1790705007361 1325528 8614856 1642040
1790705007398 1325528 8614856 1642040
1790705007436 1325528 8614856 1642040
1790705007474 1325528 8614856 1642040
1790705007514 1325528 8614856 1642040
1790705007552 1325528 8614856 1642040
1790705007590 1325528 8614856 1642040
1790705007628 1325528 8614856 1642040
1790705007665 1325528 8614856 1642040
1790705007703 1325528 8614856 1642040
1790705007740 1325528 8614856 1642040
1790705007777 1325528 8614856 1642040
1790705007814 1325528 8614856 1642040
1790705007851 1325528 8614856 1642040
1790705007890 1325528 8614856 1642040
1790705007929 1325528 8614856 1642040
1790705007967 1325528 8614856 1642040
1790705008005 1325528 8614856 1642040
1790705008043 1325528 8614856 1642040
1790705008081 1325528 8614856 1642040
1790705008119 1325528 8614856 1642040
1790705008156 1325528 8614856 1642040
1790705008193 1325528 8614856 1642040
1790705008231 1325528 8614856 1642040
1790705008269 1325528 8614856 1642040
1790705008308 1325528 8614856 1642040
1790705008346 1325528 8614856 1642040
1790705008384 1325528 8614856 1642040
1790705008421 1325528 8614856 1642040
1790705008459 1325528 8614856 1642040
1790705008498 1325528 8614856 1642040
1790705008536 1325528 8614856 1642040
1790705008574 1325528 8614856 1642040
1790705008612 1325528 8614856 1642040
1790705008649 1325528 8614856 1642040
1790705008686 1325528 8614856 1642040
1790705008726 1325528 8614856 1642040
1790705008758 1325528 8614856 1642040
1790705008798 1325528 8614856 1642040
1790705008837 1325528 8614856 1642040
1790705008869 1325528 8614856 1642040
1790705008908 1325528 8614856 1642040
1790705008946 1327064 8614856 1642040
1790705008984 1327064 8614856 1642040
1790705009022 1327064 8614856 1642040
1790705009061 1327756 8614856 1642040
1790705009098 1347152 8614856 1642040
1790705009128 1353296 8614856 1642040
1790705009168 1353296 8614856 1642040
1790705009201 1353296 8614856 1642040
1790705009236 1320920 8614856 1642040
1790705009269 1348572 8614856 1642040
1790705009308 1364676 8614856 1642040
1790705009347 1367000 8614856 1642040
1790705009388 1367000 8614856 1642040
1790705009425 1327192 8614856 1642040
1790705009463 1327192 8614856 1642040
1790705009495 1327192 8614856 1642040
1790705009534 1328600 8614856 1642040
1790705009569 1330140 8614856 1642040
1790705009607 1330140 8614856 1642040
1790705009643 1330140 8614856 1642040
1790705009683 1330140 8614856 1642040
1790705009722 1330140 8614856 1642040
1790705009754 1336284 8614856 1642040
1790705009794 1336284 8614856 1642040
1790705009833 1336284 8614856 1642040
1790705009870 1336284 8614856 1642040
1790705009908 1336284 8614856 1642040
1790705009945 1336284 8614856 1642040
1790705009984 1336284 8614856 1642040
1790705010023 1336284 8614856 1642040
1790705010062 1336284 8614856 1642040
1790705010099 1336284 8614856 1642040
1790705010138 1336284 8614856 1642040
1790705010177 1336284 8614856 1642040
1790705010215 1336284 8614856 1642040
1790705010253 1336284 8614856 1642040
1790705010292 1336284 8614856 1642040
1790705010332 1336284 8614856 1642040
1790705010371 1336284 8614856 1642040
1790705010408 1336284 8614856 1642040
1790705010446 1336284 8614856 1642040
1790705010484 1336284 8614856 1642040
1790705010521 1336284 8614856 1642040
1790705010559 1336284 8614856 1642040
1790705010597 1336284 8614856 1642040
1790705010635 1336284 8614856 1642040
1790705010673 1336284 8614856 1642040
1790705010712 1336284 8614856 1642040
1790705010751 1336284 8614856 1642040
1790705010790 1336284 8614856 1642040
1790705010830 1336284 8614856 1642040
1790705010868 1336284 8614856 1642040
1790705010905 1336284 8614856 1642040
1790705010943 1336284 8614856 1642040
1790705010981 1336284 8614856 1642040
1790705011019 1336284 8614856 1642040
1790705011057 1336284 8614856 1642040
1790705011095 1336284 8614856 1642040
1790705011133 1336284 8614856 1642040
1790705011171 1336284 8614856 1642040
1790705011209 1336284 8614856 1642040
1790705011247 1336284 8614856 1642040
1790705011285 1341012 8614856 1642040
1790705011325 1352156 8614856 1642040
1790705011363 1353300 8614856 1642040
1790705011400 1353300 8614856 1642040
1790705011440 1313372 8614856 1642040
1790705011480 1313372 8614856 1642040
1790705011520 1316316 8614856 1642040
1790705011552 1349204 8614856 1642040
1790705011590 1362396 8614856 1642040
1790705011623 1365588 8614856 1642040
1790705011664 1365588 8614856 1642040
1790705011702 1365588 8614856 1642040
1790705011741 1319516 8614856 1642040
1790705011779 1323996 8614856 1642040
1790705011818 1327068 8614856 1642040
1790705011859 1327068 8614856 1642040
1790705011900 1327068 8614856 1642040
1790705011940 1327068 8614856 1642040
1790705011980 1327068 8614856 1642040
1790705012019 1327068 8614856 1642040
1790705012058 1327068 8614856 1642040
1790705012095 1327068 8614856 1642040
1790705012133 1327068 8614856 1642040
1790705012172 1327068 8614856 1642040
1790705012209 1327068 8614856 1642040
1790705012246 1327068 8614856 1642040
1790705012285 1327068 8614856 1642040
1790705012323 1327068 8614856 1642040
1790705012361 1327068 8614856 1642040
1790705012398 1327068 8614856 1642040
1790705012436 1327324 8614856 1642040
1790705012478 1327068 8614856 1642040
1790705012516 1327068 8614856 1642040
1790705012554 1327068 8614856 1642040
1790705012592 1327068 8614856 1642040
1790705012629 1327068 8614856 1642040
1790705012667 1327068 8614856 1642040
1790705012705 1327068 8614856 1642040
1790705012743 1327068 8614856 1642040
1790705012780 1327068 8614856 1642040
1790705012818 1327068 8614856 1642040
1790705012855 1327068 8614856 1642040
1790705012893 1327068 8614856 1642040
1790705012930 1327068 8614856 1642040
1790705012968 1327068 8614856 1642040
1790705013006 1327068 8614856 1642040
1790705013043 1327068 8614856 1642040
1790705013081 1327068 8614856 1642040
1790705013119 1327068 8614856 1642040
1790705013157 1327068 8614856 1642040
1790705013194 1327068 8614856 1642040
1790705013233 1327068 8614856 1642040
1790705013270 1327068 8614856 1642040
1790705013309 1327068 8614856 1642040
1790705013346 1327068 8614856 1642040
1790705013385 1327068 8614856 1642040
1790705013422 1327068 8614856 1642040
1790705013460 1327068 8614856 1642040
1790705013498 1327068 8614856 1642040
1790705013535 1327068 8614856 1642040
1790705013572 1327068 8614856 1642040
1790705013610 1327068 8614856 1642040
1790705013648 1327068 8614856 1642040
1790705013687 1327068 8614856 1642040
1790705013728 1327068 8614856 1642040
1790705013766 1327068 8614856 1642040
1790705013803 1327068 8614856 1642040
1790705013840 1327068 8614856 1642040
1790705013878 1327068 8614856 1642040
1790705013916 1327068 8614856 1642040
1790705013952 1327068 8614856 1642040
1790705013990 1327068 8614856 1642040
1790705014028 1327068 8614856 1642040
1790705014066 1327068 8614856 1642040
1790705014109 1327068 8614856 1642040
1790705014148 1327068 8614856 1642040
1790705014185 1327068 8614856 1642040
1790705014222 1330516 8614856 1642040
1790705014267 1328084 8614856 1642040
1790705014307 1316692 8614856 1642040
1790705014345 1316692 8614856 1642040
1790705014383 1316692 8614856 1642040
1790705014421 1316692 8614856 1642040
1790705014459 1324372 8614856 1642040
1790705014495 1334220 8614856 1642040
1790705014537 1347412 8614856 1642040
1790705014576 1371988 8614856 1642040
1790705014613 1327572 8614856 1642040
1790705014652 1327572 8614856 1642040
1790705014694 1327572 8614856 1642040
1790705014734 1328980 8614856 1642040
1790705014774 1335124 8614856 1642040
1790705014806 1356748 8614856 1642040
1790705014847 1384188 8614856 1642040
1790705014886 1342932 8614856 1642040
1790705014927 1342932 8614856 1642040
1790705014964 1342932 8614856 1642040
1790705015004 1342932 8614856 1642040
1790705015045 1342932 8614856 1642040
1790705015086 1343812 8614856 1642040
1790705015124 1348948 8614856 1642040
1790705015158 1348948 8614856 1642040
1790705015200 1348948 8614856 1642040
1790705015234 1348948 8614856 1642040
1790705015272 1350484 8614856 1642040
1790705015312 1369036 8614856 1642040
1790705015353 1380496 8614856 1642040
1790705015394 1396564 8614856 1642040
1790705015434 1352148 8614856 1642040
1790705015475 1352148 8614856 1642040
1790705015515 1352148 8614856 1642040
1790705015557 1369036 8614856 1642040
1790705015594 1395816 8614856 1642040
1790705015633 1356756 8614856 1642040
1790705015673 1356756 8614856 1642040
1790705015707 1359832 8614856 1642040
1790705015748 1356756 8614856 1642040
1790705015788 1369036 8614856 1642040
1790705015830 1396564 8614856 1642040
1790705015870 1359828 8614856 1642040
1790705015909 1359828 8614856 1642040
1790705015950 1363672 8614856 1642040
1790705015990 1362892 8614856 1642040
1790705016031 1349468 8614856 1642040
1790705016072 1375180 8614856 1642040
1790705016110 1390424 8614856 1642040
1790705016149 1402708 8614856 1642040
1790705016189 1362900 8614856 1642040
1790705016227 1362900 8614856 1642040
1790705016267 1362900 8614856 1642040
1790705016306 1371096 8614856 1642040
1790705016347 1353556 8614856 1642040
1790705016388 1385420 8614856 1642040
1790705016431 1424332 8614856 1642040
1790705016471 1436620 8614856 1642040
1790705016502 1442764 8614856 1642040
1790705016541 1407956 8614856 1642040
1790705016581 1448908 8614856 1642040
1790705016619 1448908 8614856 1642040
1790705016658 1432524 8614856 1642040
1790705016698 1377528 8614856 1642040
1790705016737 1422292 8614856 1642040
1790705016776 1457108 8614856 1642040
1790705016818 1467348 8614856 1642040
1790705016858 1479636 8614856 1642040
1790705016899 1438676 8614856 1642040
1790705016941 1469396 8614856 1642040
1790705016983 1479636 8614856 1642040
1790705017021 1485780 8614856 1642040
1790705017061 1405916 8614856 1642040
1790705017104 1371712 8614856 1642040
1790705017144 1382748 8614856 1642040
1790705017185 1384284 8614856 1642040
1790705017226 1390428 8614856 1642040
1790705017261 1402104 8614856 1642040
1790705017294 1402716 8614856 1642040
1790705017328 1408860 8614856 1642040
1790705017371 1408860 8614856 1642040
1790705017406 1408860 8614856 1642040
1790705017446 1408860 8614856 1642040
1790705017483 1408860 8614856 1642040
1790705017525 1408860 8614856 1642040
1790705017570 1408860 8614856 1642040
1790705017604 1412128 8614856 1642040
1790705017646 1369052 8614856 1642040
1790705017680 1375188 8614856 1642040
1790705017718 1393620 8614856 1642040
1790705017750 1393620 8614856 1642040
1790705017791 1393620 8614856 1642040
1790705017832 1397464 8614856 1642040
1790705017872 1393620 8614856 1642040
1790705017909 1393620 8614856 1642040
1790705017953 1403860 8614856 1642040
1790705017992 1442772 8614856 1642040
1790705018033 1448916 8614856 1642040
1790705018072 1448916 8614856 1642040
1790705018114 1448916 8614856 1642040
1790705018154 1448916 8614856 1642040
1790705018187 1409588 8614856 1642040
1790705018223 1438688 8614856 1642040
1790705018265 1370312 8614856 1642040
1790705018305 1381344 8614856 1642040
1790705018346 1381344 8614856 1642040
1790705018386 1381344 8614856 1642040
1790705018424 1415920 8614856 1642040
1790705018460 1446000 8614856 1642040
1790705018494 1470312 8614856 1642040
1790705018538 1470312 8614856 1642040
1790705018572 1470312 8614856 1642040
1790705018610 1476456 8614856 1642040
1790705018653 1440740 8614856 1642040
1790705018687 1482600 8614856 1642040
1790705018726 1482600 8614856 1642040
1790705018763 1427432 8614856 1642040
1790705018798 1390568 8614856 1642040
1790705018840 1390568 8614856 1642040
1790705018872 1399776 8614856 1642040
1790705018910 1401192 8614856 1642040
1790705018943 1405920 8614856 1642040
1790705018983 1369064 8614856 1642040
1790705019023 1387488 8614856 1642040
1790705019064 1387488 8614856 1642040
1790705019097 1387492 8614856 1642040
1790705019132 1399776 8614856 1642040
1790705019164 1399776 8614856 1642040
1790705019198 1399776 8614856 1642040
1790705019238 1402852 8614856 1642040
1790705019278 1399776 8614856 1642040
1790705019319 1399776 8614856 1642040
1790705019358 1399776 8614856 1642040
1790705019395 1399776 8614856 1642040
1790705019428 1402084 8614856 1642040
1790705019469 1403620 8614856 1642040
1790705019507 1399776 8614856 1642040
1790705019547 1399776 8614856 1642040
1790705019587 1403872 8614856 1642040
1790705019627 1436640 8614856 1642040
1790705019664 1436640 8614856 1642040
1790705019698 1442784 8614856 1642040
1790705019738 1401824 8614856 1642040
1790705019775 1436640 8614856 1642040
1790705019809 1436640 8614856 1642040
1790705019844 1424352 8614856 1642040
1790705019886 1399784 8614856 1642040
1790705019920 1399784 8614856 1642040
1790705019960 1399784 8614856 1642040
1790705019999 1399784 8614856 1642040
1790705020038 1405464 8614856 1642040
1790705020078 1444832 8614856 1642040
1790705020119 1455072 8614856 1642040
1790705020158 1467360 8614856 1642040
1790705020196 1467360 8614856 1642040
1790705020235 1467360 8614856 1642040
1790705020277 1430504 8614856 1642040
1790705020317 1479648 8614856 1642040
1790705020356 1479648 8614856 1642040
1790705020398 1393640 8614856 1642040
1790705020436 1393640 8614856 1642040
1790705020473 1393640 8614856 1642040
1790705020516 1393640 8614856 1642040
1790705020555 1393640 8614856 1642040
1790705020594 1399776 8614856 1642040
1790705020637 1399776 8614856 1642040
1790705020679 1399776 8614856 1642040
1790705020719 1399776 8614856 1642040
1790705020763 1399776 8614856 1642040
1790705020807 1399776 8614856 1642040
1790705020846 1399776 8614856 1642040
1790705020880 1399776 8614856 1642040
1790705020921 1399776 8614856 1642040
1790705020963 1399776 8614856 1642040
1790705021003 1399776 8614856 1642040
1790705021036 1399776 8614856 1642040
1790705021069 1399776 8614856 1642040
1790705021110 1399776 8614856 1642040
1790705021151 1399776 8614856 1642040
1790705021188 1399776 8614856 1642040
1790705021229 1399776 8614856 1642040
1790705021271 1354480 8614856 1642040
1790705021305 1365864 8614856 1642040
1790705021339 1369056 8614856 1642040
1790705021377 1352432 8614856 1642040
1790705021407 1365864 8614856 1642040
1790705021446 1340384 8614856 1642040
1790705021487 1371104 8614856 1642040
1790705021527 1334248 8614856 1642040
1790705021565 1334248 8614856 1642040
1790705021603 1334248 8614856 1642040
1790705021640 1334248 8614856 1642040
1790705021677 1334248 8614856 1642040
1790705021714 1334248 8614856 1642040
1790705021752 1334248 8614856 1642040
1790705021790 1334248 8614856 1642040
1790705021829 1334248 8614856 1642040
1790705021867 1334248 8614856 1642040
1790705021904 1334248 8614856 1642040
1790705021942 1334248 8614856 1642040
1790705021980 1334248 8614856 1642040
1790705022017 1334248 8614856 1642040
1790705022056 1334248 8614856 1642040
1790705022094 1334248 8614856 1642040
1790705022131 1334248 8614856 1642040
1790705022169 1334248 8614856 1642040
1790705022208 1334248 8614856 1642040
1790705022245 1334248 8614856 1642040
1790705022284 1334248 8614856 1642040
1790705022322 1334248 8614856 1642040
1790705022359 1334248 8614856 1642040
1790705022397 1334248 8614856 1642040
1790705022435 1334248 8614856 1642040
1790705022472 1334248 8614856 1642040
1790705022511 1334248 8614856 1642040
1790705022550 1334248 8614856 1642040
1790705022587 1334248 8614856 1642040
1790705022625 1334248 8614856 1642040
1790705022664 1334248 8614856 1642040
1790705022702 1334248 8614856 1642040
1790705022741 1334248 8614856 1642040
1790705022779 1334248 8614856 1642040
1790705022820 1334252 8614856 1642040
1790705022860 1334252 8614856 1642040
1790705022897 1334252 8614856 1642040
1790705022936 1334252 8614856 1642040
1790705022973 1334252 8614856 1642040
1790705023010 1334252 8614856 1642040
1790705023048 1334252 8614856 1642040
1790705023086 1334252 8614856 1642040
1790705023125 1334252 8614856 1642040
1790705023163 1334252 8614856 1642040
1790705023200 1334252 8614856 1642040
1790705023240 1334252 8614856 1642040
1790705023279 1334252 8614856 1642040
1790705023316 1334252 8614856 1642040
1790705023355 1334252 8614856 1642040
1790705023392 1260516 8614856 1642040
1790705023430 1260516 8614856 1642040
1790705023468 1260516 8614856 1642040
1790705023506 1260516 8614856 1642040
1790705023545 1260516 8614856 1642040
1790705023585 1260516 8614856 1642040
1790705023624 1260516 8614856 1642040
1790705023664 1260516 8614856 1642040
1790705023704 1260516 8614856 1642040
1790705023744 1260516 8614856 1642040
1790705023784 1260516 8614856 1642040
1790705023823 1260516 8614856 1642040
1790705023868 1260516 8614856 1642040
1790705023907 1260516 8614856 1642040
1790705023945 1260516 8614856 1642040
1790705023983 1260516 8614856 1642040
1790705024024 1260516 8614856 1642040
1790705024064 1260516 8614856 1642040
1790705024104 1260516 8614856 1642040
1790705024143 1260516 8614856 1642040
1790705024183 1260516 8614856 1642040
1790705024222 1260516 8614856 1642040
1790705024262 1260516 8614856 1642040
1790705024299 1260516 8614856 1642040
1790705024337 1260516 8614856 1642040
1790705024376 1260516 8614856 1642040
1790705024415 1260516 8614856 1642040
1790705024453 1260516 8614856 1642040
1790705024490 1260516 8614856 1642040
1790705024530 1260516 8614856 1642040
1790705024568 1260516 8614856 1642040
1790705024608 1260516 8614856 1642040
1790705024647 1260516 8614856 1642040
1790705024685 1260516 8614856 1642040
1790705024724 1260516 8614856 1642040
1790705024762 1260516 8614856 1642040
1790705024798 1260516 8614856 1642040
1790705024835 1260516 8614856 1642040
1790705024875 1260516 8614856 1642040
1790705024913 1260516 8614856 1642040
1790705024950 1260516 8614856 1642040
1790705024989 1260516 8614856 1642040
1790705025028 1260516 8614856 1642040
1790705025067 1260516 8614856 1642040
1790705025104 1260516 8614856 1642040
1790705025144 1260516 8614856 1642040
1790705025182 1260516 8614856 1642040
1790705025220 1260516 8614856 1642040
1790705025257 1260516 8614856 1642040
1790705025296 1260528 8614856 1642040
1790705025337 1263600 8614856 1642040
1790705025377 1263600 8614856 1642040
1790705025420 1263600 8614856 1642040
1790705025460 1265204 8614856 1642040
1790705025499 1268272 8614856 1642040
1790705025541 1239916 8614856 1642040
1790705025582 1239916 8614856 1642040
1790705025621 1246488 8614856 1642040
1790705025660 1278520 8614856 1642040
1790705025701 1246064 8614856 1642040
1790705025761 1309560 8614856 1642040
1790705025802 1350520 8614856 1642040
1790705025840 1350520 8614856 1642040
1790705025878 1351160 8614856 1642040
1790705025920 1351160 8614856 1642040
1790705025959 1351160 8614856 1642040
1790705025996 1351160 8614856 1642040
1790705026034 1351160 8614856 1642040
1790705026071 1356920 8614856 1642040
1790705026110 1356920 8614856 1642040
1790705026148 1356920 8614856 1642040
1790705026186 1356920 8614856 1642040
1790705026223 1356920 8614856 1642040
1790705026265 1356920 8614856 1642040
1790705026305 1356920 8614856 1642040
1790705026343 1356920 8614856 1642040
1790705026380 1356920 8614856 1642040
1790705026417 1356920 8614856 1642040
1790705026456 1356920 8614856 1642040
1790705026494 1356920 8614856 1642040
1790705026533 1356920 8614856 1642040
1790705026571 1356920 8614856 1642040
1790705026610 1356920 8614856 1642040
1790705026648 1356920 8614856 1642040
1790705026686 1356920 8614856 1642040
1790705026723 1356920 8614856 1642040
1790705026762 1356920 8614856 1642040
1790705026800 1356920 8614856 1642040
1790705026837 1356920 8614856 1642040
1790705026875 1356920 8614856 1642040
1790705026913 1356920 8614856 1642040
1790705026951 1356920 8614856 1642040
1790705026988 1356920 8614856 1642040
1790705027026 1356920 8614856 1642040
1790705027064 1356920 8614856 1642040
1790705027102 1356920 8614856 1642040
1790705027140 1356920 8614856 1642040
1790705027180 1356920 8614856 1642040
1790705027221 1356920 8614856 1642040
1790705027261 1356920 8614856 1642040
1790705027299 1356920 8614856 1642040
1790705027337 1356920 8614856 1642040
1790705027375 1356920 8614856 1642040
1790705027413 1356920 8614856 1642040
1790705027450 1356920 8614856 1642040
1790705027487 1356920 8614856 1642040
1790705027525 1356920 8614856 1642040
1790705027563 1356920 8614856 1642040
1790705027601 1356920 8614856 1642040
1790705027638 1356920 8614856 1642040
1790705027677 1356920 8614856 1642040
1790705027716 1356920 8614856 1642040
1790705027755 1356920 8614856 1642040
1790705027793 1356920 8614856 1642040
1790705027831 1356920 8614856 1642040
1790705027869 1356920 8614856 1642040
1790705027907 1356920 8614856 1642040
1790705027946 1356920 8614856 1642040
1790705027986 1356920 8614856 1642040
1790705028026 1356920 8614856 1642040
1790705028064 1356920 8614856 1642040
1790705028102 1356920 8614856 1642040
1790705028140 1356920 8614856 1642040
1790705028179 1356920 8614856 1642040
1790705028217 1356920 8614856 1642040
1790705028256 1356920 8614856 1642040
1790705028295 1356920 8614856 1642040
1790705028334 1356920 8614856 1642040
1790705028371 1356920 8614856 1642040
1790705028411 1356920 8614856 1642040
1790705028449 1356920 8614856 1642040
1790705028486 1356920 8614856 1642040
1790705028524 1356920 8614856 1642040
1790705028564 1356920 8614856 1642040
1790705028604 1356920 8614856 1642040
1790705028641 1356920 8614856 1642040
1790705028678 1356920 8614856 1642040
1790705028715 1356920 8614856 1642040
1790705028753 1356920 8614856 1642040
1790705028790 1356920 8614856 1642040
1790705028827 1356920 8614856 1642040
1790705028865 1356920 8614856 1642040
1790705028905 1356920 8614856 1642040
1790705028943 1356920 8614856 1642040
1790705028981 1356920 8614856 1642040
1790705029021 1356920 8614856 1642040
1790705029060 1356920 8614856 1642040
1790705029098 1356920 8614856 1642040
1790705029138 1356920 8614856 1642040
1790705029177 1356920 8614856 1642040
1790705029215 1356920 8614856 1642040
1790705029253 1356920 8614856 1642040
1790705029293 1356920 8614856 1642040
1790705029334 1356920 8614856 1642040
1790705029373 1356920 8614856 1642040
1790705029412 1356920 8614856 1642040
1790705029451 1356920 8614856 1642040
1790705029490 1356920 8614856 1642040
1790705029529 1356920 8614856 1642040
1790705029569 1356920 8614856 1642040
1790705029613 1356920 8614856 1642040
1790705029653 1356920 8614856 1642040
1790705029688 1356920 8614856 1642040
1790705029726 1356920 8614856 1642040
1790705029764 1356920 8614856 1642040
1790705029797 1356924 8614856 1642040
1790705029837 1356924 8614856 1642040
1790705029877 1356924 8614856 1642040
1790705029918 1356924 8614856 1642040
1790705029960 1356924 8614856 1642040
1790705030003 1356924 8614856 1642040
1790705030045 1356924 8614856 1642040
1790705030087 1356924 8614856 1642040
1790705030130 1356924 8614856 1642040
1790705030172 1356924 8614856 1642040
1790705030214 1356924 8614856 1642040
1790705030252 1356924 8614856 1642040
1790705030289 1356924 8614856 1642040
1790705030327 1356924 8614856 1642040
1790705030367 1356924 8614856 1642040
1790705030405 1356924 8614856 1642040
1790705030444 1356924 8614856 1642040
1790705030482 1356924 8614856 1642040
1790705030520 1356924 8614856 1642040
1790705030559 1356924 8614856 1642040
1790705030597 1356924 8614856 1642040
1790705030635 1356924 8614856 1642040
1790705030673 1356924 8614856 1642040
1790705030711 1356924 8614856 1642040
1790705030750 1356924 8614856 1642040
1790705030788 1356924 8614856 1642040
1790705030826 1356924 8614856 1642040
1790705030864 1356924 8614856 1642040
1790705030903 1356924 8614856 1642040
1790705030940 1356924 8614856 1642040
1790705030979 1356924 8614856 1642040
1790705031016 1356924 8614856 1642040
1790705031054 1356924 8614856 1642040
1790705031092 1356924 8614856 1642040
1790705031131 1356924 8614856 1642040
1790705031169 1356924 8614856 1642040
1790705031208 1356924 8614856 1642040
1790705031248 1356924 8614856 1642040
1790705031288 1356924 8614856 1642040
1790705031329 1356924 8614856 1642040
1790705031366 1356924 8614856 1642040
1790705031404 1356924 8614856 1642040
1790705031442 1356924 8614856 1642040
1790705031481 1356924 8614856 1642040
1790705031519 1356924 8614856 1642040
1790705031559 1356924 8614856 1642040
1790705031599 1356924 8614856 1642040
1790705031639 1356924 8614856 1642040
1790705031677 1356924 8614856 1642040
1790705031716 1356924 8614856 1642040
1790705031757 1356924 8614856 1642040
1790705031798 1356924 8614856 1642040
1790705031834 1356924 8614856 1642040
1790705031874 1356924 8614856 1642040
1790705031913 1356924 8614856 1642040
1790705031955 1356924 8614856 1642040
1790705031996 1356924 8614856 1642040
1790705032035 1356928 8614856 1642040
1790705032070 1356928 8614856 1642040
1790705032110 1356928 8614856 1642040
1790705032150 1356928 8614856 1642040
1790705032192 1356928 8614856 1642040
1790705032231 1356928 8614856 1642040
1790705032272 1356928 8614856 1642040
1790705032312 1356928 8614856 1642040
1790705032351 1356928 8614856 1642040
1790705032388 1356928 8614856 1642040
1790705032426 1356928 8614856 1642040
1790705032464 1356928 8614856 1642040
1790705032501 1356928 8614856 1642040
1790705032541 1356928 8614856 1642040
1790705032580 1356928 8614856 1642040
1790705032618 1356928 8614856 1642040
1790705032657 1356928 8614856 1642040
1790705032695 1356928 8614856 1642040
1790705032733 1356928 8614856 1642040
1790705032771 1356928 8614856 1642040
1790705032810 1356928 8614856 1642040
1790705032848 1356928 8614856 1642040
1790705032887 1356928 8614856 1642040
1790705032926 1356928 8614856 1642040
1790705032964 1356928 8614856 1642040
1790705033002 1356928 8614856 1642040
1790705033039 1356928 8614856 1642040
1790705033078 1356928 8614856 1642040
1790705033116 1356928 8614856 1642040
1790705033154 1356928 8614856 1642040
1790705033191 1356928 8614856 1642040
1790705033230 1356928 8614856 1642040
1790705033267 1356928 8614856 1642040
1790705033304 1356928 8614856 1642040
1790705033343 1356928 8614856 1642040
1790705033380 1356928 8614856 1642040
1790705033418 1356928 8614856 1642040
1790705033455 1356928 8614856 1642040
1790705033493 1356928 8614856 1642040
1790705033531 1356928 8614856 1642040
1790705033569 1356928 8614856 1642040
1790705033608 1356928 8614856 1642040
1790705033647 1356928 8614856 1642040
1790705033686 1356928 8614856 1642040
1790705033724 1356928 8614856 1642040
1790705033762 1356928 8614856 1642040
1790705033799 1356928 8614856 1642040
1790705033837 1356928 8614856 1642040
1790705033875 1356928 8614856 1642040
1790705033912 1356928 8614856 1642040
1790705033949 1356928 8614856 1642040
1790705033987 1356928 8614856 1642040
1790705034024 1356928 8614856 1642040
1790705034061 1356928 8614856 1642040
1790705034099 1356928 8614856 1642040
1790705034140 1356928 8614856 1642040
1790705034178 1356928 8614856 1642040
1790705034216 1356928 8614856 1642040
1790705034253 1356928 8614856 1642040
1790705034291 1356928 8614856 1642040
1790705034329 1356928 8614856 1642040
1790705034366 1356928 8614856 1642040
1790705034404 1356928 8614856 1642040
1790705034441 1356928 8614856 1642040
1790705034479 1356928 8614856 1642040
1790705034517 1356928 8614856 1642040
1790705034558 1356928 8614856 1642040
1790705034597 1356928 8614856 1642040
1790705034635 1356928 8614856 1642040
1790705034673 1356928 8614856 1642040
1790705034707 1379840 8614856 1642040
1790705034746 1379584 8614856 1642040
1790705034786 1379584 8614856 1642040
1790705034824 1379584 8614856 1642040
1790705034861 1379584 8614856 1642040
1790705034899 1379584 8614856 1642040
1790705034940 1379584 8614856 1642040
1790705034981 1379584 8614856 1642040
1790705035015 1379584 8614856 1642040
1790705035055 1379584 8614856 1642040
1790705035096 1379584 8614856 1642040
1790705035136 1379584 8614856 1642040
1790705035177 1379584 8614856 1642040
1790705035211 1379584 8614856 1642040
1790705035246 1398008 8614856 1642040
1790705035286 1358080 8614856 1642040
1790705035326 1358080 8614856 1642040
1790705035366 1358080 8614856 1642040
1790705035406 1358080 8614856 1642040
1790705035448 1358080 8614856 1642040
1790705035489 1361144 8614856 1642040
1790705035531 1361144 8614856 1642040
1790705035575 1361144 8614856 1642040
1790705035617 1361144 8614856 1642040
1790705035651 1379576 8614856 1642040
1790705035684 1388672 8614856 1642040
1790705035719 1404152 8614856 1642040
1790705035751 1365760 8614856 1642040
1790705035790 1365760 8614856 1642040
1790705035828 1365760 8614856 1642040
1790705035865 1366876 8614856 1642040
1790705035905 1382528 8614856 1642040
1790705035940 1407104 8614856 1642040
1790705035977 1370368 8614856 1642040
1790705036016 1370368 8614856 1642040
1790705036056 1370368 8614856 1642040
1790705036096 1372416 8614856 1642040
1790705036131 1382528 8614856 1642040
1790705036164 1407104 8614856 1642040
1790705036203 1370368 8614856 1642040
1790705036243 1370368 8614856 1642040
1790705036282 1370368 8614856 1642040
1790705036322 1375368 8614856 1642040
1790705036359 1388672 8614856 1642040
1790705036398 1388672 8614856 1642040
1790705036437 1413248 8614856 1642040
1790705036474 1370368 8614856 1642040
1790705036516 1371140 8614856 1642040
1790705036557 1370368 8614856 1642040
1790705036596 1376628 8614856 1642040
1790705036634 1391864 8614856 1642040
1790705036673 1391864 8614856 1642040
1790705036707 1430776 8614856 1642040
1790705036747 1447160 8614856 1642040
1790705036786 1459452 8614856 1642040
1790705036824 1459516 8614856 1642040
1790705036864 1459516 8614856 1642040
1790705036898 1422664 8614856 1642040
1790705036935 1462476 8614856 1642040
1790705036968 1462476 8614856 1642040
1790705037007 1388748 8614856 1642040
1790705037047 1432900 8614856 1642040
1790705037086 1471812 8614856 1642040
1790705037125 1484100 8614856 1642040
1790705037169 1484100 8614856 1642040
1790705037202 1490244 8614856 1642040
1790705037242 1490244 8614856 1642040
1790705037278 1490244 8614856 1642040
1790705037317 1490244 8614856 1642040
1790705037358 1404236 8614856 1642040
1790705037395 1404236 8614856 1642040
1790705037436 1404236 8614856 1642040
1790705037469 1404236 8614856 1642040
1790705037504 1416516 8614856 1642040
1790705037541 1416516 8614856 1642040
1790705037580 1416516 8614856 1642040
1790705037613 1416516 8614856 1642040
1790705037653 1416516 8614856 1642040
1790705037688 1416516 8614856 1642040
1790705037722 1416516 8614856 1642040
1790705037758 1416516 8614856 1642040
1790705037801 1416516 8614856 1642040
1790705037843 1419468 8614856 1642040
1790705037881 1382732 8614856 1642040
1790705037920 1382732 8614856 1642040
1790705037959 1407180 8614856 1642040
1790705038000 1407180 8614856 1642040
1790705038041 1407180 8614856 1642040
1790705038082 1407180 8614856 1642040
1790705038126 1407180 8614856 1642040
1790705038170 1410376 8614856 1642040
1790705038201 1437904 8614856 1642040
1790705038236 1456332 8614856 1642040
1790705038277 1468620 8614856 1642040
1790705038312 1468620 8614856 1642040
1790705038349 1413452 8614856 1642040
1790705038388 1444048 8614856 1642040
1790705038428 1456332 8614856 1642040
1790705038471 1388748 8614856 1642040
1790705038514 1394892 8614856 1642040
1790705038558 1394892 8614856 1642040
1790705038595 1409228 8614856 1642040
1790705038629 1436996 8614856 1642040
1790705038663 1477956 8614856 1642040
1790705038697 1477956 8614856 1642040
1790705038737 1451332 8614856 1642040
1790705038778 1490244 8614856 1642040
1790705038812 1490244 8614856 1642040
1790705038854 1490244 8614856 1642040
1790705038893 1490244 8614856 1642040
1790705038932 1404236 8614856 1642040
1790705038970 1407180 8614856 1642040
1790705039007 1407180 8614856 1642040
1790705039043 1409228 8614856 1642040
1790705039083 1410372 8614856 1642040
1790705039120 1410372 8614856 1642040
1790705039150 1416516 8614856 1642040
1790705039189 1416516 8614856 1642040
1790705039230 1361220 8614856 1642040
1790705039270 1382604 8614856 1642040
1790705039307 1407180 8614856 1642040
1790705039347 1370444 8614856 1642040
1790705039388 1370444 8614856 1642040
1790705039429 1370444 8614856 1642040
1790705039470 1370444 8614856 1642040
1790705039505 1379652 8614856 1642040
1790705039538 1398084 8614856 1642040
1790705039575 1358156 8614856 1642040
1790705039615 1358156 8614856 1642040
1790705039654 1358156 8614856 1642040
1790705039695 1358156 8614856 1642040
1790705039731 1370320 8614856 1642040
1790705039764 1400136 8614856 1642040
1790705039791 1428812 8614856 1642040
1790705039829 1444044 8614856 1642040
1790705039864 1414472 8614856 1642040
1790705039904 1456332 8614856 1642040
1790705039942 1456332 8614856 1642040
1790705039978 1456332 8614856 1642040
1790705040021 1456332 8614856 1642040
1790705040058 1408328 8614856 1642040
1790705040097 1450188 8614856 1642040
1790705040133 1381700 8614856 1642040
1790705040172 1385796 8614856 1642040
1790705040212 1385796 8614856 1642040
1790705040249 1403084 8614856 1642040
1790705040283 1434948 8614856 1642040
1790705040325 1465668 8614856 1642040
1790705040362 1484100 8614856 1642040
1790705040402 1484100 8614856 1642040
1790705040442 1445188 8614856 1642040
1790705040477 1477956 8614856 1642040
1790705040515 1484100 8614856 1642040
1790705040549 1484100 8614856 1642040
1790705040592 1404236 8614856 1642040
1790705040629 1404236 8614856 1642040
1790705040660 1404236 8614856 1642040
1790705040700 1404236 8614856 1642040
1790705040736 1404236 8614856 1642040
1790705040775 1411800 8614856 1642040
1790705040817 1376476 8614856 1642040
1790705040850 1388760 8614856 1642040
1790705040893 1388760 8614856 1642040
1790705040936 1388760 8614856 1642040
1790705040980 1388760 8614856 1642040
1790705041022 1388760 8614856 1642040
1790705041063 1388760 8614856 1642040
1790705041103 1388760 8614856 1642040
1790705041147 1388760 8614856 1642040
1790705041188 1388760 8614856 1642040
1790705041227 1388760 8614856 1642040
1790705041268 1388760 8614856 1642040
1790705041308 1388760 8614856 1642040
1790705041348 1388760 8614856 1642040
1790705041387 1388760 8614856 1642040
1790705041428 1388760 8614856 1642040
1790705041467 1388760 8614856 1642040
1790705041508 1388760 8614856 1642040
1790705041548 1389016 8614856 1642040
1790705041586 1388760 8614856 1642040
1790705041623 1388760 8614856 1642040
1790705041660 1388760 8614856 1642040
1790705041698 1388760 8614856 1642040
1790705041735 1388760 8614856 1642040
1790705041774 1388760 8614856 1642040
1790705041813 1388760 8614856 1642040
1790705041851 1388760 8614856 1642040
1790705041890 1388760 8614856 1642040
1790705041928 1388760 8614856 1642040
1790705041966 1388760 8614856 1642040
1790705042004 1388760 8614856 1642040
1790705042043 1388760 8614856 1642040
1790705042082 1388760 8614856 1642040
1790705042119 1388760 8614856 1642040
1790705042158 1388760 8614856 1642040
1790705042197 1388760 8614856 1642040
1790705042235 1388760 8614856 1642040
1790705042273 1388760 8614856 1642040
1790705042312 1388760 8614856 1642040
1790705042349 1388760 8614856 1642040
1790705042389 1388760 8614856 1642040
1790705042429 1388760 8614856 1642040
1790705042467 1388760 8614856 1642040
1790705042506 1388760 8614856 1642040
1790705042544 1388760 8614856 1642040
1790705042583 1388760 8614856 1642040
1790705042620 1388760 8614856 1642040
1790705042659 1388760 8614856 1642040
1790705042698 1388760 8614856 1642040
1790705042736 1388760 8614856 1642040
1790705042775 1388760 8614856 1642040
1790705042812 1388760 8614856 1642040
1790705042851 1388760 8614856 1642040
1790705042889 1388760 8614856 1642040
1790705042927 1388760 8614856 1642040
1790705042968 1388768 8614856 1642040
1790705043006 1388768 8614856 1642040
1790705043044 1388768 8614856 1642040
1790705043081 1388768 8614856 1642040
1790705043119 1388768 8614856 1642040
1790705043156 1388768 8614856 1642040
1790705043193 1388768 8614856 1642040
1790705043231 1388768 8614856 1642040
1790705043267 1388768 8614856 1642040
1790705043305 1388768 8614856 1642040
1790705043344 1388768 8614856 1642040
1790705043382 1388768 8614856 1642040
1790705043420 1388768 8614856 1642040
1790705043457 1388768 8614856 1642040
1790705043496 1278164 8614856 1642040
1790705043534 1278164 8614856 1642040
1790705043573 1278164 8614856 1642040
1790705043612 1278164 8614856 1642040
1790705043651 1278164 8614856 1642040
1790705043690 1278164 8614856 1642040
1790705043729 1278164 8614856 1642040
1790705043770 1278164 8614856 1642040
1790705043808 1278164 8614856 1642040
1790705043849 1278164 8614856 1642040
1790705043889 1278164 8614856 1642040
1790705043928 1278164 8614856 1642040
1790705043971 1278164 8614856 1642040
1790705044010 1278164 8614856 1642040
1790705044049 1278164 8614856 1642040
1790705044089 1278164 8614856 1642040
1790705044130 1278164 8614856 1642040
1790705044169 1278164 8614856 1642040
1790705044208 1278164 8614856 1642040
1790705044246 1278164 8614856 1642040
1790705044285 1278164 8614856 1642040
1790705044326 1278164 8614856 1642040
1790705044365 1278164 8614856 1642040
1790705044404 1278164 8614856 1642040
1790705044443 1278164 8614856 1642040
1790705044481 1278164 8614856 1642040
1790705044519 1278164 8614856 1642040
1790705044556 1278164 8614856 1642040
1790705044595 1278164 8614856 1642040
1790705044633 1278164 8614856 1642040
1790705044672 1278164 8614856 1642040
1790705044710 1278164 8614856 1642040
1790705044748 1278164 8614856 1642040
1790705044787 1278164 8614856 1642040
1790705044826 1278164 8614856 1642040
1790705044863 1278164 8614856 1642040
1790705044901 1278164 8614856 1642040
1790705044940 1278164 8614856 1642040
1790705044978 1278164 8614856 1642040
1790705045016 1278164 8614856 1642040
1790705045054 1278164 8614856 1642040
1790705045093 1278164 8614856 1642040
1790705045131 1278164 8614856 1642040
1790705045169 1278164 8614856 1642040
1790705045207 1278164 8614856 1642040
1790705045246 1278164 8614856 1642040
1790705045285 1278164 8614856 1642040
1790705045323 1278168 8614856 1642040
1790705045363 1278168 8614856 1642040
1790705045404 1278168 8614856 1642040
1790705045445 1279536 8614856 1642040
1790705045485 1284348 8614856 1642040
1790705045527 1284348 8614856 1642040
1790705045570 1284392 8614856 1642040
1790705045612 1284772 8614856 1642040
1790705045651 1304536 8614856 1642040
1790705045693 1255716 8614856 1642040
1790705045732 1255716 8614856 1642040
1790705045774 1255716 8614856 1642040
1790705045815 1294316 8614856 1642040
1790705045854 1292584 8614856 1642040
1790705045892 1315120 8614856 1642040
1790705045930 1366320 8614856 1642040
1790705045968 1366320 8614856 1642040
1790705046008 1366960 8614856 1642040
1790705046048 1366960 8614856 1642040
1790705046085 1366960 8614856 1642040
1790705046122 1366960 8614856 1642040
1790705046161 1372720 8614856 1642040
1790705046199 1372720 8614856 1642040
1790705046236 1372720 8614856 1642040
1790705046274 1372720 8614856 1642040
1790705046314 1372720 8614856 1642040
1790705046353 1372720 8614856 1642040
1790705046391 1372720 8614856 1642040
1790705046429 1372720 8614856 1642040
1790705046469 1372720 8614856 1642040
1790705046508 1372720 8614856 1642040
1790705046548 1372720 8614856 1642040
1790705046587 1372720 8614856 1642040
1790705046628 1372720 8614856 1642040
1790705046667 1372720 8614856 1642040
1790705046706 1372720 8614856 1642040
1790705046745 1372720 8614856 1642040
1790705046784 1372720 8614856 1642040
1790705046822 1372720 8614856 1642040
1790705046859 1372720 8614856 1642040
1790705046896 1372720 8614856 1642040
1790705046934 1372720 8614856 1642040
1790705046972 1372720 8614856 1642040
1790705047009 1372720 8614856 1642040
1790705047049 1372720 8614856 1642040
1790705047087 1372720 8614856 1642040
1790705047125 1372720 8614856 1642040
1790705047162 1372720 8614856 1642040
1790705047202 1372720 8614856 1642040
1790705047244 1372720 8614856 1642040
1790705047282 1372720 8614856 1642040
1790705047321 1372720 8614856 1642040
1790705047359 1372720 8614856 1642040
1790705047397 1372720 8614856 1642040
1790705047436 1372720 8614856 1642040
1790705047473 1372720 8614856 1642040
1790705047511 1372720 8614856 1642040
1790705047550 1372720 8614856 1642040
1790705047589 1372720 8614856 1642040
1790705047628 1372720 8614856 1642040
1790705047666 1372720 8614856 1642040
1790705047704 1372720 8614856 1642040
1790705047742 1372720 8614856 1642040
1790705047780 1372720 8614856 1642040
1790705047818 1372720 8614856 1642040
1790705047856 1372720 8614856 1642040
1790705047894 1372720 8614856 1642040
1790705047933 1372720 8614856 1642040
1790705047971 1372720 8614856 1642040
1790705048010 1372720 8614856 1642040
1790705048050 1372720 8614856 1642040
1790705048089 1372720 8614856 1642040
1790705048128 1372720 8614856 1642040
1790705048167 1372720 8614856 1642040
1790705048205 1372720 8614856 1642040
1790705048242 1372720 8614856 1642040
1790705048281 1372720 8614856 1642040
1790705048320 1372720 8614856 1642040
1790705048359 1372720 8614856 1642040
1790705048396 1372720 8614856 1642040
1790705048435 1372720 8614856 1642040
1790705048474 1372720 8614856 1642040
1790705048512 1372720 8614856 1642040
1790705048550 1372720 8614856 1642040
1790705048588 1372720 8614856 1642040
1790705048626 1372720 8614856 1642040
1790705048666 1372720 8614856 1642040
1790705048705 1372720 8614856 1642040
1790705048743 1372720 8614856 1642040
1790705048782 1372720 8614856 1642040
1790705048821 1372720 8614856 1642040
1790705048860 1372720 8614856 1642040
1790705048898 1372720 8614856 1642040
1790705048935 1372720 8614856 1642040
1790705048973 1372720 8614856 1642040
1790705049012 1372720 8614856 1642040
1790705049052 1372720 8614856 1642040
1790705049091 1372720 8614856 1642040
1790705049129 1372720 8614856 1642040
1790705049168 1372720 8614856 1642040
1790705049207 1372720 8614856 1642040
1790705049245 1372720 8614856 1642040
1790705049284 1372720 8614856 1642040
1790705049321 1372720 8614856 1642040
1790705049360 1372720 8614856 1642040
1790705049399 1372720 8614856 1642040
1790705049439 1372720 8614856 1642040
1790705049478 1372720 8614856 1642040
1790705049519 1372720 8614856 1642040
1790705049560 1372720 8614856 1642040
1790705049600 1372720 8614856 1642040
1790705049639 1372724 8614856 1642040
1790705049682 1372724 8614856 1642040
1790705049724 1372724 8614856 1642040
1790705049764 1372724 8614856 1642040
1790705049803 1372724 8614856 1642040
1790705049843 1372724 8614856 1642040
1790705049887 1372724 8614856 1642040
1790705049926 1372724 8614856 1642040
1790705049965 1372724 8614856 1642040
1790705049999 1372736 8614856 1642040
1790705050039 1372736 8614856 1642040
1790705050082 1372736 8614856 1642040
1790705050124 1372736 8614856 1642040
1790705050167 1372736 8614856 1642040
1790705050209 1372736 8614856 1642040
1790705050250 1372736 8614856 1642040
1790705050292 1372736 8614856 1642040
1790705050333 1372736 8614856 1642040
1790705050372 1372736 8614856 1642040
1790705050409 1372736 8614856 1642040
1790705050446 1372736 8614856 1642040
1790705050483 1372736 8614856 1642040
1790705050520 1372736 8614856 1642040
1790705050557 1372736 8614856 1642040
1790705050594 1372736 8614856 1642040
1790705050632 1372736 8614856 1642040
1790705050669 1372736 8614856 1642040
1790705050707 1372736 8614856 1642040
1790705050745 1372736 8614856 1642040
1790705050782 1372736 8614856 1642040
1790705050820 1372736 8614856 1642040
1790705050859 1372736 8614856 1642040
1790705050897 1372736 8614856 1642040
1790705050935 1372736 8614856 1642040
1790705050972 1372736 8614856 1642040
1790705051009 1372736 8614856 1642040
1790705051046 1372736 8614856 1642040
1790705051087 1372736 8614856 1642040
1790705051125 1372736 8614856 1642040
1790705051165 1372736 8614856 1642040
1790705051203 1372736 8614856 1642040
1790705051242 1372736 8614856 1642040
1790705051283 1372736 8614856 1642040
1790705051325 1372736 8614856 1642040
1790705051366 1372736 8614856 1642040
1790705051405 1372736 8614856 1642040
1790705051442 1372736 8614856 1642040
1790705051479 1372736 8614856 1642040
1790705051517 1372736 8614856 1642040
1790705051555 1372736 8614856 1642040
1790705051592 1372736 8614856 1642040
1790705051631 1372736 8614856 1642040
1790705051669 1372736 8614856 1642040
1790705051707 1372736 8614856 1642040
1790705051745 1372736 8614856 1642040
1790705051784 1372736 8614856 1642040
1790705051822 1372736 8614856 1642040
1790705051862 1372736 8614856 1642040
1790705051901 1372736 8614856 1642040
1790705051940 1372736 8614856 1642040
1790705051983 1372736 8614856 1642040
1790705052023 1372736 8614856 1642040
1790705052056 1372736 8614856 1642040
1790705052088 1372740 8614856 1642040
1790705052119 1372740 8614856 1642040
1790705052159 1372740 8614856 1642040
1790705052191 1372740 8614856 1642040
1790705052235 1372740 8614856 1642040
1790705052276 1372740 8614856 1642040
1790705052317 1372740 8614856 1642040
1790705052359 1372740 8614856 1642040
1790705052399 1372740 8614856 1642040
1790705052437 1372740 8614856 1642040
1790705052477 1372740 8614856 1642040
1790705052516 1372740 8614856 1642040
1790705052554 1372740 8614856 1642040
1790705052593 1372740 8614856 1642040
1790705052632 1372740 8614856 1642040
1790705052670 1372740 8614856 1642040
1790705052707 1372740 8614856 1642040
1790705052744 1372740 8614856 1642040
1790705052782 1372740 8614856 1642040
1790705052820 1372740 8614856 1642040
1790705052858 1372740 8614856 1642040
1790705052895 1372740 8614856 1642040
1790705052934 1372740 8614856 1642040
1790705052971 1372740 8614856 1642040
1790705053009 1372740 8614856 1642040
1790705053046 1372740 8614856 1642040
1790705053085 1372740 8614856 1642040
1790705053124 1372740 8614856 1642040
1790705053162 1372740 8614856 1642040
1790705053201 1372740 8614856 1642040
1790705053238 1372740 8614856 1642040
1790705053276 1372740 8614856 1642040
1790705053313 1372740 8614856 1642040
1790705053351 1372740 8614856 1642040
1790705053389 1372740 8614856 1642040
1790705053428 1372740 8614856 1642040
1790705053467 1372740 8614856 1642040
1790705053505 1372740 8614856 1642040
1790705053543 1372740 8614856 1642040
1790705053581 1372740 8614856 1642040
1790705053618 1372740 8614856 1642040
1790705053657 1372740 8614856 1642040
1790705053695 1372740 8614856 1642040
1790705053735 1372740 8614856 1642040
1790705053774 1372740 8614856 1642040
1790705053812 1372740 8614856 1642040
1790705053850 1372740 8614856 1642040
1790705053888 1372740 8614856 1642040
1790705053926 1372740 8614856 1642040
1790705053963 1372740 8614856 1642040
1790705054000 1372740 8614856 1642040
1790705054038 1372740 8614856 1642040
1790705054076 1372740 8614856 1642040
1790705054113 1372740 8614856 1642040
1790705054151 1372740 8614856 1642040
1790705054189 1372740 8614856 1642040
1790705054228 1372740 8614856 1642040
1790705054269 1372748 8614856 1642040
1790705054307 1372748 8614856 1642040
1790705054346 1372748 8614856 1642040
1790705054384 1372748 8614856 1642040
1790705054423 1372748 8614856 1642040
1790705054461 1372748 8614856 1642040
1790705054499 1372748 8614856 1642040
1790705054537 1372748 8614856 1642040
1790705054575 1372748 8614856 1642040
1790705054614 1372748 8614856 1642040
1790705054652 1372748 8614856 1642040
1790705054693 1372748 8614856 1642040
1790705054732 1372748 8614856 1642040
1790705054769 1372748 8614856 1642040
1790705054806 1384376 8614856 1642040
1790705054847 1395404 8614856 1642040
1790705054886 1395404 8614856 1642040
1790705054924 1395404 8614856 1642040
1790705054961 1395404 8614856 1642040
1790705054999 1395404 8614856 1642040
1790705055037 1395404 8614856 1642040
1790705055080 1395404 8614856 1642040
1790705055121 1395404 8614856 1642040
1790705055161 1395404 8614856 1642040
1790705055202 1395404 8614856 1642040
1790705055243 1395404 8614856 1642040
1790705055283 1395404 8614856 1642040
1790705055325 1395404 8614856 1642040
1790705055364 1395404 8614856 1642040
1790705055397 1401548 8614856 1642040
1790705055438 1364812 8614856 1642040
1790705055476 1364812 8614856 1642040
1790705055514 1364812 8614856 1642040
1790705055556 1364812 8614856 1642040
1790705055599 1364812 8614856 1642040
1790705055641 1367876 8614856 1642040
1790705055683 1367876 8614856 1642040
1790705055723 1367876 8614856 1642040
1790705055765 1367876 8614856 1642040
1790705055800 1383116 8614856 1642040
1790705055836 1395404 8614856 1642040
1790705055875 1413836 8614856 1642040
1790705055912 1377100 8614856 1642040
1790705055953 1377100 8614856 1642040
1790705055994 1377100 8614856 1642040
1790705056036 1386308 8614856 1642040
1790705056075 1404744 8614856 1642040
1790705056115 1377100 8614856 1642040
1790705056155 1377100 8614856 1642040
1790705056194 1377100 8614856 1642040
1790705056234 1377100 8614856 1642040
1790705056268 1389260 8614856 1642040
1790705056307 1413836 8614856 1642040
1790705056346 1377100 8614856 1642040
1790705056379 1377100 8614856 1642040
1790705056412 1377100 8614856 1642040
1790705056451 1377100 8614856 1642040
1790705056490 1392452 8614856 1642040
1790705056525 1392452 8614856 1642040
1790705056565 1404080 8614856 1642040
1790705056604 1417028 8614856 1642040
1790705056637 1378636 8614856 1642040
1790705056670 1378636 8614856 1642040
1790705056711 1378636 8614856 1642040
1790705056749 1380048 8614856 1642040
1790705056784 1398596 8614856 1642040
1790705056823 1398596 8614856 1642040
1790705056864 1421124 8614856 1642040
1790705056904 1460036 8614856 1642040
1790705056942 1466180 8614856 1642040
1790705056976 1466180 8614856 1642040
1790705057017 1466180 8614856 1642040
1790705057053 1420108 8614856 1642040
1790705057093 1469132 8614856 1642040
1790705057130 1469132 8614856 1642040
1790705057173 1364812 8614856 1642040
1790705057213 1429324 8614856 1642040
1790705057246 1456924 8614856 1642040
1790705057290 1475280 8614856 1642040
1790705057331 1487572 8614856 1642040
1790705057365 1487572 8614856 1642040
1790705057400 1487572 8614856 1642040
1790705057439 1455952 8614856 1642040
1790705057477 1499860 8614856 1642040
1790705057512 1499860 8614856 1642040
1790705057552 1389264 8614856 1642040
1790705057590 1401552 8614856 1642040
1790705057622 1407632 8614856 1642040
1790705057660 1410888 8614856 1642040
1790705057699 1423176 8614856 1642040
1790705057739 1423176 8614856 1642040
1790705057780 1423176 8614856 1642040
1790705057812 1423176 8614856 1642040
1790705057851 1423176 8614856 1642040
1790705057892 1423176 8614856 1642040
1790705057931 1423176 8614856 1642040
1790705057970 1423176 8614856 1642040
1790705058010 1423176 8614856 1642040
1790705058050 1423176 8614856 1642040
1790705058089 1435464 8614856 1642040
1790705058124 1389392 8614856 1642040
1790705058166 1401556 8614856 1642040
1790705058208 1410888 8614856 1642040
1790705058250 1410888 8614856 1642040
1790705058291 1410888 8614856 1642040
1790705058332 1410888 8614856 1642040
1790705058367 1410888 8614856 1642040
1790705058403 1413916 8614856 1642040
1790705058440 1462992 8614856 1642040
1790705058482 1462992 8614856 1642040
1790705058515 1431372 8614856 1642040
1790705058554 1475280 8614856 1642040
1790705058591 1475280 8614856 1642040
1790705058630 1450708 8614856 1642040
1790705058670 1469136 8614856 1642040
1790705058704 1389392 8614856 1642040
1790705058746 1401552 8614856 1642040
1790705058791 1401552 8614856 1642040
1790705058832 1401552 8614856 1642040
1790705058871 1435468 8614856 1642040
1790705058905 1469660 8614856 1642040
1790705058947 1487568 8614856 1642040
1790705058989 1487568 8614856 1642040
1790705059027 1493712 8614856 1642040
1790705059065 1493712 8614856 1642040
1790705059103 1481428 8614856 1642040
1790705059138 1493712 8614856 1642040
1790705059178 1450832 8614856 1642040
1790705059215 1407824 8614856 1642040
1790705059249 1407824 8614856 1642040
1790705059281 1410888 8614856 1642040
1790705059314 1417032 8614856 1642040
1790705059355 1417032 8614856 1642040
1790705059395 1422032 8614856 1642040
1790705059435 1401552 8614856 1642040
1790705059475 1407696 8614856 1642040
1790705059510 1386312 8614856 1642040
1790705059547 1398592 8614856 1642040
1790705059587 1413840 8614856 1642040
1790705059630 1377104 8614856 1642040
1790705059669 1377104 8614856 1642040
1790705059707 1377104 8614856 1642040
1790705059748 1377104 8614856 1642040
1790705059787 1401552 8614856 1642040
1790705059825 1364816 8614856 1642040
1790705059866 1364816 8614856 1642040
1790705059906 1364816 8614856 1642040
1790705059946 1370832 8614856 1642040
1790705059987 1379024 8614856 1642040
1790705060028 1431368 8614856 1642040
1790705060069 1447752 8614856 1642040
1790705060110 1466184 8614856 1642040
1790705060150 1413968 8614856 1642040
1790705060190 1444564 8614856 1642040
1790705060225 1462992 8614856 1642040
1790705060267 1462992 8614856 1642040
1790705060309 1364816 8614856 1642040
1790705060345 1389264 8614856 1642040
1790705060385 1389264 8614856 1642040
1790705060425 1389264 8614856 1642040
1790705060463 1413840 8614856 1642040
1790705060497 1450708 8614856 1642040
1790705060539 1469136 8614856 1642040
1790705060576 1487568 8614856 1642040
1790705060616 1487568 8614856 1642040
1790705060656 1469140 8614856 1642040
1790705060694 1487568 8614856 1642040
1790705060733 1487568 8614856 1642040
1790705060777 1407824 8614856 1642040
1790705060811 1376072 8614856 1642040
1790705060852 1392456 8614856 1642040
1790705060891 1398600 8614856 1642040
1790705060931 1408208 8614856 1642040
1790705060973 1412304 8614856 1642040
1790705061012 1416912 8614856 1642040
1790705061053 1393872 8614856 1642040
1790705061091 1404744 8614856 1642040
1790705061133 1404744 8614856 1642040
1790705061177 1404744 8614856 1642040
1790705061221 1404744 8614856 1642040
1790705061264 1404744 8614856 1642040
1790705061307 1404744 8614856 1642040
1790705061351 1404744 8614856 1642040
1790705061393 1404744 8614856 1642040
1790705061434 1404744 8614856 1642040
1790705061472 1404744 8614856 1642040
1790705061513 1404744 8614856 1642040
1790705061554 1389028 8614856 1642040
1790705061595 1392456 8614856 1642040
1790705061636 1392456 8614856 1642040
1790705061674 1392456 8614856 1642040
1790705061717 1392456 8614856 1642040
1790705061757 1392456 8614856 1642040
1790705061801 1392456 8614856 1642040
1790705061842 1392456 8614856 1642040
1790705061880 1392456 8614856 1642040
1790705061918 1392456 8614856 1642040
1790705061956 1392456 8614856 1642040
1790705061993 1392456 8614856 1642040
1790705062031 1392456 8614856 1642040
1790705062069 1392456 8614856 1642040
1790705062108 1392456 8614856 1642040
1790705062145 1392456 8614856 1642040
1790705062183 1392456 8614856 1642040
1790705062221 1392456 8614856 1642040
1790705062260 1392456 8614856 1642040
1790705062298 1392456 8614856 1642040
1790705062336 1392456 8614856 1642040
1790705062375 1392456 8614856 1642040
1790705062413 1392456 8614856 1642040
1790705062452 1392456 8614856 1642040
1790705062490 1392456 8614856 1642040
1790705062528 1392456 8614856 1642040
1790705062566 1392456 8614856 1642040
1790705062604 1392456 8614856 1642040
1790705062643 1392456 8614856 1642040
1790705062682 1392456 8614856 1642040
1790705062720 1392456 8614856 1642040
1790705062758 1392456 8614856 1642040
1790705062797 1392456 8614856 1642040
1790705062835 1392456 8614856 1642040
1790705062873 1392456 8614856 1642040
1790705062910 1392456 8614856 1642040
1790705062948 1392456 8614856 1642040
1790705062985 1392456 8614856 1642040
1790705063023 1392456 8614856 1642040
1790705063060 1392456 8614856 1642040
1790705063098 1392456 8614856 1642040
1790705063137 1392456 8614856 1642040
1790705063176 1392456 8614856 1642040
1790705063215 1392456 8614856 1642040
1790705063253 1392456 8614856 1642040
1790705063292 1392456 8614856 1642040
1790705063329 1392456 8614856 1642040
1790705063367 1392456 8614856 1642040
1790705063404 1392456 8614856 1642040
1790705063442 1392456 8614856 1642040
1790705063479 1392456 8614856 1642040
1790705063519 1392456 8614856 1642040
1790705063557 1392456 8614856 1642040
1790705063595 1392456 8614856 1642040
1790705063637 1392456 8614856 1642040
1790705063677 1392456 8614856 1642040
1790705063715 1392456 8614856 1642040
1790705063752 1318720 8614856 1642040
1790705063793 1281856 8614856 1642040
1790705063832 1281856 8614856 1642040
1790705063871 1281856 8614856 1642040
1790705063909 1281856 8614856 1642040
1790705063948 1281856 8614856 1642040
1790705063988 1281856 8614856 1642040
1790705064027 1281856 8614856 1642040
1790705064069 1281856 8614856 1642040
1790705064109 1281856 8614856 1642040
1790705064149 1281856 8614856 1642040
1790705064189 1281856 8614856 1642040
1790705064228 1281856 8614856 1642040
1790705064271 1281856 8614856 1642040
1790705064311 1281856 8614856 1642040
1790705064352 1281856 8614856 1642040
1790705064392 1281856 8614856 1642040
1790705064435 1281856 8614856 1642040
1790705064474 1281856 8614856 1642040
1790705064513 1281856 8614856 1642040
1790705064553 1281856 8614856 1642040
1790705064590 1281856 8614856 1642040
1790705064629 1281856 8614856 1642040
1790705064668 1281856 8614856 1642040
1790705064707 1281856 8614856 1642040
1790705064745 1281856 8614856 1642040
1790705064784 1281856 8614856 1642040
1790705064822 1281856 8614856 1642040
1790705064860 1281856 8614856 1642040
1790705064897 1281856 8614856 1642040
1790705064936 1281856 8614856 1642040
1790705064975 1281856 8614856 1642040
1790705065012 1281856 8614856 1642040
1790705065050 1281856 8614856 1642040
1790705065087 1281856 8614856 1642040
1790705065125 1281856 8614856 1642040
1790705065164 1281856 8614856 1642040
1790705065203 1281856 8614856 1642040
1790705065241 1281856 8614856 1642040
1790705065279 1281856 8614856 1642040
1790705065318 1281856 8614856 1642040
1790705065357 1281856 8614856 1642040
1790705065395 1281856 8614856 1642040
1790705065433 1281856 8614856 1642040
1790705065471 1281856 8614856 1642040
1790705065509 1281856 8614856 1642040
1790705065547 1281856 8614856 1642040
1790705065586 1281856 8614856 1642040
1790705065623 1281856 8614856 1642040
1790705065664 1281856 8614856 1642040
1790705065708 1281856 8614856 1642040
1790705065751 1281856 8614856 1642040
1790705065793 1282068 8614856 1642040
1790705065833 1294732 8614856 1642040
1790705065872 1256132 8614856 1642040
1790705065914 1293004 8614856 1642040
1790705065954 1312992 8614856 1642040
1790705065995 1307672 8614856 1642040
1790705066038 1344540 8614856 1642040
1790705066081 1387580 8614856 1642040
1790705066123 1418276 8614856 1642040
1790705066162 1418916 8614856 1642040
1790705066204 1418916 8614856 1642040
1790705066244 1418916 8614856 1642040
1790705066283 1418916 8614856 1642040
1790705066321 1418916 8614856 1642040
1790705066359 1418916 8614856 1642040
1790705066398 1418916 8614856 1642040
1790705066440 1424676 8614856 1642040
1790705066479 1424676 8614856 1642040
1790705066517 1424676 8614856 1642040
1790705066554 1424676 8614856 1642040
1790705066594 1424932 8614856 1642040
1790705066633 1424676 8614856 1642040
1790705066671 1424676 8614856 1642040
1790705066709 1424676 8614856 1642040
1790705066747 1424676 8614856 1642040
1790705066785 1424676 8614856 1642040
1790705066824 1424676 8614856 1642040
1790705066863 1424676 8614856 1642040
1790705066901 1424676 8614856 1642040
1790705066942 1424676 8614856 1642040
1790705066981 1424676 8614856 1642040
1790705067019 1424676 8614856 1642040
1790705067057 1424676 8614856 1642040
1790705067096 1424676 8614856 1642040
1790705067134 1424676 8614856 1642040
1790705067172 1424676 8614856 1642040
1790705067210 1424676 8614856 1642040
1790705067247 1424676 8614856 1642040
1790705067285 1424676 8614856 1642040
1790705067322 1424676 8614856 1642040
1790705067360 1424676 8614856 1642040
1790705067398 1424676 8614856 1642040
1790705067436 1424676 8614856 1642040
1790705067476 1424676 8614856 1642040
1790705067516 1424676 8614856 1642040
1790705067555 1424676 8614856 1642040
1790705067593 1424676 8614856 1642040
1790705067631 1424676 8614856 1642040
1790705067668 1424676 8614856 1642040
1790705067706 1424676 8614856 1642040
1790705067745 1424676 8614856 1642040
1790705067783 1424676 8614856 1642040
1790705067823 1424676 8614856 1642040
1790705067864 1424676 8614856 1642040
1790705067902 1424676 8614856 1642040
1790705067940 1424676 8614856 1642040
1790705067978 1424676 8614856 1642040
1790705068016 1424676 8614856 1642040
1790705068054 1424676 8614856 1642040
1790705068092 1424676 8614856 1642040
1790705068130 1424676 8614856 1642040
1790705068168 1424676 8614856 1642040
1790705068207 1424676 8614856 1642040
1790705068246 1424676 8614856 1642040
1790705068285 1424676 8614856 1642040
1790705068324 1424676 8614856 1642040
1790705068362 1424676 8614856 1642040
1790705068399 1424676 8614856 1642040
1790705068437 1424676 8614856 1642040
1790705068474 1424676 8614856 1642040
1790705068512 1424676 8614856 1642040
1790705068550 1424676 8614856 1642040
1790705068588 1424676 8614856 1642040
1790705068626 1424676 8614856 1642040
1790705068664 1424676 8614856 1642040
1790705068702 1424676 8614856 1642040
1790705068740 1424676 8614856 1642040
1790705068778 1424676 8614856 1642040
1790705068817 1424676 8614856 1642040
1790705068855 1424676 8614856 1642040
1790705068894 1424676 8614856 1642040
1790705068932 1424676 8614856 1642040
1790705068970 1424676 8614856 1642040
1790705069008 1424676 8614856 1642040
1790705069047 1424676 8614856 1642040
1790705069086 1424676 8614856 1642040
1790705069124 1424676 8614856 1642040
1790705069162 1424676 8614856 1642040
1790705069199 1424676 8614856 1642040
1790705069239 1424676 8614856 1642040
1790705069278 1424676 8614856 1642040
1790705069316 1424676 8614856 1642040
1790705069356 1424676 8614856 1642040
1790705069397 1424676 8614856 1642040
1790705069437 1424676 8614856 1642040
1790705069476 1424676 8614856 1642040
1790705069513 1424676 8614856 1642040
1790705069551 1424676 8614856 1642040
1790705069590 1424676 8614856 1642040
1790705069629 1424676 8614856 1642040
1790705069687 1424676 8614856 1642040
1790705069730 1424676 8614856 1642040
1790705069770 1424676 8614856 1642040
1790705069810 1424676 8614856 1642040
1790705069850 1424676 8614856 1642040
1790705069894 1424676 8614856 1642040
1790705069936 1424676 8614856 1642040
1790705069979 1424676 8614856 1642040
1790705070016 1424676 8614856 1642040
1790705070061 1424676 8614856 1642040
1790705070094 1424676 8614856 1642040
1790705070139 1424676 8614856 1642040
1790705070177 1424676 8614856 1642040
1790705070217 1424676 8614856 1642040
1790705070261 1424676 8614856 1642040
1790705070305 1424676 8614856 1642040
1790705070346 1424676 8614856 1642040
1790705070389 1424676 8614856 1642040
1790705070431 1424676 8614856 1642040
1790705070474 1424676 8614856 1642040
1790705070516 1424676 8614856 1642040
1790705070557 1424676 8614856 1642040
1790705070596 1424676 8614856 1642040
1790705070635 1424676 8614856 1642040
1790705070675 1424676 8614856 1642040
1790705070714 1424676 8614856 1642040
1790705070753 1424676 8614856 1642040
1790705070792 1424676 8614856 1642040
1790705070830 1424676 8614856 1642040
1790705070870 1424676 8614856 1642040
1790705070909 1424676 8614856 1642040
1790705070946 1424676 8614856 1642040
1790705070986 1424676 8614856 1642040
1790705071025 1424676 8614856 1642040
1790705071064 1424676 8614856 1642040
1790705071103 1424676 8614856 1642040
1790705071143 1424676 8614856 1642040
1790705071183 1424676 8614856 1642040
1790705071221 1424676 8614856 1642040
1790705071260 1424676 8614856 1642040
1790705071299 1424676 8614856 1642040
1790705071337 1424676 8614856 1642040
1790705071375 1424676 8614856 1642040
1790705071413 1424676 8614856 1642040
1790705071453 1424676 8614856 1642040
1790705071495 1424676 8614856 1642040
1790705071535 1424676 8614856 1642040
1790705071574 1424676 8614856 1642040
1790705071612 1424676 8614856 1642040
1790705071649 1424676 8614856 1642040
1790705071687 1424676 8614856 1642040
1790705071725 1424676 8614856 1642040
1790705071762 1424676 8614856 1642040
1790705071803 1424676 8614856 1642040
1790705071842 1424676 8614856 1642040
1790705071882 1424676 8614856 1642040
1790705071920 1424676 8614856 1642040
1790705071958 1424676 8614856 1642040
1790705071997 1424676 8614856 1642040
1790705072036 1424676 8614856 1642040
1790705072075 1424676 8614856 1642040
1790705072116 1424676 8614856 1642040
1790705072157 1424676 8614856 1642040
1790705072198 1424676 8614856 1642040
1790705072236 1424676 8614856 1642040
1790705072275 1424676 8614856 1642040
1790705072315 1424676 8614856 1642040
1790705072353 1424676 8614856 1642040
1790705072394 1424676 8614856 1642040
1790705072436 1424676 8614856 1642040
1790705072479 1424676 8614856 1642040
1790705072520 1426988 8614856 1642040
1790705072561 1426988 8614856 1642040
1790705072602 1426988 8614856 1642040
1790705072641 1426988 8614856 1642040
1790705072680 1426988 8614856 1642040
1790705072720 1426988 8614856 1642040
1790705072761 1426988 8614856 1642040
1790705072800 1426988 8614856 1642040
1790705072838 1426988 8614856 1642040
1790705072876 1426988 8614856 1642040
1790705072914 1426988 8614856 1642040
1790705072952 1426988 8614856 1642040
1790705072993 1426988 8614856 1642040
1790705073032 1426988 8614856 1642040
1790705073070 1426988 8614856 1642040
1790705073110 1427244 8614856 1642040
1790705073150 1426988 8614856 1642040
1790705073188 1426988 8614856 1642040
1790705073225 1426988 8614856 1642040
1790705073263 1426988 8614856 1642040
1790705073301 1426988 8614856 1642040
1790705073339 1426988 8614856 1642040
1790705073378 1426988 8614856 1642040
1790705073416 1426988 8614856 1642040
1790705073454 1426988 8614856 1642040
1790705073493 1426988 8614856 1642040
1790705073533 1426988 8614856 1642040
1790705073571 1426988 8614856 1642040
1790705073609 1426988 8614856 1642040
1790705073647 1426988 8614856 1642040
1790705073685 1426988 8614856 1642040
1790705073724 1426988 8614856 1642040
1790705073762 1426988 8614856 1642040
1790705073800 1426988 8614856 1642040
1790705073837 1426988 8614856 1642040
1790705073875 1426988 8614856 1642040
1790705073913 1426988 8614856 1642040
1790705073953 1426988 8614856 1642040
1790705073992 1426988 8614856 1642040
1790705074030 1426988 8614856 1642040
1790705074068 1426988 8614856 1642040
1790705074106 1426988 8614856 1642040
1790705074143 1426988 8614856 1642040
1790705074181 1426988 8614856 1642040
1790705074219 1426988 8614856 1642040
1790705074258 1426988 8614856 1642040
1790705074296 1426988 8614856 1642040
1790705074334 1426988 8614856 1642040
1790705074371 1426988 8614856 1642040
1790705074411 1426988 8614856 1642040
1790705074450 1426992 8614856 1642040
1790705074488 1426992 8614856 1642040
1790705074526 1426992 8614856 1642040
1790705074565 1426992 8614856 1642040
1790705074603 1426992 8614856 1642040
1790705074641 1426992 8614856 1642040
1790705074680 1426992 8614856 1642040
1790705074719 1426992 8614856 1642040
1790705074757 1426992 8614856 1642040
1790705074796 1426992 8614856 1642040
1790705074835 1426992 8614856 1642040
1790705074877 1426992 8614856 1642040
1790705074916 1426992 8614856 1642040
1790705074955 1426992 8614856 1642040
1790705074992 1430440 8614856 1642040
1790705075033 1430440 8614856 1642040
1790705075074 1430444 8614856 1642040
1790705075112 1430444 8614856 1642040
1790705075151 1430444 8614856 1642040
1790705075189 1430444 8614856 1642040
1790705075229 1430444 8614856 1642040
1790705075270 1430444 8614856 1642040
1790705075310 1430444 8614856 1642040
1790705075351 1430444 8614856 1642040
1790705075394 1430444 8614856 1642040
1790705075435 1430444 8614856 1642040
1790705075476 1430444 8614856 1642040
1790705075520 1430444 8614856 1642040
1790705075561 1430444 8614856 1642040
1790705075599 1430444 8614856 1642040
1790705075641 1430444 8614856 1642040
1790705075681 1430444 8614856 1642040
1790705075723 1430444 8614856 1642040
1790705075766 1430444 8614856 1642040
1790705075811 1430444 8614856 1642040
1790705075854 1430444 8614856 1642040
1790705075895 1430444 8614856 1642040
1790705075937 1430444 8614856 1642040
1790705075979 1430444 8614856 1642040
1790705076013 1430444 8614856 1642040
1790705076051 1445684 8614856 1642040
1790705076091 1408948 8614856 1642040
1790705076133 1408948 8614856 1642040
1790705076174 1408948 8614856 1642040
1790705076216 1412012 8614856 1642040
1790705076253 1429308 8614856 1642040
1790705076293 1445684 8614856 1642040
1790705076332 1408948 8614856 1642040
1790705076370 1408948 8614856 1642040
1790705076410 1408948 8614856 1642040
1790705076449 1418156 8614856 1642040
1790705076486 1436592 8614856 1642040
1790705076518 1442732 8614856 1642040
1790705076553 1405876 8614856 1642040
1790705076593 1405876 8614856 1642040
1790705076631 1405876 8614856 1642040
1790705076664 1412012 8614856 1642040
1790705076702 1424300 8614856 1642040
1790705076738 1427252 8614856 1642040
1790705076775 1442736 8614856 1642040
1790705076813 1408948 8614856 1642040
1790705076853 1408948 8614856 1642040
1790705076892 1408948 8614856 1642040
1790705076933 1415208 8614856 1642040
1790705076974 1430444 8614856 1642040
1790705077009 1430444 8614856 1642040
1790705077052 1446832 8614856 1642040
1790705077091 1488692 8614856 1642040
1790705077124 1488692 8614856 1642040
1790705077163 1463216 8614856 1642040
1790705077202 1500980 8614856 1642040
1790705077241 1500980 8614856 1642040
1790705077281 1482552 8614856 1642040
1790705077322 1494836 8614856 1642040
1790705077363 1423496 8614856 1642040
1790705077401 1450924 8614856 1642040
1790705077435 1485740 8614856 1642040
1790705077469 1528180 8614856 1642040
1790705077508 1528180 8614856 1642040
1790705077549 1517940 8614856 1642040
1790705077590 1534324 8614856 1642040
1790705077624 1540476 8614856 1642040
1790705077664 1540476 8614856 1642040
1790705077706 1497468 8614856 1642040
1790705077744 1540476 8614856 1642040
1790705077785 1423740 8614856 1642040
1790705077827 1438980 8614856 1642040
1790705077867 1438980 8614856 1642040
1790705077904 1448316 8614856 1642040
1790705077946 1463556 8614856 1642040
1790705077982 1463556 8614856 1642040
1790705078020 1463556 8614856 1642040
1790705078063 1463556 8614856 1642040
1790705078102 1463556 8614856 1642040
1790705078144 1463556 8614856 1642040
1790705078184 1463556 8614856 1642040
1790705078225 1463556 8614856 1642040
1790705078267 1463556 8614856 1642040
1790705078305 1472892 8614856 1642040
1790705078351 1472892 8614856 1642040
1790705078386 1472892 8614856 1642040
1790705078428 1472892 8614856 1642040
1790705078471 1472892 8614856 1642040
1790705078513 1472892 8614856 1642040
1790705078553 1472892 8614856 1642040
1790705078598 1472896 8614856 1642040
1790705078637 1500172 8614856 1642040
1790705078672 1506568 8614856 1642040
1790705078712 1463468 8614856 1642040
1790705078752 1511856 8614856 1642040
1790705078787 1512712 8614856 1642040
1790705078825 1481996 8614856 1642040
1790705078868 1500424 8614856 1642040
1790705078901 1506568 8614856 1642040
1790705078940 1457544 8614856 1642040
1790705078981 1457544 8614856 1642040
1790705079023 1457544 8614856 1642040
1790705079058 1457544 8614856 1642040
1790705079090 1481092 8614856 1642040
1790705079123 1512120 8614856 1642040
1790705079167 1531144 8614856 1642040
1790705079207 1531144 8614856 1642040
1790705079250 1531144 8614856 1642040
1790705079285 1537288 8614856 1642040
1790705079319 1537288 8614856 1642040
1790705079361 1512716 8614856 1642040
1790705079402 1445256 8614856 1642040
1790705079438 1445256 8614856 1642040
1790705079475 1445256 8614856 1642040
1790705079514 1453784 8614856 1642040
1790705079553 1454464 8614856 1642040
1790705079597 1457416 8614856 1642040
1790705079638 1457416 8614856 1642040
1790705079679 1408392 8614856 1642040
1790705079716 1426696 8614856 1642040
1790705079749 1451272 8614856 1642040
1790705079789 1408392 8614856 1642040
1790705079828 1408392 8614856 1642040
1790705079871 1408392 8614856 1642040
1790705079912 1408392 8614856 1642040
1790705079953 1420024 8614856 1642040
1790705079985 1438984 8614856 1642040
1790705080029 1438984 8614856 1642040
1790705080068 1438984 8614856 1642040
1790705080111 1438984 8614856 1642040
1790705080152 1438984 8614856 1642040
1790705080194 1460608 8614856 1642040
1790705080234 1497472 8614856 1642040
1790705080269 1503616 8614856 1642040
1790705080304 1503616 8614856 1642040
1790705080343 1509760 8614856 1642040
1790705080382 1509760 8614856 1642040
1790705080417 1468804 8614856 1642040
1790705080451 1506568 8614856 1642040
1790705080486 1506568 8614856 1642040
1790705080528 1414472 8614856 1642040
1790705080569 1423744 8614856 1642040
1790705080612 1423744 8614856 1642040
1790705080650 1447176 8614856 1642040
1790705080683 1476992 8614856 1642040
1790705080723 1515904 8614856 1642040
1790705080760 1515904 8614856 1642040
1790705080799 1507712 8614856 1642040
1790705080838 1528192 8614856 1642040
1790705080878 1528192 8614856 1642040
1790705080919 1488704 8614856 1642040
1790705080959 1442188 8614856 1642040
1790705080998 1445132 8614856 1642040
1790705081041 1445132 8614856 1642040
1790705081082 1448204 8614856 1642040
1790705081123 1448204 8614856 1642040
1790705081162 1456940 8614856 1642040
1790705081201 1426700 8614856 1642040
1790705081240 1438988 8614856 1642040
1790705081281 1438988 8614856 1642040
1790705081321 1438988 8614856 1642040
1790705081364 1438988 8614856 1642040
1790705081408 1438988 8614856 1642040
1790705081451 1438988 8614856 1642040
1790705081495 1438988 8614856 1642040
1790705081537 1438988 8614856 1642040
1790705081579 1438988 8614856 1642040
1790705081621 1438988 8614856 1642040
1790705081663 1438988 8614856 1642040
1790705081703 1438988 8614856 1642040
1790705081745 1438988 8614856 1642040
1790705081784 1438988 8614856 1642040
1790705081826 1438988 8614856 1642040
1790705081869 1447180 8614856 1642040
1790705081909 1453324 8614856 1642040
1790705081950 1453324 8614856 1642040
1790705081989 1453324 8614856 1642040
1790705082027 1453324 8614856 1642040
1790705082066 1453324 8614856 1642040
1790705082105 1453324 8614856 1642040
1790705082143 1453324 8614856 1642040
1790705082182 1453324 8614856 1642040
1790705082219 1453324 8614856 1642040
1790705082259 1453324 8614856 1642040
1790705082297 1453324 8614856 1642040
1790705082335 1453324 8614856 1642040
1790705082373 1453324 8614856 1642040
1790705082413 1453324 8614856 1642040
1790705082452 1453324 8614856 1642040
1790705082491 1453324 8614856 1642040
1790705082531 1453324 8614856 1642040
1790705082570 1453324 8614856 1642040
1790705082608 1453324 8614856 1642040
1790705082647 1453324 8614856 1642040
1790705082687 1453324 8614856 1642040
1790705082727 1453324 8614856 1642040
1790705082766 1453324 8614856 1642040
1790705082803 1453324 8614856 1642040
1790705082843 1453324 8614856 1642040
1790705082882 1453324 8614856 1642040
1790705082920 1453324 8614856 1642040
1790705082959 1453324 8614856 1642040
1790705082999 1453324 8614856 1642040
1790705083038 1453324 8614856 1642040
1790705083077 1453324 8614856 1642040
1790705083116 1453324 8614856 1642040
1790705083155 1453324 8614856 1642040
1790705083193 1453324 8614856 1642040
1790705083231 1453324 8614856 1642040
1790705083272 1453324 8614856 1642040
1790705083310 1453324 8614856 1642040
1790705083349 1453324 8614856 1642040
1790705083387 1453324 8614856 1642040
1790705083426 1453324 8614856 1642040
1790705083464 1453324 8614856 1642040
1790705083502 1453324 8614856 1642040
1790705083541 1453324 8614856 1642040
1790705083579 1453324 8614856 1642040
1790705083618 1453324 8614856 1642040
1790705083657 1453324 8614856 1642040
1790705083699 1453324 8614856 1642040
1790705083737 1453324 8614856 1642040
1790705083775 1453324 8614856 1642040
1790705083814 1453324 8614856 1642040
1790705083852 1305852 8614856 1642040
1790705083891 1305852 8614856 1642040
1790705083930 1305852 8614856 1642040
1790705083971 1305852 8614856 1642040
1790705084011 1305852 8614856 1642040
1790705084049 1305852 8614856 1642040
1790705084088 1305852 8614856 1642040
1790705084126 1305852 8614856 1642040
1790705084165 1307028 8614856 1642040
1790705084207 1307092 8614856 1642040
1790705084249 1307096 8614856 1642040
1790705084290 1307096 8614856 1642040
1790705084327 1307096 8614856 1642040
1790705084365 1307096 8614856 1642040
1790705084404 1307096 8614856 1642040
1790705084443 1307096 8614856 1642040
1790705084482 1307096 8614856 1642040
1790705084520 1307096 8614856 1642040
1790705084560 1307096 8614856 1642040
1790705084599 1307096 8614856 1642040
1790705084637 1307096 8614856 1642040
1790705084675 1307096 8614856 1642040
1790705084713 1307096 8614856 1642040
1790705084753 1307096 8614856 1642040
1790705084794 1307096 8614856 1642040
1790705084834 1307096 8614856 1642040
1790705084874 1307096 8614856 1642040
1790705084913 1307096 8614856 1642040
1790705084952 1307096 8614856 1642040
1790705084992 1307096 8614856 1642040
1790705085031 1307096 8614856 1642040
1790705085070 1307096 8614856 1642040
1790705085108 1307096 8614856 1642040
1790705085147 1307096 8614856 1642040
1790705085185 1307096 8614856 1642040
1790705085223 1307096 8614856 1642040
1790705085264 1307096 8614856 1642040
1790705085304 1307096 8614856 1642040
1790705085344 1307096 8614856 1642040
1790705085384 1307096 8614856 1642040
# peak_kb=1638624
# hwm_kb=1642040
# frozen_ms=12004
# polled_vs_hwm_pct=2promille
