0.062762600000000002
0.506494
0.177565
0.78094200000000003
-0.117506
0.046883899999999999
0.66501900000000003
0.44350400000000001
-0.20577000000000001
0.248776
-0.112063
0.39263300000000001
-0.121139
0.17549200000000001
-0.12368899999999999
-0.076660300000000001
0.84598700000000004
-0.37336900000000001
-0.55749000000000004
0.11215
0.15512200000000001
-0.31086799999999998
-0.77031799999999995
0.72109599999999996
-0.72465800000000002
0.078234999999999999
-0.34919
0.30245100000000003
-0.55254499999999995
-0.052346299999999998
-0.14995900000000001
-1.6285799999999999
-0.43356600000000001
0.13447400000000001
-0.27852100000000002
-0.0385654
-0.20280000000000001
0.237481
0.12662899999999999
0.43559399999999998
0.011636499999999999
-1.5117700000000001
-0.88918200000000003
0.556979
-0.28681200000000001
-0.28157700000000002
0.18212900000000001
0.079483999999999999
-0.51131199999999999
-0.31493599999999999
0.0239353
-0.16079099999999999
0.64174900000000001
0.44933299999999998
0.016434000000000001
0.052845499999999997
0.21606400000000001
-0.0223176
-0.086560100000000001
-0.049103300000000003
0.18596599999999999
-0.72378600000000004
0.13977200000000001
-0.42447400000000002
-0.41180600000000001
-0.173066
0.37209799999999998
-1.0881000000000001
-0.38140600000000002
0.10242900000000001
-0.058920800000000002
-0.14242299999999999
0.52157600000000004
0.73048800000000003
0.0454933
0.37759399999999999
0.26667200000000002
0.62734800000000002
0.14732799999999999
-0.084659899999999996
0.41778999999999999
0.25854300000000002
-0.044335100000000002
0.273119
0.052793800000000002
0.40946500000000002
-0.22320200000000001
-0.281447
0.36812899999999998
0.121405
0.070377200000000001
0.30172100000000002
-0.64867200000000003
0.43777100000000002
-0.095642500000000005
-0.52956599999999998
1.63235
0.23418800000000001
0.45088299999999998
0.176284
-0.57154499999999997
-0.20345099999999999
0.18082599999999999
-0.36376199999999997
-0.41747200000000001
-0.214279
-0.92648699999999995
-0.589171
-0.54175499999999999
-0.33879100000000001
-0.063019800000000001
1.23706
0.22058800000000001
0.055307799999999997
0.420906
-0.146955
-0.669435
0.28370299999999998
-0.37734800000000002
0.26165300000000002
-0.14319899999999999
-0.35766799999999999
-0.0125104
-0.36676799999999998
0.464117
-0.46345500000000001
0.32355699999999998
-0.29045900000000002
-0.733101
-0.38158700000000001
-0.38133699999999998
-0.966858
-0.40227299999999999
0.099833199999999997
-0.29075800000000002
0.124002
0.40143299999999998
0.26514799999999999
-0.077881099999999995
-0.276447
-0.053395100000000001
0.0690548
0.30840400000000001
-0.048354599999999998
-0.0025120899999999998
0.0245837
-0.043015900000000003
0.19162899999999999
0.37579000000000001
0.113886
0.0112304
0.85392299999999999
0.56325700000000001
0.48854999999999998
-0.21285299999999999
-0.042974199999999997
0.107679
0.20932300000000001
-0.22750600000000001
-0.128049
0.137603
0.0080246599999999994
-0.63970300000000002
0.59543299999999999
-0.103827
0.155499
-1.0010699999999999
0.027572200000000002
-1.1836199999999999
0.34700799999999998
-0.35437600000000002
-0.72393700000000005
-0.089521799999999999
0.00136282
-0.26907500000000001
0.1145
-0.76096200000000003
0.44215100000000002
0.010418
0.098394200000000001
-0.32133699999999998
-0.27487299999999998
0.68012399999999995
-0.65800400000000003
0.57867800000000003
0.085861499999999993
-0.246197
-0.039016799999999997
-0.022043799999999999
0.161744
-0.32316
-0.91651899999999997
0.275366
-0.58920600000000001
0.051074700000000001
0.13111200000000001
0.60788200000000003
-0.71966399999999997
-1.1377299999999999
0.68084800000000001
0.32130700000000001
1.6956899999999999
0.42257600000000001
0.85014500000000004
0.65232400000000001
-0.214644
-0.0018463900000000001
-0.34378900000000001
-2.83108
0.42089100000000002
-0.0054441400000000001
1.1353500000000001
0.90784600000000004
1.0273699999999999
-0.12646199999999999
0.26329900000000001
1.0837000000000001
0.64134500000000005
0.25048900000000002
0.015711599999999999
0.035468
0.29496600000000001
-0.088306200000000001
-0.82556200000000002
-0.57110499999999997
0.18735399999999999
0.52638700000000005
-0.45492899999999997
0.10255
0.277221
-1.54965
-0.41275499999999998
0.228684
-0.40733599999999998
0.68540400000000001
0.00072867299999999999
0.78982699999999995
0.33217600000000003
-0.83957700000000002
0.622255
0.52537100000000003
0.99606799999999995
0.55160100000000001
-0.29683100000000001
0.37539
-0.15538299999999999
-1.0034400000000001
-0.86592199999999997
0.11713999999999999
-0.39394099999999999
0.22217700000000001
-0.57063699999999995
-0.375639
0.93774400000000002
-0.072444099999999997
0.0098983100000000004
0.20555200000000001
-0.27323599999999998
-0.48397499999999999
-0.100725
-0.345244
0.43645699999999998
0.12178899999999999
0.15001900000000001
0.24598900000000001
0.75669399999999998
-0.44599
-0.16142400000000001
-0.91866599999999998
0.076619000000000007
0.124045
0.70508300000000002
0.43959500000000001
0.154722
-0.40718799999999999
-0.0102527
0.75564699999999996
0.38315900000000003
0.61097199999999996
0.71616899999999994
-0.23865900000000001
-0.24732899999999999
0.28409400000000001
-0.058401799999999997
0.40732000000000002
0.22223699999999999
-1.2864199999999999
-0.31128899999999998
-1.5723499999999999
0.32530900000000001
0.32413799999999998
0.87035399999999996
0.34742099999999998
0.99414899999999995
0.43446200000000001
-0.209178
-0.41993200000000003
-0.69117600000000001
-0.54516699999999996
0.14088700000000001
-0.0310158
0.21073600000000001
-0.45853300000000002
0.71776499999999999
0.35039999999999999
-0.16338900000000001
1.33521
0.389538
-0.92804200000000003
0.392928
0.30313600000000002
0.411713
0.31997500000000001
0.21308299999999999
-0.12317400000000001
0.13528200000000001
-0.89374600000000004
0.26361800000000002
-0.44661400000000001
-0.16656000000000001
-0.145596
0.51705699999999999
-0.20017499999999999
-0.67618500000000004
-0.134459
0.30299100000000001
1.5981700000000001
-0.36951299999999998
-1.2826900000000001
-0.28809299999999999
0.039777399999999997
1.5739300000000001
-0.77126499999999998
0.29017900000000002
-0.380249
-0.106242
-0.33346100000000001
-0.51740699999999995
0.401283
0.185417
-0.10960399999999999
0.14263999999999999
-0.0022732199999999998
0.53099200000000002
0.11276899999999999
0.127026
1.04623
0.35008699999999998
0.057944599999999999
-0.84458800000000001
0.047146500000000001
-0.36595299999999997
-0.33785700000000002
0.151117
-0.0591729
-0.15953700000000001
-0.966588
-0.096037300000000006
-1.99082
-0.061084899999999998
-0.27755299999999999
0.056852399999999997
0.0055510200000000003
-1.1718
-0.25407999999999997
-0.39369399999999999
-0.37260199999999999
-0.15170800000000001
-0.89117500000000005
0.48435400000000001
0.26521400000000001
0.94470699999999996
-0.17100899999999999
0.035435300000000003
-0.259376
-0.043192099999999997
0.78227599999999997
-0.73064700000000005
0.38066100000000003
0.16022500000000001
-0.28499799999999997
-0.36554399999999998
0.53364100000000003
-0.096564899999999995
0.31345899999999999
0.27012799999999998
0.17186299999999999
0.0452416
0.74731999999999998
0.35881999999999997
0.21709899999999999
-0.24831300000000001
0.13855100000000001
0.028374099999999999
0.24043600000000001
0.32842300000000002
0.19039700000000001
-0.23938899999999999
0.041211400000000002
-0.410661
-0.28019100000000002
-0.52707999999999999
0.62526400000000004
0.273704
-0.044136099999999998
-0.201906
0.43802999999999997
0.41534900000000002
-0.091947399999999999
-0.50964799999999999
0.033041300000000003
-1.2100200000000001
0.74049699999999996
-0.0028722700000000001
0.27846799999999999
0.14318600000000001
-0.60531000000000001
-0.48494999999999999
0.84839399999999998
0.13106699999999999
0.15734799999999999
-0.340696
-0.214666
0.16395599999999999
-0.63178299999999998
0.14624699999999999
-0.0185103
-0.66874500000000003
-0.529304
-0.037986899999999997
0.28881800000000002
-0.13944100000000001
-0.34068900000000002
-0.022447100000000001
-0.23146900000000001
0.16160099999999999
-0.95946100000000001
0.16234100000000001
-0.21256900000000001
0.047549500000000001
-0.13850299999999999
0.85356600000000005
0.63886399999999999
0.091367500000000004
-0.61947200000000002
0.19331699999999999
-0.78183199999999997
-0.10445699999999999
0.084287600000000004
-0.306645
-0.40931400000000001
-0.26173000000000002
-0.022546199999999999
0.104576
0.19900399999999999
-0.012961800000000001
-0.041157699999999998
-0.93549000000000004
1.24333
-0.138851
-0.14866099999999999
0.53129499999999996
0.068917400000000004
-0.14543500000000001
-0.053849800000000003
0.0132877
0.10444299999999999
0.74219000000000002
-0.35581200000000002
0.15673100000000001
0.11673
-0.83499900000000005
-0.069244299999999995
-1.3451200000000001
0.24845700000000001
0.017398899999999998
-0.0184122
-0.095365800000000001
-0.61805399999999999
0.111995
0.51173900000000005
0.095438200000000001
-0.042190400000000003
-0.15340300000000001
-0.18852099999999999
-0.28974699999999998
0.268042
-0.22071299999999999
-0.276667
-0.0099890799999999991
-0.16021199999999999
-0.13894799999999999
-0.115955
0.16244500000000001
-0.736568
-0.33235999999999999
-0.93530800000000003
0.039415600000000002
-0.91166800000000003
-0.104975
0.016486199999999999
0.033680399999999999
-0.71135700000000002
-0.0146491
0.55090099999999997
-0.24349000000000001
-0.47892000000000001
-0.14433399999999999
0.54218699999999997
0.27635700000000002
-0.026809900000000001
-0.66964000000000001
-0.49018400000000001
-0.022519600000000001
0.48993399999999998
-0.027418999999999999
-0.13107099999999999
0.077387999999999998
0.37297799999999998
0.47924499999999998
-0.441131
0.0174699
-0.085162299999999996
-0.77617400000000003
0.57899199999999995
0.326349
1.08335
0.15551100000000001
-0.11561
0.20471400000000001
-0.00152742
0.76156699999999999
-0.40024700000000002
0.59619200000000006
0.080614199999999997
-0.095469899999999996
0.43570599999999998
-0.26502500000000001
-0.46512500000000001
-0.54075200000000001
0.022872900000000002
-0.46933999999999998
-0.57779800000000003
0.54327199999999998
-0.051782300000000003
0.107779
-1.2437
0.26595400000000002
-0.18502399999999999
0.10373400000000001
0.20220399999999999
0.54122899999999996
0.10531
-1.1135600000000001
0.031697400000000001
-0.101371
0.080314800000000006
0.76295199999999996
-0.098878400000000005
0.916798
0.0109347
-1.29135
0.065287399999999995
-0.21954299999999999
-0.232239
-0.35045700000000002
-0.30518800000000001
0.322214
0.277976
0.26086300000000001
0.049880300000000002
0.31505100000000003
0.76671
-0.390818
-0.22261800000000001
0.26223999999999997
1.8676299999999999
-0.0571978
0.211924
-0.035065100000000002
-0.26768999999999998
-0.062085500000000002
0.088351899999999997
-0.32482100000000003
-0.363678
-0.059268700000000001
1.5575600000000001
0.0119259
-0.77709399999999995
0.192417
0.22531699999999999
0.45063999999999999
0.69477900000000004
0.65579500000000002
0.53242500000000004
-0.17205500000000001
-0.58881899999999998
-0.055486399999999998
0.798628
-0.117713
-0.097184900000000005
0.82494900000000004
0.191969
-0.029105200000000001
0.78300499999999995
0.84447499999999998
0.83012900000000001
0.33236599999999999
0.35572999999999999
0.47453699999999999
-0.053266899999999999
0.67899799999999999
-0.37135400000000002
-0.42014499999999999
-0.533107
-0.12266299999999999
-1.7316199999999999
-0.39212599999999997
0.093301999999999996
0.025740200000000001
0.15678900000000001
0.16026499999999999
-0.31737900000000002
0.28597600000000001
-0.33854099999999998
0.086519700000000005
-0.524478
0.48319299999999998
0.45023800000000003
-0.48217599999999999
-0.044186499999999997
-0.56823699999999999
-0.71976200000000001
0.56591499999999995
0.0163622
0.021415900000000002
-0.86326700000000001
-0.187751
0.213033
0.65693100000000004
-0.27341700000000002
-0.25692399999999999
0.47092000000000001
0.48191099999999998
-0.83349399999999996
0.053202399999999997
0.14333799999999999
0.480375
-0.293964
0.13111600000000001
0.36916199999999999
0.46787800000000002
-0.592526
1.0975200000000001
-0.28106199999999998
-0.101045
-1.1309899999999999
0.0270613
0.19057499999999999
0.101031
0.56433100000000003
0.82448399999999999
0.128023
1.0486500000000001
0.0039074499999999998
0.035568299999999997
-0.41176200000000002
-0.0059768399999999998
-0.316436
-0.075469499999999995
-0.031615200000000003
-0.28398299999999999
-0.2107
0.47114800000000001
-0.18329300000000001
0.26285799999999998
-0.64665899999999998
0.075574799999999998
0.60086300000000004
0.25405
0.48560199999999998
0.44939200000000001
-0.511374
0.29244799999999999
0.0032656299999999998
0.078820699999999994
-0.72136400000000001
0.195796
-0.45886399999999999
0.16409599999999999
0.28918899999999997
-1.1055600000000001
-0.316911
0.33478200000000002
0.21776899999999999
1.8755999999999999
-0.93105000000000004
-1.18621
-0.64005199999999995
-0.35917700000000002
-0.036266699999999999
-0.70625000000000004
-0.030353700000000001
1.4574
0.44472299999999998
0.074149599999999996
0.25156000000000001
0.54400199999999999
-0.12589600000000001
-0.34512700000000002
-0.29803600000000002
0.52769699999999997
0.68481000000000003
0.39368599999999998
0.29624800000000001
0.100685
0.22440599999999999
-1.29962
-1.08361
0.471387
-0.0577487
0.42313099999999998
-0.13628299999999999
-0.063922400000000004
-0.051829500000000001
-0.38807700000000001
0.0015923700000000001
-0.415157
-0.079245200000000002
-0.36504599999999998
0.024907200000000001
-0.324291
-0.43410199999999999
-1.88879
-0.018101800000000001
-0.0111071
-1.464
0.19634599999999999
-0.92663799999999996
-0.16539300000000001
0.0032702500000000002
-1.61189
0.245947
0.39146399999999998
0.221996
0.18021100000000001
0.086236400000000005
0.677427
1.6041099999999999
-0.51976599999999995
-0.121406
0.051834999999999999
0.178039
-0.67429899999999998
0.15575800000000001
-0.16183500000000001
0.64237
0.15276600000000001
-0.928064
0.14024300000000001
-0.053290799999999999
-0.32913900000000001
0.38894699999999999
-0.69296400000000002
0.032486399999999999
-0.079441499999999998
0.38947199999999998
0.42499300000000001
0.36527900000000002
-0.157222
0.102019
0.50650099999999998
0.302948
0.169902
0.087094000000000005
0.074323700000000006
-0.49945099999999998
0.24402399999999999
0.905339
0.072958099999999998
0.037168800000000002
0.081362900000000002
-0.39358199999999999
-0.45304
-0.48525499999999999
-0.044364399999999998
-0.0066976199999999996
-0.42210799999999998
0.359429
0.16146099999999999
-0.064022099999999998
0.59495200000000004
-0.034708099999999999
-0.70380799999999999
-0.66388899999999995
0.048703999999999997
0.143427
0.299759
0.46526400000000001
0.63551800000000003
0.106901
-0.16797000000000001
0.27874700000000002
0.14588999999999999
-0.327098
0.043387200000000001
0.81875600000000004
0.16861599999999999
-0.20083000000000001
0.211926
-0.066913399999999998
-0.093840999999999994
0.57703800000000005
-0.69884000000000002
-0.50522999999999996
-0.226211
0.237291
0.85109500000000005
0.060711800000000003
0.00415673
-0.18492400000000001
1.0833699999999999
0.56061000000000005
1.7368600000000001
-0.163712
0.039021
0.69847099999999995
0.46102199999999999
-0.31558999999999998
0.019301599999999999
0.45750400000000002
0.49698500000000001
0.092488000000000001
-0.0540075
-0.72725099999999998
0.097702300000000006
-0.33657599999999999
0.44062499999999999
-1.39436
-0.20560700000000001
0.88209300000000002
-0.59157099999999996
-0.659941
-0.90165899999999999
-0.083292500000000005
-0.134272
0.52483900000000006
-0.257359
0.29744199999999998
0.49210300000000001
-0.073937199999999995
0.75660899999999998
0.55115800000000004
2.2268300000000001
-0.15212300000000001
0.00086603199999999998
0.27194299999999999
-0.52278599999999997
-0.64350200000000002
0.0138981
0.00177319
-0.0056479499999999997
0.030563699999999999
1.2449699999999999
-0.11115899999999999
-0.31492900000000001
0.36065900000000001
-0.073222899999999994
-0.58867599999999998
-0.34586
-0.10290000000000001
-0.92275099999999999
0.86870400000000003
-0.035880000000000002
-0.112667
0.082253999999999994
0.39568700000000001
-0.20525599999999999
0.317411
-0.49238300000000002
0.081614800000000001
1.2314499999999999
-0.44211600000000001
0.48584899999999998
0.290939
-0.27334700000000001
-0.81943299999999997
-0.71276799999999996
-0.26771299999999998
0.029434599999999998
-0.105586
-1.91845
-0.37081799999999998
-0.27502100000000002
0.33723399999999998
0.231882
-0.010808999999999999
-0.42591499999999999
-0.13638800000000001
-0.14327999999999999
0.18774399999999999
0.98749200000000004
-0.40850599999999998
-0.038227900000000002
-0.048217900000000001
0.051988100000000002
-0.090311199999999994
0.150591
0.52404700000000004
-0.48641200000000001
-0.19767499999999999
0.17775199999999999
-0.0091234000000000003
-0.68164000000000002
0.73545099999999997
-0.035653600000000001
-0.46845700000000001
-0.37837900000000002
0.132941
-0.48826199999999997
0.11855300000000001
0.53487200000000001
-0.34627599999999997
0.032626700000000002
0.50126199999999999
-0.26921800000000001
0.77009300000000003
-0.67914799999999997
0.154917
0.096402299999999996
0.15437600000000001
0.857325
0.012573300000000001
0.34920600000000002
-0.70134600000000002
-0.32815899999999998
-0.53969400000000001
0.34181800000000001
-1.0369999999999999
0.217774
-0.149952
0.69515199999999999
-0.41841
-0.85851100000000002
0.35542200000000002
0.131795
0.56186899999999995
-0.24701200000000001
0.079709600000000005
0.523119
-0.022716199999999999
-1.03182
-0.24601899999999999
1.27874
-0.58804299999999998
-0.102656
-0.41688700000000001
0.52013600000000004
0.31484800000000002
0.52797499999999997
-0.321432
-1.08328
0.73724699999999999
0.96739600000000003
0.24279400000000001
0.28131600000000001
-0.39217200000000002
0.31960899999999998
-0.58639600000000003
-0.295298
-0.209728
-1.1880900000000001
0.29028900000000002
-0.42764999999999997
0.60264099999999998
-0.12831500000000001
-0.56703599999999998
0.257936
-0.58368100000000001
-0.14735999999999999
0.190105
-0.75160000000000005
0.44116100000000003
-0.77568199999999998
-0.080959299999999998
0.12427000000000001
-0.18807499999999999
0.27169900000000002
0.20218900000000001
-0.123971
-0.21772
-0.12927900000000001
-0.47215600000000002
-0.59580999999999995
-0.35082099999999999
-0.229931
-1.1875199999999999
0.56591400000000003
0.35752499999999998
0.29180299999999998
-0.21757099999999999
0.12316100000000001
0.44304500000000002
0.54793999999999998
0.85496000000000005
-0.142288
0.557894
0.128196
-1.0010600000000001
0.44392599999999999
0.20681099999999999
0.85511199999999998
0.58927200000000002
0.27120499999999997
0.047841500000000002
-0.30496699999999999
-0.064648300000000006
-0.14116999999999999
0.31491799999999998
-0.170181
0.13172700000000001
-0.520953
0.202789
0.19465499999999999
-0.25725799999999999
-0.37984400000000001
-0.42521999999999999
-0.44436399999999998
-0.25644099999999997
0.32321
-0.024970300000000001
-0.34599000000000002
-0.58742099999999997
0.15468100000000001
-0.026744199999999999
0.46140599999999998
0.39904699999999999
-0.27687800000000001
0.082204100000000002
1.18384
0.043740000000000001
-0.84349200000000002
0.397283
-0.081163299999999994
-0.55141099999999998
-0.055230399999999999
-0.56133900000000003
-0.57203999999999999
-0.016703099999999999
0.13970399999999999
0.014641299999999999
-1.1527000000000001
0.080440300000000006
-0.243979
-0.39882000000000001
0.023877200000000001
-1.0021500000000001
-0.67663899999999999
-0.24110999999999999
0.152175
-0.091065900000000005
0.73200799999999999
-0.50798500000000002
-0.220694
-0.49519999999999997
0.12975999999999999
1.1703300000000001
-0.071988200000000002
0.51081799999999999
-0.23878099999999999
0.0136647
-0.0154631
-0.52973300000000001
-0.71234200000000003
0.53616200000000003
-0.027529499999999998
-0.75166599999999995
-0.91870700000000005
-0.93844300000000003
-0.68470299999999995
-0.015984100000000001
-0.15213399999999999
-0.15407799999999999
-0.213115
-0.21828600000000001
0.15604799999999999
-0.31950699999999999
-0.63175000000000003
1.0202199999999999
-0.32183699999999998
-0.091571399999999997
1.1765099999999999
-0.53457600000000005
-0.43238100000000002
0.32006200000000001
-0.174397
-0.47424699999999997
0.19290399999999999
0.220608
0.526532
0.053886000000000003
0.59023499999999995
-0.548122
-0.70573300000000005
0.13153699999999999
-0.051125400000000001
-0.65943099999999999
0.77232100000000004
0.790933
-0.051419199999999998
-0.195324
-0.35030800000000001
-0.031722
1.07504
-0.119947
0.259598
-0.164771
0.14776800000000001
1.6001799999999999
0.19719
-0.099077899999999997
-0.47366900000000001
-0.0042306499999999999
-0.74488200000000004
0.0412369
0.15398000000000001
-0.55498700000000001
0.00594277
0.084594500000000003
0.027791400000000001
0.15843099999999999
0.64262699999999995
0.305284
0.34833599999999998
-0.25592300000000001
0.25917299999999999
0.71241100000000002
0.81551899999999999
0.53897300000000004
0.24685299999999999
-0.16278300000000001
0.767266
0.19848099999999999
0.74189300000000002
-0.216835
-0.557562
0.34140900000000002
0.27061400000000002
-0.53104499999999999
0.24648200000000001
0.112812
-0.079197199999999995
0.039000699999999999
-0.207874
-0.301122
0.0139746
-0.42266900000000002
0.32468000000000002
-0.077775499999999997
0.59324200000000005
0.107487
-1.3009299999999999
-0.25771899999999998
0.11938
-0.70263600000000004
0.038578300000000003
-0.28071200000000002
0.032089399999999997
-0.12853800000000001
-0.30676999999999999
-0.041805599999999998
0.42473
-0.089661199999999996
-0.60914500000000005
0.010377300000000001
0.12787599999999999
-0.39863500000000002
-0.010368199999999999
1.0846800000000001
0.161916
-0.053291900000000003
-0.98721099999999995
0.46967300000000001
-0.18979099999999999
0.13756299999999999
-0.028558099999999999
-0.46612300000000001
0.087516499999999997
0.24570400000000001
-0.53675600000000001
-0.18809899999999999
1.32447
0.00096548999999999995
0.55634600000000001
-0.023977700000000001
0.087279399999999993
-0.471943
-0.048843600000000001
0.147204
0.038909600000000003
0.0080299099999999995
0.44537599999999999
0.15695500000000001
0.023962899999999999
-0.55291699999999999
-0.21474399999999999
-0.115992
0.59110600000000002
1.2463299999999999
-0.35999999999999999
0.114687
-1.4435100000000001
0.11774800000000001
-0.79444999999999999
-0.44359300000000002
-0.18129000000000001
1.21624
0.67978000000000005
0.32540400000000003
-0.25339899999999999
-0.078257499999999994
-1.03206
0.25001400000000001
-0.52185999999999999
0.0126512
-0.57402399999999998
-0.81594999999999995
-0.27229900000000001
-0.36063200000000001
0.033992300000000003
0.103037
-0.34145399999999998
0.12720799999999999
-0.20299800000000001
0.29300900000000002
0.11760900000000001
0.18646399999999999
-0.49160399999999999
-0.61756
0.354991
0.29939399999999999
-0.50198399999999999
-0.34374199999999999
0.27039099999999999
0.223107
0.32962399999999997
0.30450300000000002
0.47174199999999999
0.0255185
-0.40297100000000002
-0.350273
-1.3570199999999999
0.33772200000000002
0.123114
-0.17247499999999999
-0.244086
-0.24368200000000001
0.32637300000000002
-0.69307600000000003
-0.56790399999999996
0.111109
0.50221700000000002
-0.16320899999999999
0.369228
-0.017228799999999999
0.284856
-0.85646500000000003
-0.20611699999999999
0.197323
0.034044699999999997
-0.050796000000000001
-0.31795699999999999
-0.228435
0.13004199999999999
0.065894900000000006
0.053305199999999997
-0.16708400000000001
-0.675647
0.36619200000000002
0.10730099999999999
0.18710099999999999
-0.60142399999999996
-0.83271200000000001
-0.77034599999999998
0.20543500000000001
0.34253099999999997
-0.46555299999999999
0.482489
0.47177000000000002
-0.28087200000000001
0.101012
0.22064800000000001
-0.37186200000000003
-0.61643199999999998
-0.52273700000000001
-0.080256999999999995
-0.773949
0.33707100000000001
0.54962500000000003
0.34762700000000002
-0.42113699999999998
-0.108706
-0.40803899999999999
0.628166
-0.55366700000000002
0.061985100000000001
-1.0378700000000001
0.33232200000000001
0.35098299999999999
-0.26914300000000002
0.088402999999999995
-0.13459099999999999
0.62312500000000004
0.68486100000000005
0.40928500000000001
-0.17876600000000001
-0.89784600000000003
-0.26625700000000002
-0.101632
0.012726400000000001
-0.26609500000000003
-0.61330099999999999
-0.016161700000000001
0.47051399999999999
0.29138500000000001
-0.38717800000000002
-0.84030300000000002
0.35523199999999999
-0.46213599999999999
0.65901699999999996
-0.21864800000000001
0.50931599999999999
-0.68996100000000005
-0.59344799999999998
-0.054354300000000001
-0.090952900000000003
-1.1291199999999999
-0.36492599999999997
-0.0223848
0.44259700000000002
0.085985400000000003
-0.418188
0.13495199999999999
0.22569800000000001
-0.129442
-0.054466800000000003
0.50906499999999999
-0.244898
-0.84904199999999996
0.177893
-0.190307
0.55505499999999997
0.39371200000000001
1.6040000000000001
0.38470799999999999
0.27410499999999999
0.61626800000000004
0.82472800000000002
1.3907499999999999
0.22098699999999999
0.16451199999999999
0.85359300000000005
0.37792799999999999
0.065901000000000001
0.295012
0.24287900000000001
0.41900500000000002
0.36870399999999998
0.20539199999999999
0.33619700000000002
-0.31536700000000001
-0.19808700000000001
-0.28447899999999998
0.017666600000000001
0.25112299999999999
-0.24507599999999999
-0.83724799999999999
0.22542599999999999
0.19503100000000001
0.37889099999999998
0.212587
-0.53302700000000003
-0.21945700000000001
-0.065379000000000007
0.19972899999999999
0.175399
-1.4701500000000001
-0.17568
-0.0104864
-0.15242600000000001
0.012948299999999999
0.148281
-0.184026
-0.224384
-0.041026300000000002
0.051064600000000002
-0.404499
-0.437361
-0.24399199999999999
-0.183389
0.17195299999999999
-0.981236
-0.12992899999999999
1.0166500000000001
-0.34164899999999998
0.015279900000000001
0.98281300000000005
-0.26381100000000002
0.35184399999999999
-0.023001500000000001
0.0265893
-0.15359800000000001
-0.61949699999999996
-0.47905399999999998
-0.60806300000000002
-0.16652900000000001
-0.15920100000000001
-0.23544300000000001
-0.143543
0.069554099999999994
0.16567100000000001
0.98808799999999997
0.25406800000000002
-1.0221199999999999
-0.17330400000000001
0.13120499999999999
0.42184500000000003
0.19345599999999999
-0.10327500000000001
-0.60954299999999995
0.035449700000000001
-0.91090199999999999
0.075124099999999999
0.877919
-0.019807499999999999
-0.0261138
1.02918
-0.401084
-0.133049
-0.35407
0.0138622
0.31067699999999998
0.50016400000000005
1.28051
-0.45121499999999998
-0.057330600000000002
-0.23319500000000001
0.304539
-0.88045200000000001
0.019744299999999999
-0.040718999999999998
0.88616300000000003
0.23832300000000001
-0.41791699999999998
-0.165688
-0.25245000000000001
0.47719200000000001
-0.060025799999999997
-0.26829999999999998
-0.54452500000000004
0.089727899999999999
-0.716005
-0.72034799999999999
-1.2066300000000001
-0.067487400000000003
0.032688799999999997
-0.033404700000000002
-0.119312
0.13650899999999999
0.115851
0.14143700000000001
0.30913600000000002
0.74076399999999998
0.16872100000000001
-0.35010200000000002
0.00083785100000000003
0.069902099999999995
-0.74304000000000003
0.69908800000000004
-0.16603799999999999
0.29158499999999998
0.98592199999999997
-0.30583199999999999
-0.34911599999999998
0.0140383
0.0411399
-0.47531200000000001
-0.66502399999999995
0.94995399999999997
-0.36077599999999999
-0.32737100000000002
-0.77735900000000002
-0.41750900000000002
0.097282199999999999
0.63612800000000003
-0.17358799999999999
0.46907700000000002
-0.012383399999999999
0.58034699999999995
-0.177178
-0.089829400000000004
0.48228399999999999
0.67664999999999997
-0.132297
-0.12709300000000001
0.48270400000000002
-0.44281300000000001
0.12135600000000001
0.55264400000000002
-0.66904399999999997
0.22620599999999999
-0.087522199999999994
0.48818499999999998
0.18757299999999999
-0.24914
-0.26040799999999997
-0.55149099999999995
0.34539199999999998
-1.1803999999999999
-0.0500501
-0.71340999999999999
0.29053000000000001
0.240013
0.31567400000000001
0.28560799999999997
-0.090009900000000004
-0.88783999999999996
0.33960200000000001
1.1334900000000001
-0.069563299999999995
-0.41819600000000001
0.54933799999999999
0.59267599999999998
0.090181300000000006
-0.089917800000000006
0.219002
0.16969200000000001
-0.60239100000000001
0.065204499999999999
-0.11809500000000001
-9.9806500000000007
-2.3292899999999999
-8.4913600000000002
-2.9716100000000001
-8.1742000000000008
-0.197709
0.138602
0.38941700000000001
-0.820407
-0.20025799999999999
-0.47481000000000001
-1.0532600000000001
0.120723
0.029753100000000001
0.018711100000000001
0.218838
0.32992500000000002
-0.142903
0.529084
0.024008100000000001
0.30275800000000003
0.179983
-0.44625100000000001
-0.33634500000000001
-0.21945600000000001
-0.074247499999999994
-1.5243
-0.041246400000000003
-0.039727199999999997
0.069718699999999995
-0.19440499999999999
-0.123958
-0.38424900000000001
0.29649300000000001
0.433836
-0.042369799999999999
0.65649100000000005
0.153923
-0.23231499999999999
-0.054447599999999999
-0.38681199999999999
-1.1729799999999999
-0.186998
0.60880100000000004
-0.65904200000000002
0.018957000000000002
0.0715147
-0.245168
0.49210700000000002
-0.16878899999999999
0.0398868
0.58065
-0.283024
0.62648599999999999
-0.22589799999999999
0.42541299999999999
0.16603000000000001
0.0515469
-0.26350200000000001
0.73283299999999996
0.0942027
-0.18076600000000001
0.097041699999999995
0.59538100000000005
0.014205799999999999
0.25903300000000001
0.27319500000000002
-0.36846000000000001
-0.72105900000000001
0.15349299999999999
0.11421199999999999
-0.64180400000000004
0.033904700000000003
-0.22475700000000001
0.124407
-0.043035700000000003
0.49392000000000003
-0.32849299999999998
0.0055592899999999997
0.36212499999999997
-0.095450400000000005
-0.870699
0.22501399999999999
-0.59967199999999998
-0.69703899999999996
-0.30270900000000001
0.29806300000000002
-0.54357200000000006
-0.218773
0.14483299999999999
-0.076773499999999995
-0.163628
-0.53850399999999998
-0.64817199999999997
0.29067500000000002
-0.15608900000000001
0.50686600000000004
0.88993299999999997
0.24077100000000001
0.049443000000000001
0.072272100000000006
-0.066764699999999996
-1.0141199999999999
-1.0883400000000001
-0.21964
0.015794800000000001
0.33459100000000003
-0.40444999999999998
-0.156052
0.17085400000000001
0.199799
-1.98285
0.23796200000000001
-0.86273100000000003
0.088986099999999999
-0.12660099999999999
-0.20294699999999999
0.114313
-0.059532799999999997
0.366282
0.19000900000000001
-0.290271
0.23628299999999999
0.29352800000000001
0.35308
0.00107565
-1.23099
0.48025200000000001
0.80283199999999999
-0.74886200000000003
-0.31455499999999997
0.51026800000000005
0.32671
0.61416400000000004
0.122837
0.043197100000000002
0.76230900000000001
-0.59101700000000001
0.13927300000000001
0.175013
0.13900199999999999
-0.81572500000000003
0.053648000000000001
0.54511399999999999
-0.33038600000000001
-0.42622900000000002
-0.73500299999999996
0.61042300000000005
-0.85008099999999998
0.0051277400000000004
0.063173000000000007
-0.32423600000000002
-0.055543000000000002
-0.73711499999999996
0.057974900000000003
-0.180811
1.1767399999999999
0.28783900000000001
-1.02976
-0.26018200000000002
-0.012304499999999999
-1.33988
0.280781
-0.24346999999999999
-0.25787399999999999
-0.0458579
1.96984
0.59361900000000001
1.4338299999999999
0.294985
0.160942
0.0089626299999999992
-0.097931500000000005
0.61665300000000001
0.62494400000000006
-0.120957
0.13933000000000001
-0.60705500000000001
0.30082500000000001
0.45427200000000001
0.25704300000000002
-1.0633300000000001
-0.109361
-1.00895
-0.32855800000000002
0.41847800000000002
0.47236
-0.46418999999999999
1.05254
-0.282835
0.060736800000000001
-0.29385099999999997
-0.51923900000000001
0.16728000000000001
-0.56412899999999999
0.021632800000000001
0.034216200000000002
0.38449800000000001
0.59842600000000001
-0.32688899999999999
0.204259
-0.83646500000000001
0.040809400000000003
-1.07341
0.159025
0.15995699999999999
-0.29358299999999998
0.34157599999999999
0.15818399999999999
0.29410900000000001
-0.303394
-0.19270899999999999
-0.061432300000000002
-0.68271099999999996
0.33667900000000001
0.062415699999999998
0.116894
0.13944500000000001
-0.034664599999999997
0.14546400000000001
0.104856
-0.53289200000000003
0.53585899999999997
-0.0191664
-0.24704000000000001
-0.107377
0.32186199999999998
-0.74229999999999996
-0.53957699999999997
-0.48280600000000001
0.055385700000000003
1.04782
0.33911599999999997
-1.0840700000000001
-0.31232500000000002
-0.045947000000000002
0.40767500000000001
0.13202
-0.050633400000000002
-0.0151532
-0.34178700000000001
-0.86913300000000004
0.434002
-0.150703
0.0143337
0.13585
0.49836999999999998
0.17436699999999999
0.783161
0.259689
0.144066
-0.51299899999999998
-0.175041
0.17647699999999999
0.269513
0.12302100000000001
0.69146300000000005
0.189225
0.62035300000000004
-0.15895799999999999
0.025440600000000001
0.28302500000000003
-0.15279000000000001
0.79514799999999997
0.33882699999999999
0.076862600000000003
-0.11214
-0.065598900000000002
-1.1191800000000001
-0.0496003
-0.106195
-0.67064800000000002
-0.42850100000000002
-0.024387300000000001
0.69817600000000002
-0.12053700000000001
1.3447800000000001
0.392484
-0.12882199999999999
-0.65660499999999999
0.020629100000000001
0.18062400000000001
-0.509571
0.46956199999999998
-0.40727099999999999
-0.066977200000000001
0.63056699999999999
0.80679599999999996
0.590978
0.088148199999999996
0.092540300000000006
0.48795300000000003
0.80021799999999998
-0.091815999999999995
0.13627600000000001
0.072577699999999995
0.66642900000000005
-0.15134900000000001
-0.21226500000000001
-0.134856
-0.27734999999999999
-0.72764600000000002
0.0025933499999999999
-1.2636499999999999
-0.079017699999999996
-0.21727099999999999
-0.742614
0.39573000000000003
1.08585
0.25824200000000003
0.23898
0.41684599999999999
0.285412
0.91161599999999998
-0.26785799999999998
-0.36993900000000002
-0.163494
0.334565
0.16233600000000001
-0.21337100000000001
0.39940100000000001
-1.1327199999999999
-0.77133600000000002
0.94793499999999997
0.89166299999999998
-0.115657
-0.37761499999999998
0.202735
-0.069972099999999995
0.30461899999999997
-0.056881599999999997
-0.25548199999999999
0.29068899999999998
-0.41961700000000002
-0.289991
-0.24651999999999999
-0.169269
-0.25400699999999998
1.44065
-0.054617699999999998
-0.42661900000000003
-0.231299
-0.16514100000000001
1.03759
-0.189974
0.0095861100000000001
-0.41958099999999998
0.35002299999999997
0.198856
0.14210900000000001
-0.11078
-0.42253600000000002
0.50548099999999996
-0.086928400000000003
-0.14940999999999999
-0.16492200000000001
0.013234599999999999
-0.76274500000000001
0.53942299999999999
-0.30519600000000002
-0.13885700000000001
1.0654600000000001
-0.163381
-0.078254000000000004
0.43267800000000001
-0.83697600000000005
-1.0122899999999999
-0.96412100000000001
-0.73459700000000006
-4.0634800000000002
-0.0903944
0.19753399999999999
-0.28157100000000002
0.13155600000000001
-0.0739596
-0.116201
-0.63328099999999998
0.35887599999999997
-0.59212799999999999
0.096763600000000005
0.23786399999999999
1.1990799999999999
-0.65288599999999997
0.183751
0.058296300000000002
0.051476300000000003
-0.0054463200000000002
-0.397789
0.29090300000000002
-0.161908
-0.13333
0.847248
-0.34467199999999998
-0.14672099999999999
0.0085767299999999994
0.075167499999999998
-0.58833599999999997
0.60178100000000001
0.92682299999999995
0.00836135
-0.032795600000000001
0.797404
0.71676200000000001
0.227746
-0.080211699999999997
0.173627
0.36688199999999999
-0.60920399999999997
0.32582800000000001
0.135939
-0.27002300000000001
0.347694
-0.43630000000000002
-0.31389499999999998
0.446573
-0.028931700000000001
-2.0879599999999998
0.010763399999999999
0.054572900000000001
-0.21351600000000001
-0.27207900000000002
-0.068005300000000005
0.21768299999999999
0.20935300000000001
-0.29906700000000003
-0.169846
0.039081999999999999
0.248033
-0.0151634
-0.210677
-0.35429500000000003
-0.0024778999999999999
0.12033000000000001
-1.00942
-0.19011700000000001
-0.37557600000000002
-1.17408
0.14296400000000001
0.72644600000000004
0.028442700000000001
-0.064114199999999996
-0.47294599999999998
0.20283699999999999
0.089897400000000002
0.187607
-0.20269799999999999
1.0292399999999999
0.30029499999999998
-0.228689
0.42563299999999998
0.076143199999999994
-0.81484500000000004
0.047719299999999999
0.83194800000000002
-0.19426199999999999
0.105172
-0.72980199999999995
0.536354
-1.4805200000000001
0.35041899999999998
-0.0066544400000000002
0.66430999999999996
0.050613499999999999
1.1809000000000001
-0.13409599999999999
0.283744
0.61930399999999997
-0.19819000000000001
0.080595299999999995
0.83590500000000001
-0.28416599999999997
0.34371299999999999
-0.38410499999999997
0.15998699999999999
-0.30146600000000001
-0.061408499999999998
-0.50093799999999999
0.54005899999999996
-0.36449700000000002
-0.34616999999999998
-0.14509900000000001
0.39523200000000003
-0.24660399999999999
0.71237300000000003
-0.31046000000000001
-0.144788
1.2420500000000001
0.41413800000000001
0.60756900000000003
-0.0039985999999999997
-0.14810100000000001
0.480126
-0.22700699999999999
0.144569
0.25406299999999998
0.055903300000000003
0.40568700000000002
-0.046999600000000002
-0.404082
0.34567399999999998
0.074671000000000001
-0.58336299999999996
-0.866506
0.094602900000000004
0.156024
-0.066017900000000004
0.28769099999999997
-0.068324499999999996
-1.46468
-0.10906200000000001
0.075689599999999996
-0.077036900000000005
0.286528
-0.029857700000000001
-0.61233800000000005
0.0033046999999999998
-0.32148700000000002
0.43956299999999998
0.123781
0.148394
-0.14033699999999999
0.38794099999999998
0.219528
-0.75239999999999996
-0.69134899999999999
-0.239208
-1.51475
-0.31738300000000003
-0.94679500000000005
0.521011
0.34433900000000001
0.70371799999999995
-0.13000800000000001
-0.113625
-0.0049271899999999997
0.177844
-0.53180400000000005
-0.19439699999999999
0.386494
0.38878400000000002
-0.17994099999999999
0.81098999999999999
0.31923499999999999
-0.248222
0.42708099999999999
0.063837500000000005
-0.0157967
0.39644400000000002
0.416072
0.32377099999999998
-0.041254699999999998
-0.81379500000000005
0.47258099999999997
0.56163399999999997
-0.096339800000000003
0.30742599999999998
0.88855799999999996
0.80743900000000002
0.70695200000000002
0.33539200000000002
0.34498099999999998
-0.99421199999999998
-0.51947200000000004
-0.35321999999999998
-0.273536
-0.040462400000000003
-0.91239999999999999
0.064594700000000005
0.27637699999999998
-0.417348
0.155525
0.32685700000000001
-0.0105816
-0.73993900000000001
0.278725
0.073315599999999995
1.33141
-0.43029899999999999
-0.4929
0.085609199999999996
-0.192882
0.333872
0.30244199999999999
0.60136900000000004
-0.30423099999999997
0.128973
0.124335
0.29666399999999998
-0.32029200000000002
-0.055566200000000003
0.27124900000000002
-0.329536
-0.16192599999999999
-1.09518
-0.0048838400000000004
-0.22273899999999999
0.281005
0.33450800000000003
-0.48907
0.17052400000000001
-0.30240299999999998
0.58225499999999997
-0.012503999999999999
-0.105348
-0.204122
0.15851799999999999
0.65950399999999998
0.78090899999999996
-0.037230800000000001
0.094046599999999994
-0.0017111400000000001
0.15101500000000001
0.39554800000000001
-1.02498
-0.0019512399999999999
-0.14533199999999999
0.33335999999999999
0.20972499999999999
0.16763600000000001
0.095496999999999999
-0.123572
-0.53632400000000002
0.32844899999999999
-0.273864
0.29929299999999998
-0.0908746
0.30836999999999998
-0.72018800000000005
-0.409383
-0.0046916199999999996
0.00913484
0.46668100000000001
0.62189300000000003
0.28983199999999998
0.21896599999999999
-0.085743899999999998
0.63654299999999997
0.175455
0.84820600000000002
0.16049099999999999
0.10263600000000001
-0.075632500000000005
-0.10134600000000001
-0.40094299999999999
0.41010999999999997
-0.051445299999999999
-0.38020100000000001
0.118101
0.402445
0.20564199999999999
0.28406199999999998
-0.17009099999999999
0.069055699999999998
0.68659800000000004
0.28210200000000002
0.13709399999999999
-0.92808900000000005
0.25724399999999997
-0.65906799999999999
-0.075175400000000003
0.058285400000000001
-1.2102200000000001
-0.25986999999999999
0.64281699999999997
-0.20169500000000001
0.097006899999999993
1.3999299999999999
-0.22031500000000001
0.40196199999999999
0.48957400000000001
-0.063233600000000001
-0.108629
-0.24854000000000001
0.53623100000000001
-0.39895000000000003
0.585484
0.000536212
-0.95216199999999995
-0.86146800000000001
-0.319106
0.061347600000000002
-0.76568599999999998
0.091611600000000001
0.40076800000000001
-0.83631999999999995
-0.0422622
-0.20339099999999999
0.099913799999999997
-0.304228
-0.067479999999999998
-0.49185600000000002
-1.1254599999999999
0.22465499999999999
-2.2046700000000001
0.48024600000000001
0.38165900000000003
-0.60232600000000003
0.097044000000000005
-0.17768700000000001
0.32910899999999998
0.061502000000000001
1.2177
0.40836299999999998
-0.090916200000000003
-0.27275100000000002
0.039858900000000003
-0.44927299999999998
0.64349400000000001
-0.070321999999999996
0.275391
0.0065480099999999999
0.0105606
0.29846299999999998
-0.95114900000000002
-0.176589
0.0254565
1.2065600000000001
0.56307099999999999
1.02616
0.22271099999999999
-0.233265
1.3272900000000001
-0.53944400000000003
0.034395799999999997
-0.49275400000000003
0.266901
0.94172999999999996
0.43899500000000002
-0.054277800000000001
0.87483500000000003
-0.26260699999999998
0.26063900000000001
0.56865500000000002
-0.96044600000000002
0.39450600000000002
-0.0353102
-1.05579
0.12481
-0.376054
0.145727
-0.17413500000000001
1.1164700000000001
0.276088
0.90266299999999999
-0.55424399999999996
0.15307399999999999
-0.514019
-0.73855400000000004
-0.065862900000000002
-0.18377099999999999
0.064118499999999995
-0.41917199999999999
-0.53866099999999995
-0.48490299999999997
0.14746799999999999
0.19239000000000001
-0.38190600000000002
0.13427500000000001
-0.69772299999999998
0.092840800000000001
-0.0173251
-0.27696500000000002
0.356319
0.23231299999999999
0.065910800000000005
-0.0306301
0.78026700000000004
0.32141799999999998
0.58671700000000004
0.91115100000000004
-0.109968
0.91020400000000001
0.200458
0.38690600000000003
0.78523600000000005
-0.142785
0.499247
0.44225100000000001
0.93727400000000005
0.37314199999999997
-0.426041
-1.1008599999999999
-0.713167
-0.0689419
-0.54554499999999995
0.27143099999999998
0.57582999999999995
0.19126799999999999
-1.1090899999999999
0.172185
0.24635099999999999
0.55831699999999995
0.13005900000000001
-0.42683100000000002
-0.637262
-0.171407
0.355352
0.53885099999999997
-0.096724099999999993
-0.141682
0.13065599999999999
0.30033599999999999
-0.42752400000000002
0.16408400000000001
0.55274000000000001
0.068840399999999996
0.47087600000000002
0.21893699999999999
0.56233900000000003
-0.17185400000000001
-0.522451
-0.53151499999999996
-0.25626700000000002
-0.52825699999999998
-0.18169199999999999
0.0057911100000000004
0.38829200000000003
-0.0835394
-0.59846200000000005
0.92207600000000001
-0.0073146499999999998
0.58350400000000002
-0.099948400000000007
-0.57933000000000001
0.223691
-0.026849100000000001
0.64132400000000001
-0.428425
1.39069
-0.29766599999999999
-0.053084899999999997
-0.42707499999999998
-0.32553300000000002
-0.23577799999999999
-0.23150100000000001
-0.026690499999999999
-0.86321800000000004
-0.37943700000000002
-0.94462900000000005
0.20041400000000001
0.409746
0.61034100000000002
-0.83847799999999995
-0.18349299999999999
0.44730300000000001
-0.048761400000000003
-1.1113900000000001
0.115735
-0.039938700000000001
0.33457900000000002
0.18787899999999999
0.283188
0.42315700000000001
-0.15399299999999999
-0.114646
-0.11688999999999999
0.52282600000000001
0.50455099999999997
0.091955700000000001
0.54597300000000004
0.47549599999999997
0.448965
-0.22008
-0.49527399999999999
0.41423300000000002
0.27138299999999999
-0.33885399999999999
-0.36245899999999998
-0.383546
-0.35328599999999999
-0.50761500000000004
0.20214399999999999
-0.123532
1.2076199999999999
0.242477
0.098361900000000002
-0.60501199999999999
-0.33808199999999999
-0.58714299999999997
0.0214384
0.013270499999999999
0.300848
-0.57299699999999998
-0.36205500000000002
-0.034852500000000002
0.061886999999999998
-0.70054700000000003
-0.61577499999999996
-0.28448600000000002
0.226912
0.30893599999999999
-0.59281799999999996
-0.23830799999999999
-0.52169200000000004
-0.73135099999999997
-0.078731200000000001
-0.82372000000000001
0.47700399999999998
0.90266299999999999
-0.230851
0.025961700000000001
1.08081
0.084415799999999999
-0.67013900000000004
-0.62185100000000004
0.187468
-0.83542300000000003
0.082787100000000002
-0.71594899999999995
-0.083773
-0.135432
-0.0235947
0.138437
-1.0323899999999999
-0.103141
0.175765
0.28884799999999999
0.014742099999999999
-0.55718999999999996
0.064998200000000006
0.013828200000000001
0.86734100000000003
0.574573
0.25353100000000001
-0.071235199999999999
0.24465100000000001
0.50570000000000004
0.66067600000000004
1.71027
0.106654
0.47395100000000001
-1.1323300000000001
0.18935399999999999
0.121651
0.029576999999999999
0.015411599999999999
-1.04155
0.35804999999999998
-0.229461
0.62928499999999998
0.41203000000000001
-0.72613000000000005
-0.48037099999999999
-0.71195299999999995
-0.49684400000000001
0.195769
-0.76793999999999996
-0.5282
0.62564200000000003
0.146645
0.106346
-0.50107100000000004
0.32688099999999998
-0.40598099999999998
-0.28065600000000002
-0.35104600000000002
-0.85868
0.13197500000000001
-0.19714999999999999
-0.15326600000000001
0.057992700000000001
0.27630500000000002
0.080000600000000005
0.22231100000000001
0.49030400000000002
-0.016457900000000001
0.80391100000000004
0.027382299999999998
0.22858600000000001
0.24785499999999999
0.133156
0.86363299999999998
0.0092569000000000002
0.23063800000000001
0.066398899999999997
-0.38792199999999999
0.0194638
0.034805500000000003
-0.278115
-0.46559699999999998
-0.18539700000000001
-0.21371599999999999
0.019406099999999999
-0.49946699999999999
-0.124557
-0.106077
-0.77229099999999995
-0.80884100000000003
0.581368
-0.246667
-0.12897900000000001
-0.328264
0.0178922
-0.410217
-0.230545
-0.056550900000000001
-0.72804800000000003
0.31176999999999999
-0.11540400000000001
0.0083204899999999998
0.0800646
0.389492
0.479462
-0.76993400000000001
0.245639
-0.29087099999999999
1.4419999999999999
0.393262
-0.63767799999999997
-0.300431
0.0210552
0.23535600000000001
0.232844
1.3507100000000001
-0.120298
-0.117813
-1.1170500000000001
-0.583368
0.17353199999999999
-0.0484442
-0.41794199999999998
-0.0079005900000000007
-0.58604699999999998
-0.83819500000000002
-0.53515599999999997
-0.219808
-0.45762000000000003
0.49627100000000002
0.27502900000000002
-0.15892800000000001
0.0089392699999999992
-0.413161
-0.25526599999999999
0.046083199999999998
-0.15498700000000001
-0.14498900000000001
0.39823599999999998
0.40469500000000003
1.0890899999999999
0.041334599999999999
0.148393
-0.90873499999999996
-0.182253
-0.70581499999999997
0.41810999999999998
0.106629
0.47698499999999999
-0.37542199999999998
-0.31633899999999998
-0.25518299999999999
0.053616999999999998
0.65973999999999999
0.34583799999999998
-0.12595600000000001
0.137873
0.41926600000000003
0.52834099999999995
-0.134211
0.79398599999999997
0.29227399999999998
-0.0072037100000000003
-1.1490499999999999
0.50350300000000003
0.58854600000000001
0.76080599999999998
0.12751599999999999
-0.17748800000000001
-0.17352899999999999
-0.886409
-0.57849799999999996
0.47379500000000002
0.81258200000000003
-0.30088100000000001
-0.75920500000000002
-0.027071899999999999
0.30083700000000002
-0.76720900000000003
0.094042000000000001
1.00789
-0.114098
0.016287300000000001
-0.164076
-0.41505199999999998
-1.2172700000000001
0.76773000000000002
0.17629600000000001
-0.26220399999999999
0.46478900000000001
0.23927499999999999
-0.086694800000000002
-0.074340100000000006
0.54119399999999995
-0.38648900000000003
0.631718
-0.28792800000000002
-0.32497500000000001
1.73604
0.93374100000000004
0.044416499999999998
0.78275300000000003
-0.32810600000000001
-0.0518495
0.14451900000000001
0.67931399999999997
0.22183700000000001
0.45352399999999998
1.28982
0.52012199999999997
0.80728900000000003
0.15392
0.0888428
0.049392199999999997
-0.53447100000000003
0.69143600000000005
0.53421600000000002
-0.27333400000000002
-0.17910000000000001
0.10462200000000001
-0.0767177
-0.071993500000000002
-0.27721299999999999
-0.37670599999999999
0.211421
0.188082
-0.39348699999999998
0.11251700000000001
-0.29675699999999999
-0.12192500000000001
-0.50990000000000002
0.0296429
0.28093299999999999
-0.74830600000000003
0.166412
0.88597599999999999
-0.121752
-0.095550300000000005
0.44865699999999997
0.88416700000000004
1.0761400000000001
0.12600700000000001
-0.0124311
-0.86914000000000002
-0.18829699999999999
0.48071399999999997
0.349885
-0.0095791399999999999
-1.03451
0.052229999999999999
1.0266599999999999
0.14311499999999999
0.029614499999999998
0.32461299999999998
0.026735499999999999
0.63482700000000003
-0.063377600000000006
-0.39871000000000001
-0.40275499999999997
-0.16644200000000001
-0.0267394
0.0134282
-0.21474199999999999
-0.99968699999999999
0.14826800000000001
0.15607299999999999
-0.26418199999999997
0.21218899999999999
-0.10861899999999999
-0.56235299999999999
-0.64337699999999998
-0.40616200000000002
0.083473000000000006
0.32922899999999999
0.26921299999999998
-0.080218399999999995
-0.26604100000000003
0.082125699999999996
-0.62180400000000002
0.68717700000000004
0.69735100000000005
0.041100100000000001
-0.091929899999999995
0.25342500000000001
0.60387999999999997
-2.0604100000000001
0.35528199999999999
0.80325899999999995
-0.15773300000000001
-0.30077700000000002
0.10070900000000001
1.24899
-0.033204999999999998
0.084999000000000005
-0.86834199999999995
-0.98621400000000004
0.048920600000000002
0.15986300000000001
0.082718799999999995
0.088053900000000004
0.52970600000000001
0.39931899999999998
-0.45765600000000001
1.42604
0.099961099999999997
0.222247
-0.50226700000000002
-0.097457199999999994
0.46516000000000002
0.202933
-0.95471799999999996
0.017975999999999999
-0.16821800000000001
0.357705
-0.42855100000000002
-0.42845699999999998
0.37446299999999999
-0.23837800000000001
-0.53393000000000002
-0.119085
-0.74597199999999997
-0.11973200000000001
0.059052800000000003
1.2492000000000001
0.25487399999999999
1.26556
-0.095669799999999999
-0.11693199999999999
0.48924899999999999
0.437247
-0.416599
0.084470100000000006
0.053830200000000002
0.091336299999999995
-0.59558999999999995
-0.52404899999999999
0.15062700000000001
-0.047571500000000003
0.73996300000000004
0.021885499999999999
-1.0896300000000001
-0.056571499999999997
-0.155554
-1.1735
-0.47463699999999998
-0.467358
0.35920999999999997
-0.028016200000000002
1.16432
-0.29649999999999999
0.107279
-0.048341299999999997
-0.038130600000000001
-1.1558999999999999
0.39102599999999998
0.58884999999999998
-0.018878800000000001
-0.073732199999999998
0.18645500000000001
0.55698400000000003
0.55670799999999998
0.423265
-0.38581900000000002
0.052248599999999999
-0.11140600000000001
0.22961999999999999
0.214587
0.31164999999999998
-0.52344500000000005
-0.17578299999999999
0.64522000000000002
-0.017813099999999998
0.26719700000000002
-0.94539799999999996
0.30156100000000002
-0.64346700000000001
-0.306118
-0.00105277
-0.054878299999999998
0.34054299999999998
-0.220636
-0.79750200000000004
0.087928800000000001
-0.55088199999999998
-0.19172900000000001
0.45158100000000001
0.506718
-0.44873400000000002
-0.47933900000000002
0.23139499999999999
-0.223165
0.37356899999999998
-0.060280599999999997
-0.80548299999999995
0.501529
-0.60965999999999998
0.50185800000000003
-0.021310099999999998
0.32180199999999998
-0.62774099999999999
0.174923
0.23130700000000001
0.17798600000000001
-0.64392199999999999
0.037561200000000003
-1.0180199999999999
-0.318971
0.16445100000000001
-0.51561599999999996
0.52898100000000003
0.91036799999999996
0.48596299999999998
-0.0074192199999999998
-0.50482000000000005
-0.39691199999999999
-0.70449799999999996
-0.44802799999999998
0.151946
1.2873000000000001
-0.333148
0.044824700000000002
0.087462300000000007
0.015193099999999999
0.067737099999999995
0.053480600000000003
0.19272500000000001
0.0762882
0.24931
0.0074465399999999998
0.0228194
-0.67688499999999996
0.36092099999999999
0.111556
-0.092228400000000002
0.0069405500000000002
0.067110400000000001
0.50554200000000005
0.217165
0.071187899999999998
-0.21086199999999999
-0.029657599999999999
0.148594
0.019190700000000002
0.019589700000000002
0.064829800000000007
0.61245700000000003
-0.015834899999999999
0.023809799999999999
-0.25601200000000002
-0.64116600000000001
-0.60936199999999996
-0.22882
0.165796
-0.16054299999999999
0.10317800000000001
-1.36991
0.046853100000000002
-0.203845
-0.31290600000000002
0.53309899999999999
-0.375718
-0.0067778500000000002
0.084736099999999995
-0.61699300000000001
-0.35413299999999998
1.29728
-0.228577
0.125357
-0.27924399999999999
-0.25785200000000003
-0.67208000000000001
-0.46620499999999998
-0.085259100000000004
1.21315
0.43326500000000001
0.145288
-0.44429400000000002
-0.00248153
-1.0996999999999999
-0.58321299999999998
-0.69895700000000005
-0.26915800000000001
0.029062600000000001
0.398816
-0.22708400000000001
0.41911700000000002
-0.044325799999999999
-0.093457700000000005
0.022466900000000001
0.12906799999999999
-0.110653
-0.42866700000000002
-0.20003599999999999
0.27087600000000001
-0.41608899999999999
-0.55093899999999996
0.28181699999999998
-0.10542899999999999
1.15865
0.52279600000000004
-0.222803
-0.46660200000000002
0.22184100000000001
0.76922500000000005
0.27832600000000002
-0.48052800000000001
-0.59249700000000005
0.090428800000000004
0.95959700000000003
0.034690600000000002
0.87617900000000004
0.24138499999999999
-0.095886399999999997
-0.51275199999999999
-0.61569700000000005
0.039310100000000001
0.161666
0.13478100000000001
-0.18368599999999999
0.47477399999999997
0.25992300000000002
0.30924499999999999
-0.131547
0.77892300000000003
0.111427
0.017777899999999999
-0.016151499999999999
-0.12746099999999999
0.087372400000000003
-0.48900900000000003
-1.58944
-0.208427
0.074584200000000003
-0.229071
-0.721862
0.102704
-0.019714499999999999
-0.091931899999999997
-0.27994400000000003
-0.26605600000000001
0.58428000000000002
-0.427394
0.071696099999999999
0.351026
0.15338499999999999
0.99484600000000001
-0.35551300000000002
-0.0032731700000000002
0.67711699999999997
0.41937999999999998
0.191409
0.049380500000000001
-0.082910700000000004
-1.04281
0.073612399999999995
0.73057300000000003
0.15450800000000001
0.082946500000000006
-0.218553
-0.196295
0.56705399999999995
-0.10699599999999999
-0.201073
-0.70604800000000001
-0.50631899999999996
0.93140199999999995
-0.00629957
-0.123277
1.3286800000000001
-1.13202
-0.90572299999999994
-0.083145999999999998
0.17305000000000001
-0.44000600000000001
-0.31964100000000001
0.100915
-0.60571600000000003
0.33251999999999998
0.56154700000000002
0.184978
-0.0164277
-0.18237400000000001
0.040409100000000003
0.91373000000000004
0.347522
-0.46677999999999997
-0.12499200000000001
0.064069699999999993
-0.070368399999999998
0.64404499999999998
0.52897899999999998
-0.20403199999999999
-0.28677799999999998
-1.06185
-0.56835400000000003
0.189885
0.33841900000000003
0.072475399999999995
1.02963
-0.110069
-0.69797699999999996
-0.51414499999999996
-0.18037800000000001
0.16698299999999999
-0.15101100000000001
0.046304900000000003
-0.110633
0.32131100000000001
-0.117302
0.18351600000000001
-0.12912599999999999
0.14590600000000001
-0.269451
-1.4245300000000001
0.102182
0.38139899999999999
0.50576699999999997
-0.37338300000000002
-0.068187499999999998
-0.30903700000000001
-0.42421399999999998
0.352493
-0.023399400000000001
-1.3576600000000001
-0.58761099999999999
0.15398999999999999
-0.077551999999999996
0.137706
-0.58820700000000004
-0.85557000000000005
-0.68903899999999996
-0.55778300000000003
-0.35762699999999997
0.089788900000000005
-0.57247899999999996
-0.44230399999999997
0.21657699999999999
-0.21800900000000001
0.059012000000000002
-0.344393
-0.14710000000000001
0.139016
0.13477700000000001
-0.69836600000000004
0.148007
0.98672400000000005
0.66646099999999997
0.18843599999999999
-0.14219300000000001
-0.812496
-0.34601999999999999
-0.093901799999999994
-0.14502100000000001
0.52870099999999998
0.853877
0.69211400000000001
-0.99374499999999999
0.032161299999999997
0.62556299999999998
-0.15969900000000001
-0.105751
-0.13861999999999999
0.042302399999999997
-0.024911099999999999
0.53200499999999995
-0.0261909
-0.31973800000000002
0.26852599999999999
1.2617499999999999
0.042045399999999997
0.0615162
0.16839799999999999
-0.105654
-0.41294500000000001
-0.045976000000000003
-0.43321999999999999
-0.52135399999999998
0.25512800000000002
-1.00153
0.53120400000000001
1.5946199999999999
-0.031146699999999999
0.056936599999999997
-0.25695899999999999
-0.44077
-0.61824900000000005
0.18631900000000001
0.24657599999999999
-0.55615300000000001
-0.13517299999999999
-1.89917
-0.44415500000000002
0.0946771
0.56415400000000004
-0.59610799999999997
0.43503900000000001
0.41811700000000002
0.037393999999999997
0.027048300000000001
0.258876
0.20729400000000001
-0.021422
0.27393800000000001
-0.23274600000000001
0.38056800000000002
0.99773699999999999
-0.010944199999999999
-0.085838800000000007
0.065806000000000003
-0.52848300000000004
0.25130799999999998
0.0036303799999999999
0.062076300000000001
0.122291
0.093696299999999996
-0.32334499999999999
-0.20144300000000001
-0.20585800000000001
0.302676
0.28015499999999999
-0.82042300000000001
-0.40559800000000001
-0.121099
-0.97274499999999997
0.45210400000000001
-1.0471699999999999
0.19247800000000001
0.204151
0.70732799999999996
0.22919400000000001
-0.65875700000000004
-0.228021
0.16712199999999999
-0.87467799999999996
-0.40152199999999999
0.073563299999999998
-0.016791199999999999
0.058370100000000001
0.19992199999999999
0.71796000000000004
0.15460499999999999
-0.26416099999999998
0.12978899999999999
1.10178
-0.25534400000000002
-0.46776200000000001
0.17033100000000001
0.14882500000000001
-0.00051153400000000001
-0.192223
-0.23518600000000001
-0.26861200000000002
-0.0114856
0.120848
0.68631200000000003
-0.12537300000000001
0.023840099999999999
-0.0698936
-0.152674
0.401225
0.55089399999999999
0.34659800000000002
0.21767600000000001
-0.66655799999999998
0.52084699999999995
0.21745200000000001
-0.24839800000000001
0.23170099999999999
-0.274032
-0.32222000000000001
-0.17494999999999999
-0.84518000000000004
-0.0510204
-0.057036499999999997
-0.0211626
-0.180007
-0.28359400000000001
-0.083957799999999999
0.35625800000000002
-0.16279099999999999
0.401001
0.0014332500000000001
0.28796500000000003
-1.06348
-0.16037399999999999
-0.0213473
0.25136799999999998
0.31499500000000002
1.0670200000000001
0.10156900000000001
0.42896899999999999
0.27558500000000002
-0.48410300000000001
0.65715299999999999
0.092832300000000006
1.7504599999999999
0.233154
-0.124463
-0.850908
0.30499599999999999
-0.208149
-0.21501799999999999
0.050762300000000003
0.47409400000000002
-0.166433
0.79583800000000005
-0.25856699999999999
0.138019
-0.89865200000000001
-0.00196371
-0.38048599999999999
-0.16075999999999999
0.073863899999999996
0.33155699999999999
-0.69582500000000003
0.90010699999999999
-0.104439
0.0226336
-0.204655
0.809778
0.19864399999999999
-0.30688100000000001
0.36770199999999997
0.31390899999999999
-0.262793
0.17702999999999999
0.50262499999999999
0.11593000000000001
0.34834399999999999
0.51774500000000001
-0.22730500000000001
0.419375
0.00086830299999999996
-0.55618999999999996
-0.60545899999999997
-0.63363199999999997
-0.98273100000000002
-0.039254400000000002
0.202101
-0.22328899999999999
-0.45605099999999998
-0.30851099999999998
-0.185667
0.064723000000000003
0.084576600000000002
0.313004
0.127082
-0.22309599999999999
-1.70692
0.0855374
1.0333600000000001
0.25434000000000001
0.26070100000000002
0.0424707
-0.40859699999999999
1.20103
0.181259
-0.213536
0.98564799999999997
0.31916699999999998
0.19396099999999999
-0.123002
-0.041374800000000003
0.69773300000000005
0.0210452
1.1892400000000001
-0.22517999999999999
0.116442
-0.078497800000000006
0.49098599999999998
-0.0026470500000000002
0.45308199999999998
-0.50297999999999998
0.352325
0.73572899999999997
1.4119900000000001
0.18568999999999999
-0.255243
-0.213862
0.216972
-1.29192
0.049363600000000001
-0.12334000000000001
-0.67235699999999998
0.26647199999999999
-0.80508199999999996
-0.090739799999999995
-0.031124800000000001
-0.464698
-0.34818199999999999
-0.456287
-0.055074400000000003
-0.071795800000000007
-0.51705100000000004
0.83182800000000001
0.67098000000000002
-0.24199200000000001
0.111092
-0.33008399999999999
-0.11842
0.89154999999999995
-0.288887
-0.098303399999999999
1.21932
-0.114999
0.73412500000000003
0.25966499999999998
0.23846999999999999
-0.995861
-0.57365200000000005
0.382969
-0.089180999999999996
-0.0778118
0.113647
0.0119612
-0.68215599999999998
-0.33538200000000001
-0.25224099999999999
1.64157
0.010189
-0.278088
0.130439
-0.273117
0.63320799999999999
-0.186226
0.182756
0.0444378
0.068435700000000002
-0.097763699999999995
-0.21581900000000001
-1.1016600000000001
-0.13045599999999999
-0.14310999999999999
-0.28048899999999999
-0.512243
0.55017099999999997
0.18803900000000001
0.039800200000000001
0.37114599999999998
0.50380800000000003
1.1193
-0.068185700000000002
0.097356600000000001
1.2467200000000001
0.22803000000000001
-0.093408500000000005
-0.078569
-0.094590199999999999
0.83683200000000002
-0.43985999999999997
2.08012
-0.26609500000000003
0.129049
-0.186636
0.21757899999999999
0.71004400000000001
-0.40205999999999997
0.44338899999999998
0.321073
-0.65618799999999999
-0.313112
-0.454264
-0.29943999999999998
0.021208100000000001
-0.42701899999999998
-0.29616700000000001
-0.35196699999999997
0.18357999999999999
1.2971900000000001
0.43372500000000003
-0.325096
-0.22436500000000001
-0.28522199999999998
-0.26067899999999999
0.49857400000000002
-0.049725699999999998
0.0069363000000000003
0.043832900000000001
-0.79989100000000002
0.029788599999999998
0.138012
-0.060673100000000001
-0.036017300000000002
-1.02213
0.0058983200000000003
-0.098372299999999996
0.95450199999999996
0.16772200000000001
0.49423099999999998
-0.092378500000000002
0.40171600000000002
0.218366
-0.16922599999999999
0.790157
0.098173899999999995
1.02098
0.0041054500000000001
-0.027616600000000002
-0.60397800000000001
-0.034608800000000002
0.40937400000000002
-0.361452
-0.117127
-0.31454399999999999
0.18784999999999999
0.116075
0.32311400000000001
-0.041821999999999998
-0.12389799999999999
-0.091729400000000003
0.28976600000000002
0.20979400000000001
0.0218005
1.24027
0.38713900000000001
0.76239900000000005
-0.19131999999999999
-0.15640399999999999
-0.66397399999999995
-0.060987399999999997
-0.123044
0.85619699999999999
0.114144
-0.67437400000000003
0.043392899999999998
1.07606
0.048620299999999998
0.365734
-0.51821499999999998
0.17025499999999999
-0.26886199999999999
0.130635
-0.25749
0.247525
0.438031
-1.2302
-0.70641799999999999
0.107251
-0.86568999999999996
-0.41583100000000001
0.43793500000000002
0.0206976
0.026390400000000001
-0.11207399999999999
-0.50923499999999999
-0.87973599999999996
-0.362813
-0.19234699999999999
-0.77263199999999999
0.18965699999999999
-0.96942799999999996
-0.121016
-0.10027899999999999
0.82760299999999998
-0.40905799999999998
0.15523899999999999
0.098617899999999994
-0.13777300000000001
0.40951100000000001
0.24033299999999999
0.20478199999999999
0.50308699999999995
-0.18154200000000001
0.105063
0.25506200000000001
0.49877500000000002
0.39029399999999997
-0.087783
-0.30223299999999997
-0.462505
-0.73819599999999996
-0.058167299999999998
0.15901699999999999
-0.089750899999999995
-0.43392999999999998
0.75633700000000004
0.152333
-0.10818800000000001
0.44779999999999998
0.30192400000000003
-0.82377
0.48199399999999998
0.23986099999999999
-1.4418899999999999
-0.62100500000000003
-1.8131699999999999
0.39830399999999999
-0.190333
-0.62739299999999998
0.123041
-0.058218699999999998
-0.021838300000000001
0.32306499999999999
0.72807299999999997
-0.204794
-0.61451999999999996
0.13150700000000001
0.0077595900000000002
0.92018100000000003
0.17635100000000001
-0.083625000000000005
0.53961199999999998
0.0483238
0.61548599999999998
0.17471400000000001
-0.205951
0.351186
-0.033389599999999998
0.41142200000000001
0.29378399999999999
0.49069600000000002
0.21077199999999999
0.15446499999999999
-0.66247599999999995
-0.18923999999999999
0.55947899999999995
0.67314799999999997
-0.0058035700000000001
-0.57165200000000005
-0.148928
-1.6982999999999999
-0.107388
0.42029100000000003
0.20216700000000001
0.40620600000000001
0.63966900000000004
0.081550800000000007
0.181279
-0.72272599999999998
0.30146299999999998
0.75840399999999997
0.060926500000000001
-0.081170999999999993
-0.30340699999999998
-0.375581
0.027788299999999998
0.69570900000000002
-0.16361100000000001
0.71721999999999997
0.0513949
1.9902500000000001
-0.31109599999999998
-0.077898200000000001
-0.33597700000000003
0.052420700000000001
-0.24909999999999999
-0.25608300000000001
0.081095
0.081207500000000002
0.076462199999999994
-1.35747
-0.465943
-0.25708199999999998
0.46431099999999997
0.147615
1.09456
0.092450099999999993
-0.21850700000000001
-0.023589200000000001
0.160637
-0.54333100000000001
0.11124100000000001
-0.076246599999999998
-0.24238299999999999
0.27137299999999998
-1.6892
-0.78663000000000005
0.28783799999999998
-0.176625
0.120545
-1.0359499999999999
-0.26480399999999998
-0.061156700000000001
0.89886900000000003
-0.25932100000000002
-0.882274
-0.0070249700000000002
-0.29685800000000001
-0.77072799999999997
-0.3881
-0.41986099999999998
-0.28992400000000002
-0.065686499999999995
-0.097399700000000006
0.25065799999999999
0.27279100000000001
-0.248194
-0.131858
-0.76409000000000005
0.050982100000000002
-0.95485299999999995
-0.12620999999999999
0.0080901299999999992
-0.120659
-0.24757199999999999
0.091749999999999998
0.072285299999999997
-0.18715999999999999
0.053784100000000001
-0.72057499999999997
-0.36580299999999999
-0.0876585
0.31103399999999998
0.85675299999999999
0.26383099999999998
0.42453999999999997
0.183611
0.268036
0.55442100000000005
-0.59048599999999996
0.58043900000000004
-0.012980500000000001
-0.41446499999999997
-0.52490300000000001
-0.0567994
0.075699799999999998
0.41292699999999999
0.43927500000000003
-0.18195
0.067034300000000005
-0.73808399999999996
-0.50512800000000002
-0.0071781700000000002
0.30289100000000002
0.095357499999999998
-0.0063924799999999999
0.32252900000000001
-0.62201200000000001
-0.114799
-0.049407600000000003
-1.2440599999999999
-0.62138700000000002
-0.14241200000000001
0.21624399999999999
0.20130899999999999
0.62682899999999997
-0.44923800000000003
-0.19118499999999999
0.90088000000000001
-0.59360800000000002
-0.70235300000000001
0.037562900000000003
0.125745
0.17746300000000001
-0.54390099999999997
-0.80969599999999997
0.058061799999999997
0.217919
-0.338974
-0.098026100000000005
-0.486425
-0.39334799999999998
-0.145344
-0.86136800000000002
-0.22981699999999999
-1.90225
0.17674400000000001
0.0167192
1.6139300000000001
0.045263999999999999
-0.39177200000000001
0.26169799999999999
-0.26544899999999999
-1.35798
0.0368594
-0.83679499999999996
-0.25687599999999999
0.27366800000000002
-0.99658999999999998
-0.053593599999999998
-1.27939
-0.35909000000000002
-0.319828
1.00101
0.55455200000000004
-0.73675599999999997
0.43291099999999999
-0.056802499999999999
-0.71553699999999998
-0.21878900000000001
-0.8256
-0.082356100000000002
-0.16169700000000001
0.57703599999999999
-0.0034481199999999998
1.0542899999999999
0.15076899999999999
0.0978681
-0.96556699999999995
0.35866700000000001
-0.395283
-0.48005900000000001
0.215058
-0.63767600000000002
0.14261799999999999
0.27871099999999999
0.54608599999999996
0.15903
0.54808699999999999
0.24637200000000001
-0.53737299999999999
-0.23463200000000001
0.37562699999999999
0.10601099999999999
-0.23858699999999999
-0.108763
0.35599599999999998
-0.0692942
0.44261400000000001
0.22220300000000001
1.02691
-0.17624699999999999
-0.084828700000000007
-0.16192300000000001
-0.77100800000000003
0.13893900000000001
-0.35465400000000002
-0.112856
-0.61337699999999995
-0.21851300000000001
-1.5183599999999999
0.38771
-0.13014899999999999
-0.69438500000000003
-0.16237499999999999
-0.21362700000000001
0.23832600000000001
-0.063275899999999996
-0.027289999999999998
0.0013882899999999999
-0.69428999999999996
-0.14890999999999999
-0.091801800000000003
-1.44736
0.037169599999999997
-1.38791
0.558755
-0.047501099999999997
0.53309300000000004
-0.35753600000000002
0.32354300000000003
0.120076
-0.155364
0.51157300000000006
-0.44153500000000001
-0.403146
-0.35228700000000002
0.034324800000000003
1.80782
0.211034
0.79198299999999999
0.310284
0.151228
0.0603963
0.135329
-0.56662699999999999
0.0305279
-0.28785100000000002
-0.48827900000000002
0.071076
0.23685700000000001
0.56575200000000003
0.0275433
0.0078578199999999997
0.26223999999999997
-0.14749399999999999
0.44239800000000001
-0.222992
-0.39892699999999998
-0.44135600000000003
0.13549900000000001
0.38694499999999998
0.137739
0.58366300000000004
0.34307300000000002
0.55855299999999997
0.11829000000000001
-0.121952
0.627803
0.23166200000000001
-0.68658600000000003
0.496224
-0.17233599999999999
-0.78778700000000002
-0.52814300000000003
-0.26753300000000002
-0.238089
0.135551
0.49392200000000003
-0.088099999999999998
-0.10681599999999999
-0.25232199999999999
-0.0011095300000000001
0.61034600000000006
0.65875399999999995
-0.095439700000000002
0.549929
0.071678900000000004
0.092719800000000005
0.29610700000000001
-0.30079699999999998
0.146064
-0.081558500000000006
0.88284399999999996
0.082912200000000005
0.701233
-0.23061599999999999
-0.16086700000000001
0.75105100000000002
0.374278
-0.1047
-0.0306109
-0.175372
0.62980700000000001
-0.24276
0.40992600000000001
0.034688499999999997
0.099497500000000003
0.86324599999999996
-0.26814900000000003
-0.72124699999999997
0.17310200000000001
0.19647400000000001
-0.44298900000000002
-0.71801499999999996
1.13402
-0.73726999999999998
0.095925200000000002
-0.237563
0.59209299999999998
-0.20396500000000001
-0.24016299999999999
-0.102752
-2.1207600000000002
-0.058545
0.34228599999999998
-0.00144622
-0.0100229
0.18320900000000001
0.41177799999999998
0.083749500000000004
0.33316200000000001
0.049596099999999997
-1.95591
-0.75206499999999998
0.30043799999999998
-0.22647600000000001
-0.074790700000000002
0.46481600000000001
0.131688
-0.55167100000000002
-0.30335299999999998
0.24494099999999999
-0.045246799999999997
0.74763199999999996
0.087399000000000004
0.212729
0.085531300000000005
0.031643999999999999
-0.26033800000000001
0.041789199999999999
0.0100433
0.14793200000000001
-0.39180900000000002
-0.0029622699999999999
-0.42862699999999998
-0.48465200000000003
-0.18354300000000001
0.18654399999999999
-0.835484
-0.15364700000000001
0.24440400000000001
-0.15232799999999999
-0.447604
0.35541400000000001
0.76436099999999996
0.047210500000000002
0.20583099999999999
1.00302
0.19946700000000001
0.045060000000000003
-0.013754000000000001
0.147031
-0.37962899999999999
-0.086031399999999994
0.54576800000000003
-0.55490899999999999
0.050228500000000002
-0.46182600000000001
-0.088652800000000004
-0.30109999999999998
-0.169407
0.100789
0.76619199999999998
-0.55833999999999995
0.54393599999999998
0.075732300000000002
-0.30789499999999997
1.6386700000000001
0.43047299999999999
0.99793200000000004
0.13722000000000001
-0.480375
-0.45728600000000003
-0.00209465
-0.13564100000000001
-0.28691100000000003
0.031773999999999997
-0.44827600000000001
-0.39178600000000002
-0.57189599999999996
-0.0800376
0.018194399999999999
1.91265
0.39419399999999999
0.32217499999999999
0.42303299999999999
0.039265300000000003
-1.2705299999999999
0.43523200000000001
0.0027234300000000002
0.50981200000000004
-0.0468154
-0.022753900000000001
0.14246500000000001
0.057804500000000002
0.30104999999999998
-0.14568800000000001
0.38677800000000001
-0.17338300000000001
-0.66783499999999996
-0.21635099999999999
0.0040806499999999999
-0.54444999999999999
-0.47075600000000001
0.46176299999999998
-0.163662
0.116774
0.62653800000000004
0.31941199999999997
0.210254
-0.53555900000000001
0.0256598
0.038608299999999998
0.50526300000000002
-0.31568499999999999
0.034752499999999999
0.051261000000000001
-0.246617
-0.31712099999999999
0.034361299999999997
0.090287000000000006
-0.0064858199999999998
0.74930300000000005
0.74390299999999998
0.85030700000000004
-0.16927400000000001
0.0320456
0.44542100000000001
0.21534500000000001
-0.382969
-0.081073300000000001
0.172511
0.186971
-0.48132000000000003
0.59072800000000003
0.072755399999999998
0.23160500000000001
-0.55393999999999999
0.145453
-1.0042
0.00466132
-0.46075700000000003
-0.64498999999999995
-0.21915699999999999
0.064704200000000003
-0.27357100000000001
-0.0108054
-0.26878099999999999
0.11254
-0.54662699999999997
0.053709600000000003
-0.099422399999999994
-0.51772899999999999
0.47942699999999999
-0.90818600000000005
0.32888299999999998
0.085478100000000001
-0.20302400000000001
0.173348
0.33128200000000002
0.34091700000000003
-0.42863699999999999
-1.4286000000000001
0.17266200000000001
-0.82998400000000006
-0.096504199999999998
0.24765999999999999
0.59774000000000005
-0.84912100000000001
-1.36049
0.95822700000000005
0.19891300000000001
1.98011
0.496475
0.67617499999999997
0.48483300000000001
-0.094527399999999998
0.86898399999999998
-0.34868900000000003
-3.2023999999999999
0.43102699999999999
-0.071343500000000004
0.99509499999999995
0.44684699999999999
1.66516
-0.21230399999999999
0.108265
1.1121799999999999
0.43547000000000002
-0.00097060699999999996
0.064680500000000002
-0.033548500000000002
0.051040700000000001
-0.25722
-0.98175199999999996
-0.33499800000000002
0.24807999999999999
0.58081499999999997
-0.16464999999999999
0.229883
0.219948
-1.4090100000000001
-0.395482
0.24198
-0.16345899999999999
0.56730599999999998
0.299655
0.88708200000000004
-0.0035374
-0.81784199999999996
0.41641099999999998
0.31582900000000003
1.13876
0.376222
-0.62776399999999999
0.36644399999999999
-0.054521800000000002
-1.0601100000000001
-0.37644300000000003
0.21090700000000001
-0.194107
0.26403300000000002
-0.49724699999999999
-0.26066299999999998
1.0892200000000001
-0.11000699999999999
-0.091316300000000003
-0.096481999999999998
-0.44661400000000001
-0.44442199999999998
0.0266342
-0.23566400000000001
0.41929
-0.067930199999999996
0.44727600000000001
0.39862900000000001
0.50082099999999996
-0.22265599999999999
0.120833
-0.60913899999999999
0.015799199999999999
0.090394500000000003
0.51516700000000004
0.40354200000000001
-0.51808299999999996
-0.68409900000000001
0.102661
0.94949700000000004
0.24259700000000001
0.70777699999999999
0.525007
-0.28182099999999999
-0.46985399999999999
0.062635499999999997
-0.308342
0.30086400000000002
0.124566
-1.0271399999999999
0.28391300000000003
-1.11639
0.54765699999999995
0.043425100000000001
0.90391600000000005
0.13256599999999999
0.61220300000000005
0.096421699999999999
-0.071071899999999993
-0.45293699999999998
-0.53898999999999997
-0.76453499999999996
-0.0843613
-0.17599899999999999
-0.35473700000000002
-0.26821299999999998
0.54917899999999997
0.017265099999999999
-0.077800499999999995
0.91526099999999999
0.13270999999999999
-1.2512799999999999
0.50315699999999997
0.16214799999999999
0.70901899999999995
0.50680599999999998
0.15461
0.018675799999999999
0.21731500000000001
-1.1068899999999999
0.083260899999999999
-0.328345
-0.040247999999999999
-0.140124
-0.15684500000000001
-0.35419200000000001
-0.87968400000000002
-0.201877
0.16910700000000001
2.0825499999999999
0.036523399999999998
-1.37182
-0.19843
0.20174900000000001
1.2008300000000001
-0.956955
0.21651100000000001
-0.32929999999999998
-0.034028200000000002
-0.92143399999999998
-0.34598600000000002
0.20777399999999999
0.092665800000000006
-0.12263
-0.0043976199999999997
0.164912
0.61194000000000004
-0.154782
0.26069599999999998
0.88198799999999999
0.38495400000000002
0.38014599999999998
-0.91730999999999996
0.00023200799999999999
-0.42669299999999999
-0.36931700000000001
-0.070795200000000003
-0.0096890599999999993
0.154308
-0.95551900000000001
-0.12389500000000001
-2.27976
-0.091098899999999997
-0.16073599999999999
0.081852800000000003
-0.20824000000000001
-1.4815
-0.15049799999999999
-0.18670900000000001
-0.17638899999999999
0.077706200000000003
-0.79413500000000004
0.15059700000000001
0.19737299999999999
1.4335899999999999
-0.45393299999999998
0.27129300000000001
-0.314778
-0.19697000000000001
0.86625700000000005
-0.49734
0.65536399999999995
0.42509599999999997
-0.30263899999999999
-0.0096945799999999995
0.44638099999999997
-0.117974
0.627162
-0.116081
0.0095133100000000005
-0.087710999999999997
0.63899899999999998
0.102993
-0.17994099999999999
-0.29264000000000001
-0.17385300000000001
0.14099100000000001
0.31919199999999998
0.28998299999999999
0.0138391
-0.18557399999999999
-0.35567500000000002
-0.30807400000000001
-0.24054200000000001
-0.46366099999999999
0.88342600000000004
0.75495800000000002
0.154782
-0.27872200000000003
0.81151099999999998
0.30675400000000003
-0.054765599999999998
-0.57932099999999997
0.088725899999999996
-1.37937
0.85113099999999997
0.265712
0.44826300000000002
-0.018988000000000001
-1.0940000000000001
-0.37415399999999999
1.07199
0.052546900000000001
0.0084148199999999999
-0.45988600000000002
-0.16930100000000001
0.24524899999999999
-0.63672399999999996
-0.083071300000000001
-0.78154500000000005
-0.81637300000000002
-0.66114799999999996
0.099048700000000003
0.28706900000000002
-0.27223999999999998
-0.22497500000000001
-0.074433899999999997
-0.198992
0.065790500000000002
-0.48786099999999999
0.023189600000000001
-0.34543400000000002
0.050664399999999998
0.0050155299999999998
0.712673
0.69315300000000002
0.089084700000000003
-0.28498099999999998
0.24615799999999999
-0.30286200000000002
-0.021945599999999999
-0.22888900000000001
-0.18900400000000001
-0.076837100000000005
-0.18718599999999999
0.058937900000000001
0.017684100000000001
0.31855499999999998
0.128333
0.204876
-0.77364900000000003
1.3164199999999999
-0.163383
-0.045301899999999999
0.68191199999999996
0.41432799999999997
0.0088052400000000006
0.32527899999999998
-0.116928
0.0275299
0.63739199999999996
-0.59960599999999997
0.083826600000000001
0.016328800000000001
-0.83693399999999996
0.182667
-1.51081
0.43871100000000002
0.115343
0.25238300000000002
-0.209428
-0.74691300000000005
0.16843900000000001
0.0930256
-0.082157400000000005
-0.073069200000000001
-0.107659
0.039907100000000001
-0.422039
0.19867399999999999
-0.31012200000000001
-0.15431600000000001
0.17011699999999999
0.066629800000000003
-0.091418700000000006
-0.34627200000000002
0.28430100000000003
-0.64802499999999996
-0.38938299999999998
-0.88846499999999995
-0.0064939200000000002
-1.14757
-0.19487299999999999
-0.0111789
-0.21312
-0.67004300000000006
0.20260400000000001
0.40773300000000001
-0.14659
-0.12967300000000001
-0.19445999999999999
0.68003000000000002
0.37891799999999998
-0.163523
-0.52109700000000003
-0.70238699999999998
-0.0255687
0.262322
-0.17954600000000001
-0.97628199999999998
-0.048737500000000003
0.54011699999999996
0.61821999999999999
0.056847099999999998
0.22682099999999999
0.123486
-0.52786100000000002
0.54949400000000004
0.11309900000000001
0.68933
0.34000399999999997
0.173431
0.35305799999999998
0.019948299999999999
1.09781
-0.156413
0.25708900000000001
0.038343799999999997
-0.18163599999999999
0.235345
-0.23536899999999999
-0.20174
-0.41968100000000003
0.085980500000000001
0.17418800000000001
-0.38362200000000002
0.67022800000000005
0.13799400000000001
0.062661599999999998
-0.99370899999999995
0.31889299999999998
-0.261405
0.174042
0.16426499999999999
0.67041700000000004
0.47229399999999999
-1.1457999999999999
0.0207233
0.024124699999999999
0.36971199999999999
0.87359299999999995
-0.50559799999999999
1.05871
-0.15042
-1.0635300000000001
0.0756164
-0.10492600000000001
-0.071645700000000007
-0.31769999999999998
0.096845600000000004
0.445635
0.34851900000000002
0.38093399999999999
0.00050489600000000001
0.31681599999999999
0.78955600000000004
-0.43961099999999997
-0.084127400000000005
-0.043726599999999997
1.2891999999999999
0.13305900000000001
-0.18609200000000001
-0.025638399999999999
-0.15704599999999999
-0.17113
-0.046572000000000002
-0.10538400000000001
-0.553809
-0.042381099999999998
1.9782999999999999
0.25092999999999999
-0.97579899999999997
0.22451699999999999
0.112438
0.30236800000000003
0.35534199999999999
0.458702
0.374413
-0.16019800000000001
-0.43438700000000002
-0.39208500000000002
0.61227699999999996
-0.315083
-0.0155849
1.0744899999999999
-0.118034
-0.24793999999999999
0.39671699999999999
0.713947
0.54342199999999996
0.311697
-0.035967300000000001
0.478321
-0.1225
0.29791200000000001
-0.53194900000000001
-0.13286600000000001
-0.364429
-0.049176900000000003
-1.4539299999999999
0.118369
0.58639300000000005
-0.23893800000000001
0.0148556
-0.19078800000000001
-0.48478300000000002
0.30796499999999999
-0.053196199999999999
-0.32141999999999998
-0.91822199999999998
0.47367300000000001
0.57765900000000003
-0.59072800000000003
0.22420699999999999
-0.54003000000000001
-0.39953300000000003
0.78015900000000005
0.138296
-0.010786199999999999
-0.66029899999999997
0.094159199999999998
0.61171299999999995
0.48614499999999999
0.0651037
-0.042523400000000003
0.55003599999999997
0.61523399999999995
-0.62744299999999997
0.018247200000000002
0.113286
0.30051800000000001
-0.80727300000000002
-0.0069753000000000003
0.36175400000000002
0.80879900000000005
-0.092684900000000001
1.06698
-0.28843400000000002
-0.14326700000000001
-1.7210000000000001
-0.45444200000000001
-0.039424899999999999
-0.0853468
0.413688
0.59757199999999999
0.15390699999999999
0.47653800000000002
0.081525299999999995
0.0093607699999999992
-0.22048200000000001
-0.19467799999999999
-0.42798999999999998
0.058154699999999997
0.043520099999999999
-0.059928599999999999
-0.62618700000000005
0.503606
-0.40514
0.0137933
-0.78318600000000005
0.369587
0.87343499999999996
0.22501399999999999
0.22658700000000001
0.097382800000000005
-0.77815900000000005
0.20010700000000001
-0.365898
0.17758599999999999
-0.23665
0.29360599999999998
-0.33946599999999999
0.246839
0.24404799999999999
-1.19469
-0.20160800000000001
0.65096299999999996
0.037561499999999998
0.89709499999999998
-0.60480500000000004
-0.56260299999999996
-0.33996300000000002
-0.0419181
0.020935800000000001
-1.0079199999999999
0.14880599999999999
1.5791900000000001
0.23461699999999999
0.13023399999999999
0.29522599999999999
0.42974899999999999
-0.55008500000000005
-0.18975800000000001
-0.20572699999999999
0.82340599999999997
0.74032100000000001
0.67827300000000001
0.17404900000000001
0.20937500000000001
0.41621000000000002
-1.54562
-1.4073800000000001
0.81022799999999995
0.0035307300000000002
0.98592100000000005
-0.23880799999999999
-0.16096099999999999
0.042550299999999999
-0.22123699999999999
-0.13977300000000001
-0.15784500000000001
0.022062499999999999
-0.14807100000000001
-0.178785
0.042968800000000001
-0.54234199999999999
-2.1275599999999999
-0.085922600000000002
0.100213
-1.14737
0.623614
-0.40705200000000002
0.064658499999999994
-0.058719899999999998
-1.62039
0.26076300000000002
1.0585100000000001
0.20244100000000001
0.042126499999999997
-0.46523100000000001
0.69064899999999996
1.5263599999999999
-0.32488099999999998
-0.31945600000000002
-0.307309
0.107987
-0.80734099999999998
0.21235100000000001
-0.15826399999999999
1.03807
0.0357431
-0.77534800000000004
0.247451
0.207455
0.082939399999999996
0.55815199999999998
-0.408943
0.24241699999999999
-0.18334900000000001
0.72571699999999995
0.63742799999999999
0.27082699999999998
-0.22783700000000001
0.16522700000000001
-0.50490900000000005
0.164378
0.20135500000000001
0.072388800000000003
0.00342662
-0.42562899999999998
0.105146
0.87294700000000003
-0.111871
-0.069738700000000001
-0.075658000000000003
-0.55549300000000001
-0.30102499999999999
-0.366649
0.0026930600000000002
0.23638400000000001
-0.48097400000000001
0.55739300000000003
0.12042799999999999
-0.043724600000000002
1.0382100000000001
0.0068194199999999996
-0.84803700000000004
-0.421186
0.13379099999999999
0.34862900000000002
0.51165700000000003
0.80774299999999999
0.65222199999999997
-0.055356700000000002
-0.19068199999999999
0.15743599999999999
0.34230500000000003
-0.378581
-0.112415
1.23288
0.33305800000000002
-0.344476
0.14962600000000001
-0.292543
-0.39378099999999999
0.43184899999999998
-0.78554199999999996
-0.43390000000000001
-0.23408799999999999
0.47167199999999998
1.27372
-0.17749000000000001
0.0071793600000000001
-0.021539900000000001
0.85706000000000004
0.098199300000000003
1.8541000000000001
-0.116814
0.119611
0.74099700000000002
0.43458400000000003
0.051590200000000003
0.107442
0.279615
-0.149982
-0.251446
-0.151446
-0.69413400000000003
0.214059
-0.45418599999999998
0.351356
-1.1075600000000001
-0.33210000000000001
0.66818500000000003
-0.40344799999999997
-0.373336
-0.27728399999999997
0.45429700000000001
-0.058137800000000003
0.26532499999999998
-0.40556900000000001
0.0027987300000000001
0.29237299999999999
-0.031506899999999997
0.77460200000000001
0.59857400000000005
2.11381
-0.110196
0.125555
0.035096500000000003
-0.153311
-0.62525200000000003
-0.0100713
-0.071405899999999994
-0.179202
-0.060420599999999998
1.35528
-0.307394
-0.382162
1.1200600000000001
0.022005400000000001
-0.82822700000000005
-0.081713999999999995
-0.28546100000000002
-0.84017500000000001
1.11188
-0.17458899999999999
0.028116700000000001
-0.0897588
0.60422799999999999
-0.18138599999999999
0.39246799999999998
-0.54453700000000005
0.0466658
1.2414000000000001
-0.19046199999999999
0.561635
0.32362600000000002
-0.41673300000000002
-0.72958999999999996
-0.72840199999999999
-0.32997900000000002
-0.031437300000000001
-0.085895299999999994
-1.94706
-0.18107999999999999
0.0165252
0.33460800000000002
0.14200099999999999
-0.086563000000000001
-0.42349599999999998
0.25221399999999999
-0.025355300000000001
0.19466900000000001
0.68975399999999998
-0.513069
-0.35847600000000002
-0.12040099999999999
-0.0123257
0.18313599999999999
0.280447
0.75105699999999997
-0.41023799999999999
-0.183027
0.032448100000000001
0.16167300000000001
-0.75553599999999999
0.50150099999999997
-0.040478600000000003
-0.38763999999999998
-0.19664300000000001
0.027746099999999999
-0.44891599999999998
-0.0082733000000000008
0.655501
-0.178006
0.0256171
0.60975699999999999
-0.15989400000000001
1.1037999999999999
-0.70019200000000004
0.055385499999999997
0.0012981399999999999
0.093089900000000003
1.3348
-0.071256399999999998
0.37782500000000002
-0.72737499999999999
-0.33978399999999997
-0.548952
0.36899999999999999
-1.22817
0.072217100000000006
-0.092381500000000005
1.41743
-0.26988400000000001
-0.83428899999999995
0.29623500000000003
0.15812899999999999
0.73936900000000005
-0.28164
0.12574099999999999
0.35766900000000001
-0.186941
-1.0062199999999999
-0.17652999999999999
1.6198699999999999
-0.27034000000000002
-0.354991
-0.49437399999999998
0.358234
-0.17844399999999999
0.107057
-0.37828000000000001
-1.7675799999999999
0.59768399999999999
1.14188
0.320465
0.32626300000000003
-0.0998864
0.51892199999999999
-0.71076399999999995
-0.199881
-0.34903299999999998
-0.99362099999999998
0.12510199999999999
-0.42955700000000002
0.31461099999999997
0.19634699999999999
0.18592700000000001
0.21211099999999999
-0.98035000000000005
-0.13450500000000001
0.26299299999999998
-0.55935599999999996
0.63668800000000003
-0.68887900000000002
-0.0077600999999999998
0.042454199999999997
-0.069168499999999994
-0.047508300000000003
0.122706
-0.14322599999999999
-0.0028835599999999999
0.336812
-0.27767399999999998
-0.24129400000000001
-0.16291800000000001
-0.014654
-1.3771599999999999
0.48814600000000002
0.280302
0.40527600000000003
0.124195
0.27873799999999999
0.420651
0.71648699999999999
0.86577300000000001
-0.039780200000000002
0.85053699999999999
0.308342
-1.4361200000000001
0.31687100000000001
0.027904499999999999
-0.0026295200000000002
0.26754899999999998
-0.100995
-0.0279838
-0.122958
0.13155
-0.169539
0.47784399999999999
-0.395067
0.082774899999999998
-0.82290200000000002
-0.21244499999999999
0.17199999999999999
-0.285883
-0.13947899999999999
-1.01756
-0.35299599999999998
-0.35861300000000002
0.55342800000000003
0.031681099999999997
-0.44263400000000003
-0.473408
0.055639399999999999
-0.0098702900000000003
0.37393799999999999
0.54845500000000003
-0.19961400000000001
0.26845000000000002
0.73394300000000001
0.29728700000000002
-0.98741100000000004
0.27293400000000001
-0.040329400000000001
-0.33053700000000003
-0.064096700000000006
-0.63651999999999997
-0.61438499999999996
0.22243399999999999
0.29740800000000001
-0.10989500000000001
-1.41231
0.220279
-0.0288945
-0.207038
-0.0050941700000000003
-0.83853900000000003
-0.88817599999999997
-0.104046
-0.063271999999999995
-0.268627
0.89284799999999997
-0.41281800000000002
-0.201659
-0.31336999999999998
0.11332200000000001
1.1306099999999999
-0.053303999999999997
0.80542400000000003
-0.0087009800000000005
0.13874300000000001
0.44958599999999999
-0.58769400000000005
-0.71558900000000003
0.333816
-0.035429099999999998
-0.66051700000000002
0.0074825899999999999
-0.038288099999999999
-0.37514799999999998
-0.16981099999999999
-0.54874800000000001
-0.67845699999999998
-0.78810199999999997
-0.14033399999999999
0.14486499999999999
0.102266
-0.53025900000000004
1.1359399999999999
-0.34450399999999998
0.0092121300000000007
1.0846100000000001
-0.36367699999999997
0.20681099999999999
0.18697900000000001
-0.27914499999999998
-0.87199599999999999
0.270791
0.180202
0.40866599999999997
0.040843900000000002
0.14879600000000001
-0.40542299999999998
-0.59815700000000005
0.36538900000000002
-0.12762399999999999
-0.55708100000000005
0.53403199999999995
0.957372
-0.13109199999999999
-0.12908900000000001
-0.78815199999999996
0.016610699999999999
1.4296800000000001
0.059569700000000003
0.090845599999999999
-0.366365
-0.46065
0.90305599999999997
-0.035188400000000002
-0.055358999999999998
-0.33998299999999998
-0.27490900000000001
-1.0176799999999999
0.041078299999999998
0.028522200000000001
0.039039299999999999
0.39754499999999998
0.42210900000000001
0.18723000000000001
0.303147
0.57080699999999995
0.52032400000000001
0.53042999999999996
-0.3024
0.15357399999999999
0.28889399999999998
0.51201200000000002
0.29211900000000002
0.00029081400000000002
-0.045650400000000001
0.144783
-0.172962
0.92151000000000005
-0.22023499999999999
-0.41693999999999998
1.0067999999999999
0.66798999999999997
-0.59171300000000004
-0.044283099999999999
0.193638
-0.35964400000000002
-0.067401199999999994
-0.38875500000000002
-0.254577
0.25838699999999998
-0.257108
0.29514600000000002
0.17432600000000001
0.751054
0.042609899999999999
-1.3449800000000001
-0.046335500000000002
0.21945600000000001
-0.62000500000000003
0.13081599999999999
-0.17471300000000001
0.266897
0.078255599999999995
-0.38412299999999999
0.10473499999999999
0.56843900000000003
-0.043821300000000001
-0.48912600000000001
0.20457
0.0083948100000000008
-0.67680799999999997
0.0271465
1.04097
0.100235
0.071963200000000005
-0.48109000000000002
0.50702199999999997
-0.41863899999999998
0.070673
0.036545000000000001
-0.676902
0.239759
0.092119400000000004
-0.333505
-0.30899599999999999
1.3597699999999999
-0.35171000000000002
0.46816999999999998
-0.095292500000000002
-0.012257199999999999
-0.522563
0.16556999999999999
0.248806
0.119146
0.26467499999999999
0.77925299999999997
0.43759199999999998
0.097906400000000005
-0.099522399999999997
-0.120682
-0.36359799999999998
0.57954499999999998
1.54108
-0.165187
0.096538299999999994
-1.4883599999999999
0.35183599999999998
-1.00867
-0.497415
-0.151139
1.1621999999999999
0.46757100000000001
0.50827199999999995
-0.15587999999999999
-0.15825400000000001
-1.21071
0.85526199999999997
-0.30942500000000001
-0.064513399999999999
0.19416
-0.47109600000000001
-0.072054000000000007
-0.32396200000000003
0.139291
0.24080399999999999
-0.061940000000000002
0.15795999999999999
-0.0136744
0.29450300000000001
0.040106299999999998
-0.23053499999999999
-0.71322099999999999
-0.50407800000000003
0.17951700000000001
0.117218
-0.47656700000000002
0.141429
0.0817166
0.13370299999999999
0.053767299999999997
0.122615
-0.205094
-0.35977199999999998
-0.30659399999999998
-0.085061700000000004
-1.30294
-0.26204499999999997
-0.20596200000000001
-0.154723
-0.27008900000000002
0.16384899999999999
0.17242399999999999
-0.52091399999999999
-0.56960100000000002
0.136659
0.48809200000000003
-0.31266300000000002
0.0214962
0.070957500000000007
0.36138500000000001
-1.0729900000000001
0.015965400000000001
-0.0218193
-0.071002700000000002
-0.188164
-0.81531600000000004
-0.58724699999999996
0.18752099999999999
0.42437399999999997
-0.079137200000000005
-0.29799599999999998
-0.78320000000000001
0.24737500000000001
0.21504699999999999
0.032989299999999999
-0.170068
-0.64355499999999999
-0.58996199999999999
0.210566
0.24468100000000001
-0.71609199999999995
0.076647800000000002
0.25343399999999999
-0.25711899999999999
0.23471
-0.22967899999999999
-0.13242899999999999
-0.89057900000000001
-0.33687600000000001
-0.0024498100000000002
-0.46378000000000003
0.63600599999999996
0.76554599999999995
0.213731
-0.30869200000000002
-0.35213100000000003
-0.46266800000000002
0.67464900000000005
-0.41176499999999999
0.065574300000000002
-0.75595599999999996
0.46111600000000003
0.42693199999999998
-0.20637
0.16483100000000001
-0.033154000000000003
0.53697499999999998
1.3188599999999999
0.45764300000000002
-0.0476158
-0.16769800000000001
-0.097908999999999996
-0.079523200000000002
-0.078222600000000003
-0.283026
-0.55142800000000003
-0.17954100000000001
0.32130900000000001
0.25289899999999998
-0.14090800000000001
-1.18774
0.091966699999999998
-0.061914400000000001
0.29591099999999998
0.041952999999999997
0.74162300000000003
-0.42775800000000003
-0.50078599999999995
0.033354799999999997
-0.064579200000000003
-0.89669500000000002
-0.57340599999999997
-0.068514800000000001
0.442328
0.26663599999999998
-0.086941500000000005
-0.17282
0.14027999999999999
-0.0202595
-0.042979299999999998
0.42912299999999998
-0.53109300000000004
-1.2709699999999999
0.12023200000000001
-0.17110800000000001
0.56520499999999996
0.020999
1.7581599999999999
0.32989000000000002
0.16991400000000001
0.77706699999999995
0.64826300000000003
1.16526
-0.15187
0.115118
0.63530399999999998
0.212862
0.093757400000000005
0.092516899999999999
0.16208600000000001
-0.19752900000000001
0.17145299999999999
0.160057
0.33655400000000002
-0.47927500000000001
0.060599
-0.26568900000000001
0.045524299999999997
0.00795184
-0.41778799999999999
-1.07538
-0.0150902
-0.142349
0.22320400000000001
-0.044002300000000001
-0.55828500000000003
-0.76000100000000004
-0.465478
-0.083094699999999994
0.14146300000000001
-2.6261299999999999
-0.35491400000000001
-0.0825491
-0.29925299999999999
0.096919099999999994
0.053453300000000002
-0.34331600000000001
-0.56091400000000002
-0.17050699999999999
0.061020999999999999
-0.63772399999999996
-0.032089800000000002
0.22747000000000001
-0.22800400000000001
0.12064999999999999
-0.94010499999999997
0.029761900000000001
1.14798
-0.440334
-0.19429399999999999
1.8078000000000001
-0.19213
0.57818499999999995
-0.16126599999999999
-0.130583
-0.204625
-0.52015999999999996
-0.65023900000000001
-0.54855299999999996
-0.0368671
0.170932
-0.262241
-0.21913199999999999
0.10356600000000001
0.0738563
1.69651
0.33962199999999998
-1.09785
-0.43370700000000001
0.227053
0.97055499999999995
0.1275
-0.046628900000000001
-0.47306799999999999
-0.039677299999999999
-0.87002599999999997
-0.15459200000000001
1.0554300000000001
-0.051357399999999997
-0.058900800000000003
1.1242700000000001
-0.58591700000000002
-0.082441
-0.51270199999999999
-0.20672699999999999
-0.36990099999999998
0.37299599999999999
1.5190600000000001
-0.84358
0.13053500000000001
-0.0151013
0.34144600000000003
-0.79959499999999994
0.16822599999999999
-0.0023867099999999998
1.00715
-0.0194976
-0.62949699999999997
-0.319133
-0.36842999999999998
-0.51951700000000001
-0.200653
-0.212475
-0.50439900000000004
0.058875400000000001
-0.63788400000000001
-0.27766299999999999
-1.5765899999999999
-0.016219600000000001
-0.0157062
-0.124232
-0.218169
0.085518999999999998
-0.068877599999999997
0.086107100000000006
0.261766
1.01281
0.63145799999999996
-0.41873199999999999
0.061870500000000002
0.238951
-0.48688399999999998
0.79574100000000003
-0.15818699999999999
0.12648000000000001
0.75919899999999996
-0.31518200000000002
-0.358734
-0.0142226
0.015685999999999999
-0.85691399999999995
-0.387851
1.05528
-0.26763599999999999
-0.078942399999999996
-0.55581599999999998
-0.20100899999999999
-0.068107299999999996
0.74687700000000001
-0.206706
-0.024400600000000001
0.167631
0.89299300000000004
0.0043567199999999997
-0.31452200000000002
0.54659100000000005
0.96372800000000003
-0.358879
-0.46584700000000001
0.32742900000000003
-0.68210800000000005
-0.066937099999999999
0.85351200000000005
-0.52335699999999996
0.43613000000000002
-0.083274100000000004
0.53663300000000003
0.25968200000000002
-0.32159900000000002
-0.24840699999999999
-0.68496000000000001
0.046877000000000002
-1.4218299999999999
-0.17181399999999999
-0.37545099999999998
0.28157199999999999
0.63286699999999996
0.50487199999999999
0.43136600000000003
-0.16290399999999999
-1.1451
0.61272000000000004
1.24983
-0.094811199999999998
-0.50309800000000005
0.72980500000000004
0.53769299999999998
-0.36493500000000001
-0.65555300000000005
0.23263400000000001
0.20990800000000001
-0.78065799999999996
0.171294
-0.42192800000000003
-11.356
-4.4232300000000002
-10.3596
-4.5734700000000004
-9.3346099999999996
-0.16509499999999999
-0.36490699999999998
0.69298800000000005
-1.01294
-0.161721
-0.18623600000000001
-1.1658900000000001
0.184421
0.27123199999999997
0.109413
0.283582
0.019468099999999999
0.13200500000000001
0.79822300000000002
0.13556099999999999
0.16697899999999999
0.15398400000000001
-0.68089299999999997
-0.85183699999999996
-0.28095700000000001
-0.119357
-1.50156
-0.16333400000000001
-0.361707
0.0102474
-0.109733
0.34048299999999998
-0.29933399999999999
0.79524700000000004
0.46018999999999999
-0.0021829000000000002
0.95808400000000005
-0.084672999999999998
-0.091079300000000002
0.115365
-0.157469
-1.2515499999999999
-0.14930599999999999
1.03148
-0.322378
-0.0201234
-0.069064700000000007
0.041162200000000003
0.491643
-0.015589799999999999
0.025063499999999999
0.54251000000000005
-0.38510699999999998
0.78865399999999997
-0.24629999999999999
-0.102532
-0.11469699999999999
0.168737
-0.52054100000000003
0.228239
0.010871799999999999
-0.58984400000000003
0.017757999999999999
0.51869699999999996
0.149589
0.0010286399999999999
-0.106654
-0.21199000000000001
-0.80013199999999995
0.036689699999999999
0.17580299999999999
-0.72617900000000002
-0.18002000000000001
-0.29803600000000002
0.23586199999999999
-0.245722
0.75484799999999996
-0.14677299999999999
-0.107571
0.257799
0.083567000000000002
-0.94659000000000004
0.28452699999999997
-0.40604099999999999
-0.61496700000000004
-0.25330900000000001
0.49060799999999999
-0.349408
-0.17691399999999999
0.061280599999999998
-0.0276391
0.0240965
-0.51290599999999997
-1.0452300000000001
0.46564499999999998
0.0136773
0.042970399999999999
0.838924
0.24615799999999999
0.170737
0.0036607300000000001
-0.28298299999999998
-0.84408000000000005
-1.3011699999999999
-0.112192
-0.050011300000000002
0.26955699999999999
-0.339945
-0.15795699999999999
0.51438600000000001
-0.11480799999999999
-1.7752600000000001
-0.26295299999999999
-1.5908
-0.0605266
0.14909700000000001
-0.77263400000000004
0.021967799999999999
-0.12654199999999999
0.35472900000000002
-0.076050499999999993
-0.105474
0.46782800000000002
0.0604301
0.52037199999999995
-0.092955999999999997
-1.0068600000000001
0.625112
1.23445
-0.76305999999999996
-0.020217499999999999
1.1537500000000001
0.41196199999999999
0.44107099999999999
0.25331599999999999
-0.055566499999999998
0.29206799999999999
-0.55310700000000002
-0.211671
0.089283100000000004
0.14716599999999999
-1.29809
0.23428099999999999
0.56511599999999995
-0.064891099999999993
-0.072997500000000007
-0.86349900000000002
0.59708700000000003
-0.29397000000000001
0.058407599999999997
-0.217363
-0.60274499999999998
-0.28434599999999999
-0.80662199999999995
0.071576600000000004
-0.072209899999999994
1.36314
0.073135699999999998
-0.52817999999999998
-0.19956099999999999
0.034720500000000001
-1.7771399999999999
0.61137900000000001
-0.53246400000000005
-0.26068599999999997
-0.080280299999999999
2.0006400000000002
0.55594600000000005
1.3211599999999999
0.25741799999999998
0.019435299999999999
0.42992799999999998
-0.069132799999999994
0.366782
0.32684299999999999
-0.075598499999999999
0.38603300000000002
-0.59400600000000003
0.76262799999999997
0.29150799999999999
0.210948
-1.30267
0.23166300000000001
-0.53593299999999999
0.096671800000000002
0.180201
0.83775100000000002
-0.078029600000000005
0.42703000000000002
-0.33882099999999998
0.117087
0.067863699999999999
-0.37942700000000001
0.35255900000000001
-0.366068
0.15404300000000001
-0.19627600000000001
0.92793300000000001
0.96250599999999997
-0.124086
0.10830099999999999
-0.75316899999999998
-0.064884499999999998
-1.4326099999999999
0.107658
0.13308
0.0747221
0.31052800000000003
0.63428099999999998
0.154804
-0.27679500000000001
-0.38294299999999998
-0.46036500000000002
-1.31037
0.33371699999999999
0.20894199999999999
-0.289599
0.035151700000000001
0.0568735
0.36342999999999998
0.17679600000000001
-0.39404400000000001
0.45077200000000001
0.0815525
-0.29297000000000001
-0.36377799999999999
-0.114852
-0.23733399999999999
-0.66739400000000004
-0.424149
0.24085400000000001
1.48848
0.31434000000000001
-1.3325800000000001
-0.145313
-0.107948
0.21603900000000001
-0.084154000000000007
0.27972999999999998
0.029471199999999999
-0.246785
-0.69030400000000003
0.352163
-0.157805
0.0036707300000000001
-0.023080699999999999
0.53259800000000002
0.27967999999999998
0.70116999999999996
0.27203699999999997
0.45418999999999998
-0.56506599999999996
0.135631
0.147532
0.269708
-0.0110594
0.757911
0.071378999999999998
0.51687099999999997
-0.068119499999999999
0.050037400000000003
0.43534200000000001
-0.25162499999999999
1.0891200000000001
0.30990499999999999
-0.0916516
-0.010167799999999999
0.13680500000000001
-1.2016100000000001
0.0883298
-0.0145028
-0.72271600000000003
-0.20416200000000001
0.45935799999999999
0.527536
0.14979999999999999
1.4289799999999999
0.17366000000000001
0.075314999999999993
-0.31774599999999997
-0.047147000000000001
0.39511400000000002
-0.71940499999999996
0.68203899999999995
-0.31293599999999999
0.16462499999999999
0.75461800000000001
0.843275
0.59417299999999995
0.18954499999999999
0.031921900000000003
0.026316800000000001
0.71828899999999996
-0.119454
0.16105
-0.102329
0.95173799999999997
-0.0179338
-0.36601299999999998
-0.13066900000000001
-0.045350099999999997
-0.22269
-0.225546
-1.2603
0.064380800000000002
0.023998599999999998
-0.55802200000000002
0.64200100000000004
1.3089500000000001
0.24846699999999999
0.085816500000000004
-0.354076
0.25115500000000002
0.87279200000000001
-0.242592
-0.17193
0.20136799999999999
0.39027099999999998
0.13358999999999999
-0.16081200000000001
0.44204100000000002
-0.67312899999999998
-0.72874499999999998
1.2390399999999999
0.78493500000000005
-0.35966399999999998
-0.13420799999999999
0.15340799999999999
-0.31939699999999999
0.16777700000000001
0.0327818
-0.18960299999999999
0.31664100000000001
-0.50799499999999997
-0.15628600000000001
-0.036824200000000001
-0.14988499999999999
-0.44805
1.6153
0.087306499999999995
-0.33293200000000001
-0.23586399999999999
-0.111972
1.3646
-0.36397000000000002
-0.15889600000000001
-0.39476600000000001
-0.039881399999999997
-0.32287399999999999
0.10728600000000001
-0.18204899999999999
-0.465833
0.065569699999999995
-0.119202
-0.349246
-0.062089600000000002
0.032814999999999997
-0.76824400000000004
0.69354700000000002
-0.37009900000000001
-0.045721699999999997
0.97539600000000004
-0.29470299999999999
-0.48866799999999999
0.028271399999999999
-0.460009
-0.37786700000000001
-0.39882000000000001
-0.256135
-4.8148999999999997
-0.13459499999999999
-0.18770700000000001
-0.36795699999999998
0.060405100000000003
0.024713700000000002
0.075519799999999998
-0.39810600000000002
0.178731
-0.193054
-0.15009700000000001
0.15856300000000001
2.2620900000000002
-0.36703599999999997
0.26892199999999999
0.23563500000000001
0.181897
-0.71881499999999998
-0.506718
0.63278199999999996
-0.347188
-0.075972899999999996
0.62514599999999998
-0.045756900000000003
-0.0034579400000000001
0.12528600000000001
-0.032599000000000003
-0.82726100000000002
0.34564499999999998
0.80637099999999995
0.084980899999999998
0.18665300000000001
0.69251200000000002
0.847576
0.43032399999999998
-0.040143600000000002
0.00607582
0.69111900000000004
-0.57803099999999996
0.54045299999999996
0.13315299999999999
0.058161699999999997
-0.60931800000000003
-0.25687100000000002
-0.26585199999999998
0.61832900000000002
-0.0878139
-1.8101799999999999
0.26844800000000002
0.10682
-0.39384999999999998
-0.218302
0.34479700000000002
0.211919
0.12953999999999999
-0.38597199999999998
0.19442300000000001
-0.24240200000000001
0.098765900000000004
0.24554500000000001
-0.057330100000000002
-0.13258200000000001
0.54531700000000005
0.10480299999999999
-1.29355
-0.27027800000000002
-0.31357000000000002
-1.5057100000000001
0.31986999999999999
0.74330099999999999
-0.077933199999999994
0.076871700000000001
-0.73811700000000002
0.21862000000000001
-0.2074
0.308591
0.31830900000000001
1.89618
0.37783499999999998
0.36957200000000001
0.48574299999999998
-0.0092690099999999994
-1.25841
0.234099
0.81247100000000005
-0.27684900000000001
0.0355988
-0.57068799999999997
0.80371000000000004
-1.12297
0.32172800000000001
-0.15248300000000001
0.60004100000000005
0.264401
1.54328
-0.13846
-0.10202700000000001
0.63672200000000001
-0.26578299999999999
0.059191300000000002
0.46348600000000001
-0.233789
0.38076399999999999
-0.452878
-0.020306299999999999
-0.171651
-0.0060856199999999999
-0.37014900000000001
0.43031399999999997
-0.30911899999999998
-0.53478700000000001
0.062743400000000005
0.32577299999999998
-0.052878599999999998
0.59662899999999996
-0.0048962900000000002
-0.187751
1.43421
0.384376
0.52564299999999997
0.089777300000000004
-0.0134109
1.14842
-0.26047500000000001
-0.018829700000000001
0.22245799999999999
0.30815500000000001
0.318907
-0.072455800000000001
-0.37772299999999998
0.22641900000000001
-0.055770500000000001
-0.82740800000000003
-0.90425500000000003
0.29339399999999999
0.35314299999999998
-0.053108700000000002
0.43821399999999999
-0.088474700000000003
-2.12487
-0.16609099999999999
0.139706
0.058284999999999997
0.0686002
0.227074
-0.45609100000000002
0.271895
-0.64718299999999995
0.40880100000000003
0.44888299999999998
-0.029595799999999998
0.041890499999999997
0.86266100000000001
0.22528300000000001
-0.54063700000000003
-0.45277099999999998
-0.056491199999999998
-1.2832300000000001
-0.22365099999999999
-0.72922699999999996
0.45936700000000003
0.30513600000000002
1.43519
0.20818
0.104825
-0.28269100000000003
0.228237
-0.264214
-0.18727199999999999
0.18574099999999999
0.31312200000000001
-0.063687300000000002
1.1144400000000001
0.59669499999999998
0.0099434499999999995
0.38931199999999999
0.0041899600000000004
0.41279300000000002
0.28691299999999997
0.46227000000000001
0.12268900000000001
0.16791700000000001
-0.74387899999999996
0.28891299999999998
0.56528400000000001
-0.206342
0.231823
0.60943700000000001
0.57894900000000005
0.841059
0.089872400000000005
0.15618899999999999
-1.5355099999999999
-0.39816000000000001
-0.66652599999999995
-0.31940299999999999
0.18698899999999999
-0.47139900000000001
0.27612900000000001
0.36715300000000001
-0.26381399999999999
0.071927000000000005
0.44914100000000001
-0.28311900000000001
-0.76043700000000003
0.32015399999999999
0.038721600000000002
1.8837299999999999
0.092335899999999999
-0.18288499999999999
0.330843
-0.182778
-0.19937299999999999
0.43940099999999999
0.30374699999999999
-0.47201700000000002
0.11033800000000001
0.15742400000000001
0.36479600000000001
-0.62338899999999997
0.11292099999999999
0.27297199999999999
-0.0099324099999999992
-0.048091700000000001
-1.23106
-0.034232600000000002
0.14415500000000001
0.95532600000000001
0.28808499999999998
-0.0140336
0.21557000000000001
0.00145038
0.44345600000000002
-0.37153999999999998
-0.26494200000000001
0.030987199999999999
0.18606500000000001
0.75166100000000002
0.790821
0.0066565799999999996
-0.0035592699999999998
-0.12503500000000001
0.220613
0.32915899999999998
-0.97968200000000005
-0.053527699999999998
-0.0446784
0.37620100000000001
0.201075
0.22428799999999999
0.16785800000000001
-0.045887999999999998
-0.56394699999999998
0.41022700000000001
-0.273752
0.40042499999999998
0.068543499999999993
0.34496900000000003
-0.294041
-0.20764299999999999
0.032469699999999997
-0.079611199999999993
0.88884799999999997
0.44303900000000002
0.54475399999999996
0.480574
-0.097598900000000002
0.63327299999999997
-0.248776
1.2966299999999999
0.53687200000000002
0.0044266100000000001
-0.75454600000000005
-0.35494999999999999
-0.64901500000000001
0.11486300000000001
-0.108151
-0.96362099999999995
-0.048011999999999999
0.304817
0.107164
0.15860199999999999
0.060485400000000002
0.27593699999999999
0.57402699999999995
0.12020699999999999
0.225629
-1.3222700000000001
0.28051700000000002
-0.62934900000000005
-0.16773099999999999
-0.109955
-1.67516
-0.67646399999999995
0.53782099999999999
-0.22440599999999999
0.121517
1.66832
-0.12479
0.75691699999999995
0.372168
-0.18170800000000001
-0.016826299999999999
-0.32594299999999998
0.64565600000000001
-0.313108
0.27454899999999999
0.120742
-0.28370699999999999
-0.64442600000000005
-0.099644300000000005
-0.042776799999999997
-1.12544
-0.0065504999999999999
0.64801399999999998
-0.60836100000000004
0.028767600000000001
-0.102063
0.011498700000000001
0.107848
-0.0113554
-0.27940999999999999
-0.81795600000000002
-0.051428000000000001
-2.5046200000000001
0.40425
0.33304499999999998
-0.47927399999999998
0.086706400000000003
-0.18879699999999999
0.25650200000000001
0.16712199999999999
1.2188399999999999
0.52442699999999998
-0.11598600000000001
0.0183135
-0.201375
-0.36665399999999998
0.0653194
-0.033641900000000002
0.19689999999999999
0.10564999999999999
0.0042599300000000003
0.78316200000000002
-0.99512
-0.145264
-0.016557499999999999
1.45319
0.85800799999999999
1.1472
0.20371500000000001
-0.11759500000000001
1.3370500000000001
-0.396702
0.33543600000000001
-0.34002700000000002
0.17169400000000001
0.80556000000000005
0.60586099999999998
-0.43651800000000002
0.42284899999999997
-0.242343
-0.030937699999999999
0.68794500000000003
-1.0395300000000001
0.27429999999999999
0.24181
-1.5222100000000001
-0.122803
-0.35369400000000001
0.22992699999999999
-0.31388700000000003
0.98605200000000004
0.46686100000000003
0.48717500000000002
-0.43932700000000002
0.485294
-0.66244499999999995
-0.75794899999999998
-0.041584900000000001
0.0478501
0.22503500000000001
-0.34906100000000001
-0.115976
-0.56098999999999999
0.082836099999999996
0.071035299999999996
-0.56010300000000002
-0.034038899999999997
-0.85030300000000003
-0.35395799999999999
-0.152474
-0.31832500000000002
0.295321
0.094297000000000006
-0.15290599999999999
-0.370388
0.084505899999999995
-0.215056
-0.066280800000000001
0.231657
0.043910600000000001
0.583036
-0.018703000000000001
0.30643199999999998
0.71094400000000002
-0.121443
0.58570500000000003
0.446689
0.90985099999999997
0.55613500000000005
-0.56763300000000005
-0.99579399999999996
-0.85649600000000004
0.15944800000000001
-0.308502
0.50086900000000001
0.46126699999999998
0.073611599999999999
-0.892598
0.36546200000000001
-0.00074844699999999996
0.15018400000000001
0.34838999999999998
-0.28981699999999999
-0.44746999999999998
0.11366
-0.51913799999999999
0.430755
-0.31679800000000002
-0.0954121
-0.066391500000000006
-0.053763999999999999
-0.51650799999999997
-0.046149099999999998
0.34393600000000002
-0.069145399999999996
0.19699700000000001
-0.028756199999999999
0.54924099999999998
-0.11241900000000001
-0.44309900000000002
-0.31398700000000002
-0.063992400000000005
-0.43055700000000002
-0.13517499999999999
-0.16389100000000001
0.79033799999999998
-0.35528500000000002
-0.358122
0.46258100000000002
0.131771
0.583731
-0.17425199999999999
-0.92960900000000002
0.24189099999999999
0.13881199999999999
0.95436200000000004
-0.31062600000000001
1.43801
-0.188445
0.056376799999999998
-0.41570000000000001
-0.37785099999999999
-0.59801700000000002
-0.15779499999999999
-0.208451
-1.57765
-0.49240899999999999
-1.82375
0.22575300000000001
0.25225500000000001
0.52983599999999997
-0.880135
0.42450700000000002
0.39717200000000003
0.20981
-1.01346
0.138961
0.10394100000000001
0.202406
0.190743
-0.089486099999999999
0.36654999999999999
-0.22362699999999999
0.019817499999999998
-0.029955499999999999
0.63038400000000006
0.34323199999999998
0.22960700000000001
0.45989099999999999
0.154975
0.40913300000000002
-0.33518799999999999
-0.35092899999999999
0.55225999999999997
0.15560599999999999
-0.173625
-0.21318999999999999
-0.40483000000000002
-0.20006599999999999
-0.61694800000000005
-0.22334499999999999
0.045379299999999997
0.66606500000000002
0.13922699999999999
-0.079603900000000005
-1.0066600000000001
-0.600356
-0.65568400000000004
0.084836599999999998
-0.00301367
0.15698000000000001
-0.38314300000000001
-0.72234299999999996
-0.030155100000000001
-0.102158
-0.60319999999999996
-0.578955
-0.23447000000000001
0.24723200000000001
0.12403699999999999
-0.49417499999999998
-0.13719000000000001
-0.078987699999999994
-0.59498099999999998
-0.0124907
-0.99297100000000005
0.161166
1.07304
-0.121894
0.095633499999999996
0.97984800000000005
-0.10362399999999999
-0.66954499999999995
-0.41687099999999999
0.198489
-0.461646
0.17791999999999999
-0.79048099999999999
0.055740600000000001
-0.32894400000000001
-0.66839099999999996
0.026136699999999999
-1.1375999999999999
-0.082362299999999999
0.182307
0.51330699999999996
0.25445400000000001
-0.409937
0.28652699999999998
-0.19533900000000001
0.95809
0.57918199999999997
0.63220600000000005
0.0190292
0.102857
0.64848099999999997
0.60327299999999995
1.5929
-0.11164399999999999
0.52461999999999998
-0.94338900000000003
0.37717800000000001
0.52832800000000002
0.11951000000000001
0.0100298
-1.3460099999999999
0.116437
-0.35340899999999997
0.71057400000000004
0.112024
-0.67913100000000004
-0.45339299999999999
-1.1764399999999999
-0.24398600000000001
0.13547699999999999
-1.3677699999999999
-0.44370599999999999
0.65870799999999996
0.20947199999999999
0.35332799999999998
0.144455
0.802369
0.073297399999999999
-0.21848799999999999
-0.25809799999999999
-0.458256
-0.082944699999999996
0.035715200000000003
-0.00070671799999999995
0.26607599999999998
-0.32606800000000002
0.066211599999999995
0.19692200000000001
0.28564899999999999
-0.097397700000000004
0.70696099999999995
-0.096601199999999998
0.10704900000000001
0.270036
0.149142
0.59266399999999997
0.26152799999999998
0.027996400000000001
-0.0064560900000000003
-0.19545799999999999
-0.055782100000000001
0.233706
-0.58316299999999999
-0.32312600000000002
-0.030158500000000001
-0.76314899999999997
0.093651799999999993
-0.479348
-0.144926
0.101855
-0.64660499999999999
-0.64135799999999998
0.45000400000000002
-0.30549100000000001
-0.040094499999999998
0.103339
0.0322939
0.084819900000000004
-0.48108200000000001
0.026852899999999999
-0.81300099999999997
0.315052
-0.033790100000000003
0.33908300000000002
-0.0111045
0.36866599999999999
0.59668399999999999
-0.430058
0.31853999999999999
-0.137267
1.99251
0.19359399999999999
-0.491367
-0.049651800000000003
0.216618
0.55286400000000002
0.49670700000000001
1.9655199999999999
-0.21137900000000001
0.132911
-1.34989
-0.331455
0.40685500000000002
-0.105794
-0.0040883200000000003
0.15809100000000001
-0.21783
-0.68493800000000005
0.0081927700000000003
0.0080950799999999993
-0.17575199999999999
0.51640399999999997
0.53981000000000001
-0.073707300000000003
0.153444
-0.66654000000000002
0.22281000000000001
0.27780500000000002
-0.023333199999999998
0.0505935
0.38476300000000002
0.456451
0.97161600000000004
0.18104600000000001
-0.074415700000000001
-1.0177
-0.38281999999999999
-1.1210899999999999
0.353543
-0.22781799999999999
0.50056999999999996
-0.20228199999999999
-0.25870100000000001
0.0082633299999999993
0.071824899999999997
0.58738800000000002
0.137347
-0.153664
0.037251399999999997
0.43370399999999998
0.46442099999999997
-0.028403100000000001
0.65332299999999999
0.17403299999999999
-0.022035599999999999
-0.98525799999999997
0.52609399999999995
0.94338599999999995
0.59831699999999999
0.126606
0.151611
-0.226164
-1.01179
-0.31401899999999999
0.40525899999999998
0.78004399999999996
-0.23194500000000001
-0.61335300000000004
0.050756599999999999
0.23382
-1.0012300000000001
0.039910599999999997
0.85156399999999999
-0.29235899999999998
-0.130551
0.20435500000000001
-0.35216599999999998
-1.1902200000000001
0.67287200000000003
0.27610899999999999
-0.17338700000000001
0.44418000000000002
0.222333
-0.0557577
-0.0051467400000000003
-0.072414800000000001
-0.42512499999999998
0.795346
-0.45815899999999998
-0.52613399999999999
1.4915799999999999
0.352495
-0.051798400000000001
0.545543
-0.25053599999999998
0.50724400000000003
0.112405
0.952237
0.56579400000000002
-0.0024222900000000001
0.459374
0.40182800000000002
0.58296700000000001
-0.101548
-0.16928000000000001
-0.0080435899999999998
-0.84241299999999997
0.196324
0.28726400000000002
-0.031283199999999997
-0.46498400000000001
-0.103489
-0.64911200000000002
-0.013832799999999999
-0.068195000000000006
-0.18954699999999999
0.45194099999999998
0.37670300000000001
-0.13758200000000001
0.19273199999999999
-0.107018
-0.116953
-0.32768399999999998
0.16298599999999999
0.25046800000000002
-1.1061300000000001
-0.024797799999999998
1.1271800000000001
-0.12564
-0.129356
0.55582500000000001
0.85030399999999995
1.2946899999999999
0.13458800000000001
0.053951100000000002
-0.86876399999999998
-0.012915599999999999
0.61408799999999997
0.45440399999999997
-0.072624499999999995
-1.08697
0.045903300000000001
0.98049299999999995
0.232603
-0.074428999999999995
0.59136500000000003
0.086638300000000001
0.57369599999999998
-0.0112362
-0.046941200000000002
-0.141041
-0.331262
0.222189
0.214947
0.32103900000000002
-0.53912499999999997
0.20932500000000001
0.495784
0.069724099999999997
0.063129400000000002
0.015935700000000001
-0.150199
-0.75690900000000005
0.042346300000000003
0.064668500000000004
-0.049048899999999999
0.14946799999999999
-0.129472
-0.13514100000000001
-0.055045700000000003
-0.33632499999999999
0.84661699999999995
1.0036
-0.086413900000000002
-0.041418999999999997
0.54527099999999995
0.45824199999999998
-2.1256300000000001
0.30498900000000001
0.64697899999999997
-0.18215999999999999
-0.29428199999999999
-0.23572199999999999
1.0000899999999999
-0.23066700000000001
0.31084899999999999
-0.39599000000000001
-0.98211099999999996
-0.011170100000000001
0.149454
-0.101911
0.062407600000000001
0.43692700000000001
0.201988
-0.21632299999999999
1.59989
0.24049899999999999
0.30702699999999999
-0.365701
-0.132052
0.358568
0.296846
-0.88222699999999998
-0.0480217
-0.246111
0.29530499999999998
-0.14115800000000001
-0.97778799999999999
0.32087700000000002
-0.088598200000000002
-0.444521
-0.346138
-1.02234
0.060751199999999998
0.0037208200000000001
1.68018
0.38160699999999997
0.85682899999999995
-0.055618300000000002
-0.034454499999999999
0.43368899999999999
0.55460500000000001
-0.43796499999999999
0.21237600000000001
-0.059056400000000002
-0.42170999999999997
-0.60463800000000001
-0.78346000000000005
-0.21376100000000001
-0.103975
1.02661
0.122378
-1.32725
0.17604400000000001
-0.0126575
-1.02105
-0.85580999999999996
-0.50058000000000002
0.42939699999999997
-0.070982900000000002
1.5034799999999999
-0.429892
0.10534200000000001
0.073289599999999996
-0.0612452
-1.41083
0.28983100000000001
0.52368599999999998
0.094051999999999997
0.069743600000000003
-0.188162
0.37862899999999999
0.52918399999999999
0.41746499999999997
-0.37491799999999997
-0.240565
-0.42236400000000002
0.28718500000000002
0.123546
0.24812100000000001
-0.29783300000000001
-0.024898699999999999
0.67650999999999994
0.052668600000000003
-0.025274399999999999
-1.0321100000000001
0.072009100000000006
-1.0762400000000001
-0.54701500000000003
0.069433900000000007
0.35227000000000003
0.39130599999999999
0.17733099999999999
-0.806558
0.100596
-0.28643800000000003
-0.069764900000000005
0.660941
0.13130900000000001
-0.61742300000000006
-0.56533299999999997
0.041404400000000001
-0.25261499999999998
0.063752500000000004
-0.21820200000000001
-0.96114900000000003
0.041383099999999999
-1.40842
0.26212099999999999
-0.108262
0.84566699999999995
-0.56253799999999998
-0.22878100000000001
0.25288300000000002
0.14169599999999999
-0.333096
0.15995200000000001
-1.0945199999999999
-0.087839799999999996
0.27324500000000002
-0.631077
0.45023099999999999
0.92937800000000004
0.54393599999999998
-0.15667
-0.45042300000000002
-0.67908599999999997
-0.53986599999999996
-0.41726200000000002
0.073948600000000003
1.3777999999999999
-0.73743599999999998
0.097808699999999998
-0.23116700000000001
0.097032599999999997
-0.130167
-0.034716900000000002
0.20924499999999999
0.076827199999999998
0.097397899999999996
0.030304299999999999
0.030082500000000002
-0.41013699999999997
0.31875500000000001
0.17693700000000001
-0.62197800000000003
0.19714499999999999
0.299344
0.31944
0.15701399999999999
0.20169599999999999
-0.280804
-0.082152600000000006
0.17305599999999999
-0.013546600000000001
0.33084200000000002
0.074338100000000004
0.79679900000000004
0.044973699999999998
0.110931
0.14038500000000001
-0.30833100000000002
-0.25296800000000003
-0.062058599999999998
0.090034900000000001
-0.25744699999999998
0.34910999999999998
-1.3015099999999999
0.23602300000000001
-0.30287999999999998
-0.64575099999999996
0.197436
-0.49165399999999998
-0.18524499999999999
0.099960800000000002
-0.70682400000000001
-0.381878
1.0151600000000001
-0.15915599999999999
-0.046529300000000003
0.037290700000000003
-0.49268400000000001
-0.383492
-0.55620400000000003
0.0122107
0.96573100000000001
0.40783199999999997
0.39053500000000002
-0.178176
-0.132053
-1.11815
-0.57953200000000005
-0.48080400000000001
-0.023593099999999999
0.15679799999999999
0.29013899999999998
0.18837699999999999
0.27659600000000001
0.0236233
0.122251
-0.67272600000000005
0.19531499999999999
0.067430599999999993
-0.350665
-0.10424899999999999
0.35799599999999998
-0.45941700000000002
-0.732321
0.24862500000000001
-0.090657100000000004
1.4732499999999999
0.225879
-0.068160899999999996
-0.30094700000000002
0.035767800000000002
0.83198399999999995
-0.0028735000000000002
-0.922906
-0.50353300000000001
0.136627
1.2825
0.0999144
0.98390699999999998
0.037031599999999998
-0.069922600000000001
-0.36990600000000001
-0.45999699999999999
0.47197800000000001
0.32308300000000001
0.129415
-0.00101826
0.39849299999999999
0.13634299999999999
-0.14865999999999999
-0.119074
0.71227600000000002
-0.134434
-0.42132799999999998
0.14260200000000001
-0.023611500000000001
-0.0030198600000000001
-0.017349
-1.3834599999999999
-0.065207399999999999
0.27779900000000002
0.177671
-0.38461699999999999
0.42183999999999999
0.12102499999999999
0.070292599999999997
0.100774
-0.23971899999999999
0.57673099999999999
-0.132466
0.15041399999999999
0.40895399999999998
0.0178649
1.0453699999999999
-0.29946600000000001
0.0042985499999999999
1.0821400000000001
0.45431500000000002
0.16662399999999999
0.13486999999999999
-0.28125099999999997
-1.1462699999999999
-0.25763900000000001
0.431643
0.16426299999999999
0.085180199999999998
0.116189
-0.15246699999999999
0.84313700000000003
-0.121514
-0.107553
-0.54576199999999997
-0.0063110400000000004
0.61284799999999995
0.0217352
-0.058076099999999999
1.4227300000000001
-0.94037000000000004
-1.06185
0.025269400000000001
0.53628399999999998
-0.12667600000000001
0.0068685400000000002
0.25693500000000002
-0.54053600000000002
0.22053500000000001
0.279229
0.36333799999999999
0.42479299999999998
-0.29962299999999997
-0.095956100000000003
0.75698200000000004
0.188918
-0.62766699999999997
0.0374788
0.039997900000000003
-0.32381900000000002
0.47556999999999999
0.42911100000000002
-0.0093297299999999996
-0.35383599999999998
-0.469941
-0.60578799999999999
0.32849800000000001
0.228605
0.108435
1.1544099999999999
-0.30479099999999998
-0.70458799999999999
-0.50144900000000003
-0.27236500000000002
-0.0109158
-0.40374599999999999
-0.43298500000000001
-0.472916
0.47536800000000001
-0.069716399999999998
0.040508200000000001
-0.36798799999999998
0.046590399999999997
-0.15065899999999999
-1.59981
0.013942100000000001
-0.115106
0.35677599999999998
-0.25873600000000002
0.101344
-0.384552
-0.50954600000000005
0.251276
-0.075722399999999995
-1.32152
-0.13839599999999999
0.23535600000000001
0.0092041199999999997
0.11745899999999999
-0.80265900000000001
-0.46368500000000001
-0.55452500000000005
-0.46282400000000001
0.48887000000000003
0.173847
0.097908700000000001
0.058001700000000003
0.59549600000000003
-0.20366200000000001
-0.190803
-0.49633300000000002
-0.18248300000000001
0.0129861
-0.135987
-1.07979
-0.252467
1.04305
0.32015199999999999
0.29432599999999998
0.070320400000000005
-0.60015399999999997
-0.50681200000000004
-0.063784800000000003
-0.125218
0.72110600000000002
0.52802800000000005
0.77349500000000004
-0.69903300000000002
0.029910599999999999
0.61372899999999997
-0.203545
-0.36233300000000002
-0.099830500000000003
-0.149452
0.21723100000000001
0.74411000000000005
-0.31047999999999998
-0.19759599999999999
0.11527
1.00779
0.517181
-0.069391599999999998
0.101823
-0.124213
-0.049563500000000003
-0.214646
-0.28802100000000003
-0.433199
0.19725799999999999
-1.77427
0.26164199999999999
2.1843699999999999
-0.054571799999999997
0.052906099999999998
-0.45846799999999999
-0.47625000000000001
-0.58681399999999995
0.11947000000000001
0.13450000000000001
-0.43059900000000001
-0.19886100000000001
-1.71627
-0.37271300000000002
0.065412999999999999
0.93068499999999998
-0.41376299999999999
0.18804899999999999
0.48966900000000002
-0.019343800000000001
0.56934200000000001
0.247304
0.119668
-0.18706999999999999
0.20882600000000001
-0.19060299999999999
0.561172
0.67028799999999999
-0.11509
-0.102801
-0.47102300000000003
-0.38567800000000002
0.45507300000000001
0.11053300000000001
0.29925800000000002
0.32013200000000003
0.33534399999999998
0.18709899999999999
-0.22765299999999999
-0.249225
-0.088574200000000006
-0.183948
-1.0499000000000001
-0.27122299999999999
-0.088206599999999996
-0.37465300000000001
0.16744800000000001
-0.88417000000000001
0.13417100000000001
0.13009799999999999
0.52052100000000001
0.25527899999999998
-0.51356100000000005
-0.15310099999999999
0.122498
-1.0618399999999999
-0.34168599999999999
0.12246600000000001
0.019140799999999999
0.0204827
-0.27074199999999998
0.43422100000000002
-0.28969899999999998
-0.19931599999999999
-0.085588200000000003
0.97082400000000002
-0.60908499999999999
-0.77223299999999995
-0.081783700000000001
0.28366799999999998
0.208228
-0.073734800000000003
-0.10047
0.21518300000000001
0.15573400000000001
0.119244
0.32062200000000002
-0.19466900000000001
0.16256499999999999
-0.054286300000000003
-0.14724899999999999
0.68532499999999996
0.64023099999999999
0.20094400000000001
0.43675999999999998
-0.96706300000000001
0.211393
0.34560200000000002
-0.22686799999999999
0.326096
0.093293200000000007
-0.36084899999999998
-0.40573199999999998
-0.66026899999999999
0.0147679
0.35779100000000003
0.027654499999999999
0.14943500000000001
-0.33264500000000002
0.140512
0.76686100000000001
0.0528181
0.27002700000000002
-0.019001799999999999
0.0012147200000000001
-1.50526
0.062784699999999999
-0.248422
0.129353
0.0093522699999999993
0.625166
-0.0098860100000000006
0.42604500000000001
-0.15639500000000001
-0.26014599999999999
0.73899099999999995
-0.024512599999999999
1.75434
0.10649400000000001
-0.0108953
-0.77179299999999995
0.22628000000000001
0.0046761399999999996
-0.23508999999999999
0.099969299999999997
0.033136600000000002
-0.28746500000000003
0.84425600000000001
-0.144119
0.115924
-0.880907
-0.044160199999999997
0.076892500000000003
0.125943
0.0569104
0.16319900000000001
-0.769872
0.98877599999999999
-0.24803900000000001
0.094397200000000001
0.48860599999999998
0.702955
0.52706699999999995
-0.52856800000000004
0.11787400000000001
-0.14688799999999999
-0.121298
0.48400900000000002
0.39446900000000001
0.13484099999999999
0.239873
0.59887100000000004
-0.193749
0.43005599999999999
0.28482800000000003
-0.43901899999999999
-0.42943799999999999
-0.23005200000000001
-0.27516600000000002
0.25584099999999999
0.71227300000000004
-0.62668599999999997
-0.69790300000000005
-0.063151899999999997
-0.34410600000000002
-0.058469800000000002
0.014100700000000001
-0.254386
0.23336699999999999
-0.11157599999999999
-1.94357
0.10818899999999999
1.3387199999999999
0.28391100000000002
0.228598
-0.30563400000000002
-0.072995199999999996
1.33958
0.085023000000000001
-0.074236800000000006
1.08273
-0.118132
0.36647099999999999
-0.32719999999999999
0.024138799999999998
1.0734900000000001
0.23017699999999999
1.8980699999999999
-0.112913
0.155421
-0.193104
0.261681
0.101657
0.22295699999999999
-0.24318999999999999
0.16472200000000001
0.54984
1.61609
0.057557499999999998
-0.34598299999999998
-0.860205
0.410524
-1.9280200000000001
-0.12163400000000001
0.13644300000000001
-1.0309600000000001
0.44622099999999998
-1.02173
0.137737
-0.076740600000000006
-0.26291300000000001
-0.42017100000000002
-0.12832399999999999
-0.144063
-0.15162200000000001
-0.67361400000000005
1.1550499999999999
0.764571
-0.170846
0.0086524099999999993
-0.306838
-0.039612799999999997
0.92646799999999996
-0.54509200000000002
-0.189917
1.6742699999999999
-0.13930899999999999
0.69806199999999996
0.35342600000000002
0.0256476
-1.22271
-0.703789
-0.13761000000000001
-0.19625000000000001
-0.11366
-0.16922799999999999
0.21091699999999999
-0.86342099999999999
-0.42217500000000002
-0.126109
2.1362800000000002
-0.071002999999999997
0.028548
-0.031972399999999998
-0.27191700000000002
0.68569500000000005
-0.083961800000000003
0.13886999999999999
-0.101685
-0.145869
0.30736599999999997
-0.35038399999999997
-1.4666300000000001
0.018828899999999999
-0.16659399999999999
-0.46076600000000001
-0.63756199999999996
0.297288
0.16603899999999999
-0.36360799999999999
-0.19173100000000001
0.31940200000000002
1.06694
-0.467642
-0.068900799999999998
1.03915
0.184058
-0.62637200000000004
-0.060210899999999998
0.047641099999999999
1.3794299999999999
-0.050209299999999998
2.1152299999999999
-0.237209
0.17829400000000001
-0.11426699999999999
0.030381200000000001
0.846665
-0.50611099999999998
0.25877
0.48157
-0.74460899999999997
-0.67881899999999995
-0.79976499999999995
-0.061386799999999998
0.56732800000000005
-0.65259699999999998
-0.16894000000000001
-0.19391700000000001
0.262351
1.38262
0.208006
-0.36423299999999997
-0.55367500000000003
0.0046069800000000001
-0.37805800000000001
0.45357799999999998
0.589198
0.170488
0.020330600000000001
-0.50396799999999997
-0.025916499999999999
0.25454399999999999
0.15867300000000001
0.089546100000000003
-0.89430900000000002
-0.26239699999999999
-0.37418600000000002
0.70967000000000002
-0.10052700000000001
1.21316
-0.044745600000000003
0.100575
0.19361700000000001
-0.19747700000000001
0.75950200000000001
-0.147483
1.30721
0.23102800000000001
-0.12936
-0.098373500000000003
0.036549900000000003
0.50059100000000001
-0.33502300000000002
-0.037807800000000003
-0.46797800000000001
0.047555800000000002
0.26386199999999999
0.39838400000000002
0.10158399999999999
0.18101200000000001
0.20536199999999999
0.134467
0.50764100000000001
0.033757599999999999
1.7744899999999999
0.240568
0.89097499999999996
-0.21507899999999999
-0.076281299999999996
-1.2142500000000001
-0.24949299999999999
-0.83618599999999998
0.51924599999999999
0.243696
-0.94566700000000004
0.13050899999999999
1.3233699999999999
0.19053500000000001
0.12784000000000001
-0.94692500000000002
0.074365000000000001
-0.24468400000000001
0.15920500000000001
-0.334816
0.353856
0.59010300000000004
-1.1198600000000001
-0.51781500000000003
0.030447700000000001
-0.76012000000000002
-0.58266799999999996
0.123435
-0.0069363200000000002
-0.13936399999999999
-0.104851
-0.53135100000000002
-0.93273099999999998
-0.20172599999999999
0.025019599999999999
-0.156643
-0.035326799999999998
-1.0509200000000001
-0.0246421
-0.14383299999999999
0.73947399999999996
-0.43177199999999999
-0.0192061
0.15187800000000001
-0.039683400000000001
-0.0071619500000000003
-0.30320399999999997
0.35347299999999998
0.13092899999999999
-0.198182
-0.21128
0.328316
0.56810499999999997
0.39863300000000002
0.043950400000000001
-0.36997200000000002
-0.50415900000000002
-0.64254800000000001
0.260042
-0.022326499999999999
-0.28540399999999999
-0.45233099999999998
0.92065399999999997
-0.0210796
-0.41425200000000001
-0.17335400000000001
-0.24790000000000001
-1.07683
0.46713900000000003
0.31626900000000002
-1.2246600000000001
-0.72437600000000002
-2.1638899999999999
0.28313899999999997
-0.0053565000000000002
-0.25080400000000003
-0.35911900000000002
-0.26267099999999999
0.18393699999999999
0.24221500000000001
0.59869899999999998
-0.33608500000000002
-0.79617700000000002
0.28962399999999999
-0.18432000000000001
0.636544
-0.300815
-0.33118999999999998
0.28548699999999999
0.14485700000000001
0.83964899999999998
0.095957299999999995
-0.41047099999999997
0.37024400000000002
0.061853900000000003
1.0356399999999999
0.25795000000000001
0.74663299999999999
0.25917400000000002
0.027361300000000002
-0.248359
0.021191399999999999
0.17457500000000001
0.52028099999999999
-0.065896399999999994
-0.628718
-0.17868300000000001
-1.9306399999999999
-0.14379600000000001
0.49284299999999998
0.22994600000000001
0.082596500000000003
0.62480500000000005
0.033940999999999999
0.12846399999999999
-0.68276999999999999
-0.14113700000000001
0.85272300000000001
-0.15878300000000001
-0.21482999999999999
-0.269955
-0.45033400000000001
-0.33314199999999999
0.49201400000000001
-0.086958800000000003
0.81664999999999999
-0.15832599999999999
2.42631
-0.0480031
-0.112652
-0.61950499999999997
0.058105900000000002
-0.120032
-0.30315300000000001
0.110957
0.412277
0.18281900000000001
-1.84111
-0.33939200000000003
-0.262548
0.69797600000000004
0.29270400000000002
1.18875
0.024326899999999999
-0.17300099999999999
0.052620199999999999
-0.124502
-0.77315400000000001
0.075491900000000001
-0.019691
0.246945
0.37614900000000001
-1.7994000000000001
-0.48401699999999998
0.14735400000000001
-0.498305
0.12906999999999999
-1.1682600000000001
-0.28976800000000003
0.18321399999999999
0.83310399999999996
-0.51802899999999996
-0.72784400000000005
0.00243422
-0.144618
-0.44329200000000002
-0.57674999999999998
-0.54864599999999997
-0.204485
-0.29478599999999999
-0.34481699999999998
-0.17416200000000001
-0.046947599999999999
-0.61313200000000001
0.16552
-0.51006600000000002
0.211613
-0.98596099999999998
0.201706
0.122152
0.0052921699999999997
-0.278499
0.15718099999999999
0.16023299999999999
-0.042197499999999999
-0.22268199999999999
-0.28879899999999997
-0.71624200000000005
-0.31706499999999999
0.098319900000000002
0.40159299999999998
0.27560200000000001
0.49252499999999999
0.15173500000000001
0.20272899999999999
0.34483799999999998
-0.65646800000000005
0.62605200000000005
-0.077527299999999993
-0.35926900000000001
-0.55652400000000002
-0.0036994200000000001
-0.032519800000000001
0.58433100000000004
0.18554000000000001
0.120368
-0.210004
-0.96075999999999995
-0.41499599999999998
-0.18038299999999999
-0.144178
0.086796499999999999
-0.42888999999999999
0.319934
-0.77693900000000005
-0.122491
-0.085074999999999998
-1.7484299999999999
-1.0213399999999999
-0.068294400000000005
0.28054899999999999
0.25325799999999998
0.22168299999999999
-0.31787799999999999
-0.0096332499999999995
1.55769
-0.51305699999999999
-0.74568999999999996
0.094955800000000007
-0.14658099999999999
0.063942499999999999
-0.44787500000000002
-0.98866500000000002
0.091077099999999994
-0.058805499999999997
-0.36807000000000001
-0.40035100000000001
-0.73441699999999999
-0.40794999999999998
-0.0974048
-0.49730099999999999
-0.030333599999999999
-1.9166399999999999
0.079191200000000003
-0.059166900000000001
1.3876900000000001
-0.39218900000000001
-0.19703499999999999
0.11404599999999999
-0.426012
-1.57857
0.24457499999999999
-0.84340700000000002
-0.35100399999999998
0.23643700000000001
-1.3158799999999999
-0.082367499999999996
-1.2381
-0.241728
-0.57635499999999995
0.99186399999999997
0.27391900000000002
-0.77880700000000003
0.072062299999999996
0.049156999999999999
-0.38098900000000002
0.35225200000000001
-0.71997199999999995
-0.397289
-0.029805499999999999
0.57986499999999996
0.0100628
1.3522799999999999
0.25363599999999997
-0.021660499999999999
-1.51214
0.21807000000000001
-1.14635
-0.60952200000000001
0.182648
-0.62433700000000003
0.026665600000000001
0.24799599999999999
0.20214499999999999
-0.14562800000000001
0.788493
0.34050999999999998
-0.32716800000000001
-0.220746
0.101268
-0.389237
0.074761599999999998
-0.36995
-0.012001100000000001
0.0223304
0.25728000000000001
0.56284800000000001
1.50115
-0.10600800000000001
-0.16902300000000001
0.020867699999999999
-0.58060199999999995
0.071482000000000004
-0.23540700000000001
-0.21191199999999999
-0.29837900000000001
-0.13225600000000001
-1.65889
0.10286099999999999
-0.038725599999999999
-1.01606
-0.0633552
-0.59290399999999999
0.170211
0.044117999999999997
0.50631199999999998
-0.17646800000000001
-1.0746199999999999
-0.12039999999999999
-0.28701399999999999
-2.37765
0.0149877
-1.5836399999999999
0.26712900000000001
-0.29332900000000001
0.44056499999999998
-0.19437199999999999
0.204897
-0.0110654
-0.17358699999999999
0.752077
-0.169548
-0.19265399999999999
0.045409699999999997
0.22301499999999999
1.88026
0.25813700000000001
0.88861400000000001
0.783165
0.109323
-0.031336200000000002
0.14593700000000001
-0.143875
-0.267235
0.126497
-0.417128
0.100365
0.35359800000000002
0.59051299999999995
-0.046824400000000002
-0.13935
0.137133
0.190831
0.33949000000000001
-0.36462800000000001
-0.26923000000000002
-0.10868800000000001
0.28994700000000001
0.16009399999999999
0.37259399999999998
0.603155
0.32709100000000002
0.37158000000000002
0.0331814
-0.36574699999999999
0.32328000000000001
0.15351200000000001
-0.75705599999999995
0.39838499999999999
-0.114875
-0.58245199999999997
-0.62665800000000005
-0.196656
-0.63232100000000002
0.0072055699999999997
0.67328600000000005
-0.048834099999999998
-0.21532699999999999
-0.049965599999999999
-0.086401000000000006
0.61648899999999995
0.25744499999999998
0.38269399999999998
0.47389300000000001
0.182758
-0.174237
0.16136
-0.529698
0.17647199999999999
