# timestamp_ms Rss_kB Anonymous_kB Filemapped_kB Shmem_kB
1785428560981 12520 8468 4052 0
1785428561053 12520 8468 4052 0
1785428561077 12520 8468 4052 0
1785428561101 12520 8468 4052 0
1785428561125 12520 8468 4052 0
1785428561151 12520 8468 4052 0
1785428561175 12520 8468 4052 0
1785428561199 12520 8468 4052 0
1785428561223 12520 8468 4052 0
1785428561247 12520 8468 4052 0
1785428561271 12520 8468 4052 0
1785428561294 12520 8468 4052 0
1785428561318 12520 8468 4052 0
1785428561342 12520 8468 4052 0
1785428561367 12520 8468 4052 0
1785428561391 12520 8468 4052 0
1785428561415 12520 8468 4052 0
1785428561438 12520 8468 4052 0
1785428561462 12520 8468 4052 0
1785428561486 12520 8468 4052 0
1785428561509 12520 8468 4052 0
1785428561533 12520 8468 4052 0
1785428561557 12520 8468 4052 0
1785428561581 12520 8468 4052 0
1785428561605 12520 8468 4052 0
1785428561629 12520 8468 4052 0
1785428561653 12520 8468 4052 0
1785428561676 12520 8468 4052 0
1785428561700 12520 8468 4052 0
1785428561724 12520 8468 4052 0
1785428561747 12520 8468 4052 0
1785428561770 12520 8468 4052 0
1785428561794 12520 8468 4052 0
1785428561817 12520 8468 4052 0
1785428561840 12520 8468 4052 0
1785428561864 12520 8468 4052 0
1785428561888 42092 37944 4148 0
1785428561950 69536 65388 4148 0
1785428562011 69536 65388 4148 0
1785428562034 89280 85112 4168 0
1785428562092 136932 132752 4180 0
1785428562155 183808 179604 4204 0
1785428562217 149888 145672 4216 0
1785428562240 149888 145672 4216 0
1785428562264 149888 145672 4216 0
1785428562287 187268 183048 4220 0
1785428562345 188420 184200 4220 0
1785428562391 188420 184200 4220 0
1785428562415 193028 188808 4220 0
1785428562475 193028 188808 4220 0
1785428562499 116304 111972 4332 0
1785428562522 129368 126788 2580 0
1785428562544 163820 161240 2580 0
1785428562570 197612 195032 2580 0
1785428562642 243020 240440 2580 0
1785428562722 289012 286432 2580 0
1785428562799 329604 325228 4376 0
1785428562871 330768 327292 3476 0
1785428562944 340776 333604 7172 0
1785428563025 340776 333604 7172 0
1785428563053 340776 333604 7172 0
1785428563081 340776 333604 7172 0
1785428563109 340776 333604 7172 0
1785428563137 340776 333604 7172 0
1785428563168 340776 333604 7172 0
1785428563195 342824 335652 7172 0
1785428563250 342824 335652 7172 0
1785428563313 342824 335652 7172 0
1785428563341 342824 335652 7172 0
1785428563370 342824 335652 7172 0
1785428563394 342824 335652 7172 0
1785428563418 342824 335652 7172 0
1785428563449 342824 335652 7172 0
1785428563478 342824 335652 7172 0
1785428563507 342824 335652 7172 0
1785428563536 343700 336532 7168 0
1785428563564 359084 351912 7172 0
1785428563642 359084 351912 7172 0
1785428563671 359084 351912 7172 0
1785428563700 359084 351912 7172 0
1785428563730 359084 351912 7172 0
1785428563756 361132 353960 7172 0
1785428563812 361132 353960 7172 0
1785428563840 361132 353960 7172 0
1785428563870 361132 353960 7172 0
1785428563899 361132 353960 7172 0
1785428563926 361132 353960 7172 0
1785428563950 361132 353960 7172 0
1785428563979 361132 353960 7172 0
1785428564007 363180 356008 7172 0
1785428564076 365228 358056 7172 0
1785428564130 365228 358056 7172 0
1785428564157 365228 358056 7172 0
1785428564186 365228 358056 7172 0
1785428564214 365228 358056 7172 0
1785428564242 365228 358056 7172 0
1785428564272 365228 358056 7172 0
1785428564300 365228 358056 7172 0
1785428564326 365228 358056 7172 0
1785428564349 365228 358056 7172 0
1785428564378 365228 358056 7172 0
1785428564407 367276 360104 7172 0
1785428564487 367276 360104 7172 0
1785428564516 367276 360104 7172 0
1785428564546 367276 360104 7172 0
1785428564575 367276 360104 7172 0
1785428564604 367276 360104 7172 0
1785428564632 367276 360104 7172 0
1785428564662 367276 360104 7172 0
1785428564689 367276 360104 7172 0
1785428564717 367276 360104 7172 0
1785428564745 367276 360104 7172 0
1785428564774 367276 360104 7172 0
1785428564804 367276 360104 7172 0
1785428564832 367276 360104 7172 0
1785428564860 367420 360248 7172 0
1785428564931 367896 360724 7172 0
1785428564981 368024 360852 7172 0
1785428565011 368068 360896 7172 0
1785428565068 368324 361152 7172 0
1785428565118 368324 361152 7172 0
1785428565175 368420 361248 7172 0
1785428565228 368420 361248 7172 0
1785428565256 368420 361248 7172 0
1785428565284 368420 361248 7172 0
1785428565311 368420 361248 7172 0
1785428565340 368420 361248 7172 0
1785428565369 368420 361248 7172 0
1785428565398 368420 361248 7172 0
1785428565427 368420 361248 7172 0
1785428565456 368420 361248 7172 0
1785428565484 368420 361248 7172 0
1785428565513 368420 361248 7172 0
1785428565542 368420 361248 7172 0
1785428565567 368420 361248 7172 0
1785428565598 368420 361248 7172 0
1785428565622 368420 361248 7172 0
1785428565651 368420 361248 7172 0
1785428565679 368420 361248 7172 0
1785428565707 368420 361248 7172 0
1785428565736 368420 361248 7172 0
1785428565763 368420 361248 7172 0
1785428565792 368420 361248 7172 0
1785428565821 368420 361248 7172 0
1785428565848 368420 361248 7172 0
1785428565875 368420 361248 7172 0
1785428565906 368420 361248 7172 0
1785428565937 368420 361248 7172 0
1785428565967 368420 361248 7172 0
1785428565995 368420 361248 7172 0
1785428566024 368420 361248 7172 0
1785428566051 368420 361248 7172 0
1785428566080 368420 361248 7172 0
1785428566108 368420 361248 7172 0
1785428566133 368420 361248 7172 0
1785428566162 368420 361248 7172 0
1785428566186 368420 361248 7172 0
1785428566215 368420 361248 7172 0
1785428566239 368420 361248 7172 0
1785428566267 368420 361248 7172 0
1785428566296 368420 361248 7172 0
1785428566321 368420 361248 7172 0
1785428566348 368420 361248 7172 0
1785428566377 368420 361248 7172 0
1785428566403 368420 361248 7172 0
1785428566432 368420 361248 7172 0
1785428566460 368420 361248 7172 0
1785428566490 368420 361248 7172 0
1785428566516 371088 363916 7172 0
1785428566582 371088 363916 7172 0
1785428566610 371088 363916 7172 0
1785428566638 376744 369572 7172 0
1785428566721 376744 369572 7172 0
1785428566750 376744 369572 7172 0
1785428566781 376744 369572 7172 0
1785428566810 376744 369572 7172 0
1785428566836 376744 369572 7172 0
1785428566865 376744 369572 7172 0
1785428566891 376744 369572 7172 0
1785428566918 376744 369572 7172 0
1785428566949 376744 369572 7172 0
1785428566977 376744 369572 7172 0
1785428567008 376744 369572 7172 0
1785428567035 376744 369572 7172 0
1785428567065 379048 371876 7172 0
1785428567142 379048 371876 7172 0
1785428567172 379048 371876 7172 0
1785428567198 379048 371876 7172 0
1785428567226 379048 371876 7172 0
1785428567255 379048 371876 7172 0
1785428567281 379048 371876 7172 0
1785428567312 379048 371876 7172 0
1785428567342 379048 371876 7172 0
1785428567371 379048 371876 7172 0
1785428567397 378904 371736 7168 0
1785428567427 379052 371880 7172 0
1785428567495 382076 374904 7172 0
1785428567550 432276 425104 7172 0
1785428567631 432276 425104 7172 0
1785428567657 432276 425104 7172 0
1785428567685 432276 425104 7172 0
1785428567711 432276 425104 7172 0
1785428567741 432276 425104 7172 0
1785428567766 432276 425104 7172 0
1785428567795 434324 427152 7172 0
1785428567853 434324 427152 7172 0
1785428567883 434324 427152 7172 0
1785428567913 434324 427152 7172 0
1785428567941 434324 427152 7172 0
1785428567970 434324 427152 7172 0
1785428568001 438420 431248 7172 0
1785428568076 438420 431248 7172 0
1785428568135 438420 431248 7172 0
1785428568163 438420 431248 7172 0
1785428568193 438420 431248 7172 0
1785428568223 440468 433296 7172 0
1785428568248 440468 433296 7172 0
1785428568305 440468 433296 7172 0
1785428568335 440468 433296 7172 0
1785428568364 440468 433296 7172 0
1785428568394 440468 433296 7172 0
1785428568417 442516 435344 7172 0
1785428568507 442516 435344 7172 0
1785428568537 442516 435344 7172 0
1785428568565 442516 435344 7172 0
1785428568590 442516 435344 7172 0
1785428568619 442516 435344 7172 0
1785428568650 444564 437392 7172 0
1785428568710 444564 437392 7172 0
1785428568735 444564 437392 7172 0
1785428568763 444564 437392 7172 0
1785428568791 444564 437392 7172 0
1785428568821 444564 437392 7172 0
1785428568851 446612 439440 7172 0
1785428568920 446612 439440 7172 0
1785428568951 446612 439440 7172 0
1785428568982 446612 439440 7172 0
1785428569013 452756 445584 7172 0
1785428569092 452756 445584 7172 0
1785428569123 452756 445584 7172 0
1785428569154 452756 445584 7172 0
1785428569182 452756 445584 7172 0
1785428569214 456852 449680 7172 0
1785428569273 456852 449680 7172 0
1785428569299 456852 449680 7172 0
1785428569323 456852 449680 7172 0
1785428569354 456852 449680 7172 0
1785428569382 456852 449680 7172 0
1785428569412 456852 449680 7172 0
1785428569438 456852 449680 7172 0
1785428569468 456852 449680 7172 0
1785428569494 458900 451728 7172 0
1785428569566 458900 451728 7172 0
1785428569592 458900 451728 7172 0
1785428569623 458900 451728 7172 0
1785428569651 458900 451728 7172 0
1785428569679 458900 451728 7172 0
1785428569708 458900 451728 7172 0
1785428569737 458900 451728 7172 0
1785428569767 462996 455824 7172 0
1785428569830 462996 455824 7172 0
1785428569862 462996 455824 7172 0
1785428569892 462996 455824 7172 0
1785428569918 462996 455824 7172 0
1785428569948 462996 455824 7172 0
1785428569977 462996 455824 7172 0
1785428570006 462996 455824 7172 0
1785428570032 462996 455824 7172 0
1785428570060 462996 455824 7172 0
1785428570090 465044 457872 7172 0
1785428570160 465044 457872 7172 0
1785428570185 465044 457872 7172 0
1785428570216 465044 457872 7172 0
1785428570242 465044 457872 7172 0
1785428570273 465044 457872 7172 0
1785428570303 465044 457872 7172 0
1785428570332 465044 457872 7172 0
1785428570359 467092 459920 7172 0
1785428570411 467092 459920 7172 0
1785428570438 467092 459920 7172 0
1785428570469 467092 459920 7172 0
1785428570498 467092 459920 7172 0
1785428570523 469140 461968 7172 0
1785428570599 469140 461968 7172 0
1785428570625 469140 461968 7172 0
1785428570656 469140 461968 7172 0
1785428570686 469140 461968 7172 0
1785428570716 469140 461968 7172 0
1785428570745 469140 461968 7172 0
1785428570775 469140 461968 7172 0
1785428570801 469140 461968 7172 0
1785428570825 469140 461968 7172 0
1785428570855 469140 461968 7172 0
1785428570880 469140 461968 7172 0
1785428570909 469140 461968 7172 0
1785428570938 469140 461968 7172 0
1785428570967 469140 461968 7172 0
1785428570994 469140 461968 7172 0
1785428571024 469140 461968 7172 0
1785428571053 469140 461968 7172 0
1785428571081 469140 461968 7172 0
1785428571112 469148 461968 7180 0
1785428571185 413836 406656 7180 0
1785428571213 413836 406656 7180 0
1785428571244 413836 406656 7180 0
1785428571273 413836 406656 7180 0
1785428571301 413836 406656 7180 0
1785428571330 413836 406656 7180 0
1785428571361 413836 406656 7180 0
1785428571390 413836 406656 7180 0
1785428571420 413836 406656 7180 0
1785428571447 413836 406656 7180 0
1785428571477 413836 406656 7180 0
1785428571504 413836 406656 7180 0
1785428571534 413836 406656 7180 0
1785428571566 413836 406656 7180 0
1785428571596 413836 406656 7180 0
1785428571626 413844 406664 7180 0
1785428571650 413844 406664 7180 0
1785428571681 413844 406664 7180 0
1785428571708 418436 411256 7180 0
1785428571738 418436 411256 7180 0
1785428571769 418436 411256 7180 0
1785428571799 418436 411256 7180 0
1785428571828 418436 411256 7180 0
1785428571857 418436 411256 7180 0
1785428571885 418436 411256 7180 0
1785428571913 418436 411256 7180 0
1785428571939 418436 411256 7180 0
1785428571969 418440 411260 7180 0
1785428571999 418440 411260 7180 0
1785428572028 418440 411260 7180 0
1785428572056 418440 411260 7180 0
1785428572084 418440 411260 7180 0
1785428572113 418440 411260 7180 0
1785428572141 418440 411260 7180 0
1785428572171 418440 411260 7180 0
1785428572199 418440 411260 7180 0
1785428572229 418440 411260 7180 0
1785428572256 418440 411260 7180 0
1785428572285 418440 411260 7180 0
1785428572316 418440 411260 7180 0
1785428572344 418440 411260 7180 0
1785428572372 418440 411260 7180 0
1785428572401 418440 411260 7180 0
1785428572430 418440 411260 7180 0
1785428572459 418440 411260 7180 0
1785428572489 418440 411260 7180 0
1785428572520 418440 411260 7180 0
1785428572550 418440 411260 7180 0
1785428572578 418440 411260 7180 0
1785428572608 418440 411260 7180 0
1785428572635 418440 411260 7180 0
1785428572660 418440 411260 7180 0
1785428572690 418440 411260 7180 0
1785428572721 418440 411260 7180 0
1785428572752 418440 411260 7180 0
1785428572778 418440 411260 7180 0
1785428572807 418440 411260 7180 0
1785428572837 418440 411260 7180 0
1785428572867 418440 411260 7180 0
1785428572896 418440 411260 7180 0
1785428572922 418440 411260 7180 0
1785428572952 418440 411260 7180 0
1785428572976 418440 411260 7180 0
1785428573006 418440 411260 7180 0
1785428573035 418440 411260 7180 0
1785428573065 418440 411260 7180 0
1785428573094 418440 411260 7180 0
1785428573123 418440 411260 7180 0
1785428573152 418440 411260 7180 0
1785428573180 418440 411260 7180 0
1785428573211 418440 411260 7180 0
1785428573240 418440 411260 7180 0
1785428573270 418440 411260 7180 0
1785428573299 418440 411260 7180 0
1785428573330 418440 411260 7180 0
1785428573358 418440 411260 7180 0
1785428573388 418440 411260 7180 0
1785428573414 418440 411260 7180 0
1785428573443 418440 411260 7180 0
1785428573469 418440 411260 7180 0
1785428573499 418440 411260 7180 0
1785428573528 418440 411260 7180 0
1785428573557 418440 411260 7180 0
1785428573587 418440 411260 7180 0
1785428573617 418440 411260 7180 0
1785428573647 418440 411260 7180 0
1785428573678 418440 411260 7180 0
1785428573707 418440 411260 7180 0
1785428573737 418440 411260 7180 0
1785428573768 418440 411260 7180 0
1785428573797 418440 411260 7180 0
1785428573825 418440 411260 7180 0
1785428573850 418440 411260 7180 0
1785428573880 418440 411260 7180 0
1785428573910 418440 411260 7180 0
1785428573939 418440 411260 7180 0
1785428573968 418440 411260 7180 0
1785428573993 418440 411260 7180 0
1785428574024 418440 411260 7180 0
1785428574051 418440 411260 7180 0
1785428574080 418440 411260 7180 0
1785428574105 418440 411260 7180 0
1785428574130 418440 411260 7180 0
1785428574160 418440 411260 7180 0
1785428574190 418440 411260 7180 0
1785428574217 418440 411260 7180 0
1785428574245 418440 411260 7180 0
1785428574275 418440 411260 7180 0
1785428574304 418440 411260 7180 0
1785428574332 418440 411260 7180 0
1785428574362 418440 411260 7180 0
1785428574390 418440 411260 7180 0
1785428574419 418440 411260 7180 0
1785428574444 418440 411260 7180 0
1785428574474 418440 411260 7180 0
1785428574502 418440 411260 7180 0
1785428574531 418440 411260 7180 0
1785428574557 418440 411260 7180 0
1785428574585 418440 411260 7180 0
1785428574615 418440 411260 7180 0
1785428574641 418440 411260 7180 0
1785428574671 418440 411260 7180 0
1785428574698 418440 411260 7180 0
1785428574728 418440 411260 7180 0
1785428574757 418440 411260 7180 0
1785428574785 418440 411260 7180 0
1785428574815 418440 411260 7180 0
1785428574843 418440 411260 7180 0
1785428574872 418440 411260 7180 0
1785428574902 418440 411260 7180 0
1785428574931 418440 411260 7180 0
1785428574961 418440 411260 7180 0
1785428574987 418440 411260 7180 0
1785428575017 418440 411260 7180 0
1785428575047 418440 411260 7180 0
1785428575074 418440 411260 7180 0
1785428575103 418440 411260 7180 0
1785428575133 418440 411260 7180 0
1785428575163 418440 411260 7180 0
1785428575191 418440 411260 7180 0
1785428575221 418440 411260 7180 0
1785428575251 418296 411120 7176 0
1785428575280 418444 411264 7180 0
1785428575310 418544 411364 7180 0
1785428575337 422284 415104 7180 0
1785428575367 422284 415104 7180 0
1785428575398 422284 415104 7180 0
1785428575429 422284 415104 7180 0
1785428575458 422284 415104 7180 0
1785428575487 422284 415104 7180 0
1785428575513 422284 415104 7180 0
1785428575544 422284 415104 7180 0
1785428575572 422284 415104 7180 0
1785428575602 422284 415104 7180 0
1785428575627 422284 415104 7180 0
1785428575657 422284 415104 7180 0
1785428575687 422284 415104 7180 0
1785428575717 422284 415104 7180 0
1785428575746 422284 415104 7180 0
1785428575776 422284 415104 7180 0
1785428575806 422284 415104 7180 0
1785428575833 422284 415104 7180 0
1785428575861 422284 415104 7180 0
1785428575892 422284 415104 7180 0
1785428575921 422284 415104 7180 0
1785428575951 422284 415104 7180 0
1785428575980 422284 415104 7180 0
1785428576009 422284 415104 7180 0
1785428576040 422284 415104 7180 0
1785428576070 422284 415104 7180 0
1785428576100 422284 415104 7180 0
1785428576130 422284 415104 7180 0
1785428576158 422284 415104 7180 0
1785428576189 422284 415104 7180 0
1785428576219 422284 415104 7180 0
1785428576250 422284 415104 7180 0
1785428576280 422284 415104 7180 0
1785428576310 422284 415104 7180 0
1785428576340 422284 415104 7180 0
1785428576371 422284 415104 7180 0
1785428576401 422284 415104 7180 0
1785428576432 422284 415104 7180 0
1785428576462 422284 415104 7180 0
1785428576492 422284 415104 7180 0
1785428576521 422284 415104 7180 0
1785428576548 422284 415104 7180 0
1785428576578 427372 420192 7180 0
1785428576608 427232 420056 7176 0
1785428576635 433028 425848 7180 0
1785428576666 433028 425848 7180 0
1785428576696 433028 425848 7180 0
1785428576727 433028 425848 7180 0
1785428576757 433028 425848 7180 0
1785428576784 433028 425848 7180 0
1785428576813 433028 425848 7180 0
1785428576843 433028 425848 7180 0
1785428576874 433028 425848 7180 0
1785428576905 433032 425852 7180 0
1785428576929 433032 425852 7180 0
1785428576957 433032 425852 7180 0
1785428576988 433032 425852 7180 0
1785428577019 433032 425852 7180 0
1785428577045 433032 425852 7180 0
1785428577076 433032 425852 7180 0
1785428577106 433032 425852 7180 0
1785428577137 433032 425852 7180 0
1785428577168 433032 425852 7180 0
1785428577198 433032 425852 7180 0
1785428577226 433032 425852 7180 0
1785428577257 433032 425852 7180 0
1785428577289 433032 425852 7180 0
1785428577319 433032 425852 7180 0
1785428577345 433032 425852 7180 0
1785428577376 433032 425852 7180 0
1785428577407 433032 425852 7180 0
1785428577431 433032 425852 7180 0
1785428577462 433032 425852 7180 0
1785428577490 433032 425852 7180 0
1785428577521 377216 370036 7180 0
1785428577551 377216 370036 7180 0
1785428577580 377216 370036 7180 0
1785428577606 377216 370036 7180 0
1785428577633 377216 370036 7180 0
1785428577663 377216 370036 7180 0
1785428577690 377216 370036 7180 0
1785428577719 377216 370036 7180 0
1785428577747 377216 370036 7180 0
1785428577775 377216 370036 7180 0
1785428577805 377216 370036 7180 0
1785428577831 377216 370036 7180 0
1785428577860 377216 370036 7180 0
1785428577887 377216 370036 7180 0
1785428577916 377216 370036 7180 0
1785428577944 377216 370036 7180 0
1785428577973 377216 370036 7180 0
1785428577997 377216 370036 7180 0
1785428578025 377216 370036 7180 0
1785428578055 377216 370036 7180 0
1785428578081 377216 370036 7180 0
1785428578105 377216 370036 7180 0
1785428578136 377216 370036 7180 0
1785428578164 377216 370036 7180 0
1785428578194 377216 370036 7180 0
1785428578223 377216 370036 7180 0
1785428578252 377216 370036 7180 0
1785428578282 377216 370036 7180 0
1785428578309 377216 370036 7180 0
1785428578339 377216 370036 7180 0
1785428578365 377216 370036 7180 0
1785428578394 377216 370036 7180 0
1785428578425 377216 370036 7180 0
1785428578453 377216 370036 7180 0
1785428578481 377216 370036 7180 0
1785428578505 377216 370036 7180 0
1785428578532 377216 370036 7180 0
1785428578561 377216 370036 7180 0
1785428578590 377216 370036 7180 0
1785428578621 377216 370036 7180 0
1785428578652 377216 370036 7180 0
1785428578681 377216 370036 7180 0
1785428578711 377216 370036 7180 0
1785428578735 377216 370036 7180 0
1785428578764 377216 370036 7180 0
1785428578794 377216 370036 7180 0
1785428578824 380900 373968 6932 0
1785428578853 412780 405600 7180 0
1785428578881 412780 405600 7180 0
1785428578907 418440 411260 7180 0
1785428578936 418440 411260 7180 0
1785428578966 418440 411260 7180 0
1785428578997 418440 411260 7180 0
1785428579026 418440 411260 7180 0
1785428579055 418440 411260 7180 0
1785428579080 418440 411260 7180 0
1785428579111 418440 411260 7180 0
1785428579137 418440 411260 7180 0
1785428579164 418440 411260 7180 0
1785428579194 418440 411260 7180 0
1785428579219 418440 411260 7180 0
1785428579244 418440 411260 7180 0
1785428579275 418440 411260 7180 0
1785428579302 418440 411260 7180 0
1785428579332 418440 411260 7180 0
1785428579362 418440 411260 7180 0
1785428579393 418440 411260 7180 0
1785428579422 418440 411260 7180 0
1785428579452 418440 411260 7180 0
1785428579482 418440 411260 7180 0
1785428579508 418440 411260 7180 0
1785428579537 418440 411260 7180 0
1785428579561 418440 411260 7180 0
1785428579590 418440 411260 7180 0
1785428579620 418440 411260 7180 0
1785428579651 418440 411260 7180 0
1785428579683 418440 411260 7180 0
1785428579713 418440 411260 7180 0
1785428579742 418440 411260 7180 0
1785428579768 418440 411260 7180 0
1785428579799 418440 411260 7180 0
1785428579823 418440 411260 7180 0
1785428579849 418440 411260 7180 0
1785428579879 418440 411260 7180 0
1785428579905 418440 411260 7180 0
1785428579936 418440 411260 7180 0
1785428579961 418440 411260 7180 0
1785428579991 418440 411260 7180 0
1785428580021 418440 411260 7180 0
1785428580049 418440 411260 7180 0
1785428580080 418440 411260 7180 0
1785428580109 418440 411260 7180 0
1785428580137 418440 411260 7180 0
1785428580166 418440 411260 7180 0
1785428580196 418440 411260 7180 0
1785428580221 418440 411260 7180 0
1785428580251 418440 411260 7180 0
1785428580276 418440 411260 7180 0
1785428580306 418440 411260 7180 0
1785428580334 418440 411260 7180 0
1785428580364 418440 411260 7180 0
1785428580395 418440 411260 7180 0
1785428580424 418440 411260 7180 0
1785428580452 418440 411260 7180 0
1785428580482 418440 411260 7180 0
1785428580511 418440 411260 7180 0
1785428580542 418440 411260 7180 0
1785428580573 418440 411260 7180 0
1785428580605 418440 411260 7180 0
1785428580636 418440 411260 7180 0
1785428580667 418440 411260 7180 0
1785428580695 418440 411260 7180 0
1785428580723 418440 411260 7180 0
1785428580753 418440 411260 7180 0
1785428580784 418440 411260 7180 0
1785428580814 418440 411260 7180 0
1785428580841 418440 411260 7180 0
1785428580871 418440 411260 7180 0
1785428580899 418440 411260 7180 0
1785428580930 418440 411260 7180 0
1785428580958 418440 411260 7180 0
1785428580989 418440 411260 7180 0
1785428581017 418440 411260 7180 0
1785428581045 418440 411260 7180 0
1785428581076 418440 411260 7180 0
1785428581106 418440 411260 7180 0
1785428581136 418440 411260 7180 0
1785428581167 418440 411260 7180 0
1785428581194 418440 411260 7180 0
1785428581224 418440 411260 7180 0
1785428581254 418440 411260 7180 0
1785428581285 418440 411260 7180 0
1785428581310 418440 411260 7180 0
1785428581340 418440 411260 7180 0
1785428581369 418440 411260 7180 0
1785428581400 418440 411260 7180 0
1785428581430 418440 411260 7180 0
1785428581460 418440 411260 7180 0
1785428581492 418440 411260 7180 0
1785428581522 418440 411260 7180 0
1785428581553 418440 411260 7180 0
1785428581582 418440 411260 7180 0
1785428581612 418440 411260 7180 0
1785428581642 418440 411260 7180 0
1785428581673 418440 411260 7180 0
1785428581703 418440 411260 7180 0
1785428581733 418440 411260 7180 0
1785428581761 418440 411260 7180 0
1785428581790 418440 411260 7180 0
1785428581818 418440 411260 7180 0
1785428581848 418440 411260 7180 0
1785428581879 418440 411260 7180 0
1785428581910 418440 411260 7180 0
1785428581942 418440 411260 7180 0
1785428581970 418440 411260 7180 0
1785428582002 418440 411260 7180 0
1785428582033 418440 411260 7180 0
1785428582058 418440 411260 7180 0
1785428582088 418440 411260 7180 0
1785428582118 418440 411260 7180 0
1785428582147 418440 411260 7180 0
1785428582175 418440 411260 7180 0
1785428582204 418440 411260 7180 0
1785428582234 418440 411260 7180 0
1785428582264 418440 411260 7180 0
1785428582296 418440 411260 7180 0
1785428582326 418440 411260 7180 0
1785428582357 418440 411260 7180 0
1785428582385 418440 411260 7180 0
1785428582415 418440 411260 7180 0
1785428582445 418440 411260 7180 0
1785428582473 418440 411260 7180 0
1785428582501 418444 411264 7180 0
1785428582531 418444 411264 7180 0
1785428582559 422284 415104 7180 0
1785428582590 422284 415104 7180 0
1785428582615 422284 415104 7180 0
1785428582646 422284 415104 7180 0
1785428582675 422284 415104 7180 0
1785428582703 422284 415104 7180 0
1785428582729 422284 415104 7180 0
1785428582757 422284 415104 7180 0
1785428582783 422284 415104 7180 0
1785428582814 422284 415104 7180 0
1785428582844 422284 415104 7180 0
1785428582869 422284 415104 7180 0
1785428582895 422288 415108 7180 0
1785428582924 422288 415108 7180 0
1785428582954 422288 415108 7180 0
1785428582979 422288 415108 7180 0
1785428583006 422288 415108 7180 0
1785428583031 422288 415108 7180 0
1785428583061 422288 415108 7180 0
1785428583091 422288 415108 7180 0
1785428583121 422288 415108 7180 0
1785428583152 422288 415108 7180 0
1785428583183 422288 415108 7180 0
1785428583213 422288 415108 7180 0
1785428583243 422288 415108 7180 0
1785428583274 422288 415108 7180 0
1785428583302 422288 415108 7180 0
1785428583334 422288 415108 7180 0
1785428583364 422288 415108 7180 0
1785428583394 422288 415108 7180 0
1785428583425 422288 415108 7180 0
1785428583455 422288 415108 7180 0
1785428583486 422288 415108 7180 0
1785428583514 422288 415108 7180 0
1785428583540 422288 415108 7180 0
1785428583565 422288 415108 7180 0
1785428583595 422288 415108 7180 0
1785428583625 422288 415108 7180 0
1785428583654 422288 415108 7180 0
1785428583686 422288 415108 7180 0
1785428583717 422288 415108 7180 0
1785428583748 422288 415108 7180 0
1785428583778 422288 415108 7180 0
1785428583809 422288 415108 7180 0
1785428583839 427376 420196 7180 0
1785428583864 427376 420196 7180 0
1785428583893 433032 425852 7180 0
1785428583923 433032 425852 7180 0
1785428583954 433032 425852 7180 0
1785428583984 433032 425852 7180 0
1785428584010 433032 425852 7180 0
1785428584041 433032 425852 7180 0
1785428584071 433032 425852 7180 0
1785428584102 433032 425852 7180 0
1785428584133 433032 425852 7180 0
1785428584163 433032 425852 7180 0
1785428584196 433032 425852 7180 0
1785428584223 433032 425852 7180 0
1785428584256 433032 425852 7180 0
1785428584288 433032 425852 7180 0
1785428584319 433032 425852 7180 0
1785428584345 433032 425852 7180 0
1785428584374 433032 425852 7180 0
1785428584406 433032 425852 7180 0
1785428584438 433032 425852 7180 0
1785428584466 433032 425852 7180 0
1785428584497 433032 425852 7180 0
1785428584529 433032 425852 7180 0
1785428584562 433032 425852 7180 0
1785428584593 433032 425852 7180 0
1785428584623 433032 425852 7180 0
1785428584650 433032 425852 7180 0
1785428584681 433032 425852 7180 0
1785428584711 433032 425852 7180 0
1785428584741 433032 425852 7180 0
1785428584773 433032 425852 7180 0
1785428584805 433032 425852 7180 0
1785428584831 433032 425852 7180 0
1785428584860 433032 425852 7180 0
1785428584890 433032 425852 7180 0
1785428584918 433032 425852 7180 0
1785428584949 433032 425852 7180 0
1785428584975 433032 425852 7180 0
1785428585004 433032 425852 7180 0
1785428585029 433032 425852 7180 0
1785428585059 433032 425852 7180 0
1785428585088 433032 425852 7180 0
1785428585119 433032 425852 7180 0
1785428585147 433032 425852 7180 0
1785428585175 433032 425852 7180 0
1785428585206 433032 425852 7180 0
1785428585236 433032 425852 7180 0
1785428585267 433032 425852 7180 0
1785428585297 433032 425852 7180 0
1785428585327 433032 425852 7180 0
1785428585356 433032 425852 7180 0
1785428585386 433032 425852 7180 0
1785428585418 377216 370036 7180 0
1785428585446 377216 370036 7180 0
1785428585475 377216 370036 7180 0
1785428585505 377216 370036 7180 0
1785428585533 377216 370036 7180 0
1785428585564 377216 370036 7180 0
1785428585593 377216 370036 7180 0
1785428585620 377216 370036 7180 0
1785428585650 377216 370036 7180 0
1785428585678 377216 370036 7180 0
1785428585706 377216 370036 7180 0
1785428585736 377216 370036 7180 0
1785428585767 377216 370036 7180 0
1785428585796 377216 370036 7180 0
1785428585822 377216 370036 7180 0
1785428585853 377216 370036 7180 0
1785428585880 377216 370036 7180 0
1785428585910 377216 370036 7180 0
1785428585941 377216 370036 7180 0
1785428585967 377216 370036 7180 0
1785428585997 377216 370036 7180 0
1785428586027 377216 370036 7180 0
1785428586056 377216 370036 7180 0
1785428586084 377216 370036 7180 0
1785428586111 379516 374672 4844 0
1785428586140 412784 405604 7180 0
1785428586170 412644 405468 7176 0
1785428586200 418440 411260 7180 0
1785428586230 418440 411260 7180 0
1785428586258 418440 411260 7180 0
1785428586289 418440 411260 7180 0
1785428586318 418440 411260 7180 0
1785428586347 418440 411260 7180 0
1785428586376 418440 411260 7180 0
1785428586405 418440 411260 7180 0
1785428586435 418440 411260 7180 0
1785428586464 418440 411260 7180 0
1785428586493 418440 411260 7180 0
1785428586525 418440 411260 7180 0
1785428586555 418440 411260 7180 0
1785428586581 418440 411260 7180 0
1785428586607 418440 411260 7180 0
1785428586634 418440 411260 7180 0
1785428586664 418440 411260 7180 0
1785428586695 418440 411260 7180 0
1785428586723 418440 411260 7180 0
1785428586747 418440 411260 7180 0
1785428586778 418440 411260 7180 0
1785428586807 418440 411260 7180 0
1785428586838 418440 411260 7180 0
1785428586867 418440 411260 7180 0
1785428586898 418440 411260 7180 0
1785428586926 418440 411260 7180 0
1785428586953 418440 411260 7180 0
1785428586978 418440 411260 7180 0
1785428587008 418440 411260 7180 0
1785428587040 418440 411260 7180 0
1785428587072 418440 411260 7180 0
1785428587103 418440 411260 7180 0
1785428587132 418440 411260 7180 0
1785428587162 418440 411260 7180 0
1785428587192 418440 411260 7180 0
1785428587222 418440 411260 7180 0
1785428587248 418440 411260 7180 0
1785428587278 418440 411260 7180 0
1785428587310 418440 411260 7180 0
1785428587340 418440 411260 7180 0
1785428587369 418440 411260 7180 0
1785428587396 418440 411260 7180 0
1785428587422 418440 411260 7180 0
1785428587450 418440 411260 7180 0
1785428587480 418440 411260 7180 0
1785428587504 418440 411260 7180 0
1785428587534 418440 411260 7180 0
1785428587564 418440 411260 7180 0
1785428587591 418440 411260 7180 0
1785428587618 418440 411260 7180 0
1785428587649 418440 411260 7180 0
1785428587680 418440 411260 7180 0
1785428587710 418440 411260 7180 0
1785428587738 418440 411260 7180 0
1785428587765 418440 411260 7180 0
1785428587794 418440 411260 7180 0
1785428587826 418440 411260 7180 0
1785428587855 418440 411260 7180 0
1785428587887 418440 411260 7180 0
1785428587918 418440 411260 7180 0
1785428587948 418440 411260 7180 0
1785428587978 418440 411260 7180 0
1785428588008 418440 411260 7180 0
1785428588039 418440 411260 7180 0
1785428588069 418440 411260 7180 0
1785428588099 418440 411260 7180 0
1785428588129 418440 411260 7180 0
1785428588159 418440 411260 7180 0
1785428588189 418440 411260 7180 0
1785428588213 418440 411260 7180 0
1785428588242 418440 411260 7180 0
1785428588272 418440 411260 7180 0
1785428588298 418440 411260 7180 0
1785428588329 418440 411260 7180 0
1785428588359 418440 411260 7180 0
1785428588384 418440 411260 7180 0
1785428588407 418440 411260 7180 0
1785428588431 418440 411260 7180 0
1785428588455 418440 411260 7180 0
1785428588485 418440 411260 7180 0
1785428588516 418440 411260 7180 0
1785428588547 418440 411260 7180 0
1785428588575 418440 411260 7180 0
1785428588605 418440 411260 7180 0
1785428588635 418440 411260 7180 0
1785428588663 418440 411260 7180 0
1785428588692 418440 411260 7180 0
1785428588720 418440 411260 7180 0
1785428588749 418440 411260 7180 0
1785428588779 418440 411260 7180 0
1785428588807 418440 411260 7180 0
1785428588836 418440 411260 7180 0
1785428588867 418440 411260 7180 0
1785428588895 418440 411260 7180 0
1785428588926 418440 411260 7180 0
1785428588953 418440 411260 7180 0
1785428588980 418440 411260 7180 0
1785428589011 418440 411260 7180 0
1785428589042 418440 411260 7180 0
1785428589072 418440 411260 7180 0
1785428589101 418440 411260 7180 0
1785428589128 418440 411260 7180 0
1785428589158 418440 411260 7180 0
1785428589190 418440 411260 7180 0
1785428589219 418440 411260 7180 0
1785428589248 418440 411260 7180 0
1785428589273 418440 411260 7180 0
1785428589299 418440 411260 7180 0
1785428589329 418440 411260 7180 0
1785428589357 418440 411260 7180 0
1785428589387 418440 411260 7180 0
1785428589414 418440 411260 7180 0
1785428589440 418440 411260 7180 0
1785428589465 418440 411260 7180 0
1785428589496 418440 411260 7180 0
1785428589527 418440 411260 7180 0
1785428589558 418440 411260 7180 0
1785428589583 418440 411260 7180 0
1785428589612 418440 411260 7180 0
1785428589643 418440 411260 7180 0
1785428589675 418440 411260 7180 0
1785428589705 418296 411120 7176 0
1785428589735 418444 411264 7180 0
1785428589764 422288 415108 7180 0
1785428589795 422288 415108 7180 0
1785428589826 422288 415108 7180 0
1785428589856 422288 415108 7180 0
1785428589888 422288 415108 7180 0
1785428589918 422288 415108 7180 0
1785428589946 422288 415108 7180 0
1785428589975 422288 415108 7180 0
1785428590006 422288 415108 7180 0
1785428590036 422288 415108 7180 0
1785428590066 422288 415108 7180 0
1785428590095 422288 415108 7180 0
1785428590126 422288 415108 7180 0
1785428590157 422288 415108 7180 0
1785428590187 422288 415108 7180 0
1785428590218 422288 415108 7180 0
1785428590249 422288 415108 7180 0
1785428590279 422288 415108 7180 0
1785428590310 422288 415108 7180 0
1785428590339 422288 415108 7180 0
1785428590371 422288 415108 7180 0
1785428590401 422288 415108 7180 0
1785428590431 422288 415108 7180 0
1785428590460 422288 415108 7180 0
1785428590490 422288 415108 7180 0
1785428590521 422288 415108 7180 0
1785428590546 422288 415108 7180 0
1785428590577 422288 415108 7180 0
1785428590607 422288 415108 7180 0
1785428590637 422288 415108 7180 0
1785428590668 422288 415108 7180 0
1785428590698 422288 415108 7180 0
1785428590727 422288 415108 7180 0
1785428590756 422288 415108 7180 0
1785428590784 422288 415108 7180 0
1785428590814 422288 415108 7180 0
1785428590839 422288 415108 7180 0
1785428590869 422288 415108 7180 0
1785428590899 422288 415108 7180 0
1785428590927 422288 415108 7180 0
1785428590956 422288 415108 7180 0
1785428590982 422288 415108 7180 0
1785428591012 422288 415108 7180 0
1785428591040 427376 420196 7180 0
1785428591071 427236 420060 7176 0
1785428591101 433032 425852 7180 0
1785428591129 433032 425852 7180 0
1785428591158 433032 425852 7180 0
1785428591190 433032 425852 7180 0
1785428591221 433032 425852 7180 0
1785428591248 433032 425852 7180 0
1785428591276 433032 425852 7180 0
1785428591306 433032 425852 7180 0
1785428591335 433032 425852 7180 0
1785428591365 433032 425852 7180 0
1785428591391 433032 425852 7180 0
1785428591423 433032 425852 7180 0
1785428591455 433032 425852 7180 0
1785428591485 433032 425852 7180 0
1785428591516 433032 425852 7180 0
1785428591547 433032 425852 7180 0
1785428591579 433032 425852 7180 0
1785428591610 433032 425852 7180 0
1785428591639 433032 425852 7180 0
1785428591670 433032 425852 7180 0
1785428591702 433032 425852 7180 0
1785428591733 433032 425852 7180 0
1785428591762 433032 425852 7180 0
1785428591792 433032 425852 7180 0
1785428591823 433032 425852 7180 0
1785428591852 433032 425852 7180 0
1785428591878 433032 425852 7180 0
1785428591911 433032 425852 7180 0
1785428591942 377216 370036 7180 0
1785428591970 377216 370036 7180 0
1785428592000 377216 370036 7180 0
1785428592029 377216 370036 7180 0
1785428592059 377216 370036 7180 0
1785428592086 377216 370036 7180 0
1785428592115 377216 370036 7180 0
1785428592144 377216 370036 7180 0
1785428592172 377216 370036 7180 0
1785428592197 377216 370036 7180 0
1785428592225 377216 370036 7180 0
1785428592255 377216 370036 7180 0
1785428592285 377216 370036 7180 0
1785428592313 377216 370036 7180 0
1785428592342 377216 370036 7180 0
1785428592369 377216 370036 7180 0
1785428592398 377216 370036 7180 0
1785428592427 377216 370036 7180 0
1785428592456 377216 370036 7180 0
1785428592484 377216 370036 7180 0
1785428592510 377216 370036 7180 0
1785428592539 377216 370036 7180 0
1785428592569 377216 370036 7180 0
1785428592597 377216 370036 7180 0
1785428592628 377216 370036 7180 0
1785428592658 377216 370036 7180 0
1785428592687 377216 370036 7180 0
1785428592716 377216 370036 7180 0
1785428592746 377216 370036 7180 0
1785428592771 377216 370036 7180 0
1785428592797 377216 370036 7180 0
1785428592826 377216 370036 7180 0
1785428592855 377216 370036 7180 0
1785428592881 377216 370036 7180 0
1785428592910 377216 370036 7180 0
1785428592939 377216 370036 7180 0
1785428592968 377216 370036 7180 0
1785428592995 377216 370036 7180 0
1785428593022 377216 370036 7180 0
1785428593052 377216 370036 7180 0
1785428593079 377216 370036 7180 0
1785428593103 377216 370036 7180 0
1785428593130 377216 370036 7180 0
1785428593160 377216 370036 7180 0
1785428593187 377216 370036 7180 0
1785428593217 381628 374824 6804 0
1785428593247 412784 405604 7180 0
1785428593274 412644 405468 7176 0
1785428593304 418440 411260 7180 0
1785428593335 418440 411260 7180 0
1785428593364 418440 411260 7180 0
1785428593394 418440 411260 7180 0
1785428593424 418440 411260 7180 0
1785428593454 418440 411260 7180 0
1785428593482 418440 411260 7180 0
1785428593512 418440 411260 7180 0
1785428593537 418440 411260 7180 0
1785428593567 418440 411260 7180 0
1785428593595 418440 411260 7180 0
1785428593627 418440 411260 7180 0
1785428593652 418440 411260 7180 0
1785428593683 418440 411260 7180 0
1785428593714 418440 411260 7180 0
1785428593743 418440 411260 7180 0
1785428593773 418440 411260 7180 0
1785428593804 418440 411260 7180 0
1785428593835 418440 411260 7180 0
1785428593865 418440 411260 7180 0
1785428593896 418440 411260 7180 0
1785428593927 418440 411260 7180 0
1785428593954 418440 411260 7180 0
1785428593979 418440 411260 7180 0
1785428594009 418440 411260 7180 0
1785428594040 418440 411260 7180 0
1785428594072 418440 411260 7180 0
1785428594102 418440 411260 7180 0
1785428594132 418440 411260 7180 0
1785428594163 418440 411260 7180 0
1785428594192 418440 411260 7180 0
1785428594223 418440 411260 7180 0
1785428594253 418440 411260 7180 0
1785428594283 418440 411260 7180 0
1785428594314 418440 411260 7180 0
1785428594344 418440 411260 7180 0
1785428594372 418440 411260 7180 0
1785428594402 418440 411260 7180 0
1785428594433 418440 411260 7180 0
1785428594463 418440 411260 7180 0
1785428594493 418440 411260 7180 0
1785428594522 418440 411260 7180 0
1785428594554 418440 411260 7180 0
1785428594584 418440 411260 7180 0
1785428594614 418440 411260 7180 0
1785428594638 418440 411260 7180 0
1785428594669 418440 411260 7180 0
1785428594697 418440 411260 7180 0
1785428594728 418440 411260 7180 0
1785428594753 418440 411260 7180 0
1785428594785 418440 411260 7180 0
1785428594816 418440 411260 7180 0
1785428594847 418440 411260 7180 0
1785428594876 418440 411260 7180 0
1785428594905 418440 411260 7180 0
1785428594931 418440 411260 7180 0
1785428594961 418440 411260 7180 0
1785428594992 418440 411260 7180 0
1785428595023 418440 411260 7180 0
1785428595054 418440 411260 7180 0
1785428595086 418440 411260 7180 0
1785428595116 418440 411260 7180 0
1785428595144 418440 411260 7180 0
1785428595174 418440 411260 7180 0
1785428595204 418440 411260 7180 0
1785428595236 418440 411260 7180 0
1785428595266 418440 411260 7180 0
1785428595296 418440 411260 7180 0
1785428595327 418440 411260 7180 0
1785428595358 418440 411260 7180 0
1785428595387 418440 411260 7180 0
1785428595417 418440 411260 7180 0
1785428595448 418440 411260 7180 0
1785428595480 418440 411260 7180 0
1785428595511 418440 411260 7180 0
1785428595542 418440 411260 7180 0
1785428595571 418440 411260 7180 0
1785428595600 418440 411260 7180 0
1785428595631 418440 411260 7180 0
1785428595660 418440 411260 7180 0
1785428595690 418440 411260 7180 0
1785428595722 418440 411260 7180 0
1785428595753 418440 411260 7180 0
1785428595780 418440 411260 7180 0
1785428595810 418440 411260 7180 0
1785428595841 418440 411260 7180 0
1785428595869 418440 411260 7180 0
1785428595896 418440 411260 7180 0
1785428595927 418440 411260 7180 0
1785428595958 418440 411260 7180 0
1785428595988 418440 411260 7180 0
1785428596019 418440 411260 7180 0
1785428596049 418440 411260 7180 0
1785428596080 418440 411260 7180 0
1785428596110 418440 411260 7180 0
1785428596140 418440 411260 7180 0
1785428596170 418440 411260 7180 0
1785428596200 418440 411260 7180 0
1785428596231 418440 411260 7180 0
1785428596255 418440 411260 7180 0
1785428596285 418440 411260 7180 0
1785428596316 418440 411260 7180 0
1785428596346 418440 411260 7180 0
1785428596376 418440 411260 7180 0
1785428596406 418440 411260 7180 0
1785428596437 418440 411260 7180 0
1785428596463 418440 411260 7180 0
1785428596493 418440 411260 7180 0
1785428596524 418440 411260 7180 0
1785428596554 418440 411260 7180 0
1785428596584 418444 411264 7180 0
1785428596610 418444 411264 7180 0
1785428596640 418444 411264 7180 0
1785428596664 418444 411264 7180 0
1785428596694 418444 411264 7180 0
1785428596725 418444 411264 7180 0
1785428596754 418444 411264 7180 0
1785428596782 418444 411264 7180 0
1785428596813 418444 411264 7180 0
1785428596843 418444 411264 7180 0
1785428596873 418444 411264 7180 0
1785428596902 418448 411268 7180 0
1785428596931 418448 411268 7180 0
1785428596960 422288 415108 7180 0
1785428596990 422288 415108 7180 0
1785428597015 422288 415108 7180 0
1785428597047 422288 415108 7180 0
1785428597074 422288 415108 7180 0
1785428597105 422288 415108 7180 0
1785428597137 422288 415108 7180 0
1785428597168 422288 415108 7180 0
1785428597199 422288 415108 7180 0
1785428597226 422288 415108 7180 0
1785428597257 422288 415108 7180 0
1785428597287 422288 415108 7180 0
1785428597313 422288 415108 7180 0
1785428597341 422288 415108 7180 0
1785428597371 422288 415108 7180 0
1785428597403 422288 415108 7180 0
1785428597429 422288 415108 7180 0
1785428597461 422288 415108 7180 0
1785428597490 422288 415108 7180 0
1785428597522 422288 415108 7180 0
1785428597550 422288 415108 7180 0
1785428597580 422288 415108 7180 0
1785428597610 422288 415108 7180 0
1785428597638 422288 415108 7180 0
1785428597669 422288 415108 7180 0
1785428597699 422288 415108 7180 0
1785428597728 422288 415108 7180 0
1785428597759 422288 415108 7180 0
1785428597787 422288 415108 7180 0
1785428597814 422288 415108 7180 0
1785428597843 422288 415108 7180 0
1785428597872 422288 415108 7180 0
1785428597903 422288 415108 7180 0
1785428597929 422288 415108 7180 0
1785428597959 422288 415108 7180 0
1785428597989 422288 415108 7180 0
1785428598016 422288 415108 7180 0
1785428598048 422288 415108 7180 0
1785428598079 422288 415108 7180 0
1785428598103 422288 415108 7180 0
1785428598135 422288 415108 7180 0
1785428598166 422288 415108 7180 0
1785428598196 422288 415108 7180 0
1785428598225 427380 420200 7180 0
1785428598251 427380 420200 7180 0
1785428598282 433036 425856 7180 0
1785428598312 433036 425856 7180 0
1785428598343 433036 425856 7180 0
1785428598371 433036 425856 7180 0
1785428598399 433036 425856 7180 0
1785428598428 433036 425856 7180 0
1785428598455 433036 425856 7180 0
1785428598485 433036 425856 7180 0
1785428598515 433036 425856 7180 0
1785428598546 433036 425856 7180 0
1785428598570 433036 425856 7180 0
1785428598600 433036 425856 7180 0
1785428598633 433036 425856 7180 0
1785428598663 433036 425856 7180 0
1785428598695 433036 425856 7180 0
1785428598725 433036 425856 7180 0
1785428598755 433036 425856 7180 0
1785428598781 433036 425856 7180 0
1785428598811 433036 425856 7180 0
1785428598842 433036 425856 7180 0
1785428598866 433036 425856 7180 0
1785428598897 433036 425856 7180 0
1785428598927 433036 425856 7180 0
1785428598954 433036 425856 7180 0
1785428598980 433036 425856 7180 0
1785428599010 433036 425856 7180 0
1785428599039 433036 425856 7180 0
1785428599070 433036 425856 7180 0
1785428599102 433036 425856 7180 0
1785428599127 433036 425856 7180 0
1785428599159 433036 425856 7180 0
1785428599190 433036 425856 7180 0
1785428599217 433036 425856 7180 0
1785428599245 433036 425856 7180 0
1785428599278 433036 425856 7180 0
1785428599308 433036 425856 7180 0
1785428599337 433036 425856 7180 0
1785428599368 433036 425856 7180 0
1785428599399 433036 425856 7180 0
1785428599424 433036 425856 7180 0
1785428599454 433036 425856 7180 0
1785428599479 433036 425856 7180 0
1785428599509 433036 425856 7180 0
1785428599540 377216 370036 7180 0
1785428599568 377216 370036 7180 0
1785428599597 377216 370036 7180 0
1785428599623 377216 370036 7180 0
1785428599652 377216 370036 7180 0
1785428599677 377216 370036 7180 0
1785428599707 377216 370036 7180 0
1785428599737 377216 370036 7180 0
1785428599766 377216 370036 7180 0
1785428599789 377216 370036 7180 0
1785428599815 377216 370036 7180 0
1785428599845 377216 370036 7180 0
1785428599869 377216 370036 7180 0
1785428599896 377216 370036 7180 0
1785428599925 377216 370036 7180 0
1785428599954 377216 370036 7180 0
1785428599983 377216 370036 7180 0
1785428600014 377216 370036 7180 0
1785428600044 377216 370036 7180 0
1785428600073 377216 370036 7180 0
1785428600102 377216 370036 7180 0
1785428600132 377216 370036 7180 0
1785428600158 377216 370036 7180 0
1785428600188 377216 370036 7180 0
1785428600218 377216 370036 7180 0
1785428600244 377216 370036 7180 0
1785428600273 377216 370036 7180 0
1785428600304 377216 370036 7180 0
1785428600334 377216 370036 7180 0
1785428600364 377216 370036 7180 0
1785428600392 375172 372332 2840 0
1785428600419 412788 405608 7180 0
1785428600449 412788 405608 7180 0
1785428600479 418444 411264 7180 0
1785428600508 418444 411264 7180 0
1785428600536 418444 411264 7180 0
1785428600561 418444 411264 7180 0
1785428600592 418444 411264 7180 0
1785428600621 418444 411264 7180 0
1785428600647 418444 411264 7180 0
1785428600677 418444 411264 7180 0
1785428600707 418444 411264 7180 0
1785428600736 418444 411264 7180 0
1785428600763 418444 411264 7180 0
1785428600793 418444 411264 7180 0
1785428600820 418444 411264 7180 0
1785428600851 418444 411264 7180 0
1785428600880 418444 411264 7180 0
1785428600910 418444 411264 7180 0
1785428600938 418444 411264 7180 0
1785428600969 418444 411264 7180 0
1785428600993 418444 411264 7180 0
1785428601020 418444 411264 7180 0
1785428601051 418444 411264 7180 0
1785428601082 418444 411264 7180 0
1785428601111 418444 411264 7180 0
1785428601139 418444 411264 7180 0
1785428601170 418444 411264 7180 0
1785428601195 418444 411264 7180 0
1785428601222 418444 411264 7180 0
1785428601252 418444 411264 7180 0
1785428601282 418444 411264 7180 0
1785428601314 418444 411264 7180 0
1785428601338 418444 411264 7180 0
1785428601368 418444 411264 7180 0
1785428601397 418444 411264 7180 0
1785428601423 418444 411264 7180 0
1785428601453 418444 411264 7180 0
1785428601485 418444 411264 7180 0
1785428601514 418444 411264 7180 0
1785428601544 418444 411264 7180 0
1785428601574 418444 411264 7180 0
1785428601604 418444 411264 7180 0
1785428601635 418444 411264 7180 0
1785428601665 418444 411264 7180 0
1785428601694 418444 411264 7180 0
1785428601724 418444 411264 7180 0
1785428601752 418444 411264 7180 0
1785428601782 418444 411264 7180 0
1785428601809 418444 411264 7180 0
1785428601838 418444 411264 7180 0
1785428601869 418444 411264 7180 0
1785428601899 418444 411264 7180 0
1785428601924 418444 411264 7180 0
1785428601954 418444 411264 7180 0
1785428601984 418444 411264 7180 0
1785428602013 418444 411264 7180 0
1785428602038 418444 411264 7180 0
1785428602068 418444 411264 7180 0
1785428602100 418444 411264 7180 0
1785428602127 418444 411264 7180 0
1785428602158 418444 411264 7180 0
1785428602185 418444 411264 7180 0
1785428602216 418444 411264 7180 0
1785428602245 418444 411264 7180 0
1785428602272 418444 411264 7180 0
1785428602300 418444 411264 7180 0
1785428602326 418444 411264 7180 0
1785428602357 418444 411264 7180 0
1785428602388 418444 411264 7180 0
1785428602416 418444 411264 7180 0
1785428602446 418444 411264 7180 0
1785428602472 418444 411264 7180 0
1785428602499 418444 411264 7180 0
1785428602531 418444 411264 7180 0
1785428602562 418444 411264 7180 0
1785428602592 418444 411264 7180 0
1785428602622 418444 411264 7180 0
1785428602654 418444 411264 7180 0
1785428602683 418444 411264 7180 0
1785428602712 418444 411264 7180 0
1785428602741 418444 411264 7180 0
1785428602772 418444 411264 7180 0
1785428602802 418444 411264 7180 0
1785428602828 418444 411264 7180 0
1785428602859 418444 411264 7180 0
1785428602887 418444 411264 7180 0
1785428602916 418444 411264 7180 0
1785428602947 418444 411264 7180 0
1785428602978 418444 411264 7180 0
1785428603005 418444 411264 7180 0
1785428603034 418444 411264 7180 0
1785428603065 418444 411264 7180 0
1785428603095 418444 411264 7180 0
1785428603126 418444 411264 7180 0
1785428603158 418444 411264 7180 0
1785428603186 418444 411264 7180 0
1785428603215 418444 411264 7180 0
1785428603244 418444 411264 7180 0
1785428603275 418444 411264 7180 0
1785428603305 418444 411264 7180 0
1785428603335 418444 411264 7180 0
1785428603367 418444 411264 7180 0
1785428603398 418444 411264 7180 0
1785428603428 418444 411264 7180 0
1785428603458 418444 411264 7180 0
1785428603489 418444 411264 7180 0
1785428603520 418444 411264 7180 0
1785428603552 418444 411264 7180 0
1785428603582 418444 411264 7180 0
1785428603612 418444 411264 7180 0
1785428603641 418444 411264 7180 0
1785428603671 418444 411264 7180 0
1785428603704 418444 411264 7180 0
1785428603733 418444 411264 7180 0
1785428603763 418444 411264 7180 0
1785428603793 418444 411264 7180 0
1785428603823 418444 411264 7180 0
1785428603854 418444 411264 7180 0
1785428603882 418444 411264 7180 0
1785428603911 418444 411264 7180 0
1785428603942 418448 411268 7180 0
1785428603968 418308 411132 7176 0
1785428603999 422288 415108 7180 0
1785428604024 422288 415108 7180 0
1785428604055 422288 415108 7180 0
1785428604081 422288 415108 7180 0
1785428604112 422288 415108 7180 0
1785428604142 422288 415108 7180 0
1785428604173 422288 415108 7180 0
1785428604202 422288 415108 7180 0
1785428604233 422288 415108 7180 0
1785428604264 422288 415108 7180 0
1785428604292 422288 415108 7180 0
1785428604323 422288 415108 7180 0
1785428604351 422288 415108 7180 0
1785428604382 422288 415108 7180 0
1785428604411 422288 415108 7180 0
1785428604436 422288 415108 7180 0
1785428604470 422288 415108 7180 0
1785428604500 422288 415108 7180 0
1785428604529 422288 415108 7180 0
1785428604557 422288 415108 7180 0
1785428604584 422288 415108 7180 0
1785428604614 422288 415108 7180 0
1785428604641 422288 415108 7180 0
1785428604671 422288 415108 7180 0
1785428604697 422288 415108 7180 0
1785428604728 422288 415108 7180 0
1785428604752 422288 415108 7180 0
1785428604784 422288 415108 7180 0
1785428604815 422288 415108 7180 0
1785428604846 422288 415108 7180 0
1785428604875 422288 415108 7180 0
1785428604904 422288 415108 7180 0
1785428604931 422288 415108 7180 0
1785428604962 422288 415108 7180 0
1785428604993 422288 415108 7180 0
1785428605023 422288 415108 7180 0
1785428605054 422288 415108 7180 0
1785428605084 422288 415108 7180 0
1785428605115 422288 415108 7180 0
1785428605145 422288 415108 7180 0
1785428605177 422288 415108 7180 0
1785428605207 422288 415108 7180 0
1785428605237 422288 415108 7180 0
1785428605266 422288 415108 7180 0
1785428605292 427380 420200 7180 0
1785428605322 427380 420200 7180 0
1785428605348 427380 420200 7180 0
1785428605378 433036 425856 7180 0
1785428605409 433036 425856 7180 0
1785428605441 433036 425856 7180 0
1785428605467 433036 425856 7180 0
1785428605497 433036 425856 7180 0
1785428605528 433036 425856 7180 0
1785428605557 433036 425856 7180 0
1785428605586 433036 425856 7180 0
1785428605616 433036 425856 7180 0
1785428605647 433036 425856 7180 0
1785428605673 433036 425856 7180 0
1785428605696 433036 425856 7180 0
1785428605727 433036 425856 7180 0
1785428605754 433036 425856 7180 0
1785428605779 433036 425856 7180 0
1785428605808 433036 425856 7180 0
1785428605836 433036 425856 7180 0
1785428605866 433036 425856 7180 0
1785428605897 433036 425856 7180 0
1785428605925 433036 425856 7180 0
1785428605955 433036 425856 7180 0
1785428605985 433036 425856 7180 0
1785428606011 433036 425856 7180 0
1785428606041 433036 425856 7180 0
1785428606070 433036 425856 7180 0
1785428606099 433036 425856 7180 0
1785428606128 433036 425856 7180 0
1785428606158 433036 425856 7180 0
1785428606188 433036 425856 7180 0
1785428606218 433036 425856 7180 0
1785428606249 433036 425856 7180 0
1785428606278 433036 425856 7180 0
1785428606307 433036 425856 7180 0
1785428606334 433036 425856 7180 0
1785428606364 433036 425856 7180 0
1785428606394 433036 425856 7180 0
1785428606423 433036 425856 7180 0
1785428606450 433036 425856 7180 0
1785428606479 433036 425856 7180 0
1785428606505 433036 425856 7180 0
1785428606535 433036 425856 7180 0
1785428606565 433036 425856 7180 0
1785428606596 433036 425856 7180 0
1785428606626 432892 425716 7176 0
1785428606653 377216 370036 7180 0
1785428606681 377216 370036 7180 0
1785428606711 377216 370036 7180 0
1785428606737 377216 370036 7180 0
1785428606764 377216 370036 7180 0
1785428606793 377216 370036 7180 0
1785428606819 377216 370036 7180 0
1785428606848 377216 370036 7180 0
1785428606877 377216 370036 7180 0
1785428606905 377216 370036 7180 0
1785428606933 377216 370036 7180 0
1785428606962 377216 370036 7180 0
1785428606990 377216 370036 7180 0
1785428607019 377216 370036 7180 0
1785428607047 377216 370036 7180 0
1785428607072 377216 370036 7180 0
1785428607099 377216 370036 7180 0
1785428607128 377216 370036 7180 0
1785428607153 377216 370036 7180 0
1785428607178 377216 370036 7180 0
1785428607207 377216 370036 7180 0
1785428607231 377216 370036 7180 0
1785428607261 377216 370036 7180 0
1785428607287 377216 370036 7180 0
1785428607313 377216 370036 7180 0
1785428607337 377216 370036 7180 0
1785428607363 377216 370036 7180 0
1785428607391 377216 370036 7180 0
1785428607419 377216 370036 7180 0
1785428607447 377216 370036 7180 0
1785428607473 377216 370036 7180 0
1785428607502 377216 370036 7180 0
1785428607531 93760 89160 4600 0
1785428607553 412788 405608 7180 0
1785428607583 412648 405472 7176 0
1785428607612 418444 411264 7180 0
1785428607641 418444 411264 7180 0
1785428607671 418444 411264 7180 0
1785428607701 418444 411264 7180 0
1785428607730 418444 411264 7180 0
1785428607758 418444 411264 7180 0
1785428607786 418444 411264 7180 0
1785428607815 418444 411264 7180 0
1785428607846 418444 411264 7180 0
1785428607871 418444 411264 7180 0
1785428607902 418444 411264 7180 0
1785428607929 418444 411264 7180 0
1785428607953 418444 411264 7180 0
1785428607986 418444 411264 7180 0
1785428608012 418444 411264 7180 0
1785428608042 418444 411264 7180 0
1785428608066 418444 411264 7180 0
1785428608095 418444 411264 7180 0
1785428608124 418444 411264 7180 0
1785428608152 418444 411264 7180 0
1785428608182 418444 411264 7180 0
1785428608212 418444 411264 7180 0
1785428608243 418444 411264 7180 0
1785428608270 418444 411264 7180 0
1785428608298 418444 411264 7180 0
1785428608326 418444 411264 7180 0
1785428608355 418444 411264 7180 0
1785428608382 418444 411264 7180 0
1785428608412 418444 411264 7180 0
1785428608438 418444 411264 7180 0
1785428608469 418444 411264 7180 0
1785428608498 418444 411264 7180 0
1785428608524 418444 411264 7180 0
1785428608549 418444 411264 7180 0
1785428608578 418444 411264 7180 0
1785428608607 418444 411264 7180 0
1785428608633 418444 411264 7180 0
1785428608663 418444 411264 7180 0
1785428608687 418444 411264 7180 0
1785428608715 418444 411264 7180 0
1785428608745 418444 411264 7180 0
1785428608773 418444 411264 7180 0
1785428608802 418444 411264 7180 0
1785428608832 418444 411264 7180 0
1785428608861 418444 411264 7180 0
1785428608890 418444 411264 7180 0
1785428608915 418444 411264 7180 0
1785428608945 418444 411264 7180 0
1785428608969 418444 411264 7180 0
1785428608999 418444 411264 7180 0
1785428609028 418444 411264 7180 0
1785428609057 418444 411264 7180 0
1785428609087 418444 411264 7180 0
1785428609116 418444 411264 7180 0
1785428609143 418444 411264 7180 0
1785428609173 418444 411264 7180 0
1785428609203 418444 411264 7180 0
1785428609230 418444 411264 7180 0
1785428609257 418444 411264 7180 0
1785428609287 418444 411264 7180 0
1785428609316 418444 411264 7180 0
1785428609346 418444 411264 7180 0
1785428609375 418444 411264 7180 0
1785428609405 418444 411264 7180 0
1785428609432 418444 411264 7180 0
1785428609456 418444 411264 7180 0
1785428609485 418444 411264 7180 0
1785428609515 418444 411264 7180 0
1785428609544 418444 411264 7180 0
1785428609571 418444 411264 7180 0
1785428609601 418444 411264 7180 0
1785428609630 418444 411264 7180 0
1785428609660 418444 411264 7180 0
1785428609686 418444 411264 7180 0
1785428609715 418444 411264 7180 0
1785428609743 418444 411264 7180 0
1785428609771 418444 411264 7180 0
1785428609801 418444 411264 7180 0
1785428609828 418444 411264 7180 0
1785428609858 418444 411264 7180 0
1785428609886 418444 411264 7180 0
1785428609919 418444 411264 7180 0
1785428609948 418444 411264 7180 0
1785428609978 418444 411264 7180 0
1785428610007 418444 411264 7180 0
1785428610039 418444 411264 7180 0
1785428610070 418444 411264 7180 0
1785428610099 418444 411264 7180 0
1785428610128 418444 411264 7180 0
1785428610158 418444 411264 7180 0
1785428610187 418444 411264 7180 0
1785428610218 418444 411264 7180 0
1785428610249 418444 411264 7180 0
1785428610278 418444 411264 7180 0
1785428610308 418444 411264 7180 0
1785428610338 418444 411264 7180 0
1785428610367 418444 411264 7180 0
1785428610394 418444 411264 7180 0
1785428610424 418444 411264 7180 0
1785428610454 418444 411264 7180 0
1785428610483 418444 411264 7180 0
1785428610512 418444 411264 7180 0
1785428610542 418444 411264 7180 0
1785428610571 418444 411264 7180 0
1785428610598 418444 411264 7180 0
1785428610628 418444 411264 7180 0
1785428610658 418444 411264 7180 0
1785428610688 418444 411264 7180 0
1785428610716 418444 411264 7180 0
1785428610745 418444 411264 7180 0
1785428610774 418444 411264 7180 0
1785428610801 418444 411264 7180 0
1785428610831 418444 411264 7180 0
1785428610860 418444 411264 7180 0
1785428610888 418444 411264 7180 0
1785428610917 418444 411264 7180 0
1785428610945 418444 411264 7180 0
1785428610975 418444 411264 7180 0
1785428611004 418444 411264 7180 0
1785428611033 418444 411264 7180 0
1785428611059 418444 411264 7180 0
1785428611087 418444 411264 7180 0
1785428611114 418444 411264 7180 0
1785428611143 418444 411264 7180 0
1785428611168 418444 411264 7180 0
1785428611197 418444 411264 7180 0
1785428611228 418444 411264 7180 0
1785428611260 418448 411268 7180 0
1785428611289 418448 411268 7180 0
1785428611318 422292 415112 7180 0
1785428611345 422292 415112 7180 0
1785428611370 422292 415112 7180 0
1785428611400 422292 415112 7180 0
1785428611430 422292 415112 7180 0
1785428611460 422292 415112 7180 0
1785428611490 422292 415112 7180 0
1785428611519 422292 415112 7180 0
1785428611551 422292 415112 7180 0
1785428611578 422292 415112 7180 0
1785428611608 422292 415112 7180 0
1785428611637 422292 415112 7180 0
1785428611667 422292 415112 7180 0
1785428611692 422292 415112 7180 0
1785428611719 422292 415112 7180 0
1785428611748 422292 415112 7180 0
1785428611775 422292 415112 7180 0
1785428611803 422292 415112 7180 0
1785428611828 422292 415112 7180 0
1785428611858 422292 415112 7180 0
1785428611888 422292 415112 7180 0
1785428611917 422292 415112 7180 0
1785428611946 422292 415112 7180 0
1785428611976 422292 415112 7180 0
1785428612007 422292 415112 7180 0
1785428612035 422292 415112 7180 0
1785428612064 422292 415112 7180 0
1785428612095 422292 415112 7180 0
1785428612121 422292 415112 7180 0
1785428612150 422292 415112 7180 0
1785428612178 422292 415112 7180 0
1785428612207 422292 415112 7180 0
1785428612238 422292 415112 7180 0
1785428612268 422292 415112 7180 0
1785428612293 422292 415112 7180 0
1785428612317 422292 415112 7180 0
1785428612346 422292 415112 7180 0
1785428612375 422292 415112 7180 0
1785428612404 422292 415112 7180 0
1785428612434 422292 415112 7180 0
1785428612464 422292 415112 7180 0
1785428612494 422292 415112 7180 0
1785428612523 422292 415112 7180 0
1785428612552 427380 420200 7180 0
1785428612582 427240 420064 7176 0
1785428612612 433036 425856 7180 0
1785428612641 433036 425856 7180 0
1785428612671 433036 425856 7180 0
1785428612701 433036 425856 7180 0
1785428612732 433036 425856 7180 0
1785428612761 433036 425856 7180 0
1785428612790 433036 425856 7180 0
1785428612819 433036 425856 7180 0
1785428612850 433036 425856 7180 0
1785428612878 433036 425856 7180 0
1785428612906 433036 425856 7180 0
1785428612933 433036 425856 7180 0
1785428612963 433036 425856 7180 0
1785428612993 433036 425856 7180 0
1785428613022 433036 425856 7180 0
1785428613051 433036 425856 7180 0
1785428613080 433036 425856 7180 0
1785428613109 433036 425856 7180 0
1785428613138 433036 425856 7180 0
1785428613170 433036 425856 7180 0
1785428613196 433036 425856 7180 0
1785428613227 433036 425856 7180 0
1785428613255 433036 425856 7180 0
1785428613279 433036 425856 7180 0
1785428613310 433036 425856 7180 0
1785428613340 433036 425856 7180 0
1785428613365 433036 425856 7180 0
1785428613397 433036 425856 7180 0
1785428613425 433036 425856 7180 0
1785428613454 433036 425856 7180 0
1785428613483 433036 425856 7180 0
1785428613513 433036 425856 7180 0
1785428613540 433036 425856 7180 0
1785428613567 433036 425856 7180 0
1785428613597 433036 425856 7180 0
1785428613627 433036 425856 7180 0
1785428613658 433036 425856 7180 0
1785428613688 433036 425856 7180 0
1785428613716 433036 425856 7180 0
1785428613746 433036 425856 7180 0
1785428613775 433036 425856 7180 0
1785428613806 433036 425856 7180 0
1785428613833 433036 425856 7180 0
1785428613862 377216 370036 7180 0
1785428613890 377216 370036 7180 0
1785428613918 377216 370036 7180 0
1785428613946 377216 370036 7180 0
1785428613975 377216 370036 7180 0
1785428614005 377216 370036 7180 0
1785428614033 377216 370036 7180 0
1785428614062 377216 370036 7180 0
1785428614090 377216 370036 7180 0
1785428614116 377216 370036 7180 0
1785428614143 377216 370036 7180 0
1785428614171 377216 370036 7180 0
1785428614199 377216 370036 7180 0
1785428614226 377216 370036 7180 0
1785428614254 377216 370036 7180 0
1785428614283 377216 370036 7180 0
1785428614308 377216 370036 7180 0
1785428614334 377216 370036 7180 0
1785428614361 377216 370036 7180 0
1785428614389 377216 370036 7180 0
1785428614414 377216 370036 7180 0
1785428614438 377216 370036 7180 0
1785428614468 377216 370036 7180 0
1785428614494 377216 370036 7180 0
1785428614522 377216 370036 7180 0
1785428614550 377216 370036 7180 0
1785428614578 377216 370036 7180 0
1785428614607 377216 370036 7180 0
1785428614632 377216 370036 7180 0
1785428614658 377216 370036 7180 0
1785428614686 377216 370036 7180 0
1785428614714 395836 388660 7176 0
1785428614739 412788 405608 7180 0
1785428614768 415996 408820 7176 0
1785428614794 418444 411264 7180 0
1785428614825 418444 411264 7180 0
1785428614854 418444 411264 7180 0
1785428614882 418444 411264 7180 0
1785428614909 418444 411264 7180 0
1785428614935 418444 411264 7180 0
1785428614964 418444 411264 7180 0
1785428614992 418444 411264 7180 0
1785428615020 418444 411264 7180 0
1785428615046 418444 411264 7180 0
1785428615076 418444 411264 7180 0
1785428615106 418444 411264 7180 0
1785428615133 418444 411264 7180 0
1785428615162 418444 411264 7180 0
1785428615190 418444 411264 7180 0
1785428615220 418444 411264 7180 0
1785428615248 418444 411264 7180 0
1785428615276 418444 411264 7180 0
1785428615301 418444 411264 7180 0
1785428615331 418444 411264 7180 0
1785428615360 418444 411264 7180 0
1785428615389 418444 411264 7180 0
1785428615419 418444 411264 7180 0
1785428615450 418444 411264 7180 0
1785428615478 418444 411264 7180 0
1785428615505 418444 411264 7180 0
1785428615532 418444 411264 7180 0
1785428615562 418444 411264 7180 0
1785428615588 418444 411264 7180 0
1785428615616 418444 411264 7180 0
1785428615644 418444 411264 7180 0
1785428615673 418444 411264 7180 0
1785428615701 418444 411264 7180 0
1785428615731 418444 411264 7180 0
1785428615756 418444 411264 7180 0
1785428615787 418444 411264 7180 0
1785428615815 418444 411264 7180 0
1785428615842 418444 411264 7180 0
1785428615871 418444 411264 7180 0
1785428615900 418444 411264 7180 0
1785428615931 418444 411264 7180 0
1785428615956 418444 411264 7180 0
1785428615984 418444 411264 7180 0
1785428616009 418444 411264 7180 0
1785428616039 418444 411264 7180 0
1785428616068 418444 411264 7180 0
1785428616095 418444 411264 7180 0
1785428616121 418444 411264 7180 0
1785428616146 418444 411264 7180 0
1785428616177 418444 411264 7180 0
1785428616203 418444 411264 7180 0
1785428616232 418444 411264 7180 0
1785428616262 418444 411264 7180 0
1785428616291 418444 411264 7180 0
1785428616320 418444 411264 7180 0
1785428616344 418444 411264 7180 0
1785428616371 418444 411264 7180 0
1785428616400 418444 411264 7180 0
1785428616430 418444 411264 7180 0
1785428616460 418444 411264 7180 0
1785428616488 418444 411264 7180 0
1785428616517 418444 411264 7180 0
1785428616547 418444 411264 7180 0
1785428616577 418444 411264 7180 0
1785428616604 418444 411264 7180 0
1785428616632 418444 411264 7180 0
1785428616658 418444 411264 7180 0
1785428616688 418444 411264 7180 0
1785428616714 418444 411264 7180 0
1785428616744 418444 411264 7180 0
1785428616770 418444 411264 7180 0
1785428616796 418444 411264 7180 0
1785428616827 418444 411264 7180 0
1785428616857 418444 411264 7180 0
1785428616886 418444 411264 7180 0
1785428616916 418444 411264 7180 0
1785428616944 418444 411264 7180 0
1785428616975 418444 411264 7180 0
1785428617004 418444 411264 7180 0
1785428617029 418444 411264 7180 0
1785428617055 418444 411264 7180 0
1785428617085 418444 411264 7180 0
1785428617115 418444 411264 7180 0
1785428617142 418444 411264 7180 0
1785428617172 418444 411264 7180 0
1785428617201 418444 411264 7180 0
1785428617231 418444 411264 7180 0
1785428617258 418444 411264 7180 0
1785428617287 418444 411264 7180 0
1785428617318 418444 411264 7180 0
1785428617349 418444 411264 7180 0
1785428617379 418444 411264 7180 0
1785428617409 418444 411264 7180 0
1785428617434 418444 411264 7180 0
1785428617465 418444 411264 7180 0
1785428617495 418444 411264 7180 0
1785428617526 418444 411264 7180 0
1785428617556 418444 411264 7180 0
1785428617586 418444 411264 7180 0
1785428617614 418444 411264 7180 0
1785428617644 418444 411264 7180 0
1785428617675 418444 411264 7180 0
1785428617703 418444 411264 7180 0
1785428617732 418444 411264 7180 0
1785428617761 418444 411264 7180 0
1785428617789 418444 411264 7180 0
1785428617818 418444 411264 7180 0
1785428617847 418444 411264 7180 0
1785428617876 418444 411264 7180 0
1785428617906 418444 411264 7180 0
1785428617934 418444 411264 7180 0
1785428617964 418444 411264 7180 0
1785428617993 418444 411264 7180 0
1785428618020 418444 411264 7180 0
1785428618050 418444 411264 7180 0
1785428618081 418444 411264 7180 0
1785428618106 418444 411264 7180 0
1785428618131 418444 411264 7180 0
1785428618160 418444 411264 7180 0
1785428618189 418444 411264 7180 0
1785428618219 418444 411264 7180 0
1785428618249 418444 411264 7180 0
1785428618278 418444 411264 7180 0
1785428618308 418448 411268 7180 0
1785428618337 418308 411132 7176 0
1785428618365 422292 415112 7180 0
1785428618395 422292 415112 7180 0
1785428618424 422292 415112 7180 0
1785428618455 422292 415112 7180 0
1785428618483 422292 415112 7180 0
1785428618512 422292 415112 7180 0
1785428618542 422292 415112 7180 0
1785428618571 422292 415112 7180 0
1785428618601 422292 415112 7180 0
1785428618629 422292 415112 7180 0
1785428618658 422292 415112 7180 0
1785428618688 422292 415112 7180 0
1785428618716 422292 415112 7180 0
1785428618746 422292 415112 7180 0
1785428618774 422292 415112 7180 0
1785428618804 422292 415112 7180 0
1785428618829 422292 415112 7180 0
1785428618855 422292 415112 7180 0
1785428618884 422292 415112 7180 0
1785428618914 422292 415112 7180 0
1785428618943 422292 415112 7180 0
1785428618971 422292 415112 7180 0
1785428619000 422292 415112 7180 0
1785428619029 422292 415112 7180 0
1785428619059 422292 415112 7180 0
1785428619084 422292 415112 7180 0
1785428619114 422292 415112 7180 0
1785428619142 422292 415112 7180 0
1785428619169 422292 415112 7180 0
1785428619199 422292 415112 7180 0
1785428619230 422292 415112 7180 0
1785428619258 422292 415112 7180 0
1785428619287 422292 415112 7180 0
1785428619318 422292 415112 7180 0
1785428619351 422292 415112 7180 0
1785428619383 422292 415112 7180 0
1785428619413 422292 415112 7180 0
1785428619441 422292 415112 7180 0
1785428619471 422292 415112 7180 0
1785428619501 422292 415112 7180 0
1785428619530 422292 415112 7180 0
1785428619559 422292 415112 7180 0
1785428619589 422292 415112 7180 0
1785428619618 422292 415112 7180 0
1785428619647 422292 415112 7180 0
1785428619678 422292 415112 7180 0
1785428619705 427380 420200 7180 0
1785428619735 427380 420200 7180 0
1785428619764 433036 425856 7180 0
1785428619792 433036 425856 7180 0
1785428619823 433036 425856 7180 0
1785428619854 433036 425856 7180 0
1785428619884 433036 425856 7180 0
1785428619914 433036 425856 7180 0
1785428619944 433036 425856 7180 0
1785428619974 433036 425856 7180 0
1785428620004 433036 425856 7180 0
1785428620033 433036 425856 7180 0
1785428620061 433036 425856 7180 0
1785428620091 433036 425856 7180 0
1785428620117 433036 425856 7180 0
1785428620144 433036 425856 7180 0
1785428620172 433036 425856 7180 0
1785428620202 433036 425856 7180 0
1785428620227 433036 425856 7180 0
1785428620258 433036 425856 7180 0
1785428620287 433040 425860 7180 0
1785428620313 433040 425860 7180 0
1785428620343 433040 425860 7180 0
1785428620374 433040 425860 7180 0
1785428620405 433040 425860 7180 0
1785428620434 433040 425860 7180 0
1785428620464 433040 425860 7180 0
1785428620493 433040 425860 7180 0
1785428620522 433040 425860 7180 0
1785428620549 433040 425860 7180 0
1785428620577 433040 425860 7180 0
1785428620607 433040 425860 7180 0
1785428620636 433040 425860 7180 0
1785428620666 433040 425860 7180 0
1785428620695 433040 425860 7180 0
1785428620724 433040 425860 7180 0
1785428620753 433040 425860 7180 0
1785428620783 433040 425860 7180 0
1785428620808 433040 425860 7180 0
1785428620838 433040 425860 7180 0
1785428620867 433040 425860 7180 0
1785428620897 433040 425860 7180 0
1785428620923 433040 425860 7180 0
1785428620953 433040 425860 7180 0
1785428620978 433040 425860 7180 0
1785428621007 433040 425860 7180 0
1785428621036 433040 425860 7180 0
1785428621064 377216 370036 7180 0
1785428621093 377216 370036 7180 0
1785428621119 377216 370036 7180 0
1785428621148 377216 370036 7180 0
1785428621176 377216 370036 7180 0
1785428621204 377216 370036 7180 0
1785428621232 377216 370036 7180 0
1785428621259 377216 370036 7180 0
1785428621288 377216 370036 7180 0
1785428621315 377216 370036 7180 0
1785428621341 377216 370036 7180 0
1785428621369 377216 370036 7180 0
1785428621395 377216 370036 7180 0
1785428621422 377216 370036 7180 0
1785428621449 377216 370036 7180 0
1785428621478 377216 370036 7180 0
1785428621506 377216 370036 7180 0
1785428621536 377216 370036 7180 0
1785428621563 377216 370036 7180 0
1785428621592 377216 370036 7180 0
1785428621620 377216 370036 7180 0
1785428621649 377216 370036 7180 0
1785428621676 377216 370036 7180 0
1785428621706 377216 370036 7180 0
1785428621735 377216 370036 7180 0
1785428621763 377216 370036 7180 0
1785428621791 377216 370036 7180 0
1785428621819 377216 370036 7180 0
1785428621850 377216 370036 7180 0
1785428621877 377216 370036 7180 0
1785428621903 377216 370036 7180 0
1785428621929 377216 370036 7180 0
1785428621959 403420 396244 7176 0
1785428621988 412788 405608 7180 0
1785428622017 418444 411264 7180 0
1785428622046 418444 411264 7180 0
1785428622075 418444 411264 7180 0
1785428622105 418444 411264 7180 0
1785428622134 418444 411264 7180 0
1785428622160 418444 411264 7180 0
1785428622184 418444 411264 7180 0
1785428622208 418444 411264 7180 0
1785428622238 418444 411264 7180 0
1785428622264 418444 411264 7180 0
1785428622293 418444 411264 7180 0
1785428622323 418444 411264 7180 0
1785428622352 418444 411264 7180 0
1785428622383 418444 411264 7180 0
1785428622412 418444 411264 7180 0
1785428622441 418444 411264 7180 0
1785428622470 418444 411264 7180 0
1785428622497 418444 411264 7180 0
1785428622529 418448 411268 7180 0
1785428622558 418448 411268 7180 0
1785428622587 418448 411268 7180 0
1785428622612 418448 411268 7180 0
1785428622639 418448 411268 7180 0
1785428622666 418448 411268 7180 0
1785428622697 418448 411268 7180 0
1785428622726 418448 411268 7180 0
1785428622756 418448 411268 7180 0
1785428622785 418448 411268 7180 0
1785428622816 418448 411268 7180 0
1785428622845 418448 411268 7180 0
1785428622875 418448 411268 7180 0
1785428622905 418448 411268 7180 0
1785428622936 418448 411268 7180 0
1785428622966 418448 411268 7180 0
1785428622996 418448 411268 7180 0
1785428623024 418448 411268 7180 0
1785428623053 418448 411268 7180 0
1785428623083 418448 411268 7180 0
1785428623112 418448 411268 7180 0
1785428623139 418448 411268 7180 0
1785428623168 418448 411268 7180 0
1785428623198 418448 411268 7180 0
1785428623223 418448 411268 7180 0
1785428623252 418448 411268 7180 0
1785428623283 418448 411268 7180 0
1785428623312 418448 411268 7180 0
1785428623341 418448 411268 7180 0
1785428623371 418448 411268 7180 0
1785428623401 418448 411268 7180 0
1785428623431 418448 411268 7180 0
1785428623458 418448 411268 7180 0
1785428623489 418448 411268 7180 0
1785428623518 418448 411268 7180 0
1785428623546 418448 411268 7180 0
1785428623577 418448 411268 7180 0
1785428623601 418448 411268 7180 0
1785428623631 418448 411268 7180 0
1785428623658 418448 411268 7180 0
1785428623688 418448 411268 7180 0
1785428623716 418448 411268 7180 0
1785428623741 418448 411268 7180 0
1785428623771 418448 411268 7180 0
1785428623800 418448 411268 7180 0
1785428623824 418448 411268 7180 0
1785428623855 418448 411268 7180 0
1785428623885 418448 411268 7180 0
1785428623909 418448 411268 7180 0
1785428623938 418448 411268 7180 0
1785428623968 418448 411268 7180 0
1785428623999 418448 411268 7180 0
1785428624029 418448 411268 7180 0
1785428624059 418448 411268 7180 0
1785428624088 418448 411268 7180 0
1785428624117 418448 411268 7180 0
1785428624145 418448 411268 7180 0
1785428624170 418448 411268 7180 0
1785428624201 418448 411268 7180 0
1785428624224 418448 411268 7180 0
1785428624253 418448 411268 7180 0
1785428624278 418448 411268 7180 0
1785428624306 418448 411268 7180 0
1785428624332 418448 411268 7180 0
1785428624362 418448 411268 7180 0
1785428624392 418448 411268 7180 0
1785428624418 418448 411268 7180 0
1785428624446 418448 411268 7180 0
1785428624476 418448 411268 7180 0
1785428624506 418448 411268 7180 0
1785428624534 418448 411268 7180 0
1785428624564 418448 411268 7180 0
1785428624593 418448 411268 7180 0
1785428624619 418448 411268 7180 0
1785428624649 418448 411268 7180 0
1785428624679 418448 411268 7180 0
1785428624705 418448 411268 7180 0
1785428624730 418448 411268 7180 0
1785428624760 418448 411268 7180 0
1785428624791 418448 411268 7180 0
1785428624819 418448 411268 7180 0
1785428624849 418448 411268 7180 0
1785428624878 418448 411268 7180 0
1785428624908 418448 411268 7180 0
1785428624938 418448 411268 7180 0
1785428624967 418448 411268 7180 0
1785428624995 418448 411268 7180 0
1785428625024 418448 411268 7180 0
1785428625050 418448 411268 7180 0
1785428625081 418448 411268 7180 0
1785428625110 418448 411268 7180 0
1785428625139 418448 411268 7180 0
1785428625165 418448 411268 7180 0
1785428625195 418448 411268 7180 0
1785428625225 418448 411268 7180 0
1785428625253 418448 411268 7180 0
1785428625282 418448 411268 7180 0
1785428625309 418448 411268 7180 0
1785428625338 418448 411268 7180 0
1785428625368 418448 411268 7180 0
1785428625399 418448 411268 7180 0
1785428625424 418448 411268 7180 0
1785428625454 418452 411272 7180 0
1785428625483 418452 411272 7180 0
1785428625514 422292 415112 7180 0
1785428625542 422292 415112 7180 0
1785428625565 422292 415112 7180 0
1785428625595 422292 415112 7180 0
1785428625624 422292 415112 7180 0
1785428625653 422292 415112 7180 0
1785428625682 422292 415112 7180 0
1785428625710 422292 415112 7180 0
1785428625738 422292 415112 7180 0
1785428625764 422292 415112 7180 0
1785428625792 422292 415112 7180 0
1785428625821 422292 415112 7180 0
1785428625849 422292 415112 7180 0
1785428625879 422292 415112 7180 0
1785428625910 422292 415112 7180 0
1785428625939 422292 415112 7180 0
1785428625969 422292 415112 7180 0
1785428625999 422292 415112 7180 0
1785428626028 422292 415112 7180 0
1785428626058 422292 415112 7180 0
1785428626086 422292 415112 7180 0
1785428626116 422292 415112 7180 0
1785428626143 422292 415112 7180 0
1785428626172 422292 415112 7180 0
1785428626202 422292 415112 7180 0
1785428626228 422292 415112 7180 0
1785428626256 422292 415112 7180 0
1785428626286 422292 415112 7180 0
1785428626311 422292 415112 7180 0
1785428626340 422292 415112 7180 0
1785428626367 422292 415112 7180 0
1785428626395 422292 415112 7180 0
1785428626421 422292 415112 7180 0
1785428626450 422292 415112 7180 0
1785428626476 422292 415112 7180 0
1785428626506 422292 415112 7180 0
1785428626532 422292 415112 7180 0
1785428626562 422292 415112 7180 0
1785428626594 422292 415112 7180 0
1785428626624 422292 415112 7180 0
1785428626654 422292 415112 7180 0
1785428626685 422292 415112 7180 0
1785428626715 422292 415112 7180 0
1785428626745 422292 415112 7180 0
1785428626774 422292 415112 7180 0
1785428626800 424248 418468 5780 0
1785428626828 427384 420204 7180 0
1785428626855 433040 425860 7180 0
1785428626884 433040 425860 7180 0
1785428626914 433040 425860 7180 0
1785428626944 433040 425860 7180 0
1785428626974 433040 425860 7180 0
1785428627003 433040 425860 7180 0
1785428627032 433040 425860 7180 0
1785428627065 433040 425860 7180 0
1785428627095 433040 425860 7180 0
1785428627126 433040 425860 7180 0
1785428627156 433040 425860 7180 0
1785428627182 433040 425860 7180 0
1785428627208 433040 425860 7180 0
1785428627237 433040 425860 7180 0
1785428627267 433040 425860 7180 0
1785428627296 433040 425860 7180 0
1785428627326 433040 425860 7180 0
1785428627356 433040 425860 7180 0
1785428627386 433040 425860 7180 0
1785428627413 433040 425860 7180 0
1785428627442 433040 425860 7180 0
1785428627469 433040 425860 7180 0
1785428627500 433040 425860 7180 0
1785428627528 433040 425860 7180 0
1785428627559 433040 425860 7180 0
1785428627589 433040 425860 7180 0
1785428627620 433040 425860 7180 0
1785428627644 433040 425860 7180 0
1785428627668 433040 425860 7180 0
1785428627699 433040 425860 7180 0
1785428627728 433040 425860 7180 0
1785428627757 433040 425860 7180 0
1785428627787 433040 425860 7180 0
1785428627817 433040 425860 7180 0
1785428627847 433040 425860 7180 0
1785428627877 433040 425860 7180 0
1785428627907 433040 425860 7180 0
1785428627936 433040 425860 7180 0
1785428627965 433040 425860 7180 0
1785428627990 433040 425860 7180 0
1785428628013 433040 425860 7180 0
1785428628043 433040 425860 7180 0
1785428628075 433040 425860 7180 0
1785428628106 377216 370036 7180 0
1785428628134 377216 370036 7180 0
1785428628162 377216 370036 7180 0
1785428628188 377216 370036 7180 0
1785428628214 377216 370036 7180 0
1785428628239 377216 370036 7180 0
1785428628267 377216 370036 7180 0
1785428628295 377216 370036 7180 0
1785428628320 377216 370036 7180 0
1785428628348 377216 370036 7180 0
1785428628377 377216 370036 7180 0
1785428628404 377216 370036 7180 0
1785428628434 377216 370036 7180 0
1785428628459 377216 370036 7180 0
1785428628487 377216 370036 7180 0
1785428628514 377216 370036 7180 0
1785428628543 377216 370036 7180 0
1785428628572 377216 370036 7180 0
1785428628597 377216 370036 7180 0
1785428628624 377216 370036 7180 0
1785428628652 377216 370036 7180 0
1785428628681 377216 370036 7180 0
1785428628708 377216 370036 7180 0
1785428628734 377216 370036 7180 0
1785428628763 377216 370036 7180 0
1785428628788 377216 370036 7180 0
1785428628816 377216 370036 7180 0
1785428628845 377216 370036 7180 0
1785428628873 377216 370036 7180 0
1785428628897 377216 370036 7180 0
1785428628926 377216 370036 7180 0
1785428628954 377216 370036 7180 0
1785428628982 380672 376628 4044 0
1785428629011 412792 405612 7180 0
1785428629041 412792 405612 7180 0
1785428629071 418448 411268 7180 0
1785428629100 418448 411268 7180 0
1785428629129 418448 411268 7180 0
1785428629160 418448 411268 7180 0
1785428629186 418448 411268 7180 0
1785428629215 418448 411268 7180 0
1785428629244 418448 411268 7180 0
1785428629273 418448 411268 7180 0
1785428629303 418448 411268 7180 0
1785428629332 418448 411268 7180 0
1785428629360 418448 411268 7180 0
1785428629386 418448 411268 7180 0
1785428629413 418448 411268 7180 0
1785428629439 418448 411268 7180 0
1785428629467 418448 411268 7180 0
1785428629493 418448 411268 7180 0
1785428629523 418448 411268 7180 0
1785428629553 418448 411268 7180 0
1785428629581 418448 411268 7180 0
1785428629611 418448 411268 7180 0
1785428629639 418448 411268 7180 0
1785428629670 418448 411268 7180 0
1785428629699 418448 411268 7180 0
1785428629728 418448 411268 7180 0
1785428629758 418448 411268 7180 0
1785428629788 418448 411268 7180 0
1785428629817 418448 411268 7180 0
1785428629848 418448 411268 7180 0
1785428629878 418448 411268 7180 0
1785428629907 418448 411268 7180 0
1785428629934 418448 411268 7180 0
1785428629964 418448 411268 7180 0
1785428629996 418448 411268 7180 0
1785428630026 418448 411268 7180 0
1785428630055 418448 411268 7180 0
1785428630084 418448 411268 7180 0
1785428630112 418448 411268 7180 0
1785428630141 418448 411268 7180 0
1785428630172 418448 411268 7180 0
1785428630201 418448 411268 7180 0
1785428630231 418448 411268 7180 0
1785428630261 418448 411268 7180 0
1785428630290 418448 411268 7180 0
1785428630318 418448 411268 7180 0
1785428630346 418448 411268 7180 0
1785428630375 418448 411268 7180 0
1785428630405 418448 411268 7180 0
1785428630431 418448 411268 7180 0
1785428630457 418448 411268 7180 0
1785428630485 418448 411268 7180 0
1785428630514 418448 411268 7180 0
1785428630541 418448 411268 7180 0
1785428630572 418448 411268 7180 0
1785428630601 418448 411268 7180 0
1785428630628 418448 411268 7180 0
1785428630657 418448 411268 7180 0
1785428630685 418448 411268 7180 0
1785428630714 418448 411268 7180 0
1785428630743 418448 411268 7180 0
1785428630772 418448 411268 7180 0
1785428630802 418448 411268 7180 0
1785428630830 418448 411268 7180 0
1785428630859 418448 411268 7180 0
1785428630887 418448 411268 7180 0
1785428630914 418448 411268 7180 0
1785428630945 418448 411268 7180 0
1785428630972 418448 411268 7180 0
1785428631000 418448 411268 7180 0
1785428631026 418448 411268 7180 0
1785428631056 418448 411268 7180 0
1785428631086 418448 411268 7180 0
1785428631115 418448 411268 7180 0
1785428631143 418448 411268 7180 0
1785428631172 418448 411268 7180 0
1785428631202 418448 411268 7180 0
1785428631231 418448 411268 7180 0
1785428631260 418448 411268 7180 0
1785428631287 418448 411268 7180 0
1785428631317 418448 411268 7180 0
1785428631345 418448 411268 7180 0
1785428631375 418448 411268 7180 0
1785428631406 418448 411268 7180 0
1785428631436 418448 411268 7180 0
1785428631465 418448 411268 7180 0
1785428631495 418448 411268 7180 0
1785428631525 418448 411268 7180 0
1785428631555 418448 411268 7180 0
1785428631583 418448 411268 7180 0
1785428631610 418448 411268 7180 0
1785428631640 418448 411268 7180 0
1785428631666 418448 411268 7180 0
1785428631691 418448 411268 7180 0
1785428631721 418448 411268 7180 0
1785428631748 418448 411268 7180 0
1785428631775 418448 411268 7180 0
1785428631805 418448 411268 7180 0
1785428631832 418448 411268 7180 0
1785428631863 418448 411268 7180 0
1785428631893 418448 411268 7180 0
1785428631922 418448 411268 7180 0
1785428631951 418448 411268 7180 0
1785428631980 418448 411268 7180 0
1785428632010 418448 411268 7180 0
1785428632040 418448 411268 7180 0
1785428632071 418448 411268 7180 0
1785428632102 418448 411268 7180 0
1785428632128 418448 411268 7180 0
1785428632157 418448 411268 7180 0
1785428632188 418448 411268 7180 0
1785428632217 418448 411268 7180 0
1785428632248 418448 411268 7180 0
1785428632277 418448 411268 7180 0
1785428632305 418448 411268 7180 0
1785428632336 418448 411268 7180 0
1785428632366 418448 411268 7180 0
1785428632396 418448 411268 7180 0
1785428632423 418448 411268 7180 0
1785428632452 418448 411268 7180 0
1785428632482 418448 411268 7180 0
1785428632508 418448 411268 7180 0
1785428632538 418448 411268 7180 0
1785428632565 418448 411268 7180 0
1785428632593 418448 411268 7180 0
1785428632622 418448 411268 7180 0
1785428632649 418448 411268 7180 0
1785428632679 418448 411268 7180 0
1785428632709 418448 411268 7180 0
1785428632740 418448 411268 7180 0
1785428632770 418448 411268 7180 0
1785428632799 418448 411268 7180 0
1785428632829 418452 411272 7180 0
1785428632860 418312 411136 7176 0
1785428632890 422292 415112 7180 0
1785428632920 422292 415112 7180 0
1785428632949 422292 415112 7180 0
1785428632979 422292 415112 7180 0
1785428633005 422292 415112 7180 0
1785428633035 422292 415112 7180 0
1785428633064 422292 415112 7180 0
1785428633094 422292 415112 7180 0
1785428633124 422292 415112 7180 0
1785428633154 422292 415112 7180 0
1785428633184 422292 415112 7180 0
1785428633211 422292 415112 7180 0
1785428633240 422292 415112 7180 0
1785428633270 422296 415116 7180 0
1785428633296 422296 415116 7180 0
1785428633326 422296 415116 7180 0
1785428633355 422296 415116 7180 0
1785428633384 422296 415116 7180 0
1785428633410 422296 415116 7180 0
1785428633439 422296 415116 7180 0
1785428633467 422296 415116 7180 0
1785428633494 422296 415116 7180 0
1785428633521 422296 415116 7180 0
1785428633547 422296 415116 7180 0
1785428633577 422296 415116 7180 0
1785428633607 422296 415116 7180 0
1785428633635 422296 415116 7180 0
1785428633662 422296 415116 7180 0
1785428633691 422296 415116 7180 0
1785428633719 422296 415116 7180 0
1785428633749 422296 415116 7180 0
1785428633778 422296 415116 7180 0
1785428633809 422296 415116 7180 0
1785428633835 422296 415116 7180 0
1785428633865 422296 415116 7180 0
1785428633891 422296 415116 7180 0
1785428633920 422296 415116 7180 0
1785428633948 422296 415116 7180 0
1785428633979 422296 415116 7180 0
1785428634008 422296 415116 7180 0
1785428634034 422296 415116 7180 0
1785428634064 422296 415116 7180 0
1785428634092 422296 415116 7180 0
1785428634120 422296 415116 7180 0
1785428634150 422296 415116 7180 0
1785428634177 422296 415116 7180 0
1785428634204 422296 415116 7180 0
1785428634229 422296 415116 7180 0
1785428634259 422296 415116 7180 0
1785428634286 422296 415116 7180 0
1785428634317 427384 420204 7180 0
1785428634345 427384 420204 7180 0
1785428634376 433040 425860 7180 0
1785428634406 433040 425860 7180 0
1785428634435 433040 425860 7180 0
1785428634463 433040 425860 7180 0
1785428634490 433040 425860 7180 0
1785428634519 433040 425860 7180 0
1785428634549 433040 425860 7180 0
1785428634578 433040 425860 7180 0
1785428634608 433040 425860 7180 0
1785428634635 433040 425860 7180 0
1785428634665 433040 425860 7180 0
1785428634694 433040 425860 7180 0
1785428634721 433040 425860 7180 0
1785428634750 433040 425860 7180 0
1785428634780 433040 425860 7180 0
1785428634809 433040 425860 7180 0
1785428634838 433040 425860 7180 0
1785428634867 433040 425860 7180 0
1785428634897 433040 425860 7180 0
1785428634927 433040 425860 7180 0
1785428634956 433040 425860 7180 0
1785428634986 433040 425860 7180 0
1785428635014 433040 425860 7180 0
1785428635044 433040 425860 7180 0
1785428635071 433040 425860 7180 0
1785428635101 433040 425860 7180 0
1785428635129 433040 425860 7180 0
1785428635157 433040 425860 7180 0
1785428635186 433040 425860 7180 0
1785428635213 433040 425860 7180 0
1785428635244 433040 425860 7180 0
1785428635273 433040 425860 7180 0
1785428635303 433040 425860 7180 0
1785428635329 433040 425860 7180 0
1785428635359 377216 370036 7180 0
1785428635388 377216 370036 7180 0
1785428635413 377216 370036 7180 0
1785428635443 377216 370036 7180 0
1785428635469 377216 370036 7180 0
1785428635498 377216 370036 7180 0
1785428635526 377216 370036 7180 0
1785428635556 377216 370036 7180 0
1785428635584 377216 370036 7180 0
1785428635611 377216 370036 7180 0
1785428635638 377216 370036 7180 0
1785428635668 377216 370036 7180 0
1785428635697 377216 370036 7180 0
1785428635724 377216 370036 7180 0
1785428635754 377216 370036 7180 0
1785428635781 377216 370036 7180 0
1785428635810 377216 370036 7180 0
1785428635839 377216 370036 7180 0
1785428635868 377216 370036 7180 0
1785428635897 377216 370036 7180 0
1785428635923 377216 370036 7180 0
1785428635953 377216 370036 7180 0
1785428635981 377216 370036 7180 0
1785428636011 377216 370036 7180 0
1785428636040 377216 370036 7180 0
1785428636068 377216 370036 7180 0
1785428636098 377216 370036 7180 0
1785428636128 377216 370036 7180 0
1785428636154 377216 370036 7180 0
1785428636184 377216 370036 7180 0
1785428636209 377216 370036 7180 0
1785428636239 377216 370036 7180 0
1785428636268 377216 370036 7180 0
1785428636295 377216 370036 7180 0
1785428636325 377216 370036 7180 0
1785428636352 377216 370036 7180 0
1785428636381 377216 370036 7180 0
1785428636405 377216 370036 7180 0
1785428636431 377216 370036 7180 0
1785428636459 377216 370036 7180 0
1785428636489 377216 370036 7180 0
1785428636516 377216 370036 7180 0
1785428636541 377216 370036 7180 0
1785428636569 377216 370036 7180 0
1785428636597 377216 370036 7180 0
1785428636625 377216 370036 7180 0
1785428636654 377216 370036 7180 0
1785428636683 377216 370036 7180 0
1785428636710 383936 376760 7176 0
1785428636737 412792 405612 7180 0
1785428636767 412792 405612 7180 0
1785428636794 418448 411268 7180 0
1785428636823 418448 411268 7180 0
1785428636849 418448 411268 7180 0
1785428636881 418448 411268 7180 0
1785428636912 418448 411268 7180 0
1785428636941 418448 411268 7180 0
1785428636972 418448 411268 7180 0
1785428637001 418448 411268 7180 0
1785428637032 418448 411268 7180 0
1785428637056 418448 411268 7180 0
1785428637086 418448 411268 7180 0
1785428637114 418448 411268 7180 0
1785428637146 418448 411268 7180 0
1785428637176 418448 411268 7180 0
1785428637204 418448 411268 7180 0
1785428637230 418448 411268 7180 0
1785428637260 418448 411268 7180 0
1785428637290 418448 411268 7180 0
1785428637319 418448 411268 7180 0
1785428637348 418448 411268 7180 0
1785428637377 418448 411268 7180 0
1785428637407 418448 411268 7180 0
1785428637437 418448 411268 7180 0
1785428637466 418448 411268 7180 0
1785428637490 418448 411268 7180 0
1785428637520 418448 411268 7180 0
1785428637550 418448 411268 7180 0
1785428637580 418448 411268 7180 0
1785428637609 418448 411268 7180 0
1785428637637 418448 411268 7180 0
1785428637665 418448 411268 7180 0
1785428637695 418448 411268 7180 0
1785428637724 418448 411268 7180 0
1785428637753 418448 411268 7180 0
1785428637781 418448 411268 7180 0
1785428637811 418448 411268 7180 0
1785428637837 418448 411268 7180 0
1785428637866 418448 411268 7180 0
1785428637896 418448 411268 7180 0
1785428637925 418448 411268 7180 0
1785428637954 418448 411268 7180 0
1785428637982 418448 411268 7180 0
1785428638009 418448 411268 7180 0
1785428638039 418448 411268 7180 0
1785428638065 418448 411268 7180 0
1785428638093 418448 411268 7180 0
1785428638122 418448 411268 7180 0
1785428638148 418448 411268 7180 0
1785428638175 418448 411268 7180 0
1785428638205 418448 411268 7180 0
1785428638232 418448 411268 7180 0
1785428638261 418448 411268 7180 0
1785428638287 418448 411268 7180 0
1785428638317 418448 411268 7180 0
1785428638347 418448 411268 7180 0
1785428638374 418448 411268 7180 0
1785428638402 418448 411268 7180 0
1785428638432 418448 411268 7180 0
1785428638457 418448 411268 7180 0
1785428638486 418448 411268 7180 0
1785428638516 418448 411268 7180 0
1785428638542 418448 411268 7180 0
1785428638571 418448 411268 7180 0
1785428638597 418448 411268 7180 0
1785428638626 418448 411268 7180 0
1785428638655 418448 411268 7180 0
1785428638685 418448 411268 7180 0
1785428638715 418448 411268 7180 0
1785428638745 418448 411268 7180 0
1785428638771 418448 411268 7180 0
1785428638802 418448 411268 7180 0
1785428638830 418448 411268 7180 0
1785428638854 418448 411268 7180 0
1785428638885 418448 411268 7180 0
1785428638909 418448 411268 7180 0
1785428638939 418448 411268 7180 0
1785428638969 418448 411268 7180 0
1785428638996 418448 411268 7180 0
1785428639024 418448 411268 7180 0
1785428639050 418448 411268 7180 0
1785428639079 418448 411268 7180 0
1785428639109 418448 411268 7180 0
1785428639138 418448 411268 7180 0
1785428639165 418448 411268 7180 0
1785428639194 418448 411268 7180 0
1785428639222 418448 411268 7180 0
1785428639253 418448 411268 7180 0
1785428639282 418448 411268 7180 0
1785428639311 418448 411268 7180 0
1785428639342 418448 411268 7180 0
1785428639372 418448 411268 7180 0
1785428639399 418448 411268 7180 0
1785428639430 418448 411268 7180 0
1785428639456 418448 411268 7180 0
1785428639486 418448 411268 7180 0
1785428639516 418448 411268 7180 0
1785428639542 418448 411268 7180 0
1785428639572 418448 411268 7180 0
1785428639597 418448 411268 7180 0
1785428639628 418448 411268 7180 0
1785428639657 418448 411268 7180 0
1785428639684 418448 411268 7180 0
1785428639712 418448 411268 7180 0
1785428639743 418448 411268 7180 0
1785428639771 418448 411268 7180 0
1785428639795 418448 411268 7180 0
1785428639825 418448 411268 7180 0
1785428639854 418448 411268 7180 0
1785428639884 418448 411268 7180 0
1785428639913 418448 411268 7180 0
1785428639942 418448 411268 7180 0
1785428639970 418448 411268 7180 0
1785428639997 418448 411268 7180 0
1785428640027 418448 411268 7180 0
1785428640056 418448 411268 7180 0
1785428640082 418448 411268 7180 0
1785428640111 418448 411268 7180 0
1785428640137 418448 411268 7180 0
1785428640166 418448 411268 7180 0
1785428640195 418448 411268 7180 0
1785428640224 418448 411268 7180 0
1785428640255 418448 411268 7180 0
1785428640287 418448 411268 7180 0
1785428640315 418448 411268 7180 0
1785428640344 418452 411272 7180 0
1785428640374 418452 411272 7180 0
1785428640399 422292 415112 7180 0
1785428640430 422292 415112 7180 0
1785428640458 422292 415112 7180 0
1785428640489 422292 415112 7180 0
1785428640518 422292 415112 7180 0
1785428640548 422292 415112 7180 0
1785428640576 422292 415112 7180 0
1785428640606 422292 415112 7180 0
1785428640637 422292 415112 7180 0
1785428640666 422292 415112 7180 0
1785428640696 422292 415112 7180 0
1785428640723 422292 415112 7180 0
1785428640752 422296 415116 7180 0
1785428640782 422296 415116 7180 0
1785428640807 422296 415116 7180 0
1785428640836 422296 415116 7180 0
1785428640863 422296 415116 7180 0
1785428640887 422296 415116 7180 0
1785428640916 422296 415116 7180 0
1785428640946 422296 415116 7180 0
1785428640976 422296 415116 7180 0
1785428641005 422296 415116 7180 0
1785428641030 422296 415116 7180 0
1785428641062 422296 415116 7180 0
1785428641086 422296 415116 7180 0
1785428641113 422296 415116 7180 0
1785428641142 422296 415116 7180 0
1785428641170 422296 415116 7180 0
1785428641201 422296 415116 7180 0
1785428641229 422296 415116 7180 0
1785428641259 422296 415116 7180 0
1785428641288 422296 415116 7180 0
1785428641317 422296 415116 7180 0
1785428641343 422296 415116 7180 0
1785428641370 422296 415116 7180 0
1785428641401 422296 415116 7180 0
1785428641430 422296 415116 7180 0
1785428641461 422296 415116 7180 0
1785428641491 422296 415116 7180 0
1785428641517 422296 415116 7180 0
1785428641547 422296 415116 7180 0
1785428641573 422296 415116 7180 0
1785428641604 422296 415116 7180 0
1785428641631 422296 415116 7180 0
1785428641661 422296 415116 7180 0
1785428641687 422296 415116 7180 0
1785428641717 422296 415116 7180 0
1785428641746 427384 420204 7180 0
1785428641775 427244 420068 7176 0
1785428641801 433040 425860 7180 0
1785428641831 433040 425860 7180 0
1785428641861 433040 425860 7180 0
1785428641886 433040 425860 7180 0
1785428641916 433040 425860 7180 0
1785428641946 433040 425860 7180 0
1785428641972 433040 425860 7180 0
1785428641998 433040 425860 7180 0
1785428642029 433040 425860 7180 0
1785428642059 433040 425860 7180 0
1785428642088 433040 425860 7180 0
1785428642114 433040 425860 7180 0
1785428642145 433040 425860 7180 0
1785428642172 433040 425860 7180 0
1785428642200 433040 425860 7180 0
1785428642230 433040 425860 7180 0
1785428642259 433040 425860 7180 0
1785428642288 433040 425860 7180 0
1785428642318 433040 425860 7180 0
1785428642345 433040 425860 7180 0
1785428642372 433040 425860 7180 0
1785428642401 377216 370036 7180 0
1785428642430 377216 370036 7180 0
1785428642455 377216 370036 7180 0
1785428642483 377216 370036 7180 0
1785428642507 390688 386652 4036 0
1785428642533 427384 420204 7180 0
1785428642563 427384 420204 7180 0
1785428642592 433040 425860 7180 0
1785428642621 433040 425860 7180 0
1785428642651 433040 425860 7180 0
1785428642679 433040 425860 7180 0
1785428642708 433040 425860 7180 0
1785428642738 433040 425860 7180 0
1785428642762 433040 425860 7180 0
1785428642786 433040 425860 7180 0
1785428642817 433040 425860 7180 0
1785428642848 433040 425860 7180 0
1785428642877 433040 425860 7180 0
1785428642903 433040 425860 7180 0
1785428642933 433040 425860 7180 0
1785428642964 433040 425860 7180 0
1785428642991 433040 425860 7180 0
1785428643021 433040 425860 7180 0
1785428643051 433040 425860 7180 0
1785428643077 433040 425860 7180 0
1785428643107 433040 425860 7180 0
1785428643138 433040 425860 7180 0
1785428643167 433040 425860 7180 0
1785428643195 433040 425860 7180 0
1785428643225 433040 425860 7180 0
1785428643255 433040 425860 7180 0
1785428643283 433040 425860 7180 0
1785428643312 433040 425860 7180 0
1785428643340 433040 425860 7180 0
1785428643367 433040 425860 7180 0
1785428643398 433040 425860 7180 0
1785428643428 433040 425860 7180 0
1785428643454 433040 425860 7180 0
1785428643483 433040 425860 7180 0
1785428643514 433040 425860 7180 0
1785428643544 433040 425860 7180 0
1785428643574 433040 425860 7180 0
1785428643599 433040 425860 7180 0
1785428643629 433040 425860 7180 0
1785428643657 433040 425860 7180 0
1785428643687 433040 425860 7180 0
1785428643714 433040 425860 7180 0
1785428643744 433040 425860 7180 0
1785428643770 433040 425860 7180 0
1785428643799 433040 425860 7180 0
1785428643830 433040 425860 7180 0
1785428643859 433040 425860 7180 0
1785428643887 433040 425860 7180 0
1785428643915 433040 425860 7180 0
1785428643944 433040 425860 7180 0
1785428643973 433040 425860 7180 0
1785428644003 433040 425860 7180 0
1785428644032 433040 425860 7180 0
1785428644063 433040 425860 7180 0
1785428644093 433040 425860 7180 0
1785428644121 433040 425860 7180 0
1785428644151 433040 425860 7180 0
1785428644182 433040 425860 7180 0
1785428644212 433040 425860 7180 0
1785428644242 433040 425860 7180 0
1785428644269 433040 425860 7180 0
1785428644299 433040 425860 7180 0
1785428644326 433040 425860 7180 0
1785428644356 433040 425860 7180 0
1785428644385 433040 425860 7180 0
1785428644415 433040 425860 7180 0
1785428644446 433040 425860 7180 0
1785428644477 433040 425860 7180 0
1785428644508 433040 425860 7180 0
1785428644536 433040 425860 7180 0
1785428644566 433040 425860 7180 0
1785428644596 433040 425860 7180 0
1785428644626 433040 425860 7180 0
1785428644656 433040 425860 7180 0
1785428644683 433040 425860 7180 0
1785428644708 433040 425860 7180 0
1785428644735 433040 425860 7180 0
1785428644761 433040 425860 7180 0
1785428644791 433040 425860 7180 0
1785428644815 433040 425860 7180 0
1785428644846 433040 425860 7180 0
1785428644878 433040 425860 7180 0
1785428644906 433040 425860 7180 0
1785428644936 433040 425860 7180 0
1785428644964 433040 425860 7180 0
1785428644994 433040 425860 7180 0
1785428645021 433040 425860 7180 0
1785428645049 433040 425860 7180 0
1785428645075 433040 425860 7180 0
1785428645106 433040 425860 7180 0
1785428645135 433040 425860 7180 0
1785428645162 433040 425860 7180 0
1785428645191 433040 425860 7180 0
1785428645217 433040 425860 7180 0
1785428645241 433040 425860 7180 0
1785428645265 433040 425860 7180 0
1785428645290 433040 425860 7180 0
1785428645320 433040 425860 7180 0
1785428645349 433040 425860 7180 0
1785428645378 433040 425860 7180 0
1785428645404 433040 425860 7180 0
1785428645434 433040 425860 7180 0
1785428645465 433040 425860 7180 0
1785428645493 433040 425860 7180 0
1785428645523 433040 425860 7180 0
1785428645555 433040 425860 7180 0
1785428645586 433040 425860 7180 0
1785428645617 433040 425860 7180 0
1785428645642 433040 425860 7180 0
1785428645667 433040 425860 7180 0
1785428645697 433040 425860 7180 0
1785428645727 433040 425860 7180 0
1785428645757 433040 425860 7180 0
1785428645786 433040 425860 7180 0
1785428645816 433040 425860 7180 0
1785428645846 433040 425860 7180 0
1785428645876 433040 425860 7180 0
1785428645905 433040 425860 7180 0
1785428645935 433040 425860 7180 0
1785428645965 433040 425860 7180 0
1785428645995 433040 425860 7180 0
1785428646026 433040 425860 7180 0
1785428646056 433040 425860 7180 0
1785428646085 433040 425860 7180 0
1785428646116 433040 425860 7180 0
1785428646146 433040 425860 7180 0
1785428646176 433040 425860 7180 0
1785428646202 433040 425860 7180 0
1785428646233 433040 425860 7180 0
1785428646263 433040 425860 7180 0
1785428646293 433040 425860 7180 0
1785428646323 433040 425860 7180 0
1785428646353 433040 425860 7180 0
1785428646382 433040 425860 7180 0
1785428646408 433040 425860 7180 0
1785428646438 433040 425860 7180 0
1785428646463 433040 425860 7180 0
1785428646489 433040 425860 7180 0
1785428646519 433040 425860 7180 0
1785428646549 433040 425860 7180 0
1785428646579 433040 425860 7180 0
1785428646609 433040 425860 7180 0
1785428646634 433040 425860 7180 0
1785428646658 433040 425860 7180 0
1785428646683 433040 425860 7180 0
1785428646711 433040 425860 7180 0
1785428646740 433040 425860 7180 0
1785428646772 433040 425860 7180 0
1785428646802 433040 425860 7180 0
1785428646832 433040 425860 7180 0
1785428646861 433040 425860 7180 0
1785428646891 433040 425860 7180 0
1785428646919 433040 425860 7180 0
1785428646948 433040 425860 7180 0
1785428646976 433040 425860 7180 0
1785428647006 433040 425860 7180 0
1785428647037 433040 425860 7180 0
1785428647067 433040 425860 7180 0
1785428647095 433040 425860 7180 0
1785428647127 433040 425860 7180 0
1785428647156 433040 425860 7180 0
1785428647185 433040 425860 7180 0
1785428647214 433040 425860 7180 0
1785428647244 433040 425860 7180 0
1785428647274 433040 425860 7180 0
1785428647302 433040 425860 7180 0
1785428647333 433040 425860 7180 0
1785428647363 433040 425860 7180 0
1785428647395 433040 425860 7180 0
1785428647424 433040 425860 7180 0
1785428647455 433040 425860 7180 0
1785428647484 433040 425860 7180 0
1785428647516 433040 425860 7180 0
1785428647544 433040 425860 7180 0
1785428647575 433040 425860 7180 0
1785428647603 433040 425860 7180 0
1785428647629 433040 425860 7180 0
1785428647658 433040 425860 7180 0
1785428647688 433040 425860 7180 0
1785428647718 433040 425860 7180 0
1785428647749 433040 425860 7180 0
1785428647780 433040 425860 7180 0
1785428647810 433040 425860 7180 0
1785428647840 433040 425860 7180 0
1785428647871 433040 425860 7180 0
1785428647897 433040 425860 7180 0
1785428647928 433040 425860 7180 0
1785428647957 433040 425860 7180 0
1785428647988 433040 425860 7180 0
1785428648015 433040 425860 7180 0
1785428648046 433040 425860 7180 0
1785428648076 433040 425860 7180 0
1785428648105 433040 425860 7180 0
1785428648135 433040 425860 7180 0
1785428648165 433040 425860 7180 0
1785428648196 433040 425860 7180 0
1785428648226 433040 425860 7180 0
1785428648257 433040 425860 7180 0
1785428648287 433040 425860 7180 0
1785428648318 433040 425860 7180 0
1785428648346 433040 425860 7180 0
1785428648376 433040 425860 7180 0
1785428648402 433040 425860 7180 0
1785428648429 433040 425860 7180 0
1785428648461 433040 425860 7180 0
1785428648492 433040 425860 7180 0
1785428648521 433040 425860 7180 0
1785428648546 433040 425860 7180 0
1785428648577 433040 425860 7180 0
1785428648608 433040 425860 7180 0
1785428648638 433040 425860 7180 0
1785428648668 433040 425860 7180 0
1785428648697 433040 425860 7180 0
1785428648727 433040 425860 7180 0
1785428648758 433040 425860 7180 0
1785428648786 433040 425860 7180 0
1785428648816 433040 425860 7180 0
1785428648846 433040 425860 7180 0
1785428648877 433040 425860 7180 0
1785428648901 433040 425860 7180 0
1785428648931 433040 425860 7180 0
1785428648961 433040 425860 7180 0
1785428648990 433040 425860 7180 0
1785428649018 433040 425860 7180 0
1785428649050 433040 425860 7180 0
1785428649080 433040 425860 7180 0
1785428649109 433040 425860 7180 0
1785428649135 433040 425860 7180 0
1785428649166 433040 425860 7180 0
1785428649196 433040 425860 7180 0
1785428649228 433040 425860 7180 0
1785428649259 433040 425860 7180 0
1785428649289 433040 425860 7180 0
1785428649318 433040 425860 7180 0
1785428649348 433040 425860 7180 0
1785428649375 433040 425860 7180 0
1785428649406 433040 425860 7180 0
1785428649433 433040 425860 7180 0
1785428649464 433040 425860 7180 0
1785428649494 433040 425860 7180 0
1785428649525 433040 425860 7180 0
1785428649552 433040 425860 7180 0
1785428649583 433040 425860 7180 0
1785428649614 433040 425860 7180 0
1785428649646 433040 425860 7180 0
1785428649671 433040 425860 7180 0
1785428649702 433040 425860 7180 0
1785428649731 433040 425860 7180 0
1785428649762 433040 425860 7180 0
1785428649793 433040 425860 7180 0
1785428649822 433040 425860 7180 0
1785428649852 433040 425860 7180 0
1785428649884 433040 425860 7180 0
1785428649909 433040 425860 7180 0
1785428649940 433040 425860 7180 0
1785428649973 433040 425860 7180 0
1785428650004 433040 425860 7180 0
1785428650034 433040 425860 7180 0
1785428650064 433040 425860 7180 0
1785428650095 433040 425860 7180 0
1785428650124 433040 425860 7180 0
1785428650155 433040 425860 7180 0
1785428650182 433040 425860 7180 0
1785428650212 433040 425860 7180 0
1785428650243 433040 425860 7180 0
1785428650273 433040 425860 7180 0
1785428650304 433040 425860 7180 0
1785428650335 433040 425860 7180 0
1785428650362 433040 425860 7180 0
1785428650393 433040 425860 7180 0
1785428650424 433040 425860 7180 0
1785428650455 433040 425860 7180 0
1785428650485 433040 425860 7180 0
1785428650512 433040 425860 7180 0
1785428650536 433040 425860 7180 0
1785428650562 433040 425860 7180 0
1785428650592 433040 425860 7180 0
1785428650622 433040 425860 7180 0
1785428650653 433040 425860 7180 0
1785428650679 433040 425860 7180 0
1785428650705 433040 425860 7180 0
1785428650738 433040 425860 7180 0
1785428650766 433040 425860 7180 0
1785428650796 433040 425860 7180 0
1785428650826 433040 425860 7180 0
1785428650857 433040 425860 7180 0
