0.062758599999999998
0.50651199999999996
0.17754700000000001
0.78092099999999998
-0.117465
0.046897099999999997
0.665022
0.44349
-0.20579
0.24895999999999999
-0.112051
0.392646
-0.121145
0.17548900000000001
-0.123705
-0.076673900000000003
0.84597500000000003
-0.373367
-0.55746600000000002
0.112125
0.155085
-0.31089
-0.77031899999999998
0.721132
-0.72469899999999998
0.078216800000000003
-0.34921600000000003
0.30243199999999998
-0.55255600000000005
-0.052327699999999998
-0.149978
-1.6285799999999999
-0.43354500000000001
0.13439999999999999
-0.27845300000000001
-0.038563
-0.20280100000000001
0.23747699999999999
0.12661
0.43566300000000002
0.011638799999999999
-1.5117799999999999
-0.88917299999999999
0.556921
-0.28690199999999999
-0.28162700000000002
0.18210399999999999
0.079491999999999993
-0.51132699999999998
-0.31491200000000003
0.0239714
-0.16078500000000001
0.64175099999999996
0.44941300000000001
0.016562799999999999
0.052806800000000001
0.21604000000000001
-0.022279899999999998
-0.086561399999999997
-0.049084299999999997
0.18593199999999999
-0.72377400000000003
0.13975599999999999
-0.42448399999999997
-0.41167599999999999
-0.17302899999999999
0.37210100000000002
-1.0881000000000001
-0.38139600000000001
0.102321
-0.058973999999999999
-0.14241599999999999
0.52160399999999996
0.73044799999999999
0.045566799999999998
0.37755899999999998
0.26662599999999997
0.62736400000000003
0.14730699999999999
-0.084731699999999993
0.41777199999999998
0.25855499999999998
-0.0443203
0.27317000000000002
0.0528637
0.40944399999999997
-0.22320100000000001
-0.28144799999999998
0.36816199999999999
0.12145300000000001
0.070364999999999997
0.30171500000000001
-0.64869100000000002
0.43779899999999999
-0.095760300000000007
-0.52957799999999999
1.63236
0.23419000000000001
0.45086500000000002
0.176176
-0.57152000000000003
-0.203429
0.180814
-0.36375200000000002
-0.41750300000000001
-0.21429300000000001
-0.92649499999999996
-0.58918199999999998
-0.54171800000000003
-0.33874700000000002
-0.063016799999999998
1.23706
0.22056700000000001
0.055346199999999998
0.42093599999999998
-0.14694099999999999
-0.66944999999999999
0.283669
-0.37725199999999998
0.26168400000000003
-0.143178
-0.35766199999999998
-0.0125293
-0.36671300000000001
0.464175
-0.46345599999999998
0.32355699999999998
-0.29046899999999998
-0.73310699999999995
-0.38151000000000002
-0.38128200000000001
-0.96685600000000005
-0.40233000000000002
0.0999781
-0.290794
0.12402100000000001
0.401424
0.26511699999999999
-0.0778142
-0.27637
-0.053396399999999997
0.069083699999999998
0.30838900000000002
-0.048329499999999997
-0.0025555700000000001
0.0245849
-0.043021900000000002
0.19165699999999999
0.37571300000000002
0.113903
0.0112307
0.853931
0.563249
0.48847400000000002
-0.21273800000000001
-0.042988199999999997
0.107665
0.20933399999999999
-0.22745199999999999
-0.12798899999999999
0.13758200000000001
0.0080098500000000006
-0.63971199999999995
0.59547899999999998
-0.103825
0.155496
-1.00108
0.027558599999999999
-1.1836199999999999
0.34694199999999997
-0.35437299999999999
-0.72396000000000005
-0.089515800000000006
0.00137221
-0.26909499999999997
0.114465
-0.76096600000000003
0.442139
0.0104417
0.098394099999999998
-0.321324
-0.27487800000000001
0.68011299999999997
-0.65802300000000002
0.57876700000000003
0.085865300000000006
-0.246199
-0.039018200000000003
-0.022042900000000001
0.16161700000000001
-0.32311299999999998
-0.91647900000000004
0.27539000000000002
-0.58922699999999995
0.051228299999999997
0.13109100000000001
0.607873
-0.71966799999999997
-1.1377600000000001
0.68075600000000003
0.321293
1.6956199999999999
0.422599
0.85023000000000004
0.65244400000000002
-0.21465699999999999
-0.00181993
-0.34380899999999998
-2.8310599999999999
0.42095500000000002
-0.0054688100000000002
1.1353500000000001
0.90784299999999996
1.02739
-0.126471
0.26329000000000002
1.0837300000000001
0.64133399999999996
0.25046800000000002
0.0156115
0.035466400000000002
0.29499500000000001
-0.088326000000000002
-0.825515
-0.57128500000000004
0.18735399999999999
0.52639499999999995
-0.45491900000000002
0.102557
0.27710000000000001
-1.54976
-0.41276600000000002
0.22869300000000001
-0.40736699999999998
0.68546099999999999
0.00073712799999999998
0.789829
0.33219199999999999
-0.83961600000000003
0.62230200000000002
0.52538899999999999
0.99610699999999996
0.55160299999999995
-0.29687200000000002
0.37541099999999999
-0.155388
-1.0034400000000001
-0.86596099999999998
0.117211
-0.39414199999999999
0.22220200000000001
-0.57063399999999997
-0.37562899999999999
0.93776000000000004
-0.0724968
0.0099104499999999995
0.20553399999999999
-0.27324399999999999
-0.48392099999999999
-0.100858
-0.34523799999999999
0.43645899999999999
0.121771
0.14995900000000001
0.245807
0.75671299999999997
-0.44597100000000001
-0.16141900000000001
-0.91875300000000004
0.0766598
0.12407
0.70509599999999995
0.43959999999999999
0.15475
-0.40708
-0.0102728
0.75563599999999997
0.38319199999999998
0.61099899999999996
0.716333
-0.23863400000000001
-0.247303
0.284111
-0.058420899999999998
0.40735300000000002
0.22219800000000001
-1.28643
-0.31127199999999999
-1.5724199999999999
0.32515300000000003
0.32415500000000003
0.87035499999999999
0.34740700000000002
0.99412800000000001
0.43439299999999997
-0.209198
-0.41992800000000002
-0.69117399999999996
-0.545207
0.14089499999999999
-0.030996300000000001
0.21074599999999999
-0.458534
0.71773500000000001
0.35041099999999997
-0.16339699999999999
1.3351999999999999
0.38954
-0.92796599999999996
0.39299299999999998
0.30306300000000003
0.41167599999999999
0.31995400000000002
0.21313499999999999
-0.123233
0.13528499999999999
-0.89376999999999995
0.26361099999999998
-0.446656
-0.16669700000000001
-0.145589
0.51704700000000003
-0.20017199999999999
-0.676176
-0.134605
0.30294900000000002
1.59819
-0.36950100000000002
-1.2827999999999999
-0.28812700000000002
0.039765099999999998
1.57392
-0.77125999999999995
0.290155
-0.38026799999999999
-0.10625
-0.33347399999999999
-0.517428
0.40136300000000003
0.18543299999999999
-0.10961799999999999
0.14263400000000001
-0.0023015700000000002
0.53098699999999999
0.112831
0.127023
1.0462499999999999
0.35009000000000001
0.057928500000000001
-0.84462700000000002
0.047121299999999998
-0.36597800000000003
-0.33784700000000001
0.15113799999999999
-0.059218199999999999
-0.15954099999999999
-0.96658200000000005
-0.0960033
-1.99088
-0.060997099999999999
-0.27754600000000001
0.056875299999999997
0.0055700300000000001
-1.1718
-0.253969
-0.39366800000000002
-0.37259599999999998
-0.15173200000000001
-0.89115999999999995
0.48434500000000003
0.26517800000000002
0.94469000000000003
-0.17102400000000001
0.035389999999999998
-0.25949699999999998
-0.043180700000000002
0.78223900000000002
-0.73065199999999997
0.38067400000000001
0.16032099999999999
-0.28500700000000001
-0.36558099999999999
0.53364299999999998
-0.096545900000000004
0.31340600000000002
0.27009100000000003
0.171817
0.045227200000000002
0.74732600000000005
0.35880800000000002
0.21707699999999999
-0.24824599999999999
0.13852300000000001
0.028343400000000001
0.24041199999999999
0.32844299999999998
0.190382
-0.23941399999999999
0.041294900000000002
-0.41069499999999998
-0.28020200000000001
-0.52709499999999998
0.62527699999999997
0.27368700000000001
-0.044036800000000001
-0.201905
0.43802000000000002
0.415354
-0.091897599999999996
-0.50941499999999995
0.033040899999999998
-1.2100500000000001
0.74047700000000005
-0.00286323
0.278447
0.14316100000000001
-0.60532600000000003
-0.48494599999999999
0.84838499999999994
0.13109999999999999
0.15737300000000001
-0.34069100000000002
-0.21465699999999999
0.16394400000000001
-0.63175099999999995
0.146227
-0.0185016
-0.668763
-0.52928600000000003
-0.038070399999999997
0.28883300000000001
-0.13944799999999999
-0.34070699999999998
-0.022452799999999998
-0.23160500000000001
0.16159799999999999
-0.95945499999999995
0.16236200000000001
-0.21260999999999999
0.047653599999999997
-0.13847999999999999
0.85358599999999996
0.63883900000000005
0.091379299999999997
-0.61949399999999999
0.193304
-0.78187600000000002
-0.104421
0.084207199999999996
-0.30679699999999999
-0.40928799999999999
-0.26173000000000002
-0.022537600000000001
0.104602
0.19917899999999999
-0.012937000000000001
-0.0411353
-0.935504
1.24333
-0.138902
-0.148674
0.53131799999999996
0.068890000000000007
-0.145457
-0.053878000000000002
0.0133002
0.104449
0.74220699999999995
-0.35588399999999998
0.15673100000000001
0.11672299999999999
-0.83499699999999999
-0.069250900000000004
-1.3451
0.24840499999999999
0.0174079
-0.018378700000000001
-0.095357300000000006
-0.61800900000000003
0.11203299999999999
0.51178900000000005
0.095468399999999995
-0.0421681
-0.15351899999999999
-0.18840000000000001
-0.28973300000000002
0.26809500000000003
-0.22072600000000001
-0.27664299999999997
-0.0099585100000000003
-0.16020100000000001
-0.13896
-0.11598700000000001
0.162439
-0.73668500000000003
-0.33234999999999998
-0.93534499999999998
0.0394317
-0.91162100000000001
-0.104724
0.0164878
0.0336575
-0.71135899999999996
-0.014592600000000001
0.55099100000000001
-0.24349000000000001
-0.47892699999999999
-0.14433799999999999
0.54224000000000006
0.27641399999999999
-0.026768699999999999
-0.66961599999999999
-0.49020200000000003
-0.022510200000000001
0.48999100000000001
-0.027409099999999999
-0.13104299999999999
0.077405000000000002
0.37292500000000001
0.47923199999999999
-0.44109500000000001
0.017474799999999999
-0.085160299999999994
-0.77624099999999996
0.57911400000000002
0.32636599999999999
1.08345
0.155502
-0.11568000000000001
0.20474500000000001
-0.0015325600000000001
0.76155200000000001
-0.40024599999999999
0.59622799999999998
0.0807364
-0.095441899999999996
0.43568800000000002
-0.265044
-0.46506900000000001
-0.54086299999999998
0.022847300000000001
-0.46932800000000002
-0.57777599999999996
0.54318900000000003
-0.051936299999999998
0.107776
-1.2437100000000001
0.26595099999999999
-0.18495700000000001
0.103671
0.202235
0.54122700000000001
0.105266
-1.1135900000000001
0.031696000000000002
-0.101369
0.080338800000000002
0.76293699999999998
-0.098922899999999994
0.91679500000000003
0.010931400000000001
-1.29135
0.065296999999999994
-0.21956700000000001
-0.232268
-0.35044399999999998
-0.30518600000000001
0.322189
0.277945
0.26095000000000002
0.049887000000000001
0.315077
0.76669299999999996
-0.39083000000000001
-0.222577
0.262214
1.8676200000000001
-0.057201799999999997
0.21195600000000001
-0.034955600000000003
-0.26769100000000001
-0.0620758
0.088339799999999996
-0.32483299999999998
-0.36372399999999999
-0.059255599999999999
1.5575399999999999
0.011948200000000001
-0.77712000000000003
0.19236400000000001
0.22533800000000001
0.45061499999999999
0.69475100000000001
0.65584500000000001
0.532304
-0.17202999999999999
-0.58883099999999999
-0.055490600000000001
0.798628
-0.117843
-0.097190399999999996
0.82494500000000004
0.19195000000000001
-0.029097399999999999
0.78283700000000001
0.84445199999999998
0.83011900000000005
0.33240399999999998
0.35578399999999999
0.47454400000000002
-0.0532638
0.67898199999999997
-0.371363
-0.42016300000000001
-0.53310500000000005
-0.122678
-1.73163
-0.39210299999999998
0.093246899999999994
0.025734900000000002
0.156803
0.16029499999999999
-0.317388
0.28594399999999998
-0.33858899999999997
0.086532499999999998
-0.52446800000000005
0.48318699999999998
0.45023400000000002
-0.482014
-0.044156800000000003
-0.56820800000000005
-0.71973799999999999
0.56588700000000003
0.0163044
0.021425099999999999
-0.86324699999999999
-0.18776699999999999
0.21304799999999999
0.65712899999999996
-0.27338400000000002
-0.25686599999999998
0.47091699999999997
0.481854
-0.83338999999999996
0.053196
0.14332
0.48039500000000002
-0.29393900000000001
0.13106899999999999
0.36916399999999999
0.46786899999999998
-0.59252800000000005
1.09751
-0.28115600000000002
-0.101031
-1.1309800000000001
0.027033600000000001
0.190639
0.101081
0.56432899999999997
0.82450900000000005
0.12803500000000001
1.0485800000000001
0.0039063800000000001
0.035567500000000002
-0.41175400000000001
-0.0059815900000000002
-0.31647500000000001
-0.075632199999999997
-0.031606599999999999
-0.28397299999999998
-0.21068300000000001
0.471055
-0.183394
0.26283699999999999
-0.646702
0.075586100000000003
0.60079099999999996
0.25404900000000002
0.48558200000000001
0.44941300000000001
-0.51137299999999997
0.29240300000000002
0.0034559
0.078810699999999997
-0.72144299999999995
0.19580600000000001
-0.45883400000000002
0.16406200000000001
0.28916700000000001
-1.1055699999999999
-0.316909
0.33488600000000002
0.21798100000000001
1.8756600000000001
-0.93111200000000005
-1.1861999999999999
-0.63997499999999996
-0.359126
-0.036218399999999998
-0.70624699999999996
-0.0303316
1.4573400000000001
0.444772
0.074142799999999995
0.25156400000000001
0.54400099999999996
-0.12587100000000001
-0.34511500000000001
-0.298072
0.52770099999999998
0.68479699999999999
0.39369999999999999
0.296178
0.10070800000000001
0.22445300000000001
-1.29962
-1.0835699999999999
0.47126200000000001
-0.057759199999999997
0.423101
-0.13627500000000001
-0.064011299999999993
-0.051853700000000003
-0.38802799999999998
0.0015993699999999999
-0.41516900000000001
-0.079242099999999996
-0.36504300000000001
0.024938399999999999
-0.324297
-0.43413200000000002
-1.8888
-0.018067300000000001
-0.0110942
-1.464
0.19633400000000001
-0.92655399999999999
-0.16542399999999999
0.00327831
-1.6118600000000001
0.245923
0.39149899999999999
0.222001
0.180202
0.086236900000000005
0.67740400000000001
1.60412
-0.51973400000000003
-0.121449
0.051801199999999999
0.17804400000000001
-0.67428200000000005
0.15584100000000001
-0.161827
0.64236300000000002
0.15279000000000001
-0.928118
0.140155
-0.053273000000000001
-0.32911200000000002
0.388936
-0.69302699999999995
0.032439500000000003
-0.079430799999999996
0.38944099999999998
0.42496699999999998
0.36531999999999998
-0.157304
0.10202
0.50650600000000001
0.30296699999999999
0.16989399999999999
0.087051900000000002
0.074346499999999996
-0.49945400000000001
0.244002
0.90540799999999999
0.073024400000000003
0.037164900000000001
0.081368999999999997
-0.39357399999999998
-0.45311000000000001
-0.48531099999999999
-0.044367799999999999
-0.0066899799999999999
-0.42211599999999999
0.359398
0.16144700000000001
-0.064026799999999995
0.59497100000000003
-0.0347132
-0.70376499999999997
-0.66393000000000002
0.048643400000000003
0.143459
0.299761
0.46523300000000001
0.635598
0.10691199999999999
-0.16796700000000001
0.27875499999999998
0.14597499999999999
-0.32707900000000001
0.043361999999999998
0.81875900000000001
0.16859399999999999
-0.20080700000000001
0.21176300000000001
-0.066867200000000002
-0.093882199999999999
0.57704900000000003
-0.69875600000000004
-0.505189
-0.22622300000000001
0.23726
0.85110200000000003
0.060759500000000001
0.0041720699999999999
-0.18490400000000001
1.08334
0.56061399999999995
1.7368399999999999
-0.163797
0.0390468
0.69849099999999997
0.46102900000000002
-0.31555899999999998
0.019239900000000001
0.45749600000000001
0.49694100000000002
0.092475399999999999
-0.053998299999999999
-0.72739299999999996
0.097690799999999994
-0.33656700000000001
0.44062600000000002
-1.3943399999999999
-0.205706
0.88206499999999999
-0.591557
-0.65991299999999997
-0.90176199999999995
-0.083196900000000004
-0.13428799999999999
0.52482499999999999
-0.25734800000000002
0.29744199999999998
0.492149
-0.073942999999999995
0.75661100000000003
0.55116600000000004
2.2267999999999999
-0.152256
0.00088831200000000004
0.271953
-0.52280400000000005
-0.64346999999999999
0.0138104
0.0017752600000000001
-0.0056442999999999997
0.030590099999999999
1.24495
-0.11113000000000001
-0.31489600000000001
0.36064200000000002
-0.073249300000000003
-0.58864799999999995
-0.345997
-0.10288899999999999
-0.92274800000000001
0.86870099999999995
-0.035832000000000003
-0.112591
0.082142199999999999
0.39569399999999999
-0.205288
0.31748799999999999
-0.49243700000000001
0.081616099999999997
1.2314799999999999
-0.442133
0.48583300000000001
0.29086899999999999
-0.27334399999999998
-0.81947899999999996
-0.71274499999999996
-0.26768199999999998
0.029571699999999999
-0.10560899999999999
-1.9184699999999999
-0.370784
-0.27506399999999998
0.33757500000000001
0.231852
-0.0108138
-0.42590099999999997
-0.136436
-0.143319
0.187726
0.98748199999999997
-0.40851100000000001
-0.038211099999999998
-0.048384000000000003
0.051995300000000001
-0.0902974
0.150586
0.52412599999999998
-0.48637900000000001
-0.19767499999999999
0.17774300000000001
-0.0091096700000000003
-0.68167599999999995
0.73552399999999996
-0.035665200000000001
-0.46846199999999999
-0.37839099999999998
0.13291500000000001
-0.48824000000000001
0.118534
0.53490099999999996
-0.34627000000000002
0.032562099999999997
0.50136099999999995
-0.26922200000000002
0.77010999999999996
-0.67913599999999996
0.154858
0.096483399999999997
0.15439700000000001
0.85738400000000003
0.0125825
0.34918199999999999
-0.70128500000000005
-0.32814199999999999
-0.53966899999999995
0.341804
-1.03704
0.21767700000000001
-0.149951
0.69515499999999997
-0.41839599999999999
-0.85851
0.35552299999999998
0.13178699999999999
0.56184699999999999
-0.246999
0.079767199999999996
0.52319700000000002
-0.022713899999999999
-1.03179
-0.24602499999999999
1.27871
-0.58809999999999996
-0.10265000000000001
-0.41687400000000002
0.52012800000000003
0.31481399999999998
0.52800800000000003
-0.32142599999999999
-1.0832900000000001
0.73724100000000004
0.96738100000000005
0.24276300000000001
0.28129799999999999
-0.39214399999999999
0.31961000000000001
-0.58643299999999998
-0.295321
-0.20968200000000001
-1.18808
0.29024299999999997
-0.427533
0.60260199999999997
-0.12828200000000001
-0.56703800000000004
0.257938
-0.58360400000000001
-0.14734
0.19006899999999999
-0.75163400000000002
0.44118200000000002
-0.77567699999999995
-0.081052299999999994
0.124246
-0.18806600000000001
0.27170100000000003
0.20232600000000001
-0.123878
-0.21771199999999999
-0.129245
-0.47215699999999999
-0.59577800000000003
-0.35085499999999997
-0.229936
-1.1875500000000001
0.56593700000000002
0.357512
0.29192400000000002
-0.21757899999999999
0.123167
0.44306000000000001
0.54793199999999997
0.85500200000000004
-0.142265
0.55790499999999998
0.12819800000000001
-1.00105
0.44401200000000002
0.206792
0.85501700000000003
0.58932899999999999
0.27121600000000001
0.047951000000000001
-0.30497099999999999
-0.064636899999999997
-0.141209
0.31499700000000003
-0.17028199999999999
0.13173099999999999
-0.52093599999999995
0.20279
0.19465399999999999
-0.25725300000000001
-0.37982700000000003
-0.42520000000000002
-0.44433499999999998
-0.25647300000000001
0.323268
-0.0249581
-0.34598800000000002
-0.58741900000000002
0.15460499999999999
-0.026685199999999999
0.46135799999999999
0.39907399999999998
-0.27684900000000001
0.082113400000000003
1.1839900000000001
0.043719500000000001
-0.84357199999999999
0.39726800000000001
-0.081111199999999994
-0.55164999999999997
-0.0552232
-0.56133299999999997
-0.57205799999999996
-0.0167133
0.139399
0.0146578
-1.15266
0.080432600000000007
-0.244008
-0.39879700000000001
0.023852700000000001
-1.0021899999999999
-0.67659499999999995
-0.241088
0.15242
-0.091039200000000001
0.73200399999999999
-0.50800000000000001
-0.22065000000000001
-0.49545299999999998
0.12973000000000001
1.17031
-0.072010900000000003
0.510826
-0.23900299999999999
0.0136189
-0.0154588
-0.52974900000000003
-0.71226699999999998
0.53625299999999998
-0.027512399999999999
-0.75167600000000001
-0.91870300000000005
-0.93839799999999995
-0.68459499999999995
-0.015968300000000001
-0.15210799999999999
-0.15410599999999999
-0.21301899999999999
-0.218391
0.15606400000000001
-0.31951000000000002
-0.63178000000000001
1.0202899999999999
-0.321932
-0.091556200000000004
1.17652
-0.53456400000000004
-0.43226799999999999
0.32001400000000002
-0.17435999999999999
-0.474248
0.19291
0.22059899999999999
0.52661800000000003
0.053907999999999998
0.59025499999999997
-0.54811500000000002
-0.70574700000000001
0.13142999999999999
-0.051121300000000001
-0.65944999999999998
0.77232900000000004
0.79092600000000002
-0.0514574
-0.19531000000000001
-0.35029700000000003
-0.031714399999999997
1.075
-0.119877
0.25959700000000002
-0.16478899999999999
0.14771799999999999
1.6001700000000001
0.19697999999999999
-0.099076399999999995
-0.47365099999999999
-0.00424683
-0.74492899999999995
0.041193
0.154001
-0.55499200000000004
0.0059651499999999998
0.084541500000000006
0.0277635
0.158447
0.64264399999999999
0.30524499999999999
0.34833700000000001
-0.25603300000000001
0.25916099999999997
0.71240499999999995
0.81550599999999995
0.53901399999999999
0.24684
-0.16278799999999999
0.76724300000000001
0.19849900000000001
0.74195500000000003
-0.21670400000000001
-0.55753299999999995
0.341418
0.27060800000000002
-0.53103199999999995
0.246478
0.11280900000000001
-0.079193100000000002
0.038982700000000002
-0.20788300000000001
-0.30129800000000001
0.0139545
-0.42268299999999998
0.32468399999999997
-0.077714599999999995
0.593225
0.10750700000000001
-1.3009200000000001
-0.25772299999999998
0.11944399999999999
-0.70263399999999998
0.0385758
-0.28071800000000002
0.032103399999999997
-0.128495
-0.30671199999999998
-0.041793799999999999
0.42477100000000001
-0.089673699999999995
-0.60921499999999995
0.0103213
0.12789400000000001
-0.39862599999999998
-0.0103585
1.08467
0.16200000000000001
-0.0532971
-0.98719000000000001
0.46967300000000001
-0.189943
0.13741500000000001
-0.028555199999999999
-0.46612199999999998
0.087509500000000004
0.24564800000000001
-0.53688400000000003
-0.18810399999999999
1.32447
0.00095224999999999997
0.55632099999999995
-0.024094399999999998
0.087285600000000005
-0.47194700000000001
-0.048838899999999998
0.14718800000000001
0.038915400000000003
0.0080290699999999993
0.44538899999999998
0.156947
0.023952299999999999
-0.55292300000000005
-0.21473800000000001
-0.115976
0.591082
1.2463599999999999
-0.360128
0.114715
-1.4434899999999999
0.117741
-0.79441399999999995
-0.44352799999999998
-0.18129600000000001
1.21621
0.67980099999999999
0.32538400000000001
-0.25334400000000001
-0.078261999999999998
-1.0320800000000001
0.25002099999999999
-0.52185899999999996
0.0124753
-0.57404500000000003
-0.81592100000000001
-0.27233000000000002
-0.36061900000000002
0.034019899999999999
0.103036
-0.34145300000000001
0.12725
-0.203041
0.293105
0.117586
0.18645600000000001
-0.49157600000000001
-0.61752600000000002
0.35511700000000002
0.29936699999999999
-0.50200400000000001
-0.34373700000000001
0.27042699999999997
0.22310199999999999
0.32963900000000002
0.304479
0.47176400000000002
0.0254378
-0.40311200000000003
-0.350242
-1.35701
0.33773500000000001
0.123053
-0.17250399999999999
-0.24413199999999999
-0.24365999999999999
0.32635199999999998
-0.69308400000000003
-0.56787500000000002
0.111126
0.50218799999999997
-0.16322999999999999
0.36928100000000003
-0.0171772
0.28485500000000002
-0.85648899999999994
-0.20610600000000001
0.19728000000000001
0.034125700000000002
-0.050781300000000001
-0.31792599999999999
-0.22845199999999999
0.13007199999999999
0.065895599999999999
0.053307199999999999
-0.16705100000000001
-0.67565399999999998
0.36624499999999999
0.107393
0.187115
-0.60146200000000005
-0.83269899999999997
-0.77037100000000003
0.20549000000000001
0.34248600000000001
-0.46559400000000001
0.48250799999999999
0.471696
-0.280864
0.10100199999999999
0.22065100000000001
-0.37186999999999998
-0.61644500000000002
-0.52287399999999995
-0.0802726
-0.77393299999999998
0.33705499999999999
0.54969500000000004
0.34755900000000001
-0.421128
-0.10872800000000001
-0.40800199999999998
0.62818799999999997
-0.55344599999999999
0.061963799999999999
-1.0379
0.33233600000000002
0.35096500000000003
-0.26899000000000001
0.088395699999999994
-0.13459399999999999
0.62312500000000004
0.68485399999999996
0.40913699999999997
-0.17874200000000001
-0.89785599999999999
-0.26626899999999998
-0.10163999999999999
0.012632600000000001
-0.26605400000000001
-0.613286
-0.0161344
0.47049000000000002
0.291603
-0.38714100000000001
-0.84027499999999999
0.35524499999999998
-0.46207599999999999
0.65919300000000003
-0.21866099999999999
0.50931400000000004
-0.68996500000000005
-0.59346699999999997
-0.054407799999999999
-0.090952500000000006
-1.12913
-0.36491800000000002
-0.022389300000000001
0.44263999999999998
0.085988599999999998
-0.418211
0.13494400000000001
0.22573099999999999
-0.12940399999999999
-0.054446899999999999
0.509073
-0.24491399999999999
-0.84896300000000002
0.177894
-0.19025800000000001
0.55506100000000003
0.39369700000000002
1.60402
0.38464999999999999
0.274088
0.61624699999999999
0.82473300000000005
1.3908
0.22101000000000001
0.16450000000000001
0.85360100000000005
0.377944
0.065924700000000003
0.294958
0.242866
0.419043
0.36871199999999998
0.20538200000000001
0.33623700000000001
-0.31537500000000002
-0.19810900000000001
-0.28446900000000003
0.0177895
0.25122499999999998
-0.245086
-0.83726900000000004
0.225441
0.194966
0.37892799999999999
0.21254400000000001
-0.53303800000000001
-0.219442
-0.0653445
0.19975999999999999
0.17544100000000001
-1.4701299999999999
-0.17569799999999999
-0.0104961
-0.152423
0.0129398
0.14833199999999999
-0.18404300000000001
-0.22440499999999999
-0.041201099999999997
0.051075700000000002
-0.40450199999999997
-0.43736799999999998
-0.243951
-0.18327599999999999
0.171927
-0.98128000000000004
-0.12993199999999999
1.0166500000000001
-0.34158899999999998
0.0152677
0.98279099999999997
-0.26381500000000002
0.35182099999999999
-0.0229696
0.026604900000000001
-0.15362899999999999
-0.61948400000000003
-0.478939
-0.60799700000000001
-0.16652900000000001
-0.15917600000000001
-0.23545099999999999
-0.143622
0.069565000000000002
0.16567999999999999
0.98811800000000005
0.25406699999999999
-1.0222
-0.17319699999999999
0.13120799999999999
0.42186899999999999
0.193442
-0.10329199999999999
-0.60965999999999998
0.035457299999999997
-0.91090899999999997
0.075139399999999995
0.87791399999999997
-0.0197833
-0.026116199999999999
1.02918
-0.401061
-0.13303200000000001
-0.35394999999999999
0.0138657
0.31064900000000001
0.50016000000000005
1.28061
-0.45107999999999998
-0.057325000000000001
-0.23322000000000001
0.304506
-0.88044199999999995
0.019745100000000002
-0.040699399999999997
0.88613299999999995
0.23833699999999999
-0.41788999999999998
-0.16589000000000001
-0.25240499999999999
0.477238
-0.060041900000000002
-0.26831100000000002
-0.54459599999999997
0.089727699999999994
-0.71601300000000001
-0.72035499999999997
-1.2066300000000001
-0.067523399999999997
0.032673899999999999
-0.033415899999999998
-0.119315
0.13644500000000001
0.11583400000000001
0.14142199999999999
0.309141
0.74076200000000003
0.168682
-0.35022999999999999
0.00086807200000000001
0.069935600000000001
-0.743085
0.699187
-0.16603699999999999
0.29159299999999999
0.98598600000000003
-0.30584
-0.34916399999999997
0.013991099999999999
0.041147099999999999
-0.47530600000000001
-0.66500999999999999
0.94986000000000004
-0.36086400000000002
-0.327351
-0.77735500000000002
-0.41752400000000001
0.097314600000000001
0.63617400000000002
-0.17361199999999999
0.46907900000000002
-0.0124003
0.58032600000000001
-0.177227
-0.089855299999999999
0.48231400000000002
0.67664899999999994
-0.13238
-0.12708900000000001
0.48264800000000002
-0.44284099999999998
0.12139999999999999
0.55256799999999995
-0.66905899999999996
0.22620499999999999
-0.087500099999999997
0.48817199999999999
0.187582
-0.249197
-0.260403
-0.551485
0.34539300000000001
-1.18041
-0.050129399999999998
-0.71344700000000005
0.29052899999999998
0.23998
0.31572899999999998
0.285472
-0.090020500000000003
-0.88785199999999997
0.339615
1.1335299999999999
-0.069451600000000002
-0.41818300000000003
0.54931099999999999
0.59269499999999997
0.090144500000000002
-0.089871500000000007
0.21896199999999999
0.16964799999999999
-0.60236999999999996
0.065191899999999997
-0.11811099999999999
-9.9807199999999998
-2.3292600000000001
-8.4913399999999992
-2.9716200000000002
-8.1742299999999997
-0.197714
0.1386
0.38942199999999999
-0.820434
-0.20021
-0.47476600000000002
-1.0532699999999999
0.12071
0.0297457
0.018805700000000002
0.21881999999999999
0.32987899999999998
-0.142905
0.52910599999999997
0.023989199999999999
0.30276799999999998
0.17999699999999999
-0.44624599999999998
-0.336339
-0.219498
-0.074234400000000006
-1.5242899999999999
-0.041257099999999998
-0.039634500000000003
0.069647200000000006
-0.194379
-0.123932
-0.38426700000000003
0.296593
0.43398599999999998
-0.042374799999999997
0.65647999999999995
0.153923
-0.232214
-0.054402899999999997
-0.38679799999999998
-1.1729799999999999
-0.18701000000000001
0.608788
-0.65910000000000002
0.018940800000000001
0.071510599999999994
-0.24515000000000001
0.492178
-0.16852500000000001
0.039896899999999999
0.58064400000000005
-0.28304299999999999
0.62654399999999999
-0.22609599999999999
0.42544599999999999
0.166043
0.051508699999999998
-0.263511
0.732819
0.094241400000000003
-0.180727
0.097038600000000003
0.59537200000000001
0.014205300000000001
0.25901400000000002
0.27318599999999998
-0.368475
-0.72107200000000005
0.153558
0.114205
-0.64180700000000002
0.033919299999999999
-0.224749
0.124254
-0.0430141
0.49388199999999999
-0.32845999999999997
0.00558524
0.362288
-0.095432199999999995
-0.870699
0.22500800000000001
-0.59964399999999995
-0.69699100000000003
-0.30266999999999999
0.29806700000000003
-0.54358700000000004
-0.218699
0.14488300000000001
-0.076762899999999995
-0.16361600000000001
-0.538489
-0.64818299999999995
0.29070200000000002
-0.156084
0.50685999999999998
0.88994099999999998
0.240818
0.049376099999999999
0.072284000000000001
-0.066763299999999998
-1.0141100000000001
-1.08836
-0.21947
0.015809199999999999
0.334596
-0.404474
-0.15610299999999999
0.17077400000000001
0.19977900000000001
-1.9828300000000001
0.237985
-0.86273200000000005
0.089134599999999994
-0.12657299999999999
-0.20293700000000001
0.114357
-0.059628599999999997
0.36619299999999999
0.190001
-0.29026999999999997
0.23630200000000001
0.29351300000000002
0.35300700000000002
0.0011067
-1.2309699999999999
0.48023399999999999
0.80281800000000003
-0.74892999999999998
-0.314558
0.51027100000000003
0.32668399999999997
0.61418300000000003
0.122822
0.043199099999999997
0.762324
-0.59101800000000004
0.13921500000000001
0.17508899999999999
0.13902400000000001
-0.81573099999999998
0.053605199999999999
0.54520400000000002
-0.330486
-0.42622500000000002
-0.734981
0.61041299999999998
-0.85011199999999998
0.0051511899999999999
0.063194
-0.32420199999999999
-0.055512400000000003
-0.73721400000000004
0.0579731
-0.180813
1.1767099999999999
0.28779500000000002
-1.0297099999999999
-0.26031799999999999
-0.0123333
-1.3399000000000001
0.28079700000000002
-0.243482
-0.25805499999999998
-0.045853100000000001
1.96984
0.59363600000000005
1.43381
0.29510900000000001
0.16094900000000001
0.0089741500000000002
-0.097922400000000007
0.61668199999999995
0.62497800000000003
-0.120923
0.13935800000000001
-0.60707599999999995
0.30075299999999999
0.45430100000000001
0.25701800000000002
-1.06332
-0.109375
-1.0089699999999999
-0.32856299999999999
0.41850599999999999
0.47239100000000001
-0.46417599999999998
1.0525800000000001
-0.282804
0.060754900000000001
-0.29386800000000002
-0.51923799999999998
0.16725300000000001
-0.56414299999999995
0.0216405
0.034185199999999999
0.38447300000000001
0.59841599999999995
-0.32710099999999998
0.20424600000000001
-0.83646799999999999
0.0407823
-1.0734399999999999
0.15894800000000001
0.15993599999999999
-0.29361599999999999
0.34156799999999998
0.15820999999999999
0.29411700000000002
-0.30337799999999998
-0.19273100000000001
-0.061421299999999998
-0.68275200000000003
0.33669399999999999
0.062406000000000003
0.116853
0.13947399999999999
-0.034666500000000003
0.14558599999999999
0.10487299999999999
-0.53290000000000004
0.53585199999999999
-0.019130999999999999
-0.24709100000000001
-0.10738300000000001
0.32175100000000001
-0.74230499999999999
-0.539439
-0.48288599999999998
0.055411200000000001
1.04783
0.33911200000000002
-1.0840000000000001
-0.312166
-0.045954200000000001
0.407638
0.13198299999999999
-0.050497599999999997
-0.015224100000000001
-0.34178799999999998
-0.86912999999999996
0.43398700000000001
-0.15065400000000001
0.014527200000000001
0.13586400000000001
0.49834400000000001
0.17433699999999999
0.78319499999999997
0.259602
0.14404600000000001
-0.51300000000000001
-0.17502000000000001
0.17644499999999999
0.26941700000000002
0.123004
0.69145299999999998
0.18921099999999999
0.62035099999999999
-0.15909699999999999
0.0254647
0.28301300000000001
-0.152813
0.79523200000000005
0.33884900000000001
0.076899499999999996
-0.112134
-0.065594100000000002
-1.11924
-0.0497166
-0.10617799999999999
-0.67063700000000004
-0.428477
-0.024365499999999998
0.69822099999999998
-0.120546
1.3447899999999999
0.39248300000000003
-0.12883700000000001
-0.65659800000000001
0.020629100000000001
0.180591
-0.50955700000000004
0.46950999999999998
-0.40736600000000001
-0.066955299999999995
0.630583
0.806782
0.59096300000000002
0.088069800000000004
0.092549400000000004
0.48789100000000002
0.80025299999999999
-0.091855199999999998
0.13630300000000001
0.072567199999999998
0.66641899999999998
-0.15137999999999999
-0.21224499999999999
-0.135022
-0.27735399999999999
-0.72764399999999996
0.0025769600000000001
-1.2637
-0.078978199999999998
-0.21728
-0.74257700000000004
0.39575100000000002
1.0858399999999999
0.25849800000000001
0.23899599999999999
0.41688999999999998
0.28540300000000002
0.91163300000000003
-0.26794000000000001
-0.36993500000000001
-0.163522
0.33456599999999997
0.16231799999999999
-0.21332200000000001
0.399391
-1.1327499999999999
-0.77130600000000005
0.94800099999999998
0.891814
-0.115632
-0.37759199999999998
0.202711
-0.070013900000000004
0.30447099999999999
-0.056931500000000003
-0.25547700000000001
0.29065400000000002
-0.41960700000000001
-0.29004200000000002
-0.24651000000000001
-0.169266
-0.25402999999999998
1.44072
-0.054556800000000003
-0.42661300000000002
-0.231295
-0.165133
1.03755
-0.18984300000000001
0.00957328
-0.41959999999999997
0.35004200000000002
0.198909
0.14233999999999999
-0.110765
-0.42253299999999999
0.50547500000000001
-0.086914400000000003
-0.14927199999999999
-0.164911
0.0132505
-0.76275400000000004
0.53942900000000005
-0.30509500000000001
-0.13886899999999999
1.0654699999999999
-0.16335
-0.078287999999999996
0.43275999999999998
-0.83702699999999997
-1.0122800000000001
-0.96410200000000001
-0.73461699999999996
-4.0630800000000002
-0.090387300000000004
0.19758000000000001
-0.28157700000000002
0.13153100000000001
-0.073822499999999999
-0.11618100000000001
-0.63327599999999995
0.35889500000000002
-0.59206899999999996
0.097109799999999996
0.23783499999999999
1.1990700000000001
-0.65290300000000001
0.18374299999999999
0.058034000000000002
0.0514919
-0.0054285000000000002
-0.397812
0.290931
-0.16175800000000001
-0.133327
0.84723999999999999
-0.34468700000000002
-0.146678
0.0085138799999999997
0.075198000000000001
-0.58830499999999997
0.60178799999999999
0.92682799999999999
0.0083211599999999993
-0.032806099999999998
0.79735999999999996
0.71675199999999994
0.22776199999999999
-0.080232300000000006
0.17361699999999999
0.36688900000000002
-0.60921199999999998
0.32589000000000001
0.135966
-0.26994899999999999
0.34773900000000002
-0.436309
-0.31400800000000001
0.44661000000000001
-0.028909199999999999
-2.0880000000000001
0.0107499
0.0546303
-0.21373300000000001
-0.27207300000000001
-0.067979499999999998
0.217672
0.20934800000000001
-0.29914800000000003
-0.169848
0.039071099999999997
0.24801300000000001
-0.0151585
-0.21079999999999999
-0.354294
-0.0024688700000000002
0.120307
-1.0093700000000001
-0.19015000000000001
-0.375579
-1.1740699999999999
0.14299899999999999
0.72633300000000001
0.028608999999999999
-0.064141199999999995
-0.47297699999999998
0.20283100000000001
0.089878600000000003
0.187476
-0.202658
1.02921
0.30030000000000001
-0.22874
0.42559000000000002
0.076152800000000007
-0.81483899999999998
0.047729800000000003
0.83200300000000005
-0.19416900000000001
0.105133
-0.72980900000000004
0.53637500000000005
-1.48058
0.35043999999999997
-0.0066941400000000003
0.66426700000000005
0.050629500000000001
1.1808700000000001
-0.134048
0.28371400000000002
0.61925699999999995
-0.19817399999999999
0.080635600000000002
0.83599100000000004
-0.28415299999999999
0.34370699999999998
-0.38410300000000003
0.15998399999999999
-0.301597
-0.061413799999999998
-0.50092000000000003
0.54003900000000005
-0.36447099999999999
-0.34605999999999998
-0.14508699999999999
0.39522600000000002
-0.24657899999999999
0.71235400000000004
-0.31060599999999999
-0.14479500000000001
1.24204
0.414132
0.60756600000000005
-0.0040243400000000004
-0.148116
0.48014400000000002
-0.22700100000000001
0.14457300000000001
0.25414900000000001
0.055879999999999999
0.40568700000000002
-0.046982000000000003
-0.40409099999999998
0.34578799999999998
0.074660500000000005
-0.58335599999999999
-0.86648999999999998
0.094568700000000006
0.15609400000000001
-0.065994899999999995
0.28771200000000002
-0.068337400000000006
-1.4646399999999999
-0.10917399999999999
0.075685299999999997
-0.077040499999999998
0.28650300000000001
-0.029826700000000001
-0.61224199999999995
0.00328765
-0.321492
0.43957299999999999
0.123754
0.14838599999999999
-0.140316
0.38795000000000002
0.21954499999999999
-0.75242500000000001
-0.69111800000000001
-0.23918
-1.5147600000000001
-0.31736300000000001
-0.94686700000000001
0.52100000000000002
0.344308
0.70369700000000002
-0.129997
-0.113637
-0.0048729699999999999
0.17782999999999999
-0.53182099999999999
-0.19437699999999999
0.38650800000000002
0.38886399999999999
-0.179928
0.81098899999999996
0.31920999999999999
-0.24820800000000001
0.42701099999999997
0.063855200000000001
-0.015785899999999999
0.39646199999999998
0.416101
0.32399
-0.041248600000000003
-0.81380200000000003
0.47259099999999998
0.56167400000000001
-0.096344399999999997
0.30741200000000002
0.88852900000000001
0.807477
0.70691899999999996
0.33536500000000002
0.34498000000000001
-0.99421599999999999
-0.51946700000000001
-0.35319600000000001
-0.27351500000000001
-0.040468400000000002
-0.91238699999999995
0.064595299999999994
0.27635999999999999
-0.41750999999999999
0.15550900000000001
0.32685799999999998
-0.0105833
-0.73994000000000004
0.27868999999999999
0.073272900000000002
1.33141
-0.43031399999999997
-0.49285000000000001
0.085596400000000003
-0.19289200000000001
0.333845
0.30242999999999998
0.60139299999999996
-0.30442799999999998
0.12896099999999999
0.12435400000000001
0.29667199999999999
-0.32031999999999999
-0.055565099999999999
0.27122499999999999
-0.329542
-0.161912
-1.09521
-0.0047701200000000001
-0.22273000000000001
0.28096500000000002
0.33452900000000002
-0.489033
0.170762
-0.30235600000000001
0.58224500000000001
-0.0124855
-0.105418
-0.204204
0.15849099999999999
0.65948799999999996
0.78092700000000004
-0.037261900000000001
0.094021900000000005
-0.0017207800000000001
0.151003
0.395563
-1.02501
-0.0019387899999999999
-0.14533099999999999
0.33337499999999998
0.20971999999999999
0.16772999999999999
0.095543900000000001
-0.123547
-0.53632899999999994
0.32845299999999999
-0.27397500000000002
0.29926799999999998
-0.090869900000000003
0.30842900000000001
-0.72021299999999999
-0.40937600000000002
-0.0047082499999999998
0.0091230500000000006
0.46666999999999997
0.62190100000000004
0.289827
0.219024
-0.085740399999999994
0.63655799999999996
0.17544100000000001
0.84827900000000001
0.160384
0.102642
-0.075609399999999993
-0.101345
-0.40097300000000002
0.41018900000000003
-0.051445999999999999
-0.38020799999999999
0.11809600000000001
0.402443
0.20564099999999999
0.28408899999999998
-0.170073
0.069068000000000004
0.686527
0.28219699999999998
0.137097
-0.92809299999999995
0.25725599999999998
-0.65909700000000004
-0.075084200000000004
0.058279999999999998
-1.2102200000000001
-0.25986100000000001
0.64283999999999997
-0.2016
0.097066600000000003
1.39994
-0.22031300000000001
0.40191900000000003
0.48951299999999998
-0.063202800000000003
-0.108585
-0.24854599999999999
0.53615100000000004
-0.398974
0.585476
0.00054614599999999996
-0.95217200000000002
-0.86141100000000004
-0.31917499999999999
0.061359299999999999
-0.76565899999999998
0.0916048
0.40079599999999999
-0.83647099999999996
-0.042269899999999999
-0.20335900000000001
0.099910700000000005
-0.30416700000000002
-0.067535100000000001
-0.49185699999999999
-1.1254599999999999
0.224636
-2.2046999999999999
0.48008499999999998
0.38166800000000001
-0.60231299999999999
0.097049300000000005
-0.177755
0.329237
0.061516399999999999
1.21767
0.40833399999999997
-0.090853000000000003
-0.27281
0.039867800000000002
-0.449243
0.64350399999999996
-0.070349400000000006
0.27550000000000002
0.0065288500000000001
0.010534999999999999
0.29848200000000003
-0.95116400000000001
-0.17646800000000001
0.025484699999999999
1.2065900000000001
0.56307600000000002
1.0261100000000001
0.22268499999999999
-0.233261
1.32731
-0.53942500000000004
0.034441399999999997
-0.49274800000000002
0.266897
0.94175200000000003
0.43900099999999997
-0.054340800000000002
0.87504999999999999
-0.26255800000000001
0.260689
0.56866700000000003
-0.96043800000000001
0.39475500000000002
-0.035319900000000001
-1.0558099999999999
0.124808
-0.37607299999999999
0.14576600000000001
-0.17411499999999999
1.1164400000000001
0.27610400000000002
0.90263899999999997
-0.55421299999999996
0.15305099999999999
-0.51403399999999999
-0.73853400000000002
-0.065864500000000006
-0.183892
0.064121899999999996
-0.41914899999999999
-0.53864500000000004
-0.484989
0.147649
0.19237099999999999
-0.38192100000000001
0.13428699999999999
-0.69776099999999996
0.092899200000000001
-0.017317300000000001
-0.27694400000000002
0.35635800000000001
0.23232
0.065926399999999996
-0.030564600000000001
0.780277
0.32141500000000001
0.58672599999999997
0.91126700000000005
-0.109967
0.91022099999999995
0.20045299999999999
0.38694099999999998
0.78537999999999997
-0.142759
0.49926199999999998
0.44224999999999998
0.93727199999999999
0.37314399999999998
-0.42605199999999999
-1.1008800000000001
-0.71316299999999999
-0.069003999999999996
-0.54558899999999999
0.27144200000000002
0.57582199999999994
0.191276
-1.10903
0.17232900000000001
0.24632200000000001
0.55834700000000004
0.130082
-0.42691800000000002
-0.63731700000000002
-0.17144000000000001
0.35530099999999998
0.53887700000000005
-0.096778299999999998
-0.14167199999999999
0.130693
0.30035400000000001
-0.42750899999999997
0.16409299999999999
0.55283300000000002
0.068836300000000003
0.47087499999999999
0.21893799999999999
0.56235800000000002
-0.17194999999999999
-0.52248600000000001
-0.53150900000000001
-0.25628499999999999
-0.52823500000000001
-0.181785
0.0058170699999999997
0.38834200000000002
-0.083571500000000007
-0.59848599999999996
0.92199799999999998
-0.0073019699999999996
0.58354399999999995
-0.099965999999999999
-0.57939799999999997
0.223632
-0.026856000000000001
0.64132
-0.42843599999999998
1.39069
-0.29766799999999999
-0.053064600000000003
-0.42711399999999999
-0.32552300000000001
-0.23585600000000001
-0.23172799999999999
-0.0267248
-0.86323499999999997
-0.37940600000000002
-0.94460299999999997
0.200465
0.40975699999999998
0.61035300000000003
-0.83847000000000005
-0.18343499999999999
0.44735200000000003
-0.048752799999999999
-1.1113900000000001
0.11573899999999999
-0.039974000000000003
0.33473900000000001
0.18787499999999999
0.28316400000000003
0.42318
-0.15401400000000001
-0.11457100000000001
-0.116878
0.52285000000000004
0.50452799999999998
0.091962600000000005
0.54600000000000004
0.47548099999999999
0.44893699999999997
-0.220078
-0.49524499999999999
0.41425099999999998
0.27138699999999999
-0.33887800000000001
-0.36247800000000002
-0.38348300000000002
-0.35338700000000001
-0.50758099999999995
0.20213900000000001
-0.12358
1.2077
0.242395
0.098351599999999997
-0.60505600000000004
-0.338059
-0.58713000000000004
0.021317300000000001
0.0132695
0.30083799999999999
-0.57300799999999996
-0.362035
-0.034845300000000003
0.061897599999999997
-0.70055699999999999
-0.61574799999999996
-0.28462199999999999
0.22683
0.30889800000000001
-0.592831
-0.238345
-0.52164500000000003
-0.73138000000000003
-0.0786969
-0.82372500000000004
0.47699399999999997
0.90257500000000002
-0.23081099999999999
0.0259793
1.08084
0.0844057
-0.67019300000000004
-0.62197499999999994
0.18746099999999999
-0.83542300000000003
0.082759100000000002
-0.71596199999999999
-0.083827899999999997
-0.13540199999999999
-0.0235806
0.13844200000000001
-1.03243
-0.10305400000000001
0.175791
0.28887000000000002
0.0147444
-0.55722899999999997
0.065069600000000005
0.0138494
0.867344
0.57458100000000001
0.25351899999999999
-0.071210200000000001
0.244618
0.50567700000000004
0.66064199999999995
1.71035
0.10663400000000001
0.47394599999999998
-1.13232
0.18937100000000001
0.12164899999999999
0.0294798
0.0154203
-1.04155
0.35804799999999998
-0.229523
0.62935200000000002
0.41200100000000001
-0.72611999999999999
-0.48035800000000001
-0.71186400000000005
-0.496832
0.19578599999999999
-0.76793
-0.52818399999999999
0.62567399999999995
0.146563
0.10634
-0.50109199999999998
0.326845
-0.405943
-0.28078399999999998
-0.35108800000000001
-0.85869200000000001
0.13198199999999999
-0.19711799999999999
-0.15307599999999999
0.057986099999999999
0.27630900000000003
0.079983299999999993
0.22232499999999999
0.49027199999999999
-0.0164745
0.80394399999999999
0.027362299999999999
0.22859299999999999
0.24778600000000001
0.13315099999999999
0.86363800000000002
0.0092588500000000008
0.23061100000000001
0.066380099999999997
-0.38791300000000001
0.019459799999999999
0.034827900000000002
-0.27811000000000002
-0.46549800000000002
-0.185364
-0.21371399999999999
0.019416200000000002
-0.49951000000000001
-0.124524
-0.106059
-0.77228600000000003
-0.80884599999999995
0.58133400000000002
-0.24676699999999999
-0.12898499999999999
-0.32828299999999999
0.017900300000000001
-0.41022700000000001
-0.23053299999999999
-0.056515900000000001
-0.72804500000000005
0.31178899999999998
-0.115437
0.0082731499999999999
0.080052799999999993
0.38949800000000001
0.47947000000000001
-0.76990499999999995
0.24576799999999999
-0.29087000000000002
1.4420200000000001
0.39326499999999998
-0.63772899999999999
-0.30036800000000002
0.0210709
0.23536299999999999
0.23282700000000001
1.35067
-0.120433
-0.117807
-1.11707
-0.58337799999999995
0.173593
-0.048437599999999997
-0.41791600000000001
-0.0078785799999999996
-0.58605300000000005
-0.83817200000000003
-0.53512800000000005
-0.219806
-0.45762199999999997
0.49624000000000001
0.27505400000000002
-0.15898999999999999
0.0089388999999999996
-0.41316599999999998
-0.25524200000000002
0.046042100000000002
-0.15501499999999999
-0.144986
0.39824799999999999
0.40471499999999999
1.0890599999999999
0.0413554
0.148372
-0.90870700000000004
-0.18224799999999999
-0.70585200000000003
0.41814299999999999
0.106646
0.47700700000000001
-0.37541400000000003
-0.31639600000000001
-0.255166
0.053640599999999997
0.659748
0.34582200000000002
-0.126025
0.137688
0.41921599999999998
0.52827100000000005
-0.13420099999999999
0.79400300000000001
0.29230499999999998
-0.0072427400000000001
-1.14907
0.503525
0.58852800000000005
0.76083599999999996
0.12754299999999999
-0.17743900000000001
-0.173512
-0.88646100000000005
-0.57838199999999995
0.47378399999999998
0.81258699999999995
-0.30087199999999997
-0.75919899999999996
-0.0271992
0.30081999999999998
-0.76723699999999995
0.094061000000000006
1.00787
-0.113953
0.016304300000000001
-0.16402600000000001
-0.41505900000000001
-1.2173099999999999
0.76782499999999998
0.176286
-0.26218999999999998
0.46479900000000002
0.23921400000000001
-0.086841500000000002
-0.074345999999999995
0.54116299999999995
-0.38651000000000002
0.631714
-0.28787600000000002
-0.32496199999999997
1.7360599999999999
0.933728
0.044420899999999999
0.78273199999999998
-0.32806800000000003
-0.051835100000000002
0.14452599999999999
0.67922400000000005
0.22172500000000001
0.45349
1.28975
0.52018399999999998
0.807253
0.153976
0.088826000000000002
0.049397099999999999
-0.53445399999999998
0.69140400000000002
0.53425800000000001
-0.27334799999999998
-0.179123
0.10465000000000001
-0.076696200000000006
-0.072031800000000007
-0.27719199999999999
-0.37667499999999998
0.21140300000000001
0.188114
-0.39350499999999999
0.11251700000000001
-0.29675699999999999
-0.121929
-0.50985000000000003
0.029697000000000001
0.28089799999999998
-0.74829699999999999
0.16642000000000001
0.885911
-0.12169199999999999
-0.095562900000000006
0.448652
0.88414999999999999
1.07616
0.125863
-0.0124043
-0.86911799999999995
-0.188307
0.48076200000000002
0.34981000000000001
-0.0095680799999999996
-1.0344599999999999
0.052225300000000002
1.0265599999999999
0.143095
0.0296002
0.32458799999999999
0.026719199999999999
0.63484499999999999
-0.063575699999999999
-0.39872000000000002
-0.40276400000000001
-0.16644500000000001
-0.026702500000000001
0.0134562
-0.21476300000000001
-0.99966900000000003
0.148283
0.15602099999999999
-0.264129
0.212174
-0.108641
-0.56237000000000004
-0.64330799999999999
-0.40618500000000002
0.083473500000000006
0.32922299999999999
0.26919999999999999
-0.080204999999999999
-0.26610200000000001
0.082117800000000005
-0.62181200000000003
0.687199
0.697353
0.041084299999999997
-0.091939000000000007
0.25342300000000001
0.60385
-2.0603400000000001
0.35521900000000001
0.80330199999999996
-0.15774099999999999
-0.30074400000000001
0.10050199999999999
1.2488699999999999
-0.0331737
0.085017700000000002
-0.868336
-0.986232
0.049008400000000001
0.15984899999999999
0.082742300000000005
0.088045899999999996
0.52968199999999999
0.39913100000000001
-0.45766200000000001
1.4260699999999999
0.099956900000000001
0.222247
-0.502417
-0.097484100000000004
0.46517399999999998
0.20290800000000001
-0.95477199999999995
0.017955599999999999
-0.16821900000000001
0.35771500000000001
-0.42856499999999997
-0.42840699999999998
0.37442799999999998
-0.23838300000000001
-0.53390899999999997
-0.119064
-0.74601899999999999
-0.119645
0.059032800000000003
1.24919
0.25485999999999998
1.26555
-0.095746300000000006
-0.11688800000000001
0.489259
0.43723099999999998
-0.41657100000000002
0.084494899999999998
0.053848
0.091306700000000005
-0.59557700000000002
-0.524065
0.15065500000000001
-0.047544099999999999
0.73997000000000002
0.0219004
-1.0895999999999999
-0.056576300000000003
-0.155528
-1.1734899999999999
-0.47462900000000002
-0.46740599999999999
0.35917900000000003
-0.028070399999999999
1.1642999999999999
-0.29647899999999999
0.107226
-0.048410399999999999
-0.038125199999999998
-1.15595
0.39105400000000001
0.58885200000000004
-0.018837099999999999
-0.073715000000000003
0.186421
0.55696900000000005
0.55679199999999995
0.42312699999999998
-0.38581199999999999
0.052252100000000003
-0.111399
0.229598
0.214534
0.31160500000000002
-0.52344999999999997
-0.17579500000000001
0.64519700000000002
-0.017828199999999999
0.26715499999999998
-0.94540999999999997
0.30158499999999999
-0.64354599999999995
-0.30594399999999999
-0.00105175
-0.054909600000000003
0.340555
-0.220637
-0.79751000000000005
0.087910600000000005
-0.55088000000000004
-0.19172500000000001
0.45150600000000002
0.50676900000000002
-0.448714
-0.47937400000000002
0.231403
-0.22315399999999999
0.37357000000000001
-0.060284499999999998
-0.80549000000000004
0.50153700000000001
-0.60968199999999995
0.50179399999999996
-0.0213431
0.32177499999999998
-0.62773500000000004
0.17496800000000001
0.23138800000000001
0.17799899999999999
-0.64388800000000002
0.037546200000000002
-1.01796
-0.31898399999999999
0.164407
-0.51562399999999997
0.52901699999999996
0.91034199999999998
0.48608000000000001
-0.0074189199999999999
-0.50479700000000005
-0.39688600000000002
-0.70454000000000006
-0.44803100000000001
0.15193000000000001
1.28729
-0.33313300000000001
0.044819699999999997
0.087572899999999995
0.015199600000000001
0.067705899999999999
0.0534875
0.19280900000000001
0.076012800000000005
0.249303
0.0074844899999999999
0.022833200000000001
-0.67689999999999995
0.36101800000000001
0.111557
-0.092227000000000003
0.0069515599999999999
0.067099099999999995
0.50556299999999998
0.217169
0.071224700000000002
-0.21087500000000001
-0.029651299999999998
0.14860300000000001
0.019202500000000001
0.0195941
0.064813800000000005
0.61238700000000001
-0.016063999999999998
0.0237629
-0.25603599999999999
-0.64113900000000001
-0.60948899999999995
-0.228937
0.16578799999999999
-0.160519
0.10319399999999999
-1.36992
0.046889399999999998
-0.20385200000000001
-0.31291400000000003
0.53309300000000004
-0.37567699999999998
-0.0066862400000000004
0.084704000000000002
-0.61700100000000002
-0.35414299999999999
1.2972699999999999
-0.22861000000000001
0.12537100000000001
-0.279227
-0.25787300000000002
-0.67205800000000004
-0.466277
-0.085279099999999997
1.2131799999999999
0.43325599999999997
0.14532800000000001
-0.44439699999999999
-0.0025023799999999998
-1.0996999999999999
-0.58321800000000001
-0.69897699999999996
-0.26913900000000002
0.0290791
0.39881899999999998
-0.22709199999999999
0.419074
-0.0444248
-0.093484200000000003
0.022432500000000001
0.129076
-0.110641
-0.42884100000000003
-0.19999800000000001
0.27089200000000002
-0.41609600000000002
-0.55088499999999996
0.28184100000000001
-0.10542
1.1586099999999999
0.52282099999999998
-0.22281300000000001
-0.46668999999999999
0.221801
0.76917800000000003
0.27833999999999998
-0.48051500000000003
-0.59248500000000004
0.090423400000000001
0.95960999999999996
0.034683499999999999
0.87614899999999996
0.241651
-0.095907099999999995
-0.51275099999999996
-0.61568100000000003
0.039266299999999997
0.16154299999999999
0.13474900000000001
-0.18366299999999999
0.47480899999999998
0.25991999999999998
0.309336
-0.131549
0.77893100000000004
0.111419
0.0178105
-0.016107
-0.12745600000000001
0.087398000000000003
-0.48899799999999999
-1.5894299999999999
-0.208511
0.0745725
-0.229051
-0.72187199999999996
0.102686
-0.019634499999999999
-0.091921900000000001
-0.27997300000000003
-0.26605099999999998
0.58428000000000002
-0.42751400000000001
0.071731600000000006
0.351045
0.15337600000000001
0.99480999999999997
-0.35580099999999998
-0.0033004900000000001
0.67709299999999994
0.41941800000000001
0.19140499999999999
0.049500099999999998
-0.082888900000000001
-1.0427999999999999
0.073603100000000005
0.73052300000000003
0.15446599999999999
0.082938499999999998
-0.218528
-0.196298
0.56701100000000004
-0.107083
-0.20107800000000001
-0.706044
-0.50634299999999999
0.93139400000000006
-0.0064710999999999996
-0.12331499999999999
1.32864
-1.1319999999999999
-0.90567500000000001
-0.082936899999999994
0.17304800000000001
-0.439975
-0.31964199999999998
0.100883
-0.60565899999999995
0.33253500000000003
0.56156700000000004
0.184978
-0.0164335
-0.182419
0.0403991
0.91372299999999995
0.34751799999999999
-0.46675699999999998
-0.12504399999999999
0.0640236
-0.070389400000000005
0.64403100000000002
0.529034
-0.20411299999999999
-0.28676699999999999
-1.0618399999999999
-0.56834600000000002
0.18990199999999999
0.33846599999999999
0.072472900000000007
1.02962
-0.110053
-0.69805799999999996
-0.51406099999999999
-0.18040999999999999
0.16695499999999999
-0.151001
0.046328099999999997
-0.110508
0.321295
-0.117313
0.18354000000000001
-0.12917799999999999
0.14602100000000001
-0.26945400000000003
-1.42455
0.102177
0.38137199999999999
0.50555000000000005
-0.37336999999999998
-0.068198700000000001
-0.30904199999999998
-0.42415999999999998
0.35235300000000003
-0.0234275
-1.35765
-0.58760199999999996
0.15393499999999999
-0.077605400000000005
0.137683
-0.58820899999999998
-0.85559099999999999
-0.68907099999999999
-0.55793899999999996
-0.35765000000000002
0.089831800000000003
-0.57249300000000003
-0.44239400000000001
0.21650800000000001
-0.21798300000000001
0.059038599999999997
-0.344391
-0.14704999999999999
0.13918
0.134774
-0.69837499999999997
0.14801400000000001
0.986707
0.66638500000000001
0.18842100000000001
-0.14223
-0.81247999999999998
-0.34598000000000001
-0.093886999999999998
-0.145006
0.52868700000000002
0.85385800000000001
0.69215099999999996
-0.99372400000000005
0.032174099999999997
0.62555099999999997
-0.159719
-0.105695
-0.13868900000000001
0.042312299999999997
-0.024875399999999999
0.53199300000000005
-0.026254699999999999
-0.31989299999999998
0.268515
1.2617499999999999
0.042046
0.061559000000000003
0.16842199999999999
-0.105652
-0.41296500000000003
-0.045984200000000003
-0.43315700000000001
-0.52122400000000002
0.25512800000000002
-1.00152
0.53118799999999999
1.59459
-0.0311916
0.0569075
-0.25698399999999999
-0.440749
-0.61831199999999997
0.18620400000000001
0.24656
-0.55613800000000002
-0.13517599999999999
-1.8992
-0.44431300000000001
0.094692100000000001
0.56416999999999995
-0.59609100000000004
0.43502299999999999
0.41812700000000003
0.0373888
0.027063199999999999
0.25887100000000002
0.207314
-0.021519199999999999
0.27393299999999998
-0.232762
0.38057200000000002
0.99776200000000004
-0.0109158
-0.085801199999999994
0.065819799999999998
-0.52849999999999997
0.25128800000000001
0.00359107
0.0620736
0.122268
0.093701800000000002
-0.32337700000000003
-0.201408
-0.20583799999999999
0.30266199999999999
0.28015899999999999
-0.82041600000000003
-0.40565200000000001
-0.121125
-0.97276399999999996
0.45210600000000001
-1.04725
0.192528
0.204147
0.70732799999999996
0.22919400000000001
-0.65877399999999997
-0.22802600000000001
0.167156
-0.87468299999999999
-0.401532
0.073596800000000004
-0.0167729
0.058363900000000003
0.199966
0.71797699999999998
0.15463399999999999
-0.26404300000000003
0.12980800000000001
1.1018300000000001
-0.25534499999999999
-0.46773799999999999
0.17028599999999999
0.14882600000000001
-0.00053168900000000001
-0.19223100000000001
-0.23521600000000001
-0.26861400000000002
-0.0114647
0.120836
0.68630899999999995
-0.12534699999999999
0.023843300000000001
-0.069866499999999998
-0.152645
0.40123799999999998
0.55086500000000005
0.34670299999999998
0.217663
-0.66657699999999998
0.52086299999999996
0.21746799999999999
-0.24846499999999999
0.23168
-0.27403
-0.32219300000000001
-0.175007
-0.84525899999999998
-0.051060800000000003
-0.057090200000000001
-0.021176
-0.17997199999999999
-0.28356399999999998
-0.083946099999999996
0.35629
-0.162774
0.40098299999999998
0.00162356
0.287966
-1.06348
-0.16035099999999999
-0.0213105
0.25146000000000002
0.314998
1.06701
0.101589
0.429035
0.275621
-0.484066
0.657142
0.092818600000000001
1.7504500000000001
0.23314399999999999
-0.124459
-0.85087900000000005
0.30498700000000001
-0.20816000000000001
-0.215008
0.050774399999999997
0.47409699999999999
-0.16642199999999999
0.79584500000000002
-0.25854199999999999
0.138012
-0.89862799999999998
-0.0019960400000000001
-0.38044099999999997
-0.16090499999999999
0.073871800000000001
0.33157799999999998
-0.69581599999999999
0.90012099999999995
-0.10428999999999999
0.022651000000000001
-0.20460800000000001
0.80979299999999999
0.19859499999999999
-0.30693700000000002
0.36768200000000001
0.31393900000000002
-0.26281500000000002
0.17702899999999999
0.50266100000000002
0.115899
0.34832299999999999
0.51774600000000004
-0.22725300000000001
0.41943799999999998
0.00089267000000000003
-0.55619600000000002
-0.60548400000000002
-0.63361900000000004
-0.98277099999999995
-0.039242899999999997
0.20205300000000001
-0.22325700000000001
-0.45607199999999998
-0.30834400000000001
-0.18565200000000001
0.064764799999999997
0.084564600000000004
0.312998
0.12717300000000001
-0.223077
-1.7069300000000001
0.085526199999999997
1.0334099999999999
0.25431100000000001
0.26067499999999999
0.042453200000000003
-0.40860000000000002
1.20096
0.18138099999999999
-0.213557
0.98562899999999998
0.31917699999999999
0.19398899999999999
-0.12288
-0.041345899999999998
0.69772599999999996
0.021020299999999999
1.1893100000000001
-0.22531399999999999
0.116422
-0.078520999999999994
0.49097200000000002
-0.0026096800000000001
0.45316800000000002
-0.50295500000000004
0.35232599999999997
0.73573599999999995
1.4119699999999999
0.18568200000000001
-0.25525599999999998
-0.213867
0.21695300000000001
-1.29186
0.0492772
-0.123338
-0.67236899999999999
0.26647100000000001
-0.80507600000000001
-0.090801400000000004
-0.031098500000000001
-0.46470600000000001
-0.34815200000000002
-0.45627400000000001
-0.054968599999999999
-0.071813500000000002
-0.51706399999999997
0.83180799999999999
0.67098800000000003
-0.242011
0.111055
-0.33015499999999998
-0.118369
0.89156000000000002
-0.28880400000000001
-0.098331399999999999
1.2193099999999999
-0.114981
0.73406199999999999
0.25977699999999998
0.23846600000000001
-0.99582999999999999
-0.57364300000000001
0.382988
-0.089038199999999998
-0.077822699999999995
0.113645
0.011953
-0.68210899999999997
-0.33550400000000002
-0.25221199999999999
1.6415900000000001
0.0101732
-0.27806199999999998
0.13037199999999999
-0.27311800000000003
0.633185
-0.186228
0.182755
0.044501800000000001
0.068404900000000005
-0.097761600000000004
-0.215807
-1.10172
-0.13051299999999999
-0.14311499999999999
-0.28048800000000002
-0.51222299999999998
0.55020400000000003
0.188059
0.039793099999999998
0.37112499999999998
0.50381500000000001
1.1192500000000001
-0.068202700000000005
0.097346000000000002
1.2466699999999999
0.228074
-0.093390600000000004
-0.078459799999999996
-0.094601000000000005
0.83684400000000003
-0.43986500000000001
2.0801699999999999
-0.26599899999999999
0.12904399999999999
-0.186642
0.21759999999999999
0.71001000000000003
-0.40197699999999997
0.44338
0.32105
-0.65618399999999999
-0.31306600000000001
-0.45417099999999999
-0.29943900000000001
0.0212001
-0.427008
-0.29616700000000001
-0.35192099999999998
0.18356
1.29718
0.433751
-0.32512099999999999
-0.22433600000000001
-0.28524500000000003
-0.26072200000000001
0.49861800000000001
-0.049780999999999999
0.0070688299999999999
0.043825099999999999
-0.79987699999999995
0.029780899999999999
0.13803699999999999
-0.060681699999999998
-0.036039500000000002
-1.0221199999999999
0.0058909899999999996
-0.098400600000000005
0.95439200000000002
0.167711
0.49422199999999999
-0.092387399999999995
0.401756
0.218361
-0.16923099999999999
0.79014700000000004
0.098154199999999997
1.0210699999999999
0.0041424799999999996
-0.0276437
-0.60399999999999998
-0.034616800000000003
0.40944000000000003
-0.36129600000000001
-0.117127
-0.31453500000000001
0.187838
0.116077
0.32301000000000002
-0.041836199999999997
-0.12389699999999999
-0.091728400000000002
0.289744
0.20962900000000001
0.021791000000000001
1.2402500000000001
0.38712400000000002
0.76239299999999999
-0.191604
-0.156392
-0.66392600000000002
-0.060976200000000001
-0.12309199999999999
0.85645199999999999
0.114095
-0.67439000000000004
0.043394599999999998
1.07603
0.048371699999999997
0.36573800000000001
-0.51819999999999999
0.17024600000000001
-0.26889200000000002
0.130604
-0.25748700000000002
0.24755199999999999
0.43804700000000002
-1.23021
-0.70636699999999997
0.107284
-0.86568699999999998
-0.41585100000000003
0.437921
0.020446300000000001
0.026383
-0.11206199999999999
-0.50923700000000005
-0.87974399999999997
-0.362765
-0.19234499999999999
-0.772617
0.189639
-0.96941999999999995
-0.121049
-0.10029200000000001
0.82761600000000002
-0.40905799999999998
0.15528700000000001
0.098689799999999994
-0.13778399999999999
0.40946399999999999
0.24032700000000001
0.20476800000000001
0.50315100000000001
-0.18153900000000001
0.105087
0.25506299999999998
0.49885600000000002
0.390295
-0.087764599999999998
-0.30223100000000003
-0.462507
-0.73816800000000005
-0.058065199999999997
0.15900400000000001
-0.089765700000000004
-0.43389299999999997
0.75625299999999995
0.15232299999999999
-0.108197
0.44780900000000001
0.301929
-0.82381199999999999
0.482016
0.23986499999999999
-1.44187
-0.62100599999999995
-1.8131600000000001
0.39842699999999998
-0.19031899999999999
-0.62738499999999997
0.12302399999999999
-0.0581939
-0.0218461
0.32307200000000003
0.72809000000000001
-0.20478299999999999
-0.61449200000000004
0.13157099999999999
0.0077967899999999996
0.92023299999999997
0.17635600000000001
-0.083597599999999994
0.53976000000000002
0.048331199999999998
0.61548599999999998
0.174706
-0.20587900000000001
0.35127199999999997
-0.033417500000000003
0.41142899999999999
0.29376999999999998
0.49070900000000001
0.21066499999999999
0.154469
-0.66244599999999998
-0.18918199999999999
0.55949700000000002
0.67332499999999995
-0.0058145000000000002
-0.57164499999999996
-0.14895600000000001
-1.6982999999999999
-0.107445
0.420265
0.20214499999999999
0.40622900000000001
0.63969299999999996
0.081489099999999995
0.18127499999999999
-0.72273799999999999
0.30145300000000003
0.758409
0.060905099999999997
-0.081185300000000002
-0.30341699999999999
-0.37557299999999999
0.027736299999999998
0.695712
-0.16361000000000001
0.71718899999999997
0.051388499999999997
1.99027
-0.31108599999999997
-0.077870599999999998
-0.33595999999999998
0.052402700000000003
-0.249107
-0.25611200000000001
0.0811196
0.081207299999999996
0.076444300000000007
-1.3574299999999999
-0.46570600000000001
-0.257079
0.464335
0.14761099999999999
1.09457
0.092481099999999997
-0.21847800000000001
-0.023621699999999999
0.160632
-0.54327800000000004
0.11125400000000001
-0.076243500000000006
-0.24238100000000001
0.27133000000000002
-1.6891799999999999
-0.786713
0.28784100000000001
-0.17660899999999999
0.120531
-1.03593
-0.26480500000000001
-0.061157299999999998
0.89887399999999995
-0.25928200000000001
-0.882359
-0.0069590099999999998
-0.29686400000000002
-0.77073800000000003
-0.38809100000000002
-0.41991299999999998
-0.29016799999999998
-0.0656804
-0.097365999999999994
0.25065100000000001
0.27275100000000002
-0.24833
-0.13187399999999999
-0.76415200000000005
0.050977000000000001
-0.95481300000000002
-0.12642900000000001
0.0081031100000000002
-0.12067
-0.24757299999999999
0.091742099999999993
0.0724582
-0.187142
0.0537768
-0.72058
-0.36583599999999999
-0.087709400000000007
0.31100800000000001
0.85673299999999997
0.26383099999999998
0.42452000000000001
0.183451
0.268038
0.55440699999999998
-0.59045700000000001
0.58042400000000005
-0.0129797
-0.414441
-0.52489699999999995
-0.0568221
0.075689300000000001
0.41297299999999998
0.43927699999999997
-0.18195
0.067047599999999999
-0.738062
-0.50519000000000003
-0.0071972499999999997
0.30291499999999999
0.095374200000000006
-0.0064219500000000001
0.32252999999999998
-0.62200900000000003
-0.114819
-0.049400100000000002
-1.24407
-0.62121499999999996
-0.14237
0.216256
0.201289
0.62688900000000003
-0.44921100000000003
-0.19117300000000001
0.90085899999999997
-0.59362899999999996
-0.70233400000000001
0.037440099999999997
0.12576599999999999
0.17747199999999999
-0.54387200000000002
-0.80971599999999999
0.058038399999999997
0.217921
-0.33897699999999997
-0.098002099999999995
-0.48644700000000002
-0.39349299999999998
-0.14536399999999999
-0.86136299999999999
-0.22983200000000001
-1.90222
0.176902
0.016727100000000002
1.61395
0.0452778
-0.39180599999999999
0.26162999999999997
-0.26545299999999999
-1.3580099999999999
0.036837300000000003
-0.836758
-0.25686700000000001
0.27365699999999998
-0.99658999999999998
-0.053571599999999997
-1.2793699999999999
-0.35915999999999998
-0.31983200000000001
1.00102
0.55454400000000004
-0.73672300000000002
0.43292599999999998
-0.0568064
-0.71552300000000002
-0.218779
-0.825627
-0.0822243
-0.16167300000000001
0.57701800000000003
-0.0034695199999999998
1.0543400000000001
0.15076600000000001
0.097872700000000007
-0.96556399999999998
0.35867300000000002
-0.395289
-0.48013299999999998
0.21502399999999999
-0.63773299999999999
0.14264199999999999
0.27873199999999998
0.54609399999999997
0.15900800000000001
0.54803599999999997
0.246338
-0.53731200000000001
-0.23484099999999999
0.37561800000000001
0.106017
-0.23857700000000001
-0.108817
0.35593999999999998
-0.069273799999999996
0.44263000000000002
0.22219800000000001
1.02695
-0.17626700000000001
-0.084839100000000001
-0.16192999999999999
-0.77102599999999999
0.13900499999999999
-0.35482599999999997
-0.11286599999999999
-0.61338199999999998
-0.218472
-1.51841
0.38795400000000002
-0.130159
-0.694384
-0.16239000000000001
-0.21365300000000001
0.238068
-0.063271099999999997
-0.0273032
0.0013642400000000001
-0.69431399999999999
-0.14912400000000001
-0.091800000000000007
-1.44737
0.037162500000000001
-1.3878999999999999
0.55872500000000003
-0.047507500000000001
0.53311399999999998
-0.35753699999999999
0.32356499999999999
0.11978999999999999
-0.155391
0.51158999999999999
-0.44155299999999997
-0.40315699999999999
-0.35222799999999999
0.034337899999999998
1.8078399999999999
0.21102199999999999
0.79200700000000002
0.31037500000000001
0.15123900000000001
0.0603898
0.135323
-0.566689
0.0304865
-0.287831
-0.48825499999999999
0.071058499999999997
0.23683399999999999
0.56589500000000004
0.027552699999999999
0.00786187
0.262291
-0.147482
0.442631
-0.22298999999999999
-0.39889000000000002
-0.44138899999999998
0.13553499999999999
0.38705600000000001
0.137764
0.58364300000000002
0.34309499999999998
0.55858099999999999
0.118259
-0.121966
0.62779799999999997
0.23167399999999999
-0.68659899999999996
0.49613299999999999
-0.17233899999999999
-0.78777399999999997
-0.52817800000000004
-0.26752999999999999
-0.23798800000000001
0.13552700000000001
0.49389699999999997
-0.088095499999999993
-0.10673299999999999
-0.25220300000000001
-0.00110352
0.61034999999999995
0.65876299999999999
-0.095394000000000007
0.55021200000000003
0.071698700000000004
0.092743000000000006
0.29611199999999999
-0.30076799999999998
0.146011
-0.081433800000000001
0.88284200000000002
0.082991700000000002
0.70127799999999996
-0.23025799999999999
-0.16039200000000001
0.75128099999999998
0.37426100000000001
-0.104628
-0.029869699999999999
-0.17547699999999999
0.62992700000000001
-0.242614
0.40963699999999997
0.034617700000000001
0.099508799999999994
0.86339699999999997
-0.26824399999999998
-0.72091000000000005
0.17222299999999999
0.196572
-0.44300899999999999
-0.71805300000000005
1.13354
-0.738205
0.096611199999999994
-0.237508
0.59218199999999999
-0.20327899999999999
-0.238624
-0.102586
-2.1206399999999999
-0.058487200000000003
0.34261399999999997
-0.00204171
-0.0096222400000000007
0.18335099999999999
0.41164800000000001
0.084277299999999999
0.33313900000000002
0.049722799999999998
-1.95584
-0.75188100000000002
0.30060199999999998
-0.22740199999999999
-0.075143799999999997
0.46510800000000002
0.131935
-0.55099299999999996
-0.30374800000000002
0.244536
-0.045236600000000002
0.74761999999999995
0.087565400000000002
0.21174399999999999
0.085383100000000003
0.031775999999999999
-0.26016499999999998
0.042238499999999998
0.010785100000000001
0.148206
-0.39195600000000003
-0.00269827
-0.428651
-0.48411700000000002
-0.183975
0.18667500000000001
-0.835426
-0.15403500000000001
0.24355599999999999
-0.15276899999999999
-0.44770500000000002
0.355713
0.76458800000000005
0.046893999999999998
0.20591300000000001
1.0028600000000001
0.19946800000000001
0.044849600000000003
-0.0142503
0.147396
-0.37958599999999998
-0.0861175
0.54542100000000004
-0.55399399999999999
0.0507313
-0.46201500000000001
-0.088690699999999997
-0.300757
-0.169073
0.101024
0.76608600000000004
-0.55842800000000004
0.54456499999999997
0.076080900000000007
-0.30759999999999998
1.6387
0.43030499999999999
0.99759200000000003
0.13783400000000001
-0.48055199999999998
-0.45732200000000001
-0.0020438000000000001
-0.13563700000000001
-0.28740599999999999
0.031396899999999998
-0.44850800000000002
-0.39185599999999998
-0.571959
-0.081395200000000001
0.01804
1.9126700000000001
0.39404800000000001
0.32179799999999997
0.42298599999999997
0.039447599999999999
-1.27068
0.43522499999999997
0.0026815200000000002
0.51035299999999995
-0.047243300000000002
-0.0226091
0.14252000000000001
0.057774699999999998
0.30186600000000002
-0.14568999999999999
0.38681599999999999
-0.17341500000000001
-0.66774500000000003
-0.215866
0.0045244700000000001
-0.54444599999999999
-0.47078599999999998
0.461644
-0.164325
0.116996
0.626614
0.31936100000000001
0.209895
-0.53554100000000004
0.026098400000000001
0.038631899999999997
0.50508600000000003
-0.31569700000000001
0.035205300000000002
0.051191
-0.24654599999999999
-0.31722099999999998
0.033979700000000002
0.090261300000000003
-0.0060946899999999998
0.74919999999999998
0.74382199999999998
0.85033000000000003
-0.16869000000000001
0.031628200000000002
0.44538499999999998
0.21581900000000001
-0.38299499999999997
-0.081252000000000005
0.17241100000000001
0.18686900000000001
-0.48138700000000001
0.59076600000000001
0.073033799999999996
0.23181399999999999
-0.55404699999999996
0.145514
-1.0043599999999999
0.0042804200000000001
-0.46061200000000002
-0.64491399999999999
-0.219107
0.064397999999999997
-0.272897
-0.010330499999999999
-0.26855000000000001
0.112569
-0.54623100000000002
0.054010000000000002
-0.0997146
-0.51769600000000005
0.47921999999999998
-0.90831799999999996
0.32960299999999998
0.085845299999999999
-0.20311000000000001
0.17316100000000001
0.33080900000000002
0.34074599999999999
-0.42830699999999999
-1.42838
0.172706
-0.82907399999999998
-0.095985399999999998
0.24762700000000001
0.597445
-0.84895900000000002
-1.36052
0.95733500000000005
0.19932900000000001
1.9799899999999999
0.49657000000000001
0.67627099999999996
0.48540800000000001
-0.094536899999999993
0.86895699999999998
-0.348551
-3.20235
0.43188199999999999
-0.071353899999999998
0.99524800000000002
0.44673400000000002
1.66526
-0.21249499999999999
0.108529
1.11219
0.43555100000000002
-2.46736e-06
0.064679399999999998
-0.033152300000000003
0.051095099999999997
-0.25683899999999998
-0.98165199999999997
-0.33440500000000001
0.24877199999999999
0.58077100000000004
-0.164772
0.229716
0.22043399999999999
-1.409
-0.39550600000000002
0.24207600000000001
-0.16380700000000001
0.56724399999999997
0.29977799999999999
0.88698600000000005
-0.00341202
-0.81793099999999996
0.41707100000000003
0.31568000000000002
1.1388
0.376276
-0.62759299999999996
0.36646099999999998
-0.054328399999999999
-1.0598700000000001
-0.37666899999999998
0.211281
-0.19433900000000001
0.26404499999999997
-0.49724200000000002
-0.26079400000000003
1.0891999999999999
-0.109933
-0.090823699999999993
-0.096564300000000006
-0.44651400000000002
-0.44430199999999997
0.026949799999999999
-0.235176
0.41916999999999999
-0.0676924
0.44691799999999998
0.39941500000000002
0.50082400000000005
-0.222632
0.120944
-0.60913300000000004
0.016296000000000001
0.090031600000000003
0.51533099999999998
0.40365099999999998
-0.51697400000000004
-0.68352500000000005
0.10241500000000001
0.94949799999999995
0.24256
0.70841900000000002
0.52465799999999996
-0.281781
-0.469918
0.062420999999999997
-0.30901699999999999
0.30049599999999999
0.124011
-1.0273300000000001
0.28404200000000002
-1.1167400000000001
0.54613699999999998
0.043359099999999998
0.90390099999999995
0.13248599999999999
0.61272599999999999
0.097331799999999996
-0.071238300000000004
-0.45294099999999998
-0.53872100000000001
-0.764011
-0.0845022
-0.175787
-0.35474899999999998
-0.26839499999999999
0.54916399999999999
0.018144199999999999
-0.077405299999999996
0.91533399999999998
0.13297200000000001
-1.2505999999999999
0.50342900000000002
0.16126599999999999
0.70869899999999997
0.50657099999999999
0.15396000000000001
0.017751300000000001
0.21698899999999999
-1.10697
0.083327799999999994
-0.32824999999999999
-0.040752099999999999
-0.140094
-0.15673799999999999
-0.35419499999999998
-0.87936199999999998
-0.20160700000000001
0.16932700000000001
2.0826899999999999
0.036786699999999999
-1.3712500000000001
-0.19770399999999999
0.20196600000000001
1.20085
-0.95661600000000002
0.21662799999999999
-0.32877400000000001
-0.034373800000000003
-0.92135199999999995
-0.34605200000000003
0.207702
0.094026100000000001
-0.12256499999999999
-0.0045434000000000004
0.164965
0.61252799999999996
-0.15462999999999999
0.26037700000000003
0.88216000000000006
0.38520500000000002
0.38050699999999998
-0.91642199999999996
-0.00018178199999999999
-0.42648999999999998
-0.36917499999999998
-0.069942199999999996
-0.0095214600000000007
0.15437400000000001
-0.95543400000000001
-0.123963
-2.27942
-0.090555499999999997
-0.16097800000000001
0.081829499999999999
-0.208061
-1.48116
-0.14996200000000001
-0.18711
-0.176653
0.077522599999999997
-0.79394399999999998
0.15165200000000001
0.19730200000000001
1.43371
-0.454009
0.27137
-0.314467
-0.19653499999999999
0.86595299999999997
-0.49699199999999999
0.65563000000000005
0.424813
-0.30260100000000001
-0.0095936100000000007
0.44658300000000001
-0.11812
0.62754299999999996
-0.115771
0.0094185499999999995
-0.087458300000000003
0.63965899999999998
0.103671
-0.17918400000000001
-0.292541
-0.17389299999999999
0.14058200000000001
0.32024000000000002
0.29035499999999997
0.0140267
-0.18562400000000001
-0.35442000000000001
-0.30758200000000002
-0.240512
-0.46367399999999998
0.88331400000000004
0.75528700000000004
0.154886
-0.27866000000000002
0.81131200000000003
0.30671799999999999
-0.054813800000000003
-0.57889900000000005
0.089003499999999999
-1.3796999999999999
0.85097100000000003
0.26555800000000002
0.44883499999999998
-0.019165399999999999
-1.09405
-0.37409199999999998
1.07178
0.052601799999999997
0.0077626800000000001
-0.45984399999999997
-0.16916200000000001
0.24548600000000001
-0.63683400000000001
-0.082353700000000002
-0.78136399999999995
-0.81612300000000004
-0.661188
0.099393800000000004
0.28749200000000003
-0.27211999999999997
-0.225165
-0.074436000000000002
-0.19839599999999999
0.065934199999999998
-0.48791800000000002
0.023316099999999999
-0.34525600000000001
0.050691699999999999
0.0050905999999999998
0.71273399999999998
0.69321500000000003
0.089342400000000002
-0.28465499999999999
0.24612500000000001
-0.30274000000000001
-0.0220038
-0.22870499999999999
-0.18987899999999999
-0.076868099999999995
-0.18723500000000001
0.058835899999999997
0.017506799999999999
0.31899499999999997
0.12872900000000001
0.204595
-0.77363199999999999
1.31606
-0.16342799999999999
-0.0450534
0.68202799999999997
0.41419699999999998
0.0089942500000000005
0.32636100000000001
-0.11665
0.027658200000000001
0.63733399999999996
-0.60006499999999996
0.082862000000000005
0.0166772
-0.83676300000000003
0.182862
-1.5097
0.44017899999999999
0.115829
0.25258900000000001
-0.209421
-0.74642200000000003
0.16878000000000001
0.093113699999999994
-0.082343600000000003
-0.073388300000000004
-0.10847999999999999
0.040322200000000002
-0.42211399999999999
0.19861300000000001
-0.31032100000000001
-0.15448000000000001
0.170573
0.066057000000000005
-0.091474200000000006
-0.345995
0.28465800000000002
-0.64839500000000005
-0.389492
-0.88832900000000004
-0.0063740100000000003
-1.1475
-0.194878
-0.010814799999999999
-0.21318500000000001
-0.67007300000000003
0.20280699999999999
0.40861700000000001
-0.14652000000000001
-0.12957099999999999
-0.19433900000000001
0.67977500000000002
0.378577
-0.16376299999999999
-0.521065
-0.70189199999999996
-0.0248366
0.26330100000000001
-0.17966299999999999
-0.97632300000000005
-0.048589100000000003
0.53975200000000001
0.61838499999999996
0.056514799999999997
0.226881
0.123289
-0.52802400000000005
0.54953600000000002
0.112679
0.68932300000000002
0.33988000000000002
0.173342
0.352219
0.020439300000000001
1.09775
-0.15637999999999999
0.25712800000000002
0.037940000000000002
-0.18128
0.23529600000000001
-0.23544300000000001
-0.20185400000000001
-0.42016500000000001
0.085878899999999994
0.17413100000000001
-0.38351499999999999
0.67066099999999995
0.136933
0.062627600000000005
-0.99377499999999996
0.31849300000000003
-0.261681
0.173066
0.163962
0.67021200000000003
0.47215000000000001
-1.1461600000000001
0.0213204
0.024129399999999999
0.36962200000000001
0.87317999999999996
-0.50550700000000004
1.0586100000000001
-0.150369
-1.06365
0.075608599999999998
-0.10530100000000001
-0.072697399999999995
-0.31741900000000001
0.096809099999999995
0.44533699999999998
0.348049
0.38104399999999999
0.00055510300000000004
0.316743
0.78931300000000004
-0.43947599999999998
-0.083765000000000006
-0.043770700000000003
1.2892999999999999
0.13312299999999999
-0.185479
-0.0257439
-0.15718299999999999
-0.17105500000000001
-0.046694199999999998
-0.10477599999999999
-0.55425999999999997
-0.042769700000000001
1.97821
0.250807
-0.97586799999999996
0.22339600000000001
0.11257
0.30230099999999999
0.355323
0.45922299999999999
0.37545800000000001
-0.159663
-0.43431799999999998
-0.39193499999999998
0.61269200000000001
-0.31410100000000002
-0.015976199999999999
1.0745499999999999
-0.11776300000000001
-0.24787400000000001
0.39590199999999998
0.71353599999999995
0.54342999999999997
0.31168299999999999
-0.036200400000000001
0.47776400000000002
-0.122673
0.29804399999999998
-0.53183100000000005
-0.132942
-0.36434299999999997
-0.049312300000000003
-1.45404
0.118288
0.58588099999999999
-0.23927100000000001
0.014029099999999999
-0.19058600000000001
-0.48454399999999997
0.307757
-0.053437800000000001
-0.32188
-0.91839499999999996
0.47340399999999999
0.577152
-0.59077100000000005
0.22445399999999999
-0.54012800000000005
-0.39957900000000002
0.77981100000000003
0.13778000000000001
-0.0112183
-0.66021200000000002
0.094467400000000007
0.61184799999999995
0.486489
0.065327399999999994
-0.042424099999999999
0.54990000000000006
0.61452600000000002
-0.62772499999999998
0.018433499999999998
0.11330900000000001
0.30044100000000001
-0.80658700000000005
-0.0066025800000000003
0.361817
0.80867599999999995
-0.092893900000000001
1.06657
-0.28911700000000001
-0.14316699999999999
-1.7207600000000001
-0.45447700000000002
-0.039213900000000003
-0.086652499999999993
0.41300900000000001
0.59751500000000002
0.15403700000000001
0.47672599999999998
0.080533499999999994
0.0090619499999999992
-0.220444
-0.19475700000000001
-0.427985
0.0574695
0.043751499999999999
-0.059851599999999998
-0.62604300000000002
0.50319499999999995
-0.40545100000000001
0.013766799999999999
-0.78319700000000003
0.36937999999999999
0.873247
0.225079
0.227048
0.097285999999999997
-0.77816700000000005
0.19968900000000001
-0.36513800000000002
0.177865
-0.236596
0.29375600000000002
-0.33887699999999998
0.24588699999999999
0.24407699999999999
-1.1946399999999999
-0.20155400000000001
0.65105500000000005
0.037427700000000001
0.89678599999999997
-0.60492000000000001
-0.56214200000000003
-0.34019899999999997
-0.041828400000000002
0.0204668
-1.00796
0.14885300000000001
1.5790500000000001
0.23480599999999999
0.12964400000000001
0.29523199999999999
0.42993700000000001
-0.54964599999999997
-0.190138
-0.20634
0.82329600000000003
0.74023300000000003
0.6784
0.174236
0.20948800000000001
0.41610900000000001
-1.54539
-1.40699
0.810728
0.0036903700000000001
0.98590999999999995
-0.238619
-0.160943
0.042303199999999999
-0.22140899999999999
-0.13980100000000001
-0.15757399999999999
0.0222563
-0.14808299999999999
-0.17835500000000001
0.042968699999999999
-0.54231300000000005
-2.1275200000000001
-0.085962300000000005
0.100065
-1.1474299999999999
0.62340300000000004
-0.40710000000000002
0.064702399999999993
-0.058316800000000002
-1.6201399999999999
0.26039499999999999
1.05782
0.20208699999999999
0.042385399999999997
-0.465165
0.69083399999999995
1.52667
-0.32504699999999997
-0.31963399999999997
-0.30751600000000001
0.10784199999999999
-0.80694399999999999
0.212281
-0.15806700000000001
1.0383199999999999
0.035699399999999999
-0.77513299999999996
0.24762500000000001
0.20752599999999999
0.0831176
0.55806699999999998
-0.40894399999999997
0.242031
-0.183392
0.72577400000000003
0.63719199999999998
0.27115400000000001
-0.22781199999999999
0.16478200000000001
-0.50497800000000004
0.16447200000000001
0.20158899999999999
0.072697899999999996
0.00371229
-0.42567100000000002
0.104925
0.87282800000000005
-0.111805
-0.069471400000000003
-0.075627399999999997
-0.55522300000000002
-0.30096299999999998
-0.366761
0.0030929
0.23629700000000001
-0.480707
0.55741300000000005
0.120819
-0.043863899999999997
1.03827
0.0066591799999999998
-0.84779599999999999
-0.42118100000000003
0.133159
0.34861700000000001
0.51161800000000002
0.80771199999999999
0.651617
-0.055577599999999998
-0.190581
0.157581
0.34238400000000002
-0.377471
-0.112124
1.2329399999999999
0.33293
-0.344746
0.149286
-0.29199799999999998
-0.393737
0.431871
-0.78486999999999996
-0.43299799999999999
-0.23426900000000001
0.471418
1.27339
-0.17732700000000001
0.0069233000000000003
-0.021781499999999999
0.85724800000000001
0.098330799999999996
1.85408
-0.11693199999999999
0.119855
0.74099999999999999
0.43423699999999998
0.051318000000000003
0.10731
0.27929599999999999
-0.14972299999999999
-0.25108999999999998
-0.15102099999999999
-0.69404200000000005
0.21406600000000001
-0.45423400000000003
0.35148200000000002
-1.10778
-0.331924
0.66797499999999999
-0.40348600000000001
-0.373226
-0.27748899999999999
0.452517
-0.057707399999999999
0.26519300000000001
-0.405644
0.0032434500000000002
0.29198800000000003
-0.031020200000000001
0.77468999999999999
0.59779700000000002
2.1136699999999999
-0.110344
0.12557599999999999
0.035043699999999997
-0.15345500000000001
-0.625081
-0.010057099999999999
-0.072056599999999998
-0.17915800000000001
-0.060315100000000003
1.35547
-0.30813699999999999
-0.38245400000000002
1.1200699999999999
0.021848699999999999
-0.82837799999999995
-0.082395499999999997
-0.28540500000000002
-0.84021699999999999
1.1116999999999999
-0.17443500000000001
0.028559500000000002
-0.089749300000000004
0.60426500000000005
-0.18174499999999999
0.39242199999999999
-0.54361000000000004
0.046973500000000001
1.2413099999999999
-0.19078100000000001
0.56137400000000004
0.32366499999999998
-0.41672700000000001
-0.72966399999999998
-0.72816000000000003
-0.32940799999999998
-0.031656299999999998
-0.086116200000000004
-1.9469799999999999
-0.18135000000000001
0.016129399999999999
0.33379199999999998
0.14255699999999999
-0.086460999999999996
-0.42354700000000001
0.25227899999999998
-0.025388000000000001
0.19509899999999999
0.68976000000000004
-0.51318200000000003
-0.35828399999999999
-0.120055
-0.0121791
0.18306700000000001
0.28028199999999998
0.75024599999999997
-0.41083900000000001
-0.18316199999999999
0.032404700000000002
0.16183400000000001
-0.75558800000000004
0.50180199999999997
-0.039931599999999998
-0.38738099999999998
-0.19666700000000001
0.0283541
-0.44870599999999999
-0.0079062999999999998
0.65545799999999999
-0.178064
0.025861499999999999
0.60999700000000001
-0.159773
1.1038399999999999
-0.70000499999999999
0.055536200000000001
0.00133903
0.092476900000000001
1.3349299999999999
-0.071544899999999995
0.37740200000000002
-0.72761900000000002
-0.33946399999999999
-0.54892700000000005
0.36885699999999999
-1.22847
0.072121099999999994
-0.092097200000000004
1.41733
-0.26994899999999999
-0.83424600000000004
0.29694999999999999
0.15773000000000001
0.73951999999999996
-0.28142200000000001
0.12584699999999999
0.35763200000000001
-0.18654499999999999
-1.0061899999999999
-0.17639099999999999
1.61937
-0.27074599999999999
-0.35488599999999998
-0.49446400000000001
0.35788999999999999
-0.178456
0.10731
-0.37860899999999997
-1.76749
0.59763999999999995
1.14201
0.32065399999999999
0.32597599999999999
-0.099902699999999997
0.51893100000000003
-0.70993499999999998
-0.200712
-0.34867999999999999
-0.99372400000000005
0.125088
-0.42914000000000002
0.31550699999999998
0.196295
0.18576400000000001
0.211816
-0.98017299999999996
-0.13453499999999999
0.26355699999999999
-0.55907899999999999
0.63650700000000004
-0.68871099999999996
-0.0072847900000000002
0.042946999999999999
-0.069099499999999994
-0.047230599999999998
0.123318
-0.142905
-0.0031936299999999998
0.33699600000000002
-0.27760099999999999
-0.241455
-0.16286999999999999
-0.0148069
-1.3771500000000001
0.48823800000000001
0.28015400000000001
0.40551900000000002
0.123803
0.27884999999999999
0.42044100000000001
0.71580900000000003
0.86512500000000003
-0.040254900000000003
0.85066900000000001
0.30842900000000001
-1.4356500000000001
0.31779299999999999
0.027909300000000001
-0.0027179299999999999
0.26737499999999997
-0.10140100000000001
-0.028239899999999998
-0.122914
0.13175300000000001
-0.16939299999999999
0.47826200000000002
-0.39468199999999998
0.082629800000000003
-0.82282200000000005
-0.21223700000000001
0.17228199999999999
-0.28596700000000003
-0.13942099999999999
-1.0176000000000001
-0.35262900000000003
-0.357819
0.55421299999999996
0.031720900000000003
-0.44271199999999999
-0.47350300000000001
0.055211999999999997
-0.0087770399999999998
0.374417
0.54842800000000003
-0.199958
0.26792300000000002
0.73448000000000002
0.29722700000000002
-0.98724800000000001
0.27312500000000001
-0.0400866
-0.33085100000000001
-0.063210199999999994
-0.63650099999999998
-0.61446900000000004
0.22231699999999999
0.297377
-0.110095
-1.4123399999999999
0.220108
-0.029199800000000001
-0.206674
-0.0044239199999999996
-0.83868399999999999
-0.88803500000000002
-0.10427599999999999
-0.063994599999999999
-0.26874599999999998
0.89280999999999999
-0.41245300000000001
-0.201598
-0.31330400000000003
0.113594
1.13069
-0.053329099999999997
0.80540800000000001
-0.0093251800000000006
0.138961
0.44960600000000001
-0.58785799999999999
-0.71591099999999996
0.33425100000000002
-0.035799699999999997
-0.660412
0.0078236399999999998
-0.038089100000000001
-0.37552999999999997
-0.16937099999999999
-0.54863799999999996
-0.67799500000000001
-0.787273
-0.14035
0.144729
0.10236099999999999
-0.53020299999999998
1.1359699999999999
-0.34492299999999998
0.0094245200000000005
1.0845199999999999
-0.36382900000000001
0.206011
0.186448
-0.27878399999999998
-0.87204400000000004
0.27093699999999998
0.18010899999999999
0.40858699999999998
0.040847399999999999
0.14874200000000001
-0.405138
-0.59818199999999999
0.36468
-0.12748000000000001
-0.55715499999999996
0.53418500000000002
0.95720300000000003
-0.12982199999999999
-0.12917400000000001
-0.78801600000000005
0.016474900000000001
1.42936
0.059982800000000003
0.090934299999999996
-0.36639500000000003
-0.46049600000000002
0.90334899999999996
-0.033952700000000002
-0.054239999999999997
-0.33992800000000001
-0.27495999999999998
-1.01756
0.042391100000000001
0.0286368
0.038880999999999999
0.39722099999999999
0.42111900000000002
0.18663299999999999
0.30275000000000002
0.57072500000000004
0.52026700000000003
0.53003599999999995
-0.30213000000000001
0.15363199999999999
0.28897200000000001
0.51180899999999996
0.29303499999999999
0.00113357
-0.046114700000000002
0.144792
-0.17286199999999999
0.92141700000000004
-0.22031000000000001
-0.41663499999999998
1.0066299999999999
0.66787799999999997
-0.59108700000000003
-0.043936500000000003
0.19392300000000001
-0.35968499999999998
-0.067299899999999996
-0.38868599999999998
-0.25515900000000002
0.25808399999999998
-0.25715399999999999
0.294985
0.17430000000000001
0.75126800000000005
0.041692399999999998
-1.34501
-0.046430800000000001
0.219579
-0.61987199999999998
0.13053899999999999
-0.17485600000000001
0.26670500000000003
0.0777167
-0.38465899999999997
0.105213
0.56844799999999995
-0.043788599999999997
-0.488701
0.20483100000000001
0.0085675899999999999
-0.67674900000000004
0.026933700000000001
1.0408999999999999
0.100173
0.072567599999999996
-0.48110999999999998
0.50696200000000002
-0.41836000000000001
0.071210599999999999
0.0365913
-0.67705000000000004
0.239678
0.092094200000000001
-0.333534
-0.30928499999999998
1.3596699999999999
-0.35167599999999999
0.46786800000000001
-0.0957567
-0.0118364
-0.52253000000000005
0.16542200000000001
0.248171
0.11973399999999999
0.26452799999999999
0.77904700000000005
0.43747999999999998
0.097691100000000003
-0.100831
-0.120833
-0.36349599999999999
0.57956399999999997
1.5406599999999999
-0.16480700000000001
0.096594399999999997
-1.4884200000000001
0.35183900000000001
-1.0086999999999999
-0.49651099999999998
-0.15176600000000001
1.1623000000000001
0.46783200000000003
0.50902899999999995
-0.15674099999999999
-0.15840399999999999
-1.21112
0.85515099999999999
-0.30970700000000001
-0.065288700000000005
0.194776
-0.47110999999999997
-0.072082599999999997
-0.32464399999999999
0.139235
0.24034800000000001
-0.062026499999999998
0.15778600000000001
-0.014403900000000001
0.29340500000000003
0.040735500000000001
-0.23024900000000001
-0.71302900000000002
-0.50341499999999995
0.179229
0.116914
-0.47663
0.14141000000000001
0.081371299999999994
0.13374800000000001
0.053537800000000003
0.122602
-0.205068
-0.35993700000000001
-0.30681399999999998
-0.084964700000000004
-1.30278
-0.26193699999999998
-0.20533199999999999
-0.15524299999999999
-0.270179
0.16387299999999999
0.17244100000000001
-0.52094300000000004
-0.56921600000000006
0.13647999999999999
0.48825400000000002
-0.31241799999999997
0.022178199999999999
0.071241600000000002
0.36117700000000003
-1.0730900000000001
0.015886299999999999
-0.021918799999999999
-0.071800699999999995
-0.188475
-0.81525199999999998
-0.58705300000000005
0.187477
0.42439399999999999
-0.078587599999999994
-0.297898
-0.78293000000000001
0.247886
0.21617800000000001
0.032925799999999998
-0.17014799999999999
-0.64368000000000003
-0.59115200000000001
0.209587
0.24441399999999999
-0.71601000000000004
0.076846399999999995
0.25390400000000002
-0.25661499999999998
0.23427100000000001
-0.229657
-0.13211800000000001
-0.88988500000000004
-0.33712500000000001
-0.0023952999999999999
-0.46398
0.635822
0.76576200000000005
0.21426500000000001
-0.30898599999999998
-0.35197000000000001
-0.46272999999999997
0.67464599999999997
-0.41162599999999999
0.065342200000000003
-0.75587700000000002
0.46119700000000002
0.42711199999999999
-0.20672299999999999
0.165021
-0.033035799999999997
0.53681400000000001
1.3190999999999999
0.45662700000000001
-0.046957699999999998
-0.16777300000000001
-0.097728499999999996
-0.079095499999999999
-0.078036499999999995
-0.284113
-0.55132800000000004
-0.17919499999999999
0.32100200000000001
0.25237399999999999
-0.14086699999999999
-1.1876599999999999
0.091847499999999999
-0.061766000000000001
0.29717300000000002
0.0419239
0.74158800000000002
-0.42784100000000003
-0.501247
0.033463399999999997
-0.065045599999999995
-0.896652
-0.57328900000000005
-0.069080199999999994
0.44272899999999998
0.266266
-0.086922200000000005
-0.172736
0.14047999999999999
-0.020716600000000002
-0.042834499999999998
0.429255
-0.531223
-1.27071
0.120545
-0.17111299999999999
0.56535599999999997
0.020879000000000002
1.75787
0.32999400000000001
0.16981599999999999
0.77729099999999995
0.64798900000000004
1.1649400000000001
-0.15188499999999999
0.114707
0.63523700000000005
0.21285499999999999
0.093681700000000007
0.091310299999999997
0.16195499999999999
-0.19747500000000001
0.171434
0.159634
0.33638699999999999
-0.47915200000000002
0.060411800000000002
-0.26587899999999998
0.045236499999999999
0.0078697899999999998
-0.41773900000000003
-1.07545
-0.015385299999999999
-0.14238799999999999
0.223498
-0.044381999999999998
-0.558253
-0.759575
-0.465005
-0.083571599999999996
0.14133299999999999
-2.62608
-0.35492499999999999
-0.082674600000000001
-0.29911100000000002
0.0971529
0.053441500000000003
-0.343447
-0.56040199999999996
-0.170602
0.060692000000000003
-0.63762399999999997
-0.032168200000000001
0.22725899999999999
-0.228606
0.119881
-0.93996599999999997
0.029445200000000001
1.1479299999999999
-0.44076100000000001
-0.19437599999999999
1.8076000000000001
-0.192303
0.57735099999999995
-0.16153799999999999
-0.13031799999999999
-0.20469399999999999
-0.51959699999999998
-0.64965399999999995
-0.54842199999999997
-0.036550800000000001
0.17088700000000001
-0.26225900000000002
-0.21906600000000001
0.10410700000000001
0.073571300000000006
1.69635
0.33943000000000001
-1.0982799999999999
-0.43359999999999999
0.226606
0.97057700000000002
0.12742400000000001
-0.046649400000000001
-0.47308099999999997
-0.039267299999999998
-0.87000200000000005
-0.15432599999999999
1.0556099999999999
-0.051180700000000003
-0.059313900000000003
1.1243099999999999
-0.58596899999999996
-0.082491499999999995
-0.51312599999999997
-0.20688899999999999
-0.36972899999999997
0.37307400000000002
1.5191300000000001
-0.84290699999999996
0.13062499999999999
-0.0152158
0.341281
-0.79983300000000002
0.16838
-0.0021965499999999998
1.0071099999999999
-0.019643399999999998
-0.62943199999999999
-0.3201
-0.36843700000000001
-0.51963000000000004
-0.20055899999999999
-0.213056
-0.50489700000000004
0.058907899999999999
-0.63804399999999994
-0.27778000000000003
-1.57694
-0.016369700000000001
-0.015931299999999999
-0.124427
-0.218197
0.085156200000000001
-0.069765800000000003
0.085506299999999993
0.26149499999999998
1.0123800000000001
0.63093399999999999
-0.41933100000000001
0.062059599999999999
0.23895
-0.48664000000000002
0.79574199999999995
-0.15756800000000001
0.12662699999999999
0.759162
-0.31491799999999998
-0.35898099999999999
-0.0148836
0.0154038
-0.85705699999999996
-0.387988
1.05497
-0.26768799999999998
-0.079162200000000002
-0.55599100000000001
-0.20074500000000001
-0.068049299999999993
0.74692199999999997
-0.20654500000000001
-0.024243299999999999
0.16788600000000001
0.89315100000000003
0.0041225599999999999
-0.31460300000000002
0.54657900000000004
0.96343199999999996
-0.35916100000000001
-0.46560800000000002
0.32691799999999999
-0.68215099999999995
-0.066873500000000002
0.853298
-0.52444599999999997
0.43611100000000003
-0.083131999999999998
0.53670799999999996
0.25980599999999998
-0.32128800000000002
-0.248534
-0.68478799999999995
0.046566099999999999
-1.4221900000000001
-0.17224700000000001
-0.37557699999999999
0.28160099999999999
0.63267399999999996
0.50523099999999999
0.43289100000000003
-0.16225300000000001
-1.1451800000000001
0.61247099999999999
1.24997
-0.094472200000000006
-0.50268000000000002
0.72985599999999995
0.53768099999999996
-0.364616
-0.65534199999999998
0.232409
0.209981
-0.78024899999999997
0.17183200000000001
-0.42102499999999998
-11.356199999999999
-4.4229000000000003
-10.360200000000001
-4.5758000000000001
-9.3352799999999991
-0.16547300000000001
-0.36487599999999998
0.69258399999999998
-1.01342
-0.16247
-0.185832
-1.1660600000000001
0.18437400000000001
0.27036900000000003
0.10932
0.28326400000000002
0.019229400000000001
0.13222100000000001
0.79815499999999995
0.13608799999999999
0.16678100000000001
0.15418100000000001
-0.68099200000000004
-0.85160999999999998
-0.28142800000000001
-0.11975
-1.50169
-0.16355900000000001
-0.36192200000000002
0.0101152
-0.109261
0.34040399999999998
-0.29922799999999999
0.79527899999999996
0.460704
-0.0026958400000000001
0.95813199999999998
-0.084875599999999995
-0.091601500000000002
0.11497
-0.157522
-1.2516799999999999
-0.14955399999999999
1.0308299999999999
-0.32308799999999999
-0.019746900000000001
-0.069027000000000005
0.041078499999999997
0.49169800000000002
-0.016048199999999999
0.025296599999999999
0.54279500000000003
-0.38502799999999998
0.78869900000000004
-0.24673300000000001
-0.10319399999999999
-0.11479200000000001
0.16845499999999999
-0.52055399999999996
0.22840299999999999
0.0108051
-0.58992100000000003
0.017607500000000002
0.518509
0.149753
0.00069021299999999996
-0.10667600000000001
-0.21191199999999999
-0.79987600000000003
0.037371000000000001
0.174905
-0.72619999999999996
-0.18010999999999999
-0.29856500000000002
0.235823
-0.24518000000000001
0.75477899999999998
-0.14655799999999999
-0.10734100000000001
0.25856000000000001
0.083146800000000007
-0.94649499999999998
0.28431299999999998
-0.405779
-0.61520699999999995
-0.25350200000000001
0.49052099999999998
-0.34959099999999999
-0.17771799999999999
0.061264600000000002
-0.027762100000000001
0.023826699999999999
-0.51287499999999997
-1.04504
0.465503
0.0134282
0.042936299999999997
0.83868399999999999
0.24669199999999999
0.17008499999999999
0.0037003600000000002
-0.28293699999999999
-0.84396800000000005
-1.30128
-0.112679
-0.049051200000000003
0.26963399999999998
-0.34003800000000001
-0.15782599999999999
0.51539800000000002
-0.114646
-1.7751699999999999
-0.26269999999999999
-1.5900799999999999
-0.059510899999999999
0.148372
-0.77265799999999996
0.021850100000000001
-0.127077
0.35306399999999999
-0.075634699999999999
-0.105562
0.46800399999999998
0.060535699999999998
0.52141499999999996
-0.093148800000000004
-1.0067999999999999
0.625058
1.2343900000000001
-0.76186399999999999
-0.020716200000000001
1.15385
0.41217599999999999
0.44115199999999999
0.25292100000000001
-0.055715899999999999
0.29191699999999998
-0.55310199999999998
-0.21192
0.089045899999999997
0.14744399999999999
-1.2980499999999999
0.23405799999999999
0.56487399999999999
-0.064363699999999996
-0.073357800000000001
-0.86337699999999995
0.59718899999999997
-0.29420800000000003
0.057804700000000001
-0.21745400000000001
-0.60279000000000005
-0.28450199999999998
-0.80724899999999999
0.0711923
-0.072034299999999996
1.3631800000000001
0.073139300000000004
-0.52810599999999996
-0.19964799999999999
0.034766499999999999
-1.7774700000000001
0.61100699999999997
-0.53273499999999996
-0.26250099999999998
-0.079927999999999999
2.0007600000000001
0.55580600000000002
1.3212299999999999
0.25824200000000003
0.019821700000000001
0.42984899999999998
-0.068912299999999996
0.36678300000000003
0.326706
-0.075242299999999998
0.38610499999999998
-0.59403700000000004
0.76256000000000002
0.292184
0.210678
-1.30288
0.231819
-0.53653300000000004
0.096101900000000004
0.18029200000000001
0.83768500000000001
-0.078181200000000006
0.42683700000000002
-0.33872000000000002
0.116948
0.067683300000000002
-0.37946000000000002
0.35212300000000002
-0.36560500000000001
0.153971
-0.19644600000000001
0.92786199999999996
0.96237799999999996
-0.124838
0.108471
-0.75325399999999998
-0.065081600000000003
-1.4323399999999999
0.108364
0.13341500000000001
0.074441099999999996
0.31072100000000002
0.63383699999999998
0.15510499999999999
-0.27725
-0.38308399999999998
-0.46035399999999999
-1.3103499999999999
0.33345599999999997
0.208375
-0.28949799999999998
0.035219
0.057220199999999999
0.361848
0.176651
-0.39394499999999999
0.45081500000000002
0.080924399999999994
-0.29291
-0.36416300000000001
-0.11498800000000001
-0.23730499999999999
-0.667354
-0.42470799999999997
0.24039199999999999
1.4886699999999999
0.31414300000000001
-1.33239
-0.145346
-0.107532
0.21605099999999999
-0.084202100000000002
0.27977099999999999
0.030199299999999998
-0.246304
-0.69037300000000001
0.35241899999999998
-0.157079
0.0042182799999999996
-0.022894000000000001
0.53255799999999998
0.27989599999999998
0.70185699999999995
0.27240300000000001
0.45380900000000002
-0.56506500000000004
0.13575799999999999
0.14751300000000001
0.26890399999999998
-0.0109433
0.75788199999999994
0.071524400000000002
0.51782899999999998
-0.067409700000000003
0.050417099999999999
0.43525000000000003
-0.25157400000000002
1.0891500000000001
0.31052099999999999
-0.091335200000000005
-0.010152400000000001
0.136827
-1.2017899999999999
0.088920600000000002
-0.014576199999999999
-0.72277100000000005
-0.204147
0.45897199999999999
0.52732500000000004
0.14946400000000001
1.4290400000000001
0.17374999999999999
0.075541200000000003
-0.31886700000000001
-0.047277600000000003
0.39524599999999999
-0.71900900000000001
0.68195300000000003
-0.313189
0.16501299999999999
0.75454900000000003
0.84289700000000001
0.59352300000000002
0.18928500000000001
0.031807799999999997
0.026364499999999999
0.71831800000000001
-0.118939
0.16057299999999999
-0.10192
0.95199100000000003
-0.018020100000000001
-0.36589899999999997
-0.13006300000000001
-0.044873400000000001
-0.222721
-0.22556999999999999
-1.26075
0.064494099999999999
0.024017699999999999
-0.55776000000000003
0.641818
1.30897
0.24821099999999999
0.085655800000000004
-0.35416900000000001
0.25129099999999999
0.87287300000000001
-0.24226
-0.171871
0.20135600000000001
0.390152
0.13339200000000001
-0.160803
0.44222899999999998
-0.67316299999999996
-0.728572
1.2385900000000001
0.78484699999999996
-0.35926000000000002
-0.13411600000000001
0.153168
-0.31910899999999998
0.16797799999999999
0.032780200000000002
-0.189474
0.31659300000000001
-0.50758999999999999
-0.15600600000000001
-0.0367918
-0.14976800000000001
-0.44795099999999999
1.61557
0.087973800000000005
-0.33304499999999998
-0.23614599999999999
-0.11207399999999999
1.3644499999999999
-0.36392600000000003
-0.158857
-0.394764
-0.039392400000000001
-0.32186700000000001
0.107278
-0.18192900000000001
-0.46576000000000001
0.065548200000000001
-0.118976
-0.34911799999999998
-0.062063800000000002
0.032860399999999998
-0.76824499999999996
0.69312799999999997
-0.36949500000000002
-0.045611400000000003
0.975464
-0.29459400000000002
-0.48832399999999998
0.028432499999999999
-0.46000400000000002
-0.37773499999999999
-0.398671
-0.25608700000000001
-4.8137600000000003
-0.13426299999999999
-0.18789600000000001
-0.36803799999999998
0.060693200000000003
0.0242525
0.075606300000000001
-0.39807500000000001
0.17873600000000001
-0.193301
-0.149177
0.15961500000000001
2.2622100000000001
-0.36701899999999998
0.26861200000000002
0.236012
0.181863
-0.71877999999999997
-0.50685100000000005
0.63261000000000001
-0.34606199999999998
-0.077117699999999997
0.62504899999999997
-0.045758800000000002
-0.0032708199999999998
0.12407700000000001
-0.032365100000000001
-0.82718999999999998
0.34556399999999998
0.80641600000000002
0.084218899999999999
0.18723400000000001
0.69253699999999996
0.847526
0.43007299999999998
-0.039954299999999998
0.0060283400000000001
0.69094599999999995
-0.57786999999999999
0.54020400000000002
0.13226299999999999
0.058089099999999998
-0.609124
-0.25675300000000001
-0.26623000000000002
0.61823399999999995
-0.087287400000000001
-1.8102799999999999
0.268341
0.10705199999999999
-0.39294299999999999
-0.21789600000000001
0.34501500000000002
0.21190000000000001
0.130075
-0.385403
0.19428599999999999
-0.242421
0.098922499999999997
0.24522099999999999
-0.057483800000000002
-0.13234099999999999
0.54530999999999996
0.104939
-1.2936300000000001
-0.27011200000000002
-0.31345000000000001
-1.50589
0.31964700000000001
0.74285999999999996
-0.078728400000000004
0.076709399999999997
-0.73804000000000003
0.21854599999999999
-0.207204
0.308091
0.31839600000000001
1.8961399999999999
0.37809700000000002
0.36910700000000002
0.48524
-0.0097923699999999999
-1.25851
0.23394999999999999
0.81213800000000003
-0.27715299999999998
0.035757200000000003
-0.57062100000000004
0.80350699999999997
-1.1231100000000001
0.32166099999999997
-0.15223400000000001
0.59994999999999998
0.26414500000000002
1.54291
-0.138185
-0.101774
0.63649999999999995
-0.26566299999999998
0.059421300000000003
0.464534
-0.23494000000000001
0.380797
-0.45271899999999998
-0.020366599999999999
-0.173203
-0.0060825999999999996
-0.36988900000000002
0.43010999999999999
-0.30918299999999999
-0.53471999999999997
0.062148500000000002
0.32561899999999999
-0.053018099999999999
0.59650700000000001
-0.0055676099999999997
-0.187585
1.43401
0.38447100000000001
0.52606299999999995
0.090100100000000002
-0.0133037
1.1485700000000001
-0.26015199999999999
-0.018384299999999999
0.222689
0.308226
0.31886300000000001
-0.0724664
-0.37780799999999998
0.22576399999999999
-0.055679100000000002
-0.82738100000000003
-0.90396799999999999
0.292991
0.35171400000000003
-0.0533456
0.43805300000000003
-0.088280300000000006
-2.1248100000000001
-0.16633100000000001
0.139621
0.058147600000000001
0.068652099999999994
0.227322
-0.45601000000000003
0.27160000000000001
-0.64723799999999998
0.40874300000000002
0.44927699999999998
-0.029536699999999999
0.042301199999999997
0.86274899999999999
0.22509999999999999
-0.54065300000000005
-0.45235199999999998
-0.057399199999999997
-1.2833600000000001
-0.22345400000000001
-0.72933199999999998
0.45949800000000002
0.30506100000000003
1.4351400000000001
0.207923
0.10412
-0.28266599999999997
0.22805800000000001
-0.26427200000000001
-0.187198
0.185557
0.31213400000000002
-0.063188300000000003
1.1145499999999999
0.59636100000000003
0.0094983600000000008
0.38921600000000001
0.00385301
0.41300399999999998
0.286852
0.46259099999999997
0.123739
0.16788400000000001
-0.74381600000000003
0.28887800000000002
0.56546799999999997
-0.20629600000000001
0.23187199999999999
0.60943800000000004
0.57900799999999997
0.84091499999999997
0.089676900000000004
0.156699
-1.53555
-0.39828000000000002
-0.66664000000000001
-0.31845800000000002
0.18653
-0.47142800000000001
0.27600999999999998
0.36665599999999998
-0.26318900000000001
0.0720113
0.44931500000000002
-0.28310600000000002
-0.75998600000000005
0.32047300000000001
0.038325900000000003
1.8836200000000001
0.092286599999999996
-0.183532
0.33037899999999998
-0.18324399999999999
-0.199407
0.439386
0.30414999999999998
-0.47197
0.110886
0.157278
0.36478899999999997
-0.62341199999999997
0.113383
0.27294299999999999
-0.00997258
-0.047868399999999998
-1.2305900000000001
-0.034738600000000001
0.14471899999999999
0.95518700000000001
0.288165
-0.0137678
0.21602099999999999
0.00120443
0.44361200000000001
-0.37156800000000001
-0.26522699999999999
0.030497
0.18554399999999999
0.75146299999999999
0.79095400000000005
0.0071248800000000001
-0.00398015
-0.12482699999999999
0.22081799999999999
0.32899299999999998
-0.97948599999999997
-0.053162800000000003
-0.044657099999999998
0.37614999999999998
0.200768
0.22419900000000001
0.16781799999999999
-0.045914999999999997
-0.56401999999999997
0.409995
-0.27474799999999999
0.39938899999999999
0.068053900000000001
0.34493299999999999
-0.29386299999999999
-0.20757700000000001
0.033042200000000001
-0.079725299999999999
0.88895299999999999
0.44310899999999998
0.54508299999999998
0.48156500000000002
-0.097728800000000005
0.633432
-0.24834100000000001
1.29684
0.53751199999999999
0.00433944
-0.75460300000000002
-0.35498800000000003
-0.64943700000000004
0.114594
-0.10820200000000001
-0.96379199999999998
-0.047988099999999999
0.30513800000000002
0.107043
0.15835199999999999
0.060418800000000002
0.27599099999999999
0.57414399999999999
0.120119
0.225468
-1.3224100000000001
0.28051199999999998
-0.62943700000000002
-0.16792599999999999
-0.110259
-1.6752100000000001
-0.67646200000000001
0.53783099999999995
-0.22445599999999999
0.121916
1.6682699999999999
-0.12475
0.756714
0.37271700000000002
-0.18149899999999999
-0.0168004
-0.32574599999999998
0.64589799999999997
-0.311637
0.27464499999999997
0.120936
-0.28334700000000002
-0.64322100000000004
-0.099520999999999998
-0.042521900000000001
-1.12564
-0.0066387699999999996
0.64792400000000006
-0.60824699999999998
0.028802399999999999
-0.10209699999999999
0.011507099999999999
0.107959
-0.0102095
-0.28005200000000002
-0.81812399999999996
-0.051479499999999997
-2.5051800000000002
0.403171
0.33286500000000002
-0.479267
0.086748099999999995
-0.18904199999999999
0.25679099999999999
0.16703000000000001
1.21871
0.52439800000000003
-0.11601599999999999
0.019298599999999999
-0.20139599999999999
-0.36676799999999998
0.065422800000000003
-0.033725100000000001
0.19686000000000001
0.10574500000000001
0.0044401099999999997
0.78295400000000004
-0.99459699999999995
-0.14471999999999999
-0.016104899999999998
1.4531799999999999
0.85789199999999999
1.1473500000000001
0.20350799999999999
-0.117856
1.3371999999999999
-0.396615
0.33573900000000001
-0.340646
0.17169899999999999
0.80559000000000003
0.60550599999999999
-0.43712099999999998
0.42265000000000003
-0.242169
-0.030817899999999999
0.68778899999999998
-1.0393300000000001
0.274563
0.241622
-1.52206
-0.122977
-0.35344999999999999
0.23024800000000001
-0.313386
0.98576799999999998
0.46679300000000001
0.48734699999999997
-0.43925700000000001
0.48548999999999998
-0.662443
-0.75783699999999998
-0.041203799999999999
0.047658300000000001
0.22506200000000001
-0.34911999999999999
-0.116065
-0.56112499999999998
0.082245799999999994
0.071432099999999998
-0.55994600000000005
-0.034128600000000002
-0.85016400000000003
-0.35332200000000002
-0.152977
-0.318463
0.29526400000000003
0.094512499999999999
-0.151724
-0.3705
0.084704600000000005
-0.214535
-0.066194000000000003
0.232345
0.044015600000000002
0.58294400000000002
-0.0185687
0.30634400000000001
0.71148100000000003
-0.121207
0.58579400000000004
0.44640999999999997
0.90999399999999997
0.556508
-0.56709500000000002
-0.99572799999999995
-0.85626199999999997
0.15950800000000001
-0.30840499999999998
0.50048499999999996
0.46121600000000001
0.073615600000000003
-0.89277899999999999
0.36432500000000001
-0.00022375300000000001
0.15029600000000001
0.348306
-0.28931400000000002
-0.44729999999999998
0.113473
-0.51915100000000003
0.43071999999999999
-0.316612
-0.095266500000000004
-0.066436599999999998
-0.053774099999999998
-0.51676800000000001
-0.046093299999999997
0.343331
-0.0693463
0.197075
-0.028792399999999999
0.54891500000000004
-0.11409900000000001
-0.44319900000000001
-0.31392599999999998
-0.064375000000000002
-0.43104599999999998
-0.13506799999999999
-0.163962
0.79049700000000001
-0.35494599999999998
-0.35802699999999998
0.46258700000000003
0.13172300000000001
0.58381499999999997
-0.17421800000000001
-0.92953799999999998
0.24152499999999999
0.139013
0.95439200000000002
-0.31063299999999999
1.43788
-0.18867100000000001
0.0562946
-0.41566999999999998
-0.37774999999999997
-0.59784599999999999
-0.158362
-0.20919699999999999
-1.57752
-0.492425
-1.82301
0.22628899999999999
0.25195099999999998
0.529559
-0.87975400000000004
0.42383500000000002
0.395899
0.21009700000000001
-1.01366
0.13897699999999999
0.10452
0.202293
0.18989800000000001
-0.089615399999999998
0.36669600000000002
-0.22354499999999999
0.019907999999999999
-0.029596799999999999
0.63014300000000001
0.34324300000000002
0.22966900000000001
0.46028000000000002
0.154918
0.40904499999999999
-0.33505499999999999
-0.3513
0.552643
0.156138
-0.17361499999999999
-0.213086
-0.40447699999999998
-0.200185
-0.61727799999999999
-0.22337599999999999
0.045275900000000001
0.66605899999999996
0.13989699999999999
-0.07961
-1.00664
-0.60009800000000002
-0.65561800000000003
0.083623000000000003
-0.0037449800000000002
0.15690899999999999
-0.38309700000000002
-0.72230499999999997
-0.030776899999999999
-0.102462
-0.60314400000000001
-0.57900099999999999
-0.234596
0.24727299999999999
0.124059
-0.49422100000000002
-0.13739699999999999
-0.079351199999999997
-0.59465699999999999
-0.0126369
-0.99289099999999997
0.16097500000000001
1.0726100000000001
-0.12167600000000001
0.095495899999999995
0.97978399999999999
-0.10356799999999999
-0.66984999999999995
-0.41747800000000002
0.198519
-0.46174100000000001
0.17778099999999999
-0.79022899999999996
0.055865699999999997
-0.32899800000000001
-0.66833699999999996
0.026206500000000001
-1.13754
-0.082239400000000004
0.18204100000000001
0.51336700000000002
0.25421300000000002
-0.41040100000000002
0.28618900000000003
-0.19525500000000001
0.95802600000000004
0.57874999999999999
0.63173299999999999
0.019276999999999999
0.102607
0.64831399999999995
0.60358199999999995
1.5934699999999999
-0.111442
0.52452900000000002
-0.94356200000000001
0.37705100000000003
0.52779900000000002
0.11877600000000001
0.010161099999999999
-1.3460300000000001
0.116233
-0.35362300000000002
0.710947
0.111688
-0.67891500000000005
-0.45356800000000003
-1.1766000000000001
-0.24446100000000001
0.13511200000000001
-1.36771
-0.443606
0.65809300000000004
0.20957500000000001
0.35289300000000001
0.14443300000000001
0.802288
0.073111999999999996
-0.218253
-0.257967
-0.45834399999999997
-0.082706600000000005
0.036353799999999999
0.00037790300000000002
0.26630799999999999
-0.32595600000000002
0.066134499999999999
0.196884
0.28591699999999998
-0.096853300000000003
0.70700099999999999
-0.096754000000000007
0.106977
0.27013900000000002
0.14901
0.59280200000000005
0.26122699999999999
0.028085700000000002
-0.00671858
-0.19631100000000001
-0.0558653
0.23363700000000001
-0.58320799999999995
-0.32449
-0.030425000000000001
-0.763181
0.093464400000000003
-0.47904099999999999
-0.144654
0.101623
-0.646671
-0.64139699999999999
0.449874
-0.30511300000000002
-0.039922600000000003
0.103394
0.032374600000000003
0.084404099999999996
-0.48067900000000002
0.026596999999999999
-0.81285300000000005
0.31504199999999999
-0.034153599999999999
0.33737800000000001
-0.011211199999999999
0.36858800000000003
0.59658900000000004
-0.43067899999999998
0.31901099999999999
-0.13711599999999999
1.9927299999999999
0.19369900000000001
-0.49143399999999998
-0.049230299999999998
0.216701
0.55267900000000003
0.49644500000000003
1.9646600000000001
-0.211867
0.13347300000000001
-1.3500700000000001
-0.33135999999999999
0.40751500000000002
-0.10512199999999999
-0.0038310699999999998
0.158082
-0.217914
-0.68517899999999998
0.0075464699999999996
0.0080484300000000005
-0.17586499999999999
0.51646800000000004
0.53982600000000003
-0.074088699999999993
0.15329899999999999
-0.66663600000000001
0.22276000000000001
0.27764100000000003
-0.024032700000000001
0.050732199999999998
0.38489000000000001
0.45621800000000001
0.97112500000000002
0.180918
-0.073899999999999993
-1.01772
-0.38268600000000003
-1.1209100000000001
0.353937
-0.22694
0.500529
-0.202184
-0.25782500000000003
0.0096817299999999995
0.072130899999999998
0.587503
0.13725499999999999
-0.15396000000000001
0.0364441
0.43373299999999998
0.46427299999999999
-0.028538600000000001
0.65374299999999996
0.17430899999999999
-0.0215985
-0.98538400000000004
0.52586100000000002
0.94298899999999997
0.59781899999999999
0.125553
0.15155199999999999
-0.226017
-1.01231
-0.31631900000000002
0.40537600000000001
0.78001399999999999
-0.23221
-0.61404800000000004
0.049989400000000003
0.23329900000000001
-1.00122
0.039733200000000003
0.85163
-0.29176299999999999
-0.130499
0.20468
-0.35211399999999998
-1.1901299999999999
0.67283300000000001
0.27648099999999998
-0.17343
0.44387199999999999
0.221856
-0.056535299999999997
-0.0050212700000000004
-0.0725301
-0.42516799999999999
0.79501500000000003
-0.45818599999999998
-0.52567299999999995
1.4915799999999999
0.35216799999999998
-0.052009800000000002
0.54602499999999998
-0.250863
0.50721899999999998
0.112286
0.95164300000000002
0.56500399999999995
-0.0021013400000000002
0.45925199999999999
0.401781
0.58304400000000001
-0.101532
-0.168984
-0.0080012999999999994
-0.84261399999999997
0.196021
0.28809099999999999
-0.031547600000000002
-0.46528399999999998
-0.103646
-0.64919099999999996
-0.014062099999999999
-0.067895399999999995
-0.189552
0.45192399999999999
0.376919
-0.13757800000000001
0.192498
-0.106797
-0.11670999999999999
-0.32748899999999997
0.16309699999999999
0.250643
-1.1061300000000001
-0.024971500000000001
1.1268400000000001
-0.12537899999999999
-0.12965099999999999
0.55587299999999995
0.85024999999999995
1.29505
0.134352
0.053970700000000003
-0.86872300000000002
-0.012839400000000001
0.61415299999999995
0.45411000000000001
-0.073245500000000005
-1.08694
0.0459788
0.98028700000000002
0.232516
-0.073974600000000001
0.59137899999999999
0.086841799999999997
0.57414100000000001
-0.011727899999999999
-0.047014500000000001
-0.140959
-0.33145599999999997
0.22151599999999999
0.21415999999999999
0.32119900000000001
-0.53901600000000005
0.20926800000000001
0.495338
0.069668599999999997
0.063193200000000005
0.016046600000000001
-0.150035
-0.75673199999999996
0.042666799999999998
0.064928700000000006
-0.049093999999999999
0.14955099999999999
-0.12918499999999999
-0.13472799999999999
-0.055062100000000003
-0.33634799999999998
0.84631100000000004
1.00305
-0.086439500000000002
-0.040767699999999997
0.54520100000000005
0.45826600000000001
-2.1255099999999998
0.30554100000000001
0.64715400000000001
-0.18240799999999999
-0.29405700000000001
-0.235403
0.99973999999999996
-0.23034099999999999
0.31070199999999998
-0.396061
-0.982375
-0.011661400000000001
0.14941299999999999
-0.101905
0.062433500000000003
0.43666100000000002
0.201321
-0.216392
1.59992
0.240647
0.307035
-0.36681599999999998
-0.132268
0.35841200000000001
0.296846
-0.88246999999999998
-0.048445799999999997
-0.24623900000000001
0.29503000000000001
-0.14094899999999999
-0.97706800000000005
0.319992
-0.088755100000000003
-0.44439499999999998
-0.34597600000000001
-1.0223100000000001
0.060086300000000002
0.0040776800000000002
1.6801999999999999
0.38160899999999998
0.85742700000000005
-0.055291199999999999
-0.0340243
0.43354900000000002
0.55454800000000004
-0.43806800000000001
0.212806
-0.059126400000000003
-0.42167500000000002
-0.60445899999999997
-0.78322800000000004
-0.21352099999999999
-0.104034
1.02658
0.12239899999999999
-1.3270500000000001
0.176455
-0.013085899999999999
-1.0211600000000001
-0.85526100000000005
-0.50080499999999994
0.42907699999999999
-0.071016999999999997
1.50352
-0.42990200000000001
0.10551000000000001
0.072408200000000006
-0.061319100000000001
-1.41069
0.28972100000000001
0.52411700000000006
0.093604499999999993
0.069516800000000004
-0.18810199999999999
0.37850600000000001
0.52882499999999999
0.416881
-0.37543100000000001
-0.24044099999999999
-0.42215799999999998
0.28732400000000002
0.124056
0.247644
-0.29772500000000002
-0.0253356
0.67615700000000001
0.051735099999999999
-0.0245819
-1.03226
0.072068499999999994
-1.0769899999999999
-0.54672100000000001
0.069343299999999997
0.35211700000000001
0.39160800000000001
0.177257
-0.80697799999999997
0.10116700000000001
-0.28656900000000002
-0.069572300000000004
0.66134499999999996
0.133461
-0.61702400000000002
-0.56526699999999996
0.041528900000000001
-0.25272600000000001
0.063340099999999996
-0.21781900000000001
-0.96103899999999998
0.041415199999999999
-1.40791
0.26278099999999999
-0.108513
0.84578500000000001
-0.56264700000000001
-0.22856899999999999
0.25311299999999998
0.14161699999999999
-0.33320100000000002
0.15987899999999999
-1.0949800000000001
-0.087602700000000006
0.27319900000000003
-0.63104400000000005
0.45035399999999998
0.92967599999999995
0.54365600000000003
-0.157226
-0.45010099999999997
-0.67904600000000004
-0.53980399999999995
-0.41685499999999998
0.073557600000000001
1.37798
-0.73727100000000001
0.098099900000000004
-0.23136300000000001
0.0967306
-0.130299
-0.034836499999999999
0.20893200000000001
0.075939199999999998
0.097277199999999994
0.030412000000000002
0.0296288
-0.409918
0.31885599999999997
0.17632600000000001
-0.62200800000000001
0.19695299999999999
0.299452
0.31899899999999998
0.15653600000000001
0.20166600000000001
-0.28079300000000001
-0.082069400000000001
0.17275499999999999
-0.0132795
0.33072600000000002
0.074164300000000002
0.79641200000000001
0.044984299999999998
0.11114400000000001
0.140624
-0.30799500000000002
-0.25292799999999999
-0.063196600000000006
0.090252600000000002
-0.257413
0.34876699999999999
-1.3019799999999999
0.23527799999999999
-0.303427
-0.64562699999999995
0.19786200000000001
-0.490869
-0.18502299999999999
0.100093
-0.70697600000000005
-0.38170999999999999
1.0148600000000001
-0.16012000000000001
-0.046119599999999997
0.037105800000000001
-0.49293500000000001
-0.38304899999999997
-0.55625199999999997
0.0117415
0.96571300000000004
0.40786499999999998
0.39060800000000001
-0.178121
-0.13161600000000001
-1.1179399999999999
-0.57936299999999996
-0.48096800000000001
-0.022799199999999999
0.15670500000000001
0.29000700000000001
0.18839600000000001
0.276422
0.024009200000000001
0.121848
-0.67274100000000003
0.195414
0.0673401
-0.35188999999999998
-0.10427500000000001
0.35805100000000001
-0.45961999999999997
-0.732159
0.248278
-0.090619099999999994
1.4731700000000001
0.225878
-0.068558800000000003
-0.30118800000000001
0.035626699999999997
0.83210799999999996
-0.0030405900000000001
-0.92257999999999996
-0.50368000000000002
0.13651099999999999
1.28287
0.100122
0.98410299999999995
0.037532099999999999
-0.070331099999999994
-0.37010599999999999
-0.46004899999999999
0.47227000000000002
0.32282899999999998
0.12892700000000001
-0.00099653999999999997
0.39832899999999999
0.13622200000000001
-0.14885200000000001
-0.11906
0.71226199999999995
-0.13445199999999999
-0.42113200000000001
0.142431
-0.0230215
-0.0029305099999999999
-0.0172211
-1.38304
-0.066440299999999994
0.27773900000000001
0.17777100000000001
-0.38431300000000002
0.42240800000000001
0.12084
0.070091200000000006
0.100734
-0.239536
0.57646399999999998
-0.13286300000000001
0.15035100000000001
0.40895100000000001
0.017967899999999998
1.0459000000000001
-0.299182
0.0045993199999999996
1.08219
0.45419199999999998
0.166879
0.13455500000000001
-0.28167900000000001
-1.14628
-0.25761499999999998
0.43172300000000002
0.164989
0.0846195
0.116215
-0.15209700000000001
0.84295699999999996
-0.122185
-0.107143
-0.54583199999999998
-0.0064032100000000003
0.61266699999999996
0.022370299999999999
-0.058421899999999999
1.4228099999999999
-0.94006599999999996
-1.0611600000000001
0.024659
0.53605000000000003
-0.12669900000000001
0.0069402200000000004
0.25728600000000001
-0.54075499999999999
0.220996
0.27926600000000001
0.363174
0.4249
-0.29822199999999999
-0.095505699999999999
0.75693200000000005
0.18893099999999999
-0.62718300000000005
0.0381781
0.039530200000000001
-0.32374199999999997
0.475601
0.42958099999999999
-0.0091999600000000001
-0.35374899999999998
-0.46984700000000001
-0.60589599999999999
0.32843299999999997
0.229717
0.108613
1.1546000000000001
-0.30469600000000002
-0.70422399999999996
-0.50139599999999995
-0.272698
-0.0108155
-0.403692
-0.43262800000000001
-0.47250700000000001
0.47498499999999999
-0.069645600000000002
0.040511199999999997
-0.36732399999999998
0.0460565
-0.151006
-1.5997399999999999
0.013955199999999999
-0.114879
0.35635499999999998
-0.25844099999999998
0.1013
-0.38477600000000001
-0.51022800000000001
0.25093199999999999
-0.075231900000000004
-1.3215399999999999
-0.13852100000000001
0.23502200000000001
0.0094981600000000003
0.117255
-0.80297600000000002
-0.46360099999999999
-0.55449999999999999
-0.46309499999999998
0.48857800000000001
0.17402699999999999
0.097673499999999996
0.057480400000000001
0.59327399999999997
-0.20341400000000001
-0.19081799999999999
-0.49598999999999999
-0.182231
0.012689799999999999
-0.135549
-1.0800799999999999
-0.25251200000000001
1.04213
0.32085399999999997
0.29435
0.070380999999999999
-0.60012900000000002
-0.50666
-0.064212599999999995
-0.125142
0.72109800000000002
0.52773199999999998
0.77321600000000001
-0.69868300000000005
0.0295477
0.61379899999999998
-0.202957
-0.36189900000000003
-0.099566799999999997
-0.149315
0.217085
0.74392999999999998
-0.31009100000000001
-0.19753399999999999
0.115122
1.0078199999999999
0.51728200000000002
-0.068858100000000005
0.10215399999999999
-0.124403
-0.0495752
-0.21446599999999999
-0.28770000000000001
-0.43345
0.19750100000000001
-1.7744500000000001
0.26164700000000002
2.18411
-0.054794000000000002
0.052956200000000002
-0.458486
-0.47612599999999999
-0.58692100000000003
0.119343
0.134993
-0.43075400000000003
-0.19861500000000001
-1.71607
-0.37246800000000002
0.065784300000000004
0.93080600000000002
-0.413962
0.188112
0.48951299999999998
-0.0190782
0.56911500000000004
0.24723300000000001
0.11937300000000001
-0.18818699999999999
0.20852999999999999
-0.19057199999999999
0.56083499999999997
0.67003400000000002
-0.11584899999999999
-0.102352
-0.47102699999999997
-0.38558100000000001
0.454764
0.109891
0.29935299999999998
0.32002799999999998
0.335233
0.18676200000000001
-0.22797300000000001
-0.249999
-0.0884186
-0.18373700000000001
-1.0497799999999999
-0.27198
-0.087831199999999998
-0.37464799999999998
0.167493
-0.88480899999999996
0.13398399999999999
0.12975700000000001
0.52061199999999996
0.255384
-0.51359200000000005
-0.15276300000000001
0.12310400000000001
-1.0619499999999999
-0.34163700000000002
0.12263400000000001
0.020446300000000001
0.020583500000000001
-0.270652
0.43414399999999997
-0.28914099999999998
-0.199016
-0.085356399999999999
0.97092100000000003
-0.60883200000000004
-0.77246999999999999
-0.080612699999999995
0.28370499999999998
0.208285
-0.073657799999999995
-0.100233
0.214862
0.15579100000000001
0.119446
0.32059199999999999
-0.19495999999999999
0.162823
-0.054096499999999999
-0.14719499999999999
0.68518699999999999
0.640544
0.20055700000000001
0.43695400000000001
-0.96715300000000004
0.211372
0.34550999999999998
-0.226774
0.32558599999999999
0.093320700000000006
-0.36062499999999997
-0.40481
-0.66125599999999995
0.014690099999999999
0.35776000000000002
0.027828100000000001
0.14937
-0.33232200000000001
0.13997899999999999
0.76702599999999999
0.052899099999999998
0.26985700000000001
-0.0194603
0.00143283
-1.5052300000000001
0.062911900000000007
-0.24804499999999999
0.13042500000000001
0.0094420400000000005
0.625309
-0.010082300000000001
0.42595899999999998
-0.15579899999999999
-0.26015899999999997
0.73888600000000004
-0.024757899999999999
1.7539199999999999
0.10674699999999999
-0.0112566
-0.77185000000000004
0.22592300000000001
0.0043387900000000004
-0.23566400000000001
0.10001500000000001
0.033200500000000001
-0.28726800000000002
0.84397699999999998
-0.14419599999999999
0.116283
-0.880888
-0.043908500000000003
0.076992900000000003
0.126856
0.056871900000000003
0.16336400000000001
-0.76980599999999999
0.98853500000000005
-0.247392
0.094558199999999995
0.48858600000000002
0.70264199999999999
0.52682700000000005
-0.52856899999999996
0.118259
-0.146811
-0.121209
0.483908
0.39516000000000001
0.13520099999999999
0.23983299999999999
0.59877400000000003
-0.19342400000000001
0.43068200000000001
0.28472199999999998
-0.43873699999999999
-0.4289
-0.22947200000000001
-0.27622099999999999
0.25534800000000002
0.71226100000000003
-0.62664699999999995
-0.69841699999999995
-0.064077300000000004
-0.34305000000000002
-0.0584065
0.0140952
-0.25440200000000002
0.23406299999999999
-0.11215899999999999
-1.9437599999999999
0.10822900000000001
1.3382499999999999
0.28346199999999999
0.22870799999999999
-0.305724
-0.073058700000000004
1.3397699999999999
0.085273600000000005
-0.074222099999999999
1.0828599999999999
-0.118617
0.36564200000000002
-0.32721800000000001
0.024273099999999999
1.07351
0.229874
1.8976299999999999
-0.113368
0.155302
-0.19312699999999999
0.26171100000000003
0.10181900000000001
0.223271
-0.24296200000000001
0.16452700000000001
0.54976700000000001
1.6157900000000001
0.0584574
-0.34646100000000002
-0.86026499999999995
0.41051300000000002
-1.9279900000000001
-0.121409
0.13625799999999999
-1.03081
0.44619999999999999
-1.0216499999999999
0.136603
-0.075775800000000004
-0.26286300000000001
-0.41995500000000002
-0.128439
-0.14321600000000001
-0.15175900000000001
-0.67380799999999996
1.1550199999999999
0.76463099999999995
-0.17021
0.0082621799999999992
-0.30692999999999998
-0.039274299999999998
0.92667200000000005
-0.54561599999999999
-0.18970500000000001
1.6741999999999999
-0.13950299999999999
0.69780200000000003
0.35395900000000002
0.025732499999999998
-1.22265
-0.70369700000000002
-0.13731599999999999
-0.195436
-0.114066
-0.169101
0.210505
-0.86376500000000001
-0.42239500000000002
-0.12596299999999999
2.1362199999999998
-0.071080599999999994
0.028311800000000002
-0.032399799999999999
-0.27113599999999999
0.68573300000000004
-0.083773899999999998
0.13881499999999999
-0.10056
-0.14497099999999999
0.30732100000000001
-0.35038399999999997
-1.46641
0.017642000000000001
-0.16667999999999999
-0.46081800000000001
-0.63736199999999998
0.29763499999999998
0.166267
-0.36311199999999999
-0.19175400000000001
0.31915100000000002
1.0663499999999999
-0.466725
-0.069220799999999999
1.0392699999999999
0.18421799999999999
-0.62563500000000005
-0.060204000000000001
0.048142799999999999
1.37954
-0.050364899999999997
2.11497
-0.237791
0.177844
-0.114172
0.030500699999999999
0.84670900000000004
-0.50605
0.25903799999999999
0.481464
-0.74434100000000003
-0.67795700000000003
-0.79939499999999997
-0.061186900000000002
0.56738100000000002
-0.65271800000000002
-0.16889499999999999
-0.19345899999999999
0.261847
1.3825499999999999
0.20791000000000001
-0.36482100000000001
-0.55442999999999998
0.0040978200000000003
-0.378
0.45350000000000001
0.588951
0.16980200000000001
0.020371400000000001
-0.50398399999999999
-0.026041399999999999
0.25388100000000002
0.15775500000000001
0.089760699999999999
-0.89416399999999996
-0.26258199999999998
-0.37431300000000001
0.71009800000000001
-0.10023
1.21302
-0.044992900000000002
0.100547
0.19398699999999999
-0.19700100000000001
0.75953400000000004
-0.14740700000000001
1.3072299999999999
0.23155000000000001
-0.129358
-0.098413
0.036509800000000002
0.500579
-0.33584799999999998
-0.0382669
-0.467922
0.0471607
0.26349099999999998
0.39820800000000001
0.101591
0.18097099999999999
0.20540600000000001
0.13480900000000001
0.50761900000000004
0.034267199999999998
1.77457
0.24063100000000001
0.89093199999999995
-0.21479999999999999
-0.075976199999999994
-1.21428
-0.24940300000000001
-0.83572900000000006
0.51957200000000003
0.24359
-0.94584800000000002
0.13047700000000001
1.3227199999999999
0.19078000000000001
0.12804299999999999
-0.94695700000000005
0.074209600000000001
-0.244613
0.15917400000000001
-0.33474300000000001
0.353657
0.58983300000000005
-1.12113
-0.51898500000000003
0.0306196
-0.76005400000000001
-0.58247300000000002
0.12397
-0.0072953899999999997
-0.13899300000000001
-0.10484599999999999
-0.53105000000000002
-0.93252900000000005
-0.201769
0.0253618
-0.156726
-0.035463000000000001
-1.0507
-0.024224699999999998
-0.14435899999999999
0.73960899999999996
-0.43127700000000002
-0.018622
0.152421
-0.040296100000000001
-0.0070319400000000004
-0.303282
0.35303400000000001
0.13106899999999999
-0.197792
-0.211367
0.32840900000000001
0.56781700000000002
0.398785
0.044574099999999998
-0.37006699999999998
-0.50404199999999999
-0.64302499999999996
0.26013799999999998
-0.022928
-0.28526699999999999
-0.45216000000000001
0.92039599999999999
-0.0207806
-0.41459000000000001
-0.17327000000000001
-0.24762600000000001
-1.0764199999999999
0.46806599999999998
0.316689
-1.2246600000000001
-0.72435300000000002
-2.1635900000000001
0.28367399999999998
-0.0052418600000000001
-0.25099900000000003
-0.358817
-0.26210800000000001
0.18510499999999999
0.24191099999999999
0.59887100000000004
-0.33611999999999997
-0.79629899999999998
0.28922199999999998
-0.184307
0.63639199999999996
-0.30063499999999999
-0.33164700000000003
0.28571000000000002
0.14488100000000001
0.839592
0.095927899999999997
-0.41063899999999998
0.37124499999999999
0.062191099999999999
1.03583
0.25803900000000002
0.74620399999999998
0.25988800000000001
0.027423300000000001
-0.248308
0.021121500000000001
0.17446600000000001
0.51981999999999995
-0.065579799999999994
-0.62853700000000001
-0.178508
-1.9300900000000001
-0.143341
0.492585
0.229908
0.082682000000000005
0.62459900000000002
0.034031199999999998
0.12826699999999999
-0.68270799999999998
-0.140989
0.85297000000000001
-0.158967
-0.214453
-0.26991799999999999
-0.45020300000000002
-0.33263799999999999
0.49246699999999999
-0.087619100000000005
0.81668099999999999
-0.15818699999999999
2.42639
-0.048076099999999997
-0.11225400000000001
-0.61947700000000006
0.057844600000000003
-0.119862
-0.30255799999999999
0.11140799999999999
0.41221200000000002
0.18287700000000001
-1.8404700000000001
-0.339005
-0.26294200000000001
0.69784100000000004
0.292655
1.18882
0.024408200000000001
-0.172734
0.052611100000000001
-0.124628
-0.77389399999999997
0.076132000000000005
-0.019510400000000001
0.246729
0.37614999999999998
-1.79922
-0.48359600000000003
0.147123
-0.49819400000000003
0.12887000000000001
-1.1680699999999999
-0.290744
0.182837
0.83332899999999999
-0.51770899999999997
-0.72805399999999998
0.0019871899999999998
-0.14488500000000001
-0.44340000000000002
-0.57676799999999995
-0.54830000000000001
-0.205097
-0.29447000000000001
-0.34493699999999999
-0.174174
-0.047123999999999999
-0.61233099999999996
0.165848
-0.51025100000000001
0.211479
-0.98594199999999999
0.20127999999999999
0.121713
0.00521777
-0.27795799999999998
0.15742600000000001
0.16067899999999999
-0.042215200000000001
-0.22278500000000001
-0.28880800000000001
-0.716225
-0.31701299999999999
0.098307199999999997
0.40174799999999999
0.27526499999999998
0.49256499999999998
0.151563
0.202796
0.34492200000000001
-0.65649999999999997
0.62564699999999995
-0.078172000000000005
-0.35924499999999998
-0.55666300000000002
-0.0039045500000000001
-0.032344400000000002
0.584148
0.18493200000000001
0.120477
-0.20974200000000001
-0.95998600000000001
-0.41558600000000001
-0.18056800000000001
-0.144291
0.086801500000000004
-0.42927500000000002
0.32046599999999997
-0.77646499999999996
-0.122681
-0.085240800000000005
-1.74787
-1.02121
-0.068284899999999996
0.28067700000000001
0.25327
0.22222500000000001
-0.318108
-0.0098098600000000001
1.55766
-0.51289399999999996
-0.74591399999999997
0.093839000000000006
-0.14612900000000001
0.063853999999999994
-0.44819199999999998
-0.98884399999999995
0.090963000000000002
-0.059085499999999999
-0.368004
-0.40038699999999999
-0.73433300000000001
-0.40947800000000001
-0.097168599999999994
-0.49726799999999999
-0.030363299999999999
-1.91699
0.079541700000000007
-0.059404199999999997
1.3878699999999999
-0.39204499999999998
-0.19722100000000001
0.11440400000000001
-0.42607899999999999
-1.57857
0.24478
-0.84321800000000002
-0.35068300000000002
0.23585900000000001
-1.31586
-0.082209699999999997
-1.23827
-0.24158299999999999
-0.57616100000000003
0.99194000000000004
0.27376899999999998
-0.77896699999999996
0.073380399999999998
0.049099299999999999
-0.381054
0.35172300000000001
-0.719665
-0.39655499999999999
-0.029515599999999999
0.58002100000000001
0.0099550100000000002
1.3522400000000001
0.25401299999999999
-0.0217469
-1.51206
0.21813299999999999
-1.1456999999999999
-0.61008300000000004
0.18310199999999999
-0.62435200000000002
0.027100800000000001
0.24826500000000001
0.20289399999999999
-0.146116
0.78856800000000005
0.34048299999999998
-0.32761499999999999
-0.220419
0.10169499999999999
-0.38907999999999998
0.074638999999999997
-0.36979299999999998
-0.011575200000000001
0.0226593
0.25712000000000002
0.56236399999999998
1.50023
-0.10560600000000001
-0.16885
0.0207905
-0.58050199999999996
0.071815100000000007
-0.23555400000000001
-0.21179400000000001
-0.29837900000000001
-0.13228100000000001
-1.6590100000000001
0.102172
-0.039076
-1.01607
-0.0635521
-0.59243400000000002
0.169158
0.044656399999999999
0.50635200000000002
-0.176619
-1.07439
-0.11995599999999999
-0.28684900000000002
-2.3776799999999998
0.0147869
-1.5837699999999999
0.26763799999999999
-0.29285099999999997
0.440305
-0.19445999999999999
0.20513200000000001
-0.010835900000000001
-0.17304
0.752077
-0.169404
-0.192991
0.045881900000000003
0.22297900000000001
1.88022
0.25798599999999999
0.88832999999999995
0.782582
0.10895199999999999
-0.031343099999999999
0.14590400000000001
-0.14402100000000001
-0.267125
0.12557299999999999
-0.41717599999999999
0.10063900000000001
0.35333700000000001
0.59046399999999999
-0.047370900000000001
-0.13930699999999999
0.137044
0.190474
0.33953699999999998
-0.36395100000000002
-0.26900600000000002
-0.108665
0.29034399999999999
0.160387
0.37226199999999998
0.60302699999999998
0.326824
0.37159799999999998
0.032380100000000002
-0.36591600000000002
0.323019
0.15351999999999999
-0.75692300000000001
0.39818399999999998
-0.114354
-0.58258900000000002
-0.62662099999999998
-0.19641600000000001
-0.631548
0.0070666100000000001
0.67326799999999998
-0.048763599999999997
-0.21496799999999999
-0.049243299999999997
-0.086448200000000003
0.61651199999999995
0.25765500000000002
0.38221699999999997
0.47458899999999998
0.18240600000000001
-0.17416999999999999
0.161408
-0.52978000000000003
0.17676
