# timestamp_ms VmRSS_kB VmPeak_kB VmHWM_kB
1786706836273 36756 328640 36756
1786706836344 38656 329388 38656
1786706836419 60084 493304 60084
1786706836493 88888 541400 88888
1786706836569 97340 546324 97340
1786706836647 105116 555100 105116
1786706836727 112512 560868 112512
1786706836809 117916 566392 117916
1786706836890 122880 572020 122880
1786706836973 126644 575972 126644
1786706837057 129260 578320 129260
1786706837140 131060 580720 131060
1786706837215 135336 585120 135336
1786706837299 138828 588480 0
1786706837384 140020 595232 140020
1786706837438 142464 0 142464
1786706837523 142676 596256 142676
1786706837578 144144 597452 144140
1786706837653 146280 599080 146276
1786706837739 149004 602132 149004
1786706837815 152608 0 152604
1786706837903 160092 923504 160092
1786706837996 166376 930840 166376
1786706838093 217776 1179284 217776
1786706838194 275912 2619572 275912
1786706838303 279244 3227864 279244
1786706838396 279244 3227864 279244
1786706838420 279244 3227864 279244
1786706838445 279244 3227864 279244
1786706838470 282000 3227864 282000
1786706838552 287264 3227864 287264
1786706838643 293636 3227864 293636
1786706838748 295812 3227864 295812
1786706838814 296300 3227864 296300
1786706838889 298452 7960548 298452
1786706838994 307784 7960840 307784
1786706839115 318540 7960840 318540
1786706839232 328416 10172840 328416
1786706839353 335096 10172840 335096
1786706839476 340092 10172840 340092
1786706839582 344060 10172840 344060
1786706839704 346824 10172840 346824
1786706839785 349140 10172840 349140
1786706839898 350424 10172840 350424
1786706839975 353032 10313664 353032
1786706840094 355996 10313664 355996
1786706840170 357552 10313664 357552
1786706840278 358496 10313664 358496
1786706840358 360408 10313664 360408
1786706840454 361872 10313664 361872
1786706840564 363332 10313664 363332
1786706840644 365292 10313664 365292
1786706840723 365868 10313664 365868
1786706840831 366076 10313664 366076
1786706840912 367324 10456628 367324
1786706840995 369960 10456628 369960
1786706841121 372120 10456628 372120
1786706841202 374528 10456628 374528
1786706841311 375820 10456628 375820
1786706841394 375832 10456628 375832
1786706841478 553896 10622904 553896
1786706841626 469388 10623168 599992
1786706841653 469864 10623168 599992
1786706841680 469868 10623168 599992
1786706841707 469900 10623168 599992
1786706841735 470312 10623168 599992
1786706841762 470844 10623168 599992
1786706841789 471620 10623168 599992
1786706841815 472908 10623168 599992
1786706841841 472908 10623168 599992
1786706841868 472908 10623168 599992
1786706841895 472908 10623168 599992
1786706841922 472908 10623168 599992
1786706841949 472908 10623168 599992
1786706841977 473616 10623168 599992
1786706842002 475516 10623168 599992
1786706842029 475936 10623168 599992
1786706842055 476204 10623168 599992
1786706842082 477052 10623168 599992
1786706842108 477384 10623168 599992
1786706842136 478100 10623168 599992
1786706842162 478396 10623168 599992
1786706842189 478460 10623168 599992
1786706842214 478960 10623168 599992
1786706842242 479628 10623168 599992
1786706842269 479644 10623168 599992
1786706842297 481280 10623168 599992
1786706842325 481444 10623168 599992
1786706842353 481452 10623168 599992
1786706842381 483196 10623168 599992
1786706842409 483972 10623168 599992
1786706842436 484252 10623168 599992
1786706842464 484256 10623168 599992
1786706842492 484392 10623168 599992
1786706842519 484716 10623168 599992
1786706842546 485516 10623168 599992
1786706842572 486172 10623168 599992
1786706842599 487300 10623168 599992
1786706842627 487300 10623168 599992
1786706842653 487300 10623168 599992
1786706842682 487300 10623168 599992
1786706842709 487300 10623168 599992
1786706842737 488412 10623168 599992
1786706842761 488884 10623168 599992
1786706842788 489380 10623168 599992
1786706842813 489772 10623168 599992
1786706842839 489772 10623168 599992
1786706842865 490020 10623168 599992
1786706842892 490028 10623168 599992
1786706842919 490036 10623168 599992
1786706842947 490036 10623168 599992
1786706842975 490160 10623168 599992
1786706843002 490236 10623168 599992
1786706843030 490236 10623168 599992
1786706843058 490408 10623168 599992
1786706843083 490588 10623168 599992
1786706843111 491220 10623168 599992
1786706843139 491692 10623168 599992
1786706843166 491692 10623168 599992
1786706843194 491700 10623168 599992
1786706843222 492512 10623168 599992
1786706843250 492532 10623168 599992
1786706843278 493456 10623168 599992
1786706843306 493536 10623168 599992
1786706843334 494324 10623168 599992
1786706843362 494908 10623168 599992
1786706843390 495340 10623168 599992
1786706843418 495356 10623168 599992
1786706843447 496028 10623168 599992
1786706843473 496204 10623168 599992
1786706843501 496940 10623168 599992
1786706843529 497080 10623168 599992
1786706843556 497904 10623168 599992
1786706843584 497924 10623168 599992
1786706843613 498872 10623168 599992
1786706843640 499376 10623168 599992
1786706843666 499872 10623168 599992
1786706843693 499892 10623168 599992
1786706843720 500868 10623168 599992
1786706843747 500896 10623168 599992
1786706843774 501864 10623168 599992
1786706843801 501888 10623168 599992
1786706843828 502948 10623168 599992
1786706843856 502964 10623168 599992
1786706843884 503872 10623168 599992
1786706843912 504036 10623168 599992
1786706843939 504812 10623168 599992
1786706843967 504848 10623168 599992
1786706843994 505824 10623168 599992
1786706844022 505832 10623168 599992
1786706844049 506256 10623168 599992
1786706844076 506848 10623168 599992
1786706844103 506888 10623168 599992
1786706844131 507828 10623168 599992
1786706844159 507960 10623168 599992
1786706844186 508452 10623168 599992
1786706844213 508756 10623168 599992
1786706844240 509480 10623168 599992
1786706844267 510876 10623168 599992
1786706844295 511104 10623168 599992
1786706844322 511104 10623168 599992
1786706844349 511104 10623168 599992
1786706844377 511104 10623168 599992
1786706844404 511104 10623168 599992
1786706844432 511532 10623168 599992
1786706844459 511656 10623168 599992
1786706844487 511668 10623168 599992
1786706844514 511676 10623168 599992
1786706844542 511708 10623168 599992
1786706844569 511740 10623168 599992
1786706844598 511760 10623168 599992
1786706844626 511768 10623168 599992
1786706844654 511776 10623168 599992
1786706844682 511776 10623168 599992
1786706844710 511952 10623168 599992
1786706844737 511960 10623168 599992
1786706844766 514356 10623168 599992
1786706844794 514528 10623168 599992
1786706844821 516840 10623168 599992
1786706844849 517668 10623168 599992
1786706844877 519016 10623168 599992
1786706844905 519028 10623168 599992
1786706844934 530612 10623168 599992
1786706844962 530988 10623168 599992
1786706844990 531912 10623168 599992
1786706845018 532188 10623168 599992
1786706845046 532868 10623168 599992
1786706845073 533016 10623168 599992
1786706845101 533776 10623168 599992
1786706845128 534496 10623168 599992
1786706845156 534820 10623168 599992
1786706845183 535668 10623168 599992
1786706845210 536292 10623168 599992
1786706845238 536608 10623168 599992
1786706845267 537612 10623168 599992
1786706845295 537624 10623168 599992
1786706845324 538564 10623168 599992
1786706845352 538644 10623168 599992
1786706845380 539580 10623168 599992
1786706845408 540208 10623168 599992
1786706845436 540516 10623168 599992
1786706845463 540652 10623168 599992
1786706845491 541536 10623168 599992
1786706845518 542148 10623168 599992
1786706845546 542164 10623168 599992
1786706845575 542480 10623168 599992
1786706845604 542512 10623168 599992
1786706845633 543320 10623168 599992
1786706845662 543516 10623168 599992
1786706845690 543644 10623168 599992
1786706845718 544464 10623168 599992
1786706845746 544492 10623168 599992
1786706845775 545404 10623168 599992
1786706845803 545404 10623168 599992
1786706845831 545616 10623168 599992
1786706845860 546396 10623168 599992
1786706845888 547308 10623168 599992
1786706845916 547316 10623168 599992
1786706845945 547856 10623168 599992
1786706845973 548288 10623168 599992
1786706846002 548400 10623168 599992
1786706846030 549292 10623168 599992
1786706846059 549304 10623168 599992
1786706846088 550252 10623168 599992
1786706846116 556144 10623168 599992
1786706846241 559244 10623168 599992
1786706846329 559244 10623168 599992
1786706846358 559244 10623168 599992
1786706846387 559788 10623168 599992
1786706846476 559820 10623168 599992
1786706846563 559856 10623168 599992
1786706846651 559872 10623168 599992
1786706846740 570008 10623168 599992
1786706846887 565740 10623168 599992
1786706846916 567208 10623168 599992
1786706846945 567216 10623168 599992
1786706846974 567344 10623168 599992
1786706847003 567680 10623168 599992
1786706847032 568480 10623168 599992
1786706847060 568496 10623168 599992
1786706847089 569420 10623168 599992
1786706847118 569440 10623168 599992
1786706847147 570248 10623168 599992
1786706847235 571312 10623168 599992
1786706847325 572872 10623168 599992
1786706847416 573444 10623168 599992
1786706847506 574772 10623168 599992
1786706847631 577760 10623168 599992
1786706847722 577760 10623168 599992
1786706847752 577760 10623168 599992
1786706847779 578300 10623168 599992
1786706847869 578324 10623168 599992
1786706847960 578348 10623168 599992
1786706848047 578384 10623168 599992
1786706848136 601528 10623168 601528
1786706848284 612680 10623168 612680
1786706848422 692616 10623168 692616
1786706848590 812372 10713264 812372
1786706848758 889276 10848944 889276
1786706848930 958664 10853424 965892
1786706849089 958860 10853424 965892
1786706849184 960140 10853424 965892
1786706849279 962004 10853424 965892
1786706849370 963080 10853424 965892
1786706849463 965188 10853424 965892
1786706849552 966040 10853424 966040
1786706849643 967012 10853424 967012
1786706849738 967344 10853424 967344
1786706849876 968224 10853424 968224
1786706849972 968280 10853424 968280
1786706850066 969840 10853424 969840
1786706850160 971472 10853424 971472
1786706850252 982484 0 982484
1786706850409 1027540 11227840 1027540
1786706850572 1072596 11227840 1072596
1786706850733 1115604 11227840 1115604
1786706850892 1156564 11227840 1156564
1786706851098 1211860 11227840 1211860
1786706851263 1261012 11227840 1261012
1786706851423 1304020 11227840 1304020
1786706851586 1349076 11227840 1349076
1786706851750 1394132 11227840 1394132
1786706851914 1588644 11421552 1586596
1786706852086 1833252 11661168 1833232
1786706852258 1435960 11691120 1858092
1786706852289 1527532 11691120 1858092
1786706852322 1529840 11691120 1858092
1786706852356 1529848 11691120 1858092
1786706852387 1529848 11691120 1858092
1786706852421 1539068 11691120 1858092
1786706852471 1661184 11691120 1858092
1786706852504 1747752 11691120 1858092
1786706852539 1836260 11691120 1858092
1786706852661 1494564 13694052 1858092
1786706852719 1527640 13694052 1858092
1786706852755 1529396 13694052 1858092
1786706852790 1561552 13694052 1858092
1786706852824 1575412 13694052 1858092
1786706852859 1604080 13694052 1858092
1786706852893 1622528 13694052 1858092
1786706852929 1628312 13694052 1858092
1786706852967 1655980 13694052 1858092
1786706853004 1670640 13694052 1858092
1786706853041 1692712 13694052 1858092
1786706853079 1695836 13753308 1858092
1786706853116 1705092 13753308 1858092
1786706853151 1705148 13753308 1858092
1786706853188 1706360 13753308 1858092
1786706853226 1715624 13753308 1858092
1786706853264 1715668 13753308 1858092
1786706853300 1721480 13753308 1858092
1786706853339 1751484 13754332 1858092
1786706853377 1751536 13754332 1858092
1786706853413 1765020 14051060 1858092
1786706853450 1863324 14051060 1863324
1786706853611 2253900 14142628 2253900
1786706853795 2039348 14186404 2312380
1786706853830 2132812 14186404 2312380
1786706853862 2217320 14186404 2312380
1786706853898 2208312 14186404 2312380
1786706853936 1944968 14186404 2312380
1786706853972 1944968 14186404 2312380
1786706854008 1944976 14186404 2312380
1786706854044 1944976 14186404 2312380
1786706854081 1944980 14186404 2312380
1786706854118 1944980 14186404 2312380
1786706854153 1944980 14186404 2312380
1786706854191 1944996 14186404 2312380
1786706854227 1945048 14186404 2312380
1786706854263 1945304 14186404 2312380
1786706854300 1945304 14186404 2312380
1786706854336 1945328 14186404 2312380
1786706854373 1945332 14186404 2312380
1786706854409 1945332 14186404 2312380
1786706854448 1945340 14186404 2312380
1786706854484 1945364 14186404 2312380
1786706854523 1945364 14186404 2312380
1786706854559 1945372 14186404 2312380
1786706854596 1945372 14186404 2312380
1786706854632 1945384 14186404 2312380
1786706854669 1945384 14186404 2312380
1786706854705 1945396 14186404 2312380
1786706854743 1945396 14186404 2312380
1786706854779 1945396 14186404 2312380
1786706854816 1945420 14186404 2312380
1786706854852 1945432 14186404 2312380
1786706854889 1945440 14186404 2312380
1786706854926 1945460 14186404 2312380
1786706854963 1945484 14186404 2312380
1786706854999 1945500 14186404 2312380
1786706855037 1945508 14186404 2312380
1786706855072 1945524 14186404 2312380
1786706855107 1945536 14186404 2312380
1786706855145 1945552 14186404 2312380
1786706855181 1945556 14186404 2312380
1786706855218 1945588 14186404 2312380
1786706855256 1945612 14186404 2312380
1786706855293 1945620 14186404 2312380
1786706855328 1945632 14186404 2312380
1786706855367 1945648 14186404 2312380
1786706855403 1945676 14186404 2312380
1786706855440 1945684 14186404 2312380
1786706855477 1945708 14186404 2312380
1786706855514 1945744 14186404 2312380
1786706855551 1946852 14186404 2312380
1786706855586 1949840 14186404 2312380
1786706855621 1951224 14186404 2312380
1786706855655 1951960 14186404 2312380
1786706855690 1952532 14186404 2312380
1786706855723 1953032 14186404 2312380
1786706855758 1953696 14186404 2312380
1786706855792 1954224 14186404 2312380
1786706855827 1954804 14186404 2312380
1786706855862 1955228 14186404 2312380
1786706855900 1955244 14186404 2312380
1786706855937 1955256 14186404 2312380
1786706855975 1955276 14186404 2312380
1786706856012 1955308 14186404 2312380
1786706856049 1955312 14186404 2312380
1786706856086 1955336 14186404 2312380
1786706856122 1955348 14186404 2312380
1786706856159 1955372 14186404 2312380
1786706856196 1955400 14186404 2312380
1786706856233 1955424 14186404 2312380
1786706856269 1955436 14186404 2312380
1786706856306 1955436 14186404 2312380
1786706856341 1955836 14186404 2312380
1786706856379 1955864 14186404 2312380
1786706856415 1955864 14186404 2312380
1786706856451 1955904 14186404 2312380
1786706856487 1955904 14186404 2312380
1786706856514 1955932 14186404 2312380
1786706856551 1955956 14186404 2312380
1786706856588 1956328 14186404 2312380
1786706856625 1956352 14186404 2312380
1786706856664 1956356 14186404 2312380
1786706856700 1956388 14186404 2312380
1786706856737 1956396 14186404 2312380
1786706856775 1956412 14186404 2312380
1786706856812 1956424 14186404 2312380
1786706856841 1957392 14186404 2312380
1786706856877 1958024 14186404 2312380
1786706856915 1958044 14186404 2312380
1786706856954 1958084 14186404 2312380
1786706856991 1958096 14186404 2312380
1786706857028 1958096 14186404 2312380
1786706857065 1958128 14186404 2312380
1786706857102 1958140 14186404 2312380
1786706857139 1958204 14186404 2312380
1786706857177 1958212 14186404 2312380
1786706857212 1958260 14186404 2312380
1786706857249 1958264 14186404 2312380
1786706857286 1958332 14186404 2312380
1786706857322 1958340 14186404 2312380
1786706857359 1958340 14186404 2312380
1786706857396 1958664 14186404 2312380
1786706857435 1958680 14186404 2312380
1786706857472 1958712 14186404 2312380
1786706857510 1958744 14186404 2312380
1786706857547 1958764 14186404 2312380
1786706857585 1958816 14186404 2312380
1786706857621 1958876 14186404 2312380
1786706857659 1958964 14186404 2312380
1786706857699 1958988 14186404 2312380
1786706857737 1959056 14186404 2312380
1786706857776 1959080 14186404 2312380
1786706857815 1959124 14186404 2312380
1786706857855 1959180 14186404 2312380
1786706857894 1959212 14186404 2312380
1786706857934 1967688 14186404 2312380
1786706857973 1967736 14186404 2312380
1786706858011 1967776 14186404 2312380
1786706858049 1967844 14186404 2312380
1786706858089 1967876 14186404 2312380
1786706858126 1967920 14186404 2312380
1786706858165 1967952 14186404 2312380
1786706858207 1968012 14186404 2312380
1786706858245 1968064 14186404 2312380
1786706858285 1968072 14186404 2312380
1786706858322 1968084 14186404 2312380
1786706858358 1509308 14186404 2312380
1786706858392 1509348 14186404 2312380
1786706858429 1509352 14186404 2312380
1786706858465 1536932 14186404 2312380
1786706858501 1613036 14186404 2312380
1786706858537 1649908 14186404 2312380
1786706858573 1696560 14186404 2312380
1786706858610 1741616 14186404 2312380
1786706858647 1788720 14186404 2312380
1786706858684 1837872 14186404 2312380
1786706858722 1901116 14186404 2312380
1786706858762 1968840 14186404 2312380
1786706858794 1974420 14186404 2312380
1786706858833 1998424 14213832 2312380
1786706858871 2004560 14213832 2312380
1786706858912 2010704 14213832 2312380
1786706858952 2000468 14213832 2312380
1786706858993 2004568 14213832 2312380
1786706859034 2004568 14213832 2312380
1786706859075 2004572 14213832 2312380
1786706859115 2000472 14213832 2312380
1786706859155 1973848 14213832 2312380
1786706859195 2004572 14213832 2312380
1786706859235 2004572 14213832 2312380
1786706859274 1995888 14213832 2312380
1786706859314 2000472 14213832 2312380
1786706859353 1986124 14213832 2312380
1786706859391 1994328 14213832 2312380
1786706859431 2004572 14213832 2312380
1786706859471 2010716 14213832 2312380
1786706859514 1937108 14213832 2312380
1786706859554 1937108 14213832 2312380
1786706859594 1937108 14213832 2312380
1786706859633 1937108 14213832 2312380
1786706859673 1937108 14213832 2312380
1786706859712 1937108 14213832 2312380
1786706859750 1937108 14213832 2312380
1786706859790 1937108 14213832 2312380
1786706859830 1937108 14213832 2312380
1786706859870 1937108 14213832 2312380
1786706859909 1937108 14213832 2312380
1786706859948 1937108 14213832 2312380
1786706859988 1509436 14213832 2312380
1786706860024 1509436 14213832 2312380
1786706860058 1509440 14213832 2312380
1786706860095 1509440 14213832 2312380
1786706860134 1509440 14213832 2312380
1786706860171 1509440 14213832 2312380
1786706860206 1509440 14213832 2312380
1786706860242 1509440 14213832 2312380
1786706860278 1509440 14213832 2312380
1786706860313 1509440 14213832 2312380
1786706860350 1509440 14213832 2312380
1786706860393 1509440 14213832 2312380
1786706860427 1509440 14213832 2312380
1786706860461 1509440 14213832 2312380
1786706860520 1509440 14213832 2312380
1786706860563 1509440 14213832 2312380
1786706860598 1509440 14213832 2312380
1786706860634 1509440 14213832 2312380
1786706860671 1509440 14213832 2312380
1786706860708 1509440 14213832 2312380
1786706860744 1509440 14213832 2312380
1786706860780 1509440 14213832 2312380
1786706860816 1509440 14213832 2312380
1786706860852 1509440 14213832 2312380
1786706860887 1509440 14213832 2312380
1786706860922 1509440 14213832 2312380
1786706860958 1509440 14213832 2312380
1786706860994 1509440 14213832 2312380
1786706861032 1509440 14213832 2312380
1786706861066 1509440 14213832 2312380
1786706861101 1509440 14213832 2312380
1786706861134 1509440 14213832 2312380
1786706861171 1509440 14213832 2312380
1786706861208 1509440 14213832 2312380
1786706861244 1509440 14213832 2312380
1786706861281 1509440 14213832 2312380
1786706861317 1509440 14213832 2312380
1786706861354 1509440 14213832 2312380
1786706861389 1509440 14213832 2312380
1786706861425 1509440 14213832 2312380
1786706861460 1509440 14213832 2312380
1786706861496 1509440 14213832 2312380
1786706861532 1509440 14213832 2312380
1786706861568 1509440 14213832 2312380
1786706861604 1509440 14213832 2312380
1786706861639 1509440 14213832 2312380
1786706861675 1509440 14213832 2312380
1786706861710 1509440 14213832 2312380
1786706861746 1509448 14213832 2312380
1786706861781 1509452 14213832 2312380
1786706861816 1509452 14213832 2312380
1786706861851 1509456 14213832 2312380
1786706861886 1509456 14213832 2312380
1786706861923 1509460 14213832 2312380
1786706861960 1509460 14213832 2312380
1786706861996 1509460 14213832 2312380
1786706862030 1509460 14213832 2312380
1786706862066 1509460 14213832 2312380
1786706862102 1509460 14213832 2312380
1786706862137 1509464 0 2312380
1786706862173 1509464 14213832 2312380
1786706862211 1509464 14213832 2312380
1786706862245 1509464 14213832 2312380
1786706862279 1509464 14213832 2312380
1786706862316 1509464 14213832 2312380
1786706862352 1509468 14213832 2312380
1786706862388 1509468 14213832 2312380
1786706862425 1509468 14213832 2312380
1786706862461 1509468 14213832 2312380
1786706862497 1509468 14213832 2312380
1786706862549 1509472 14213832 2312380
1786706862585 1509472 14213832 2312380
1786706862622 1509472 14213832 2312380
1786706862658 1509472 14213832 2312380
1786706862692 1509472 14213832 2312380
1786706862726 1509476 14213832 2312380
1786706862760 1509476 14213832 2312380
1786706862795 1509476 14213832 2312380
1786706862834 1509476 14213832 2312380
1786706862869 1509476 14213832 2312380
1786706862905 1509476 14213832 2312380
1786706862941 1509480 14213832 0
1786706862975 1509480 14213832 2312380
1786706863010 1509480 14213832 2312380
1786706863045 1509488 14213832 2312380
1786706863081 1509492 14213832 2312380
1786706863117 1509492 14213832 2312380
1786706863153 1509492 14213832 2312380
1786706863189 1509492 14213832 2312380
1786706863228 1509492 14213832 2312380
1786706863265 1509492 14213832 2312380
1786706863298 1509492 14213832 2312380
1786706863334 1509492 14213832 2312380
1786706863370 1509492 14213832 2312380
1786706863408 1509492 14213832 2312380
1786706863445 1509492 14213832 2312380
1786706863482 1509492 14213832 2312380
1786706863518 1509492 14213832 2312380
1786706863554 1509496 14213832 2312380
1786706863591 1509496 14213832 2312380
1786706863627 1509496 14213832 2312380
1786706863664 1509496 14213832 2312380
1786706863698 1509496 14213832 2312380
1786706863734 1509500 14213832 2312380
1786706863771 1509500 14213832 2312380
1786706863808 1509500 14213832 2312380
1786706863846 1509500 14213832 2312380
1786706863881 1509500 14213832 2312380
1786706863917 1509500 14213832 2312380
1786706863953 1509504 14213832 2312380
1786706863990 1509504 14213832 2312380
1786706864029 1509504 14213832 2312380
1786706864067 1509504 14213832 2312380
1786706864103 1509504 14213832 2312380
1786706864139 1509504 14213832 2312380
1786706864175 1509512 14213832 2312380
1786706864229 1509520 14213832 2312380
1786706864265 1509520 14213832 2312380
1786706864302 1509524 14213832 2312380
1786706864337 1509524 14213832 2312380
1786706864372 1509524 14213832 2312380
1786706864409 1509524 14213832 2312380
1786706864448 1509524 14213832 2312380
1786706864482 1509524 14213832 2312380
1786706864517 1509524 14213832 2312380
1786706864550 1509524 14213832 2312380
1786706864586 1509528 14213832 2312380
1786706864627 1509528 14213832 2312380
1786706864661 1509528 14213832 2312380
1786706864698 1509528 14213832 2312380
1786706864735 1509528 14213832 2312380
1786706864770 1509536 14213832 2312380
1786706864806 1509536 14213832 2312380
1786706864842 1509536 14213832 2312380
1786706864879 1509540 14213832 2312380
1786706864916 1509544 14213832 2312380
1786706864952 1509548 14213832 2312380
1786706864989 1509548 14213832 2312380
1786706865029 1509548 14213832 2312380
1786706865064 1509548 14213832 2312380
1786706865099 1509548 14213832 2312380
1786706865132 1509548 14213832 2312380
1786706865167 1509548 14213832 2312380
1786706865204 1509548 14213832 2312380
1786706865239 1509548 14213832 2312380
1786706865273 1509548 14213832 2312380
1786706865306 1509556 14213832 2312380
1786706865344 1509556 14213832 2312380
1786706865380 1509564 14213832 2312380
1786706865415 1509568 14213832 2312380
1786706865451 1509568 14213832 2312380
1786706865487 1509568 14213832 2312380
1786706865523 1509572 14213832 2312380
1786706865560 1509572 14213832 2312380
1786706865597 1509572 14213832 2312380
1786706865633 1509572 14213832 2312380
1786706865669 1509572 14213832 2312380
1786706865706 1509572 14213832 2312380
1786706865743 1509572 14213832 2312380
1786706865780 1509572 14213832 2312380
1786706865816 1509572 14213832 2312380
1786706865852 1509572 14213832 2312380
1786706865889 1509580 14213832 2312380
1786706865927 1509580 14213832 2312380
1786706865964 1509584 14213832 2312380
1786706865999 1509592 14213832 2312380
1786706866037 1509592 14213832 2312380
1786706866073 1509592 14213832 2312380
1786706866109 1509604 14213832 2312380
1786706866148 1509604 14213832 2312380
1786706866183 1509604 14213832 2312380
1786706866217 1509604 14213832 2312380
1786706866252 1509604 14213832 2312380
1786706866288 1509612 14213832 2312380
1786706866325 1509612 14213832 2312380
1786706866361 1509612 14213832 2312380
1786706866397 1509612 14213832 2312380
1786706866433 1509612 14213832 2312380
1786706866467 1509620 14213832 2312380
1786706866502 1509620 14213832 2312380
1786706866539 1509624 14213832 2312380
1786706866574 1509632 14213832 2312380
1786706866609 1509640 14213832 2312380
1786706866643 1509640 14213832 2312380
1786706866680 1509640 14213832 2312380
1786706866720 1509640 14213832 2312380
1786706866754 1509640 14213832 2312380
1786706866791 1509640 14213832 2312380
1786706866827 1509644 14213832 2312380
1786706866863 1509644 14213832 2312380
1786706866904 1509644 14213832 2312380
1786706866940 1509644 14213832 2312380
1786706866977 1509644 14213832 2312380
1786706867012 1509652 14213832 0
1786706867048 1509660 14213832 2312380
1786706867084 1509664 14213832 2312380
1786706867121 1509664 14213832 2312380
1786706867156 1509664 14213832 2312380
1786706867193 1509672 14213832 2312380
1786706867230 1509676 14213832 2312380
1786706867266 1509676 14213832 2312380
1786706867303 1509676 14213832 2312380
1786706867337 1509676 14213832 2312380
1786706867374 1509676 14213832 2312380
1786706867409 1509684 14213832 2312380
1786706867446 1509684 14213832 2312380
1786706867483 1509684 14213832 2312380
1786706867520 1509684 14213832 2312380
1786706867555 1509684 14213832 2312380
1786706867591 1509684 14213832 2312380
1786706867627 1509692 14213832 2312380
1786706867663 1509696 14213832 2312380
1786706867699 1509704 14213832 2312380
1786706867736 1509704 14213832 2312380
1786706867772 1509704 14213832 2312380
1786706867807 1509708 14213832 2312380
1786706867846 1509708 14213832 2312380
1786706867883 1509708 14213832 2312380
1786706867916 1509708 14213832 2312380
1786706867949 1509708 14213832 2312380
1786706867983 1509708 14213832 2312380
1786706868017 1509712 14213832 2312380
1786706868058 1509712 14213832 2312380
1786706868094 1509712 14213832 2312380
1786706868130 1509712 14213832 2312380
1786706868167 1509724 14213832 2312380
1786706868203 1509728 14213832 2312380
1786706868239 1509732 14213832 2312380
1786706868275 1509736 14213832 2312380
1786706868311 1509736 14213832 2312380
1786706868347 1509744 14213832 2312380
1786706868383 1509748 14213832 2312380
1786706868422 1509748 14213832 2312380
1786706868459 1509748 14213832 2312380
1786706868493 1509748 14213832 2312380
1786706868527 1509748 14213832 2312380
1786706868564 1509752 14213832 2312380
1786706868600 1509752 14213832 2312380
1786706868637 1509752 14213832 2312380
1786706868670 1509752 14213832 2312380
1786706868707 1509752 14213832 2312380
1786706868744 1509756 14213832 2312380
1786706868781 1509764 14213832 2312380
1786706868817 1509776 14213832 2312380
1786706868854 1511592 14213832 2312380
1786706868888 1511712 14213832 2312380
1786706868920 1511712 14213832 2312380
1786706868954 1511712 14213832 2312380
1786706868990 1511728 14213832 2312380
1786706869026 1511836 14213832 2312380
1786706869062 1512200 14213832 2312380
1786706869098 1512592 14213832 2312380
1786706869133 1512968 14213832 2312380
1786706869168 1513356 14213832 2312380
1786706869203 1513688 14213832 2312380
1786706869238 1514076 14213832 2312380
1786706869273 1514476 14213832 2312380
1786706869308 1514880 14213832 2312380
1786706869343 1515224 14213832 2312380
1786706869379 1562128 14213832 2312380
1786706869415 1652240 14213832 2312380
1786706869450 1740304 14213832 2312380
1786706869485 1826320 14213832 2312380
1786706869519 1914384 14213832 2312380
1786706869553 1991388 14236140 2312380
1786706869588 2080316 14327708 2312380
1786706869622 2059460 14327708 2312380
1786706869655 2106820 14327708 2312380
1786706869692 2157512 14359020 2312380
1786706869729 2207932 14409708 2312380
1786706869766 2256592 14458092 2312380
1786706869932 1978856 14607856 2399572
1786706869970 1978996 14607856 2399572
1786706870007 1979128 14607856 2399572
1786706870045 1979276 14607856 2399572
1786706870082 1979428 14607856 2399572
1786706870119 1979560 14607856 2399572
1786706870153 1979700 14607856 2399572
1786706870190 1979860 14607856 2399572
1786706870227 1980012 14607856 2399572
1786706870263 1980184 14607856 2399572
1786706870300 1980344 14607856 2399572
1786706870334 1980492 14607856 2399572
1786706870371 1981492 14607856 2399572
1786706870408 1981492 14607856 2399572
1786706870446 1981496 14607856 2399572
1786706870481 1571136 14607856 2399572
1786706870517 1571136 14607856 2399572
1786706870550 1571144 14607856 2399572
1786706870586 1571148 14607856 2399572
1786706870622 1571148 14607856 2399572
1786706870656 1571148 14607856 2399572
1786706870692 1571148 14607856 2399572
1786706870728 1571148 14607856 2399572
1786706870764 1571148 14607856 2399572
1786706870799 1571148 14607856 2399572
1786706870832 1571148 14607856 2399572
1786706870868 1571148 14607856 2399572
1786706870905 1571148 14607856 2399572
1786706870940 1571148 14607856 2399572
1786706870976 1571156 14607856 2399572
1786706871011 1571160 14607856 2399572
1786706871047 1571164 14607856 2399572
1786706871082 1571172 14607856 2399572
1786706871118 1571192 14607856 2399572
1786706871154 1571212 14607856 2399572
1786706871190 1571236 14607856 2399572
1786706871226 1571256 14607856 2399572
1786706871261 1571276 14607856 2399572
1786706871294 1571300 14607856 2399572
1786706871327 1571316 14607856 2399572
1786706871362 1571340 14607856 2399572
1786706871398 1571360 14607856 2399572
1786706871432 1571384 14607856 2399572
1786706871465 1571400 14607856 2399572
1786706871502 1571424 14607856 2399572
1786706871537 1571448 14607856 2399572
1786706871572 1571464 14607856 2399572
1786706871608 1571488 14607856 2399572
1786706871643 1571512 14607856 2399572
1786706871679 1571512 14607856 2399572
1786706871714 1571516 14607856 2399572
1786706871750 1571520 14607856 2399572
1786706871785 1571520 14607856 2399572
1786706871820 1571520 14607856 2399572
1786706871856 1571520 14607856 2399572
1786706871890 1571520 14607856 2399572
1786706871926 1571520 14607856 2399572
1786706871961 1571520 14607856 2399572
1786706871993 1571520 14607856 2399572
1786706872029 1571520 14607856 2399572
1786706872064 1571520 14607856 2399572
1786706872100 1571652 14607856 2399572
1786706872136 1572084 14717252 2399572
1786706872171 1572208 14719304 0
1786706872207 1572216 14719304 2399572
1786706872244 1573180 15935888 2399572
1786706872280 1575900 15935888 2399572
1786706872316 1576312 15935888 2399572
1786706872342 1577776 15935888 2399572
1786706872378 1577800 15935888 2399572
1786706872414 1577804 15935888 2399572
1786706872450 1577804 15935888 2399572
1786706872485 1577804 15935888 2399572
1786706872521 1577804 15935888 2399572
1786706872557 1577804 15935888 2399572
1786706872592 1577804 15935888 2399572
1786706872626 1577804 15935888 2399572
1786706872660 1577804 15935888 2399572
1786706872694 1577804 15935888 2399572
1786706872729 1577804 15935888 2399572
1786706872765 1577804 15935888 2399572
1786706872799 1577804 15935888 2399572
1786706872836 1577804 15935888 2399572
1786706872871 1577804 15935888 2399572
1786706872907 1577804 15935888 2399572
1786706872943 1577804 15935888 2399572
1786706872979 1577804 15935888 2399572
1786706873015 1577804 15935888 2399572
1786706873051 1577804 15935888 2399572
1786706873086 1579320 15937472 2399572
1786706873122 1581588 15939716 2399572
1786706873157 1583708 15941828 2399572
1786706873193 1585972 15944072 2399572
1786706873227 1588020 15946184 2399572
1786706873263 1590528 15948692 2399572
1786706873299 1592592 15950676 2399572
1786706873334 1594772 15952920 2399572
1786706873370 1598200 15956412 2399572
1786706873404 1599996 15958128 2399572
1786706873438 1602216 15960372 2399572
1786706873474 1604536 15962616 2399572
1786706873509 1606700 15964860 2399572
1786706873545 1609004 15967104 2399572
1786706873579 1611068 15969216 2399572
1786706873613 1613292 15971460 2399572
1786706873649 1615380 15973572 2399572
1786706873685 1617428 15975552 2399572
1786706873721 1619848 15977928 2399572
1786706873757 1621952 15980040 2399572
1786706873793 1624152 15982284 2399572
1786706873830 1626440 15984528 2399572
1786706873866 1628540 15986640 2399572
1786706873904 1630760 15988884 2399572
1786706873941 1632984 15991128 2399572
1786706873977 1635112 15993240 2399572
1786706874013 1637348 15995488 2399572
1786706874048 1639476 15997600 2399572
1786706874084 1641680 15999844 2399572
1786706874121 1643544 16001692 2399572
1786706874156 1645004 16003144 2399572
1786706874193 1646120 16004212 2399572
1786706874230 1647004 16005136 2399572
1786706874267 1647944 16006060 2399572
1786706874304 1648868 16007004 2399572
1786706874340 1649796 16007928 2399572
1786706874377 1650712 16008852 2399572
1786706874413 1651640 16009776 2399572
1786706874441 1654420 16012580 2399572
1786706874479 1654432 16012580 2399572
1786706874514 1656588 16014692 2399572
1786706874551 1658764 16016936 2399572
1786706874586 1661088 16019312 2399572
1786706874623 1663408 16021556 2399572
1786706874657 1665684 16023800 2399572
1786706874693 1668196 16026308 2399572
1786706874731 1670548 16028684 2399572
1786706874768 1672836 16031060 2399572
1786706874805 1675044 16033172 2399572
1786706874843 1677444 16035548 2399572
1786706874879 1679748 16037924 2399572
1786706874916 1682056 16040168 2399572
1786706874952 1684140 16042280 2399572
1786706874989 1686428 16044524 2399572
1786706875026 1688668 16046768 2399572
1786706875064 1690820 16049012 2399572
1786706875100 1692880 16050992 2399572
1786706875137 1695184 16053368 2399572
1786706875174 1697260 16055480 2399572
1786706875211 1699512 16057724 2399572
1786706875248 1701708 16059836 2399572
1786706875283 1703760 16061948 2399572
1786706875320 1706048 16064192 2399572
1786706875356 1708348 16066568 2399572
1786706875393 1710612 16068812 2399572
1786706875429 1712684 16070792 2399572
1786706875467 1714848 16073036 2399572
1786706875504 1717112 16075280 2399572
1786706875541 1719384 16077524 2399572
1786706875578 1721384 16079504 2399572
1786706875615 1723628 16081748 2399572
1786706875652 1725776 16083860 2399572
1786706875690 1727892 16086104 2399572
1786706875727 1730376 16088480 2399572
1786706875765 1732688 16090856 2399572
1786706875802 1734820 16092968 2399572
1786706875840 1737228 16095344 2399572
1786706875878 1739540 16097720 2399572
1786706875907 1741688 16099832 2399572
1786706875942 1743996 16102208 2399572
1786706875980 1746360 16104452 2399572
1786706876015 1748436 16106564 2399572
1786706876054 1750888 16109072 2399572
1786706876092 1755136 16113296 2399572
1786706876129 1756824 16115012 2399572
1786706876166 1758236 16116332 2399572
1786706876205 1758752 16116860 2399572
1786706876245 1758752 16116860 2399572
1786706876284 1758752 16116860 2399572
1786706876320 1758752 16116860 2399572
1786706876356 1758752 16116860 2399572
1786706876395 1758752 16116860 2399572
1786706876434 1758764 16116860 2399572
1786706876473 1758764 16116860 2399572
1786706876511 1758764 16116860 2399572
1786706876545 1758764 16116860 2399572
1786706876580 1758764 16116860 2399572
1786706876615 1758764 16116860 2399572
1786706876654 1758764 16116860 2399572
1786706876693 1758764 16116860 2399572
1786706876731 1758764 16116860 2399572
1786706876766 1758764 16116860 2399572
1786706876805 1758764 16116860 2399572
1786706876844 1758764 16116860 2399572
1786706876882 1758764 16116860 2399572
1786706876917 1758764 16116860 2399572
1786706876952 1758764 16116860 2399572
1786706876987 1758764 16116860 2399572
1786706877022 1758764 16116860 2399572
1786706877061 1758764 16116860 2399572
1786706877100 1758764 16116860 2399572
1786706877140 1758764 16116860 2399572
1786706877179 1758764 16116860 2399572
1786706877218 1654572 16116860 2399572
1786706877255 1654572 16116860 2399572
1786706877292 1654572 16116860 2399572
1786706877326 1654572 16116860 2399572
1786706877364 1654572 16116860 2399572
1786706877401 1654572 16116860 2399572
1786706877437 1654572 16116860 2399572
1786706877472 1654572 16116860 2399572
1786706877506 1654572 16116860 2399572
1786706877544 1654572 16116860 2399572
1786706877580 1654572 16116860 2399572
1786706877618 1654572 16116860 2399572
1786706877654 1654572 16116860 2399572
1786706877688 1654572 16116860 2399572
1786706877721 1654572 16116860 2399572
1786706877759 1654572 16116860 2399572
1786706877795 1654572 16116860 2399572
1786706877829 1654572 16116860 2399572
1786706877866 1654572 16116860 2399572
1786706877903 1654572 16116860 2399572
1786706877936 1654572 16116860 2399572
1786706877970 1654572 16116860 2399572
1786706878008 1655944 16116860 2399572
1786706878043 1658036 16116860 2399572
1786706878081 1660292 16116860 2399572
1786706878118 1662516 16116860 2399572
1786706878154 1664648 16116860 2399572
1786706878190 1666752 16116860 2399572
1786706878227 1668988 16116860 2399572
1786706878264 1671100 16116860 2399572
1786706878301 1673348 16116860 2399572
1786706878336 1675472 16116860 2399572
1786706878374 1677740 16116860 2399572
1786706878411 1679912 16116860 2399572
1786706878446 1681356 16116860 2399572
1786706878484 1681356 16116860 2399572
1786706878522 1682156 16116860 2399572
1786706878556 1684196 16116860 2399572
1786706878594 1686436 16116860 2399572
1786706878631 1688640 16116860 2399572
1786706878668 1690788 16116860 2399572
1786706878703 1692888 16116860 2399572
1786706878740 1695000 16116860 2399572
1786706878777 1697084 16116860 2399572
1786706878814 1699252 16116860 2399572
1786706878851 1701468 16116860 2399572
1786706878888 1703540 16116860 2399572
1786706878924 1705684 16116860 2399572
1786706878963 1706264 16116860 2399572
1786706879001 1706264 16116860 2399572
1786706879029 1706040 16116860 2399572
1786706879065 1719136 16116860 2399572
1786706879100 1732228 16116860 2399572
1786706879139 1732228 16116860 2399572
1786706879177 1732228 16116860 2399572
1786706879215 1732228 16116860 2399572
1786706879254 1732228 16116860 2399572
1786706879292 1734936 0 2399572
1786706879327 1738916 16116860 2399572
1786706879383 1744752 16116860 2399572
1786706879420 1747704 16116860 2399572
1786706879459 1747740 16116860 2399572
1786706879497 1747740 16116860 2399572
1786706879535 1747740 16116860 2399572
1786706879574 1747740 16116860 2399572
1786706879611 1747740 16116860 2399572
1786706879650 1747740 16116860 2399572
1786706879688 1747740 16116860 2399572
1786706879726 1747740 16116860 2399572
1786706879765 1747740 16116860 2399572
1786706879802 1747740 16116860 2399572
1786706879843 1747740 16116860 2399572
1786706879882 1747740 16116860 2399572
1786706879920 1747740 16116860 2399572
1786706879957 1747740 16116860 2399572
1786706879996 1747744 16116860 2399572
1786706880034 1747756 16116860 2399572
1786706880073 1747756 16116860 2399572
1786706880111 1747756 16116860 2399572
1786706880148 1747756 16116860 2399572
1786706880187 1747756 16116860 2399572
1786706880224 1747756 16116860 2399572
1786706880263 1747756 16116860 2399572
1786706880300 1747756 16116860 2399572
1786706880335 1747756 16116860 2399572
1786706880373 1747756 16116860 2399572
1786706880412 1747756 16116860 2399572
1786706880450 1747756 16116860 2399572
1786706880487 1747756 16116860 2399572
1786706880526 1747756 16116860 2399572
1786706880564 1747756 16116860 2399572
1786706880601 1747756 16116860 2399572
1786706880640 1747756 16116860 2399572
1786706880678 1747756 16116860 2399572
1786706880716 1747756 16116860 2399572
1786706880755 1747756 16116860 2399572
1786706880792 1747756 16116860 2399572
1786706880827 1747756 16116860 2399572
1786706880861 1747756 16116860 2399572
1786706880899 1747756 16116860 2399572
1786706880937 1747756 16116860 2399572
1786706880976 1747756 16116860 2399572
1786706881014 1747756 16116860 2399572
1786706881051 1747756 16116860 2399572
1786706881090 1747756 16116860 2399572
1786706881128 1747756 16116860 2399572
1786706881167 1747756 16116860 2399572
1786706881205 1747756 16116860 2399572
1786706881243 1749576 16116860 2399572
1786706881281 1750200 16116860 2399572
1786706881318 1750720 16116860 2399572
1786706881352 1750944 16116860 2399572
1786706881388 1751192 16116860 2399572
1786706881423 1751380 16116860 2399572
1786706881458 1751620 16116860 2399572
1786706881497 1751884 16116860 2399572
1786706881534 1752092 16116860 2399572
1786706881571 1752356 16116860 2399572
1786706881609 1752644 16116860 2399572
1786706881647 1752904 16116860 2399572
1786706881686 1753164 16116860 2399572
1786706881724 1753424 16116860 2399572
1786706881762 1753672 16116860 2399572
1786706881800 1753944 16116860 2399572
1786706881836 1754220 16116860 2399572
1786706881875 1754468 16116860 2399572
1786706881913 1754768 16116860 2399572
1786706881952 1755048 16116860 2399572
1786706881990 1755312 16116860 2399572
1786706882028 1755580 16116860 2399572
1786706882067 1755840 16116860 2399572
1786706882105 1756088 16116860 2399572
1786706882143 1756352 16116860 2399572
1786706882181 1756624 16116860 2399572
1786706882219 1756872 16116860 2399572
1786706882257 1757128 16116860 2399572
1786706882295 1757388 16116860 2399572
1786706882334 1757648 16116860 2399572
1786706882373 1757908 16116860 2399572
1786706882410 1758172 16116860 2399572
1786706882447 1758440 16116860 2399572
1786706882483 1758828 16116860 2399572
1786706882518 1758960 16116860 2399572
1786706882556 1759212 16116860 2399572
1786706882594 1759468 16116860 2399572
1786706882633 1759732 16116860 2399572
1786706882670 1759992 16116860 2399572
1786706882704 1760252 16116860 2399572
1786706882739 1760512 16116860 2399572
1786706882778 1760800 16116860 2399572
1786706882817 1761032 16116860 2399572
1786706882855 1761304 16116860 2399572
1786706882895 1761564 16116860 2399572
1786706882932 1761808 16116860 2399572
1786706882970 1762072 16116860 2399572
1786706883008 1762324 16116860 2399572
1786706883047 1762616 16116860 2399572
1786706883084 1762852 16116860 2399572
1786706883119 1763120 16116860 2399572
1786706883154 1763372 16116860 2399572
1786706883193 1763656 16116860 2399572
1786706883233 1763892 16116860 2399572
1786706883272 1764148 16116860 2399572
1786706883310 1764428 16116860 2399572
1786706883349 1764672 16116860 2399572
1786706883387 1764932 16116860 2399572
1786706883425 1765192 16116860 2399572
1786706883463 1765456 16116860 2399572
1786706883498 1765700 16116860 2399572
1786706883536 1765984 16116860 2399572
1786706883573 1766240 16116860 2399572
1786706883608 1766496 16116860 2399572
1786706883642 1766744 16116860 2399572
1786706883677 1767264 16116860 2399572
1786706883716 1767336 16116860 2399572
1786706883752 1767528 16116860 2399572
1786706883791 1767796 16116860 2399572
1786706883828 1768052 16116860 2399572
1786706883862 1768312 16116860 2399572
1786706883897 1768564 16116860 2399572
1786706883932 1768832 16116860 2399572
1786706883971 1769076 16116860 2399572
1786706884008 1769268 16116860 2399572
1786706884043 1769456 16116860 2399572
1786706884078 1769672 16116860 2399572
1786706884113 1769848 16116860 2399572
1786706884148 1770052 16116860 2399572
1786706884183 1770252 16116860 2399572
1786706884218 1770452 16116860 2399572
1786706884258 1770644 16116860 2399572
1786706884296 1770888 16116860 2399572
1786706884334 1771092 16116860 2399572
1786706884370 1771280 16116860 2399572
1786706884409 1771488 16116860 2399572
1786706884446 1771664 16116860 2399572
1786706884484 1771692 16116860 2399572
1786706884519 1771692 16116860 2399572
1786706884558 1771864 16116860 2399572
1786706884596 1772080 16116860 2399572
1786706884631 1772256 16116860 2399572
1786706884666 1772460 16116860 2399572
1786706884702 1772640 16116860 2399572
1786706884737 1772856 16116860 2399572
1786706884773 1773048 16116860 2399572
1786706884808 1773228 16116860 2399572
1786706884843 1773440 16116860 2399572
1786706884882 1773684 16116860 2399572
1786706884921 1773904 16116860 2399572
1786706884956 1774072 16116860 2399572
1786706884991 1774272 16116860 2399572
1786706885026 1774472 16116860 2399572
1786706885062 1774672 16116860 2399572
1786706885097 1774864 16116860 2399572
1786706885132 1775044 16116860 2399572
1786706885167 1775256 16116860 2399572
1786706885203 1775448 16116860 2399572
1786706885239 1775636 16116860 2399572
1786706885274 1775844 16116860 2399572
1786706885310 1776036 16116860 2399572
1786706885346 1776232 16116860 2399572
1786706885381 1776408 16116860 2399572
1786706885419 1776620 16116860 2399572
1786706885457 1776808 16116860 2399572
1786706885492 1776996 16116860 2399572
1786706885528 1777180 16116860 2399572
1786706885564 1777400 16116860 2399572
1786706885599 1777824 16116860 2399572
1786706885635 1778092 16116860 2399572
1786706885670 1778412 16116860 2399572
1786706885705 1779088 16116860 2399572
1786706885745 1779900 16116860 2399572
1786706885783 1780740 16116860 2399572
1786706885820 1781408 16116860 2399572
1786706885856 1781408 16116860 2399572
1786706885891 1781704 16116860 2399572
1786706885931 1781708 16116860 2399572
1786706885969 1781796 16116860 2399572
1786706886009 1781868 16116860 2399572
1786706886047 1781976 16116860 2399572
1786706886083 1782048 16116860 2399572
1786706886123 1782192 16116860 2399572
1786706886160 1782408 16116860 2399572
1786706886196 1782408 16116860 2399572
1786706886236 1782516 16116860 2399572
1786706886274 1782944 16116860 2399572
1786706886314 1783760 16116860 2399572
1786706886352 1783760 16116860 2399572
1786706886389 1784848 16116860 2399572
1786706886429 1784848 16116860 2399572
1786706886468 1784848 16116860 2399572
1786706886506 1785912 16116860 2399572
1786706886545 1786252 16116860 2399572
1786706886583 1786252 16116860 2399572
1786706886620 1786252 16116860 2399572
1786706886655 1786252 16116860 2399572
1786706886695 1786252 16116860 2399572
1786706886732 1786252 16116860 2399572
1786706886772 1786252 16116860 2399572
1786706886810 1786252 16116860 2399572
1786706886847 1786252 16116860 2399572
1786706886886 1786252 16116860 2399572
1786706886924 1786252 16116860 2399572
1786706886960 1786252 16116860 2399572
1786706886997 1787108 16116860 2399572
1786706887033 1787108 16116860 2399572
1786706887073 1787108 16116860 2399572
1786706887112 1787108 16116860 2399572
1786706887148 1787108 16116860 2399572
1786706887184 1787108 16116860 2399572
1786706887220 1787108 16116860 2399572
1786706887260 1787108 16116860 2399572
1786706887298 1787108 16116860 2399572
1786706887334 1787108 16116860 2399572
1786706887370 1787108 16116860 2399572
1786706887406 1787204 16116860 2399572
1786706887442 1790308 16116860 2399572
1786706887478 1790308 16116860 2399572
1786706887514 1790308 16116860 2399572
1786706887550 1790308 16116860 2399572
1786706887587 1790308 16116860 2399572
1786706887623 1790308 16116860 2399572
1786706887659 1790308 16116860 2399572
1786706887699 1790308 16116860 2399572
1786706887736 1790308 16116860 2399572
1786706887772 1790308 16116860 2399572
1786706887808 1790308 16116860 2399572
1786706887845 1790308 16116860 2399572
1786706887880 1790308 16116860 2399572
1786706887917 1790308 16116860 2399572
1786706887953 1790308 16116860 2399572
1786706887992 1790308 16116860 2399572
1786706888030 1790308 16116860 2399572
1786706888066 1790308 16116860 2399572
1786706888102 1790308 16116860 2399572
1786706888138 1790308 16116860 2399572
1786706888174 1790312 16116860 2399572
1786706888213 1790312 16116860 2399572
1786706888251 1790312 16116860 2399572
1786706888287 1790312 16116860 2399572
1786706888323 1790516 16116860 2399572
1786706888363 1790528 16116860 2399572
1786706888401 1790528 16116860 2399572
1786706888440 1790528 16116860 2399572
1786706888478 1790528 16116860 2399572
1786706888514 1790532 16116860 2399572
1786706888554 1790532 16116860 2399572
1786706888592 1790872 16116860 2399572
1786706888628 1790872 16116860 2399572
1786706888664 1790872 16116860 2399572
1786706888704 1790872 16116860 2399572
1786706888743 1790872 16116860 2399572
1786706888780 1790872 16116860 2399572
1786706888816 1790872 16116860 2399572
1786706888852 1790872 16116860 2399572
1786706888889 1790872 16116860 2399572
1786706888924 1790872 16116860 2399572
1786706888961 1790872 16116860 2399572
1786706889000 1790872 16116860 2399572
1786706889038 1790872 16116860 2399572
1786706889075 1790872 16116860 2399572
1786706889115 1790872 16116860 2399572
1786706889154 1790872 16116860 2399572
1786706889190 1790872 16116860 2399572
1786706889227 1790872 16116860 2399572
1786706889263 1790872 16116860 2399572
1786706889299 1790872 16116860 2399572
1786706889336 1790872 16116860 2399572
1786706889372 1790876 16116860 2399572
1786706889412 1790876 16116860 2399572
1786706889450 1790876 16116860 2399572
1786706889488 1790876 16116860 2399572
1786706889524 1790876 16116860 2399572
1786706889560 1790876 16116860 2399572
1786706889597 1790876 16116860 2399572
1786706889633 1790876 16116860 2399572
1786706889669 1790876 16116860 2399572
1786706889706 1790876 16116860 2399572
1786706889742 1790876 16116860 2399572
1786706889782 1790876 16116860 2399572
1786706889820 1790876 16116860 2399572
1786706889859 1790956 16116860 2399572
1786706889899 1791204 16116860 2399572
1786706889936 1791472 16116860 2399572
1786706889972 1791724 16116860 2399572
1786706890008 1791988 16116860 2399572
1786706890047 1792252 16116860 2399572
1786706890085 1792512 16116860 2399572
1786706890121 1792772 16116860 2399572
1786706890158 1793032 16116860 2399572
1786706890194 1793296 16116860 2399572
1786706890231 1793772 16116860 2399572
1786706890267 1794632 16116860 2399572
1786706890303 1795460 16116860 2399572
1786706890338 1796348 16116860 2399572
1786706890367 1797128 16116860 2399572
1786706890403 1798100 16116860 2399572
1786706890439 1798960 16116860 2399572
1786706890476 1799768 16116860 2399572
1786706890511 1800980 16116860 2399572
1786706890551 1801676 16116860 2399572
1786706890589 1802424 16116860 2399572
1786706890629 1803352 16116860 2399572
1786706890667 1804304 16116860 2399572
1786706890706 1805216 16116860 2399572
1786706890742 1806128 16116860 2399572
1786706890779 1806988 16116860 2399572
1786706890816 1807884 16116860 2399572
1786706890855 1808744 16116860 2399572
1786706890893 1809568 16116964 2399572
1786706890933 1810436 16117880 2399572
1786706890971 1811388 16118784 2399572
1786706891008 1812260 16119700 2399572
1786706891045 1813204 16120504 2399572
1786706891082 1814068 16121420 2399572
1786706891118 1814976 16122316 2399572
1786706891154 1815872 16123232 2399572
1786706891191 1816840 16124212 2399572
1786706891227 1817684 16125128 2399572
1786706891263 1818556 16125908 2399572
1786706891300 1819540 16126896 2399572
1786706891336 1820428 16127812 2399572
1786706891375 1821180 16128532 2399572
1786706891412 1822008 16129316 2399572
1786706891452 1822860 16130232 2399572
1786706891491 1822860 16130232 2399572
1786706891529 1823152 16130428 2399572
1786706891567 1824040 16131344 2399572
1786706891603 1824984 16132324 2399572
1786706891639 1825840 16133240 2399572
1786706891676 1826660 16133960 2399572
1786706891712 1827556 16134940 2399572
1786706891749 1828468 16135856 2399572
1786706891789 1829348 16136640 2399572
1786706891828 1830264 16137556 2399572
1786706891864 1831128 16138472 2399572
1786706891901 1831976 16139256 2399572
1786706891939 1832896 16140172 2399572
1786706891976 1833740 16141088 2399572
1786706892014 1834596 16141872 2399572
1786706892054 1835448 16142792 2399572
1786706892092 1836264 16143512 2399572
1786706892129 1837176 16144496 2399572
1786706892167 1837956 16145220 2399572
1786706892205 1838904 16146200 2399572
1786706892242 1839808 16147124 2399572
1786706892279 1840648 16147908 2399572
1786706892316 1841536 16148824 2399572
1786706892352 1842444 16149748 2399572
1786706892390 1843312 16150532 2399572
1786706892427 1844188 16151448 2399572
1786706892457 1844984 16152168 2399572
1786706892494 1845924 16153148 2399572
1786706892532 1846816 16154064 2399572
1786706892572 1847676 16154980 2399572
1786706892611 1848396 16155588 2399572
1786706892648 1849320 16156504 2399572
1786706892685 1850252 16157588 2399572
1786706892716 1851068 16158308 2399572
1786706892754 1852032 16159288 2399572
1786706892792 1852904 16160072 2399572
1786706892830 1853764 16160988 2399572
1786706892867 1854648 16161904 2399572
1786706892897 1855468 16162688 2399572
1786706892935 1856280 16163408 2399572
1786706892997 1857744 16165024 2399572
1786706893034 1858540 16165812 2399572
1786706893071 1859388 16166728 2399572
1786706893109 1860228 16167512 2399572
1786706893148 1861140 16168428 2399572
1786706893187 1862012 16169212 2399572
1786706893228 1862860 16170128 2399572
1786706893265 1863664 16170848 2399572
1786706893304 1864608 16171828 2399572
1786706893343 1865476 16172612 2399572
1786706893380 1866340 16173528 2399572
1786706893417 1867200 16174312 2399572
1786706893455 1868056 16175228 2399572
1786706893492 1868960 16176144 2399572
1786706893530 1869792 16176928 2399572
1786706893567 1870752 16178208 2399572
1786706893605 1871460 16178796 2399572
1786706893642 1872424 16179776 2399572
1786706893683 1873288 16180692 2399572
1786706893723 1874140 16181476 2399572
1786706893761 1875032 16182392 2399572
1786706893801 1875864 16183176 2399572
1786706893840 1876932 16184312 2399572
1786706893878 1877736 16184964 2399572
1786706893915 1878656 16185944 2399572
1786706893953 1879540 16186860 2399572
1786706893994 1880400 16187644 2399572
1786706894034 1881280 16188560 2399572
1786706894073 1882104 16189344 2399572
1786706894111 1882940 16190216 2399572
1786706894148 1883796 16191000 2399572
1786706894186 1884688 16191920 2399572
1786706894227 1885536 16192704 2399572
1786706894267 1886388 16193620 2399572
1786706894305 1887208 16194340 2399572
1786706894344 1888020 16195124 2399572
1786706894383 1888980 16196104 2399572
1786706894422 1889896 16197020 2399572
1786706894459 1890736 16197804 2399572
1786706894500 1891604 16198720 2399572
1786706894539 1892400 16199440 2399572
1786706894577 1893336 16200420 2399572
1786706894614 1894228 16201336 2399572
1786706894654 1895120 16202120 2399572
1786706894693 1895976 16203036 2399572
1786706894730 1896792 16203820 2399572
1786706894771 1897704 16204736 2399572
1786706894810 1899052 16206628 2399572
1786706894850 1899460 16207016 2399572
1786706894888 1900304 16207800 2399572
1786706894929 1901168 16208584 2399572
1786706894968 1902020 16209500 2399572
1786706895006 1902928 16210416 2399572
1786706895048 1903804 16211200 2399572
1786706895087 1904656 16212116 2399572
1786706895128 1905536 16212900 2399572
1786706895168 1906416 16213816 2399572
1786706895207 1907288 16214732 2399572
1786706895245 1908116 16215516 2399572
1786706895283 1909040 16216432 2399572
1786706895321 1909872 16217216 2399572
1786706895359 1910772 16218132 2399572
1786706895397 1911560 16218852 2399572
1786706895438 1913492 16221880 2399572
1786706895478 1914264 16222540 2399572
1786706895518 1914956 16223200 2399572
1786706895559 1915628 16223860 2399572
1786706895600 1916388 16224648 2399572
1786706895639 1917276 16225564 2399572
1786706895678 1918280 16226580 2399572
1786706895716 1919024 16227232 2399572
1786706895755 1919972 16228148 2399572
1786706895796 1920888 16229128 2399572
1786706895837 1921796 16230044 2399572
1786706895875 1922648 16230828 2399572
1786706895916 1923536 16231744 2399572
1786706895956 1924384 16232528 2399572
1786706895995 1925228 16233444 2399572
1786706896037 1926080 16234232 2399572
1786706896076 1927016 16235148 2399572
1786706896115 1927996 16236236 2399572
1786706896157 1928840 16236952 2399572
1786706896197 1929748 16237868 2399572
1786706896227 1930560 16238588 2399572
1786706896266 1931488 16239572 2399572
1786706896304 1932256 16240292 2399572
1786706896342 1933232 16241276 2399572
1786706896381 1934200 16242280 2399572
1786706896419 1935460 16243576 2399572
1786706896461 1936056 16244096 2399572
1786706896502 1936924 16244880 2399572
1786706896540 1937592 16245600 2399572
1786706896579 1937592 16245600 2399572
1786706896619 1937748 16245760 2399572
1786706896658 1937872 16245760 2399572
1786706896697 1938052 16246144 2399572
1786706896739 1938112 16246144 2399572
1786706896780 1938428 16246656 2399572
1786706896819 1938484 16246656 2399572
1786706896858 1938544 16246656 2399572
1786706896897 1938568 16246656 2399572
1786706896937 1938568 16246656 2399572
1786706896979 1938624 16246720 2399572
1786706897020 1938704 16246848 2399572
1786706897060 1938820 16247040 2399572
1786706897100 1938988 16247360 2399572
1786706897140 1939036 16247360 2399572
1786706897179 1939080 16247360 2399572
1786706897218 1939380 16247936 2399572
1786706897258 1939428 16247936 2399572
1786706897297 1939452 16247936 2399572
1786706897336 1939496 16247936 2399572
1786706897375 1939552 16247936 2399572
1786706897414 1939608 16247936 2399572
1786706897453 1940176 16249024 2399572
1786706897492 1940176 16249024 2399572
1786706897534 1940176 16249024 2399572
1786706897574 1940308 16249024 2399572
1786706897613 1940308 16249024 2399572
1786706897652 1940308 16249024 2399572
1786706897691 1940308 16249024 2399572
1786706897730 1940308 16249024 2399572
1786706897769 1940308 16249024 2399572
1786706897808 1940308 16249024 2399572
1786706897847 1940968 16249024 2399572
1786706897886 1940968 16249024 2399572
1786706897925 1940968 16249024 2399572
1786706897964 1940968 16249024 2399572
1786706898003 1940968 16249024 2399572
1786706898042 1940968 16249024 2399572
1786706898081 1941308 16249024 2399572
1786706898120 1941308 16249024 2399572
1786706898163 1941308 16249024 2399572
1786706898203 1941308 16249024 2399572
1786706898245 1942048 16249024 2399572
1786706898286 1942048 16249024 2399572
1786706898324 1942048 16249024 2399572
1786706898364 1942048 16249024 2399572
1786706898403 1942048 16249024 2399572
1786706898445 1942048 16249024 2399572
1786706898485 1942048 16249024 2399572
1786706898524 1942048 16249024 2399572
1786706898566 1942048 16249024 2399572
1786706898607 1942232 16249024 2399572
1786706898650 1942876 16249024 2399572
1786706898690 1942876 16249024 2399572
1786706898730 1942876 16249024 2399572
1786706898771 1943072 16249024 2399572
1786706898810 1943072 16249024 2399572
1786706898852 1943072 16249024 2399572
1786706898893 1943228 16249024 2399572
1786706898932 1943228 16249024 2399572
1786706898971 1943228 16249024 2399572
1786706899010 1943244 16249024 2399572
1786706899050 1943244 16249024 2399572
1786706899089 1943244 16249024 2399572
1786706899128 1943244 16249024 2399572
1786706899167 1943244 16249024 2399572
1786706899209 1943244 16249024 2399572
1786706899249 1943244 16249024 2399572
1786706899288 1943244 16249024 2399572
1786706899328 1943244 16249024 2399572
1786706899368 1943248 16249024 2399572
1786706899407 1943248 16249024 2399572
1786706899446 1943248 16249024 2399572
1786706899486 1943248 16249024 2399572
1786706899525 1943248 16249024 2399572
1786706899564 1943248 16249024 2399572
1786706899602 1943248 16249024 2399572
1786706899644 1943248 16249024 2399572
1786706899685 1943248 16249024 2399572
1786706899725 1943384 16249024 2399572
1786706899764 1943384 16249024 2399572
1786706899803 1943384 16249024 2399572
1786706899842 1943384 16249024 2399572
1786706899880 1943384 16249024 2399572
1786706899920 1943384 16249024 2399572
1786706899959 1943384 16249024 2399572
1786706900001 1943384 16249024 2399572
1786706900041 1943384 16249024 2399572
1786706900080 1943384 16249024 2399572
1786706900119 1943384 16249024 2399572
1786706900158 1943384 16249024 2399572
1786706900196 1943384 16249024 2399572
1786706900238 1943384 16249024 2399572
1786706900279 1943384 16249024 2399572
1786706900318 1943384 16249024 2399572
1786706900360 1943384 16249024 2399572
1786706900401 1943384 16249024 2399572
1786706900443 1943384 16249024 2399572
1786706900483 1943384 16249024 2399572
1786706900523 1943384 16249024 2399572
1786706900563 1943384 16249024 2399572
1786706900602 1943384 16249024 2399572
1786706900640 1943384 16249024 2399572
1786706900679 1943384 16249024 2399572
1786706900721 1943384 16249024 2399572
1786706900761 1943384 16249024 2399572
1786706900800 1943384 16249024 2399572
1786706900839 1943384 16249024 2399572
1786706900877 1943384 16249024 2399572
1786706900916 1943384 16249024 2399572
1786706900959 1943384 16249024 2399572
1786706900999 1943384 16249024 2399572
1786706901039 1943384 16249024 2399572
1786706901081 1943384 16249024 2399572
1786706901121 1943384 16249024 2399572
1786706901162 1943384 16249024 2399572
1786706901201 1943384 16249024 2399572
1786706901240 1943384 16249024 2399572
1786706901279 1943384 16249024 2399572
1786706901318 1943384 16249024 2399572
1786706901357 1943384 16249024 2399572
1786706901397 1943384 16249024 2399572
1786706901436 1943384 16249024 2399572
1786706901476 1943384 16249024 2399572
1786706901515 1943384 16249024 2399572
1786706901558 1943384 16249024 2399572
1786706901599 1943384 16249024 2399572
1786706901638 1943384 16249024 2399572
1786706901678 1943384 16249024 2399572
1786706901716 1943384 16249024 2399572
1786706901756 1943384 16249024 2399572
1786706901798 1943384 16249024 2399572
1786706901838 1943384 16249024 2399572
1786706901878 1943384 16249024 2399572
1786706901918 1943384 16249024 2399572
1786706901957 1943384 16249024 2399572
1786706901996 1943384 16249024 2399572
1786706902035 1943384 16249024 2399572
1786706902077 1943384 16249024 2399572
1786706902117 1943384 16249024 2399572
1786706902159 1943384 16249024 2399572
1786706902199 1943384 16249024 2399572
1786706902241 1943384 16249024 2399572
1786706902281 1943384 16249024 2399572
1786706902320 1943384 16249024 2399572
1786706902361 1943384 16249024 2399572
1786706902401 1943384 16249024 2399572
1786706902443 1943384 16249024 2399572
1786706902483 1943384 16249024 2399572
1786706902524 1943384 16249024 2399572
1786706902564 1943384 16249024 2399572
1786706902604 1943384 16249024 2399572
1786706902646 1943384 16249024 2399572
1786706902686 1943384 16249024 2399572
1786706902728 1943384 16249024 2399572
1786706902769 1943384 16249024 2399572
1786706902808 1943384 16249024 2399572
1786706902847 1943384 16249024 2399572
1786706902886 1943384 16249024 2399572
1786706902926 1943384 16249024 2399572
1786706902964 1943384 16249024 2399572
1786706903003 1943384 16249024 2399572
1786706903042 1943384 16249024 2399572
1786706903082 1943384 16249024 2399572
1786706903123 1943384 16249024 2399572
1786706903163 1943384 16249024 2399572
1786706903202 1943384 16249024 2399572
1786706903244 1943384 16249024 2399572
1786706903284 1943384 16249024 2399572
1786706903324 1943384 16249024 2399572
1786706903365 1943384 16249024 2399572
1786706903405 1943384 16249024 2399572
1786706903444 1943384 16249024 2399572
1786706903483 1943384 16249024 2399572
1786706903522 1943384 16249024 2399572
1786706903564 1943384 16249024 2399572
1786706903604 1943384 16249024 2399572
1786706903643 1943384 16249024 2399572
1786706903682 1943384 16249024 2399572
1786706903720 1943384 16249024 2399572
1786706903759 1943384 16249024 2399572
1786706903801 1943384 16249024 2399572
1786706903842 1943384 16249024 2399572
1786706903881 1943384 16249024 2399572
1786706903920 1943384 16249024 2399572
1786706903959 1943384 16249024 2399572
1786706903998 1943384 16249024 2399572
1786706904036 1943384 16249024 2399572
1786706904075 1943384 16249024 2399572
1786706904114 1943384 16249024 2399572
1786706904156 1943384 16249024 2399572
1786706904197 1943384 16249024 2399572
1786706904235 1943384 16249024 2399572
1786706904274 1943384 16249024 2399572
1786706904313 1943384 16249024 2399572
1786706904352 1943384 16249024 2399572
1786706904391 1943384 16249024 2399572
1786706904430 1943384 16249024 2399572
1786706904472 1943384 16249024 2399572
1786706904511 1943384 16249024 2399572
1786706904550 1943384 16249024 2399572
1786706904592 1943384 16249024 2399572
1786706904632 1943384 16249024 2399572
1786706904671 1943384 16249024 2399572
1786706904709 1943384 16249024 2399572
1786706904749 1943384 16249024 2399572
1786706904788 1943384 16249024 2399572
1786706904827 1943384 16249024 2399572
1786706904867 1943384 16249024 2399572
1786706904906 1943384 16249024 2399572
1786706904947 1943384 16249024 2399572
1786706904987 1943384 16249024 2399572
1786706905026 1943384 16249024 2399572
1786706905065 1943384 16249024 2399572
1786706905105 1943384 16249024 2399572
1786706905143 1943384 16249024 2399572
1786706905185 1943384 16249024 2399572
1786706905225 1943384 16249024 2399572
1786706905267 1943384 16249024 2399572
1786706905307 1943384 16249024 2399572
1786706905347 1943384 16249024 2399572
1786706905387 1943384 16249024 2399572
1786706905426 1943384 16249024 2399572
1786706905464 1943384 16249024 2399572
1786706905505 1943384 16249024 2399572
1786706905546 1943384 16249024 2399572
1786706905587 1943384 16249024 2399572
1786706905627 1943384 16249024 2399572
1786706905666 1943384 16249024 2399572
1786706905705 1943384 16249024 2399572
1786706905744 1943384 16249024 2399572
1786706905783 1943384 16249024 2399572
1786706905825 1943384 16249024 2399572
1786706905866 1943384 16249024 2399572
1786706905907 1943384 16249024 2399572
1786706905947 1943384 16249024 2399572
1786706905987 1943384 16249024 2399572
1786706906025 1943384 16249024 2399572
1786706906067 1943384 16249024 2399572
1786706906107 1943384 16249024 2399572
1786706906146 1943384 16249024 2399572
1786706906184 1943384 16249024 2399572
1786706906223 1943384 16249024 2399572
1786706906263 1943384 16249024 2399572
1786706906302 1943384 16249024 2399572
1786706906344 1943384 16249024 2399572
1786706906384 1943384 16249024 2399572
1786706906424 1943384 16249024 2399572
1786706906464 1943384 16249024 2399572
1786706906505 1943384 16249024 2399572
1786706906546 1943384 16249024 2399572
1786706906584 1943384 16249024 2399572
1786706906623 1943384 16249024 2399572
1786706906662 1943384 16249024 2399572
1786706906702 1943384 16249024 2399572
1786706906740 1943384 16249024 2399572
1786706906779 1943384 16249024 2399572
1786706906821 1943384 16249024 2399572
1786706906861 1943384 16249024 2399572
1786706906900 1943384 16249024 2399572
1786706906942 1943384 16249024 2399572
1786706906981 1943384 16249024 2399572
1786706907021 1943384 16249024 2399572
1786706907060 1943384 16249024 2399572
1786706907102 1943384 16249024 2399572
1786706907143 1943384 16249024 2399572
1786706907181 1943384 16249024 2399572
1786706907220 1943384 16249024 2399572
1786706907262 1943384 16249024 2399572
1786706907302 1943384 16249024 2399572
1786706907342 1943384 16249024 2399572
1786706907383 1943384 16249024 2399572
1786706907425 1943384 16249024 2399572
1786706907465 1943384 16249024 2399572
1786706907506 1943384 16249024 2399572
1786706907547 1943384 16249024 2399572
1786706907587 1943384 16249024 2399572
1786706907626 1943384 16249024 2399572
1786706907665 1943384 16249024 2399572
1786706907704 1943384 16249024 2399572
1786706907743 1943384 16249024 2399572
1786706907782 1943384 16249024 2399572
1786706907821 1943384 16249024 2399572
1786706907860 1943384 16249024 2399572
1786706907899 1943384 16249024 2399572
1786706907939 1943384 16249024 2399572
1786706907979 1943384 16249024 2399572
1786706908020 1943384 16249024 2399572
1786706908061 1943384 16249024 2399572
1786706908101 1943384 16249024 2399572
1786706908139 1943384 16249024 2399572
1786706908178 1943384 16249024 2399572
1786706908217 1943384 16249024 2399572
1786706908256 1943384 16249024 2399572
1786706908295 1943384 16249024 2399572
1786706908334 1943384 16249024 2399572
1786706908376 1943384 16249024 2399572
1786706908416 1943384 16249024 2399572
1786706908455 1943384 16249024 2399572
1786706908494 1943384 16249024 2399572
1786706908536 1943384 16249024 2399572
1786706908577 1943384 16249024 2399572
1786706908618 1943384 16249024 2399572
1786706908659 1943384 16249024 2399572
1786706908699 1943384 16249024 2399572
1786706908738 1943384 16249024 2399572
1786706908777 1943384 16249024 2399572
1786706908816 1943384 16249024 2399572
1786706908857 1943384 16249024 2399572
1786706908897 1943384 16249024 2399572
1786706908936 1943384 16249024 2399572
1786706908975 1943384 16249024 2399572
1786706909015 1943384 16249024 2399572
1786706909057 1943384 16249024 2399572
1786706909097 1943384 16249024 2399572
1786706909137 1943384 16249024 2399572
1786706909177 1943384 16249024 2399572
1786706909216 1943384 16249024 2399572
1786706909255 1943384 16249024 2399572
1786706909297 1943384 16249024 2399572
1786706909337 1943384 16249024 2399572
1786706909379 1943384 16249024 2399572
1786706909418 1943384 16249024 2399572
1786706909456 1943384 16249024 2399572
1786706909495 1943384 16249024 2399572
1786706909537 1943384 16249024 2399572
1786706909577 1943384 16249024 2399572
1786706909616 1943384 16249024 2399572
1786706909655 1943384 16249024 2399572
1786706909696 1943384 16249024 2399572
1786706909736 1943384 16249024 2399572
1786706909774 1943384 16249024 2399572
1786706909816 1943384 16249024 2399572
1786706909857 1943384 16249024 2399572
1786706909895 1943384 16249024 2399572
1786706909934 1943384 16249024 2399572
1786706909974 1943384 16249024 2399572
1786706910013 1943384 16249024 2399572
1786706910052 1943384 16249024 2399572
1786706910091 1943384 16249024 2399572
1786706910132 1943384 16249024 2399572
1786706910173 1943384 16249024 2399572
1786706910212 1943384 16249024 2399572
1786706910254 1943384 16249024 2399572
1786706910294 1943384 16249024 2399572
1786706910333 1943384 16249024 2399572
1786706910372 1943384 16249024 2399572
1786706910411 1943384 16249024 2399572
1786706910453 1943384 16249024 2399572
1786706910493 1943384 16249024 2399572
1786706910532 1943384 16249024 2399572
1786706910570 1943384 16249024 2399572
1786706910609 1943384 16249024 2399572
1786706910649 1943384 16249024 2399572
1786706910688 1943384 16249024 2399572
1786706910727 1943384 16249024 2399572
1786706910766 1943384 16249024 2399572
1786706910805 1943384 16249024 2399572
1786706910844 1943384 16249024 2399572
1786706910883 1943384 16249024 2399572
1786706910925 1943384 16249024 2399572
1786706910966 1943384 16249024 2399572
1786706911005 1943384 16249024 2399572
1786706911044 1943384 16249024 2399572
1786706911086 1943384 16249024 2399572
1786706911126 1943384 16249024 2399572
1786706911164 1943384 16249024 2399572
1786706911203 1943384 16249024 2399572
1786706911242 1943384 16249024 2399572
1786706911284 1943384 16249024 2399572
1786706911324 1943384 16249024 2399572
1786706911364 1943384 16249024 2399572
1786706911404 1943384 16249024 2399572
1786706911442 1943384 16249024 2399572
1786706911481 1943384 16249024 2399572
1786706911520 1943384 16249024 2399572
1786706911559 1943384 16249024 2399572
1786706911601 1943384 16249024 2399572
1786706911641 1943384 16249024 2399572
1786706911680 1943384 16249024 2399572
1786706911722 1943384 16249024 2399572
1786706911763 1943384 16249024 2399572
1786706911803 1943384 16249024 2399572
1786706911844 1943384 16249024 2399572
1786706911884 1943384 16249024 2399572
1786706911924 1943384 16249024 2399572
1786706911965 1943384 16249024 2399572
1786706912005 1943384 16249024 2399572
1786706912045 1943384 16249024 2399572
1786706912084 1943384 16249024 2399572
1786706912123 1943384 16249024 2399572
1786706912165 1943384 16249024 2399572
1786706912205 1943384 16249024 2399572
1786706912247 1943384 16249024 2399572
1786706912287 1943384 16249024 2399572
1786706912329 1943384 16249024 2399572
1786706912370 1943384 16249024 2399572
1786706912410 1943384 16249024 2399572
1786706912449 1943384 16249024 2399572
1786706912489 1943384 16249024 2399572
1786706912529 1943384 16249024 2399572
1786706912571 1946900 16249024 2399572
1786706912612 1947972 16249024 2399572
1786706912652 1947976 16249024 2399572
1786706912692 1947976 16249024 2399572
1786706912732 1947976 16249024 2399572
1786706912772 1947976 16249024 2399572
1786706912812 1947976 16249024 2399572
1786706912852 1947976 16249024 2399572
1786706912894 1947976 16249024 2399572
1786706912935 1947976 16249024 2399572
1786706912976 1947976 16249024 2399572
1786706913016 1947976 16249024 2399572
1786706913056 1947976 16249024 2399572
1786706913097 1948036 16249024 2399572
1786706913139 1948112 16249024 2399572
1786706913181 1948112 16249024 2399572
1786706913221 1948112 16249024 2399572
1786706913261 1948112 16249024 2399572
1786706913301 1948112 16249024 2399572
1786706913344 1948112 16249024 2399572
1786706913385 1948112 16249024 2399572
1786706913424 1948336 16249024 2399572
1786706913464 1950380 16249024 2399572
1786706913507 1953808 16249024 2399572
1786706913547 1953812 16249024 2399572
1786706913590 1953812 16249024 2399572
1786706913629 1954556 16249024 2399572
1786706913670 1954564 16249024 2399572
1786706913709 1954564 16249024 2399572
1786706913750 1954564 16249024 2399572
1786706913790 1954564 16249024 2399572
1786706913833 1954576 16249024 2399572
1786706913875 1954576 16249024 2399572
1786706913917 1954576 16249024 2399572
1786706913958 1954576 16249024 2399572
1786706913998 1954576 16249024 2399572
1786706914038 1954580 16249024 2399572
1786706914078 1954580 16249024 2399572
1786706914117 1954580 16249024 2399572
1786706914157 1954580 16249024 2399572
1786706914198 1954580 16249024 2399572
1786706914239 1954584 16249024 2399572
1786706914278 1954584 16249024 2399572
1786706914318 1954584 16249024 2399572
1786706914358 1954584 16249024 2399572
1786706914401 1954584 16249024 2399572
1786706914442 1954584 16249024 2399572
1786706914484 1954584 16249024 2399572
1786706914526 1954584 16249024 2399572
1786706914567 1954584 16249024 2399572
1786706914609 1954584 16249024 2399572
1786706914649 1954584 16249024 2399572
1786706914691 1954584 16249024 2399572
1786706914732 1954584 16249024 2399572
1786706914771 1954584 16249024 2399572
1786706914811 1954584 16249024 2399572
1786706914851 1954584 16249024 2399572
1786706914891 1954584 16249024 2399572
1786706914931 1954584 16249024 2399572
1786706914971 1954584 16249024 2399572
1786706915011 1954584 16249024 2399572
1786706915054 1954584 16249024 2399572
1786706915094 1954584 16249024 2399572
1786706915134 1954584 16249024 2399572
1786706915177 1954584 16249024 2399572
1786706915217 1954584 16249024 2399572
1786706915257 1954584 16249024 2399572
1786706915297 1954584 16249024 2399572
1786706915337 1954584 16249024 2399572
1786706915379 1954584 16249024 2399572
1786706915419 1954584 16249024 2399572
1786706915461 1954584 16249024 2399572
1786706915502 1954584 16249024 2399572
1786706915542 1954584 16249024 2399572
1786706915582 1954584 16249024 2399572
1786706915621 1954588 16249024 2399572
1786706915662 1954588 16249024 2399572
1786706915702 1954588 16249024 2399572
1786706915743 1954588 16249024 2399572
1786706915784 1954588 16249024 2399572
1786706915824 1954588 16249024 2399572
1786706915863 1957380 16249024 2399572
1786706915905 1957388 16249024 2399572
1786706915946 1957388 16249024 2399572
1786706915988 1957388 16249024 2399572
1786706916029 1957648 16249024 2399572
1786706916069 1957648 16249024 2399572
1786706916109 1957648 16249024 2399572
1786706916150 1957648 16249024 2399572
1786706916192 1957724 16249024 2399572
1786706916234 1958292 16249024 2399572
1786706916276 1958292 16249024 2399572
1786706916315 1958292 16249024 2399572
1786706916354 1958292 16249024 2399572
1786706916396 1958292 16249024 2399572
1786706916436 1958292 16249024 2399572
1786706916477 1958396 16249024 2399572
1786706916519 1958396 16249024 2399572
1786706916560 1958396 16249024 2399572
1786706916602 1958396 16249024 2399572
1786706916643 1958396 16249024 2399572
1786706916684 1958408 16249024 2399572
1786706916725 1958408 16249024 2399572
1786706916765 1958408 16249024 2399572
1786706916807 1958408 16249024 2399572
1786706916848 1958472 16249024 2399572
1786706916887 1958472 16249024 2399572
1786706916929 1958472 16249024 2399572
1786706916969 1958472 16249024 2399572
1786706917010 1958472 16249024 2399572
1786706917049 1958660 16249024 2399572
1786706917088 1958660 16249024 2399572
1786706917130 1958660 16249024 2399572
1786706917171 1958660 16249024 2399572
1786706917211 1958660 16249024 2399572
1786706917252 1958660 16249024 2399572
1786706917293 1958660 16249024 2399572
1786706917333 1958660 16249024 2399572
1786706917373 1958660 16249024 2399572
1786706917414 1958660 16249024 2399572
1786706917454 1958660 16249024 2399572
1786706917495 1958660 16249024 2399572
1786706917535 1958660 16249024 2399572
1786706917576 1958660 16249024 2399572
1786706917617 1958660 16249024 2399572
1786706917659 1958660 16249024 2399572
1786706917699 1958660 16249024 2399572
1786706917740 1958660 16249024 2399572
1786706917781 1958660 16249024 2399572
1786706917824 1958660 16249024 2399572
1786706917864 1958660 16249024 2399572
1786706917906 1958660 16249024 2399572
1786706917948 1958660 16249024 2399572
1786706917989 1958660 16249024 2399572
1786706918029 1958660 16249024 2399572
1786706918071 1958660 16249024 2399572
1786706918111 1958660 16249024 2399572
1786706918152 1958660 16249024 2399572
1786706918194 1958660 16249024 2399572
1786706918234 1958660 16249024 2399572
1786706918275 1958660 16249024 2399572
1786706918315 1958660 16249024 2399572
1786706918354 1958660 16249024 2399572
1786706918393 1958660 16249024 2399572
1786706918434 1958660 16249024 2399572
1786706918475 1958660 16249024 2399572
1786706918515 1958660 16249024 2399572
1786706918556 1958660 16249024 2399572
1786706918597 1958724 16249024 2399572
1786706918637 1958724 16249024 2399572
1786706918676 1958724 16249024 2399572
1786706918718 1958724 16249024 2399572
1786706918759 1958724 16249024 2399572
1786706918799 1958724 16249024 2399572
1786706918840 1958724 16249024 2399572
1786706918881 1958724 16249024 2399572
1786706918921 1958724 16249024 2399572
1786706918963 1958724 16249024 2399572
1786706919004 1958724 16249024 2399572
1786706919044 1958724 16249024 2399572
1786706919085 1958724 16249024 2399572
1786706919127 1958724 16249024 2399572
1786706919169 1958724 16249024 2399572
1786706919209 1958724 16249024 2399572
1786706919250 1958724 16249024 2399572
1786706919291 1958724 16249024 2399572
1786706919332 1958724 16249024 2399572
1786706919372 1958724 16249024 2399572
1786706919412 1958724 16249024 2399572
1786706919454 1958724 16249024 2399572
1786706919493 1958724 16249024 2399572
1786706919534 1958724 16249024 2399572
1786706919574 1958724 16249024 2399572
1786706919614 1958724 16249024 2399572
1786706919655 1958724 16249024 2399572
1786706919697 1958724 16249024 2399572
1786706919738 1958724 16249024 2399572
1786706919779 1959040 16249024 2399572
1786706919820 1959040 16249024 2399572
1786706919860 1959040 16249024 2399572
1786706919901 1959040 16249024 2399572
1786706919942 1959040 16249024 2399572
1786706919984 1959040 16249024 2399572
1786706920024 1959040 16249024 2399572
1786706920066 1959040 16249024 2399572
1786706920105 1959040 16249024 2399572
1786706920146 1959040 16249024 2399572
1786706920187 1959040 16249024 2399572
1786706920229 1959040 16249024 2399572
1786706920270 1959040 16249024 2399572
1786706920311 1959040 16249024 2399572
1786706920352 1959040 16249024 2399572
1786706920394 1959040 16249024 2399572
1786706920436 1959040 16249024 2399572
1786706920477 1959040 16249024 2399572
1786706920516 1959040 16249024 2399572
1786706920555 1959040 16249024 2399572
1786706920597 1959040 16249024 2399572
1786706920638 1959040 16249024 2399572
1786706920678 1959040 16249024 2399572
1786706920719 1959040 16249024 2399572
1786706920761 1959100 16249024 2399572
1786706920803 1959100 16249024 2399572
1786706920842 1959100 16249024 2399572
1786706920881 1959100 16249024 2399572
1786706920922 1959276 16249024 2399572
1786706920963 1959276 16249024 2399572
1786706921004 1959276 16249024 2399572
1786706921045 1959276 16249024 2399572
1786706921086 1959276 16249024 2399572
1786706921126 1959776 16249024 2399572
1786706921168 1959840 16249024 2399572
1786706921209 1959840 16249024 2399572
1786706921248 1959876 16249024 2399572
1786706921279 1960656 16249024 2399572
1786706921320 1960656 16249024 2399572
1786706921362 1965296 16249024 2399572
1786706921406 1965296 16249024 2399572
1786706921450 1965296 16249024 2399572
1786706921492 1965296 16249024 2399572
1786706921534 1965296 16249024 2399572
1786706921576 1965296 16249024 2399572
1786706921622 1965296 16249024 2399572
1786706921664 1965296 16249024 2399572
1786706921706 1965296 16249024 2399572
1786706921749 1965296 16249024 2399572
1786706921792 1965296 16249024 2399572
1786706921835 1965296 16249024 2399572
1786706921876 1965296 16249024 2399572
1786706921919 1965296 16249024 2399572
1786706921963 1965296 16249024 2399572
1786706922006 1965296 16249024 2399572
1786706922048 1965296 16249024 2399572
1786706922094 1965296 16249024 2399572
1786706922136 1965296 16249024 2399572
1786706922180 1965296 16249024 2399572
1786706922226 1965296 16249024 2399572
1786706922268 1965296 16249024 2399572
1786706922311 1965296 16249024 2399572
1786706922355 1965296 16249024 2399572
1786706922397 1965296 16249024 2399572
1786706922441 1965296 16249024 2399572
1786706922484 1965296 16249024 2399572
1786706922530 1965296 16249024 2399572
1786706922573 1965296 16249024 2399572
1786706922617 1965296 16249024 2399572
1786706922660 1965296 16249024 2399572
1786706922703 1965296 16249024 2399572
1786706922748 1965296 16249024 2399572
1786706922793 1965296 16249024 2399572
1786706922836 1965296 16249024 2399572
1786706922882 1965296 16249024 2399572
1786706922923 1965296 16249024 2399572
1786706922966 1965296 16249024 2399572
1786706923010 1965296 16249024 2399572
1786706923054 1965296 16249024 2399572
1786706923096 1965296 16249024 2399572
1786706923139 1965296 16249024 2399572
1786706923183 1965296 16249024 2399572
1786706923226 1965296 16249024 2399572
1786706923270 1965296 16249024 2399572
1786706923314 1965296 16249024 2399572
1786706923356 1965296 16249024 2399572
1786706923399 1965296 16249024 2399572
1786706923445 1965296 16249024 2399572
1786706923486 1965296 16249024 2399572
1786706923529 1965296 16249024 2399572
1786706923575 1965296 16249024 2399572
1786706923619 1965296 16249024 2399572
1786706923661 1965296 16249024 2399572
1786706923708 1965296 16249024 2399572
1786706923753 1965296 16249024 2399572
1786706923795 1965296 16249024 2399572
1786706923839 1965296 16249024 2399572
1786706923883 1965296 16249024 2399572
1786706923925 1965296 16249024 2399572
1786706923968 1965296 16249024 2399572
1786706924014 1965296 16249024 2399572
1786706924059 1965296 16249024 2399572
1786706924102 1965296 16249024 2399572
1786706924146 1965296 16249024 2399572
1786706924190 1965296 16249024 2399572
1786706924232 1965296 16249024 2399572
1786706924275 1965296 16249024 2399572
1786706924320 1965296 16249024 2399572
1786706924364 1965296 16249024 2399572
1786706924406 1965296 16249024 2399572
1786706924451 1965296 16249024 2399572
1786706924494 1965296 16249024 2399572
1786706924539 1965296 16249024 2399572
1786706924582 1965296 16249024 2399572
1786706924624 1965296 16249024 2399572
1786706924667 1965296 16249024 2399572
1786706924708 1965296 16249024 2399572
1786706924750 1965296 16249024 2399572
1786706924793 1965296 16249024 2399572
1786706924837 1965296 16249024 2399572
1786706924880 1965296 16249024 2399572
1786706924923 1965296 16249024 2399572
1786706924967 1965296 16249024 2399572
1786706925009 1965296 16249024 2399572
1786706925054 1965296 16249024 2399572
1786706925097 1965296 16249024 2399572
1786706925140 1965296 16249024 2399572
1786706925182 1965296 16249024 2399572
1786706925226 1965296 16249024 2399572
1786706925270 1965296 16249024 2399572
1786706925315 1965296 16249024 2399572
1786706925359 1965296 16249024 2399572
1786706925403 1965296 16249024 2399572
1786706925448 1965296 16249024 2399572
1786706925491 1965296 16249024 2399572
1786706925533 1965296 16249024 2399572
1786706925576 1965296 16249024 2399572
1786706925621 1965296 16249024 2399572
1786706925664 1965296 16249024 2399572
1786706925707 1965296 16249024 2399572
1786706925752 1965296 16249024 2399572
1786706925796 1965296 16249024 2399572
1786706925841 1965296 16249024 2399572
1786706925884 1965296 16249024 2399572
1786706925929 1965296 16249024 2399572
1786706925973 1965296 16249024 2399572
1786706926018 1965296 16249024 2399572
1786706926062 1965296 16249024 2399572
1786706926105 1965296 16249024 2399572
1786706926148 1965296 16249024 2399572
1786706926192 1965296 16249024 2399572
1786706926234 1965296 16249024 2399572
1786706926277 1965296 16249024 2399572
1786706926322 1965296 16249024 2399572
1786706926365 1965296 16249024 2399572
1786706926409 1965296 16249024 2399572
1786706926454 1965296 16249024 2399572
1786706926497 1965296 16249024 2399572
1786706926542 1965296 16249024 2399572
1786706926587 1965296 16249024 2399572
1786706926629 1965296 16249024 2399572
1786706926672 1965296 16249024 2399572
1786706926714 1965296 16249024 2399572
1786706926757 1965296 16249024 2399572
1786706926799 1965296 16249024 2399572
1786706926842 1965296 16249024 2399572
1786706926884 1965296 16249024 2399572
1786706926928 1965296 16249024 2399572
1786706926970 1965296 16249024 2399572
1786706927013 1965296 16249024 2399572
1786706927057 1965296 16249024 2399572
1786706927099 1965296 16249024 2399572
1786706927140 1965296 16249024 2399572
1786706927183 1965296 16249024 2399572
1786706927225 1965296 16249024 2399572
1786706927270 1965296 16249024 2399572
1786706927314 1965296 16249024 2399572
1786706927356 1965296 16249024 2399572
1786706927398 1965296 16249024 2399572
1786706927442 1965296 16249024 2399572
1786706927484 1965296 16249024 2399572
1786706927526 1965296 16249024 2399572
1786706927568 1965296 16249024 2399572
1786706927612 1965296 16249024 2399572
1786706927654 1965296 16249024 2399572
1786706927698 1965296 16249024 2399572
1786706927741 1965296 16249024 2399572
1786706927786 1965296 16249024 2399572
1786706927829 1965296 16249024 2399572
1786706927874 1965296 16249024 2399572
1786706927918 1965296 16249024 2399572
1786706927962 1965296 16249024 2399572
1786706928005 1965296 16249024 2399572
1786706928047 1965296 16249024 2399572
1786706928093 1965296 16249024 2399572
1786706928136 1965296 16249024 2399572
1786706928181 1965296 16249024 2399572
1786706928226 1965296 16249024 2399572
1786706928271 1965296 16249024 2399572
1786706928314 1965296 16249024 2399572
1786706928358 1965296 16249024 2399572
1786706928401 1965296 16249024 2399572
1786706928446 1965296 16249024 2399572
1786706928487 1965296 16249024 2399572
1786706928532 1965296 16249024 2399572
1786706928578 1965296 16249024 2399572
1786706928622 1965296 16249024 2399572
1786706928664 1965296 16249024 2399572
1786706928707 1965296 16249024 2399572
1786706928751 1965296 16249024 2399572
1786706928794 1965296 16249024 2399572
1786706928838 1965296 16249024 2399572
1786706928881 1965296 16249024 2399572
1786706928924 1965296 16249024 2399572
1786706928967 1965296 16249024 2399572
1786706929009 1965296 16249024 2399572
1786706929050 1965296 16249024 2399572
1786706929092 1965296 16249024 2399572
1786706929135 1965296 16249024 2399572
1786706929177 1965296 16249024 2399572
1786706929222 1965296 16249024 2399572
1786706929266 1965296 16249024 2399572
1786706929308 1965296 16249024 2399572
1786706929351 1965296 16249024 2399572
1786706929396 1965296 16249024 2399572
1786706929440 1965296 16249024 2399572
1786706929484 1965296 16249024 2399572
1786706929524 1965296 16249024 2399572
1786706929568 1965296 16249024 2399572
1786706929612 1965296 16249024 2399572
1786706929657 1965296 16249024 2399572
1786706929701 1965296 16249024 2399572
1786706929745 1965296 16249024 2399572
1786706929788 1965296 16249024 2399572
1786706929830 1965296 16249024 2399572
1786706929873 1965296 16249024 2399572
1786706929917 1965296 16249024 2399572
1786706929961 1965296 16249024 2399572
1786706930005 1965296 16249024 2399572
1786706930048 1965296 16249024 2399572
1786706930091 1965296 16249024 2399572
1786706930134 1965296 16249024 2399572
1786706930174 1965296 16249024 2399572
1786706930219 1965296 16249024 2399572
1786706930265 1965296 16249024 2399572
1786706930309 1965296 16249024 2399572
1786706930355 1965296 16249024 2399572
1786706930396 1965296 16249024 2399572
1786706930440 1965296 16249024 2399572
1786706930484 1965296 16249024 2399572
1786706930526 1965296 16249024 2399572
1786706930571 1965296 16249024 2399572
1786706930614 1965296 16249024 2399572
1786706930657 1965296 16249024 2399572
1786706930700 1965296 16249024 2399572
1786706930745 1965296 16249024 2399572
1786706930789 1965296 16249024 2399572
1786706930831 1965296 16249024 2399572
1786706930873 1965296 16249024 2399572
1786706930919 1965296 16249024 2399572
1786706930962 1965296 16249024 2399572
1786706931004 1965296 16249024 2399572
1786706931048 1965296 16249024 2399572
1786706931091 1965296 16249024 2399572
1786706931136 1965296 16249024 2399572
1786706931178 1965296 16249024 2399572
1786706931221 1965296 16249024 2399572
1786706931266 1965296 16249024 2399572
1786706931308 1965296 16249024 2399572
1786706931351 1965296 16249024 2399572
1786706931395 1965296 16249024 2399572
1786706931440 1965296 16249024 2399572
1786706931483 1965296 16249024 2399572
1786706931526 1965296 16249024 2399572
1786706931571 1965296 16249024 2399572
1786706931615 1965296 16249024 2399572
1786706931660 1965296 16249024 2399572
1786706931706 1965296 16249024 2399572
1786706931748 1965296 16249024 2399572
1786706931790 1965296 16249024 2399572
1786706931833 1965296 16249024 2399572
1786706931876 1965296 16249024 2399572
1786706931920 1965296 16249024 2399572
1786706931962 1965296 16249024 2399572
1786706932007 1965296 16249024 2399572
1786706932052 1965296 16249024 2399572
1786706932094 1965296 16249024 2399572
1786706932137 1965296 16249024 2399572
1786706932181 1965296 16249024 2399572
1786706932224 1965296 16249024 2399572
1786706932267 1965296 16249024 2399572
1786706932312 1965296 16249024 2399572
1786706932355 1965296 16249024 2399572
1786706932399 1965296 16249024 2399572
1786706932444 1965296 16249024 2399572
1786706932489 1965296 16249024 2399572
1786706932532 1965296 16249024 2399572
1786706932576 1965296 16249024 2399572
1786706932621 1965296 16249024 2399572
1786706932666 1965296 16249024 2399572
1786706932706 1965296 16249024 2399572
1786706932750 1965296 16249024 2399572
1786706932795 1965296 16249024 2399572
1786706932838 1965296 16249024 2399572
1786706932880 1965296 16249024 2399572
1786706932923 1965296 16249024 2399572
1786706932966 1965296 16249024 2399572
1786706933011 1965296 16249024 2399572
1786706933053 1965296 16249024 2399572
1786706933094 1965296 16249024 2399572
1786706933137 1965296 16249024 2399572
1786706933183 1965296 16249024 2399572
1786706933226 1965296 16249024 2399572
1786706933271 1965296 16249024 2399572
1786706933314 1965296 16249024 2399572
1786706933358 1965296 16249024 2399572
1786706933403 1965296 16249024 2399572
1786706933447 1965296 16249024 2399572
1786706933490 1965296 16249024 2399572
1786706933531 1965296 16249024 2399572
1786706933576 1965296 16249024 2399572
1786706933620 1965296 16249024 2399572
1786706933663 1965296 16249024 2399572
1786706933707 1965296 16249024 2399572
1786706933749 1965296 16249024 2399572
1786706933795 1965296 16249024 2399572
1786706933839 1965296 16249024 2399572
1786706933882 1965296 16249024 2399572
1786706933925 1965296 16249024 2399572
1786706933966 1965296 16249024 2399572
1786706934013 1965296 16249024 2399572
1786706934055 1965296 16249024 2399572
1786706934101 1965296 16249024 2399572
1786706934146 1965296 16249024 2399572
1786706934190 1965296 16249024 2399572
1786706934233 1965296 16249024 2399572
1786706934275 1965296 16249024 2399572
1786706934318 1965296 16249024 2399572
1786706934361 1965296 16249024 2399572
1786706934403 1965296 16249024 2399572
1786706934449 1965296 16249024 2399572
1786706934491 1965296 16249024 2399572
1786706934533 1965296 16249024 2399572
1786706934577 1965296 16249024 2399572
1786706934622 1965296 16249024 2399572
1786706934665 1965296 16249024 2399572
1786706934706 1965296 16249024 2399572
1786706934751 1965296 16249024 2399572
1786706934795 1965296 16249024 2399572
1786706934838 1965296 16249024 2399572
1786706934882 1965296 16249024 2399572
1786706934923 1965296 16249024 2399572
1786706934967 1965296 16249024 2399572
1786706935010 1965296 16249024 2399572
1786706935053 1965296 16249024 2399572
1786706935097 1965296 16249024 2399572
1786706935140 1965296 16249024 2399572
1786706935184 1965296 16249024 2399572
1786706935225 1965296 16249024 2399572
1786706935270 1965296 16249024 2399572
1786706935313 1965296 16249024 2399572
1786706935357 1965296 16249024 2399572
1786706935400 1965296 16249024 2399572
1786706935445 1965296 16249024 2399572
1786706935490 1965296 16249024 2399572
1786706935534 1965296 16249024 2399572
1786706935580 1965296 16249024 2399572
1786706935624 1965296 16249024 2399572
1786706935667 1965296 16249024 2399572
1786706935712 1965296 16249024 2399572
1786706935756 1965296 16249024 2399572
1786706935800 1965296 16249024 2399572
1786706935844 1965296 16249024 2399572
1786706935886 1965296 16249024 2399572
1786706935931 1965296 16249024 2399572
1786706935976 1965296 16249024 2399572
1786706936019 1965296 16249024 2399572
1786706936065 1965296 16249024 2399572
1786706936109 1965296 16249024 2399572
1786706936153 1965296 16249024 2399572
1786706936197 1965296 16249024 2399572
1786706936240 1965296 16249024 2399572
1786706936283 1965296 16249024 2399572
1786706936328 1965296 16249024 2399572
1786706936372 1965296 16249024 2399572
1786706936416 1965296 16249024 2399572
1786706936462 1965296 16249024 2399572
1786706936505 1965296 16249024 2399572
1786706936545 1965296 16249024 2399572
1786706936589 1965296 16249024 2399572
1786706936633 1965296 16249024 2399572
1786706936677 1965296 16249024 2399572
1786706936720 1965296 16249024 2399572
1786706936765 1965296 16249024 2399572
1786706936809 1965296 16249024 2399572
1786706936850 1965296 16249024 2399572
1786706936891 1965296 16249024 2399572
1786706936938 1965296 16249024 2399572
1786706936981 1965296 16249024 2399572
1786706937022 1965296 16249024 2399572
1786706937065 1965296 16249024 2399572
1786706937107 1965296 16249024 2399572
1786706937153 1965296 16249024 2399572
1786706937199 1965296 16249024 2399572
1786706937243 1965296 16249024 2399572
1786706937286 1965296 16249024 2399572
1786706937331 1965296 16249024 2399572
1786706937375 1965296 16249024 2399572
1786706937421 1965296 16249024 2399572
1786706937463 1965296 16249024 2399572
1786706937509 1965296 16249024 2399572
1786706937554 1965296 16249024 2399572
1786706937595 1965296 16249024 2399572
1786706937641 1965296 16249024 2399572
1786706937686 1965296 16249024 2399572
1786706937728 1965296 16249024 2399572
1786706937773 1965296 16249024 2399572
1786706937818 1965296 16249024 2399572
1786706937860 1965296 16249024 2399572
1786706937903 1965296 16249024 2399572
1786706937946 1965296 16249024 2399572
1786706937992 1965296 16249024 2399572
1786706938036 1965296 16249024 2399572
1786706938079 1965296 16249024 2399572
1786706938125 1965296 16249024 2399572
1786706938170 1965296 16249024 2399572
1786706938210 1965296 16249024 2399572
1786706938252 1965296 16249024 2399572
1786706938297 1965296 16249024 2399572
1786706938341 1965296 16249024 2399572
1786706938384 1965296 16249024 2399572
1786706938428 1965296 16249024 2399572
1786706938473 1965296 16249024 2399572
1786706938518 1965296 16249024 2399572
1786706938561 1965296 16249024 2399572
1786706938606 1965296 16249024 2399572
1786706938650 1965296 16249024 2399572
1786706938692 1965296 16249024 2399572
1786706938733 1965296 16249024 2399572
1786706938779 1965296 16249024 2399572
1786706938822 1965296 16249024 2399572
1786706938864 1965296 16249024 2399572
1786706938908 1965296 16249024 2399572
1786706938954 1965296 16249024 2399572
1786706938998 1965296 16249024 2399572
1786706939040 1965296 16249024 2399572
1786706939083 1965296 16249024 2399572
1786706939126 1965296 16249024 2399572
1786706939168 1965296 16249024 2399572
1786706939209 1965296 16249024 2399572
1786706939252 1965296 16249024 2399572
1786706939295 1965296 16249024 2399572
1786706939339 1965296 16249024 2399572
1786706939381 1965296 16249024 2399572
1786706939424 1965296 16249024 2399572
1786706939467 1965296 16249024 2399572
1786706939509 1965296 16249024 2399572
1786706939552 1965296 16249024 2399572
1786706939595 1965296 16249024 2399572
1786706939636 1965296 16249024 2399572
1786706939678 1965296 16249024 2399572
1786706939720 1965296 16249024 2399572
1786706939763 1965296 16249024 2399572
1786706939804 1965296 16249024 2399572
1786706939847 1965296 16249024 2399572
1786706939889 1965296 16249024 2399572
1786706939931 1965296 16249024 2399572
1786706939973 1965296 16249024 2399572
1786706940015 1965296 16249024 2399572
1786706940059 1965296 16249024 2399572
1786706940101 1965296 16249024 2399572
1786706940142 1965296 16249024 2399572
1786706940184 1965296 16249024 2399572
1786706940225 1965296 16249024 2399572
1786706940268 1965296 16249024 2399572
1786706940312 1965296 16249024 2399572
1786706940356 1965296 16249024 2399572
1786706940400 1965296 16249024 2399572
1786706940444 1965296 16249024 2399572
1786706940487 1965296 16249024 2399572
1786706940533 1965296 16249024 2399572
1786706940575 1965296 16249024 2399572
1786706940618 1965296 16249024 2399572
1786706940660 1965296 16249024 2399572
1786706940702 1965296 16249024 2399572
1786706940745 1965296 16249024 2399572
1786706940788 1965296 16249024 2399572
1786706940833 1965296 16249024 2399572
1786706940876 1965296 16249024 2399572
1786706940918 1965296 16249024 2399572
1786706940962 1965296 16249024 2399572
1786706941007 1965296 16249024 2399572
1786706941050 1965296 16249024 2399572
1786706941092 1965296 16249024 2399572
1786706941134 1965296 16249024 2399572
1786706941177 1965296 16249024 2399572
1786706941221 1965296 16249024 2399572
1786706941264 1965296 16249024 2399572
1786706941307 1965296 16249024 2399572
1786706941349 1965296 16249024 2399572
1786706941395 1965296 16249024 2399572
1786706941438 1965296 16249024 2399572
1786706941481 1965296 16249024 2399572
1786706941522 1965296 16249024 2399572
1786706941564 1965296 16249024 2399572
1786706941609 1965296 16249024 2399572
1786706941650 1965296 16249024 2399572
1786706941694 1965296 16249024 2399572
1786706941738 1965296 16249024 2399572
1786706941781 1965296 16249024 2399572
1786706941826 1965296 16249024 2399572
1786706941868 1965296 16249024 2399572
1786706941913 1965296 16249024 2399572
1786706941953 1965296 16249024 2399572
1786706941997 1965296 16249024 2399572
1786706942040 1965296 16249024 2399572
1786706942081 1965296 16249024 2399572
1786706942123 1965296 16249024 2399572
1786706942166 1965296 16249024 2399572
1786706942208 1965296 16249024 2399572
1786706942253 1965296 16249024 2399572
1786706942297 1965296 16249024 2399572
1786706942337 1965296 16249024 2399572
1786706942381 1965296 16249024 2399572
1786706942426 1965296 16249024 2399572
1786706942470 1965296 16249024 2399572
1786706942514 1965296 16249024 2399572
1786706942555 1965296 16249024 2399572
1786706942599 1965296 16249024 2399572
1786706942644 1965296 16249024 2399572
1786706942687 1965296 16249024 2399572
1786706942733 1965296 16249024 2399572
1786706942777 1965296 16249024 2399572
1786706942818 1965296 16249024 2399572
1786706942859 1965296 16249024 2399572
1786706942903 1965296 16249024 2399572
1786706942949 1965296 16249024 2399572
1786706942994 1965296 16249024 2399572
1786706943035 1965296 16249024 2399572
1786706943076 1965296 16249024 2399572
1786706943121 1965296 16249024 2399572
1786706943164 1965296 16249024 2399572
1786706943207 1965296 16249024 2399572
1786706943250 1965296 16249024 2399572
1786706943294 1965296 16249024 2399572
1786706943336 1965296 16249024 2399572
1786706943383 1965296 16249024 2399572
1786706943428 1965296 16249024 2399572
1786706943470 1965296 16249024 2399572
1786706943515 1965296 16249024 2399572
1786706943556 1965296 16249024 2399572
1786706943602 1965296 16249024 2399572
1786706943645 1965296 16249024 2399572
1786706943687 1965296 16249024 2399572
1786706943730 1965296 16249024 2399572
1786706943775 1965296 16249024 2399572
1786706943819 1965296 16249024 2399572
1786706943861 1965296 16249024 2399572
1786706943904 1965296 16249024 2399572
1786706943949 1965296 16249024 2399572
1786706943990 1965296 16249024 2399572
1786706944034 1965296 16249024 2399572
1786706944077 1965296 16249024 2399572
1786706944119 1965296 16249024 2399572
1786706944164 1965296 16249024 2399572
1786706944207 1965296 16249024 2399572
1786706944250 1965296 16249024 2399572
1786706944294 1965296 16249024 2399572
1786706944337 1965296 16249024 2399572
1786706944379 1965296 16249024 2399572
1786706944426 1965296 16249024 2399572
1786706944469 1965296 16249024 2399572
1786706944512 1965296 16249024 2399572
1786706944554 1965296 16249024 2399572
1786706944601 1965296 16249024 2399572
1786706944642 1965296 16249024 2399572
1786706944686 1965296 16249024 2399572
1786706944729 1965296 16249024 2399572
1786706944771 1965296 16249024 2399572
1786706944817 1965296 16249024 2399572
1786706944862 1965296 16249024 2399572
1786706944905 1965296 16249024 2399572
1786706944948 1965296 16249024 2399572
1786706944994 1965296 16249024 2399572
1786706945037 1965296 16249024 2399572
1786706945080 1965296 16249024 2399572
1786706945124 1965296 16249024 2399572
1786706945169 1965296 16249024 2399572
1786706945215 1965296 16249024 2399572
1786706945258 1965296 16249024 2399572
1786706945302 1965296 16249024 2399572
1786706945347 1965296 16249024 2399572
1786706945390 1965296 16249024 2399572
1786706945433 1965296 16249024 2399572
1786706945476 1965296 16249024 2399572
1786706945518 1965296 16249024 2399572
1786706945561 1965296 16249024 2399572
1786706945606 1965296 16249024 2399572
1786706945649 1965296 16249024 2399572
1786706945693 1965296 16249024 2399572
1786706945736 1965296 16249024 2399572
1786706945778 1965296 16249024 2399572
1786706945822 1965296 16249024 2399572
1786706945866 1965296 16249024 2399572
1786706945908 1965296 16249024 2399572
1786706945951 1965296 16249024 2399572
1786706945994 1965296 16249024 2399572
1786706946036 1965296 16249024 2399572
1786706946080 1965296 16249024 2399572
1786706946123 1965296 16249024 2399572
1786706946165 1965296 16249024 2399572
1786706946209 1965296 16249024 2399572
1786706946252 1965296 16249024 2399572
1786706946295 1965296 16249024 2399572
1786706946339 1965296 16249024 2399572
1786706946383 1965296 16249024 2399572
1786706946424 1965296 16249024 2399572
1786706946468 1965296 16249024 2399572
1786706946510 1965296 16249024 2399572
1786706946552 1965296 16249024 2399572
1786706946594 1965296 16249024 2399572
1786706946639 1965296 16249024 2399572
1786706946683 1965296 16249024 2399572
1786706946726 1965296 16249024 2399572
1786706946770 1965296 16249024 2399572
1786706946815 1965296 16249024 2399572
1786706946857 1965296 16249024 2399572
1786706946899 1965296 16249024 2399572
1786706946943 1965296 16249024 2399572
1786706946985 1965296 16249024 2399572
1786706947028 1965296 16249024 2399572
1786706947070 1965296 16249024 2399572
1786706947113 1965296 16249024 2399572
1786706947157 1965296 16249024 2399572
1786706947201 1965296 16249024 2399572
1786706947242 1965296 16249024 2399572
1786706947285 1965296 16249024 2399572
1786706947332 1965296 16249024 2399572
1786706947375 1965296 16249024 2399572
1786706947420 1965296 16249024 2399572
1786706947465 1965296 16249024 2399572
1786706947508 1965296 16249024 2399572
1786706947553 1965296 16249024 2399572
1786706947597 1965296 16249024 2399572
1786706947642 1965296 16249024 2399572
1786706947688 1965296 16249024 2399572
1786706947730 1965296 16249024 2399572
1786706947776 1965296 16249024 2399572
1786706947818 1965296 16249024 2399572
1786706947860 1965296 16249024 2399572
1786706947907 1965296 16249024 2399572
1786706947951 1965296 16249024 2399572
1786706947991 1965296 16249024 2399572
1786706948036 1965296 16249024 2399572
1786706948081 1965296 16249024 2399572
1786706948121 1965296 16249024 2399572
1786706948162 1965296 16249024 2399572
1786706948206 1965296 16249024 2399572
1786706948249 1965296 16249024 2399572
1786706948292 1965296 16249024 2399572
1786706948335 1965296 16249024 2399572
1786706948379 1965296 16249024 2399572
1786706948421 1965296 16249024 2399572
1786706948467 1965296 16249024 2399572
1786706948509 1965296 16249024 2399572
1786706948553 1965296 16249024 2399572
1786706948595 1965296 16249024 2399572
1786706948637 1965296 16249024 2399572
1786706948681 1965296 16249024 2399572
1786706948726 1965296 16249024 2399572
1786706948768 1965296 16249024 2399572
1786706948810 1965296 16249024 2399572
1786706948855 1965296 16249024 2399572
1786706948898 1965296 16249024 2399572
1786706948944 1965296 16249024 2399572
1786706948988 1965296 16249024 2399572
1786706949030 1965296 16249024 2399572
1786706949072 1965296 16249024 2399572
1786706949115 1965296 16249024 2399572
1786706949158 1965296 16249024 2399572
1786706949201 1965296 16249024 2399572
1786706949245 1965296 16249024 2399572
1786706949289 1965296 16249024 2399572
1786706949332 1965296 16249024 2399572
1786706949376 1965296 16249024 2399572
1786706949417 1965296 16249024 2399572
1786706949460 1965296 16249024 2399572
1786706949508 1965296 16249024 2399572
1786706949549 1965296 16249024 2399572
1786706949594 1965296 16249024 2399572
1786706949638 1965296 16249024 2399572
1786706949681 1965296 16249024 2399572
1786706949727 1965296 16249024 2399572
1786706949770 1965296 16249024 2399572
1786706949813 1965296 16249024 2399572
1786706949858 1965296 16249024 2399572
1786706949902 1965296 16249024 2399572
1786706949945 1965296 16249024 2399572
1786706949991 1965296 16249024 2399572
1786706950035 1965296 16249024 2399572
1786706950077 1965296 16249024 2399572
1786706950122 1965296 16249024 2399572
1786706950167 1965296 16249024 2399572
1786706950209 1965296 16249024 2399572
1786706950252 1965296 16249024 2399572
1786706950296 1965296 16249024 2399572
1786706950340 1965296 16249024 2399572
1786706950384 1965296 16249024 2399572
1786706950428 1965296 16249024 2399572
1786706950472 1965296 16249024 2399572
1786706950517 1965296 16249024 2399572
1786706950558 1965296 16249024 2399572
1786706950604 1965296 16249024 2399572
1786706950647 1965296 16249024 2399572
1786706950690 1965296 16249024 2399572
1786706950736 1965296 16249024 2399572
1786706950778 1965296 16249024 2399572
1786706950822 1965296 16249024 2399572
1786706950864 1965296 16249024 2399572
1786706950906 1965296 16249024 2399572
1786706950952 1965296 16249024 2399572
1786706950996 1965296 16249024 2399572
1786706951040 1965296 16249024 2399572
1786706951084 1965296 16249024 2399572
1786706951127 1965296 16249024 2399572
1786706951173 1965296 16249024 2399572
1786706951215 1965296 16249024 2399572
1786706951259 1965296 16249024 2399572
1786706951303 1965296 16249024 2399572
1786706951349 1965296 16249024 2399572
1786706951392 1965296 16249024 2399572
1786706951437 1965296 16249024 2399572
1786706951481 1965296 16249024 2399572
1786706951525 1965296 16249024 2399572
1786706951568 1965296 16249024 2399572
1786706951612 1965296 16249024 2399572
1786706951654 1965296 16249024 2399572
1786706951699 1965296 16249024 2399572
1786706951742 1965296 16249024 2399572
1786706951783 1965296 16249024 2399572
1786706951827 1965296 16249024 2399572
1786706951870 1965296 16249024 2399572
1786706951913 1965296 16249024 2399572
1786706951957 1965296 16249024 2399572
1786706952003 1965296 16249024 2399572
1786706952048 1965296 16249024 2399572
1786706952091 1965296 16249024 2399572
1786706952134 1965296 16249024 2399572
1786706952177 1965296 16249024 2399572
1786706952221 1965296 16249024 2399572
1786706952265 1965296 16249024 2399572
1786706952308 1965296 16249024 2399572
1786706952352 1965296 16249024 2399572
1786706952395 1965296 16249024 2399572
1786706952438 1965296 16249024 2399572
1786706952482 1965296 16249024 2399572
1786706952524 1965296 16249024 2399572
1786706952569 1965296 16249024 2399572
1786706952613 1965296 16249024 2399572
1786706952658 1965296 16249024 2399572
1786706952704 1965296 16249024 2399572
1786706952748 1965296 16249024 2399572
1786706952792 1965296 16249024 2399572
1786706952835 1965296 16249024 2399572
1786706952880 1965296 16249024 2399572
1786706952922 1965296 16249024 2399572
1786706952963 1965296 16249024 2399572
1786706953008 1965296 16249024 2399572
1786706953054 1965296 16249024 2399572
1786706953096 1965296 16249024 2399572
1786706953139 1965296 16249024 2399572
1786706953184 1965296 16249024 2399572
1786706953228 1965296 16249024 2399572
1786706953271 1965296 16249024 2399572
1786706953314 1965296 16249024 2399572
1786706953356 1965296 16249024 2399572
1786706953397 1965296 16249024 2399572
1786706953441 1965296 16249024 2399572
1786706953485 1965296 16249024 2399572
1786706953528 1965296 16249024 2399572
1786706953571 1965296 16249024 2399572
1786706953614 1965296 16249024 2399572
1786706953661 1965296 16249024 2399572
1786706953705 1965296 16249024 2399572
1786706953749 1965296 16249024 2399572
1786706953793 1965296 16249024 2399572
1786706953835 1965296 16249024 2399572
1786706953878 1965296 16249024 2399572
1786706953921 1965296 16249024 2399572
1786706953966 1965296 16249024 2399572
1786706954008 1965296 16249024 2399572
1786706954051 1965296 16249024 2399572
1786706954094 1965296 16249024 2399572
1786706954137 1965296 16249024 2399572
1786706954182 1965296 16249024 2399572
1786706954223 1965296 16249024 2399572
1786706954265 1965296 16249024 2399572
1786706954309 1965296 16249024 2399572
1786706954352 1965296 16249024 2399572
1786706954397 1965296 16249024 2399572
1786706954439 1965296 16249024 2399572
1786706954484 1965296 16249024 2399572
1786706954527 1965296 16249024 2399572
1786706954572 1965296 16249024 2399572
1786706954618 1965296 16249024 2399572
1786706954662 1965296 16249024 2399572
1786706954705 1965296 16249024 2399572
1786706954746 1965296 16249024 2399572
1786706954788 1965296 16249024 2399572
1786706954832 1965296 16249024 2399572
1786706954878 1965296 16249024 2399572
1786706954923 1965296 16249024 2399572
1786706954966 1965296 16249024 2399572
1786706955009 1965296 16249024 2399572
1786706955056 1965296 16249024 2399572
1786706955099 1965296 16249024 2399572
1786706955143 1965296 16249024 2399572
1786706955186 1965296 16249024 2399572
1786706955231 1965296 16249024 2399572
1786706955276 1965296 16249024 2399572
1786706955317 1965296 16249024 2399572
1786706955362 1965296 16249024 2399572
1786706955404 1965296 16249024 2399572
1786706955447 1965296 16249024 2399572
1786706955489 1965296 16249024 2399572
1786706955532 1965296 16249024 2399572
1786706955573 1965296 16249024 2399572
1786706955620 1965296 16249024 2399572
1786706955664 1965296 16249024 2399572
1786706955707 1965296 16249024 2399572
1786706955750 1965296 16249024 2399572
1786706955794 1965296 16249024 2399572
1786706955836 1965296 16249024 2399572
1786706955882 1965296 16249024 2399572
1786706955928 1965296 16249024 2399572
1786706955973 1965296 16249024 2399572
1786706956017 1965296 16249024 2399572
1786706956059 1965296 16249024 2399572
1786706956100 1965296 16249024 2399572
1786706956147 1965296 16249024 2399572
1786706956190 1965296 16249024 2399572
1786706956233 1965296 16249024 2399572
1786706956275 1965296 16249024 2399572
1786706956321 1965296 16249024 2399572
1786706956365 1965296 16249024 2399572
1786706956408 1965296 16249024 2399572
1786706956450 1965296 16249024 2399572
1786706956494 1965296 16249024 2399572
1786706956537 1965296 16249024 2399572
1786706956579 1965296 16249024 2399572
1786706956623 1965296 16249024 2399572
1786706956666 1965296 16249024 2399572
1786706956708 1965296 16249024 2399572
1786706956750 1965296 16249024 2399572
1786706956791 1965296 16249024 2399572
1786706956838 1965296 16249024 2399572
1786706956881 1965296 16249024 2399572
1786706956923 1965296 16249024 2399572
1786706956967 1965296 16249024 2399572
1786706957013 1965296 16249024 2399572
1786706957055 1965296 16249024 2399572
1786706957099 1965296 16249024 2399572
1786706957144 1965296 16249024 2399572
1786706957189 1965296 16249024 2399572
1786706957232 1965296 16249024 2399572
1786706957276 1965296 16249024 2399572
1786706957318 1965296 16249024 2399572
1786706957362 1965296 16249024 2399572
1786706957404 1965296 16249024 2399572
1786706957445 1965296 16249024 2399572
1786706957489 1965296 16249024 2399572
1786706957530 1965296 16249024 2399572
1786706957576 1965296 16249024 2399572
1786706957618 1965296 16249024 2399572
1786706957661 1965296 16249024 2399572
1786706957703 1965296 16249024 2399572
1786706957747 1965296 16249024 2399572
1786706957793 1965296 16249024 2399572
1786706957834 1965296 16249024 2399572
1786706957878 1965296 16249024 2399572
1786706957922 1965296 16249024 2399572
1786706957964 1965296 16249024 2399572
1786706958009 1965296 16249024 2399572
1786706958052 1965296 16249024 2399572
1786706958097 1965296 16249024 2399572
1786706958140 1965296 16249024 2399572
1786706958185 1965296 16249024 2399572
1786706958227 1965296 16249024 2399572
1786706958268 1965296 16249024 2399572
1786706958310 1965296 16249024 2399572
1786706958356 1965296 16249024 2399572
1786706958400 1965296 16249024 2399572
1786706958443 1965296 16249024 2399572
1786706958487 1965296 16249024 2399572
1786706958530 1965296 16249024 2399572
1786706958575 1965296 16249024 2399572
1786706958619 1965296 16249024 2399572
1786706958662 1965296 16249024 2399572
1786706958705 1965296 16249024 2399572
1786706958749 1965296 16249024 2399572
1786706958792 1965296 16249024 2399572
1786706958836 1965296 16249024 2399572
1786706958882 1965296 16249024 2399572
1786706958925 1965296 16249024 2399572
1786706958971 1965296 16249024 2399572
1786706959014 1965296 16249024 2399572
1786706959056 1965296 16249024 2399572
1786706959099 1965296 16249024 2399572
1786706959145 1965296 16249024 2399572
1786706959189 1965296 16249024 2399572
1786706959231 1965296 16249024 2399572
1786706959275 1965296 16249024 2399572
1786706959317 1965296 16249024 2399572
1786706959362 1965296 16249024 2399572
1786706959405 1965296 16249024 2399572
1786706959447 1965296 16249024 2399572
1786706959490 1965296 16249024 2399572
1786706959534 1965296 16249024 2399572
1786706959579 1965296 16249024 2399572
1786706959620 1965296 16249024 2399572
1786706959664 1965296 16249024 2399572
1786706959706 1965296 16249024 2399572
1786706959749 1965296 16249024 2399572
1786706959793 1965296 16249024 2399572
1786706959838 1965296 16249024 2399572
1786706959880 1965296 16249024 2399572
1786706959923 1965296 16249024 2399572
1786706959969 1965296 16249024 2399572
1786706960011 1965296 16249024 2399572
1786706960056 1965296 16249024 2399572
1786706960100 1965296 16249024 2399572
1786706960144 1965296 16249024 2399572
1786706960186 1965296 16249024 2399572
1786706960235 1965296 16249024 2399572
1786706960279 1965296 16249024 2399572
1786706960322 1965296 16249024 2399572
1786706960368 1965296 16249024 2399572
1786706960414 1965296 16249024 2399572
1786706960459 1965296 16249024 2399572
1786706960506 1965296 16249024 2399572
1786706960548 1965296 16249024 2399572
1786706960593 1965296 16249024 2399572
1786706960638 1965296 16249024 2399572
1786706960682 1965296 16249024 2399572
1786706960723 1965296 16249024 2399572
1786706960768 1965296 16249024 2399572
1786706960812 1965296 16249024 2399572
1786706960856 1965296 16249024 2399572
1786706960898 1965296 16249024 2399572
1786706960944 1965296 16249024 2399572
1786706960986 1965296 16249024 2399572
1786706961029 1965296 16249024 2399572
1786706961071 1965296 16249024 2399572
1786706961112 1965296 16249024 2399572
1786706961156 1965296 16249024 2399572
1786706961202 1965296 16249024 2399572
1786706961244 1965296 16249024 2399572
1786706961291 1965296 16249024 2399572
1786706961333 1965296 16249024 2399572
1786706961377 1965296 16249024 2399572
1786706961418 1965296 16249024 2399572
1786706961460 1965296 16249024 2399572
1786706961503 1965296 16249024 2399572
1786706961546 1965296 16249024 2399572
1786706961589 1965296 16249024 2399572
1786706961630 1965296 16249024 2399572
1786706961674 1965296 16249024 2399572
1786706961719 1965296 16249024 2399572
1786706961762 1965296 16249024 2399572
1786706961808 1965296 16249024 2399572
1786706961851 1965296 16249024 2399572
1786706961896 1965296 16249024 2399572
1786706961939 1965296 16249024 2399572
1786706961984 1965296 16249024 2399572
1786706962028 1965296 16249024 2399572
1786706962070 1965296 16249024 2399572
1786706962116 1965296 16249024 2399572
1786706962161 1965296 16249024 2399572
1786706962203 1965296 16249024 2399572
1786706962244 1965296 16249024 2399572
1786706962290 1965296 16249024 2399572
1786706962334 1965296 16249024 2399572
1786706962379 1965296 16249024 2399572
1786706962425 1965296 16249024 2399572
1786706962469 1965296 16249024 2399572
1786706962512 1965296 16249024 2399572
1786706962553 1965296 16249024 2399572
1786706962597 1965296 16249024 2399572
1786706962640 1965296 16249024 2399572
1786706962682 1965296 16249024 2399572
1786706962724 1965296 16249024 2399572
1786706962768 1965296 16249024 2399572
1786706962813 1965296 16249024 2399572
1786706962855 1965296 16249024 2399572
1786706962898 1965296 16249024 2399572
1786706962942 1965296 16249024 2399572
1786706962984 1965296 16249024 2399572
1786706963028 1965296 16249024 2399572
1786706963071 1965296 16249024 2399572
1786706963113 1965296 16249024 2399572
1786706963158 1965296 16249024 2399572
1786706963202 1965296 16249024 2399572
1786706963244 1965296 16249024 2399572
1786706963286 1965296 16249024 2399572
1786706963328 1965296 16249024 2399572
1786706963371 1965296 16249024 2399572
1786706963413 1965296 16249024 2399572
1786706963457 1965296 16249024 2399572
1786706963500 1965296 16249024 2399572
1786706963543 1965296 16249024 2399572
1786706963590 1965296 16249024 2399572
1786706963635 1965296 16249024 2399572
1786706963677 1965296 16249024 2399572
1786706963720 1965296 16249024 2399572
1786706963762 1965296 16249024 2399572
1786706963806 1965296 16249024 2399572
1786706963849 1965296 16249024 2399572
1786706963892 1965296 16249024 2399572
1786706963937 1965296 16249024 2399572
1786706963982 1965296 16249024 2399572
1786706964024 1965296 16249024 2399572
1786706964066 1965296 16249024 2399572
1786706964111 1965296 16249024 2399572
1786706964154 1965296 16249024 2399572
1786706964200 1965296 16249024 2399572
1786706964242 1965296 16249024 2399572
1786706964284 1965296 16249024 2399572
1786706964327 1965296 16249024 2399572
1786706964368 1965296 16249024 2399572
1786706964409 1965296 16249024 2399572
1786706964450 1965296 16249024 2399572
1786706964493 1965296 16249024 2399572
1786706964534 1965296 16249024 2399572
1786706964577 1965296 16249024 2399572
1786706964621 1965296 16249024 2399572
1786706964665 1965296 16249024 2399572
1786706964707 1965296 16249024 2399572
1786706964749 1965296 16249024 2399572
1786706964793 1965296 16249024 2399572
1786706964837 1965296 16249024 2399572
1786706964880 1965296 16249024 2399572
1786706964923 1965296 16249024 2399572
1786706964966 1965296 16249024 2399572
1786706965007 1965296 16249024 2399572
1786706965050 1965296 16249024 2399572
1786706965093 1965296 16249024 2399572
1786706965136 1965296 16249024 2399572
1786706965178 1965296 16249024 2399572
1786706965221 1965296 16249024 2399572
1786706965265 1965296 16249024 2399572
1786706965309 1965296 16249024 2399572
1786706965352 1965296 16249024 2399572
1786706965395 1965296 16249024 2399572
1786706965438 1965296 16249024 2399572
1786706965480 1965296 16249024 2399572
1786706965524 1965296 16249024 2399572
1786706965567 1965296 16249024 2399572
1786706965611 1965296 16249024 2399572
1786706965653 1965296 16249024 2399572
1786706965697 1965296 16249024 2399572
1786706965741 1965296 16249024 2399572
1786706965785 1965296 16249024 2399572
1786706965827 1965296 16249024 2399572
1786706965868 1965296 16249024 2399572
1786706965911 1965296 16249024 2399572
1786706965956 1965296 16249024 2399572
1786706966000 1965296 16249024 2399572
1786706966040 1965296 16249024 2399572
1786706966084 1965296 16249024 2399572
1786706966126 1965296 16249024 2399572
1786706966169 1965296 16249024 2399572
1786706966211 1965296 16249024 2399572
1786706966255 1965296 16249024 2399572
1786706966297 1965296 16249024 2399572
1786706966339 1965296 16249024 2399572
1786706966382 1965296 16249024 2399572
1786706966425 1965296 16249024 2399572
1786706966467 1965296 16249024 2399572
1786706966508 1965296 16249024 2399572
1786706966551 1965296 16249024 2399572
1786706966593 1965296 16249024 2399572
1786706966636 1965296 16249024 2399572
1786706966679 1965296 16249024 2399572
1786706966722 1965296 16249024 2399572
1786706966766 1965296 16249024 2399572
1786706966808 1965296 16249024 2399572
1786706966851 1965296 16249024 2399572
1786706966894 1965296 16249024 2399572
1786706966935 1965296 16249024 2399572
1786706966978 1965296 16249024 2399572
1786706967022 1965296 16249024 2399572
1786706967065 1965296 16249024 2399572
1786706967107 1965296 16249024 2399572
1786706967151 1965296 16249024 2399572
1786706967193 1965296 16249024 2399572
1786706967235 1965296 16249024 2399572
1786706967278 1965296 16249024 2399572
1786706967319 1965296 16249024 2399572
1786706967361 1965296 16249024 2399572
1786706967405 1965296 16249024 2399572
1786706967449 1965296 16249024 2399572
1786706967491 1965296 16249024 2399572
1786706967534 1965296 16249024 2399572
1786706967577 1965296 16249024 2399572
1786706967619 1965296 16249024 2399572
1786706967663 1965296 16249024 2399572
1786706967705 1965296 16249024 2399572
1786706967750 1965296 16249024 2399572
1786706967791 1965296 16249024 2399572
1786706967833 1965296 16249024 2399572
1786706967874 1965296 16249024 2399572
1786706967918 1965296 16249024 2399572
1786706967961 1965296 16249024 2399572
1786706968005 1965296 16249024 2399572
1786706968048 1965296 16249024 2399572
1786706968090 1965296 16249024 2399572
1786706968132 1965296 16249024 2399572
1786706968175 1965296 16249024 2399572
1786706968218 1965296 16249024 2399572
1786706968262 1965296 16249024 2399572
1786706968305 1965296 16249024 2399572
1786706968348 1965296 16249024 2399572
1786706968391 1965296 16249024 2399572
1786706968433 1965296 16249024 2399572
1786706968475 1965296 16249024 2399572
1786706968518 1965296 16249024 2399572
1786706968561 1965296 16249024 2399572
1786706968603 1965296 16249024 2399572
1786706968646 1965296 16249024 2399572
1786706968687 1965296 16249024 2399572
1786706968729 1965296 16249024 2399572
1786706968773 1965296 16249024 2399572
1786706968817 1965296 16249024 2399572
1786706968859 1965296 16249024 2399572
1786706968902 1965296 16249024 2399572
1786706968945 1965296 16249024 2399572
1786706968986 1965296 16249024 2399572
1786706969028 1965296 16249024 2399572
1786706969069 1965296 16249024 2399572
1786706969114 1965296 16249024 2399572
1786706969156 1965296 16249024 2399572
1786706969200 1965296 16249024 2399572
1786706969244 1965296 16249024 2399572
1786706969287 1965296 16249024 2399572
1786706969330 1965296 16249024 2399572
1786706969374 1965296 16249024 2399572
1786706969416 1965296 16249024 2399572
1786706969459 1965296 16249024 2399572
1786706969503 1965296 16249024 2399572
1786706969545 1965296 16249024 2399572
1786706969589 1965296 16249024 2399572
1786706969633 1965296 16249024 2399572
1786706969674 1965296 16249024 2399572
1786706969716 1965296 16249024 2399572
1786706969760 1965296 16249024 2399572
1786706969802 1965296 16249024 2399572
1786706969844 1965296 16249024 2399572
1786706969888 1965296 16249024 2399572
1786706969931 1965296 16249024 2399572
1786706969973 1965296 16249024 2399572
1786706970015 1965296 16249024 2399572
1786706970059 1965296 16249024 2399572
1786706970102 1965296 16249024 2399572
1786706970145 1965296 16249024 2399572
1786706970187 1965296 16249024 2399572
1786706970230 1965296 16249024 2399572
1786706970271 1965296 16249024 2399572
1786706970315 1965296 16249024 2399572
1786706970358 1965296 16249024 2399572
1786706970399 1965296 16249024 2399572
1786706970443 1965296 16249024 2399572
1786706970485 1965296 16249024 2399572
1786706970527 1965296 16249024 2399572
1786706970570 1965296 16249024 2399572
1786706970613 1965296 16249024 2399572
1786706970654 1965296 16249024 2399572
1786706970696 1965296 16249024 2399572
1786706970738 1965296 16249024 2399572
1786706970781 1965296 16249024 2399572
1786706970823 1965296 16249024 2399572
1786706970864 1965296 16249024 2399572
1786706970906 1965296 16249024 2399572
1786706970948 1965296 16249024 2399572
1786706970989 1965296 16249024 2399572
1786706971033 1965296 16249024 2399572
1786706971076 1965296 16249024 2399572
1786706971117 1965296 16249024 2399572
1786706971159 1965296 16249024 2399572
1786706971200 1965296 16249024 2399572
1786706971242 1965296 16249024 2399572
1786706971284 1965296 16249024 2399572
1786706971327 1965296 16249024 2399572
1786706971369 1965296 16249024 2399572
1786706971411 1965296 16249024 2399572
1786706971452 1965296 16249024 2399572
1786706971494 1965296 16249024 2399572
1786706971535 1965296 16249024 2399572
1786706971578 1965296 16249024 2399572
1786706971620 1965296 16249024 2399572
1786706971662 1965296 16249024 2399572
1786706971705 1965296 16249024 2399572
1786706971747 1965296 16249024 2399572
1786706971787 1965296 16249024 2399572
1786706971829 1965296 16249024 2399572
1786706971870 1965296 16249024 2399572
1786706971912 1965296 16249024 2399572
1786706971952 1965296 16249024 2399572
1786706971995 1965296 16249024 2399572
1786706972036 1965296 16249024 2399572
1786706972077 1965296 16249024 2399572
1786706972117 1965296 16249024 2399572
1786706972157 1965296 16249024 2399572
1786706972199 1965296 16249024 2399572
1786706972240 1965296 16249024 2399572
1786706972283 1965296 16249024 2399572
1786706972323 1965296 16249024 2399572
1786706972364 1965296 16249024 2399572
1786706972405 1965296 16249024 2399572
1786706972448 1965296 16249024 2399572
1786706972489 1965296 16249024 2399572
1786706972530 1965296 16249024 2399572
1786706972572 1965296 16249024 2399572
1786706972614 1965296 16249024 2399572
1786706972655 1965296 16249024 2399572
1786706972695 1965296 16249024 2399572
1786706972737 1965296 16249024 2399572
1786706972777 1965296 16249024 2399572
1786706972818 1965296 16249024 2399572
1786706972859 1965296 16249024 2399572
1786706972901 1965296 16249024 2399572
1786706972942 1965296 16249024 2399572
1786706972982 1965296 16249024 2399572
1786706973025 1965296 16249024 2399572
1786706973067 1965296 16249024 2399572
1786706973107 1965296 16249024 2399572
1786706973148 1965296 16249024 2399572
1786706973190 1965296 16249024 2399572
1786706973229 1965296 16249024 2399572
1786706973268 1965296 16249024 2399572
1786706973308 1965296 16249024 2399572
1786706973347 1965296 16249024 2399572
1786706973389 1965296 16249024 2399572
1786706973430 1965296 16249024 2399572
1786706973472 1965296 16249024 2399572
1786706973516 1965296 16249024 2399572
1786706973557 1965296 16249024 2399572
1786706973598 1965296 16249024 2399572
1786706973639 1965296 16249024 2399572
1786706973679 1965296 16249024 2399572
1786706973722 1965296 16249024 2399572
1786706973763 1965296 16249024 2399572
1786706973803 1965296 16249024 2399572
1786706973844 1965296 16249024 2399572
1786706973885 1965296 16249024 2399572
1786706973926 1965296 16249024 2399572
1786706973968 1965296 16249024 2399572
1786706974009 1965296 16249024 2399572
1786706974049 1965296 16249024 2399572
1786706974091 1965296 16249024 2399572
1786706974130 1965296 16249024 2399572
1786706974172 1965296 16249024 2399572
1786706974214 1965296 16249024 2399572
1786706974257 1965296 16249024 2399572
1786706974298 1965296 16249024 2399572
1786706974338 1965296 16249024 2399572
1786706974380 1965296 16249024 2399572
1786706974421 1965296 16249024 2399572
1786706974463 1965296 16249024 2399572
1786706974505 1965296 16249024 2399572
1786706974547 1965296 16249024 2399572
1786706974589 1965296 16249024 2399572
1786706974632 1965296 16249024 2399572
1786706974676 1965296 16249024 2399572
1786706974720 1965296 16249024 2399572
1786706974761 1965296 16249024 2399572
1786706974802 1965296 16249024 2399572
1786706974843 1965296 16249024 2399572
1786706974884 1965296 16249024 2399572
1786706974925 1965296 16249024 2399572
1786706974966 1965296 16249024 2399572
1786706975008 1965296 16249024 2399572
1786706975050 1965296 16249024 2399572
1786706975092 1965296 16249024 2399572
1786706975132 1965296 16249024 2399572
1786706975174 1965296 16249024 2399572
1786706975215 1965296 16249024 2399572
1786706975256 1965296 16249024 2399572
1786706975299 1965296 16249024 2399572
1786706975340 1965296 16249024 2399572
1786706975384 1965296 16249024 2399572
1786706975426 1965296 16249024 2399572
1786706975469 1965296 16249024 2399572
1786706975510 1965296 16249024 2399572
1786706975552 1965296 16249024 2399572
1786706975593 1965296 16249024 2399572
1786706975634 1965296 16249024 2399572
1786706975676 1965296 16249024 2399572
1786706975719 1965296 16249024 2399572
1786706975759 1965296 16249024 2399572
1786706975801 1965296 16249024 2399572
1786706975844 1965296 16249024 2399572
1786706975888 1965296 16249024 2399572
1786706975931 1965296 16249024 2399572
1786706975973 1965296 16249024 2399572
1786706976016 1965296 16249024 2399572
1786706976059 1965296 16249024 2399572
1786706976102 1965296 16249024 2399572
1786706976146 1965296 16249024 2399572
1786706976190 1965296 16249024 2399572
1786706976234 1965296 16249024 2399572
1786706976278 1965296 16249024 2399572
1786706976321 1965296 16249024 2399572
1786706976364 1965296 16249024 2399572
1786706976405 1965296 16249024 2399572
1786706976447 1965296 16249024 2399572
1786706976492 1965296 16249024 2399572
1786706976536 1965296 16249024 2399572
1786706976580 1965296 16249024 2399572
1786706976621 1965296 16249024 2399572
1786706976662 1965296 16249024 2399572
1786706976705 1965296 16249024 2399572
1786706976749 1965296 16249024 2399572
1786706976791 1965296 16249024 2399572
1786706976835 1965296 16249024 2399572
1786706976877 1965296 16249024 2399572
1786706976918 1965296 16249024 2399572
1786706976960 1965296 16249024 2399572
1786706977002 1965296 16249024 2399572
1786706977046 1965296 16249024 2399572
1786706977089 1965296 16249024 2399572
1786706977131 1965296 16249024 2399572
1786706977173 1965296 16249024 2399572
1786706977215 1965296 16249024 2399572
1786706977256 1965296 16249024 2399572
1786706977298 1965296 16249024 2399572
1786706977340 1965296 16249024 2399572
1786706977383 1965296 16249024 2399572
1786706977424 1965296 16249024 2399572
1786706977466 1965296 16249024 2399572
1786706977506 1965296 16249024 2399572
1786706977547 1965296 16249024 2399572
1786706977590 1965296 16249024 2399572
1786706977631 1965296 16249024 2399572
1786706977673 1965296 16249024 2399572
1786706977715 1965296 16249024 2399572
1786706977755 1965296 16249024 2399572
1786706977797 1965296 16249024 2399572
1786706977839 1965296 16249024 2399572
1786706977884 1965296 16249024 2399572
1786706977927 1965296 16249024 2399572
1786706977969 1965296 16249024 2399572
1786706978013 1965296 16249024 2399572
1786706978055 1965296 16249024 2399572
1786706978096 1965296 16249024 2399572
1786706978136 1965296 16249024 2399572
1786706978178 1965296 16249024 2399572
1786706978221 1965296 16249024 2399572
1786706978262 1965296 16249024 2399572
1786706978303 1965296 16249024 2399572
1786706978345 1965296 16249024 2399572
1786706978388 1965296 16249024 2399572
1786706978428 1965296 16249024 2399572
1786706978469 1965296 16249024 2399572
1786706978512 1965296 16249024 2399572
1786706978553 1965296 16249024 2399572
1786706978594 1965296 16249024 2399572
1786706978634 1965296 16249024 2399572
1786706978675 1965296 16249024 2399572
1786706978716 1965296 16249024 2399572
1786706978758 1965296 16249024 2399572
1786706978798 1965296 16249024 2399572
1786706978841 1965296 16249024 2399572
1786706978885 1965296 16249024 2399572
1786706978928 1965296 16249024 2399572
1786706978970 1965296 16249024 2399572
1786706979012 1965296 16249024 2399572
1786706979054 1965296 16249024 2399572
1786706979096 1965296 16249024 2399572
1786706979139 1965296 16249024 2399572
1786706979182 1965296 16249024 2399572
1786706979224 1965296 16249024 2399572
1786706979268 1965296 16249024 2399572
1786706979313 1965296 16249024 2399572
1786706979353 1965296 16249024 2399572
1786706979396 1965296 16249024 2399572
1786706979437 1965296 16249024 2399572
1786706979477 1965296 16249024 2399572
1786706979518 1965296 16249024 2399572
1786706979561 1965296 16249024 2399572
1786706979604 1965296 16249024 2399572
1786706979647 1965296 16249024 2399572
1786706979690 1965296 16249024 2399572
1786706979733 1965296 16249024 2399572
1786706979775 1965296 16249024 2399572
1786706979817 1965296 16249024 2399572
1786706979859 1965296 16249024 2399572
1786706979901 1965296 16249024 2399572
1786706979945 1965296 16249024 2399572
1786706979985 1965296 16249024 2399572
1786706980028 1965296 16249024 2399572
1786706980070 1965296 16249024 2399572
1786706980110 1965296 16249024 2399572
1786706980152 1965296 16249024 2399572
1786706980194 1965296 16249024 2399572
1786706980237 1965296 16249024 2399572
1786706980278 1965296 16249024 2399572
1786706980318 1965296 16249024 2399572
1786706980362 1965296 16249024 2399572
1786706980402 1965296 16249024 2399572
1786706980443 1965296 16249024 2399572
1786706980485 1965296 16249024 2399572
1786706980528 1965296 16249024 2399572
1786706980569 1965296 16249024 2399572
1786706980611 1965296 16249024 2399572
1786706980653 1965296 16249024 2399572
1786706980694 1965296 16249024 2399572
1786706980735 1965296 16249024 2399572
1786706980778 1965296 16249024 2399572
1786706980820 1965296 16249024 2399572
1786706980863 1965296 16249024 2399572
1786706980907 1965296 16249024 2399572
1786706980949 1965296 16249024 2399572
1786706980991 1965296 16249024 2399572
1786706981035 1965296 16249024 2399572
1786706981080 1965296 16249024 2399572
1786706981122 1965296 16249024 2399572
1786706981164 1965296 16249024 2399572
1786706981208 1965296 16249024 2399572
1786706981252 1965296 16249024 2399572
1786706981296 1965296 16249024 2399572
1786706981340 1965296 16249024 2399572
1786706981382 1965296 16249024 2399572
1786706981427 1965296 16249024 2399572
1786706981474 1965296 16249024 2399572
1786706981517 1965296 16249024 2399572
1786706981558 1965296 16249024 2399572
1786706981603 1965296 16249024 2399572
1786706981648 1965296 16249024 2399572
1786706981692 1965296 16249024 2399572
1786706981735 1965296 16249024 2399572
1786706981779 1965296 16249024 2399572
1786706981823 1965296 16249024 2399572
1786706981864 1965296 16249024 2399572
1786706981911 1965296 16249024 2399572
1786706981955 1965296 16249024 2399572
1786706981997 1965296 16249024 2399572
1786706982043 1965296 16249024 2399572
1786706982088 1965296 16249024 2399572
1786706982132 1965296 16249024 2399572
1786706982175 1965296 16249024 2399572
1786706982220 1965296 16249024 2399572
1786706982265 1965296 16249024 2399572
1786706982310 1965296 16249024 2399572
1786706982354 1965296 16249024 2399572
1786706982400 1965296 16249024 2399572
1786706982442 1965296 16249024 2399572
1786706982483 1965296 16249024 2399572
1786706982525 1965296 16249024 2399572
1786706982567 1965296 16249024 2399572
1786706982608 1965296 16249024 2399572
1786706982648 1965296 16249024 2399572
1786706982688 1965296 16249024 2399572
1786706982727 1965296 16249024 2399572
1786706982767 1965296 16249024 2399572
1786706982809 1965296 16249024 2399572
1786706982850 1965296 16249024 2399572
1786706982892 1965296 16249024 2399572
1786706982932 1965296 16249024 2399572
1786706982974 1965296 16249024 2399572
1786706983014 1965296 16249024 2399572
1786706983055 1965296 16249024 2399572
1786706983097 1965296 16249024 2399572
1786706983137 1965296 16249024 2399572
1786706983180 1965296 16249024 2399572
1786706983223 1965296 16249024 2399572
1786706983265 1965296 16249024 2399572
1786706983307 1965296 16249024 2399572
1786706983351 1965296 16249024 2399572
1786706983396 1965296 16249024 2399572
1786706983439 1965296 16249024 2399572
1786706983479 1965296 16249024 2399572
1786706983520 1965296 16249024 2399572
1786706983561 1965296 16249024 2399572
1786706983602 1965296 16249024 2399572
1786706983643 1965296 16249024 2399572
1786706983684 1965296 16249024 2399572
1786706983726 1965296 16249024 2399572
1786706983766 1965296 16249024 2399572
1786706983807 1965296 16249024 2399572
1786706983849 1965296 16249024 2399572
1786706983893 1965296 16249024 2399572
1786706983937 1965296 16249024 2399572
1786706983982 1965296 16249024 2399572
1786706984025 1965296 16249024 2399572
1786706984071 1965296 16249024 2399572
1786706984116 1965296 16249024 2399572
1786706984159 1965296 16249024 2399572
1786706984204 1965296 16249024 2399572
1786706984247 1965296 16249024 2399572
1786706984291 1965296 16249024 2399572
1786706984334 1965296 16249024 2399572
1786706984380 1965296 16249024 2399572
1786706984424 1965296 16249024 2399572
1786706984465 1965296 16249024 2399572
1786706984509 1965296 16249024 2399572
1786706984553 1965296 16249024 2399572
1786706984597 1965296 16249024 2399572
1786706984643 1965296 16249024 2399572
1786706984686 1965296 16249024 2399572
1786706984727 1965296 16249024 2399572
1786706984771 1965296 16249024 2399572
1786706984814 1965296 16249024 2399572
1786706984857 1965296 16249024 2399572
1786706984898 1965296 16249024 2399572
1786706984940 1965296 16249024 2399572
1786706984981 1965296 16249024 2399572
1786706985022 1965296 16249024 2399572
1786706985065 1965296 16249024 2399572
1786706985106 1965296 16249024 2399572
1786706985147 1965296 16249024 2399572
1786706985190 1965296 16249024 2399572
1786706985231 1965296 16249024 2399572
1786706985272 1965296 16249024 2399572
1786706985316 1965296 16249024 2399572
1786706985357 1965296 16249024 2399572
1786706985398 1965296 16249024 2399572
1786706985441 1965296 16249024 2399572
1786706985483 1965296 16249024 2399572
1786706985525 1965296 16249024 2399572
1786706985566 1965296 16249024 2399572
1786706985609 1965296 16249024 2399572
1786706985649 1965296 16249024 2399572
1786706985692 1965296 16249024 2399572
1786706985734 1965296 16249024 2399572
1786706985776 1965296 16249024 2399572
1786706985816 1965296 16249024 2399572
1786706985856 1965296 16249024 2399572
1786706985896 1965296 16249024 2399572
1786706985940 1965296 16249024 2399572
1786706985982 1965296 16249024 2399572
1786706986024 1965296 16249024 2399572
1786706986065 1965296 16249024 2399572
1786706986109 1965296 16249024 2399572
1786706986151 1965296 16249024 2399572
1786706986191 1965296 16249024 2399572
1786706986231 1965296 16249024 2399572
1786706986274 1965296 16249024 2399572
1786706986315 1965296 16249024 2399572
1786706986357 1965296 16249024 2399572
1786706986398 1965296 16249024 2399572
1786706986440 1965296 16249024 2399572
1786706986481 1965296 16249024 2399572
1786706986520 1965296 16249024 2399572
1786706986562 1965296 16249024 2399572
1786706986604 1965296 16249024 2399572
1786706986645 1965296 16249024 2399572
1786706986686 1965296 16249024 2399572
1786706986726 1965296 16249024 2399572
1786706986766 1965296 16249024 2399572
1786706986806 1965296 16249024 2399572
1786706986846 1965296 16249024 2399572
1786706986888 1965296 16249024 2399572
1786706986929 1965296 16249024 2399572
1786706986971 1965296 16249024 2399572
1786706987013 1965296 16249024 2399572
1786706987056 1965296 16249024 2399572
1786706987099 1965296 16249024 2399572
1786706987140 1965296 16249024 2399572
1786706987182 1965296 16249024 2399572
1786706987228 1965296 16249024 2399572
1786706987272 1965296 16249024 2399572
1786706987315 1965296 16249024 2399572
1786706987361 1965296 16249024 2399572
1786706987403 1965296 16249024 2399572
1786706987444 1965296 16249024 2399572
1786706987486 1965296 16249024 2399572
1786706987531 1965296 16249024 2399572
1786706987576 1965296 16249024 2399572
1786706987621 1965296 16249024 2399572
1786706987665 1965296 16249024 2399572
1786706987710 1965296 16249024 2399572
1786706987755 1965296 16249024 2399572
1786706987800 1965296 16249024 2399572
1786706987843 1965296 16249024 2399572
1786706987888 1965296 16249024 2399572
1786706987931 1965296 16249024 2399572
1786706987974 1965296 16249024 2399572
1786706988019 1965296 16249024 2399572
1786706988063 1965296 16249024 2399572
1786706988106 1965296 16249024 2399572
1786706988149 1965296 16249024 2399572
1786706988194 1965296 16249024 2399572
1786706988239 1965296 16249024 2399572
1786706988286 1965296 16249024 2399572
1786706988330 1965296 16249024 2399572
1786706988376 1965296 16249024 2399572
1786706988423 1965296 16249024 2399572
1786706988467 1965296 16249024 2399572
1786706988511 1965296 16249024 2399572
1786706988553 1965296 16249024 2399572
1786706988598 1965296 16249024 2399572
1786706988642 1965296 16249024 2399572
1786706988688 1965296 16249024 2399572
1786706988733 1965296 16249024 2399572
1786706988777 1965296 16249024 2399572
1786706988820 1965296 16249024 2399572
1786706988864 1965296 16249024 2399572
1786706988907 1965296 16249024 2399572
1786706988952 1965296 16249024 2399572
1786706988998 1965296 16249024 2399572
1786706989040 1965296 16249024 2399572
1786706989082 1965296 16249024 2399572
1786706989123 1965296 16249024 2399572
1786706989167 1965296 16249024 2399572
1786706989211 1965296 16249024 2399572
1786706989254 1965296 16249024 2399572
1786706989299 1965296 16249024 2399572
1786706989344 1965296 16249024 2399572
1786706989387 1965296 16249024 2399572
1786706989430 1965296 16249024 2399572
1786706989473 1965296 16249024 2399572
1786706989517 1965296 16249024 2399572
1786706989562 1965296 16249024 2399572
1786706989607 1965296 16249024 2399572
1786706989653 1965296 16249024 2399572
1786706989701 1965296 16249024 2399572
1786706989743 1965296 16249024 2399572
1786706989786 1965296 16249024 2399572
1786706989832 1965296 16249024 2399572
1786706989874 1965296 16249024 2399572
1786706989916 1965296 16249024 2399572
1786706989959 1965296 16249024 2399572
1786706990004 1965296 16249024 2399572
1786706990050 1965296 16249024 2399572
1786706990094 1965296 16249024 2399572
1786706990138 1965296 16249024 2399572
1786706990185 1965296 16249024 2399572
1786706990226 1965296 16249024 2399572
1786706990269 1965296 16249024 2399572
1786706990314 1965296 16249024 2399572
1786706990358 1965296 16249024 2399572
1786706990403 1965296 16249024 2399572
1786706990444 1965296 16249024 2399572
1786706990486 1965296 16249024 2399572
1786706990531 1965296 16249024 2399572
1786706990577 1965296 16249024 2399572
1786706990621 1965296 16249024 2399572
1786706990663 1965296 16249024 2399572
1786706990708 1965296 16249024 2399572
1786706990754 1965296 16249024 2399572
1786706990800 1965296 16249024 2399572
1786706990842 1965296 16249024 2399572
1786706990883 1965296 16249024 2399572
1786706990928 1965296 16249024 2399572
1786706990974 1965296 16249024 2399572
1786706991020 1965296 16249024 2399572
1786706991067 1965296 16249024 2399572
1786706991114 1965296 16249024 2399572
1786706991158 1965296 16249024 2399572
1786706991203 1965296 16249024 2399572
1786706991248 1965296 16249024 2399572
1786706991296 1965296 16249024 2399572
1786706991342 1965296 16249024 2399572
1786706991387 1965296 16249024 2399572
1786706991433 1965296 16249024 2399572
1786706991477 1965296 16249024 2399572
1786706991521 1965296 16249024 2399572
1786706991564 1965296 16249024 2399572
1786706991612 1965296 16249024 2399572
1786706991658 1965296 16249024 2399572
1786706991700 1965296 16249024 2399572
1786706991743 1965296 16249024 2399572
1786706991786 1965296 16249024 2399572
1786706991831 1965296 16249024 2399572
1786706991873 1965296 16249024 2399572
1786706991914 1965296 16249024 2399572
1786706991957 1965296 16249024 2399572
1786706992002 1965296 16249024 2399572
1786706992047 1965296 16249024 2399572
1786706992090 1965296 16249024 2399572
1786706992136 1965296 16249024 2399572
1786706992181 1965296 16249024 2399572
1786706992223 1965296 16249024 2399572
1786706992269 1965296 16249024 2399572
1786706992317 1965296 16249024 2399572
1786706992363 1965296 16249024 2399572
1786706992408 1965296 16249024 2399572
1786706992453 1965296 16249024 2399572
1786706992497 1965296 16249024 2399572
1786706992540 1965296 16249024 2399572
1786706992581 1965296 16249024 2399572
1786706992628 1965296 16249024 2399572
1786706992674 1965296 16249024 2399572
1786706992717 1965296 16249024 2399572
1786706992758 1965296 16249024 2399572
1786706992803 1965296 16249024 2399572
1786706992847 1965296 16249024 2399572
1786706992891 1965296 16249024 2399572
1786706992937 1965296 16249024 2399572
1786706992983 1965296 16249024 2399572
1786706993029 1965296 16249024 2399572
1786706993076 1965296 16249024 2399572
1786706993122 1965296 16249024 2399572
1786706993168 1965296 16249024 2399572
1786706993214 1965296 16249024 2399572
1786706993259 1965296 16249024 2399572
1786706993301 1965296 16249024 2399572
1786706993345 1965296 16249024 2399572
1786706993389 1965296 16249024 2399572
1786706993433 1965296 16249024 2399572
1786706993476 1965296 16249024 2399572
1786706993518 1965296 16249024 2399572
1786706993562 1965296 16249024 2399572
1786706993609 1965296 16249024 2399572
1786706993654 1965296 16249024 2399572
1786706993698 1965296 16249024 2399572
1786706993743 1965296 16249024 2399572
1786706993787 1965296 16249024 2399572
1786706993832 1965296 16249024 2399572
1786706993878 1965296 16249024 2399572
1786706993923 1965296 16249024 2399572
1786706993969 1965296 16249024 2399572
1786706994016 1965296 16249024 2399572
1786706994062 1965296 16249024 2399572
1786706994107 1965296 16249024 2399572
1786706994151 1965296 16249024 2399572
1786706994194 1965296 16249024 2399572
1786706994236 1965296 16249024 2399572
1786706994281 1965296 16249024 2399572
1786706994326 1965296 16249024 2399572
1786706994374 1965296 16249024 2399572
1786706994420 1965296 16249024 2399572
1786706994465 1965296 16249024 2399572
1786706994510 1965296 16249024 2399572
1786706994557 1965296 16249024 2399572
1786706994601 1965296 16249024 2399572
1786706994649 1965296 16249024 2399572
1786706994694 1965296 16249024 2399572
1786706994740 1965296 16249024 2399572
1786706994785 1965296 16249024 2399572
1786706994831 1965296 16249024 2399572
1786706994875 1965296 16249024 2399572
1786706994921 1965296 16249024 2399572
1786706994967 1965296 16249024 2399572
1786706995013 1965296 16249024 2399572
1786706995057 1965296 16249024 2399572
1786706995104 1965296 16249024 2399572
1786706995150 1965296 16249024 2399572
1786706995196 1965296 16249024 2399572
1786706995244 1965296 16249024 2399572
1786706995288 1965296 16249024 2399572
1786706995332 1965296 16249024 2399572
1786706995373 1965296 16249024 2399572
1786706995415 1965296 16249024 2399572
1786706995458 1965296 16249024 2399572
1786706995499 1965296 16249024 2399572
1786706995538 1965296 16249024 2399572
1786706995580 1965296 16249024 2399572
1786706995621 1965296 16249024 2399572
1786706995662 1965296 16249024 2399572
1786706995703 1965296 16249024 2399572
1786706995746 1965296 16249024 2399572
1786706995787 1965296 16249024 2399572
1786706995829 1965296 16249024 2399572
1786706995869 1965296 16249024 2399572
1786706995911 1965296 16249024 2399572
1786706995953 1965296 16249024 2399572
1786706995996 1965296 16249024 2399572
1786706996038 1965296 16249024 2399572
1786706996078 1965296 16249024 2399572
1786706996122 1965296 16249024 2399572
1786706996164 1965296 16249024 2399572
1786706996205 1965296 16249024 2399572
1786706996244 1965296 16249024 2399572
1786706996285 1965296 16249024 2399572
1786706996325 1965296 16249024 2399572
1786706996366 1965296 16249024 2399572
1786706996406 1965296 16249024 2399572
1786706996448 1965296 16249024 2399572
1786706996489 1965296 16249024 2399572
1786706996530 1965296 16249024 2399572
1786706996571 1965296 16249024 2399572
1786706996611 1965296 16249024 2399572
1786706996654 1965296 16249024 2399572
1786706996695 1965296 16249024 2399572
1786706996736 1965296 16249024 2399572
1786706996776 1965296 16249024 2399572
1786706996816 1965296 16249024 2399572
1786706996856 1965296 16249024 2399572
1786706996897 1965296 16249024 2399572
1786706996938 1965296 16249024 2399572
1786706996979 1965296 16249024 2399572
1786706997020 1965296 16249024 2399572
1786706997062 1965296 16249024 2399572
1786706997105 1965296 16249024 2399572
1786706997146 1965296 16249024 2399572
1786706997186 1965296 16249024 2399572
1786706997230 1965296 16249024 2399572
1786706997274 1965296 16249024 2399572
1786706997316 1965296 16249024 2399572
1786706997359 1965296 16249024 2399572
1786706997404 1965296 16249024 2399572
1786706997446 1965296 16249024 2399572
1786706997488 1965296 16249024 2399572
1786706997528 1965296 16249024 2399572
1786706997572 1965296 16249024 2399572
1786706997615 1965296 16249024 2399572
1786706997655 1965296 16249024 2399572
1786706997696 1965296 16249024 2399572
1786706997740 1965296 16249024 2399572
1786706997783 1965296 16249024 2399572
1786706997827 1965296 16249024 2399572
1786706997871 1965296 16249024 2399572
1786706997914 1965296 16249024 2399572
1786706997957 1965296 16249024 2399572
1786706998000 1965296 16249024 2399572
1786706998043 1965296 16249024 2399572
1786706998085 1965296 16249024 2399572
1786706998127 1965296 16249024 2399572
1786706998169 1965296 16249024 2399572
1786706998210 1965296 16249024 2399572
1786706998251 1965296 16249024 2399572
1786706998293 1965296 16249024 2399572
1786706998334 1965296 16249024 2399572
1786706998374 1965296 16249024 2399572
1786706998414 1965296 16249024 2399572
1786706998458 1965296 16249024 2399572
1786706998502 1965296 16249024 2399572
1786706998546 1965296 16249024 2399572
1786706998589 1965296 16249024 2399572
1786706998629 1965296 16249024 2399572
1786706998670 1965296 16249024 2399572
1786706998712 1965296 16249024 2399572
1786706998753 1965296 16249024 2399572
1786706998796 1965296 16249024 2399572
1786706998838 1965296 16249024 2399572
1786706998879 1965296 16249024 2399572
1786706998921 1965296 16249024 2399572
1786706998963 1965296 16249024 2399572
1786706999005 1965296 16249024 2399572
1786706999045 1965296 16249024 2399572
1786706999085 1965296 16249024 2399572
1786706999126 1965296 16249024 2399572
1786706999167 1965296 16249024 2399572
1786706999210 1965296 16249024 2399572
1786706999253 1965296 16249024 2399572
1786706999296 1965296 16249024 2399572
1786706999337 1965296 16249024 2399572
1786706999379 1965296 16249024 2399572
1786706999419 1965296 16249024 2399572
1786706999460 1965296 16249024 2399572
1786706999502 1965296 16249024 2399572
1786706999544 1965296 16249024 2399572
1786706999587 1965296 16249024 2399572
1786706999628 1965296 16249024 2399572
1786706999670 1965296 16249024 2399572
1786706999712 1965296 16249024 2399572
1786706999755 1965296 16249024 2399572
1786706999797 1965296 16249024 2399572
1786706999839 1965296 16249024 2399572
1786706999882 1965296 16249024 2399572
1786706999922 1965296 16249024 2399572
1786706999964 1965296 16249024 2399572
1786707000006 1965296 16249024 2399572
1786707000048 1965296 16249024 2399572
1786707000089 1965296 16249024 2399572
1786707000129 1965296 16249024 2399572
1786707000171 1965296 16249024 2399572
1786707000213 1965296 16249024 2399572
1786707000255 1965296 16249024 2399572
1786707000296 1965296 16249024 2399572
1786707000338 1965296 16249024 2399572
1786707000379 1965296 16249024 2399572
1786707000422 1965296 16249024 2399572
1786707000464 1965296 16249024 2399572
1786707000507 1965296 16249024 2399572
1786707000549 1965296 16249024 2399572
1786707000590 1965296 16249024 2399572
1786707000633 1965296 16249024 2399572
1786707000676 1965296 16249024 2399572
1786707000720 1965296 16249024 2399572
1786707000762 1965296 16249024 2399572
1786707000807 1965296 16249024 2399572
1786707000851 1965296 16249024 2399572
1786707000895 1965296 16249024 2399572
1786707000940 1965296 16249024 2399572
1786707000984 1965296 16249024 2399572
1786707001028 1965296 16249024 2399572
1786707001073 1965296 16249024 2399572
1786707001119 1965296 16249024 2399572
1786707001164 1965296 16249024 2399572
1786707001210 1965296 16249024 2399572
1786707001255 1965296 16249024 2399572
1786707001300 1965296 16249024 2399572
1786707001346 1965296 16249024 2399572
1786707001392 1965296 16249024 2399572
1786707001437 1965296 16249024 2399572
1786707001483 1965296 16249024 2399572
1786707001529 1965296 16249024 2399572
1786707001571 1965296 16249024 2399572
1786707001612 1965296 16249024 2399572
1786707001654 1965296 16249024 2399572
1786707001696 1965296 16249024 2399572
1786707001737 1965296 16249024 2399572
1786707001778 1965296 16249024 2399572
1786707001818 1965296 16249024 2399572
1786707001859 1965296 16249024 2399572
1786707001901 1965296 16249024 2399572
1786707001941 1965296 16249024 2399572
1786707001983 1965296 16249024 2399572
1786707002025 1965296 16249024 2399572
1786707002066 1965296 16249024 2399572
1786707002108 1965296 16249024 2399572
1786707002149 1965296 16249024 2399572
1786707002191 1965296 16249024 2399572
1786707002232 1965296 16249024 2399572
1786707002275 1965296 16249024 2399572
1786707002316 1965296 16249024 2399572
1786707002358 1965296 16249024 2399572
1786707002400 1965296 16249024 2399572
1786707002446 1965296 16249024 2399572
1786707002488 1965296 16249024 2399572
1786707002532 1965296 16249024 2399572
1786707002574 1965296 16249024 2399572
1786707002615 1965296 16249024 2399572
1786707002656 1965296 16249024 2399572
1786707002699 1965296 16249024 2399572
1786707002741 1965296 16249024 2399572
1786707002782 1965296 16249024 2399572
1786707002826 1965296 16249024 2399572
1786707002868 1965296 16249024 2399572
1786707002909 1965296 16249024 2399572
1786707002950 1965296 16249024 2399572
1786707002996 1965296 16249024 2399572
1786707003041 1965296 16249024 2399572
1786707003085 1965296 16249024 2399572
1786707003129 1965296 16249024 2399572
1786707003173 1965296 16249024 2399572
1786707003219 1965296 16249024 2399572
1786707003263 1965296 16249024 2399572
1786707003308 1965296 16249024 2399572
1786707003353 1965296 16249024 2399572
1786707003397 1965296 16249024 2399572
1786707003444 1965296 16249024 2399572
1786707003488 1965296 16249024 2399572
1786707003529 1965296 16249024 2399572
1786707003571 1965296 16249024 2399572
1786707003613 1965296 16249024 2399572
1786707003655 1965296 16249024 2399572
1786707003697 1965296 16249024 2399572
1786707003739 1965296 16249024 2399572
1786707003781 1965296 16249024 2399572
1786707003824 1965296 16249024 2399572
1786707003865 1965296 16249024 2399572
1786707003907 1965296 16249024 2399572
1786707003949 1965296 16249024 2399572
1786707003992 1965296 16249024 2399572
1786707004034 1965296 16249024 2399572
1786707004077 1965296 16249024 2399572
1786707004120 1965296 16249024 2399572
1786707004162 1965296 16249024 2399572
1786707004204 1965296 16249024 2399572
1786707004246 1965296 16249024 2399572
1786707004287 1965296 16249024 2399572
1786707004330 1965296 16249024 2399572
1786707004370 1965296 16249024 2399572
1786707004412 1965296 16249024 2399572
1786707004455 1965296 16249024 2399572
1786707004497 1965296 16249024 2399572
1786707004540 1965296 16249024 2399572
1786707004582 1965296 16249024 2399572
1786707004624 1965296 16249024 2399572
1786707004666 1965296 16249024 2399572
1786707004709 1965296 16249024 2399572
1786707004751 1965296 16249024 2399572
1786707004794 1965296 16249024 2399572
1786707004835 1965296 16249024 2399572
1786707004878 1965296 16249024 2399572
1786707004921 1965296 16249024 2399572
1786707004962 1965296 16249024 2399572
1786707005005 1965296 16249024 2399572
1786707005046 1965296 16249024 2399572
1786707005087 1965296 16249024 2399572
1786707005128 1965296 16249024 2399572
1786707005169 1965296 16249024 2399572
1786707005211 1965296 16249024 2399572
1786707005250 1965296 16249024 2399572
1786707005290 1965296 16249024 2399572
1786707005330 1965296 16249024 2399572
1786707005372 1965296 16249024 2399572
1786707005413 1965296 16249024 2399572
1786707005456 1965296 16249024 2399572
1786707005498 1965296 16249024 2399572
1786707005540 1965296 16249024 2399572
1786707005580 1965296 16249024 2399572
1786707005623 1965296 16249024 2399572
1786707005665 1965296 16249024 2399572
1786707005707 1965296 16249024 2399572
1786707005748 1965296 16249024 2399572
1786707005790 1965296 16249024 2399572
1786707005833 1965296 16249024 2399572
1786707005877 1965296 16249024 2399572
1786707005921 1965296 16249024 2399572
1786707005961 1965296 16249024 2399572
1786707006003 1965296 16249024 2399572
1786707006048 1965296 16249024 2399572
1786707006094 1965296 16249024 2399572
1786707006137 1965296 16249024 2399572
1786707006178 1965296 16249024 2399572
1786707006221 1965296 16249024 2399572
1786707006267 1965296 16249024 2399572
1786707006311 1965296 16249024 2399572
1786707006355 1965296 16249024 2399572
1786707006398 1965296 16249024 2399572
1786707006441 1965296 16249024 2399572
1786707006485 1965296 16249024 2399572
1786707006533 1965296 16249024 2399572
1786707006578 1965296 16249024 2399572
1786707006622 1965296 16249024 2399572
1786707006667 1965296 16249024 2399572
1786707006712 1965296 16249024 2399572
1786707006757 1965296 16249024 2399572
1786707006803 1965296 16249024 2399572
1786707006848 1965296 16249024 2399572
1786707006895 1965296 16249024 2399572
1786707006941 1965296 16249024 2399572
1786707006985 1965296 16249024 2399572
1786707007030 1965296 16249024 2399572
1786707007074 1965296 16249024 2399572
1786707007119 1965296 16249024 2399572
1786707007163 1965296 16249024 2399572
1786707007209 1965296 16249024 2399572
1786707007252 1965296 16249024 2399572
1786707007296 1965296 16249024 2399572
1786707007339 1965296 16249024 2399572
1786707007384 1965296 16249024 2399572
1786707007427 1965296 16249024 2399572
1786707007470 1965296 16249024 2399572
1786707007512 1965296 16249024 2399572
1786707007559 1965296 16249024 2399572
1786707007604 1965296 16249024 2399572
1786707007650 1965296 16249024 2399572
1786707007692 1965296 16249024 2399572
1786707007736 1965296 16249024 2399572
1786707007781 1965296 16249024 2399572
1786707007826 1965296 16249024 2399572
1786707007870 1965296 16249024 2399572
1786707007916 1965296 16249024 2399572
1786707007959 1965296 16249024 2399572
1786707008003 1965296 16249024 2399572
1786707008046 1965296 16249024 2399572
1786707008088 1965296 16249024 2399572
1786707008132 1965296 16249024 2399572
1786707008179 1965296 16249024 2399572
1786707008224 1965296 16249024 2399572
1786707008271 1965296 16249024 2399572
1786707008313 1965296 16249024 2399572
1786707008358 1965296 16249024 2399572
1786707008403 1965296 16249024 2399572
1786707008446 1965296 16249024 2399572
1786707008490 1965296 16249024 2399572
1786707008534 1965296 16249024 2399572
1786707008579 1965296 16249024 2399572
1786707008623 1965296 16249024 2399572
1786707008668 1965296 16249024 2399572
1786707008714 1965296 16249024 2399572
1786707008756 1965296 16249024 2399572
1786707008799 1965296 16249024 2399572
1786707008846 1965296 16249024 2399572
1786707008892 1965296 16249024 2399572
1786707008938 1965296 16249024 2399572
1786707008984 1965296 16249024 2399572
1786707009031 1965296 16249024 2399572
1786707009077 1965296 16249024 2399572
1786707009121 1965296 16249024 2399572
1786707009168 1965296 16249024 2399572
1786707009213 1965296 16249024 2399572
1786707009257 1965296 16249024 2399572
1786707009302 1965296 16249024 2399572
1786707009345 1965296 16249024 2399572
1786707009389 1965296 16249024 2399572
1786707009434 1965296 16249024 2399572
1786707009479 1965296 16249024 2399572
1786707009525 1965296 16249024 2399572
1786707009571 1965296 16249024 2399572
1786707009616 1965296 16249024 2399572
1786707009662 1965296 16249024 2399572
1786707009707 1965296 16249024 2399572
1786707009752 1965296 16249024 2399572
1786707009798 1965296 16249024 2399572
1786707009843 1965296 16249024 2399572
1786707009886 1965296 16249024 2399572
1786707009930 1965296 16249024 2399572
1786707009976 1965296 16249024 2399572
1786707010020 1965296 16249024 2399572
1786707010066 1965296 16249024 2399572
1786707010111 1965296 16249024 2399572
1786707010155 1965296 16249024 2399572
1786707010201 1965296 16249024 2399572
1786707010250 1965296 16249024 2399572
1786707010295 1965296 16249024 2399572
1786707010341 1965296 16249024 2399572
1786707010389 1965296 16249024 2399572
1786707010433 1965296 16249024 2399572
1786707010477 1965296 16249024 2399572
1786707010519 1965296 16249024 2399572
1786707010563 1965296 16249024 2399572
1786707010610 1965296 16249024 2399572
1786707010655 1965296 16249024 2399572
1786707010699 1965296 16249024 2399572
1786707010743 1965296 16249024 2399572
1786707010786 1965296 16249024 2399572
1786707010832 1965296 16249024 2399572
1786707010877 1965296 16249024 2399572
1786707010921 1965296 16249024 2399572
1786707010965 1965296 16249024 2399572
1786707011011 1965296 16249024 2399572
1786707011058 1965296 16249024 2399572
1786707011103 1965296 16249024 2399572
1786707011150 1965296 16249024 2399572
1786707011195 1965296 16249024 2399572
1786707011239 1965296 16249024 2399572
1786707011284 1965296 16249024 2399572
1786707011326 1965296 16249024 2399572
1786707011372 1965296 16249024 2399572
1786707011417 1965296 16249024 2399572
1786707011462 1965296 16249024 2399572
1786707011507 1965296 16249024 2399572
1786707011552 1965296 16249024 2399572
1786707011599 1965296 16249024 2399572
1786707011645 1965296 16249024 2399572
1786707011690 1965296 16249024 2399572
1786707011735 1965296 16249024 2399572
1786707011778 1965296 16249024 2399572
1786707011823 1965296 16249024 2399572
1786707011868 1965296 16249024 2399572
1786707011912 1965296 16249024 2399572
1786707011957 1965296 16249024 2399572
1786707012004 1965296 16249024 2399572
1786707012050 1965296 16249024 2399572
1786707012097 1965296 16249024 2399572
1786707012142 1965296 16249024 2399572
1786707012189 1965296 16249024 2399572
1786707012236 1965296 16249024 2399572
1786707012282 1965296 16249024 2399572
1786707012328 1965296 16249024 2399572
1786707012373 1965296 16249024 2399572
1786707012414 1965296 16249024 2399572
1786707012456 1965296 16249024 2399572
1786707012498 1965296 16249024 2399572
1786707012540 1965296 16249024 2399572
1786707012582 1965296 16249024 2399572
1786707012623 1965296 16249024 2399572
1786707012665 1965296 16249024 2399572
1786707012708 1965296 16249024 2399572
1786707012749 1965296 16249024 2399572
1786707012790 1965296 16249024 2399572
1786707012831 1965296 16249024 2399572
1786707012873 1965296 16249024 2399572
1786707012914 1965296 16249024 2399572
1786707012956 1965296 16249024 2399572
1786707012998 1965296 16249024 2399572
1786707013040 1965296 16249024 2399572
1786707013083 1965296 16249024 2399572
1786707013123 1965296 16249024 2399572
1786707013165 1965296 16249024 2399572
1786707013208 1965296 16249024 2399572
1786707013249 1965296 16249024 2399572
1786707013290 1965296 16249024 2399572
1786707013332 1965296 16249024 2399572
1786707013373 1965296 16249024 2399572
1786707013414 1965296 16249024 2399572
1786707013456 1965296 16249024 2399572
1786707013498 1965296 16249024 2399572
1786707013540 1965296 16249024 2399572
1786707013581 1965296 16249024 2399572
1786707013622 1965296 16249024 2399572
1786707013664 1965296 16249024 2399572
1786707013705 1965296 16249024 2399572
1786707013747 1965296 16249024 2399572
1786707013788 1965296 16249024 2399572
1786707013829 1965296 16249024 2399572
1786707013870 1965296 16249024 2399572
1786707013911 1965296 16249024 2399572
1786707013952 1965296 16249024 2399572
1786707013994 1965296 16249024 2399572
1786707014036 1965296 16249024 2399572
1786707014077 1965296 16249024 2399572
1786707014118 1965296 16249024 2399572
1786707014158 1965296 16249024 2399572
1786707014203 1965296 16249024 2399572
1786707014243 1965296 16249024 2399572
1786707014284 1965296 16249024 2399572
1786707014326 1965296 16249024 2399572
1786707014369 1965296 16249024 2399572
1786707014409 1965296 16249024 2399572
1786707014451 1965296 16249024 2399572
1786707014492 1965296 16249024 2399572
1786707014534 1965296 16249024 2399572
1786707014575 1965296 16249024 2399572
1786707014617 1965296 16249024 2399572
1786707014660 1965296 16249024 2399572
1786707014703 1965296 16249024 2399572
1786707014745 1965296 16249024 2399572
1786707014786 1965296 16249024 2399572
1786707014827 1965296 16249024 2399572
1786707014870 1965296 16249024 2399572
1786707014912 1965296 16249024 2399572
1786707014954 1965296 16249024 2399572
1786707014997 1965296 16249024 2399572
1786707015039 1965296 16249024 2399572
1786707015081 1965296 16249024 2399572
1786707015123 1965296 16249024 2399572
1786707015164 1965296 16249024 2399572
1786707015206 1965296 16249024 2399572
1786707015247 1965296 16249024 2399572
1786707015288 1965296 16249024 2399572
1786707015329 1965296 16249024 2399572
1786707015368 1965296 16249024 2399572
1786707015410 1965296 16249024 2399572
1786707015451 1965296 16249024 2399572
1786707015493 1965296 16249024 2399572
1786707015534 1965296 16249024 2399572
1786707015577 1965296 16249024 2399572
1786707015620 1965296 16249024 2399572
1786707015664 1965296 16249024 2399572
1786707015704 1965296 16249024 2399572
1786707015744 1965296 16249024 2399572
1786707015785 1965296 16249024 2399572
1786707015826 1965296 16249024 2399572
1786707015867 1965296 16249024 2399572
1786707015908 1965296 16249024 2399572
1786707015951 1965296 16249024 2399572
1786707015991 1965296 16249024 2399572
1786707016033 1965296 16249024 2399572
1786707016072 1965296 16249024 2399572
1786707016112 1965296 16249024 2399572
1786707016152 1965296 16249024 2399572
1786707016192 1965296 16249024 2399572
1786707016234 1965296 16249024 2399572
1786707016276 1965296 16249024 2399572
1786707016316 1965296 16249024 2399572
1786707016360 1965296 16249024 2399572
1786707016401 1965296 16249024 2399572
1786707016442 1965296 16249024 2399572
1786707016482 1965296 16249024 2399572
1786707016523 1965296 16249024 2399572
1786707016566 1965296 16249024 2399572
1786707016607 1965296 16249024 2399572
1786707016649 1965296 16249024 2399572
1786707016692 1965296 16249024 2399572
1786707016732 1965296 16249024 2399572
1786707016773 1965296 16249024 2399572
1786707016814 1965296 16249024 2399572
1786707016854 1965296 16249024 2399572
1786707016895 1965296 16249024 2399572
1786707016937 1965296 16249024 2399572
1786707016980 1965296 16249024 2399572
1786707017023 1965296 16249024 2399572
1786707017065 1965296 16249024 2399572
1786707017108 1965296 16249024 2399572
1786707017149 1965296 16249024 2399572
1786707017191 1965296 16249024 2399572
1786707017233 1965296 16249024 2399572
1786707017274 1965296 16249024 2399572
1786707017315 1965296 16249024 2399572
1786707017358 1965296 16249024 2399572
1786707017400 1965296 16249024 2399572
1786707017441 1965296 16249024 2399572
1786707017483 1965296 16249024 2399572
1786707017526 1965296 16249024 2399572
1786707017568 1965296 16249024 2399572
1786707017610 1965296 16249024 2399572
1786707017652 1965296 16249024 2399572
1786707017692 1965296 16249024 2399572
1786707017733 1965296 16249024 2399572
1786707017778 1965296 16249024 2399572
1786707017823 1965296 16249024 2399572
1786707017866 1965296 16249024 2399572
1786707017911 1965296 16249024 2399572
1786707017955 1965296 16249024 2399572
1786707017999 1965296 16249024 2399572
1786707018045 1965296 16249024 2399572
1786707018092 1965296 16249024 2399572
1786707018136 1965296 16249024 2399572
1786707018181 1965296 16249024 2399572
1786707018226 1965296 16249024 2399572
1786707018271 1965296 16249024 2399572
1786707018316 1965296 16249024 2399572
1786707018363 1965296 16249024 2399572
1786707018408 1965296 16249024 2399572
1786707018451 1965296 16249024 2399572
1786707018495 1965296 16249024 2399572
1786707018540 1965296 16249024 2399572
1786707018585 1965296 16249024 2399572
1786707018627 1965296 16249024 2399572
1786707018670 1965296 16249024 2399572
1786707018711 1965296 16249024 2399572
1786707018753 1965296 16249024 2399572
1786707018794 1965296 16249024 2399572
1786707018836 1965296 16249024 2399572
1786707018878 1965296 16249024 2399572
1786707018919 1965296 16249024 2399572
1786707018960 1965296 16249024 2399572
1786707019002 1965296 16249024 2399572
1786707019043 1965296 16249024 2399572
1786707019085 1965296 16249024 2399572
1786707019124 1965296 16249024 2399572
1786707019165 1965296 16249024 2399572
1786707019207 1965296 16249024 2399572
1786707019248 1965296 16249024 2399572
1786707019289 1965296 16249024 2399572
1786707019331 1965296 16249024 2399572
1786707019373 1965296 16249024 2399572
1786707019414 1965296 16249024 2399572
1786707019457 1965296 16249024 2399572
1786707019498 1965296 16249024 2399572
1786707019541 1965296 16249024 2399572
1786707019583 1965296 16249024 2399572
1786707019626 1965296 16249024 2399572
1786707019669 1965296 16249024 2399572
1786707019710 1965296 16249024 2399572
1786707019751 1965296 16249024 2399572
1786707019793 1965296 16249024 2399572
1786707019835 1965296 16249024 2399572
1786707019877 1965296 16249024 2399572
1786707019920 1965296 16249024 2399572
1786707019962 1965296 16249024 2399572
1786707020004 1965296 16249024 2399572
1786707020046 1965296 16249024 2399572
1786707020089 1965296 16249024 2399572
1786707020134 1965296 16249024 2399572
1786707020179 1965296 16249024 2399572
1786707020224 1965296 16249024 2399572
1786707020270 1965296 16249024 2399572
1786707020314 1965296 16249024 2399572
1786707020359 1965296 16249024 2399572
1786707020405 1965296 16249024 2399572
1786707020450 1965296 16249024 2399572
1786707020496 1965296 16249024 2399572
1786707020540 1965296 16249024 2399572
1786707020584 1965296 16249024 2399572
1786707020625 1965296 16249024 2399572
1786707020666 1965296 16249024 2399572
1786707020707 1965296 16249024 2399572
1786707020749 1965296 16249024 2399572
1786707020790 1965296 16249024 2399572
1786707020831 1965296 16249024 2399572
1786707020873 1965296 16249024 2399572
1786707020916 1965296 16249024 2399572
1786707020959 1965296 16249024 2399572
1786707021001 1965296 16249024 2399572
1786707021044 1965296 16249024 2399572
1786707021085 1965296 16249024 2399572
1786707021127 1965296 16249024 2399572
1786707021169 1965296 16249024 2399572
1786707021213 1965296 16249024 2399572
1786707021254 1965296 16249024 2399572
1786707021296 1965296 16249024 2399572
1786707021338 1965296 16249024 2399572
1786707021379 1965296 16249024 2399572
1786707021419 1965296 16249024 2399572
1786707021459 1965296 16249024 2399572
1786707021502 1965296 16249024 2399572
1786707021542 1965296 16249024 2399572
1786707021584 1965296 16249024 2399572
1786707021626 1965296 16249024 2399572
1786707021667 1965296 16249024 2399572
1786707021708 1965296 16249024 2399572
1786707021750 1965296 16249024 2399572
1786707021791 1965296 16249024 2399572
1786707021832 1965296 16249024 2399572
1786707021873 1965296 16249024 2399572
1786707021914 1965296 16249024 2399572
1786707021955 1965296 16249024 2399572
1786707021997 1965296 16249024 2399572
1786707022038 1965296 16249024 2399572
1786707022079 1965296 16249024 2399572
1786707022119 1965296 16249024 2399572
1786707022163 1965296 16249024 2399572
1786707022204 1965296 16249024 2399572
1786707022244 1965296 16249024 2399572
1786707022285 1965296 16249024 2399572
1786707022327 1965296 16249024 2399572
1786707022367 1965296 16249024 2399572
1786707022409 1965296 16249024 2399572
1786707022451 1965296 16249024 2399572
1786707022493 1965296 16249024 2399572
1786707022534 1965296 16249024 2399572
1786707022576 1965296 16249024 2399572
1786707022619 1965296 16249024 2399572
1786707022661 1965296 16249024 2399572
1786707022701 1965296 16249024 2399572
1786707022743 1965296 16249024 2399572
1786707022783 1965296 16249024 2399572
1786707022824 1965296 16249024 2399572
1786707022865 1965296 16249024 2399572
1786707022906 1965296 16249024 2399572
1786707022947 1965296 16249024 2399572
1786707022989 1965296 16249024 2399572
1786707023032 1965296 16249024 2399572
1786707023073 1965296 16249024 2399572
1786707023115 1965296 16249024 2399572
1786707023160 1965296 16249024 2399572
1786707023206 1965296 16249024 2399572
1786707023249 1965296 16249024 2399572
1786707023290 1965296 16249024 2399572
1786707023332 1965296 16249024 2399572
1786707023377 1965296 16249024 2399572
1786707023423 1965296 16249024 2399572
1786707023468 1965296 16249024 2399572
1786707023511 1965296 16249024 2399572
1786707023554 1965296 16249024 2399572
1786707023596 1965296 16249024 2399572
1786707023642 1965296 16249024 2399572
1786707023684 1965296 16249024 2399572
1786707023729 1965296 16249024 2399572
1786707023773 1965296 16249024 2399572
1786707023816 1965296 16249024 2399572
1786707023862 1965296 16249024 2399572
1786707023907 1965296 16249024 2399572
1786707023951 1965296 16249024 2399572
1786707023999 1965296 16249024 2399572
1786707024044 1965296 16249024 2399572
1786707024092 1965296 16249024 2399572
1786707024137 1965296 16249024 2399572
1786707024180 1965296 16249024 2399572
1786707024223 1965296 16249024 2399572
1786707024268 1965296 16249024 2399572
1786707024312 1965296 16249024 2399572
1786707024357 1965296 16249024 2399572
1786707024400 1965296 16249024 2399572
1786707024443 1965296 16249024 2399572
1786707024490 1965296 16249024 2399572
1786707024533 1965296 16249024 2399572
1786707024578 1965296 16249024 2399572
1786707024622 1965296 16249024 2399572
1786707024669 1965296 16249024 2399572
1786707024714 1965296 16249024 2399572
1786707024757 1965296 16249024 2399572
1786707024799 1965296 16249024 2399572
1786707024841 1965296 16249024 2399572
1786707024884 1965296 16249024 2399572
1786707024931 1965296 16249024 2399572
1786707024977 1965296 16249024 2399572
1786707025024 1965296 16249024 2399572
1786707025068 1965296 16249024 2399572
1786707025113 1965296 16249024 2399572
1786707025158 1965296 16249024 2399572
1786707025204 1965296 16249024 2399572
1786707025250 1965296 16249024 2399572
1786707025294 1965296 16249024 2399572
1786707025338 1965296 16249024 2399572
1786707025379 1965296 16249024 2399572
1786707025422 1965296 16249024 2399572
1786707025468 1965296 16249024 2399572
1786707025511 1965296 16249024 2399572
1786707025553 1965296 16249024 2399572
1786707025599 1965296 16249024 2399572
1786707025645 1965296 16249024 2399572
1786707025689 1965296 16249024 2399572
1786707025734 1965296 16249024 2399572
1786707025781 1965296 16249024 2399572
1786707025827 1965296 16249024 2399572
1786707025872 1965296 16249024 2399572
1786707025919 1965296 16249024 2399572
1786707025963 1965296 16249024 2399572
1786707026007 1965296 16249024 2399572
1786707026054 1965296 16249024 2399572
1786707026100 1965296 16249024 2399572
1786707026146 1965296 16249024 2399572
1786707026191 1965296 16249024 2399572
1786707026236 1965296 16249024 2399572
1786707026280 1965296 16249024 2399572
1786707026323 1965296 16249024 2399572
1786707026369 1965296 16249024 2399572
1786707026413 1965296 16249024 2399572
1786707026459 1965296 16249024 2399572
1786707026503 1965296 16249024 2399572
1786707026549 1965296 16249024 2399572
1786707026593 1965296 16249024 2399572
1786707026638 1965296 16249024 2399572
1786707026682 1965296 16249024 2399572
1786707026726 1965296 16249024 2399572
1786707026770 1965296 16249024 2399572
1786707026814 1965296 16249024 2399572
1786707026859 1965296 16249024 2399572
1786707026904 1965296 16249024 2399572
1786707026950 1965296 16249024 2399572
1786707026995 1965296 16249024 2399572
1786707027041 1965296 16249024 2399572
1786707027085 1965296 16249024 2399572
1786707027130 1965296 16249024 2399572
1786707027175 1965296 16249024 2399572
1786707027221 1965296 16249024 2399572
1786707027267 1965296 16249024 2399572
1786707027314 1965296 16249024 2399572
1786707027358 1965296 16249024 2399572
1786707027404 1965296 16249024 2399572
1786707027449 1965296 16249024 2399572
1786707027492 1965296 16249024 2399572
1786707027536 1965296 16249024 2399572
1786707027582 1965296 16249024 2399572
1786707027627 1965296 16249024 2399572
1786707027671 1965296 16249024 2399572
1786707027714 1965296 16249024 2399572
1786707027757 1965296 16249024 2399572
1786707027803 1965296 16249024 2399572
1786707027848 1965296 16249024 2399572
1786707027893 1965296 16249024 2399572
1786707027940 1965296 16249024 2399572
1786707027986 1965296 16249024 2399572
1786707028033 1965296 16249024 2399572
1786707028077 1965296 16249024 2399572
1786707028124 1965296 16249024 2399572
1786707028171 1965296 16249024 2399572
1786707028215 1965296 16249024 2399572
1786707028263 1965296 16249024 2399572
1786707028308 1965296 16249024 2399572
1786707028355 1965296 16249024 2399572
1786707028399 1965296 16249024 2399572
1786707028445 1965296 16249024 2399572
1786707028489 1965296 16249024 2399572
1786707028537 1965296 16249024 2399572
1786707028583 1965296 16249024 2399572
1786707028628 1965296 16249024 2399572
1786707028673 1965296 16249024 2399572
1786707028718 1965296 16249024 2399572
1786707028765 1965296 16249024 2399572
1786707028811 1965296 16249024 2399572
1786707028856 1965296 16249024 2399572
1786707028903 1965296 16249024 2399572
1786707028949 1965296 16249024 2399572
1786707028995 1965296 16249024 2399572
1786707029041 1965296 16249024 2399572
1786707029085 1965296 16249024 2399572
1786707029131 1965296 16249024 2399572
1786707029178 1965296 16249024 2399572
1786707029224 1965296 16249024 2399572
1786707029270 1965296 16249024 2399572
1786707029317 1965296 16249024 2399572
1786707029361 1965296 16249024 2399572
1786707029404 1965296 16249024 2399572
1786707029445 1965296 16249024 2399572
1786707029487 1965296 16249024 2399572
1786707029529 1965296 16249024 2399572
1786707029570 1965296 16249024 2399572
1786707029611 1965296 16249024 2399572
1786707029653 1965296 16249024 2399572
1786707029695 1965296 16249024 2399572
1786707029737 1965296 16249024 2399572
1786707029779 1965296 16249024 2399572
1786707029820 1965296 16249024 2399572
1786707029862 1965296 16249024 2399572
1786707029904 1965296 16249024 2399572
1786707029946 1965296 16249024 2399572
1786707029988 1965296 16249024 2399572
1786707030030 1965296 16249024 2399572
1786707030072 1965296 16249024 2399572
1786707030113 1965296 16249024 2399572
1786707030154 1965296 16249024 2399572
1786707030196 1965296 16249024 2399572
1786707030237 1965296 16249024 2399572
1786707030278 1965296 16249024 2399572
1786707030320 1965296 16249024 2399572
1786707030361 1965296 16249024 2399572
1786707030402 1965296 16249024 2399572
1786707030445 1965296 16249024 2399572
1786707030486 1965296 16249024 2399572
1786707030528 1965296 16249024 2399572
1786707030570 1965296 16249024 2399572
1786707030610 1965296 16249024 2399572
1786707030653 1965296 16249024 2399572
1786707030694 1965296 16249024 2399572
1786707030738 1965296 16249024 2399572
1786707030781 1965296 16249024 2399572
1786707030820 1965296 16249024 2399572
1786707030863 1965296 16249024 2399572
1786707030904 1965296 16249024 2399572
1786707030945 1965296 16249024 2399572
1786707030987 1965296 16249024 2399572
1786707031029 1965296 16249024 2399572
1786707031071 1965296 16249024 2399572
1786707031112 1965296 16249024 2399572
1786707031152 1965296 16249024 2399572
1786707031195 1965296 16249024 2399572
1786707031237 1965296 16249024 2399572
1786707031280 1965296 16249024 2399572
1786707031324 1965296 16249024 2399572
1786707031368 1965296 16249024 2399572
1786707031409 1965296 16249024 2399572
1786707031451 1965296 16249024 2399572
1786707031494 1965296 16249024 2399572
1786707031536 1965296 16249024 2399572
1786707031577 1965296 16249024 2399572
1786707031619 1965296 16249024 2399572
1786707031664 1965296 16249024 2399572
1786707031705 1965296 16249024 2399572
1786707031747 1965296 16249024 2399572
1786707031788 1965296 16249024 2399572
1786707031830 1965296 16249024 2399572
1786707031873 1965296 16249024 2399572
1786707031914 1965296 16249024 2399572
1786707031956 1965296 16249024 2399572
1786707031998 1965296 16249024 2399572
1786707032040 1965296 16249024 2399572
1786707032084 1965296 16249024 2399572
1786707032126 1965296 16249024 2399572
1786707032166 1965296 16249024 2399572
1786707032209 1965296 16249024 2399572
1786707032250 1965296 16249024 2399572
1786707032291 1965296 16249024 2399572
1786707032332 1965296 16249024 2399572
1786707032374 1965296 16249024 2399572
1786707032415 1965296 16249024 2399572
1786707032457 1965296 16249024 2399572
1786707032500 1965296 16249024 2399572
1786707032542 1965296 16249024 2399572
1786707032588 1965296 16249024 2399572
1786707032630 1965296 16249024 2399572
1786707032672 1965296 16249024 2399572
1786707032712 1965296 16249024 2399572
1786707032754 1965296 16249024 2399572
1786707032795 1965296 16249024 2399572
1786707032837 1965296 16249024 2399572
1786707032878 1965296 16249024 2399572
1786707032920 1965296 16249024 2399572
1786707032961 1965296 16249024 2399572
1786707033003 1965296 16249024 2399572
1786707033046 1965296 16249024 2399572
1786707033088 1965296 16249024 2399572
1786707033128 1965296 16249024 2399572
1786707033167 1965296 16249024 2399572
1786707033210 1965296 16249024 2399572
1786707033251 1965296 16249024 2399572
1786707033293 1965296 16249024 2399572
1786707033335 1965296 16249024 2399572
1786707033378 1965296 16249024 2399572
1786707033420 1965296 16249024 2399572
1786707033461 1965296 16249024 2399572
1786707033501 1965296 16249024 2399572
1786707033544 1965296 16249024 2399572
1786707033585 1965296 16249024 2399572
1786707033628 1965296 16249024 2399572
1786707033670 1965296 16249024 2399572
1786707033711 1965296 16249024 2399572
1786707033751 1965296 16249024 2399572
1786707033794 1965296 16249024 2399572
1786707033835 1965296 16249024 2399572
1786707033876 1965296 16249024 2399572
1786707033916 1965296 16249024 2399572
1786707033958 1965296 16249024 2399572
1786707034002 1965296 16249024 2399572
1786707034044 1965296 16249024 2399572
1786707034084 1965296 16249024 2399572
1786707034128 1965296 16249024 2399572
1786707034169 1965296 16249024 2399572
1786707034211 1965296 16249024 2399572
1786707034253 1965296 16249024 2399572
1786707034294 1965296 16249024 2399572
1786707034337 1965296 16249024 2399572
1786707034380 1965296 16249024 2399572
1786707034420 1965296 16249024 2399572
1786707034463 1965296 16249024 2399572
1786707034505 1965296 16249024 2399572
1786707034546 1965296 16249024 2399572
1786707034590 1965296 16249024 2399572
1786707034633 1965296 16249024 2399572
1786707034674 1965296 16249024 2399572
1786707034716 1965296 16249024 2399572
1786707034759 1965296 16249024 2399572
1786707034802 1965296 16249024 2399572
1786707034846 1965296 16249024 2399572
1786707034891 1965296 16249024 2399572
1786707034933 1965296 16249024 2399572
1786707034976 1965296 16249024 2399572
1786707035021 1965296 16249024 2399572
1786707035066 1965296 16249024 2399572
1786707035110 1965296 16249024 2399572
1786707035155 1965296 16249024 2399572
1786707035202 1965296 16249024 2399572
1786707035246 1965296 16249024 2399572
1786707035292 1965296 16249024 2399572
1786707035337 1965296 16249024 2399572
1786707035382 1965296 16249024 2399572
1786707035427 1965296 16249024 2399572
1786707035473 1965296 16249024 2399572
1786707035517 1965296 16249024 2399572
1786707035563 1965296 16249024 2399572
1786707035610 1965296 16249024 2399572
1786707035652 1965296 16249024 2399572
1786707035692 1965296 16249024 2399572
1786707035734 1965296 16249024 2399572
1786707035776 1965296 16249024 2399572
1786707035816 1965296 16249024 2399572
1786707035858 1965296 16249024 2399572
1786707035900 1965296 16249024 2399572
1786707035941 1965296 16249024 2399572
1786707035982 1965296 16249024 2399572
1786707036023 1965296 16249024 2399572
1786707036064 1965296 16249024 2399572
1786707036106 1965296 16249024 2399572
1786707036146 1965296 16249024 2399572
1786707036187 1965296 16249024 2399572
1786707036230 1965296 16249024 2399572
1786707036272 1965296 16249024 2399572
1786707036315 1965296 16249024 2399572
1786707036356 1965296 16249024 2399572
1786707036398 1965296 16249024 2399572
1786707036439 1965296 16249024 2399572
1786707036481 1965296 16249024 2399572
1786707036525 1965296 16249024 2399572
1786707036569 1965296 16249024 2399572
1786707036612 1965296 16249024 2399572
1786707036656 1965296 16249024 2399572
1786707036698 1965296 16249024 2399572
1786707036739 1965296 16249024 2399572
1786707036780 1965296 16249024 2399572
1786707036822 1965296 16249024 2399572
1786707036864 1965296 16249024 2399572
1786707036905 1965296 16249024 2399572
1786707036950 1965296 16249024 2399572
1786707036991 1965296 16249024 2399572
1786707037032 1965296 16249024 2399572
1786707037076 1965296 16249024 2399572
1786707037121 1965296 16249024 2399572
1786707037167 1965296 16249024 2399572
1786707037212 1965296 16249024 2399572
1786707037256 1965296 16249024 2399572
1786707037301 1965296 16249024 2399572
1786707037346 1965296 16249024 2399572
1786707037391 1965296 16249024 2399572
1786707037436 1965296 16249024 2399572
1786707037480 1965296 16249024 2399572
1786707037524 1965296 16249024 2399572
1786707037567 1965296 16249024 2399572
1786707037611 1965296 16249024 2399572
1786707037654 1965296 16249024 2399572
1786707037695 1965296 16249024 2399572
1786707037737 1965296 16249024 2399572
1786707037780 1965296 16249024 2399572
1786707037822 1965296 16249024 2399572
1786707037865 1965296 16249024 2399572
1786707037908 1965296 16249024 2399572
1786707037949 1965296 16249024 2399572
1786707037991 1965296 16249024 2399572
1786707038032 1965296 16249024 2399572
1786707038074 1965296 16249024 2399572
1786707038115 1965296 16249024 2399572
1786707038158 1965296 16249024 2399572
1786707038201 1965296 16249024 2399572
1786707038243 1965296 16249024 2399572
1786707038285 1965296 16249024 2399572
1786707038327 1965296 16249024 2399572
1786707038369 1965296 16249024 2399572
1786707038411 1965296 16249024 2399572
1786707038453 1965296 16249024 2399572
1786707038495 1965296 16249024 2399572
1786707038536 1965296 16249024 2399572
1786707038577 1965296 16249024 2399572
1786707038618 1965296 16249024 2399572
1786707038661 1965296 16249024 2399572
1786707038703 1965296 16249024 2399572
1786707038746 1965296 16249024 2399572
1786707038787 1965296 16249024 2399572
1786707038829 1965296 16249024 2399572
1786707038871 1965296 16249024 2399572
1786707038911 1965296 16249024 2399572
1786707038954 1965296 16249024 2399572
1786707038995 1965296 16249024 2399572
1786707039038 1965296 16249024 2399572
1786707039079 1965296 16249024 2399572
1786707039120 1965296 16249024 2399572
1786707039160 1965296 16249024 2399572
1786707039202 1965296 16249024 2399572
1786707039244 1965296 16249024 2399572
1786707039285 1965296 16249024 2399572
1786707039327 1965296 16249024 2399572
1786707039369 1965296 16249024 2399572
1786707039409 1965296 16249024 2399572
1786707039450 1965296 16249024 2399572
1786707039493 1965296 16249024 2399572
1786707039535 1965296 16249024 2399572
1786707039577 1965296 16249024 2399572
1786707039621 1965296 16249024 2399572
1786707039662 1965296 16249024 2399572
1786707039703 1965296 16249024 2399572
1786707039744 1965296 16249024 2399572
1786707039785 1965296 16249024 2399572
1786707039826 1965296 16249024 2399572
1786707039866 1965296 16249024 2399572
1786707039907 1965296 16249024 2399572
1786707039948 1965296 16249024 2399572
1786707039992 1965296 16249024 2399572
1786707040033 1965296 16249024 2399572
1786707040076 1965296 16249024 2399572
1786707040120 1965296 16249024 2399572
1786707040166 1965296 16249024 2399572
1786707040207 1965296 16249024 2399572
1786707040250 1965296 16249024 2399572
1786707040291 1965296 16249024 2399572
1786707040337 1965296 16249024 2399572
1786707040382 1965296 16249024 2399572
1786707040425 1965296 16249024 2399572
1786707040469 1965296 16249024 2399572
1786707040513 1965296 16249024 2399572
1786707040556 1965296 16249024 2399572
1786707040602 1965296 16249024 2399572
1786707040647 1965296 16249024 2399572
1786707040692 1965296 16249024 2399572
1786707040735 1965296 16249024 2399572
1786707040778 1965296 16249024 2399572
1786707040824 1965296 16249024 2399572
1786707040868 1965296 16249024 2399572
1786707040915 1965296 16249024 2399572
1786707040961 1965296 16249024 2399572
1786707041007 1965296 16249024 2399572
1786707041054 1965296 16249024 2399572
1786707041098 1965296 16249024 2399572
1786707041144 1965296 16249024 2399572
1786707041189 1965296 16249024 2399572
1786707041233 1965296 16249024 2399572
1786707041279 1965296 16249024 2399572
1786707041322 1965296 16249024 2399572
1786707041364 1965296 16249024 2399572
1786707041408 1965296 16249024 2399572
1786707041452 1965296 16249024 2399572
1786707041498 1965296 16249024 2399572
1786707041541 1965296 16249024 2399572
1786707041585 1965296 16249024 2399572
1786707041630 1965296 16249024 2399572
1786707041676 1965296 16249024 2399572
1786707041722 1965296 16249024 2399572
1786707041764 1965296 16249024 2399572
1786707041806 1965296 16249024 2399572
1786707041850 1965296 16249024 2399572
1786707041898 1965296 16249024 2399572
1786707041943 1965296 16249024 2399572
1786707041987 1965296 16249024 2399572
1786707042032 1965296 16249024 2399572
1786707042078 1965296 16249024 2399572
1786707042123 1965296 16249024 2399572
1786707042167 1965296 16249024 2399572
1786707042212 1965296 16249024 2399572
1786707042256 1965296 16249024 2399572
1786707042301 1965296 16249024 2399572
1786707042344 1965296 16249024 2399572
1786707042386 1965296 16249024 2399572
1786707042432 1965296 16249024 2399572
1786707042476 1965296 16249024 2399572
1786707042519 1965296 16249024 2399572
1786707042564 1965296 16249024 2399572
1786707042608 1965296 16249024 2399572
1786707042651 1965296 16249024 2399572
1786707042694 1965296 16249024 2399572
1786707042739 1965296 16249024 2399572
1786707042784 1965296 16249024 2399572
1786707042831 1965296 16249024 2399572
1786707042877 1965296 16249024 2399572
1786707042922 1965296 16249024 2399572
1786707042967 1965296 16249024 2399572
1786707043011 1965296 16249024 2399572
1786707043058 1965296 16249024 2399572
1786707043102 1965296 16249024 2399572
1786707043146 1965296 16249024 2399572
1786707043192 1965296 16249024 2399572
1786707043235 1965296 16249024 2399572
1786707043279 1965296 16249024 2399572
1786707043324 1965296 16249024 2399572
1786707043367 1965296 16249024 2399572
1786707043412 1965296 16249024 2399572
1786707043458 1965296 16249024 2399572
1786707043504 1965296 16249024 2399572
1786707043549 1965296 16249024 2399572
1786707043594 1965296 16249024 2399572
1786707043639 1965296 16249024 2399572
1786707043683 1965296 16249024 2399572
1786707043727 1965296 16249024 2399572
1786707043772 1965296 16249024 2399572
1786707043818 1965296 16249024 2399572
1786707043862 1965296 16249024 2399572
1786707043907 1965296 16249024 2399572
1786707043951 1965296 16249024 2399572
1786707043998 1965296 16249024 2399572
1786707044043 1965296 16249024 2399572
1786707044087 1965296 16249024 2399572
1786707044136 1965296 16249024 2399572
1786707044183 1965296 16249024 2399572
1786707044229 1965296 16249024 2399572
1786707044276 1965296 16249024 2399572
1786707044323 1965296 16249024 2399572
1786707044369 1965296 16249024 2399572
1786707044413 1965296 16249024 2399572
1786707044457 1965296 16249024 2399572
1786707044500 1965296 16249024 2399572
1786707044542 1965296 16249024 2399572
1786707044587 1965296 16249024 2399572
1786707044633 1965296 16249024 2399572
1786707044676 1965296 16249024 2399572
1786707044721 1965296 16249024 2399572
1786707044768 1965296 16249024 2399572
1786707044813 1965296 16249024 2399572
1786707044857 1965296 16249024 2399572
1786707044900 1965296 16249024 2399572
1786707044944 1965296 16249024 2399572
1786707044989 1965296 16249024 2399572
1786707045035 1965296 16249024 2399572
1786707045081 1965296 16249024 2399572
1786707045128 1965296 16249024 2399572
1786707045174 1965296 16249024 2399572
1786707045219 1965296 16249024 2399572
1786707045262 1965296 16249024 2399572
1786707045308 1965296 16249024 2399572
1786707045351 1965296 16249024 2399572
1786707045396 1965296 16249024 2399572
1786707045442 1965296 16249024 2399572
1786707045489 1965296 16249024 2399572
1786707045535 1965296 16249024 2399572
1786707045581 1965296 16249024 2399572
1786707045626 1965296 16249024 2399572
1786707045671 1965296 16249024 2399572
1786707045716 1965296 16249024 2399572
1786707045761 1965296 16249024 2399572
1786707045805 1965296 16249024 2399572
1786707045850 1965296 16249024 2399572
1786707045897 1965296 16249024 2399572
1786707045943 1965296 16249024 2399572
1786707045990 1965296 16249024 2399572
1786707046036 1965296 16249024 2399572
1786707046080 1965296 16249024 2399572
1786707046126 1965296 16249024 2399572
1786707046173 1965296 16249024 2399572
1786707046220 1965296 16249024 2399572
1786707046266 1965296 16249024 2399572
1786707046310 1965296 16249024 2399572
1786707046352 1965296 16249024 2399572
1786707046395 1965296 16249024 2399572
1786707046437 1965296 16249024 2399572
1786707046477 1965296 16249024 2399572
1786707046519 1965296 16249024 2399572
1786707046561 1965296 16249024 2399572
1786707046602 1965296 16249024 2399572
1786707046643 1965296 16249024 2399572
1786707046684 1965296 16249024 2399572
1786707046725 1965296 16249024 2399572
1786707046767 1965296 16249024 2399572
1786707046808 1965296 16249024 2399572
1786707046850 1965296 16249024 2399572
1786707046892 1965296 16249024 2399572
1786707046933 1965296 16249024 2399572
1786707046974 1965296 16249024 2399572
1786707047017 1965296 16249024 2399572
1786707047059 1965296 16249024 2399572
1786707047101 1965296 16249024 2399572
1786707047142 1965296 16249024 2399572
1786707047183 1965296 16249024 2399572
1786707047224 1965296 16249024 2399572
1786707047266 1965296 16249024 2399572
1786707047308 1965296 16249024 2399572
1786707047350 1965296 16249024 2399572
1786707047391 1965296 16249024 2399572
1786707047432 1965296 16249024 2399572
1786707047473 1965296 16249024 2399572
1786707047514 1965296 16249024 2399572
1786707047556 1965296 16249024 2399572
1786707047598 1965296 16249024 2399572
1786707047641 1965296 16249024 2399572
1786707047682 1965296 16249024 2399572
1786707047722 1965296 16249024 2399572
1786707047763 1965296 16249024 2399572
1786707047806 1965296 16249024 2399572
1786707047846 1965296 16249024 2399572
1786707047888 1965296 16249024 2399572
1786707047929 1965296 16249024 2399572
1786707047970 1965296 16249024 2399572
1786707048011 1965296 16249024 2399572
1786707048052 1965296 16249024 2399572
1786707048097 1965296 16249024 2399572
1786707048138 1965296 16249024 2399572
1786707048181 1965296 16249024 2399572
1786707048224 1965296 16249024 2399572
1786707048266 1965296 16249024 2399572
1786707048309 1965296 16249024 2399572
1786707048350 1965296 16249024 2399572
1786707048392 1965296 16249024 2399572
1786707048434 1965296 16249024 2399572
1786707048476 1965296 16249024 2399572
1786707048517 1965296 16249024 2399572
1786707048562 1965296 16249024 2399572
1786707048606 1965296 16249024 2399572
1786707048648 1965296 16249024 2399572
1786707048690 1965296 16249024 2399572
1786707048732 1965296 16249024 2399572
1786707048775 1965296 16249024 2399572
1786707048817 1965296 16249024 2399572
1786707048859 1965296 16249024 2399572
1786707048901 1965296 16249024 2399572
1786707048945 1965296 16249024 2399572
1786707048988 1965296 16249024 2399572
1786707049032 1965296 16249024 2399572
1786707049076 1965296 16249024 2399572
1786707049117 1965296 16249024 2399572
1786707049157 1965296 16249024 2399572
1786707049198 1965296 16249024 2399572
1786707049240 1965296 16249024 2399572
1786707049282 1965296 16249024 2399572
1786707049323 1965296 16249024 2399572
1786707049365 1965296 16249024 2399572
1786707049406 1965296 16249024 2399572
1786707049450 1965296 16249024 2399572
1786707049495 1965296 16249024 2399572
1786707049536 1965296 16249024 2399572
1786707049577 1965296 16249024 2399572
1786707049619 1965296 16249024 2399572
1786707049659 1965296 16249024 2399572
1786707049699 1965296 16249024 2399572
1786707049741 1965296 16249024 2399572
1786707049781 1965296 16249024 2399572
1786707049823 1965296 16249024 2399572
1786707049865 1965296 16249024 2399572
1786707049906 1965296 16249024 2399572
1786707049947 1965296 16249024 2399572
1786707049987 1965296 16249024 2399572
1786707050030 1965296 16249024 2399572
1786707050071 1965296 16249024 2399572
1786707050113 1965296 16249024 2399572
1786707050153 1965296 16249024 2399572
1786707050193 1965296 16249024 2399572
1786707050234 1965296 16249024 2399572
1786707050277 1965296 16249024 2399572
1786707050318 1965296 16249024 2399572
1786707050360 1965296 16249024 2399572
1786707050401 1965296 16249024 2399572
1786707050442 1965296 16249024 2399572
1786707050484 1965296 16249024 2399572
1786707050526 1965296 16249024 2399572
1786707050569 1965296 16249024 2399572
1786707050610 1965296 16249024 2399572
1786707050652 1965296 16249024 2399572
1786707050694 1965296 16249024 2399572
1786707050736 1965296 16249024 2399572
1786707050775 1965296 16249024 2399572
1786707050818 1965296 16249024 2399572
1786707050860 1965296 16249024 2399572
1786707050902 1965296 16249024 2399572
1786707050942 1965296 16249024 2399572
1786707050981 1965296 16249024 2399572
1786707051023 1965296 16249024 2399572
1786707051065 1965296 16249024 2399572
1786707051108 1965296 16249024 2399572
1786707051150 1965296 16249024 2399572
1786707051191 1965296 16249024 2399572
1786707051234 1965296 16249024 2399572
1786707051276 1965296 16249024 2399572
1786707051318 1965296 16249024 2399572
1786707051359 1965296 16249024 2399572
1786707051402 1965296 16249024 2399572
1786707051444 1965296 16249024 2399572
1786707051485 1965296 16249024 2399572
1786707051526 1965296 16249024 2399572
1786707051568 1965296 16249024 2399572
1786707051608 1965296 16249024 2399572
1786707051652 1965296 16249024 2399572
1786707051697 1965296 16249024 2399572
1786707051740 1965296 16249024 2399572
1786707051782 1965296 16249024 2399572
1786707051826 1965296 16249024 2399572
1786707051871 1965296 16249024 2399572
1786707051914 1965296 16249024 2399572
1786707051958 1965296 16249024 2399572
1786707052003 1965296 16249024 2399572
1786707052049 1965296 16249024 2399572
1786707052095 1965296 16249024 2399572
1786707052140 1965296 16249024 2399572
1786707052186 1965296 16249024 2399572
1786707052231 1965296 16249024 2399572
1786707052276 1965296 16249024 2399572
1786707052321 1965296 16249024 2399572
1786707052368 1965296 16249024 2399572
1786707052413 1965296 16249024 2399572
1786707052458 1965296 16249024 2399572
1786707052502 1965296 16249024 2399572
1786707052547 1965296 16249024 2399572
1786707052589 1965296 16249024 2399572
1786707052630 1965296 16249024 2399572
1786707052672 1965296 16249024 2399572
1786707052712 1965296 16249024 2399572
1786707052755 1965296 16249024 2399572
1786707052797 1965296 16249024 2399572
1786707052838 1965296 16249024 2399572
1786707052880 1965296 16249024 2399572
1786707052921 1965296 16249024 2399572
1786707052962 1965296 16249024 2399572
1786707053004 1965296 16249024 2399572
1786707053046 1965296 16249024 2399572
1786707053086 1965296 16249024 2399572
1786707053127 1965296 16249024 2399572
1786707053168 1965296 16249024 2399572
1786707053210 1965296 16249024 2399572
1786707053250 1965296 16249024 2399572
1786707053292 1965296 16249024 2399572
1786707053335 1965296 16249024 2399572
1786707053377 1965296 16249024 2399572
1786707053419 1965296 16249024 2399572
1786707053462 1965296 16249024 2399572
1786707053506 1965296 16249024 2399572
1786707053549 1965296 16249024 2399572
1786707053593 1965296 16249024 2399572
1786707053635 1965296 16249024 2399572
1786707053677 1965296 16249024 2399572
1786707053718 1965296 16249024 2399572
1786707053759 1965296 16249024 2399572
1786707053800 1965296 16249024 2399572
1786707053842 1965296 16249024 2399572
1786707053884 1965296 16249024 2399572
1786707053926 1965296 16249024 2399572
1786707053967 1965296 16249024 2399572
1786707054011 1965296 16249024 2399572
1786707054056 1965296 16249024 2399572
1786707054100 1965296 16249024 2399572
1786707054145 1965296 16249024 2399572
1786707054189 1965296 16249024 2399572
1786707054235 1965296 16249024 2399572
1786707054280 1965296 16249024 2399572
1786707054325 1965296 16249024 2399572
1786707054368 1965296 16249024 2399572
1786707054411 1965296 16249024 2399572
1786707054457 1965296 16249024 2399572
1786707054502 1965296 16249024 2399572
1786707054544 1965296 16249024 2399572
1786707054587 1965296 16249024 2399572
1786707054630 1965296 16249024 2399572
1786707054672 1965296 16249024 2399572
1786707054715 1965296 16249024 2399572
1786707054756 1965296 16249024 2399572
1786707054799 1965296 16249024 2399572
1786707054840 1965296 16249024 2399572
1786707054881 1965296 16249024 2399572
1786707054923 1965296 16249024 2399572
1786707054966 1965296 16249024 2399572
1786707055008 1965296 16249024 2399572
1786707055051 1965296 16249024 2399572
1786707055094 1965296 16249024 2399572
1786707055138 1965296 16249024 2399572
1786707055180 1965296 16249024 2399572
1786707055221 1965296 16249024 2399572
1786707055263 1965296 16249024 2399572
1786707055303 1965296 16249024 2399572
1786707055345 1965296 16249024 2399572
1786707055399 1965296 16249024 2399572
1786707055440 1965296 16249024 2399572
1786707055481 1965296 16249024 2399572
1786707055522 1965296 16249024 2399572
1786707055561 1965296 16249024 2399572
1786707055604 1965296 16249024 2399572
1786707055645 1965296 16249024 2399572
1786707055686 1965296 16249024 2399572
1786707055727 1965296 16249024 2399572
1786707055769 1965296 16249024 2399572
1786707055810 1965296 16249024 2399572
1786707055851 1965296 16249024 2399572
1786707055893 1965296 16249024 2399572
1786707055936 1965296 16249024 2399572
1786707055978 1965296 16249024 2399572
1786707056019 1965296 16249024 2399572
1786707056061 1965296 16249024 2399572
1786707056102 1965296 16249024 2399572
1786707056144 1965296 16249024 2399572
1786707056185 1965296 16249024 2399572
1786707056227 1965296 16249024 2399572
1786707056269 1965296 16249024 2399572
1786707056310 1965296 16249024 2399572
1786707056352 1965296 16249024 2399572
1786707056392 1965296 16249024 2399572
1786707056432 1965296 16249024 2399572
1786707056475 1965296 16249024 2399572
1786707056516 1965296 16249024 2399572
1786707056557 1965296 16249024 2399572
1786707056598 1965296 16249024 2399572
1786707056640 1965296 16249024 2399572
1786707056681 1965296 16249024 2399572
1786707056722 1965296 16249024 2399572
1786707056764 1965296 16249024 2399572
1786707056807 1965296 16249024 2399572
1786707056847 1965296 16249024 2399572
1786707056888 1965296 16249024 2399572
1786707056931 1965296 16249024 2399572
1786707056972 1965296 16249024 2399572
1786707057012 1965296 16249024 2399572
1786707057056 1965296 16249024 2399572
1786707057102 1965296 16249024 2399572
1786707057145 1965296 16249024 2399572
1786707057187 1965296 16249024 2399572
1786707057228 1965296 16249024 2399572
1786707057272 1965296 16249024 2399572
1786707057318 1965296 16249024 2399572
1786707057362 1965296 16249024 2399572
1786707057406 1965296 16249024 2399572
1786707057450 1965296 16249024 2399572
1786707057493 1965296 16249024 2399572
1786707057540 1965296 16249024 2399572
1786707057584 1965296 16249024 2399572
1786707057629 1965296 16249024 2399572
1786707057671 1965296 16249024 2399572
1786707057714 1965296 16249024 2399572
1786707057760 1965296 16249024 2399572
1786707057805 1965296 16249024 2399572
1786707057852 1965296 16249024 2399572
1786707057898 1965296 16249024 2399572
1786707057945 1965296 16249024 2399572
1786707057991 1965296 16249024 2399572
1786707058034 1965296 16249024 2399572
1786707058076 1965296 16249024 2399572
1786707058119 1965296 16249024 2399572
1786707058165 1965296 16249024 2399572
1786707058209 1965296 16249024 2399572
1786707058255 1965296 16249024 2399572
1786707058300 1965296 16249024 2399572
1786707058343 1965296 16249024 2399572
1786707058390 1965296 16249024 2399572
1786707058434 1965296 16249024 2399572
1786707058479 1965296 16249024 2399572
1786707058521 1965296 16249024 2399572
1786707058567 1965296 16249024 2399572
1786707058612 1965296 16249024 2399572
1786707058656 1965296 16249024 2399572
1786707058701 1965296 16249024 2399572
1786707058745 1965296 16249024 2399572
1786707058791 1965296 16249024 2399572
1786707058836 1965296 16249024 2399572
1786707058882 1965296 16249024 2399572
1786707058928 1965296 16249024 2399572
1786707058973 1965296 16249024 2399572
1786707059014 1965296 16249024 2399572
1786707059055 1965296 16249024 2399572
1786707059101 1965296 16249024 2399572
1786707059144 1965296 16249024 2399572
1786707059189 1965296 16249024 2399572
1786707059235 1965296 16249024 2399572
1786707059277 1965296 16249024 2399572
1786707059323 1965296 16249024 2399572
1786707059369 1965296 16249024 2399572
1786707059412 1965296 16249024 2399572
1786707059456 1965296 16249024 2399572
1786707059499 1965296 16249024 2399572
1786707059544 1965296 16249024 2399572
1786707059586 1965296 16249024 2399572
1786707059631 1965296 16249024 2399572
1786707059675 1965296 16249024 2399572
1786707059723 1965296 16249024 2399572
1786707059765 1965296 16249024 2399572
1786707059811 1965296 16249024 2399572
1786707059856 1965296 16249024 2399572
1786707059901 1965296 16249024 2399572
1786707059946 1965296 16249024 2399572
1786707059993 1965296 16249024 2399572
1786707060040 1965296 16249024 2399572
1786707060084 1965296 16249024 2399572
1786707060128 1965296 16249024 2399572
1786707060173 1965296 16249024 2399572
1786707060218 1965296 16249024 2399572
1786707060261 1965296 16249024 2399572
1786707060303 1965296 16249024 2399572
1786707060347 1965296 16249024 2399572
1786707060389 1965296 16249024 2399572
1786707060434 1965296 16249024 2399572
1786707060481 1965296 16249024 2399572
1786707060526 1965296 16249024 2399572
1786707060572 1965296 16249024 2399572
1786707060616 1965296 16249024 2399572
1786707060660 1965296 16249024 2399572
1786707060705 1965296 16249024 2399572
1786707060750 1965296 16249024 2399572
1786707060798 1965296 16249024 2399572
1786707060841 1965296 16249024 2399572
1786707060885 1965296 16249024 2399572
1786707060932 1965296 16249024 2399572
1786707060977 1965296 16249024 2399572
1786707061022 1965296 16249024 2399572
1786707061067 1965296 16249024 2399572
1786707061113 1965296 16249024 2399572
1786707061157 1965296 16249024 2399572
1786707061202 1965296 16249024 2399572
1786707061248 1965296 16249024 2399572
1786707061294 1965296 16249024 2399572
1786707061340 1965296 16249024 2399572
1786707061385 1965296 16249024 2399572
1786707061430 1965296 16249024 2399572
1786707061476 1965296 16249024 2399572
1786707061518 1965296 16249024 2399572
1786707061561 1965296 16249024 2399572
1786707061606 1965296 16249024 2399572
1786707061648 1965296 16249024 2399572
1786707061693 1965296 16249024 2399572
1786707061737 1965296 16249024 2399572
1786707061781 1965296 16249024 2399572
1786707061825 1965296 16249024 2399572
1786707061870 1965296 16249024 2399572
1786707061914 1965296 16249024 2399572
1786707061961 1965296 16249024 2399572
1786707062006 1965296 16249024 2399572
1786707062051 1965296 16249024 2399572
1786707062100 1965296 16249024 2399572
1786707062148 1965296 16249024 2399572
1786707062193 1965296 16249024 2399572
1786707062238 1965296 16249024 2399572
1786707062283 1965296 16249024 2399572
1786707062329 1965296 16249024 2399572
1786707062373 1965296 16249024 2399572
1786707062419 1965296 16249024 2399572
1786707062464 1965296 16249024 2399572
1786707062509 1965296 16249024 2399572
1786707062554 1965296 16249024 2399572
1786707062599 1965296 16249024 2399572
1786707062644 1965296 16249024 2399572
1786707062691 1965296 16249024 2399572
1786707062737 1965296 16249024 2399572
1786707062783 1965296 16249024 2399572
1786707062828 1965296 16249024 2399572
1786707062874 1965296 16249024 2399572
1786707062920 1965296 16249024 2399572
1786707062966 1965296 16249024 2399572
1786707063012 1965296 16249024 2399572
1786707063058 1965296 16249024 2399572
1786707063104 1965296 16249024 2399572
1786707063151 1965296 16249024 2399572
1786707063197 1965296 16249024 2399572
1786707063244 1965296 16249024 2399572
1786707063291 1965296 16249024 2399572
1786707063334 1965296 16249024 2399572
1786707063375 1965296 16249024 2399572
1786707063418 1965296 16249024 2399572
1786707063460 1965296 16249024 2399572
1786707063501 1965296 16249024 2399572
1786707063542 1965296 16249024 2399572
1786707063584 1965296 16249024 2399572
1786707063625 1965296 16249024 2399572
1786707063667 1965296 16249024 2399572
1786707063708 1965296 16249024 2399572
1786707063749 1965296 16249024 2399572
1786707063790 1965296 16249024 2399572
1786707063830 1965296 16249024 2399572
1786707063870 1965296 16249024 2399572
1786707063913 1965296 16249024 2399572
1786707063953 1965296 16249024 2399572
1786707063995 1965296 16249024 2399572
1786707064036 1965296 16249024 2399572
1786707064077 1965296 16249024 2399572
1786707064118 1965296 16249024 2399572
1786707064161 1965296 16249024 2399572
1786707064203 1965296 16249024 2399572
1786707064244 1965296 16249024 2399572
1786707064284 1965296 16249024 2399572
1786707064327 1965296 16249024 2399572
1786707064369 1965296 16249024 2399572
1786707064411 1965296 16249024 2399572
1786707064452 1965296 16249024 2399572
1786707064494 1965296 16249024 2399572
1786707064536 1965296 16249024 2399572
1786707064578 1965296 16249024 2399572
1786707064620 1965296 16249024 2399572
1786707064660 1965296 16249024 2399572
1786707064704 1965296 16249024 2399572
1786707064746 1965296 16249024 2399572
1786707064788 1965296 16249024 2399572
1786707064829 1965296 16249024 2399572
1786707064871 1965296 16249024 2399572
1786707064912 1965296 16249024 2399572
1786707064954 1965296 16249024 2399572
1786707064995 1965296 16249024 2399572
1786707065037 1965296 16249024 2399572
1786707065079 1965296 16249024 2399572
1786707065120 1965296 16249024 2399572
1786707065163 1965296 16249024 2399572
1786707065204 1965296 16249024 2399572
1786707065246 1965296 16249024 2399572
1786707065290 1965296 16249024 2399572
1786707065332 1965296 16249024 2399572
1786707065374 1965296 16249024 2399572
1786707065417 1965296 16249024 2399572
1786707065461 1965296 16249024 2399572
1786707065503 1965296 16249024 2399572
1786707065545 1965296 16249024 2399572
1786707065586 1965296 16249024 2399572
1786707065631 1965296 16249024 2399572
1786707065673 1965296 16249024 2399572
1786707065716 1965296 16249024 2399572
1786707065756 1965296 16249024 2399572
1786707065797 1965296 16249024 2399572
1786707065840 1965296 16249024 2399572
1786707065883 1965296 16249024 2399572
1786707065924 1965296 16249024 2399572
1786707065966 1965296 16249024 2399572
1786707066008 1965296 16249024 2399572
1786707066052 1965296 16249024 2399572
1786707066093 1965296 16249024 2399572
1786707066134 1965296 16249024 2399572
1786707066177 1965296 16249024 2399572
1786707066219 1965296 16249024 2399572
1786707066262 1965296 16249024 2399572
1786707066303 1965296 16249024 2399572
1786707066344 1965296 16249024 2399572
1786707066385 1965296 16249024 2399572
1786707066428 1965296 16249024 2399572
1786707066469 1965296 16249024 2399572
1786707066513 1965296 16249024 2399572
1786707066557 1965296 16249024 2399572
1786707066600 1965296 16249024 2399572
1786707066642 1965296 16249024 2399572
1786707066685 1965296 16249024 2399572
1786707066727 1965296 16249024 2399572
1786707066767 1965296 16249024 2399572
1786707066806 1965296 16249024 2399572
1786707066847 1965296 16249024 2399572
1786707066890 1965296 16249024 2399572
1786707066932 1965296 16249024 2399572
1786707066974 1965296 16249024 2399572
1786707067015 1965296 16249024 2399572
1786707067057 1965296 16249024 2399572
1786707067099 1965296 16249024 2399572
1786707067141 1965296 16249024 2399572
1786707067182 1965296 16249024 2399572
1786707067224 1965296 16249024 2399572
1786707067265 1965296 16249024 2399572
1786707067307 1965296 16249024 2399572
1786707067350 1965296 16249024 2399572
1786707067393 1965296 16249024 2399572
1786707067434 1965296 16249024 2399572
1786707067476 1965296 16249024 2399572
1786707067517 1965296 16249024 2399572
1786707067559 1965296 16249024 2399572
1786707067600 1965296 16249024 2399572
1786707067642 1965296 16249024 2399572
1786707067682 1965296 16249024 2399572
1786707067724 1965296 16249024 2399572
1786707067765 1965296 16249024 2399572
1786707067806 1965296 16249024 2399572
1786707067847 1965296 16249024 2399572
1786707067889 1965296 16249024 2399572
1786707067931 1965296 16249024 2399572
1786707067974 1965296 16249024 2399572
1786707068015 1965296 16249024 2399572
1786707068058 1965296 16249024 2399572
1786707068101 1965296 16249024 2399572
1786707068143 1965296 16249024 2399572
1786707068185 1965296 16249024 2399572
1786707068225 1965296 16249024 2399572
1786707068267 1965296 16249024 2399572
1786707068309 1965296 16249024 2399572
1786707068350 1965296 16249024 2399572
1786707068393 1965296 16249024 2399572
1786707068435 1965296 16249024 2399572
1786707068478 1965296 16249024 2399572
1786707068521 1965296 16249024 2399572
1786707068563 1965296 16249024 2399572
1786707068605 1965296 16249024 2399572
1786707068646 1965296 16249024 2399572
1786707068691 1965296 16249024 2399572
1786707068734 1965296 16249024 2399572
1786707068778 1965296 16249024 2399572
1786707068822 1965296 16249024 2399572
1786707068865 1965296 16249024 2399572
1786707068908 1965296 16249024 2399572
1786707068953 1965296 16249024 2399572
1786707068995 1965296 16249024 2399572
1786707069042 1965296 16249024 2399572
1786707069087 1965296 16249024 2399572
1786707069130 1965296 16249024 2399572
1786707069174 1965296 16249024 2399572
1786707069217 1965296 16249024 2399572
1786707069263 1965296 16249024 2399572
1786707069308 1965296 16249024 2399572
1786707069352 1965296 16249024 2399572
1786707069397 1965296 16249024 2399572
1786707069443 1965296 16249024 2399572
1786707069489 1965296 16249024 2399572
1786707069535 1965296 16249024 2399572
1786707069577 1965296 16249024 2399572
1786707069619 1965296 16249024 2399572
1786707069662 1965296 16249024 2399572
1786707069705 1965296 16249024 2399572
1786707069747 1965296 16249024 2399572
1786707069789 1965296 16249024 2399572
1786707069831 1965296 16249024 2399572
1786707069872 1965296 16249024 2399572
1786707069914 1965296 16249024 2399572
1786707069956 1965296 16249024 2399572
1786707069998 1965296 16249024 2399572
1786707070039 1965296 16249024 2399572
1786707070080 1965296 16249024 2399572
1786707070121 1965296 16249024 2399572
1786707070163 1965296 16249024 2399572
1786707070205 1965296 16249024 2399572
1786707070246 1965296 16249024 2399572
1786707070288 1965296 16249024 2399572
1786707070331 1965296 16249024 2399572
1786707070374 1965296 16249024 2399572
1786707070415 1965296 16249024 2399572
1786707070456 1965296 16249024 2399572
1786707070499 1965296 16249024 2399572
1786707070543 1965296 16249024 2399572
1786707070587 1965296 16249024 2399572
1786707070631 1965296 16249024 2399572
1786707070672 1965296 16249024 2399572
1786707070714 1965296 16249024 2399572
1786707070754 1965296 16249024 2399572
1786707070796 1965296 16249024 2399572
1786707070839 1965296 16249024 2399572
1786707070880 1965296 16249024 2399572
1786707070924 1965296 16249024 2399572
1786707070965 1965296 16249024 2399572
1786707071006 1965296 16249024 2399572
1786707071051 1965296 16249024 2399572
1786707071095 1965296 16249024 2399572
1786707071140 1965296 16249024 2399572
1786707071188 1965296 16249024 2399572
1786707071232 1965296 16249024 2399572
1786707071276 1965296 16249024 2399572
1786707071320 1965296 16249024 2399572
1786707071366 1965296 16249024 2399572
1786707071409 1965296 16249024 2399572
1786707071453 1965296 16249024 2399572
1786707071497 1965296 16249024 2399572
1786707071541 1965296 16249024 2399572
1786707071584 1965296 16249024 2399572
1786707071625 1965296 16249024 2399572
1786707071669 1965296 16249024 2399572
1786707071711 1965296 16249024 2399572
1786707071752 1965296 16249024 2399572
1786707071794 1965296 16249024 2399572
1786707071837 1965296 16249024 2399572
1786707071880 1965296 16249024 2399572
1786707071924 1965296 16249024 2399572
1786707071966 1965296 16249024 2399572
1786707072007 1965296 16249024 2399572
1786707072050 1965296 16249024 2399572
1786707072091 1965296 16249024 2399572
1786707072134 1965296 16249024 2399572
1786707072175 1965296 16249024 2399572
1786707072216 1965296 16249024 2399572
1786707072257 1965296 16249024 2399572
1786707072298 1965296 16249024 2399572
1786707072341 1965296 16249024 2399572
1786707072382 1965296 16249024 2399572
1786707072424 1965296 16249024 2399572
1786707072467 1965296 16249024 2399572
1786707072507 1965296 16249024 2399572
1786707072547 1965296 16249024 2399572
1786707072586 1965296 16249024 2399572
1786707072628 1965296 16249024 2399572
1786707072670 1965296 16249024 2399572
1786707072712 1965296 16249024 2399572
1786707072754 1965296 16249024 2399572
1786707072794 1965296 16249024 2399572
1786707072836 1965296 16249024 2399572
1786707072878 1965296 16249024 2399572
1786707072920 1965296 16249024 2399572
1786707072961 1965296 16249024 2399572
1786707073002 1965296 16249024 2399572
1786707073042 1965296 16249024 2399572
1786707073082 1965296 16249024 2399572
1786707073124 1965296 16249024 2399572
1786707073165 1965296 16249024 2399572
1786707073207 1965296 16249024 2399572
1786707073249 1965296 16249024 2399572
1786707073291 1965296 16249024 2399572
1786707073332 1965296 16249024 2399572
1786707073374 1965296 16249024 2399572
1786707073413 1965296 16249024 2399572
1786707073456 1965296 16249024 2399572
1786707073498 1965296 16249024 2399572
1786707073539 1965296 16249024 2399572
1786707073581 1965296 16249024 2399572
1786707073623 1965296 16249024 2399572
1786707073664 1965296 16249024 2399572
1786707073707 1965296 16249024 2399572
1786707073748 1965296 16249024 2399572
1786707073789 1965296 16249024 2399572
1786707073831 1965296 16249024 2399572
1786707073872 1965296 16249024 2399572
1786707073915 1965296 16249024 2399572
1786707073958 1965296 16249024 2399572
1786707073999 1965296 16249024 2399572
1786707074040 1965296 16249024 2399572
1786707074084 1965296 16249024 2399572
1786707074130 1965296 16249024 2399572
1786707074172 1965296 16249024 2399572
1786707074214 1965296 16249024 2399572
1786707074256 1965296 16249024 2399572
1786707074301 1965296 16249024 2399572
1786707074348 1965296 16249024 2399572
1786707074394 1965296 16249024 2399572
1786707074435 1965296 16249024 2399572
1786707074478 1965296 16249024 2399572
1786707074522 1965296 16249024 2399572
1786707074567 1965296 16249024 2399572
1786707074611 1965296 16249024 2399572
1786707074657 1965296 16249024 2399572
1786707074700 1965296 16249024 2399572
1786707074744 1965296 16249024 2399572
1786707074789 1965296 16249024 2399572
1786707074834 1965296 16249024 2399572
1786707074879 1965296 16249024 2399572
1786707074923 1965296 16249024 2399572
1786707074967 1965296 16249024 2399572
1786707075014 1965296 16249024 2399572
1786707075059 1965296 16249024 2399572
1786707075102 1965296 16249024 2399572
1786707075146 1965296 16249024 2399572
1786707075189 1965296 16249024 2399572
1786707075233 1965296 16249024 2399572
1786707075276 1965296 16249024 2399572
1786707075320 1965296 16249024 2399572
1786707075364 1965296 16249024 2399572
1786707075409 1965296 16249024 2399572
1786707075454 1965296 16249024 2399572
1786707075498 1965296 16249024 2399572
1786707075540 1965296 16249024 2399572
1786707075584 1965296 16249024 2399572
1786707075631 1965296 16249024 2399572
1786707075678 1965296 16249024 2399572
1786707075722 1965296 16249024 2399572
1786707075766 1965296 16249024 2399572
1786707075808 1965296 16249024 2399572
1786707075854 1965296 16249024 2399572
1786707075899 1965296 16249024 2399572
1786707075944 1965296 16249024 2399572
1786707075988 1965296 16249024 2399572
1786707076034 1965296 16249024 2399572
1786707076080 1965296 16249024 2399572
1786707076126 1965296 16249024 2399572
1786707076173 1965296 16249024 2399572
1786707076217 1965296 16249024 2399572
1786707076263 1965296 16249024 2399572
1786707076308 1965296 16249024 2399572
1786707076350 1965296 16249024 2399572
1786707076391 1965296 16249024 2399572
1786707076434 1965296 16249024 2399572
1786707076481 1965296 16249024 2399572
1786707076528 1965296 16249024 2399572
1786707076574 1965296 16249024 2399572
1786707076620 1965296 16249024 2399572
1786707076665 1965296 16249024 2399572
1786707076712 1965296 16249024 2399572
1786707076754 1965296 16249024 2399572
1786707076798 1965296 16249024 2399572
1786707076844 1965296 16249024 2399572
1786707076887 1965296 16249024 2399572
1786707076930 1965296 16249024 2399572
1786707076975 1965296 16249024 2399572
1786707077020 1965296 16249024 2399572
1786707077065 1965296 16249024 2399572
1786707077110 1965296 16249024 2399572
1786707077152 1965296 16249024 2399572
1786707077197 1965296 16249024 2399572
1786707077244 1965296 16249024 2399572
1786707077289 1965296 16249024 2399572
1786707077334 1965296 16249024 2399572
1786707077377 1965296 16249024 2399572
1786707077421 1965296 16249024 2399572
1786707077467 1965296 16249024 2399572
1786707077512 1965296 16249024 2399572
1786707077557 1965296 16249024 2399572
1786707077601 1965296 16249024 2399572
1786707077645 1965296 16249024 2399572
1786707077689 1965296 16249024 2399572
1786707077733 1965296 16249024 2399572
1786707077779 1965296 16249024 2399572
1786707077826 1965296 16249024 2399572
1786707077870 1965296 16249024 2399572
1786707077917 1965296 16249024 2399572
1786707077961 1965296 16249024 2399572
1786707078004 1965296 16249024 2399572
1786707078047 1965296 16249024 2399572
1786707078090 1965296 16249024 2399572
1786707078134 1965296 16249024 2399572
1786707078178 1965296 16249024 2399572
1786707078222 1965296 16249024 2399572
1786707078267 1965296 16249024 2399572
1786707078314 1965296 16249024 2399572
1786707078360 1965296 16249024 2399572
1786707078406 1965296 16249024 2399572
1786707078453 1965296 16249024 2399572
1786707078498 1965296 16249024 2399572
1786707078543 1965296 16249024 2399572
1786707078588 1965296 16249024 2399572
1786707078633 1965296 16249024 2399572
1786707078678 1965296 16249024 2399572
1786707078721 1965296 16249024 2399572
1786707078769 1965296 16249024 2399572
1786707078812 1965296 16249024 2399572
1786707078855 1965296 16249024 2399572
1786707078900 1965296 16249024 2399572
1786707078944 1965296 16249024 2399572
1786707078988 1965296 16249024 2399572
1786707079031 1965296 16249024 2399572
1786707079076 1965296 16249024 2399572
1786707079120 1965296 16249024 2399572
1786707079168 1965296 16249024 2399572
1786707079214 1965296 16249024 2399572
1786707079260 1965296 16249024 2399572
1786707079305 1965296 16249024 2399572
1786707079350 1965296 16249024 2399572
1786707079394 1965296 16249024 2399572
1786707079439 1965296 16249024 2399572
1786707079484 1965296 16249024 2399572
1786707079526 1965296 16249024 2399572
1786707079572 1965296 16249024 2399572
1786707079614 1965296 16249024 2399572
1786707079657 1965296 16249024 2399572
1786707079703 1965296 16249024 2399572
1786707079747 1965296 16249024 2399572
1786707079793 1965296 16249024 2399572
1786707079840 1965296 16249024 2399572
1786707079884 1965296 16249024 2399572
1786707079929 1965296 16249024 2399572
1786707079976 1965296 16249024 2399572
1786707080022 1965296 16249024 2399572
1786707080069 1965296 16249024 2399572
1786707080115 1965296 16249024 2399572
1786707080162 1965296 16249024 2399572
1786707080207 1965296 16249024 2399572
1786707080252 1965296 16249024 2399572
1786707080298 1965296 16249024 2399572
1786707080343 1965296 16249024 2399572
1786707080389 1965296 16249024 2399572
1786707080435 1965296 16249024 2399572
1786707080483 1965296 16249024 2399572
1786707080529 1965296 16249024 2399572
1786707080574 1965296 16249024 2399572
1786707080619 1965296 16249024 2399572
1786707080662 1965296 16249024 2399572
1786707080705 1965296 16249024 2399572
1786707080746 1965296 16249024 2399572
1786707080786 1965296 16249024 2399572
1786707080829 1965296 16249024 2399572
1786707080870 1965296 16249024 2399572
1786707080912 1965296 16249024 2399572
1786707080954 1965296 16249024 2399572
1786707080994 1965296 16249024 2399572
1786707081034 1965296 16249024 2399572
1786707081076 1965296 16249024 2399572
1786707081118 1965296 16249024 2399572
1786707081160 1965296 16249024 2399572
1786707081202 1965296 16249024 2399572
1786707081243 1965296 16249024 2399572
1786707081285 1965296 16249024 2399572
1786707081326 1965296 16249024 2399572
1786707081369 1965296 16249024 2399572
1786707081410 1965296 16249024 2399572
1786707081451 1965296 16249024 2399572
1786707081493 1965296 16249024 2399572
1786707081535 1965296 16249024 2399572
1786707081578 1965296 16249024 2399572
1786707081620 1965296 16249024 2399572
1786707081660 1965296 16249024 2399572
1786707081702 1965296 16249024 2399572
1786707081744 1965296 16249024 2399572
1786707081786 1965296 16249024 2399572
1786707081828 1965296 16249024 2399572
1786707081870 1965296 16249024 2399572
1786707081912 1965296 16249024 2399572
1786707081952 1965296 16249024 2399572
1786707081996 1965296 16249024 2399572
1786707082038 1965296 16249024 2399572
1786707082081 1965296 16249024 2399572
1786707082123 1965296 16249024 2399572
1786707082165 1965296 16249024 2399572
1786707082204 1965296 16249024 2399572
1786707082246 1965296 16249024 2399572
1786707082287 1965296 16249024 2399572
1786707082329 1965296 16249024 2399572
1786707082371 1965296 16249024 2399572
1786707082412 1965296 16249024 2399572
1786707082456 1965296 16249024 2399572
1786707082510 1965296 16249024 2399572
1786707082551 1965296 16249024 2399572
1786707082593 1965296 16249024 2399572
1786707082634 1965296 16249024 2399572
1786707082675 1965296 16249024 2399572
1786707082717 1965296 16249024 2399572
1786707082761 1965296 16249024 2399572
1786707082803 1965296 16249024 2399572
1786707082844 1965296 16249024 2399572
1786707082885 1965296 16249024 2399572
1786707082928 1965296 16249024 2399572
1786707082970 1965296 16249024 2399572
1786707083012 1965296 16249024 2399572
1786707083051 1965296 16249024 2399572
1786707083095 1965296 16249024 2399572
1786707083138 1965296 16249024 2399572
1786707083181 1965296 16249024 2399572
1786707083223 1965296 16249024 2399572
1786707083266 1965296 16249024 2399572
1786707083307 1965296 16249024 2399572
1786707083348 1965296 16249024 2399572
1786707083391 1965296 16249024 2399572
1786707083432 1965296 16249024 2399572
1786707083473 1965296 16249024 2399572
1786707083514 1965296 16249024 2399572
1786707083555 1965296 16249024 2399572
1786707083597 1965296 16249024 2399572
1786707083638 1965296 16249024 2399572
1786707083679 1965296 16249024 2399572
1786707083720 1965296 16249024 2399572
1786707083761 1965296 16249024 2399572
1786707083803 1965296 16249024 2399572
1786707083846 1965296 16249024 2399572
1786707083888 1965296 16249024 2399572
1786707083929 1965296 16249024 2399572
1786707083970 1965296 16249024 2399572
1786707084011 1965296 16249024 2399572
1786707084053 1965296 16249024 2399572
1786707084094 1965296 16249024 2399572
1786707084136 1965296 16249024 2399572
1786707084179 1965296 16249024 2399572
1786707084220 1965296 16249024 2399572
1786707084263 1965296 16249024 2399572
1786707084304 1965296 16249024 2399572
1786707084344 1965296 16249024 2399572
1786707084384 1965296 16249024 2399572
1786707084426 1965296 16249024 2399572
1786707084467 1965296 16249024 2399572
1786707084509 1965296 16249024 2399572
1786707084551 1965296 16249024 2399572
1786707084594 1965296 16249024 2399572
1786707084637 1965296 16249024 2399572
1786707084679 1965296 16249024 2399572
1786707084720 1965296 16249024 2399572
1786707084761 1965296 16249024 2399572
1786707084803 1965296 16249024 2399572
1786707084845 1965296 16249024 2399572
1786707084885 1965296 16249024 2399572
1786707084926 1965296 16249024 2399572
1786707084968 1965296 16249024 2399572
1786707085009 1965296 16249024 2399572
1786707085051 1965296 16249024 2399572
1786707085094 1965296 16249024 2399572
1786707085136 1965296 16249024 2399572
1786707085178 1965296 16249024 2399572
1786707085220 1965296 16249024 2399572
1786707085262 1965296 16249024 2399572
1786707085304 1965296 16249024 2399572
1786707085346 1965296 16249024 2399572
1786707085387 1965296 16249024 2399572
1786707085431 1965296 16249024 2399572
1786707085473 1965296 16249024 2399572
1786707085515 1965296 16249024 2399572
1786707085558 1965296 16249024 2399572
1786707085601 1965296 16249024 2399572
1786707085643 1965296 16249024 2399572
1786707085684 1965296 16249024 2399572
1786707085726 1965296 16249024 2399572
1786707085767 1965296 16249024 2399572
1786707085808 1965296 16249024 2399572
1786707085852 1965296 16249024 2399572
1786707085894 1965296 16249024 2399572
1786707085934 1965296 16249024 2399572
1786707085976 1965296 16249024 2399572
1786707086020 1965296 16249024 2399572
1786707086064 1965296 16249024 2399572
1786707086109 1965296 16249024 2399572
1786707086153 1965296 16249024 2399572
1786707086197 1965296 16249024 2399572
1786707086241 1965296 16249024 2399572
1786707086286 1965296 16249024 2399572
1786707086332 1965296 16249024 2399572
1786707086378 1965296 16249024 2399572
1786707086424 1965296 16249024 2399572
1786707086469 1965296 16249024 2399572
1786707086514 1965296 16249024 2399572
1786707086558 1965296 16249024 2399572
1786707086603 1965296 16249024 2399572
1786707086647 1965296 16249024 2399572
1786707086694 1965296 16249024 2399572
1786707086739 1965296 16249024 2399572
1786707086784 1965296 16249024 2399572
1786707086829 1965296 16249024 2399572
1786707086870 1965296 16249024 2399572
1786707086913 1965296 16249024 2399572
1786707086954 1965296 16249024 2399572
1786707086995 1965296 16249024 2399572
1786707087037 1965296 16249024 2399572
1786707087079 1965296 16249024 2399572
1786707087119 1965296 16249024 2399572
1786707087159 1965296 16249024 2399572
1786707087199 1965296 16249024 2399572
1786707087238 1965296 16249024 2399572
1786707087280 1965296 16249024 2399572
1786707087321 1965296 16249024 2399572
1786707087363 1965296 16249024 2399572
1786707087405 1965296 16249024 2399572
1786707087445 1965296 16249024 2399572
1786707087484 1965296 16249024 2399572
1786707087527 1965296 16249024 2399572
1786707087568 1965296 16249024 2399572
1786707087610 1965296 16249024 2399572
1786707087652 1965296 16249024 2399572
1786707087694 1965296 16249024 2399572
1786707087737 1965296 16249024 2399572
1786707087780 1965296 16249024 2399572
1786707087823 1965296 16249024 2399572
1786707087866 1965296 16249024 2399572
1786707087907 1965296 16249024 2399572
1786707087950 1965296 16249024 2399572
1786707087991 1965296 16249024 2399572
1786707088032 1965296 16249024 2399572
1786707088073 1965296 16249024 2399572
1786707088115 1965296 16249024 2399572
1786707088157 1965296 16249024 2399572
1786707088198 1965296 16249024 2399572
1786707088241 1965296 16249024 2399572
1786707088283 1965296 16249024 2399572
1786707088327 1965296 16249024 2399572
1786707088371 1965296 16249024 2399572
1786707088416 1965296 16249024 2399572
1786707088462 1965296 16249024 2399572
1786707088506 1965296 16249024 2399572
1786707088552 1965296 16249024 2399572
1786707088596 1965296 16249024 2399572
1786707088640 1965296 16249024 2399572
1786707088686 1965296 16249024 2399572
1786707088731 1965296 16249024 2399572
1786707088777 1965296 16249024 2399572
1786707088821 1965296 16249024 2399572
1786707088864 1965296 16249024 2399572
1786707088907 1965296 16249024 2399572
1786707088948 1965296 16249024 2399572
1786707088989 1965296 16249024 2399572
1786707089032 1965296 16249024 2399572
1786707089074 1965296 16249024 2399572
1786707089117 1965296 16249024 2399572
1786707089158 1965296 16249024 2399572
1786707089200 1965296 16249024 2399572
1786707089242 1965296 16249024 2399572
1786707089284 1965296 16249024 2399572
1786707089327 1965296 16249024 2399572
1786707089369 1965296 16249024 2399572
1786707089414 1965296 16249024 2399572
1786707089455 1965296 16249024 2399572
1786707089497 1965296 16249024 2399572
1786707089539 1965296 16249024 2399572
1786707089580 1965296 16249024 2399572
1786707089622 1965296 16249024 2399572
1786707089664 1965296 16249024 2399572
1786707089705 1965296 16249024 2399572
1786707089747 1965296 16249024 2399572
1786707089788 1965296 16249024 2399572
1786707089828 1965296 16249024 2399572
1786707089868 1965296 16249024 2399572
1786707089910 1965296 16249024 2399572
1786707089951 1965296 16249024 2399572
1786707089991 1965296 16249024 2399572
1786707090031 1965296 16249024 2399572
1786707090071 1965296 16249024 2399572
1786707090114 1965296 16249024 2399572
1786707090155 1965296 16249024 2399572
1786707090196 1965296 16249024 2399572
1786707090237 1965296 16249024 2399572
1786707090279 1965296 16249024 2399572
1786707090321 1965296 16249024 2399572
1786707090362 1965296 16249024 2399572
1786707090403 1965296 16249024 2399572
1786707090445 1965296 16249024 2399572
1786707090487 1965296 16249024 2399572
1786707090530 1965296 16249024 2399572
1786707090572 1965296 16249024 2399572
1786707090614 1965296 16249024 2399572
1786707090655 1965296 16249024 2399572
1786707090697 1965296 16249024 2399572
1786707090737 1965296 16249024 2399572
1786707090781 1965296 16249024 2399572
1786707090823 1965296 16249024 2399572
1786707090863 1965296 16249024 2399572
1786707090905 1965296 16249024 2399572
1786707090945 1965296 16249024 2399572
1786707090986 1965296 16249024 2399572
1786707091028 1965296 16249024 2399572
1786707091070 1965296 16249024 2399572
1786707091113 1965296 16249024 2399572
1786707091155 1965296 16249024 2399572
1786707091196 1965296 16249024 2399572
1786707091240 1965296 16249024 2399572
1786707091282 1965296 16249024 2399572
1786707091323 1965296 16249024 2399572
1786707091367 1965296 16249024 2399572
1786707091412 1965296 16249024 2399572
1786707091456 1965296 16249024 2399572
1786707091497 1965296 16249024 2399572
1786707091538 1965296 16249024 2399572
1786707091583 1965296 16249024 2399572
1786707091628 1965296 16249024 2399572
1786707091672 1965296 16249024 2399572
1786707091716 1965296 16249024 2399572
1786707091760 1965296 16249024 2399572
1786707091806 1965296 16249024 2399572
1786707091852 1965296 16249024 2399572
1786707091897 1965296 16249024 2399572
1786707091941 1965296 16249024 2399572
1786707091985 1965296 16249024 2399572
1786707092027 1965296 16249024 2399572
1786707092071 1965296 16249024 2399572
1786707092116 1965296 16249024 2399572
1786707092161 1965296 16249024 2399572
1786707092205 1965296 16249024 2399572
1786707092251 1965296 16249024 2399572
1786707092298 1965296 16249024 2399572
1786707092343 1965296 16249024 2399572
1786707092386 1965296 16249024 2399572
1786707092430 1965296 16249024 2399572
1786707092474 1965296 16249024 2399572
1786707092519 1965296 16249024 2399572
1786707092562 1965296 16249024 2399572
1786707092605 1965296 16249024 2399572
1786707092648 1965296 16249024 2399572
1786707092694 1965296 16249024 2399572
1786707092739 1965296 16249024 2399572
1786707092783 1965296 16249024 2399572
1786707092828 1965296 16249024 2399572
1786707092872 1965296 16249024 2399572
1786707092916 1965296 16249024 2399572
1786707092961 1965296 16249024 2399572
1786707093004 1965296 16249024 2399572
1786707093047 1965296 16249024 2399572
1786707093090 1965296 16249024 2399572
1786707093136 1965296 16249024 2399572
1786707093182 1965296 16249024 2399572
1786707093228 1965296 16249024 2399572
1786707093272 1965296 16249024 2399572
1786707093317 1965296 16249024 2399572
1786707093362 1965296 16249024 2399572
1786707093406 1965296 16249024 2399572
1786707093452 1965296 16249024 2399572
1786707093497 1965296 16249024 2399572
1786707093540 1965296 16249024 2399572
1786707093582 1965296 16249024 2399572
1786707093625 1965296 16249024 2399572
1786707093672 1965296 16249024 2399572
1786707093715 1965296 16249024 2399572
1786707093757 1965296 16249024 2399572
1786707093802 1965296 16249024 2399572
1786707093846 1965296 16249024 2399572
1786707093888 1965296 16249024 2399572
1786707093932 1965296 16249024 2399572
1786707093978 1965296 16249024 2399572
1786707094025 1965296 16249024 2399572
1786707094070 1965296 16249024 2399572
1786707094115 1965296 16249024 2399572
1786707094159 1965296 16249024 2399572
1786707094204 1965296 16249024 2399572
1786707094250 1965296 16249024 2399572
1786707094295 1965296 16249024 2399572
1786707094340 1965296 16249024 2399572
1786707094386 1965296 16249024 2399572
1786707094432 1965296 16249024 2399572
1786707094478 1965296 16249024 2399572
1786707094521 1965296 16249024 2399572
1786707094563 1965296 16249024 2399572
1786707094609 1965296 16249024 2399572
1786707094656 1965296 16249024 2399572
1786707094699 1965296 16249024 2399572
1786707094744 1965296 16249024 2399572
1786707094789 1965296 16249024 2399572
1786707094832 1965296 16249024 2399572
1786707094877 1965296 16249024 2399572
1786707094922 1965296 16249024 2399572
1786707094968 1965296 16249024 2399572
1786707095015 1965296 16249024 2399572
1786707095058 1965296 16249024 2399572
1786707095103 1965296 16249024 2399572
1786707095149 1965296 16249024 2399572
1786707095192 1965296 16249024 2399572
1786707095235 1965296 16249024 2399572
1786707095278 1965296 16249024 2399572
1786707095324 1965296 16249024 2399572
1786707095369 1965296 16249024 2399572
1786707095415 1965296 16249024 2399572
1786707095461 1965296 16249024 2399572
1786707095506 1965296 16249024 2399572
1786707095553 1965296 16249024 2399572
1786707095599 1965296 16249024 2399572
1786707095644 1965296 16249024 2399572
1786707095689 1965296 16249024 2399572
1786707095734 1965296 16249024 2399572
1786707095780 1965296 16249024 2399572
1786707095825 1965296 16249024 2399572
1786707095869 1965296 16249024 2399572
1786707095913 1965296 16249024 2399572
1786707095958 1965296 16249024 2399572
1786707096002 1965296 16249024 2399572
1786707096046 1965296 16249024 2399572
1786707096089 1965296 16249024 2399572
1786707096134 1965296 16249024 2399572
1786707096180 1965296 16249024 2399572
1786707096223 1965296 16249024 2399572
1786707096266 1965296 16249024 2399572
1786707096311 1965296 16249024 2399572
1786707096356 1965296 16249024 2399572
1786707096400 1965296 16249024 2399572
1786707096446 1965296 16249024 2399572
1786707096491 1965296 16249024 2399572
1786707096536 1965296 16249024 2399572
1786707096580 1965296 16249024 2399572
1786707096624 1965296 16249024 2399572
1786707096670 1965296 16249024 2399572
1786707096714 1965296 16249024 2399572
1786707096758 1965296 16249024 2399572
1786707096801 1965296 16249024 2399572
1786707096846 1965296 16249024 2399572
1786707096891 1965296 16249024 2399572
1786707096936 1965296 16249024 2399572
1786707096983 1965296 16249024 2399572
1786707097027 1965296 16249024 2399572
1786707097073 1965296 16249024 2399572
1786707097120 1965296 16249024 2399572
1786707097166 1965296 16249024 2399572
1786707097210 1965296 16249024 2399572
1786707097256 1965296 16249024 2399572
1786707097304 1965296 16249024 2399572
1786707097349 1965296 16249024 2399572
1786707097396 1965296 16249024 2399572
1786707097441 1965296 16249024 2399572
1786707097487 1965296 16249024 2399572
1786707097533 1965296 16249024 2399572
1786707097578 1965296 16249024 2399572
1786707097626 1965296 16249024 2399572
1786707097670 1965296 16249024 2399572
1786707097712 1965296 16249024 2399572
1786707097753 1965296 16249024 2399572
1786707097794 1965296 16249024 2399572
1786707097836 1965296 16249024 2399572
1786707097878 1965296 16249024 2399572
1786707097918 1965296 16249024 2399572
1786707097959 1965296 16249024 2399572
1786707098001 1965296 16249024 2399572
1786707098044 1965296 16249024 2399572
1786707098085 1965296 16249024 2399572
1786707098126 1965296 16249024 2399572
1786707098167 1965296 16249024 2399572
1786707098210 1965296 16249024 2399572
1786707098252 1965296 16249024 2399572
1786707098292 1965296 16249024 2399572
1786707098334 1965296 16249024 2399572
1786707098377 1965296 16249024 2399572
1786707098418 1965296 16249024 2399572
1786707098460 1965296 16249024 2399572
1786707098501 1965296 16249024 2399572
1786707098541 1965296 16249024 2399572
1786707098581 1965296 16249024 2399572
1786707098621 1965296 16249024 2399572
1786707098662 1965296 16249024 2399572
1786707098705 1965296 16249024 2399572
1786707098747 1965296 16249024 2399572
1786707098789 1965296 16249024 2399572
1786707098831 1965296 16249024 2399572
1786707098873 1965296 16249024 2399572
1786707098915 1965296 16249024 2399572
1786707098957 1965296 16249024 2399572
1786707099000 1965296 16249024 2399572
1786707099043 1965296 16249024 2399572
1786707099084 1965296 16249024 2399572
1786707099125 1965296 16249024 2399572
1786707099166 1965296 16249024 2399572
1786707099208 1965296 16249024 2399572
1786707099249 1965296 16249024 2399572
1786707099291 1965296 16249024 2399572
1786707099333 1965296 16249024 2399572
1786707099375 1965296 16249024 2399572
1786707099417 1965296 16249024 2399572
1786707099460 1965296 16249024 2399572
1786707099500 1965296 16249024 2399572
1786707099542 1965296 16249024 2399572
1786707099585 1965296 16249024 2399572
1786707099626 1965296 16249024 2399572
1786707099668 1965296 16249024 2399572
1786707099709 1965296 16249024 2399572
1786707099754 1965296 16249024 2399572
1786707099795 1965296 16249024 2399572
1786707099838 1965296 16249024 2399572
1786707099880 1965296 16249024 2399572
1786707099924 1965296 16249024 2399572
1786707099966 1965296 16249024 2399572
1786707100007 1965296 16249024 2399572
1786707100049 1965296 16249024 2399572
1786707100093 1965296 16249024 2399572
1786707100135 1965296 16249024 2399572
1786707100177 1965296 16249024 2399572
1786707100219 1965296 16249024 2399572
1786707100261 1965296 16249024 2399572
1786707100304 1965296 16249024 2399572
1786707100347 1965296 16249024 2399572
1786707100390 1965296 16249024 2399572
1786707100431 1965296 16249024 2399572
1786707100472 1965296 16249024 2399572
1786707100513 1965296 16249024 2399572
1786707100554 1965296 16249024 2399572
1786707100595 1965296 16249024 2399572
1786707100637 1965296 16249024 2399572
1786707100679 1965296 16249024 2399572
1786707100721 1965296 16249024 2399572
1786707100762 1965296 16249024 2399572
1786707100806 1965296 16249024 2399572
1786707100850 1965296 16249024 2399572
1786707100893 1965296 16249024 2399572
1786707100935 1965296 16249024 2399572
1786707100976 1965296 16249024 2399572
1786707101017 1965296 16249024 2399572
1786707101060 1965296 16249024 2399572
1786707101102 1965296 16249024 2399572
1786707101144 1965296 16249024 2399572
1786707101186 1965296 16249024 2399572
1786707101227 1965296 16249024 2399572
1786707101269 1965296 16249024 2399572
1786707101309 1965296 16249024 2399572
1786707101349 1965296 16249024 2399572
1786707101391 1965296 16249024 2399572
1786707101432 1965296 16249024 2399572
1786707101473 1965296 16249024 2399572
1786707101514 1965296 16249024 2399572
1786707101556 1965296 16249024 2399572
1786707101598 1965296 16249024 2399572
1786707101639 1965296 16249024 2399572
1786707101682 1965296 16249024 2399572
1786707101723 1965296 16249024 2399572
1786707101764 1965296 16249024 2399572
1786707101806 1965296 16249024 2399572
1786707101846 1965296 16249024 2399572
1786707101889 1965296 16249024 2399572
1786707101930 1965296 16249024 2399572
1786707101970 1965296 16249024 2399572
1786707102012 1965296 16249024 2399572
1786707102053 1965296 16249024 2399572
1786707102093 1965296 16249024 2399572
1786707102135 1965296 16249024 2399572
1786707102177 1965296 16249024 2399572
1786707102218 1965296 16249024 2399572
1786707102261 1965296 16249024 2399572
1786707102303 1965296 16249024 2399572
1786707102344 1965296 16249024 2399572
1786707102385 1965296 16249024 2399572
1786707102427 1965296 16249024 2399572
1786707102467 1965296 16249024 2399572
1786707102509 1965296 16249024 2399572
1786707102550 1965296 16249024 2399572
1786707102592 1965296 16249024 2399572
1786707102634 1965296 16249024 2399572
1786707102675 1965296 16249024 2399572
1786707102718 1965296 16249024 2399572
1786707102759 1965296 16249024 2399572
1786707102800 1965296 16249024 2399572
1786707102843 1965296 16249024 2399572
1786707102885 1965296 16249024 2399572
1786707102926 1965296 16249024 2399572
1786707102967 1965296 16249024 2399572
1786707103011 1965296 16249024 2399572
1786707103055 1965296 16249024 2399572
1786707103099 1965296 16249024 2399572
1786707103144 1965296 16249024 2399572
1786707103188 1965296 16249024 2399572
1786707103232 1965296 16249024 2399572
1786707103276 1965296 16249024 2399572
1786707103323 1965296 16249024 2399572
1786707103368 1965296 16249024 2399572
1786707103415 1965296 16249024 2399572
1786707103461 1965296 16249024 2399572
1786707103505 1965296 16249024 2399572
1786707103552 1965296 16249024 2399572
1786707103597 1965296 16249024 2399572
1786707103643 1965296 16249024 2399572
1786707103690 1965296 16249024 2399572
1786707103736 1965296 16249024 2399572
1786707103781 1965296 16249024 2399572
1786707103826 1965296 16249024 2399572
1786707103870 1965296 16249024 2399572
1786707103913 1965296 16249024 2399572
1786707103955 1965296 16249024 2399572
1786707103997 1965296 16249024 2399572
1786707104039 1965296 16249024 2399572
1786707104079 1965296 16249024 2399572
1786707104119 1965296 16249024 2399572
1786707104161 1965296 16249024 2399572
1786707104202 1965296 16249024 2399572
1786707104243 1965296 16249024 2399572
1786707104286 1965296 16249024 2399572
1786707104326 1965296 16249024 2399572
1786707104368 1965296 16249024 2399572
1786707104410 1965296 16249024 2399572
1786707104451 1965296 16249024 2399572
1786707104492 1965296 16249024 2399572
1786707104534 1965296 16249024 2399572
1786707104575 1965296 16249024 2399572
1786707104616 1965296 16249024 2399572
1786707104658 1965296 16249024 2399572
1786707104701 1965296 16249024 2399572
1786707104742 1965296 16249024 2399572
1786707104787 1965296 16249024 2399572
1786707104831 1965296 16249024 2399572
1786707104873 1965296 16249024 2399572
1786707104915 1965296 16249024 2399572
1786707104956 1965296 16249024 2399572
1786707104997 1965296 16249024 2399572
1786707105038 1965296 16249024 2399572
1786707105079 1965296 16249024 2399572
1786707105119 1965296 16249024 2399572
1786707105162 1965296 16249024 2399572
1786707105206 1965296 16249024 2399572
1786707105247 1965296 16249024 2399572
1786707105288 1965296 16249024 2399572
1786707105330 1965296 16249024 2399572
1786707105375 1965296 16249024 2399572
1786707105422 1965296 16249024 2399572
1786707105466 1965296 16249024 2399572
1786707105512 1965296 16249024 2399572
1786707105556 1965296 16249024 2399572
1786707105600 1965296 16249024 2399572
1786707105644 1965296 16249024 2399572
1786707105692 1965296 16249024 2399572
1786707105738 1965296 16249024 2399572
1786707105783 1965296 16249024 2399572
1786707105827 1965296 16249024 2399572
1786707105869 1965296 16249024 2399572
1786707105911 1965296 16249024 2399572
1786707105952 1965296 16249024 2399572
1786707105993 1965296 16249024 2399572
1786707106034 1965296 16249024 2399572
1786707106075 1965296 16249024 2399572
1786707106118 1965296 16249024 2399572
1786707106160 1965296 16249024 2399572
1786707106202 1965296 16249024 2399572
1786707106244 1965296 16249024 2399572
1786707106285 1965296 16249024 2399572
1786707106327 1965296 16249024 2399572
1786707106369 1965296 16249024 2399572
1786707106410 1965296 16249024 2399572
1786707106454 1965296 16249024 2399572
1786707106495 1965296 16249024 2399572
1786707106536 1965296 16249024 2399572
1786707106577 1965296 16249024 2399572
1786707106618 1965296 16249024 2399572
1786707106659 1965296 16249024 2399572
1786707106700 1965296 16249024 2399572
1786707106742 1965296 16249024 2399572
1786707106784 1965296 16249024 2399572
1786707106826 1965296 16249024 2399572
1786707106869 1965296 16249024 2399572
1786707106910 1965296 16249024 2399572
1786707106952 1965296 16249024 2399572
1786707106994 1965296 16249024 2399572
1786707107034 1965296 16249024 2399572
1786707107075 1965296 16249024 2399572
1786707107118 1965296 16249024 2399572
1786707107159 1965296 16249024 2399572
1786707107200 1965296 16249024 2399572
1786707107243 1965296 16249024 2399572
1786707107285 1965296 16249024 2399572
1786707107327 1965296 16249024 2399572
1786707107368 1965296 16249024 2399572
1786707107407 1965296 16249024 2399572
1786707107447 1965296 16249024 2399572
1786707107486 1965296 16249024 2399572
1786707107528 1965296 16249024 2399572
1786707107569 1965296 16249024 2399572
1786707107612 1965296 16249024 2399572
1786707107653 1965296 16249024 2399572
1786707107696 1965296 16249024 2399572
1786707107737 1965296 16249024 2399572
1786707107780 1965296 16249024 2399572
1786707107822 1965296 16249024 2399572
1786707107864 1965296 16249024 2399572
1786707107903 1965296 16249024 2399572
1786707107943 1965296 16249024 2399572
1786707107983 1965296 16249024 2399572
1786707108025 1965296 16249024 2399572
1786707108067 1965296 16249024 2399572
1786707108107 1965296 16249024 2399572
1786707108149 1965296 16249024 2399572
1786707108191 1965296 16249024 2399572
1786707108236 1965296 16249024 2399572
1786707108277 1965296 16249024 2399572
1786707108319 1965296 16249024 2399572
1786707108364 1965296 16249024 2399572
1786707108410 1965296 16249024 2399572
1786707108452 1965296 16249024 2399572
1786707108493 1965296 16249024 2399572
1786707108534 1965296 16249024 2399572
1786707108577 1965296 16249024 2399572
1786707108623 1965296 16249024 2399572
1786707108668 1965296 16249024 2399572
1786707108710 1965296 16249024 2399572
1786707108754 1965296 16249024 2399572
1786707108798 1965296 16249024 2399572
1786707108842 1965296 16249024 2399572
1786707108888 1965296 16249024 2399572
1786707108933 1965296 16249024 2399572
1786707108977 1965296 16249024 2399572
1786707109021 1965296 16249024 2399572
1786707109066 1965296 16249024 2399572
1786707109110 1965296 16249024 2399572
1786707109153 1965296 16249024 2399572
1786707109197 1965296 16249024 2399572
1786707109239 1965296 16249024 2399572
1786707109281 1965296 16249024 2399572
1786707109324 1965296 16249024 2399572
1786707109370 1965296 16249024 2399572
1786707109413 1965296 16249024 2399572
1786707109456 1965296 16249024 2399572
1786707109502 1965296 16249024 2399572
1786707109547 1965296 16249024 2399572
1786707109587 1965296 16249024 2399572
1786707109630 1965296 16249024 2399572
1786707109672 1965296 16249024 2399572
1786707109715 1965296 16249024 2399572
1786707109760 1965296 16249024 2399572
1786707109801 1965296 16249024 2399572
1786707109848 1965296 16249024 2399572
1786707109893 1965296 16249024 2399572
1786707109936 1965296 16249024 2399572
1786707109980 1965296 16249024 2399572
1786707110024 1965296 16249024 2399572
1786707110068 1965296 16249024 2399572
1786707110113 1965296 16249024 2399572
1786707110155 1965296 16249024 2399572
1786707110199 1965296 16249024 2399572
1786707110241 1965296 16249024 2399572
1786707110284 1965296 16249024 2399572
1786707110331 1965296 16249024 2399572
1786707110375 1965296 16249024 2399572
1786707110419 1965296 16249024 2399572
1786707110463 1965296 16249024 2399572
1786707110506 1965296 16249024 2399572
1786707110552 1965296 16249024 2399572
1786707110600 1965296 16249024 2399572
1786707110644 1965296 16249024 2399572
1786707110687 1965296 16249024 2399572
1786707110731 1965296 16249024 2399572
1786707110773 1965296 16249024 2399572
1786707110818 1965296 16249024 2399572
1786707110863 1965296 16249024 2399572
1786707110908 1965296 16249024 2399572
1786707110951 1965296 16249024 2399572
1786707110993 1965296 16249024 2399572
1786707111036 1965296 16249024 2399572
1786707111079 1965296 16249024 2399572
1786707111121 1965296 16249024 2399572
1786707111162 1965296 16249024 2399572
1786707111206 1965296 16249024 2399572
1786707111252 1965296 16249024 2399572
1786707111295 1965296 16249024 2399572
1786707111341 1965296 16249024 2399572
1786707111386 1965296 16249024 2399572
1786707111430 1965296 16249024 2399572
1786707111474 1965296 16249024 2399572
1786707111514 1965296 16249024 2399572
1786707111555 1965296 16249024 2399572
1786707111601 1965296 16249024 2399572
1786707111647 1965296 16249024 2399572
1786707111693 1965296 16249024 2399572
1786707111739 1965296 16249024 2399572
1786707111786 1965296 16249024 2399572
1786707111832 1965296 16249024 2399572
1786707111877 1965296 16249024 2399572
1786707111922 1965296 16249024 2399572
1786707111967 1965296 16249024 2399572
1786707112012 1965296 16249024 2399572
1786707112056 1965296 16249024 2399572
1786707112101 1965296 16249024 2399572
1786707112145 1965296 16249024 2399572
1786707112188 1965296 16249024 2399572
1786707112232 1965296 16249024 2399572
1786707112278 1965296 16249024 2399572
1786707112323 1965296 16249024 2399572
1786707112370 1965296 16249024 2399572
1786707112416 1965296 16249024 2399572
1786707112461 1965296 16249024 2399572
1786707112506 1965296 16249024 2399572
1786707112551 1965296 16249024 2399572
1786707112595 1965296 16249024 2399572
1786707112640 1965296 16249024 2399572
1786707112685 1965296 16249024 2399572
1786707112731 1965296 16249024 2399572
1786707112778 1965296 16249024 2399572
1786707112823 1965296 16249024 2399572
1786707112868 1965296 16249024 2399572
1786707112914 1965296 16249024 2399572
1786707112955 1965296 16249024 2399572
1786707113001 1965296 16249024 2399572
1786707113047 1965296 16249024 2399572
1786707113091 1965296 16249024 2399572
1786707113137 1965296 16249024 2399572
1786707113182 1965296 16249024 2399572
1786707113230 1965296 16249024 2399572
1786707113276 1965296 16249024 2399572
1786707113320 1965296 16249024 2399572
1786707113364 1965296 16249024 2399572
1786707113409 1965296 16249024 2399572
1786707113452 1965296 16249024 2399572
1786707113495 1965296 16249024 2399572
1786707113538 1965296 16249024 2399572
1786707113581 1965296 16249024 2399572
1786707113627 1965296 16249024 2399572
1786707113673 1965296 16249024 2399572
1786707113719 1965296 16249024 2399572
1786707113763 1965296 16249024 2399572
1786707113807 1965296 16249024 2399572
1786707113854 1965296 16249024 2399572
1786707113900 1965296 16249024 2399572
1786707113945 1965296 16249024 2399572
1786707113992 1965296 16249024 2399572
1786707114036 1965296 16249024 2399572
1786707114080 1965296 16249024 2399572
1786707114123 1965296 16249024 2399572
1786707114168 1965296 16249024 2399572
1786707114213 1965296 16249024 2399572
1786707114258 1965296 16249024 2399572
1786707114302 1965296 16249024 2399572
1786707114347 1965296 16249024 2399572
1786707114393 1965296 16249024 2399572
1786707114439 1965296 16249024 2399572
1786707114484 1965296 16249024 2399572
1786707114530 1965296 16249024 2399572
1786707114575 1965296 16249024 2399572
1786707114621 1965296 16249024 2399572
1786707114666 1965296 16249024 2399572
1786707114711 1965296 16249024 2399572
1786707114757 1965296 16249024 2399572
1786707114803 1965296 16249024 2399572
1786707114847 1965296 16249024 2399572
1786707114893 1965296 16249024 2399572
1786707114940 1965296 16249024 2399572
1786707114986 1965296 16249024 2399572
1786707115032 1965296 16249024 2399572
1786707115079 1965296 16249024 2399572
1786707115125 1965296 16249024 2399572
1786707115169 1965296 16249024 2399572
1786707115212 1965296 16249024 2399572
1786707115252 1965296 16249024 2399572
1786707115294 1965296 16249024 2399572
1786707115335 1965296 16249024 2399572
1786707115375 1965296 16249024 2399572
1786707115417 1965296 16249024 2399572
1786707115458 1965296 16249024 2399572
1786707115499 1965296 16249024 2399572
1786707115541 1965296 16249024 2399572
1786707115582 1965296 16249024 2399572
1786707115623 1965296 16249024 2399572
1786707115664 1965296 16249024 2399572
1786707115705 1965296 16249024 2399572
1786707115746 1965296 16249024 2399572
1786707115789 1965296 16249024 2399572
1786707115830 1965296 16249024 2399572
1786707115872 1965296 16249024 2399572
1786707115914 1965296 16249024 2399572
1786707115955 1965296 16249024 2399572
1786707115999 1965296 16249024 2399572
1786707116040 1965296 16249024 2399572
1786707116082 1965296 16249024 2399572
1786707116121 1965296 16249024 2399572
1786707116161 1965296 16249024 2399572
1786707116203 1965296 16249024 2399572
1786707116245 1965296 16249024 2399572
1786707116287 1965296 16249024 2399572
1786707116328 1965296 16249024 2399572
1786707116369 1965296 16249024 2399572
1786707116410 1965296 16249024 2399572
1786707116451 1965296 16249024 2399572
1786707116493 1965296 16249024 2399572
1786707116536 1965296 16249024 2399572
1786707116580 1965296 16249024 2399572
1786707116622 1965296 16249024 2399572
1786707116665 1965296 16249024 2399572
1786707116706 1965296 16249024 2399572
1786707116746 1965296 16249024 2399572
1786707116787 1965296 16249024 2399572
1786707116829 1965296 16249024 2399572
1786707116870 1965296 16249024 2399572
1786707116912 1965296 16249024 2399572
1786707116954 1965296 16249024 2399572
1786707116996 1965296 16249024 2399572
1786707117038 1965296 16249024 2399572
1786707117080 1965296 16249024 2399572
1786707117124 1965296 16249024 2399572
1786707117167 1965296 16249024 2399572
1786707117208 1965296 16249024 2399572
1786707117249 1965296 16249024 2399572
1786707117294 1965296 16249024 2399572
1786707117336 1965296 16249024 2399572
1786707117377 1965296 16249024 2399572
1786707117419 1965296 16249024 2399572
1786707117463 1965296 16249024 2399572
1786707117505 1965296 16249024 2399572
1786707117547 1965296 16249024 2399572
1786707117589 1965296 16249024 2399572
1786707117631 1965296 16249024 2399572
1786707117673 1965296 16249024 2399572
1786707117716 1965296 16249024 2399572
1786707117759 1965296 16249024 2399572
1786707117802 1965296 16249024 2399572
1786707117844 1965296 16249024 2399572
1786707117887 1965296 16249024 2399572
1786707117929 1965296 16249024 2399572
1786707117970 1965296 16249024 2399572
1786707118011 1965296 16249024 2399572
1786707118052 1965296 16249024 2399572
1786707118094 1965296 16249024 2399572
1786707118134 1965296 16249024 2399572
1786707118176 1965296 16249024 2399572
1786707118217 1965296 16249024 2399572
1786707118259 1965296 16249024 2399572
1786707118301 1965296 16249024 2399572
1786707118344 1965296 16249024 2399572
1786707118386 1965296 16249024 2399572
1786707118428 1965296 16249024 2399572
1786707118469 1965296 16249024 2399572
1786707118510 1965296 16249024 2399572
1786707118551 1965296 16249024 2399572
1786707118593 1965296 16249024 2399572
1786707118634 1965296 16249024 2399572
1786707118676 1965296 16249024 2399572
1786707118718 1965296 16249024 2399572
1786707118760 1965296 16249024 2399572
1786707118801 1965296 16249024 2399572
1786707118842 1965296 16249024 2399572
1786707118884 1965296 16249024 2399572
1786707118925 1965296 16249024 2399572
1786707118968 1965296 16249024 2399572
1786707119009 1965296 16249024 2399572
1786707119050 1965296 16249024 2399572
1786707119091 1965296 16249024 2399572
1786707119132 1965296 16249024 2399572
1786707119174 1965296 16249024 2399572
1786707119217 1965296 16249024 2399572
1786707119257 1965296 16249024 2399572
1786707119297 1965296 16249024 2399572
1786707119340 1965296 16249024 2399572
1786707119381 1965296 16249024 2399572
1786707119421 1965296 16249024 2399572
1786707119462 1965296 16249024 2399572
1786707119505 1965296 16249024 2399572
1786707119546 1965296 16249024 2399572
1786707119588 1965296 16249024 2399572
1786707119629 1965296 16249024 2399572
1786707119670 1965296 16249024 2399572
1786707119710 1965296 16249024 2399572
1786707119752 1965296 16249024 2399572
1786707119794 1965296 16249024 2399572
1786707119836 1965296 16249024 2399572
1786707119876 1965296 16249024 2399572
1786707119916 1965296 16249024 2399572
1786707119958 1965296 16249024 2399572
1786707119998 1965296 16249024 2399572
1786707120041 1965296 16249024 2399572
1786707120083 1965296 16249024 2399572
1786707120125 1965296 16249024 2399572
1786707120166 1965296 16249024 2399572
1786707120208 1965296 16249024 2399572
1786707120249 1965296 16249024 2399572
1786707120290 1965296 16249024 2399572
1786707120330 1965296 16249024 2399572
1786707120373 1965296 16249024 2399572
1786707120417 1965296 16249024 2399572
1786707120458 1965296 16249024 2399572
1786707120499 1965296 16249024 2399572
1786707120541 1965296 16249024 2399572
1786707120585 1965296 16249024 2399572
1786707120627 1965296 16249024 2399572
1786707120671 1965296 16249024 2399572
1786707120716 1965296 16249024 2399572
1786707120759 1965296 16249024 2399572
1786707120803 1965296 16249024 2399572
1786707120847 1965296 16249024 2399572
1786707120891 1965296 16249024 2399572
1786707120938 1965296 16249024 2399572
1786707120984 1965296 16249024 2399572
1786707121029 1965296 16249024 2399572
1786707121074 1965296 16249024 2399572
1786707121118 1965296 16249024 2399572
1786707121163 1965296 16249024 2399572
1786707121208 1965296 16249024 2399572
1786707121254 1965296 16249024 2399572
1786707121299 1965296 16249024 2399572
1786707121345 1965296 16249024 2399572
1786707121391 1965296 16249024 2399572
1786707121435 1965296 16249024 2399572
1786707121477 1965296 16249024 2399572
1786707121520 1965296 16249024 2399572
1786707121563 1965296 16249024 2399572
1786707121604 1965296 16249024 2399572
1786707121647 1965296 16249024 2399572
1786707121689 1965296 16249024 2399572
1786707121731 1965296 16249024 2399572
1786707121774 1965296 16249024 2399572
1786707121816 1965296 16249024 2399572
1786707121858 1965296 16249024 2399572
1786707121899 1965296 16249024 2399572
1786707121941 1965296 16249024 2399572
1786707121983 1965296 16249024 2399572
1786707122023 1965296 16249024 2399572
1786707122063 1965296 16249024 2399572
1786707122105 1965296 16249024 2399572
1786707122145 1965296 16249024 2399572
1786707122186 1965296 16249024 2399572
1786707122226 1965296 16249024 2399572
1786707122267 1965296 16249024 2399572
1786707122308 1965296 16249024 2399572
1786707122350 1965296 16249024 2399572
1786707122394 1965296 16249024 2399572
1786707122436 1965296 16249024 2399572
1786707122478 1965296 16249024 2399572
1786707122521 1965296 16249024 2399572
1786707122562 1965296 16249024 2399572
1786707122603 1965296 16249024 2399572
1786707122645 1965296 16249024 2399572
1786707122687 1965296 16249024 2399572
1786707122728 1965296 16249024 2399572
1786707122769 1965296 16249024 2399572
1786707122811 1965296 16249024 2399572
1786707122853 1965296 16249024 2399572
1786707122893 1965296 16249024 2399572
1786707122937 1965296 16249024 2399572
1786707122981 1965296 16249024 2399572
1786707123027 1965296 16249024 2399572
1786707123072 1965296 16249024 2399572
1786707123117 1965296 16249024 2399572
1786707123161 1965296 16249024 2399572
1786707123207 1965296 16249024 2399572
1786707123252 1965296 16249024 2399572
1786707123298 1965296 16249024 2399572
1786707123342 1965296 16249024 2399572
1786707123388 1965296 16249024 2399572
1786707123431 1965296 16249024 2399572
1786707123473 1965296 16249024 2399572
1786707123516 1965296 16249024 2399572
1786707123558 1965296 16249024 2399572
1786707123600 1965296 16249024 2399572
1786707123641 1965296 16249024 2399572
1786707123682 1965296 16249024 2399572
1786707123723 1965296 16249024 2399572
1786707123764 1965296 16249024 2399572
1786707123807 1965296 16249024 2399572
1786707123849 1965296 16249024 2399572
1786707123891 1965296 16249024 2399572
1786707123933 1965296 16249024 2399572
1786707123974 1965296 16249024 2399572
1786707124017 1965296 16249024 2399572
1786707124060 1965296 16249024 2399572
1786707124101 1965296 16249024 2399572
1786707124142 1965296 16249024 2399572
1786707124185 1965296 16249024 2399572
1786707124227 1965296 16249024 2399572
1786707124268 1965296 16249024 2399572
1786707124310 1965296 16249024 2399572
1786707124351 1965296 16249024 2399572
1786707124393 1965296 16249024 2399572
1786707124435 1965296 16249024 2399572
1786707124476 1965296 16249024 2399572
1786707124518 1965296 16249024 2399572
1786707124559 1965296 16249024 2399572
1786707124600 1965296 16249024 2399572
1786707124639 1965296 16249024 2399572
1786707124680 1965296 16249024 2399572
1786707124722 1965296 16249024 2399572
1786707124764 1965296 16249024 2399572
1786707124805 1965296 16249024 2399572
1786707124847 1965296 16249024 2399572
1786707124888 1965296 16249024 2399572
1786707124931 1965296 16249024 2399572
1786707124972 1965296 16249024 2399572
1786707125015 1965296 16249024 2399572
1786707125056 1965296 16249024 2399572
1786707125097 1965296 16249024 2399572
1786707125139 1965296 16249024 2399572
1786707125181 1965296 16249024 2399572
1786707125223 1965296 16249024 2399572
1786707125266 1965296 16249024 2399572
1786707125307 1965296 16249024 2399572
1786707125348 1965296 16249024 2399572
1786707125390 1965296 16249024 2399572
1786707125430 1965296 16249024 2399572
1786707125471 1965296 16249024 2399572
1786707125511 1965296 16249024 2399572
1786707125551 1965296 16249024 2399572
1786707125593 1965296 16249024 2399572
1786707125634 1965296 16249024 2399572
1786707125674 1965296 16249024 2399572
1786707125715 1965296 16249024 2399572
1786707125754 1965296 16249024 2399572
1786707125795 1965296 16249024 2399572
1786707125837 1965296 16249024 2399572
1786707125880 1965296 16249024 2399572
1786707125921 1965296 16249024 2399572
1786707125964 1965296 16249024 2399572
1786707126009 1965296 16249024 2399572
1786707126053 1965296 16249024 2399572
1786707126096 1965296 16249024 2399572
1786707126137 1965296 16249024 2399572
1786707126180 1965296 16249024 2399572
1786707126225 1965296 16249024 2399572
1786707126267 1965296 16249024 2399572
1786707126310 1965296 16249024 2399572
1786707126352 1965296 16249024 2399572
1786707126396 1965296 16249024 2399572
1786707126440 1965296 16249024 2399572
1786707126486 1965296 16249024 2399572
1786707126531 1965296 16249024 2399572
1786707126575 1965296 16249024 2399572
1786707126618 1965296 16249024 2399572
1786707126663 1965296 16249024 2399572
1786707126709 1965296 16249024 2399572
1786707126753 1965296 16249024 2399572
1786707126798 1965296 16249024 2399572
1786707126844 1965296 16249024 2399572
1786707126889 1965296 16249024 2399572
1786707126931 1965296 16249024 2399572
1786707126974 1965296 16249024 2399572
1786707127016 1965296 16249024 2399572
1786707127059 1965296 16249024 2399572
1786707127107 1965296 16249024 2399572
1786707127151 1965296 16249024 2399572
1786707127195 1965296 16249024 2399572
1786707127238 1965296 16249024 2399572
1786707127285 1965296 16249024 2399572
1786707127331 1965296 16249024 2399572
1786707127375 1965296 16249024 2399572
1786707127419 1965296 16249024 2399572
1786707127462 1965296 16249024 2399572
1786707127508 1965296 16249024 2399572
1786707127554 1965296 16249024 2399572
1786707127598 1965296 16249024 2399572
1786707127641 1965296 16249024 2399572
1786707127683 1965296 16249024 2399572
1786707127729 1965296 16249024 2399572
1786707127775 1965296 16249024 2399572
1786707127821 1965296 16249024 2399572
1786707127867 1965296 16249024 2399572
1786707127913 1965296 16249024 2399572
1786707127959 1965296 16249024 2399572
1786707128005 1965296 16249024 2399572
1786707128049 1965296 16249024 2399572
1786707128094 1965296 16249024 2399572
1786707128139 1965296 16249024 2399572
1786707128183 1965296 16249024 2399572
1786707128231 1965296 16249024 2399572
1786707128276 1965296 16249024 2399572
1786707128320 1965296 16249024 2399572
1786707128362 1965296 16249024 2399572
1786707128404 1965296 16249024 2399572
1786707128448 1965296 16249024 2399572
1786707128494 1965296 16249024 2399572
1786707128538 1965296 16249024 2399572
1786707128582 1965296 16249024 2399572
1786707128626 1965296 16249024 2399572
1786707128671 1965296 16249024 2399572
1786707128714 1965296 16249024 2399572
1786707128758 1965296 16249024 2399572
1786707128803 1965296 16249024 2399572
1786707128847 1965296 16249024 2399572
1786707128894 1965296 16249024 2399572
1786707128940 1965296 16249024 2399572
1786707128984 1965296 16249024 2399572
1786707129028 1965296 16249024 2399572
1786707129073 1965296 16249024 2399572
1786707129116 1965296 16249024 2399572
1786707129164 1965296 16249024 2399572
1786707129210 1965296 16249024 2399572
1786707129255 1965296 16249024 2399572
1786707129299 1965296 16249024 2399572
1786707129344 1965296 16249024 2399572
1786707129388 1965296 16249024 2399572
1786707129434 1965296 16249024 2399572
1786707129479 1965296 16249024 2399572
1786707129524 1965296 16249024 2399572
1786707129570 1965296 16249024 2399572
1786707129615 1965296 16249024 2399572
1786707129660 1965296 16249024 2399572
1786707129704 1965296 16249024 2399572
1786707129749 1965296 16249024 2399572
1786707129793 1965296 16249024 2399572
1786707129838 1965296 16249024 2399572
1786707129883 1965296 16249024 2399572
1786707129928 1965296 16249024 2399572
1786707129976 1965296 16249024 2399572
1786707130021 1965296 16249024 2399572
1786707130068 1965296 16249024 2399572
1786707130114 1965296 16249024 2399572
1786707130159 1965296 16249024 2399572
1786707130201 1965296 16249024 2399572
1786707130243 1965296 16249024 2399572
1786707130286 1965296 16249024 2399572
1786707130329 1965296 16249024 2399572
1786707130375 1965296 16249024 2399572
1786707130419 1965296 16249024 2399572
1786707130462 1965296 16249024 2399572
1786707130506 1965296 16249024 2399572
1786707130552 1965296 16249024 2399572
1786707130596 1965296 16249024 2399572
1786707130640 1965296 16249024 2399572
1786707130685 1965296 16249024 2399572
1786707130731 1965296 16249024 2399572
1786707130777 1965296 16249024 2399572
1786707130823 1965296 16249024 2399572
1786707130870 1965296 16249024 2399572
1786707130914 1965296 16249024 2399572
1786707130959 1965296 16249024 2399572
1786707131003 1965296 16249024 2399572
1786707131047 1965296 16249024 2399572
1786707131093 1965296 16249024 2399572
1786707131140 1965296 16249024 2399572
1786707131186 1965296 16249024 2399572
1786707131230 1965296 16249024 2399572
1786707131275 1965296 16249024 2399572
1786707131320 1965296 16249024 2399572
1786707131367 1965296 16249024 2399572
1786707131412 1965296 16249024 2399572
1786707131458 1965296 16249024 2399572
1786707131504 1965296 16249024 2399572
1786707131548 1965296 16249024 2399572
1786707131594 1965296 16249024 2399572
1786707131639 1965296 16249024 2399572
1786707131685 1965296 16249024 2399572
1786707131731 1965296 16249024 2399572
1786707131777 1965296 16249024 2399572
1786707131821 1965296 16249024 2399572
1786707131866 1965296 16249024 2399572
1786707131912 1965296 16249024 2399572
1786707131958 1965296 16249024 2399572
1786707132003 1965296 16249024 2399572
1786707132049 1965296 16249024 2399572
1786707132095 1965296 16249024 2399572
1786707132138 1965296 16249024 2399572
1786707132179 1965296 16249024 2399572
1786707132220 1965296 16249024 2399572
1786707132262 1965296 16249024 2399572
1786707132303 1965296 16249024 2399572
1786707132343 1965296 16249024 2399572
1786707132384 1965296 16249024 2399572
1786707132424 1965296 16249024 2399572
1786707132464 1965296 16249024 2399572
1786707132506 1965296 16249024 2399572
1786707132548 1965296 16249024 2399572
1786707132589 1965296 16249024 2399572
1786707132631 1965296 16249024 2399572
1786707132672 1965296 16249024 2399572
1786707132713 1965296 16249024 2399572
1786707132753 1965296 16249024 2399572
1786707132793 1965296 16249024 2399572
1786707132833 1965296 16249024 2399572
1786707132876 1965296 16249024 2399572
1786707132918 1965296 16249024 2399572
1786707132958 1965296 16249024 2399572
1786707132998 1965296 16249024 2399572
1786707133040 1965296 16249024 2399572
1786707133081 1965296 16249024 2399572
1786707133122 1965296 16249024 2399572
1786707133163 1965296 16249024 2399572
1786707133205 1965296 16249024 2399572
1786707133246 1965296 16249024 2399572
1786707133288 1965296 16249024 2399572
1786707133330 1965296 16249024 2399572
1786707133372 1965296 16249024 2399572
1786707133413 1965296 16249024 2399572
1786707133456 1965296 16249024 2399572
1786707133499 1965296 16249024 2399572
1786707133540 1965296 16249024 2399572
1786707133581 1965296 16249024 2399572
1786707133623 1965296 16249024 2399572
1786707133664 1965296 16249024 2399572
1786707133706 1965296 16249024 2399572
1786707133747 1965296 16249024 2399572
1786707133789 1965296 16249024 2399572
1786707133831 1965296 16249024 2399572
1786707133872 1965296 16249024 2399572
1786707133916 1965296 16249024 2399572
1786707133957 1965296 16249024 2399572
1786707133999 1965296 16249024 2399572
1786707134041 1965296 16249024 2399572
1786707134084 1965296 16249024 2399572
1786707134126 1965296 16249024 2399572
1786707134168 1965296 16249024 2399572
1786707134212 1965296 16249024 2399572
1786707134253 1965296 16249024 2399572
1786707134294 1965296 16249024 2399572
1786707134338 1965296 16249024 2399572
1786707134381 1965296 16249024 2399572
1786707134421 1965296 16249024 2399572
1786707134463 1965296 16249024 2399572
1786707134504 1965296 16249024 2399572
1786707134546 1965296 16249024 2399572
1786707134588 1965296 16249024 2399572
1786707134631 1965296 16249024 2399572
1786707134674 1965296 16249024 2399572
1786707134717 1965296 16249024 2399572
1786707134760 1965296 16249024 2399572
1786707134803 1965296 16249024 2399572
1786707134845 1965296 16249024 2399572
1786707134886 1965296 16249024 2399572
1786707134928 1965296 16249024 2399572
1786707134969 1965296 16249024 2399572
1786707135011 1965296 16249024 2399572
1786707135054 1965296 16249024 2399572
1786707135096 1965296 16249024 2399572
1786707135136 1965296 16249024 2399572
1786707135178 1965296 16249024 2399572
1786707135220 1965296 16249024 2399572
1786707135262 1965296 16249024 2399572
1786707135305 1965296 16249024 2399572
1786707135346 1965296 16249024 2399572
1786707135387 1965296 16249024 2399572
1786707135429 1965296 16249024 2399572
1786707135470 1965296 16249024 2399572
1786707135511 1965296 16249024 2399572
1786707135552 1965296 16249024 2399572
1786707135595 1965296 16249024 2399572
1786707135638 1965296 16249024 2399572
1786707135678 1965296 16249024 2399572
1786707135719 1965296 16249024 2399572
1786707135762 1965296 16249024 2399572
1786707135803 1965296 16249024 2399572
1786707135844 1965296 16249024 2399572
1786707135884 1965296 16249024 2399572
1786707135926 1965296 16249024 2399572
1786707135967 1965296 16249024 2399572
1786707136008 1965296 16249024 2399572
1786707136048 1965296 16249024 2399572
1786707136091 1965296 16249024 2399572
1786707136132 1965296 16249024 2399572
1786707136173 1965296 16249024 2399572
1786707136215 1965296 16249024 2399572
1786707136256 1965296 16249024 2399572
1786707136296 1965296 16249024 2399572
1786707136338 1965296 16249024 2399572
1786707136379 1965296 16249024 2399572
1786707136420 1965296 16249024 2399572
1786707136462 1965296 16249024 2399572
1786707136503 1965296 16249024 2399572
1786707136544 1965296 16249024 2399572
1786707136587 1965296 16249024 2399572
1786707136628 1965296 16249024 2399572
1786707136671 1965296 16249024 2399572
1786707136713 1965296 16249024 2399572
1786707136754 1965296 16249024 2399572
1786707136796 1965296 16249024 2399572
1786707136838 1965296 16249024 2399572
1786707136879 1965296 16249024 2399572
1786707136920 1965296 16249024 2399572
1786707136961 1965296 16249024 2399572
1786707137004 1965296 16249024 2399572
1786707137046 1965296 16249024 2399572
1786707137089 1965296 16249024 2399572
1786707137132 1965296 16249024 2399572
1786707137175 1965296 16249024 2399572
1786707137217 1965296 16249024 2399572
1786707137258 1965296 16249024 2399572
1786707137301 1965296 16249024 2399572
1786707137341 1965296 16249024 2399572
1786707137381 1965296 16249024 2399572
1786707137423 1965296 16249024 2399572
1786707137468 1965296 16249024 2399572
1786707137511 1965296 16249024 2399572
1786707137555 1965296 16249024 2399572
1786707137599 1965296 16249024 2399572
1786707137644 1965296 16249024 2399572
1786707137687 1965296 16249024 2399572
1786707137732 1965296 16249024 2399572
1786707137778 1965296 16249024 2399572
1786707137823 1965296 16249024 2399572
1786707137867 1965296 16249024 2399572
1786707137911 1965296 16249024 2399572
1786707137956 1965296 16249024 2399572
1786707137999 1965296 16249024 2399572
1786707138044 1965296 16249024 2399572
1786707138090 1965296 16249024 2399572
1786707138136 1965296 16249024 2399572
1786707138180 1965296 16249024 2399572
1786707138226 1965296 16249024 2399572
1786707138271 1965296 16249024 2399572
1786707138317 1965296 16249024 2399572
1786707138359 1965296 16249024 2399572
1786707138402 1965296 16249024 2399572
1786707138443 1965296 16249024 2399572
1786707138484 1965296 16249024 2399572
1786707138525 1965296 16249024 2399572
1786707138566 1965296 16249024 2399572
1786707138608 1965296 16249024 2399572
1786707138649 1965296 16249024 2399572
1786707138690 1965296 16249024 2399572
1786707138732 1965296 16249024 2399572
1786707138773 1965296 16249024 2399572
1786707138815 1965296 16249024 2399572
1786707138857 1965296 16249024 2399572
1786707138898 1965296 16249024 2399572
1786707138939 1965296 16249024 2399572
1786707138980 1965296 16249024 2399572
1786707139021 1965296 16249024 2399572
1786707139063 1965296 16249024 2399572
1786707139105 1965296 16249024 2399572
1786707139147 1965296 16249024 2399572
1786707139192 1965296 16249024 2399572
1786707139234 1965296 16249024 2399572
1786707139279 1965296 16249024 2399572
1786707139320 1965296 16249024 2399572
1786707139362 1965296 16249024 2399572
1786707139403 1965296 16249024 2399572
1786707139444 1965296 16249024 2399572
1786707139486 1965296 16249024 2399572
1786707139528 1965296 16249024 2399572
1786707139571 1965296 16249024 2399572
1786707139613 1965296 16249024 2399572
1786707139654 1965296 16249024 2399572
1786707139696 1965296 16249024 2399572
1786707139742 1965296 16249024 2399572
1786707139786 1965296 16249024 2399572
1786707139832 1965296 16249024 2399572
1786707139876 1965296 16249024 2399572
1786707139920 1965296 16249024 2399572
1786707139964 1965296 16249024 2399572
1786707140009 1965296 16249024 2399572
1786707140053 1965296 16249024 2399572
1786707140099 1965296 16249024 2399572
1786707140143 1965296 16249024 2399572
1786707140189 1965296 16249024 2399572
1786707140233 1965296 16249024 2399572
1786707140276 1965296 16249024 2399572
1786707140318 1965296 16249024 2399572
1786707140359 1965296 16249024 2399572
1786707140401 1965296 16249024 2399572
1786707140443 1965296 16249024 2399572
1786707140485 1965296 16249024 2399572
1786707140527 1965296 16249024 2399572
1786707140569 1965296 16249024 2399572
1786707140611 1965296 16249024 2399572
1786707140653 1965296 16249024 2399572
1786707140695 1965296 16249024 2399572
1786707140736 1965296 16249024 2399572
1786707140777 1965296 16249024 2399572
1786707140819 1965296 16249024 2399572
1786707140864 1965296 16249024 2399572
1786707140905 1965296 16249024 2399572
1786707140946 1965296 16249024 2399572
1786707140988 1965296 16249024 2399572
1786707141030 1965296 16249024 2399572
1786707141072 1965296 16249024 2399572
1786707141112 1965296 16249024 2399572
1786707141152 1965296 16249024 2399572
1786707141192 1965296 16249024 2399572
1786707141234 1965296 16249024 2399572
1786707141275 1965296 16249024 2399572
1786707141316 1965296 16249024 2399572
1786707141357 1965296 16249024 2399572
1786707141399 1965296 16249024 2399572
1786707141440 1965296 16249024 2399572
1786707141482 1965296 16249024 2399572
1786707141525 1965296 16249024 2399572
1786707141566 1965296 16249024 2399572
1786707141607 1965296 16249024 2399572
1786707141648 1965296 16249024 2399572
1786707141689 1965296 16249024 2399572
1786707141732 1965296 16249024 2399572
1786707141772 1965296 16249024 2399572
1786707141813 1965296 16249024 2399572
1786707141855 1965296 16249024 2399572
1786707141894 1965296 16249024 2399572
1786707141936 1965296 16249024 2399572
1786707141977 1965296 16249024 2399572
1786707142019 1965296 16249024 2399572
1786707142060 1965296 16249024 2399572
1786707142102 1965296 16249024 2399572
1786707142144 1965296 16249024 2399572
1786707142187 1965296 16249024 2399572
1786707142229 1965296 16249024 2399572
1786707142271 1965296 16249024 2399572
1786707142313 1965296 16249024 2399572
1786707142355 1965296 16249024 2399572
1786707142396 1965296 16249024 2399572
1786707142438 1965296 16249024 2399572
1786707142477 1965296 16249024 2399572
1786707142519 1965296 16249024 2399572
1786707142560 1965296 16249024 2399572
1786707142603 1965296 16249024 2399572
1786707142645 1965296 16249024 2399572
1786707142687 1965296 16249024 2399572
1786707142727 1965296 16249024 2399572
1786707142767 1965296 16249024 2399572
1786707142814 1965296 16249024 2399572
1786707142859 1965296 16249024 2399572
1786707142901 1965296 16249024 2399572
1786707142943 1965296 16249024 2399572
1786707142985 1965296 16249024 2399572
1786707143031 1965296 16249024 2399572
1786707143074 1965296 16249024 2399572
1786707143117 1965296 16249024 2399572
1786707143162 1965296 16249024 2399572
1786707143206 1965296 16249024 2399572
1786707143251 1965296 16249024 2399572
1786707143295 1965296 16249024 2399572
1786707143340 1965296 16249024 2399572
1786707143383 1965296 16249024 2399572
1786707143426 1965296 16249024 2399572
1786707143470 1965296 16249024 2399572
1786707143517 1965296 16249024 2399572
1786707143562 1965296 16249024 2399572
1786707143607 1965296 16249024 2399572
1786707143650 1965296 16249024 2399572
1786707143695 1965296 16249024 2399572
1786707143740 1965296 16249024 2399572
1786707143785 1965296 16249024 2399572
1786707143827 1965296 16249024 2399572
1786707143872 1965296 16249024 2399572
1786707143917 1965296 16249024 2399572
1786707143961 1965296 16249024 2399572
1786707144004 1965296 16249024 2399572
1786707144047 1965296 16249024 2399572
1786707144092 1965296 16249024 2399572
1786707144138 1965296 16249024 2399572
1786707144180 1965296 16249024 2399572
1786707144223 1965296 16249024 2399572
1786707144267 1965296 16249024 2399572
1786707144313 1965296 16249024 2399572
1786707144357 1965296 16249024 2399572
1786707144399 1965296 16249024 2399572
1786707144442 1965296 16249024 2399572
1786707144485 1965296 16249024 2399572
1786707144532 1965296 16249024 2399572
1786707144576 1965296 16249024 2399572
1786707144622 1965296 16249024 2399572
1786707144668 1965296 16249024 2399572
1786707144713 1965296 16249024 2399572
1786707144757 1965296 16249024 2399572
1786707144804 1965296 16249024 2399572
1786707144851 1965296 16249024 2399572
1786707144895 1965296 16249024 2399572
1786707144940 1965296 16249024 2399572
1786707144983 1965296 16249024 2399572
1786707145027 1965296 16249024 2399572
1786707145070 1965296 16249024 2399572
1786707145113 1965296 16249024 2399572
1786707145156 1965296 16249024 2399572
1786707145202 1965296 16249024 2399572
1786707145247 1965296 16249024 2399572
1786707145293 1965296 16249024 2399572
1786707145339 1965296 16249024 2399572
1786707145384 1965296 16249024 2399572
1786707145428 1965296 16249024 2399572
1786707145475 1965296 16249024 2399572
1786707145522 1965296 16249024 2399572
1786707145567 1965296 16249024 2399572
1786707145613 1965296 16249024 2399572
1786707145659 1965296 16249024 2399572
1786707145704 1965296 16249024 2399572
1786707145748 1965296 16249024 2399572
1786707145790 1965296 16249024 2399572
1786707145835 1965296 16249024 2399572
1786707145879 1965296 16249024 2399572
1786707145924 1965296 16249024 2399572
1786707145972 1965296 16249024 2399572
1786707146017 1965296 16249024 2399572
1786707146064 1965296 16249024 2399572
1786707146108 1965296 16249024 2399572
1786707146152 1965296 16249024 2399572
1786707146197 1965296 16249024 2399572
1786707146244 1965296 16249024 2399572
1786707146291 1965296 16249024 2399572
1786707146334 1965296 16249024 2399572
1786707146379 1965296 16249024 2399572
1786707146424 1965296 16249024 2399572
1786707146468 1965296 16249024 2399572
1786707146514 1965296 16249024 2399572
1786707146560 1965296 16249024 2399572
1786707146604 1965296 16249024 2399572
1786707146649 1965296 16249024 2399572
1786707146693 1965296 16249024 2399572
1786707146739 1965296 16249024 2399572
1786707146785 1965296 16249024 2399572
1786707146832 1965296 16249024 2399572
1786707146878 1965296 16249024 2399572
1786707146922 1965296 16249024 2399572
1786707146966 1965296 16249024 2399572
1786707147011 1965296 16249024 2399572
1786707147056 1965296 16249024 2399572
1786707147101 1965296 16249024 2399572
1786707147145 1965296 16249024 2399572
1786707147188 1965296 16249024 2399572
1786707147231 1965296 16249024 2399572
1786707147277 1965296 16249024 2399572
1786707147323 1965296 16249024 2399572
1786707147367 1965296 16249024 2399572
1786707147415 1965296 16249024 2399572
1786707147460 1965296 16249024 2399572
1786707147505 1965296 16249024 2399572
1786707147549 1965296 16249024 2399572
1786707147595 1965296 16249024 2399572
1786707147642 1965296 16249024 2399572
1786707147689 1965296 16249024 2399572
1786707147735 1965296 16249024 2399572
1786707147780 1965296 16249024 2399572
1786707147824 1965296 16249024 2399572
1786707147868 1965296 16249024 2399572
1786707147912 1965296 16249024 2399572
1786707147956 1965296 16249024 2399572
1786707148002 1965296 16249024 2399572
1786707148047 1965296 16249024 2399572
1786707148093 1965296 16249024 2399572
1786707148140 1965296 16249024 2399572
1786707148186 1965296 16249024 2399572
1786707148230 1965296 16249024 2399572
1786707148275 1965296 16249024 2399572
1786707148320 1965296 16249024 2399572
1786707148364 1965296 16249024 2399572
1786707148409 1965296 16249024 2399572
1786707148454 1965296 16249024 2399572
1786707148499 1965296 16249024 2399572
1786707148545 1965296 16249024 2399572
1786707148589 1965296 16249024 2399572
1786707148634 1965296 16249024 2399572
1786707148681 1965296 16249024 2399572
1786707148726 1965296 16249024 2399572
1786707148773 1965296 16249024 2399572
1786707148817 1965296 16249024 2399572
1786707148860 1965296 16249024 2399572
1786707148903 1965296 16249024 2399572
1786707148945 1965296 16249024 2399572
1786707148986 1965296 16249024 2399572
1786707149028 1965296 16249024 2399572
1786707149068 1965296 16249024 2399572
1786707149107 1965296 16249024 2399572
1786707149149 1965296 16249024 2399572
1786707149190 1965296 16249024 2399572
1786707149230 1965296 16249024 2399572
1786707149272 1965296 16249024 2399572
1786707149314 1965296 16249024 2399572
1786707149354 1965296 16249024 2399572
1786707149395 1965296 16249024 2399572
1786707149437 1965296 16249024 2399572
1786707149479 1965296 16249024 2399572
1786707149520 1965296 16249024 2399572
1786707149562 1965296 16249024 2399572
1786707149604 1965296 16249024 2399572
1786707149645 1965296 16249024 2399572
1786707149685 1965296 16249024 2399572
1786707149728 1965296 16249024 2399572
1786707149770 1965296 16249024 2399572
1786707149809 1965296 16249024 2399572
1786707149849 1965296 16249024 2399572
1786707149889 1965296 16249024 2399572
1786707149931 1965296 16249024 2399572
1786707149972 1965296 16249024 2399572
1786707150014 1965296 16249024 2399572
1786707150056 1965296 16249024 2399572
1786707150099 1965296 16249024 2399572
1786707150140 1965296 16249024 2399572
1786707150182 1965296 16249024 2399572
1786707150225 1965296 16249024 2399572
1786707150267 1965296 16249024 2399572
1786707150310 1965296 16249024 2399572
1786707150351 1965296 16249024 2399572
1786707150393 1965296 16249024 2399572
1786707150435 1965296 16249024 2399572
1786707150476 1965296 16249024 2399572
1786707150518 1965296 16249024 2399572
1786707150559 1965296 16249024 2399572
1786707150600 1965296 16249024 2399572
1786707150643 1965296 16249024 2399572
1786707150685 1965296 16249024 2399572
1786707150727 1965296 16249024 2399572
1786707150769 1965296 16249024 2399572
1786707150813 1965296 16249024 2399572
1786707150855 1965296 16249024 2399572
1786707150896 1965296 16249024 2399572
1786707150939 1965296 16249024 2399572
1786707150982 1965296 16249024 2399572
1786707151024 1965296 16249024 2399572
1786707151065 1965296 16249024 2399572
1786707151110 1965296 16249024 2399572
1786707151153 1965296 16249024 2399572
1786707151194 1965296 16249024 2399572
1786707151235 1965296 16249024 2399572
1786707151276 1965296 16249024 2399572
1786707151318 1965296 16249024 2399572
1786707151359 1965296 16249024 2399572
1786707151400 1965296 16249024 2399572
1786707151443 1965296 16249024 2399572
1786707151486 1965296 16249024 2399572
1786707151528 1965296 16249024 2399572
1786707151569 1965296 16249024 2399572
1786707151610 1965296 16249024 2399572
1786707151651 1965296 16249024 2399572
1786707151693 1965296 16249024 2399572
1786707151734 1965296 16249024 2399572
1786707151775 1965296 16249024 2399572
1786707151817 1965296 16249024 2399572
1786707151858 1965296 16249024 2399572
1786707151900 1965296 16249024 2399572
1786707151941 1965296 16249024 2399572
1786707151984 1965296 16249024 2399572
1786707152028 1965296 16249024 2399572
1786707152071 1965296 16249024 2399572
1786707152112 1965296 16249024 2399572
1786707152154 1965296 16249024 2399572
1786707152194 1965296 16249024 2399572
1786707152234 1965296 16249024 2399572
1786707152276 1965296 16249024 2399572
1786707152318 1965296 16249024 2399572
1786707152359 1965296 16249024 2399572
1786707152399 1965296 16249024 2399572
1786707152442 1965296 16249024 2399572
1786707152482 1965296 16249024 2399572
1786707152523 1965296 16249024 2399572
1786707152564 1965296 16249024 2399572
1786707152605 1965296 16249024 2399572
1786707152646 1965296 16249024 2399572
1786707152689 1965296 16249024 2399572
1786707152731 1965296 16249024 2399572
1786707152771 1965296 16249024 2399572
1786707152814 1965296 16249024 2399572
1786707152855 1965296 16249024 2399572
1786707152897 1965296 16249024 2399572
1786707152939 1965296 16249024 2399572
1786707152982 1965296 16249024 2399572
1786707153023 1965296 16249024 2399572
1786707153064 1965296 16249024 2399572
1786707153106 1965296 16249024 2399572
1786707153150 1965296 16249024 2399572
1786707153191 1965296 16249024 2399572
1786707153233 1965296 16249024 2399572
1786707153276 1965296 16249024 2399572
1786707153317 1965296 16249024 2399572
1786707153359 1965296 16249024 2399572
1786707153401 1965296 16249024 2399572
1786707153443 1965296 16249024 2399572
1786707153485 1965296 16249024 2399572
1786707153526 1965296 16249024 2399572
1786707153567 1965296 16249024 2399572
1786707153610 1965296 16249024 2399572
1786707153650 1965296 16249024 2399572
1786707153690 1965296 16249024 2399572
1786707153732 1965296 16249024 2399572
1786707153774 1965296 16249024 2399572
1786707153816 1965296 16249024 2399572
1786707153859 1965296 16249024 2399572
1786707153901 1965296 16249024 2399572
1786707153943 1965296 16249024 2399572
1786707153985 1965296 16249024 2399572
1786707154028 1965296 16249024 2399572
1786707154070 1965296 16249024 2399572
1786707154111 1965296 16249024 2399572
1786707154152 1965296 16249024 2399572
1786707154195 1965296 16249024 2399572
1786707154240 1965296 16249024 2399572
1786707154284 1965296 16249024 2399572
1786707154329 1965296 16249024 2399572
1786707154373 1965296 16249024 2399572
1786707154415 1965296 16249024 2399572
1786707154459 1965296 16249024 2399572
1786707154505 1965296 16249024 2399572
1786707154550 1965296 16249024 2399572
1786707154593 1965296 16249024 2399572
1786707154638 1965296 16249024 2399572
1786707154681 1965296 16249024 2399572
1786707154726 1965296 16249024 2399572
1786707154770 1965296 16249024 2399572
1786707154817 1965296 16249024 2399572
1786707154863 1965296 16249024 2399572
1786707154909 1965296 16249024 2399572
1786707154955 1965296 16249024 2399572
1786707154998 1965296 16249024 2399572
1786707155043 1965296 16249024 2399572
1786707155086 1965296 16249024 2399572
1786707155129 1965296 16249024 2399572
1786707155171 1965296 16249024 2399572
1786707155212 1965296 16249024 2399572
1786707155252 1965296 16249024 2399572
1786707155294 1965296 16249024 2399572
1786707155336 1965296 16249024 2399572
1786707155378 1965296 16249024 2399572
1786707155419 1965296 16249024 2399572
1786707155461 1965296 16249024 2399572
1786707155503 1965296 16249024 2399572
1786707155545 1965296 16249024 2399572
1786707155587 1965296 16249024 2399572
1786707155626 1965296 16249024 2399572
1786707155667 1965296 16249024 2399572
1786707155708 1965296 16249024 2399572
1786707155750 1965296 16249024 2399572
1786707155792 1965296 16249024 2399572
1786707155833 1965296 16249024 2399572
1786707155875 1965296 16249024 2399572
1786707155917 1965296 16249024 2399572
1786707155959 1965296 16249024 2399572
1786707156001 1965296 16249024 2399572
1786707156046 1965296 16249024 2399572
1786707156090 1965296 16249024 2399572
1786707156135 1965296 16249024 2399572
1786707156177 1965296 16249024 2399572
1786707156218 1965296 16249024 2399572
1786707156259 1965296 16249024 2399572
1786707156301 1965296 16249024 2399572
1786707156342 1965296 16249024 2399572
1786707156383 1965296 16249024 2399572
1786707156425 1965296 16249024 2399572
1786707156467 1965296 16249024 2399572
1786707156508 1965296 16249024 2399572
1786707156550 1965296 16249024 2399572
1786707156595 1965296 16249024 2399572
1786707156640 1965296 16249024 2399572
1786707156683 1965296 16249024 2399572
1786707156726 1965296 16249024 2399572
1786707156769 1965296 16249024 2399572
1786707156814 1965296 16249024 2399572
1786707156859 1965296 16249024 2399572
1786707156904 1965296 16249024 2399572
1786707156947 1965296 16249024 2399572
1786707156990 1965296 16249024 2399572
1786707157033 1965296 16249024 2399572
1786707157076 1965296 16249024 2399572
1786707157119 1965296 16249024 2399572
1786707157162 1965296 16249024 2399572
1786707157203 1965296 16249024 2399572
1786707157246 1965296 16249024 2399572
1786707157287 1965296 16249024 2399572
1786707157330 1965296 16249024 2399572
1786707157371 1965296 16249024 2399572
1786707157413 1965296 16249024 2399572
1786707157455 1965296 16249024 2399572
1786707157497 1965296 16249024 2399572
1786707157540 1965296 16249024 2399572
1786707157583 1965296 16249024 2399572
1786707157625 1965296 16249024 2399572
1786707157667 1965296 16249024 2399572
1786707157709 1965296 16249024 2399572
1786707157753 1965296 16249024 2399572
1786707157794 1965296 16249024 2399572
1786707157837 1965296 16249024 2399572
1786707157879 1965296 16249024 2399572
1786707157918 1965296 16249024 2399572
1786707157961 1965296 16249024 2399572
1786707158002 1965296 16249024 2399572
1786707158044 1965296 16249024 2399572
1786707158087 1965296 16249024 2399572
1786707158128 1965296 16249024 2399572
1786707158170 1965296 16249024 2399572
1786707158212 1965296 16249024 2399572
1786707158255 1965296 16249024 2399572
1786707158295 1965296 16249024 2399572
1786707158336 1965296 16249024 2399572
1786707158377 1965296 16249024 2399572
1786707158417 1965296 16249024 2399572
1786707158458 1965296 16249024 2399572
1786707158500 1965296 16249024 2399572
1786707158543 1965296 16249024 2399572
1786707158584 1965296 16249024 2399572
1786707158626 1965296 16249024 2399572
1786707158667 1965296 16249024 2399572
1786707158708 1965296 16249024 2399572
1786707158750 1965296 16249024 2399572
1786707158790 1965296 16249024 2399572
1786707158832 1965296 16249024 2399572
1786707158873 1965296 16249024 2399572
1786707158915 1965296 16249024 2399572
1786707158956 1965296 16249024 2399572
1786707158996 1965296 16249024 2399572
1786707159038 1965296 16249024 2399572
1786707159082 1965296 16249024 2399572
1786707159124 1965296 16249024 2399572
1786707159165 1965296 16249024 2399572
1786707159206 1965296 16249024 2399572
1786707159245 1965296 16249024 2399572
1786707159287 1965296 16249024 2399572
1786707159328 1965296 16249024 2399572
1786707159369 1965296 16249024 2399572
1786707159410 1965296 16249024 2399572
1786707159451 1965296 16249024 2399572
1786707159492 1965296 16249024 2399572
1786707159536 1965296 16249024 2399572
1786707159577 1965296 16249024 2399572
1786707159618 1965296 16249024 2399572
1786707159665 1965296 16249024 2399572
1786707159709 1965296 16249024 2399572
1786707159752 1965296 16249024 2399572
1786707159795 1965296 16249024 2399572
1786707159837 1965296 16249024 2399572
1786707159882 1965296 16249024 2399572
1786707159926 1965296 16249024 2399572
1786707159969 1965296 16249024 2399572
1786707160012 1965296 16249024 2399572
1786707160054 1965296 16249024 2399572
1786707160099 1965296 16249024 2399572
1786707160146 1965296 16249024 2399572
1786707160190 1965296 16249024 2399572
1786707160234 1965296 16249024 2399572
1786707160276 1965296 16249024 2399572
1786707160320 1965296 16249024 2399572
1786707160365 1965296 16249024 2399572
1786707160410 1965296 16249024 2399572
1786707160455 1965296 16249024 2399572
1786707160502 1965296 16249024 2399572
1786707160547 1965296 16249024 2399572
1786707160592 1965296 16249024 2399572
1786707160636 1965296 16249024 2399572
1786707160678 1965296 16249024 2399572
1786707160722 1965296 16249024 2399572
1786707160768 1965296 16249024 2399572
1786707160813 1965296 16249024 2399572
1786707160857 1965296 16249024 2399572
1786707160900 1965296 16249024 2399572
1786707160944 1965296 16249024 2399572
1786707160990 1965296 16249024 2399572
1786707161034 1965296 16249024 2399572
1786707161078 1965296 16249024 2399572
1786707161124 1965296 16249024 2399572
1786707161169 1965296 16249024 2399572
1786707161214 1965296 16249024 2399572
1786707161257 1965296 16249024 2399572
1786707161299 1965296 16249024 2399572
1786707161342 1965296 16249024 2399572
1786707161389 1965296 16249024 2399572
1786707161435 1965296 16249024 2399572
1786707161480 1965296 16249024 2399572
1786707161527 1965296 16249024 2399572
1786707161573 1965296 16249024 2399572
1786707161617 1965296 16249024 2399572
1786707161662 1965296 16249024 2399572
1786707161706 1965296 16249024 2399572
1786707161750 1965296 16249024 2399572
1786707161795 1965296 16249024 2399572
1786707161836 1965296 16249024 2399572
1786707161876 1965296 16249024 2399572
1786707161918 1965296 16249024 2399572
1786707161964 1965296 16249024 2399572
1786707162009 1965296 16249024 2399572
1786707162054 1965296 16249024 2399572
1786707162095 1965296 16249024 2399572
1786707162141 1965296 16249024 2399572
1786707162187 1965296 16249024 2399572
1786707162232 1965296 16249024 2399572
1786707162276 1965296 16249024 2399572
1786707162324 1965296 16249024 2399572
1786707162369 1965296 16249024 2399572
1786707162414 1965296 16249024 2399572
1786707162460 1965296 16249024 2399572
1786707162507 1965296 16249024 2399572
1786707162551 1965296 16249024 2399572
1786707162597 1965296 16249024 2399572
1786707162642 1965296 16249024 2399572
1786707162687 1965296 16249024 2399572
1786707162731 1965296 16249024 2399572
1786707162775 1965296 16249024 2399572
1786707162819 1965296 16249024 2399572
1786707162864 1965296 16249024 2399572
1786707162911 1965296 16249024 2399572
1786707162956 1965296 16249024 2399572
1786707163002 1965296 16249024 2399572
1786707163047 1965296 16249024 2399572
1786707163093 1965296 16249024 2399572
1786707163140 1965296 16249024 2399572
1786707163185 1965296 16249024 2399572
1786707163230 1965296 16249024 2399572
1786707163276 1965296 16249024 2399572
1786707163322 1965296 16249024 2399572
1786707163366 1965296 16249024 2399572
1786707163413 1965296 16249024 2399572
1786707163457 1965296 16249024 2399572
1786707163501 1965296 16249024 2399572
1786707163547 1965296 16249024 2399572
1786707163591 1965296 16249024 2399572
1786707163636 1965296 16249024 2399572
1786707163681 1965296 16249024 2399572
1786707163727 1965296 16249024 2399572
1786707163774 1965296 16249024 2399572
1786707163819 1965296 16249024 2399572
1786707163862 1965296 16249024 2399572
1786707163904 1965296 16249024 2399572
1786707163947 1965296 16249024 2399572
1786707163993 1965296 16249024 2399572
1786707164039 1965296 16249024 2399572
1786707164083 1965296 16249024 2399572
1786707164126 1965296 16249024 2399572
1786707164168 1965296 16249024 2399572
1786707164214 1965296 16249024 2399572
1786707164257 1965296 16249024 2399572
1786707164303 1965296 16249024 2399572
1786707164347 1965296 16249024 2399572
1786707164392 1965296 16249024 2399572
1786707164437 1965296 16249024 2399572
1786707164482 1965296 16249024 2399572
1786707164528 1965296 16249024 2399572
1786707164574 1965296 16249024 2399572
1786707164620 1965296 16249024 2399572
1786707164665 1965296 16249024 2399572
1786707164710 1965296 16249024 2399572
1786707164753 1965296 16249024 2399572
1786707164798 1965296 16249024 2399572
1786707164841 1965296 16249024 2399572
1786707164884 1965296 16249024 2399572
1786707164928 1965296 16249024 2399572
1786707164972 1965296 16249024 2399572
1786707165016 1965296 16249024 2399572
1786707165060 1965296 16249024 2399572
1786707165104 1965296 16249024 2399572
1786707165149 1965296 16249024 2399572
1786707165194 1965296 16249024 2399572
1786707165241 1965296 16249024 2399572
1786707165287 1965296 16249024 2399572
1786707165334 1965296 16249024 2399572
1786707165380 1965296 16249024 2399572
1786707165426 1965296 16249024 2399572
1786707165472 1965296 16249024 2399572
1786707165516 1965296 16249024 2399572
1786707165561 1965296 16249024 2399572
1786707165607 1965296 16249024 2399572
1786707165652 1965296 16249024 2399572
1786707165698 1965296 16249024 2399572
1786707165745 1965296 16249024 2399572
1786707165788 1965296 16249024 2399572
1786707165831 1965296 16249024 2399572
1786707165871 1965296 16249024 2399572
1786707165913 1965296 16249024 2399572
1786707165954 1965296 16249024 2399572
1786707165995 1965296 16249024 2399572
1786707166036 1965296 16249024 2399572
1786707166079 1965296 16249024 2399572
1786707166120 1965296 16249024 2399572
1786707166161 1965296 16249024 2399572
1786707166204 1965296 16249024 2399572
1786707166245 1965296 16249024 2399572
1786707166287 1965296 16249024 2399572
1786707166328 1965296 16249024 2399572
1786707166370 1965296 16249024 2399572
1786707166412 1965296 16249024 2399572
1786707166453 1965296 16249024 2399572
1786707166494 1965296 16249024 2399572
1786707166534 1965296 16249024 2399572
1786707166574 1965296 16249024 2399572
1786707166618 1965296 16249024 2399572
1786707166659 1965296 16249024 2399572
1786707166700 1965296 16249024 2399572
1786707166742 1965296 16249024 2399572
1786707166783 1965296 16249024 2399572
1786707166825 1965296 16249024 2399572
1786707166867 1965296 16249024 2399572
1786707166909 1965296 16249024 2399572
1786707166950 1965296 16249024 2399572
1786707166992 1965296 16249024 2399572
1786707167033 1965296 16249024 2399572
1786707167075 1965296 16249024 2399572
1786707167115 1965296 16249024 2399572
1786707167157 1965296 16249024 2399572
1786707167199 1965296 16249024 2399572
1786707167241 1965296 16249024 2399572
1786707167282 1965296 16249024 2399572
1786707167323 1965296 16249024 2399572
1786707167364 1965296 16249024 2399572
1786707167406 1965296 16249024 2399572
1786707167448 1965296 16249024 2399572
1786707167489 1965296 16249024 2399572
1786707167531 1965296 16249024 2399572
1786707167573 1965296 16249024 2399572
1786707167617 1965296 16249024 2399572
1786707167658 1965296 16249024 2399572
1786707167698 1965296 16249024 2399572
1786707167740 1965296 16249024 2399572
1786707167782 1965296 16249024 2399572
1786707167824 1965296 16249024 2399572
1786707167864 1965296 16249024 2399572
1786707167908 1965296 16249024 2399572
1786707167950 1965296 16249024 2399572
1786707167992 1965296 16249024 2399572
1786707168034 1965296 16249024 2399572
1786707168077 1965296 16249024 2399572
1786707168119 1965296 16249024 2399572
1786707168160 1965296 16249024 2399572
1786707168200 1965296 16249024 2399572
1786707168241 1965296 16249024 2399572
1786707168283 1965296 16249024 2399572
1786707168326 1965296 16249024 2399572
1786707168369 1965296 16249024 2399572
1786707168411 1965296 16249024 2399572
1786707168452 1965296 16249024 2399572
1786707168495 1965296 16249024 2399572
1786707168539 1965296 16249024 2399572
1786707168579 1965296 16249024 2399572
1786707168620 1965296 16249024 2399572
1786707168662 1965296 16249024 2399572
1786707168703 1965296 16249024 2399572
1786707168743 1965296 16249024 2399572
1786707168785 1965296 16249024 2399572
1786707168827 1965296 16249024 2399572
1786707168867 1965296 16249024 2399572
1786707168908 1965296 16249024 2399572
1786707168951 1965296 16249024 2399572
1786707168993 1965296 16249024 2399572
1786707169036 1965296 16249024 2399572
1786707169077 1965296 16249024 2399572
1786707169118 1965296 16249024 2399572
1786707169160 1965296 16249024 2399572
1786707169201 1965296 16249024 2399572
1786707169242 1965296 16249024 2399572
1786707169283 1965296 16249024 2399572
1786707169325 1965296 16249024 2399572
1786707169367 1965296 16249024 2399572
1786707169408 1965296 16249024 2399572
1786707169450 1965296 16249024 2399572
1786707169491 1965296 16249024 2399572
1786707169533 1965296 16249024 2399572
1786707169575 1965296 16249024 2399572
1786707169616 1965296 16249024 2399572
1786707169658 1965296 16249024 2399572
1786707169699 1965296 16249024 2399572
1786707169741 1965296 16249024 2399572
1786707169782 1965296 16249024 2399572
1786707169824 1965296 16249024 2399572
1786707169866 1965296 16249024 2399572
1786707169908 1965296 16249024 2399572
1786707169948 1965296 16249024 2399572
1786707169990 1965296 16249024 2399572
1786707170031 1965296 16249024 2399572
1786707170073 1965296 16249024 2399572
1786707170114 1965296 16249024 2399572
1786707170156 1965296 16249024 2399572
1786707170197 1965296 16249024 2399572
1786707170239 1965296 16249024 2399572
1786707170280 1965296 16249024 2399572
1786707170321 1965296 16249024 2399572
1786707170363 1965296 16249024 2399572
1786707170405 1965296 16249024 2399572
1786707170447 1965296 16249024 2399572
1786707170489 1965296 16249024 2399572
1786707170531 1965296 16249024 2399572
1786707170573 1965296 16249024 2399572
1786707170613 1965296 16249024 2399572
1786707170655 1965296 16249024 2399572
1786707170696 1965296 16249024 2399572
1786707170737 1965296 16249024 2399572
1786707170779 1965296 16249024 2399572
1786707170822 1965296 16249024 2399572
1786707170865 1965296 16249024 2399572
1786707170907 1965296 16249024 2399572
1786707170948 1965296 16249024 2399572
1786707170991 1965296 16249024 2399572
1786707171034 1965296 16249024 2399572
1786707171076 1965296 16249024 2399572
1786707171117 1965296 16249024 2399572
1786707171161 1965296 16249024 2399572
1786707171206 1965296 16249024 2399572
1786707171249 1965296 16249024 2399572
1786707171295 1965296 16249024 2399572
1786707171340 1965296 16249024 2399572
1786707171382 1965296 16249024 2399572
1786707171425 1965296 16249024 2399572
1786707171473 1965296 16249024 2399572
1786707171519 1965296 16249024 2399572
1786707171563 1965296 16249024 2399572
1786707171607 1965296 16249024 2399572
1786707171650 1965296 16249024 2399572
1786707171694 1965296 16249024 2399572
1786707171737 1965296 16249024 2399572
1786707171781 1965296 16249024 2399572
1786707171825 1965296 16249024 2399572
1786707171869 1965296 16249024 2399572
1786707171913 1965296 16249024 2399572
1786707171959 1965296 16249024 2399572
1786707172004 1965296 16249024 2399572
1786707172047 1965296 16249024 2399572
1786707172088 1965296 16249024 2399572
1786707172128 1965296 16249024 2399572
1786707172170 1965296 16249024 2399572
1786707172212 1965296 16249024 2399572
1786707172253 1965296 16249024 2399572
1786707172294 1965296 16249024 2399572
1786707172335 1965296 16249024 2399572
1786707172376 1965296 16249024 2399572
1786707172418 1965296 16249024 2399572
1786707172460 1965296 16249024 2399572
1786707172501 1965296 16249024 2399572
1786707172542 1965296 16249024 2399572
1786707172585 1965296 16249024 2399572
1786707172626 1965296 16249024 2399572
1786707172669 1965296 16249024 2399572
1786707172710 1965296 16249024 2399572
1786707172752 1965296 16249024 2399572
1786707172795 1965296 16249024 2399572
1786707172836 1965296 16249024 2399572
1786707172877 1965296 16249024 2399572
1786707172919 1965296 16249024 2399572
1786707172962 1965296 16249024 2399572
1786707173006 1965296 16249024 2399572
1786707173049 1965296 16249024 2399572
1786707173094 1965296 16249024 2399572
1786707173135 1965296 16249024 2399572
1786707173176 1965296 16249024 2399572
1786707173218 1965296 16249024 2399572
1786707173261 1965296 16249024 2399572
1786707173302 1965296 16249024 2399572
1786707173344 1965296 16249024 2399572
1786707173387 1965296 16249024 2399572
1786707173428 1965296 16249024 2399572
1786707173470 1965296 16249024 2399572
1786707173513 1965296 16249024 2399572
1786707173559 1965296 16249024 2399572
1786707173605 1965296 16249024 2399572
1786707173650 1965296 16249024 2399572
1786707173697 1965296 16249024 2399572
1786707173742 1965296 16249024 2399572
1786707173786 1965296 16249024 2399572
1786707173831 1965296 16249024 2399572
1786707173877 1965296 16249024 2399572
1786707173921 1965296 16249024 2399572
1786707173967 1965296 16249024 2399572
1786707174012 1965296 16249024 2399572
1786707174055 1965296 16249024 2399572
1786707174098 1965296 16249024 2399572
1786707174140 1965296 16249024 2399572
1786707174183 1965296 16249024 2399572
1786707174225 1965296 16249024 2399572
1786707174265 1965296 16249024 2399572
1786707174307 1965296 16249024 2399572
1786707174349 1965296 16249024 2399572
1786707174391 1965296 16249024 2399572
1786707174433 1965296 16249024 2399572
1786707174474 1965296 16249024 2399572
1786707174516 1965296 16249024 2399572
1786707174557 1965296 16249024 2399572
1786707174598 1965296 16249024 2399572
1786707174641 1965296 16249024 2399572
1786707174682 1965296 16249024 2399572
1786707174725 1965296 16249024 2399572
1786707174767 1965296 16249024 2399572
1786707174808 1965296 16249024 2399572
1786707174849 1965296 16249024 2399572
1786707174890 1965296 16249024 2399572
1786707174931 1965296 16249024 2399572
1786707174972 1965296 16249024 2399572
1786707175014 1965296 16249024 2399572
1786707175055 1965296 16249024 2399572
1786707175096 1965296 16249024 2399572
1786707175139 1965296 16249024 2399572
1786707175180 1965296 16249024 2399572
1786707175222 1965296 16249024 2399572
1786707175264 1965296 16249024 2399572
1786707175306 1965296 16249024 2399572
1786707175348 1965296 16249024 2399572
1786707175389 1965296 16249024 2399572
1786707175430 1965296 16249024 2399572
1786707175472 1965296 16249024 2399572
1786707175512 1965296 16249024 2399572
1786707175554 1965296 16249024 2399572
1786707175596 1965296 16249024 2399572
1786707175637 1965296 16249024 2399572
1786707175678 1965296 16249024 2399572
1786707175719 1965296 16249024 2399572
1786707175761 1965296 16249024 2399572
1786707175803 1965296 16249024 2399572
1786707175846 1965296 16249024 2399572
1786707175888 1965296 16249024 2399572
1786707175928 1965296 16249024 2399572
1786707175971 1965296 16249024 2399572
1786707176012 1965296 16249024 2399572
1786707176054 1965296 16249024 2399572
1786707176097 1965296 16249024 2399572
1786707176138 1965296 16249024 2399572
1786707176180 1965296 16249024 2399572
1786707176222 1965296 16249024 2399572
1786707176263 1965296 16249024 2399572
1786707176304 1965296 16249024 2399572
1786707176346 1965296 16249024 2399572
1786707176388 1965296 16249024 2399572
1786707176430 1965296 16249024 2399572
1786707176471 1965296 16249024 2399572
1786707176512 1965296 16249024 2399572
1786707176557 1965296 16249024 2399572
1786707176601 1965296 16249024 2399572
1786707176643 1965296 16249024 2399572
1786707176684 1965296 16249024 2399572
1786707176725 1965296 16249024 2399572
1786707176772 1965296 16249024 2399572
1786707176817 1965296 16249024 2399572
1786707176861 1965296 16249024 2399572
1786707176904 1965296 16249024 2399572
1786707176949 1965296 16249024 2399572
1786707176993 1965296 16249024 2399572
1786707177037 1965296 16249024 2399572
1786707177082 1965296 16249024 2399572
1786707177126 1965296 16249024 2399572
1786707177168 1965296 16249024 2399572
1786707177211 1965296 16249024 2399572
1786707177257 1965296 16249024 2399572
1786707177302 1965296 16249024 2399572
1786707177347 1965296 16249024 2399572
1786707177392 1965296 16249024 2399572
1786707177439 1965296 16249024 2399572
1786707177484 1965296 16249024 2399572
1786707177529 1965296 16249024 2399572
1786707177573 1965296 16249024 2399572
1786707177617 1965296 16249024 2399572
1786707177663 1965296 16249024 2399572
1786707177709 1965296 16249024 2399572
1786707177752 1965296 16249024 2399572
1786707177796 1965296 16249024 2399572
1786707177840 1965296 16249024 2399572
1786707177885 1965296 16249024 2399572
1786707177927 1965296 16249024 2399572
1786707177970 1965296 16249024 2399572
1786707178014 1965296 16249024 2399572
1786707178059 1965296 16249024 2399572
1786707178104 1965296 16249024 2399572
1786707178147 1965296 16249024 2399572
1786707178191 1965296 16249024 2399572
1786707178235 1965296 16249024 2399572
1786707178282 1965296 16249024 2399572
1786707178327 1965296 16249024 2399572
1786707178373 1965296 16249024 2399572
1786707178418 1965296 16249024 2399572
1786707178465 1965296 16249024 2399572
1786707178511 1965296 16249024 2399572
1786707178556 1965296 16249024 2399572
1786707178603 1965296 16249024 2399572
1786707178648 1965296 16249024 2399572
1786707178693 1965296 16249024 2399572
1786707178739 1965296 16249024 2399572
1786707178785 1965296 16249024 2399572
1786707178828 1965296 16249024 2399572
1786707178869 1965296 16249024 2399572
1786707178912 1965296 16249024 2399572
1786707178956 1965296 16249024 2399572
1786707179000 1965296 16249024 2399572
1786707179041 1965296 16249024 2399572
1786707179085 1965296 16249024 2399572
1786707179131 1965296 16249024 2399572
1786707179176 1965296 16249024 2399572
1786707179224 1965296 16249024 2399572
1786707179270 1965296 16249024 2399572
1786707179316 1965296 16249024 2399572
1786707179361 1965296 16249024 2399572
1786707179405 1965296 16249024 2399572
1786707179450 1965296 16249024 2399572
1786707179495 1965296 16249024 2399572
1786707179539 1965296 16249024 2399572
1786707179583 1965296 16249024 2399572
1786707179627 1965296 16249024 2399572
1786707179671 1965296 16249024 2399572
1786707179716 1965296 16249024 2399572
1786707179761 1965296 16249024 2399572
1786707179808 1965296 16249024 2399572
1786707179854 1965296 16249024 2399572
1786707179899 1965296 16249024 2399572
1786707179945 1965296 16249024 2399572
1786707179990 1965296 16249024 2399572
1786707180035 1965296 16249024 2399572
1786707180083 1965296 16249024 2399572
1786707180128 1965296 16249024 2399572
1786707180174 1965296 16249024 2399572
1786707180219 1965296 16249024 2399572
1786707180265 1965296 16249024 2399572
1786707180310 1965296 16249024 2399572
1786707180356 1965296 16249024 2399572
1786707180400 1965296 16249024 2399572
1786707180444 1965296 16249024 2399572
1786707180491 1965296 16249024 2399572
1786707180536 1965296 16249024 2399572
1786707180582 1965296 16249024 2399572
1786707180627 1965296 16249024 2399572
1786707180672 1965296 16249024 2399572
1786707180716 1965296 16249024 2399572
1786707180760 1965296 16249024 2399572
1786707180803 1965296 16249024 2399572
1786707180846 1965296 16249024 2399572
1786707180891 1965296 16249024 2399572
1786707180935 1965296 16249024 2399572
1786707180980 1965296 16249024 2399572
1786707181023 1965296 16249024 2399572
1786707181068 1965296 16249024 2399572
1786707181111 1965296 16249024 2399572
1786707181154 1965296 16249024 2399572
1786707181199 1965296 16249024 2399572
1786707181244 1965296 16249024 2399572
1786707181290 1965296 16249024 2399572
1786707181336 1965296 16249024 2399572
1786707181380 1965296 16249024 2399572
1786707181428 1965296 16249024 2399572
1786707181475 1965296 16249024 2399572
1786707181521 1965296 16249024 2399572
1786707181566 1965296 16249024 2399572
1786707181610 1965296 16249024 2399572
1786707181655 1965296 16249024 2399572
1786707181700 1965296 16249024 2399572
1786707181745 1965296 16249024 2399572
1786707181793 1965296 16249024 2399572
1786707181838 1965296 16249024 2399572
1786707181884 1965296 16249024 2399572
1786707181931 1965296 16249024 2399572
1786707181977 1965296 16249024 2399572
1786707182022 1965296 16249024 2399572
1786707182065 1965296 16249024 2399572
1786707182111 1965296 16249024 2399572
1786707182157 1965296 16249024 2399572
1786707182203 1965296 16249024 2399572
1786707182248 1965296 16249024 2399572
1786707182293 1965296 16249024 2399572
1786707182339 1965296 16249024 2399572
1786707182384 1965296 16249024 2399572
1786707182431 1965296 16249024 2399572
1786707182477 1965296 16249024 2399572
1786707182523 1965296 16249024 2399572
1786707182569 1965296 16249024 2399572
1786707182617 1965296 16249024 2399572
1786707182662 1965296 16249024 2399572
1786707182704 1965296 16249024 2399572
1786707182746 1965296 16249024 2399572
1786707182788 1965296 16249024 2399572
1786707182829 1965296 16249024 2399572
1786707182871 1965296 16249024 2399572
1786707182913 1965296 16249024 2399572
1786707182955 1965296 16249024 2399572
1786707182995 1965296 16249024 2399572
1786707183037 1965296 16249024 2399572
1786707183079 1965296 16249024 2399572
1786707183121 1965296 16249024 2399572
1786707183162 1965296 16249024 2399572
1786707183204 1965296 16249024 2399572
1786707183245 1965296 16249024 2399572
1786707183287 1965296 16249024 2399572
1786707183329 1965296 16249024 2399572
1786707183371 1965296 16249024 2399572
1786707183412 1965296 16249024 2399572
1786707183455 1965296 16249024 2399572
1786707183498 1965296 16249024 2399572
1786707183538 1965296 16249024 2399572
1786707183579 1965296 16249024 2399572
1786707183619 1965296 16249024 2399572
1786707183661 1965296 16249024 2399572
1786707183702 1965296 16249024 2399572
1786707183745 1965296 16249024 2399572
1786707183787 1965296 16249024 2399572
1786707183829 1965296 16249024 2399572
1786707183870 1965296 16249024 2399572
1786707183910 1965296 16249024 2399572
1786707183952 1965296 16249024 2399572
1786707183996 1965296 16249024 2399572
1786707184039 1965296 16249024 2399572
1786707184081 1965296 16249024 2399572
1786707184122 1965296 16249024 2399572
1786707184163 1965296 16249024 2399572
1786707184204 1965296 16249024 2399572
1786707184245 1965296 16249024 2399572
1786707184286 1965296 16249024 2399572
1786707184327 1965296 16249024 2399572
1786707184368 1965296 16249024 2399572
1786707184411 1965296 16249024 2399572
1786707184455 1965296 16249024 2399572
1786707184496 1965296 16249024 2399572
1786707184538 1965296 16249024 2399572
1786707184580 1965296 16249024 2399572
1786707184623 1965296 16249024 2399572
1786707184666 1965352 16249024 2399572
1786707184709 1965368 16249024 2399572
1786707184753 1965372 16249024 2399572
1786707184796 1965376 16249024 2399572
1786707184839 1972000 16249024 2399572
1786707184866 1973668 16283908 2399572
1786707184907 1973668 16283908 2399572
1786707184949 1973668 16283908 2399572
1786707184992 1973668 16283908 2399572
1786707185033 1973668 16283908 2399572
1786707185076 1973668 16283908 2399572
1786707185120 1973668 16283908 2399572
1786707185158 1973948 16314688 2399572
1786707185202 1973952 16314688 2399572
1786707185245 1973988 16314688 2399572
1786707185286 1974340 16314688 2399572
1786707185328 1974284 16314688 2399572
1786707185370 1974252 16314688 2399572
1786707185412 1974236 16314688 2399572
1786707185454 1974180 16314688 2399572
1786707185496 1974140 16314688 2399572
1786707185539 1974132 16314688 2399572
1786707185584 1974132 16314688 2399572
1786707185627 1974132 16314688 2399572
1786707185669 1974132 16314688 2399572
1786707185713 1973788 16314688 2399572
1786707185744 1973388 16314688 2399572
1786707185786 1973044 16314688 2399572
1786707185815 1972812 16314688 2399572
1786707185859 1972812 16314688 2399572
1786707185902 1972812 16314688 2399572
1786707185946 1972812 16314688 2399572
1786707185988 1972812 16314688 2399572
1786707186028 1881244 16314688 2399572
1786707186071 1881308 16314688 2399572
1786707186114 1831944 16314688 2399572
1786707186157 1826676 16314688 2399572
# peak_kb=2256592
# hwm_kb=2399572
# frozen_ms=0
# polled_vs_hwm_pct=59promille
