# timestamp_ms VmRSS_kB VmPeak_kB VmHWM_kB
1786576865536 16464 28328 16464
1786576865615 16464 28328 16464
1786576865635 16464 28328 16464
1786576865656 16464 28328 16464
1786576865677 16464 28328 16464
1786576865697 16464 28328 16464
1786576865716 16464 28328 16464
1786576865737 16464 28328 16464
1786576865757 16464 28328 16464
1786576865777 26356 38456 26328
1786576865852 88892 114676 88892
1786576865924 166852 216608 166852
1786576866001 73004 256048 237284
1786576866021 67320 256048 237284
1786576866042 68152 256048 237284
1786576866063 102844 256048 237284
1786576866083 152312 256048 237284
1786576866104 181900 256048 237284
1786576866176 183636 256048 237284
1786576866227 183636 256048 237284
1786576866248 183636 256048 237284
1786576866268 183636 256048 237284
1786576866289 183636 256048 237284
1786576866309 183636 256048 237284
1786576866329 183636 256048 237284
1786576866350 183856 256048 237284
1786576866416 213236 256048 237284
1786576866487 295252 310640 295252
1786576866561 250828 335216 321624
1786576866581 252756 335216 321624
1786576866602 254292 335216 321624
1786576866622 254356 335216 321624
1786576866645 254520 335216 321624
1786576866665 254520 335216 321624
1786576866686 254520 335216 321624
1786576866706 254520 335216 321624
1786576866743 254520 335216 321624
1786576866764 254520 335216 321624
1786576866784 254520 335216 321624
1786576866804 254520 335216 321624
1786576866825 254520 335216 321624
1786576866845 254520 335216 321624
1786576866865 254520 335216 321624
1786576866886 254520 335216 321624
1786576866907 254520 335216 321624
1786576866927 254520 335216 321624
1786576866949 254520 335216 321624
1786576866986 254520 335216 321624
1786576867006 254520 335216 321624
1786576867026 254712 335216 321624
1786576867047 254712 335216 321624
1786576867068 254712 335216 321624
1786576867088 254712 335216 321624
1786576867108 254712 335216 321624
1786576867128 254712 335216 321624
1786576867149 254712 335216 321624
1786576867169 254712 335216 321624
1786576867190 254712 335216 321624
1786576867210 254712 335216 321624
1786576867230 254712 335216 321624
1786576867251 254712 335216 321624
1786576867271 254712 335216 321624
1786576867292 254712 335216 321624
1786576867312 254712 335216 321624
1786576867333 254712 335216 321624
1786576867353 254712 335216 321624
1786576867374 254712 335216 321624
1786576867394 254712 335216 321624
1786576867415 254712 335216 321624
1786576867435 254712 335216 321624
1786576867456 254712 335216 321624
1786576867476 254712 335216 321624
1786576867496 254712 335216 0
1786576867517 254712 335216 321624
1786576867537 254712 335216 321624
1786576867558 254712 335216 321624
1786576867579 254712 335216 321624
1786576867599 254712 335216 321624
1786576867620 254712 335216 321624
1786576867640 254712 335216 0
1786576867661 254712 335216 321624
1786576867681 254712 335216 321624
1786576867701 254712 335216 321624
1786576867721 254712 335216 321624
1786576867742 254712 335216 321624
1786576867763 254712 335216 321624
1786576867783 254712 0 321624
1786576867803 254712 0 321624
1786576867824 254712 335216 321624
1786576867844 254712 335216 321624
1786576867864 254712 335216 321624
1786576867885 254712 335216 321624
1786576867905 254712 335216 321624
1786576867925 254712 335216 321624
1786576867946 254712 335216 321624
1786576867966 254712 335216 321624
1786576867986 254712 335216 321624
1786576868007 254712 335216 321624
1786576868027 254712 335216 321624
1786576868047 254712 335216 321624
1786576868068 254712 335216 321624
1786576868088 254712 335216 321624
1786576868109 254712 335216 321624
1786576868129 254712 335216 321624
1786576868149 254712 335216 321624
1786576868170 254712 335216 321624
1786576868190 254712 335216 321624
1786576868210 254712 335216 321624
1786576868231 254712 335216 321624
1786576868251 254712 335216 321624
1786576868271 254712 335216 321624
1786576868291 254712 335216 321624
1786576868311 254712 335216 321624
1786576868332 254712 335216 321624
1786576868353 254712 335216 321624
1786576868373 254712 335216 321624
1786576868393 254712 335216 321624
1786576868414 254712 335216 321624
1786576868434 254712 335216 321624
1786576868454 254712 335216 321624
1786576868474 254712 335216 321624
1786576868495 254712 335216 321624
1786576868515 254712 335216 321624
1786576868536 254712 335216 321624
1786576868556 254712 335216 321624
1786576868577 254712 335216 321624
1786576868597 254712 335216 321624
1786576868617 254712 335216 321624
1786576868637 254712 335216 321624
1786576868657 254712 335216 321624
1786576868678 254712 335216 321624
1786576868698 254712 335216 321624
1786576868718 254712 335216 321624
1786576868739 254712 335216 321624
1786576868759 254712 335216 321624
1786576868779 254712 335216 321624
1786576868799 254712 335216 321624
1786576868820 254712 335216 321624
1786576868857 254712 335216 321624
1786576868878 254712 335216 321624
1786576868898 254712 335216 321624
1786576868918 254712 335216 321624
1786576868939 254712 335216 321624
1786576868959 254712 335216 321624
1786576868980 254712 335216 321624
1786576869000 254712 335216 321624
1786576869020 254712 335216 321624
1786576869041 254712 335216 321624
1786576869061 254712 335216 321624
1786576869081 254712 335216 321624
1786576869101 254712 335216 321624
1786576869122 254712 335216 321624
1786576869142 254712 335216 321624
1786576869162 254712 335216 321624
1786576869182 254712 335216 321624
1786576869203 254712 335216 321624
1786576869223 254712 335216 321624
1786576869244 254712 335216 321624
1786576869265 254712 335216 321624
1786576869285 254712 335216 321624
1786576869306 254712 335216 321624
1786576869326 254712 335216 321624
1786576869346 254712 335216 321624
1786576869367 254712 335216 321624
1786576869387 254712 335216 321624
1786576869424 254712 335216 321624
1786576869445 254712 335216 321624
1786576869465 254712 335216 321624
1786576869486 254712 335216 321624
1786576869507 254712 335216 321624
1786576869528 254712 335216 321624
1786576869549 254712 335216 321624
1786576869569 254712 335216 321624
1786576869590 254712 335216 321624
1786576869610 254712 335216 321624
1786576869630 254712 335216 321624
1786576869651 254712 335216 321624
1786576869671 254712 335216 321624
1786576869692 254712 335216 321624
1786576869712 254712 335216 321624
1786576869733 254712 335216 321624
1786576869754 254712 335216 321624
1786576869774 254712 335216 321624
1786576869794 254712 335216 321624
1786576869814 254712 335216 321624
1786576869835 254712 335216 321624
1786576869855 254712 335216 321624
1786576869875 254712 335216 321624
1786576869895 254712 335216 321624
1786576869915 254712 335216 321624
1786576869935 254712 335216 321624
1786576869955 254712 335216 321624
1786576869975 254712 335216 321624
1786576869995 254712 335216 321624
1786576870016 254712 335216 321624
1786576870036 254712 335216 321624
1786576870056 254712 335216 321624
1786576870093 254712 335216 321624
1786576870114 254712 335216 321624
1786576870135 254712 335216 321624
1786576870156 254712 335216 321624
1786576870176 254712 335216 321624
1786576870196 254712 335216 321624
1786576870217 254712 335216 321624
1786576870238 254712 335216 321624
1786576870259 254712 335216 321624
1786576870279 254712 335216 321624
1786576870300 254712 335216 321624
1786576870320 254712 335216 321624
1786576870341 254712 335216 321624
1786576870361 254712 335216 0
1786576870382 254712 335216 321624
1786576870402 254712 335216 321624
1786576870423 254712 335216 321624
1786576870444 254712 335216 321624
1786576870464 254712 0 321624
1786576870485 254712 335216 321624
1786576870506 254712 335216 321624
1786576870526 254712 335216 321624
1786576870547 254712 335216 321624
1786576870567 254712 335216 321624
1786576870587 254712 335216 321624
1786576870608 254712 335216 321624
1786576870629 254712 335216 321624
1786576870649 254712 335216 321624
1786576870669 254712 335216 321624
1786576870690 254712 335216 321624
1786576870710 254712 335216 321624
1786576870732 254712 335216 321624
1786576870752 254712 335216 321624
1786576870772 254712 335216 321624
1786576870793 254712 335216 321624
1786576870813 254712 335216 321624
1786576870834 254712 335216 321624
1786576870854 254712 335216 321624
1786576870875 254712 335216 321624
1786576870895 254712 335216 321624
1786576870916 254712 335216 321624
1786576870937 254712 335216 321624
1786576870957 254712 335216 321624
1786576870978 254712 335216 321624
1786576870999 254712 335216 321624
1786576871019 254712 335216 321624
1786576871039 254712 335216 321624
1786576871060 254712 335216 321624
1786576871081 254712 335216 321624
1786576871102 254712 335216 321624
1786576871123 254712 335216 321624
1786576871143 254712 335216 321624
1786576871164 254712 335216 321624
1786576871185 254712 335216 321624
1786576871205 254712 335216 321624
1786576871226 254712 335216 0
1786576871246 254712 335216 321624
1786576871267 254712 335216 321624
1786576871287 254712 335216 321624
1786576871308 254712 335216 321624
1786576871328 254712 335216 321624
1786576871348 254712 335216 321624
1786576871369 254712 335216 321624
1786576871389 254712 335216 321624
1786576871410 254712 335216 321624
1786576871431 254712 335216 321624
1786576871451 254712 335216 321624
1786576871471 254712 335216 321624
1786576871491 254712 335216 321624
1786576871511 254712 335216 321624
1786576871532 254712 335216 321624
1786576871552 254712 335216 321624
1786576871572 254712 335216 321624
1786576871593 254712 335216 321624
1786576871613 254712 335216 321624
1786576871633 254712 335216 321624
1786576871654 254712 335216 321624
1786576871674 254712 335216 321624
1786576871694 254712 335216 321624
1786576871715 254712 335216 321624
1786576871735 254712 335216 321624
1786576871755 254712 335216 321624
1786576871776 254712 335216 321624
1786576871796 254712 335216 321624
1786576871817 254712 335216 321624
1786576871837 254712 335216 321624
1786576871857 254712 335216 321624
1786576871877 254712 335216 321624
1786576871897 254712 0 321624
1786576871918 254712 335216 321624
1786576871938 254712 335216 321624
1786576871959 254712 335216 321624
1786576871980 254712 335216 321624
1786576872000 254712 335216 321624
1786576872020 254712 335216 321624
1786576872041 254712 335216 0
1786576872061 254712 335216 321624
1786576872082 254712 335216 0
1786576872102 254712 335216 321624
1786576872122 254712 335216 321624
1786576872143 254712 335216 321624
1786576872163 254712 335216 321624
1786576872183 254712 335216 0
1786576872204 254712 335216 321624
1786576872224 254712 335216 321624
1786576872244 254712 335216 321624
1786576872265 254712 335216 321624
1786576872286 254712 335216 321624
1786576872306 254712 335216 321624
1786576872327 254712 335216 321624
1786576872347 254712 335216 321624
1786576872367 254712 335216 321624
1786576872387 254712 335216 321624
1786576872408 254712 335216 321624
1786576872428 254712 335216 321624
1786576872449 254712 335216 321624
1786576872469 254712 335216 321624
1786576872489 254712 335216 321624
1786576872510 254712 335216 321624
1786576872530 254712 335216 321624
1786576872550 254712 335216 321624
1786576872571 254712 335216 321624
1786576872591 254712 335216 321624
1786576872612 254712 335216 321624
1786576872633 254712 335216 321624
1786576872653 254712 335216 321624
1786576872673 254712 335216 321624
1786576872693 254712 335216 321624
1786576872713 254712 335216 321624
1786576872734 254712 335216 321624
1786576872754 254712 335216 321624
1786576872775 254712 335216 321624
1786576872795 254712 335216 0
1786576872815 254712 335216 321624
1786576872836 254712 335216 321624
1786576872856 254712 335216 321624
1786576872876 254712 335216 321624
1786576872914 254712 335216 321624
1786576872934 254712 335216 321624
1786576872954 254712 335216 321624
1786576872974 254712 335216 321624
1786576872994 254712 335216 321624
1786576873015 254712 335216 321624
1786576873035 254712 335216 321624
1786576873056 254712 335216 321624
1786576873076 254712 335216 321624
1786576873097 254712 335216 321624
1786576873117 254712 335216 321624
1786576873137 254712 335216 321624
1786576873157 254712 335216 321624
1786576873178 254712 335216 321624
1786576873198 254712 335216 321624
1786576873218 254712 335216 321624
1786576873239 254712 335216 321624
1786576873260 254712 335216 321624
1786576873280 254712 335216 321624
1786576873300 254712 335216 321624
1786576873321 254712 335216 321624
1786576873342 254712 335216 321624
1786576873362 254712 335216 321624
1786576873383 254712 335216 321624
1786576873403 254712 335216 321624
1786576873423 254712 335216 321624
1786576873444 254712 335216 321624
1786576873464 254712 335216 321624
1786576873485 254712 335216 321624
1786576873505 254712 335216 321624
1786576873525 254712 335216 321624
1786576873546 254712 335216 321624
1786576873566 254712 335216 321624
1786576873587 254712 335216 321624
1786576873607 254712 335216 321624
1786576873627 254712 335216 321624
1786576873648 254712 335216 321624
1786576873668 254712 335216 321624
1786576873688 254712 335216 321624
1786576873707 254712 335216 321624
1786576873728 254712 335216 321624
1786576873748 254712 335216 0
1786576873768 254712 335216 321624
1786576873789 254712 335216 321624
1786576873809 254712 335216 321624
1786576873829 254712 335216 321624
1786576873849 254712 335216 321624
1786576873870 254712 335216 321624
1786576873890 254712 335216 321624
1786576873910 254712 335216 321624
1786576873930 254712 335216 321624
1786576873950 254712 335216 321624
1786576873971 254712 335216 321624
1786576873993 254712 335216 321624
1786576874014 254712 335216 321624
1786576874034 254712 335216 321624
1786576874054 254712 335216 321624
1786576874074 254712 335216 321624
1786576874095 254712 335216 321624
1786576874115 254712 335216 321624
1786576874136 254712 335216 321624
1786576874156 254712 335216 321624
1786576874176 254712 335216 321624
1786576874196 254712 335216 321624
1786576874216 254712 335216 321624
1786576874236 254712 335216 321624
1786576874257 254712 335216 321624
1786576874277 254712 335216 321624
1786576874297 254712 335216 321624
1786576874317 254712 335216 321624
1786576874337 255664 335216 321624
1786576874358 255704 335216 321624
1786576874379 255744 335216 321624
1786576874399 255744 0 321624
1786576874420 255784 335216 321624
1786576874440 255784 335216 321624
1786576874461 255784 335216 321624
1786576874481 255784 335216 321624
1786576874501 255784 335216 321624
1786576874521 255784 335216 321624
1786576874542 255784 335216 321624
1786576874562 255784 335216 0
1786576874583 255784 335216 321624
1786576874603 255788 0 321624
1786576874623 255788 335216 321624
1786576874644 255788 335216 321624
1786576874664 255792 335216 321624
1786576874684 255792 335216 321624
1786576874704 255796 335216 0
1786576874725 255796 335216 321624
1786576874746 255800 335216 321624
1786576874766 257276 335216 321624
1786576874786 257460 335216 321624
1786576874806 257460 335216 321624
1786576874826 257460 335216 321624
1786576874847 257460 335216 321624
1786576874867 257468 335216 321624
1786576874888 257468 335216 321624
1786576874908 257476 335216 321624
1786576874928 257476 335216 321624
1786576874950 257484 335216 321624
1786576874971 257488 335216 321624
1786576874992 257488 335216 321624
1786576875012 257496 335216 321624
1786576875033 257496 335216 321624
1786576875054 257504 335216 321624
1786576875074 257504 335216 321624
1786576875094 257512 335216 321624
1786576875115 257512 335216 321624
1786576875136 257512 335216 321624
1786576875156 257520 335216 321624
1786576875176 257520 335216 321624
1786576875197 258840 335216 321624
1786576875218 258880 335216 321624
1786576875238 258916 335216 321624
1786576875258 258916 335216 321624
1786576875279 258960 335216 321624
1786576875300 258960 335216 321624
1786576875320 258960 335216 321624
1786576875341 258960 335216 321624
1786576875361 258960 335216 321624
1786576875382 258964 335216 321624
1786576875404 258964 335216 321624
1786576875424 258968 335216 321624
1786576875444 258968 335216 321624
1786576875465 258972 335216 321624
1786576875485 258972 335216 321624
1786576875506 258972 335216 321624
1786576875526 258976 335216 321624
1786576875547 258976 335216 321624
1786576875567 258980 335216 321624
1786576875588 258980 335216 321624
1786576875625 260400 335216 321624
1786576875645 260640 335216 321624
1786576875666 260640 335216 321624
1786576875686 260640 335216 321624
1786576875707 260640 335216 321624
1786576875727 260648 335216 321624
1786576875748 260652 335216 321624
1786576875769 260660 335216 321624
1786576875789 260660 335216 321624
1786576875810 260668 335216 321624
1786576875830 260668 335216 321624
1786576875850 260668 335216 321624
1786576875871 260676 335216 321624
1786576875891 260676 335216 321624
1786576875911 260684 335216 321624
1786576875931 260688 335216 321624
1786576875952 260696 335216 321624
1786576875972 260696 335216 321624
1786576875995 260696 335216 321624
1786576876015 260704 335216 321624
1786576876035 260704 335216 321624
1786576876056 261940 335216 321624
1786576876077 262052 335216 321624
1786576876098 262108 335216 321624
1786576876119 262108 335216 321624
1786576876140 262148 335216 321624
1786576876161 262148 335216 321624
1786576876181 262148 335216 321624
1786576876202 262148 335216 321624
1786576876223 262148 335216 321624
1786576876243 262148 335216 321624
1786576876264 262148 335216 321624
1786576876284 262152 335216 0
1786576876304 262152 335216 321624
1786576876325 262156 335216 321624
1786576876345 262156 335216 321624
1786576876365 262156 335216 321624
1786576876385 262160 335216 321624
1786576876406 262160 335216 321624
1786576876426 262164 335216 321624
1786576876447 262164 335216 321624
1786576876485 263676 335216 321624
1786576876506 263828 335216 321624
1786576876526 263828 335216 321624
1786576876547 263828 335216 321624
1786576876584 263836 335216 321624
1786576876604 263836 335216 321624
1786576876625 263844 335216 321624
1786576876645 263844 335216 321624
1786576876665 263852 335216 321624
1786576876686 263856 335216 321624
1786576876706 263856 335216 321624
1786576876727 263864 335216 321624
1786576876747 263864 335216 321624
1786576876769 263872 335216 321624
1786576876790 263872 335216 321624
1786576876810 263880 335216 321624
1786576876831 263880 335216 321624
1786576876852 263880 335216 321624
1786576876872 263888 335216 321624
1786576876894 263892 335216 321624
1786576876915 265208 335216 321624
1786576876936 265252 335216 321624
1786576876956 265284 335216 321624
1786576876993 265328 335216 321624
1786576877013 265328 335216 321624
1786576877034 265328 335216 321624
1786576877054 265328 335216 321624
1786576877074 265328 335216 321624
1786576877095 265332 335216 321624
1786576877115 265332 335216 321624
1786576877135 265336 335216 321624
1786576877156 265336 335216 321624
1786576877177 265336 335216 321624
1786576877197 265340 335216 321624
1786576877218 265340 335216 321624
1786576877240 265344 335216 321624
1786576877260 265344 335216 321624
1786576877281 265348 335216 321624
1786576877302 265348 335216 321624
1786576877323 265352 335216 321624
1786576877343 266788 335216 321624
1786576877363 267008 335216 321624
1786576877383 267008 335216 321624
1786576877404 267008 335216 321624
1786576877424 267008 335216 321624
1786576877445 267016 335216 321624
1786576877466 267016 335216 321624
1786576877486 267024 335216 321624
1786576877507 267024 335216 321624
1786576877527 267032 335216 321624
1786576877548 267036 335216 321624
1786576877568 267036 335216 321624
1786576877589 267044 335216 321624
1786576877609 267044 335216 321624
1786576877630 267052 335216 321624
1786576877650 267052 335216 321624
1786576877671 267064 335216 321624
1786576877692 267064 335216 321624
1786576877712 267064 335216 321624
1786576877733 267072 335216 321624
1786576877753 267076 335216 321624
1786576877774 268380 335216 321624
1786576877794 268408 335216 321624
1786576877815 268456 335216 321624
1786576877835 268456 335216 321624
1786576877857 268500 335216 321624
1786576877877 268500 335216 321624
1786576877898 268500 335216 321624
1786576877919 268500 335216 321624
1786576877939 268500 335216 321624
1786576877959 268504 335216 321624
1786576877980 268504 335216 321624
1786576878001 268508 335216 321624
1786576878022 268508 335216 321624
1786576878043 268512 335216 321624
1786576878063 268512 335216 321624
1786576878084 268512 335216 321624
1786576878104 268516 335216 321624
1786576878124 268516 335216 321624
1786576878164 268520 335216 321624
1786576878184 268520 335216 321624
1786576878206 269972 335216 321624
1786576878226 270176 335216 321624
1786576878247 270176 335216 321624
1786576878267 270176 335216 321624
1786576878287 270176 335216 321624
1786576878308 270184 335216 321624
1786576878329 270188 335216 321624
1786576878349 270196 335216 321624
1786576878370 270196 335216 321624
1786576878390 270204 335216 321624
1786576878411 270204 335216 321624
1786576878431 270204 335216 321624
1786576878451 270212 335216 321624
1786576878472 270212 335216 321624
1786576878493 270220 335216 321624
1786576878513 270224 335216 321624
1786576878534 270232 335216 321624
1786576878554 270232 335216 321624
1786576878575 270232 335216 321624
1786576878596 270240 335216 321624
1786576878616 270240 335216 321624
1786576878637 271552 335216 321624
1786576878657 271588 335216 321624
1786576878678 271632 335216 321624
1786576878718 271672 335216 321624
1786576878738 271672 335216 321624
1786576878759 271672 335216 321624
1786576878780 271672 335216 321624
1786576878800 271672 335216 321624
1786576878821 271672 335216 321624
1786576878841 271672 335216 321624
1786576878879 271676 335216 321624
1786576878899 271676 335216 321624
1786576878920 271680 335216 321624
1786576878940 271680 335216 321624
1786576878978 271684 335216 321624
1786576878998 271688 335216 321624
1786576879019 271688 335216 321624
1786576879039 271688 335216 321624
1786576879060 271884 335216 321624
1786576879081 273348 335216 321624
1786576879101 273352 335216 321624
1786576879122 273352 335216 321624
1786576879142 273352 335216 321624
1786576879163 273360 335216 321624
1786576879184 273364 335216 321624
1786576879205 273372 335216 321624
1786576879226 273372 335216 321624
1786576879246 273372 335216 321624
1786576879267 273380 335216 321624
1786576879287 273380 335216 321624
1786576879307 273388 335216 321624
1786576879328 273388 335216 321624
1786576879349 273396 335216 321624
1786576879369 273396 335216 321624
1786576879390 273396 335216 321624
1786576879410 273404 335216 321624
1786576879431 273404 335216 321624
1786576879451 273412 335216 321624
1786576879473 273416 335216 321624
1786576879494 273700 335216 321624
1786576879515 274744 335216 321624
1786576879535 274820 335216 321624
1786576879556 274820 335216 321624
1786576879576 274856 335216 321624
1786576879597 274860 335216 321624
1786576879617 274860 335216 321624
1786576879637 274860 335216 321624
1786576879658 274860 335216 321624
1786576879679 274860 335216 0
1786576879700 274860 335216 321624
1786576879721 274860 335216 321624
1786576879741 274864 335216 321624
1786576879762 274864 335216 321624
1786576879782 274868 335216 321624
1786576879803 274868 335216 321624
1786576879823 274872 335216 0
1786576879844 274872 335216 321624
1786576879864 274872 335216 321624
1786576879885 274876 335216 321624
1786576879905 274876 335216 321624
1786576879926 274880 335216 321624
1786576879946 276524 339040 321624
1786576879966 276540 339040 321624
1786576879987 276540 339040 321624
1786576880008 276540 339040 321624
1786576880028 276548 339040 321624
1786576880049 276548 339040 321624
1786576880070 276556 339040 321624
1786576880090 276556 339040 321624
1786576880110 276556 339040 321624
1786576880131 276564 339040 321624
1786576880152 276568 339040 321624
1786576880173 276576 339040 321624
1786576880193 276576 339040 321624
1786576880214 276584 339040 321624
1786576880235 276584 339040 321624
1786576880256 276584 339040 321624
1786576880276 276592 339040 321624
1786576880297 276592 339040 321624
1786576880317 276600 339040 321624
1786576880338 276604 339040 321624
1786576880358 276608 339040 321624
1786576880379 277928 344596 321624
1786576880400 278000 344596 321624
1786576880421 278000 344596 321624
1786576880441 278044 344728 321624
1786576880462 278044 344728 321624
1786576880483 278044 344728 321624
1786576880503 278044 344728 321624
1786576880524 278044 344728 321624
1786576880545 278048 344728 0
1786576880567 278048 344728 321624
1786576880587 278052 344728 321624
1786576880608 278052 344728 321624
1786576880628 278052 344728 321624
1786576880649 278056 344728 321624
1786576880670 278056 344728 321624
1786576880709 278060 344728 321624
1786576880729 278060 344728 321624
1786576880750 278064 344728 321624
1786576880771 278064 344728 321624
1786576880809 279620 350516 321624
1786576880830 279720 350648 321624
1786576880851 279720 350648 321624
1786576880871 279720 350648 321624
1786576880893 279728 350648 321624
1786576880914 279732 350648 321624
1786576880935 279732 350648 321624
1786576880956 279740 350648 321624
1786576880977 279740 350648 321624
1786576880997 279748 350648 321624
1786576881018 279748 350648 321624
1786576881038 279756 350648 321624
1786576881059 279756 350648 321624
1786576881080 279764 350648 321624
1786576881101 279768 350648 321624
1786576881121 279768 350648 321624
1786576881142 279776 350648 321624
1786576881163 279776 350648 321624
1786576881183 279788 350648 321624
1786576881204 279788 350648 321624
1786576881225 279792 350648 321624
1786576881245 281112 356180 321624
1786576881266 281184 356312 321624
1786576881303 281192 356312 321624
1786576881323 281232 356312 321624
1786576881344 281232 356312 321624
1786576881381 281232 356312 321624
1786576881402 281232 356312 321624
1786576881422 281232 356312 321624
1786576881443 281232 356312 321624
1786576881463 281236 356312 321624
1786576881484 281236 356312 321624
1786576881505 281240 356312 321624
1786576881527 281240 356312 321624
1786576881547 281240 356312 321624
1786576881568 281244 356312 321624
1786576881588 281244 356312 321624
1786576881609 281248 356312 321624
1786576881629 281248 356312 321624
1786576881650 281252 0 321624
1786576881671 282764 362124 321624
1786576881692 282908 362256 321624
1786576881713 282908 362256 321624
1786576881733 282908 362256 321624
1786576881771 282916 362256 321624
1786576881792 282920 362256 321624
1786576881813 282928 362256 321624
1786576881834 282928 362256 321624
1786576881854 282936 362256 321624
1786576881875 282936 362256 321624
1786576881896 282936 362256 321624
1786576881916 282944 362256 321624
1786576881937 282944 362256 321624
1786576881958 282952 362256 321624
1786576881978 282956 362256 321624
1786576881999 282964 362256 321624
1786576882019 282964 362256 321624
1786576882040 282964 362256 321624
1786576882061 282972 362256 321624
1786576882082 282972 362256 321624
1786576882103 284284 367812 321624
1786576882123 284336 367812 321624
1786576882144 284364 367812 321624
1786576882165 284364 367812 321624
1786576882186 284404 367944 321624
1786576882206 284404 367944 321624
1786576882227 284404 367944 0
1786576882248 284404 367944 321624
1786576882268 284404 367944 321624
1786576882289 284404 367944 321624
1786576882310 284404 367944 321624
1786576882331 284408 367944 321624
1786576882352 284408 367944 321624
1786576882390 284412 367944 321624
1786576882411 284412 367944 321624
1786576882432 284416 367944 321624
1786576882453 284416 367944 321624
1786576882474 284420 367944 321624
1786576882495 284420 367944 321624
1786576882516 284424 367944 0
1786576882537 285972 373732 321624
1786576882558 286084 373864 321624
1786576882578 286084 373864 321624
1786576882599 286084 373864 321624
1786576882620 286092 373864 321624
1786576882641 286096 373864 321624
1786576882661 286096 373864 321624
1786576882682 286104 373864 321624
1786576882703 286104 373864 321624
1786576882724 286112 373864 321624
1786576882744 286112 373864 321624
1786576882765 286120 373864 321624
1786576882786 286120 373864 321624
1786576882807 286128 373864 321624
1786576882828 286132 373864 321624
1786576882849 286132 373864 321624
1786576882869 286140 373864 321624
1786576882890 286140 373864 321624
1786576882911 286148 373864 321624
1786576882932 286148 373864 321624
1786576882953 286152 373864 321624
1786576882974 287460 379420 321624
1786576882995 287540 379420 321624
1786576883016 287540 379420 321624
1786576883037 287580 379552 321624
1786576883058 287580 379552 321624
1786576883078 287580 379552 321624
1786576883100 287580 379552 321624
1786576883120 287580 379552 321624
1786576883158 287580 379552 321624
1786576883179 287580 379552 321624
1786576883200 287584 379552 321624
1786576883220 287584 379552 321624
1786576883241 287588 0 321624
1786576883261 287588 379552 321624
1786576883283 287592 379552 0
1786576883304 287592 379552 321624
1786576883324 287592 379552 321624
1786576883345 287596 379552 321624
1786576883366 287596 379552 321624
1786576883404 289156 385340 321624
1786576883424 289252 385472 321624
1786576883445 289252 385472 321624
1786576883466 289252 385472 321624
1786576883486 289260 385472 321624
1786576883507 289260 385472 321624
1786576883528 289260 385472 321624
1786576883549 289268 385472 321624
1786576883570 289268 385472 321624
1786576883591 289276 385472 321624
1786576883611 289276 385472 321624
1786576883632 289288 385472 321624
1786576883653 289292 385472 321624
1786576883673 289292 385472 321624
1786576883694 289300 385472 321624
1786576883716 289300 385472 321624
1786576883737 289308 385472 321624
1786576883758 289312 385472 321624
1786576883779 289320 385472 321624
1786576883800 289320 385472 321624
1786576883820 289320 385472 321624
1786576883841 290644 391028 321624
1786576883863 290720 391028 321624
1786576883883 290720 391028 321624
1786576883904 290760 391160 321624
1786576883924 290764 391160 321624
1786576883945 290764 391160 321624
1786576883966 290764 391160 321624
1786576883987 290764 391160 321624
1786576884008 290764 391160 321624
1786576884029 290764 391160 321624
1786576884050 290768 391160 321624
1786576884071 290768 391160 321624
1786576884092 290768 391160 321624
1786576884113 290772 391160 321624
1786576884134 290772 391160 321624
1786576884155 290776 391160 321624
1786576884176 290776 391160 321624
1786576884213 290780 391160 321624
1786576884234 290780 391160 321624
1786576884255 290784 391160 321624
1786576884275 292424 397076 321624
1786576884296 292444 397076 321624
1786576884316 292444 397076 321624
1786576884337 292444 397076 321624
1786576884358 292452 397076 321624
1786576884378 292452 397076 321624
1786576884400 292452 397076 321624
1786576884421 292460 397076 321624
1786576884442 292460 397076 321624
1786576884463 292468 397076 321624
1786576884484 292468 397076 321624
1786576884504 292476 397076 321624
1786576884525 292476 397076 321624
1786576884546 292484 397076 321624
1786576884567 292488 397076 321624
1786576884587 292488 397076 321624
1786576884608 292496 397076 321624
1786576884628 292496 397076 321624
1786576884650 292504 397076 321624
1786576884671 292504 397076 321624
1786576884692 293204 400960 321624
1786576884712 293824 402632 321624
1786576884733 293892 402632 0
1786576884754 293892 402632 321624
1786576884775 293936 402764 321624
1786576884798 293936 402764 321624
1786576884820 293936 402764 321624
1786576884841 293936 402764 321624
1786576884862 293936 402764 321624
1786576884883 293936 402764 321624
1786576884903 293936 402764 321624
1786576884924 293940 402764 321624
1786576884945 293940 402764 321624
1786576884966 293944 402764 321624
1786576884986 293944 402764 321624
1786576885007 293944 402764 321624
1786576885028 293948 402764 321624
1786576885048 293948 402764 321624
1786576885087 293952 402764 321624
1786576885108 293952 402764 321624
1786576885129 295412 408420 321624
1786576885205 295612 408684 321624
1786576885259 295612 408684 321624
1786576885280 295612 408684 321624
1786576885301 295620 408684 321624
1786576885355 295624 408684 321624
1786576885408 295632 408684 321624
1786576885462 295640 408684 321624
1786576885514 295640 408684 321624
1786576885536 295648 408684 321624
1786576885610 295648 408684 321624
1786576885632 295656 408684 321624
1786576885685 295660 408684 321624
1786576885738 295668 408684 321624
1786576885791 295668 408684 321624
1786576885812 295676 408684 321624
1786576885867 295676 408684 321624
1786576885889 296996 414240 321624
1786576885941 297076 414240 321624
1786576886015 297076 414240 321624
1786576886037 297116 414372 321624
1786576886092 297116 414372 321624
1786576886112 297116 414372 321624
1786576886134 297116 414372 321624
1786576886155 297120 414372 321624
1786576886209 297120 414372 321624
1786576886230 297124 414372 321624
1786576886284 297124 414372 321624
1786576886306 297128 414372 321624
1786576886361 297128 414372 321624
1786576886382 297132 414372 321624
1786576886455 297132 414372 321624
1786576886476 297136 414372 321624
1786576886545 298556 420028 321624
1786576886601 298796 420292 321624
1786576886656 298796 420292 321624
1786576886677 298796 420292 321624
1786576886699 298804 420292 321624
1786576886755 298804 420292 321624
1786576886776 298812 420292 321624
1786576886846 298812 420292 321624
1786576886867 298824 420292 321624
1786576886921 298832 420292 321624
1786576886975 298832 420292 321624
1786576886997 298840 420292 321624
1786576887052 298840 420292 321624
1786576887073 298848 420292 321624
1786576887128 298848 420292 321624
1786576887149 298856 420292 321624
1786576887222 298860 420292 321624
1786576887275 300184 425848 321624
1786576887332 300264 0 321624
1786576887384 300264 425848 321624
1786576887405 300304 425980 321624
1786576887458 300304 425980 321624
1786576887479 300304 425980 321624
1786576887500 300304 425980 321624
1786576887521 300304 425980 0
1786576887542 300304 425980 321624
1786576887563 300308 425980 321624
1786576887636 300308 425980 321624
1786576887657 300312 425980 321624
1786576887710 300312 425980 321624
1786576887731 300316 425980 321624
1786576887783 300316 425980 321624
1786576887805 300320 425980 321624
1786576887859 300320 425980 321624
1786576887880 301572 431492 321624
1786576887940 301980 431896 321624
1786576887996 301980 431896 321624
1786576888017 301980 431896 321624
1786576888039 301988 431896 321624
1786576888110 301996 431896 321624
1786576888163 301996 431896 321624
1786576888184 302004 431896 321624
1786576888237 302008 431896 321624
1786576888290 302016 431896 321624
1786576888343 302016 431896 321624
1786576888364 302024 431896 321624
1786576888418 302024 431896 321624
1786576888439 302032 431896 321624
1786576888512 302040 431896 321624
1786576888567 302040 431896 321624
1786576888589 302884 435916 321624
1786576888645 303416 437452 321624
1786576888699 303440 437452 321624
1786576888753 303484 437584 321624
1786576888805 303484 437584 321624
1786576888827 303484 437584 321624
1786576888848 303484 437584 321624
1786576888869 303488 437584 321624
1786576888940 303488 437584 321624
1786576888978 303492 437584 321624
1786576889032 303496 437584 321624
1786576889085 303496 437584 321624
1786576889106 303500 437584 321624
1786576889160 303500 437584 321624
1786576889198 303504 437584 321624
1786576889252 303508 437584 321624
1786576889325 305164 443504 321624
1786576889378 305164 443504 321624
1786576889399 305164 443504 321624
1786576889420 305172 443504 321624
1786576889475 305176 443504 321624
1786576889528 305184 443504 321624
1786576889582 305184 443504 321624
1786576889604 305192 443504 321624
1786576889660 305200 443504 321624
1786576889733 305200 443504 321624
1786576889754 305208 443504 321624
1786576889808 305212 443504 321624
1786576889862 305220 443504 321624
1786576889917 305228 443504 321624
1786576889969 305228 443504 321624
1786576889990 305232 443504 321624
1786576890043 306576 449060 321624
1786576890120 306620 449060 321624
1786576890173 306660 449192 321624
1786576890226 306660 449192 321624
1786576890264 306660 449192 321624
1786576890285 306660 449192 321624
1786576890306 306660 449192 321624
1786576890328 306660 449192 321624
1786576890349 306664 449192 321624
1786576890401 306664 449192 321624
1786576890422 306668 449192 321624
1786576890474 306668 449192 321624
1786576890495 306672 449192 321624
1786576890570 306672 449192 321624
1786576890591 306676 449192 321624
1786576890648 306680 0 321624
1786576890702 308288 454980 321624
1786576890764 308340 455112 321624
1786576890818 308340 455112 321624
1786576890839 308348 455112 321624
1786576890893 308352 455112 321624
1786576890967 308360 455112 321624
1786576891025 308368 455112 321624
1786576891081 308368 455112 321624
1786576891102 308376 455112 321624
1786576891159 308376 455112 321624
1786576891180 308384 455112 321624
1786576891233 308384 455112 321624
1786576891255 308392 455112 321624
1786576891308 308392 455112 321624
1786576891330 308404 455112 321624
1786576891405 308408 455112 321624
1786576891458 309760 460668 321624
1786576891513 309804 460668 321624
1786576891565 309844 460800 321624
1786576891618 309844 460800 321624
1786576891639 309844 460800 321624
1786576891661 309844 460800 321624
1786576891682 309844 460800 321624
1786576891703 309848 460800 321624
1786576891760 309852 460800 321624
1786576891835 309852 460800 321624
1786576891856 309856 460800 321624
1786576891910 309856 460800 321624
1786576891932 309860 460800 321624
1786576891987 309860 460800 321624
1786576892008 309864 460800 321624
1786576892060 309864 460800 321624
1786576892081 311284 466452 321624
1786576892135 311528 466716 321624
1786576892191 311528 466716 321624
1786576892213 311528 466716 321624
1786576892235 311536 466716 321624
1786576892310 311536 466716 321624
1786576892332 311544 466716 321624
1786576892387 311544 466716 321624
1786576892408 311556 466716 321624
1786576892461 311564 466716 321624
1786576892515 311564 466716 321624
1786576892537 311572 466716 321624
1786576892592 311572 466716 321624
1786576892613 311580 466716 321624
1786576892668 311580 466716 321624
1786576892689 311588 466716 321624
1786576892764 311588 466716 321624
1786576892786 312904 472272 321624
1786576892840 312984 472272 321624
1786576892895 312984 472272 321624
1786576892916 313028 472404 321624
1786576892969 313028 472404 321624
1786576893007 313028 472404 321624
1786576893029 313032 472404 321624
1786576893084 313032 472404 321624
1786576893123 313036 472404 321624
1786576893197 313040 472404 321624
1786576893250 313040 472404 321624
1786576893288 313048 472404 321624
1786576893342 313052 472404 321624
1786576893396 313052 472404 321624
1786576893417 313056 472404 321624
1786576893473 314712 478324 321624
1786576893536 314712 478324 321624
1786576893557 314712 478324 321624
1786576893579 314720 478324 321624
1786576893656 314724 478324 321624
1786576893710 314732 478324 321624
1786576893764 314740 478324 321624
1786576893818 314740 478324 321624
1786576893839 314748 478324 321624
1786576893892 314748 478324 321624
1786576893914 314756 478324 321624
1786576893968 314760 478324 321624
1786576894022 314768 478324 321624
1786576894098 314776 478324 321624
1786576894151 314776 478324 321624
1786576894172 315868 483564 321624
1786576894227 316160 483880 321624
1786576894285 316180 483880 321624
1786576894340 316220 484012 321624
1786576894395 316220 484012 321624
1786576894417 316220 484012 321624
1786576894439 316220 484012 321624
1786576894460 316220 484012 321624
1786576894482 316220 484012 321624
1786576894503 316224 0 321624
1786576894578 316224 484012 321624
1786576894616 316228 484012 321624
1786576894673 316232 484012 321624
1786576894726 316232 484012 321624
1786576894748 316236 484012 321624
1786576894803 316236 484012 321624
1786576894825 316648 485932 321624
1786576894876 317900 489928 321624
1786576894932 317900 489928 321624
1786576894954 317900 489928 321624
1786576894976 317908 489928 321624
1786576895051 317908 489928 321624
1786576895072 317916 489928 321624
1786576895124 317916 489928 321624
1786576895146 317924 489928 321624
1786576895200 317928 489928 321624
1786576895253 317936 489928 321624
1786576895306 317944 489928 321624
1786576895360 317944 489928 321624
1786576895381 317952 489928 321624
1786576895437 317952 489928 321624
1786576895459 317960 489928 321624
1786576895534 317964 489928 321624
1786576895590 319308 495488 321624
1786576895646 319360 495488 321624
1786576895701 319400 495620 321624
1786576895756 319400 495620 321624
1786576895777 319400 495620 0
1786576895798 319400 495620 321624
1786576895820 319404 495620 321624
1786576895874 319408 495620 321624
1786576895951 319412 495620 321624
1786576896007 319412 495620 321624
1786576896029 319416 495620 321624
1786576896086 319416 495620 321624
1786576896107 319420 495620 321624
1786576896164 319424 495620 0
1786576896217 319424 495620 321624
1786576896238 319428 0 321624
1786576896293 321088 501536 321624
1786576896357 321088 501536 321624
1786576896379 321088 501536 321624
1786576896400 321096 501536 321624
1786576896476 321096 501536 321624
1786576896498 321104 501536 321624
1786576896550 321104 501536 321624
1786576896571 321112 501536 321624
1786576896626 321120 501536 321624
1786576896681 321120 501536 321624
1786576896702 321128 501536 321624
1786576896757 321132 501536 321624
1786576896812 321140 501536 321624
1786576896888 321148 501536 321624
1786576896944 321148 501536 321624
1786576896965 322140 506236 322140
1786576897021 322512 507092 322512
1786576897074 322544 507092 322544
1786576897128 322588 507224 322588
1786576897182 322588 507224 322588
1786576897204 322588 0 322588
1786576897225 322588 507224 322588
1786576897246 322588 507224 322588
1786576897268 322588 507224 322588
1786576897289 322588 507224 322588
1786576897310 322592 507224 322592
1786576897402 322596 507224 322596
1786576897473 322600 507224 322600
1786576897528 322604 507224 322604
1786576897583 322604 507224 322604
1786576897604 322608 507224 322608
1786576897658 324264 513144 324264
1786576897714 324264 513144 324264
1786576897735 324264 513144 324264
1786576897757 324272 513144 324272
1786576897833 324276 513144 324276
1786576897886 324284 513144 324284
1786576897941 324284 513144 324284
1786576897963 324292 513144 324292
1786576898017 324300 513144 324300
1786576898075 324300 513144 324300
1786576898096 324308 513144 324308
1786576898151 324312 513144 324312
1786576898205 324320 513144 324320
1786576898280 324328 513144 324328
1786576898335 324328 513144 324328
1786576898357 325052 517008 325036
1786576898412 325700 518700 325700
1786576898466 325732 518700 325732
1786576898520 325772 518832 325772
1786576898573 325772 518832 325772
1786576898594 325772 518832 325772
1786576898616 325772 518832 325772
1786576898638 325772 518832 325772
1786576898659 325772 518832 325772
1786576898681 325772 518832 325772
1786576898702 325776 518832 325776
1786576898777 325780 518832 325780
1786576898831 325780 518832 325780
1786576898852 325784 518832 325784
1786576898908 325784 518832 325784
1786576898929 325788 518832 325788
1786576898984 325788 518832 325788
1786576899005 326568 522272 326568
1786576899060 327452 524748 327452
1786576899117 327452 524748 327452
1786576899138 327452 524748 327452
1786576899160 327460 524748 327460
1786576899237 327460 524748 327460
1786576899259 327468 524748 327468
1786576899312 327468 524748 327468
1786576899333 327476 524748 327476
1786576899387 327488 524748 327488
1786576899441 327488 524748 327488
1786576899462 327496 524748 327496
1786576899517 327496 524748 327496
1786576899538 327504 524748 327504
1786576899592 327504 524748 327504
1786576899614 327512 524748 327512
1786576899701 327740 924120 327736
1786576899754 330980 924120 330976
1786576899834 334300 924120 334296
1786576899922 339064 924120 339064
1786576899996 342300 924120 342296
1786576900061 345712 924120 345708
1786576900138 349012 924120 349012
1786576900193 352328 924120 352328
1786576900282 356056 924120 356056
1786576900360 359368 924120 359368
1786576900416 362680 924120 362680
1786576900504 366308 924120 366304
1786576900584 369504 924120 369500
1786576900640 372976 924120 372972
1786576900728 377176 924120 377168
1786576900805 380044 924120 380036
1786576900862 383144 924120 383140
1786576900949 388872 924120 388864
1786576901031 398300 924120 398296
1786576901128 416668 924120 416668
1786576901221 438208 924120 438200
1786576901313 459924 924120 459896
1786576901405 480504 924120 480500
1786576901499 496080 924120 496072
1786576901600 510304 924120 510280
1786576901695 525188 924120 525180
1786576901790 539084 924120 539080
1786576901885 559100 924120 559092
1786576901983 596216 924120 596176
1786576902086 644976 1102616 644960
1786576902188 709236 1102616 709184
1786576902292 780568 1102616 780568
1786576902414 780568 1102616 780568
1786576902445 780572 1102616 780572
1786576902515 780572 1102616 780572
1786576902544 780572 1102616 780572
1786576902573 780572 1102616 780572
1786576902600 780572 1102616 780572
1786576902628 780572 1102616 780572
1786576902655 780576 1102616 780576
1786576902728 780576 1102616 780576
1786576902758 780584 1102616 780584
1786576902828 780584 1102616 780584
1786576902857 780584 1102616 780584
1786576902885 780584 1102616 780584
1786576902913 780584 1102616 780584
1786576902940 780608 1102616 780608
1786576903035 780608 1102616 780608
1786576903063 780608 1102616 780608
1786576903090 780612 1102616 780612
1786576903160 780612 1102616 780612
1786576903189 780612 1102616 780612
1786576903217 780632 1102616 780632
1786576903286 780672 1102616 780672
1786576903362 780800 1102616 780796
1786576903427 788656 1102616 788652
1786576903523 798624 1102616 798608
1786576903634 845204 1102616 845176
1786576903745 871232 1102616 871220
1786576903861 939156 1290388 939108
1786576903989 1005932 1290388 1005920
1786576904120 1007248 1290388 1007248
1786576904199 1007248 1290388 1007248
1786576904233 1007248 1290388 1007248
1786576904267 1007248 1290388 1007248
1786576904299 1007248 1290388 1007248
1786576904331 1007248 1290388 1007248
1786576904363 1007248 1290388 1007248
1786576904396 1007248 1290388 1007248
1786576904428 1007248 1290388 1007248
1786576904461 1007248 1290388 1007248
1786576904493 1007248 1290388 1007248
1786576904525 1007248 1290388 1007248
1786576904556 1007248 1290388 1007248
1786576904590 1007248 1290388 1007248
1786576904622 1007248 1290388 1007248
1786576904655 1007248 1290388 1007248
1786576904687 1007248 1290388 1007248
1786576904719 1007248 1290388 1007248
1786576904752 1007248 1290388 1007248
1786576904786 1007544 1290656 1007540
1786576904895 1015284 1298476 1015280
1786576904973 1025608 1308672 1025588
1786576905086 1058116 1340484 1058096
1786576905219 1078236 1347100 1078224
1786576905333 1102980 1347100 1102956
1786576905472 1168852 1478172 1168808
1786576905619 1233812 1609244 1233812
1786576905774 1233812 1609244 1233812
1786576905811 1233812 1609244 1233812
1786576905848 1233812 1609244 1233812
1786576905884 1233812 1609244 1233812
1786576905920 1235432 1609244 1235428
1786576905999 1243020 1609244 1243016
1786576906078 1251128 1609244 1251124
1786576906202 1259344 1609244 1259336
1786576906321 1269648 1609244 1269644
1786576906448 1277612 1609244 1277604
1786576906531 1285800 1609244 1285796
1786576906685 1295968 1609244 1295960
1786576906779 1304068 1613920 1304064
1786576906897 1312084 1621880 1312080
1786576907010 1321948 1631816 1321944
1786576907136 1329908 1639760 1329904
1786576907230 1337936 1647716 1337932
1786576907362 1346144 1655924 1346140
1786576907484 1356084 1665864 1356080
1786576907614 1373976 1683752 1373960
1786576907772 1409216 1719004 1409200
1786576907925 1452452 1762168 1452432
1786576908084 1497008 1806820 1496992
1786576908256 1538712 1848452 1538688
1786576908432 1584184 1893968 1584168
1786576908612 1628264 1938048 1628244
1786576908781 1665844 1975708 1665828
1786576908951 1699732 2009504 1699716
1786576909140 1733812 2043696 1733796
1786576909316 1768888 2078684 1768872
1786576909494 1803860 2113648 1803844
1786576909651 1834020 2143868 1834004
1786576909851 1867644 2177408 1867628
1786576910015 1781088 2180984 1869320
1786576910065 1715696 2180984 1869320
1786576910113 1456572 2180984 1869320
1786576910155 1456572 2180984 1869320
1786576910198 1456572 2180984 1869320
1786576910240 1456572 2180984 1869320
1786576910282 1456572 2180984 1869320
1786576910324 1456572 2180984 1869320
1786576910367 1465852 2180984 1869320
1786576910409 1496900 2180984 1869320
1786576910451 1527872 2180984 1869320
1786576910495 1564336 2180984 1869320
1786576910538 1650712 2180984 1869320
1786576910581 1769368 2180984 1869320
1786576910608 1935724 2223604 1935724
1786576910794 1935724 2223604 1935724
1786576910840 1935724 2223604 1935724
1786576910886 1935724 2223604 1935724
1786576910931 1935724 2223604 1935724
1786576910977 1935724 2223604 1935724
1786576911023 1935724 2223604 1935724
1786576911069 1935724 2223604 1935724
1786576911114 1935724 2223604 1935724
1786576911160 1996916 2266488 1996916
1786576911343 2112588 2408644 2112588
1786576911504 2319396 2573328 2319396
1786576911688 2450172 2764124 2450172
1786576911872 2450172 2764124 2450172
1786576911916 2450172 2764124 2450172
1786576911961 2450172 2764124 2450172
1786576912005 2450172 2764124 2450172
1786576912051 2450172 2764124 2450172
1786576912096 2450172 2764124 2450172
1786576912140 2513348 2834272 2513348
1786576912321 2632588 2907940 2632588
1786576912505 2832484 3151984 2832484
1786576912689 3066484 3335864 3066484
1786576912873 3066484 3335864 3066484
1786576912917 3066484 3335864 3066484
1786576912962 3066484 3335864 3066484
1786576913007 3066484 3335864 3066484
1786576913052 3066484 3335864 3066484
1786576913097 3066484 3335864 3066484
1786576913142 3066484 3335864 3066484
1786576913187 3066484 3335864 3066484
1786576913232 3066484 3335864 3066484
1786576913276 3066484 3335864 3066484
1786576913320 3066484 3335864 3066484
1786576913365 3083396 3434812 3083372
1786576913469 3110140 3434812 3110140
1786576913624 3134716 3434812 3134716
1786576913758 3173628 3434812 3173628
1786576913914 3190148 3538752 3190148
1786576914019 3214724 3538752 3214724
1786576914203 3253636 3538752 3253636
1786576914357 3278212 3538752 3278212
1786576914460 3302924 3647940 3302924
1786576914644 3341836 3647940 3341836
1786576914797 3366412 3647940 3366412
1786576914901 3390988 3647940 3390988
1786576915087 3428500 3762632 3428500
1786576915242 3453076 3762632 3453076
1786576915346 3477652 3762632 3477652
1786576915535 3518236 3883084 3518236
1786576915689 3542812 3883084 3542812
1786576915792 3677156 4009616 3677156
1786576915978 3891508 4282008 3891508
1786576916167 4128380 4428508 4128380
1786576916351 4140308 4437104 4140308
1786576916455 4140308 4437104 4140308
1786576916502 4140308 4437104 4140308
1786576916548 4140308 4437104 4140308
1786576916593 4140308 4437104 4140308
1786576916638 4140308 4437104 4140308
1786576916684 4140308 4437104 4140308
1786576916730 4140308 4437104 4140308
1786576916777 4140308 4437104 4140308
1786576916822 4140308 4437104 4140308
1786576916868 4140308 4437104 4140308
1786576916915 4140308 4437104 4140308
1786576916960 4140308 4437104 4140308
1786576917006 4140308 4437104 4140308
1786576917052 4140308 4437104 4140308
1786576917098 4140308 4437104 4140308
1786576917145 4140308 4437104 4140308
1786576917190 4140308 4437104 4140308
1786576917236 4140308 4437104 4140308
1786576917282 4140308 4437104 4140308
1786576917327 4140308 4437104 4140308
1786576917373 4140308 4437104 4140308
1786576917418 4140308 4437104 4140308
1786576917464 4140308 4437104 4140308
1786576917510 4140308 4437104 4140308
1786576917555 4140308 4437104 4140308
1786576917600 4140308 4437104 4140308
1786576917646 4160788 4437104 4160788
1786576917812 4184684 4591096 4184684
1786576917918 4211364 4591096 4211364
1786576918107 4248312 4591228 4248308
1786576918214 4272940 4591228 4272940
1786576918370 4297576 4591228 4297576
1786576918507 4338692 4752964 4338692
1786576918668 4363328 4753096 4363328
1786576918774 4387960 4753096 4387960
1786576918960 4424912 4753228 4424912
1786576919065 4449544 4753228 4449544
1786576919228 4476224 4753360 4476224
1786576919369 4504520 4923092 4504520
1786576919527 4529156 4923224 4529156
1786576919634 4555836 4923224 4555836
1786576919795 4582516 4923224 4582516
1786576919934 4621516 4923356 4621516
1786576920094 4646148 4923356 4646148
1786576920200 4672648 5101732 4672648
1786576920360 4697280 5101732 4697280
1786576920502 4730120 5101864 4730120
1786576920662 4754752 5101864 4754752
1786576920772 4773228 5101996 4773228
1786576920879 4797860 5101996 4797860
1786576921074 4832748 5102128 4832748
1786576921182 4854184 5289332 4854184
1786576921344 4878816 5289332 4878816
1786576921452 4903452 5289464 4903448
1786576921645 4944500 5289596 4944500
1786576921753 4971184 5289596 4971184
1786576921910 4995816 5289596 4995816
1786576922015 5020448 5289728 5020448
1786576922155 5056184 5486340 5056184
1786576922314 5082864 5486472 5082864
1786576922420 5107496 5486472 5107496
1786576922578 5128020 5486604 5128020
1786576922717 5167024 5486604 5167024
1786576922872 5189604 5486736 5189604
1786576922977 5214236 5486736 5214236
1786576923081 5238488 5693336 5238488
1786576923271 5275440 5693336 5275440
1786576923376 5300068 5693468 5300068
1786576923541 5324704 5693468 5324704
1786576923646 5349332 5693468 5349332
1786576923785 5388332 5693600 5388332
1786576923944 5412960 5693732 5412960
1786576924049 5437592 5693732 5437592
1786576924154 5461588 5910568 5461588
1786576924340 5492376 5910700 5492376
1786576924445 5517008 5910700 5517008
1786576924604 5541644 5910856 5541644
1786576924708 5566272 5910856 5566272
1786576924818 5592956 5910988 5592956
1786576925012 5631956 5910988 5631956
1786576925118 5654536 5911120 5654536
1786576925279 5679304 6138836 5679304
1786576925385 5703936 6138836 5703936
1786576925489 5726512 6138968 5726512
1786576925687 5765512 6138968 5765512
1786576925794 5790144 6139100 5790144
1786576925956 5814772 6139100 5814772
1786576926065 5837356 6139232 5837356
1786576926173 5861988 6139232 5861988
1786576926365 5896760 6378472 5896760
1786576926474 5960392 6378604 5960392
1786576926629 6093812 6378868 6093812
1786576926820 6279260 6630340 6279260
1786576926994 6421608 6894420 6421608
1786576927187 6637128 6894816 6637128
1786576927381 6815588 7172080 6815588
1786576927574 6996540 7463232 6996540
1786576927771 7158700 7463628 7158696
1786576927967 7337412 7769372 7337412
1786576928162 7514176 8090412 7514156
1786576928360 7695920 8090808 7695920
1786576928557 7872384 8427912 7872384
1786576928755 8053016 8428308 8053016
1786576928953 8221460 8782308 8219412
1786576929149 8287332 8790756 8287328
1786576929254 8300284 8803692 8300276
1786576929359 8313092 8816496 8313088
1786576929530 8316056 8819560 8316056
1786576929639 8316084 8819560 8316084
1786576929748 8316132 8819692 8316132
1786576929856 8316180 8819692 8316180
1786576929966 8316224 8819692 8316224
1786576930074 8316268 8819824 8316268
1786576930184 8316316 8819824 8316316
1786576930293 8316360 8819824 8316360
1786576930403 8316396 8819956 8316396
1786576930517 8316444 8819956 8316444
1786576930625 8316492 8819956 8316492
1786576930734 8316528 8820088 8316528
1786576930903 8316576 8820088 8316576
1786576931012 8316624 8820088 8316624
1786576931122 8316660 8820220 8316660
1786576931232 8316716 8820220 8316716
1786576931341 8316760 8820220 8316760
1786576931451 8316792 8820352 8316792
1786576931560 8316840 8820352 8316840
1786576931670 8316888 8820352 8316888
1786576931778 8316924 8820484 8316924
1786576931888 8316972 8820484 8316972
1786576931998 8317020 8820484 8317020
1786576932175 8317060 8820620 8317060
1786576932285 8317108 8820620 8317108
1786576932396 8317156 8820620 8317156
1786576932507 8317192 8820752 8317192
1786576932617 8317240 8820752 8317240
1786576932727 8317288 8820752 8317288
1786576932839 8317324 8820884 8317324
1786576932951 8317380 8820884 8317380
1786576933064 8317428 8820884 8317428
1786576933177 8317472 8821016 8317472
1786576933288 8317520 8821016 8317520
1786576933398 8317568 8821016 8317568
1786576933567 8317604 8821148 8317604
1786576933678 8317652 8821148 8317652
1786576933788 8317696 8821148 8317696
1786576933895 8317720 8821280 8317720
1786576934006 8317768 8821280 8317768
1786576934117 8317816 8821280 8317816
1786576934228 8317852 8821412 8317852
1786576934339 8317900 8821412 8317900
1786576934450 8317948 8821412 8317948
1786576934563 8317984 8821544 8317984
1786576934675 8318032 8821544 8318032
1786576934787 8318080 8821544 8318080
1786576934962 8318120 8821680 8318120
1786576935074 8318168 8821680 8318168
1786576935186 8318212 8821680 8318212
1786576935297 8318252 8821812 8318252
1786576935406 8318300 8821812 8318300
1786576935514 8318344 8821812 8318344
1786576935624 8318384 8821944 8318384
1786576935731 8318432 8821944 8318432
1786576935840 8318480 8821944 8318480
1786576935948 8318516 8822076 8318516
1786576936058 8318564 8822076 8318564
1786576936168 8318608 8822076 8318608
1786576936338 8318652 8822212 8318652
1786576936446 8318700 8822212 8318700
1786576936555 8318748 8822212 8318748
1786576936668 8318784 8822344 8318784
1786576936780 8318832 8822344 8318832
1786576936893 8318880 8822344 8318880
1786576937007 8318916 8822476 8318916
1786576937120 8318964 8822476 8318964
1786576937233 8319012 8822476 8319012
1786576937345 8319048 8822608 8319048
1786576937457 8319096 8822608 8319096
1786576937634 8319144 8822608 8319144
1786576937744 8319180 8822740 8319180
1786576937856 8319228 8822740 8319228
1786576937968 8319276 8822740 8319276
1786576938079 8319316 8822876 8319316
1786576938190 8319364 8822876 8319364
1786576938303 8319416 8822876 8319416
1786576938415 8319448 8823008 8319448
1786576938529 8319496 8823008 8319496
1786576938641 8319544 8823008 8319544
1786576938754 8319584 8823140 8319584
1786576938866 8319628 8823140 8319628
1786576939041 8319676 8823140 8319676
1786576939151 8319716 8823272 8319716
1786576939262 8319760 8823272 8319760
1786576939375 8319808 8823272 8319808
1786576939486 8319844 8823404 8319844
1786576939597 8319892 8823404 8319892
1786576939710 8319940 8823404 8319940
1786576939822 8319976 8823536 8319976
1786576939934 8320024 8823536 8320024
1786576940046 8334428 8823536 8334428
1786576940158 8465724 8823808 8465724
1786576940367 8695444 9195536 8695444
1786576940576 8931368 9195936 8931368
1786576940784 9158524 9586288 9158524
1786576940993 9380800 9996160 9380800
1786576941204 9616728 9996556 9616728
1786576941409 9786756 10426776 9786756
1786576941582 9924208 10427040 9924208
1786576941788 10153976 10427436 10153976
1786576941994 10388632 10879296 10388632
1786576942202 10618400 10879692 10618400
1786576942389 10753256 13316548 10753256
1786576942601 10783264 13316548 10783264
1786576942725 10822816 13316548 10822816
1786576942846 10874160 13316548 10874160
1786576943081 10910900 13316548 10910900
1786576943201 10922804 13316548 10922804
1786576943321 10938036 13316548 10938036
1786576943442 10959928 13316548 10959928
1786576943564 10969592 13316548 10969592
1786576943685 11002692 13316548 11002692
1786576943878 11018568 13316548 11018568
1786576944000 11039296 13341892 11039296
1786576944120 11055684 13341892 11055684
1786576944240 11060452 13370828 11060452
1786576944360 11060308 13370828 11060308
1786576944413 11060308 13370828 11060308
1786576944468 11060308 13370828 11060308
1786576944522 11060308 13370828 11060308
1786576944552 11060396 13370828 11060396
1786576944604 11060396 13370828 11060396
1786576944657 11060396 13370828 11060396
1786576944710 11060396 13370828 11060396
1786576944764 11060396 13370828 11060396
1786576944819 11060396 13370828 11060396
1786576944874 11060396 13370828 11060396
1786576944930 11060396 13370828 11060396
1786576944985 11060396 13370828 11060396
1786576945040 11060396 13370828 11060396
1786576945096 11060396 13370828 11060396
1786576945150 11060396 13370828 11060396
1786576945204 11060396 13370828 11060396
1786576945261 11060396 13370828 11060396
1786576945316 11060396 13370828 11060396
1786576945371 11060396 13370828 11060396
1786576945428 11060396 13370828 11060396
1786576945482 11060396 13370828 11060396
1786576945537 11060396 13370828 11060396
1786576945592 11060396 13370828 11060396
1786576945647 11060396 13370828 11060396
1786576945702 11060396 13370828 11060396
1786576945758 11060396 13370828 11060396
1786576945814 11060396 13370828 11060396
1786576945870 11060396 13370828 11060396
1786576945926 11060396 13370828 11060396
1786576945980 11060396 13370828 11060396
1786576946028 11060396 13370828 11060396
1786576946072 11060268 13370828 11060268
1786576946118 11075640 13370828 11075616
1786576946321 11176056 13370828 11176004
1786576946500 11251792 13370828 11251792
1786576946706 11292564 13370828 11292564
1786576946839 11338648 13370828 11338648
1786576946975 11388692 13370828 11388692
1786576947188 11423508 13370828 11423508
1786576947337 11435032 13370828 11435032
1786576947453 11435032 13370828 11435032
1786576947510 11435032 13370828 11435032
1786576947562 11435032 13370828 11435032
1786576947611 11435032 13370828 11435032
1786576947659 11435032 13370828 11435032
1786576947706 11435032 13370828 11435032
1786576947757 11435160 13371596 11435160
1786576947881 11435160 13371596 11435160
1786576947937 11435160 13371596 11435160
1786576947993 11435160 13371596 11435160
1786576948050 11435160 13371596 11435160
1786576948106 11435160 13371596 11435160
1786576948164 11435160 13371596 11435160
1786576948221 11435160 13371596 11435160
1786576948279 11435160 13371596 11435160
1786576948338 11435160 13371596 11435160
1786576948397 11435160 13371596 11435160
1786576948457 11435160 13371596 11435160
1786576948515 11435160 13371596 11435160
1786576948572 11435160 13371596 11435160
1786576948630 11435160 13371596 11435160
1786576948687 11435160 13371596 11435160
1786576948746 11435160 13371596 11435160
1786576948804 11435160 13371596 11435160
1786576948862 11435160 13371596 11435160
1786576948919 11435160 13371596 11435160
1786576948975 11435160 13371596 11435160
1786576949033 11435160 13371596 11435160
1786576949090 11435160 13371596 11435160
1786576949147 11435160 13371596 11435160
1786576949204 11435160 13371596 11435160
1786576949260 11435160 13371596 11435160
1786576949316 11435160 13371596 11435160
1786576949373 11435160 13371596 11435160
1786576949429 11435160 13371596 11435160
1786576949488 11435160 13371596 11435160
1786576949546 11435160 13371596 11435160
1786576949604 11435160 13371596 11435160
1786576949663 11435160 13371596 11435160
1786576949723 11435160 13371596 11435160
1786576949781 11435160 13371596 11435160
1786576949840 11435160 13371596 11435160
1786576949899 11435160 13371596 11435160
1786576949957 11435160 13371596 11435160
1786576950016 11435160 13371596 11435160
1786576950075 11435160 13371596 11435160
1786576950133 11435160 13371596 11435160
1786576950189 11435160 13371596 11435160
1786576950247 11435160 13371596 11435160
1786576950307 11435160 13371596 11435160
1786576950367 11435160 13371596 11435160
1786576950426 11435160 13371596 11435160
1786576950486 11435160 13371596 11435160
1786576950546 11435160 13371596 11435160
1786576950600 11435028 13371596 11435028
1786576950653 11438284 13371596 11438264
1786576950878 11527420 13716812 11527388
1786576951012 11548632 13847884 11548624
1786576951134 11562508 13847884 11562504
1786576951326 11625832 13847884 11625832
1786576951461 11617068 14007684 11617068
1786576951524 11617056 14007684 11617052
1786576951577 11626976 14007684 11626976
1786576951721 11634624 14007684 11634624
1786576951865 11681356 14007684 11681356
1786576952153 11688164 14007684 11688164
1786576952294 11696256 14007684 11696256
1786576952445 11700496 16010700 11700496
1786576952583 11702940 16010700 11702940
1786576952749 11710992 16010700 11710992
1786576952897 11715924 16010700 11715924
1786576953039 11716256 16010700 11716256
1786576953193 11716256 16010700 11716256
1786576953254 11717052 16010700 11717052
1786576953399 11725520 16010700 11725520
1786576953541 11773156 16010700 11773156
1786576953691 11773276 16010700 11773276
1786576953930 11773276 16010700 11773276
1786576953998 11773276 16010700 11773276
1786576954066 11773276 16010700 11773276
1786576954133 11784964 16010700 11784964
1786576954287 11795868 16010700 11795868
1786576954447 11802872 16010700 11802872
1786576954586 11864864 16091224 11864864
1786576954736 11923700 16091224 11923700
1786576955047 11924116 16091224 11924116
1786576955199 11928260 16091224 11928260
1786576955358 11938276 16091224 11938276
1786576955519 11941372 16091224 11941372
1786576955678 11931752 16091224 11931752
1786576955738 11919504 16091224 11921392
1786576955801 11917512 16091224 11921392
1786576955865 11917632 16091224 11921392
1786576955927 11917548 16091224 11921392
1786576955994 11917548 16091224 11921392
1786576956060 11917548 16091224 11921392
1786576956126 11917548 16091224 11921392
1786576956191 11917548 16091224 11921392
1786576956255 11917548 16091224 11921392
1786576956322 11917548 16091224 11921392
1786576956388 11917548 16091224 11921392
1786576956455 11917548 16091224 11921392
1786576956522 11917548 16091224 11921392
1786576956589 11917548 16091224 11921392
1786576956656 11917548 16091224 11921392
1786576956722 11917548 16091224 11921392
1786576956789 11917548 16091224 11921392
1786576956854 11917548 16091224 11921392
1786576956921 11917548 16091224 11921392
1786576956987 11917548 16091224 11921392
1786576957054 11917500 16091224 11921392
1786576957121 11917500 16091224 11921392
1786576957186 11917500 16091224 11921392
1786576957252 11917500 16091224 11921392
1786576957320 11917500 16091224 11921392
1786576957384 11917500 16091224 11921392
1786576957448 11917500 16091224 11921392
1786576957514 11917500 16091224 11921392
1786576957581 11917500 16091224 11921392
1786576957648 11917500 16091224 11921392
1786576957714 11917500 16091224 11921392
1786576957778 11917500 16091224 11921392
1786576957845 11921596 16091224 11921596
1786576957911 11933884 16091224 11933884
1786576957977 11944152 16091224 11944152
1786576958237 11956440 16091224 11956440
1786576958404 11971400 16091224 11971400
1786576958552 12065484 16091224 12065484
1786576958797 12073676 16091224 12073676
1786576958946 12073676 16091224 12073676
1786576959010 12073676 16091224 12073676
1786576959077 12073676 16091224 12073676
1786576959143 12073676 16091224 12073676
1786576959207 12073676 16091224 12073676
1786576959273 12073676 16091224 12073676
1786576959338 12073676 16091224 12073676
1786576959404 12085964 16091224 12085964
1786576959554 12098252 16091224 12098252
1786576959705 12112976 16091224 12112976
1786576959854 12127312 16091224 12127312
1786576960004 12139860 16098744 12139860
1786576960173 12154196 16098744 12154196
1786576960341 12164436 16098744 12164436
1786576960577 12261096 16230084 12261096
1786576960786 12261096 16230084 12261096
1786576960841 12261096 16230084 12261096
1786576960896 12261096 16230084 12261096
1786576960951 12261096 16230084 12261096
1786576961006 12261096 16230084 12261096
1786576961062 12261096 16230084 12261096
1786576961125 12261096 16230084 12261096
1786576961190 12261096 16230084 12261096
1786576961251 12261096 16230084 12261096
1786576961308 12261096 16230084 12261096
1786576961366 12261096 16230084 12261096
1786576961429 12261096 16230084 12261096
1786576961489 12261096 16230084 12261096
1786576961553 12261096 16230084 12261096
1786576961620 12261096 16230084 12261096
1786576961680 12261096 16230084 12261096
1786576961745 12261096 16230084 12261096
1786576961812 12261096 16230084 12261096
1786576961872 12261096 16230084 12261096
1786576961937 12261096 16230084 12261096
1786576962004 12261096 16230084 12261096
1786576962064 12261096 16230084 12261096
1786576962126 12261096 16230084 12261096
1786576962193 12261096 16230084 12261096
1786576962259 12261096 16230084 12261096
1786576962324 12261096 16230084 12261096
1786576962389 12261096 16230084 12261096
1786576962455 12261096 16230084 12261096
1786576962521 12261096 16230084 12261096
1786576962586 12261096 16230084 12261096
1786576962652 12261096 16230084 12261096
1786576962717 12261096 16230084 12261096
1786576962783 12261096 16230084 12261096
1786576962849 12261096 16230084 12261096
1786576962915 12261096 16230084 12261096
1786576962981 12261096 16230084 12261096
1786576963046 12261096 16230084 12261096
1786576963112 12261096 16230084 12261096
1786576963177 12261096 16230084 12261096
1786576963243 12261096 16230084 12261096
1786576963308 12261096 16230084 12261096
1786576963374 12261096 16230084 12261096
1786576963442 12261096 16230084 12261096
1786576963508 12261096 16230084 12261096
1786576963572 12261096 16230084 12261096
1786576963636 12261096 16230084 12261096
1786576963702 12261096 16230084 12261096
1786576963766 12261096 16230084 12261096
1786576963832 12261096 16230084 12261096
1786576963896 12261096 16230084 12261096
1786576963963 12261096 16230084 12261096
1786576964028 12261096 16230084 12261096
1786576964093 12261096 16230084 12261096
1786576964158 12261096 16230084 12261096
1786576964222 12261096 16230084 12261096
1786576964287 12261096 16230084 12261096
1786576964351 12261096 16230084 12261096
1786576964417 12261096 16230084 12261096
1786576964484 12261096 16230084 12261096
1786576964550 12261096 16230084 12261096
1786576964617 12261096 16230084 12261096
1786576964684 12261096 16230084 12261096
1786576964749 12261096 16230084 12261096
1786576964815 12261096 16230084 12261096
1786576964881 12261096 16230084 12261096
1786576964946 12261096 16230084 12261096
1786576965010 12261096 16230084 12261096
1786576965077 12261096 16230084 12261096
1786576965141 12261096 16230084 12261096
1786576965206 12261096 16230084 12261096
1786576965271 12261096 16230084 12261096
1786576965336 12261096 16230084 12261096
1786576965402 12261096 16230084 12261096
1786576965468 12261096 16230084 12261096
1786576965535 12261096 16230084 12261096
1786576965602 12261096 16230084 12261096
1786576965668 12261096 16230084 12261096
1786576965735 12261096 16230084 12261096
1786576965802 12261096 16230084 12261096
1786576965869 12261096 16230084 12261096
1786576965936 12261096 16230084 12261096
1786576966002 12261096 16230084 12261096
1786576966067 12261096 16230084 12261096
1786576966133 12261096 16230084 12261096
1786576966197 12261096 16230084 12261096
1786576966261 12261096 16230084 12261096
1786576966327 12261096 16230084 12261096
1786576966391 12261096 16230084 12261096
1786576966456 12261096 16230084 12261096
1786576966522 12261096 16230084 12261096
1786576966587 12261096 16230084 12261096
1786576966652 12261096 16230084 12261096
1786576966718 12261096 16230084 12261096
1786576966784 12261096 16230084 12261096
1786576966849 12261096 16230084 12261096
1786576966914 12261096 16230084 12261096
1786576966981 12261096 16230084 12261096
1786576967047 12261096 16230084 12261096
1786576967113 12261096 16230084 12261096
1786576967180 12261096 16230084 12261096
1786576967246 12261096 16230084 12261096
1786576967313 12261096 16230084 12261096
1786576967380 12261096 16230084 12261096
1786576967447 12261096 16230084 12261096
1786576967505 12261096 16230084 12261096
1786576967561 12261096 16230084 12261096
1786576967617 12261096 16230084 12261096
1786576967681 12261096 16230084 12261096
1786576967746 12261096 16230084 12261096
1786576967810 12261096 16230084 12261096
1786576967870 12261096 16230084 12261096
1786576967928 12261096 16230084 12261096
1786576967992 12261096 16230084 12261096
1786576968058 12261096 16230084 12261096
1786576968124 12261096 16230084 12261096
1786576968189 12261096 16230084 12261096
1786576968254 12261096 16230084 12261096
1786576968319 12261096 16230084 12261096
1786576968385 12261096 16230084 12261096
1786576968451 12261096 16230084 12261096
1786576968516 12261096 16230084 12261096
1786576968582 12261096 16230084 12261096
1786576968647 12261096 16230084 12261096
1786576968713 12261096 16230084 12261096
1786576968779 12261096 16230084 12261096
1786576968843 12271044 16260864 12271044
1786576969080 12300460 16260864 12300460
1786576969235 12316072 16326528 12316072
1786576969383 12315464 16326528 12315464
1786576969422 12311164 16326528 12311972
1786576969461 12307292 16326528 12311972
1786576969526 12308064 16326528 12311972
1786576969593 12325392 16326528 12325388
1786576969751 12338784 16326528 12338784
1786576969878 12362480 16326528 12362480
1786576970026 12389168 16326528 12389168
1786576970158 12398544 16326528 12398544
1786576970411 12437112 16326528 12437112
1786576970630 12508372 16326528 12508360
1786576970781 12542256 16326528 12542256
1786576971018 12568824 16326528 12568768
1786576971179 12569640 16326528 12569640
1786576971341 12591404 16326528 12591396
1786576971505 12625848 16457600 12625848
1786576971693 12674672 16457600 12674672
1786576971961 12775656 16523136 12775640
1786576972201 12823872 16523136 12823872
1786576972471 12821860 16523136 12821860
1786576972548 12822948 16523136 12822948
1786576972621 12810736 16523136 12811208
1786576972668 12806412 16523136 12811208
1786576972744 12814652 16523136 12814652
1786576972822 12823852 16523136 12823852
1786576972886 12827144 16523136 12827144
1786576973037 12847728 16523136 12847728
1786576973182 12843708 16523136 12845252
1786576973250 12852772 16523136 12852728
1786576973421 12864932 16523136 12864932
1786576973565 12853672 16523136 12854896
1786576973638 12853752 16523136 12854896
1786576973714 12853752 16523136 12854896
1786576973790 12853752 16523136 12854896
1786576973867 12853752 16523136 12854896
1786576973944 12853752 16523136 12854896
1786576974020 12853752 16523136 12854896
1786576974098 12853752 16523136 12854896
1786576974176 12853752 16523136 12854896
1786576974255 12853752 16523136 12854896
1786576974332 12853752 16523136 12854896
1786576974411 12853752 16523136 12854896
1786576974490 12858424 16523136 12858424
1786576974565 12865016 16523136 12865016
1786576974844 12883996 16523136 12883996
1786576975019 12896892 16523136 12896888
1786576975192 12912292 16523136 12912292
1786576975367 12924580 16523136 12924580
1786576975539 12938156 16523136 12938156
1786576975714 12954540 16523136 12954540
1786576975890 12970664 16523136 12970664
1786576976066 12987048 16523136 12987048
1786576976243 13004208 16523136 13004208
1786576976529 13018544 16523136 13018544
1786576976706 13035192 16523136 13035192
1786576976952 13065664 16523136 13065664
1786576977128 13080000 16523136 13080000
1786576977303 13094336 16523136 13094336
1786576977472 13099976 16557580 13099976
1786576977632 13142456 16632144 13142456
1786576977917 13184816 16676180 13184804
1786576978071 13195348 16676180 13195348
1786576978264 13212616 16676180 13212616
1786576978453 13216248 16676180 13216248
1786576978626 13208952 16676180 13208952
1786576978705 13208952 16676180 13208952
1786576978772 13228044 16676180 13228044
1786576978938 13235052 16717220 13235052
1786576979087 13239836 16717220 13239836
1786576979260 13282436 16717220 13282396
1786576979539 13462624 16913828 13462620
1786576979918 13479812 16913828 13479812
1786576980101 13500616 16913828 13500616
1786576980285 13509556 16913828 13509556
1786576980486 13509556 16913828 13509556
1786576980565 13509556 16913828 13509556
1786576980648 13509556 16913828 13509556
1786576980733 13509556 16913828 13509556
1786576980817 13509556 16913828 13509556
1786576980900 13509556 16913828 13509556
1786576980979 13509556 16913828 13509556
1786576981055 13509556 16913828 13509556
1786576981139 13509556 16913828 13509556
1786576981226 13509556 16913828 13509556
1786576981311 13497388 16913828 13497388
1786576981383 13482148 16913828 13488700
1786576981456 13480180 16913828 13488700
1786576981535 13480180 16913828 13488700
1786576981633 13480180 16913828 13488700
1786576981705 13480252 16913828 13488700
1786576981788 13480252 16913828 13488700
1786576981872 13480252 16913828 13488700
1786576981956 13480252 16913828 13488700
1786576982040 13480252 16913828 13488700
1786576982124 13480252 16913828 13488700
1786576982207 13541980 16913828 13541980
1786576982501 13643372 16913828 13643372
1786576982686 13751932 16913828 13751932
1786576983053 13956500 17091380 13956500
1786576983345 14064292 17234748 14064292
1786576983605 14286780 17478984 14286780
1786576983905 14412996 17568844 14412996
1786576984169 14639572 17762644 14637524
1786576984471 14764772 17976924 14764772
1786576984732 14974964 18213732 14974964
1786576985039 15100924 18341224 15100924
1786576985301 15235332 18475116 15235332
1786576985605 15245452 18475116 15245452
1786576985781 15259232 18483324 15259232
1786576985968 15248556 18522312 15248556
1786576986042 15255248 18548988 15255248
1786576986128 15270776 18548988 15270776
1786576986324 15274364 18548988 15274364
1786576986519 15340312 18680060 15340312
1786576986724 15366872 18680060 15366872
1786576986938 15364664 18680060 15364664
1786576987027 15356580 18680060 15356580
1786576987097 15344904 18680060 15351356
1786576987156 15343660 18680060 15351356
1786576987241 15351876 18680060 15351876
1786576987328 15361516 18680060 15361504
1786576987404 15366024 18680060 15366024
1786576987488 15359320 18680060 15363652
1786576987583 15372756 18680060 15372756
1786576987772 15358560 18680060 15365708
1786576987857 15358560 18680060 15365708
1786576987942 15358560 18680060 15365708
1786576988027 15358768 18680060 15365708
1786576988112 15358768 18680060 15365708
1786576988168 15358800 18680060 15365708
1786576988247 15358872 18680060 15365708
1786576988315 15358920 18680060 15365708
1786576988382 15359124 18680060 15365708
1786576988426 15359284 18680060 15365708
1786576988508 15359284 18680060 15365708
1786576988591 15359284 18680060 15365708
1786576988674 15359284 18680060 15365708
1786576988758 15359284 18680060 15365708
1786576988841 15359432 18680060 15365708
1786576988903 15359632 18680060 15365708
1786576988986 15359632 18680060 15365708
1786576989069 15359632 18680060 15365708
1786576989154 15359632 18680060 15365708
1786576989237 15359632 18680060 15365708
1786576989321 15359632 18680060 15365708
1786576989403 15359776 18680060 15365708
1786576989466 15359956 18680060 15365708
1786576989535 15359976 18680060 15365708
1786576989618 15359976 18680060 15365708
1786576989701 15359976 18680060 15365708
1786576989785 15359976 18680060 15365708
1786576989870 15359976 18680060 15365708
1786576989954 15359976 18680060 15365708
1786576990038 15359976 18680060 15365708
1786576990122 15359976 18680060 15365708
1786576990206 15359976 18680060 15365708
1786576990290 15359976 18680060 15365708
1786576990375 15359976 18680060 15365708
1786576990458 15359976 18680060 15365708
1786576990542 15359976 18680060 15365708
1786576990625 15359976 18680060 15365708
1786576990709 15359976 18680060 15365708
1786576990793 15359976 18680060 15365708
1786576990876 15359976 18680060 15365708
1786576990959 15359976 18680060 15365708
1786576991043 15359976 18680060 15365708
1786576991126 15359976 18680060 15365708
1786576991209 15359976 18680060 15365708
1786576991293 15359976 18680060 15365708
1786576991376 15359976 18680060 15365708
1786576991453 15369564 18680060 15369556
1786576991510 15377384 18680060 15377384
1786576991821 15381700 18680060 15381700
1786576992012 15381700 18680060 15381700
1786576992097 15381700 18680060 15381700
1786576992180 15381700 18680060 15381700
1786576992263 15381700 18680060 15381700
1786576992347 15381700 18680060 15381700
1786576992431 15381700 18680060 15381700
1786576992515 15381700 18680060 15381700
1786576992599 15381700 18680060 15381700
1786576992683 15381700 18680060 15381700
1786576992767 15381700 18680060 15381700
1786576992851 15381700 18680060 15381700
1786576992934 15381700 18680060 15381700
1786576993017 15381700 18680060 15381700
1786576993100 15381700 18680060 15381700
1786576993184 15381700 18680060 15381700
1786576993268 15381700 18680060 15381700
1786576993353 15381700 18680060 15381700
1786576993437 15381700 18680060 15381700
1786576993520 15381700 18680060 15381700
1786576993603 15381728 18680060 15381728
1786576993792 15381728 18680060 15381728
1786576993876 15381728 18680060 15381728
1786576993960 15381732 18680060 15381732
1786576994271 15381732 18680060 15381732
1786576994354 15381732 18680060 15381732
1786576994437 15381736 18680060 15381736
1786576994627 15381736 18680060 15381736
1786576994711 15381736 18680060 15381736
1786576994795 15381736 18680060 15381736
1786576994879 15381740 18680060 15381740
1786576995069 15381740 18680060 15381740
1786576995153 15381740 18680060 15381740
1786576995237 15381740 18680060 15381740
1786576995322 15381740 18680060 15381740
1786576995405 15381740 18680060 15381740
1786576995489 15381740 18680060 15381740
1786576995573 15381740 18680060 15381740
1786576995656 15381740 18680060 15381740
1786576995740 15381740 18680060 15381740
1786576995824 15381740 18680060 15381740
1786576995908 15381740 18680060 15381740
1786576995991 15381740 18680060 15381740
1786576996070 15381740 18680060 15381740
1786576996149 15381740 18680060 15381740
1786576996230 15381740 18680060 15381740
1786576996311 15381740 18680060 15381740
1786576996393 15381740 18680060 15381740
1786576996474 15381740 18680060 15381740
1786576996555 15381740 18680060 15381740
1786576996636 15381740 18680060 15381740
1786576996718 15381768 18680060 15381768
1786576997002 15381768 18680060 15381768
1786576997082 15381768 18680060 15381768
1786576997163 15381768 18680060 15381768
1786576997244 15381772 18680060 15381772
1786576997431 15381772 18680060 15381772
1786576997512 15381772 18680060 15381772
1786576997593 15381776 18680060 15381776
1786576997777 15381776 18680060 15381776
1786576997860 15381776 18680060 15381776
1786576997937 15381776 18680060 15381776
1786576998013 15381780 18680060 15381780
1786576998196 15381780 18680060 15381780
1786576998276 15381780 18680060 15381780
1786576998357 15381780 18680060 15381780
1786576998438 15381780 18680060 15381780
1786576998519 15381780 18680060 15381780
1786576998599 15381780 18680060 15381780
1786576998680 15381780 18680060 15381780
1786576998761 15381780 18680060 15381780
1786576998841 15381780 18680060 15381780
1786576998923 15381784 18680060 15381784
1786576999223 15381788 18680060 15381788
1786576999407 15381792 18680060 15381792
1786576999596 15381796 18680060 15381796
1786576999786 15381800 18680060 15381800
1786576999976 15381804 18680060 15381804
1786577000165 15381896 18680060 15381896
1786577000354 15382108 18680060 15382108
1786577000531 15382240 18680060 15382240
1786577000721 15382444 18680060 15382444
1786577000887 15391972 18680060 15391968
1786577001037 15406808 18680060 15406800
1786577001265 15419712 18680060 15419712
1786577001558 15419724 18680060 15419724
1786577001726 15419788 18680060 15419788
1786577001895 15419848 18680060 15419848
1786577002063 15419912 18680060 15419912
1786577002232 15419976 18680060 15419976
1786577002401 15420036 18680060 15420036
1786577002570 15420100 18680060 15420100
1786577002744 15420164 18680060 15420164
1786577002913 15420228 18680060 15420228
1786577003082 15420284 18680060 15420284
1786577003251 15420348 18680060 15420348
1786577003422 15420408 18680060 15420408
1786577003592 15420468 18680060 15420468
1786577003847 15420516 18680060 15420516
1786577004030 15420596 18680060 15420596
1786577004206 15420652 18680060 15420652
1786577004377 15420720 18680060 15420720
1786577004548 15420784 18680060 15420784
1786577004717 15420860 18680060 15420860
1786577004889 15420916 18680060 15420916
1786577005063 15420992 18680060 15420992
1786577005246 15421060 18680060 15421060
1786577005433 15421140 18680060 15421140
1786577005613 15421204 18680060 15421204
1786577005800 15421276 18680060 15421276
1786577006104 15421352 18680060 15421352
1786577006294 15421424 18680060 15421424
1786577006481 15421504 18680060 15421504
1786577006657 15421572 18680060 15421572
1786577006831 15421644 18680060 15421644
1786577007015 15421712 18680060 15421712
1786577007192 15421780 18680060 15421780
1786577007376 15421844 18680060 15421844
1786577007560 15421920 18680060 15421920
1786577007744 15421992 18680060 15421992
1786577007926 15422068 18680060 15422068
1786577008099 15422112 18680060 15422112
1786577008280 15422188 18680060 15422188
1786577008580 15422260 18680060 15422260
1786577008768 15422336 18680060 15422336
1786577008944 15422408 18680060 15422408
1786577009117 15422476 18680060 15422476
1786577009299 15422552 18680060 15422552
1786577009485 15422624 18680060 15422624
1786577009664 15422700 18680060 15422700
1786577009839 15422764 18680060 15422764
1786577010019 15422840 18680060 15422840
1786577010202 15422908 18680060 15422908
1786577010388 15422988 18680060 15422988
1786577010570 15423060 18680060 15423060
1786577010757 15423140 18680060 15423140
1786577011050 15423200 18680060 15423200
1786577011222 15423272 18680060 15423272
1786577011391 15423332 18680060 15423332
1786577011576 15423408 18680060 15423408
1786577011763 15423484 18680060 15423484
1786577011951 15423560 18680060 15423560
1786577012140 15423632 18680060 15423632
1786577012325 15423700 18680060 15423700
1786577012514 15423880 18680060 15423880
1786577012700 15424064 18680060 15424064
1786577012881 15424464 18680060 15424464
1786577013063 15424816 18680060 15424816
1786577013242 15425148 18680060 15425148
1786577013537 15425300 18680060 15425300
1786577013718 15425588 18680060 15425588
1786577013904 15425884 18680060 15425884
1786577014075 15426156 18680060 15426156
1786577014247 15426420 18680060 15426420
1786577014424 15426768 18680060 15426768
1786577014591 15427064 18680060 15427064
1786577014774 15427352 18680060 15427352
1786577014954 15427712 18680060 15427712
1786577015115 15427856 18680060 15427856
1786577015288 15427656 18680060 15427656
1786577015373 15427656 18680060 15427656
1786577015440 15427744 18680060 15427744
1786577015528 15427744 18680060 15427744
1786577015615 15427744 18680060 15427744
1786577015700 15427744 18680060 15427744
1786577015785 15427744 18680060 15427744
1786577015869 15427744 18680060 15427744
1786577015954 15427744 18680060 15427744
1786577016042 15427744 18680060 15427744
1786577016124 15427544 18680060 15427544
1786577016201 15427544 18680060 15427544
1786577016250 15427632 18680060 15427632
1786577016336 15427632 18680060 15427632
1786577016424 15427632 18680060 15427632
1786577016512 15427632 18680060 15427632
1786577016599 15427632 18680060 15427632
1786577016687 15427632 18680060 15427632
1786577016774 15427632 18680060 15427632
1786577016862 15427632 18680060 15427632
1786577016925 15427504 18680060 15427504
1786577017005 15427496 18680060 15427496
1786577017068 15427584 18680060 15427584
1786577017149 15427584 18680060 15427584
1786577017230 15427584 18680060 15427584
1786577017311 15427584 18680060 15427584
1786577017392 15427584 18680060 15427584
1786577017472 15427584 18680060 15427584
1786577017553 15427584 18680060 15427584
1786577017635 15427584 18680060 15427584
1786577017715 15427584 18680060 15427584
1786577017776 15427480 18680060 15427480
1786577017825 15427568 18680060 15427568
1786577017908 15427568 18680060 15427568
1786577017996 15427568 18680060 15427568
1786577018086 15427568 18680060 15427568
1786577018176 15427568 18680060 15427568
1786577018262 15427552 18680060 15427552
1786577018348 15427560 18680060 15427560
1786577018431 15427560 18680060 15427560
1786577018515 15427560 18680060 15427560
1786577018603 15427560 18680060 15427560
1786577018660 15427544 18680060 15427544
1786577018743 15427552 18680060 15427552
1786577018828 15427552 18680060 15427552
1786577018916 15427552 18680060 15427552
1786577019001 15427552 18680060 15427552
1786577019087 15427552 18680060 15427552
1786577019178 15427552 18680060 15427552
1786577019270 15427552 18680060 15427552
1786577019357 15427552 18680060 15427552
1786577019446 15427552 18680060 15427552
1786577019534 15427552 18680060 15427552
1786577019624 15427552 18680060 15427552
1786577019715 15427552 18680060 15427552
1786577019807 15427552 18680060 15427552
1786577019897 15427552 18680060 15427552
1786577019985 15427552 18680060 15427552
1786577020071 15427552 18680060 15427552
1786577020154 15427552 18680060 15427552
1786577020237 15427552 18680060 15427552
1786577020324 15427552 18680060 15427552
1786577020411 15427552 18680060 15427552
1786577020500 15427552 18680060 15427552
1786577020591 15427552 18680060 15427552
1786577020683 15427552 18680060 15427552
1786577020770 15427552 18680060 15427552
1786577020860 15427552 18680060 15427552
1786577020947 15427552 18680060 15427552
1786577021031 15427552 18680060 15427552
1786577021115 15427552 18680060 15427552
1786577021196 15427552 18680060 15427552
1786577021276 15427552 18680060 15427552
1786577021362 15427552 18680060 15427552
1786577021451 15427552 18680060 15427552
1786577021540 15427552 18680060 15427552
1786577021629 15427452 18680060 15427452
1786577021711 15439304 18680060 15439304
1786577021990 15441168 18680060 15441168
1786577022189 15450448 18680060 15450448
1786577022387 15439616 18680060 15444276
1786577022467 15446840 18680060 15446840
1786577022518 15456636 18690332 15456636
1786577022717 15463448 18690460 15463448
1786577022893 15465232 18690460 15465232
1786577023059 15460880 18690460 15461244
1786577023142 15469360 18690460 15469360
1786577023347 15471732 18690460 15471700
1786577023561 15474488 18690460 15474488
1786577023743 15476896 18690460 15476896
1786577023942 15476896 18690460 15476896
1786577024034 15476896 18690460 15476896
1786577024121 15477636 18690460 15477636
1786577024442 15482976 18690460 15482976
1786577024635 15482976 18690460 15482976
1786577024717 15482976 18690460 15482976
1786577024803 15482976 18690460 15482976
1786577024893 15482976 18690460 15482976
1786577024981 15482976 18690460 15482976
1786577025069 15499984 18690460 15499972
1786577025252 15564716 18755996 15564716
1786577025459 15572912 18755996 15572912
1786577025668 15572912 18755996 15572912
1786577025763 15572916 18755996 15572916
1786577025967 15572276 18755996 15572276
1786577026057 15565616 18755996 15565616
1786577026142 15550552 18755996 15560204
1786577026225 15542104 18755996 15560204
1786577026309 15542048 18755996 15560204
1786577026395 15542048 18755996 15560204
1786577026482 15542048 18755996 15560204
1786577026568 15542048 18755996 15560204
1786577026656 15542048 18755996 15560204
1786577026745 15542048 18755996 15560204
1786577026832 15542048 18755996 15560204
1786577026920 15542048 18755996 15560204
1786577027008 15542048 18755996 15560204
1786577027096 15542048 18755996 15560204
1786577027184 15542048 18755996 15560204
1786577027272 15542048 18755996 15560204
1786577027360 15542048 18755996 15560204
1786577027448 15541992 18755996 15560204
1786577027533 15541992 18755996 15560204
1786577027613 15541992 18755996 15560204
1786577027693 15541992 18755996 15560204
1786577027772 15541992 18755996 15560204
1786577027851 15541992 18755996 15560204
1786577027933 15541992 18755996 15560204
1786577028015 15541992 18755996 15560204
1786577028098 15541992 18755996 15560204
1786577028181 15541992 18755996 15560204
1786577028263 15541992 18755996 15560204
1786577028345 15541992 18755996 15560204
1786577028426 15541992 18755996 15560204
1786577028507 15541992 18755996 15560204
1786577028588 15541992 18755996 15560204
1786577028666 15541992 18755996 15560204
1786577028744 15541992 18755996 15560204
1786577028829 15541992 18755996 15560204
1786577028915 15541992 18755996 15560204
1786577028997 15541992 18755996 15560204
1786577029075 15541992 18755996 15560204
1786577029153 15541992 18755996 15560204
1786577029238 15541992 18755996 15560204
1786577029320 15541992 18755996 15560204
1786577029399 15541992 18755996 15560204
1786577029483 15541992 18755996 15560204
1786577029570 15541992 18755996 15560204
1786577029657 15541992 18755996 15560204
1786577029744 15567212 18755996 15567212
1786577029832 15567224 18755996 15567224
1786577029918 15567224 18755996 15567224
1786577030004 15567224 18755996 15567224
1786577030091 15567224 18755996 15567224
1786577030178 15567224 18755996 15567224
1786577030267 15567224 18755996 15567224
1786577030354 15567224 18755996 15567224
1786577030441 15567224 18755996 15567224
1786577030527 15567224 18755996 15567224
1786577030614 15567224 18755996 15567224
1786577030701 15567224 18755996 15567224
1786577030789 15567224 18755996 15567224
1786577030877 15567224 18755996 15567224
1786577030965 15567224 18755996 15567224
1786577031053 15567224 18755996 15567224
1786577031142 15567224 18755996 15567224
1786577031226 15567224 18755996 15567224
1786577031306 15567224 18755996 15567224
1786577031386 15567224 18755996 15567224
1786577031466 15567224 18755996 15567224
1786577031548 15567224 18755996 15567224
1786577031634 15567224 18755996 15567224
1786577031723 15567224 18755996 15567224
1786577031807 15567224 18755996 15567224
1786577031894 15567224 18755996 15567224
1786577031983 15567224 18755996 15567224
1786577032071 15567224 18755996 15567224
1786577032160 15567224 18755996 15567224
1786577032249 15567224 18755996 15567224
1786577032333 15567224 18755996 15567224
1786577032415 15567224 18755996 15567224
1786577032501 15567224 18755996 15567224
1786577032585 15567224 18755996 15567224
1786577032671 15567224 18755996 15567224
1786577032757 15567224 18755996 15567224
1786577032843 15567224 18755996 15567224
1786577032931 15567224 18755996 15567224
1786577033020 15567224 18755996 15567224
1786577033108 15567224 18755996 15567224
1786577033196 15567224 18755996 15567224
1786577033284 15567224 18755996 15567224
1786577033372 15567224 18755996 15567224
1786577033459 15567224 18755996 15567224
1786577033547 15567224 18755996 15567224
1786577033635 15567224 18755996 15567224
1786577033723 15567224 18755996 15567224
1786577033811 15567224 18755996 15567224
1786577033899 15567224 18755996 15567224
1786577033986 15567224 18755996 15567224
1786577034075 15567224 18755996 15567224
1786577034163 15567224 18755996 15567224
1786577034251 15567224 18755996 15567224
1786577034338 15567224 18755996 15567224
1786577034426 15567224 18755996 15567224
1786577034514 15567224 18755996 15567224
1786577034602 15567224 18755996 15567224
1786577034689 15567224 18755996 15567224
1786577034777 15567224 18755996 15567224
1786577034865 15567224 18755996 15567224
1786577034953 15567224 18755996 15567224
1786577035042 15567224 18755996 15567224
1786577035130 15567224 18755996 15567224
1786577035213 15567224 18755996 15567224
1786577035292 15567224 18755996 15567224
1786577035375 15567224 18755996 15567224
1786577035459 15567224 18755996 15567224
1786577035544 15567224 18755996 15567224
1786577035632 15567224 18755996 15567224
1786577035715 15567224 18755996 15567224
1786577035795 15567224 18755996 15567224
1786577035877 15567224 18755996 15567224
1786577035958 15567224 18755996 15567224
1786577036039 15567224 18755996 15567224
1786577036121 15567224 18755996 15567224
1786577036202 15567224 18755996 15567224
1786577036288 15567224 18755996 15567224
1786577036376 15567224 18755996 15567224
1786577036464 15567224 18755996 15567224
1786577036549 15567224 18755996 15567224
1786577036630 15567224 18755996 15567224
1786577036713 15567224 18755996 15567224
1786577036800 15567224 18755996 15567224
1786577036886 15567224 18755996 15567224
1786577036972 15567224 18755996 15567224
1786577037058 15567224 18755996 15567224
1786577037144 15567224 18755996 15567224
1786577037231 15567224 18755996 15567224
1786577037317 15567224 18755996 15567224
1786577037403 15567224 18755996 15567224
1786577037489 15567224 18755996 15567224
1786577037575 15567224 18755996 15567224
1786577037661 15567224 18755996 15567224
1786577037748 15567224 18755996 15567224
1786577037834 15567224 18755996 15567224
1786577037916 15567224 18755996 15567224
1786577037971 15576008 18755996 15576008
1786577038291 15585644 18755996 15585644
1786577038494 15583336 18755996 15583336
1786577038552 15567356 18755996 15578096
1786577038628 15567428 18755996 15578096
1786577038716 15567428 18755996 15578096
1786577038807 15567428 18755996 15578096
1786577038893 15567428 18755996 15578096
1786577038977 15567428 18755996 15578096
1786577039066 15567324 18755996 15578096
1786577039146 15575556 18755996 15578096
1786577039211 15583668 18755996 15583668
1786577039283 15569120 18755996 15579912
1786577039361 15582232 18772484 15582200
1786577039416 15589040 18772484 15589040
1786577039606 15596036 18772484 15596036
1786577039795 15645064 18838020 15645060
1786577039970 15665808 18838020 15665804
1786577040177 15667564 18838020 15667564
1786577040353 15663124 18838020 15663124
1786577040406 15659424 18838020 15659424
1786577040482 15647176 18838020 15658344
1786577040553 15643856 18838020 15658344
1786577040608 15643856 18838020 15658344
1786577040669 15642804 18838020 15658344
1786577040754 15642804 18838020 15658344
1786577040823 15656020 18838020 15658344
1786577040906 15662272 18838020 15662268
1786577041002 15663448 18838020 15663448
1786577041063 15648628 18838020 15658344
1786577041141 15653904 18838020 15658344
1786577041223 15662912 18838020 15662912
1786577041314 15646396 18838020 15658344
1786577041400 15646472 18838020 15658344
1786577041484 15646472 18838020 15658344
1786577041573 15646472 18838020 15658344
1786577041661 15646472 18838020 15658344
1786577041748 15646472 18838020 15658344
1786577041838 15646472 18838020 15658344
1786577041930 15646472 18838020 15658344
1786577042023 15646472 18838020 15658344
1786577042114 15646472 18838020 15658344
1786577042207 15646472 18838020 15658344
1786577042299 15646472 18838020 15658344
1786577042392 15646472 18838020 15658344
1786577042484 15646472 18838020 15658344
1786577042573 15646472 18838020 15658344
1786577042660 15646472 18838020 15658344
1786577042746 15646472 18838020 15658344
1786577042833 15646472 18838020 15658344
1786577042923 15646472 18838020 15658344
1786577043014 15646472 18838020 15658344
1786577043106 15646472 18838020 15658344
1786577043198 15646472 18838020 15658344
1786577043290 15646472 18838020 15658344
1786577043382 15646472 18838020 15658344
1786577043475 15646472 18838020 15658344
1786577043564 15646472 18838020 15658344
1786577043651 15646472 18838020 15658344
1786577043705 15646384 18838020 15658344
1786577043784 15646176 18838020 15658344
1786577043872 15660644 18838020 15660644
1786577043951 15668504 18838020 15668504
1786577044202 15673356 18838020 15673348
1786577044397 15653984 18838020 15669116
1786577044491 15661400 18838020 15669116
1786577044534 15669452 18838020 15669452
1786577044594 15674280 18838020 15674280
1786577044773 15680624 18838020 15680624
1786577044980 15683728 18838020 15683728
1786577045209 15765936 18870788 15765936
1786577045526 15766012 18870788 15766012
1786577045772 15775980 18936324 15775980
1786577046008 15775980 18936324 15775980
1786577046094 15775980 18936324 15775980
1786577046174 15775980 18936324 15775980
1786577046262 15775980 18936324 15775980
1786577046348 15776364 18936324 15776364
1786577046716 15776364 18936324 15776364
1786577046808 15776364 18936324 15776364
1786577046893 15776364 18936324 15776364
1786577046978 15776364 18936324 15776364
1786577047072 15774984 18936324 15774984
1786577047163 15758788 18936324 15765456
1786577047211 15740388 18936324 15765456
1786577047292 15740388 18936324 15765456
1786577047373 15740388 18936324 15765456
1786577047445 15740460 18936324 15765456
1786577047536 15740460 18936324 15765456
1786577047631 15740460 18936324 15765456
1786577047726 15740460 18936324 15765456
1786577047821 15740460 18936324 15765456
1786577047915 15740460 18936324 15765456
1786577048011 15740460 18936324 15765456
1786577048104 15740460 18936324 15765456
1786577048197 15740460 18936324 15765456
1786577048293 15740460 18936324 15765456
1786577048389 15740460 18936324 15765456
1786577048484 15740460 18936324 15765456
1786577048580 15740460 18936324 15765456
1786577048672 15740460 18936324 15765456
1786577048766 15740460 18936324 15765456
1786577048862 15740460 18936324 15765456
1786577048958 15740460 18936324 15765456
1786577049053 15740460 18936324 15765456
1786577049143 15740460 18936324 15765456
1786577049236 15740436 18936324 15765456
1786577049296 15748572 18936324 15765456
1786577049387 15751924 18936324 15765456
1786577049456 15743224 18936324 15765456
1786577049546 15757208 18936324 15765456
1786577049645 15765144 18936324 15765456
1786577049699 15775744 18936324 15775744
1786577049802 15813228 18936324 15813228
1786577050144 15823500 18936324 15823500
1786577050382 15819060 18936324 15819060
1786577050447 15809296 18936324 15817772
1786577050526 15800128 18936324 15817772
1786577050621 15798740 18936324 15817772
1786577050674 15806956 18936324 15817772
1786577050761 15816676 18936324 15817772
1786577050862 15817420 18936324 15817772
1786577050947 15806232 18936324 15817772
1786577051038 15815244 18936324 15817772
1786577051117 15798740 18936324 15817772
1786577051201 15769572 18936324 15817772
1786577051283 15769572 18936324 15817772
1786577051357 15770028 18936324 15817772
1786577051440 15770028 18936324 15817772
1786577051528 15770028 18936324 15817772
1786577051622 15770028 18936324 15817772
1786577051716 15770044 18936324 15817772
1786577051806 15770044 18936324 15817772
1786577051886 15770044 18936324 15817772
1786577051968 15770216 18936324 15817772
1786577052055 15770216 18936324 15817772
1786577052147 15770216 18936324 15817772
1786577052241 15770388 18936324 15817772
1786577052330 15770388 18936324 15817772
1786577052410 15770388 18936324 15817772
1786577052491 15770448 18936324 15817772
1786577052573 15770564 18936324 15817772
1786577052660 15770564 18936324 15817772
1786577052753 15770564 18936324 15817772
1786577052841 15770736 18936324 15817772
1786577052930 15770736 18936324 15817772
1786577053011 15770736 18936324 15817772
1786577053092 15770824 18936324 15817772
1786577053163 15770908 18936324 15817772
1786577053244 15770908 18936324 15817772
1786577053325 15770908 18936324 15817772
1786577053406 15770908 18936324 15817772
1786577053487 15770908 18936324 15817772
1786577053568 15770908 18936324 15817772
1786577053649 15770908 18936324 15817772
1786577053730 15770908 18936324 15817772
1786577053810 15770908 18936324 15817772
1786577053890 15770908 18936324 15817772
1786577053970 15770908 18936324 15817772
1786577054051 15770908 18936324 15817772
1786577054132 15770908 18936324 15817772
1786577054212 15770908 18936324 15817772
1786577054292 15770908 18936324 15817772
1786577054372 15770908 18936324 15817772
1786577054452 15770908 18936324 15817772
1786577054532 15770908 18936324 15817772
1786577054613 15770908 18936324 15817772
1786577054694 15770908 18936324 15817772
1786577054775 15770908 18936324 15817772
1786577054855 15770908 18936324 15817772
1786577054937 15780816 18936324 15817772
1786577054986 15790120 18936324 15817772
1786577055043 15799184 18936324 15817772
1786577055124 15800616 18936324 15817772
1786577055206 15800616 18936324 15817772
1786577055287 15800616 18936324 15817772
1786577055367 15800616 18936324 15817772
1786577055449 15800616 18936324 15817772
1786577055529 15800616 18936324 15817772
1786577055610 15800616 18936324 15817772
1786577055691 15800616 18936324 15817772
1786577055772 15800616 18936324 15817772
1786577055853 15800616 18936324 15817772
1786577055934 15800616 18936324 15817772
1786577056014 15800616 18936324 15817772
1786577056094 15800616 18936324 15817772
1786577056175 15800616 18936324 15817772
1786577056255 15800616 18936324 15817772
1786577056335 15800616 18936324 15817772
1786577056415 15800616 18936324 15817772
1786577056496 15800616 18936324 15817772
1786577056576 15800616 18936324 15817772
1786577056657 15800616 18936324 15817772
1786577056736 15800616 18936324 15817772
1786577056816 15800616 18936324 15817772
1786577056891 15800644 18936324 15817772
1786577056972 15800644 18936324 15817772
1786577057052 15800644 18936324 15817772
1786577057132 15800648 18936324 15817772
1786577057212 15800648 18936324 15817772
1786577057293 15800648 18936324 15817772
1786577057372 15800648 18936324 15817772
1786577057452 15800652 18936324 15817772
1786577057532 15800652 18936324 15817772
1786577057612 15800652 18936324 15817772
1786577057692 15800656 18936324 15817772
1786577057772 15800656 18936324 15817772
1786577057852 15800656 18936324 15817772
1786577057932 15800656 18936324 15817772
1786577058013 15800656 18936324 15817772
1786577058093 15800656 18936324 15817772
1786577058172 15800656 18936324 15817772
1786577058253 15800656 18936324 15817772
1786577058333 15800656 18936324 15817772
1786577058413 15800656 18936324 15817772
1786577058492 15800656 18936324 15817772
1786577058572 15800656 18936324 15817772
1786577058653 15800656 18936324 15817772
1786577058733 15800656 18936324 15817772
1786577058814 15800656 18936324 15817772
1786577058894 15800656 18936324 15817772
1786577058974 15800656 18936324 15817772
1786577059054 15800656 18936324 15817772
1786577059135 15800656 18936324 15817772
1786577059214 15800656 18936324 15817772
1786577059294 15800656 18936324 15817772
1786577059375 15800656 18936324 15817772
1786577059455 15800656 18936324 15817772
1786577059534 15800684 18936324 15817772
1786577059614 15800684 18936324 15817772
1786577059695 15800684 18936324 15817772
1786577059775 15800688 18936324 15817772
1786577059855 15800688 18936324 15817772
1786577059935 15800688 18936324 15817772
1786577060014 15800688 18936324 15817772
1786577060094 15800692 18936324 15817772
1786577060174 15800692 18936324 15817772
1786577060254 15800692 18936324 15817772
1786577060334 15800696 18936324 15817772
1786577060415 15800696 18936324 15817772
1786577060495 15800696 18936324 15817772
1786577060575 15800696 18936324 15817772
1786577060656 15800696 18936324 15817772
1786577060737 15800696 18936324 15817772
1786577060818 15800696 18936324 15817772
1786577060906 15800704 18936324 15817772
1786577060998 15800712 18936324 15817772
1786577061090 15800720 18936324 15817772
1786577061183 15800724 18936324 15817772
1786577061275 15800760 18936324 15817772
1786577061352 15800968 18936324 15817772
1786577061440 15809204 18936324 15817772
1786577061480 15818968 18936324 15818964
1786577061547 15828652 18936324 15828648
1786577061826 15838344 18936324 15838344
1786577062006 15838352 18936324 15838352
1786577062187 15838420 18936324 15838420
1786577062367 15838480 18936324 15838480
1786577062547 15838552 18936324 15838552
1786577062727 15838604 18936324 15843848
1786577062907 15838668 18936324 15843848
1786577063089 15838732 18936324 15843848
1786577063269 15838792 18936324 15843848
1786577063452 15838860 18936324 15843848
1786577063645 15838928 18936324 15844424
1786577063850 15839000 18936324 15844424
1786577064054 15839064 18936324 15844424
1786577064391 15839144 18936324 15844424
1786577064580 15839196 18936324 15844424
1786577064766 15839264 18936324 15844424
1786577064951 15839332 18936324 15845000
1786577065131 15839396 18936324 15845000
1786577065312 15839464 18936324 15845000
1786577065491 15839532 18936324 15845000
1786577065668 15839600 18936324 15845000
1786577065847 15839672 18936324 15845000
1786577066025 15839736 18936324 15845000
1786577066205 15839804 18936324 15845000
1786577066386 15839868 18936324 15845000
1786577066563 15839936 18936324 15845000
1786577066742 15840004 18936324 15845000
1786577067040 15840076 18936324 15845000
1786577067241 15840156 18936324 15845576
1786577067438 15840232 18936324 15845576
1786577067639 15840308 18936324 15845576
1786577067842 15840384 18936324 15845576
1786577068044 15840456 18936324 15845576
1786577068245 15840536 18936324 15845576
1786577068448 15840608 18936324 15845576
1786577068650 15840688 18936324 15845576
1786577068823 15840740 18936324 15845576
1786577069021 15840816 18936324 15845576
1786577069344 15840876 18936324 15845576
1786577069546 15840956 18936324 15845576
1786577069741 15841016 18936324 15845576
1786577069940 15841096 18936324 15845576
1786577070137 15841164 18936324 15845576
1786577070339 15841240 18936324 15845576
1786577070541 15841316 18936324 15845576
1786577070742 15841396 18936324 15845576
1786577070943 15841472 18936324 15845576
1786577071150 15841536 18936324 15846152
1786577071351 15841616 18936324 15846152
1786577071552 15841692 18936324 15846728
1786577071881 15841772 18936324 15846728
1786577072082 15841852 18936324 15846728
1786577072283 15841928 18936324 15846728
1786577072486 15842008 18936324 15846728
1786577072688 15842068 18936324 15846728
1786577072892 15842156 18936324 15846728
1786577073090 15842224 18936324 15846728
1786577073294 15842300 18936324 15846728
1786577073495 15842528 18936324 15847304
1786577073692 15842928 18936324 15847880
1786577073893 15843364 18936324 15847880
1786577074088 15843912 18936324 15847880
1786577074282 15844444 18936324 15847880
1786577074603 15844964 18936324 15847880
1786577074804 15845504 18936324 15847880
1786577074996 15846032 18936324 15847880
1786577075192 15846488 18936324 15851336
1786577075357 15846240 18936324 15851336
1786577075446 15846328 18936324 15851336
1786577075540 15846328 18936324 15851336
1786577075636 15846328 18936324 15851336
1786577075734 15846328 18936324 15851336
1786577075831 15846328 18936324 15851336
1786577075928 15846328 18936324 15851336
1786577076025 15846328 18936324 15851336
1786577076121 15846168 18936324 15851336
1786577076216 15846128 18936324 15851336
1786577076275 15846216 18936324 15851336
1786577076368 15846216 18936324 15851336
1786577076459 15846216 18936324 15851336
1786577076549 15846216 18936324 15851336
1786577076639 15846216 18936324 15851336
1786577076730 15846216 18936324 15851336
1786577076821 15846216 18936324 15851336
1786577076916 15846216 18936324 15851336
1786577076967 15846112 18936324 15851336
1786577077060 15846112 18936324 15851336
1786577077134 15846200 18936324 15851336
1786577077228 15846200 18936324 15851336
1786577077321 15846200 18936324 15851336
1786577077415 15846200 18936324 15851336
1786577077510 15846200 18936324 15851336
1786577077604 15846200 18936324 15851336
1786577077696 15846200 18936324 15851336
1786577077772 15846208 18936324 15851336
1786577077843 15846096 18936324 15851336
1786577077917 15846184 18936324 15851336
1786577078012 15846184 18936324 15851336
1786577078112 15846184 18936324 15851336
1786577078212 15846184 18936324 15851336
1786577078311 15846184 18936324 15851336
1786577078411 15846184 18936324 15851336
1786577078511 15846184 18936324 15851336
1786577078611 15846184 18936324 15851336
1786577078709 15846184 18936324 15851336
1786577078806 15846192 18936324 15851336
1786577078902 15846192 18936324 15851336
1786577078995 15846192 18936324 15851336
1786577079088 15846192 18936324 15851336
1786577079180 15846192 18936324 15851336
1786577079274 15846192 18936324 15851336
1786577079368 15846192 18936324 15851336
1786577079460 15846192 18936324 15851336
1786577079559 15846192 18936324 15851336
1786577079655 15846192 18936324 15851336
1786577079749 15846192 18936324 15851336
1786577079842 15846192 18936324 15851336
1786577079937 15846192 18936324 15851336
1786577080034 15846192 18936324 15851336
1786577080131 15846192 18936324 15851336
1786577080227 15846192 18936324 15851336
1786577080324 15846192 18936324 15851336
1786577080422 15846192 18936324 15851336
1786577080520 15846192 18936324 15851336
1786577080620 15846192 18936324 15851336
1786577080718 15846192 18936324 15851336
1786577080818 15848248 18936324 15853384
1786577081158 15848248 18936324 15853384
1786577081255 15848248 18936324 15853384
1786577081349 15848248 18936324 15853384
1786577081443 15848248 18936324 15853384
1786577081540 15848248 18936324 15853384
1786577081638 15848248 18936324 15853384
1786577081734 15848136 18936324 15853384
1786577081828 15856496 18936324 15856496
1786577082043 15864744 18936324 15864744
1786577082260 15850048 18936324 15859720
1786577082305 15861544 18936324 15861544
1786577082417 15865420 18936324 15865420
1786577082627 15855980 18936324 15859720
1786577082686 15857696 18936324 15859720
1786577082780 15867316 18936324 15867316
1786577082994 15868148 18936324 15868148
1786577083227 15868660 18936324 15868660
1786577083435 15869680 18936324 15869680
1786577083788 15869680 18936324 15869680
1786577083887 15869680 18936324 15869680
1786577083987 15873800 18936324 15873800
1786577084204 15875760 18936324 15875760
1786577084421 15875760 18936324 15875760
1786577084521 15875760 18936324 15875760
1786577084621 15875760 18936324 15875760
1786577084720 15875764 18936324 15875764
1786577084901 15888356 18936324 15888348
1786577085109 15918744 18936324 15918732
1786577085326 15920648 18936324 15920648
1786577085543 15920648 18936324 15920648
1786577085641 15920960 18936324 15920960
1786577085859 15917260 18936324 15917260
1786577085949 15900644 18936324 15910820
1786577086001 15896200 18936324 15910820
1786577086094 15896200 18936324 15910820
1786577086145 15896176 18936324 15910820
1786577086238 15896176 18936324 15910820
1786577086333 15896176 18936324 15910820
1786577086426 15896176 18936324 15910820
1786577086521 15896176 18936324 15910820
1786577086617 15896176 18936324 15910820
1786577086708 15896176 18936324 15910820
1786577086802 15896176 18936324 15910820
1786577086898 15896176 18936324 15910820
1786577086994 15896176 18936324 15910820
1786577087089 15896176 18936324 15910820
1786577087184 15896176 18936324 15910820
1786577087280 15896104 18936324 15910820
1786577087373 15896104 18936324 15910820
1786577087467 15896104 18936324 15910820
1786577087560 15896104 18936324 15910820
1786577087650 15896104 18936324 15910820
1786577087743 15896104 18936324 15910820
1786577087835 15896104 18936324 15910820
1786577087923 15896104 18936324 15910820
1786577088010 15896104 18936324 15910820
1786577088100 15896104 18936324 15910820
1786577088194 15896104 18936324 15910820
1786577088286 15896104 18936324 15910820
1786577088379 15896104 18936324 15910820
1786577088474 15896104 18936324 15910820
1786577088568 15896104 18936324 15910820
1786577088661 15896104 18936324 15910820
1786577088753 15896104 18936324 15910820
1786577088846 15896104 18936324 15910820
1786577088942 15896104 18936324 15910820
1786577089037 15896104 18936324 15910820
1786577089133 15896104 18936324 15910820
1786577089229 15896104 18936324 15910820
1786577089324 15896104 18936324 15910820
1786577089419 15896104 18936324 15910820
1786577089515 15896104 18936324 15910820
1786577089603 15957920 18936324 15960616
1786577089932 15957920 18936324 15960616
1786577090025 15957920 18936324 15960616
1786577090118 15957920 18936324 15960616
1786577090211 15957920 18936324 15960616
1786577090304 15957920 18936324 15960616
1786577090399 15957920 18936324 15960616
1786577090494 15957920 18936324 15960616
1786577090590 15957920 18936324 15960616
1786577090686 15957920 18936324 15960616
1786577090781 15957920 18936324 15960616
1786577090875 15957920 18936324 15960616
1786577090970 15957920 18936324 15960616
1786577091065 15957920 18936324 15960616
1786577091160 15957920 18936324 15960616
1786577091255 15957920 18936324 15960616
1786577091349 15957920 18936324 15960616
1786577091443 15957920 18936324 15960616
1786577091536 15957920 18936324 15960616
1786577091630 15957920 18936324 15960616
1786577091726 15957920 18936324 15960616
1786577091821 15957920 18936324 15960616
1786577091918 15957920 18936324 15960616
1786577092013 15957920 18936324 15960616
1786577092109 15957920 18936324 15960616
1786577092202 15957920 18936324 15960616
1786577092297 15957920 18936324 15960616
1786577092391 15957920 18936324 15960616
1786577092486 15957920 18936324 15960616
1786577092580 15957920 18936324 15960616
1786577092673 15957920 18936324 15960616
1786577092766 15957920 18936324 15960616
1786577092859 15957920 18936324 15960616
1786577092951 15957920 18936324 15960616
1786577093043 15957920 18936324 15960616
1786577093135 15957920 18936324 15960616
1786577093226 15957920 18936324 15960616
1786577093315 15957920 18936324 15960616
1786577093404 15957920 18936324 15960616
1786577093492 15957920 18936324 15960616
1786577093587 15957920 18936324 15960616
1786577093679 15957920 18936324 15960616
1786577093768 15957920 18936324 15960616
1786577093857 15957920 18936324 15960616
1786577093948 15957920 18936324 15960616
1786577094040 15957920 18936324 15960616
1786577094132 15957920 18936324 15960616
1786577094223 15957920 18936324 15960616
1786577094317 15957920 18936324 15960616
1786577094413 15957920 18936324 15960616
1786577094506 15957920 18936324 15960616
1786577094601 15957920 18936324 15960616
1786577094697 15957920 18936324 15960616
1786577094792 15957920 18936324 15960616
1786577094887 15957920 18936324 15960616
1786577094982 15957920 18936324 15960616
1786577095077 15957920 18936324 15960616
1786577095172 15957920 18936324 15960616
1786577095262 15957920 18936324 15960616
1786577095350 15957920 18936324 15960616
1786577095438 15957920 18936324 15960616
1786577095531 15957920 18936324 15960616
1786577095624 15957920 18936324 15960616
1786577095717 15957920 18936324 15960616
1786577095811 15957920 18936324 15960616
1786577095906 15957920 18936324 15960616
1786577096001 15957920 18936324 15960616
1786577096096 15957920 18936324 15960616
1786577096191 15957920 18936324 15960616
1786577096285 15957920 18936324 15960616
1786577096380 15957920 18936324 15960616
1786577096475 15957920 18936324 15960616
1786577096570 15957920 18936324 15960616
1786577096666 15957920 18936324 15960616
1786577096759 15957920 18936324 15960616
1786577096852 15957920 18936324 15960616
1786577096945 15957920 18936324 15960616
1786577097038 15957920 18936324 15960616
1786577097132 15957920 18936324 15960616
1786577097224 15957920 18936324 15960616
1786577097312 15957920 18936324 15960616
1786577097401 15957920 18936324 15960616
1786577097490 15957920 18936324 15960616
1786577097579 15957920 18936324 15960616
1786577097667 15957920 18936324 15960616
1786577097756 15957920 18936324 15960616
1786577097845 15957920 18936324 15960616
1786577097933 15957920 18936324 15960616
1786577098016 15970732 18936324 15970732
1786577098358 15976656 18936324 15976656
1786577098568 15960624 18936324 15970408
1786577098651 15958080 18936324 15970408
1786577098748 15958104 18936324 15970408
1786577098845 15958104 18936324 15970408
1786577098942 15958104 18936324 15970408
1786577099038 15958104 18936324 15970408
1786577099135 15957984 18936324 15970408
1786577099216 15968864 18936324 15970408
1786577099316 15958292 18936324 15970408
1786577099427 15974160 18936324 15974160
1786577099512 15982792 18936324 15982792
1786577099747 15997208 18936324 15997208
1786577099955 16027704 18936324 16027700
1786577100192 16033816 18936324 16033816
1786577100387 16027156 18936324 16027156
1786577100468 16016604 18936324 16024020
1786577100548 16009056 18936324 16024020
1786577100644 16012164 18936324 16024020
1786577100740 16025368 18936324 16025368
1786577100819 16029276 18936324 16029276
1786577100921 16016700 18936324 16024020
1786577100984 16015756 18936324 16024020
1786577101083 16026308 18936324 16026308
1786577101174 16009812 18936324 16024020
1786577101272 16009888 18936324 16024020
1786577101373 16009888 18936324 16024020
1786577101468 16009888 18936324 16024020
1786577101565 16009888 18936324 16024020
1786577101664 16009888 18936324 16024020
1786577101763 16009888 18936324 16024020
1786577101862 16009888 18936324 16024020
1786577101962 16009888 18936324 16024020
1786577102061 16009888 18936324 16024020
1786577102160 16009888 18936324 16024020
1786577102260 16009888 18936324 16024020
1786577102359 16009888 18936324 16024020
1786577102452 16009888 18936324 16024020
1786577102545 16009888 18936324 16024020
1786577102642 16009888 18936324 16024020
1786577102740 16009888 18936324 16024020
1786577102837 16009888 18936324 16024020
1786577102935 16009888 18936324 16024020
1786577103032 16009888 18936324 16024020
1786577103129 16009888 18936324 16024020
1786577103227 16009888 18936324 16024020
1786577103324 16009888 18936324 16024020
1786577103421 16009888 18936324 16024020
1786577103506 16009864 18936324 16024020
1786577103576 16009656 18936324 16024020
1786577103670 16024092 18936324 16024092
1786577103731 16027620 18936324 16027620
1786577103781 16032636 18936324 16032636
1786577103858 16030192 18936324 16032096
1786577103952 16024196 18936324 16032096
1786577104046 16032268 18936324 16032268
1786577104124 16032268 18936324 16032268
1786577104218 16038668 18936324 16038668
1786577104571 16051752 19047276 16051752
1786577104763 16088888 19047276 16088888
1786577105072 16090620 19047276 16090620
1786577105291 16095184 19052652 16095184
1786577105534 16097872 19052652 16097872
1786577105766 16098896 19052652 16098896
1786577106006 16098896 19052652 16098896
1786577106109 16098896 19052652 16098896
1786577106209 16098896 19052652 16098896
1786577106310 16098896 19052652 16098896
1786577106412 16098896 19052652 16098896
1786577106516 16098896 19052652 16098896
1786577106619 16094556 19052652 16094556
1786577106682 16075892 19052652 16090696
1786577106727 16075028 19052652 16090696
1786577106823 16075028 19052652 16090696
1786577106919 16075100 19052652 16090696
1786577107013 16075100 19052652 16090696
1786577107101 16075100 19052652 16090696
1786577107190 16075100 19052652 16090696
1786577107279 16075100 19052652 16090696
1786577107366 16075100 19052652 16090696
1786577107454 16075100 19052652 16090696
1786577107543 16075100 19052652 16090696
1786577107631 16075100 19052652 16090696
1786577107718 16075100 19052652 16090696
1786577107807 16075100 19052652 16090696
1786577107901 16075100 19052652 16090696
1786577108001 16075100 19052652 16090696
1786577108101 16075100 19052652 16090696
1786577108202 16075100 19052652 16090696
1786577108303 16075100 19052652 16090696
1786577108405 16075100 19052652 16090696
1786577108505 16075100 19052652 16090696
1786577108606 16075100 19052652 16090696
1786577108705 16074964 19052652 16090696
1786577108791 16088760 19052652 16090696
1786577108870 16073284 19052652 16090696
1786577108961 16073192 19052652 16090696
1786577109058 16087112 19052652 16090696
1786577109163 16095304 19052652 16095304
1786577109255 16106816 19052652 16106816
1786577109620 16113312 19052652 16113312
1786577109853 16113312 19052652 16113312
1786577109959 16107392 19052652 16107392
1786577110054 16092184 19052652 16105392
1786577110110 16088552 19052652 16105392
1786577110208 16096768 19052652 16105392
1786577110296 16105680 19052652 16105680
1786577110387 16108772 19052652 16108772
1786577110487 16093552 19052652 16105392
1786577110583 16096216 19052652 16105392
1786577110696 16101596 19052652 16105392
1786577110752 16088552 19052652 16105392
1786577110852 16088552 19052652 16105392
1786577110945 16088552 19052652 16105392
1786577111031 16088552 19052652 16105392
1786577111124 16088552 19052652 16105392
1786577111223 16088552 19052652 16105392
1786577111325 16088552 19052652 16105392
1786577111417 16088552 19052652 16105392
1786577111502 16088552 19052652 16105392
1786577111586 16088552 19052652 16105392
1786577111673 16088552 19052652 16105392
1786577111766 16088552 19052652 16105392
1786577111864 16088552 19052652 16105392
1786577111963 16088552 19052652 16105392
1786577112056 16088552 19052652 16105392
1786577112142 16088552 19052652 16105392
1786577112227 16088552 19052652 16105392
1786577112313 16088552 19052652 16105392
1786577112406 16088552 19052652 16105392
1786577112504 16088552 19052652 16105392
1786577112604 16088552 19052652 16105392
1786577112697 16088552 19052652 16105392
1786577112781 16088552 19052652 16105392
1786577112866 16088552 19052652 16105392
1786577112951 16088552 19052652 16105392
1786577113036 16088552 19052652 16105392
1786577113121 16088552 19052652 16105392
1786577113206 16088552 19052652 16105392
1786577113290 16088552 19052652 16105392
1786577113375 16088552 19052652 16105392
1786577113459 16088552 19052652 16105392
1786577113543 16088552 19052652 16105392
1786577113627 16088552 19052652 16105392
1786577113710 16088552 19052652 16105392
1786577113795 16088552 19052652 16105392
1786577113879 16088552 19052652 16105392
1786577113964 16088552 19052652 16105392
1786577114049 16088552 19052652 16105392
1786577114132 16088552 19052652 16105392
1786577114217 16088552 19052652 16105392
1786577114300 16088552 19052652 16105392
1786577114385 16088552 19052652 16105392
1786577114470 16088552 19052652 16105392
1786577114555 16088552 19052652 16105392
1786577114610 16096364 19052652 16105392
1786577114694 16096364 19052652 16105392
1786577114778 16096364 19052652 16105392
1786577114863 16096364 19052652 16105392
1786577114947 16096364 19052652 16105392
1786577115031 16096364 19052652 16105392
1786577115116 16096364 19052652 16105392
1786577115200 16096364 19052652 16105392
1786577115284 16096364 19052652 16105392
1786577115368 16096364 19052652 16105392
1786577115452 16096364 19052652 16105392
1786577115536 16096364 19052652 16105392
1786577115620 16096364 19052652 16105392
1786577115705 16096364 19052652 16105392
1786577115790 16096364 19052652 16105392
1786577115874 16096364 19052652 16105392
1786577115959 16096364 19052652 16105392
1786577116043 16096364 19052652 16105392
1786577116127 16096364 19052652 16105392
1786577116218 16096364 19052652 16105392
1786577116309 16096364 19052652 16105392
1786577116393 16096392 19052652 16105392
1786577116478 16096392 19052652 16105392
1786577116562 16096392 19052652 16105392
1786577116646 16096396 19052652 16105392
1786577116731 16096396 19052652 16105392
1786577116815 16096396 19052652 16105392
1786577116900 16096400 19052652 16105392
1786577116983 16096400 19052652 16105392
1786577117067 16096400 19052652 16105392
1786577117151 16096404 19052652 16105392
1786577117235 16096404 19052652 16105392
1786577117319 16096404 19052652 16105392
1786577117403 16096404 19052652 16105392
1786577117487 16096404 19052652 16105392
1786577117571 16096404 19052652 16105392
1786577117655 16096404 19052652 16105392
1786577117739 16096404 19052652 16105392
1786577117823 16096404 19052652 16105392
1786577117907 16096404 19052652 16105392
1786577117991 16096404 19052652 16105392
1786577118075 16096404 19052652 16105392
1786577118159 16096404 19052652 16105392
1786577118243 16096404 19052652 16105392
1786577118328 16096404 19052652 16105392
1786577118412 16096404 19052652 16105392
1786577118496 16096404 19052652 16105392
1786577118579 16096404 19052652 16105392
1786577118663 16096404 19052652 16105392
1786577118747 16096404 19052652 16105392
1786577118831 16096404 19052652 16105392
1786577118916 16096404 19052652 16105392
1786577119000 16096432 19052652 16105392
1786577119084 16096432 19052652 16105392
1786577119168 16096432 19052652 16105392
1786577119252 16096436 19052652 16105392
1786577119336 16096436 19052652 16105392
1786577119421 16096436 19052652 16105392
1786577119505 16096440 19052652 16105392
1786577119588 16096440 19052652 16105392
1786577119671 16096440 19052652 16105392
1786577119755 16096440 19052652 16105392
1786577119838 16096444 19052652 16105392
1786577119922 16096444 19052652 16105392
1786577120006 16096444 19052652 16105392
1786577120091 16096444 19052652 16105392
1786577120177 16096444 19052652 16105392
1786577120262 16096444 19052652 16105392
1786577120348 16096444 19052652 16105392
1786577120433 16096444 19052652 16105392
1786577120518 16096444 19052652 16105392
1786577120603 16096444 19052652 16105392
1786577120689 16096444 19052652 16105392
1786577120774 16096444 19052652 16105392
1786577120859 16096444 19052652 16105392
1786577120945 16096448 19052652 16105392
1786577121030 16096452 19052652 16105392
1786577121116 16096460 19052652 16105392
1786577121202 16096468 19052652 16105392
1786577121288 16096476 19052652 16105392
1786577121374 16096540 19052652 16105392
1786577121450 16104936 19052652 16105392
1786577121517 16114776 19052652 16114764
1786577121804 16129464 19052652 16129456
1786577121998 16133832 19052652 16133832
1786577122193 16133904 19052652 16133904
1786577122406 16133988 19052652 16133988
1786577122616 16134072 19052652 16134072
1786577122808 16134128 19052652 16134128
1786577123000 16134208 19052652 16134208
1786577123189 16134280 19052652 16134280
1786577123379 16134356 19052652 16134356
1786577123564 16134424 19052652 16134948
1786577123756 16134508 19052652 16134948
1786577123948 16134584 19052652 16135524
1786577124260 16134656 19052652 16135524
1786577124452 16134736 19052652 16135524
1786577124644 16134792 19052652 16135524
1786577124835 16134848 19052652 16135524
1786577125027 16134904 19052652 16135524
1786577125203 16134960 19052652 16135524
1786577125393 16135032 19052652 16135524
1786577125583 16135100 19052652 16135524
1786577125781 16135176 19052652 16136100
1786577125993 16135248 19052652 16136100
1786577126201 16135312 19052652 16136100
1786577126394 16135360 19052652 16136100
1786577126700 16135420 19052652 16136100
1786577126884 16135484 19052652 16136100
1786577127075 16135560 19052652 16136100
1786577127264 16135632 19052652 16136100
1786577127453 16135704 19052652 16136100
1786577127646 16135784 19052652 16136100
1786577127837 16135852 19052652 16136100
1786577128028 16135928 19052652 16136100
1786577128220 16135984 19052652 16136100
1786577128412 16136064 19052652 16136100
1786577128603 16136132 19052652 16136676
1786577128812 16136216 19052652 16136676
1786577129151 16136292 19052652 16136676
1786577129364 16136368 19052652 16136676
1786577129559 16136444 19052652 16136676
1786577129748 16136516 19052652 16136676
1786577129938 16136592 19052652 16136676
1786577130129 16136648 19052652 16136676
1786577130321 16136716 19052652 16137252
1786577130512 16136780 19052652 16137252
1786577130704 16136856 19052652 16137252
1786577130896 16136912 19052652 16137828
1786577131087 16136992 19052652 16137828
1786577131282 16137048 19052652 16137828
1786577131474 16137128 19052652 16137828
1786577131776 16137196 19052652 16137828
1786577131967 16137272 19052652 16137828
1786577132159 16137340 19052652 16137828
1786577132350 16137420 19052652 16137828
1786577132541 16137504 19052652 16138404
1786577132732 16137576 19052652 16138404
1786577132924 16137656 19052652 16138404
1786577133113 16137732 19052652 16138404
1786577133304 16137804 19052652 16138404
1786577133485 16137908 19052652 16138980
1786577133678 16138204 19052652 16138980
1786577133867 16138724 19052652 16139556
1786577134164 16139108 19052652 16139556
1786577134350 16139320 19052652 16140132
1786577134519 16139440 19052652 16140132
1786577134720 16139756 19052652 16140708
1786577134920 16139984 19052652 16140708
1786577135114 16140284 19052652 16141284
1786577135304 16140736 19052652 16141284
1786577135498 16141264 19052652 16141860
1786577135687 16141804 19052652 16141860
1786577135869 16141964 19052652 16142436
1786577136038 16141716 19052652 16142436
1786577136132 16141804 19052652 16142436
1786577136220 16141804 19052652 16142436
1786577136308 16141804 19052652 16142436
1786577136396 16141804 19052652 16142436
1786577136482 16141804 19052652 16142436
1786577136571 16141804 19052652 16142436
1786577136667 16141804 19052652 16142436
1786577136766 16141804 19052652 16142436
1786577136847 16141616 19052652 16142436
1786577136943 16141616 19052652 16142436
1786577137008 16141704 19052652 16142436
1786577137106 16141704 19052652 16142436
1786577137204 16141704 19052652 16142436
1786577137303 16141704 19052652 16142436
1786577137403 16141704 19052652 16142436
1786577137503 16141704 19052652 16143012
1786577137603 16141704 19052652 16143012
1786577137701 16141600 19052652 16143012
1786577137796 16141600 19052652 16143012
1786577137850 16141688 19052652 16143012
1786577137946 16141688 19052652 16143012
1786577138046 16141688 19052652 16143012
1786577138146 16141688 19052652 16143012
1786577138246 16141688 19052652 16143012
1786577138345 16141688 19052652 16143012
1786577138440 16141688 19052652 16143012
1786577138527 16141584 19052652 16143012
1786577138585 16141672 19052652 16143012
1786577138677 16141672 19052652 16143012
1786577138772 16141672 19052652 16143012
1786577138871 16141672 19052652 16143012
1786577138966 16141672 19052652 16143012
1786577139056 16141672 19052652 16143012
1786577139153 16141672 19052652 16143012
1786577139253 16141672 19052652 16143012
1786577139348 16141672 19052652 16143012
1786577139435 16141672 19052652 16143012
1786577139533 16141680 19052652 16143012
1786577139631 16141680 19052652 16143012
1786577139725 16141680 19052652 16143012
1786577139820 16141632 19052652 16143012
1786577139919 16141640 19052652 16143012
1786577140018 16141640 19052652 16143012
1786577140121 16141640 19052652 16143012
1786577140222 16141640 19052652 16143012
1786577140322 16141640 19052652 16143012
1786577140421 16141640 19052652 16143012
1786577140523 16141640 19052652 16143012
1786577140625 16141640 19052652 16143012
1786577140724 16141648 19052652 16143012
1786577140825 16141648 19052652 16143012
1786577140924 16141648 19052652 16143012
1786577141024 16141648 19052652 16143012
1786577141127 16141648 19052652 16143012
1786577141227 16141648 19052652 16143012
1786577141323 16141648 19052652 16143012
1786577141417 16141648 19052652 16143012
1786577141509 16141648 19052652 16143012
1786577141608 16141648 19052652 16143012
1786577141712 16141648 19052652 16143012
1786577141815 16141648 19052652 16143012
1786577141917 16141648 19052652 16143012
1786577142017 16141648 19052652 16143012
1786577142119 16141648 19052652 16143012
1786577142222 16141648 19052652 16143012
1786577142324 16141648 19052652 16143012
1786577142414 16141552 19052652 16143012
1786577142511 16151976 19052652 16151976
1786577142863 16160232 19052652 16160232
1786577143063 16144468 19052652 16149840
1786577143123 16157032 19052652 16157032
1786577143211 16161384 19052652 16161384
1786577143387 16164000 19052652 16164000
1786577143578 16149100 19052652 16155912
1786577143632 16155700 19052652 16155912
1786577143695 16163808 19052652 16163808
1786577143790 16166176 19052652 16166176
1786577144018 16167200 19052652 16167200
1786577144255 16167200 19052652 16167200
1786577144351 16167648 19052652 16167648
1786577144572 16170092 19052652 16170064
1786577144815 16167740 19052652 16167740
1786577144900 16174100 19052652 16174100
1786577145133 16173080 19052652 16173080
1786577145200 16173080 19052652 16173080
1786577145299 16173080 19052652 16173080
1786577145388 16173280 19052652 16173280
1786577145472 16173280 19052652 16173280
1786577145531 16173612 19052652 16173612
1786577145596 16185948 19052652 16185948
1786577145959 16199576 19052652 16199576
1786577146175 16202856 19052652 16202856
1786577146407 16199576 19052652 16199576
1786577146510 16203276 19052652 16203276
1786577146743 16201056 19052652 16201056
1786577146831 16192064 19052652 16194052
1786577146907 16187764 19052652 16194348
1786577147004 16187764 19052652 16194348
1786577147102 16189476 19052652 16194348
1786577147199 16189476 19052652 16194348
1786577147294 16174816 19052652 16194348
1786577147383 16174816 19052652 16194348
1786577147456 16174736 19052652 16194348
1786577147551 16174736 19052652 16194348
1786577147651 16174736 19052652 16194348
1786577147749 16174736 19052652 16194348
1786577147847 16174736 19052652 16194348
1786577147946 16174736 19052652 16194348
1786577148044 16174736 19052652 16194348
1786577148143 16174736 19052652 16194348
1786577148241 16174736 19052652 16194348
1786577148339 16174736 19052652 16194348
1786577148439 16174736 19052652 16194348
1786577148539 16174688 19052652 16194348
1786577148635 16174688 19052652 16194348
1786577148724 16174688 19052652 16194348
1786577148819 16174688 19052652 16194348
1786577148917 16174688 19052652 16194348
1786577149015 16174688 19052652 16194348
1786577149112 16174688 19052652 16194348
1786577149210 16174688 19052652 16194348
1786577149307 16174688 19052652 16194348
1786577149406 16174688 19052652 16194348
1786577149505 16174688 19052652 16194348
1786577149603 16174688 19052652 16194348
1786577149702 16174688 19052652 16194348
1786577149800 16174688 19052652 16194348
1786577149897 16174688 19052652 16194348
1786577149994 16174688 19052652 16194348
1786577150091 16174688 19052652 16194348
1786577150190 16174688 19052652 16194348
1786577150287 16174688 19052652 16194348
1786577150385 16174688 19052652 16194348
1786577150483 16174688 19052652 16194348
1786577150581 16174688 19052652 16194348
1786577150679 16174688 19052652 16194348
1786577150776 16174688 19052652 16194348
1786577150874 16174700 19052652 16194348
1786577150966 16174700 19052652 16194348
1786577151054 16174700 19052652 16194348
1786577151141 16174700 19052652 16194348
1786577151229 16174700 19052652 16194348
1786577151319 16174700 19052652 16194348
1786577151416 16174700 19052652 16194348
1786577151509 16174700 19052652 16194348
1786577151605 16174700 19052652 16194348
1786577151704 16174700 19052652 16194348
1786577151803 16174700 19052652 16194348
1786577151896 16174700 19052652 16194348
1786577151992 16174700 19052652 16194348
1786577152091 16174700 19052652 16194348
1786577152190 16174700 19052652 16194348
1786577152283 16174700 19052652 16194348
1786577152371 16174700 19052652 16194348
1786577152462 16174700 19052652 16194348
1786577152557 16174700 19052652 16194348
1786577152656 16174700 19052652 16194348
1786577152755 16174700 19052652 16194348
1786577152849 16174700 19052652 16194348
1786577152945 16174700 19052652 16194348
1786577153045 16174700 19052652 16194348
1786577153144 16174700 19052652 16194348
1786577153237 16174700 19052652 16194348
1786577153327 16174700 19052652 16194348
1786577153423 16174700 19052652 16194348
1786577153522 16174700 19052652 16194348
1786577153617 16174700 19052652 16194348
1786577153712 16174700 19052652 16194348
1786577153809 16174700 19052652 16194348
1786577153905 16174700 19052652 16194348
1786577154001 16174700 19052652 16194348
1786577154093 16174700 19052652 16194348
1786577154180 16174700 19052652 16194348
1786577154275 16174700 19052652 16194348
1786577154368 16174700 19052652 16194348
1786577154462 16174700 19052652 16194348
1786577154560 16174700 19052652 16194348
1786577154656 16174700 19052652 16194348
1786577154753 16174700 19052652 16194348
1786577154851 16174700 19052652 16194348
1786577154948 16174700 19052652 16194348
1786577155042 16174700 19052652 16194348
1786577155137 16174700 19052652 16194348
1786577155235 16174700 19052652 16194348
1786577155333 16174700 19052652 16194348
1786577155429 16174700 19052652 16194348
1786577155527 16174700 19052652 16194348
1786577155625 16174700 19052652 16194348
1786577155723 16174700 19052652 16194348
1786577155821 16174700 19052652 16194348
1786577155920 16174700 19052652 16194348
1786577156020 16174700 19052652 16194348
1786577156119 16174700 19052652 16194348
1786577156217 16174700 19052652 16194348
1786577156315 16174700 19052652 16194348
1786577156414 16174700 19052652 16194348
1786577156511 16174700 19052652 16194348
1786577156607 16174700 19052652 16194348
1786577156702 16174700 19052652 16194348
1786577156796 16174700 19052652 16194348
1786577156894 16174700 19052652 16194348
1786577156992 16174700 19052652 16194348
1786577157090 16174700 19052652 16194348
1786577157189 16174700 19052652 16194348
1786577157287 16174700 19052652 16194348
1786577157385 16174700 19052652 16194348
1786577157483 16174700 19052652 16194348
1786577157581 16174700 19052652 16194348
1786577157678 16174700 19052652 16194348
1786577157776 16174700 19052652 16194348
1786577157874 16174700 19052652 16194348
1786577157972 16174700 19052652 16194348
1786577158068 16174700 19052652 16194348
1786577158168 16174700 19052652 16194348
1786577158266 16174700 19052652 16194348
1786577158363 16174700 19052652 16194348
1786577158460 16174700 19052652 16194348
1786577158559 16174700 19052652 16194348
1786577158656 16174700 19052652 16194348
1786577158754 16174700 19052652 16194348
1786577158851 16174700 19052652 16194348
1786577158948 16174700 19052652 16194348
1786577159045 16174700 19052652 16194348
1786577159107 16182960 19052652 16194348
1786577159197 16192768 19052652 16194348
1786577159297 16193516 19052652 16194348
1786577159365 16174836 19052652 16194348
1786577159430 16174908 19052652 16194348
1786577159525 16174908 19052652 16194348
1786577159616 16174908 19052652 16194348
1786577159708 16174908 19052652 16194348
1786577159799 16174908 19052652 16194348
1786577159890 16174804 19052652 16194348
1786577159953 16183020 19052652 16194348
1786577160044 16180280 19052652 16194348
1786577160119 16185144 19052652 16194348
1786577160212 16199940 19052652 16199940
1786577160319 16200256 19052652 16200256
1786577160418 16216932 19090888 16216928
1786577160749 16221140 19090888 16221140
1786577160975 16219660 19090888 16219660
1786577161095 16210780 19090888 16210780
1786577161157 16198316 19090888 16210760
1786577161241 16196380 19090888 16210760
1786577161336 16204596 19090888 16210760
1786577161402 16212748 19090888 16212748
1786577161484 16216600 19090888 16216600
1786577161558 16205416 19090888 16213316
1786577161628 16203220 19090888 16213316
1786577161737 16211404 19090888 16213316
1786577161800 16196380 19090888 16213316
1786577161899 16196452 19090888 16213316
1786577162000 16196452 19090888 16213316
1786577162100 16196452 19090888 16213316
1786577162201 16196452 19090888 16213316
1786577162303 16196452 19090888 16213316
1786577162403 16196452 19090888 16213316
1786577162504 16196452 19090888 16213316
1786577162605 16196452 19090888 16213316
1786577162707 16196452 19090888 16213316
1786577162808 16196452 19090888 16213316
1786577162910 16196452 19090888 16213316
1786577163011 16196452 19090888 16213316
1786577163111 16196452 19090888 16213316
1786577163212 16196452 19090888 16213316
1786577163312 16196452 19090888 16213316
1786577163412 16196452 19090888 16213316
1786577163512 16196452 19090888 16213316
1786577163613 16196452 19090888 16213316
1786577163712 16196452 19090888 16213316
1786577163812 16196452 19090888 16213316
1786577163913 16196452 19090888 16213316
1786577164013 16196452 19090888 16213316
1786577164114 16196452 19090888 16213316
1786577164180 16196252 19090888 16213316
1786577164234 16196236 19090888 16213316
1786577164333 16196236 19090888 16213316
1786577164391 16204532 19090888 16213316
1786577164493 16213720 19090888 16213720
1786577164594 16199664 19090888 16213316
1786577164640 16205648 19090888 16213316
1786577164740 16213720 19090888 16213720
1786577164835 16216948 19090888 16216948
1786577164911 16219092 19090888 16219092
1786577165024 16239864 19090888 16239856
1786577165387 16251688 19090888 16251688
1786577165608 16251688 19090888 16251688
1786577165705 16267964 19140040 16267964
1786577165926 16260908 19140040 16260908
1786577166030 16260908 19140040 16260908
1786577166107 16260908 19140040 16260908
1786577166202 16260908 19140040 16260908
1786577166305 16260908 19140040 16260908
1786577166411 16260908 19140040 16260908
1786577166511 16260908 19140040 16260908
1786577166613 16260908 19140040 16260908
1786577166719 16260908 19140040 16260908
1786577166825 16255728 19140040 16258684
1786577166891 16237656 19140040 16258684
1786577166971 16236148 19140040 16258684
1786577167062 16236148 19140040 16258684
1786577167159 16236220 19140040 16258684
1786577167259 16236220 19140040 16258684
1786577167362 16236220 19140040 16258684
1786577167465 16236220 19140040 16258684
1786577167569 16236220 19140040 16258684
1786577167672 16236220 19140040 16258684
1786577167774 16236220 19140040 16258684
1786577167876 16236220 19140040 16258684
1786577167979 16236220 19140040 16258684
1786577168082 16236220 19140040 16258684
1786577168185 16236220 19140040 16258684
1786577168289 16236220 19140040 16258684
1786577168392 16236220 19140040 16258684
1786577168494 16236220 19140040 16258684
1786577168597 16236220 19140040 16258684
1786577168701 16236220 19140040 16258684
1786577168803 16236220 19140040 16258684
1786577168904 16236084 19140040 16258684
1786577168986 16249880 19140040 16258684
1786577169076 16238888 19140040 16258684
1786577169131 16237896 19140040 16258684
1786577169232 16252716 19140040 16258684
1786577169340 16260908 19140040 16260908
1786577169444 16287140 19140040 16287140
1786577169806 16295828 19140040 16295828
1786577170071 16293892 19140040 16293892
1786577170177 16283508 19140040 16285988
1786577170265 16272092 19140040 16285988
1786577170367 16280308 19140040 16285988
1786577170461 16288796 19140040 16288796
1786577170535 16292312 19140040 16292312
1786577170640 16276644 19140040 16285988
1786577170703 16279464 19140040 16285988
1786577170798 16288596 19140040 16288596
1786577170862 16272092 19140040 16285988
1786577170964 16272092 19140040 16285988
1786577171066 16272092 19140040 16285988
1786577171168 16272092 19140040 16285988
1786577171270 16272092 19140040 16285988
1786577171371 16272092 19140040 16285988
1786577171472 16272092 19140040 16285988
1786577171572 16272092 19140040 16285988
1786577171673 16272092 19140040 16285988
1786577171775 16272092 19140040 16285988
1786577171877 16272092 19140040 16285988
1786577171978 16272092 19140040 16285988
1786577172079 16272092 19140040 16285988
1786577172181 16272092 19140040 16285988
1786577172282 16272092 19140040 16285988
1786577172383 16272092 19140040 16285988
1786577172482 16272092 19140040 16285988
1786577172583 16272092 19140040 16285988
1786577172683 16272092 19140040 16285988
1786577172785 16272092 19140040 16285988
1786577172884 16272092 19140040 16285988
1786577172982 16272092 19140040 16285988
1786577173073 16272092 19140040 16285988
1786577173165 16272092 19140040 16285988
1786577173261 16272092 19140040 16285988
1786577173360 16272092 19140040 16285988
1786577173460 16272092 19140040 16285988
1786577173559 16272092 19140040 16285988
1786577173658 16272092 19140040 16285988
1786577173758 16272092 19140040 16285988
1786577173857 16272092 19140040 16285988
1786577173956 16272092 19140040 16285988
1786577174056 16272092 19140040 16285988
1786577174156 16272092 19140040 16285988
1786577174256 16272092 19140040 16285988
1786577174355 16274044 19140040 16285988
1786577174406 16281812 19140040 16285988
1786577174505 16281812 19140040 16285988
1786577174604 16281812 19140040 16285988
1786577174703 16281812 19140040 16285988
1786577174802 16281812 19140040 16285988
1786577174901 16281812 19140040 16285988
1786577175001 16281812 19140040 16285988
1786577175100 16281812 19140040 16285988
1786577175200 16281812 19140040 16285988
1786577175298 16281812 19140040 16285988
1786577175397 16281812 19140040 16285988
1786577175496 16281812 19140040 16285988
1786577175595 16281812 19140040 16285988
1786577175694 16281812 19140040 16285988
1786577175793 16281812 19140040 16285988
1786577175892 16281812 19140040 16285988
1786577175992 16281812 19140040 16285988
1786577176091 16281812 19140040 16285988
1786577176190 16281844 19140040 16285988
1786577176289 16281844 19140040 16285988
1786577176388 16281844 19140040 16285988
1786577176488 16281848 19140040 16285988
1786577176587 16281848 19140040 16285988
1786577176685 16281852 19140040 16285988
1786577176785 16281852 19140040 16285988
1786577176884 16281852 19140040 16285988
1786577176984 16281852 19140040 16285988
1786577177083 16281852 19140040 16285988
1786577177182 16281852 19140040 16285988
1786577177282 16281852 19140040 16285988
1786577177383 16281852 19140040 16285988
1786577177484 16281852 19140040 16285988
1786577177583 16281852 19140040 16285988
1786577177683 16281852 19140040 16285988
1786577177782 16281852 19140040 16285988
1786577177881 16281852 19140040 16285988
1786577177980 16281852 19140040 16285988
1786577178080 16281852 19140040 16285988
1786577178179 16281852 19140040 16285988
1786577178278 16281852 19140040 16285988
1786577178377 16281852 19140040 16285988
1786577178477 16281852 19140040 16285988
1786577178575 16281852 19140040 16285988
1786577178674 16281852 19140040 16285988
1786577178773 16281884 19140040 16285988
1786577178871 16281884 19140040 16285988
1786577178970 16281884 19140040 16285988
1786577179069 16281888 19140040 16285988
1786577179168 16281888 19140040 16285988
1786577179266 16281888 19140040 16285988
1786577179365 16281888 19140040 16285988
1786577179464 16281892 19140040 16285988
1786577179563 16281892 19140040 16285988
1786577179662 16281892 19140040 16285988
1786577179761 16281892 19140040 16285988
1786577179861 16281892 19140040 16285988
1786577179959 16281892 19140040 16285988
1786577180059 16281892 19140040 16285988
1786577180159 16281892 19140040 16285988
1786577180259 16281900 19140040 16285988
1786577180358 16281908 19140040 16285988
1786577180457 16281920 19140040 16285988
1786577180557 16281928 19140040 16285988
1786577180656 16281944 19140040 16285988
1786577180734 16290364 19140040 16290360
1786577180819 16300324 19140040 16300312
1786577181119 16314448 19140040 16314440
1786577181317 16319064 19140040 16319064
1786577181518 16319132 19140040 16319132
1786577181719 16319204 19140040 16319204
1786577181919 16319280 19140040 16319280
1786577182120 16319360 19140040 16319360
1786577182320 16319440 19140040 16319440
1786577182495 16319492 19140040 16319492
1786577182693 16319568 19140040 16319568
1786577182892 16319628 19140040 16319628
1786577183106 16319720 19140040 16319720
1786577183314 16319792 19140040 16319792
1786577183531 16319872 19140040 16319872
1786577183746 16319956 19140040 16319956
1786577184094 16320024 19140040 16320024
1786577184311 16320108 19140040 16320108
1786577184526 16320188 19140040 16320188
1786577184740 16320272 19140040 16320272
1786577184956 16320352 19140040 16320352
1786577185169 16320420 19140040 16320420
1786577185386 16320500 19140040 16320500
1786577185596 16320576 19140040 16320576
1786577185811 16320660 19140040 16320660
1786577186026 16320736 19140040 16320736
1786577186242 16320816 19140040 16320816
1786577186458 16320900 19140040 16320900
1786577186802 16320976 19140040 16320976
1786577187016 16321052 19140040 16321052
1786577187229 16321132 19140040 16321132
1786577187441 16321212 19140040 16321212
1786577187645 16321284 19140040 16321284
1786577187843 16321348 19140040 16321348
1786577188043 16321424 19140040 16321424
1786577188241 16321484 19140040 16321484
1786577188438 16321560 19140040 16321560
1786577188635 16321612 19140040 16321612
1786577188833 16321688 19140040 16321688
1786577189031 16321748 19140040 16321748
1786577189234 16321824 19140040 16321824
1786577189578 16321904 19140040 16321904
1786577189794 16321980 19140040 16321980
1786577190008 16322056 19140040 16322056
1786577190223 16322132 19140040 16322132
1786577190440 16322220 19140040 16322220
1786577190653 16322280 19140040 16322280
1786577190869 16322364 19140040 16322364
1786577191081 16322444 19140040 16322444
1786577191294 16322528 19140040 16322528
1786577191505 16322604 19140040 16322604
1786577191720 16322672 19140040 16322672
1786577191932 16322764 19140040 16322764
1786577192272 16322832 19140040 16322832
1786577192486 16322916 19140040 16322916
1786577192699 16322992 19140040 16322992
1786577192913 16323132 19140040 16323132
1786577193125 16323704 19140040 16327316
1786577193338 16324188 19140040 16327892
1786577193518 16324636 19140040 16328468
1786577193724 16325164 19140040 16329044
1786577193930 16325700 19140040 16329044
1786577194134 16326240 19140040 16329620
1786577194340 16326740 19140040 16330196
1786577194555 16327196 19140040 16330772
1786577194848 16326964 19140040 16330772
1786577194907 16327052 19140040 16330772
1786577195007 16327052 19140040 16330772
1786577195110 16327052 19140040 16330772
1786577195213 16327052 19140040 16330772
1786577195315 16327052 19140040 16330772
1786577195418 16327052 19140040 16330772
1786577195521 16327052 19140040 16330772
1786577195612 16326904 19140040 16330772
1786577195701 16326864 19140040 16330772
1786577195752 16326952 19140040 16330772
1786577195852 16326952 19140040 16330772
1786577195955 16326952 19140040 16330772
1786577196058 16326952 19140040 16330772
1786577196160 16326952 19140040 16330772
1786577196263 16326952 19140040 16330772
1786577196365 16326952 19140040 16330772
1786577196429 16326816 19140040 16330772
1786577196528 16326816 19140040 16330772
1786577196619 16326904 19140040 16330772
1786577196719 16326904 19140040 16330772
1786577196820 16326904 19140040 16330772
1786577196921 16326904 19140040 16330772
1786577197023 16326904 19140040 16330772
1786577197123 16326904 19140040 16330772
1786577197224 16326840 19140040 16330772
1786577197279 16326904 19140040 16330772
1786577197378 16326904 19140040 16330772
1786577197473 16326904 19140040 16330772
1786577197576 16326904 19140040 16330772
1786577197673 16326904 19140040 16330772
1786577197774 16326904 19140040 16330772
1786577197879 16326904 19140040 16330772
1786577197986 16326904 19140040 16330772
1786577198089 16326904 19140040 16330772
1786577198188 16326912 19140040 16330772
1786577198282 16326912 19140040 16330772
1786577198379 16326912 19140040 16330772
1786577198475 16326912 19140040 16330772
1786577198571 16326912 19140040 16330772
1786577198668 16326912 19140040 16330772
1786577198766 16326912 19140040 16330772
1786577198864 16326912 19140040 16330772
1786577198963 16326912 19140040 16330772
1786577199060 16326912 19140040 16330772
1786577199160 16326912 19140040 16330772
1786577199262 16326912 19140040 16330772
1786577199367 16326912 19140040 16330772
1786577199470 16326912 19140040 16330772
1786577199573 16326912 19140040 16330772
1786577199679 16326912 19140040 16330772
1786577199784 16326912 19140040 16330772
1786577199886 16326912 19140040 16330772
1786577199988 16326912 19140040 16330772
1786577200092 16326912 19140040 16330772
1786577200191 16326912 19140040 16330772
1786577200288 16326912 19140040 16330772
1786577200389 16326912 19140040 16330772
1786577200490 16326912 19140040 16330772
1786577200589 16326912 19140040 16330772
1786577200689 16326912 19140040 16330772
1786577200771 16326808 19140040 16330772
1786577200870 16326808 19140040 16330772
1786577200970 16326808 19140040 16330772
1786577201070 16326808 19140040 16330772
1786577201152 16331176 19140040 16332500
1786577201504 16343248 19140040 16343248
1786577201733 16333904 19140040 16342868
1786577201785 16335256 19140040 16342868
1786577201886 16345080 19140040 16345080
1786577202081 16346680 19140040 16346680
1786577202279 16338404 19140040 16342868
1786577202362 16346488 19140040 16346488
1786577202451 16348848 19140040 16348848
1786577202640 16349368 19140040 16349368
1786577202862 16351416 19140040 16351416
1786577203066 16351576 19140040 16351576
1786577203289 16352080 19140040 16352080
1786577203504 16355996 19140040 16355996
1786577203749 16355660 19140040 16355632
1786577203792 16357668 19140040 16357668
1786577204031 16357296 19140040 16357296
1786577204110 16357296 19140040 16357296
1786577204187 16357296 19140040 16357296
1786577204278 16357296 19140040 16357296
1786577204373 16357496 19140040 16357496
1786577204462 16363740 19140040 16363740
1786577204771 16377048 19210792 16377044
1786577204976 16382336 19210792 16382336
1786577205221 16385616 19210792 16385616
1786577205459 16382336 19210792 16382336
1786577205561 16385044 19210792 16385044
1786577205660 16374196 19210792 16374196
1786577205714 16363020 19210792 16371368
1786577205804 16370332 19210792 16371368
1786577205901 16370332 19210792 16371368
1786577205993 16370332 19210792 16371368
1786577206091 16371020 19210792 16371368
1786577206186 16371020 19210792 16371368
1786577206267 16357576 19210792 16371368
1786577206359 16357512 19210792 16371368
1786577206458 16357512 19210792 16371368
1786577206558 16357512 19210792 16371368
1786577206658 16357512 19210792 16371368
1786577206758 16357512 19210792 16371368
1786577206860 16357512 19210792 16371368
1786577206961 16357512 19210792 16371368
1786577207062 16357512 19210792 16371368
1786577207164 16357512 19210792 16371368
1786577207265 16357512 19210792 16371368
1786577207366 16357512 19210792 16371368
1786577207467 16357448 19210792 16371368
1786577207564 16357448 19210792 16371368
1786577207660 16357448 19210792 16371368
1786577207759 16357448 19210792 16371368
1786577207860 16357448 19210792 16371368
1786577207960 16357448 19210792 16371368
1786577208061 16357448 19210792 16371368
1786577208161 16357448 19210792 16371368
1786577208261 16357448 19210792 16371368
1786577208362 16357448 19210792 16371368
1786577208463 16357448 19210792 16371368
1786577208563 16357448 19210792 16371368
1786577208665 16357448 19210792 16371368
1786577208763 16357448 19210792 16371368
1786577208855 16357448 19210792 16371368
1786577208947 16357448 19210792 16371368
1786577209045 16357448 19210792 16371368
1786577209146 16357448 19210792 16371368
1786577209247 16357448 19210792 16371368
1786577209347 16357448 19210792 16371368
1786577209448 16357448 19210792 16371368
1786577209550 16357448 19210792 16371368
1786577209651 16357448 19210792 16371368
1786577209752 16357448 19210792 16371368
1786577209853 16357464 19210792 16371368
1786577209953 16357464 19210792 16371368
1786577210053 16357464 19210792 16371368
1786577210153 16357464 19210792 16371368
1786577210252 16357464 19210792 16371368
1786577210352 16357464 19210792 16371368
1786577210453 16357464 19210792 16371368
1786577210554 16357464 19210792 16371368
1786577210656 16357464 19210792 16371368
1786577210757 16357464 19210792 16371368
1786577210860 16357464 19210792 16371368
1786577210962 16357464 19210792 16371368
1786577211064 16357464 19210792 16371368
1786577211160 16357464 19210792 16371368
1786577211253 16357464 19210792 16371368
1786577211344 16357464 19210792 16371368
1786577211436 16357464 19210792 16371368
1786577211529 16357464 19210792 16371368
1786577211628 16357464 19210792 16371368
1786577211729 16357464 19210792 16371368
1786577211830 16357464 19210792 16371368
1786577211931 16357464 19210792 16371368
1786577212032 16357464 19210792 16371368
1786577212132 16357464 19210792 16371368
1786577212232 16357464 19210792 16371368
1786577212332 16357464 19210792 16371368
1786577212433 16357464 19210792 16371368
1786577212533 16357464 19210792 16371368
1786577212632 16357464 19210792 16371368
1786577212731 16357464 19210792 16371368
1786577212831 16357464 19210792 16371368
1786577212929 16357464 19210792 16371368
1786577213028 16357464 19210792 16371368
1786577213129 16357464 19210792 16371368
1786577213229 16357464 19210792 16371368
1786577213329 16357464 19210792 16371368
1786577213429 16357464 19210792 16371368
1786577213530 16357464 19210792 16371368
1786577213631 16357464 19210792 16371368
1786577213732 16357464 19210792 16371368
1786577213834 16357464 19210792 16371368
1786577213931 16357464 19210792 16371368
1786577214022 16357464 19210792 16371368
1786577214113 16357464 19210792 16371368
1786577214210 16357464 19210792 16371368
1786577214307 16357464 19210792 16371368
1786577214400 16357464 19210792 16371368
1786577214493 16357464 19210792 16371368
1786577214585 16357464 19210792 16371368
1786577214678 16357464 19210792 16371368
1786577214776 16357464 19210792 16371368
1786577214877 16357464 19210792 16371368
1786577214977 16357464 19210792 16371368
1786577215078 16357464 19210792 16371368
1786577215179 16357464 19210792 16371368
1786577215279 16357464 19210792 16371368
1786577215375 16357464 19210792 16371368
1786577215464 16357464 19210792 16371368
1786577215554 16357464 19210792 16371368
1786577215650 16357464 19210792 16371368
1786577215749 16357464 19210792 16371368
1786577215849 16357464 19210792 16371368
1786577215946 16357464 19210792 16371368
1786577216043 16357464 19210792 16371368
1786577216144 16357464 19210792 16371368
1786577216244 16357464 19210792 16371368
1786577216344 16357464 19210792 16371368
1786577216444 16357464 19210792 16371368
1786577216544 16357464 19210792 16371368
1786577216643 16357464 19210792 16371368
1786577216741 16357464 19210792 16371368
1786577216839 16357464 19210792 16371368
1786577216938 16357464 19210792 16371368
1786577217036 16357464 19210792 16371368
1786577217136 16357464 19210792 16371368
1786577217236 16357464 19210792 16371368
1786577217336 16357464 19210792 16371368
1786577217437 16357464 19210792 16371368
1786577217538 16357464 19210792 16371368
1786577217639 16357464 19210792 16371368
1786577217741 16357464 19210792 16371368
1786577217841 16357464 19210792 16371368
1786577217936 16365228 19210792 16371368
1786577218032 16373908 19210792 16373908
1786577218135 16376276 19210792 16376276
1786577218204 16358932 19210792 16371368
1786577218261 16357596 19210792 16371368
1786577218324 16357668 19210792 16371368
1786577218419 16357668 19210792 16371368
1786577218518 16357668 19210792 16371368
1786577218620 16357668 19210792 16371368
1786577218718 16357668 19210792 16371368
1786577218812 16357548 19210792 16371368
1786577218901 16370812 19210792 16371368
1786577218997 16357712 19210792 16371368
1786577219104 16372404 19210792 16372404
1786577219211 16382100 19210792 16382100
1786577219318 16404276 19235368 16404276
1786577219661 16386640 19235368 16404848
1786577219761 16386640 19235368 16404848
1786577219863 16379980 19235368 16404848
1786577219966 16370956 19235368 16404848
1786577220021 16364580 19235368 16404848
1786577220075 16361880 19235368 16404848
1786577220170 16370096 19235368 16404848
1786577220236 16378200 19235368 16404848
1786577220326 16380560 19235368 16404848
1786577220395 16371840 19235368 16404848
1786577220447 16362872 19235368 16404848
1786577220538 16377700 19235368 16404848
1786577220634 16361880 19235368 16404848
1786577220737 16361956 19235368 16404848
1786577220841 16361956 19235368 16404848
1786577220944 16361956 19235368 16404848
1786577221047 16361956 19235368 16404848
1786577221147 16361956 19235368 16404848
1786577221247 16361956 19235368 16404848
1786577221349 16361956 19235368 16404848
1786577221453 16361956 19235368 16404848
1786577221555 16361956 19235368 16404848
1786577221658 16361956 19235368 16404848
1786577221762 16361956 19235368 16404848
1786577221865 16361956 19235368 16404848
1786577221968 16361956 19235368 16404848
1786577222069 16361956 19235368 16404848
1786577222171 16361956 19235368 16404848
1786577222273 16361956 19235368 16404848
1786577222375 16361956 19235368 16404848
1786577222477 16361956 19235368 16404848
1786577222579 16361956 19235368 16404848
1786577222681 16361956 19235368 16404848
1786577222784 16361956 19235368 16404848
1786577222886 16361956 19235368 16404848
1786577222988 16361788 19235368 16404848
1786577223056 16361988 19235368 16404848
1786577223121 16361628 19235368 16404848
1786577223217 16375056 19235368 16404848
1786577223308 16383272 19235368 16404848
1786577223380 16379316 19235368 16404848
1786577223464 16372608 19235368 16404848
1786577223532 16375240 19235368 16404848
1786577223597 16375604 19235368 16404848
1786577223642 16383576 19235368 16404848
1786577223724 16390564 19235368 16404848
1786577223827 16394148 19235368 16404848
1786577223937 16402312 19235368 16404848
1786577224030 16409644 19235368 16409644
1786577224409 16409644 19235368 16409644
1786577224496 16415936 19282984 16415912
1786577224829 16411284 19282984 16413860
1786577224927 16411284 19282984 16413860
1786577225029 16411284 19282984 16413860
1786577225095 16411284 19282984 16413860
1786577225202 16411284 19282984 16413860
1786577225289 16411284 19282984 16413860
1786577225392 16411284 19282984 16413860
1786577225499 16411284 19282984 16413860
1786577225599 16411284 19282984 16413860
1786577225701 16393008 19282984 16413860
1786577225757 16375948 19282984 16413860
1786577225854 16375948 19282984 16413860
1786577225945 16376020 19282984 16413860
1786577226045 16376020 19282984 16413860
1786577226142 16376020 19282984 16413860
1786577226235 16376020 19282984 16413860
1786577226334 16376020 19282984 16413860
1786577226437 16376020 19282984 16413860
1786577226541 16376020 19282984 16413860
1786577226645 16376020 19282984 16413860
1786577226748 16376020 19282984 16413860
1786577226853 16376020 19282984 16413860
1786577226957 16376020 19282984 16413860
1786577227061 16376020 19282984 16413860
1786577227165 16376020 19282984 16413860
1786577227269 16376020 19282984 16413860
1786577227374 16376020 19282984 16413860
1786577227478 16376020 19282984 16413860
1786577227580 16376020 19282984 16413860
1786577227673 16376020 19282984 16413860
1786577227766 16376012 19282984 16413860
1786577227866 16392260 19282984 16413860
1786577227941 16377076 19282984 16413860
1786577228016 16390316 19282984 16413860
1786577228096 16399380 19282984 16413860
1786577228197 16400732 19282984 16413860
1786577228271 16410256 19282984 16413860
1786577228384 16415376 19303464 16415376
1786577228493 16413896 19303464 16413896
1786577228601 16406496 19303464 16413860
1786577228707 16393628 19303464 16413860
1786577228762 16390616 19303464 16413860
1786577228861 16398832 19303464 16413860
1786577228924 16406928 19303464 16413860
1786577228999 16409212 19303464 16413860
1786577229057 16409296 19303464 16413860
1786577229124 16392076 19303464 16413860
1786577229183 16398828 19303464 16413860
1786577229303 16398176 19303464 16413860
1786577229351 16390616 19303464 16413860
1786577229453 16390616 19303464 16413860
1786577229546 16390616 19303464 16413860
1786577229642 16390616 19303464 16413860
1786577229737 16390616 19303464 16413860
1786577229834 16390616 19303464 16413860
1786577229936 16390616 19303464 16413860
1786577230036 16390616 19303464 16413860
1786577230131 16390616 19303464 16413860
1786577230222 16390616 19303464 16413860
1786577230318 16390616 19303464 16413860
1786577230413 16390616 19303464 16413860
1786577230512 16390616 19303464 16413860
1786577230607 16390616 19303464 16413860
1786577230701 16390616 19303464 16413860
1786577230800 16390616 19303464 16413860
1786577230895 16390616 19303464 16413860
1786577230986 16390616 19303464 16413860
1786577231083 16390616 19303464 16413860
1786577231179 16390616 19303464 16413860
1786577231274 16390616 19303464 16413860
1786577231372 16390616 19303464 16413860
1786577231472 16390616 19303464 16413860
1786577231572 16390616 19303464 16413860
1786577231667 16390616 19303464 16413860
1786577231756 16390616 19303464 16413860
1786577231849 16390616 19303464 16413860
1786577231948 16390616 19303464 16413860
1786577232041 16390616 19303464 16413860
1786577232131 16390616 19303464 16413860
1786577232224 16390616 19303464 16413860
1786577232321 16390616 19303464 16413860
1786577232419 16390616 19303464 16413860
1786577232513 16390616 19303464 16413860
1786577232606 16390616 19303464 16413860
1786577232703 16390616 19303464 16413860
1786577232801 16390616 19303464 16413860
1786577232895 16390616 19303464 16413860
1786577232988 16390616 19303464 16413860
1786577233082 16401296 19303464 16413860
1786577233123 16403356 19303464 16413860
1786577233217 16403356 19303464 16413860
1786577233310 16403356 19303464 16413860
1786577233398 16403356 19303464 16413860
1786577233486 16403356 19303464 16413860
1786577233576 16403356 19303464 16413860
1786577233669 16403356 19303464 16413860
1786577233767 16403356 19303464 16413860
1786577233861 16403356 19303464 16413860
1786577233954 16403356 19303464 16413860
1786577234053 16403356 19303464 16413860
1786577234152 16403356 19303464 16413860
1786577234251 16403356 19303464 16413860
1786577234345 16403356 19303464 16413860
1786577234438 16403356 19303464 16413860
1786577234536 16403356 19303464 16413860
1786577234633 16403356 19303464 16413860
1786577234730 16403356 19303464 16413860
1786577234824 16403356 19303464 16413860
1786577234913 16403384 19303464 16413860
1786577235006 16403388 19303464 16413860
1786577235103 16403388 19303464 16413860
1786577235201 16403388 19303464 16413860
1786577235298 16403392 19303464 16413860
1786577235396 16403392 19303464 16413860
1786577235493 16403392 19303464 16413860
1786577235590 16403396 19303464 16413860
1786577235684 16403396 19303464 16413860
1786577235773 16403396 19303464 16413860
1786577235863 16403396 19303464 16413860
1786577235951 16403396 19303464 16413860
1786577236044 16403396 19303464 16413860
1786577236138 16403396 19303464 16413860
1786577236226 16403396 19303464 16413860
1786577236315 16403396 19303464 16413860
1786577236403 16403396 19303464 16413860
1786577236491 16403396 19303464 16413860
1786577236581 16403396 19303464 16413860
1786577236669 16403396 19303464 16413860
1786577236762 16403396 19303464 16413860
1786577236859 16403396 19303464 16413860
1786577236952 16403396 19303464 16413860
1786577237041 16403396 19303464 16413860
1786577237129 16403396 19303464 16413860
1786577237218 16403396 19303464 16413860
1786577237307 16403396 19303464 16413860
1786577237396 16403396 19303464 16413860
1786577237484 16403396 19303464 16413860
1786577237572 16403396 19303464 16413860
1786577237665 16403428 19303464 16413860
1786577237762 16403428 19303464 16413860
1786577237859 16403428 19303464 16413860
1786577237958 16403432 19303464 16413860
1786577238056 16403432 19303464 16413860
1786577238156 16403432 19303464 16413860
1786577238256 16403436 19303464 16413860
1786577238350 16403436 19303464 16413860
1786577238437 16403436 19303464 16413860
1786577238526 16403436 19303464 16413860
1786577238614 16403436 19303464 16413860
1786577238702 16403436 19303464 16413860
1786577238796 16403436 19303464 16413860
1786577238893 16403436 19303464 16413860
1786577238991 16403436 19303464 16413860
1786577239088 16403436 19303464 16413860
1786577239185 16403436 19303464 16413860
1786577239283 16403444 19303464 16413860
1786577239381 16403448 19303464 16413860
1786577239479 16403456 19303464 16413860
1786577239573 16403464 19303464 16413860
1786577239663 16403472 19303464 16413860
1786577239756 16403488 19303464 16413860
1786577239834 16411768 19303464 16413860
1786577239881 16421820 19303464 16421808
1786577240203 16436548 19303464 16436536
1786577240422 16440396 19303464 16440396
1786577240642 16440488 19303464 16440488
1786577240859 16440568 19303464 16440568
1786577241078 16440652 19303464 16440652
1786577241302 16440744 19303464 16440744
1786577241517 16440816 19303464 16440816
1786577241737 16440908 19303464 16440908
1786577241957 16440992 19303464 16440992
1786577242179 16441060 19303464 16441060
1786577242399 16441144 19303464 16441144
1786577242613 16441224 19303464 16441224
1786577242970 16441312 19303464 16441312
1786577243190 16441388 19303464 16441388
1786577243412 16441456 19303464 16445856
1786577243635 16441524 19303464 16445856
1786577243856 16441588 19303464 16445856
1786577244076 16441660 19303464 16446432
1786577244253 16441720 19303464 16446432
1786577244468 16441800 19303464 16446432
1786577244683 16441856 19303464 16446432
1786577244904 16441908 19303464 16446432
1786577245125 16441976 19303464 16446432
1786577245346 16442056 19303464 16446432
1786577245703 16442136 19303464 16446432
1786577245921 16442216 19303464 16446432
1786577246141 16442292 19303464 16446432
1786577246362 16442376 19303464 16446432
1786577246582 16442460 19303464 16446432
1786577246783 16442524 19303464 16446432
1786577246985 16442604 19303464 16446432
1786577247187 16442672 19303464 16446432
1786577247408 16442756 19303464 16446432
1786577247625 16442840 19303464 16446432
1786577247844 16442908 19303464 16446432
1786577248061 16442992 19303464 16446432
1786577248408 16443072 19303464 16446432
1786577248613 16443152 19303464 16446432
1786577248817 16443232 19303464 16446432
1786577249030 16443304 19303464 16446432
1786577249247 16443384 19303464 16446432
1786577249461 16443448 19303464 16448160
1786577249681 16443532 19303464 16448160
1786577249893 16443604 19303464 16448160
1786577250112 16443696 19303464 16448160
1786577250331 16443784 19303464 16448160
1786577250544 16443860 19303464 16448160
1786577250765 16443940 19303464 16448160
1786577251117 16444024 19303464 16448160
1786577251335 16444100 19303464 16448736
1786577251542 16444176 19303464 16448736
1786577251743 16444248 19303464 16448736
1786577251956 16444332 19303464 16448736
1786577252171 16444428 19303464 16448736
1786577252387 16444632 19303464 16449312
1786577252599 16444920 19303464 16449312
1786577252812 16445344 19303464 16449888
1786577253017 16445628 19303464 16449888
1786577253224 16446044 19303464 16450464
1786577253437 16446548 19303464 16451040
1786577253634 16446960 19303464 16451616
1786577253978 16447484 19303464 16452192
1786577254184 16447796 19303464 16452192
1786577254401 16448112 19303464 16452768
1786577254599 16448452 19303464 16452768
1786577254810 16448340 19303464 16452768
1786577254913 16448428 19303464 16453344
1786577255015 16448428 19303464 16453344
1786577255119 16448428 19303464 16453344
1786577255222 16448428 19303464 16453344
1786577255326 16448428 19303464 16453344
1786577255431 16448428 19303464 16453344
1786577255535 16448436 19303464 16453344
1786577255600 16448208 19303464 16453344
1786577255703 16448208 19303464 16453344
1786577255784 16448296 19303464 16453344
1786577255888 16448296 19303464 16453344
1786577255990 16448296 19303464 16453344
1786577256094 16448296 19303464 16453344
1786577256198 16448296 19303464 16453344
1786577256301 16448296 19303464 16453344
1786577256404 16448296 19303464 16453344
1786577256485 16448200 19303464 16453344
1786577256585 16448200 19303464 16453344
1786577256639 16448280 19303464 16453344
1786577256742 16448280 19303464 16453344
1786577256844 16448280 19303464 16453344
1786577256946 16448280 19303464 16453344
1786577257050 16448280 19303464 16453344
1786577257154 16448280 19303464 16453344
1786577257253 16448280 19303464 16453344
1786577257341 16448128 19303464 16453344
1786577257407 16448216 19303464 16453344
1786577257514 16448216 19303464 16453344
1786577257621 16448216 19303464 16453344
1786577257729 16448216 19303464 16453344
1786577257828 16448216 19303464 16453344
1786577257926 16448216 19303464 16453344
1786577258025 16448216 19303464 16453344
1786577258123 16448216 19303464 16453344
1786577258225 16448216 19303464 16453344
1786577258329 16448224 19303464 16453344
1786577258434 16448224 19303464 16453344
1786577258539 16448224 19303464 16453344
1786577258644 16448224 19303464 16453344
1786577258751 16448224 19303464 16453344
1786577258858 16448224 19303464 16453344
1786577258965 16448224 19303464 16453344
1786577259070 16448224 19303464 16453344
1786577259177 16448224 19303464 16453344
1786577259283 16448224 19303464 16453344
1786577259390 16448224 19303464 16453344
1786577259496 16448224 19303464 16453344
1786577259602 16448224 19303464 16453344
1786577259707 16448224 19303464 16453344
1786577259813 16448224 19303464 16453344
1786577259919 16448224 19303464 16453344
1786577260027 16448224 19303464 16453344
1786577260134 16448224 19303464 16453344
1786577260444 16448224 19303464 16453344
1786577260552 16448224 19303464 16453344
1786577260659 16448224 19303464 16453344
1786577260766 16448224 19303464 16453344
1786577260872 16448224 19303464 16453344
1786577260978 16448224 19303464 16453344
1786577261085 16448224 19303464 16453344
1786577261188 16448128 19303464 16453344
1786577261291 16456488 19303464 16458528
1786577261635 16464744 19303464 16464744
1786577261855 16456584 19303464 16461984
1786577261952 16464864 19303464 16464864
1786577262184 16464956 19303464 16464956
1786577262382 16456672 19303464 16461984
1786577262483 16464944 19303464 16464944
1786577262563 16467112 19303464 16467112
1786577262792 16467112 19303464 16467112
1786577262899 16467112 19303464 16467112
1786577263001 16467112 19303464 16467112
1786577263105 16467112 19303464 16467112
1786577263210 16467312 19303464 16467312
1786577263441 16473192 19303464 16473192
1786577263680 16473192 19303464 16473192
1786577263783 16473192 19303464 16473192
1786577263880 16473192 19303464 16473192
1786577263988 16473192 19303464 16473192
1786577264099 16475248 19303464 16475248
1786577264450 16493124 19303464 16493124
1786577264679 16493124 19303464 16493124
1786577264779 16493124 19303464 16493124
1786577264848 16493124 19303464 16493124
1786577264956 16492384 19303464 16492384
1786577265060 16482764 19303464 16482764
1786577265153 16468364 19303464 16480860
1786577265256 16468400 19303464 16480860
1786577265317 16468268 19303464 16480860
1786577265420 16468268 19303464 16480860
1786577265522 16468268 19303464 16480860
1786577265625 16468268 19303464 16480860
1786577265728 16468268 19303464 16480860
1786577265833 16468268 19303464 16480860
1786577265936 16468268 19303464 16480860
1786577266040 16468268 19303464 16480860
1786577266144 16468268 19303464 16480860
1786577266248 16468268 19303464 16480860
1786577266351 16468268 19303464 16480860
1786577266450 16468220 19303464 16480860
1786577266546 16468220 19303464 16480860
1786577266648 16468220 19303464 16480860
1786577266746 16468220 19303464 16480860
1786577266846 16468220 19303464 16480860
1786577266949 16468220 19303464 16480860
1786577267053 16468220 19303464 16480860
1786577267155 16468220 19303464 16480860
1786577267257 16468220 19303464 16480860
1786577267360 16468220 19303464 16480860
1786577267463 16468220 19303464 16480860
1786577267565 16468220 19303464 16480860
1786577267669 16468220 19303464 16480860
1786577267771 16468220 19303464 16480860
1786577267874 16468220 19303464 16480860
1786577267975 16468220 19303464 16480860
1786577268078 16468220 19303464 16480860
1786577268182 16468220 19303464 16480860
1786577268286 16468220 19303464 16480860
1786577268390 16468220 19303464 16480860
1786577268495 16468220 19303464 16480860
1786577268599 16468220 19303464 16480860
1786577268703 16468232 19303464 16480860
1786577268807 16468232 19303464 16480860
1786577268911 16468232 19303464 16480860
1786577269008 16468232 19303464 16480860
1786577269102 16468232 19303464 16480860
1786577269204 16468232 19303464 16480860
1786577269304 16468232 19303464 16480860
1786577269405 16468232 19303464 16480860
1786577269509 16468232 19303464 16480860
1786577269613 16468232 19303464 16480860
1786577269717 16468232 19303464 16480860
1786577269820 16468232 19303464 16480860
1786577269924 16468232 19303464 16480860
1786577270029 16468232 19303464 16480860
1786577270131 16468232 19303464 16480860
1786577270234 16468232 19303464 16480860
1786577270337 16468232 19303464 16480860
1786577270440 16468232 19303464 16480860
1786577270543 16468232 19303464 16480860
1786577270646 16468232 19303464 16480860
1786577270749 16468232 19303464 16480860
1786577270853 16468232 19303464 16480860
1786577270957 16468232 19303464 16480860
1786577271060 16468232 19303464 16480860
1786577271164 16468232 19303464 16480860
1786577271269 16468232 19303464 16480860
1786577271373 16468232 19303464 16480860
1786577271477 16468232 19303464 16480860
1786577271579 16468232 19303464 16480860
1786577271682 16468232 19303464 16480860
1786577271784 16468232 19303464 16480860
1786577271886 16468232 19303464 16480860
1786577271988 16468232 19303464 16480860
1786577272090 16468232 19303464 16480860
1786577272191 16468232 19303464 16480860
1786577272295 16468232 19303464 16480860
1786577272400 16468232 19303464 16480860
1786577272504 16468232 19303464 16480860
1786577272608 16468232 19303464 16480860
1786577272712 16468232 19303464 16480860
1786577272815 16468232 19303464 16480860
1786577272917 16468232 19303464 16480860
1786577273020 16468232 19303464 16480860
1786577273122 16468232 19303464 16480860
1786577273226 16468232 19303464 16480860
1786577273328 16468232 19303464 16480860
1786577273431 16468232 19303464 16480860
1786577273534 16468232 19303464 16480860
1786577273637 16468232 19303464 16480860
1786577273741 16468232 19303464 16480860
1786577273844 16468232 19303464 16480860
1786577273948 16468232 19303464 16480860
1786577274052 16468232 19303464 16480860
1786577274150 16468232 19303464 16480860
1786577274248 16468232 19303464 16480860
1786577274349 16468232 19303464 16480860
1786577274451 16468232 19303464 16480860
1786577274554 16468232 19303464 16480860
1786577274656 16468232 19303464 16480860
1786577274758 16468232 19303464 16480860
1786577274859 16468232 19303464 16480860
1786577274961 16468232 19303464 16480860
1786577275064 16468232 19303464 16480860
1786577275168 16468232 19303464 16480860
1786577275271 16468232 19303464 16480860
1786577275374 16468232 19303464 16480860
1786577275478 16468232 19303464 16480860
1786577275581 16468232 19303464 16480860
1786577275682 16468232 19303464 16480860
1786577275784 16468232 19303464 16480860
1786577275885 16468232 19303464 16480860
1786577275989 16468232 19303464 16480860
1786577276093 16468232 19303464 16480860
1786577276197 16468232 19303464 16480860
1786577276301 16468232 19303464 16480860
1786577276404 16468232 19303464 16480860
1786577276507 16468232 19303464 16480860
1786577276610 16468232 19303464 16480860
1786577276715 16468232 19303464 16480860
1786577276819 16476536 19303464 16480860
1786577276920 16485900 19303464 16485900
1786577277023 16487320 19303464 16487320
1786577277096 16468640 19303464 16480860
1786577277200 16468712 19303464 16480860
1786577277305 16468712 19303464 16480860
1786577277405 16468712 19303464 16480860
1786577277500 16468712 19303464 16480860
1786577277601 16468712 19303464 16480860
1786577277673 16468680 19303464 16480860
1786577277764 16481856 19303464 16481856
1786577277862 16470236 19303464 16480860
1786577277973 16484328 19303464 16484328
1786577278081 16492632 19303464 16492632
1786577278174 16496520 19303464 16496516
1786577278539 16502944 19303464 16502944
1786577278758 16503128 19303464 16503128
1786577278954 16497948 19303464 16497948
1786577279042 16486868 19303464 16497496
1786577279090 16487048 19303464 16497496
1786577279146 16487048 19303464 16497496
1786577279226 16487048 19303464 16497496
1786577279299 16485996 19303464 16497496
1786577279402 16491120 19303464 16497496
1786577279500 16502748 19303464 16502748
1786577279569 16506216 19303464 16506216
1786577279819 16489380 19303464 16497804
1786577279882 16492732 19303464 16497804
1786577279968 16502496 19303464 16502496
1786577280064 16485852 19303464 16497804
1786577280130 16485928 19303464 16497804
1786577280231 16485928 19303464 16497804
1786577280328 16485928 19303464 16497804
1786577280431 16485928 19303464 16497804
1786577280537 16485928 19303464 16497804
1786577280645 16485928 19303464 16497804
1786577280752 16485928 19303464 16497804
1786577280859 16485928 19303464 16497804
1786577280965 16485928 19303464 16497804
1786577281066 16485928 19303464 16497804
1786577281164 16485928 19303464 16497804
1786577281267 16485928 19303464 16497804
1786577281367 16485928 19303464 16497804
1786577281465 16485928 19303464 16497804
1786577281565 16485928 19303464 16497804
1786577281665 16485928 19303464 16497804
1786577281766 16485928 19303464 16497804
1786577281870 16485928 19303464 16497804
1786577281975 16485928 19303464 16497804
1786577282079 16485928 19303464 16497804
1786577282183 16485928 19303464 16497804
1786577282284 16485928 19303464 16497804
1786577282377 16485928 19303464 16497804
1786577282476 16485768 19303464 16497804
1786577282576 16487740 19303464 16497804
1786577282669 16498144 19303464 16501464
1786577282776 16507428 19303464 16507428
1786577283152 16498328 19303464 16504184
1786577283260 16505888 19303464 16505888
1786577283368 16511584 19303464 16511552
1786577283594 16512800 19303464 16512800
1786577283836 16525900 19325032 16525900
1786577284067 16525900 19325032 16525900
1786577284164 16525900 19325032 16525900
1786577284236 16527176 19325032 16527176
1786577284437 16527176 19325032 16527176
1786577284537 16528332 19325032 16528332
1786577284797 16531020 19325032 16531020
1786577285049 16533580 19325032 16533580
1786577285310 16533580 19325032 16533580
1786577285383 16533580 19325032 16533580
1786577285486 16535628 19325032 16535628
1786577285751 16535628 19325032 16535628
1786577285855 16535628 19325032 16535628
1786577285956 16519160 19325032 16528792
1786577286009 16513112 19325032 16528792
1786577286079 16511888 19325032 16528792
1786577286180 16511888 19325032 16528792
1786577286285 16511952 19325032 16528792
1786577286392 16511960 19325032 16528792
1786577286499 16511960 19325032 16528792
1786577286606 16511960 19325032 16528792
1786577286712 16511960 19325032 16528792
1786577286819 16511960 19325032 16528792
1786577286927 16511960 19325032 16528792
1786577287030 16511960 19325032 16528792
1786577287130 16511960 19325032 16528792
1786577287234 16511960 19325032 16528792
1786577287342 16511960 19325032 16528792
1786577287450 16511960 19325032 16528792
1786577287557 16511960 19325032 16528792
1786577287664 16511960 19325032 16528792
1786577287773 16511960 19325032 16528792
1786577287882 16511960 19325032 16528792
1786577287991 16511960 19325032 16528792
1786577288098 16511792 19325032 16528792
1786577288156 16520056 19325032 16528792
1786577288262 16512364 19325032 16528792
1786577288374 16529224 19325032 16529224
1786577288485 16528152 19325032 16529108
1786577288598 16535520 19325032 16535520
1786577288707 16537836 19325032 16537836
1786577289095 16536356 19325032 16536356
1786577289187 16530436 19325032 16534592
1786577289278 16515896 19325032 16534592
1786577289333 16513076 19325032 16534592
1786577289438 16521292 19325032 16534592
1786577289496 16529388 19325032 16534592
1786577289614 16533296 19325032 16534592
1786577289723 16515532 19325032 16534592
1786577289801 16527944 19325032 16534592
1786577289901 16513076 19325032 16534592
1786577290009 16513076 19325032 16534592
1786577290116 16513076 19325032 16534592
1786577290221 16513076 19325032 16534592
1786577290327 16513076 19325032 16534592
1786577290432 16513076 19325032 16534592
1786577290537 16513076 19325032 16534592
1786577290643 16513076 19325032 16534592
1786577290747 16513076 19325032 16534592
1786577290848 16513076 19325032 16534592
1786577290943 16513076 19325032 16534592
1786577291045 16513076 19325032 16534592
1786577291151 16513076 19325032 16534592
1786577291256 16513076 19325032 16534592
1786577291363 16513076 19325032 16534592
1786577291470 16513076 19325032 16534592
1786577291577 16513076 19325032 16534592
1786577291677 16513076 19325032 16534592
1786577291778 16513076 19325032 16534592
1786577291881 16513076 19325032 16534592
1786577291986 16513076 19325032 16534592
1786577292089 16513076 19325032 16534592
1786577292192 16513076 19325032 16534592
1786577292295 16513076 19325032 16534592
1786577292399 16513076 19325032 16534592
1786577292501 16513076 19325032 16534592
1786577292604 16513076 19325032 16534592
1786577292710 16513076 19325032 16534592
1786577292814 16513076 19325032 16534592
1786577292918 16513076 19325032 16534592
1786577293022 16513076 19325032 16534592
1786577293125 16513076 19325032 16534592
1786577293230 16513076 19325032 16534592
1786577293334 16513076 19325032 16534592
1786577293438 16518760 19325032 16534592
1786577293542 16518760 19325032 16534592
1786577293647 16518760 19325032 16534592
1786577293751 16518760 19325032 16534592
1786577293855 16518760 19325032 16534592
1786577293958 16518760 19325032 16534592
1786577294061 16518760 19325032 16534592
1786577294166 16518760 19325032 16534592
1786577294269 16518760 19325032 16534592
1786577294373 16518760 19325032 16534592
1786577294477 16518760 19325032 16534592
1786577294581 16518760 19325032 16534592
1786577294685 16518760 19325032 16534592
1786577294788 16518760 19325032 16534592
1786577294892 16518760 19325032 16534592
1786577294996 16518760 19325032 16534592
1786577295099 16518760 19325032 16534592
1786577295202 16518788 19325032 16534592
1786577295306 16518792 19325032 16534592
1786577295410 16518792 19325032 16534592
1786577295513 16518792 19325032 16534592
1786577295617 16518796 19325032 16534592
1786577295721 16518796 19325032 16534592
1786577295825 16518796 19325032 16534592
1786577295928 16518800 19325032 16534592
1786577296031 16518800 19325032 16534592
1786577296134 16518800 19325032 16534592
1786577296237 16518800 19325032 16534592
1786577296342 16518800 19325032 16534592
1786577296445 16518800 19325032 16534592
1786577296549 16518800 19325032 16534592
1786577296652 16518800 19325032 16534592
1786577296755 16518800 19325032 16534592
1786577296859 16518800 19325032 16534592
1786577296963 16518800 19325032 16534592
1786577297067 16518800 19325032 16534592
1786577297170 16518800 19325032 16534592
1786577297273 16518800 19325032 16534592
1786577297377 16518800 19325032 16534592
1786577297481 16518800 19325032 16534592
1786577297585 16518800 19325032 16534592
1786577297689 16518800 19325032 16534592
1786577297792 16518800 19325032 16534592
1786577297896 16518828 19325032 16534592
1786577298000 16518832 19325032 16534592
1786577298103 16518832 19325032 16534592
1786577298207 16518832 19325032 16534592
1786577298310 16518836 19325032 16534592
1786577298414 16518836 19325032 16534592
1786577298517 16518836 19325032 16534592
1786577298621 16518840 19325032 16534592
1786577298724 16518840 19325032 16534592
1786577298826 16518840 19325032 16534592
1786577298930 16518840 19325032 16534592
1786577299036 16518840 19325032 16534592
1786577299139 16518840 19325032 16534592
1786577299243 16518840 19325032 16534592
1786577299347 16518840 19325032 16534592
1786577299451 16518852 19325032 16534592
1786577299556 16518864 19325032 16534592
1786577299659 16518872 19325032 16534592
1786577299763 16518892 19325032 16534592
1786577299805 16527576 19325032 16534592
1786577299892 16537336 19325032 16537328
1786577299968 16544624 19325032 16544612
1786577300303 16555512 19325032 16555512
1786577300534 16555536 19325032 16555536
1786577300758 16555620 19325032 16555620
1786577300985 16555700 19325032 16555700
1786577301214 16555784 19325032 16555784
1786577301441 16555872 19325032 16555872
1786577301659 16555940 19325032 16555940
1786577301880 16556024 19325032 16556024
1786577302097 16556100 19325032 16556100
1786577302324 16556184 19325032 16556184
1786577302547 16556264 19325032 16556264
1786577302766 16556340 19325032 16556340
1786577303130 16556420 19325032 16556420
1786577303355 16556500 19325032 16556500
1786577303583 16556580 19325032 16556580
1786577303813 16556656 19325032 16556656
1786577304020 16556728 19325032 16556728
1786577304242 16556812 19325032 16556812
1786577304466 16556896 19325032 16556896
1786577304694 16556972 19325032 16556972
1786577304920 16557056 19325032 16557056
1786577305140 16557136 19325032 16557136
1786577305367 16557224 19325032 16557224
1786577305590 16557308 19325032 16557308
1786577305952 16557368 19325032 16557368
1786577306177 16557456 19325032 16557456
1786577306385 16557528 19325032 16557528
1786577306589 16557600 19325032 16557600
1786577306793 16557676 19325032 16557676
1786577306996 16557756 19325032 16557756
1786577307200 16557828 19325032 16557828
1786577307404 16557900 19325032 16557900
1786577307610 16557980 19325032 16557980
1786577307810 16558056 19325032 16558056
1786577308014 16558128 19325032 16558128
1786577308207 16558204 19325032 16558204
1786577308412 16558276 19325032 16558276
1786577308737 16558356 19325032 16558356
1786577308940 16558428 19325032 16558428
1786577309142 16558504 19325032 16558504
1786577309344 16558560 19325032 16558560
1786577309567 16558644 19325032 16558644
1786577309791 16558720 19325032 16558720
1786577310013 16558804 19325032 16558804
1786577310238 16558888 19325032 16558888
1786577310448 16558964 19325032 16558964
1786577310667 16559048 19325032 16559048
1786577310881 16559116 19325032 16559116
1786577311226 16559188 19325032 16559188
1786577311427 16559256 19325032 16559256
1786577311643 16559336 19325032 16559336
1786577311851 16559408 19325032 16559408
1786577312070 16559488 19325032 16559488
1786577312293 16559656 19325032 16559656
1786577312504 16560084 19325032 16564008
1786577312718 16560500 19325032 16564584
1786577312935 16560876 19325032 16564584
1786577313150 16561320 19325032 16564584
1786577313369 16561840 19325032 16565736
1786577313585 16562376 19325032 16566312
1786577313803 16562872 19325032 16566888
1786577314163 16563404 19325032 16567464
1786577314346 16563656 19325032 16567464
1786577314524 16563424 19325032 16567464
1786577314626 16563512 19325032 16567464
1786577314735 16563512 19325032 16567464
1786577314844 16563512 19325032 16567464
1786577314952 16563512 19325032 16567464
1786577315060 16563512 19325032 16567464
1786577315168 16563512 19325032 16567464
1786577315276 16563512 19325032 16567464
1786577315338 16563348 19325032 16567464
1786577315441 16563308 19325032 16567464
1786577315504 16563396 19325032 16567464
1786577315612 16563396 19325032 16567464
1786577315720 16563396 19325032 16567464
1786577315827 16563396 19325032 16567464
1786577315935 16563396 19325032 16567464
1786577316043 16563396 19325032 16567464
1786577316151 16563396 19325032 16567464
1786577316249 16563260 19325032 16567464
1786577316324 16563348 19325032 16567464
1786577316432 16563348 19325032 16567464
1786577316536 16563348 19325032 16567464
1786577316636 16563348 19325032 16567464
1786577316734 16563348 19325032 16567464
1786577316834 16563348 19325032 16567464
1786577316934 16563348 19325032 16567464
1786577317031 16563244 19325032 16567464
1786577317114 16563332 19325032 16567464
1786577317219 16563332 19325032 16567464
1786577317320 16563332 19325032 16567464
1786577317421 16563332 19325032 16567464
1786577317518 16563332 19325032 16567464
1786577317626 16563332 19325032 16567464
1786577317737 16563332 19325032 16567464
1786577317849 16563332 19325032 16567464
1786577317958 16563340 19325032 16567464
1786577318061 16563340 19325032 16567464
1786577318159 16563340 19325032 16567464
1786577318258 16563340 19325032 16567464
1786577318343 16563328 19325032 16567464
1786577318443 16563332 19325032 16567464
1786577318545 16563332 19325032 16567464
1786577318652 16563332 19325032 16567464
1786577318761 16563332 19325032 16567464
1786577318868 16563332 19325032 16567464
1786577318975 16563332 19325032 16567464
1786577319087 16563332 19325032 16567464
1786577319196 16563332 19325032 16567464
1786577319270 16563340 19325032 16567464
1786577319372 16563340 19325032 16567464
1786577319472 16563340 19325032 16567464
1786577319573 16563340 19325032 16567464
1786577319678 16563340 19325032 16567464
1786577319785 16563340 19325032 16567464
1786577319886 16563340 19325032 16567464
1786577319988 16563340 19325032 16567464
1786577320086 16563340 19325032 16567464
1786577320194 16563340 19325032 16567464
1786577320307 16563340 19325032 16567464
1786577320419 16563340 19325032 16567464
1786577320523 16563340 19325032 16567464
1786577320628 16563340 19325032 16567464
1786577320738 16563340 19325032 16567464
1786577320848 16563340 19325032 16567464
1786577320944 16563244 19325032 16567464
1786577321046 16573668 19325032 16573668
1786577321397 16581924 19325032 16581924
1786577321610 16573764 19325032 16574876
1786577321712 16583076 19325032 16583076
1786577321946 16584724 19325032 16584724
1786577322144 16576252 19325032 16576564
1786577322251 16585836 19325032 16585836
1786577322481 16586852 19325032 16586852
1786577322720 16588900 19325032 16588900
1786577322941 16588900 19325032 16588900
1786577323047 16588900 19325032 16588900
1786577323154 16588900 19325032 16588900
1786577323257 16594200 19325032 16594200
1786577323503 16594980 19325032 16594980
1786577323731 16594980 19325032 16594980
1786577323838 16596004 19325032 16596004
1786577324201 16596004 19325032 16596004
1786577324318 16604204 19326624 16604204
1786577324597 16609428 19326624 16609428
1786577324819 16609428 19326624 16609428
1786577324933 16609428 19326624 16609428
1786577325012 16609428 19326624 16609428
1786577325084 16609428 19326624 16609428
1786577325196 16595368 19326624 16604988
1786577325299 16584668 19326624 16604988
1786577325404 16584668 19326624 16604988
1786577325469 16584668 19326624 16604988
1786577325573 16584668 19326624 16604988
1786577325678 16584668 19326624 16604988
1786577325784 16584668 19326624 16604988
1786577325888 16584668 19326624 16604988
1786577325994 16584668 19326624 16604988
1786577326101 16584668 19326624 16604988
1786577326207 16584668 19326624 16604988
1786577326315 16584668 19326624 16604988
1786577326422 16584668 19326624 16604988
1786577326530 16584668 19326624 16604988
1786577326631 16584628 19326624 16604988
1786577326738 16584628 19326624 16604988
1786577326843 16584628 19326624 16604988
1786577326947 16584628 19326624 16604988
1786577327052 16584628 19326624 16604988
1786577327158 16584628 19326624 16604988
1786577327265 16584628 19326624 16604988
1786577327372 16584628 19326624 16604988
1786577327478 16584628 19326624 16604988
1786577327585 16584628 19326624 16604988
1786577327692 16584628 19326624 16604988
1786577327798 16584620 19326624 16604988
1786577327905 16584620 19326624 16604988
1786577328012 16584620 19326624 16604988
1786577328117 16584620 19326624 16604988
1786577328222 16584620 19326624 16604988
1786577328328 16584620 19326624 16604988
1786577328435 16584620 19326624 16604988
1786577328541 16584620 19326624 16604988
1786577328648 16584620 19326624 16604988
1786577328754 16584620 19326624 16604988
1786577328862 16584620 19326624 16604988
1786577328968 16584624 19326624 16604988
1786577329075 16584624 19326624 16604988
1786577329182 16584624 19326624 16604988
1786577329289 16584624 19326624 16604988
1786577329396 16584624 19326624 16604988
1786577329504 16584624 19326624 16604988
1786577329611 16584624 19326624 16604988
1786577329718 16584624 19326624 16604988
1786577329825 16584624 19326624 16604988
1786577329931 16584624 19326624 16604988
1786577330038 16584624 19326624 16604988
1786577330145 16584624 19326624 16604988
1786577330245 16584624 19326624 16604988
1786577330348 16584624 19326624 16604988
1786577330455 16584624 19326624 16604988
1786577330559 16584624 19326624 16604988
1786577330664 16584624 19326624 16604988
1786577330769 16584624 19326624 16604988
1786577330875 16584624 19326624 16604988
1786577330980 16584624 19326624 16604988
1786577331086 16584624 19326624 16604988
1786577331192 16584624 19326624 16604988
1786577331299 16584624 19326624 16604988
1786577331404 16584624 19326624 16604988
1786577331510 16584624 19326624 16604988
1786577331616 16584624 19326624 16604988
1786577331717 16584624 19326624 16604988
1786577331817 16584624 19326624 16604988
1786577331921 16584624 19326624 16604988
1786577332021 16584624 19326624 16604988
1786577332117 16584624 19326624 16604988
1786577332218 16584624 19326624 16604988
1786577332324 16584624 19326624 16604988
1786577332430 16584624 19326624 16604988
1786577332530 16584624 19326624 16604988
1786577332633 16584624 19326624 16604988
1786577332740 16584624 19326624 16604988
1786577332847 16584624 19326624 16604988
1786577332954 16584624 19326624 16604988
1786577333060 16584624 19326624 16604988
1786577333165 16584624 19326624 16604988
1786577333270 16584624 19326624 16604988
1786577333375 16584624 19326624 16604988
1786577333480 16584624 19326624 16604988
1786577333586 16584624 19326624 16604988
1786577333693 16584624 19326624 16604988
1786577333800 16584624 19326624 16604988
1786577333908 16584624 19326624 16604988
1786577334014 16584624 19326624 16604988
1786577334121 16584624 19326624 16604988
1786577334228 16584624 19326624 16604988
1786577334334 16584624 19326624 16604988
1786577334439 16584624 19326624 16604988
1786577334544 16584624 19326624 16604988
1786577334648 16584624 19326624 16604988
1786577334754 16584624 19326624 16604988
1786577334861 16584624 19326624 16604988
1786577334968 16584624 19326624 16604988
1786577335068 16584624 19326624 16604988
1786577335170 16584624 19326624 16604988
1786577335278 16584624 19326624 16604988
1786577335385 16584624 19326624 16604988
1786577335491 16584624 19326624 16604988
1786577335598 16584624 19326624 16604988
1786577335704 16584624 19326624 16604988
1786577335810 16584624 19326624 16604988
1786577335909 16584624 19326624 16604988
1786577336003 16584624 19326624 16604988
1786577336097 16584624 19326624 16604988
1786577336193 16584624 19326624 16604988
1786577336295 16584624 19326624 16604988
1786577336395 16584624 19326624 16604988
1786577336490 16584624 19326624 16604988
1786577336591 16584624 19326624 16604988
1786577336697 16584624 19326624 16604988
1786577336804 16584624 19326624 16604988
1786577336911 16584624 19326624 16604988
1786577337012 16584624 19326624 16604988
1786577337066 16592888 19326624 16604988
1786577337157 16602364 19326624 16604988
1786577337241 16604908 19326624 16604988
1786577337336 16587080 19326624 16604988
1786577337418 16586264 19326624 16604988
1786577337523 16586300 19326624 16604988
1786577337631 16586300 19326624 16604988
1786577337734 16586300 19326624 16604988
1786577337839 16586300 19326624 16604988
1786577337938 16586180 19326624 16604988
1786577338022 16596808 19326624 16604988
1786577338118 16588648 19326624 16604988
1786577338194 16589852 19326624 16604988
1786577338315 16604328 19326624 16604988
1786577338427 16609448 19326624 16609448
1786577338791 16621184 19326624 16621176
1786577338997 16621520 19326624 16621520
1786577339250 16618676 19326624 16618676
1786577339362 16604952 19326624 16612596
1786577339441 16596760 19326624 16612596
1786577339546 16604976 19326624 16612596
1786577339609 16613072 19326624 16613072
1786577339710 16616980 19326624 16616980
1786577339819 16599520 19326624 16612596
1786577339911 16603952 19326624 16612596
1786577339995 16613264 19326624 16613264
1786577340100 16596728 19326624 16612596
1786577340199 16596800 19326624 16612596
1786577340303 16596800 19326624 16612596
1786577340409 16596800 19326624 16612596
1786577340520 16596800 19326624 16612596
1786577340623 16596800 19326624 16612596
1786577340729 16596800 19326624 16612596
1786577340833 16596800 19326624 16612596
1786577340938 16596800 19326624 16612596
1786577341049 16596800 19326624 16612596
1786577341152 16596800 19326624 16612596
1786577341251 16596800 19326624 16612596
1786577341349 16596800 19326624 16612596
1786577341453 16596800 19326624 16612596
1786577341561 16596800 19326624 16612596
1786577341669 16596800 19326624 16612596
1786577341776 16596800 19326624 16612596
1786577341883 16596800 19326624 16612596
1786577341990 16596800 19326624 16612596
1786577342098 16596800 19326624 16612596
1786577342205 16596800 19326624 16612596
1786577342311 16596800 19326624 16612596
1786577342418 16596800 19326624 16612596
1786577342521 16596756 19326624 16612596
1786577342603 16598096 19326624 16612596
1786577342707 16609436 19326624 16612596
1786577342812 16617676 19326624 16617676
1786577342881 16613848 19326624 16613848
1786577342939 16609068 19326624 16612956
1786577343046 16613640 19326624 16613640
1786577343153 16621508 19326624 16621492
1786577343238 16624076 19326624 16624076
1786577343611 16629640 19474080 16629636
1786577343875 16631312 19474080 16631312
1786577344120 16631008 19474080 16631008
1786577344180 16638004 19474080 16637984
1786577344435 16632472 19474080 16632472
1786577344535 16633628 19474080 16633628
1786577344655 16636316 19474080 16636316
1786577344764 16638876 19474080 16638876
1786577345025 16638876 19474080 16638876
1786577345108 16638876 19474080 16638876
1786577345218 16640924 19474080 16640924
1786577345483 16640924 19474080 16640924
1786577345597 16640924 19474080 16640924
1786577345709 16620632 19474080 16635476
1786577345807 16616164 19474080 16635476
1786577345914 16616164 19474080 16635476
1786577346020 16616236 19474080 16635476
1786577346132 16616236 19474080 16635476
1786577346243 16616236 19474080 16635476
1786577346355 16616236 19474080 16635476
1786577346466 16616236 19474080 16635476
1786577346576 16616236 19474080 16635476
1786577346686 16616236 19474080 16635476
1786577346796 16616236 19474080 16635476
1786577346907 16616236 19474080 16635476
1786577347018 16616236 19474080 16635476
1786577347129 16616236 19474080 16635476
1786577347240 16616236 19474080 16635476
1786577347351 16616236 19474080 16635476
1786577347462 16616236 19474080 16635476
1786577347573 16616236 19474080 16635476
1786577347684 16616236 19474080 16635476
1786577347790 16616236 19474080 16635476
1786577347879 16616132 19474080 16635476
1786577347937 16624364 19474080 16635476
1786577348044 16607972 19474080 16635476
1786577348174 16625304 19474080 16635476
1786577348282 16631960 19474080 16635476
1786577348346 16632868 19474080 16635476
1786577348452 16633504 19474080 16635476
1786577348571 16632764 19474080 16635476
1786577348684 16630708 19474080 16635476
1786577348784 16621564 19474080 16635476
1786577348878 16614544 19474080 16635476
1786577348949 16614544 19474080 16635476
1786577349056 16613348 19474080 16635476
1786577349160 16621564 19474080 16635476
1786577349256 16630436 19474080 16635476
1786577349317 16633568 19474080 16635476
1786577349430 16618484 19474080 16635476
1786577349524 16619892 19474080 16635476
1786577349629 16628868 19474080 16635476
1786577349719 16613332 19474080 16635476
1786577349823 16613332 19474080 16635476
1786577349930 16613332 19474080 16635476
1786577350036 16613332 19474080 16635476
1786577350143 16613332 19474080 16635476
1786577350250 16613332 19474080 16635476
1786577350356 16613332 19474080 16635476
1786577350464 16613332 19474080 16635476
1786577350571 16613332 19474080 16635476
1786577350677 16613332 19474080 16635476
1786577350785 16613332 19474080 16635476
1786577350891 16613332 19474080 16635476
1786577350998 16613332 19474080 16635476
1786577351105 16613332 19474080 16635476
1786577351212 16613332 19474080 16635476
1786577351320 16613332 19474080 16635476
1786577351427 16613332 19474080 16635476
1786577351534 16613332 19474080 16635476
1786577351642 16613332 19474080 16635476
1786577351750 16613332 19474080 16635476
1786577351857 16613332 19474080 16635476
1786577351965 16613332 19474080 16635476
1786577352073 16613332 19474080 16635476
1786577352179 16613332 19474080 16635476
1786577352285 16613332 19474080 16635476
1786577352391 16613332 19474080 16635476
1786577352499 16613332 19474080 16635476
1786577352605 16613332 19474080 16635476
1786577352712 16613332 19474080 16635476
1786577352821 16613332 19474080 16635476
1786577352929 16613332 19474080 16635476
1786577353036 16620716 19474080 16635476
1786577353108 16624652 19474080 16635476
1786577353215 16624652 19474080 16635476
1786577353322 16624652 19474080 16635476
1786577353430 16624652 19474080 16635476
1786577353538 16624652 19474080 16635476
1786577353646 16624652 19474080 16635476
1786577353754 16624652 19474080 16635476
1786577353862 16624652 19474080 16635476
1786577353970 16624652 19474080 16635476
1786577354078 16624652 19474080 16635476
1786577354185 16624652 19474080 16635476
1786577354293 16624652 19474080 16635476
1786577354401 16624652 19474080 16635476
1786577354507 16624652 19474080 16635476
1786577354615 16624652 19474080 16635476
1786577354720 16624684 19474080 16635476
1786577354827 16624684 19474080 16635476
1786577354934 16624684 19474080 16635476
1786577355041 16624688 19474080 16635476
1786577355149 16624688 19474080 16635476
1786577355255 16624688 19474080 16635476
1786577355356 16624692 19474080 16635476
1786577355457 16624692 19474080 16635476
1786577355563 16624692 19474080 16635476
1786577355668 16624692 19474080 16635476
1786577355772 16624692 19474080 16635476
1786577355878 16624692 19474080 16635476
1786577355983 16624692 19474080 16635476
1786577356083 16624692 19474080 16635476
1786577356183 16624692 19474080 16635476
1786577356288 16624692 19474080 16635476
1786577356392 16624692 19474080 16635476
1786577356497 16624692 19474080 16635476
1786577356601 16624692 19474080 16635476
1786577356705 16624692 19474080 16635476
1786577356810 16624692 19474080 16635476
1786577356913 16624692 19474080 16635476
1786577357018 16624692 19474080 16635476
1786577357123 16624692 19474080 16635476
1786577357227 16624724 19474080 16635476
1786577357332 16624724 19474080 16635476
1786577357437 16624724 19474080 16635476
1786577357541 16624728 19474080 16635476
1786577357645 16624728 19474080 16635476
1786577357750 16624732 19474080 16635476
1786577357854 16624732 19474080 16635476
1786577357959 16624732 19474080 16635476
1786577358064 16624732 19474080 16635476
1786577358168 16624732 19474080 16635476
1786577358274 16624732 19474080 16635476
1786577358378 16624732 19474080 16635476
1786577358484 16624732 19474080 16635476
1786577358588 16624736 19474080 16635476
1786577358693 16624744 19474080 16635476
1786577358799 16624752 19474080 16635476
1786577358903 16624760 19474080 16635476
1786577359008 16624764 19474080 16635476
1786577359114 16624788 19474080 16635476
1786577359174 16633572 19474080 16635476
1786577359248 16643560 19474080 16643556
1786577359591 16657860 19474080 16657856
1786577359828 16661152 19474080 16661152
1786577360066 16661244 19474080 16661244
1786577360305 16661344 19474080 16661344
1786577360535 16661424 19474080 16661424
1786577360774 16661520 19474080 16661520
1786577361015 16661620 19474080 16661620
1786577361251 16661708 19474080 16661708
1786577361489 16661792 19474080 16661792
1786577361729 16661892 19474080 16661892
1786577361966 16661984 19474080 16661984
1786577362203 16662056 19474080 16662056
1786577362572 16662148 19474080 16662148
1786577362802 16662236 19474080 16662236
1786577363023 16662324 19474080 16662324
1786577363237 16662408 19474080 16662408
1786577363445 16662496 19474080 16662496
1786577363660 16662580 19474080 16662580
1786577363876 16662664 19474080 16667432
1786577364089 16662744 19474080 16667432
1786577364305 16662832 19474080 16667432
1786577364520 16662916 19474080 16667432
1786577364736 16662984 19474080 16668008
1786577364952 16663076 19474080 16668008
1786577365168 16663152 19474080 16668008
1786577365513 16663236 19474080 16668008
1786577365728 16663320 19474080 16668008
1786577365944 16663384 19474080 16668008
1786577366159 16663468 19474080 16668008
1786577366367 16663548 19474080 16668008
1786577366581 16663628 19474080 16668008
1786577366796 16663708 19474080 16668008
1786577367007 16663788 19474080 16668008
1786577367221 16663872 19474080 16668008
1786577367438 16663948 19474080 16668008
1786577367654 16664032 19474080 16668008
1786577367870 16664116 19474080 16668008
1786577368211 16664180 19474080 16668008
1786577368425 16664264 19474080 16668008
1786577368637 16664340 19474080 16669160
1786577368851 16664416 19474080 16669160
1786577369066 16664504 19474080 16669160
1786577369295 16664580 19474080 16669736
1786577369525 16664668 19474080 16669736
1786577369759 16664760 19474080 16669736
1786577369994 16664844 19474080 16669736
1786577370227 16664940 19474080 16669736
1786577370459 16665032 19474080 16669736
1786577370836 16665108 19474080 16669736
1786577371062 16665448 19474080 16670312
1786577371290 16665860 19474080 16670888
1786577371523 16666244 19474080 16671464
1786577371758 16666800 19474080 16671464
1786577371987 16667284 19474080 16672040
1786577372194 16667564 19474080 16672616
1786577372408 16667924 19474080 16672616
1786577372637 16668308 19474080 16673192
1786577372874 16668796 19474080 16673768
1786577373106 16669264 19474080 16674344
1786577373327 16669048 19474080 16674344
1786577373421 16669136 19474080 16674344
1786577373529 16669136 19474080 16674344
1786577373637 16669136 19474080 16674344
1786577373745 16669136 19474080 16674344
1786577373854 16669136 19474080 16674344
1786577373963 16669136 19474080 16674344
1786577374072 16669136 19474080 16674344
1786577374179 16668932 19474080 16674344
1786577374288 16669020 19474080 16674344
1786577374396 16669020 19474080 16674344
1786577374505 16669020 19474080 16674344
1786577374615 16669020 19474080 16674344
1786577374724 16669020 19474080 16674344
1786577374799 16669028 19474080 16674344
1786577374906 16669028 19474080 16674344
1786577375015 16669028 19474080 16674344
1786577375123 16669028 19474080 16674344
1786577375233 16669028 19474080 16674344
1786577375341 16669028 19474080 16674344
1786577375450 16669028 19474080 16674344
1786577375560 16669028 19474080 16674344
1786577375668 16669028 19474080 16674344
1786577375775 16668900 19474080 16674344
1786577375868 16668988 19474080 16674344
1786577375975 16668988 19474080 16674344
1786577376089 16668988 19474080 16674344
1786577376204 16668988 19474080 16674344
1786577376318 16668988 19474080 16674344
1786577376426 16668988 19474080 16674344
1786577376539 16668988 19474080 16674344
1786577376651 16668988 19474080 16674344
1786577376755 16668956 19474080 16674344
1786577376864 16668956 19474080 16674344
1786577376976 16668956 19474080 16674344
1786577377086 16668956 19474080 16674920
1786577377199 16668956 19474080 16674920
1786577377313 16668956 19474080 16674920
1786577377426 16668956 19474080 16674920
1786577377536 16668956 19474080 16674920
1786577377650 16668956 19474080 16674920
1786577377765 16668956 19474080 16674920
1786577377878 16668956 19474080 16674920
1786577377987 16668964 19474080 16674920
1786577378098 16668964 19474080 16674920
1786577378209 16668964 19474080 16674920
1786577378319 16668964 19474080 16674920
1786577378431 16668964 19474080 16674920
1786577378543 16668964 19474080 16674920
1786577378657 16668964 19474080 16674920
1786577378770 16668964 19474080 16674920
1786577378882 16668964 19474080 16674920
1786577378994 16668964 19474080 16674920
1786577379107 16668964 19474080 16674920
1786577379218 16668964 19474080 16674920
1786577379330 16668964 19474080 16674920
1786577379441 16668964 19474080 16674920
1786577379552 16668964 19474080 16674920
1786577379659 16668868 19474080 16674920
1786577379764 16679292 19474080 16681816
1786577380142 16687548 19474080 16687548
1786577380336 16671880 19474080 16685528
1786577380443 16688696 19474080 16688696
1786577380639 16690284 19474080 16690884
1786577380879 16680852 19474080 16690884
1786577380986 16691140 19474080 16691140
1786577381204 16692468 19474080 16692468
1786577381455 16693500 19474080 16693500
1786577381678 16694524 19474080 16694524
1786577381911 16694828 19474080 16694828
1786577382144 16695512 19474080 16695512
1786577382422 16698276 19474080 16698276
1786577382652 16700404 19474080 16700404
1786577382985 16701428 19474080 16701428
1786577383204 16701428 19474080 16701428
1786577383330 16701428 19474080 16701428
1786577383408 16701628 19474080 16701628
1786577383630 16712360 19474080 16712348
1786577383825 16716268 19474080 16716268
1786577384061 16716268 19474080 16716268
1786577384162 16719552 19474080 16719552
1786577384406 16716268 19474080 16716268
1786577384507 16718488 19474080 16718488
1786577384621 16703448 19474080 16715604
1786577384703 16704264 19474080 16715604
1786577384803 16704264 19474080 16715604
1786577384902 16704264 19474080 16715604
1786577385006 16705976 19474080 16715604
1786577385114 16705976 19474080 16715604
1786577385171 16691508 19474080 16715604
1786577385273 16691580 19474080 16715604
1786577385376 16691444 19474080 16715604
1786577385485 16691444 19474080 16715604
1786577385593 16691444 19474080 16715604
1786577385702 16691444 19474080 16715604
1786577385810 16691444 19474080 16715604
1786577385914 16691444 19474080 16715604
1786577386013 16691444 19474080 16715604
1786577386112 16691444 19474080 16715604
1786577386212 16691444 19474080 16715604
1786577386312 16691444 19474080 16715604
1786577386411 16691396 19474080 16715604
1786577386516 16691396 19474080 16715604
1786577386623 16691396 19474080 16715604
1786577386725 16691396 19474080 16715604
1786577386828 16691396 19474080 16715604
1786577386935 16691396 19474080 16715604
1786577387043 16691396 19474080 16715604
1786577387150 16691396 19474080 16715604
1786577387258 16691396 19474080 16715604
1786577387366 16691396 19474080 16715604
1786577387469 16691396 19474080 16715604
1786577387575 16691396 19474080 16715604
1786577387677 16691396 19474080 16715604
1786577387769 16691396 19474080 16715604
1786577387863 16691396 19474080 16715604
1786577387957 16691396 19474080 16715604
1786577388052 16691396 19474080 16715604
1786577388155 16691396 19474080 16715604
1786577388263 16691396 19474080 16715604
1786577388371 16691396 19474080 16715604
1786577388479 16691396 19474080 16715604
1786577388587 16691396 19474080 16715604
1786577388696 16691396 19474080 16715604
1786577388804 16691408 19474080 16715604
1786577388911 16691408 19474080 16715604
1786577389017 16691408 19474080 16715604
1786577389124 16691408 19474080 16715604
1786577389232 16691408 19474080 16715604
1786577389341 16691408 19474080 16715604
1786577389448 16691408 19474080 16715604
1786577389556 16691408 19474080 16715604
1786577389664 16691408 19474080 16715604
1786577389772 16691408 19474080 16715604
1786577389880 16691408 19474080 16715604
1786577389989 16691408 19474080 16715604
1786577390096 16691408 19474080 16715604
1786577390203 16691408 19474080 16715604
1786577390310 16691408 19474080 16715604
1786577390418 16691408 19474080 16715604
1786577390521 16691408 19474080 16715604
1786577390625 16691408 19474080 16715604
1786577390733 16691408 19474080 16715604
1786577390840 16691408 19474080 16715604
1786577390949 16691408 19474080 16715604
1786577391056 16691408 19474080 16715604
1786577391164 16691408 19474080 16715604
1786577391272 16691408 19474080 16715604
1786577391379 16691408 19474080 16715604
1786577391487 16691408 19474080 16715604
1786577391594 16691408 19474080 16715604
1786577391696 16691408 19474080 16715604
1786577391794 16691408 19474080 16715604
1786577391891 16691408 19474080 16715604
1786577391997 16691408 19474080 16715604
1786577392106 16691408 19474080 16715604
1786577392214 16691408 19474080 16715604
1786577392323 16691408 19474080 16715604
1786577392431 16691408 19474080 16715604
1786577392540 16691408 19474080 16715604
1786577392647 16691408 19474080 16715604
1786577392755 16691408 19474080 16715604
1786577392862 16691408 19474080 16715604
1786577392969 16691408 19474080 16715604
1786577393075 16691408 19474080 16715604
1786577393183 16691408 19474080 16715604
1786577393292 16691408 19474080 16715604
1786577393400 16691408 19474080 16715604
1786577393508 16691408 19474080 16715604
1786577393617 16691408 19474080 16715604
1786577393725 16691408 19474080 16715604
1786577393834 16691408 19474080 16715604
1786577393942 16691408 19474080 16715604
1786577394051 16691408 19474080 16715604
1786577394153 16691408 0 16715604
1786577394256 16691408 19474080 16715604
1786577394362 16691408 19474080 16715604
1786577394469 16691408 19474080 16715604
1786577394576 16691408 19474080 16715604
1786577394684 16691408 19474080 16715604
1786577394789 16691408 19474080 16715604
1786577394896 16691408 19474080 16715604
1786577395005 16691408 19474080 16715604
1786577395112 16691408 19474080 16715604
1786577395220 16691408 19474080 16715604
1786577395328 16691408 19474080 16715604
1786577395435 16691408 19474080 16715604
1786577395543 16691408 19474080 16715604
1786577395649 16691408 19474080 16715604
1786577395755 16691408 19474080 16715604
1786577395862 16691408 19474080 16715604
1786577395969 16691408 19474080 16715604
1786577396076 16691408 19474080 16715604
1786577396184 16691408 19474080 16715604
1786577396293 16691408 19474080 16715604
1786577396402 16691408 19474080 16715604
1786577396511 16691408 19474080 16715604
1786577396615 16691408 19474080 16715604
1786577396720 16691408 19474080 16715604
1786577396828 16691408 19474080 16715604
1786577396929 16704228 19474080 16715604
1786577397035 16711292 19474080 16715604
1786577397127 16712260 19474080 16715604
1786577397195 16694604 19474080 16715604
1786577397307 16694676 19474080 16715604
1786577397418 16694676 19474080 16715604
1786577397529 16694676 19474080 16715604
1786577397639 16694676 19474080 16715604
1786577397743 16694572 19474080 16715604
1786577397834 16705072 19474080 16715604
1786577397941 16695400 19474080 16715604
1786577398037 16693728 19474080 16715604
1786577398128 16707656 19474080 16715604
1786577398242 16716032 19474080 16716032
1786577398312 16726876 19474080 16726872
1786577398719 16732500 19474080 16732500
1786577398925 16732704 19474080 16732704
1786577399153 16727560 19474080 16728704
1786577399254 16717844 19474080 16728704
1786577399327 16713784 19474080 16728704
1786577399407 16713784 19474080 16728704
1786577399512 16712780 19474080 16728704
1786577399616 16720996 19474080 16728704
1786577399678 16729092 19474080 16729092
1786577399740 16732072 19474080 16732072
1786577399828 16733512 19474080 16733512
1786577400074 16720392 19474080 16728704
1786577400173 16731308 19474080 16731308
1786577400274 16714832 19474080 16728704
1786577400374 16714904 19474080 16728704
1786577400485 16714904 19474080 16728704
1786577400598 16714904 19474080 16728704
1786577400711 16714904 19474080 16728704
1786577400825 16714904 19474080 16728704
1786577400938 16714904 19474080 16728704
1786577401050 16714904 19474080 16728704
1786577401157 16714904 19474080 16728704
1786577401260 16714904 19474080 16728704
1786577401364 16714904 19474080 16728704
1786577401473 16714904 19474080 16728704
1786577401580 16714904 19474080 16728704
1786577401686 16714904 19474080 16728704
1786577401797 16714904 19474080 16728704
1786577401908 16714904 19474080 16728704
1786577402020 16714904 19474080 16728704
1786577402133 16714904 19474080 16728704
1786577402244 16714904 19474080 16728704
1786577402355 16714904 19474080 16728704
1786577402466 16714904 19474080 16728704
1786577402578 16714904 19474080 16728704
1786577402690 16714844 19474080 16728704
1786577402788 16718152 19474080 16728704
1786577402885 16726480 19474080 16728704
1786577402997 16734720 19474080 16734720
1786577403340 16724596 19474080 16728704
1786577403452 16732668 19474080 16732668
1786577403558 16735668 19474080 16735668
1786577403735 16738876 19474080 16738876
1786577403965 16744180 19474080 16744180
1786577404178 16751476 19505868 16751472
1786577404554 16749292 19505868 16749292
1786577404621 16751212 19505868 16751212
1786577404715 16751212 19505868 16751212
1786577404820 16752004 19505868 16752004
1786577405060 16751212 19505868 16751212
1786577405163 16753852 19505868 16753852
1786577405427 16755392 19505868 16755392
1786577405700 16754288 19505868 16754288
1786577405815 16755384 19505868 16755384
1786577405930 16755488 19505868 16755488
1786577406324 16739596 19505868 16749264
1786577406400 16729640 19505868 16749264
1786577406480 16730012 19505868 16749264
1786577406582 16726452 19505868 16749264
1786577406690 16726452 19505868 16749264
1786577406757 16726524 19505868 16749264
1786577406861 16726524 19505868 16749264
1786577406967 16726524 19505868 16749264
1786577407080 16726524 19505868 16749264
1786577407192 16726524 19505868 16749264
1786577407304 16726524 19505868 16749264
1786577407415 16726524 19505868 16749264
1786577407527 16726524 19505868 16749264
1786577407639 16726524 19505868 16749264
1786577407751 16726524 19505868 16749264
1786577407863 16726524 19505868 16749264
1786577407975 16726524 19505868 16749264
1786577408089 16726524 19505868 16749264
1786577408203 16726524 19505868 16749264
1786577408318 16726524 19505868 16749264
1786577408432 16726524 19505868 16749264
1786577408544 16726516 19505868 16749264
1786577408628 16734620 19505868 16749264
1786577408725 16733504 19505868 16749264
1786577408772 16726800 19505868 16749264
1786577408879 16742580 19505868 16749264
1786577408996 16751212 19505868 16751212
1786577409110 16756020 19505868 16756012
1786577409528 16727060 19505868 16749532
1786577409656 16725548 19505868 16749532
1786577409772 16714232 19505868 16749532
1786577409855 16705228 19505868 16749532
1786577409961 16713444 19505868 16749532
1786577410077 16723300 19505868 16749532
1786577410193 16721728 19505868 16749532
1786577410260 16711172 19505868 16749532
1786577410387 16719284 19505868 16749532
1786577410479 16705212 19505868 16749532
1786577410585 16705212 19505868 16749532
1786577410689 16705212 19505868 16749532
1786577410796 16705212 19505868 16749532
1786577410905 16705212 19505868 16749532
1786577411015 16705212 19505868 16749532
1786577411126 16705212 19505868 16749532
1786577411231 16705212 19505868 16749532
1786577411337 16705212 19505868 16749532
1786577411446 16705212 19505868 16749532
1786577411557 16705212 19505868 16749532
1786577411666 16705212 19505868 16749532
1786577411775 16705212 19505868 16749532
1786577411884 16705212 19505868 16749532
1786577411994 16705212 19505868 16749532
1786577412102 16705212 19505868 16749532
1786577412211 16705212 19505868 16749532
1786577412319 16705212 19505868 16749532
1786577412427 16705212 19505868 16749532
1786577412536 16705212 19505868 16749532
1786577412643 16705212 19505868 16749532
1786577412752 16705212 19505868 16749532
1786577412855 16705212 19505868 16749532
1786577412959 16705212 19505868 16749532
1786577413062 16705212 19505868 16749532
1786577413166 16705212 19505868 16749532
1786577413275 16705212 19505868 16749532
1786577413379 16705212 19505868 16749532
1786577413478 16705212 19505868 16749532
1786577413584 16705212 19505868 16749532
1786577413692 16705212 19505868 16749532
1786577413792 16724056 19505868 16749532
1786577413872 16726164 19505868 16749532
1786577413980 16726164 19505868 16749532
1786577414087 16726164 19505868 16749532
1786577414195 16726164 19505868 16749532
1786577414302 16726164 19505868 16749532
1786577414406 16726164 19505868 16749532
1786577414512 16726164 19505868 16749532
1786577414619 16726164 19505868 16749532
1786577414723 16726164 19505868 16749532
1786577414828 16726164 19505868 16749532
1786577414935 16726164 19505868 16749532
1786577415037 16726164 19505868 16749532
1786577415136 16726164 19505868 16749532
1786577415241 16726164 19505868 16749532
1786577415349 16726164 19505868 16749532
1786577415452 16726164 19505868 16749532
1786577415557 16726192 19505868 16749532
1786577415660 16726192 19505868 16749532
1786577415763 16726196 19505868 16749532
1786577415869 16726196 19505868 16749532
1786577415972 16726196 19505868 16749532
1786577416077 16726200 19505868 16749532
1786577416181 16726200 19505868 16749532
1786577416287 16726204 19505868 16749532
1786577416394 16726204 19505868 16749532
1786577416501 16726204 19505868 16749532
1786577416609 16726204 19505868 16749532
1786577416717 16726204 19505868 16749532
1786577416823 16726204 19505868 16749532
1786577416925 16726204 19505868 16749532
1786577417022 16726204 19505868 16749532
1786577417119 16726204 19505868 16749532
1786577417217 16726204 19505868 16749532
1786577417321 16726204 19505868 16749532
1786577417428 16726204 19505868 16749532
1786577417536 16726204 19505868 16749532
1786577417638 16726204 19505868 16749532
1786577417735 16726204 19505868 16749532
1786577417838 16726204 19505868 16749532
1786577417946 16726204 19505868 16749532
1786577418052 16726232 19505868 16749532
1786577418159 16726232 19505868 16749532
1786577418260 16726236 19505868 16749532
1786577418361 16726236 19505868 16749532
1786577418467 16726236 19505868 16749532
1786577418572 16726240 19505868 16749532
1786577418678 16726240 19505868 16749532
1786577418779 16726244 19505868 16749532
1786577418881 16726244 19505868 16749532
1786577418983 16726244 19505868 16749532
1786577419086 16726244 19505868 16749532
1786577419193 16726248 19505868 16749532
1786577419300 16726260 19505868 16749532
1786577419405 16726276 19505868 16749532
1786577419508 16730056 19505868 16749532
1786577419557 16740216 19505868 16749532
1786577419630 16750060 19505868 16750048
1786577419713 16760004 19505868 16760000
1786577420088 16762400 19505868 16762400
1786577420320 16762492 19505868 16762492
1786577420552 16762588 19505868 16762588
1786577420782 16762676 19505868 16762676
1786577421015 16762764 19505868 16762764
1786577421250 16762860 19505868 16762860
1786577421474 16762940 19505868 16762940
1786577421709 16763040 19505868 16763040
1786577421943 16763128 19505868 16763128
1786577422162 16763204 19505868 16763204
1786577422393 16763300 19505868 16763300
1786577422624 16763388 19505868 16763388
1786577422991 16763472 19505868 16763472
1786577423221 16763560 19505868 16763560
1786577423446 16763652 19505868 16763652
1786577423666 16763736 19505868 16763736
1786577423897 16763828 19505868 16767008
1786577424127 16763920 19505868 16767008
1786577424352 16764000 19505868 16767008
1786577424584 16764096 19505868 16767008
1786577424816 16764184 19505868 16767008
1786577425040 16764264 19505868 16767008
1786577425275 16764356 19505868 16767008
1786577425507 16764448 19505868 16767008
1786577425878 16764532 19505868 16767008
1786577426111 16764628 19505868 16767008
1786577426345 16764716 19505868 16767008
1786577426578 16764804 19505868 16767008
1786577426809 16764896 19505868 16767008
1786577427040 16764984 19505868 16767008
1786577427268 16765076 19505868 16767008
1786577427503 16765164 19505868 16767008
1786577427736 16765252 19505868 16767008
1786577427966 16765344 19505868 16767008
1786577428197 16765432 19505868 16767008
1786577428432 16765524 19505868 16767008
1786577428802 16765612 19505868 16767008
1786577429037 16765700 19505868 16767008
1786577429266 16765788 19505868 16767008
1786577429474 16765864 19505868 16767008
1786577429691 16765952 19505868 16767008
1786577429920 16766044 19505868 16767008
1786577430142 16766128 19505868 16767008
1786577430375 16766220 19505868 16767008
1786577430609 16766312 19505868 16767008
1786577430835 16766452 19505868 16769312
1786577431061 16766996 19505868 16769888
1786577431289 16767532 19505868 16770464
1786577431643 16768056 19505868 16771040
1786577431857 16768592 19505868 16771616
1786577432077 16769112 19505868 16772192
1786577432306 16769584 19505868 16772768
1786577432531 16770160 19505868 16773344
1786577432762 16770516 19505868 16773344
1786577432973 16770320 19505868 16773344
1786577433080 16770356 19505868 16773344
1786577433188 16770356 19505868 16773344
1786577433298 16770356 19505868 16773344
1786577433409 16770356 19505868 16773344
1786577433520 16770356 19505868 16773344
1786577433631 16770356 19505868 16773344
1786577433721 16770244 19505868 16773344
1786577433817 16770260 19505868 16773344
1786577433922 16770276 19505868 16773344
1786577434025 16770276 19505868 16773344
1786577434129 16770276 19505868 16773344
1786577434233 16770276 19505868 16773344
1786577434337 16770276 19505868 16773344
1786577434440 16770276 19505868 16773344
1786577434538 16770168 19505868 16773344
1786577434638 16770168 19505868 16773344
1786577434682 16770256 19505868 16773344
1786577434791 16770256 19505868 16773344
1786577434903 16770256 19505868 16773344
1786577435015 16770256 19505868 16773344
1786577435126 16770256 19505868 16773344
1786577435238 16770256 19505868 16773344
1786577435348 16770256 19505868 16773344
1786577435416 16770224 19505868 16773344
1786577435528 16770224 19505868 16773344
1786577435643 16770224 19505868 16773344
1786577435758 16770224 19505868 16773344
1786577435870 16770224 19505868 16773344
1786577435985 16770224 19505868 16773344
1786577436100 16770224 19505868 16773344
1786577436215 16770224 19505868 16773344
1786577436324 16770232 19505868 16773344
1786577436437 16770232 19505868 16773344
1786577436551 16770232 19505868 16773344
1786577436664 16770232 19505868 16773344
1786577436776 16770232 19505868 16773344
1786577436883 16770232 19505868 16773344
1786577436988 16770232 19505868 16773344
1786577437099 16770232 19505868 16773344
1786577437215 16770232 19505868 16773344
1786577437330 16770232 19505868 16773344
1786577437444 16770232 19505868 16773344
1786577437557 16770232 19505868 16773344
1786577437671 16770232 19505868 16773344
1786577437785 16770232 19505868 16773344
1786577437899 16770232 19505868 16773344
1786577438010 16770232 19505868 16773344
1786577438121 16770232 19505868 16773344
1786577438234 16770232 19505868 16773344
1786577438347 16770232 19505868 16773344
1786577438462 16770232 19505868 16773344
1786577438577 16770232 19505868 16773344
1786577438685 16770232 19505868 16773344
1786577438794 16770232 19505868 16773344
1786577438904 16770232 19505868 16773344
1786577439013 16770232 19505868 16773344
1786577439123 16770232 19505868 16773344
1786577439219 16770120 19505868 16773344
1786577439293 16778496 19505868 16778496
1786577439683 16786752 19505868 16786752
1786577439915 16777552 19505868 16780832
1786577440037 16786880 19505868 16786880
1786577440274 16780996 19505868 16786548
1786577440329 16776508 19505868 16786548
1786577440441 16788476 19505868 16788476
1786577440684 16789120 19505868 16789120
1786577440932 16789120 19505868 16789120
1786577441040 16789120 19505868 16789120
1786577441147 16789120 19505868 16789120
1786577441254 16789500 19505868 16789500
1786577441502 16795200 19505868 16795200
1786577441736 16795200 19505868 16795200
1786577441850 16795200 19505868 16795200
1786577441965 16795200 19505868 16795200
1786577442077 16795200 19505868 16795200
1786577442183 16806192 19505868 16806192
1786577442521 16806192 19505868 16806192
1786577442634 16806192 19505868 16806192
1786577442747 16806192 19505868 16806192
1786577442861 16806192 19505868 16806192
1786577442977 16800272 19505868 16804692
1786577443091 16782200 19505868 16804692
1786577443203 16781432 19505868 16804692
1786577443259 16781400 19505868 16804692
1786577443368 16781400 19505868 16804692
1786577443476 16781400 19505868 16804692
1786577443585 16781400 19505868 16804692
1786577443696 16781400 19505868 16804692
1786577443806 16781400 19505868 16804692
1786577443915 16781400 19505868 16804692
1786577444025 16781400 19505868 16804692
1786577444136 16781400 19505868 16804692
1786577444247 16781400 19505868 16804692
1786577444358 16781376 19505868 16804692
1786577444466 16781320 19505868 16804692
1786577444574 16781320 19505868 16804692
1786577444682 16781320 19505868 16804692
1786577444791 16781320 19505868 16804692
1786577444899 16781320 19505868 16804692
1786577445008 16781320 19505868 16804692
1786577445116 16781320 19505868 16804692
1786577445225 16781320 19505868 16804692
1786577445333 16781320 19505868 16804692
1786577445441 16781320 19505868 16804692
1786577445550 16781320 19505868 16804692
1786577445658 16781320 19505868 16804692
1786577445766 16781320 19505868 16804692
1786577445873 16781320 19505868 16804692
1786577445981 16781320 19505868 16804692
1786577446092 16781320 19505868 16804692
1786577446201 16781320 19505868 16804692
1786577446309 16781320 19505868 16804692
1786577446420 16781320 19505868 16804692
1786577446530 16781320 19505868 16804692
1786577446640 16781320 19505868 16804692
1786577446750 16781332 19505868 16804692
1786577446858 16781332 19505868 16804692
1786577446969 16781332 19505868 16804692
1786577447079 16781332 19505868 16804692
1786577447187 16781332 19505868 16804692
1786577447296 16781332 19505868 16804692
1786577447406 16781332 19505868 16804692
1786577447515 16781332 19505868 16804692
1786577447625 16781332 19505868 16804692
1786577447735 16781332 19505868 16804692
1786577447846 16781332 19505868 16804692
1786577447957 16781332 19505868 16804692
1786577448067 16781332 19505868 16804692
1786577448176 16781332 19505868 16804692
1786577448283 16781332 19505868 16804692
1786577448390 16781332 19505868 16804692
1786577448497 16781332 19505868 16804692
1786577448605 16781332 19505868 16804692
1786577448714 16781332 19505868 16804692
1786577448823 16781332 19505868 16804692
1786577448934 16781332 19505868 16804692
1786577449039 16781332 19505868 16804692
1786577449147 16781332 19505868 16804692
1786577449252 16781332 19505868 16804692
1786577449353 16781332 19505868 16804692
1786577449453 16781332 19505868 16804692
1786577449557 16781332 19505868 16804692
1786577449667 16781332 19505868 16804692
1786577449777 16781332 19505868 16804692
1786577449887 16781332 19505868 16804692
1786577449992 16781332 19505868 16804692
1786577450094 16781332 19505868 16804692
1786577450201 16781332 19505868 16804692
1786577450311 16781332 19505868 16804692
1786577450416 16781332 19505868 16804692
1786577450517 16781332 19505868 16804692
1786577450619 16781332 19505868 16804692
1786577450721 16781332 19505868 16804692
1786577450822 16781332 19505868 16804692
1786577450928 16781332 19505868 16804692
1786577451035 16781332 19505868 16804692
1786577451143 16781332 19505868 16804692
1786577451253 16781332 19505868 16804692
1786577451363 16781332 19505868 16804692
1786577451468 16781332 19505868 16804692
1786577451575 16781332 19505868 16804692
1786577451684 16781332 19505868 16804692
1786577451793 16781332 19505868 16804692
1786577451903 16781332 19505868 16804692
1786577452013 16781332 19505868 16804692
1786577452121 16781332 19505868 16804692
1786577452231 16781332 19505868 16804692
1786577452335 16781332 19505868 16804692
1786577452440 16781332 19505868 16804692
1786577452549 16781332 19505868 16804692
1786577452658 16781332 19505868 16804692
1786577452766 16781332 19505868 16804692
1786577452869 16781332 19505868 16804692
1786577452977 16781332 19505868 16804692
1786577453080 16781332 19505868 16804692
1786577453186 16781332 19505868 16804692
1786577453295 16781332 19505868 16804692
1786577453405 16781332 19505868 16804692
1786577453514 16781332 19505868 16804692
1786577453622 16781332 19505868 16804692
1786577453730 16781332 19505868 16804692
1786577453836 16781332 19505868 16804692
1786577453943 16781332 19505868 16804692
1786577454050 16781332 19505868 16804692
1786577454159 16781332 19505868 16804692
1786577454267 16781332 19505868 16804692
1786577454377 16781332 19505868 16804692
1786577454487 16781332 19505868 16804692
1786577454595 16781332 19505868 16804692
1786577454704 16781332 19505868 16804692
1786577454813 16781332 19505868 16804692
1786577454910 16794668 19505868 16804692
1786577455018 16800252 19505868 16804692
1786577455124 16785380 19505868 16804692
1786577455181 16781708 19505868 16804692
1786577455254 16781780 19505868 16804692
1786577455363 16781780 19505868 16804692
1786577455474 16781780 19505868 16804692
1786577455583 16781780 19505868 16804692
1786577455694 16781780 19505868 16804692
1786577455761 16786200 19505868 16804692
1786577455863 16794252 19505868 16804692
1786577455952 16781904 19505868 16804692
1786577456065 16798276 19505868 16804692
1786577456174 16806468 19505868 16806468
1786577456555 16810140 19505868 16810140
1786577456741 16816740 19505868 16816740
1786577456940 16817024 19505868 16817024
1786577457192 16812584 19505868 16812584
1786577457260 16805924 19505868 16807540
1786577457308 16796064 19505868 16807540
1786577457399 16794536 19505868 16807540
1786577457504 16793004 19505868 16807540
1786577457613 16797232 19505868 16807540
1786577457715 16809924 19505868 16809924
1786577457792 16813148 19505868 16813148
1786577457903 16797556 19505868 16807540
1786577457967 16798948 19505868 16807540
1786577458072 16809540 19505868 16809540
1786577458163 16793004 19505868 16807540
1786577458229 16793076 19505868 16807540
1786577458339 16793076 19505868 16807540
1786577458454 16793076 19505868 16807540
1786577458567 16793076 19505868 16807540
1786577458676 16793076 19505868 16807540
1786577458782 16793076 19505868 16807540
1786577458888 16793076 19505868 16807540
1786577458993 16793076 19505868 16807540
1786577459098 16793076 19505868 16807540
1786577459204 16793076 19505868 16807540
1786577459316 16793076 19505868 16807540
1786577459420 16793076 19505868 16807540
1786577459517 16793076 19505868 16807540
1786577459614 16793076 19505868 16807540
1786577459711 16793076 19505868 16807540
1786577459808 16793076 19505868 16807540
1786577459904 16793076 19505868 16807540
1786577460001 16793076 19505868 16807540
1786577460102 16793076 19505868 16807540
1786577460202 16793076 19505868 16807540
1786577460300 16793076 19505868 16807540
1786577460406 16793076 19505868 16807540
1786577460509 16793032 19505868 16807540
1786577460565 16792796 19505868 16807540
1786577460666 16805076 19505868 16807540
1786577460774 16813284 19505868 16813284
1786577460849 16810100 19505868 16811240
1786577460955 16805212 19505868 16811240
1786577461054 16813252 19505868 16813252
1786577461147 16818076 19505868 16818076
1786577461538 16824124 19505868 16824124
1786577461800 16827644 19569884 16827644
1786577462053 16836788 19569884 16836788
1786577462279 16839196 19569884 16839192
1786577462520 16839284 19569884 16839284
1786577462778 16839284 19569884 16839284
1786577462885 16839284 19569884 16839284
1786577463000 16839284 19569884 16839284
1786577463070 16839284 19569884 16839284
1786577463185 16839284 19569884 16839284
1786577463293 16839284 19569884 16839284
1786577463405 16839284 19569884 16839284
1786577463522 16839284 19569884 16839284
1786577463632 16825224 19569884 16835248
1786577463685 16816056 19569884 16835248
1786577463753 16801004 19569884 16835248
1786577463850 16801004 19569884 16835248
1786577463948 16801076 19569884 16835248
1786577464054 16801076 19569884 16835248
1786577464168 16801076 19569884 16835248
1786577464282 16801076 19569884 16835248
1786577464395 16801076 19569884 16835248
1786577464509 16801076 19569884 16835248
1786577464623 16801076 19569884 16835248
1786577464736 16801076 19569884 16835248
1786577464849 16801076 19569884 16835248
1786577464961 16801076 19569884 16835248
1786577465073 16801076 19569884 16835248
1786577465186 16801076 19569884 16835248
1786577465300 16801076 19569884 16835248
1786577465409 16801076 19569884 16835248
1786577465520 16801076 19569884 16835248
1786577465632 16801076 19569884 16835248
1786577465713 16801052 19569884 16835248
1786577465809 16809188 19569884 16835248
1786577465906 16802224 19569884 16835248
1786577466001 16801264 19569884 16835248
1786577466113 16817572 19569884 16835248
1786577466179 16828184 19569884 16835248
1786577466319 16825764 19569884 16835248
1786577466429 16826720 19569884 16835248
1786577466535 16828156 19569884 16835248
1786577466653 16821496 19569884 16835248
1786577466771 16807720 19569884 16835248
1786577466836 16804876 19569884 16835248
1786577466945 16813092 19569884 16835248
1786577467063 16822860 19569884 16835248
1786577467181 16820216 19569884 16835248
1786577467247 16810820 19569884 16835248
1786577467355 16821420 19569884 16835248
1786577467414 16804844 19569884 16835248
1786577467517 16804844 19569884 16835248
1786577467613 16804844 19569884 16835248
1786577467711 16804844 19569884 16835248
1786577467817 16804844 19569884 16835248
1786577467930 16804844 19569884 16835248
1786577468041 16804844 19569884 16835248
1786577468152 16804844 19569884 16835248
1786577468264 16804844 19569884 16835248
1786577468377 16804844 19569884 16835248
1786577468488 16804844 19569884 16835248
1786577468600 16804844 19569884 16835248
1786577468711 16804844 19569884 16835248
1786577468823 16804844 19569884 16835248
1786577468933 16804844 19569884 16835248
1786577469045 16804844 19569884 16835248
1786577469156 16804844 19569884 16835248
1786577469267 16804844 19569884 16835248
1786577469377 16804844 19569884 16835248
1786577469488 16804844 19569884 16835248
1786577469593 16804844 19569884 16835248
1786577469689 16804844 19569884 16835248
1786577469786 16804844 19569884 16835248
1786577469882 16804844 19569884 16835248
1786577469982 16804844 19569884 16835248
1786577470086 16804844 19569884 16835248
1786577470182 16804844 19569884 16835248
1786577470278 16804844 19569884 16835248
1786577470374 16804844 19569884 16835248
1786577470470 16804844 19569884 16835248
1786577470566 16804844 19569884 16835248
1786577470662 16804844 19569884 16835248
1786577470757 16804844 19569884 16835248
1786577470854 16804844 19569884 16835248
1786577470950 16804844 19569884 16835248
1786577471047 16804844 19569884 16835248
1786577471143 16812644 19569884 16835248
1786577471211 16817168 19569884 16835248
1786577471307 16817168 19569884 16835248
1786577471403 16817168 19569884 16835248
1786577471500 16817168 19569884 16835248
1786577471596 16817168 19569884 16835248
1786577471694 16817168 19569884 16835248
1786577471790 16817168 19569884 16835248
1786577471886 16817168 19569884 16835248
1786577471982 16817168 19569884 16835248
1786577472079 16817168 19569884 16835248
1786577472175 16817168 19569884 16835248
1786577472271 16817168 19569884 16835248
1786577472368 16817168 19569884 16835248
1786577472464 16817168 19569884 16835248
1786577472561 16817168 19569884 16835248
1786577472657 16817168 19569884 16835248
1786577472752 16817168 19569884 16835248
1786577472848 16817168 19569884 16835248
1786577472944 16817168 19569884 16835248
1786577473040 16817196 19569884 16835248
1786577473137 16817196 19569884 16835248
1786577473232 16817196 19569884 16835248
1786577473327 16817200 19569884 16835248
1786577473423 16817200 19569884 16835248
1786577473518 16817200 19569884 16835248
1786577473614 16817204 19569884 16835248
1786577473710 16817204 19569884 16835248
1786577473806 16817204 19569884 16835248
1786577473903 16817208 19569884 16835248
1786577473999 16817208 19569884 16835248
1786577474095 16817208 19569884 16835248
1786577474192 16817208 19569884 16835248
1786577474288 16817208 19569884 16835248
1786577474384 16817208 19569884 16835248
1786577474480 16817208 19569884 16835248
1786577474577 16817208 19569884 16835248
1786577474673 16817208 19569884 16835248
1786577474770 16817208 19569884 16835248
1786577474866 16817208 19569884 16835248
1786577474962 16817208 19569884 16835248
1786577475058 16817208 19569884 16835248
1786577475155 16817208 19569884 16835248
1786577475251 16817208 19569884 16835248
1786577475347 16817208 19569884 16835248
1786577475443 16817208 19569884 16835248
1786577475539 16817208 19569884 16835248
1786577475633 16817236 19569884 16835248
1786577475730 16817236 19569884 16835248
1786577475826 16817236 19569884 16835248
1786577475921 16817240 19569884 16835248
1786577476018 16817240 19569884 16835248
1786577476114 16817240 19569884 16835248
1786577476210 16817244 19569884 16835248
1786577476306 16817244 19569884 16835248
1786577476402 16817244 19569884 16835248
1786577476499 16817248 19569884 16835248
1786577476596 16817248 19569884 16835248
1786577476693 16817248 19569884 16835248
1786577476791 16817248 19569884 16835248
1786577476888 16817248 19569884 16835248
1786577476986 16817248 19569884 16835248
1786577477084 16817248 19569884 16835248
1786577477181 16817248 19569884 16835248
1786577477279 16817248 19569884 16835248
1786577477378 16817248 19569884 16835248
1786577477476 16817252 19569884 16835248
1786577477574 16817260 19569884 16835248
1786577477673 16817268 19569884 16835248
1786577477772 16817276 19569884 16835248
1786577477872 16817284 19569884 16835248
1786577477970 16825228 19569884 16835248
1786577478040 16835040 19569884 16835248
1786577478124 16845332 19569884 16845332
1786577478458 16853156 19569884 16853156
1786577478694 16853176 19569884 16853176
1786577478934 16853268 19569884 16853268
1786577479174 16853356 19569884 16853356
1786577479417 16853444 19569884 16854404
1786577479660 16853532 19569884 16854404
1786577479903 16853624 19569884 16854404
1786577480146 16853708 19569884 16854980
1786577480391 16853808 19569884 16854980
1786577480633 16853892 19569884 16854980
1786577480872 16853972 19569884 16854980
1786577481258 16854060 19569884 16854980
1786577481491 16854140 19569884 16854980
1786577481733 16854232 19569884 16854980
1786577481974 16854324 19569884 16855556
1786577482212 16854408 19569884 16855556
1786577482453 16854496 19569884 16855556
1786577482695 16854588 19569884 16855556
1786577482931 16854672 19569884 16855556
1786577483170 16854764 19569884 16855556
1786577483409 16854848 19569884 16855556
1786577483643 16854924 19569884 16855556
1786577483882 16855016 19569884 16855556
1786577484260 16855104 19569884 16856132
1786577484496 16855184 19569884 16856132
1786577484736 16855268 19569884 16856132
1786577484974 16855356 19569884 16856132
1786577485212 16855420 19569884 16856132
1786577485450 16855504 19569884 16856132
1786577485678 16855584 19569884 16856132
1786577485917 16855668 19569884 16856132
1786577486156 16855756 19569884 16856132
1786577486395 16855828 19569884 16856132
1786577486634 16855912 19569884 16856132
1786577486862 16855992 19569884 16856132
1786577487242 16856080 19569884 16856132
1786577487480 16856164 19569884 16856164
1786577487709 16856244 19569884 16856244
1786577487944 16856328 19569884 16856328
1786577488184 16856412 19569884 16856412
1786577488421 16856484 19569884 16857284
1786577488661 16856576 19569884 16857284
1786577488898 16856656 19569884 16857284
1786577489132 16856740 19569884 16857284
1786577489370 16856836 19569884 16857284
1786577489600 16856908 19569884 16857284
1786577489840 16856996 19569884 16857860
1786577490215 16857076 19569884 16857860
1786577490445 16857144 19569884 16857860
1786577490675 16857480 19569884 16858436
1786577490901 16857876 19569884 16858436
1786577491127 16858284 19569884 16859012
1786577491353 16858676 19569884 16859588
1786577491582 16859060 19569884 16860164
1786577491820 16859460 19569884 16860164
1786577492052 16859988 19569884 16860740
1786577492290 16860532 19569884 16861316
1786577492506 16860928 19569884 16861892
1786577492740 16861300 19569884 16861892
1786577493084 16861116 19569884 16861892
1786577493178 16861204 19569884 16861892
1786577493292 16861204 19569884 16861892
1786577493401 16861204 19569884 16861892
1786577493511 16861204 19569884 16861892
1786577493625 16861204 19569884 16861892
1786577493740 16861204 19569884 16861892
1786577493853 16860988 19569884 16861892
1786577493966 16861076 19569884 16861892
1786577494081 16861076 19569884 16861892
1786577494194 16861076 19569884 16861892
1786577494308 16861076 19569884 16861892
1786577494423 16861076 19569884 16861892
1786577494539 16861076 19569884 16861892
1786577494652 16860956 19569884 16861892
1786577494761 16861036 19569884 16861892
1786577494876 16861044 19569884 16861892
1786577494990 16861044 19569884 16861892
1786577495103 16861044 19569884 16861892
1786577495212 16861044 19569884 16861892
1786577495318 16861044 19569884 16861892
1786577495428 16861044 19569884 16861892
1786577495517 16860924 19569884 16861892
1786577495573 16861012 19569884 16861892
1786577495684 16861012 19569884 16861892
1786577495790 16861012 19569884 16861892
1786577495897 16861012 19569884 16861892
1786577496006 16861012 19569884 16861892
1786577496117 16861012 19569884 16861892
1786577496225 16861012 19569884 16861892
1786577496332 16861012 19569884 16861892
1786577496436 16861012 19569884 16861892
1786577496547 16861012 19569884 16861892
1786577496663 16861012 19569884 16861892
1786577496779 16861012 19569884 16861892
1786577496894 16861012 19569884 16861892
1786577497014 16861012 19569884 16861892
1786577497126 16861012 19569884 16861892
1786577497233 16861012 19569884 16861892
1786577497342 16861012 19569884 16861892
1786577497460 16861012 19569884 16861892
1786577497578 16861012 19569884 16861892
1786577497695 16861012 19569884 16861892
1786577497802 16861020 19569884 16861892
1786577497905 16861020 19569884 16861892
1786577498009 16861020 19569884 16861892
1786577498113 16861020 19569884 16861892
1786577498216 16861020 19569884 16861892
1786577498321 16861020 19569884 16861892
1786577498426 16861020 19569884 16861892
1786577498532 16861020 19569884 16861892
1786577498634 16861020 19569884 16861892
1786577498749 16861020 19569884 16861892
1786577498868 16861020 19569884 16861892
1786577498987 16861020 19569884 16861892
1786577499095 16861020 19569884 16861892
1786577499208 16861020 19569884 16861892
1786577499325 16861020 19569884 16861892
1786577499441 16861020 19569884 16861892
1786577499532 16860924 19569884 16861892
1786577499634 16869296 19569884 16869296
1786577500023 16877552 19569884 16877552
1786577500268 16869392 19569884 16869956
1786577500392 16877680 19569884 16877680
1786577500631 16867784 19569884 16872116
1786577500686 16869480 19569884 16872116
1786577500803 16879304 19569884 16879304
1786577501041 16879920 19569884 16879920
1786577501284 16879920 19569884 16879920
1786577501395 16879920 19569884 16879920
1786577501505 16879920 19569884 16879920
1786577501617 16880840 19569884 16880840
1786577501885 16886000 19569884 16886000
1786577502142 16886000 19569884 16886000
1786577502253 16886000 19569884 16886000
1786577502378 16886000 19569884 16886000
1786577502501 16910420 19569884 16910408
1786577502710 16913744 19569884 16913744
1786577503116 16913744 19569884 16913744
1786577503235 16913744 19569884 16913744
1786577503351 16913744 19569884 16913744
1786577503468 16908564 19569884 16908564
1786577503544 16897964 19569884 16907912
1786577503630 16888984 19569884 16907912
1786577503740 16888880 19569884 16907912
1786577503852 16888880 19569884 16907912
1786577503963 16888880 19569884 16907912
1786577504074 16888880 19569884 16907912
1786577504187 16888880 19569884 16907912
1786577504300 16888880 19569884 16907912
1786577504412 16888880 19569884 16907912
1786577504525 16888880 19569884 16907912
1786577504637 16888880 19569884 16907912
1786577504749 16888880 19569884 16907912
1786577504861 16888880 19569884 16907912
1786577504967 16888824 19569884 16907912
1786577505074 16888824 19569884 16907912
1786577505184 16888824 19569884 16907912
1786577505294 16888824 19569884 16907912
1786577505405 16888824 19569884 16907912
1786577505517 16888824 19569884 16907912
1786577505627 16888824 19569884 16907912
1786577505739 16888824 19569884 16907912
1786577505851 16888824 19569884 16907912
1786577505964 16888824 19569884 16907912
1786577506077 16888824 19569884 16907912
1786577506189 16888824 19569884 16907912
1786577506301 16888824 19569884 16907912
1786577506411 16888824 19569884 16907912
1786577506517 16888824 19569884 16907912
1786577506616 16888824 19569884 16907912
1786577506715 16888824 19569884 16907912
1786577506823 16888824 19569884 16907912
1786577506936 16888824 19569884 16907912
1786577507041 16888824 19569884 16907912
1786577507149 16888824 19569884 16907912
1786577507261 16888844 19569884 16907912
1786577507373 16888844 19569884 16907912
1786577507479 16888844 19569884 16907912
1786577507577 16888844 19569884 16907912
1786577507683 16888844 19569884 16907912
1786577507794 16888844 19569884 16907912
1786577507906 16888844 19569884 16907912
1786577508017 16888844 19569884 16907912
1786577508129 16888844 19569884 16907912
1786577508241 16888844 19569884 16907912
1786577508353 16888844 19569884 16907912
1786577508465 16888844 19569884 16907912
1786577508570 16888844 19569884 16907912
1786577508678 16888844 19569884 16907912
1786577508788 16888844 19569884 16907912
1786577508899 16888844 19569884 16907912
1786577509009 16888844 19569884 16907912
1786577509120 16888844 19569884 16907912
1786577509232 16888844 19569884 16907912
1786577509344 16888844 19569884 16907912
1786577509456 16888844 19569884 16907912
1786577509568 16888844 19569884 16907912
1786577509680 16888844 19569884 16907912
1786577509792 16888844 19569884 16907912
1786577509905 16888844 19569884 16907912
1786577510017 16888844 19569884 16907912
1786577510127 16888844 19569884 16907912
1786577510237 16888844 19569884 16907912
1786577510351 16888844 19569884 16907912
1786577510462 16888844 19569884 16907912
1786577510574 16888844 19569884 16907912
1786577510686 16888844 19569884 16907912
1786577510798 16888844 19569884 16907912
1786577510910 16888844 19569884 16907912
1786577511020 16888844 19569884 16907912
1786577511131 16888844 19569884 16907912
1786577511243 16888844 19569884 16907912
1786577511354 16888844 19569884 16907912
1786577511459 16888844 19569884 16907912
1786577511559 16888844 19569884 16907912
1786577511665 16888844 19569884 16907912
1786577511771 16888844 19569884 16907912
1786577511879 16888844 19569884 16907912
1786577511990 16888844 19569884 16907912
1786577512096 16888844 19569884 16907912
1786577512204 16888844 19569884 16907912
1786577512315 16888844 19569884 16907912
1786577512426 16888844 19569884 16907912
1786577512538 16888844 19569884 16907912
1786577512649 16888844 19569884 16907912
1786577512759 16888844 19569884 16907912
1786577512869 16888844 19569884 16907912
1786577512978 16888844 19569884 16907912
1786577513090 16888844 19569884 16907912
1786577513201 16888844 19569884 16907912
1786577513312 16888844 19569884 16907912
1786577513423 16888844 19569884 16907912
1786577513534 16888844 19569884 16907912
1786577513645 16888844 19569884 16907912
1786577513756 16888844 19569884 16907912
1786577513867 16888844 19569884 16907912
1786577513978 16888844 19569884 16907912
1786577514087 16888844 19569884 16907912
1786577514196 16888844 19569884 16907912
1786577514304 16888844 19569884 16907912
1786577514414 16888844 19569884 16907912
1786577514525 16888844 19569884 16907912
1786577514630 16888844 19569884 16907912
1786577514738 16888844 19569884 16907912
1786577514849 16888844 19569884 16907912
1786577514956 16888844 19569884 16907912
1786577515058 16888844 19569884 16907912
1786577515159 16888844 19569884 16907912
1786577515268 16888844 19569884 16907912
1786577515372 16888844 19569884 16907912
1786577515464 16901704 19569884 16907912
1786577515544 16907072 19569884 16907912
1786577515653 16903264 19569884 16907912
1786577515720 16892112 19569884 16907912
1786577515823 16889076 19569884 16907912
1786577515936 16889076 19569884 16907912
1786577516049 16889076 19569884 16907912
1786577516161 16889076 19569884 16907912
1786577516273 16889076 19569884 16907912
1786577516339 16891092 19569884 16907912
1786577516450 16899764 19569884 16907912
1786577516514 16890604 19569884 16907912
1786577516628 16905132 19569884 16907912
1786577516735 16913252 19569884 16913252
1786577516838 16913764 19569884 16913764
1786577517183 16913988 19569884 16913988
1786577517442 16911772 19569884 16911772
1786577517550 16906988 19569884 16910712
1786577517638 16895624 19569884 16910712
1786577517693 16894860 19569884 16910712
1786577517767 16893328 19569884 16910712
1786577517868 16901544 19569884 16910712
1786577517939 16909640 19569884 16910712
1786577518002 16913396 19569884 16913396
1786577518117 16905380 19569884 16910712
1786577518168 16899080 19569884 16910712
1786577518223 16907528 19569884 16910712
1786577518290 16903888 19569884 16910712
1786577518389 16893336 19569884 16910712
1786577518493 16893356 19569884 16910712
1786577518598 16893356 19569884 16910712
1786577518702 16893356 19569884 16910712
1786577518805 16893356 19569884 16910712
1786577518909 16893356 19569884 16910712
1786577519013 16893356 19569884 16910712
1786577519116 16893356 19569884 16910712
1786577519220 16893356 19569884 16910712
1786577519324 16893356 19569884 16910712
1786577519430 16893356 19569884 16910712
1786577519541 16893356 19569884 16910712
1786577519655 16893356 19569884 16910712
1786577519763 16893356 19569884 16910712
1786577519872 16893356 19569884 16910712
1786577519980 16893356 19569884 16910712
1786577520083 16893356 19569884 16910712
1786577520188 16893356 19569884 16910712
1786577520300 16893356 19569884 16910712
1786577520413 16893356 19569884 16910712
1786577520526 16893356 19569884 16910712
1786577520640 16893356 19569884 16910712
1786577520735 16893388 19569884 16910712
1786577520825 16898236 19569884 16910712
1786577520893 16906548 19569884 16910712
1786577520993 16914724 19569884 16914724
1786577521307 16918792 19569884 16918792
1786577521546 16906684 19569884 16912812
1786577521649 16914708 19569884 16914708
1786577521731 16917544 19569884 16917544
1786577521822 16925396 19569884 16925396
1786577522108 16929568 19681556 16929568
1786577522340 16936724 19681556 16936724
1786577522630 16937960 19681556 16937960
1786577522917 16937960 19681556 16937960
1786577523031 16937960 19681556 16937960
1786577523117 16937960 19681556 16937960
1786577523235 16937960 19681556 16937960
1786577523334 16938212 19681556 16938212
1786577523618 16938212 19681556 16938212
1786577523729 16938212 19681556 16938212
1786577523843 16938212 19681556 16938212
1786577523961 16933772 19681556 16933772
1786577524072 16915276 19681556 16933192
1786577524186 16900224 19681556 16933192
1786577524297 16900224 19681556 16933192
1786577524370 16900296 19681556 16933192
1786577524484 16900296 19681556 16933192
1786577524599 16900296 19681556 16933192
1786577524713 16900296 19681556 16933192
1786577524823 16900296 19681556 16933192
1786577524934 16900296 19681556 16933192
1786577525049 16900296 19681556 16933192
1786577525165 16900296 19681556 16933192
1786577525279 16900296 19681556 16933192
1786577525394 16900296 19681556 16933192
1786577525508 16900296 19681556 16933192
1786577525624 16900296 19681556 16933192
1786577525740 16900296 19681556 16933192
1786577525855 16900296 19681556 16933192
1786577525971 16900296 19681556 16933192
1786577526080 16900296 19681556 16933192
1786577526195 16900288 19681556 16933192
1786577526280 16908408 19681556 16933192
1786577526382 16902800 19681556 16933192
1786577526484 16900484 19681556 16933192
1786577526625 16921260 19681556 16933192
1786577526741 16924984 19681556 16933192
1786577526855 16924984 19763476 16933192
1786577526952 16926008 19763476 16933192
1786577527048 16922308 19763476 16933192
1786577527167 16916388 19763476 16933192
1786577527273 16903328 19763476 16933192
1786577527315 16901248 19763476 16933192
1786577527429 16909464 19763476 16933192
1786577527546 16919548 19763476 16933192
1786577527665 16914908 19763476 16933192
1786577527778 16909172 19763476 16933192
1786577527888 16912264 19763476 16933192
1786577527987 16901168 19763476 16933192
1786577528091 16867816 19763476 16933192
1786577528204 16868164 19763476 16933192
1786577528318 16868164 19763476 16933192
1786577528431 16868164 19763476 16933192
1786577528542 16868180 19763476 16933192
1786577528654 16868180 19763476 16933192
1786577528765 16868312 19763476 16933192
1786577528875 16868356 19763476 16933192
1786577528987 16868356 19763476 16933192
1786577529099 16868528 19763476 16933192
1786577529210 16868528 19763476 16933192
1786577529320 16868540 19763476 16933192
1786577529426 16868700 19763476 16933192
1786577529537 16868700 19763476 16933192
1786577529649 16868840 19763476 16933192
1786577529762 16868872 19763476 16933192
1786577529869 16868872 19763476 16933192
1786577529967 16869048 19763476 16933192
1786577530077 16869048 19763476 16933192
1786577530184 16869048 19763476 16933192
1786577530285 16869048 19763476 16933192
1786577530386 16869048 19763476 16933192
1786577530490 16869048 19763476 16933192
1786577530596 16869048 19763476 16933192
1786577530701 16869048 19763476 16933192
1786577530807 16869048 19763476 16933192
1786577530908 16869048 19763476 16933192
1786577531017 16869048 19763476 16933192
1786577531128 16869048 19763476 16933192
1786577531234 16869048 19763476 16933192
1786577531341 16869048 19763476 16933192
1786577531452 16869048 19763476 16933192
1786577531518 16879088 19763476 16933192
1786577531589 16888916 19763476 16933192
1786577531672 16898352 19763476 16933192
1786577531718 16900724 19763476 16933192
1786577531824 16900724 19763476 16933192
1786577531925 16900724 19763476 16933192
1786577532025 16900724 19763476 16933192
1786577532127 16900724 19763476 16933192
1786577532235 16900724 19763476 16933192
1786577532347 16900724 19763476 16933192
1786577532460 16900724 19763476 16933192
1786577532566 16900724 19763476 16933192
1786577532666 16900724 19763476 16933192
1786577532772 16900724 19763476 16933192
1786577532877 16900724 19763476 16933192
1786577532978 16900724 19763476 16933192
1786577533079 16900724 19763476 16933192
1786577533180 16900724 19763476 16933192
1786577533287 16900724 19763476 16933192
1786577533398 16900724 19763476 16933192
1786577533504 16900752 19763476 16933192
1786577533606 16900752 19763476 16933192
1786577533712 16900756 19763476 16933192
1786577533818 16900756 19763476 16933192
1786577533924 16900756 19763476 16933192
1786577534035 16900760 19763476 16933192
1786577534142 16900760 19763476 16933192
1786577534243 16900764 19763476 16933192
1786577534345 16900764 19763476 16933192
1786577534452 16900764 19763476 16933192
1786577534558 16900764 19763476 16933192
1786577534660 16900764 19763476 16933192
1786577534768 16900764 19763476 16933192
1786577534879 16900764 19763476 16933192
1786577534986 16900764 19763476 16933192
1786577535088 16900764 19763476 16933192
1786577535194 16900764 19763476 16933192
1786577535299 16900764 19763476 16933192
1786577535400 16900764 19763476 16933192
1786577535509 16900764 19763476 16933192
1786577535615 16900764 19763476 16933192
1786577535720 16900764 19763476 16933192
1786577535824 16900764 19763476 16933192
1786577535932 16900764 19763476 16933192
1786577536043 16900792 19763476 16933192
1786577536148 16900792 19763476 16933192
1786577536253 16900796 19763476 16933192
1786577536358 16900796 19763476 16933192
1786577536460 16900796 19763476 16933192
1786577536565 16900800 19763476 16933192
1786577536671 16900800 19763476 16933192
1786577536772 16900800 19763476 16933192
1786577536881 16900804 19763476 16933192
1786577536992 16900804 19763476 16933192
1786577537097 16900804 19763476 16933192
1786577537198 16900804 19763476 16933192
1786577537300 16900816 19763476 16933192
1786577537403 16900828 19763476 16933192
1786577537512 16900840 19763476 16933192
1786577537618 16908940 19763476 16933192
1786577537667 16919564 19763476 16933192
1786577537748 16929820 19763476 16933192
1786577537834 16936476 19763476 16936476
1786577537938 16936500 19763476 16936500
1786577538039 16936580 19763476 16936580
1786577538145 16936664 19763476 16936664
1786577538254 16936748 19763476 16936748
1786577538366 16936836 19763476 16936836
1786577538472 16936908 19763476 16936908
1786577538573 16936988 19763476 16936988
1786577538671 16937040 19763476 16937040
1786577538772 16937128 19763476 16937128
1786577538872 16937200 19763476 16937200
1786577538982 16937284 19763476 16937284
1786577539078 16937364 19763476 16937364
1786577539187 16937436 19763476 16937436
1786577539298 16937528 19763476 16937528
1786577539399 16937600 19763476 16937600
1786577539508 16937684 19763476 16937684
1786577539614 16937764 19763476 16937764
1786577539720 16937836 19763476 16937836
1786577539825 16937920 19763476 16937920
1786577539929 16937992 19763476 16937992
1786577540039 16938084 19763476 16938084
1786577540135 16938156 19763476 16938156
1786577540246 16938232 19763476 16938232
1786577540615 16938328 19763476 16938328
1786577540847 16938412 19763476 16938412
1786577541073 16938496 19763476 16938496
1786577541303 16938588 19763476 16938588
1786577541541 16938672 19763476 16938672
1786577541778 16938764 19763476 16938764
1786577542022 16938860 19763476 16938860
1786577542262 16938948 19763476 16938948
1786577542502 16939028 19763476 16939028
1786577542737 16939124 19763476 16939124
1786577542976 16939212 19763476 16939212
1786577543219 16939292 19763476 16939292
1786577543606 16939384 19763476 16939384
1786577543836 16939460 19763476 16939460
1786577544076 16939556 19763476 16939556
1786577544316 16939644 19763476 16939644
1786577544558 16939736 19763476 16939736
1786577544798 16939832 19763476 16939832
1786577545040 16939928 19763476 16939928
1786577545284 16940016 19763476 16940016
1786577545525 16940096 19763476 16940096
1786577545765 16940188 19763476 16940188
1786577545997 16940268 19763476 16940268
1786577546238 16940356 19763476 16940356
1786577546624 16940452 19763476 16940452
1786577546852 16940712 19763476 16940712
1786577547088 16941244 19763476 16941244
1786577547325 16941772 19763476 16941772
1786577547560 16942172 19763476 16942172
1786577547799 16942584 19763476 16942584
1786577548037 16943096 19763476 16943096
1786577548270 16943492 19763476 16943492
1786577548506 16944016 19763476 16944016
1786577548744 16944548 19763476 16944548
1786577548928 16944620 19763476 16949692
1786577549110 16944436 19763476 16949692
1786577549216 16944524 19763476 16949692
1786577549327 16944524 19763476 16949692
1786577549442 16944524 19763476 16949692
1786577549558 16944524 19763476 16949692
1786577549673 16944524 19763476 16949692
1786577549787 16944524 19763476 16949692
1786577549900 16944336 19763476 16949692
1786577550011 16944336 19763476 16949692
1786577550103 16944424 19763476 16949692
1786577550215 16944424 19763476 16949692
1786577550326 16944424 19763476 16949692
1786577550439 16944424 19763476 16949692
1786577550551 16944424 19763476 16949692
1786577550663 16944432 19763476 16949692
1786577550774 16944304 19763476 16949692
1786577550886 16944304 19763476 16949692
1786577550948 16944392 19763476 16949692
1786577551059 16944392 19763476 16949692
1786577551171 16944392 19763476 16949692
1786577551283 16944392 19763476 16949692
1786577551396 16944392 19763476 16949692
1786577551508 16944392 19763476 16949692
1786577551616 16944288 19763476 16949692
1786577551704 16944376 19763476 16949692
1786577551821 16944376 19763476 16949692
1786577551938 16944376 19763476 16949692
1786577552051 16944376 19763476 16949692
1786577552163 16944376 19763476 16949692
1786577552281 16944376 19763476 16949692
1786577552401 16944376 19763476 16949692
1786577552517 16944376 19763476 16949692
1786577552631 16944376 19763476 16949692
1786577552742 16944376 19763476 16949692
1786577552850 16944376 19763476 16949692
1786577552957 16944376 19763476 16949692
1786577553065 16944376 19763476 16949692
1786577553180 16944376 19763476 16949692
1786577553297 16944376 19763476 16949692
1786577553413 16944376 19763476 16949692
1786577553530 16944376 19763476 16949692
1786577553649 16944376 19763476 16949692
1786577553766 16944376 19763476 16949692
1786577553880 16944376 19763476 16949692
1786577553995 16944376 19763476 16949692
1786577554111 16944376 19763476 16949692
1786577554226 16944376 19763476 16949692
1786577554341 16944376 19763476 16949692
1786577554461 16944376 19763476 16949692
1786577554580 16944376 19763476 16949692
1786577554697 16944376 19763476 16949692
1786577554809 16944376 19763476 16949692
1786577554920 16944376 19763476 16949692
1786577555035 16944376 19763476 16949692
1786577555153 16944376 19763476 16949692
1786577555266 16944384 19763476 16949692
1786577555381 16944384 19763476 16949692
1786577555497 16944384 19763476 16949692
1786577555613 16944384 19763476 16949692
1786577555677 16944288 19763476 16949692
1786577555788 16952664 19763476 16953148
1786577556181 16960920 19763476 16960920
1786577556412 16952356 19763476 16957180
1786577556492 16961044 19763476 16961044
1786577556732 16961112 19763476 16961112
1786577556942 16949768 19763476 16958804
1786577557057 16961680 19763476 16961680
1786577557321 16963288 19763476 16963288
1786577557582 16963288 19763476 16963288
1786577557695 16963288 19763476 16963288
1786577557812 16963288 19763476 16963288
1786577557931 16964228 19763476 16964228
1786577558181 16969368 19763476 16969368
1786577558418 16969368 19763476 16969368
1786577558525 16969368 19763476 16969368
1786577558637 16969368 19763476 16969368
1786577558755 16969368 19763476 16969368
1786577558829 16982076 19763476 16982076
1786577559234 16986280 19763476 16986280
1786577559480 16986280 19763476 16986280
1786577559600 16986280 19763476 16986280
1786577559720 16984800 19763476 16984800
1786577559837 16969880 19763476 16980860
1786577559897 16961520 19763476 16980860
1786577560010 16961520 19763476 16980860
1786577560066 16961472 19763476 16980860
1786577560174 16961472 19763476 16980860
1786577560278 16961472 19763476 16980860
1786577560384 16961472 19763476 16980860
1786577560494 16961472 19763476 16980860
1786577560603 16961472 19763476 16980860
1786577560713 16961472 19763476 16980860
1786577560826 16961472 19763476 16980860
1786577560940 16961472 19763476 16980860
1786577561052 16961472 19763476 16980860
1786577561165 16961472 19763476 16980860
1786577561271 16961440 19763476 16980860
1786577561377 16961440 19763476 16980860
1786577561489 16961440 19763476 16980860
1786577561599 16961440 19763476 16980860
1786577561711 16961440 19763476 16980860
1786577561819 16961440 19763476 16980860
1786577561922 16961440 19763476 16980860
1786577562026 16961440 19763476 16980860
1786577562130 16961440 19763476 16980860
1786577562234 16961440 19763476 16980860
1786577562337 16961440 19763476 16980860
1786577562445 16961440 19763476 16980860
1786577562556 16961440 19763476 16980860
1786577562667 16961440 19763476 16980860
1786577562777 16961440 19763476 16980860
1786577562885 16961440 19763476 16980860
1786577562994 16961440 19763476 16980860
1786577563101 16961440 19763476 16980860
1786577563206 16961440 19763476 16980860
1786577563316 16961440 19763476 16980860
1786577563425 16961440 19763476 16980860
1786577563533 16972848 19763476 16980860
1786577563646 16972848 19763476 16980860
1786577563757 16972848 19763476 16980860
1786577563868 16972848 19763476 16980860
1786577563982 16972848 19763476 16980860
1786577564096 16972848 19763476 16980860
1786577564209 16972848 19763476 16980860
1786577564321 16972848 19763476 16980860
1786577564434 16972848 19763476 16980860
1786577564547 16972848 19763476 16980860
1786577564659 16972848 19763476 16980860
1786577564772 16972848 19763476 16980860
1786577564877 16972848 19763476 16980860
1786577564984 16972848 19763476 16980860
1786577565096 16972848 19763476 16980860
1786577565208 16972848 19763476 16980860
1786577565321 16972848 19763476 16980860
1786577565434 16972848 19763476 16980860
1786577565546 16972848 19763476 16980860
1786577565658 16972848 19763476 16980860
1786577565769 16972848 19763476 16980860
1786577565883 16972848 19763476 16980860
1786577565996 16972848 19763476 16980860
1786577566109 16972848 19763476 16980860
1786577566222 16972848 19763476 16980860
1786577566328 16972848 19763476 16980860
1786577566431 16972848 19763476 16980860
1786577566537 16972848 19763476 16980860
1786577566639 16972848 19763476 16980860
1786577566747 16972848 19763476 16980860
1786577566852 16972848 19763476 16980860
1786577566960 16972848 19763476 16980860
1786577567070 16972848 19763476 16980860
1786577567176 16972848 19763476 16980860
1786577567277 16972848 19763476 16980860
1786577567377 16972848 19763476 16980860
1786577567475 16972848 19763476 16980860
1786577567574 16972848 19763476 16980860
1786577567676 16972848 19763476 16980860
1786577567777 16972848 19763476 16980860
1786577567879 16972848 19763476 16980860
1786577567980 16972848 19763476 16980860
1786577568089 16972848 19763476 16980860
1786577568195 16972848 19763476 16980860
1786577568304 16972848 19763476 16980860
1786577568410 16972848 19763476 16980860
1786577568513 16972848 19763476 16980860
1786577568615 16972848 19763476 16980860
1786577568724 16972848 19763476 16980860
1786577568830 16972848 19763476 16980860
1786577568933 16972848 19763476 16980860
1786577569042 16972848 19763476 16980860
1786577569152 16972848 19763476 16980860
1786577569263 16972848 19763476 16980860
1786577569376 16972848 19763476 16980860
1786577569489 16972848 19763476 16980860
1786577569602 16972848 19763476 16980860
1786577569715 16972848 19763476 16980860
1786577569827 16972848 19763476 16980860
1786577569940 16972848 19763476 16980860
1786577570047 16972848 19763476 16980860
1786577570151 16972848 19763476 16980860
1786577570254 16972848 19763476 16980860
1786577570362 16972848 19763476 16980860
1786577570473 16972848 19763476 16980860
1786577570584 16972848 19763476 16980860
1786577570695 16972848 19763476 16980860
1786577570807 16972848 19763476 16980860
1786577570918 16972848 19763476 16980860
1786577571030 16972848 19763476 16980860
1786577571142 16972848 19763476 16980860
1786577571255 16972848 19763476 16980860
1786577571367 16972848 19763476 16980860
1786577571479 16972848 19763476 16980860
1786577571592 16972848 19763476 16980860
1786577571664 16981124 19763476 16981124
1786577571763 16990940 19763476 16990940
1786577572109 16992620 19763476 16992620
1786577572344 16975332 19763476 16981352
1786577572442 16974552 19763476 16981352
1786577572553 16974552 19763476 16981352
1786577572668 16974552 19763476 16981352
1786577572783 16974552 19763476 16981352
1786577572898 16974432 19763476 16981352
1786577572972 16982616 19763476 16982616
1786577573085 16976392 19763476 16983336
1786577573188 16992584 19763476 16992584
1786577573307 16997700 19763476 16997700
1786577573559 17014224 19763476 17014224
1786577573818 17021476 19763476 17021472
1786577574080 17012768 19763476 17012768
1786577574197 16997628 19763476 17011000
1786577574305 17005844 19763476 17011000
1786577574372 17013940 19763476 17013940
1786577574466 17017848 19763476 17017848
1786577574581 17002308 19763476 17011000
1786577574670 17006608 19763476 17011000
1786577574746 17013492 19763476 17013492
1786577574851 16997628 19763476 17011000
1786577574909 16997700 19763476 17011000
1786577575025 16997700 19763476 17011000
1786577575142 16997700 19763476 17011000
1786577575257 16997700 19763476 17011000
1786577575372 16997700 19763476 17011000
1786577575488 16997700 19763476 17011000
1786577575602 16997700 19763476 17011000
1786577575717 16997700 19763476 17011000
1786577575833 16997700 19763476 17011000
1786577575949 16997700 19763476 17011000
1786577576066 16997700 19763476 17011000
1786577576178 16997700 19763476 17011000
1786577576290 16997700 19763476 17011000
1786577576405 16997700 19763476 17011000
1786577576518 16997700 19763476 17011000
1786577576633 16997700 19763476 17011000
1786577576746 16997700 19763476 17011000
1786577576860 16997700 19763476 17011000
1786577576974 16997700 19763476 17011000
1786577577088 16997700 19763476 17011000
1786577577198 16997548 19763476 17011000
1786577577261 16997468 19763476 17011000
1786577577370 17009824 19763476 17011000
1786577577475 17018032 19763476 17018032
1786577577568 17013156 19763476 17013176
1786577577656 17009960 19763476 17013176
1786577577755 17011264 19763476 17013176
1786577577826 17021460 19763476 17021460
1786577577903 17028672 19763476 17028672
1786577578296 17029896 19763476 17029896
1786577578565 17030856 19763476 17030856
1786577578841 17040004 19763476 17040004
1786577579127 17041536 19763476 17041536
1786577579416 17041536 19763476 17041536
1786577579535 17041536 19763476 17041536
1786577579653 17041536 19763476 17041536
1786577579773 17041536 19763476 17041536
1786577579891 17041536 19763476 17041536
1786577580011 17041536 19763476 17041536
1786577580130 17041536 19763476 17041536
1786577580245 17031176 19763476 17035604
1786577580320 17021268 19763476 17035604
1786577580394 17018212 19763476 17035604
1786577580482 17003256 19763476 17035604
1786577580582 17003256 19763476 17035604
1786577580688 17003328 19763476 17035604
1786577580804 17003328 19763476 17035604
1786577580920 17003328 19763476 17035604
1786577581036 17003328 19763476 17035604
1786577581150 17003328 19763476 17035604
1786577581265 17003328 19763476 17035604
1786577581380 17003328 19763476 17035604
1786577581495 17003328 19763476 17035604
1786577581608 17003328 19763476 17035604
1786577581722 17003328 19763476 17035604
1786577581838 17003328 19763476 17035604
1786577581955 17003328 19763476 17035604
1786577582072 17003328 19763476 17035604
1786577582188 17003328 19763476 17035604
1786577582304 17003328 19763476 17035604
1786577582423 17003328 19763476 17035604
1786577582531 17011440 19763476 17035604
1786577582601 17019568 19763476 17035604
1786577582669 17005412 19763476 17035604
1786577582788 17023408 19763476 17035604
1786577582905 17028016 19763476 17035604
1786577583025 17029044 19763476 17035604
1786577583151 17029044 19763476 17035604
1786577583267 17023124 19763476 17035604
1786577583376 17018660 19763476 17035604
1786577583460 17004284 19763476 17035604
1786577583573 17012500 19763476 17035604
1786577583692 17022584 19763476 17035604
1786577583805 17021324 19763476 17035604
1786577583860 17010228 19763476 17035604
1786577583943 17020132 19763476 17035604
1786577584014 17006904 19763476 17035604
1786577584079 17004172 19763476 17035604
1786577584190 16965404 19763476 17035604
1786577584298 16965404 19763476 17035604
1786577584376 16965768 19763476 17035604
1786577584486 16965768 19763476 17035604
1786577584598 16965768 19763476 17035604
1786577584711 16965784 19763476 17035604
1786577584823 16965784 19763476 17035604
1786577584925 16965956 19763476 17035604
1786577585035 16965956 19763476 17035604
1786577585144 16965956 19763476 17035604
1786577585254 16966132 19763476 17035604
1786577585361 16966132 19763476 17035604
1786577585471 16966132 19763476 17035604
1786577585578 16966304 19763476 17035604
1786577585683 16966304 19763476 17035604
1786577585793 16966316 19763476 17035604
1786577585898 16966476 19763476 17035604
1786577586000 16966476 19763476 17035604
1786577586109 16966648 19763476 17035604
1786577586217 16966648 19763476 17035604
1786577586319 16966648 19763476 17035604
1786577586427 16966648 19763476 17035604
1786577586532 16966648 19763476 17035604
1786577586634 16966648 19763476 17035604
1786577586742 16966648 19763476 17035604
1786577586851 16966648 19763476 17035604
1786577586957 16966648 19763476 17035604
1786577587060 16966648 19763476 17035604
1786577587162 16966648 19763476 17035604
1786577587269 16966648 19763476 17035604
1786577587375 16966648 19763476 17035604
1786577587483 16966648 19763476 17035604
1786577587595 16966648 19763476 17035604
1786577587701 16976280 19763476 17035604
1786577587773 16986168 19763476 17035604
1786577587814 16995992 19763476 17035604
1786577587850 16998504 19763476 17035604
1786577587950 16998504 19763476 17035604
1786577588059 16998504 19763476 17035604
1786577588169 16998504 19763476 17035604
1786577588275 16998504 19763476 17035604
1786577588383 16998504 19763476 17035604
1786577588488 16998504 19763476 17035604
1786577588590 16998504 19763476 17035604
1786577588698 16998504 19763476 17035604
1786577588808 16998504 19763476 17035604
1786577588914 16998504 19763476 17035604
1786577589016 16998504 19763476 17035604
1786577589118 16998504 19763476 17035604
1786577589224 16998504 19763476 17035604
1786577589330 16998504 19763476 17035604
1786577589437 16998504 19763476 17035604
1786577589543 16998536 19763476 17035604
1786577589645 16998536 19763476 17035604
1786577589751 16998536 19763476 17035604
1786577589856 16998540 19763476 17035604
1786577589963 16998540 19763476 17035604
1786577590073 16998544 19763476 17035604
1786577590178 16998544 19763476 17035604
1786577590285 16998544 19763476 17035604
1786577590390 16998544 19763476 17035604
1786577590495 16998544 19763476 17035604
1786577590604 16998544 19763476 17035604
1786577590709 16998544 19763476 17035604
1786577590811 16998544 19763476 17035604
1786577590918 16998544 19763476 17035604
1786577591023 16998544 19763476 17035604
1786577591128 16998544 19763476 17035604
1786577591233 16998544 19763476 17035604
1786577591334 16998544 19763476 17035604
1786577591436 16998544 19763476 17035604
1786577591543 16998544 19763476 17035604
1786577591648 16998544 19763476 17035604
1786577591757 16998544 19763476 17035604
1786577591866 16998544 19763476 17035604
1786577591973 16998576 19763476 17035604
1786577592077 16998576 19763476 17035604
1786577592182 16998576 19763476 17035604
1786577592287 16998580 19763476 17035604
1786577592392 16998580 19763476 17035604
1786577592495 16998580 19763476 17035604
1786577592601 16998584 19763476 17035604
1786577592706 16998584 19763476 17035604
1786577592808 16998584 19763476 17035604
1786577592915 16998584 19763476 17035604
1786577593020 16998584 19763476 17035604
1786577593122 16998584 19763476 17035604
1786577593229 16998584 19763476 17035604
1786577593335 16998596 19763476 17035604
1786577593442 16998604 19763476 17035604
1786577593548 16998616 19763476 17035604
1786577593655 16998620 19763476 17035604
1786577593758 17007236 19763476 17035604
1786577593802 17017532 19763476 17035604
1786577593888 17027916 19763476 17035604
1786577593965 17034148 19763476 17035604
1786577594075 17034188 19763476 17035604
1786577594182 17034276 19763476 17035604
1786577594275 17034348 19763476 17035604
1786577594385 17034424 19763476 17035604
1786577594493 17034516 19763476 17035604
1786577594592 17034596 19763476 17035604
1786577594701 17034680 19763476 17035604
1786577594808 17034764 19763476 17035604
1786577594908 17034848 19763476 17035604
1786577595016 17034936 19763476 17035604
1786577595126 17035028 19763476 17035604
1786577595238 17035084 19763476 17035604
1786577595347 17035176 19763476 17035604
1786577595452 17035252 19763476 17035604
1786577595562 17035344 19763476 17035604
1786577595673 17035432 19763476 17035604
1786577595776 17035520 19763476 17035604
1786577595887 17035608 19763476 17035608
1786577595998 17035696 19763476 17035696
1786577596096 17035772 19763476 17035772
1786577596200 17035856 19763476 17035856
1786577596309 17035936 19763476 17035936
1786577596416 17036012 19763476 17036012
1786577596519 17036096 19763476 17036096
1786577596612 17036172 19763476 17036172
1786577596721 17036256 19763476 17036256
1786577596831 17036340 19763476 17036340
1786577596939 17036412 19763476 17036412
1786577597045 17036496 19763476 17036496
1786577597149 17036576 19763476 17036576
1786577597257 17036660 19763476 17036660
1786577597363 17036744 19763476 17036744
1786577597469 17036816 19763476 17036816
1786577597576 17036900 19763476 17036900
1786577597678 17036984 19763476 17036976
1786577597784 17037068 19763476 17037068
1786577597891 17037152 19763476 17037152
1786577597995 17037232 19763476 17037232
1786577598098 17037316 19763476 17037316
1786577598200 17037392 19763476 17037392
1786577598307 17037472 19763476 17037472
1786577598417 17037564 19763476 17037564
1786577598527 17037652 19763476 17037652
1786577598636 17037736 19763476 17037736
1786577598742 17037828 19763476 17037828
1786577598845 17037900 19763476 17037900
1786577598950 17037984 19763476 17037984
1786577599053 17038068 19763476 17038068
1786577599157 17038136 19763476 17038136
1786577599255 17038476 19763476 17044028
1786577599357 17038888 19763476 17044604
1786577599467 17039272 19763476 17044604
1786577599573 17039664 19763476 17045180
1786577599679 17040076 19763476 17045756
1786577599786 17040472 19763476 17045756
1786577599887 17040876 19763476 17046332
1786577599997 17041280 19763476 17046908
1786577600102 17041512 19763476 17046908
1786577600200 17041804 19763476 17047484
1786577600586 17042168 19763476 17047484
1786577600823 17042292 19763476 17048060
1786577601020 17042124 19763476 17048060
1786577601132 17042212 19763476 17048060
1786577601249 17042212 19763476 17048060
1786577601364 17042212 19763476 17048060
1786577601479 17042212 19763476 17048060
1786577601592 17042212 19763476 17048060
1786577601707 17042212 19763476 17048060
1786577601822 17042020 19763476 17048060
1786577601934 17042096 19763476 17048060
1786577602045 17042096 19763476 17048060
1786577602156 17042096 19763476 17048060
1786577602266 17042096 19763476 17048060
1786577602380 17042096 19763476 17048060
1786577602498 17042096 19763476 17048060
1786577602610 17042016 19763476 17048060
1786577602714 17042008 19763476 17048060
1786577602800 17042096 19763476 17048060
1786577602916 17042096 19763476 17048060
1786577603033 17042096 19763476 17048060
1786577603150 17042096 19763476 17048060
1786577603265 17042096 19763476 17048060
1786577603380 17042096 19763476 17048060
1786577603485 17041992 19763476 17048060
1786577603570 17042080 19763476 17048060
1786577603685 17042080 19763476 17048060
1786577603805 17042080 19763476 17048060
1786577603924 17042080 19763476 17048060
1786577604037 17042080 19763476 17048060
1786577604152 17042080 19763476 17048060
1786577604266 17042080 19763476 17048060
1786577604381 17042080 19763476 17048060
1786577604494 17042088 19763476 17048060
1786577604605 17042088 19763476 17048060
1786577604718 17042088 19763476 17048060
1786577604827 17042088 19763476 17048060
1786577604945 17042088 19763476 17048060
1786577605066 17042088 19763476 17048060
1786577605187 17042088 19763476 17048060
1786577605305 17042088 19763476 17048060
1786577605422 17042088 19763476 17048060
1786577605535 17042088 19763476 17048060
1786577605646 17042088 19763476 17048060
1786577605761 17042088 19763476 17048060
1786577605878 17042088 19763476 17048060
1786577605993 17042088 19763476 17048060
1786577606110 17042088 19763476 17048060
1786577606231 17042088 19763476 17048060
1786577606352 17042088 19763476 17048060
1786577606469 17042088 19763476 17048060
1786577606589 17042088 19763476 17048060
1786577606710 17042088 19763476 17048060
1786577606827 17042088 19763476 17048060
1786577606937 17042088 19763476 17048060
1786577607048 17042088 19763476 17048060
1786577607160 17042088 19763476 17048060
1786577607269 17041992 19763476 17048060
1786577607375 17052416 19763476 17053296
1786577607729 17060672 19763476 17060672
1786577607963 17052512 19763476 17059632
1786577608102 17062352 19763476 17062352
1786577608303 17065516 19763476 17065516
1786577608499 17057160 19763476 17061968
1786577608581 17066428 19763476 17066428
1786577608818 17067592 19763476 17067592
1786577609014 17067648 19763476 17067648
1786577609219 17067648 19763476 17067648
1786577609278 17067648 19763476 17067648
1786577609349 17067952 19763476 17067952
1786577609614 17068520 19763476 17068520
1786577609897 17070560 19763476 17070556
1786577610128 17073528 19763476 17073528
1786577610495 17073528 19763476 17073528
1786577610607 17073528 19763476 17073528
1786577610721 17073528 19763476 17073528
1786577610775 17073728 19763476 17073728
1786577611015 17091108 19763476 17091108
1786577611332 17101396 19862340 17101396
1786577611591 17104680 19862340 17104680
1786577611849 17101396 19862340 17101396
1786577611951 17102568 19862340 17102544
1786577612069 17086356 19862340 17097988
1786577612166 17089968 19862340 17097988
1786577612270 17089968 19862340 17097988
1786577612380 17090276 19862340 17097988
1786577612493 17090276 19862340 17097988
1786577612566 17076636 19862340 17097988
1786577612671 17076688 19862340 17097988
1786577612713 17076540 19862340 17097988
1786577612821 17076540 19862340 17097988
1786577612934 17076540 19862340 17097988
1786577613046 17076540 19862340 17097988
1786577613157 17076540 19862340 17097988
1786577613265 17076540 19862340 17097988
1786577613374 17076540 19862340 17097988
1786577613487 17076540 19862340 17097988
1786577613599 17076540 19862340 17097988
1786577613708 17076540 19862340 17097988
1786577613816 17076532 19862340 17097988
1786577613927 17076508 19862340 17097988
1786577614038 17076508 19862340 17097988
1786577614151 17076508 19862340 17097988
1786577614263 17076508 19862340 17097988
1786577614377 17076508 19862340 17097988
1786577614490 17076508 19862340 17097988
1786577614605 17076508 19862340 17097988
1786577614718 17076508 19862340 17097988
1786577614832 17076508 19862340 17097988
1786577614947 17076508 19862340 17097988
1786577615061 17076508 19862340 17097988
1786577615175 17076508 19862340 17097988
1786577615287 17076508 19862340 17097988
1786577615398 17076508 19862340 17097988
1786577615514 17076508 19862340 17097988
1786577615629 17076508 19862340 17097988
1786577615744 17076508 19862340 17097988
1786577615859 17076508 19862340 17097988
1786577615974 17076508 19862340 17097988
1786577616089 17076508 19862340 17097988
1786577616203 17076520 19862340 17097988
1786577616317 17076520 19862340 17097988
1786577616431 17076520 19862340 17097988
1786577616544 17076520 19862340 17097988
1786577616659 17076520 19862340 17097988
1786577616774 17076520 19862340 17097988
1786577616888 17076520 19862340 17097988
1786577617003 17076520 19862340 17097988
1786577617118 17076520 19862340 17097988
1786577617232 17076520 19862340 17097988
1786577617346 17076520 19862340 17097988
1786577617461 17076520 19862340 17097988
1786577617576 17076520 19862340 17097988
1786577617688 17076520 19862340 17097988
1786577617801 17076520 19862340 17097988
1786577617914 17076520 19862340 17097988
1786577618026 17076520 19862340 17097988
1786577618138 17076520 19862340 17097988
1786577618251 17076520 19862340 17097988
1786577618366 17076520 19862340 17097988
1786577618481 17076520 19862340 17097988
1786577618596 17076520 19862340 17097988
1786577618711 17076520 19862340 17097988
1786577618824 17076520 19862340 17097988
1786577618937 17076520 19862340 17097988
1786577619049 17076520 19862340 17097988
1786577619161 17076520 19862340 17097988
1786577619275 17076520 19862340 17097988
1786577619388 17076520 19862340 17097988
1786577619502 17076520 19862340 17097988
1786577619617 17076520 19862340 17097988
1786577619732 17076520 19862340 17097988
1786577619847 17076520 19862340 17097988
1786577619962 17076520 19862340 17097988
1786577620077 17076520 19862340 17097988
1786577620184 17076520 19862340 17097988
1786577620289 17076520 19862340 17097988
1786577620402 17076520 19862340 17097988
1786577620514 17076520 19862340 17097988
1786577620625 17076520 19862340 17097988
1786577620738 17076520 19862340 17097988
1786577620852 17076520 19862340 17097988
1786577620967 17076520 19862340 17097988
1786577621081 17076520 19862340 17097988
1786577621196 17076520 19862340 17097988
1786577621312 17076520 19862340 17097988
1786577621427 17076520 19862340 17097988
1786577621541 17076520 19862340 17097988
1786577621652 17076520 19862340 17097988
1786577621753 17076520 19862340 17097988
1786577621855 17076520 19862340 17097988
1786577621963 17076520 19862340 17097988
1786577622070 17076520 19862340 17097988
1786577622177 17076520 19862340 17097988
1786577622284 17076520 19862340 17097988
1786577622391 17076520 19862340 17097988
1786577622497 17076520 19862340 17097988
1786577622604 17076520 19862340 17097988
1786577622711 17076520 19862340 17097988
1786577622818 17076520 19862340 17097988
1786577622923 17076520 19862340 17097988
1786577623033 17076520 19862340 17097988
1786577623147 17076520 19862340 17097988
1786577623261 17076520 19862340 17097988
1786577623371 17076520 19862340 17097988
1786577623478 17076520 19862340 17097988
1786577623586 17076520 19862340 17097988
1786577623694 17076520 19862340 17097988
1786577623805 17076520 19862340 17097988
1786577623919 17076520 19862340 17097988
1786577624034 17076520 19862340 17097988
1786577624145 17076520 19862340 17097988
1786577624252 17084784 19862340 17097988
1786577624357 17094228 19862340 17097988
1786577624425 17095324 19862340 17097988
1786577624537 17076644 19862340 17097988
1786577624648 17076716 19862340 17097988
1786577624764 17076716 19862340 17097988
1786577624877 17076716 19862340 17097988
1786577624990 17076716 19862340 17097988
1786577625105 17076628 19862340 17097988
1786577625175 17084828 19862340 17097988
1786577625244 17092956 19862340 17097988
1786577625294 17078640 19862340 17097988
1786577625389 17093212 19862340 17097988
1786577625524 17101404 19862340 17101404
1786577625635 17105404 19862340 17105396
1786577625998 17117000 19862340 17117000
1786577626258 17113300 19862340 17113300
1786577626371 17102772 19862340 17106976
1786577626433 17092240 19862340 17106976
1786577626535 17092240 19862340 17106976
1786577626593 17100456 19862340 17106976
1786577626708 17110272 19862340 17110272
1786577626826 17107600 19862340 17107600
1786577626931 17098312 19862340 17106976
1786577627039 17108752 19862340 17108752
1786577627135 17092160 19862340 17106976
1786577627238 17092232 19862340 17106976
1786577627356 17092232 19862340 17106976
1786577627475 17092232 19862340 17106976
1786577627593 17092232 19862340 17106976
1786577627712 17092232 19862340 17106976
1786577627830 17092232 19862340 17106976
1786577627948 17092232 19862340 17106976
1786577628066 17092232 19862340 17106976
1786577628184 17092232 19862340 17106976
1786577628302 17092232 19862340 17106976
1786577628419 17092232 19862340 17106976
1786577628535 17092232 19862340 17106976
1786577628651 17092232 19862340 17106976
1786577628767 17092232 19862340 17106976
1786577628883 17092232 19862340 17106976
1786577628998 17092232 19862340 17106976
1786577629115 17092232 19862340 17106976
1786577629232 17092232 19862340 17106976
1786577629348 17092232 19862340 17106976
1786577629465 17092232 19862340 17106976
1786577629537 17092064 19862340 17106976
1786577629642 17091984 19862340 17106976
1786577629760 17100260 19862340 17106976
1786577629868 17108552 19862340 17108552
1786577629968 17100720 19862340 17106976
1786577630064 17100480 19862340 17106976
1786577630174 17108552 19862340 17108552
1786577630280 17113664 19862340 17113664
1786577630393 17119052 19862340 17119052
1786577630840 17128680 19862340 17128680
1786577631127 17132516 19862340 17132516
1786577631440 17132516 19862340 17132516
1786577631560 17134052 19862340 17134052
1786577631838 17134052 19862340 17134052
1786577631941 17134052 19862340 17134052
1786577632045 17134052 19862340 17134052
1786577632148 17134052 19862340 17134052
1786577632251 17134052 19862340 17134052
1786577632353 17134052 19862340 17134052
1786577632457 17134052 19862340 17134052
1786577632571 17134052 19862340 17134052
1786577632647 17112352 19862340 17123928
1786577632711 17109292 19862340 17123928
1786577632817 17109292 19862340 17123928
1786577632924 17109364 19862340 17123928
1786577633041 17109364 19862340 17123928
1786577633155 17109364 19862340 17123928
1786577633271 17109364 19862340 17123928
1786577633387 17109364 19862340 17123928
1786577633503 17109364 19862340 17123928
1786577633621 17109364 19862340 17123928
1786577633740 17109364 19862340 17123928
1786577633858 17109364 19862340 17123928
1786577633976 17109364 19862340 17123928
1786577634093 17109364 19862340 17123928
1786577634212 17109364 19862340 17123928
1786577634330 17109364 19862340 17123928
1786577634450 17109364 19862340 17123928
1786577634569 17109364 19862340 17123928
1786577634687 17109364 19862340 17123928
1786577634807 17117476 19862340 17123928
1786577634928 17109840 19862340 17124288
1786577635025 17124540 19862340 17124540
1786577635136 17120096 19862340 17124288
1786577635245 17120612 19862340 17124288
1786577635361 17121636 19862340 17124288
1786577635463 17121636 19862340 17124288
1786577635576 17114236 19862340 17124288
1786577635671 17103396 19862340 17124288
1786577635768 17096876 19862340 17124288
1786577635877 17109920 19862340 17124288
1786577635980 17117016 19862340 17124288
1786577636099 17110388 19862340 17124288
1786577636155 17102820 19862340 17124288
1786577636271 17113432 19862340 17124288
1786577636330 17096780 19862340 17124288
1786577636437 17079948 19862340 17124288
1786577636550 17082220 19862340 17124288
1786577636661 17082220 19862340 17124288
1786577636728 17090364 19862340 17124288
1786577636843 17098316 19862340 17124288
1786577636948 17098820 19862340 17124288
1786577637048 17098868 19862340 17124288
1786577637155 17152088 19862340 17152084
1786577637519 17155344 19862340 17155344
1786577637765 17154604 19862340 17154604
1786577637875 17155084 19862340 17156180
1786577637975 17153476 19862340 17156180
1786577638045 17135284 19862340 17156180
1786577638154 17136088 19862340 17156180
1786577638263 17134900 19862340 17156180
1786577638320 17133528 19862340 17156180
1786577638431 17133044 19862340 17156180
1786577638543 17133044 19862340 17156180
1786577638661 17133044 19862340 17156180
# peak_kb=17155344
# hwm_kb=17156180
# frozen_ms=154993
# polled_vs_hwm_pct=0promille
