1786720160649 55
1786720160747 50
1786720160838 48
1786720160924 48
1786720161013 48
1786720161101 52
1786720161194 50
1786720161284 50
1786720161373 48
1786720161461 52
1786720161545 30
1786720161615 50
1786720161705 48
1786720161784 50
1786720161876 49
1786720161956 29
1786720162017 52
1786720162111 52
1786720162203 50
1786720162283 54
1786720162379 51
1786720162461 29
1786720162522 51
1786720162614 49
1786720162694 53
1786720162789 52
1786720162873 32
1786720162936 52
1786720163028 50
1786720163112 49
1786720163202 51
1786720163285 30
1786720163354 50
1786720163436 51
1786720163528 52
1786720163624 50
1786720163707 50
1786720163800 29
1786720163863 51
1786720163945 51
1786720164038 50
1786720164129 54
1786720164215 30
1786720164278 53
1786720164373 51
1786720164455 52
1786720164549 30
1786720164610 32
1786720164674 52
1786720164769 53
1786720164854 53
1786720164948 32
1786720165011 52
1786720165096 54
1786720165190 32
1786720165256 52
1786720165340 52
1786720165435 52
1786720165542 52
1786720165636 52
1786720165721 31
1786720165785 50
1786720165876 55
1786720165964 34
1786720166040 33
1786720166106 53
1786720166190 54
1786720166288 53
1786720166372 32
1786720166436 31
1786720166512 52
1786720166596 55
1786720166695 31
1786720166759 54
1786720166848 52
1786720166943 55
1786720167053 53
1786720167150 32
1786720167238 51
1786720167331 56
1786720167442 34
1786720167510 35
1786720167587 55
1786720167676 53
1786720167770 32
1786720167835 55
1786720167931 30
1786720167995 32
1786720168059 57
1786720168148 33
1786720168224 33
1786720168290 55
1786720168379 54
1786720168476 30
1786720168564 54
1786720168649 56
1786720168751 32
1786720168815 56
1786720168915 55
1786720169014 56
1786720169102 56
1786720169201 55
1786720169288 55
1786720169385 58
1786720169477 56
1786720169576 57
1786720169665 55
1786720169764 56
1786720169853 55
1786720169951 57
1786720170041 52
1786720170137 58
1786720170229 33
1786720170307 55
1786720170395 55
1786720170494 54
1786720170580 57
1786720170683 57
1786720170774 58
1786720170876 57
1786720170965 57
1786720171067 57
1786720171157 55
1786720171256 57
1786720171349 58
1786720171451 59
1786720171544 57
1786720171644 58
1786720171734 30
1786720171808 56
1786720171898 33
1786720171975 57
1786720172065 33
1786720172141 61
1786720172235 32
1786720172313 57
1786720172402 32
1786720172479 57
1786720172570 33
1786720172647 58
1786720172738 33
1786720172806 59
1786720172911 56
1786720173002 33
1786720173068 58
1786720173170 58
1786720173262 33
1786720173339 56
1786720173427 32
1786720173494 58
1786720173599 59
1786720173691 33
1786720173770 60
1786720173862 35
1786720173930 60
1786720174038 57
1786720174129 34
1786720174196 59
1786720174301 33
1786720174368 58
1786720174460 33
1786720174539 61
1786720174633 33
1786720174700 60
1786720174807 57
1786720174898 33
1786720174965 60
1786720175070 32
1786720175137 60
1786720175230 32
1786720175309 58
1786720175400 33
1786720175468 58
1786720175572 33
1786720175639 59
1786720175732 37
1786720175815 63
1786720175913 32
1786720175980 62
1786720176089 34
1786720176158 60
1786720176251 33
1786720176326 56
1786720176418 31
1786720176484 60
1786720176593 33
1786720176662 60
1786720176756 34
1786720176839 61
1786720176934 32
1786720177002 57
1786720177103 33
1786720177172 61
1786720177266 34
1786720177346 59
1786720177440 33
1786720177507 62
1786720177603 35
1786720177684 58
1786720177777 34
1786720177845 64
1786720177943 33
1786720178025 60
1786720178120 34
1786720178188 60
1786720178283 34
1786720178364 61
1786720178458 33
1786720178527 61
1786720178622 34
1786720178701 61
1786720178796 35
1786720178864 35
1786720178933 60
1786720179041 33
1786720179110 63
1786720179208 34
1786720179276 63
1786720179385 33
1786720179453 60
1786720179548 33
1786720179615 60
1786720179722 34
1786720179791 61
1786720179886 32
1786720179953 61
1786720180061 34
1786720180130 63
1786720180227 32
1786720180294 33
1786720180374 61
1786720180471 31
1786720180536 33
1786720180604 65
1786720180718 34
1786720180790 67
1786720180895 37
1786720180967 35
1786720181052 65
1786720181150 34
1786720181219 34
1786720181288 62
1786720181397 36
1786720181467 62
1786720181563 33
1786720181631 32
1786720181699 60
1786720181803 36
1786720181873 32
1786720181939 64
1786720182039 35
1786720182110 36
1786720182193 60
1786720182287 35
1786720182357 35
1786720182427 64
1786720182527 33
1786720182608 64
1786720182706 35
1786720182776 35
1786720182844 64
1786720182944 36
1786720183028 33
1786720183097 60
1786720183191 35
1786720183262 33
1786720183333 62
1786720183443 35
1786720183511 35
1786720183579 65
1786720183679 35
1786720183750 35
1786720183832 63
1786720183929 33
1786720183998 35
1786720184067 63
1786720184165 36
1786720184249 36
1786720184319 61
1786720184416 34
1786720184487 33
1786720184557 65
1786720184669 33
1786720184738 65
1786720184850 35
1786720184920 63
1786720185018 36
1786720185090 65
1786720185204 32
1786720185271 34
1786720185341 36
1786720185411 65
1786720185540 35
1786720185611 35
1786720185682 35
1786720185765 33
1786720185864 71
1786720185997 33
1786720186091 32
1786720186242 63
1786720186354 33
1786720186480 67
1786720186663 34
1786720186812 33
1786720186894 65
1786720187048 35
1786720187118 35
1786720187243 69
1786720187360 31
1786720187478 66
1786720187659 35
1786720187730 35
1786720187869 65
1786720187969 33
1786720188089 34
1786720188158 37
1786720188286 64
1786720188399 33
1786720188523 63
1786720188702 33
1786720188770 34
1786720188905 64
1786720189003 35
1786720189126 33
1786720189197 67
1786720189355 36
1786720189440 34
1786720189565 66
1786720189744 35
1786720189815 35
1786720189956 68
1786720190138 34
1786720190208 34
1786720190332 66
1786720190433 35
1786720190571 66
1786720190750 34
1786720190818 36
1786720190970 69
1786720191146 35
1786720191218 35
1786720191371 68
1786720191553 36
1786720191636 35
1786720191761 67
1786720191945 33
1786720192013 34
1786720192139 67
1786720192255 32
1786720192377 34
1786720192446 35
1786720192517 36
1786720192589 36
1786720192661 69
1786720192850 35
1786720193017 69
1786720193201 36
1786720193273 35
1786720193396 35
1786720193464 70
1786720193636 33
1786720193704 36
1786720193830 68
1786720193935 39
1786720194064 36
1786720194136 70
1786720194309 33
1786720194459 34
1786720194529 68
1786720194686 34
1786720194756 33
1786720194894 68
1786720195078 35
1786720195148 34
1786720195274 37
1786720195347 68
1786720195519 33
1786720195670 68
1786720195774 34
1786720195902 36
1786720195972 36
1786720196098 70
1786720196217 35
1786720196341 33
1786720196491 72
1786720196598 35
1786720196725 35
1786720196796 36
1786720196937 69
1786720197124 33
1786720197193 36
1786720197292 35
1786720197363 70
1786720197551 35
1786720197636 33
1786720197758 67
1786720197945 38
1786720198018 32
1786720198141 35
1786720198213 71
1786720198385 36
1786720198540 71
1786720198646 33
1786720198769 34
1786720198840 35
1786720198966 72
1786720199084 35
1786720199212 34
1786720199363 71
1786720199471 36
1786720199625 34
1786720199724 36
1786720199797 34
1786720199883 71
1786720200046 35
1786720200144 35
1786720200242 69
1786720200431 33
1786720200513 35
1786720200640 71
1786720200824 37
1786720200897 37
1786720200998 34
1786720201069 71
1786720201258 35
1786720201343 37
1786720201472 71
1786720201659 34
1786720201727 34
1786720201856 71
1786720202017 35
1786720202089 35
1786720202256 71
1786720202443 37
1786720202515 36
1786720202641 35
1786720202714 74
1786720202878 35
1786720202949 34
1786720203088 72
1786720203279 34
1786720203349 33
1786720203474 34
1786720203543 70
1786720203706 36
1786720203778 33
1786720203916 71
1786720204102 35
1786720204174 35
1786720204299 36
1786720204372 71
1786720204533 34
1786720204604 35
1786720204745 72
1786720204933 33
1786720205004 35
1786720205132 74
1786720205348 35
1786720205490 34
1786720205560 74
1786720205723 39
1786720205799 39
1786720205930 35
1786720206001 36
1786720206127 75
1786720206238 35
1786720206379 34
1786720206532 76
1786720206643 34
1786720206795 34
1786720206893 34
1786720206991 73
1786720207129 36
1786720207200 34
1786720207270 37
1786720207358 35
1786720207458 35
1786720207557 36
1786720207629 36
1786720207701 71
1786720207891 34
1786720208043 34
1786720208200 72
1786720208406 35
1786720208561 34
1786720208631 34
1786720208758 71
1786720208866 37
1786720208993 35
1786720209063 33
1786720209188 37
1786720209277 73
1786720209440 33
1786720209590 34
1786720209660 37
1786720209789 75
1786720209901 36
1786720210030 34
1786720210099 36
1786720210230 37
1786720210317 35
1786720210445 73
1786720210633 35
1786720210789 36
1786720210862 34
1786720210989 76
1786720211100 36
1786720211230 34
1786720211303 34
1786720211445 73
1786720211638 35
1786720211792 38
1786720211865 36
1786720211994 76
1786720212107 34
1786720212235 35
1786720212321 38
1786720212425 35
1786720212496 74
1786720212661 33
1786720212729 35
1786720212855 36
1786720212928 37
1786720213059 77
1786720213254 35
1786720213326 34
1786720213470 34
1786720213624 77
1786720213821 36
1786720213894 37
1786720213967 34
1786720214038 38
1786720214114 35
1786720214268 80
1786720214481 36
1786720214660 35
1786720214818 77
1786720215043 35
1786720215198 37
1786720215370 77
1786720215483 35
1786720215611 36
1786720215684 34
1786720215811 38
1786720215886 36
1786720216015 78
1786720216129 38
1786720216261 36
1786720216333 35
1786720216477 76
1786720216674 33
1786720216743 35
1786720216872 34
1786720216941 36
1786720217097 77
1786720217295 38
1786720217451 36
1786720217537 34
1786720217664 79
1786720217863 35
1786720217934 36
1786720218093 36
1786720218249 82
1786720218450 35
1786720218522 37
1786720218668 37
1786720218799 37
1786720218872 74
1786720219070 34
1786720219251 35
1786720219405 77
1786720219518 35
1786720219619 35
1786720219691 37
1786720219838 36
1786720219910 38
1786720220012 34
1786720220082 79
1786720220198 37
1786720220325 39
1786720220401 35
1786720220530 35
1786720220603 34
1786720220732 35
1786720220804 79
1786720221006 36
1786720221152 36
1786720221225 37
1786720221299 36
1786720221400 81
1786720221630 34
1786720221785 38
1786720221969 76
1786720222163 36
1786720222250 38
1786720222354 35
1786720222426 36
1786720222558 37
1786720222632 82
1786720222833 34
1786720222986 36
1786720223146 78
1786720223261 38
1786720223391 36
1786720223478 37
1786720223607 34
1786720223764 79
1786720223967 35
1786720224037 37
1786720224168 34
1786720224240 36
1786720224371 35
1786720224443 80
1786720224615 37
1786720224702 36
1786720224832 37
1786720224992 80
1786720225193 38
1786720225266 36
1786720225395 36
1786720225467 35
1786720225597 35
1786720225669 78
1786720225842 37
1786720225932 36
1786720226062 37
1786720226221 83
1786720226424 35
1786720226496 39
1786720226627 37
1786720226701 37
1786720226861 40
1786720227027 81
1786720227242 38
1786720227404 35
1786720227475 38
1786720227606 37
1786720227681 36
1786720227811 80
1786720227928 35
1786720228084 35
1786720228187 37
1786720228260 37
1786720228334 36
1786720228489 82
1786720228705 35
1786720228862 34
1786720228932 37
1786720229064 36
1786720229136 35
1786720229268 80
1786720229383 36
1786720229512 37
1786720229586 37
1786720229716 38
1786720229792 35
1786720229921 36
1786720230095 82
1786720230297 34
1786720230368 35
1786720230497 34
1786720230567 38
1786720230702 35
1786720230776 36
1786720230906 79
1786720231023 37
1786720231155 36
1786720231226 35
1786720231356 36
1786720231444 37
1786720231575 81
1786720231777 35
1786720231933 33
1786720232002 35
1786720232131 36
1786720232205 37
1786720232336 36
1786720232409 84
1786720232587 37
1786720232661 34
1786720232790 36
1786720232862 37
1786720233009 36
1786720233167 36
1786720233241 83
1786720233417 38
1786720233493 37
1786720233626 36
1786720233697 34
1786720233827 35
1786720233899 34
1786720234028 86
1786720234153 36
1786720234284 39
1786720234359 37
1786720234508 37
1786720234668 38
1786720234829 83
1786720234949 37
1786720235079 35
1786720235151 35
1786720235310 36
1786720235411 37
1786720235485 37
1786720235559 80
1786720235706 34
1786720235777 35
1786720235850 35
1786720235996 39
1786720236156 38
1786720236233 36
1786720236307 35
1786720236408 85
1786720236617 36
1786720236779 37
1786720236852 36
1786720236982 39
1786720237057 35
1786720237187 39
1786720237264 88
1786720237433 35
1786720237503 37
1786720237664 37
1786720237823 38
1786720237897 37
1786720238001 37
1786720238076 82
1786720238281 36
1786720238355 35
1786720238486 35
1786720238556 36
1786720238660 35
1786720238733 36
1786720238893 37
1786720238982 85
1786720239161 37
1786720239289 36
1786720239363 38
1786720239525 37
1786720239599 36
1786720239732 84
1786720239968 36
1786720240128 37
1786720240289 37
1786720240361 36
1786720240509 84
1786720240744 38
1786720240909 40
1786720241074 37
1786720241149 37
1786720241282 88
1786720241407 37
1786720241540 36
1786720241698 37
1786720241773 37
1786720241906 38
1786720241982 39
1786720242132 89
1786720242345 34
1786720242419 35
1786720242550 35
1786720242622 36
1786720242757 36
1786720242829 36
1786720242963 86
1786720243171 37
1786720243245 37
1786720243318 39
1786720243423 36
1786720243611 40
1786720243762 38
1786720243838 85
1786720244045 36
1786720244207 36
1786720244367 37
1786720244442 36
1786720244575 85
1786720244810 34
1786720244966 35
1786720245126 38
1786720245201 35
1786720245347 85
1786720245555 37
1786720245631 36
1786720245762 38
1786720245837 39
1786720245974 36
1786720246137 88
1786720246372 36
1786720246531 36
1786720246694 37
1786720246768 36
1786720246916 88
1786720247129 36
1786720247289 35
1786720247360 37
1786720247492 38
1786720247567 39
1786720247731 36
1786720247893 88
1786720248104 37
1786720248176 35
1786720248308 37
1786720248382 36
1786720248516 37
1786720248606 37
1786720248740 36
1786720248900 90
1786720249115 34
1786720249187 38
1786720249319 36
1786720249393 36
1786720249553 37
1786720249658 38
1786720249762 37
1786720249927 90
1786720250141 37
1786720250217 37
1786720250367 37
1786720250527 37
1786720250689 39
1786720250765 37
1786720250899 89
1786720251025 36
1786720251157 38
1786720251231 38
1786720251365 37
1786720251442 37
1786720251574 37
1786720251649 37
1786720251786 89
1786720251911 38
1786720252048 35
1786720252137 36
1786720252241 38
1786720252318 36
1786720252451 38
1786720252615 36
1786720252690 89
1786720252876 37
1786720252952 35
1786720253083 36
1786720253244 36
1786720253316 38
1786720253449 35
1786720253522 36
1786720253655 89
1786720253781 35
1786720253911 39
1786720253986 38
1786720254137 37
1786720254298 38
1786720254374 37
1786720254508 89
1786720254635 36
1786720254768 35
1786720254840 35
1786720254973 37
1786720255048 35
1786720255180 37
1786720255254 38
1786720255360 37
1786720255435 37
1786720255568 93
1786720255698 37
1786720255858 39
1786720255949 38
1786720256056 38
1786720256132 37
1786720256235 36
1786720256308 38
1786720256471 38
1786720256547 93
1786720256739 36
1786720256813 36
1786720256980 37
1786720257142 39
1786720257247 36
1786720257350 38
1786720257518 90
1786720257731 36
1786720257805 39
1786720257957 37
1786720258063 37
1786720258138 39
1786720258216 38
1786720258352 37
1786720258428 37
1786720258563 89
1786720258689 38
1786720258824 37
1786720258899 37
1786720259035 39
1786720259112 36
1786720259244 39
1786720259322 37
1786720259457 36
1786720259616 94
1786720259747 36
1786720259879 37
1786720259971 38
1786720260105 35
1786720260267 41
1786720260345 35
1786720260476 37
1786720260552 94
1786720260741 33
1786720260815 38
1786720260952 37
1786720261117 40
1786720261283 37
1786720261358 36
1786720261492 92
1786720261709 37
1786720261785 37
1786720261937 36
1786720262099 35
1786720262260 37
1786720262334 39
1786720262471 92
1786720262689 38
1786720262765 35
1786720262898 35
1786720263059 37
1786720263221 36
1786720263295 38
1786720263431 94
1786720263562 38
1786720263699 40
1786720263791 38
1786720263927 37
1786720264089 40
1786720264168 37
1786720264243 38
1786720264317 39
1786720264393 38
1786720264531 37
1786720264605 93
1786720264736 37
1786720264838 34
1786720264911 39
1786720265047 38
1786720265124 39
1786720265262 38
1786720265427 38
1786720265504 36
1786720265637 95
1786720265860 38
1786720265954 37
1786720266059 40
1786720266138 36
1786720266273 40
1786720266353 39
1786720266490 36
1786720266653 38
1786720266728 95
1786720266922 39
1786720266999 38
1786720267133 38
1786720267297 38
1786720267372 36
1786720267510 37
1786720267675 94
1786720267892 37
1786720267984 37
1786720268090 36
1786720268165 37
1786720268301 38
1786720268376 37
1786720268513 39
1786720268679 37
1786720268755 37
1786720268890 95
1786720269108 39
1786720269186 36
1786720269321 37
1786720269488 38
1786720269652 39
1786720269819 36
1786720269894 39
1786720270016 92
1786720270147 38
1786720270282 37
1786720270356 37
1786720270490 38
1786720270567 37
1786720270702 36
1786720270870 39
1786720271034 97
1786720271170 39
1786720271312 37
1786720271388 37
1786720271523 36
1786720271682 36
1786720271755 36
1786720271889 40
1786720271968 39
1786720272106 99
1786720272286 39
1786720272364 38
1786720272440 38
1786720272577 38
1786720272654 38
1786720272792 37
1786720272958 39
1786720273122 39
1786720273199 37
1786720273332 94
1786720273553 38
1786720273630 35
1786720273764 37
1786720273931 37
1786720274094 37
1786720274169 37
1786720274304 37
1786720274485 96
1786720274705 36
1786720274870 37
1786720274946 36
1786720275081 37
1786720275248 39
1786720275413 38
1786720275489 39
1786720275626 98
1786720275852 40
1786720276019 39
1786720276185 36
1786720276258 38
1786720276397 36
1786720276577 39
1786720276742 98
1786720276967 38
1786720277132 37
1786720277296 38
1786720277373 37
1786720277478 37
1786720277553 38
1786720277720 36
1786720277888 98
1786720278112 36
1786720278187 36
1786720278321 39
1786720278400 36
1786720278474 40
1786720278582 38
1786720278736 39
1786720278814 38
1786720278951 37
1786720279029 37
1786720279167 97
1786720279392 35
1786720279466 37
1786720279602 38
1786720279766 39
1786720279845 39
1786720279983 37
1786720280150 35
1786720280224 36
1786720280360 100
1786720280587 38
1786720280662 38
1786720280796 38
1786720280874 38
1786720281011 40
1786720281109 37
1786720281214 40
1786720281292 39
1786720281431 37
1786720281508 37
1786720281641 100
1786720281868 38
1786720281942 37
1786720282078 37
1786720282155 37
1786720282292 39
1786720282369 36
1786720282504 38
1786720282665 37
1786720282739 39
1786720282876 38
1786720282953 98
1786720283150 37
1786720283225 38
1786720283363 39
1786720283530 36
1786720283623 37
1786720283698 39
1786720283775 39
1786720283853 39
1786720283994 41
1786720284165 101
1786720284395 40
1786720284472 36
1786720284604 39
1786720284682 37
1786720284814 36
1786720284888 39
1786720285027 37
1786720285193 36
1786720285355 41
1786720285434 97
1786720285631 38
1786720285709 38
1786720285845 41
1786720286015 37
1786720286136 36
1786720286211 38
1786720286287 39
1786720286427 37
1786720286500 39
1786720286635 101
1786720286887 40
1786720286995 36
1786720287067 40
1786720287148 39
1786720287288 37
1786720287456 38
1786720287624 38
1786720287702 39
1786720287841 102
1786720288071 36
1786720288235 38
1786720288311 38
1786720288451 41
1786720288609 38
1786720288686 37
1786720288822 39
1786720288900 37
1786720289037 38
1786720289204 103
1786720289434 36
1786720289508 38
1786720289646 39
1786720289813 38
1786720289889 37
1786720290025 39
1786720290196 36
1786720290363 41
1786720290530 104
1786720290673 38
1786720290805 38
1786720290883 38
1786720291024 40
1786720291181 36
1786720291257 36
1786720291395 38
1786720291560 35
1786720291633 37
1786720291771 103
1786720292003 40
1786720292168 37
1786720292246 39
1786720292382 38
1786720292458 37
1786720292595 38
1786720292672 37
1786720292746 37
1786720292852 38
1786720293021 38
1786720293188 100
1786720293408 37
1786720293485 36
1786720293560 40
1786720293670 39
1786720293822 39
1786720293899 38
1786720294035 37
1786720294201 35
1786720294362 39
1786720294441 101
1786720294639 38
1786720294804 36
1786720294974 38
1786720295145 37
1786720295308 37
1786720295476 39
1786720295644 103
1786720295785 39
1786720295925 41
1786720296098 39
1786720296254 38
1786720296330 40
1786720296471 40
1786720296636 39
1786720296713 40
1786720296852 39
1786720297020 103
1786720297253 39
1786720297422 39
1786720297592 39
1786720297759 37
1786720297927 37
1786720298096 38
1786720298264 105
1786720298495 37
1786720298679 40
1786720298848 38
1786720299014 37
1786720299120 38
1786720299197 38
1786720299275 37
1786720299413 37
1786720299490 38
1786720299629 105
1786720299863 39
1786720300035 36
1786720300199 36
1786720300365 39
1786720300534 37
1786720300701 37
1786720300868 109
1786720301105 40
1786720301260 39
1786720301339 40
1786720301480 37
1786720301648 37
1786720301813 35
1786720301887 37
1786720302026 38
1786720302196 105
1786720302431 39
1786720302602 38
1786720302771 39
1786720302941 38
1786720303109 39
1786720303276 37
1786720303446 106
1786720303678 37
1786720303833 41
1786720303913 36
1786720304051 39
1786720304219 38
1786720304297 38
1786720304437 38
1786720304606 39
1786720304775 101
1786720305008 38
1786720305177 38
1786720305344 38
1786720305510 37
1786720305586 37
1786720305723 37
1786720305831 37
1786720305939 40
1786720306112 110
1786720306356 43
1786720306516 38
1786720306592 37
1786720306730 37
1786720306895 39
1786720306975 39
1786720307117 40
1786720307289 38
1786720307460 107
1786720307694 39
1786720307863 38
1786720307941 38
1786720308077 41
1786720308188 40
1786720308298 38
1786720308465 37
1786720308636 40
1786720308807 39
1786720308977 108
1786720309214 37
1786720309307 39
1786720309415 38
1786720309493 39
1786720309635 38
1786720309805 40
1786720309976 40
1786720310147 37
1786720310317 38
1786720310488 110
1786720310727 37
1786720310892 38
1786720310970 38
1786720311110 37
1786720311280 38
1786720311446 36
1786720311612 37
1786720311686 39
1786720311828 37
1786720311994 111
1786720312250 38
1786720312419 37
1786720312526 38
1786720312603 40
1786720312682 38
1786720312823 38
1786720312901 41
1786720313041 40
1786720313213 38
1786720313383 38
1786720313460 107
1786720313669 40
1786720313836 38
1786720314008 40
1786720314177 38
1786720314349 39
1786720314458 37
1786720314567 38
1786720314738 42
1786720314910 114
1786720315137 35
1786720315212 37
1786720315354 38
1786720315431 39
1786720315570 39
1786720315743 38
1786720315917 39
1786720316087 36
1786720316253 38
1786720316425 111
1786720316667 38
1786720316835 36
1786720316999 38
1786720317076 40
1786720317217 37
1786720317386 38
1786720317549 37
1786720317719 38
1786720317875 113
1786720318026 37
1786720318163 38
1786720318241 40
1786720318385 41
1786720318554 40
1786720318727 39
1786720318896 37
1786720318973 37
1786720319113 40
1786720319285 115
1786720319534 38
1786720319640 40
1786720319751 40
1786720319893 39
1786720319972 39
1786720320113 38
1786720320284 40
1786720320394 39
1786720320472 39
1786720320550 37
1786720320687 38
1786720320764 113
1786720320977 41
1786720321075 37
1786720321185 42
1786720321266 38
1786720321409 39
1786720321580 40
1786720321754 37
1786720321925 38
1786720322095 39
1786720322269 116
1786720322513 37
1786720322681 38
1786720322849 37
1786720323019 39
1786720323188 39
1786720323358 39
1786720323530 39
1786720323701 113
1786720323945 40
1786720324107 38
1786720324185 40
1786720324328 39
1786720324497 40
1786720324666 39
1786720324834 40
1786720324912 40
1786720325056 40
1786720325230 119
1786720325483 37
1786720325652 39
1786720325823 40
1786720325934 41
1786720326046 40
1786720326220 40
1786720326394 40
1786720326568 39
1786720326678 40
1786720326756 115
1786720326911 38
1786720326989 39
1786720327101 37
1786720327260 39
1786720327339 39
1786720327481 38
1786720327652 41
1786720327827 39
1786720328001 39
1786720328172 37
1786720328314 114
1786720328469 40
1786720328613 39
1786720328786 38
1786720328957 38
1786720329128 38
1786720329268 40
1786720329347 39
1786720329521 40
1786720329694 39
1786720329865 115
1786720330113 38
1786720330222 39
1786720330301 39
1786720330396 36
1786720330502 39
1786720330580 38
1786720330717 40
1786720330796 38
1786720330933 39
1786720331011 43
1786720331162 42
1786720331309 38
1786720331388 117
1786720331609 42
1786720331692 39
1786720331834 43
1786720332011 39
1786720332185 40
1786720332362 38
1786720332536 39
1786720332646 38
1786720332725 37
1786720332802 42
1786720332943 116
1786720333098 40
1786720333177 38
1786720333255 39
1786720333334 38
1786720333477 40
1786720333589 40
1786720333669 42
1786720333751 40
1786720333895 40
1786720334055 41
1786720334135 38
1786720334276 35
1786720334383 39
1786720334495 117
1786720334715 38
1786720334791 40
1786720334936 39
1786720335016 42
1786720335166 39
1786720335278 41
1786720335359 41
1786720335440 39
1786720335584 42
1786720335760 40
1786720335940 40
1786720336049 36
1786720336125 120
1786720336286 38
1786720336425 39
1786720336603 38
1786720336768 38
1786720336881 41
1786720336963 40
1786720337043 41
1786720337187 39
1786720337358 38
1786720337518 38
1786720337627 38
1786720337706 121
1786720337866 38
1786720338008 38
1786720338180 38
1786720338354 41
1786720338467 36
1786720338543 39
1786720338620 39
1786720338763 40
1786720338842 41
1786720338984 39
1786720339160 40
1786720339269 40
1786720339349 119
1786720339509 37
1786720339652 41
1786720339829 38
1786720339941 39
1786720340021 38
1786720340099 39
1786720340178 42
1786720340261 39
1786720340341 41
1786720340488 41
1786720340602 39
1786720340681 40
1786720340762 41
1786720340907 43
1786720341054 121
1786720341232 38
1786720341342 39
1786720341421 42
1786720341567 39
1786720341711 40
1786720341792 40
1786720341934 35
1786720342072 39
1786720342151 40
1786720342297 40
1786720342473 42
1786720342620 38
1786720342700 119
1786720342922 38
1786720343091 38
1786720343230 38
1786720343309 41
1786720343454 40
1786720343628 39
1786720343773 39
1786720343852 39
1786720343995 37
1786720344164 41
1786720344338 121
1786720344576 37
1786720344720 38
1786720344798 39
1786720344939 41
1786720345114 40
1786720345258 41
1786720345342 40
1786720345487 39
1786720345659 41
1786720345805 39
1786720345884 42
1786720346034 122
1786720346257 39
1786720346338 40
1786720346480 36
1786720346643 38
1786720346814 37
1786720346925 39
1786720347007 40
1786720347087 41
1786720347169 40
1786720347250 40
1786720347332 40
1786720347478 41
1786720347623 39
1786720347702 124
1786720347930 40
1786720348087 38
1786720348258 39
1786720348404 40
1786720348483 38
1786720348629 40
1786720348772 38
1786720348850 39
1786720348992 40
1786720349137 43
1786720349221 38
1786720349365 121
1786720349618 38
1786720349761 41
1786720349844 38
1786720349983 37
1786720350127 40
1786720350206 37
1786720350348 40
1786720350524 39
1786720350668 39
1786720350746 39
1786720350889 41
1786720351039 124
1786720351203 41
1786720351352 39
1786720351498 40
1786720351598 39
1786720351714 40
1786720351893 41
1786720352040 41
1786720352120 39
1786720352268 42
1786720352416 41
1786720352499 40
1786720352647 40
1786720352794 119
1786720352955 38
1786720353098 39
1786720353242 40
1786720353325 40
1786720353472 40
1786720353617 40
1786720353697 40
1786720353778 43
1786720353894 39
1786720354040 41
1786720354120 40
1786720354202 43
1786720354285 42
1786720354369 40
1786720354514 124
1786720354709 41
1786720354792 39
1786720354871 40
1786720355017 40
1786720355165 41
1786720355245 40
1786720355391 41
1786720355556 42
1786720355731 42
1786720355880 39
1786720355960 40
1786720356108 39
1786720356255 119
1786720356415 40
1786720356560 41
1786720356709 40
1786720356791 40
1786720356939 39
1786720357085 40
1786720357166 40
1786720357282 41
1786720357363 41
1786720357512 41
1786720357659 40
1786720357740 41
1786720357886 128
1786720358152 39
1786720358298 40
1786720358378 39
1786720358526 42
1786720358675 40
1786720358756 40
1786720358903 41
1786720359048 42
1786720359130 41
1786720359276 41
1786720359445 40
1786720359590 40
1786720359672 127
1786720359904 43
1786720360086 42
1786720360236 40
1786720360318 40
1786720360400 40
1786720360514 42
1786720360663 40
1786720360743 38
1786720360825 42
1786720360909 44
1786720360996 42
1786720361114 42
1786720361199 41
1786720361350 40
1786720361464 127
1786720361634 40
1786720361809 44
1786720361956 41
1786720362039 44
1786720362125 42
1786720362210 42
1786720362293 42
1786720362443 43
1786720362593 42
1786720362674 41
1786720362790 44
1786720362876 42
1786720363026 41
1786720363175 42
1786720363260 126
1786720363495 43
1786720363662 40
1786720363810 40
1786720363892 39
1786720364040 40
1786720364188 40
1786720364271 40
1786720364418 41
1786720364566 41
1786720364648 41
1786720364797 39
1786720364944 40
1786720365120 129
1786720365356 39
1786720365437 38
1786720365580 42
1786720365729 41
1786720365813 41
1786720365929 43
1786720366014 43
1786720366165 42
1786720366313 42
1786720366396 41
1786720366543 41
1786720366689 42
1786720366772 41
1786720366922 124
1786720367153 42
1786720367238 42
1786720367357 42
1786720367439 43
1786720367575 42
1786720367657 42
1786720367808 41
1786720367923 40
1786720368005 42
1786720368186 41
1786720368334 40
1786720368416 38
1786720368531 40
1786720368613 129
1786720368783 39
1786720368863 39
1786720368942 40
1786720369090 41
1786720369238 41
1786720369320 40
1786720369467 40
1786720369614 41
1786720369697 40
1786720369845 41
1786720369994 41
1786720370075 41
1786720370225 41
1786720370375 133
1786720370648 41
1786720370796 39
1786720370876 42
1786720371025 42
1786720371175 41
1786720371256 40
1786720371401 41
1786720371550 41
1786720371649 41
1786720371766 40
1786720371946 43
1786720372098 39
1786720372179 128
1786720372381 41
1786720372464 40
1786720372613 40
1786720372758 42
1786720372843 38
1786720372991 40
1786720373140 40
1786720373320 41
1786720373467 42
1786720373549 42
1786720373665 42
1786720373748 40
1786720373895 42
1786720374046 135
1786720374221 41
1786720374370 40
1786720374484 42
1786720374567 41
1786720374650 41
1786720374732 39
1786720374815 41
1786720374899 42
1786720374984 42
1786720375069 41
1786720375153 41
1786720375271 42
1786720375353 40
1786720375434 41
1786720375517 42
1786720375600 42
1786720375751 40
1786720375898 133
1786720376092 43
1786720376208 40
1786720376357 39
1786720376438 43
1786720376589 41
1786720376737 40
1786720376820 41
1786720376973 42
1786720377124 43
1786720377209 42
1786720377326 44
1786720377412 42
1786720377562 43
1786720377713 42
1786720377798 137
1786720378042 40
1786720378189 42
1786720378272 41
1786720378385 41
1786720378468 41
1786720378619 42
1786720378767 42
1786720378850 41
1786720378999 41
1786720379147 41
1786720379228 41
1786720379381 41
1786720379530 41
1786720379612 41
1786720379763 125
1786720379994 42
1786720380077 42
1786720380193 43
1786720380278 44
1786720380420 42
1786720380504 41
1786720380621 42
1786720380703 39
1786720380852 40
1786720381002 41
1786720381084 42
1786720381202 41
1786720381285 43
1786720381436 40
1786720381585 128
1786720381754 39
1786720381901 42
1786720382053 42
1786720382136 40
1786720382287 40
1786720382436 41
1786720382518 41
1786720382633 40
1786720382715 40
1786720382865 40
1786720383012 40
1786720383095 41
1786720383213 41
1786720383294 40
1786720383376 140
1786720383556 40
1786720383637 40
1786720383785 41
1786720383933 42
1786720384018 42
1786720384135 42
1786720384221 41
1786720384370 41
1786720384516 43
1786720384601 41
1786720384754 40
1786720384921 41
1786720385072 42
1786720385255 41
1786720385407 135
1786720385684 41
1786720385831 42
1786720385914 40
1786720386032 41
1786720386117 39
1786720386266 40
1786720386416 43
1786720386500 39
1786720386617 42
1786720386700 42
1786720386852 40
1786720387001 43
1786720387119 41
1786720387203 41
1786720387287 135
1786720387526 40
1786720387674 43
1786720387759 40
1786720387873 42
1786720387957 40
1786720388107 42
1786720388258 41
1786720388343 40
1786720388460 40
1786720388541 43
1786720388694 42
1786720388877 43
1786720388995 40
1786720389077 42
1786720389214 134
1786720389390 41
1786720389473 42
1786720389558 42
1786720389643 43
1786720389761 41
1786720389911 42
1786720389995 41
1786720390111 41
1786720390195 41
1786720390312 41
1786720390395 41
1786720390513 41
1786720390598 41
1786720390715 43
1786720390800 43
1786720390921 42
1786720391005 41
1786720391125 140
1786720391309 43
1786720391431 41
1786720391515 43
1786720391638 40
1786720391720 43
1786720391842 44
1786720391998 43
1786720392083 40
1786720392201 41
1786720392285 45
1786720392408 42
1786720392491 41
1786720392609 43
1786720392694 42
1786720392811 41
1786720392896 40
1786720393011 42
1786720393098 135
1786720393309 44
1786720393395 42
1786720393547 42
1786720393699 43
1786720393850 41
1786720393954 41
1786720394074 42
1786720394226 39
1786720394374 42
1786720394458 45
1786720394580 42
1786720394664 43
1786720394785 42
1786720394871 43
1786720394993 139
1786720395175 40
1786720395292 42
1786720395378 40
1786720395494 42
1786720395578 42
1786720395697 42
1786720395783 42
1786720395901 44
1786720395989 43
1786720396111 43
1786720396196 43
1786720396280 43
1786720396364 45
1786720396451 45
1786720396536 43
1786720396622 42
1786720396741 43
1786720396826 40
1786720396978 140
1786720397160 41
1786720397278 41
1786720397363 41
1786720397480 42
1786720397564 42
1786720397684 40
1786720397766 42
1786720397886 43
1786720397971 42
1786720398088 41
1786720398171 41
1786720398288 40
1786720398370 41
1786720398488 43
1786720398573 42
1786720398690 42
1786720398796 40
1786720398911 42
1786720399061 144
1786720399248 41
1786720399366 42
1786720399451 41
1786720399567 40
1786720399649 40
1786720399766 41
1786720399848 41
1786720399967 41
1786720400050 43
1786720400169 42
1786720400255 43
1786720400373 43
1786720400459 43
1786720400578 41
1786720400661 42
1786720400781 44
1786720400866 41
1786720400985 43
1786720401071 139
1786720401288 45
1786720401375 40
1786720401493 42
1786720401578 40
1786720401696 41
1786720401779 41
1786720401898 42
1786720401983 40
1786720402103 43
1786720402257 40
1786720402339 41
1786720402458 43
1786720402544 43
1786720402662 43
1786720402747 43
1786720402865 41
1786720402948 42
1786720403067 141
1786720403251 43
1786720403400 43
1786720403552 41
1786720403657 42
1786720403743 42
1786720403827 41
1786720403910 42
1786720403994 45
1786720404084 44
1786720405096 143
1786720405417 43
1786720406677 43
1786720422448 145
1786720422634 42
1786720422720 43
1786720422807 43
1786720422892 41
1786720422980 44
1786720423069 43
1786720423155 41
1786720423242 43
1786720423329 43
1786720423418 44
1786720423507 43
1786720423595 43
1786720423683 44
1786720423773 43
1786720427803 143
1786720430668 144
1786720430857 42
1786720430943 42
1786720431031 42
1786720431119 42
1786720431208 43
1786720431297 43
1786720431386 43
1786720431472 43
1786720431560 44
1786720431648 45
1786720431738 44
1786720431829 44
1786720431919 44
1786720432010 45
1786720432101 44
1786720432190 43
1786720432280 44
1786720432441 43
1786720432600 44
1786720432691 148
1786720432918 43
1786720433044 44
1786720433134 44
1786720433224 45
1786720433316 44
1786720433407 45
1786720433497 44
1786720433623 45
1786720433714 44
1786720433839 45
1786720433930 45
1786720434056 46
1786720434149 45
1786720434239 46
1786720434330 44
1786720434419 45
1786720434547 45
1786720434638 46
1786720434764 44
1786720434855 147
1786720435084 46
1786720435176 44
1786720435301 45
1786720435391 44
1786720435517 45
1786720435607 44
1786720435733 46
1786720435825 44
1786720435986 44
1786720436148 45
1786720436310 46
1786720436402 44
1786720436529 44
1786720436619 43
1786720436768 45
1786720436930 148
1786720437123 42
1786720437244 44
1786720437333 46
1786720437462 43
1786720437551 45
1786720437714 43
1786720437876 42
1786720438037 44
1786720438126 45
1786720438253 44
1786720438343 45
1786720438471 46
1786720438563 44
1786720438689 43
1786720438779 44
1786720438906 46
1786720438998 150
1786720439229 46
1786720439322 42
1786720439479 43
1786720439639 44
1786720439728 43
1786720439854 43
1786720439943 44
1786720440031 46
1786720440121 44
1786720440285 45
1786720440375 44
1786720440501 44
1786720440590 43
1786720440716 44
1786720440806 44
1786720440893 45
1786720440983 44
1786720441074 150
1786720441306 44
1786720441395 44
1786720441521 45
1786720441613 45
1786720441738 45
1786720441829 44
1786720441956 45
1786720442046 44
1786720442173 45
1786720442262 44
1786720442414 45
1786720442577 43
1786720442665 43
1786720442790 47
1786720442882 45
1786720443009 46
1786720443100 45
1786720443229 152
1786720443425 41
1786720443549 43
1786720443637 45
1786720443798 45
1786720443960 41
1786720444120 44
1786720444209 43
1786720444334 43
1786720444424 44
1786720444549 44
1786720444638 45
1786720444766 44
1786720444856 44
1786720445016 44
1786720445180 44
1786720445343 152
1786720445540 42
1786720445664 44
1786720445753 45
1786720445880 43
1786720445968 45
1786720446095 45
1786720446186 43
1786720446310 44
1786720446401 43
1786720446527 45
1786720446618 45
1786720446745 42
1786720446833 44
1786720446958 43
1786720447046 45
1786720447210 45
1786720447374 44
1786720447464 153
1786720447695 45
1786720447807 42
1786720447930 44
1786720448092 43
1786720448254 45
1786720448344 44
1786720448469 43
1786720448559 43
1786720448686 43
1786720448776 42
1786720448901 43
1786720448991 44
1786720449117 45
1786720449208 45
1786720449334 44
1786720449424 45
1786720449552 45
1786720449642 144
1786720449867 44
1786720449957 45
1786720450086 44
1786720450178 44
1786720450338 45
1786720450501 44
1786720450663 45
1786720450755 43
1786720450880 45
1786720450971 45
1786720451098 44
1786720451189 48
1786720451322 45
1786720451413 45
1786720451540 42
1786720451629 43
1786720451756 156
1786720451956 46
1786720452121 44
1786720452284 45
1786720452447 44
1786720452537 43
1786720452664 41
1786720452752 45
1786720452879 44
1786720452970 44
1786720453097 44
1786720453188 44
1786720453339 44
1786720453500 43
1786720453663 45
1786720453754 43
1786720453880 44
1786720453971 151
1786720454201 45
1786720454290 45
1786720454416 44
1786720454507 46
1786720454635 44
1786720454725 43
1786720454851 44
1786720454941 42
1786720455100 43
1786720455188 44
1786720455314 43
1786720455439 45
1786720455530 44
1786720455692 45
1786720455782 45
1786720455909 44
1786720455999 44
1786720456126 154
1786720456325 43
1786720456450 42
1786720456537 43
1786720456664 44
1786720456754 44
1786720456880 45
1786720456971 44
1786720457099 44
1786720457190 46
1786720457317 43
1786720457407 46
1786720457535 45
1786720457627 44
1786720457751 44
1786720457840 44
1786720457967 45
1786720458059 45
1786720458188 45
1786720458279 46
1786720458406 152
1786720458601 42
1786720458763 42
1786720458926 43
1786720459109 44
1786720459269 41
1786720459428 46
1786720459519 44
1786720459645 45
1786720459737 46
1786720459866 43
1786720459955 43
1786720460082 45
1786720460173 44
1786720460299 45
1786720460390 43
1786720460516 43
1786720460605 146
1786720460834 44
1786720460925 45
1786720461054 44
1786720461143 45
1786720461272 44
1786720461364 43
1786720461492 44
1786720461583 46
1786720461712 44
1786720461804 44
1786720461932 45
1786720462022 44
1786720462149 47
1786720462242 44
1786720462367 43
1786720462457 44
1786720462584 44
1786720462674 44
1786720462837 158
1786720463039 45
1786720463164 46
1786720463330 44
1786720463492 44
1786720463583 45
1786720463711 43
1786720463800 45
1786720463927 44
1786720464018 44
1786720464145 44
1786720464235 44
1786720464364 45
1786720464456 45
1786720464545 43
1786720464633 46
1786720464725 42
1786720464850 44
1786720464965 45
1786720465094 156
1786720465330 45
1786720465420 46
1786720465585 45
1786720465748 45
1786720465841 44
1786720465970 44
1786720466058 43
1786720466183 45
1786720466274 43
1786720466434 44
1786720466598 46
1786720466763 44
1786720466852 46
1786720466980 44
1786720467070 45
1786720467198 46
1786720467290 44
1786720467420 150
1786720467617 44
1786720467745 45
1786720467836 45
1786720467964 44
1786720468054 44
1786720468180 44
1786720468271 43
1786720468398 45
1786720468489 44
1786720468616 45
1786720468706 44
1786720468833 44
1786720468922 43
1786720469049 45
1786720469142 44
1786720469271 44
1786720469361 46
1786720469490 45
1786720469582 154
1786720469818 42
1786720469907 44
1786720470033 46
1786720470125 45
1786720470253 42
1786720470344 45
1786720470473 46
1786720470565 44
1786720470693 43
1786720470782 46
1786720470876 45
1786720470967 45
1786720471082 47
1786720471176 46
1786720471269 46
1786720471436 46
1786720471528 44
1786720471619 46
1786720471712 45
1786720471841 158
1786720472044 43
1786720472171 45
1786720472262 45
1786720472389 45
1786720472481 45
1786720472644 44
1786720472809 46
1786720472973 46
1786720473065 45
1786720473192 46
1786720473284 43
1786720473412 45
1786720473503 44
1786720473630 45
1786720473723 45
1786720473852 44
1786720473944 44
1786720474071 44
1786720474160 157
1786720474398 44
1786720474489 45
1786720474615 45
1786720474707 44
1786720474836 45
1786720474928 45
1786720475093 46
1786720475257 44
1786720475422 45
1786720475513 45
1786720475641 45
1786720475733 46
1786720475864 45
1786720475957 44
1786720476086 45
1786720476177 45
1786720476306 45
1786720476507 153
1786720476778 44
1786720476941 45
1786720477032 44
1786720477160 44
1786720477275 45
1786720477404 45
1786720477568 45
1786720477658 43
1786720477784 45
1786720477876 45
1786720478005 45
1786720478097 44
1786720478224 45
1786720478316 46
1786720478446 45
1786720478535 44
1786720478664 162
1786720478873 43
1786720478963 45
1786720479055 45
1786720479148 44
1786720479275 45
1786720479367 43
1786720479493 45
1786720479658 45
1786720479751 44
1786720479842 45
1786720479934 45
1786720480100 45
1786720480192 44
1786720480321 46
1786720480415 44
1786720480544 46
1786720480637 45
1786720480766 46
1786720480859 44
1786720480989 166
1786720481204 46
1786720481334 45
1786720481427 47
1786720481558 47
1786720481653 46
1786720481785 43
1786720481875 46
1786720482006 44
1786720482171 43
1786720482260 44
1786720482388 46
1786720482482 45
1786720482613 44
1786720482704 46
1786720482834 44
1786720482925 44
1786720483052 44
1786720483216 46
1786720483309 45
1786720483438 162
1786720483644 42
1786720483792 46
1786720483957 44
1786720484047 43
1786720484173 46
1786720484266 44
1786720484394 43
1786720484484 46
1786720484613 46
1786720484706 45
1786720484833 46
1786720484925 44
1786720485053 47
1786720485147 46
1786720485277 46
1786720485371 44
1786720485500 45
1786720485594 44
1786720485723 46
1786720485814 157
1786720486055 46
1786720486147 45
1786720486275 44
1786720486367 44
1786720486497 46
1786720486590 44
1786720486717 44
1786720486808 44
1786720486936 46
1786720487029 46
1786720487161 46
1786720487253 44
1786720487383 46
1786720487514 46
1786720487607 46
1786720487774 45
1786720487868 44
1786720487997 46
1786720488089 158
1786720488331 45
1786720488422 45
1786720488549 46
1786720488643 47
1786720488775 46
1786720488869 45
1786720488997 44
1786720489086 46
1786720489216 46
1786720489311 47
1786720489442 45
1786720489534 45
1786720489663 45
1786720489754 44
1786720489883 46
1786720489975 44
1786720490103 47
1786720490220 45
1786720490350 167
1786720490636 47
1786720490802 45
1786720490893 46
1786720491025 45
1786720491117 46
1786720491249 44
1786720491339 44
1786720491468 43
1786720491558 45
1786720491689 45
1786720491780 44
1786720491907 44
1786720492000 43
1786720492127 46
1786720492222 46
1786720492352 45
1786720492445 46
1786720492576 46
1786720492742 163
1786720492952 44
1786720493080 45
1786720493173 45
1786720493304 44
1786720493391 45
1786720493521 44
1786720493614 46
1786720493744 43
1786720493835 46
1786720493967 46
1786720494059 46
1786720494190 43
1786720494281 46
1786720494412 46
1786720494505 45
1786720494635 46
1786720494729 46
1786720494859 46
1786720494951 44
1786720495080 48
1786720495174 161
1786720495418 43
1786720495508 45
1786720495633 45
1786720495726 46
1786720495856 46
1786720495950 46
1786720496082 46
1786720496247 47
1786720496340 46
1786720496471 46
1786720496563 45
1786720496691 45
1786720496785 46
1786720496904 47
1786720496999 46
1786720497130 46
1786720497224 45
1786720497356 45
1786720497447 45
1786720497578 171
1786720497796 45
1786720497925 45
1786720498017 45
1786720498148 46
1786720498315 47
1786720498409 45
1786720498540 47
1786720498634 46
1786720498764 43
1786720498856 46
1786720498987 46
1786720499155 43
1786720499245 44
1786720499376 47
1786720499470 46
1786720499601 47
1786720499697 46
1786720499826 45
1786720499918 44
1786720500050 47
1786720500218 170
1786720500435 44
1786720500563 45
1786720500654 45
1786720500785 45
1786720500877 44
1786720501005 46
1786720501098 46
1786720501229 46
1786720501323 45
1786720501452 46
1786720501546 44
1786720501677 45
1786720501842 46
1786720501935 47
1786720502068 45
1786720502160 45
1786720502290 48
1786720502385 45
1786720502478 46
1786720502571 46
1786720502701 168
1786720502915 45
1786720503006 45
1786720503134 43
1786720503227 46
1786720503359 46
1786720503527 45
1786720503643 46
1786720503774 45
1786720503941 44
1786720504109 47
1786720504278 47
1786720504373 45
1786720504502 45
1786720504671 46
1786720504764 45
1786720504896 44
1786720505062 45
1786720505154 160
1786720505401 46
1786720505495 45
1786720505625 45
1786720505716 47
1786720505847 48
1786720505943 47
1786720506075 46
1786720506244 45
1786720506336 47
1786720506467 47
1786720506562 47
1786720506695 45
1786720506788 44
1786720506917 47
1786720507012 49
1786720507144 45
1786720507313 47
1786720507409 47
1786720507542 173
1786720507836 43
1786720507928 45
1786720508057 45
1786720508151 46
1786720508281 47
1786720508376 46
1786720508506 47
1786720508601 46
1786720508731 47
1786720508902 44
1786720508994 45
1786720509124 47
1786720509220 46
1786720509351 46
1786720509445 47
1786720509577 48
1786720509747 44
1786720509839 48
1786720509972 47
1786720510068 168
1786720510309 46
1786720510402 46
1786720510532 44
1786720510624 47
1786720510756 45
1786720510848 45
1786720510977 48
1786720511073 47
1786720511206 47
1786720511304 48
1786720511438 46
1786720511532 48
1786720511666 45
1786720511757 46
1786720511852 47
1786720511948 46
1786720512117 47
1786720512287 45
1786720512380 45
1786720512509 162
1786720512718 46
1786720512810 45
1786720512901 47
1786720513070 46
1786720513163 45
1786720513292 46
1786720513385 46
1786720513515 45
1786720513608 46
1786720513741 46
1786720513907 46
1786720514001 46
1786720514132 47
1786720514227 45
1786720514358 46
1786720514451 45
1786720514582 47
1786720514751 45
1786720514845 46
1786720514978 169
1786720515267 46
1786720515360 45
1786720515492 46
1786720515584 46
1786720515715 45
1786720515808 45
1786720515937 44
1786720516107 47
1786720516202 45
1786720516330 46
1786720516424 46
1786720516555 47
1786720516722 45
1786720516814 47
1786720516946 47
1786720517039 47
1786720517160 46
1786720517254 45
1786720517386 47
1786720517483 171
1786720517737 48
1786720517832 46
1786720517963 47
1786720518058 46
1786720518153 47
1786720518249 48
1786720518420 44
1786720518510 45
1786720518641 46
1786720518808 46
1786720518901 46
1786720519033 48
1786720519129 45
1786720519260 47
1786720519430 48
1786720519526 46
1786720519657 47
1786720519752 46
1786720519885 47
1786720520055 176
1786720520278 47
1786720520410 45
1786720520504 47
1786720520634 45
1786720520728 46
1786720520860 46
1786720521029 47
1786720521124 45
1786720521254 45
1786720521348 47
1786720521481 46
1786720521651 48
1786720521745 47
1786720521877 47
1786720521972 47
1786720522106 47
1786720522274 47
1786720522367 46
1786720522500 47
1786720522595 45
1786720522724 168
1786720522938 46
1786720523072 46
1786720523242 46
1786720523336 46
1786720523467 46
1786720523562 47
1786720523693 47
1786720523863 46
1786720523956 45
1786720524088 48
1786720524209 47
1786720524304 48
1786720524401 46
1786720524533 47
1786720524629 46
1786720524761 47
1786720524929 46
1786720525022 45
1786720525153 46
1786720525322 165
1786720525534 47
1786720525667 47
1786720525761 46
1786720525894 47
1786720525989 47
1786720526085 48
1786720526181 48
1786720526313 46
1786720526407 47
1786720526577 47
1786720526747 46
1786720526841 48
1786720526978 47
1786720527149 47
1786720527245 46
1786720527378 46
1786720527547 47
1786720527643 46
1786720527774 168
1786720528064 45
1786720528157 48
1786720528293 46
1786720528387 46
1786720528519 45
1786720528686 48
1786720528781 46
1786720528912 48
1786720529008 47
1786720529142 46
1786720529312 47
1786720529408 46
1786720529540 46
1786720529634 46
1786720529765 45
1786720529859 46
1786720529990 45
1786720530161 44
1786720530252 171
1786720530508 47
1786720530604 46
1786720530738 49
1786720530910 47
1786720531080 47
1786720531175 47
1786720531334 47
1786720531505 45
1786720531674 48
1786720531846 45
1786720532014 45
1786720532107 45
1786720532238 46
1786720532333 45
1786720532465 46
1786720532632 46
1786720532728 176
1786720532989 45
1786720533082 45
1786720533214 47
1786720533308 45
1786720533437 46
1786720533530 44
1786720533660 46
1786720533754 47
1786720533849 48
1786720533945 46
1786720534114 44
1786720534283 45
1786720534377 46
1786720534508 45
1786720534602 46
1786720534733 45
1786720534903 44
1786720534995 45
1786720535127 47
1786720535222 45
1786720535355 168
1786720535647 47
1786720535742 47
1786720535876 48
1786720536048 48
1786720536145 47
1786720536281 48
1786720536451 46
1786720536546 48
1786720536680 46
1786720536773 45
1786720536906 47
1786720537077 47
1786720537171 48
1786720537306 45
1786720537400 46
1786720537533 46
1786720537702 47
1786720537798 47
1786720537930 179
1786720538158 47
1786720538290 47
1786720538411 46
1786720538505 46
1786720538599 45
1786720538729 46
1786720538822 47
1786720538955 46
1786720539050 46
1786720539181 46
1786720539350 47
1786720539442 45
1786720539576 46
1786720539747 46
1786720539841 46
1786720539973 49
1786720540145 47
1786720540241 46
1786720540377 50
1786720540551 47
1786720540646 172
1786720540903 48
1786720541001 50
1786720541101 48
1786720541199 49
1786720541375 46
1786720541546 46
1786720541717 46
1786720541889 49
1786720541989 48
1786720542124 47
1786720542295 48
1786720542391 47
1786720542522 47
1786720542693 47
1786720542788 45
1786720542920 47
1786720543096 46
1786720543191 181
1786720543459 46
1786720543629 46
1786720543724 46
1786720543856 46
1786720544025 45
1786720544119 47
1786720544250 47
1786720544345 45
1786720544477 47
1786720544648 45
1786720544741 47
1786720544874 47
1786720545048 47
1786720545144 46
1786720545279 47
1786720545451 48
1786720545648 47
1786720545820 45
1786720545989 185
1786720546295 50
1786720546470 47
1786720546566 46
1786720546696 47
1786720546869 47
1786720546963 46
1786720547098 47
1786720547268 46
1786720547362 46
1786720547495 46
1786720547590 45
1786720547723 47
1786720547895 46
1786720547988 47
1786720548123 47
1786720548217 47
1786720548352 46
1786720548484 45
1786720548578 46
1786720548746 184
1786720548975 48
1786720549109 46
1786720549203 47
1786720549336 47
1786720549430 46
1786720549525 46
1786720549620 47
1786720549790 47
1786720549958 47
1786720550052 46
1786720550187 45
1786720550282 203
1786720550571 47
1786720550742 45
1786720550836 48
1786720550970 46
1786720551065 49
1786720551201 47
1786720551375 46
1786720551545 176
1786720551770 47
1786720551905 46
1786720552001 46
1786720552136 47
1786720552306 46
1786720552402 45
1786720552535 46
1786720552707 47
1786720552801 46
1786720552936 47
1786720553108 46
1786720553228 48
1786720553325 46
1786720553420 47
1786720553551 48
1786720553649 48
1786720553783 46
1786720553877 48
1786720554011 49
1786720554187 181
1786720554412 47
1786720554547 47
1786720554643 47
1786720554778 48
1786720554951 47
1786720555048 48
1786720555182 48
1786720555354 47
1786720555524 47
1786720555620 46
1786720555751 48
1786720555925 46
1786720556021 47
1786720556117 47
1786720556215 47
1786720556311 47
1786720556446 48
1786720556622 47
1786720556795 49
1786720556971 185
1786720557278 47
1786720557374 46
1786720557507 48
1786720557679 48
1786720557852 48
1786720557948 47
1786720558082 46
1786720558250 48
1786720558348 47
1786720558484 50
1786720558659 50
1786720558759 47
1786720558894 48
1786720559067 48
1786720559240 48
1786720559336 47
1786720559473 49
1786720559648 48
1786720559743 182
1786720560012 45
1786720560183 47
1786720560354 48
1786720560451 49
1786720560586 49
1786720560710 48
1786720560807 46
1786720560902 47
1786720561037 47
1786720561211 47
1786720561307 47
1786720561440 48
1786720561614 47
1786720561709 48
1786720561845 47
1786720562018 49
1786720562115 48
1786720562250 49
1786720562424 191
1786720562666 49
1786720562801 49
1786720562977 48
1786720563073 48
1786720563208 49
1786720563384 47
1786720563480 49
1786720563616 48
1786720563714 49
1786720563850 48
1786720564023 47
1786720564119 47
1786720564254 47
1786720564424 47
1786720564520 47
1786720564655 51
1786720564753 47
1786720564847 48
1786720564943 48
1786720565119 48
1786720565292 191
1786720565605 46
1786720565700 46
1786720565833 49
1786720565930 47
1786720566065 47
1786720566161 47
1786720566297 47
1786720566471 46
1786720566644 47
1786720566737 48
1786720566871 47
1786720567046 50
1786720567145 47
1786720567280 48
1786720567454 49
1786720567629 50
1786720567728 50
1786720567865 48
1786720568038 46
1786720568134 195
1786720568413 47
1786720568574 48
1786720568669 47
1786720568803 49
1786720568901 47
1786720569035 47
1786720569209 47
1786720569306 47
1786720569441 45
1786720569611 49
1786720569708 45
1786720569841 46
1786720570013 47
1786720570185 46
1786720570281 46
1786720570414 48
1786720570587 47
1786720570683 47
1786720570818 48
1786720570915 48
1786720571052 192
1786720571334 50
1786720571435 47
1786720571609 51
1786720571790 48
1786720571967 49
1786720572105 50
1786720572203 48
1786720572378 48
1786720572553 46
1786720572727 47
1786720572901 45
1786720572995 47
1786720573132 46
1786720573305 48
1786720573481 48
1786720573656 49
1786720573754 47
1786720573887 46
1786720574060 192
1786720574377 48
1786720574474 46
1786720574609 45
1786720574777 48
1786720574875 47
1786720575007 47
1786720575102 47
1786720575240 48
1786720575410 47
1786720575507 47
1786720575641 48
1786720575815 46
1786720575987 46
1786720576107 47
1786720576205 48
1786720576302 47
1786720576438 48
1786720576535 47
1786720576672 47
1786720576844 49
1786720577019 186
1786720577330 47
1786720577424 49
1786720577563 49
1786720577738 50
1786720577917 47
1786720578013 49
1786720578148 48
1786720578246 48
1786720578344 49
1786720578444 48
1786720578619 49
1786720578796 49
1786720578972 48
1786720579149 49
1786720579325 49
1786720579500 48
1786720579596 47
1786720579730 47
1786720579902 192
1786720580146 48
1786720580282 48
1786720580456 49
1786720580633 49
1786720580808 48
1786720580983 49
1786720581080 49
1786720581217 50
1786720581398 49
1786720581574 49
1786720581752 47
1786720581926 46
1786720582100 46
1786720582196 47
1786720582332 48
1786720582508 45
1786720582682 47
1786720582853 194
1786720583096 45
1786720583229 48
1786720583405 47
1786720583578 48
1786720583675 49
1786720583798 49
1786720583897 47
1786720584031 48
1786720584130 48
1786720584268 49
1786720584443 46
1786720584618 46
1786720584793 45
1786720584966 46
1786720585142 47
1786720585239 48
1786720585374 48
1786720585548 48
1786720585685 47
1786720585782 198
1786720586107 47
1786720586278 47
1786720586452 47
1786720586548 47
1786720586645 48
1786720586743 48
1786720586919 51
1786720587101 48
1786720587276 47
1786720587448 48
1786720587624 44
1786720587795 48
1786720587969 49
1786720588067 47
1786720588203 47
1786720588379 47
1786720588554 47
1786720588726 46
1786720588822 186
1786720589094 46
1786720589271 49
1786720589447 48
1786720589622 47
1786720589715 47
1786720589851 47
1786720590025 47
1786720590202 50
1786720590379 48
1786720590555 49
1786720590654 47
1786720590789 48
1786720590965 47
1786720591141 47
1786720591304 48
1786720591403 49
1786720591540 47
1786720591715 201
1786720592044 48
1786720592219 48
1786720592315 46
1786720592412 47
1786720592507 47
1786720592642 48
1786720592739 48
1786720592915 46
1786720593088 49
1786720593264 47
1786720593401 48
1786720593499 48
1786720593675 47
1786720593849 49
1786720594027 49
1786720594204 49
1786720594383 46
1786720594555 48
1786720594730 48
1786720594905 198
1786720595224 47
1786720595319 50
1786720595460 46
1786720595635 48
1786720595810 48
1786720595904 46
1786720596039 48
1786720596215 49
1786720596390 47
1786720596566 48
1786720596663 47
1786720596798 51
1786720596978 47
1786720597155 48
1786720597329 48
1786720597505 50
1786720597603 48
1786720597739 47
1786720597915 197
1786720598238 46
1786720598411 48
1786720598508 48
1786720598645 47
1786720598820 46
1786720598992 49
1786720599193 48
1786720599326 49
1786720599426 48
1786720599602 47
1786720599776 49
1786720599955 47
1786720600130 47
1786720600304 47
1786720600400 48
1786720600538 48
1786720600715 47
1786720600890 188
1786720601129 48
1786720601268 51
1786720601448 48
1786720601625 49
1786720601801 49
1786720601897 47
1786720602033 50
1786720602215 49
1786720602394 47
1786720602569 47
1786720602744 49
1786720602843 50
1786720602982 48
1786720603162 49
1786720603340 48
1786720603516 48
1786720603614 48
1786720603753 197
1786720604074 49
1786720604253 48
1786720604429 46
1786720604525 48
1786720604662 47
1786720604840 46
1786720605014 49
1786720605193 48
1786720605372 47
1786720605546 49
1786720605724 48
1786720605899 46
1786720605995 48
1786720606133 47
1786720606231 47
1786720606368 49
1786720606506 50
1786720606605 49
1786720606782 203
1786720607113 46
1786720607313 46
1786720607409 48
1786720607508 49
1786720607608 47
1786720607743 49
1786720607922 50
1786720608101 48
1786720608199 47
1786720608335 48
1786720608511 47
1786720608685 48
1786720608863 47
1786720609041 47
1786720609218 50
1786720609398 46
1786720609575 47
1786720609750 48
1786720609926 203
1786720610257 47
1786720610432 47
1786720610607 49
1786720610706 49
1786720610846 47
1786720611020 48
1786720611199 48
1786720611378 49
1786720611556 46
1786720611733 47
1786720611909 49
1786720612087 47
1786720612263 47
1786720612438 49
1786720612618 47
1786720612794 49
1786720612973 48
1786720613069 204
1786720613324 46
1786720613418 49
1786720613598 47
1786720613730 47
1786720613827 47
1786720614004 50
1786720614184 49
1786720614362 48
1786720614541 46
1786720614715 49
1786720614893 48
1786720615053 47
1786720615150 48
1786720615288 49
1786720615466 49
1786720615565 48
1786720615703 48
1786720615882 48
1786720616060 53
1786720616243 205
1786720616571 51
1786720616750 47
1786720616926 48
1786720617022 50
1786720617165 49
1786720617346 45
1786720617524 48
1786720617701 48
1786720617878 49
1786720618058 48
1786720618239 49
1786720618417 48
1786720618596 48
1786720618774 49
1786720618950 49
1786720619128 49
1786720619306 47
1786720619479 204
1786720619813 49
1786720619986 49
1786720620084 48
1786720620223 47
1786720620321 46
1786720620454 48
1786720620631 48
1786720620810 49
1786720620909 47
1786720621046 52
1786720621229 49
1786720621329 47
1786720621465 47
1786720621642 48
1786720621818 48
1786720621998 48
1786720622176 46
1786720622351 49
1786720622528 48
1786720622706 205
1786720623041 48
1786720623204 48
1786720623299 47
1786720623437 48
1786720623614 47
1786720623792 49
1786720623970 49
1786720624149 49
1786720624327 49
1786720624507 48
1786720624682 48
1786720624858 46
1786720624952 48
1786720625090 48
1786720625268 50
1786720625446 50
1786720625628 47
1786720625806 206
1786720626140 48
1786720626316 46
1786720626493 48
1786720626671 47
1786720626851 47
1786720626947 49
1786720627085 48
1786720627265 49
1786720627444 48
1786720627582 47
1786720627679 48
1786720627859 48
1786720628036 48
1786720628215 50
1786720628394 48
1786720628575 49
1786720628756 47
1786720628933 206
1786720629270 50
1786720629450 50
1786720629631 50
1786720629811 48
1786720629988 49
1786720630167 50
1786720630347 47
1786720630524 48
1786720630701 47
1786720630879 48
1786720631056 48
1786720631223 49
1786720631325 50
1786720631467 50
1786720631650 52
1786720631837 50
1786720632017 50
1786720632200 204
1786720632537 49
1786720632717 48
1786720632898 49
1786720633077 48
1786720633256 50
1786720633437 47
1786720633616 49
1786720633716 50
1786720633817 50
1786720633918 48
1786720634059 48
1786720634236 48
1786720634416 49
1786720634595 51
1786720634774 48
1786720634953 50
1786720635133 49
1786720635314 48
1786720635493 216
1786720635838 49
1786720636015 48
1786720636114 48
1786720636253 51
1786720636433 49
1786720636614 49
1786720636793 50
1786720636973 48
1786720637152 48
1786720637333 49
1786720637512 48
1786720637693 49
1786720637871 50
1786720638053 49
1786720638233 49
1786720638412 47
1786720638588 48
1786720638766 50
1786720638947 213
1786720639285 50
1786720639470 49
1786720639637 49
1786720639737 48
1786720639876 49
1786720640057 49
1786720640236 48
1786720640415 50
1786720640557 52
1786720640660 49
1786720640842 49
1786720640984 49
1786720641084 50
1786720641265 51
1786720641410 49
1786720641510 49
1786720641651 49
1786720641830 51
1786720642012 51
1786720642197 49
1786720642378 212
1786720642720 48
1786720642899 49
1786720643000 49
1786720643098 49
1786720643198 50
1786720643339 50
1786720643521 51
1786720643702 50
1786720643883 50
1786720644063 50
1786720644244 48
1786720644383 50
1786720644484 49
1786720644626 49
1786720644808 50
1786720644990 49
1786720645171 48
1786720645351 47
1786720645532 49
1786720645672 202
1786720645925 49
1786720646068 51
1786720646251 52
1786720646437 49
1786720646618 49
1786720646801 51
1786720646945 50
1786720647048 50
1786720647190 49
1786720647374 50
1786720647556 49
1786720647736 51
1786720647921 50
1786720648022 50
1786720648124 50
1786720648253 51
1786720648354 49
1786720648454 48
1786720648596 50
1786720648779 214
1786720649123 48
1786720649301 49
1786720649479 52
1786720649662 48
1786720649802 52
1786720649905 49
1786720650046 48
1786720650226 51
1786720650412 49
1786720650593 48
1786720650774 50
1786720650956 50
1786720651138 50
1786720651282 51
1786720651384 50
1786720651525 50
1786720651707 47
1786720651887 49
1786720652066 211
1786720652413 48
1786720652592 48
1786720652731 48
1786720652830 51
1786720652972 50
1786720653156 49
1786720653338 50
1786720653520 50
1786720653701 48
1786720653882 48
1786720654058 47
1786720654235 50
1786720654376 49
1786720654476 50
1786720654659 48
1786720654838 51
1786720654983 50
1786720655085 50
1786720655228 49
1786720655411 209
1786720655751 49
1786720655933 48
1786720656114 49
1786720656298 49
1786720656440 50
1786720656542 50
1786720656684 50
1786720656868 50
1786720657037 51
1786720657140 49
1786720657283 49
1786720657468 48
1786720657646 49
1786720657825 52
1786720657967 51
1786720658070 50
1786720658214 50
1786720658398 50
1786720658580 50
1786720658762 211
1786720659066 50
1786720659168 51
1786720659311 51
1786720659495 49
1786720659677 48
1786720659858 50
1786720660001 51
1786720660103 50
1786720660247 50
1786720660431 49
1786720660610 50
1786720660795 49
1786720660974 50
1786720661158 49
1786720661340 51
1786720661443 51
1786720661546 50
1786720661649 50
1786720661794 52
1786720661982 50
1786720662167 210
1786720662509 49
1786720662609 50
1786720662713 50
1786720662898 49
1786720663081 51
1786720663265 47
1786720663445 50
1786720663626 51
1786720663811 51
1786720663995 48
1786720664172 49
1786720664353 50
1786720664496 51
1786720664599 51
1786720664742 52
1786720664928 51
1786720665113 49
1786720665298 49
1786720665480 221
1786720665829 48
1786720665971 49
1786720666100 48
1786720666198 51
1786720666302 49
1786720666443 51
1786720666629 49
1786720666813 51
1786720666997 49
1786720667181 50
1786720667323 52
1786720667427 50
1786720667570 51
1786720667755 50
1786720667939 50
1786720668121 52
1786720668307 51
1786720668411 51
1786720668513 52
1786720668617 49
1786720668758 50
1786720668902 216
1786720669169 51
1786720669356 51
1786720669501 51
1786720669603 51
1786720669748 52
1786720669934 51
1786720670119 49
1786720670261 52
1786720670365 51
1786720670510 49
1786720670691 51
1786720670876 50
1786720671060 48
1786720671245 50
1786720671388 49
1786720671491 50
1786720671632 50
1786720671817 50
1786720672001 50
1786720672185 51
1786720672331 212
1786720672595 51
1786720672737 50
1786720672924 49
1786720673106 51
1786720673289 50
1786720673472 50
1786720673615 51
1786720673718 50
1786720673861 50
1786720674045 51
1786720674227 50
1786720674413 51
1786720674599 50
1786720674784 49
1786720674927 49
1786720675027 50
1786720675171 49
1786720675301 49
1786720675402 51
1786720675588 49
1786720675774 222
1786720676130 49
1786720676308 49
1786720676491 50
1786720676676 49
1786720676777 52
1786720676882 51
1786720677067 51
1786720677254 50
1786720677438 51
1786720677623 49
1786720677807 50
1786720677951 49
1786720678052 51
1786720678196 51
1786720678380 52
1786720678567 50
1786720678749 50
1786720678932 51
1786720679117 51
1786720679302 212
1786720679608 50
1786720679710 51
1786720679856 50
1786720680041 52
1786720680229 50
1786720680372 52
1786720680477 52
1786720680622 50
1786720680808 50
1786720680993 49
1786720681177 50
1786720681360 51
1786720681542 51
1786720681685 52
1786720681789 51
1786720681933 51
1786720682120 51
1786720682306 50
1786720682408 52
1786720682552 50
1786720682696 219
1786720682968 51
1786720683112 53
1786720683299 50
1786720683484 51
1786720683670 50
1786720683851 50
1786720683953 51
1786720684057 51
1786720684160 52
1786720684305 51
1786720684490 50
1786720684677 51
1786720684850 51
1786720685037 51
1786720685183 51
1786720685285 50
1786720685431 50
1786720685616 49
1786720685799 50
1786720685941 49
1786720686042 50
1786720686187 231
1786720686552 50
1786720686736 47
1786720686917 50
1786720687103 51
1786720687249 50
1786720687350 52
1786720687495 50
1786720687682 50
1786720687869 49
1786720688052 51
1786720688198 50
1786720688299 51
1786720688445 50
1786720688631 50
1786720688816 49
1786720688958 49
1786720689061 50
1786720689204 51
1786720689308 51
1786720689453 50
1786720689638 50
1786720689783 50
1786720689885 230
1786720690168 51
1786720690272 49
1786720690457 50
1786720690602 50
1786720690702 52
1786720690847 50
1786720691031 52
1786720691220 53
1786720691410 51
1786720691555 53
1786720691660 50
1786720691807 53
1786720691997 51
1786720692184 55
1786720692333 50
1786720692435 52
1786720692583 51
1786720692770 50
1786720692955 52
1786720693103 49
1786720693207 51
1786720693352 50
1786720693538 233
1786720693899 50
1786720694085 50
1786720694269 51
1786720694455 54
1786720694629 48
1786720694814 51
1786720695001 50
1786720695147 52
1786720695253 49
1786720695395 50
1786720695580 50
1786720695764 50
1786720695950 51
1786720696094 51
1786720696198 50
1786720696342 51
1786720696447 50
1786720696549 50
1786720696653 51
1786720696798 51
1786720696902 51
1786720697046 51
1786720697232 235
1786720697596 47
1786720697781 52
1786720697927 50
1786720698029 50
1786720698173 51
1786720698362 49
1786720698546 50
1786720698727 50
1786720698871 50
1786720698974 50
1786720699119 51
1786720699306 50
1786720699492 49
1786720699632 51
1786720699736 52
1786720699882 53
1786720700071 52
1786720700257 52
1786720700403 52
1786720700508 52
1786720700656 51
1786720700843 233
1786720701212 51
1786720701357 53
1786720701462 52
1786720701609 51
1786720701797 53
1786720701945 52
1786720702050 52
1786720702197 53
1786720702389 52
1786720702535 52
1786720702640 51
1786720702785 50
1786720702972 53
1786720703120 53
1786720703225 53
1786720703374 51
1786720703563 51
1786720703750 52
1786720703854 50
1786720703957 51
1786720704062 51
1786720704208 51
1786720704397 51
1786720704573 234
1786720704859 51
1786720704961 51
1786720705065 51
1786720705210 51
1786720705398 51
1786720705543 51
1786720705647 48
1786720705787 52
1786720705976 52
1786720706164 53
1786720706313 51
1786720706418 50
1786720706562 51
1786720706750 51
1786720706942 52
1786720707087 52
1786720707192 51
1786720707340 49
1786720707528 50
1786720707716 49
1786720707861 50
1786720707964 50
1786720708110 52
1786720708298 223
1786720708657 52
1786720708804 50
1786720708906 50
1786720709053 53
1786720709244 52
1786720709393 52
1786720709497 52
1786720709644 51
1786720709834 51
1786720709980 51
1786720710085 53
1786720710232 52
1786720710422 51
1786720710610 52
1786720710800 51
1786720710903 51
1786720711005 51
1786720711150 51
1786720711254 52
1786720711441 52
1786720711588 50
1786720711691 52
1786720711841 241
1786720712216 52
1786720712407 50
1786720712553 51
1786720712657 52
1786720712803 50
1786720712989 52
1786720713177 51
1786720713324 51
1786720713427 52
1786720713576 52
1786720713765 51
1786720713911 53
1786720714016 51
1786720714164 53
1786720714352 52
1786720714540 50
1786720714685 52
1786720714788 53
1786720714924 50
1786720715028 52
1786720715175 51
1786720715363 50
1786720715509 51
1786720715614 240
1786720715951 49
1786720716138 51
1786720716323 51
1786720716469 51
1786720716571 52
1786720716718 51
1786720716906 52
1786720717054 51
1786720717158 51
1786720717304 50
1786720717492 51
1786720717682 51
1786720717827 50
1786720717930 50
1786720718076 51
1786720718222 50
1786720718326 52
1786720718515 49
1786720718613 52
1786720718719 51
1786720718823 51
1786720718971 51
1786720719161 51
1786720719306 50
1786720719409 242
1786720719746 53
1786720719937 51
1786720720127 53
1786720720275 52
1786720720379 50
1786720720527 52
1786720720716 51
1786720720861 51
1786720720964 53
1786720721113 52
1786720721305 52
1786720721453 51
1786720721557 52
1786720721705 48
1786720721892 54
1786720722083 50
1786720722230 51
1786720722332 52
1786720722481 52
1786720722669 48
1786720722851 49
1786720723034 50
1786720723181 52
1786720723286 244
1786720723624 50
1786720723809 51
1786720723994 51
1786720724144 51
1786720724248 52
1786720724396 52
1786720724588 52
1786720724734 50
1786720724832 51
1786720724979 52
1786720725170 52
1786720725363 49
1786720725490 53
1786720725597 51
1786720725702 52
1786720725806 52
1786720725912 51
1786720726061 51
1786720726210 51
1786720726315 50
1786720726461 51
1786720726652 52
1786720726799 52
1786720726904 52
1786720727053 51
1786720727244 243
1786720727580 51
1786720727682 50
1786720727828 50
1786720728015 52
1786720728204 52
1786720728350 53
1786720728457 51
1786720728604 53
1786720728791 52
1786720728938 50
1786720729041 51
1786720729189 50
1786720729377 50
1786720729560 52
1786720729708 50
1786720729811 48
1786720729952 52
1786720730140 53
1786720730290 53
1786720730396 51
1786720730544 51
1786720730734 50
1786720730880 52
1786720730985 51
1786720731130 243
1786720731507 54
1786720731658 54
1786720731763 52
1786720731910 50
1786720732100 52
1786720732248 53
1786720732353 51
1786720732501 52
1786720732692 52
1786720732880 52
1786720733069 52
1786720733219 51
1786720733324 54
1786720733474 53
1786720733666 52
1786720733772 52
1786720733877 52
1786720734068 51
1786720734214 53
1786720734321 52
1786720734471 52
1786720734660 51
1786720734808 50
1786720734908 53
1786720735059 227
1786720735426 51
1786720735616 51
1786720735762 53
1786720735869 52
1786720736018 49
1786720736206 51
1786720736383 51
1786720736531 51
1786720736635 51
1786720736785 51
1786720736975 53
1786720737124 51
1786720737231 52
1786720737381 53
1786720737573 53
1786720737723 51
1786720737826 52
1786720737975 52
1786720738169 52
1786720738316 53
1786720738422 50
1786720738567 52
1786720738759 242
1786720739098 48
1786720739200 52
1786720739347 51
1786720739539 49
1786720739682 53
1786720739788 50
1786720739932 53
1786720740083 52
1786720740189 53
1786720740296 54
1786720740402 52
1786720740593 53
1786720740786 53
1786720740935 52
1786720741041 53
1786720741192 50
1786720741376 52
1786720741567 52
1786720741715 52
1786720741819 50
1786720741967 52
1786720742158 50
1786720742306 51
1786720742411 51
1786720742558 52
1786720742751 249
1786720743138 53
1786720743285 52
1786720743391 52
1786720743539 50
1786720743723 53
1786720743913 52
1786720744062 52
1786720744167 52
1786720744315 53
1786720744509 52
1786720744656 53
1786720744762 51
1786720744909 54
1786720745105 50
1786720745288 51
1786720745435 52
1786720745542 52
1786720745690 50
1786720745878 51
1786720746026 53
1786720746135 53
1786720746285 52
1786720746479 52
1786720746628 51
1786720746733 253
1786720747081 52
1786720747271 51
1786720747448 51
1786720747636 52
1786720747784 50
1786720747884 53
1786720748034 51
1786720748224 52
1786720748330 52
1786720748436 53
1786720748543 52
1786720748692 53
1786720748886 51
1786720749033 54
1786720749142 51
1786720749289 52
1786720749483 55
1786720749634 52
1786720749739 55
1786720749891 53
1786720750086 52
1786720750235 52
1786720750340 52
1786720750490 52
1786720750682 52
1786720750831 251
1786720751136 52
1786720751285 53
1786720751477 50
1786720751625 51
1786720751730 50
1786720751877 54
1786720752075 52
1786720752225 56
1786720752334 53
1786720752485 52
1786720752634 53
1786720752740 53
1786720752891 51
1786720753084 52
1786720753233 52
1786720753339 52
1786720753490 52
1786720753681 50
1786720753826 51
1786720753931 52
1786720754081 52
1786720754275 52
1786720754426 54
1786720754534 52
1786720754639 52
1786720754745 52
1786720754851 251
1786720755158 51
1786720755349 50
1786720755497 51
1786720755603 52
1786720755753 53
1786720755947 54
1786720756098 51
1786720756202 52
1786720756353 53
1786720756548 51
1786720756693 52
1786720756799 52
1786720756949 51
1786720757142 52
1786720757292 53
1786720757399 52
1786720757549 51
1786720757697 53
1786720757802 53
1786720757953 53
1786720758149 54
1786720758301 52
1786720758408 53
1786720758557 52
1786720758737 53
1786720758930 252
1786720759280 51
1786720759385 53
1786720759534 51
1786720759726 54
1786720759876 50
1786720759976 53
1786720760127 51
1786720760317 52
1786720760509 52
1786720760658 51
1786720760758 52
1786720760909 52
1786720761101 52
1786720761249 54
1786720761358 53
1786720761506 52
1786720761699 52
1786720761893 53
1786720762043 51
1786720762148 53
1786720762297 52
1786720762490 51
1786720762639 53
1786720762745 53
1786720762897 52
1786720763004 255
1786720763310 54
1786720763417 53
1786720763568 52
1786720763718 53
1786720763824 53
1786720763976 52
1786720764168 52
1786720764319 52
1786720764424 52
1786720764574 50
1786720764766 53
1786720764916 54
1786720765024 52
1786720765176 53
1786720765326 53
1786720765434 52
1786720765583 52
1786720765777 55
1786720765930 52
1786720766036 54
1786720766189 51
1786720766338 53
1786720766445 53
1786720766596 54
1786720766791 53
1786720766944 52
1786720767050 251
1786720767401 53
1786720767593 52
1786720767742 53
1786720767848 52
1786720767997 53
1786720768191 53
1786720768341 51
1786720768446 50
1786720768593 51
1786720768785 51
1786720768933 53
1786720769042 52
1786720769193 54
1786720769387 53
1786720769493 53
1786720769602 52
1786720769708 52
1786720769814 54
1786720769923 53
1786720770074 51
1786720770180 52
1786720770332 52
1786720770515 53
1786720770667 52
1786720770773 51
1786720770923 52
1786720771114 253
1786720771462 49
1786720771559 52
1786720771708 51
1786720771897 53
1786720772089 51
1786720772274 52
1786720772426 51
1786720772530 52
1786720772681 52
1786720772874 50
1786720773018 53
1786720773124 54
1786720773275 50
1786720773463 52
1786720773656 51
1786720773805 51
1786720773910 53
1786720774060 53
1786720774210 51
1786720774315 53
1786720774468 53
1786720774663 54
1786720774815 52
1786720774921 51
1786720775071 55
1786720775224 246
1786720775525 54
1786720775678 52
1786720775872 55
1786720776027 52
1786720776134 54
1786720776286 54
1786720776482 54
1786720776633 53
1786720776738 52
1786720776890 54
1786720776999 54
1786720777109 56
1786720777220 56
1786720777787 56
1786720777899 55
1786720778009 57
1786720778548 60
1786720778668 64
1786720778796 272
1786720779181 65
1786720779313 66
1786720779506 288
1786720779864 65
1786720780111 64
1786720780238 62
1786720780537 63
1786720780662 286
1786720781165 61
1786720781291 58
1786720781563 57
1786720781681 296
1786720782037 63
1786720782267 61
1786720782392 62
1786720782558 61
1786720782685 58
1786720782803 62
1786720782930 293
1786720783283 60
1786720783454 60
1786720783574 58
1786720783694 60
1786720783818 61
1786720783943 58
1786720784062 61
1786720784188 295
1786720784548 62
1786720784726 61
1786720784851 59
1786720784971 61
1786720785136 57
1786720785256 58
1786720785375 63
1786720785502 296
1786720785862 61
1786720785988 62
1786720786116 63
1786720786244 58
1786720786416 58
1786720786536 58
1786720786655 61
1786720786780 295
1786720787189 62
1786720787317 60
1786720787439 58
1786720787647 60
1786720787769 62
1786720787895 63
1786720788023 290
1786720788430 60
1786720788552 58
1786720788672 63
1786720788852 61
1786720788979 60
1786720789100 60
1786720789220 64
1786720789401 300
1786720789767 63
1786720789896 61
1786720790074 58
1786720790232 60
1786720790352 60
1786720790473 63
1786720790601 58
1786720790720 301
1786720791083 63
1786720791212 63
1786720791392 60
1786720791514 61
1786720791635 59
1786720791756 62
1786720791885 59
1786720792006 62
1786720792134 305
1786720792500 62
1786720792627 63
1786720792755 64
1786720792925 62
1786720793054 59
1786720793176 64
1786720793305 64
1786720793436 65
1786720793567 305
1786720793934 59
1786720794060 64
1786720794187 61
1786720794315 67
1786720794454 69
1786720794595 67
1786720794734 64
1786720794860 58
1786720794981 63
1786720795116 299
1786720795487 67
1786720795673 67
1786720795811 68
1786720795950 69
1786720796091 67
1786720796227 63
1786720796362 68
1786720796502 296
1786720796866 69
1786720797007 68
1786720797143 59
1786720797265 63
1786720797397 62
1786720797522 60
1786720797646 60
1786720797769 60
1786720797892 61
1786720798016 311
1786720798444 68
1786720798584 69
1786720798726 63
1786720798853 62
1786720799037 61
1786720799162 59
1786720799285 58
1786720799406 317
1786720799840 59
1786720799962 60
1786720800085 60
1786720800262 61
1786720800387 59
1786720800509 59
1786720800631 59
1786720800807 317
1786720801228 64
1786720801365 70
1786720801569 70
1786720801711 68
1786720801852 67
1786720802055 69
1786720802195 311
1786720802579 67
1786720802781 68
1786720802922 69
1786720803063 68
1786720803265 70
1786720803405 70
1786720803546 331
1786720803998 70
1786720804139 63
1786720804269 70
1786720804411 69
1786720804551 65
1786720804683 70
1786720804824 68
1786720804964 68
1786720805104 68
1786720805244 334
1786720805650 69
1786720805791 69
1786720805930 69
1786720806070 64
1786720806201 66
1786720806333 70
1786720806474 64
1786720806605 65
1786720806736 340
1786720807197 68
1786720807337 71
1786720807481 68
1786720807621 64
1786720807752 66
1786720807885 69
1786720808025 66
1786720808156 70
1786720808297 68
1786720808495 68
1786720808802 64
1786720808931 331
1786720809328 64
1786720809459 66
1786720809591 64
1786720809721 64
1786720809852 59
1786720809972 65
1786720810102 64
1786720810231 65
1786720810363 64
1786720810492 64
1786720810622 64
1786720810753 66
1786720810885 334
1786720811328 65
1786720811460 65
1786720811591 66
1786720811726 65
1786720811858 64
1786720811989 65
1786720812120 64
1786720812251 65
1786720812383 60
1786720812506 64
1786720812636 65
1786720812767 335
1786720813165 65
1786720813296 66
1786720813428 64
1786720813557 63
1786720813687 64
1786720813817 63
1786720813946 65
1786720814077 62
1786720814205 65
1786720814336 66
1786720814466 65
1786720814598 64
1786720814729 338
1786720815175 62
1786720815304 65
1786720815436 65
1786720815566 64
1786720815696 65
1786720815826 66
1786720815959 64
1786720816090 65
1786720816222 64
1786720816353 60
1786720816474 63
1786720816605 65
1786720816735 344
1786720817145 65
1786720817275 65
1786720817407 66
1786720817538 65
1786720817670 66
1786720817802 65
1786720817933 67
1786720818067 66
1786720818200 65
1786720818332 65
1786720818463 65
1786720818594 66
1786720818727 344
1786720819177 64
1786720819307 67
1786720819440 65
1786720819571 66
1786720819704 65
1786720819836 66
1786720819968 62
1786720820092 65
1786720820225 64
1786720820357 63
1786720820487 64
1786720820617 65
1786720820750 346
1786720821162 65
1786720821293 66
1786720821426 65
1786720821557 65
1786720821687 65
1786720821818 65
1786720821949 65
1786720822081 66
1786720822214 64
1786720822345 65
1786720822476 67
1786720822609 65
1786720822742 65
1786720822918 350
1786720823333 66
1786720823466 64
1786720823597 65
1786720823729 62
1786720823853 65
1786720823984 65
1786720824115 66
1786720824247 66
1786720824382 64
1786720824512 62
1786720824636 65
1786720824768 65
1786720824899 60
1786720825022 352
1786720825439 65
1786720825572 65
1786720825705 66
1786720825838 65
1786720825970 67
1786720826105 66
1786720826240 67
1786720826373 66
1786720826507 67
1786720826642 66
1786720826776 66
1786720826955 66
1786720827090 361
1786720827518 66
1786720827653 66
1786720827786 67
1786720827921 67
1786720828055 66
1786720828189 65
1786720828321 67
1786720828454 66
1786720828586 66
1786720828720 66
1786720828854 67
1786720828989 66
1786720829123 65
1786720829255 355
1786720829676 64
1786720829809 67
1786720829944 65
1786720830076 66
1786720830209 67
1786720830344 68
1786720830478 65
1786720830612 66
1786720830745 66
1786720830878 67
1786720831014 67
1786720831194 67
1786720831331 342
1786720831740 65
1786720831874 67
1786720832009 66
1786720832143 66
1786720832277 62
1786720832402 65
1786720832535 66
1786720832669 66
1786720832803 65
1786720832937 65
1786720833073 67
1786720833209 68
1786720833344 67
1786720833481 363
1786720833910 65
1786720834042 68
1786720834177 67
1786720834313 66
1786720834447 68
1786720834583 65
1786720834715 68
1786720834852 67
1786720834987 66
1786720835121 67
1786720835256 66
1786720835437 67
1786720835572 65
1786720835706 369
1786720836143 66
1786720836277 69
1786720836413 67
1786720836547 67
1786720836682 68
1786720836819 67
1786720836953 67
1786720837087 68
1786720837223 62
1786720837349 67
1786720837484 67
1786720837621 62
1786720837745 68
1786720837880 372
1786720838320 66
1786720838453 67
1786720838589 68
1786720838726 68
1786720838862 68
1786720838997 70
1786720839136 69
1786720839273 69
1786720839412 66
1786720839545 66
1786720839680 68
1786720839864 68
1786720840001 67
1786720840139 375
1786720840580 65
1786720840713 69
1786720840850 66
1786720840986 66
1786720841122 69
1786720841262 67
1786720841399 68
1786720841538 68
1786720841675 68
1786720841812 68
1786720841951 69
1786720842090 66
1786720842225 68
1786720842362 372
1786720842794 68
1786720842931 69
1786720843068 68
1786720843205 67
1786720843341 68
1786720843477 68
1786720843613 67
1786720843749 68
1786720843886 68
1786720844023 63
1786720844149 68
1786720844333 66
1786720844470 68
1786720844608 378
1786720845055 66
1786720845191 68
1786720845329 67
1786720845465 63
1786720845592 68
1786720845729 69
1786720845868 69
1786720846006 68
1786720846145 67
1786720846281 69
1786720846421 68
1786720846559 69
1786720846696 69
1786720846835 66
1786720846971 358
1786720847401 73
1786720847529 75
1786720847745 404
1786720848232 75
1786720848454 409
1786720859940 408
1786720860431 73
1786720860658 71
1786720871910 387
1786720876041 71
1786720883552 392
1786720884030 79
1786720884197 80
1786720886765 73
1786720887306 68
1786720887459 417
1786720902521 420
1786720903027 70
1786720917265 398
1786720917830 79
1786720918000 75
1786720918159 80
1786720918331 80
1786720932193 402
1786720932910 79
1786720933080 79
1786720933250 81
1786720933422 78
1786720933585 72
1786720933827 79
1786720948344 415
1786720949595 81
1786720963693 424
1786720964204 79
1786720964370 74
1786720964525 79
1786720964691 80
1786720964860 81
1786720965028 80
1786720965196 81
1786720978748 402
1786720979472 80
1786720979955 75
1786720980111 74
1786720980580 81
1786720993533 421
1786720994338 74
1786720994576 80
1786720994745 75
1786720994977 81
1786720995226 80
1786720995944 81
1786720996113 80
1786720996596 81
1786721011668 429
1786721012186 81
1786721012355 82
1786721012525 82
1786721012695 83
1786721012934 434
1786721013457 82
1786721013626 84
1786721013798 80
1786721013966 83
1786721014138 82
1786721014309 81
1786721014479 440
1786721015008 82
1786721015179 84
1786721015351 82
1786721015522 86
1786721015696 84
1786721015937 446
1786721016472 84
1786721016645 84
1786721016818 82
1786721016990 82
1786721017162 82
1786721017334 83
1786721017507 447
1786721018042 84
1786721018215 83
1786721018388 84
1786721018562 84
1786721018737 83
1786721018977 449
1786721019516 83
1786721019691 86
1786721019868 83
1786721020042 84
1786721020217 84
1786721020392 83
1786721020564 451
1786721021100 81
1786721021266 82
1786721021433 83
1786721021599 77
1786721021759 76
1786721021913 77
1786721022059 73
1786721022222 84
1786721024677 86
1786721024938 85
1786721025116 86
1786721025295 86
1786721025473 85
1786721025731 86
1786721025911 86
1786721026090 87
1786721026270 84
1786721026447 86
1786721028095 461
1786721028649 86
1786721029072 86
1786721029252 84
1786721029676 86
1786721029854 85
1786721030030 80
1786721030195 87
1786721030374 85
1786721030879 86
1786721031057 84
1786721031235 88
1786721032068 86
1786721032316 85
1786721032739 86
1786721033248 84
1786721033670 87
1786721033850 86
1786721034029 86
1786721034291 87
1786721035124 87
1786721035303 87
1786721038236 458
1786721038769 78
1786721038927 79
1786721039089 79
1786721039249 79
1786721039410 78
1786721039571 79
1786721039731 73
1786721039879 79
1786721040041 74
1786721040255 75
1786721040405 79
1786721040566 75
1786721040716 73
1786721040864 75
1786721041015 74
1786721041163 75
1786721041314 76
1786721041465 75
1786721041615 74
1786721041764 452
1786721042291 75
1786721042441 76
1786721042593 79
1786721042754 79
1786721042915 74
1786721043065 72
1786721043211 73
1786721043360 72
1786721044627 75
1786721044779 81
1786721044943 76
1786721045094 74
1786721045245 81
1786721045409 80
1786721045573 74
1786721045723 79
1786721045885 77
1786721046038 79
1786721046201 80
1786721046364 80
1786721046528 73
1786721046678 76
1786721046831 75
1786721046982 74
1786721047132 80
1786721047351 75
1786721047501 79
1786721047663 78
1786721047824 74
1786721047975 75
1786721048125 74
1786721048275 73
1786721048425 73
1786721048574 458
1786721049108 79
1786721049271 79
1786721049434 80
1786721049597 74
1786721049747 75
1786721049899 75
1786721050117 75
1786721050268 79
1786721050430 74
1786721050581 76
1786721050733 75
1786721050883 80
1786721051047 78
1786721051209 75
1786721051360 79
1786721051522 74
1786721051673 73
1786721051823 75
1786721051974 74
1786721052124 80
1786721052287 75
1786721052438 73
1786721052588 73
1786721052737 74
1786721052889 73
1786721053039 74
1786721053191 74
1786721053341 80
1786721053505 74
1786721053655 74
1786721053806 76
1786721053959 75
1786721054110 75
1786721054261 455
1786721054794 73
1786721054944 78
1786721055106 74
1786721055256 74
1786721055406 74
1786721055556 72
1786721055704 74
1786721055854 74
1786721056004 80
1786721056167 74
1786721056319 75
1786721056471 73
1786721056620 78
1786721056783 73
1786721056932 75
1786721057083 78
1786721057246 74
1786721057398 75
1786721057550 78
1786721057713 75
1786721057864 79
1786721058081 81
1786721058246 74
1786721058398 79
1786721058561 73
1786721058711 74
1786721058861 74
1786721059012 73
1786721059162 75
1786721059313 75
1786721059464 75
1786721059616 75
1786721059769 468
1786721060314 79
1786721060478 76
1786721060630 79
1786721060794 74
1786721060945 74
1786721061096 74
1786721061248 74
1786721061400 74
1786721061550 80
1786721061716 75
1786721061868 75
1786721062020 80
1786721062183 75
1786721062334 75
1786721062486 75
1786721062638 75
1786721062789 75
1786721062941 75
1786721063093 76
1786721063246 73
1786721063398 75
1786721063548 75
1786721063700 74
1786721063851 79
1786721064014 74
1786721064166 75
1786721064318 79
1786721064481 74
1786721064633 80
1786721064799 81
1786721064964 75
1786721065115 80
1786721065280 466
1786721065824 76
1786721065976 76
1786721066128 80
1786721066293 75
1786721066444 76
1786721066596 75
1786721066748 79
1786721066914 79
1786721067077 79
1786721067241 75
1786721067393 80
1786721067558 76
1786721067711 76
1786721067864 79
1786721068029 75
1786721068182 75
1786721068333 76
1786721068487 78
1786721068651 78
1786721068815 79
1786721068980 79
1786721069146 77
1786721069357 76
1786721069511 79
1786721069746 75
1786721069899 75
1786721070054 75
1786721070209 76
1786721070501 79
1786721070666 80
1786721070833 75
1786721070986 80
1786721083581 479
1786721084785 87
1786721084969 88
1786721085152 87
1786721100344 480
1786721100912 89
1786721101756 87
1786721102104 82
1786721102268 80
1786721102854 75
1786721103436 88
1786721123686 484
1786721124346 88
1786721124527 88
1786721124710 87
1786721124891 87
1786721125211 89
1786721125388 76
1786721125550 90
1786721125734 89
1786721125917 83
1786721126086 88
1786721126269 83
1786721126439 82
1786721126609 82
1786721126861 86
1786721127040 87
1786721127222 82
1786721127390 87
1786721129592 82
1786721129763 81
1786721129938 88
1786721130113 79
1786721130281 80
1786721130454 84
1786721130625 82
1786721130794 83
1786721131046 88
1786721131230 84
1786721131401 82
1786721131570 87
1786721131745 453
1786721132292 89
1786721132474 89
1786721132652 81
1786721132826 88
1786721133078 84
1786721133249 82
1786721133419 88
1786721133596 82
1786721133835 82
1786721134006 81
1786721134181 89
1786721134366 88
1786721134548 83
1786721134720 90
1786721134899 75
1786721135055 81
1786721135231 87
1786721135408 74
1786721135570 88
1786721135754 89
1786721135938 90
1786721136116 75
1786721136279 89
1786721136715 83
1786721137563 85
1786721137823 87
1786721138007 87
1786721138900 89
1786721140133 480
1786721140879 87
1786721181089 464
1786721181648 88
1786721181978 76
1786721182226 89
1786721182404 76
1786721183765 90
1786721183950 88
1786721185484 89
1786721185669 89
1786721186783 87
1786721187038 83
1786721188217 88
1786721188403 83
1786721217081 463
1786721217632 80
1786721218586 80
1786721219006 80
1786721219182 89
1786721229979 486
1786721230799 83
1786721231193 88
1786721231377 83
1786721243851 486
1786721244419 82
1786721244668 88
1786721262107 490
1786721262856 88
1786721263038 88
1786721263384 82
1786721263545 79
1786721263919 74
1786721264073 76
1786721264320 83
1786721266552 88
1786721267637 88
1786721293552 482
1786721297125 88
1786721297369 76
1786721297524 75
1786721307291 484
1786721307868 89
1786721308050 89
1786721308233 88
1786721308912 89
1786721309263 89
1786721309439 76
1786721309665 82
1786721309834 75
1786721328566 480
1786721329141 89
1786721338647 493
1786721340159 88
1786721340341 81
1786721340594 88
1786721340770 81
1786721345326 88
1786721351915 459
1786721354055 89
1786721355054 89
1786721358499 90
1786721368763 489
1786721370459 89
1786721370720 83
1786721386359 460
1786721386905 86
1786721394729 460
1786721425551 493
1786721426815 74
1786721426966 81
1786721434112 478
1786721436037 81
1786721436213 83
1786721436376 85
1786721436542 76
1786721436706 79
1786721436863 84
1786721437026 71
1786721437179 484
1786721437743 82
1786721438004 91
1786721438278 91
1786721438466 85
1786721438632 78
1786721438792 76
1786721438949 78
1786721439110 83
1786721439290 91
1786721439480 91
1786721439669 92
1786721439858 92
1786721440740 93
1786721441002 86
1786721441176 91
1786721441363 91
1786721442152 91
1786721442339 93
1786721442526 91
1786721442713 92
1786721442900 91
1786721443602 91
1786721443790 89
1786721443975 92
1786721444163 92
1786721444438 84
1786721444609 93
1786721445142 87
1786721445317 482
1786721445893 91
1786721446078 93
1786721446266 93
1786721446454 92
1786721446727 92
1786721447175 86
1786721447348 87
1786721447523 86
1786721447697 93
1786721447972 91
1786721448160 93
1786721448435 92
1786721448881 92
1786721449069 90
1786721449255 86
1786721449602 85
1786721449775 92
1786721449963 92
1786721450152 92
1786721451380 72
1786721451535 89
1786721451707 79
1786721452770 87
1786721453835 470
1786721456318 80
1786721456486 86
1786721456729 73
1786721465632 498
1786721483612 495
1786721484186 85
1786721502821 471
1786721504246 79
1786721504412 85
1786721505500 86
1786721506766 88
1786721507859 78
1786721508025 86
1786721509043 87
1786721510135 81
1786721511099 501
1786721511682 75
1786721512532 82
1786721520685 500
1786721522124 87
1786721523161 87
1786721524180 88
1786721524351 72
1786721525228 79
1786721526188 78
1786721527106 87
1786721527890 88
1786721528681 86
1786721552752 495
1786721556411 87
1786721564689 499
1786721565272 78
1786721576091 496
1786721578384 88
1786721583723 82
1786721583887 87
1786721585224 477
1786721586714 87
1786721587183 71
1786721591315 86
1786721591497 91
1786721591672 94
1786721591863 86
1786721592039 85
1786721592211 102
1786721592403 98
1786721592593 98
1786721592783 98
1786721592971 97
1786721593162 512
1786721593758 99
1786721593948 96
1786721594134 102
1786721594436 116
1786721594814 113
1786721595028 114
1786721595242 115
1786721595457 115
1786721595660 116
1786721595878 115
1786721596094 116
1786721596311 114
1786721596526 115
1786721596742 117
1786721596960 115
1786721598726 115
1786721598943 115
1786721599250 115
1786721599465 116
1786721600786 116
1786721601003 116
1786721601220 115
1786721602636 515
1786721603250 116
1786721603465 116
1786721603914 101
1786721726144 531
1786721812074 509
1786721812688 115
1786721812910 114
1786721813304 106
1786722099818 516
1786722101631 101
1786722146335 490
1786722177042 516
1786722197543 507
1786722244875 533
1786722249315 116
1786722249532 115
1786722249747 116
1786722251245 115
1786722251462 115
1786722251677 116
1786722251894 116
1786722252201 115
1786722253336 516
1786722253954 116
1786722289681 503
1786722378775 544
1786722465271 520
1786722465886 115
1786722466105 102
1786722466297 105
1786722466500 106
1786722466802 115
1786722467022 100
1786722467311 115
1786722753247 529
1786722897307 515
1786722901788 116
1786722903370 115
1786722903586 116
1786722903803 117
1786722904022 115
1786722904238 116
1786722905550 543
1786722906283 115
1786723029163 518
1786723116374 530
1786723117000 113
1786723117217 113
1786723117601 112
1786723117816 114
1786723404556 529
1786723477523 528
1786723549630 514
1786723554049 114
1786723554262 114
1786723554476 112
1786723555948 114
1786723556250 100
1786723556441 112
1786723557830 517
1786723558447 114
1786723558657 111
1786723682690 542
1786723815457 543
1786723846143 542
1786723928052 519
1786724030483 540
1786724059781 539
1786724143157 519
1786724204274 540
1786724208669 116
1786724208883 114
1786724209097 114
1786724210650 115
1786724210862 112
1786724211073 114
1786724212537 114
1786724212750 113
1786724212959 541
1786724335852 511
1786724429813 529
1786724511773 518
1786724696092 532
1786724708621 516
1786724851575 541
1786724854393 100
1786724856121 100
1786724856313 113
1786724856520 105
1786724857970 106
1786724858178 114
1786724858393 112
1786724858606 113
1786724858821 113
1786724860213 512
1786724860825 114
1786724983904 516
1786725070931 519
1786725071539 90
1786725356815 514
1786725504959 503
1786725507702 113
1786725509518 114
1786725509730 112
1786725510028 98
1786725511380 116
1786725511594 115
1786725511808 113
1786725513272 541
1786725513911 115
1786725514124 114
1786725637469 539
1786725873671 546
1786725935168 543
1786725986319 540
1786726006802 492
1786726016276 534
1786726068234 532
1786726088709 523
1786726160687 533
1786726165105 112
1786726165315 113
1786726165525 113
1786726165910 112
1786726166119 112
1786726167204 113
1786726167416 99
1786726167605 112
1786726167814 97
1786726168001 113
1786726168297 111
1786726169394 512
1786726170005 98
1786726170271 97
1786726294185 531
1786726381508 535
1786726436857 528
1786726467575 539
1786726672383 499
1786726672976 89
1786726818116 535
1786726822556 113
1786726822766 113
1786726823237 114
1786726824422 113
1786726824632 112
1786726824842 112
1786726825052 111
1786726825435 111
1786726826619 539
1786726827253 110
1786726827458 111
1786726949766 536
1786727330074 502
1786727330670 103
1786727473684 535
1786727478119 113
1786727478328 97
1786727478514 111
1786727479953 111
1786727480162 113
1786727480372 114
1786727481901 112
1786727482111 110
1786727482317 536
1786727605447 537
1786727880764 507
1786727980722 541
1786728124465 539
1786728127289 111
1786728129038 110
1786728129249 97
1786728129518 89
1786728129698 96
1786728131026 113
1786728131231 103
1786728131428 104
1786728131625 105
1786728131895 104
1786728133098 521
1786728133705 104
1786728256334 538
1786728344502 523
1786728634510 536
1786728780126 536
1786728784485 106
1786728784681 88
1786728784851 103
1786728785117 90
1786728785288 103
1786728786565 89
1786728786736 103
1786728786929 90
1786728787101 103
1786728787437 90
1786728788554 89
1786728788725 517
1786728789325 89
1786728789870 106
1786728790063 108
1786728790259 105
1786728790450 106
1786728790639 96
1786728790817 83
1786728790980 104
1786728791248 100
1786728791437 106
1786728791625 97
1786728791810 91
1786728794328 91
1786728966272 545
1786728967380 97
1786728967567 113
1786728968034 104
1786728968237 112
1786728968622 99
1786728969058 113
1786728969271 112
1786728974226 112
1786728974432 95
1786728974619 97
1786728975895 549
1786728977570 115
1786728977783 113
1786728980048 114
1786728980260 116
1786728980474 113
1786728980792 114
1786728981007 550
1786728981658 113
1786728981869 97
1786728991607 524
1786728992749 113
1786728992960 114
1786728993171 100
1786728993358 112
1786728993743 114
1786728993955 112
1786728994338 116
1786728994639 113
1786728994849 114
1786728995060 98
1786728995247 114
1786728995632 114
1786728995844 114
1786728996056 113
1786728996352 98
1786728996539 99
1786728996726 99
1786728997001 113
1786728997212 112
1786728997407 101
1786728997683 99
1786728997871 99
1786728998059 114
1786728998446 115
1786728998659 112
1786728998868 115
1786728999168 111
1786728999379 542
1786729000011 113
1786729000223 114
1786729000437 113
1786729000649 114
1786729000863 116
1786729001165 114
1786729001378 114
1786729001590 114
1786729001802 113
1786729002014 114
1786729002227 114
1786729002440 114
1786729002653 113
1786729002864 115
1786729003071 106
1786729003276 113
1786729003576 113
1786729003889 115
1786729004103 114
1786729004316 113
1786729004532 116
1786729004747 115
1786729004962 114
1786729005176 114
1786729005382 105
1786729005580 89
1786729005900 106
1786729006105 114
1786729006319 114
1786729006533 113
1786729006747 112
1786729006960 531
1786729007592 114
1786729008077 115
1786729008291 114
1786729008504 116
1786729008719 115
1786729009287 115
1786729009590 113
1786729009803 113
1786729010016 114
1786729010231 113
1786729010712 101
1786729010902 114
1786729021119 546
1786729021755 100
1786729021945 101
1786729022401 115
1786729022615 116
1786729022829 115
1786729023307 115
1786729023520 115
1786729023734 117
1786729023950 114
1786729024164 113
1786729024377 117
1786729024593 115
1786729024806 114
1786729025374 115
1786729025588 100
1786729025778 114
1786729025991 114
1786729026205 114
1786729026418 115
1786729026632 114
1786729027201 116
1786729027416 116
1786729027630 115
1786729027844 115
1786729028058 98
1786729028247 115
1786729028461 114
1786729028673 114
1786729029153 116
1786729029369 115
1786729029583 101
1786729029775 115
1786729029989 553
1786729030632 100
1786729030924 117
1786729031141 116
1786729031623 117
1786729031840 115
1786729032145 118
1786729032362 113
1786729032576 100
1786729032767 114
1786729032981 115
1786729033463 101
1786729033654 101
1786729033845 114
1786729034058 101
1786729034251 115
1786729034466 117
1786729034683 115
1786729034899 117
1786729035116 117
1786729035605 117
1786729035823 101
1786729036015 117
1786729036232 115
1786729036448 116
1786729036666 544
1786729037494 118
1786729037714 116
1786729038020 118
1786729038237 116
1786729038725 117
1786729038943 102
1786729039134 101
1786729039416 116
1786729039634 115
1786729039851 116
1786729040254 101
1786729041083 115
1786729041299 102
1786729050112 575
1786729052613 116
1786729052831 116
1786729053048 100
1786729053241 117
1786729053460 117
1786729053679 103
1786729053872 101
1786729054064 116
1786729054281 117
1786729054497 117
1786729054807 119
1786729055026 118
1786729055246 118
1786729055465 117
1786729055684 116
1786729055901 119
1786729056122 117
1786729056341 102
1786729056638 105
1786729056835 118
1786729057055 117
1786729057363 117
1786729057581 118
1786729057801 564
1786729058457 118
1786729058679 106
1786729058876 120
1786729059097 104
1786729059294 120
1786729059515 117
1786729059733 276
1786729060111 119
1786729060333 121
1786729060556 102
1786729060748 116
1786729060967 117
1786729061188 118
1786729061409 104
1786729061607 119
1786729061828 119
1786729062050 103
1786729062246 118
1786729062466 117
1786729062687 104
1786729063069 119
1786729063291 102
1786729063486 119
1786729063709 104
1786729063907 102
1786729064103 105
1786729064301 118
1786729064615 577
1786729065285 103
1786729065481 120
1786729065797 121
1786729066117 118
1786729066338 120
1786729066562 119
1786729066784 120
1786729067007 121
1786729067230 121
1786729067454 105
1786729067652 120
1786729067875 118
1786729068097 118
1786729068319 103
1786729068516 121
1786729068739 104
1786729068937 120
1786729069160 120
1786729069382 120
1786729069699 104
1786729069897 102
1786729070199 119
1786729070516 118
1786729070832 120
1786729071056 104
1786729071252 121
1786729071477 118
1786729071794 119
1786729072017 594
1786729072806 120
1786729073309 120
1786729073533 120
1786729073756 104
1786729073955 118
1786729074178 104
1786729074376 104
1786729074948 122
1786729075174 120
1786729075399 121
1786729075625 120
1786729075848 122
1786729076170 120
1786729076679 119
1786729076903 121
1786729077130 121
1786729077357 121
1786729077584 119
1786729077809 121
1786729078034 120
1786729078356 121
1786729078582 106
1786729078881 120
1786729079105 120
1786729079333 121
1786729079562 119
1786729079788 105
1786729079988 122
1786729080218 120
1786729080443 582
1786729081122 104
1786729081324 120
1786729081552 121
1786729081780 119
1786729082006 105
1786729082403 120
1786729082631 120
1786729082859 120
1786729083087 121
1786729083414 119
1786729083640 121
1786729083867 121
1786729084096 119
1786729084618 103
1786729084819 107
1786729085023 120
1786729085251 120
1786729085676 105
1786729085877 121
1786729086500 120
1786729086841 121
1786729087071 119
1786729087396 104
1786729087598 120
1786729088221 120
1786729088450 120
1786729088678 122
1786729088908 603
1786729089719 121
1786729089948 120
1786729090568 120
1786729090795 119
1786729091021 120
1786729091249 119
1786729091476 119
1786729091701 120
1786729092123 120
1786729092643 104
1786729092844 120
1786729093071 105
1786729093273 104
1786729093474 105
1786729093867 120
1786729094288 121
1786729094516 120
1786729094744 108
1786729094949 121
1786729095176 107
1786729095379 120
1786729095700 121
1786729095927 120
1786729096349 120
1786729096577 104
1786729096778 104
1786729096979 581
1786729097666 120
1786729097892 120
1786729098116 121
1786729098343 121
1786729098570 106
1786729098964 120
1786729099191 123
1786729099421 121
1786729099649 122
1786729099877 122
1786729100201 119
1786729100520 106
1786729100722 123
1786729100952 120
1786729101179 121
1786729101406 121
1786729101633 121
1786729101861 121
1786729102089 121
1786729102423 121
1786729102651 107
1786729102854 122
1786729103179 122
1786729103407 105
1786729103705 121
1786729103933 107
1786729104135 107
1786729104337 123
1786729104567 121
1786729104891 121
1786729105118 106
1786729105321 123
1786729105551 107
1786729105754 122
1786729106272 121
1786729106501 615
1786729107704 123
1786729107933 121
1786729108160 121
1786729108772 120
1786729111711 121
1786729133525 581
1786729134212 120
1786729134439 122
1786729134668 123
1786729135286 123
1786729135517 122
1786729135745 122
1786729135972 123
1786729136200 122
1786729136526 108
1786729136729 123
1786729136959 107
1786729137162 108
1786729137368 122
1786729137598 105
1786729137800 122
1786729138029 122
1786729138259 121
1786729138487 123
1786729138716 123
1786729139043 123
1786729139273 120
1786729139501 120
1786729139727 122
1786729139955 123
1786729140281 122
1786729140510 123
1786729140740 122
1786729140969 122
1786729141198 122
1786729141427 122
1786729141656 124
1786729141887 123
1786729142118 107
1786729142322 123
1786729142552 123
1786729142783 109
1786729142987 608
1786729143693 123
1786729143922 123
1786729144152 122
1786729144381 106
1786729144583 123
1786729144812 121
1786729145040 123
1786729145270 124
1786729145500 126
1786729145734 123
1786729145964 123
1786729146194 123
1786729146424 122
1786729146654 107
1786729146858 122
1786729147088 123
1786729147318 123
1786729147550 123
1786729147879 124
1786729148110 123
1786729148340 123
1786729148571 122
1786729148801 122
1786729149143 109
1786729149350 123
1786729149582 110
1786729149790 122
1786729150020 123
1786729150251 125
1786729150581 124
1786729150812 123
1786729151043 125
1786729151276 125
1786729151706 123
1786729151938 626
1786729152672 109
1786729152879 124
1786729153111 123
1786729153442 123
1786729153673 124
1786729153905 122
1786729154135 108
1786729154635 123
1786729154869 122
1786729155098 107
1786729155305 123
1786729155832 123
1786729156064 108
1786729156666 107
1786729156971 108
1786729157177 123
1786729160380 123
1786729160713 109
1786729161710 123
1786729162829 628
1786729163565 107
1786729163770 126
1786729164003 109
1786729164405 124
1786729164638 125
1786729164871 107
1786729165076 109
1786729165382 108
1786729165587 124
1786729165819 109
1786729166025 124
1786729166258 108
1786729166562 125
1786729166796 124
1786729167028 125
1786729167262 126
1786729167497 125
1786729167731 107
1786729167936 126
1786729168171 107
1786729168376 124
1786729168608 122
1786729168839 126
1786729169074 125
1786729169306 124
1786729169538 126
1786729169773 125
1786729170006 110
1786729170215 125
1786729170447 108
1786729170653 123
1786729170886 124
1786729171118 125
1786729171352 125
1786729171587 123
1786729171819 125
1786729172153 109
1786729172362 108
1786729172567 124
1786729172800 125
1786729173034 603
1786729173746 124
1786729173978 122
1786729174209 125
1786729174443 123
1786729174675 124
1786729175007 126
1786729175241 124
1786729175474 124
1786729175707 123
1786729175940 123
1786729176271 123
1786729176504 124
1786729176738 124
1786729176971 125
1786729177405 122
1786729177636 123
1786729177869 108
1786729178076 109
1786729178284 125
1786729178618 124
1786729178952 127
1786729179190 123
1786729179422 122
1786729179753 126
1786729179988 124
1786729180222 107
1786729180429 124
1786729180765 123
1786729180998 125
1786729181436 124
1786729182170 124
1786729182605 126
1786729184746 636
1786729185493 126
1786729185728 126
1786729186769 124
1786729187910 126
1786729188145 126
1786729188381 125
1786729188618 126
1786729188943 125
1786729189177 124
1786729189413 126
1786729189649 125
1786729189985 110
1786729190195 110
1786729190507 126
1786729190744 124
1786729190979 110
1786729191392 127
1786729191630 126
1786729191865 125
1786729192302 128
1786729192541 126
1786729192778 104
1786729192982 112
1786729193207 112
1786729193431 112
1786729193656 112
1786729193983 106
1786729194191 113
1786729194418 104
1786729194724 105
1786729194929 112
1786729195153 633
1786729195897 104
1786729196103 112
1786729196328 104
1786729196636 114
1786729196862 101
1786729197065 113
1786729197291 113
1786729197516 113
1786729197742 112
1786729198071 113
1786729198400 112
1786729198624 105
1786729198830 114
1786729199159 113
1786729199386 115
1786729199614 113
1786729199841 113
1786729200067 114
1786729200293 115
1786729200521 115
1786729200749 105
1786729201267 115
1786729202322 116
1786729213184 599
1786729213999 115
1786729214227 114
1786729214766 114
1786729214992 114
1786729215322 113
1786729215652 114
1786729215881 117
1786729216215 109
1786729216530 114
1786729216758 116
1786729218333 115
1786729351127 643
1786729353856 107
1786729356654 109
1786729356876 107
1786729358955 101
1786729524825 640
1786729656183 607
1786729657213 110
1786729658989 107
1786729659519 110
1786729661707 109
1786729661929 102
1786729662133 110
1786729662357 110
1786729662581 109
1786729663012 101
1786729663630 110
1786729664268 110
1786729664492 108
1786729666580 642
1786729675518 107
1786729675728 107
1786729675938 106
1786729676146 117
1786729676375 119
1786729676711 116
1786729677355 644
1786729678834 107
1786729679045 115
1786729679379 116
1786729679815 106
1786729680023 118
1786729680253 115
1786729682133 115
1786729682552 115
1786729812587 671
1786729813437 111
1786729815491 112
1786729815720 114
1786729818889 114
1786729819118 107
1786729819437 114
1786729819668 113
1786729819890 96
1786729820092 115
1786729820323 108
1786729822435 98
1786729822744 115
1786729822976 115
1786729832266 607
1786729832989 105
1786729833874 105
1786729834084 115
1786729834941 114
1786729835867 114
1786729836098 113
1786729836328 116
1786729836553 105
1786729836773 115
1786729840125 107
1786729840347 105
1786729967683 633
1786729970399 116
1786729973559 116
1786729974653 108
1786729974866 107
1786729975292 107
1786729976971 108
1786729977195 108
1786729977409 106
1786729977620 117
1786729987721 624
1786729988453 128
1786729988802 121
1786729989341 140
1786729989588 112
1786729990877 141
1786729991239 142
1786729992334 141
1786729992591 139
1786729992846 119
1786729993070 140
1786729993459 121
1786730122136 636
1786730122982 106
1786730124967 113
1786730125196 114
1786730128145 115
1786730128375 104
1786730128585 114
1786730128807 103
1786730129131 107
1786730129442 94
1786730129832 114
1786730130587 115
1786730130818 114
1786730131257 115
1786730131489 114
1786730144795 641
1786730145546 92
1786730145743 108
1786730146063 99
1786730146373 90
1786730146560 99
1786730146774 109
1786730147000 102
1786730147396 107
1786730148669 109
1786730148894 109
1786730149831 110
1786730150159 110
1786730276116 636
1786730278836 117
1786730280618 142
1786730282959 140
1786730283214 120
1786730283646 140
1786730283900 141
1786730284573 142
1786730285247 142
1786730286338 142
1786730286594 141
1786730286851 676
1786730287639 140
1786730290900 117
1786730300169 643
1786730300925 112
1786730301567 109
1786730301996 109
1786730302220 111
1786730302445 110
1786730302667 110
1786730303823 112
1786730304051 112
1786730304277 112
1786730304504 109
1786730304932 111
1786730305258 111
1786730428495 654
1786730430609 144
1786730431284 143
1786730432894 143
1786730436799 140
1786730437053 139
1786730437306 121
1786730437634 141
1786730438096 143
1786730438667 144
1786730438925 141
1786730439178 143
1786730439434 637
1786730444452 115
1786730444784 117
1786730445119 108
1786730458306 640
1786730459059 117
1786730460334 117
1786730460773 114
1786730461001 115
1786730461751 115
1786730461981 116
1786730577508 651
1786730580247 107
1786730584933 109
1786730587108 110
1786730591849 611
1786730592680 116
1786730592905 105
1786730593423 115
1786730594140 116
1786730594372 106
1786730594776 114
1786730595009 116
1786730595344 115
1786730595673 96
1786730611272 647
1786730612138 114
1786730615006 105
1786730615515 107
1786730615738 107
1786730731209 629
1786730733918 140
1786730739746 114
1786730739968 105
1786730745013 639
1786730746189 120
1786730746414 122
1786730746745 122
1786730746973 121
1786730747201 142
1786730747451 132
1786730748480 131
1786730748726 140
1786730749192 142
1786730750847 118
1786730764064 658
1786730764838 116
1786730765072 118
1786730765908 107
1786730767164 117
1786730767397 118
1786730767631 117
1786730767856 107
1786730770936 117
1786730771169 107
1786730771485 117
1786730771710 105
1786730886644 666
1786730889414 144
1786730895018 115
1786730899185 681
1786730900088 140
1786730900927 111
1786730901143 124
1786730901364 127
1786730901607 140
1786730901863 121
1786730902090 140
1786730902443 130
1786730902899 139
1786730903545 130
1786730904173 140
1786730904429 139
1786730905478 131
1786730905724 140
1786730906172 139
1786730906848 141
1786730918663 643
1786730919423 117
1786730921596 115
1786730921828 114
1786730922058 105
1786730922621 95
1786730923808 116
1786731040921 626
1786731043525 92
1786731054914 643
1786731055663 92
1786731056102 91
1786731056288 100
1786731056937 92
1786731057970 100
1786731058175 92
1786731058360 92
1786731058716 92
1786731059074 99
1786731059618 93
1786731070449 634
1786731071176 95
1786731071450 96
1786731074617 96
1786731075477 96
1786731075666 96
1786731090307 634
1786731092310 106
1786731188662 637
1786731191275 100
1786731191738 98
1786731214954 635
1786731224933 95
1786731225971 608
1786731226848 95
1786731227038 95
1786731230775 104
1786731231236 104
1786731232633 96
1786731232909 95
1786731245614 597
1786731247830 96
1786731248021 94
1786731248294 96
1786731248484 93
1786731338870 614
1786731340547 110
1786731341472 110
1786731341691 98
1786731341898 91
1786731342097 110
1786731342325 109
1786731342657 110
1786731344710 91
1786731382956 614
1786731386448 105
1786731386859 115
1786731387598 115
1786731388211 105
1786731388525 105
1786731390173 114
1786731390716 114
1786731390947 115
1786731396390 613
1786731397771 106
1786731398071 95
1786731400438 117
1786731400671 117
1786731402369 106
1786731403090 115
1786731403322 116
1786731403556 114
1786731492854 649
1786731494994 110
1786731495221 111
1786731495615 99
1786731495831 111
1786731496061 113
1786731496292 99
1786731496709 111
1786731500907 109
1786731536437 646
1786731537186 115
1786731537414 116
1786731538057 114
1786731541813 118
1786731542668 115
1786731543104 116
1786731543435 115
1786731544387 118
1786731544619 116
1786731544848 117
1786731545079 117
1786731545309 114
1786731545641 115
1786731546077 116
1786731547968 647
1786731548821 105
1786731555780 114
1786731557149 116
1786731557377 113
1786731558647 117
1786731558877 657
1786731559648 117
1786731559879 116
1786731560110 106
1786731563438 118
1786731563669 105
1786731564188 115
1786731644987 650
1786731647528 111
1786731679310 650
1786731680284 110
1786731680507 110
1786731680939 111
1786731681163 109
1786731681595 113
1786731681926 112
1786731682981 112
1786731683206 114
1786731695224 655
1786731696413 117
1786731703621 117
1786731703955 116
1786731704910 116
1786731705141 118
1786731712984 654
1786731713751 115
1786731713979 116
1786731715565 116
1786731715900 105
1786731716733 105
1786731716943 117
1786731717280 105
1786731717489 118
1786731717826 116
1786731718265 117
1786731718807 117
1786731719039 115
1786731719268 119
1786731796324 653
1786731799097 109
1786731817443 661
1786731829561 650
1786731832311 110
1786731835982 111
1786731836625 110
1786731836952 108
1786731837174 101
1786731837483 108
1786731837704 108
1786731838659 109
1786731838882 109
1786731839316 110
1786731840270 109
1786731848602 654
1786731849371 117
1786731849601 115
1786731856936 117
1786731862347 656
1786731863116 117
1786731863558 117
1786731864619 116
1786731871319 117
1786731871969 116
1786731873135 116
1786731873365 619
1786731876286 118
1786731876517 118
1786731877800 116
1786731878028 107
1786731948208 652
1786731950869 112
1786731991081 657
1786731991847 98
1786731992266 99
1786731992485 110
1786731992713 110
1786731993259 111
1786731993908 111
1786731994978 110
1786731995205 111
1786731995685 101
1786731997463 109
1786732002734 658
1786732003613 116
1786732003845 114
1786732004164 118
1786732005558 116
1786732005791 117
1786732006017 104
1786732006241 115
1786732006473 115
1786732021624 658
1786732022400 114
1786732022739 116
1786732024344 116
1786732032734 619
1786732034947 116
1786732035173 105
1786732035397 116
1786732035718 105
1786732035929 117
1786732036241 95
1786732103721 664
1786732106389 112
1786732147018 655
1786732147783 97
1786732148209 110
1786732148535 101
1786732149488 110
1786732149708 100
1786732149925 110
1786732150154 110
1786732150374 100
1786732150592 110
1786732153882 106
1786732159057 661
1786732160449 117
1786732160780 96
1786732161086 109
1786732161302 105
1786732163763 116
1786732169946 96
1786732170333 656
1786732171105 117
1786732171341 107
1786732180538 116
1786732180772 116
1786732181007 118
1786732181242 665
1786732183115 117
1786732193951 666
1786732194734 116
1786732260981 651
1786732263679 110
1786732304088 661
1786732304867 111
1786732305095 111
1786732305324 102
1786732305533 110
1786732305954 110
1786732306175 99
1786732307180 109
1786732307408 110
1786732307844 101
1786732311400 111
1786732315007 115
1786732315430 662
1786732317163 116
1786732317398 116
1786732317736 115
1786732318285 116
1786732319156 108
1786732321129 115
1786732321547 93
1786732328235 659
1786732329195 105
1786732339174 660
1786732340576 116
1786732340811 116
1786732341231 105
1786732342515 115
1786732353595 655
1786732418173 656
1786732420897 101
1786732458353 663
1786732459729 112
1786732460764 102
1786732461574 101
1786732461794 111
1786732462206 101
1786732462639 111
1786732463293 112
1786732463920 102
1786732464985 112
1786732465215 103
1786732465635 110
1786732467629 101
1786732472554 626
1786732473296 117
1786732473531 118
1786732475630 116
1786732476394 105
1786732476684 104
1786732478809 117
1786732479228 106
1786732497447 670
1786732499146 96
1786732499349 116
1786732499778 117
1786732501072 117
1786732511828 654
1786732512589 115
1786732512822 119
1786732575324 648
1786732578082 110
1786732612058 648
1786732614312 118
1786732615031 97
1786732615633 111
1786732617808 111
1786732618442 111
1786732618670 110
1786732619003 110
1786732619231 111
1786732619864 112
1786732620481 112
1786732621115 110
1786732622085 103
1786732622295 111
1786732627688 653
1786732628556 94
1786732631730 115
1786732631964 117
1786732632198 117
1786732632538 116
1786732632771 118
1786732633217 117
1786732635745 115
1786732636151 117
1786732636483 95
1786732655846 667
1786732657054 116
1786732657653 117
1786732658853 109
1786732659060 95
1786732659474 116
1786732671484 664
1786732732634 665
1786732735415 111
1786732754425 631
1786732760437 115
1786732766736 646
1786732770177 116
1786732773450 100
1786732775653 92
1786732776170 103
1786732776593 109
1786732777013 112
1786732777435 110
1786732783143 660
1786732787735 116
1786732789018 107
1786732789232 118
1786732789468 117
1786732789801 106
1786732793148 115
1786732793807 117
1786732794148 116
1786732812784 666
1786732813568 105
1786732813975 119
1786732815864 108
1786732816487 117
1786732817146 118
1786732817782 96
1786732830823 660
1786732834235 117
1786732890911 655
1786732893600 111
1786732914150 670
1786732914939 116
1786732915383 116
1786732918399 97
1786732923087 106
1786732924582 117
1786732924809 105
1786732925248 117
1786732927087 658
1786732931229 101
1786732933355 111
1786732935353 100
1786732935562 98
1786732937960 99
1786732938177 659
1786732939147 103
1786732941536 100
1786732947104 95
1786732947413 115
1786732947646 117
1786732947882 106
1786732971477 647
1786732972231 105
1786732972655 116
1786732975485 107
1786732976126 114
1786732976531 108
1786732987603 887
1786732991033 96
1786732991335 106
1786732991560 116
1786733049830 624
1786733052506 109
1786733070604 674
1786733071388 105
1786733071718 115
1786733071951 118
1786733075829 106
1786733080213 116
1786733081022 106
1786733081246 117
1786733081590 117
1786733082252 628
1786733082990 104
1786733083982 104
1786733088897 109
1786733091034 100
1786733096853 656
1786733097616 111
1786733097844 110
1786733098181 102
1786733099067 91
1786733105431 115
1786733105664 118
1786733130190 650
1786733130947 107
1786733131371 116
1786733133925 105
1786733134149 107
1786733134686 116
1786733135134 116
1786733143764 675
1786733144556 117
1786733146054 106
1786733146278 116
1786733147118 119
1786733147356 116
1786733150050 105
1786733150585 116
1786733208629 666
1786733211438 101
1786733218309 111
1786733218647 103
1786733230028 632
1786733230990 116
1786733233782 105
1786733235378 116
1786733238066 117
1786733239097 116
1786733239431 107
1786733239648 105
1786733240167 106
1786733240604 670
1786733241393 116
1786733244454 110
1786733246602 98
1786733251114 99
1786733268435 622
1786733286614 670
1786733287890 96
1786733288093 117
1786733288437 106
1786733288641 106
1786733288866 106
1786733289187 118
1786733291924 115
1786733292156 105
1786733301495 671
1786733302284 107
1786733304916 116
1786733307372 116
1786733307715 116
1786733309216 95
1786733367167 659
1786733369933 111
1786733377111 116
1786733383221 670
1786733384105 118
1786733384342 116
1786733385111 107
1786733390958 106
1786733393010 118
1786733393635 107
1786733393849 117
1786733394189 108
1786733401118 674
1786733401911 117
1786733402576 111
1786733404742 111
1786733406991 100
1786733407316 110
1786733445272 664
1786733446358 116
1786733446593 116
1786733447040 106
1786733447253 107
1786733447468 108
1786733447878 117
1786733450524 107
1786733454186 108
1786733460716 667
1786733462413 105
1786733463669 107
1786733466233 117
1786733466577 107
1786733467313 115
1786733467547 109
1786733467764 116
1786733525363 651
1786733526123 104
1786733528269 113
1786733535391 117
1786733539690 641
1786733540831 107
1786733541058 116
1786733541501 106
1786733544057 117
1786733549527 106
1786733549741 116
1786733550619 678
1786733551712 105
1786733553035 116
1786733553270 118
1786733558112 108
1786733558865 117
1786733559101 118
1786733559543 110
1786733559771 107
1786733561330 111
1786733561561 103
1786733563632 668
1786733564525 103
1786733564735 102
1786733605255 676
1786733606256 107
1786733606474 106
1786733606699 116
1786733607020 119
1786733607924 97
1786733608129 116
1786733608557 117
1786733610565 106
1786733614212 117
1786733622203 641
1786733624347 117
1786733624583 107
1786733626752 114
1786733626986 109
1786733627201 116
1786733627710 105
1786733627936 116
1786733685429 626
1786733688069 92
1786733697968 664
1786733699171 104
1786733700330 94
1786733700521 94
1786733700972 95
1786733703995 105
1786733709275 655
1786733710026 96
1786733710218 97
1786733715838 96
1786733716031 96
1786733716224 104
1786733717384 96
1786733718349 96
1786733718541 97
1786733719281 118
1786733720116 105
1786733720415 655
1786733721165 98
1786733722132 96
1786733722313 91
1786733724561 99
1786733731507 623
1786733732496 106
1786733766002 656
1786733767187 105
1786733768352 106
1786733768565 96
1786733769018 97
1786733772685 95
1786733788847 627
1786733789583 95
1786733836710 655
1786733839283 110
1786733861248 678
1786733862446 104
1786733862969 118
1786733863207 117
1786733863657 117
1786733863893 107
1786733864109 118
1786733864521 109
1786733867749 95
1786733871376 117
1786733871613 107
1786733872316 95
1786733873162 639
1786733873912 96
1786733874117 116
1786733877044 118
1786733877780 107
1786733883524 112
1786733885669 674
1786733889233 111
1786733889680 104
1786733891790 113
1786733927519 643
1786733928273 106
1786733928687 97
1786733931366 117
1786733943650 679
1786733944440 107
1786733946175 108
1786733946890 117
1786733994682 638
1786733997377 112
1786734008010 681
1786734008899 115
1786734009135 117
1786734020121 647
1786734021071 106
1786734021407 116
1786734021751 116
1786734021986 108
1786734022203 117
1786734022439 107
1786734022862 105
1786734027644 108
1786734029672 117
1786734029908 118
1786734030252 109
1786734030467 107
1786734030789 107
1786734031536 646
1786734032947 119
1786734033380 109
1786734040811 104
1786734042947 664
1786734048244 109
1786734048582 110
1786734048813 112
1786734050226 111
1786734060755 683
1786734062140 117
1786734088252 674
1786734089025 105
1786734089415 108
1786734091696 95
1786734104242 667
1786734106098 107
1786734108045 116
1786734108282 118
1786734154771 636
1786734157483 103
1786734167488 679
1786734168501 117
1786734168738 117
1786734169076 97
1786734169282 107
1786734169497 118
1786734180754 644
1786734181518 119
1786734181758 118
1786734181996 118
1786734182449 116
1786734182684 117
1786734187215 119
1786734189912 106
1786734190451 116
1786734190773 116
1786734191114 108
1786734192629 681
1786734193428 118
1786734193658 106
1786734193992 108
1786734194209 117
1786734199692 109
1786734201727 93
1786734207383 628
1786734208379 102
1786734209278 101
1786734246709 664
1786734247469 105
1786734247853 107
1786734249018 95
1786734263391 630
1786734317439 662
1786734320197 91
1786734335129 626
1786734336281 97
1786734336906 95
1786734337614 106
1786734338087 107
1786734338301 107
1786734338517 108
1786734338819 106
1786734339204 97
1786734339569 96
1786734344797 107
1786734345012 105
1786734345313 106
1786734345528 97
1786734346327 665
1786734348986 100
1786734349195 100
1786734350151 110
1786734351236 92
1786734352033 101
1786734352243 92
1786734352432 98
1786734352639 100
1786734352848 100
1786734354188 94
1786734354379 100
1786734355023 93
1786734355646 101
1786734356029 91
1786734358409 658
1786734399626 663
1786734400386 107
1786734400689 97
1786734400883 96
1786734401508 96
1786734479686 658
1786734482432 103
1786734482644 94
1786734483094 101
1786734494974 662
1786734495819 98
1786734496013 96
1786734496378 97
1786734496571 97
1786734496763 104
1786734497147 96
1786734497512 99
1786734497708 95
1786734498073 96
1786734498969 104
1786734499589 104
1786734500223 110
1786734501412 104
1786734501622 110
1786734502064 110
1786734503367 104
1786734507635 643
1786734508502 112
1786734508733 110
1786734509980 120
1786734511073 119
1786734511310 117
1786734511545 118
1786734511781 109
1786734511995 118
1786734513090 116
1786734515257 108
1786734515470 118
1786734515705 116
1786734516045 121
1786734516389 118
1786734516731 118
1786734518363 119
1786734518598 652
1786734521303 119
1786734521539 119
1786734521774 118
1786734522008 118
1786734522782 117
1786734523018 119
1786734638289 677
1786734641011 114
1786734653490 690
1786734656011 108
1786734656224 106
1786734656864 117
1786734657529 109
1786734658171 108
1786734659877 111
1786734662140 114
1786734664955 676
1786734665736 104
1786734666163 104
1786734667015 114
1786734672626 118
1786734672862 116
1786734673096 116
1786734673330 117
1786734674854 118
1786734675089 118
1786734675537 118
1786734793628 688
1786734796384 112
1786734802950 113
1786734803179 114
1786734803627 111
1786734803855 118
1786734809679 694
1786734810489 107
1786734810808 108
1786734811023 120
1786734819002 114
1786734819234 113
1786734820433 112
1786734820879 112
1786734821648 687
1786734822453 113
1786734822790 112
1786734823019 115
1786734824332 104
1786734824972 105
1786734825617 115
1786734826711 115
1786734826943 112
1786734827388 112
1786734828048 113
1786734831834 107
1786734832047 117
1786734832389 117
1786734833480 652
1786734834465 109
1786734834897 118
1786734835345 119
1786734835582 116
1786734835816 117
1786734836051 117
1786734836500 119
1786734837271 119
1786734837508 118
1786734837744 107
1786734951452 680
1786734954290 113
1786734978236 686
1786734979469 113
1786734979699 114
1786734980038 112
1786734980269 112
1786734980596 114
1786734980828 111
1786734981058 105
1786734981810 113
1786734982042 115
1786734982492 106
1786734983134 104
1786734989497 117
1786734989733 120
1786734990296 695
1786734991109 120
1786734991348 121
1786734991693 111
1786734992128 118
1786734993447 121
1786734993687 119
1786734994034 118
1786734995144 120
1786734995384 119
1786734995623 118
1786734997052 119
1786734997725 120
1786734997964 110
1786734998178 121
1786735105804 649
1786735108529 105
1786735134765 698
1786735138608 119
1786735139061 114
1786735139294 114
1786735139527 112
1786735139975 113
1786735140314 113
1786735140762 114
1786735141534 112
1786735141765 114
1786735142108 114
1786735142340 114
1786735142789 112
1786735143019 113
1786735149550 689
1786735150358 112
1786735150589 118
1786735150825 117
1786735151060 117
1786735152379 118
1786735153485 118
1786735154264 120
1786735156555 118
1786735156901 118
1786735158758 108
1786735158973 119
1786735160397 108
1786735260344 689
1786735263142 101
1786735292605 685
1786735296505 118
1786735297072 112
1786735299184 102
1786735304219 651
1786735305210 104
1786735307060 112
1786735307394 106
1786735307723 107
1786735308999 118
1786735310370 118
1786735312021 109
1786735312237 118
1786735312802 119
1786735313033 107
1786735313372 117
1786735314369 108
1786735416477 654
1786735418128 112
1786735418360 116
1786735419365 105
1786735419578 115
1786735419805 94
1786735420118 114
1786735420344 101
1786735424705 112
1786735448399 649
1786735449279 107
1786735449495 120
1786735453221 109
1786735453442 102
1786735455611 92
1786735456512 91
1786735459091 106
1786735459306 655
1786735463116 113
1786735463955 106
1786735465077 106
1786735465305 120
1786735465546 120
1786735467202 118
1786735469289 118
1786735469527 111
1786735469857 108
1786735470066 108
1786735470620 659
1786735471486 109
1786735472024 106
1786735572719 695
1786735573526 92
1786735573837 102
1786735575692 112
1786735575925 107
1786735576250 106
1786735576465 112
1786735576897 112
1786735580186 113
1786735606178 685
1786735606972 109
1786735607402 109
1786735610041 117
1786735611315 104
1786735613548 114
1786735616959 114
1786735617194 106
1786735619354 638
1786735620333 106
1786735621579 114
1786735621904 118
1786735625079 118
1786735625317 119
1786735626535 120
1786735627210 118
1786735627559 109
1786735627768 108
1786735630614 699
1786735631542 120
1786735631871 120
1786735632223 118
1786735728178 689
1786735728989 112
1786735729550 114
1786735730195 104
1786735730638 113
1786735731402 105
1786735733147 106
1786735733352 93
1786735733773 112
1786735735757 113
1786735762989 702
1786735763812 118
1786735764152 96
1786735767174 108
1786735767698 114
1786735769892 114
1786735771051 104
1786735774218 113
1786735776454 690
1786735777862 114
1786735778316 109
1786735779450 107
1786735782303 119
1786735782542 120
1786735783354 122
1786735783587 97
1786735783906 119
1786735784227 109
1786735787948 118
1786735788188 694
1786735788991 118
1786735789222 107
1786735789539 117
1786735789769 107
1786735885122 698
1786735886053 112
1786735887935 114
1786735888493 102
1786735889552 114
1786735889787 105
1786735890222 113
1786735890983 114
1786735920392 693
1786735921317 109
1786735921527 97
1786735923710 110
1786735924682 112
1786735926891 113
1786735928470 114
1786735931097 102
1786735931320 115
1786735934419 707
1786735937430 120
1786735939997 108
1786735940400 119
1786735940631 95
1786735941048 120
1786735945516 109
1786735945746 109
1786736036581 706
1786736037407 120
1786736039504 119
1786736039745 116
1786736042112 104
1786736043311 113
1786736044285 102
1786736044509 114
1786736071257 695
1786736073944 97
1786736074150 120
1786736076799 119
1786736077406 106
1786736078468 109
1786736078676 107
1786736078905 119
1786736079257 110
1786736080713 113
1786736082860 114
1786736084112 692
1786736089414 113
1786736089649 112
1786736089882 115
1786736090118 115
1786736090444 115
1786736091446 117
1786736091984 96
1786736096491 697
1786736097309 117
1786736100172 96
1786736100596 119
1786736101602 111
1786736191073 694
1786736192043 109
1786736194366 108
1786736198071 106
1786736198288 113
1786736200349 115
1786736201007 115
1786736207627 703
1786736228449 707
1786736231031 110
1786736231661 107
1786736231998 120
1786736235308 117
1786736236205 120
1786736238234 113
1786736240449 694
1786736241265 113
1786736241491 102
1786736241715 113
1786736244429 115
1786736244965 103
1786736245190 114
1786736246482 115
1786736247040 104
1786736247257 92
1786736249154 96
1786736249350 108
1786736249580 119
1786736250030 107
1786736257722 668
1786736258512 118
1786736259190 120
1786736346248 709
1786736347077 121
1786736347539 120
1786736349971 120
1786736356433 114
1786736358610 662
1786736359724 114
1786736364943 112
1786736385481 706
1786736386308 120
1786736388046 109
1786736388663 109
1786736389279 120
1786736390398 120
1786736390640 121
1786736391105 119
1786736391918 121
1786736396546 113
1786736398730 684
1786736401272 114
1786736403739 105
1786736404055 101
1786736404589 112
1786736404822 115
1786736407042 119
1786736407282 110
1786736407502 120
1786736408737 111
1786736409575 120
1786736419147 706
1786736420084 119
1786736421460 107
1786736421777 109
1786736421986 96
1786736422182 108
1786736458058 701
1786736458869 109
1786736502590 697
1786736503398 107
1786736503787 106
1786736506274 95
1786736514733 687
1786736517422 93
1786736517960 100
1786736521034 93
1786736542426 683
1786736543802 97
1786736544337 97
1786736544531 97
1786736545066 108
1786736546051 107
1786736546266 98
1786736546716 96
1786736548712 105
1786736552579 105
1786736554572 665
1786736560125 112
1786736560677 106
1786736560976 104
1786736623190 699
1786736623997 115
1786736627120 119
1786736627344 118
1786736627583 121
1786736627824 121
1786736628067 122
1786736628421 706
1786736629236 109
1786736629454 118
1786736629696 122
1786736629941 122
1786736630188 726
1786736631037 122
1786736631283 122
1786736631529 124
1786736631890 119
1786736632133 728
1786736632987 121
1786736633233 121
1786736633480 121
1786736633726 123
1786736633973 737
1786736634942 123
1786736635206 124
1786736635724 125
1786736635989 123
1786736636506 126
1786736636770 121
1786736638405 119
1786736638938 117
1786736639772 118
1786736640207 120
1786736640437 117
1786736641070 117
1786736641500 117
1786736643566 126
1786736643820 124
1786736644070 122
1786736644322 123
1786736644575 125
1786736644827 126
1786736645082 126
1786736645281 747
1786736646155 125
1786736646411 127
1786736646666 124
1786736646916 126
1786736647171 126
1786736647426 124
1786736647678 125
1786736647932 125
1786736648187 126
1786736648442 123
1786736648693 123
1786736648946 125
1786736649202 124
1786736649456 751
1786736650335 127
1786736650593 124
1786736650845 126
1786736651219 124
1786736651475 124
1786736651728 124
1786736651982 126
1786736652238 126
1786736652495 128
1786736652751 128
1786736653008 128
1786736653266 126
1786736653522 715
1786736654367 126
1786736654624 125
1786736654881 126
1786736655137 127
1786736655394 126
1786736655651 127
1786736655909 113
1786736656139 126
1786736656395 128
1786736656654 127
1786736656911 126
1786736657167 127
1786736657423 126
1786736657680 768
1786736658579 125
1786736658833 126
1786736659207 126
1786736659463 127
1786736659722 128
1786736659982 127
1786736660240 129
1786736660500 127
1786736660759 126
1786736661016 129
1786736661278 127
1786736661537 125
1786736661794 773
1786736662694 124
1786736662938 125
1786736722799 777
1786736730209 127
1786736732348 129
1786736732607 130
1786736733230 124
1786736733970 129
1786736735195 129
1786736735454 127
1786736740529 777
1786736747621 128
1786736747875 127
1786736748827 130
1786736749083 128
1786736749804 128
1786736750174 130
1786736750895 126
1786736751146 114
1786736751373 126
1786736786862 760
1786736794996 129
1786736795250 115
1786736795477 127
1786736801696 770
1786736804350 123
1786736804600 125
1786736804851 123
1786736805217 122
1786736805936 125
1786736806188 124
1786736806674 123
1786736808333 131
1786736808943 131
1786736809202 128
1786736809810 131
1786736810889 132
1786736811149 130
1786736811523 132
1786736811782 132
1786736812042 133
1786736812420 130
1786736812677 128
1786736812933 132
1786736813310 119
1786736813542 131
1786736814739 771
1786736815623 122
1786736815872 120
1786736948064 779
1786736950727 130
1786739098927 754
1786739100164 138
1786739101731 139
1786742094424 726
1786742393189 777
1786742396034 128
1786742693208 722
1786742695961 128
1786742923328 757
1786742995129 779
1786742997972 115
1786743982350 779
1786743992864 152
1786743993519 151
1786743993927 153
1786743994211 154
1786744003629 803
1786744004935 151
1786744005467 153
1786744005753 151
1786744006036 152
1786744015235 150
1786744016013 152
1786744016543 154
1786744016955 803
1786744017890 154
1786744026832 150
1786744027733 153
1786744028271 153
1786744028682 152
1786744029090 150
1786744037783 801
1786744039335 152
1786744040117 151
1786744040401 151
1786744040686 152
1786744041094 149
1786744049551 151
1786744050331 152
1786744051357 808
1786744052548 152
1786744052834 151
1786744053119 153
1786744061327 151
1786744061986 154
1786744063264 156
1786744063924 152
1786744064333 155
1786744064622 788
1786744065530 152
1786744065818 151
1786744073527 155
1786744074065 154
1786744075465 152
1786744076370 153
1786744076905 151
1786744077191 155
1786744077479 150
1786744077763 151
1786744078049 802
1786744078986 150
1786744085970 152
1786744086380 151
1786744087903 151
1786744089297 153
1786744089707 150
1786744090116 152
1786744090403 155
1786744090691 129
1786744090941 129
1786744091315 807
1786744092256 153
1786744098363 153
1786744099021 154
1786744100428 155
1786744102325 154
1786744102862 153
1786744103277 150
1786744103561 130
1786744104060 151
1786744104344 153
1786744104632 765
1786744105531 150
1786744110904 154
1786744111564 153
1786744112968 151
1786744115240 153
1786744115775 153
1786744116062 151
1786744116347 152
1786744116633 154
1786744116920 151
1786744117579 807
1786744118521 152
1786744118807 151
1786744119216 153
1786744123718 152
1786744124377 152
1786744125780 156
1786744128681 153
1786744129215 153
1786744129504 154
1786744129792 151
1786744130077 153
1786744131108 809
1786744132051 152
1786744132337 152
1786744132747 152
1786744136507 152
1786744137040 151
1786744138683 152
1786744141818 152
1786744142353 152
1786744142640 152
1786744142926 152
1786744143155 130
1786744143406 154
1786744143694 150
1786744144847 808
1786744145789 155
1786744146078 154
1786744146490 153
1786744149506 152
1786744150164 151
1786744151690 152
1786744155329 153
1786744155865 153
1786744156276 153
1786744156564 151
1786744156847 152
1786744158249 805
1786744159188 152
1786744159474 152
1786744160006 153
1786744162162 154
1786744162823 152
1786744164473 154
1786744168483 153
1786744169143 153
1786744169430 153
1786744169840 153
1786744171617 807
1786744172559 153
1786744172846 130
1786744173347 153
1786744174752 155
1786744175412 150
1786744177065 153
1786744181583 153
1786744182120 154
1786744182533 152
1786744182818 153
1786744183105 151
1786744185130 808
1786744186071 131
1786744186322 152
1786744186857 152
1786744187516 153
1786744188178 155
1786744189831 154
1786744194717 151
1786744195250 154
1786744195663 153
1786744195950 154
1786744196238 155
1786744198523 810
1786744199468 152
1786744199754 152
1786744200165 151
1786744200451 154
1786744200989 152
1786744202517 154
1786744207913 153
1786744208573 152
1786744208862 152
1786744209149 152
1786744209436 155
1786744211831 810
1786744212776 152
1786744213063 150
1786744213348 149
1786744213879 153
1786744215159 151
1786744220911 152
1786744221571 152
1786744221981 154
1786744222271 153
1786744222557 155
1786744224342 152
1786744224878 155
1786744225167 767
1786744226318 153
1786744226604 154
1786744226893 152
1786744227550 150
1786744228705 152
1786744234202 152
1786744234989 151
1786744235524 153
1786744235811 154
1786744236099 154
1786744236386 131
1786744237258 153
1786744237919 810
1786744239606 153
1786744239892 152
1786744240673 153
1786744241828 153
1786744247459 153
1786744248119 132
1786744248744 154
1786744249281 151
1786744249691 130
1786744250066 153
1786744250477 154
1786744250765 131
1786744252007 810
1786744252951 152
1786744253238 132
1786744253864 130
1786744254488 152
1786744255272 150
1786744260782 152
1786744261565 153
1786744262224 152
1786744262510 152
1786744263170 153
1786744263457 152
1786744263870 151
1786744264154 152
1786744265433 764
1786744266331 130
1786744266582 131
1786744267330 152
1786744268237 153
1786744268649 129
1786744274247 152
1786744274905 153
1786744275318 152
1786744275852 152
1786744276264 153
1786744277175 132
1786744277677 153
1786744277965 152
1786744278872 813
1786744279818 131
1786744280567 154
1786744281727 153
1786744282263 154
1786744287526 116
1786744288018 131
1786744288394 153
1786744288931 152
1786744289219 153
1786744289507 153
1786744290913 154
1786744291449 152
1786744291737 132
1786744292239 821
1786744293195 152
1786744293980 154
1786744295144 150
1786744296052 153
1786744300820 152
1786744301106 153
1786744301768 153
1786744302304 152
1786744304582 153
1786744304995 152
1786744305282 151
1786744305567 131
1786744306317 816
1786744308140 152
1786744309545 131
1786744313533 153
1786744314070 152
1786744314356 152
1786744314892 149
1786744315424 130
1786744318016 151
1786744318301 131
1786744318678 153
1786744319214 152
1786744319501 152
1786744320659 811
1786744323097 151
1786744326115 152
1786744326902 154
1786744327191 155
1786744327604 153
1786744328016 152
1786744328552 154
1786744331334 155
1786744331998 151
1786744332284 152
1786744332696 130
1786744332946 152
1786744333359 153
1786744334143 810
1786744336954 152
1786744339110 154
1786744339895 152
1786744340554 154
1786744340841 153
1786744341502 152
1786744341790 131
1786744344658 152
1786744344944 133
1786744345948 153
1786744346237 132
1786744347113 132
1786744347367 812
1786744350680 153
1786744351942 155
1786744352729 131
1786744353478 155
1786744354016 155
1786744354680 153
1786744354967 131
1786744357961 151
1786744358247 153
1786744359288 152
1786744359700 154
1786744360114 153
1786744360650 746
1786744361641 156
1786744361933 154
1786744364472 153
1786744365010 151
1786744365796 152
1786744366583 150
1786744367617 151
1786744368153 133
1786744368533 153
1786744371432 130
1786744371684 153
1786744372841 152
1786744373630 823
1786744374711 155
1786744375624 153
1786744377637 154
1786744378425 152
1786744378713 152
1786744379374 134
1786744381004 131
1786744381381 150
1786744381792 150
1786744384702 131
1786744384955 151
1786744386114 153
1786744387151 818
1786744388104 153
1786744388641 156
1786744389556 151
1786744390591 155
1786744391504 155
1786744392294 133
1786744392550 132
1786744392805 151
1786744394466 154
1786744394879 152
1786744395415 131
1786744398168 131
1786744398420 152
1786744399709 152
1786744400745 815
1786744401945 153
1786744402608 151
1786744403519 151
1786744404310 131
1786744405290 140
1786744406566 151
1786744407604 131
1786744407958 153
1786744408494 152
1786744411275 156
1786744411691 151
1786744413098 153
1786744414009 154
1786744415047 810
1786744416240 153
1786744416528 152
1786744417063 154
1786744417600 152
1786744418386 153
1786744420296 152
1786744420958 154
1786744421497 153
1786744421901 138
1786744424795 152
1786744425082 152
1786744426493 154
1786744427404 152
1786744428443 815
1786744429767 153
1786744430056 152
1786744430595 153
1786744431133 132
1786744431636 130
1786744431888 153
1786744434176 151
1786744434462 132
1786744435090 154
1786744435505 153
1786744435793 151
1786744438452 130
1786744438703 152
1786744440237 153
1786744441024 152
1786744441685 131
1786744442312 770
1786744443967 151
1786744444755 130
1786744445504 153
1786744445917 153
1786744447577 156
1786744448493 152
1786744448780 154
1786744449194 132
1786744451570 152
1786744451986 151
1786744453772 155
1786744454312 153
1786744454600 132
1786744455352 773
1786744457136 153
1786744457926 133
1786744458677 153
1786744459589 153
1786744459876 154
1786744461286 154
1786744462200 155
1786744462490 157
1786744462781 153
1786744465064 152
1786744465476 154
1786744465765 154
1786744467307 153
1786744467598 152
1786744468262 815
1786744469463 152
1786744470624 154
1786744472035 153
1786744472947 133
1786744473950 133
1786744474204 133
1786744475081 154
1786744475998 153
1786744476287 131
1786744477036 153
1786744478825 152
1786744479237 152
1786744480397 152
1786744481184 155
1786744481597 774
1786744482632 134
1786744483760 157
1786744485801 132
1786744486805 131
1786744487930 134
1786744488185 155
1786744488601 153
1786744489638 153
1786744489926 154
1786744490964 154
1786744492255 154
1786744492794 133
1786744493548 155
1786744494463 816
1786744495416 154
1786744496207 132
1786744497087 154
1786744499853 154
1786744500766 151
1786744501928 130
1786744502180 153
1786744502469 154
1786744503259 133
1786744503512 152
1786744505049 152
1786744505837 153
1786744506375 152
1786744506662 154
1786744507698 151
1786744508358 816
1786744509808 153
1786744510222 132
1786744513827 155
1786744514868 156
1786744515533 154
1786744516197 154
1786744516487 131
1786744516990 154
1786744517279 152
1786744519066 153
1786744519480 152
1786744519769 155
1786744520809 131
1786744521934 774
1786744523094 154
1786744523384 153
1786744527550 152
1786744528589 153
1786744529002 131
1786744529255 131
1786744530245 131
1786744530498 153
1786744532040 153
1786744532579 153
1786744532992 154
1786744533282 132
1786744533659 155
1786744535325 820
1786744536654 153
1786744541318 131
1786744542198 154
1786744542486 131
1786744543395 153
1786744543934 154
1786744544350 132
1786744544979 153
1786744545892 154
1786744546306 156
1786744546972 154
1786744548136 132
1786744548514 152
1786744549177 818
1786744554892 153
1786744555305 131
1786744556058 153
1786744556471 152
1786744556759 132
1786744557765 133
1786744558020 152
1786744558433 152
1786744558972 154
1786744559260 152
1786744559796 153
1786744561089 154
1786744562005 133
1786744562760 772
1786744568666 153
1786744569455 152
1786744569868 130
1786744570120 153
1786744571538 153
1786744571768 152
1786744572056 153
1786744572345 153
1786744573009 154
1786744573923 153
1786744574961 154
1786744575251 153
1786744576039 775
1786744581835 153
1786744582500 151
1786744582787 132
1786744583292 152
1786744583579 153
1786744583869 133
1786744584627 152
1786744585417 132
1786744585921 152
1786744586335 133
1786744587092 131
1786744588475 152
1786744589015 795
1786744595075 132
1786744595330 132
1786744595960 152
1786744596371 152
1786744596660 132
1786744596914 152
1786744597327 151
1786744597739 153
1786744598533 155
1786744599450 155
1786744599866 153
1786744600156 130
1786744600534 151
1786744602199 132
1786744602703 772
1786744603862 152
1786744608275 154
1786744608814 153
1786744609729 153
1786744610017 153
1786744610431 152
1786744610843 152
1786744611633 132
1786744612639 154
1786744613179 153
1786744613844 153
1786744614513 132
1786744615642 797
1786744616812 154
1786744617729 154
1786744621036 152
1786744622204 157
1786744622996 154
1786744623412 153
1786744623826 152
1786744624115 153
1786744624906 153
1786744625195 132
1786744625699 154
1786744626366 153
1786744626655 154
1786744628070 154
1786744628737 155
1786744629405 772
1786744630438 153
1786744631983 153
1786744634151 152
1786744636068 153
1786744636356 133
1786744637112 154
1786744637402 154
1786744637942 152
1786744638731 152
1786744639270 153
1786744639810 152
1786744640098 132
1786744642109 772
1786744643392 132
1786744643771 131
1786744645900 152
1786744646942 154
1786744649315 154
1786744649604 152
1786744650642 155
1786744651184 154
1786744651851 153
1786744652390 153
1786744653055 155
1786744653596 153
1786744655764 818
1786744656718 153
1786744657132 132
1786744657511 153
1786744659807 155
1786744660098 154
1786744662394 153
1786744663058 153
1786744664101 156
1786744664643 133
1786744665276 132
1786744666282 154
1786744666948 132
1786744667326 154
1786744669123 820
1786744670457 153
1786744670871 152
1786744671536 154
1786744672830 153
1786744674002 153
1786744675294 155
1786744676463 152
1786744677505 154
1786744678044 152
1786744678333 152
1786744678873 151
1786744679915 154
1786744680959 130
1786744681463 132
1786744682721 819
1786744683929 132
1786744684934 154
1786744685600 132
1786744685854 131
1786744688115 132
1786744688368 153
1786744689786 153
1786744690828 151
1786744691115 153
1786744691404 152
1786744691693 156
1786744692487 152
1786744693529 133
1786744695042 133
1786744695423 132
1786744696303 819
1786744697635 152
1786744698676 154
1786744699217 153
1786744700010 153
1786744701682 152
1786744702472 153
1786744703516 153
1786744704514 133
1786744704771 152
1786744705442 152
1786744706107 153
1786744707023 152
1786744708944 155
1786744709486 154
1786744709901 800
1786744711073 154
1786744711740 132
1786744713254 153
1786744714047 153
1786744714715 152
1786744715003 154
1786744716682 154
1786744717350 153
1786744717764 154
1786744718431 154
1786744718845 152
1786744719386 152
1786744719800 154
1786744720971 132
1786744723243 152
1786744723657 822
1786744724616 153
1786744725029 153
1786744725317 153
1786744727624 153
1786744728164 155
1786744728708 154
1786744730886 132
1786744731141 152
1786744732058 132
1786744732436 154
1786744732975 154
1786744733390 153
1786744734558 133
1786744737072 818
1786744738026 154
1786744738442 152
1786744738730 154
1786744741030 152
1786744741696 154
1786744742616 153
1786744743911 154
1786744744579 133
1786744745211 154
1786744745501 154
1786744746043 153
1786744746581 152
1786744748001 155
1786744750181 153
1786744750596 820
1786744751930 154
1786744752721 153
1786744754016 153
1786744755563 153
1786744756607 131
1786744756986 153
1786744758155 154
1786744758947 153
1786744759236 132
1786744759490 152
1786744759903 154
1786744760194 154
1786744761616 153
1786744763410 153
1786744764204 818
1786744765409 154
1786744765950 154
1786744766867 154
1786744767282 130
1786744769795 153
1786744770338 129
1786744770838 131
1786744772099 152
1786744772388 153
1786744772803 153
1786744773343 132
1786744773721 153
1786744774135 132
1786744775273 154
1786744776696 155
1786744777868 808
1786744779173 153
1786744779587 132
1786744780345 150
1786744781135 152
1786744783563 154
1786744784482 154
1786744786159 154
1786744786575 155
1786744787117 133
1786744787750 153
1786744788669 132
1786744789551 155
1786744791234 154
1786744791778 824
1786744792989 152
1786744794665 153
1786744796338 151
1786744797002 154
1786744797920 151
1786744799595 153
1786744800011 152
1786744800425 153
1786744800714 151
1786744801126 154
1786744801793 152
1786744802207 133
1786744802838 154
1786744804764 153
1786744805306 775
1786744806595 155
1786744808776 155
1786744809571 130
1786744810581 154
1786744811750 152
1786744813042 153
1786744813961 153
1786744814377 154
1786744814919 153
1786744815460 132
1786744815713 154
1786744818022 154
1786744818563 780
1786744819985 153
1786744822292 152
1786744822581 131
1786744823969 153
1786744824258 153
1786744825302 154
1786744826349 153
1786744827519 152
1786744827924 118
1786744828165 154
1786744828455 152
1786744828869 153
1786744829158 154
1786744829701 154
1786744831246 152
1786744831785 800
1786744833084 132
1786744833967 131
1786744835605 155
1786744836904 154
1786744837951 153
1786744839121 153
1786744839410 154
1786744840077 154
1786744841252 153
1786744841668 152
1786744842335 153
1786744842625 155
1786744842916 155
1786744843458 154
1786744844001 156
1786744844672 133
1786744845684 823
1786744846895 153
1786744847816 153
1786744849113 154
1786744851290 153
1786744852082 153
1786744853257 152
1786744853796 154
1786744854592 154
1786744855512 153
1786744856179 153
1786744856720 153
1786744857010 153
1786744857679 151
1786744858217 133
1786744859228 780
1786744860396 131
1786744861532 151
1786744862198 153
1786744865260 153
1786744865802 132
1786744866939 155
1786744867356 154
1786744867646 153
1786744867936 132
1786744869323 151
1786744869862 152
1786744870527 153
1786744870941 152
1786744871230 152
1786744871900 153
1786744872442 779
1786744873608 153
1786744874277 153
1786744875445 153
1786744875735 154
1786744879555 153
1786744880726 153
1786744881016 152
1786744882817 152
1786744883230 154
1786744883521 133
1786744884785 153
1786744885073 134
1786744885581 822
1786744886919 152
1786744887459 154
1786744888588 152
1786744889003 154
1786744893064 154
1786744893480 154
1786744893771 154
1786744894440 152
1786744894728 155
1786744896526 154
1786744896817 132
1786744898587 154
1786744899003 828
1786744900092 153
1786744900761 153
1786744901050 153
1786744901717 154
1786744902510 152
1786744906329 153
1786744906746 157
1786744907669 154
1786744908212 153
1786744909511 154
1786744909929 154
1786744910345 154
1786744912527 779
1786744913568 155
1786744913860 154
1786744914401 153
1786744914818 156
1786744915867 153
1786744919188 154
1786744920235 153
1786744921030 153
1786744921573 157
1786744922372 155
1786744923295 134
1786744923678 154
1786744925737 827
1786744926951 132
1786744927205 151
1786744927619 152
1786744927908 151
1786744928702 151
1786744929493 154
1786744932191 134
1786744933833 153
1786744934376 132
1786744935261 155
1786744935679 153
1786744936602 153
1786744937271 154
1786744939204 831
1786744940802 153
1786744941344 153
1786744941633 154
1786744942428 153
1786744942843 154
1786744945151 155
1786744947336 154
1786744947625 153
1786744948040 152
1786744948832 153
1786744949627 155
1786744950171 153
1786744950840 154
1786744952139 154
1786744952806 776
1786744954353 152
1786744955019 155
1786744955562 153
1786744955852 132
1786744956359 133
1786744956740 133
1786744958256 154
1786744961070 153
1786744961361 152
1786744962636 154
1786744963565 153
1786744963855 154
1786744964530 152
1786744965455 153
1786744966254 829
1786744967984 151
1786744969036 154
1786744969454 153
1786744969745 152
1786744970036 154
1786744970837 131
1786744971725 153
1786744974429 155
1786744974850 154
1786744975902 153
1786744977211 156
1786744977888 153
1786744978938 154
1786744979612 155
1786744980794 826
1786744982393 133
1786744983027 153
1786744983446 153
1786744983864 154
1786744984663 153
1786744985206 152
1786744987654 153
1786744988329 153
1786744989002 153
1786744990562 154
1786744991360 154
1786744992034 155
1786744992580 153
1786744993253 155
1786744994435 826
1786744995652 155
1786744997215 154
1786744997506 135
1786744997891 154
1786744998691 154
1786745000761 153
1786745001813 155
1786745002106 152
1786745002394 154
1786745004213 154
1786745005012 153
1786745006065 152
1786745006355 152
1786745006770 155
1786745007951 826
1786745008916 155
1786745011242 133
1786745011496 154
1786745011914 154
1786745012332 153
1786745012877 155
1786745014314 153
1786745015487 155
1786745015907 156
1786745017852 157
1786745018655 153
1786745019833 133
1786745020216 154
1786745020507 155
1786745021308 154
1786745021725 829
1786745025237 155
1786745025656 154
1786745025946 131
1786745026832 154
1786745027378 152
1786745028684 153
1786745029101 154
1786745029646 153
1786745031336 152
1786745032261 155
1786745033444 154
1786745033862 154
1786745034534 153
1786745034824 153
1786745035368 784
1786745039337 151
1786745039753 155
1786745040554 152
1786745040844 156
1786745041776 154
1786745042575 154
1786745043119 154
1786745044807 155
1786745045735 155
1786745046917 154
1786745047337 151
1786745047752 133
1786745048644 828
1786745049608 154
1786745052694 154
1786745053367 133
1786745053622 132
1786745053876 154
1786745054804 131
1786745055056 154
1786745055986 154
1786745056661 133
1786745058309 132
1786745059200 152
1786745060380 155
1786745060801 152
1786745061979 154
1786745062780 828
1786745066034 153
1786745066576 154
1786745067250 154
1786745067668 152
1786745068074 140
1786745068738 153
1786745069412 152
1786745070083 155
1786745071778 154
1786745072579 152
1786745073634 153
1786745074179 154
1786745075491 153
1786745076545 831
1786745079425 132
1786745079679 155
1786745080863 151
1786745081406 153
1786745081697 155
1786745082627 133
1786745082881 155
1786745083555 154
1786745085251 153
1786745086049 154
1786745086722 153
1786745087650 153
1786745088960 155
1786745090524 832
1786745092639 154
1786745093185 157
1786745094115 155
1786745094789 134
1786745095300 155
1786745096103 155
1786745096523 134
1786745096780 152
1786745097198 155
1786745098791 154
1786745099465 155
1786745100012 155
1786745101327 155
1786745101620 154
1786745101912 152
1786745102838 153
1786745104913 833
1786745106138 153
1786745107065 152
1786745107355 154
1786745107774 153
1786745109083 154
1786745109757 155
1786745110048 154
1786745110339 153
1786745110629 152
1786745111173 133
1786745111428 155
1786745112996 155
1786745113670 154
1786745113962 155
1786745115532 155
1786745116079 152
1786745117007 153
1786745119212 829
1786745120178 153
1786745121235 156
1786745123313 133
1786745123948 156
1786745124496 152
1786745125167 154
1786745126353 152
1786745126769 155
1786745127191 152
1786745128754 153
1786745129552 155
1786745130355 132
1786745132138 153
1786745133322 829
1786745134544 156
1786745136870 132
1786745137125 155
1786745137799 156
1786745138093 153
1786745139021 156
1786745139570 154
1786745139863 156
1786745140666 156
1786745142233 154
1786745143164 131
1786745143800 153
1786745145239 153
1786745146422 153
1786745147350 833
1786745150488 154
1786745150907 155
1786745151455 154
1786745151874 154
1786745152545 153
1786745153091 156
1786745153386 151
1786745154184 153
1786745155620 155
1786745156678 154
1786745157224 153
1786745158407 154
1786745159590 155
1786745160901 153
1786745161573 786
1786745164158 153
1786745164829 154
1786745165501 151
1786745165789 154
1786745166080 155
1786745166755 156
1786745167303 133
1786745167813 134
1786745169215 153
1786745170395 156
1786745170818 154
1786745171617 153
1786745172797 154
1786745174360 153
1786745175542 785
1786745177743 152
1786745178412 151
1786745178700 156
1786745178994 154
1786745179922 152
1786745180340 134
1786745181104 154
1786745182667 155
1786745183851 154
1786745184269 152
1786745184558 156
1786745185868 155
1786745187794 155
1786745189439 834
1786745191173 156
1786745191721 153
1786745192140 156
1786745192818 155
1786745193749 155
1786745194042 154
1786745194333 154
1786745194753 154
1786745195300 156
1786745196362 156
1786745197805 154
1786745198097 132
1786745199247 154
1786745201453 153
1786745203659 835
1786745204759 153
1786745205049 152
1786745205850 155
1786745206780 153
1786745207328 154
1786745208004 154
1786745208296 153
1786745208588 154
1786745209388 156
1786745210064 152
1786745211116 154
1786745211662 156
1786745212469 154
1786745215064 153
1786745217398 780
1786745218444 154
1786745218736 151
1786745219533 153
1786745220717 154
1786745221648 154
1786745222067 133
1786745222450 156
1786745223254 132
1786745224017 154
1786745224946 154
1786745225492 156
1786745228341 155
1786745230291 830
1786745231641 155
1786745232445 155
1786745232866 153
1786745234052 134
1786745234436 132
1786745235075 152
1786745235877 154
1786745236169 155
1786745236717 156
1786745237139 152
1786745237429 156
1786745238490 153
1786745238779 154
1786745241881 133
1786745243543 134
1786745244563 838
1786745246430 155
1786745247490 153
1786745248294 153
1786745248586 154
1786745249894 153
1786745250184 155
1786745250858 154
1786745251403 152
1786745251949 131
1786745252202 156
1786745255305 155
1786745256495 155
1786745257940 156
1786745259128 810
1786745260317 155
1786745260610 154
1786745261159 157
1786745262094 155
1786745262386 156
1786745263064 153
1786745263610 133
1786745264120 155
1786745264540 155
1786745264834 153
1786745265252 153
1786745265798 154
1786745266219 155
1786745269186 134
1786745269953 153
1786745271776 154
1786745273088 814
1786745274791 153
1786745275849 153
1786745276267 154
1786745277070 154
1786745277874 153
1786745278293 155
1786745278969 153
1786745279517 154
1786745282363 154
1786745282783 154
1786745284991 155
1786745286306 155
1786745287236 836
1786745288721 153
1786745289139 158
1786745289434 154
1786745290107 157
1786745290402 153
1786745291203 155
1786745292136 132
1786745292391 154
1786745292683 154
1786745293229 155
1786745295826 155
1786745296119 153
1786745298457 154
1786745300031 157
1786745300966 836
1786745302450 154
1786745302870 134
1786745303131 153
1786745303885 154
1786745304182 133
1786745304438 154
1786745306008 155
1786745306429 153
1786745306720 153
1786745307139 156
1786745308967 155
1786745309771 154
1786745312108 157
1786745313684 155
1786745314618 156
1786745315168 835
1786745316397 156
1786745317330 133
1786745317586 155
1786745318134 155
1786745319573 155
1786745320250 155
1786745320543 156
1786745321094 153
1786745322151 155
1786745323212 155
1786745325551 155
1786745327246 156
1786745328179 154
1786745328981 836
1786745330464 156
1786745330883 156
1786745331431 154
1786745331850 153
1786745333039 153
1786745333842 155
1786745334391 154
1786745334684 155
1786745335104 156
1786745336674 155
1786745339008 155
1786745340833 133
1786745341474 155
1786745341768 134
1786745342025 152
1786745342827 836
1786745343929 154
1786745344605 133
1786745345755 154
1786745346047 154
1786745346851 155
1786745347654 155
1786745348330 132
1786745348585 132
1786745348968 153
1786745350413 153
1786745352754 154
1786745354581 153
1786745354872 153
1786745355549 155
1786745356227 152
1786745356645 838
1786745358134 133
1786745359794 155
1786745360344 154
1786745361149 155
1786745361442 155
1786745362505 155
1786745362798 154
1786745363090 155
1786745364025 155
1786745366371 153
1786745367939 152
1786745368484 153
1786745369159 155
1786745369453 153
1786745370255 157
1786745371062 840
1786745373701 154
1786745373993 156
1786745374287 153
1786745374706 154
1786745375255 133
1786745376662 153
1786745377082 156
1786745377376 156
1786745377798 156
1786745380012 156
1786745381453 136
1786745382353 156
1786745382775 134
1786745383159 154
1786745384088 156
1786745384895 788
1786745387488 154
1786745387779 155
1786745388072 133
1786745388583 153
1786745389000 154
1786745390833 152
1786745391123 158
1786745391419 155
1786745391712 154
1786745393794 154
1786745394726 154
1786745395918 155
1786745396212 154
1786745396889 154
1786745397820 155
1786745398622 788
1786745400958 154
1786745401506 152
1786745402180 133
1786745402693 154
1786745402986 156
1786745404815 154
1786745405234 153
1786745405781 156
1786745407355 153
1786745407903 153
1786745409217 134
1786745409855 154
1786745410532 153
1786745411465 156
1786745412145 790
1786745414098 154
1786745415032 155
1786745416093 156
1786745416387 133
1786745417157 156
1786745418349 153
1786745419150 155
1786745419443 154
1786745419992 155
1786745421028 152
1786745421445 155
1786745422634 154
1786745423565 154
1786745423856 132
1786745424366 155
1786745425428 787
1786745426737 154
1786745427671 135
1786745428953 155
1786745430142 154
1786745430434 156
1786745430729 156
1786745431665 153
1786745432469 152
1786745433653 154
1786745434327 134
1786745434713 155
1786745435005 131
1786745435259 134
1786745436154 155
1786745437599 155
1786745438277 155
1786745439336 836
1786745440565 154
1786745441242 154
1786745442813 155
1786745444133 155
1786745444814 154
1786745445873 155
1786745446165 134
1786745447829 133
1786745448469 133
1786745448725 132
1786745449235 155
1786745451070 154
1786745451746 155
1786745452811 154
1786745453359 840
1786745454337 153
1786745456295 154
1786745457611 154
1786745458544 154
1786745459477 154
1786745459898 132
1786745460921 156
1786745461856 155
1786745462150 155
1786745462444 132
1786745462826 154
1786745464788 156
1786745465337 155
1786745466400 131
1786745466781 154
1786745467073 837
1786745469973 155
1786745471290 154
1786745472352 154
1786745473031 154
1786745473964 155
1786745474386 154
1786745475320 156
1786745475743 155
1786745476037 155
1786745476330 134
1786745477098 156
1786745478541 157
1786745479092 155
1786745480025 154
1786745480317 155
1786745480867 789
1786745483712 154
1786745485159 154
1786745486348 154
1786745486640 156
1786745486934 154
1786745487738 154
1786745488534 138
1786745488811 154
1786745489613 154
1786745490161 154
1786745491220 155
1786745492281 154
1786745492958 154
1786745493378 155
1786745494183 837
1786745495286 156
1786745497503 155
1786745499077 154
1786745500263 154
1786745500683 154
1786745500975 154
1786745501909 132
1786745502676 151
1786745503221 156
1786745504031 155
1786745505223 155
1786745506029 154
1786745506451 155
1786745506878 132
1786745507772 154
1786745508321 795
1786745511178 154
1786745512746 133
1786745513894 155
1786745514571 132
1786745515083 156
1786745516403 154
1786745517596 153
1786745517888 154
1786745518950 155
1786745519500 154
1786745520176 155
1786745521112 154
1786745521533 792
1786745524517 133
1786745526053 156
1786745526858 156
1786745527281 154
1786745528086 134
1786745528342 154
1786745529917 133
1786745530557 154
1786745531621 153
1786745531913 156
1786745532207 135
1786745533106 156
1786745533657 156
1786745534720 816
1786745535787 133
1786745537963 156
1786745539795 155
1786745540600 156
1786745541150 153
1786745542082 131
1786745543356 155
1786745544417 154
1786745544966 155
1786745545644 158
1786745545940 156
1786745546618 154
1786745547170 155
1786745548234 154
1786745548656 789
1786745551509 155
1786745552825 155
1786745553503 156
1786745554183 155
1786745554477 132
1786745556011 155
1786745556946 154
1786745558007 155
1786745558687 154
1786745559622 154
1786745559915 156
1786745560208 157
1786745560503 152
1786745561049 153
1786745561469 154
1786745562123 841
1786745563230 153
1786745565448 154
1786745566511 157
1786745567448 155
1786745567741 155
1786745568419 155
1786745570255 156
1786745570934 155
1786745571615 153
1786745573066 153
1786745573999 133
1786745574255 156
1786745574678 152
1786745575611 155
1786745576033 844
1786745579066 154
1786745579613 154
1786745580673 158
1786745581226 153
1786745581903 156
1786745584120 157
1786745584415 157
1786745584711 156
1786745587068 154
1786745587617 154
1786745588037 155
1786745588713 156
1786745589263 154
1786745589555 133
1786745589812 816
1786745592679 157
1786745592974 156
1786745594037 155
1786745594969 154
1786745595518 154
1786745597611 155
1786745598033 155
1786745598456 154
1786745601056 156
1786745601349 155
1786745601771 154
1786745602320 132
1786745602831 133
1786745603088 154
1786745603383 154
1786745603935 843
1786745606199 154
1786745606619 154
1786745607554 155
1786745608871 154
1786745609420 154
1786745610993 154
1786745611285 156
1786745611965 154
1786745612643 134
1786745615205 156
1786745615500 133
1786745616398 156
1786745616693 155
1786745616985 154
1786745617533 155
1786745618082 841
1786745619702 156
1786745620381 154
1786745621186 154
1786745622866 153
1786745623158 132
1786745624442 155
1786745625502 152
1786745626561 154
1786745628777 157
1786745629201 133
1786745629713 153
1786745630134 132
1786745630644 154
1786745630936 154
1786745631739 154
1786745632287 792
1786745633990 155
1786745634283 155
1786745636511 153
1786745637577 156
1786745639030 155
1786745640349 154
1786745642305 154
1786745642726 153
1786745643404 154
1786745643825 156
1786745644119 154
1786745644925 154
1786745645217 156
1786745645768 842
1786745647005 134
1786745647519 153
1786745647809 155
1786745650028 155
1786745650449 155
1786745651125 154
1786745652826 154
1786745654528 154
1786745656228 156
1786745656524 153
1786745657200 155
1786745657751 133
1786745658264 154
1786745658557 156
1786745659235 154
1786745659528 844
1786745660768 156
1786745661062 155
1786745661483 155
1786745661777 154
1786745664123 155
1786745664545 153
1786745666508 154
1786745666803 158
1786745668773 155
1786745669067 133
1786745670352 154
1786745670645 155
1786745671322 157
1786745671874 155
1786745672326 155
1786745673005 155
1786745673683 843
1786745674666 156
1786745675473 156
1786745675766 153
1786745677841 154
1786745678134 153
1786745678555 156
1786745680519 155
1786745682989 154
1786745684051 151
1786745684341 155
1786745684891 155
1786745685182 156
1786745685477 156
1786745685771 153
1786745686959 154
1786745687508 841
1786745689002 154
1786745689295 153
1786745689845 155
1786745690139 155
1786745691461 154
1786745692011 156
1786745692562 155
1786745694528 155
1786745697264 132
1786745698162 156
1786745698715 155
1786745699137 154
1786745700202 155
1786745701393 846
1786745702635 151
1786745703053 156
1786745703863 154
1786745704412 154
1786745705346 134
1786745705987 153
1786745707819 155
1786745710934 154
1786745711484 155
1786745712035 154
1786745712456 154
1786745713134 153
1786745715095 154
1786745715388 798
1786745716712 153
1786745717262 154
1786745717555 133
1786745717811 154
1786745718872 157
1786745719425 154
1786745721259 153
1786745724498 157
1786745724921 155
1786745725215 154
1786745725509 155
1786745726058 133
1786745726443 155
1786745728754 754
1786745729888 155
1786745730183 135
1786745730697 156
1786745731504 155
1786745731798 154
1786745732348 156
1786745733027 155
1786745734866 154
1786745737606 155
1786745738542 156
1786745738836 155
1786745739130 156
1786745739425 155
1786745739848 155
1786745742332 845
1786745743315 133
1786745744214 135
1786745744728 155
1786745745536 154
1786745745828 155
1786745746506 153
1786745748340 155
1786745750691 154
1786745752012 156
1786745752307 153
1786745752984 154
1786745755211 153
1786745755631 157
1786745757089 796
1786745758281 154
1786745758832 155
1786745759126 156
1786745759679 156
1786745759974 156
1786745761685 154
1786745763651 153
1786745764974 155
1786745765525 133
1786745765781 134
1786745766424 133
1786745766809 157
1786745768391 154
1786745769200 155
1786745771042 797
1786745772235 133
1786745772492 155
1786745773044 155
1786745773339 155
1786745773890 154
1786745775213 157
1786745776798 154
1786745778245 153
1786745779051 154
1786745779471 154
1786745780023 155
1786745780702 155
1786745780996 153
1786745781804 154
1786745782870 155
1786745785215 822
1786745786161 155
1786745786456 154
1786745787006 155
1786745787428 154
1786745788106 155
1786745788916 134
1786745790205 155
1786745791660 155
1786745792858 155
1786745793152 155
1786745793446 134
1786745793959 155
1786745795026 156
1786745796612 153
1786745798837 154
1786745799388 795
1786745800451 154
1786745801132 154
1786745801940 154
1786745802362 157
1786745803302 133
1786745804715 155
1786745806298 155
1786745806591 154
1786745806884 155
1786745807435 155
1786745808113 132
1786745808882 155
1786745810208 155
1786745812433 155
1786745813240 796
1786745814304 155
1786745814598 156
1786745815149 157
1786745815961 155
1786745816256 156
1786745816679 156
1786745818132 154
1786745819943 155
1786745820366 154
1786745820660 132
1786745821302 159
1786745821600 155
1786745822926 155
1786745823994 155
1786745826222 156
1786745827034 798
1786745828485 154
1786745828779 152
1786745829328 155
1786745829751 154
1786745830561 155
1786745831370 156
1786745833601 156
1786745834025 156
1786745834320 133
1786745834576 157
1786745835001 154
1786745836974 134
1786745837616 155
1786745839845 154
1786745840655 852
1786745842550 156
1786745842844 156
1786745843268 156
1786745843563 158
1786745844505 152
1786745844796 153
1786745847275 154
1786745847568 154
1786745847861 131
1786745848114 134
1786745848750 140
1786745850837 155
1786745851261 156
1786745853490 136
1786745854265 157
1786745855206 842
1786745856702 155
1786745856995 134
1786745857510 131
1786745857764 156
1786745858831 157
1786745860546 154
1786745860968 154
1786745861390 133
1786745861774 156
1786745862328 154
1786745864807 154
1786745866897 157
1786745867839 157
1786745868392 154
1786745869456 847
1786745870571 132
1786745870826 154
1786745871120 156
1786745871672 133
1786745872829 134
1786745873086 154
1786745874023 156
1786745874707 152
1786745875255 155
1786745875550 156
1786745876105 135
1786745878555 155
1786745878977 156
1786745880819 156
1786745881757 155
1786745883216 156
1786745884158 852
1786745885277 133
1786745885663 156
1786745886987 158
1786745888056 155
1786745888607 153
1786745888899 154
1786745889451 155
1786745891933 134
1786745892705 155
1786745894158 158
1786745894712 157
1786745895265 155
1786745896332 154
1786745896883 158
1786745898209 829
1786745899290 154
1786745899711 157
1786745900263 133
1786745901294 153
1786745901845 134
1786745902359 135
1786745902617 154
1786745903168 156
1786745903464 152
1786745905822 155
1786745907019 153
1786745908089 156
1786745908384 155
1786745909197 157
1786745909881 159
1786745910825 154
1786745912539 848
1786745913527 157
1786745913823 155
1786745915410 157
1786745916224 158
1786745917038 159
1786745919404 161
1786745920477 154
1786745921287 155
1786745921582 158
1786745922655 157
1786745924498 154
1786745925437 156
1786745925861 132
1786745926246 157
1786745926541 850
1786745928821 155
1786745929114 155
1786745929793 159
1786745930350 157
1786745931032 159
1786745933392 157
1786745934331 159
1786745934629 159
1786745935314 157
1786745936132 157
1786745936428 156
1786745938663 156
1786745938958 156
1786745939771 159
1786745940201 158
1786745940499 848
1786745942773 158
1786745943330 160
1786745943629 157
1786745944572 156
1786745945254 155
1786745947611 158
1786745947910 156
1786745948335 160
1786745949278 157
1786745949703 157
1786745950386 157
1786745952233 159
1786745953047 157
1786745953602 156
1786745954027 158
1786745954454 856
1786745956615 156
1786745957425 157
1786745958628 157
1786745959313 157
1786745959610 157
1786745961329 157
1786745962015 156
1786745962312 158
1786745962998 157
1786745963294 156
1786745964235 155
1786745965819 156
1786745967150 156
1786745967575 157
1786745968003 156
1786745968428 155
1786745969758 849
1786745971263 154
1786745971685 157
1786745971982 154
1786745973181 157
1786745973867 156
1786745974937 159
1786745976268 157
1786745976952 156
1786745978027 155
1786745979096 158
1786745981201 158
1786745981627 156
1786745982051 159
1786745983384 155
1786745984195 852
1786745985702 158
1786745986903 156
1786745987586 161
1786745988014 158
1786745989348 156
1786745989774 156
1786745990329 155
1786745990754 159
1786745991826 159
1786745992512 156
1786745994877 160
1786745995436 159
1786745995863 156
1786745997064 158
1786745998008 157
1786745998951 850
1786746000974 157
1786746001272 158
1786746001827 158
1786746002771 154
1786746003451 157
1786746004265 155
1786746005465 157
1786746008479 156
1786746008904 155
1786746009329 132
1786746010493 158
1786746011435 157
1786746012637 157
1786746013320 851
1786746014956 157
1786746015510 157
1786746015807 153
1786746016875 156
1786746017559 157
1786746018114 157
1786746018668 156
1786746019221 154
1786746022222 156
1786746022646 156
1786746023071 158
1786746023369 157
1786746024185 155
1786746025384 157
1786746026717 157
1786746027014 158
1786746028348 849
1786746029336 158
1786746029892 156
1786746030703 157
1786746031386 158
1786746031942 157
1786746032370 158
1786746033184 157
1786746036065 158
1786746036492 155
1786746036918 156
1786746037472 157
1786746038027 159
1786746039102 158
1786746040306 157
1786746041120 156
1786746041803 158
1786746042747 848
1786746043734 158
1786746044290 158
1786746044847 157
1786746045403 159
1786746046609 158
1786746047036 159
1786746050055 156
1786746050480 155
1786746050904 157
1786746051588 159
1786746052016 159
1786746053091 157
1786746053776 158
1786746055237 157
1786746055534 156
1786746057000 855
1786746058383 155
1786746058679 155
1786746059101 157
1786746060563 157
1786746060859 156
1786746063872 154
1786746064295 158
1786746064723 158
1786746065539 155
1786746065834 156
1786746066776 157
1786746067332 157
1786746068534 158
1786746069610 157
1786746070940 851
1786746071931 156
1786746072355 156
1786746072781 155
1786746073076 156
1786746074540 155
1786746074965 156
1786746077724 157
1786746078149 156
1786746078704 157
1786746079390 155
1786746079944 157
1786746080629 159
1786746080928 154
1786746081868 157
1786746082165 155
1786746083881 157
1786746084565 156
1786746085637 853
1786746086761 157
1786746087187 158
1786746088520 155
1786746089204 155
1786746091702 156
1786746092127 158
1786746092554 158
1786746093240 157
1786746093924 158
1786746094352 157
1786746094777 160
1786746095464 156
1786746097702 157
1786746098128 158
1786746099334 156
1786746099759 828
1786746100710 157
1786746101266 156
1786746102339 158
1786746103285 157
1786746105527 154
1786746105950 158
1786746106248 156
1786746106673 156
1786746107226 155
1786746107521 157
1786746107818 154
1786746108760 158
1786746109059 157
1786746111304 155
1786746112506 158
1786746113451 159
1786746113750 853
1786746115002 155
1786746115687 160
1786746116506 158
1786746117710 155
1786746119685 161
1786746120116 157
1786746120673 159
1786746120972 156
1786746121267 159
1786746122345 155
1786746122769 156
1786746123195 155
1786746124789 157
1786746126643 158
1786746127329 159
1786746127628 155
1786746128571 851
1786746129951 156
1786746130374 156
1786746131838 160
1786746133694 159
1786746134121 159
1786746134548 158
1786746134977 157
1786746135532 157
1786746136476 155
1786746137157 158
1786746138102 160
1786746138663 158
1786746140906 157
1786746141204 157
1786746142669 856
1786746144054 155
1786746145776 158
1786746147242 159
1786746147671 158
1786746148099 156
1786746148524 156
1786746148821 155
1786746150168 159
1786746151116 157
1786746151413 156
1786746154308 154
1786746154602 156
1786746154899 157
1786746156368 155
1786746157052 858
1786746158181 158
1786746159647 154
1786746160852 156
1786746161148 156
1786746161445 156
1786746162391 158
1786746162689 134
1786746164244 156
1786746164670 157
1786746165228 154
1786746167480 155
1786746168298 156
1786746168985 156
1786746170189 135
1786746170839 159
1786746171658 804
1786746173382 155
1786746173938 133
1786746174323 159
1786746174622 134
1786746175141 158
1786746175699 157
1786746176516 156
1786746176815 133
1786746178499 155
1786746178927 157
1786746180655 157
1786746182122 156
1786746183198 155
1786746183885 156
1786746184703 155
1786746185777 854
1786746187162 156
1786746187588 157
1786746188797 157
1786746189488 158
1786746190179 159
1786746190607 155
1786746191944 134
1786746192592 135
1786746193756 157
1786746195615 156
1786746196954 159
1786746197514 154
1786746198198 158
1786746199277 155
1786746199834 855
1786746200831 157
1786746201388 136
1786746202688 157
1786746203639 135
1786746204027 159
1786746204588 155
1786746205534 133
1786746206312 158
1786746206611 156
1786746206908 135
1786746207297 132
1786746209611 154
1786746211333 158
1786746211894 156
1786746212582 157
1786746213140 133
1786746214307 838
1786746215271 134
1786746216571 159
1786746217651 158
1786746217950 156
1786746218638 155
1786746219194 159
1786746220140 157
1786746220438 156
1786746221126 157
1786746223247 155
1786746224974 155
1786746225400 134
1786746225787 155
1786746226212 156
1786746228201 154
1786746228497 853
1786746229489 157
1786746230570 159
1786746231782 133
1786746232039 134
1786746232686 157
1786746232983 160
1786746233546 156
1786746234362 156
1786746235309 159
1786746237010 157
1786746238738 157
1786746239035 158
1786746239466 157
1786746239763 135
1786746240023 155
1786746242273 156
1786746242960 857
1786746244607 155
1786746245683 157
1786746246238 160
1786746246538 133
1786746246925 155
1786746248129 157
1786746249333 157
1786746250668 157
1786746252005 159
1786746252434 156
1786746252730 156
1786746253025 156
1786746253585 135
1786746254104 157
1786746256222 157
1786746257303 861
1786746258596 157
1786746259543 135
1786746259801 155
1786746260488 156
1786746260784 154
1786746261208 156
1786746262155 134
1786746263708 133
1786746264616 157
1786746265431 155
1786746265989 157
1786746266808 160
1786746267370 134
1786746268151 155
1786746270140 157
1786746271480 806
1786746272426 156
1786746272855 158
1786746273673 156
1786746274230 133
1786746274879 159
1786746275178 155
1786746275995 155
1786746277724 157
1786746278411 134
1786746278798 136
1786746279446 159
1786746280526 157
1786746281215 135
1786746282127 159
1786746283964 157
1786746285045 859
1786746286305 155
1786746286601 154
1786746287545 133
1786746288062 155
1786746289009 134
1786746289788 157
1786746291653 135
1786746291914 157
1786746292211 155
1786746292636 158
1786746294237 158
1786746294926 159
1786746296140 157
1786746297619 135
1786746298139 156
1786746298434 156
1786746299511 860
1786746300772 134
1786746301421 133
1786746301810 158
1786746302762 157
1786746303709 155
1786746305050 156
1786746305607 159
1786746306036 158
1786746306335 134
1786746308025 156
1786746308321 158
1786746308882 158
1786746310221 157
1786746311561 135
1786746311820 156
1786746313426 134
1786746314204 805
1786746315281 158
1786746315578 135
1786746316617 157
1786746317436 157
1786746318257 157
1786746318945 154
1786746319892 157
1786746320321 134
1786746321880 155
1786746322568 159
1786746324043 158
1786746324603 158
1786746325554 158
1786746327156 157
1786746328106 858
1786746329106 157
1786746330187 155
1786746331132 134
1786746331783 134
1786746333214 158
1786746334037 155
1786746335374 156
1786746335930 135
1786746337357 156
1786746337915 157
1786746339127 158
1786746340593 157
1786746341676 134
1786746341935 160
1786746342235 858
1786746343887 159
1786746344185 158
1786746344873 157
1786746346737 157
1786746347947 133
1786746348858 157
1786746349545 155
1786746350362 155
1786746351701 157
1786746352648 157
1786746354248 157
1786746355196 134
1786746355586 155
1786746356144 157
1786746356441 862
1786746357833 157
1786746358261 157
1786746358688 158
1786746360555 157
1786746362024 135
1786746362545 156
1786746363233 159
1786746363663 156
1786746365648 133
1786746366428 158
1786746368033 158
1786746368856 155
1786746369413 159
1786746369976 157
1786746370534 157
1786746371092 859
1786746372223 158
1786746372522 156
1786746374255 156
1786746376120 159
1786746376420 135
1786746376679 157
1786746377106 157
1786746379624 158
1786746380185 158
1786746381787 134
1786746382437 157
1786746382736 156
1786746383293 157
1786746384632 157
1786746385060 160
1786746385362 863
1786746386495 155
1786746387965 160
1786746389701 155
1786746390127 159
1786746390428 156
1786746390853 156
1786746393622 155
1786746394049 155
1786746395647 159
1786746396337 158
1786746397155 159
1786746398628 135
1786746398888 157
1786746399581 860
1786746401366 158
1786746402576 159
1786746403530 155
1786746404088 156
1786746404387 157
1786746407293 154
1786746407587 160
1786746408669 160
1786746409230 155
1786746409527 156
1786746410084 135
1786746410865 136
1786746412427 157
1786746412857 157
1786746413154 158
1786746413846 809
1786746415056 157
1786746415878 157
1786746417220 157
1786746417910 156
1786746418601 134
1786746421201 136
1786746421591 155
1786746421886 160
1786746422577 155
1786746423392 157
1786746423690 159
1786746424773 158
1786746426248 157
1786746426937 157
1786746427366 865
1786746428634 155
1786746428930 156
1786746429358 157
1786746430964 158
1786746431783 156
1786746432862 158
1786746435121 156
1786746435418 158
1786746435847 158
1786746436146 135
1786746437448 155
1786746438659 159
1786746440004 134
1786746440916 137
1786746441308 157
1786746441605 841
1786746442571 158
1786746443001 155
1786746444606 133
1786746445387 155
1786746446844 117
1786746448261 157
1786746448819 135
1786746449211 154
1786746449898 158
1786746450849 155
1786746451275 156
1786746452486 160
1786746452786 156
1786746453995 157
1786746454685 156
1786746455112 156
1786746455542 157
1786746456231 813
1786746457315 158
1786746458401 135
1786746459313 158
1786746461179 160
1786746461742 160
1786746462305 135
1786746463346 156
1786746464165 157
1786746464723 156
1786746465413 135
1786746466588 157
1786746467929 134
1786746468972 159
1786746469272 158
1786746470358 814
1786746471837 158
1786746472793 156
1786746474654 158
1786746475214 158
1786746476688 158
1786746477774 157
1786746478072 159
1786746478764 157
1786746480108 156
1786746480800 158
1786746481491 158
1786746482439 156
1786746482999 134
1786746484305 842
1786746485401 155
1786746486349 157
1786746487692 154
1786746488247 135
1786746489291 135
1786746490468 156
1786746491552 157
1786746491850 133
1786746492500 158
1786746493716 159
1786746494017 157
1786746495230 156
1786746495919 159
1786746496871 158
1786746498083 134
1786746498342 155
1786746499160 862
1786746500947 159
1786746501508 160
1786746503248 134
1786746504290 133
1786746505071 159
1786746505370 155
1786746505928 157
1786746506489 157
1786746507285 158
1786746507977 157
1786746509061 155
1786746509748 133
1786746511053 157
1786746511874 156
1786746512432 134
1786746512821 156
1786746513117 161
1786746513810 858
1786746514938 154
1786746517577 158
1786746518266 159
1786746519090 158
1786746520043 159
1786746520474 154
1786746520770 135
1786746521946 155
1786746523023 159
1786746523585 157
1786746525189 158
1786746525618 157
1786746526569 158
1786746526868 133
1786746527256 157
1786746530824 862
1786746531825 159
1786746532648 158
1786746533601 160
1786746534031 157
1786746536145 156
1786746536837 155
1786746538426 158
1786746538724 159
1786746539413 157
1786746539840 155
1786746540264 135
1786746540524 158
1786746541082 135
1786746544980 860
1786746546110 158
1786746546409 135
1786746547563 155
1786746548892 159
1786746551245 159
1786746551802 159
1786746552100 157
1786746552398 158
1786746553079 159
1786746553508 157
1786746553805 159
1786746557301 157
1786746557982 155
1786746558277 158
1786746562984 818
1786746564063 157
1786746564355 157
1786746564648 157
1786746565194 157
1786746572655 160
1786746573811 137
1786746574533 119
1786746597094 852
1786746623010 854
1786746623997 145
1786746624275 143
1786746624552 143
1786746624829 144
1786746625106 147
1786746625388 146
1786746625668 148
1786746625939 147
1786746626221 148
1786746626504 149
1786746626787 143
1786746627065 125
1786746627302 145
1786746627584 131
1786746629483 131
1786746707956 846
1786746709064 118
1786746709302 131
1786746709696 131
1786746710724 129
1786746710989 128
1786746711506 129
1786746711772 129
1786746712164 132
1786746712432 130
1786746713079 131
1786746713600 131
1786746713867 118
1786746714611 131
1786746714978 117
1786746715341 130
1786746715861 130
1786746716129 130
1786746716648 132
1786746717045 129
1786746717311 128
1786746718207 130
1786746718852 132
1786746719247 129
1786746719514 132
1786746719909 129
1786746720554 130
1786746720820 130
1786746721339 130
1786746721720 135
1786746721993 135
1786746722262 134
1786746722634 856
1786746723881 136
1786746724155 135
1786746724680 139
1786746724957 138
1786746725232 136
1786746725758 139
1786746726035 137
1786746726309 125
1786746726807 138
1786746727082 136
1786746727480 137
1786746727878 134
1786746728148 135
1786746728546 136
1786746728818 136
1786746729091 138
1786746729618 137
1786746729892 135
1786746730400 139
1786746730675 125
1786746730919 137
1786746731320 125
1786746731819 139
1786746732222 140
1786746732750 136
1786746733010 123
1786746733255 126
1786746733753 138
1786746734269 138
1786746734544 137
1786746734944 138
1786746735219 138
1786746735747 134
1786746736397 137
1786746736799 137
1786746737577 850
1786746738814 137
1786746739593 139
1786746740124 124
1786746740368 138
1786746740644 126
1786746741002 124
1786746741246 137
1786746741646 135
1786746742271 141
1786746742547 135
1786746742945 140
1786746743220 137
1786746743493 141
1786746743769 141
1786746744301 136
1786746744697 139
1786746745100 141
1786746745376 139
1786746745904 142
1786746746285 136
1786746746557 140
1786746747087 138
1786746747490 139
1786746747766 139
1786746748168 137
1786746748568 136
1786746748841 140
1786746749191 134
1786746749590 125
1786746749835 139
1786746750350 137
1786746750623 137
1786746751278 138
1786746752043 857
1786746753163 123
1786746753406 139
1786746753683 138
1786746754446 139
1786746754847 137
1786746755121 139
1786746755397 137
1786746755923 136
1786746756322 141
1786746756600 138
1786746757130 137
1786746757404 124
1786746757648 138
1786746757923 124
1786746758293 138
1786746759328 139
1786746759604 146
1786746759886 145
1786746760169 147
1786746760581 145
1786746760861 142
1786746761265 126
1786746761636 144
1786746761916 143
1786746762195 128
1786746762555 147
1786746762966 146
1786746763250 144
1786746764291 145
1786746764572 144
1786746764852 145
1786746765387 146
1786746766047 146
1786746766585 865
1786746767588 148
1786746767872 143
1786746768406 147
1786746769067 145
1786746769477 145
1786746769758 128
1786746770132 149
1786746770544 145
1786746770953 148
1786746771363 148
1786746771648 145
1786746771931 148
1786746772214 148
1786746772499 145
1786746772907 143
1786746773314 144
1786746773595 146
1786746773879 147
1786746774162 144
1786746774441 146
1786746775104 146
1786746775387 149
1786746776181 149
1786746776466 147
1786746776748 146
1786746777031 144
1786746777437 128
1786746777685 143
1786746778091 147
1786746778628 145
1786746779036 147
1786746779449 143
1786746779728 143
1786746780008 144
1786746780289 147
1786746780687 145
1786746781094 864
1786746782095 146
1786746782632 146
1786746782903 164
1786746783203 166
1786746783633 167
1786746784064 165
1786746784366 167
1786746784671 167
1786746785481 170
1786746786029 169
1786746786335 168
1786746786893 165
1786746787193 167
1786746787497 168
1786746788053 171
1786746788361 165
1786746788791 165
1786746789093 166
1786746789397 166
1786746789700 164
1786746790001 162
1786746790426 166
1786746790729 163
1786746791285 167
1786746791832 168
1786746792138 138
1786746792649 168
1786746792954 166
1786746793760 167
1786746794066 163
1786746794492 168
1786746794795 166
1786746795352 164
1786746795653 831
1786746796621 164
1786746797047 140
1786746797307 139
1786746797694 163
1786746797992 163
1786746798291 167
1786746798720 167
1786746799022 139
1786746799407 163
1786746799707 168
1786746800263 165
1786746800943 165
1786746801496 168
1786746802053 167
1786746802356 165
1786746802784 167
1786746803213 165
1786746803460 135
1786746803731 164
1786746804285 166
1786746804824 131
1786746805092 127
1786746805734 128
1786746806001 129
1786746806395 127
1786746806784 131
1786746807052 118
1786746807544 130
1786746808063 130
1786746808330 135
1786746808716 130
1786746809111 128
1786746809376 845
1786746810357 118
1786746810595 117
1786746810831 126
1786746811094 120
1786746811458 129
1786746811724 128
1786746811990 128
1786746812368 117
1786746812859 128
1786746813504 130
1786746813758 119
1786746813998 119
1786746814731 129
1786746815250 128
1786746815514 130
1786746815908 130
1786746816302 127
1786746816564 130
1786746816957 129
1786746817473 129
1786746817865 130
1786746818510 129
1786746818890 129
1786746819156 120
1786746819396 130
1786746819903 117
1786746820140 130
1786746820534 130
1786746821306 129
1786746821571 117
1786746822062 126
1786746822326 131
1786746822594 130
1786746822986 130
1786746823379 128
1786746823643 131
1786746824289 794
1786746825333 130
1786746825599 127
1786746826113 129
1786746826506 130
1786746826773 130
1786746827292 131
1786746827560 128
1786746828077 138
1786746828352 126
1786746828977 136
1786746829249 135
1786746829520 138
1786746830049 136
1786746830447 135
1786746830718 134
1786746831242 136
1786746831770 138
1786746832171 135
1786746832568 135
1786746832966 136
1786746833225 136
1786746833499 137
1786746833771 137
1786746834044 137
1786746834823 137
1786746835097 135
1786746835368 136
1786746835767 124
1786746836013 137
1786746836528 135
1786746836799 139
1786746837581 137
1786746838092 854
1786746839065 134
1786746839463 136
1786746839735 136
1786746840133 136
1786746840660 136
1786746840932 138
1786746841461 124
1786746841705 138
1786746841980 135
1786746842506 137
1786746843033 138
1786746843307 133
1786746843830 136
1786746844103 138
1786746844377 135
1786746844650 135
1786746845048 136
1786746845294 135
1786746845819 137
1786746846344 134
1786746846614 125
1786746847112 136
1786746847639 138
1786746848027 135
1786746848299 136
1786746848949 138
1786746849350 138
1786746849625 138
1786746850025 122
1786746850267 138
1786746850543 138
1786746850930 139
1786746851205 136
1786746851606 139
1786746851993 121
1786746852363 124
1786746852607 138
1786746852882 803
1786746853951 137
1786746854730 123
1786746855038 136
1786746855564 123
1786746855934 137
1786746856460 139
1786746856976 138
1786746857251 124
1786746857749 137
1786746858151 138
1786746858427 140
1786746858832 139
1786746859235 138
1786746859762 139
1786746860151 140
1786746860555 141
1786746860834 137
1786746861234 137
1786746861506 140
1786746862161 136
1786746862435 135
1786746862706 140
1786746862982 136
1786746863636 136
1786746863908 124
1786746864531 138
1786746864806 124
1786746865292 137
1786746865565 137
1786746865839 139
1786746866243 135
1786746866515 844
1786746867607 138
1786746868134 140
1786746868790 125
1786746869037 137
1786746869310 140
1786746869840 138
1786746870115 140
1786746870773 123
1786746871016 136
1786746871292 140
1786746871568 138
1786746871970 139
1786746872374 139
1786746872651 122
1786746873020 138
1786746873295 138
1786746873934 136
1786746874206 139
1786746874480 141
1786746874757 123
1786746875253 138
1786746875780 141
1786746876185 138
1786746876713 135
1786746876985 138
1786746877261 127
1786746877636 126
1786746877884 126
1786746878256 147
1786746878666 127
1786746878913 148
1786746879562 146
1786746879972 145
1786746880255 147
1786746880665 146
1786746881073 867
1786746882203 146
1786746883107 144
1786746883387 144
1786746883795 146
1786746884078 145
1786746884361 143
1786746884642 147
1786746885152 143
1786746885926 142
1786746886444 145
1786746886978 145
1786746887387 127
1786746887759 144
1786746888293 146
1786746888828 145
1786746889615 146
1786746890024 146
1786746890307 145
1786746890590 146
1786746890998 146
1786746891395 147
1786746891678 145
1786746892085 145
1786746892492 127
1786746892739 147
1786746893532 145
1786746894182 145
1786746894463 145
1786746894986 145
1786746895268 146
1786746895677 851
1786746896901 146
1786746897312 146
1786746897594 143
1786746897873 143
1786746898278 126
1786746898652 145
1786746898934 146
1786746899216 145
1786746899497 145
1786746900033 127
1786746900408 147
1786746900691 147
1786746900962 126
1786746901591 147
1786746901874 144
1786746902406 147
1786746902691 127
1786746903699 138
1786746903958 140
1786746904344 166
1786746904901 161
1786746905328 164
1786746905628 169
1786746906045 164
1786746906345 168
1786746906764 166
1786746907066 162
1786746907744 164
1786746908046 164
1786746908474 165
1786746908901 138
1786746909161 139
1786746909420 164
1786746909721 167
1786746910022 166
1786746910451 886
1786746911475 166
1786746911777 165
1786746912078 139
1786746912580 167
1786746913011 141
1786746913259 140
1786746913518 139
1786746914409 138
1786746914922 164
1786746915154 160
1786746915451 139
1786746915964 140
1786746916352 166
1786746917413 164
1786746917714 166
1786746918144 166
1786746918447 165
1786746918748 163
1786746919046 167
1786746919351 166
1786746920286 166
1786746920588 164
1786746921015 164
1786746921442 163
1786746921739 167
1786746922297 139
1786746922683 165
1786746923239 168
1786746923669 165
1786746924098 162
1786746924523 164
1786746924824 166
1786746925254 832
1786746926222 165
1786746926993 165
1786746927421 166
1786746927723 166
1786746928279 164
1786746928579 138
1786746928837 139
1786746929097 161
1786746929397 139
1786746929658 167
1786746929963 163
1786746930262 164
1786746930941 163
1786746931356 141
1786746931619 139
1786746931879 165
1786746932621 130
1786746932888 127
1786746933152 128
1786746933415 132
1786746933936 118
1786746934176 129
1786746934639 132
1786746934906 129
1786746935429 130
1786746935822 129
1786746936594 130
1786746936858 130
1786746937632 131
1786746937900 128
1786746938165 128
1786746938555 130
1786746938948 128
1786746939212 841
1786746940175 132
1786746940951 129
1786746941218 129
1786746941610 129
1786746941878 129
1786746942144 117
1786746942383 130
1786746943144 127
1786746943535 131
1786746943804 131
1786746944449 130
1786746945095 130
1786746945478 131
1786746945745 131
1786746946264 131
1786746946657 127
1786746947047 130
1786746947313 132
1786746947708 131
1786746947976 130
1786746948371 130
1786746948639 132
1786746948907 118
1786746949525 129
1786746949918 130
1786746950184 132
1786746950708 129
1786746951337 129
1786746951602 128
1786746951995 127
1786746952512 132
1786746953034 131
1786746953303 130
1786746953812 851
1786746955178 131
1786746955447 129
1786746955712 130
1786746956359 118
1786746956966 129
1786746957233 130
1786746957501 129
1786746957766 130
1786746958033 129
1786746958300 132
1786746958695 129
1786746958961 130
1786746959354 130
1786746959621 119
1786746959985 130
1786746960504 130
1786746960771 127
1786746961035 129
1786746961300 130
1786746961692 117
1786746962043 135
1786746962316 134
1786746963206 134
1786746963733 136
1786746964428 138
1786746964702 126
1786746965203 138
1786746965605 136
1786746965878 138
1786746966281 137
1786746966554 123
1786746967050 136
1786746967323 135
1786746967721 136
1786746968121 134
1786746968392 858
1786746969387 138
1786746969663 135
1786746969932 135
1786746970331 136
1786746970603 136
1786746971004 136
1786746971782 138
1786746972058 138
1786746972332 125
1786746972577 124
1786746972949 136
1786746973222 133
1786746973492 135
1786746974018 135
1786746974289 137
1786746974918 137
1786746975317 134
1786746975841 134
1786746976241 136
1786746976513 136
1786746976787 136
1786746977427 124
1786746977673 137
1786746977947 126
1786746978446 136
1786746978719 136
1786746978992 135
1786746979263 136
1786746979536 138
1786746979937 126
1786746980297 135
1786746980823 135
1786746981223 136
1786746981876 137
1786746982277 137
1786746982678 136
1786746983079 810
1786746984277 137
1786746984805 134
1786746985074 134
1786746985344 138
1786746985871 134
1786746986395 137
1786746986783 137
1786746987309 135
1786746988090 136
1786746988350 136
1786746989128 137
1786746989403 125
1786746989649 137
1786746990304 137
1786746990579 137
1786746990839 134
1786746991235 125
1786746991607 124
1786746991852 140
1786746992380 137
1786746992654 138
1786746993310 139
1786746993769 140
1786746994412 138
1786746994687 137
1786746995341 138
1786746995616 140
1786746995893 136
1786746996167 139
1786746996443 138
1786746996844 138
1786746997105 860
1786746998102 138
1786746998753 139
1786746999029 139
1786746999305 123
1786746999548 140
1786746999825 137
1786747000224 139
1786747000739 139
1786747001015 138
1786747001290 139
1786747001566 124
1786747001937 136
1786747002209 138
1786747002484 137
1786747002884 138
1786747003526 136
1786747003799 138
1786747004201 125
1786747004447 140
1786747004851 139
1786747005126 136
1786747005399 138
1786747005800 137
1786747006455 138
1786747006984 137
1786747007512 138
1786747007775 140
1786747008052 137
1786747008453 139
1786747008729 138
1786747009005 139
1786747009281 139
1786747009556 124
1786747009927 122
1786747010422 142
1786747010687 137
1786747010960 138
1786747011234 139
1786747011605 864
1786747012605 136
1786747013130 139
1786747013405 139
1786747013933 140
1786747014210 139
1786747014486 137
1786747014758 139
1786747015285 138
1786747015559 123
1786747016055 136
1786747016580 134
1786747016851 124
1786747017094 126
1786747017593 137
1786747017992 136
1786747018264 119
1786747018756 137
1786747019029 138
1786747019429 138
1786747019829 123
1786747020451 137
1786747020725 138
1786747021114 138
1786747021388 122
1786747021630 138
1786747021904 137
1786747022303 140
1786747022566 136
1786747022964 137
1786747023237 138
1786747023512 137
1786747023786 136
1786747024169 136
1786747024442 137
1786747024716 139
1786747025118 139
1786747025520 138
1786747025794 136
1786747026444 864
1786747027571 145
1786747028104 145
1786747028386 144
1786747028974 144
1786747029506 143
1786747030012 144
1786747030292 143
1786747030696 144
1786747030977 143
1786747031495 144
1786747031776 144
1786747032057 145
1786747032338 127
1786747032586 145
1786747032992 145
1786747033260 145
1786747033667 146
1786747033949 144
1786747034606 144
1786747034886 145
1786747035168 144
1786747035576 133
1786747035845 144
1786747036211 145
1786747036492 145
1786747036773 144
1786747037307 146
1786747037562 128
1786747038063 143
1786747038343 143
1786747038623 143
1786747039152 145
1786747039560 144
1786747039842 144
1786747040249 144
1786747040530 145
1786747040938 144
1786747041219 815
1786747042156 144
1786747042435 145
1786747042841 146
1786747043124 144
1786747043530 146
1786747043813 142
1786747044343 145
1786747044750 143
1786747045029 143
1786747045434 126
1786747045682 146
1786747046162 145
1786747046568 143
1786747046833 144
1786747047113 145
1786747047649 143
1786747048303 145
1786747048837 145
1786747049371 145
1786747049653 147
1786747050065 142
1786747050470 144
1786747051002 143
1786747051282 146
1786747051689 127
1786747052063 142
1786747052343 144
1786747052623 145
1786747053158 144
1786747053438 143
1786747053844 144
1786747054125 145
1786747054532 144
1786747055185 852
1786747056409 144
1786747056677 144
1786747057211 143
1786747057688 146
1786747057972 145
1786747058381 144
1786747058914 146
1786747059196 143
1786747059476 144
1786747059882 145
1786747060290 144
1786747060939 146
1786747061221 144
1786747061500 145
1786747061782 145
1786747062064 143
1786747062595 145
1786747063128 144
1786747063661 145
1786747063942 147
1786747064477 145
1786747064758 144
1786747065039 146
1786747065508 141
1786747065895 165
1786747066196 166
1786747066484 163
1786747066784 163
1786747067336 165
1786747068013 165
1786747068315 164
1786747068743 141
1786747069131 170
1786747069507 162
1786747069806 867
1786747070793 166
1786747071095 167
1786747071650 165
1786747071952 163
1786747072252 139
1786747072511 164
1786747072813 165
1786747073115 166
1786747073417 162
1786747073829 164
1786747074129 140
1786747074516 164
1786747074816 140
1786747075076 139
1786747075335 166
1786747075626 162
1786747075925 163
1786747076351 164
1786747076652 165
1786747076952 164
1786747077252 165
1786747078057 165
1786747078738 165
1786747079039 163
1786747079338 165
1786747079640 140
1786747079899 165
1786747080199 140
1786747080586 163
1786747081263 163
1786747081564 163
1786747081840 164
1786747082139 166
1786747082568 162
1786747082925 164
1786747083225 164
1786747083527 163
1786747083952 166
1786747084256 141
1786747084516 886
1786747085664 165
1786747085955 163
1786747086255 163
1786747086683 166
1786747086986 139
1786747087246 163
1786747087673 165
1786747087975 166
1786747088530 165
1786747088945 164
1786747089246 164
1786747089547 162
1786747089846 138
1786747090483 163
1786747090907 140
1786747091296 163
1786747091595 166
1786747091898 138
1786747092157 165
1786747092446 164
1786747093126 166
1786747093428 141
1786747093690 163
1786747093991 165
1786747094543 166
1786747094845 140
1786747095232 166
1786747095647 163
1786747096198 163
1786747096752 138
1786747097011 164
1786747097438 164
1786747097735 164
1786747098035 165
1786747098449 165
1786747098748 164
1786747099299 885
1786747100571 164
1786747100996 166
1786747101395 139
1786747102014 167
1786747102818 163
1786747103115 164
1786747103415 137
1786747103796 162
1786747104093 163
1786747104613 131
1786747104879 129
1786747105147 127
1786747105407 127
1786747105794 128
1786747106057 127
1786747106319 117
1786747106556 130
1786747107058 128
1786747107569 130
1786747107832 130
1786747108094 127
1786747108469 127
1786747108723 126
1786747109218 129
1786747109601 129
1786747109863 129
1786747112622 144
1786747113783 125
1786747114447 828
1786747116065 140
1786747116928 106
1786747117676 125
1786747118509 109
1786747118956 142
1786747120134 140
1786747121520 120
1786747136464 849
1786747137432 125
1786747137800 135
1786747138192 135
1786747139208 135
1786747152727 864
1786747153724 135
1786747153994 136
1786747154264 124
1786747154507 136
1786747154902 123
1786747168928 807
1786747169992 134
1786747170261 135
1786747170531 135
1786747171048 138
1786747172063 134
1786747172827 136
1786747185374 805
1786747186438 137
1786747187082 124
1786747187572 134
1786747187841 137
1786747188113 135
1786747188755 135
1786747201708 801
1786747202766 126
1786747203010 139
1786747203285 122
1786747204273 136
1786747204544 133
1786747205431 134
1786747218218 848
1786747219184 122
1786747219548 135
1786747220316 124
1786747220682 137
1786747221325 136
1786747221971 136
1786747223486 137
1786747234419 860
1786747235786 135
1786747236179 134
1786747236571 136
1786747237089 135
1786747237606 134
1786747238121 136
1786747238391 136
1786747240396 135
1786747251175 855
1786747252537 135
1786747252929 137
1786747253451 134
1786747255339 137
1786747256108 124
1786747256351 134
1786747257242 136
1786747257883 136
1786747267699 855
1786747268689 125
1786747269305 137
1786747269950 135
1786747270219 136
1786747270863 134
1786747271504 125
1786747272120 137
1786747272765 127
1786747273756 135
1786747285073 857
1786747286064 125
1786747286307 137
1786747287696 125
1786747289182 135
1786747289453 126
1786747290142 136
1786747291160 125
1786747301372 808
1786747302561 135
1786747302831 136
1786747303225 134
1786747303494 135
1786747304755 137
1786747306269 135
1786747306539 134
1786747307920 136
1786747309553 135
1786747317384 814
1786747319453 136
1786747320096 124
1786747320338 126
1786747321329 125
1786747323309 138
1786747323582 126
1786747324699 126
1786747326311 137
1786747334272 857
1786747335389 135
1786747336033 134
1786747336424 125
1786747337539 136
1786747340042 134
1786747340436 135
1786747341204 137
1786747343341 137
1786747349338 811
1786747351276 136
1786747351672 136
1786747352693 134
1786747352962 134
1786747353356 124
1786747353972 133
1786747354739 135
1786747357246 135
1786747357517 134
1786747359030 136
1786747359550 135
1786747359820 136
1786747367414 857
1786747369152 136
1786747369423 136
1786747369818 134
1786747370087 138
1786747370485 124
1786747371226 136
1786747372485 137
1786747372757 135
1786747375509 125
1786747377123 134
1786747377517 134
1786747384740 845
1786747385705 136
1786747386101 136
1786747386744 135
1786747387388 136
1786747388775 138
1786747389422 134
1786747389938 136
1786747392942 136
1786747393956 125
1786747401043 858
1786747402781 135
1786747403051 135
1786747404738 124
1786747405483 126
1786747406347 137
1786747406868 136
1786747409124 135
1786747410463 135
1786747410856 136
1786747417955 810
1786747419024 137
1786747419297 136
1786747419691 136
1786747419963 134
1786747420356 133
1786747421123 136
1786747422629 136
1786747423023 124
1786747423267 135
1786747427014 125
1786747427630 137
1786747428027 135
1786747435275 807
1786747436215 136
1786747436486 126
1786747436730 125
1786747437097 137
1786747437369 134
1786747438379 136
1786747439632 120
1786747441374 124
1786747445219 136
1786747445490 134
1786747451460 815
1786747452782 136
1786747453177 137
1786747453697 137
1786747454465 136
1786747455109 134
1786747457364 126
1786747459349 138
1786747460988 126
1786747463965 135
1786747464235 137
1786747465000 136
1786747468757 857
1786747470121 138
1786747470395 135
1786747470664 136
1786747472670 135
1786747475309 134
1786747476570 135
1786747477832 137
1786747478104 136
1786747479860 137
1786747481989 137
1786747485476 849
1786747486444 135
1786747486963 137
1786747487859 134
1786747490239 136
1786747490636 135
1786747495361 136
1786747498231 125
1786747498598 134
1786747502108 864
1786747503107 134
1786747503376 136
1786747503647 135
1786747503917 135
1786747506053 126
1786747506298 135
1786747511047 135
1786747511691 123
1786747513177 140
1786747515688 137
1786747517693 858
1786747519801 137
1786747520073 137
1786747520347 124
1786747523076 135
1786747524213 136
1786747525351 136
1786747525624 136
1786747528370 134
1786747528762 135
1786747529976 134
1786747533973 858
1786747536453 136
1786747536849 136
1786747537245 123
1786747537859 124
1786747538103 134
1786747541221 138
1786747547597 135
1786747547865 124
1786747548108 135
1786747550484 863
1786747551606 136
1786747553244 137
1786747553764 126
1786747554007 137
1786747554279 134
1786747556407 137
1786747557551 136
1786747558070 123
1786747558683 137
1786747564678 135
1786747565444 795
1786747567966 125
1786747569699 136
1786747569970 126
1786747570340 140
1786747570613 125
1786747571228 136
1786747573118 136
1786747573391 128
1786747575008 127
1786747577242 125
1786747581715 811
1786747585272 124
1786747586011 134
1786747586278 136
1786747586548 125
1786747587163 135
1786747587680 137
1786747588325 143
1786747588727 138
1786747590365 135
1786747591504 126
1786747592745 138
1786747593267 137
1786747598518 861
1786747600384 136
1786747603010 136
1786747603527 138
1786747604047 137
1786747604319 136
1786747604715 134
1786747605356 135
1786747607113 136
1786747607508 137
1786747609768 138
1786747617136 859
1786747619622 132
1786747620138 124
1786747620628 136
1786747621270 137
1786747623407 136
1786747625532 137
1786747628902 139
1786747632527 865
1786747635510 136
1786747635905 124
1786747636148 138
1786747636420 136
1786747637928 136
1786747638693 137
1786747639087 135
1786747639482 135
1786747639752 134
1786747640391 138
1786747642027 138
1786747643665 139
1786747646790 138
1786747650910 861
1786747653020 136
1786747653540 136
1786747655425 137
1786747655943 137
1786747656586 135
1786747657853 137
1786747659249 137
1786747666586 806
1786747668272 137
1786747669413 137
1786747669684 137
1786747671075 137
1786747671347 136
1786747672362 137
1786747673006 135
1786747673898 134
1786747674788 137
1786747677174 137
1786747677447 135
1786747685306 805
1786747686246 136
1786747686518 126
1786747687132 137
1786747687526 125
1786747689261 136
1786747689533 137
1786747689930 137
1786747691442 137
1786747691712 135
1786747692231 136
1786747693124 134
1786747697120 138
1786747702357 860
1786747704099 134
1786747704495 134
1786747705511 138
1786747707277 135
1786747707671 135
1786747707941 135
1786747708708 125
1786747711563 136
1786747716192 137
1786747719080 857
1786747720072 125
1786747720938 136
1786747722824 136
1786747723093 135
1786747723986 137
1786747724504 136
1786747724775 134
1786747726661 136
1786747727305 124
1786747727547 124
1786747729409 136
1786747735776 865
1786747737272 127
1786747738265 136
1786747739532 137
1786747739804 137
1786747742068 139
1786747742963 139
1786747743362 137
1786747743633 138
1786747746023 137
1786747753270 810
1786747754214 139
1786747754860 133
1786747756118 136
1786747756761 138
1786747757033 136
1786747757429 136
1786747759442 125
1786747760560 137
1786747761577 134
1786747762835 136
1786747766838 136
1786747769596 848
1786747772419 137
1786747773187 137
1786747773459 135
1786747773729 135
1786747775116 136
1786747775386 135
1786747776773 138
1786747778165 135
1786747779429 135
1786747779824 136
1786747786037 861
1786747788276 138
1786747788673 135
1786747790432 136
1786747790703 135
1786747791098 123
1786747791339 136
1786747792971 138
1786747793491 137
1786747793762 136
1786747794775 136
1786747796390 135
1786747797409 137
1786747803288 862
1786747805032 136
1786747805429 137
1786747806076 126
1786747807565 136
1786747807835 139
1786747808108 136
1786747808628 138
1786747809274 138
1786747810664 136
1786747813788 138
1786747815427 125
1786747818033 807
1786747820969 136
1786747822609 136
1786747823503 125
1786747824739 134
1786747825007 134
1786747825275 127
1786747825643 135
1786747825913 124
1786747828020 135
1786747828789 138
1786747829681 137
1786747831443 138
1786747836931 854
1786747837903 135
1786747838173 137
1786747840431 138
1786747841570 124
1786747842681 139
1786747843203 138
1786747844834 135
1786747846968 125
1786747848825 135
1786747851575 808
1786747854251 137
1786747855019 136
1786747857274 136
1786747857916 122
1786747858651 138
1786747860167 134
1786747861181 137
1786747861701 124
1786747863310 134
1786747863828 136
1786747864971 137
1786747866232 809
1786747867425 137
1786747871053 135
1786747873937 136
1786747875574 126
1786747876068 136
1786747876588 137
1786747877605 137
1786747878868 136
1786747879638 137
1786747881275 862
1786747882520 138
1786747884407 134
1786747885550 123
1786747888017 125
1786747889622 139
1786747890019 137
1786747891278 137
1786747892538 137
1786747894909 137
1786747895925 805
1786747898106 137
1786747900363 135
1786747901373 134
1786747904995 124
1786747905486 138
1786747906006 135
1786747906893 136
1786747908284 137
1786747909549 135
1786747910065 858
1786747911926 123
1786747913905 126
1786747914521 137
1786747914793 137
1786747917793 137
1786747920302 125
1786747920794 138
1786748003350 840
1786748007381 120
1786748014163 136
1786748028155 845
1786748029260 134
1786748029647 121
1786748029905 137
1786748031312 122
1786748031948 135
1786748032792 134
1786748033064 138
1786748033338 135
1786748033696 110
1786748054999 838
1786748056837 125
1786748087754 878
1786748089464 120
1786748090895 117
1786748091786 129
1786748093873 119
1786748094240 132
1786748094738 130
1786748095006 132
1786748095391 129
1786748095658 129
1786748095926 118
1786748096168 119
1786748096511 129
1786748097033 130
1786748097290 114
1786748097532 115
1786748097786 129
1786748098182 129
1786748099686 130
1786748241481 893
1786748242513 163
1786748243141 126
1786748244763 121
1786748245477 136
1786748247314 136
1786748247578 123
1786748247967 137
1786748248241 137
1786748248769 136
1786748249044 125
1786748250017 123
1786748250268 120
1786748250517 124
1786748250768 120
1786748397995 878
1786748548918 818
1786748549875 127
1786748701487 820
1786748702446 139
1786748832287 854
1786748835085 139
1786748835363 136
1786748837416 125
1786748852715 854
1786748853707 137
1786748854108 124
1786748854479 138
1786748854882 124
1786748855255 124
1786748855875 124
1786748984530 879
1786748987462 165
1786748987892 136
1786748990122 138
1786749002319 870
1786749003579 137
1786749004375 138
1786749004649 123
1786749005022 138
1786749005299 135
1786749005700 126
1786749006328 124
1786749134960 856
1786749137906 164
1786749138194 136
1786749140384 137
1786749154451 879
1786749155681 127
1786749155947 139
1786749156214 122
1786749156790 123
1786749157175 138
1786749157453 137
1786749157847 124
1786749158097 123
1786749158483 137
1786749158747 123
1786749284971 896
1786749287990 124
1786749290160 127
1786749309266 840
1786749310480 124
1786749310716 110
1786749310948 139
1786749311440 108
1786749311669 138
1786749311947 138
1786749437497 833
1786749440371 163
1786749440749 120
1786749442946 110
1786749459724 857
1786749460703 137
1786749461327 137
1786749461959 124
1786749462445 109
1786749462677 137
1786749462940 108
1786749463172 125
1786749586802 899
1786749589787 166
1786749590180 111
1786749592338 136
1786749597033 136
1786749611401 870
1786749613027 124
1786749613279 123
1786749613666 139
1786749613943 123
1786749614539 123
1786749616513 138
1786749616877 108
1786749617106 139
1786749617483 137
1786749617759 123
1786749618004 137
1786749740305 844
1786749741287 140
1786749742899 110
1786749743505 139
1786749745291 138
1786749747699 137
1786749750617 137
1786749765488 865
1786749767235 139
1786749767509 138
1786749768033 123
1786749770275 139
1786749804549 877
1786749893585 902
1786749896130 126
1786749896756 138
1786749898546 135
1786749900837 137
1786749920150 878
1786749921164 145
1786749921569 142
1786749921848 144
1786749924122 146
1786749924402 144
1786749924805 145
1786749925085 143
1786749925365 129
1786749925860 145
1786749926140 145
1786749926795 145
1786749927951 128
1786749928453 145
1786749929735 145
1786750046347 866
1786750049261 130
1786750049503 139
1786750051638 139
1786750077690 864
1786750078820 129
1786750079059 128
1786750079314 111
1786750079647 143
1786750079928 145
1786750080212 145
1786750081184 129
1786750081441 112
1786750081675 144
1786750081957 144
1786750082239 129
1786750082479 110
1786750083541 147
1786750197549 867
1786750200457 128
1786750201231 138
1786750203418 138
1786750231330 827
1786750232424 145
1786750232707 144
1786750233243 128
1786750233494 144
1786750233776 143
1786750234059 144
1786750234331 113
1786750234566 144
1786750235612 144
1786750235894 128
1786750236398 127
1786750237254 145
1786750351189 851
1786750354074 131
1786750355230 138
1786750357473 125
1786750385429 826
1786750386393 143
1786750386801 145
1786750387085 126
1786750387461 146
1786750387746 144
1786750388027 127
1786750388756 127
1786750389006 127
1786750389373 111
1786750389595 130
1786750389990 144
1786750390528 145
1786750390801 131
1786750501200 814
1786750504012 129
1786750505480 138
1786750507687 138
1786750538905 881
1786750540026 129
1786750540265 130
1786750540533 144
1786750540930 112
1786750541165 127
1786750541514 145
1786750541797 147
1786750542084 146
1786750542368 143
1786750543332 146
1786750543615 126
1786750543993 145
1786750544619 113
1786750652518 814
1786750655477 120
1786750657287 127
1786750659532 138
1786750692168 882
1786750693543 144
1786750694165 130
1786750694422 111
1786750695010 126
1786750695612 144
1786750695884 131
1786750696280 145
1786750697068 147
1786750697353 143
1786750697850 129
1786750698245 127
1786750802608 798
1786750803547 129
1786750805605 121
1786750807805 139
1786750809941 126
1786750846589 832
1786750847937 143
1786750848219 142
1786750848744 129
1786750849011 145
1786750849620 144
1786750850157 145
1786750850430 132
1786750850830 145
1786750851242 127
1786750851493 143
1786750851902 128
1786750852505 127
1786750955220 869
1786750958211 103
1786750960761 126
1786750963017 126
1786750999074 870
1786751000419 146
1786751001049 130
1786751001696 145
1786751002358 147
1786751002643 146
1786751003142 111
1786751003719 134
1786751003992 146
1786751004402 128
1786751005321 130
1786751106406 873
1786751107409 116
1786751109467 129
1786751112820 119
1786751115050 141
1786751153197 827
1786751154417 144
1786751154700 145
1786751155112 147
1786751155396 143
1786751155974 147
1786751156260 144
1786751156541 146
1786751156955 145
1786751158115 128
1786751158365 145
1786751158766 112
1786751159738 145
1786751257577 878
1786751260523 129
1786751264114 139
1786751266299 126
1786751307501 856
1786751308564 111
1786751308797 128
1786751309302 128
1786751309641 129
1786751309909 128
1786751310415 144
1786751311076 145
1786751312170 145
1786751407358 870
1786751408366 131
1786751410402 115
1786751414776 139
1786751416967 124
1786751459818 867
1786751460936 145
1786751461346 145
1786751461730 129
1786751462714 146
1786751462998 144
1786751463270 131
1786751463539 128
1786751463792 144
1786751464063 110
1786751464423 128
1786751464788 113
1786751560137 867
1786751563121 130
1786751568017 126
1786751570304 138
1786751613434 881
1786751614832 128
1786751615435 145
1786751616072 144
1786751616355 128
1786751616730 145
1786751617013 125
1786751617262 144
1786751617675 127
1786751712751 869
1786751715677 119
1786751720924 123
1786751765583 832
1786751766899 129
1786751767165 145
1786751767774 146
1786751768411 126
1786751768659 129
1786751769164 145
1786751769449 128
1786751769825 129
1786751770335 147
1786751770807 130
1786751771065 113
1786751771288 130
1786751863720 869
1786751866651 115
1786751872231 139
1786751919687 837
1786751920764 146
1786751921038 132
1786751921296 113
1786751921758 144
1786751922420 144
1786751922702 144
1786751924171 145
1786751924835 143
1786751925876 145
1786751926148 130
1786751926666 145
1786751927193 133
1786752014746 807
1786752017604 130
1786752023483 127
1786752074417 832
1786752075641 128
1786752075892 127
1786752076367 126
1786752076603 129
1786752076860 129
1786752077118 111
1786752077350 143
1786752077885 127
1786752078421 113
1786752079549 146
1786752079833 144
1786752080105 130
1786752163983 875
1786752166838 131
1786752173185 139
1786752227298 862
1786752228407 144
1786752229283 129
1786752229552 129
1786752229805 143
1786752230088 145
1786752230471 128
1786752230709 110
1786752231311 129
1786752231962 128
1786752232794 146
1786752313576 852
1786752316495 102
1786752323267 140
1786752380405 822
1786752381366 145
1786752381650 144
1786752382059 145
1786752382441 145
1786752383402 146
1786752383688 144
1786752383971 145
1786752384254 129
1786752384506 144
1786752384788 145
1786752385457 145
1786752386124 128
1786752386362 129
1786752463332 817
1786752464288 130
1786752466415 128
1786752534708 880
1786752536108 128
1786752536770 129
1786752537291 129
1786752537544 128
1786752538050 144
1786752538466 145
1786752538966 130
1786752613849 875
1786752614863 129
1786752616946 121
1786752687051 891
1786752688464 128
1786752689094 144
1786752689675 144
1786752690338 113
1786752690575 127
1786752690951 144
1786752691236 144
1786752692406 144
1786752693549 126
1786752693798 146
1786752694334 145
1786752694618 143
1786752694900 146
1786752764648 846
1786752767627 131
1786752841017 834
1786752842360 128
1786752842626 145
1786752843165 146
1786752843450 127
1786752844054 145
1786752844336 143
1786752845762 146
1786752846386 129
1786752847586 144
1786752847857 128
1786752915507 874
1786752916522 130
1786752918599 129
1786752931181 875
1786752995512 860
1786752996751 145
1786752997034 144
1786752997568 128
1786752997806 111
1786752998166 144
1786752999792 145
1786753000076 145
1786753000559 144
1786753001265 128
1786753001632 111
1786753068190 871
1786753071109 114
1786753077144 129
1786753078387 129
1786753079814 114
1786753082017 128
1786753083692 862
1786753145976 839
1786753150857 146
1786753151521 145
1786753153506 128
1786753153775 127
1786753154026 146
1786753154312 145
1786753154949 128
1786753155555 128
1786753156645 145
1786753156928 142
1786753157208 146
1786753222903 856
1786753225875 130
1786753293429 874
1786753294807 128
1786753295174 110
1786753300504 143
1786753300775 130
1786753303703 145
1786753305755 147
1786753306852 144
1786753307519 146
1786753308130 146
1786753309242 880
1786753310261 142
1786753310532 128
1786753376844 820
1786753379716 131
1786753446161 887
1786753447442 145
1786753447726 143
1786753448260 144
1786753449449 143
1786753449721 129
1786753456538 110
1786753458671 145
1786753460301 145
1786753460912 145
1786753461577 886
1786753463239 143
1786753463510 129
1786753530246 873
1786753533171 130
1786753534332 129
1786753540379 128
1786753599484 890
1786753600512 143
1786753601023 146
1786753601296 112
1786753602393 146
1786753602678 128
1786753603044 111
1786753603904 128
1786753611965 130
1786753613973 112
1786753614537 895
1786753615927 144
1786753616594 128
1786753684763 876
1786753687648 112
1786753688283 130
1786753692930 130
1786753753760 839
1786753754865 127
1786753755242 127
1786753755747 146
1786753758795 129
1786753764869 127
1786753765122 129
1786753767463 127
1786753768100 872
1786753769537 130
1786753770702 144
1786753771103 130
1786753836023 880
1786753838994 115
1786753843979 103
1786753906901 880
1786753908128 146
1786753908400 128
1786753908921 145
1786753911499 128
1786753917643 128
1786753920681 147
1786753921446 145
1786753922028 896
1786753923898 145
1786753924180 146
1786753924590 146
1786753988065 865
1786753991047 118
1786753994632 131
1786753994905 132
1786754060233 839
1786754061212 128
1786754061589 144
1786754061861 111
1786754065856 145
1786754068284 146
1786754068671 147
1786754074076 144
1786754074745 892
1786754076154 144
1786754077204 145
1786754077488 145
1786754078013 128
1786754078523 128
1786754141059 879
1786754142078 131
1786754144188 130
1786754213474 893
1786754214493 129
1786754214889 127
1786754218726 128
1786754221386 130
1786754221656 146
1786754221942 145
1786754227727 146
1786754228466 144
1786754229096 805
1786754230874 127
1786754231123 145
1786754231634 146
1786754291459 881
1786754294430 131
1786754366702 894
1786754367963 145
1786754368575 128
1786754368827 128
1786754369265 129
1786754371679 110
1786754378118 147
1786754378648 130
1786754382180 895
1786754383213 144
1786754383750 143
1786754384031 129
1786754384538 126
1786754384775 130
1786754385229 112
1786754442254 882
1786754445259 130
1786754445783 131
1786754449572 118
1786754521023 873
1786754522148 128
1786754523052 143
1786754523324 110
1786754523801 131
1786754525309 129
1786754533743 145
1786754534227 147
1786754537466 882
1786754538745 146
1786754595919 864
1786754596922 120
1786754598982 116
1786754599225 115
1786754599736 130
1786754600519 130
1786754674855 896
1786754675878 131
1786754676956 148
1786754677230 131
1786754677751 144
1786754679478 146
1786754688566 146
1786754688851 146
1786754689239 144
1786754691851 896
1786754747274 872
1786754748735 117
1786754749378 120
1786754750429 132
1786754750702 130
1786754751074 132
1786754751334 102
1786754752042 130
1786754828538 879
1786754829654 144
1786754830506 130
1786754830775 129
1786754831282 145
1786754834816 146
1786754843234 146
1786754843649 894
1786754846473 132
1786754892944 899
1786754893980 127
1786754896005 144
1786754896518 148
1786754896934 128
1786754903503 114
1786754905716 114
1786754981905 873
1786754983661 148
1786754983947 146
1786754984233 127
1786754984485 143
1786754984766 128
1786754985016 126
1786754989405 129
1786754989674 145
1786754997753 898
1786754999049 146
1786755001475 131
1786755001862 111
1786755045346 900
1786755046373 129
1786755047406 129
1786755047673 149
1786755048089 129
1786755050733 144
1786755056975 129
1786755059186 131
1786755138699 844
1786755141483 146
1786755152510 147
1786755153000 892
1786755155251 130
1786755170172 897
1786755171663 144
1786755198222 825
1786755199311 127
1786755199549 131
1786755200200 127
1786755200905 145
1786755201965 130
1786755202205 110
1786755202439 144
1786755202853 129
1786755206546 128
1786755209206 120
1786755211295 103
1786755294376 866
1786755295537 131
1786755301858 128
1786755302226 127
1786755346009 893
1786755347028 147
1786755347453 148
1786755347740 145
1786755348027 146
1786755348313 885
1786755349319 145
1786755349604 147
1786755349890 144
1786755350175 147
1786755350462 147
1786755350750 850
1786755351740 147
1786755352167 150
1786755352449 150
1786755352741 148
1786755353031 867
1786755354040 150
1786755354333 148
1786755354610 146
1786755354899 151
1786755355193 147
1786755408134 927
1786755428565 911
1786755430293 132
1786755433649 150
1786755440170 113
1786755455367 928
1786755456536 150
1786755456828 150
1786755457249 131
1786755457695 148
1786755458101 132
1786755458377 149
1786755459442 132
1786755459917 132
1786755460190 151
1786755460612 149
1786755488893 895
1786755489913 152
1786755490206 150
1786755490496 151
1786755518261 916
1786755521232 128
1786755968349 928
1786755969782 143
1786757168376 870
1786757171355 144
1786770622543 900
1786770692034 893
1786770693037 131
1786770707104 114
1786770709585 918
1786770712626 104
1786770716886 126
1786770719003 127
1786777964999 916
1786777966045 116
1786777966290 117
1786777966537 104
1786777966750 115
1786777967008 132
1786777967282 133
1786777967556 133
1786777967831 135
1786777968095 142
1786777968379 143
1786777968652 126
1786777968919 129
1786777969160 125
1786777969427 144
1786777969713 143
1786777969997 142
1786777970269 127
1786777970528 110
1786777970761 140
1786777971044 141
1786777971327 145
1786777971614 130
1786777971868 142
1786777972153 143
1786777972437 143
1786777972722 128
1786777972976 142
1786777973261 129
1786777973515 129
1786777973769 140
1786777974053 130
1786777974570 130
1786781829088 927
1786781856122 927
1786781859216 130
1786783067446 924
1786783070485 125
1786787094834 924
1786787096239 167
1786787097270 152
1786787098531 168
1786787100056 170
1786787101000 167
1786787101455 172
1786787102326 166
1786787102640 166
1786787103220 140
1786787104561 167
1786787104873 167
1786787138540 939
1786788345527 890
1786788347741 137
1786788349583 134
1786788458450 953
1786788492489 931
1786788495480 140
1786788495894 154
1786788496189 133
1786788497153 115
1786788497392 152
1786788497929 136
1786788498582 136
1786788498859 134
1786788499103 115
1786788499430 134
1786788499705 154
1786788500245 139
1786788500526 133
1786788501003 137
1786788501869 151
1786788646940 893
1786788647975 151
1786788648269 153
1786788648564 132
1786789243924 936
1786789245130 142
1786789245397 169
1786789246609 143
1786789250641 124
1786789251291 142
1786789251574 141
1786789252087 143
1786789252732 143
1786789253017 129
1786789253369 140
1786789253650 128
1786789254847 130
1786789390562 915
1786789393614 142
1786789398165 166
1786789400423 165
1786789400990 130
1786789402021 143
1786789402306 143
1786789402591 143
1786789402864 111
1786789403555 128
1786789403938 130
1786789404178 113
1786789404416 128
1786789404788 126
1786789405184 127
1786789406272 905
1786789407301 129
1786789407813 140
1786789408743 130
1786789544015 938
1786789546988 123
1786789551454 166
1786789553760 142
1786789556281 144
1786789557022 138
1786789557290 125
1786789557777 125
1786789558370 140
1786789558652 143
1786789559067 141
1786789559337 108
1786789559897 140
1786789560563 875
1786789562464 127
1786789562715 128
1786789563183 125
1786789695877 918
1786789698892 142
1786789703310 141
1786789705497 122
1786789707559 143
1786789707843 141
1786789708125 139
1786789708669 141
1786789709067 123
1786789709333 139
1786789709871 128
1786789710355 141
1786789711013 125
1786789711633 128
1786789712787 918
1786789713829 142
1786789714240 128
1786789714817 144
1786789849542 856
1786789852449 125
1786789856979 155
1786789859269 166
1786789861947 126
1786789862213 143
1786789862597 141
1786789862880 140
1786789863161 141
1786789863573 128
1786789865241 907
1786789866630 127
1786789867264 141
1786789868516 133
1786789994430 904
1786789995458 133
1786789995720 115
1786789996104 132
1786790003332 143
1786790005588 128
1786790010690 898
1786790015649 127
1786790015899 143
1786790017103 141
1786790017383 128
1786790017763 142
1786790019408 144
1786790020149 142
1786790020818 142
1786790021786 130
1786790147188 923
1786790155319 141
1786790157536 145
1786790163316 958
1786790167052 125
1786790167449 127
1786790167928 140
1786790168567 127
1786790169175 144
1786790170391 126
1786790170659 142
1786790171059 124
1786790172788 142
1786790173458 141
1786790174119 127
1786790174813 143
1786790306288 939
1786790309398 123
1786790315946 167
1786790319136 127
1786790319516 141
1786790320181 142
1786790320685 124
1786790320939 124
1786790322148 144
1786790322434 879
1786790323586 143
1786790326901 142
1786790458775 947
1786790461789 151
1786790468891 135
1786790472116 153
1786790472513 155
1786790472928 135
1786790473589 154
1786790474245 155
1786790474529 135
1786790474937 946
1786790476025 150
1786790477194 151
1786790477475 112
1786790477841 130
1786790480184 151
1786790605161 872
1786790613791 152
1786790616025 153
1786790622933 927
1786790626379 149
1786790626658 134
1786790627062 132
1786790627317 154
1786790627943 150
1786790628452 135
1786790628728 152
1786790629276 151
1786790629569 151
1786790630092 152
1786790631260 153
1786790631552 133
1786790632069 133
1786790633567 151
1786790765876 946
1786790768907 135
1786790775537 134
1786790779364 152
1786790779989 132
1786790780245 153
1786790780793 133
1786790781050 150
1786790781558 134
1786790781834 946
1786790783670 150
1786790783961 150
1786790784241 116
1786790784468 134
1786790784743 131
1786790786602 151
1786790910934 918
1786790920036 152
1786790922302 153
1786790928735 929
1786790929806 132
1786790934366 136
1786790934643 150
1786790935191 154
1786790935746 151
1786790936028 136
1786790936694 153
1786790937247 152
1786790937530 138
1786790937937 154
1786790938231 133
1786790938878 152
1786790939173 154
1786790939598 153
1786790940668 153
1786791072866 950
1786791073947 135
1786791076067 134
1786791082374 132
1786791087410 113
1786791087635 133
1786791087911 131
1786791088166 151
1786791088714 152
1786791089138 947
1786791090555 152
1786791090978 151
1786791091272 150
1786791091554 113
1786791091893 132
1786791092796 153
1786791093080 133
1786791093591 151
1786791094507 127
1786791226529 927
1786791229572 152
1786791235842 114
1786791241314 149
1786791241605 133
1786791241863 151
1786791242275 116
1786791242748 926
1786791244127 154
1786791244423 153
1786791244718 132
1786791245061 134
1786791245325 138
1786791246329 151
1786791246610 115
1786791247079 152
1786791247707 129
1786791379820 945
1786791382821 137
1786791388909 112
1786791394558 136
1786791394836 152
1786791395130 133
1786791395533 133
1786791395793 944
1786791396828 152
1786791397513 153
1786791397922 134
1786791398197 132
1786791398452 151
1786791398747 150
1786791399780 134
1786791400055 150
1786791400476 133
1786791400821 134
1786791532872 937
1786791533932 166
1786791536162 142
1786791541879 125
1786791547989 166
1786791548648 149
1786791549268 963
1786791550370 142
1786791550734 168
1786791551031 152
1786791551313 124
1786791551664 145
1786791551934 168
1786791552493 123
1786791553381 143
1786791678630 927
1786791687017 151
1786791689233 151
1786791694990 883
1786791701590 167
1786791702288 165
1786791702857 142
1786791703112 150
1786791703633 166
1786791704416 149
1786791704696 147
1786791705117 166
1786791705425 167
1786791705735 168
1786791706303 142
1786791706569 141
1786791706834 143
1786791831880 931
1786791840845 165
1786791843163 168
1786791848787 924
1786791855389 165
1786791856081 140
1786791856680 141
1786791856945 169
1786791857387 167
1786791857695 141
1786791858220 166
1786791858527 167
1786791858824 122
1786791859201 165
1786791859497 122
1786791859975 142
1786791860630 142
1786791984730 928
1786791994347 150
1786791996589 166
1786792002153 880
1786792009013 142
1786792009279 167
1786792009716 164
1786792010283 142
1786792010942 165
1786792011595 150
1786792012508 168
1786792012947 166
1786792013256 168
1786792013565 143
1786792136277 922
1786792137455 127
1786792138422 107
1786792138654 143
1786792147813 167
1786792150068 168
1786792155585 920
1786792161359 166
1786792161666 167
1786792162105 166
1786792164223 140
1786792164851 142
1786792165103 124
1786792165740 167
1786792166670 167
1786792281542 922
1786792282588 129
1786792290350 124
1786792291079 140
1786792303029 937
1786792306028 166
1786792311669 139
1786792312791 122
1786792313057 130
1786792313629 151
1786792314271 150
1786792316791 167
1786792317102 142
1786792317501 166
1786792318375 166
1786792319043 903
1786792320485 169
1786792321452 166
1786792321760 169
1786792323505 167
1786792443506 925
1786792444966 144
1786792445253 128
1786792458284 139
1786792460460 961
1786792466509 129
1786792466763 140
1786792467306 139
1786792467587 139
1786792468157 122
1786792469172 148
1786792469464 139
1786792471211 168
1786792471522 141
1786792472049 142
1786792472579 167
1786792472888 166
1786792473197 169
1786792475496 149
1786792475787 170
1786792476357 141
1786792477537 966
1786792478645 168
1786792479085 169
1786792615042 906
1786792616079 152
1786792618203 171
1786792622877 150
1786792623501 126
1786792625346 129
1786792625718 122
1786792625984 142
1786792627593 167
1786792628162 165
1786792628457 147
1786792629537 166
1786792629834 149
1786792630255 940
1786792631307 124
1786792634397 124
1786792771060 875
1786792774036 104
1786792777971 124
1786792778584 132
1786792779098 128
1786792779369 144
1786792779919 144
1786792780599 143
1786792780884 142
1786792781300 144
1786792782110 143
1786792782399 134
1786792924100 931
1786792926990 123
1786792928055 104
1786792928514 133
1786792930482 133
1786792930760 132
1786792931303 123
1786792931914 132
1786792932421 142
1786792932694 127
1786792933297 143
1786792933584 142
1786792934119 127
1786792935220 144
1786792935495 126
1786792935867 128
1786793080878 876
1786793082130 133
1786793082406 133
1786793082769 117
1786793083726 132
1786793084002 133
1786793084409 122
1786793086155 122
1786793087250 109
1786793089517 127
1786793090265 142
1786793192018 952
1786793193508 153
1786793194191 132
1786793232194 917
1786793234243 135
1786793234521 123
1786793235419 134
1786793235685 119
1786793235947 122
1786793236298 123
1786793236532 115
1786793237733 103
1786793240256 127
1786793242453 143
1786793243392 143
1786793249011 873
1786793250677 134
1786793343791 958
1786793345251 150
1786793345934 153
1786793346751 132
1786793386954 931
1786793389045 133
1786793389685 121
1786793390264 132
1786793390540 133
1786793391048 134
1786793391324 135
1786793391734 135
1786793392363 116
1786793395060 127
1786793397329 126
1786793398294 144
1786793403831 936
1786793405634 155
1786793497183 957
1786793498679 151
1786793499350 137
1786793500473 134
1786793500749 151
1786793542524 924
1786793545216 133
1786793545492 133
1786793545755 115
1786793549725 144
1786793550930 142
1786793552059 125
1786793552328 144
1786793552866 127
1786793553268 145
1786793553557 147
1786793558123 105
1786793559971 925
1786793650220 953
1786793651708 152
1786793652383 135
1786793653471 114
1786793653710 152
1786793654137 151
1786793654532 155
1786793697896 875
1786793700838 134
1786793704638 143
1786793704924 141
1786793705455 124
1786793705723 145
1786793706279 143
1786793707407 111
1786793707644 144
1786793708192 147
1786793708873 129
1786793713118 859
1786793715872 136
1786793803534 958
1786793804766 153
1786793805320 151
1786793806531 153
1786793806828 131
1786793807203 139
1786793808002 153
1786793853232 878
1786793856211 116
1786793859862 126
1786793860130 142
1786793860767 126
1786793861353 125
1786793862524 127
1786793862794 142
1786793863197 110
1786793863435 128
1786793867820 134
1786793870064 939
1786793956547 975
1786793957766 167
1786793958912 149
1786793959204 168
1786793959616 168
1786793961013 170
1786794008474 954
1786794011468 123
1786794015193 156
1786794017462 133
1786794017707 138
1786794017987 155
1786794018285 133
1786794019193 137
1786794019475 156
1786794023164 141
1786794025398 953
1786794026493 165
1786794107659 902
1786794110603 165
1786794111172 141
1786794111437 167
1786794111747 169
1786794112190 168
1786794113805 141
1786794114057 151
1786794118532 165
1786794163178 949
1786794166274 142
1786794169757 115
1786794171537 135
1786794171816 134
1786794172205 156
1786794172505 134
1786794172996 154
1786794174213 139
1786794179341 141
1786794260456 896
1786794261626 167
1786794261924 152
1786794263869 170
1786794264182 169
1786794266067 141
1786794270742 166
1786794316633 936
1786794319633 143
1786794323974 154
1786794324898 157
1786794325329 133
1786794325587 152
1786794326704 138
1786794326985 153
1786794327382 153
1786794327766 138
1786794332852 949
1786794413558 930
1786794416574 166
1786794417013 166
1786794417325 167
1786794417753 151
1786794419897 169
1786794423983 169
1786794472076 945
1786794475125 123
1786794480104 154
1786794480400 134
1786794480922 155
1786794481602 138
1786794482797 142
1786794564193 966
1786794565827 169
1786794568365 167
1786794568662 148
1786794568940 150
1786794569231 169
1786794569674 167
1786794570235 150
1786794570528 166
1786794570955 149
1786794573052 151
1786794625123 889
1786794628160 111
1786794632968 133
1786794634058 157
1786794634357 135
1786794634748 134
1786794635653 113
1786794635892 153
1786794641810 948
1786794718272 972
1786794719750 167
1786794720379 149
1786794720803 170
1786794721478 141
1786794721743 168
1786794722043 151
1786794722468 167
1786794722766 151
1786794779434 889
1786794782421 128
1786794786989 152
1786794789249 132
1786794789843 153
1786794795213 890
1786794796248 144
1786794796767 129
1786794797750 167
1786794871840 919
1786794872902 166
1786794873460 149
1786794874347 167
1786794874788 167
1786794875100 169
1786794875412 169
1786794875712 150
1786794876135 141
1786794934088 944
1786794937121 143
1786794941608 135
1786794943849 156
1786794944379 154
1786794944675 154
1786794949937 143
1786794950223 946
1786794951444 142
1786794952520 140
1786795024905 945
1786795026357 150
1786795027569 168
1786795027880 169
1786795028194 166
1786795028491 152
1786795029049 172
1786795029730 141
1786795030826 166
1786795090329 926
1786795093386 141
1786795097601 152
1786795099814 152
1786795100240 134
1786795100500 153
1786795101061 142
1786795106444 956
1786795107544 129
1786795107933 140
1786795108217 139
1786795108765 139
1786795179733 869
1786795180963 118
1786795181573 119
1786795182226 134
1786795183344 105
1786795183561 116
1786795183951 134
1786795184229 135
1786795244321 956
1786795247315 129
1786795251733 168
1786795253970 169
1786795254782 141
1786795259064 128
1786795259450 129
1786795259837 142
1786795260112 127
1786795261041 955
1786795262140 145
1786795262665 144
1786795263055 134
1786795334509 944
1786795335867 132
1786795336931 121
1786795397695 953
1786795400757 142
1786795405728 142
1786795409033 130
1786795409570 142
1786795410208 108
1786795410676 142
1786795412946 125
1786795413216 142
1786795413765 144
1786795414450 897
1786795415623 143
1786795416175 146
1786795416597 144
1786795416885 143
1786795417172 145
1786795417461 144
1786795417750 122
1786795539804 918
1786795542542 108
1786795544377 148
1786795546294 148
1786795546560 122
1786795546875 147
1786795549061 124
1786795565844 882
1786795722815 957
1786795725812 143
1786795726821 142
1786795728910 167
