# timestamp_ms Rss_kB Anonymous_kB Filemapped_kB Shmem_kB
1785408811013 12508 8468 4040 0
1785408811084 12508 8468 4040 0
1785408811107 12508 8468 4040 0
1785408811131 12508 8468 4040 0
1785408811153 12508 8468 4040 0
1785408811178 12508 8468 4040 0
1785408811201 12508 8468 4040 0
1785408811225 12508 8468 4040 0
1785408811249 12508 8468 4040 0
1785408811273 12508 8468 4040 0
1785408811297 12508 8468 4040 0
1785408811320 12508 8468 4040 0
1785408811342 12508 8468 4040 0
1785408811365 12508 8468 4040 0
1785408811388 12508 8468 4040 0
1785408811410 12508 8468 4040 0
1785408811434 12508 8468 4040 0
1785408811458 12508 8468 4040 0
1785408811481 12508 8468 4040 0
1785408811505 12508 8468 4040 0
1785408811529 12508 8468 4040 0
1785408811552 12508 8468 4040 0
1785408811575 12508 8468 4040 0
1785408811599 12508 8468 4040 0
1785408811623 12508 8468 4040 0
1785408811647 12508 8468 4040 0
1785408811671 12508 8468 4040 0
1785408811695 12508 8468 4040 0
1785408811718 12508 8468 4040 0
1785408811741 12508 8468 4040 0
1785408811765 12508 8468 4040 0
1785408811788 12508 8468 4040 0
1785408811813 12508 8468 4040 0
1785408811836 12508 8468 4040 0
1785408811860 12508 8468 4040 0
1785408811883 12508 8468 4040 0
1785408811907 15524 11432 4092 0
1785408811931 38768 34676 4092 0
1785408811990 80276 76172 4104 0
1785408812049 141504 139016 2488 0
1785408812111 189124 184956 4168 0
1785408812173 189124 184956 4168 0
1785408812196 163004 158836 4168 0
1785408812220 163004 158836 4168 0
1785408812243 163004 158836 4168 0
1785408812267 190656 186484 4172 0
1785408812311 190656 186484 4172 0
1785408812335 190656 186484 4172 0
1785408812358 190656 186484 4172 0
1785408812381 195260 191088 4172 0
1785408812441 195260 191088 4172 0
1785408812464 195260 191088 4172 0
1785408812487 195344 191088 4256 0
1785408812529 169628 166856 2772 0
1785408812553 205496 201244 4252 0
1785408812618 236288 233516 2772 0
1785408812688 283828 279568 4260 0
1785408812766 329528 325232 4296 0
1785408812848 329632 325332 4300 0
1785408812900 331304 327316 3988 0
1785408812929 341248 334116 7132 0
1785408813008 341248 334116 7132 0
1785408813038 341248 334116 7132 0
1785408813064 341248 334116 7132 0
1785408813095 341248 334116 7132 0
1785408813124 341248 334116 7132 0
1785408813149 341248 334116 7132 0
1785408813177 341248 334116 7132 0
1785408813202 341248 334116 7132 0
1785408813229 341248 334116 7132 0
1785408813255 341104 333976 7128 0
1785408813285 343896 336764 7132 0
1785408813355 343896 336764 7132 0
1785408813381 343896 336764 7132 0
1785408813410 343896 336764 7132 0
1785408813439 343896 336764 7132 0
1785408813467 343896 336764 7132 0
1785408813497 343896 336764 7132 0
1785408813525 343896 336764 7132 0
1785408813555 343896 336764 7132 0
1785408813582 343896 336764 7132 0
1785408813611 343896 336764 7132 0
1785408813640 351944 344816 7128 0
1785408813716 364376 357244 7132 0
1785408813794 364376 357244 7132 0
1785408813823 364376 357244 7132 0
1785408813849 364376 357244 7132 0
1785408813878 364376 357244 7132 0
1785408813906 364376 357244 7132 0
1785408813935 364376 357244 7132 0
1785408813962 364376 357244 7132 0
1785408813991 366424 359292 7132 0
1785408814019 366424 359292 7132 0
1785408814087 366424 359292 7132 0
1785408814117 366424 359292 7132 0
1785408814145 366424 359292 7132 0
1785408814173 366424 359292 7132 0
1785408814202 366424 359292 7132 0
1785408814232 366424 359292 7132 0
1785408814262 366424 359292 7132 0
1785408814291 366424 359292 7132 0
1785408814321 368472 361340 7132 0
1785408814350 368472 361340 7132 0
1785408814400 368472 361340 7132 0
1785408814430 368472 361340 7132 0
1785408814455 368472 361340 7132 0
1785408814485 368472 361340 7132 0
1785408814514 368472 361340 7132 0
1785408814542 368472 361340 7132 0
1785408814572 368472 361340 7132 0
1785408814600 368472 361340 7132 0
1785408814625 368472 361340 7132 0
1785408814649 368472 361340 7132 0
1785408814679 368472 361340 7132 0
1785408814708 368472 361340 7132 0
1785408814738 368472 361340 7132 0
1785408814766 368472 361340 7132 0
1785408814794 368472 361340 7132 0
1785408814822 368472 361340 7132 0
1785408814852 368472 361340 7132 0
1785408814881 368472 361340 7132 0
1785408814909 368472 361340 7132 0
1785408814937 368472 361340 7132 0
1785408814965 368472 361340 7132 0
1785408814995 368472 361340 7132 0
1785408815024 368472 361340 7132 0
1785408815052 368472 361340 7132 0
1785408815077 368472 361340 7132 0
1785408815101 368472 361340 7132 0
1785408815129 368472 361340 7132 0
1785408815155 368472 361340 7132 0
1785408815183 368472 361340 7132 0
1785408815214 368472 361340 7132 0
1785408815240 368472 361340 7132 0
1785408815269 368472 361340 7132 0
1785408815298 368472 361340 7132 0
1785408815326 368472 361340 7132 0
1785408815355 368472 361340 7132 0
1785408815382 368472 361340 7132 0
1785408815412 368472 361340 7132 0
1785408815439 368472 361340 7132 0
1785408815467 368472 361340 7132 0
1785408815494 368472 361340 7132 0
1785408815521 368472 361340 7132 0
1785408815551 368472 361340 7132 0
1785408815580 368472 361340 7132 0
1785408815609 368472 361340 7132 0
1785408815635 368472 361340 7132 0
1785408815663 368472 361340 7132 0
1785408815693 368472 361340 7132 0
1785408815719 368472 361340 7132 0
1785408815749 368472 361340 7132 0
1785408815775 368472 361340 7132 0
1785408815805 368472 361340 7132 0
1785408815830 368472 361340 7132 0
1785408815859 368472 361340 7132 0
1785408815888 368472 361340 7132 0
1785408815916 368472 361340 7132 0
1785408815946 368472 361340 7132 0
1785408815975 368472 361340 7132 0
1785408816003 368472 361340 7132 0
1785408816028 368472 361340 7132 0
1785408816057 368472 361340 7132 0
1785408816082 368472 361340 7132 0
1785408816111 368472 361340 7132 0
1785408816141 368472 361340 7132 0
1785408816171 368472 361340 7132 0
1785408816197 368472 361340 7132 0
1785408816227 368472 361340 7132 0
1785408816252 368472 361340 7132 0
1785408816277 368472 361340 7132 0
1785408816302 368472 361340 7132 0
1785408816333 368472 361340 7132 0
1785408816363 368472 361340 7132 0
1785408816390 368472 361340 7132 0
1785408816419 368472 361340 7132 0
1785408816448 368472 361340 7132 0
1785408816473 368472 361340 7132 0
1785408816498 368472 361340 7132 0
1785408816528 368472 361340 7132 0
1785408816554 368472 361340 7132 0
1785408816584 368472 361340 7132 0
1785408816608 368472 361340 7132 0
1785408816639 368472 361340 7132 0
1785408816663 368472 361340 7132 0
1785408816692 368472 361340 7132 0
1785408816720 368472 361340 7132 0
1785408816750 368472 361340 7132 0
1785408816780 371052 363920 7132 0
1785408816850 371152 364020 7132 0
1785408816899 371152 364020 7132 0
1785408816924 371244 364112 7132 0
1785408816955 376708 369576 7132 0
1785408817041 376708 369576 7132 0
1785408817072 376708 369576 7132 0
1785408817102 376708 369576 7132 0
1785408817132 376708 369576 7132 0
1785408817161 376708 369576 7132 0
1785408817190 376708 369576 7132 0
1785408817218 376708 369576 7132 0
1785408817245 376708 369576 7132 0
1785408817275 376708 369576 7132 0
1785408817304 376708 369576 7132 0
1785408817334 376708 369576 7132 0
1785408817362 376708 369576 7132 0
1785408817390 376708 369576 7132 0
1785408817419 379012 371880 7132 0
1785408817493 379012 371880 7132 0
1785408817522 379012 371880 7132 0
1785408817552 379012 371880 7132 0
1785408817578 379012 371880 7132 0
1785408817605 379012 371880 7132 0
1785408817633 379012 371880 7132 0
1785408817663 379012 371880 7132 0
1785408817692 379012 371880 7132 0
1785408817722 379012 371880 7132 0
1785408817751 379012 371880 7132 0
1785408817781 379012 371880 7132 0
1785408817810 379012 371880 7132 0
1785408817836 379012 371880 7132 0
1785408817866 379012 371880 7132 0
1785408817896 379012 371880 7132 0
1785408817925 379012 371880 7132 0
1785408817950 391340 384208 7132 0
1785408818028 417964 410832 7132 0
1785408818108 417964 410832 7132 0
1785408818138 417964 410832 7132 0
1785408818166 417964 410832 7132 0
1785408818195 417964 410832 7132 0
1785408818225 435436 428304 7132 0
1785408818311 435436 428304 7132 0
1785408818381 435436 428304 7132 0
1785408818406 435436 428304 7132 0
1785408818435 435436 428304 7132 0
1785408818464 435436 428304 7132 0
1785408818492 435436 428304 7132 0
1785408818518 435436 428304 7132 0
1785408818548 439532 432400 7132 0
1785408818616 439532 432400 7132 0
1785408818647 439532 432400 7132 0
1785408818678 439532 432400 7132 0
1785408818704 439532 432400 7132 0
1785408818732 439532 432400 7132 0
1785408818761 439532 432400 7132 0
1785408818790 439532 432400 7132 0
1785408818816 439532 432400 7132 0
1785408818846 439532 432400 7132 0
1785408818874 443628 436496 7132 0
1785408818943 443628 436496 7132 0
1785408818973 443628 436496 7132 0
1785408819001 443628 436496 7132 0
1785408819030 443628 436496 7132 0
1785408819059 443628 436496 7132 0
1785408819083 443628 436496 7132 0
1785408819109 445676 438544 7132 0
1785408819161 445676 438544 7132 0
1785408819191 449772 442640 7132 0
1785408819219 451820 444688 7132 0
1785408819299 451820 444688 7132 0
1785408819326 451820 444688 7132 0
1785408819354 451820 444688 7132 0
1785408819384 453868 446736 7132 0
1785408819436 453868 446736 7132 0
1785408819467 453868 446736 7132 0
1785408819496 453868 446736 7132 0
1785408819522 453868 446736 7132 0
1785408819550 453868 446736 7132 0
1785408819580 453868 446736 7132 0
1785408819609 457964 450832 7132 0
1785408819679 457964 450832 7132 0
1785408819704 457964 450832 7132 0
1785408819735 457964 450832 7132 0
1785408819765 457964 450832 7132 0
1785408819794 457964 450832 7132 0
1785408819823 457964 450832 7132 0
1785408819851 457964 450832 7132 0
1785408819880 457964 450832 7132 0
1785408819904 457964 450832 7132 0
1785408819932 462060 454928 7132 0
1785408820001 462060 454928 7132 0
1785408820029 462060 454928 7132 0
1785408820059 462060 454928 7132 0
1785408820089 462060 454928 7132 0
1785408820112 462060 454928 7132 0
1785408820141 462060 454928 7132 0
1785408820166 462060 454928 7132 0
1785408820194 464108 456976 7132 0
1785408820260 464108 456976 7132 0
1785408820290 464108 456976 7132 0
1785408820315 464108 456976 7132 0
1785408820340 464108 456976 7132 0
1785408820369 464108 456976 7132 0
1785408820398 464108 456976 7132 0
1785408820422 464108 456976 7132 0
1785408820452 464108 456976 7132 0
1785408820482 464108 456976 7132 0
1785408820512 464108 456976 7132 0
1785408820538 464108 456976 7132 0
1785408820568 464108 456976 7132 0
1785408820597 464108 456976 7132 0
1785408820626 464108 456976 7132 0
1785408820656 464108 456976 7132 0
1785408820685 464108 456976 7132 0
1785408820713 464108 456976 7132 0
1785408820740 464108 456976 7132 0
1785408820769 464108 456976 7132 0
1785408820797 464108 456976 7132 0
1785408820825 464108 456976 7132 0
1785408820854 464108 456976 7132 0
1785408820879 464108 456976 7132 0
1785408820908 464108 456976 7132 0
1785408820937 466156 459024 7132 0
1785408820966 468204 461072 7132 0
1785408821040 468204 461072 7132 0
1785408821069 468204 461072 7132 0
1785408821099 412120 404988 7132 0
1785408821124 412120 404988 7132 0
1785408821152 412120 404988 7132 0
1785408821176 412120 404988 7132 0
1785408821204 412120 404988 7132 0
1785408821228 412120 404988 7132 0
1785408821256 412120 404988 7132 0
1785408821286 412120 404988 7132 0
1785408821313 412120 404988 7132 0
1785408821344 412120 404988 7132 0
1785408821374 412120 404988 7132 0
1785408821403 412120 404988 7132 0
1785408821432 412120 404988 7132 0
1785408821460 412120 404988 7132 0
1785408821488 412120 404988 7132 0
1785408821518 412120 404988 7132 0
1785408821543 412120 404988 7132 0
1785408821574 413376 406244 7132 0
1785408821603 413236 406108 7128 0
1785408821627 416584 409456 7128 0
1785408821655 419032 411900 7132 0
1785408821682 419032 411900 7132 0
1785408821713 419032 411900 7132 0
1785408821738 419032 411900 7132 0
1785408821767 419032 411900 7132 0
1785408821796 419032 411900 7132 0
1785408821826 419032 411900 7132 0
1785408821855 419032 411900 7132 0
1785408821883 419032 411900 7132 0
1785408821911 419036 411904 7132 0
1785408821938 419036 411904 7132 0
1785408821967 419036 411904 7132 0
1785408821997 419036 411904 7132 0
1785408822025 419036 411904 7132 0
1785408822054 419036 411904 7132 0
1785408822080 419036 411904 7132 0
1785408822109 419036 411904 7132 0
1785408822137 419036 411904 7132 0
1785408822162 419036 411904 7132 0
1785408822190 419036 411904 7132 0
1785408822219 419036 411904 7132 0
1785408822248 419036 411904 7132 0
1785408822277 419036 411904 7132 0
1785408822307 419036 411904 7132 0
1785408822336 419036 411904 7132 0
1785408822364 419036 411904 7132 0
1785408822393 419036 411904 7132 0
1785408822418 419036 411904 7132 0
1785408822445 419036 411904 7132 0
1785408822476 419036 411904 7132 0
1785408822500 419036 411904 7132 0
1785408822528 419036 411904 7132 0
1785408822554 419036 411904 7132 0
1785408822577 419036 411904 7132 0
1785408822604 419036 411904 7132 0
1785408822630 419036 411904 7132 0
1785408822654 419036 411904 7132 0
1785408822680 419036 411904 7132 0
1785408822709 419036 411904 7132 0
1785408822736 419036 411904 7132 0
1785408822765 419036 411904 7132 0
1785408822794 419036 411904 7132 0
1785408822825 419036 411904 7132 0
1785408822852 419036 411904 7132 0
1785408822881 419036 411904 7132 0
1785408822911 419036 411904 7132 0
1785408822939 419036 411904 7132 0
1785408822965 419036 411904 7132 0
1785408822991 419036 411904 7132 0
1785408823019 419036 411904 7132 0
1785408823046 419036 411904 7132 0
1785408823075 419036 411904 7132 0
1785408823104 419036 411904 7132 0
1785408823128 419036 411904 7132 0
1785408823157 419036 411904 7132 0
1785408823186 419036 411904 7132 0
1785408823212 419036 411904 7132 0
1785408823241 419036 411904 7132 0
1785408823268 419036 411904 7132 0
1785408823297 419036 411904 7132 0
1785408823325 419036 411904 7132 0
1785408823353 419036 411904 7132 0
1785408823380 419036 411904 7132 0
1785408823406 419036 411904 7132 0
1785408823430 419036 411904 7132 0
1785408823456 419036 411904 7132 0
1785408823483 419036 411904 7132 0
1785408823511 419036 411904 7132 0
1785408823540 419036 411904 7132 0
1785408823566 419036 411904 7132 0
1785408823596 419036 411904 7132 0
1785408823625 419036 411904 7132 0
1785408823652 419036 411904 7132 0
1785408823683 419036 411904 7132 0
1785408823710 419036 411904 7132 0
1785408823739 419036 411904 7132 0
1785408823767 419036 411904 7132 0
1785408823792 419036 411904 7132 0
1785408823821 419036 411904 7132 0
1785408823850 419036 411904 7132 0
1785408823878 419036 411904 7132 0
1785408823907 419036 411904 7132 0
1785408823937 419036 411904 7132 0
1785408823966 419036 411904 7132 0
1785408823992 419036 411904 7132 0
1785408824020 419036 411904 7132 0
1785408824047 419036 411904 7132 0
1785408824075 419036 411904 7132 0
1785408824099 419036 411904 7132 0
1785408824128 419036 411904 7132 0
1785408824156 419036 411904 7132 0
1785408824184 419036 411904 7132 0
1785408824214 419036 411904 7132 0
1785408824242 419036 411904 7132 0
1785408824271 419036 411904 7132 0
1785408824296 419036 411904 7132 0
1785408824323 419036 411904 7132 0
1785408824350 419036 411904 7132 0
1785408824378 419036 411904 7132 0
1785408824403 419036 411904 7132 0
1785408824432 419036 411904 7132 0
1785408824457 419036 411904 7132 0
1785408824484 419036 411904 7132 0
1785408824513 419036 411904 7132 0
1785408824541 419036 411904 7132 0
1785408824566 419036 411904 7132 0
1785408824589 419036 411904 7132 0
1785408824619 419036 411904 7132 0
1785408824648 419036 411904 7132 0
1785408824677 419036 411904 7132 0
1785408824706 419036 411904 7132 0
1785408824734 419036 411904 7132 0
1785408824762 419036 411904 7132 0
1785408824790 419036 411904 7132 0
1785408824819 419036 411904 7132 0
1785408824847 419036 411904 7132 0
1785408824877 419036 411904 7132 0
1785408824906 419036 411904 7132 0
1785408824934 419036 411904 7132 0
1785408824964 419036 411904 7132 0
1785408824991 419036 411904 7132 0
1785408825020 419036 411904 7132 0
1785408825050 419036 411904 7132 0
1785408825078 419036 411904 7132 0
1785408825107 419036 411904 7132 0
1785408825134 419036 411904 7132 0
1785408825159 419036 411904 7132 0
1785408825188 419036 411904 7132 0
1785408825217 419036 411904 7132 0
1785408825246 419036 411904 7132 0
1785408825271 419036 411904 7132 0
1785408825298 419036 411904 7132 0
1785408825328 419036 411904 7132 0
1785408825358 419036 411904 7132 0
1785408825386 419036 411904 7132 0
1785408825417 419036 411904 7132 0
1785408825446 419036 411904 7132 0
1785408825474 419036 411904 7132 0
1785408825505 419036 411904 7132 0
1785408825534 419036 411904 7132 0
1785408825563 419036 411904 7132 0
1785408825592 419036 411904 7132 0
1785408825622 419036 411904 7132 0
1785408825651 419036 411904 7132 0
1785408825680 419036 411904 7132 0
1785408825705 419036 411904 7132 0
1785408825734 419036 411904 7132 0
1785408825759 419036 411904 7132 0
1785408825785 419036 411904 7132 0
1785408825815 419036 411904 7132 0
1785408825843 419036 411904 7132 0
1785408825871 419036 411904 7132 0
1785408825898 419044 411912 7132 0
1785408825922 419044 411912 7132 0
1785408825951 419144 412012 7132 0
1785408825979 424412 417280 7132 0
1785408826008 424412 417280 7132 0
1785408826034 424412 417280 7132 0
1785408826060 424412 417280 7132 0
1785408826089 424412 417280 7132 0
1785408826119 424412 417280 7132 0
1785408826145 424412 417280 7132 0
1785408826169 424412 417280 7132 0
1785408826199 424412 417280 7132 0
1785408826228 424412 417280 7132 0
1785408826256 424412 417280 7132 0
1785408826280 424412 417280 7132 0
1785408826310 424412 417280 7132 0
1785408826336 424412 417280 7132 0
1785408826365 424412 417280 7132 0
1785408826391 424412 417280 7132 0
1785408826419 424412 417280 7132 0
1785408826448 424412 417280 7132 0
1785408826477 424412 417280 7132 0
1785408826506 424412 417280 7132 0
1785408826529 424412 417280 7132 0
1785408826559 424412 417280 7132 0
1785408826589 424412 417280 7132 0
1785408826615 424412 417280 7132 0
1785408826644 424412 417280 7132 0
1785408826672 424412 417280 7132 0
1785408826701 424412 417280 7132 0
1785408826729 424412 417280 7132 0
1785408826758 424412 417280 7132 0
1785408826785 424412 417280 7132 0
1785408826812 424412 417280 7132 0
1785408826843 424412 417280 7132 0
1785408826867 424412 417280 7132 0
1785408826896 424412 417280 7132 0
1785408826921 424412 417280 7132 0
1785408826947 427968 420836 7132 0
1785408826977 427968 420836 7132 0
1785408827005 433624 426492 7132 0
1785408827035 433624 426492 7132 0
1785408827066 433624 426492 7132 0
1785408827094 433624 426492 7132 0
1785408827121 433624 426492 7132 0
1785408827146 433624 426492 7132 0
1785408827175 433624 426492 7132 0
1785408827205 433624 426492 7132 0
1785408827232 433624 426492 7132 0
1785408827261 433624 426492 7132 0
1785408827286 433628 426496 7132 0
1785408827315 433628 426496 7132 0
1785408827343 433628 426496 7132 0
1785408827367 433628 426496 7132 0
1785408827394 433628 426496 7132 0
1785408827419 433628 426496 7132 0
1785408827449 433628 426496 7132 0
1785408827475 433628 426496 7132 0
1785408827503 433628 426496 7132 0
1785408827529 433628 426496 7132 0
1785408827556 433628 426496 7132 0
1785408827585 433628 426496 7132 0
1785408827615 433628 426496 7132 0
1785408827644 433628 426496 7132 0
1785408827672 433628 426496 7132 0
1785408827700 433628 426496 7132 0
1785408827729 433628 426496 7132 0
1785408827758 433628 426496 7132 0
1785408827783 433628 426496 7132 0
1785408827813 433628 426496 7132 0
1785408827839 433628 426496 7132 0
1785408827868 433628 426496 7132 0
1785408827892 433628 426496 7132 0
1785408827922 433628 426496 7132 0
1785408827947 433628 426496 7132 0
1785408827976 433628 426496 7132 0
1785408828004 433628 426496 7132 0
1785408828033 433628 426496 7132 0
1785408828062 433628 426496 7132 0
1785408828092 433628 426496 7132 0
1785408828123 433628 426496 7132 0
1785408828148 433628 426496 7132 0
1785408828179 433628 426496 7132 0
1785408828206 433628 426496 7132 0
1785408828236 433628 426496 7132 0
1785408828265 433628 426496 7132 0
1785408828293 433628 426496 7132 0
1785408828320 433628 426496 7132 0
1785408828349 433628 426496 7132 0
1785408828374 433628 426496 7132 0
1785408828403 433628 426496 7132 0
1785408828431 433628 426496 7132 0
1785408828455 433628 426496 7132 0
1785408828484 433628 426496 7132 0
1785408828510 433628 426496 7132 0
1785408828538 433628 426496 7132 0
1785408828569 370760 365760 5000 0
1785408828598 372948 365816 7132 0
1785408828624 372948 365816 7132 0
1785408828648 372948 365816 7132 0
1785408828673 372948 365816 7132 0
1785408828701 372948 365816 7132 0
1785408828730 372948 365816 7132 0
1785408828758 372948 365816 7132 0
1785408828784 372948 365816 7132 0
1785408828808 372948 365816 7132 0
1785408828837 372948 365816 7132 0
1785408828865 372948 365816 7132 0
1785408828894 372948 365816 7132 0
1785408828919 372948 365816 7132 0
1785408828948 372948 365816 7132 0
1785408828977 372948 365816 7132 0
1785408829003 372948 365816 7132 0
1785408829032 372948 365816 7132 0
1785408829060 372948 365816 7132 0
1785408829089 393528 386400 7128 0
1785408829117 413380 406248 7132 0
1785408829141 413380 406248 7132 0
1785408829166 419036 411904 7132 0
1785408829190 419036 411904 7132 0
1785408829221 419036 411904 7132 0
1785408829251 419036 411904 7132 0
1785408829277 419036 411904 7132 0
1785408829302 419036 411904 7132 0
1785408829327 419036 411904 7132 0
1785408829355 419036 411904 7132 0
1785408829385 419036 411904 7132 0
1785408829409 419036 411904 7132 0
1785408829433 419036 411904 7132 0
1785408829457 419036 411904 7132 0
1785408829485 419036 411904 7132 0
1785408829515 419036 411904 7132 0
1785408829546 419036 411904 7132 0
1785408829575 419036 411904 7132 0
1785408829604 419036 411904 7132 0
1785408829633 419036 411904 7132 0
1785408829662 419036 411904 7132 0
1785408829691 419036 411904 7132 0
1785408829716 419036 411904 7132 0
1785408829741 419036 411904 7132 0
1785408829772 419036 411904 7132 0
1785408829802 419036 411904 7132 0
1785408829831 419036 411904 7132 0
1785408829857 419036 411904 7132 0
1785408829880 419036 411904 7132 0
1785408829909 419036 411904 7132 0
1785408829934 419036 411904 7132 0
1785408829963 419036 411904 7132 0
1785408829992 419036 411904 7132 0
1785408830018 419036 411904 7132 0
1785408830048 419036 411904 7132 0
1785408830076 419036 411904 7132 0
1785408830102 419036 411904 7132 0
1785408830133 419036 411904 7132 0
1785408830159 419036 411904 7132 0
1785408830184 419036 411904 7132 0
1785408830213 419036 411904 7132 0
1785408830243 419036 411904 7132 0
1785408830270 419036 411904 7132 0
1785408830301 419036 411904 7132 0
1785408830330 419036 411904 7132 0
1785408830358 419036 411904 7132 0
1785408830389 419036 411904 7132 0
1785408830418 419036 411904 7132 0
1785408830446 419036 411904 7132 0
1785408830472 419036 411904 7132 0
1785408830501 419036 411904 7132 0
1785408830530 419036 411904 7132 0
1785408830560 419036 411904 7132 0
1785408830584 419036 411904 7132 0
1785408830613 419036 411904 7132 0
1785408830642 419036 411904 7132 0
1785408830671 419036 411904 7132 0
1785408830701 419036 411904 7132 0
1785408830725 419036 411904 7132 0
1785408830752 419036 411904 7132 0
1785408830779 419036 411904 7132 0
1785408830808 419036 411904 7132 0
1785408830832 419036 411904 7132 0
1785408830862 419036 411904 7132 0
1785408830891 419036 411904 7132 0
1785408830920 419036 411904 7132 0
1785408830946 419036 411904 7132 0
1785408830970 419036 411904 7132 0
1785408830999 419036 411904 7132 0
1785408831031 419036 411904 7132 0
1785408831061 419036 411904 7132 0
1785408831087 419036 411904 7132 0
1785408831116 419036 411904 7132 0
1785408831145 419036 411904 7132 0
1785408831175 419036 411904 7132 0
1785408831203 419036 411904 7132 0
1785408831231 419036 411904 7132 0
1785408831257 419036 411904 7132 0
1785408831286 419036 411904 7132 0
1785408831316 419036 411904 7132 0
1785408831346 419036 411904 7132 0
1785408831375 419036 411904 7132 0
1785408831403 419036 411904 7132 0
1785408831427 419036 411904 7132 0
1785408831452 419036 411904 7132 0
1785408831482 419036 411904 7132 0
1785408831511 419036 411904 7132 0
1785408831536 419036 411904 7132 0
1785408831566 419036 411904 7132 0
1785408831595 419036 411904 7132 0
1785408831625 419036 411904 7132 0
1785408831654 419036 411904 7132 0
1785408831680 419036 411904 7132 0
1785408831708 419036 411904 7132 0
1785408831737 419036 411904 7132 0
1785408831766 419036 411904 7132 0
1785408831793 419036 411904 7132 0
1785408831819 419036 411904 7132 0
1785408831846 419036 411904 7132 0
1785408831875 419036 411904 7132 0
1785408831904 419036 411904 7132 0
1785408831930 419036 411904 7132 0
1785408831957 419036 411904 7132 0
1785408831983 419036 411904 7132 0
1785408832012 419036 411904 7132 0
1785408832043 419036 411904 7132 0
1785408832072 419036 411904 7132 0
1785408832101 419036 411904 7132 0
1785408832131 419036 411904 7132 0
1785408832159 419036 411904 7132 0
1785408832190 419036 411904 7132 0
1785408832220 419036 411904 7132 0
1785408832251 419036 411904 7132 0
1785408832281 419036 411904 7132 0
1785408832312 419036 411904 7132 0
1785408832340 419036 411904 7132 0
1785408832369 419036 411904 7132 0
1785408832398 419036 411904 7132 0
1785408832429 419036 411904 7132 0
1785408832458 419036 411904 7132 0
1785408832488 419036 411904 7132 0
1785408832515 419036 411904 7132 0
1785408832544 419036 411904 7132 0
1785408832573 419036 411904 7132 0
1785408832604 419036 411904 7132 0
1785408832631 419036 411904 7132 0
1785408832661 419036 411904 7132 0
1785408832690 419036 411904 7132 0
1785408832717 419036 411904 7132 0
1785408832745 419036 411904 7132 0
1785408832776 419036 411904 7132 0
1785408832802 419036 411904 7132 0
1785408832832 419036 411904 7132 0
1785408832863 419036 411904 7132 0
1785408832890 419036 411904 7132 0
1785408832914 419036 411904 7132 0
1785408832943 419036 411904 7132 0
1785408832973 419036 411904 7132 0
1785408833000 419036 411904 7132 0
1785408833031 419036 411904 7132 0
1785408833060 419036 411904 7132 0
1785408833086 419036 411904 7132 0
1785408833118 419036 411904 7132 0
1785408833148 419036 411904 7132 0
1785408833177 418892 411764 7128 0
1785408833207 419044 411912 7132 0
1785408833235 421964 414836 7128 0
1785408833264 424412 417280 7132 0
1785408833288 424412 417280 7132 0
1785408833315 424412 417280 7132 0
1785408833347 424412 417280 7132 0
1785408833377 424412 417280 7132 0
1785408833407 424412 417280 7132 0
1785408833434 424412 417280 7132 0
1785408833463 424412 417280 7132 0
1785408833493 424412 417280 7132 0
1785408833522 424412 417280 7132 0
1785408833547 424412 417280 7132 0
1785408833574 424412 417280 7132 0
1785408833604 424412 417280 7132 0
1785408833631 424412 417280 7132 0
1785408833661 424412 417280 7132 0
1785408833688 424412 417280 7132 0
1785408833717 424412 417280 7132 0
1785408833747 424412 417280 7132 0
1785408833775 424412 417280 7132 0
1785408833806 424412 417280 7132 0
1785408833834 424412 417280 7132 0
1785408833864 424412 417280 7132 0
1785408833895 424412 417280 7132 0
1785408833925 424412 417280 7132 0
1785408833951 424412 417280 7132 0
1785408833977 424412 417280 7132 0
1785408834006 424412 417280 7132 0
1785408834032 424412 417280 7132 0
1785408834059 424412 417280 7132 0
1785408834089 424412 417280 7132 0
1785408834119 424412 417280 7132 0
1785408834148 424412 417280 7132 0
1785408834178 424412 417280 7132 0
1785408834203 424412 417280 7132 0
1785408834227 424412 417280 7132 0
1785408834253 424268 417140 7128 0
1785408834283 427972 420840 7132 0
1785408834307 426984 420908 6076 0
1785408834337 433628 426496 7132 0
1785408834367 433628 426496 7132 0
1785408834396 433628 426496 7132 0
1785408834427 433628 426496 7132 0
1785408834459 433628 426496 7132 0
1785408834489 433628 426496 7132 0
1785408834519 433628 426496 7132 0
1785408834548 433628 426496 7132 0
1785408834578 433628 426496 7132 0
1785408834607 433628 426496 7132 0
1785408834633 433628 426496 7132 0
1785408834665 433628 426496 7132 0
1785408834693 433628 426496 7132 0
1785408834720 433628 426496 7132 0
1785408834750 433628 426496 7132 0
1785408834776 433628 426496 7132 0
1785408834805 433628 426496 7132 0
1785408834834 433628 426496 7132 0
1785408834865 433628 426496 7132 0
1785408834893 433628 426496 7132 0
1785408834924 433628 426496 7132 0
1785408834955 433628 426496 7132 0
1785408834983 433628 426496 7132 0
1785408835014 433628 426496 7132 0
1785408835042 433628 426496 7132 0
1785408835072 433628 426496 7132 0
1785408835101 433628 426496 7132 0
1785408835131 433628 426496 7132 0
1785408835157 433628 426496 7132 0
1785408835183 433628 426496 7132 0
1785408835212 433628 426496 7132 0
1785408835244 372948 365816 7132 0
1785408835274 409816 402684 7132 0
1785408835303 409816 402684 7132 0
1785408835331 409816 402684 7132 0
1785408835356 372948 365816 7132 0
1785408835385 372948 365816 7132 0
1785408835413 372948 365816 7132 0
1785408835443 407016 399884 7132 0
1785408835470 409816 402684 7132 0
1785408835499 409816 402684 7132 0
1785408835526 409672 402544 7128 0
1785408835554 372948 365816 7132 0
1785408835583 372948 365816 7132 0
1785408835612 372948 365816 7132 0
1785408835641 372948 365816 7132 0
1785408835670 372948 365816 7132 0
1785408835695 372948 365816 7132 0
1785408835724 372948 365816 7132 0
1785408835752 384228 379540 4688 0
1785408835778 415684 408552 7132 0
1785408835806 415544 408416 7128 0
1785408835837 421340 414208 7132 0
1785408835866 421340 414208 7132 0
1785408835897 421340 414208 7132 0
1785408835926 421340 414208 7132 0
1785408835956 421340 414208 7132 0
1785408835986 421340 414208 7132 0
1785408836016 421340 414208 7132 0
1785408836046 421340 414208 7132 0
1785408836073 421340 414208 7132 0
1785408836099 421340 414208 7132 0
1785408836130 421340 414208 7132 0
1785408836158 421340 414208 7132 0
1785408836186 421340 414208 7132 0
1785408836213 421340 414208 7132 0
1785408836244 421340 414208 7132 0
1785408836273 421340 414208 7132 0
1785408836304 421340 414208 7132 0
1785408836331 421340 414208 7132 0
1785408836362 421340 414208 7132 0
1785408836392 421340 414208 7132 0
1785408836421 421340 414208 7132 0
1785408836447 421340 414208 7132 0
1785408836472 421340 414208 7132 0
1785408836502 421340 414208 7132 0
1785408836532 421340 414208 7132 0
1785408836557 421340 414208 7132 0
1785408836586 421340 414208 7132 0
1785408836613 421340 414208 7132 0
1785408836642 421340 414208 7132 0
1785408836667 421340 414208 7132 0
1785408836696 421340 414208 7132 0
1785408836724 421340 414208 7132 0
1785408836754 421340 414208 7132 0
1785408836780 421340 414208 7132 0
1785408836810 421340 414208 7132 0
1785408836841 421340 414208 7132 0
1785408836868 421340 414208 7132 0
1785408836893 421340 414208 7132 0
1785408836921 421340 414208 7132 0
1785408836951 421340 414208 7132 0
1785408836978 421340 414208 7132 0
1785408837006 421340 414208 7132 0
1785408837032 421340 414208 7132 0
1785408837063 421340 414208 7132 0
1785408837094 421340 414208 7132 0
1785408837124 421340 414208 7132 0
1785408837154 421340 414208 7132 0
1785408837179 421340 414208 7132 0
1785408837209 421340 414208 7132 0
1785408837239 421340 414208 7132 0
1785408837266 421340 414208 7132 0
1785408837295 421340 414208 7132 0
1785408837320 421340 414208 7132 0
1785408837349 421340 414208 7132 0
1785408837378 421340 414208 7132 0
1785408837407 421340 414208 7132 0
1785408837437 421340 414208 7132 0
1785408837466 421340 414208 7132 0
1785408837496 421340 414208 7132 0
1785408837526 421340 414208 7132 0
1785408837552 421340 414208 7132 0
1785408837582 421340 414208 7132 0
1785408837611 421340 414208 7132 0
1785408837637 421340 414208 7132 0
1785408837663 421340 414208 7132 0
1785408837690 421340 414208 7132 0
1785408837719 421340 414208 7132 0
1785408837748 421340 414208 7132 0
1785408837777 421340 414208 7132 0
1785408837806 421340 414208 7132 0
1785408837835 421340 414208 7132 0
1785408837862 421340 414208 7132 0
1785408837891 421340 414208 7132 0
1785408837916 421340 414208 7132 0
1785408837945 421340 414208 7132 0
1785408837970 421340 414208 7132 0
1785408837999 421340 414208 7132 0
1785408838030 421340 414208 7132 0
1785408838060 421340 414208 7132 0
1785408838085 421340 414208 7132 0
1785408838115 421340 414208 7132 0
1785408838142 421340 414208 7132 0
1785408838172 421340 414208 7132 0
1785408838197 421340 414208 7132 0
1785408838226 421340 414208 7132 0
1785408838254 421340 414208 7132 0
1785408838282 421340 414208 7132 0
1785408838308 421340 414208 7132 0
1785408838336 421340 414208 7132 0
1785408838362 421340 414208 7132 0
1785408838388 421340 414208 7132 0
1785408838418 421340 414208 7132 0
1785408838446 421340 414208 7132 0
1785408838475 421340 414208 7132 0
1785408838500 421340 414208 7132 0
1785408838527 421340 414208 7132 0
1785408838556 421340 414208 7132 0
1785408838583 421340 414208 7132 0
1785408838613 421340 414208 7132 0
1785408838643 421340 414208 7132 0
1785408838674 421340 414208 7132 0
1785408838703 421340 414208 7132 0
1785408838728 421340 414208 7132 0
1785408838756 421340 414208 7132 0
1785408838785 421340 414208 7132 0
1785408838814 421340 414208 7132 0
1785408838844 421340 414208 7132 0
1785408838868 421340 414208 7132 0
1785408838896 421340 414208 7132 0
1785408838925 421340 414208 7132 0
1785408838950 421340 414208 7132 0
1785408838980 421340 414208 7132 0
1785408839009 421340 414208 7132 0
1785408839038 421340 414208 7132 0
1785408839067 421340 414208 7132 0
1785408839096 421340 414208 7132 0
1785408839122 421340 414208 7132 0
1785408839151 421340 414208 7132 0
1785408839176 421340 414208 7132 0
1785408839205 421340 414208 7132 0
1785408839237 421340 414208 7132 0
1785408839266 421340 414208 7132 0
1785408839295 421340 414208 7132 0
1785408839324 421340 414208 7132 0
1785408839354 421340 414208 7132 0
1785408839383 421340 414208 7132 0
1785408839412 421340 414208 7132 0
1785408839441 421340 414208 7132 0
1785408839470 421340 414208 7132 0
1785408839500 421340 414208 7132 0
1785408839531 421340 414208 7132 0
1785408839562 421340 414208 7132 0
1785408839588 421340 414208 7132 0
1785408839618 421340 414208 7132 0
1785408839645 421340 414208 7132 0
1785408839670 421340 414208 7132 0
1785408839695 421340 414208 7132 0
1785408839725 421340 414208 7132 0
1785408839755 421340 414208 7132 0
1785408839784 421340 414208 7132 0
1785408839812 421340 414208 7132 0
1785408839842 421340 414208 7132 0
1785408839871 421340 414208 7132 0
1785408839902 421340 414208 7132 0
1785408839932 421340 414208 7132 0
1785408839961 421340 414208 7132 0
1785408839989 421340 414208 7132 0
1785408840018 421340 414208 7132 0
1785408840045 421340 414208 7132 0
1785408840074 421340 414208 7132 0
1785408840101 421340 414208 7132 0
1785408840125 421340 414208 7132 0
1785408840154 421340 414208 7132 0
1785408840184 421340 414208 7132 0
1785408840208 421340 414208 7132 0
1785408840238 421340 414208 7132 0
1785408840266 421340 414208 7132 0
1785408840292 421340 414208 7132 0
1785408840323 421340 414208 7132 0
1785408840351 421340 414208 7132 0
1785408840379 421340 414208 7132 0
1785408840408 421340 414208 7132 0
1785408840437 421340 414208 7132 0
1785408840462 421196 414068 7128 0
1785408840487 421344 414212 7132 0
1785408840516 424412 417280 7132 0
1785408840543 424412 417280 7132 0
1785408840572 424412 417280 7132 0
1785408840599 424412 417280 7132 0
1785408840628 424412 417280 7132 0
1785408840657 424412 417280 7132 0
1785408840682 424412 417280 7132 0
1785408840710 424412 417280 7132 0
1785408840739 424412 417280 7132 0
1785408840769 424412 417280 7132 0
1785408840797 424412 417280 7132 0
1785408840824 424412 417280 7132 0
1785408840853 424412 417280 7132 0
1785408840885 424412 417280 7132 0
1785408840917 424412 417280 7132 0
1785408840947 424412 417280 7132 0
1785408840973 424412 417280 7132 0
1785408841002 424412 417280 7132 0
1785408841032 424412 417280 7132 0
1785408841059 424412 417280 7132 0
1785408841088 424412 417280 7132 0
1785408841119 424412 417280 7132 0
1785408841147 424412 417280 7132 0
1785408841172 424412 417280 7132 0
1785408841196 424412 417280 7132 0
1785408841222 424412 417280 7132 0
1785408841251 424412 417280 7132 0
1785408841277 424412 417280 7132 0
1785408841308 424412 417280 7132 0
1785408841338 424412 417280 7132 0
1785408841368 424412 417280 7132 0
1785408841397 424412 417280 7132 0
1785408841423 424412 417280 7132 0
1785408841448 424412 417280 7132 0
1785408841477 424412 417280 7132 0
1785408841507 424412 417280 7132 0
1785408841536 424412 417280 7132 0
1785408841565 427972 420840 7132 0
1785408841594 427972 420840 7132 0
1785408841625 428072 420940 7132 0
1785408841652 433628 426496 7132 0
1785408841680 433628 426496 7132 0
1785408841708 433628 426496 7132 0
1785408841739 433628 426496 7132 0
1785408841769 433628 426496 7132 0
1785408841796 433628 426496 7132 0
1785408841825 433628 426496 7132 0
1785408841852 433628 426496 7132 0
1785408841881 433628 426496 7132 0
1785408841911 433628 426496 7132 0
1785408841937 433628 426496 7132 0
1785408841963 433628 426496 7132 0
1785408841994 433628 426496 7132 0
1785408842019 433628 426496 7132 0
1785408842050 433628 426496 7132 0
1785408842079 433628 426496 7132 0
1785408842107 433628 426496 7132 0
1785408842138 433628 426496 7132 0
1785408842170 433628 426496 7132 0
1785408842196 433628 426496 7132 0
1785408842225 433628 426496 7132 0
1785408842253 433628 426496 7132 0
1785408842285 433628 426496 7132 0
1785408842316 433628 426496 7132 0
1785408842345 433628 426496 7132 0
1785408842372 433628 426496 7132 0
1785408842401 433628 426496 7132 0
1785408842434 433628 426496 7132 0
1785408842459 433628 426496 7132 0
1785408842489 433628 426496 7132 0
1785408842519 433628 426496 7132 0
1785408842550 433628 426496 7132 0
1785408842581 433628 426496 7132 0
1785408842607 433628 426496 7132 0
1785408842638 433628 426496 7132 0
1785408842668 433628 426496 7132 0
1785408842698 433628 426496 7132 0
1785408842728 433628 426496 7132 0
1785408842759 433628 426496 7132 0
1785408842790 433628 426496 7132 0
1785408842814 433628 426496 7132 0
1785408842846 433628 426496 7132 0
1785408842870 433628 426496 7132 0
1785408842901 433628 426496 7132 0
1785408842929 433628 426496 7132 0
1785408842960 433628 426496 7132 0
1785408842992 433628 426496 7132 0
1785408843022 433628 426496 7132 0
1785408843052 433628 426496 7132 0
1785408843083 433628 426496 7132 0
1785408843110 433628 426496 7132 0
1785408843140 433628 426496 7132 0
1785408843170 433628 426496 7132 0
1785408843196 433628 426496 7132 0
1785408843225 433628 426496 7132 0
1785408843255 433628 426496 7132 0
1785408843283 433628 426496 7132 0
1785408843311 433628 426496 7132 0
1785408843342 433628 426496 7132 0
1785408843370 433628 426496 7132 0
1785408843399 433628 426496 7132 0
1785408843430 433628 426496 7132 0
1785408843458 433628 426496 7132 0
1785408843489 433628 426496 7132 0
1785408843520 433628 426496 7132 0
1785408843547 433628 426496 7132 0
1785408843573 433628 426496 7132 0
1785408843602 433628 426496 7132 0
1785408843627 433628 426496 7132 0
1785408843651 433628 426496 7132 0
1785408843682 433628 426496 7132 0
1785408843706 433628 426496 7132 0
1785408843737 433628 426496 7132 0
1785408843767 433628 426496 7132 0
1785408843797 433628 426496 7132 0
1785408843827 433628 426496 7132 0
1785408843854 433628 426496 7132 0
1785408843881 433628 426496 7132 0
1785408843911 433628 426496 7132 0
1785408843942 433628 426496 7132 0
1785408843969 433628 426496 7132 0
1785408844000 433628 426496 7132 0
1785408844027 433628 426496 7132 0
1785408844051 433628 426496 7132 0
1785408844081 433628 426496 7132 0
1785408844108 433628 426496 7132 0
1785408844140 433628 426496 7132 0
1785408844171 433628 426496 7132 0
1785408844201 433628 426496 7132 0
1785408844233 433628 426496 7132 0
1785408844259 433628 426496 7132 0
1785408844289 433628 426496 7132 0
1785408844319 433628 426496 7132 0
1785408844348 433628 426496 7132 0
1785408844378 433628 426496 7132 0
1785408844405 433628 426496 7132 0
1785408844433 433628 426496 7132 0
1785408844463 433628 426496 7132 0
1785408844494 433628 426496 7132 0
1785408844524 433628 426496 7132 0
1785408844554 433628 426496 7132 0
1785408844582 372948 365816 7132 0
1785408844609 372948 365816 7132 0
1785408844636 372948 365816 7132 0
1785408844664 372948 365816 7132 0
1785408844691 372948 365816 7132 0
1785408844716 372948 365816 7132 0
1785408844744 372948 365816 7132 0
1785408844772 372948 365816 7132 0
1785408844798 372948 365816 7132 0
1785408844827 372948 365816 7132 0
1785408844852 372948 365816 7132 0
1785408844881 372948 365816 7132 0
1785408844909 372948 365816 7132 0
1785408844936 372948 365816 7132 0
1785408844964 372948 365816 7132 0
1785408844989 372948 365816 7132 0
1785408845018 372948 365816 7132 0
1785408845044 372948 365816 7132 0
1785408845068 372948 365816 7132 0
1785408845097 372948 365816 7132 0
1785408845125 372948 365816 7132 0
1785408845154 372948 365816 7132 0
1785408845182 372948 365816 7132 0
1785408845207 372948 365816 7132 0
1785408845236 372948 365816 7132 0
1785408845261 372948 365816 7132 0
1785408845292 372948 365816 7132 0
1785408845321 372948 365816 7132 0
1785408845349 372948 365816 7132 0
1785408845378 372948 365816 7132 0
1785408845407 372948 365816 7132 0
1785408845431 372948 365816 7132 0
1785408845458 372948 365816 7132 0
1785408845486 372948 365816 7132 0
1785408845517 372948 365816 7132 0
1785408845544 372948 365816 7132 0
1785408845570 372948 365816 7132 0
1785408845598 372948 365816 7132 0
1785408845627 372948 365816 7132 0
1785408845656 372948 365816 7132 0
1785408845684 372948 365816 7132 0
1785408845709 372948 365816 7132 0
1785408845735 372948 365816 7132 0
1785408845762 372948 365816 7132 0
1785408845788 372948 365816 7132 0
1785408845817 372948 365816 7132 0
1785408845845 372948 365816 7132 0
1785408845875 372948 365816 7132 0
1785408845903 372948 365816 7132 0
1785408845931 372948 365816 7132 0
1785408845958 372948 365816 7132 0
1785408845984 372948 365816 7132 0
1785408846012 372948 365816 7132 0
1785408846040 372948 365816 7132 0
1785408846065 372948 365816 7132 0
1785408846094 372948 365816 7132 0
1785408846122 372948 365816 7132 0
1785408846149 372948 365816 7132 0
1785408846177 372948 365816 7132 0
1785408846205 372948 365816 7132 0
1785408846234 372948 365816 7132 0
1785408846262 372948 365816 7132 0
1785408846291 372948 365816 7132 0
1785408846320 372948 365816 7132 0
1785408846345 372948 365816 7132 0
1785408846373 372948 365816 7132 0
1785408846401 372948 365816 7132 0
1785408846431 372948 365816 7132 0
1785408846459 372948 365816 7132 0
1785408846484 372948 365816 7132 0
1785408846511 372948 365816 7132 0
1785408846539 372948 365816 7132 0
1785408846565 372948 365816 7132 0
1785408846593 372948 365816 7132 0
1785408846622 372948 365816 7132 0
1785408846647 372948 365816 7132 0
1785408846674 372948 365816 7132 0
1785408846703 372948 365816 7132 0
1785408846731 372948 365816 7132 0
1785408846760 372948 365816 7132 0
1785408846788 372948 365816 7132 0
1785408846817 372948 365816 7132 0
1785408846844 323952 319964 3988 0
1785408846870 411076 403944 7132 0
1785408846901 410936 403808 7128 0
1785408846926 411176 404044 7132 0
1785408846956 416732 409600 7132 0
1785408846986 416732 409600 7132 0
1785408847015 416732 409600 7132 0
1785408847046 416732 409600 7132 0
1785408847072 416732 409600 7132 0
1785408847101 416732 409600 7132 0
1785408847130 416732 409600 7132 0
1785408847157 416732 409600 7132 0
1785408847184 416732 409600 7132 0
1785408847212 416732 409600 7132 0
1785408847240 416732 409600 7132 0
1785408847270 416732 409600 7132 0
1785408847301 416732 409600 7132 0
1785408847331 419036 411904 7132 0
1785408847356 419036 411904 7132 0
1785408847385 419036 411904 7132 0
1785408847416 419036 411904 7132 0
1785408847447 419036 411904 7132 0
1785408847476 419036 411904 7132 0
1785408847506 419036 411904 7132 0
1785408847531 419036 411904 7132 0
1785408847560 419036 411904 7132 0
1785408847588 419036 411904 7132 0
1785408847618 419036 411904 7132 0
1785408847649 419036 411904 7132 0
1785408847679 419036 411904 7132 0
1785408847705 419036 411904 7132 0
1785408847733 419036 411904 7132 0
1785408847764 419036 411904 7132 0
1785408847794 419036 411904 7132 0
1785408847820 419036 411904 7132 0
1785408847851 419036 411904 7132 0
1785408847876 419036 411904 7132 0
1785408847900 418892 411764 7128 0
1785408847929 419044 411912 7132 0
1785408847954 419144 412012 7132 0
1785408847977 424412 417280 7132 0
1785408848006 424412 417280 7132 0
1785408848037 424412 417280 7132 0
1785408848068 424412 417280 7132 0
1785408848095 424412 417280 7132 0
1785408848124 424412 417280 7132 0
1785408848151 424412 417280 7132 0
1785408848180 424412 417280 7132 0
1785408848210 424412 417280 7132 0
1785408848239 424412 417280 7132 0
1785408848269 424412 417280 7132 0
1785408848299 424412 417280 7132 0
1785408848325 424412 417280 7132 0
1785408848357 424412 417280 7132 0
1785408848385 424412 417280 7132 0
1785408848414 424412 417280 7132 0
1785408848442 424412 417280 7132 0
1785408848473 424412 417280 7132 0
1785408848504 424412 417280 7132 0
1785408848533 424412 417280 7132 0
1785408848557 424412 417280 7132 0
1785408848589 424412 417280 7132 0
1785408848620 424412 417280 7132 0
1785408848650 424412 417280 7132 0
1785408848680 424412 417280 7132 0
1785408848709 424412 417280 7132 0
1785408848739 424412 417280 7132 0
1785408848769 424412 417280 7132 0
1785408848796 424412 417280 7132 0
1785408848828 424412 417280 7132 0
1785408848858 424412 417280 7132 0
1785408848889 424412 417280 7132 0
1785408848917 424412 417280 7132 0
1785408848946 424412 417280 7132 0
1785408848975 424412 417280 7132 0
1785408849005 424412 417280 7132 0
1785408849036 427972 420840 7132 0
1785408849065 428072 420940 7132 0
1785408849095 428072 420940 7132 0
1785408849123 431180 424052 7128 0
1785408849155 433628 426496 7132 0
1785408849185 433628 426496 7132 0
1785408849214 433628 426496 7132 0
1785408849241 433628 426496 7132 0
1785408849270 433628 426496 7132 0
1785408849294 433628 426496 7132 0
1785408849322 433628 426496 7132 0
1785408849352 433628 426496 7132 0
1785408849383 433628 426496 7132 0
1785408849413 433628 426496 7132 0
1785408849444 433628 426496 7132 0
1785408849475 433628 426496 7132 0
1785408849507 433628 426496 7132 0
1785408849537 433628 426496 7132 0
1785408849565 433628 426496 7132 0
1785408849596 433628 426496 7132 0
1785408849625 433628 426496 7132 0
1785408849654 433628 426496 7132 0
1785408849683 433628 426496 7132 0
1785408849714 433628 426496 7132 0
1785408849745 433628 426496 7132 0
1785408849776 433628 426496 7132 0
1785408849804 433628 426496 7132 0
1785408849834 433628 426496 7132 0
1785408849864 433628 426496 7132 0
1785408849890 433628 426496 7132 0
1785408849920 433628 426496 7132 0
1785408849951 433628 426496 7132 0
1785408849983 433628 426496 7132 0
1785408850013 433628 426496 7132 0
1785408850041 433628 426496 7132 0
1785408850071 433628 426496 7132 0
1785408850101 433628 426496 7132 0
1785408850132 433628 426496 7132 0
1785408850157 433628 426496 7132 0
1785408850187 433628 426496 7132 0
1785408850217 433628 426496 7132 0
1785408850247 433628 426496 7132 0
1785408850277 433628 426496 7132 0
1785408850308 433628 426496 7132 0
1785408850334 433628 426496 7132 0
1785408850364 433628 426496 7132 0
1785408850393 433628 426496 7132 0
1785408850423 433628 426496 7132 0
1785408850452 433628 426496 7132 0
1785408850479 433628 426496 7132 0
1785408850510 433628 426496 7132 0
1785408850537 433628 426496 7132 0
1785408850567 433628 426496 7132 0
1785408850597 433628 426496 7132 0
1785408850629 433628 426496 7132 0
1785408850656 433628 426496 7132 0
1785408850688 433628 426496 7132 0
1785408850716 433628 426496 7132 0
1785408850742 372948 365816 7132 0
1785408850768 372948 365816 7132 0
1785408850798 372948 365816 7132 0
1785408850826 372948 365816 7132 0
1785408850856 372948 365816 7132 0
1785408850884 372948 365816 7132 0
1785408850911 372948 365816 7132 0
1785408850936 372948 365816 7132 0
1785408850963 372948 365816 7132 0
1785408850993 372948 365816 7132 0
1785408851024 372948 365816 7132 0
1785408851051 372948 365816 7132 0
1785408851076 372948 365816 7132 0
1785408851104 372948 365816 7132 0
1785408851130 372948 365816 7132 0
1785408851159 372948 365816 7132 0
1785408851188 372948 365816 7132 0
1785408851216 372948 365816 7132 0
1785408851240 372804 365676 7128 0
1785408851268 398732 391604 7128 0
1785408851292 413380 406248 7132 0
1785408851322 416588 409460 7128 0
1785408851352 419036 411904 7132 0
1785408851380 419036 411904 7132 0
1785408851407 419036 411904 7132 0
1785408851432 419036 411904 7132 0
1785408851461 419036 411904 7132 0
1785408851487 419036 411904 7132 0
1785408851516 419036 411904 7132 0
1785408851544 419036 411904 7132 0
1785408851574 419036 411904 7132 0
1785408851599 419036 411904 7132 0
1785408851628 419036 411904 7132 0
1785408851658 419036 411904 7132 0
1785408851689 419036 411904 7132 0
1785408851720 419036 411904 7132 0
1785408851751 419036 411904 7132 0
1785408851780 419036 411904 7132 0
1785408851807 419036 411904 7132 0
1785408851834 419036 411904 7132 0
1785408851859 419036 411904 7132 0
1785408851886 419036 411904 7132 0
1785408851915 419036 411904 7132 0
1785408851943 419036 411904 7132 0
1785408851975 419036 411904 7132 0
1785408852006 419036 411904 7132 0
1785408852034 419036 411904 7132 0
1785408852066 419036 411904 7132 0
1785408852095 419036 411904 7132 0
1785408852125 419036 411904 7132 0
1785408852156 419036 411904 7132 0
1785408852187 419036 411904 7132 0
1785408852213 419036 411904 7132 0
1785408852244 419036 411904 7132 0
1785408852274 419036 411904 7132 0
1785408852299 419036 411904 7132 0
1785408852329 419036 411904 7132 0
1785408852360 419036 411904 7132 0
1785408852391 419036 411904 7132 0
1785408852421 419036 411904 7132 0
1785408852448 419036 411904 7132 0
1785408852477 419036 411904 7132 0
1785408852507 419036 411904 7132 0
1785408852537 419036 411904 7132 0
1785408852566 419036 411904 7132 0
1785408852596 419036 411904 7132 0
1785408852626 419036 411904 7132 0
1785408852655 419036 411904 7132 0
1785408852685 419036 411904 7132 0
1785408852714 419036 411904 7132 0
1785408852743 419036 411904 7132 0
1785408852772 419036 411904 7132 0
1785408852801 419036 411904 7132 0
1785408852829 419036 411904 7132 0
1785408852859 419036 411904 7132 0
1785408852888 419036 411904 7132 0
1785408852919 419036 411904 7132 0
1785408852948 419036 411904 7132 0
1785408852974 419036 411904 7132 0
1785408853000 419036 411904 7132 0
1785408853030 419036 411904 7132 0
1785408853059 419036 411904 7132 0
1785408853084 419036 411904 7132 0
1785408853112 419036 411904 7132 0
1785408853142 419036 411904 7132 0
1785408853167 419036 411904 7132 0
1785408853192 419036 411904 7132 0
1785408853220 419036 411904 7132 0
1785408853249 419036 411904 7132 0
1785408853279 419036 411904 7132 0
1785408853303 419036 411904 7132 0
1785408853330 419036 411904 7132 0
1785408853361 419036 411904 7132 0
1785408853389 419036 411904 7132 0
1785408853419 419036 411904 7132 0
1785408853445 419036 411904 7132 0
1785408853475 419036 411904 7132 0
1785408853505 419036 411904 7132 0
1785408853531 419036 411904 7132 0
1785408853556 419036 411904 7132 0
1785408853587 419036 411904 7132 0
1785408853616 419036 411904 7132 0
1785408853642 419036 411904 7132 0
1785408853670 419036 411904 7132 0
1785408853698 419036 411904 7132 0
1785408853726 419036 411904 7132 0
1785408853756 419036 411904 7132 0
1785408853786 419036 411904 7132 0
1785408853816 419036 411904 7132 0
1785408853845 419036 411904 7132 0
1785408853871 419036 411904 7132 0
1785408853898 419036 411904 7132 0
1785408853924 419036 411904 7132 0
1785408853953 419036 411904 7132 0
1785408853984 419036 411904 7132 0
1785408854010 419036 411904 7132 0
1785408854037 419036 411904 7132 0
1785408854066 419036 411904 7132 0
1785408854095 419036 411904 7132 0
1785408854123 419036 411904 7132 0
1785408854153 419036 411904 7132 0
1785408854178 419036 411904 7132 0
1785408854208 419036 411904 7132 0
1785408854237 419036 411904 7132 0
1785408854267 419036 411904 7132 0
1785408854296 419036 411904 7132 0
1785408854324 419036 411904 7132 0
1785408854353 419036 411904 7132 0
1785408854380 419036 411904 7132 0
1785408854406 419036 411904 7132 0
1785408854437 419036 411904 7132 0
1785408854468 419036 411904 7132 0
1785408854496 419036 411904 7132 0
1785408854521 419036 411904 7132 0
1785408854551 419036 411904 7132 0
1785408854581 419036 411904 7132 0
1785408854609 419036 411904 7132 0
1785408854635 419036 411904 7132 0
1785408854664 419036 411904 7132 0
1785408854693 419036 411904 7132 0
1785408854717 419036 411904 7132 0
1785408854743 419036 411904 7132 0
1785408854774 419036 411904 7132 0
1785408854806 419036 411904 7132 0
1785408854837 419036 411904 7132 0
1785408854867 419036 411904 7132 0
1785408854894 419036 411904 7132 0
1785408854924 419036 411904 7132 0
1785408854949 419036 411904 7132 0
1785408854978 419036 411904 7132 0
1785408855008 419036 411904 7132 0
1785408855039 419036 411904 7132 0
1785408855069 419036 411904 7132 0
1785408855094 419036 411904 7132 0
1785408855120 419036 411904 7132 0
1785408855148 419036 411904 7132 0
1785408855179 419036 411904 7132 0
1785408855207 419036 411904 7132 0
1785408855237 419036 411904 7132 0
1785408855262 419036 411904 7132 0
1785408855289 419036 411904 7132 0
1785408855315 419036 411904 7132 0
1785408855345 419036 411904 7132 0
1785408855374 419044 411912 7132 0
1785408855403 419044 411912 7132 0
1785408855432 424412 417280 7132 0
1785408855461 424412 417280 7132 0
1785408855491 424412 417280 7132 0
1785408855516 424412 417280 7132 0
1785408855546 424412 417280 7132 0
1785408855574 424412 417280 7132 0
1785408855601 424412 417280 7132 0
1785408855631 424412 417280 7132 0
1785408855655 424412 417280 7132 0
1785408855680 424412 417280 7132 0
1785408855705 424412 417280 7132 0
1785408855735 424412 417280 7132 0
1785408855765 424412 417280 7132 0
1785408855790 424412 417280 7132 0
1785408855820 424412 417280 7132 0
1785408855847 424412 417280 7132 0
1785408855877 424412 417280 7132 0
1785408855904 424412 417280 7132 0
1785408855935 424412 417280 7132 0
1785408855964 424412 417280 7132 0
1785408855991 424412 417280 7132 0
1785408856016 424412 417280 7132 0
1785408856048 424412 417280 7132 0
1785408856077 424412 417280 7132 0
1785408856106 424412 417280 7132 0
1785408856135 424412 417280 7132 0
1785408856163 424412 417280 7132 0
1785408856194 424412 417280 7132 0
1785408856223 424412 417280 7132 0
1785408856250 424412 417280 7132 0
1785408856280 424412 417280 7132 0
1785408856311 424412 417280 7132 0
1785408856338 424412 417280 7132 0
1785408856367 424412 417280 7132 0
1785408856396 424412 417280 7132 0
1785408856420 424412 417280 7132 0
1785408856450 424412 417280 7132 0
1785408856481 427972 420840 7132 0
1785408856510 428072 420940 7132 0
1785408856542 433628 426496 7132 0
1785408856571 433628 426496 7132 0
1785408856602 433628 426496 7132 0
1785408856633 433628 426496 7132 0
1785408856663 433628 426496 7132 0
1785408856691 433628 426496 7132 0
1785408856721 433628 426496 7132 0
1785408856748 433628 426496 7132 0
1785408856775 433628 426496 7132 0
1785408856804 433628 426496 7132 0
1785408856834 433628 426496 7132 0
1785408856864 433628 426496 7132 0
1785408856895 433628 426496 7132 0
1785408856925 433628 426496 7132 0
1785408856950 433628 426496 7132 0
1785408856979 433628 426496 7132 0
1785408857008 433628 426496 7132 0
1785408857037 433628 426496 7132 0
1785408857067 433628 426496 7132 0
1785408857092 433628 426496 7132 0
1785408857123 433628 426496 7132 0
1785408857152 433628 426496 7132 0
1785408857182 433628 426496 7132 0
1785408857207 433628 426496 7132 0
1785408857236 433628 426496 7132 0
1785408857260 433628 426496 7132 0
1785408857290 433628 426496 7132 0
1785408857320 433628 426496 7132 0
1785408857346 433628 426496 7132 0
1785408857376 433628 426496 7132 0
1785408857407 433484 426356 7128 0
1785408857436 470496 463364 7132 0
1785408857504 470352 463224 7128 0
1785408857530 433628 426496 7132 0
1785408857559 433628 426496 7132 0
1785408857589 433628 426496 7132 0
1785408857620 470496 463364 7132 0
1785408857651 470496 463364 7132 0
1785408857679 470496 463364 7132 0
1785408857708 433628 426496 7132 0
1785408857739 433628 426496 7132 0
1785408857766 433628 426496 7132 0
1785408857791 433628 426496 7132 0
1785408857819 433628 426496 7132 0
1785408857849 433628 426496 7132 0
1785408857880 433628 426496 7132 0
1785408857906 433628 426496 7132 0
1785408857932 433628 426496 7132 0
1785408857959 433628 426496 7132 0
1785408857988 433628 426496 7132 0
1785408858018 433628 426496 7132 0
1785408858049 433628 426496 7132 0
1785408858075 433628 426496 7132 0
1785408858105 433628 426496 7132 0
1785408858136 433628 426496 7132 0
1785408858166 433628 426496 7132 0
1785408858190 433628 426496 7132 0
1785408858217 433628 426496 7132 0
1785408858242 433628 426496 7132 0
1785408858268 433628 426496 7132 0
1785408858299 433628 426496 7132 0
1785408858330 433628 426496 7132 0
1785408858360 433628 426496 7132 0
1785408858386 433628 426496 7132 0
1785408858411 433628 426496 7132 0
1785408858442 433628 426496 7132 0
1785408858473 433628 426496 7132 0
1785408858499 433628 426496 7132 0
1785408858529 433628 426496 7132 0
1785408858555 433628 426496 7132 0
1785408858584 433628 426496 7132 0
1785408858616 433628 426496 7132 0
1785408858642 433628 426496 7132 0
1785408858672 433628 426496 7132 0
1785408858702 433628 426496 7132 0
1785408858734 433628 426496 7132 0
1785408858759 433628 426496 7132 0
1785408858787 433628 426496 7132 0
1785408858816 433628 426496 7132 0
1785408858845 433628 426496 7132 0
1785408858875 433628 426496 7132 0
1785408858905 433628 426496 7132 0
1785408858931 433628 426496 7132 0
1785408858961 433628 426496 7132 0
1785408858992 433628 426496 7132 0
1785408859022 433628 426496 7132 0
1785408859050 433628 426496 7132 0
1785408859080 433628 426496 7132 0
1785408859105 433628 426496 7132 0
1785408859135 433628 426496 7132 0
1785408859166 433628 426496 7132 0
1785408859195 433628 426496 7132 0
1785408859225 433628 426496 7132 0
1785408859256 433628 426496 7132 0
1785408859286 433628 426496 7132 0
1785408859313 433628 426496 7132 0
1785408859339 433628 426496 7132 0
1785408859369 433628 426496 7132 0
1785408859399 433628 426496 7132 0
1785408859429 433628 426496 7132 0
1785408859458 433628 426496 7132 0
1785408859487 433628 426496 7132 0
1785408859515 433628 426496 7132 0
1785408859543 433628 426496 7132 0
1785408859574 433628 426496 7132 0
1785408859602 433628 426496 7132 0
1785408859630 433628 426496 7132 0
1785408859659 433628 426496 7132 0
1785408859689 433628 426496 7132 0
1785408859718 433628 426496 7132 0
1785408859744 433628 426496 7132 0
1785408859773 433628 426496 7132 0
1785408859803 433628 426496 7132 0
1785408859834 433628 426496 7132 0
1785408859864 433628 426496 7132 0
1785408859891 433628 426496 7132 0
1785408859921 433628 426496 7132 0
1785408859950 433628 426496 7132 0
1785408859978 433628 426496 7132 0
1785408860009 433628 426496 7132 0
1785408860036 433628 426496 7132 0
1785408860063 433628 426496 7132 0
1785408860092 433628 426496 7132 0
1785408860123 433628 426496 7132 0
1785408860148 433628 426496 7132 0
1785408860178 433628 426496 7132 0
1785408860209 433628 426496 7132 0
1785408860239 433628 426496 7132 0
1785408860268 433628 426496 7132 0
1785408860297 433628 426496 7132 0
1785408860328 433628 426496 7132 0
1785408860355 433628 426496 7132 0
1785408860386 433628 426496 7132 0
1785408860415 433628 426496 7132 0
1785408860440 433628 426496 7132 0
1785408860470 433628 426496 7132 0
1785408860500 433628 426496 7132 0
1785408860530 433628 426496 7132 0
1785408860559 433628 426496 7132 0
1785408860586 433628 426496 7132 0
1785408860616 433628 426496 7132 0
1785408860642 433628 426496 7132 0
1785408860671 433628 426496 7132 0
1785408860697 433628 426496 7132 0
1785408860727 433628 426496 7132 0
1785408860756 433628 426496 7132 0
1785408860786 433628 426496 7132 0
1785408860810 433628 426496 7132 0
1785408860840 433628 426496 7132 0
1785408860869 433628 426496 7132 0
1785408860894 433628 426496 7132 0
1785408860924 433628 426496 7132 0
1785408860954 433628 426496 7132 0
1785408860979 433628 426496 7132 0
1785408861009 433628 426496 7132 0
1785408861040 433628 426496 7132 0
1785408861068 433628 426496 7132 0
1785408861099 433628 426496 7132 0
1785408861125 433628 426496 7132 0
1785408861153 433628 426496 7132 0
1785408861183 433628 426496 7132 0
1785408861213 433628 426496 7132 0
1785408861243 433628 426496 7132 0
1785408861272 433628 426496 7132 0
1785408861302 433628 426496 7132 0
1785408861332 433628 426496 7132 0
1785408861361 433628 426496 7132 0
1785408861392 433628 426496 7132 0
1785408861417 433628 426496 7132 0
1785408861446 433628 426496 7132 0
1785408861476 433628 426496 7132 0
1785408861502 433628 426496 7132 0
1785408861533 433628 426496 7132 0
1785408861563 433628 426496 7132 0
1785408861594 433628 426496 7132 0
1785408861624 433628 426496 7132 0
1785408861656 433628 426496 7132 0
1785408861684 433628 426496 7132 0
1785408861710 433628 426496 7132 0
1785408861739 433628 426496 7132 0
1785408861768 433628 426496 7132 0
1785408861798 433628 426496 7132 0
1785408861827 433628 426496 7132 0
1785408861858 433628 426496 7132 0
1785408861884 433628 426496 7132 0
1785408861914 433628 426496 7132 0
1785408861940 433628 426496 7132 0
1785408861969 433628 426496 7132 0
1785408861993 433628 426496 7132 0
1785408862025 433628 426496 7132 0
1785408862055 433628 426496 7132 0
1785408862084 433628 426496 7132 0
1785408862114 433628 426496 7132 0
1785408862143 433628 426496 7132 0
1785408862173 433628 426496 7132 0
1785408862202 433628 426496 7132 0
1785408862232 433628 426496 7132 0
1785408862258 433628 426496 7132 0
1785408862288 433628 426496 7132 0
1785408862313 433628 426496 7132 0
1785408862343 433628 426496 7132 0
1785408862368 433628 426496 7132 0
1785408862392 433628 426496 7132 0
1785408862419 433628 426496 7132 0
1785408862449 433628 426496 7132 0
1785408862475 433628 426496 7132 0
1785408862500 433628 426496 7132 0
1785408862529 433628 426496 7132 0
1785408862559 433628 426496 7132 0
1785408862589 433628 426496 7132 0
1785408862619 433628 426496 7132 0
1785408862650 433628 426496 7132 0
1785408862681 433628 426496 7132 0
1785408862710 433628 426496 7132 0
1785408862738 433628 426496 7132 0
1785408862768 433628 426496 7132 0
1785408862796 433628 426496 7132 0
1785408862825 433628 426496 7132 0
1785408862854 433628 426496 7132 0
1785408862883 433628 426496 7132 0
1785408862914 433628 426496 7132 0
1785408862943 433628 426496 7132 0
1785408862974 433628 426496 7132 0
1785408863004 433628 426496 7132 0
1785408863033 433628 426496 7132 0
1785408863059 433628 426496 7132 0
1785408863089 433628 426496 7132 0
1785408863114 433628 426496 7132 0
1785408863142 433628 426496 7132 0
1785408863173 433628 426496 7132 0
1785408863196 433628 426496 7132 0
1785408863227 433628 426496 7132 0
1785408863257 433628 426496 7132 0
1785408863284 433628 426496 7132 0
1785408863313 433628 426496 7132 0
1785408863344 433628 426496 7132 0
1785408863373 433628 426496 7132 0
1785408863401 433628 426496 7132 0
1785408863432 433628 426496 7132 0
1785408863465 433628 426496 7132 0
1785408863495 433628 426496 7132 0
1785408863525 433628 426496 7132 0
1785408863555 433628 426496 7132 0
1785408863582 433628 426496 7132 0
1785408863614 433628 426496 7132 0
1785408863639 433628 426496 7132 0
1785408863669 433628 426496 7132 0
1785408863699 433628 426496 7132 0
1785408863728 433628 426496 7132 0
1785408863754 433628 426496 7132 0
1785408863778 433628 426496 7132 0
1785408863807 433628 426496 7132 0
1785408863837 433628 426496 7132 0
1785408863861 433628 426496 7132 0
1785408863891 433628 426496 7132 0
1785408863918 433628 426496 7132 0
1785408863950 433628 426496 7132 0
1785408863975 433628 426496 7132 0
1785408864007 433628 426496 7132 0
1785408864038 433628 426496 7132 0
1785408864069 433628 426496 7132 0
1785408864099 433628 426496 7132 0
1785408864129 433628 426496 7132 0
1785408864159 433628 426496 7132 0
1785408864188 433628 426496 7132 0
1785408864215 433628 426496 7132 0
1785408864245 433628 426496 7132 0
1785408864273 433628 426496 7132 0
1785408864304 433628 426496 7132 0
1785408864334 433628 426496 7132 0
1785408864363 433628 426496 7132 0
1785408864391 433628 426496 7132 0
1785408864422 433628 426496 7132 0
1785408864447 433628 426496 7132 0
1785408864477 433628 426496 7132 0
1785408864504 433628 426496 7132 0
1785408864534 433628 426496 7132 0
1785408864560 433628 426496 7132 0
1785408864592 433628 426496 7132 0
1785408864619 433628 426496 7132 0
1785408864649 433628 426496 7132 0
1785408864679 433628 426496 7132 0
1785408864710 433628 426496 7132 0
1785408864739 433628 426496 7132 0
1785408864770 433628 426496 7132 0
1785408864797 433628 426496 7132 0
1785408864827 433628 426496 7132 0
1785408864852 433628 426496 7132 0
1785408864883 433628 426496 7132 0
1785408864912 433628 426496 7132 0
1785408864937 433628 426496 7132 0
1785408864967 433628 426496 7132 0
1785408864998 433628 426496 7132 0
1785408865028 433628 426496 7132 0
1785408865055 433628 426496 7132 0
1785408865083 433628 426496 7132 0
1785408865110 433628 426496 7132 0
1785408865139 433628 426496 7132 0
1785408865168 433628 426496 7132 0
1785408865194 433628 426496 7132 0
1785408865221 433628 426496 7132 0
1785408865250 433628 426496 7132 0
1785408865280 433628 426496 7132 0
1785408865311 433628 426496 7132 0
1785408865337 433628 426496 7132 0
1785408865367 433628 426496 7132 0
1785408865393 433628 426496 7132 0
1785408865424 433628 426496 7132 0
1785408865455 433628 426496 7132 0
1785408865485 433628 426496 7132 0
1785408865516 433628 426496 7132 0
1785408865543 433628 426496 7132 0
1785408865573 433628 426496 7132 0
1785408865599 433628 426496 7132 0
1785408865625 433628 426496 7132 0
1785408865657 433628 426496 7132 0
1785408865687 433628 426496 7132 0
1785408865717 433628 426496 7132 0
1785408865748 433628 426496 7132 0
1785408865774 433628 426496 7132 0
1785408865803 433628 426496 7132 0
1785408865833 433628 426496 7132 0
1785408865863 433628 426496 7132 0
1785408865894 433628 426496 7132 0
1785408865920 433628 426496 7132 0
1785408865951 433628 426496 7132 0
1785408865981 433628 426496 7132 0
1785408866010 433628 426496 7132 0
1785408866038 433628 426496 7132 0
1785408866068 433628 426496 7132 0
1785408866101 433628 426496 7132 0
1785408866131 433628 426496 7132 0
1785408866156 433628 426496 7132 0
1785408866181 433628 426496 7132 0
1785408866212 433628 426496 7132 0
1785408866241 433628 426496 7132 0
1785408866271 433628 426496 7132 0
1785408866301 433628 426496 7132 0
1785408866333 433628 426496 7132 0
1785408866364 433628 426496 7132 0
1785408866394 433628 426496 7132 0
1785408866426 433628 426496 7132 0
1785408866457 433628 426496 7132 0
1785408866486 433628 426496 7132 0
1785408866516 433628 426496 7132 0
1785408866543 433628 426496 7132 0
1785408866573 433628 426496 7132 0
1785408866600 433628 426496 7132 0
1785408866626 433628 426496 7132 0
1785408866652 433628 426496 7132 0
1785408866681 433628 426496 7132 0
1785408866709 433628 426496 7132 0
1785408866736 433628 426496 7132 0
1785408866765 433628 426496 7132 0
1785408866793 433628 426496 7132 0
1785408866818 433628 426496 7132 0
1785408866849 433628 426496 7132 0
1785408866878 433628 426496 7132 0
1785408866907 433628 426496 7132 0
1785408866936 433628 426496 7132 0
1785408866968 433628 426496 7132 0
1785408866997 433628 426496 7132 0
1785408867027 433628 426496 7132 0
1785408867056 433628 426496 7132 0
1785408867086 433628 426496 7132 0
1785408867112 433628 426496 7132 0
1785408867137 433628 426496 7132 0
1785408867167 433628 426496 7132 0
1785408867193 433628 426496 7132 0
1785408867222 433628 426496 7132 0
1785408867252 433628 426496 7132 0
1785408867279 433628 426496 7132 0
1785408867309 433628 426496 7132 0
1785408867335 433628 426496 7132 0
1785408867365 433628 426496 7132 0
1785408867396 433628 426496 7132 0
1785408867426 433628 426496 7132 0
1785408867453 433628 426496 7132 0
1785408867483 433628 426496 7132 0
1785408867513 433628 426496 7132 0
1785408867542 433628 426496 7132 0
1785408867572 433628 426496 7132 0
1785408867601 433628 426496 7132 0
1785408867633 433628 426496 7132 0
1785408867663 433628 426496 7132 0
1785408867693 433628 426496 7132 0
1785408867722 433628 426496 7132 0
1785408867751 433628 426496 7132 0
1785408867781 433628 426496 7132 0
1785408867807 433628 426496 7132 0
1785408867837 433628 426496 7132 0
1785408867867 433628 426496 7132 0
1785408867896 433628 426496 7132 0
1785408867923 433628 426496 7132 0
1785408867953 433628 426496 7132 0
1785408867983 433628 426496 7132 0
1785408868012 433628 426496 7132 0
1785408868038 433628 426496 7132 0
1785408868067 433628 426496 7132 0
1785408868097 433628 426496 7132 0
1785408868127 433628 426496 7132 0
1785408868151 433628 426496 7132 0
1785408868179 433628 426496 7132 0
1785408868209 433628 426496 7132 0
1785408868237 433628 426496 7132 0
1785408868265 433628 426496 7132 0
1785408868295 433628 426496 7132 0
1785408868324 433628 426496 7132 0
1785408868348 433628 426496 7132 0
1785408868376 433628 426496 7132 0
1785408868405 433628 426496 7132 0
1785408868435 433628 426496 7132 0
1785408868461 433628 426496 7132 0
1785408868490 433628 426496 7132 0
1785408868521 433628 426496 7132 0
1785408868546 433628 426496 7132 0
1785408868576 433628 426496 7132 0
1785408868607 433628 426496 7132 0
1785408868637 433628 426496 7132 0
1785408868667 433628 426496 7132 0
1785408868696 433628 426496 7132 0
1785408868724 433628 426496 7132 0
1785408868751 433628 426496 7132 0
1785408868779 433628 426496 7132 0
1785408868808 433628 426496 7132 0
1785408868835 433628 426496 7132 0
1785408868866 433628 426496 7132 0
1785408868891 433628 426496 7132 0
1785408868920 433628 426496 7132 0
1785408868951 433628 426496 7132 0
1785408868983 433628 426496 7132 0
1785408869013 433628 426496 7132 0
1785408869043 433628 426496 7132 0
1785408869074 433628 426496 7132 0
1785408869099 433628 426496 7132 0
1785408869128 433628 426496 7132 0
1785408869155 433628 426496 7132 0
1785408869186 433628 426496 7132 0
1785408869215 433628 426496 7132 0
1785408869246 433628 426496 7132 0
1785408869276 433628 426496 7132 0
1785408869306 433628 426496 7132 0
1785408869337 433628 426496 7132 0
1785408869364 433628 426496 7132 0
1785408869389 433628 426496 7132 0
1785408869419 433628 426496 7132 0
1785408869450 433628 426496 7132 0
1785408869480 433628 426496 7132 0
1785408869510 433628 426496 7132 0
1785408869537 433628 426496 7132 0
1785408869567 433628 426496 7132 0
1785408869596 433628 426496 7132 0
1785408869627 433628 426496 7132 0
1785408869655 433628 426496 7132 0
1785408869687 433628 426496 7132 0
1785408869718 433628 426496 7132 0
1785408869745 433628 426496 7132 0
1785408869776 433628 426496 7132 0
1785408869806 433628 426496 7132 0
1785408869835 433628 426496 7132 0
1785408869864 433628 426496 7132 0
1785408869892 433628 426496 7132 0
1785408869922 433628 426496 7132 0
1785408869952 433628 426496 7132 0
1785408869982 433628 426496 7132 0
1785408870014 433628 426496 7132 0
1785408870043 433628 426496 7132 0
1785408870069 433628 426496 7132 0
1785408870099 433628 426496 7132 0
1785408870129 433628 426496 7132 0
1785408870154 433628 426496 7132 0
1785408870185 433628 426496 7132 0
1785408870215 433628 426496 7132 0
1785408870246 433628 426496 7132 0
1785408870275 433628 426496 7132 0
1785408870302 433628 426496 7132 0
1785408870331 433628 426496 7132 0
1785408870360 433628 426496 7132 0
1785408870391 433628 426496 7132 0
1785408870422 433628 426496 7132 0
1785408870452 433628 426496 7132 0
1785408870482 433628 426496 7132 0
1785408870513 433628 426496 7132 0
1785408870540 433628 426496 7132 0
1785408870569 433628 426496 7132 0
1785408870599 433628 426496 7132 0
1785408870630 433628 426496 7132 0
1785408870660 433628 426496 7132 0
1785408870687 433628 426496 7132 0
1785408870710 433628 426496 7132 0
1785408870741 433628 426496 7132 0
1785408870766 433628 426496 7132 0
1785408870795 433628 426496 7132 0
1785408870824 433628 426496 7132 0
1785408870853 433628 426496 7132 0
1785408870883 433628 426496 7132 0
1785408870907 433628 426496 7132 0
1785408870936 433632 426500 7132 0
1785408870966 433632 426500 7132 0
1785408870995 433632 426500 7132 0
1785408871021 433632 426500 7132 0
1785408871051 433632 426500 7132 0
1785408871079 433632 426500 7132 0
1785408871108 433632 426500 7132 0
1785408871138 433632 426500 7132 0
1785408871162 433632 426500 7132 0
1785408871189 433632 426500 7132 0
1785408871219 433632 426500 7132 0
1785408871249 433632 426500 7132 0
1785408871276 433632 426500 7132 0
1785408871308 433632 426500 7132 0
1785408871337 433632 426500 7132 0
1785408871365 433632 426500 7132 0
1785408871389 433632 426500 7132 0
1785408871418 433632 426500 7132 0
1785408871448 433632 426500 7132 0
1785408871475 433632 426500 7132 0
1785408871505 433632 426500 7132 0
1785408871535 433632 426500 7132 0
1785408871565 433632 426500 7132 0
1785408871595 433632 426500 7132 0
1785408871624 433632 426500 7132 0
1785408871653 433632 426500 7132 0
1785408871685 433632 426500 7132 0
1785408871714 433632 426500 7132 0
1785408871744 433632 426500 7132 0
1785408871773 433632 426500 7132 0
1785408871803 433632 426500 7132 0
1785408871834 433632 426500 7132 0
1785408871865 433632 426500 7132 0
1785408871892 433632 426500 7132 0
1785408871922 433632 426500 7132 0
1785408871951 433632 426500 7132 0
1785408871982 433632 426500 7132 0
1785408872013 433632 426500 7132 0
1785408872043 433632 426500 7132 0
1785408872070 433632 426500 7132 0
1785408872101 433632 426500 7132 0
1785408872130 433632 426500 7132 0
1785408872160 433632 426500 7132 0
1785408872187 433632 426500 7132 0
1785408872217 433632 426500 7132 0
1785408872247 433632 426500 7132 0
1785408872275 433632 426500 7132 0
1785408872305 433632 426500 7132 0
1785408872335 433632 426500 7132 0
1785408872363 433632 426500 7132 0
1785408872393 433632 426500 7132 0
1785408872417 433632 426500 7132 0
1785408872448 433632 426500 7132 0
1785408872478 433632 426500 7132 0
1785408872505 433632 426500 7132 0
1785408872536 433632 426500 7132 0
1785408872565 433632 426500 7132 0
1785408872596 433632 426500 7132 0
1785408872627 433632 426500 7132 0
1785408872655 433632 426500 7132 0
1785408872684 433632 426500 7132 0
1785408872712 433632 426500 7132 0
1785408872744 433632 426500 7132 0
1785408872774 433632 426500 7132 0
1785408872803 433632 426500 7132 0
1785408872828 433632 426500 7132 0
1785408872858 433632 426500 7132 0
1785408872886 433632 426500 7132 0
1785408872911 433632 426500 7132 0
1785408872941 433632 426500 7132 0
1785408872969 433632 426500 7132 0
1785408872996 433632 426500 7132 0
1785408873026 433632 426500 7132 0
1785408873057 433632 426500 7132 0
1785408873089 433632 426500 7132 0
1785408873118 433632 426500 7132 0
1785408873148 433632 426500 7132 0
1785408873178 433632 426500 7132 0
1785408873203 433632 426500 7132 0
1785408873232 433632 426500 7132 0
1785408873262 433632 426500 7132 0
1785408873291 433632 426500 7132 0
1785408873321 433632 426500 7132 0
1785408873351 433632 426500 7132 0
1785408873380 433632 426500 7132 0
1785408873410 433632 426500 7132 0
1785408873441 433632 426500 7132 0
1785408873470 433632 426500 7132 0
1785408873497 433632 426500 7132 0
1785408873524 433632 426500 7132 0
1785408873553 433632 426500 7132 0
1785408873583 433632 426500 7132 0
1785408873610 433632 426500 7132 0
1785408873640 433632 426500 7132 0
1785408873669 433632 426500 7132 0
1785408873700 433632 426500 7132 0
1785408873730 433632 426500 7132 0
1785408873756 433632 426500 7132 0
1785408873784 433632 426500 7132 0
1785408873814 433632 426500 7132 0
1785408873844 433632 426500 7132 0
1785408873868 433632 426500 7132 0
1785408873895 433632 426500 7132 0
1785408873924 433632 426500 7132 0
1785408873953 433632 426500 7132 0
1785408873983 433632 426500 7132 0
1785408874009 433632 426500 7132 0
1785408874034 433632 426500 7132 0
1785408874064 433632 426500 7132 0
1785408874090 433632 426500 7132 0
1785408874121 433632 426500 7132 0
1785408874151 433632 426500 7132 0
1785408874183 433632 426500 7132 0
1785408874212 433632 426500 7132 0
1785408874241 433632 426500 7132 0
1785408874272 433632 426500 7132 0
1785408874301 433632 426500 7132 0
1785408874330 433632 426500 7132 0
1785408874360 433632 426500 7132 0
1785408874390 433632 426500 7132 0
1785408874420 433632 426500 7132 0
1785408874446 433632 426500 7132 0
1785408874476 433632 426500 7132 0
1785408874503 433632 426500 7132 0
1785408874533 433632 426500 7132 0
1785408874562 433632 426500 7132 0
1785408874592 433632 426500 7132 0
1785408874619 433632 426500 7132 0
1785408874649 433632 426500 7132 0
1785408874678 433632 426500 7132 0
1785408874704 433632 426500 7132 0
1785408874733 433632 426500 7132 0
1785408874762 433632 426500 7132 0
1785408874793 433632 426500 7132 0
1785408874822 433632 426500 7132 0
1785408874846 433632 426500 7132 0
1785408874877 433632 426500 7132 0
1785408874903 433632 426500 7132 0
1785408874929 433632 426500 7132 0
1785408874959 433632 426500 7132 0
1785408874989 433632 426500 7132 0
1785408875019 433632 426500 7132 0
1785408875046 433632 426500 7132 0
1785408875075 433632 426500 7132 0
1785408875105 433632 426500 7132 0
1785408875131 433632 426500 7132 0
1785408875160 433632 426500 7132 0
1785408875189 433632 426500 7132 0
1785408875218 433632 426500 7132 0
1785408875247 433632 426500 7132 0
1785408875272 433632 426500 7132 0
1785408875298 433632 426500 7132 0
1785408875329 433632 426500 7132 0
1785408875358 433632 426500 7132 0
1785408875388 433632 426500 7132 0
1785408875417 433632 426500 7132 0
1785408875443 433632 426500 7132 0
1785408875474 433632 426500 7132 0
1785408875503 433632 426500 7132 0
1785408875533 433632 426500 7132 0
1785408875563 433632 426500 7132 0
1785408875590 433632 426500 7132 0
1785408875621 433632 426500 7132 0
1785408875650 433632 426500 7132 0
1785408875680 433632 426500 7132 0
1785408875706 433632 426500 7132 0
1785408875736 433632 426500 7132 0
1785408875765 433632 426500 7132 0
1785408875792 433632 426500 7132 0
1785408875823 433632 426500 7132 0
1785408875853 433632 426500 7132 0
1785408875881 433632 426500 7132 0
1785408875910 433632 426500 7132 0
1785408875936 433632 426500 7132 0
1785408875963 433632 426500 7132 0
1785408875994 433632 426500 7132 0
1785408876018 433632 426500 7132 0
1785408876048 433632 426500 7132 0
1785408876078 433632 426500 7132 0
1785408876108 433632 426500 7132 0
1785408876138 433632 426500 7132 0
1785408876163 433632 426500 7132 0
1785408876194 433632 426500 7132 0
1785408876224 433632 426500 7132 0
1785408876255 433632 426500 7132 0
1785408876285 433632 426500 7132 0
1785408876310 433632 426500 7132 0
1785408876345 433632 426500 7132 0
1785408876374 433632 426500 7132 0
1785408876404 433632 426500 7132 0
1785408876433 433632 426500 7132 0
1785408876464 433632 426500 7132 0
1785408876495 433632 426500 7132 0
1785408876525 433632 426500 7132 0
1785408876555 433632 426500 7132 0
1785408876583 433632 426500 7132 0
1785408876612 433632 426500 7132 0
1785408876638 433632 426500 7132 0
1785408876668 433632 426500 7132 0
1785408876696 433632 426500 7132 0
1785408876726 433632 426500 7132 0
1785408876751 433632 426500 7132 0
1785408876778 433632 426500 7132 0
1785408876809 433632 426500 7132 0
1785408876838 433632 426500 7132 0
1785408876871 433632 426500 7132 0
1785408876902 433632 426500 7132 0
1785408876928 433632 426500 7132 0
1785408876955 433632 426500 7132 0
1785408876986 433632 426500 7132 0
1785408877016 433632 426500 7132 0
1785408877040 433632 426500 7132 0
1785408877070 433632 426500 7132 0
1785408877094 433632 426500 7132 0
1785408877125 433632 426500 7132 0
1785408877150 433632 426500 7132 0
1785408877176 433632 426500 7132 0
1785408877202 433632 426500 7132 0
1785408877232 433632 426500 7132 0
1785408877263 433632 426500 7132 0
1785408877292 433632 426500 7132 0
1785408877323 433632 426500 7132 0
1785408877352 433632 426500 7132 0
1785408877379 433632 426500 7132 0
1785408877406 433632 426500 7132 0
1785408877436 433632 426500 7132 0
1785408877467 433632 426500 7132 0
1785408877498 433632 426500 7132 0
1785408877527 433632 426500 7132 0
1785408877557 433632 426500 7132 0
1785408877587 433632 426500 7132 0
1785408877617 433632 426500 7132 0
1785408877643 433632 426500 7132 0
1785408877669 433632 426500 7132 0
1785408877699 433632 426500 7132 0
1785408877730 433632 426500 7132 0
1785408877757 433632 426500 7132 0
1785408877787 433632 426500 7132 0
1785408877817 433632 426500 7132 0
1785408877841 433632 426500 7132 0
1785408877866 433632 426500 7132 0
1785408877890 433632 426500 7132 0
1785408877915 433632 426500 7132 0
1785408877942 433632 426500 7132 0
1785408877966 433632 426500 7132 0
1785408877997 433632 426500 7132 0
1785408878027 433632 426500 7132 0
1785408878056 433632 426500 7132 0
1785408878087 433632 426500 7132 0
1785408878111 433632 426500 7132 0
1785408878138 433632 426500 7132 0
1785408878168 433632 426500 7132 0
1785408878197 433632 426500 7132 0
1785408878230 433632 426500 7132 0
1785408878256 433632 426500 7132 0
1785408878287 433632 426500 7132 0
1785408878317 433632 426500 7132 0
1785408878344 433632 426500 7132 0
1785408878369 433632 426500 7132 0
1785408878400 433632 426500 7132 0
1785408878430 433632 426500 7132 0
1785408878462 433632 426500 7132 0
1785408878492 433632 426500 7132 0
1785408878521 433632 426500 7132 0
1785408878552 433632 426500 7132 0
1785408878582 433632 426500 7132 0
1785408878610 433632 426500 7132 0
1785408878636 433632 426500 7132 0
1785408878667 433632 426500 7132 0
1785408878698 433632 426500 7132 0
1785408878728 433632 426500 7132 0
1785408878752 433632 426500 7132 0
1785408878782 433632 426500 7132 0
1785408878810 433632 426500 7132 0
1785408878840 433632 426500 7132 0
1785408878869 433632 426500 7132 0
1785408878899 433632 426500 7132 0
1785408878925 433632 426500 7132 0
1785408878951 433632 426500 7132 0
1785408878982 433632 426500 7132 0
1785408879012 433632 426500 7132 0
1785408879042 433632 426500 7132 0
1785408879073 433632 426500 7132 0
1785408879103 433632 426500 7132 0
1785408879128 433632 426500 7132 0
1785408879159 433632 426500 7132 0
1785408879187 433632 426500 7132 0
1785408879211 433632 426500 7132 0
1785408879241 433632 426500 7132 0
1785408879272 433632 426500 7132 0
1785408879298 433632 426500 7132 0
1785408879325 433632 426500 7132 0
1785408879357 433632 426500 7132 0
1785408879382 433632 426500 7132 0
1785408879411 433632 426500 7132 0
1785408879442 433632 426500 7132 0
1785408879472 433632 426500 7132 0
1785408879499 433632 426500 7132 0
1785408879525 433632 426500 7132 0
1785408879556 433632 426500 7132 0
1785408879586 433632 426500 7132 0
1785408879615 433632 426500 7132 0
1785408879640 433632 426500 7132 0
1785408879671 433632 426500 7132 0
1785408879702 433632 426500 7132 0
1785408879733 433632 426500 7132 0
1785408879762 433632 426500 7132 0
1785408879792 433632 426500 7132 0
1785408879824 433632 426500 7132 0
1785408879855 433632 426500 7132 0
1785408879884 433632 426500 7132 0
1785408879913 433632 426500 7132 0
1785408879943 433632 426500 7132 0
1785408879970 433632 426500 7132 0
1785408880000 433632 426500 7132 0
1785408880030 433632 426500 7132 0
1785408880057 433632 426500 7132 0
1785408880084 433632 426500 7132 0
1785408880113 433632 426500 7132 0
1785408880143 433632 426500 7132 0
1785408880172 433632 426500 7132 0
1785408880203 433632 426500 7132 0
1785408880236 433632 426500 7132 0
1785408880266 433632 426500 7132 0
1785408880297 433632 426500 7132 0
1785408880325 433632 426500 7132 0
1785408880355 433632 426500 7132 0
1785408880382 433632 426500 7132 0
1785408880412 433632 426500 7132 0
1785408880439 433632 426500 7132 0
1785408880466 433632 426500 7132 0
1785408880496 433632 426500 7132 0
1785408880527 433632 426500 7132 0
1785408880553 433632 426500 7132 0
1785408880584 433632 426500 7132 0
1785408880614 433632 426500 7132 0
1785408880644 433632 426500 7132 0
1785408880672 433632 426500 7132 0
1785408880703 433632 426500 7132 0
1785408880733 433632 426500 7132 0
1785408880764 433632 426500 7132 0
1785408880788 433632 426500 7132 0
1785408880819 433632 426500 7132 0
1785408880850 433632 426500 7132 0
1785408880878 433632 426500 7132 0
1785408880909 433632 426500 7132 0
1785408880936 433632 426500 7132 0
1785408880966 433632 426500 7132 0
1785408880996 433632 426500 7132 0
1785408881028 433632 426500 7132 0
1785408881055 433632 426500 7132 0
1785408881085 433632 426500 7132 0
1785408881113 433632 426500 7132 0
1785408881143 433632 426500 7132 0
1785408881168 433632 426500 7132 0
1785408881199 433632 426500 7132 0
1785408881229 433632 426500 7132 0
1785408881259 433632 426500 7132 0
1785408881290 433632 426500 7132 0
1785408881321 433632 426500 7132 0
1785408881352 433632 426500 7132 0
1785408881378 433632 426500 7132 0
1785408881407 433632 426500 7132 0
1785408881436 433632 426500 7132 0
1785408881467 433632 426500 7132 0
1785408881497 433632 426500 7132 0
1785408881527 433632 426500 7132 0
1785408881554 433632 426500 7132 0
1785408881585 433632 426500 7132 0
1785408881614 433632 426500 7132 0
1785408881644 433632 426500 7132 0
1785408881670 433632 426500 7132 0
1785408881701 433632 426500 7132 0
1785408881730 433632 426500 7132 0
1785408881760 433632 426500 7132 0
1785408881789 433632 426500 7132 0
1785408881818 433632 426500 7132 0
1785408881845 433632 426500 7132 0
1785408881871 433632 426500 7132 0
1785408881901 433632 426500 7132 0
1785408881925 433632 426500 7132 0
1785408881951 433632 426500 7132 0
1785408881982 433632 426500 7132 0
1785408882011 433632 426500 7132 0
1785408882043 433632 426500 7132 0
1785408882073 433632 426500 7132 0
1785408882103 433632 426500 7132 0
1785408882133 433632 426500 7132 0
1785408882162 433632 426500 7132 0
1785408882190 433632 426500 7132 0
1785408882219 433632 426500 7132 0
1785408882250 433632 426500 7132 0
1785408882277 433632 426500 7132 0
1785408882306 433632 426500 7132 0
1785408882334 433632 426500 7132 0
1785408882361 433632 426500 7132 0
1785408882385 433632 426500 7132 0
1785408882414 433632 426500 7132 0
1785408882443 433632 426500 7132 0
1785408882470 433632 426500 7132 0
1785408882495 433632 426500 7132 0
1785408882524 433632 426500 7132 0
1785408882554 433632 426500 7132 0
1785408882584 433632 426500 7132 0
1785408882614 433632 426500 7132 0
1785408882645 433632 426500 7132 0
1785408882674 433632 426500 7132 0
1785408882704 433632 426500 7132 0
1785408882731 433632 426500 7132 0
1785408882759 433632 426500 7132 0
1785408882789 433632 426500 7132 0
1785408882816 433632 426500 7132 0
1785408882843 433632 426500 7132 0
1785408882873 433632 426500 7132 0
1785408882902 433632 426500 7132 0
1785408882932 433632 426500 7132 0
1785408882958 433632 426500 7132 0
1785408882986 433632 426500 7132 0
1785408883014 433632 426500 7132 0
1785408883046 433632 426500 7132 0
1785408883072 433632 426500 7132 0
1785408883101 433632 426500 7132 0
1785408883130 433632 426500 7132 0
1785408883156 433632 426500 7132 0
1785408883186 433632 426500 7132 0
1785408883217 433632 426500 7132 0
1785408883243 433632 426500 7132 0
1785408883273 433632 426500 7132 0
1785408883305 433632 426500 7132 0
1785408883329 433632 426500 7132 0
1785408883357 433632 426500 7132 0
1785408883386 433632 426500 7132 0
1785408883410 433632 426500 7132 0
1785408883440 433632 426500 7132 0
1785408883470 433632 426500 7132 0
1785408883497 433632 426500 7132 0
1785408883528 433632 426500 7132 0
1785408883557 433632 426500 7132 0
1785408883586 433632 426500 7132 0
1785408883616 433632 426500 7132 0
1785408883647 433632 426500 7132 0
1785408883677 433632 426500 7132 0
1785408883705 433632 426500 7132 0
1785408883732 433632 426500 7132 0
1785408883762 433632 426500 7132 0
1785408883795 433632 426500 7132 0
1785408883823 433632 426500 7132 0
1785408883847 433632 426500 7132 0
1785408883873 433632 426500 7132 0
1785408883901 433632 426500 7132 0
1785408883929 433632 426500 7132 0
1785408883957 433632 426500 7132 0
1785408883988 433632 426500 7132 0
1785408884014 433632 426500 7132 0
1785408884041 433632 426500 7132 0
1785408884071 433632 426500 7132 0
1785408884101 433632 426500 7132 0
1785408884130 433632 426500 7132 0
1785408884160 433632 426500 7132 0
1785408884184 433632 426500 7132 0
1785408884214 433632 426500 7132 0
1785408884240 433632 426500 7132 0
1785408884272 433632 426500 7132 0
1785408884304 433632 426500 7132 0
1785408884333 433632 426500 7132 0
1785408884362 433632 426500 7132 0
1785408884386 433632 426500 7132 0
1785408884417 433632 426500 7132 0
1785408884447 433632 426500 7132 0
1785408884473 433632 426500 7132 0
1785408884503 433632 426500 7132 0
1785408884534 433632 426500 7132 0
1785408884566 433632 426500 7132 0
1785408884596 433632 426500 7132 0
1785408884624 433632 426500 7132 0
1785408884653 433632 426500 7132 0
1785408884684 433632 426500 7132 0
1785408884715 433632 426500 7132 0
1785408884745 433632 426500 7132 0
1785408884776 433632 426500 7132 0
1785408884809 433632 426500 7132 0
1785408884838 433632 426500 7132 0
1785408884867 433632 426500 7132 0
1785408884897 433632 426500 7132 0
1785408884928 433632 426500 7132 0
1785408884956 433632 426500 7132 0
1785408884987 433632 426500 7132 0
1785408885012 433632 426500 7132 0
1785408885044 433632 426500 7132 0
1785408885073 433632 426500 7132 0
1785408885098 433632 426500 7132 0
1785408885126 433632 426500 7132 0
1785408885151 433632 426500 7132 0
1785408885182 433632 426500 7132 0
1785408885211 433632 426500 7132 0
1785408885240 433632 426500 7132 0
1785408885270 433632 426500 7132 0
1785408885297 433632 426500 7132 0
1785408885328 433632 426500 7132 0
1785408885359 433632 426500 7132 0
1785408885386 433632 426500 7132 0
1785408885415 433632 426500 7132 0
1785408885445 433632 426500 7132 0
1785408885473 433632 426500 7132 0
1785408885501 433632 426500 7132 0
1785408885526 433632 426500 7132 0
1785408885555 433632 426500 7132 0
1785408885584 433632 426500 7132 0
1785408885613 433632 426500 7132 0
1785408885643 433632 426500 7132 0
1785408885673 433632 426500 7132 0
1785408885702 433632 426500 7132 0
1785408885733 433632 426500 7132 0
1785408885761 433632 426500 7132 0
1785408885792 433632 426500 7132 0
1785408885824 433632 426500 7132 0
1785408885855 433632 426500 7132 0
1785408885886 433632 426500 7132 0
1785408885916 433632 426500 7132 0
1785408885945 433632 426500 7132 0
1785408885972 433632 426500 7132 0
1785408886002 433632 426500 7132 0
1785408886028 433632 426500 7132 0
1785408886059 433632 426500 7132 0
1785408886085 433632 426500 7132 0
1785408886116 433632 426500 7132 0
1785408886146 433632 426500 7132 0
1785408886172 433632 426500 7132 0
1785408886199 433632 426500 7132 0
1785408886225 433632 426500 7132 0
1785408886256 433632 426500 7132 0
1785408886286 433632 426500 7132 0
1785408886314 433632 426500 7132 0
1785408886341 433632 426500 7132 0
1785408886371 433632 426500 7132 0
1785408886401 433632 426500 7132 0
1785408886427 433632 426500 7132 0
1785408886457 433632 426500 7132 0
1785408886488 433632 426500 7132 0
1785408886518 433632 426500 7132 0
1785408886545 433632 426500 7132 0
1785408886576 433632 426500 7132 0
1785408886601 433632 426500 7132 0
1785408886631 433632 426500 7132 0
1785408886657 433632 426500 7132 0
1785408886687 433632 426500 7132 0
1785408886718 433632 426500 7132 0
1785408886749 433632 426500 7132 0
1785408886779 433632 426500 7132 0
1785408886805 433632 426500 7132 0
1785408886830 433632 426500 7132 0
1785408886861 433632 426500 7132 0
1785408886890 433632 426500 7132 0
1785408886919 433632 426500 7132 0
1785408886948 433632 426500 7132 0
1785408886979 433632 426500 7132 0
1785408887009 433632 426500 7132 0
1785408887039 433632 426500 7132 0
1785408887064 433632 426500 7132 0
1785408887095 433632 426500 7132 0
1785408887125 433632 426500 7132 0
1785408887156 433632 426500 7132 0
1785408887181 433632 426500 7132 0
1785408887207 433632 426500 7132 0
1785408887236 433632 426500 7132 0
1785408887263 433632 426500 7132 0
1785408887291 433632 426500 7132 0
1785408887321 433632 426500 7132 0
1785408887346 433632 426500 7132 0
1785408887376 433632 426500 7132 0
1785408887406 433632 426500 7132 0
1785408887434 433632 426500 7132 0
1785408887461 433632 426500 7132 0
1785408887488 433632 426500 7132 0
1785408887518 433632 426500 7132 0
1785408887548 433632 426500 7132 0
1785408887572 433632 426500 7132 0
1785408887603 433632 426500 7132 0
1785408887627 433632 426500 7132 0
1785408887659 433632 426500 7132 0
1785408887689 433632 426500 7132 0
1785408887720 433632 426500 7132 0
1785408887750 433632 426500 7132 0
1785408887779 433632 426500 7132 0
1785408887806 433632 426500 7132 0
1785408887835 433632 426500 7132 0
1785408887868 433632 426500 7132 0
1785408887898 433632 426500 7132 0
1785408887924 433632 426500 7132 0
1785408887948 433632 426500 7132 0
1785408887977 433632 426500 7132 0
1785408888007 433632 426500 7132 0
1785408888032 433632 426500 7132 0
1785408888059 433632 426500 7132 0
1785408888089 433632 426500 7132 0
1785408888119 433632 426500 7132 0
1785408888149 433632 426500 7132 0
1785408888174 433632 426500 7132 0
1785408888205 433632 426500 7132 0
1785408888235 433632 426500 7132 0
1785408888263 433632 426500 7132 0
1785408888293 433632 426500 7132 0
1785408888324 433632 426500 7132 0
1785408888356 433632 426500 7132 0
1785408888387 433632 426500 7132 0
1785408888416 433632 426500 7132 0
1785408888444 433632 426500 7132 0
1785408888473 433632 426500 7132 0
1785408888501 433632 426500 7132 0
1785408888532 433632 426500 7132 0
1785408888557 433632 426500 7132 0
1785408888586 433632 426500 7132 0
1785408888617 433632 426500 7132 0
1785408888642 433632 426500 7132 0
1785408888666 433632 426500 7132 0
1785408888690 433632 426500 7132 0
1785408888719 433632 426500 7132 0
1785408888748 433632 426500 7132 0
1785408888774 433632 426500 7132 0
1785408888803 433632 426500 7132 0
1785408888832 433632 426500 7132 0
1785408888862 433632 426500 7132 0
1785408888889 433632 426500 7132 0
1785408888920 433632 426500 7132 0
1785408888949 433632 426500 7132 0
1785408888980 433632 426500 7132 0
1785408889004 433632 426500 7132 0
1785408889034 433632 426500 7132 0
1785408889061 433632 426500 7132 0
1785408889091 433632 426500 7132 0
1785408889120 433632 426500 7132 0
1785408889149 433632 426500 7132 0
1785408889179 433632 426500 7132 0
1785408889208 433632 426500 7132 0
1785408889232 433632 426500 7132 0
1785408889257 433632 426500 7132 0
1785408889288 433632 426500 7132 0
1785408889316 433632 426500 7132 0
1785408889347 433632 426500 7132 0
1785408889373 433632 426500 7132 0
1785408889404 433632 426500 7132 0
1785408889433 433632 426500 7132 0
1785408889463 433632 426500 7132 0
1785408889488 433632 426500 7132 0
1785408889516 433632 426500 7132 0
1785408889546 433632 426500 7132 0
1785408889570 433632 426500 7132 0
1785408889600 433632 426500 7132 0
1785408889628 433632 426500 7132 0
1785408889658 433632 426500 7132 0
1785408889687 433632 426500 7132 0
1785408889713 433632 426500 7132 0
1785408889743 433632 426500 7132 0
1785408889773 433632 426500 7132 0
1785408889803 433632 426500 7132 0
1785408889829 433632 426500 7132 0
1785408889853 433632 426500 7132 0
1785408889883 433632 426500 7132 0
1785408889911 433632 426500 7132 0
1785408889941 433632 426500 7132 0
1785408889970 433632 426500 7132 0
1785408889997 433632 426500 7132 0
1785408890024 433632 426500 7132 0
1785408890054 433632 426500 7132 0
1785408890084 433632 426500 7132 0
1785408890112 433632 426500 7132 0
1785408890143 433632 426500 7132 0
1785408890170 433632 426500 7132 0
1785408890200 433632 426500 7132 0
1785408890225 433632 426500 7132 0
1785408890254 433632 426500 7132 0
1785408890285 433632 426500 7132 0
1785408890309 433632 426500 7132 0
1785408890340 433632 426500 7132 0
1785408890365 433632 426500 7132 0
1785408890393 433632 426500 7132 0
1785408890424 433632 426500 7132 0
1785408890454 433632 426500 7132 0
1785408890486 433632 426500 7132 0
1785408890512 433632 426500 7132 0
1785408890537 433632 426500 7132 0
1785408890567 433632 426500 7132 0
1785408890597 433632 426500 7132 0
1785408890626 433632 426500 7132 0
1785408890650 433632 426500 7132 0
1785408890681 433632 426500 7132 0
1785408890709 433632 426500 7132 0
1785408890740 433632 426500 7132 0
1785408890770 433632 426500 7132 0
1785408890799 433632 426500 7132 0
1785408890829 433632 426500 7132 0
1785408890859 433632 426500 7132 0
1785408890887 433632 426500 7132 0
1785408890916 433632 426500 7132 0
1785408890942 433632 426500 7132 0
1785408890973 433632 426500 7132 0
1785408890997 433632 426500 7132 0
1785408891023 433632 426500 7132 0
1785408891053 433632 426500 7132 0
1785408891085 433632 426500 7132 0
1785408891116 433632 426500 7132 0
1785408891142 433632 426500 7132 0
1785408891172 433632 426500 7132 0
1785408891199 433632 426500 7132 0
1785408891228 433632 426500 7132 0
1785408891255 433632 426500 7132 0
1785408891285 433632 426500 7132 0
1785408891310 433632 426500 7132 0
1785408891335 433632 426500 7132 0
1785408891364 433632 426500 7132 0
1785408891389 433632 426500 7132 0
1785408891419 433632 426500 7132 0
1785408891449 433632 426500 7132 0
1785408891477 433632 426500 7132 0
1785408891509 433632 426500 7132 0
1785408891537 433632 426500 7132 0
1785408891565 433632 426500 7132 0
1785408891592 433632 426500 7132 0
1785408891624 433632 426500 7132 0
1785408891655 433632 426500 7132 0
1785408891681 433632 426500 7132 0
1785408891705 433632 426500 7132 0
1785408891734 433632 426500 7132 0
1785408891760 433632 426500 7132 0
1785408891789 433632 426500 7132 0
1785408891819 433632 426500 7132 0
1785408891849 433632 426500 7132 0
1785408891877 433632 426500 7132 0
1785408891907 433632 426500 7132 0
1785408891934 433632 426500 7132 0
1785408891964 433632 426500 7132 0
1785408891993 433632 426500 7132 0
1785408892022 433632 426500 7132 0
1785408892052 433632 426500 7132 0
1785408892076 433632 426500 7132 0
1785408892107 433632 426500 7132 0
1785408892137 433632 426500 7132 0
1785408892170 433632 426500 7132 0
1785408892195 433632 426500 7132 0
1785408892224 433632 426500 7132 0
1785408892249 433632 426500 7132 0
1785408892275 433632 426500 7132 0
1785408892305 433632 426500 7132 0
1785408892335 433632 426500 7132 0
1785408892364 433632 426500 7132 0
1785408892396 433632 426500 7132 0
1785408892426 433632 426500 7132 0
1785408892455 433632 426500 7132 0
1785408892486 433632 426500 7132 0
1785408892516 433632 426500 7132 0
1785408892545 433632 426500 7132 0
1785408892573 433632 426500 7132 0
1785408892601 433632 426500 7132 0
1785408892629 433636 426504 7132 0
1785408892659 433636 426504 7132 0
1785408892688 433636 426504 7132 0
1785408892717 433636 426504 7132 0
1785408892748 433636 426504 7132 0
1785408892779 433636 426504 7132 0
1785408892808 433636 426504 7132 0
1785408892839 433636 426504 7132 0
1785408892867 433636 426504 7132 0
1785408892894 433636 426504 7132 0
1785408892923 433636 426504 7132 0
1785408892954 433636 426504 7132 0
1785408892986 433636 426504 7132 0
1785408893018 433636 426504 7132 0
1785408893047 433636 426504 7132 0
1785408893078 433636 426504 7132 0
1785408893107 433636 426504 7132 0
1785408893138 433636 426504 7132 0
1785408893168 433636 426504 7132 0
1785408893198 433636 426504 7132 0
1785408893227 433636 426504 7132 0
1785408893260 433636 426504 7132 0
1785408893293 433636 426504 7132 0
1785408893324 433636 426504 7132 0
1785408893355 433636 426504 7132 0
1785408893382 433636 426504 7132 0
1785408893410 433636 426504 7132 0
1785408893441 433636 426504 7132 0
1785408893466 433636 426504 7132 0
1785408893497 433636 426504 7132 0
1785408893528 433636 426504 7132 0
1785408893552 433636 426504 7132 0
1785408893583 433636 426504 7132 0
1785408893610 433636 426504 7132 0
1785408893641 433636 426504 7132 0
1785408893666 433636 426504 7132 0
1785408893698 433636 426504 7132 0
1785408893728 433636 426504 7132 0
1785408893758 433636 426504 7132 0
1785408893788 433636 426504 7132 0
1785408893818 433636 426504 7132 0
1785408893848 433636 426504 7132 0
1785408893877 433636 426504 7132 0
1785408893907 433636 426504 7132 0
1785408893938 433636 426504 7132 0
1785408893968 433636 426504 7132 0
1785408893998 433636 426504 7132 0
1785408894029 433636 426504 7132 0
1785408894060 433636 426504 7132 0
1785408894088 433636 426504 7132 0
1785408894118 433636 426504 7132 0
1785408894148 433636 426504 7132 0
1785408894179 433636 426504 7132 0
1785408894210 433636 426504 7132 0
1785408894239 433636 426504 7132 0
1785408894268 433636 426504 7132 0
1785408894299 433636 426504 7132 0
1785408894328 433636 426504 7132 0
1785408894355 433636 426504 7132 0
1785408894386 433636 426504 7132 0
1785408894416 433636 426504 7132 0
1785408894447 433636 426504 7132 0
1785408894476 433636 426504 7132 0
1785408894506 433636 426504 7132 0
1785408894536 433636 426504 7132 0
1785408894564 433636 426504 7132 0
1785408894596 433636 426504 7132 0
1785408894628 433636 426504 7132 0
1785408894659 433636 426504 7132 0
1785408894685 433636 426504 7132 0
1785408894715 433636 426504 7132 0
1785408894744 433636 426504 7132 0
1785408894769 433636 426504 7132 0
1785408894795 433636 426504 7132 0
1785408894822 433636 426504 7132 0
1785408894853 433636 426504 7132 0
1785408894885 433636 426504 7132 0
1785408894915 433636 426504 7132 0
1785408894945 433636 426504 7132 0
1785408894974 433636 426504 7132 0
1785408895002 433636 426504 7132 0
1785408895032 433636 426504 7132 0
1785408895062 433636 426504 7132 0
1785408895092 433636 426504 7132 0
1785408895122 433636 426504 7132 0
1785408895154 433636 426504 7132 0
1785408895184 433636 426504 7132 0
1785408895214 433636 426504 7132 0
1785408895238 433636 426504 7132 0
1785408895265 433636 426504 7132 0
1785408895296 433636 426504 7132 0
1785408895326 433636 426504 7132 0
1785408895355 433636 426504 7132 0
1785408895381 433636 426504 7132 0
1785408895411 433636 426504 7132 0
1785408895440 433636 426504 7132 0
1785408895468 433636 426504 7132 0
1785408895495 433636 426504 7132 0
1785408895521 433636 426504 7132 0
1785408895546 433636 426504 7132 0
1785408895577 433636 426504 7132 0
1785408895603 433636 426504 7132 0
1785408895633 433636 426504 7132 0
1785408895661 433636 426504 7132 0
1785408895691 433636 426504 7132 0
1785408895719 433636 426504 7132 0
1785408895750 433636 426504 7132 0
1785408895781 433636 426504 7132 0
1785408895811 433636 426504 7132 0
1785408895842 433636 426504 7132 0
1785408895871 433636 426504 7132 0
1785408895901 433636 426504 7132 0
1785408895930 433636 426504 7132 0
1785408895961 433636 426504 7132 0
1785408895985 433636 426504 7132 0
1785408896014 433636 426504 7132 0
1785408896042 433636 426504 7132 0
1785408896072 433636 426504 7132 0
1785408896101 433636 426504 7132 0
1785408896130 433636 426504 7132 0
1785408896161 433636 426504 7132 0
1785408896187 433636 426504 7132 0
1785408896212 433636 426504 7132 0
1785408896241 433636 426504 7132 0
1785408896271 433636 426504 7132 0
1785408896300 433636 426504 7132 0
1785408896330 433636 426504 7132 0
1785408896361 433636 426504 7132 0
1785408896392 433636 426504 7132 0
1785408896420 433636 426504 7132 0
1785408896450 433636 426504 7132 0
1785408896476 433636 426504 7132 0
1785408896507 433636 426504 7132 0
1785408896533 433636 426504 7132 0
1785408896558 433636 426504 7132 0
1785408896583 433636 426504 7132 0
1785408896611 433636 426504 7132 0
1785408896641 433636 426504 7132 0
1785408896674 433636 426504 7132 0
1785408896705 433636 426504 7132 0
1785408896734 433636 426504 7132 0
1785408896764 433636 426504 7132 0
1785408896789 433636 426504 7132 0
1785408896817 433636 426504 7132 0
1785408896847 433636 426504 7132 0
1785408896877 433636 426504 7132 0
1785408896903 433636 426504 7132 0
1785408896933 433636 426504 7132 0
1785408896963 433636 426504 7132 0
1785408896990 433636 426504 7132 0
1785408897022 433636 426504 7132 0
1785408897051 433636 426504 7132 0
1785408897078 433636 426504 7132 0
1785408897108 433636 426504 7132 0
1785408897138 433636 426504 7132 0
1785408897169 433636 426504 7132 0
1785408897193 433636 426504 7132 0
1785408897217 433636 426504 7132 0
1785408897247 433636 426504 7132 0
1785408897278 433636 426504 7132 0
1785408897307 433636 426504 7132 0
1785408897337 433636 426504 7132 0
1785408897364 433636 426504 7132 0
1785408897394 433636 426504 7132 0
1785408897422 433636 426504 7132 0
1785408897452 433636 426504 7132 0
1785408897482 433636 426504 7132 0
1785408897509 433636 426504 7132 0
1785408897539 433636 426504 7132 0
1785408897570 433636 426504 7132 0
1785408897599 433636 426504 7132 0
1785408897629 433636 426504 7132 0
1785408897656 433636 426504 7132 0
1785408897687 433636 426504 7132 0
1785408897717 433636 426504 7132 0
1785408897748 433636 426504 7132 0
1785408897774 433636 426504 7132 0
1785408897803 433636 426504 7132 0
1785408897834 433636 426504 7132 0
1785408897860 433636 426504 7132 0
1785408897891 433636 426504 7132 0
1785408897922 433636 426504 7132 0
1785408897952 433636 426504 7132 0
1785408897976 433636 426504 7132 0
1785408898003 433636 426504 7132 0
1785408898034 433636 426504 7132 0
1785408898065 433636 426504 7132 0
1785408898095 433636 426504 7132 0
1785408898126 433636 426504 7132 0
1785408898152 433636 426504 7132 0
1785408898180 433636 426504 7132 0
1785408898209 433636 426504 7132 0
1785408898235 433636 426504 7132 0
1785408898263 433636 426504 7132 0
1785408898291 433636 426504 7132 0
1785408898318 433636 426504 7132 0
1785408898343 433636 426504 7132 0
1785408898374 433636 426504 7132 0
1785408898403 433636 426504 7132 0
1785408898431 433636 426504 7132 0
1785408898457 433636 426504 7132 0
1785408898487 433636 426504 7132 0
1785408898517 433636 426504 7132 0
1785408898548 433636 426504 7132 0
1785408898579 433636 426504 7132 0
1785408898609 433636 426504 7132 0
1785408898639 433636 426504 7132 0
1785408898665 433636 426504 7132 0
1785408898695 433636 426504 7132 0
1785408898725 433636 426504 7132 0
1785408898749 433636 426504 7132 0
1785408898780 433636 426504 7132 0
1785408898804 433636 426504 7132 0
1785408898830 433636 426504 7132 0
1785408898859 433636 426504 7132 0
1785408898887 433636 426504 7132 0
1785408898916 433636 426504 7132 0
1785408898947 433636 426504 7132 0
1785408898976 433636 426504 7132 0
1785408899002 433636 426504 7132 0
1785408899031 433636 426504 7132 0
1785408899062 433636 426504 7132 0
1785408899093 433636 426504 7132 0
1785408899118 433636 426504 7132 0
1785408899147 433636 426504 7132 0
1785408899172 433636 426504 7132 0
1785408899200 433636 426504 7132 0
1785408899224 433636 426504 7132 0
1785408899254 433636 426504 7132 0
1785408899286 433636 426504 7132 0
1785408899317 433636 426504 7132 0
1785408899343 433636 426504 7132 0
1785408899373 433636 426504 7132 0
1785408899400 433636 426504 7132 0
1785408899430 433636 426504 7132 0
1785408899457 433636 426504 7132 0
1785408899487 433636 426504 7132 0
1785408899512 433636 426504 7132 0
1785408899540 433636 426504 7132 0
1785408899565 433636 426504 7132 0
1785408899591 433636 426504 7132 0
1785408899622 433636 426504 7132 0
1785408899653 433636 426504 7132 0
1785408899681 433636 426504 7132 0
1785408899705 433636 426504 7132 0
1785408899733 433636 426504 7132 0
1785408899763 433636 426504 7132 0
1785408899790 433636 426504 7132 0
1785408899822 433636 426504 7132 0
1785408899851 433636 426504 7132 0
1785408899882 433636 426504 7132 0
1785408899910 433636 426504 7132 0
1785408899940 433636 426504 7132 0
1785408899970 433636 426504 7132 0
1785408900002 433636 426504 7132 0
1785408900027 433636 426504 7132 0
1785408900057 433636 426504 7132 0
1785408900087 433636 426504 7132 0
1785408900118 433636 426504 7132 0
1785408900150 433636 426504 7132 0
1785408900177 433636 426504 7132 0
1785408900207 433636 426504 7132 0
1785408900234 433636 426504 7132 0
1785408900259 433636 426504 7132 0
1785408900284 433636 426504 7132 0
1785408900315 433636 426504 7132 0
1785408900346 433636 426504 7132 0
1785408900370 433636 426504 7132 0
1785408900398 433636 426504 7132 0
1785408900428 433636 426504 7132 0
1785408900456 433636 426504 7132 0
1785408900481 433636 426504 7132 0
1785408900513 433636 426504 7132 0
1785408900543 433636 426504 7132 0
1785408900570 433636 426504 7132 0
1785408900601 433636 426504 7132 0
1785408900628 433636 426504 7132 0
1785408900656 433636 426504 7132 0
1785408900685 433636 426504 7132 0
1785408900716 433636 426504 7132 0
1785408900744 433636 426504 7132 0
1785408900774 433636 426504 7132 0
1785408900800 433636 426504 7132 0
1785408900830 433636 426504 7132 0
1785408900857 433636 426504 7132 0
1785408900887 433636 426504 7132 0
1785408900911 433636 426504 7132 0
1785408900941 433636 426504 7132 0
1785408900971 433636 426504 7132 0
1785408901000 433636 426504 7132 0
1785408901030 433636 426504 7132 0
1785408901061 433636 426504 7132 0
1785408901092 433636 426504 7132 0
1785408901115 433492 426364 7128 0
