# timestamp_ms Rss_kB Anonymous_kB Filemapped_kB Shmem_kB
1786955980729 251804 158820 92984 0
1786955980845 266992 163972 103020 0
1786955980936 270756 167736 103020 0
1786955981017 271328 168308 103020 0
1786955981109 272308 169288 103020 0
1786955981177 273100 170080 103020 0
1786955981247 278148 175128 103020 0
1786955981328 278524 175504 103020 0
1786955981422 278884 175864 103020 0
1786955981492 279304 176284 103020 0
1786955981572 279604 176584 103020 0
1786955981644 280000 176980 103020 0
1786955981712 280432 177412 103020 0
1786955981779 284832 181812 103020 0
1786955981848 285288 182268 103020 0
1786955981955 285656 182636 103020 0
1786955982025 292732 189712 103020 0
1786955982130 293648 190628 103020 0
1786955982201 294708 191688 103020 0
1786955982272 283084 190144 92940 0
1786955982344 304636 201616 103020 0
1786955982439 306312 203292 103020 0
1786955982546 307208 204188 103020 0
1786955982617 301616 198596 103020 0
1786955982689 301824 198804 103020 0
1786955982713 301824 198804 103020 0
1786955982738 301880 198860 103020 0
1786955982762 301888 198868 103020 0
1786955982786 273320 170300 103020 0
1786955982810 273344 170324 103020 0
1786955982833 273356 170336 103020 0
1786955982858 273408 170388 103020 0
1786955982882 273936 170916 103020 0
1786955982905 274640 170996 103644 0
1786955982930 274952 171308 103644 0
1786955982953 266516 170740 95776 0
1786955982976 275716 172072 103644 0
1786955982999 275716 172072 103644 0
1786955983024 275716 172072 103644 0
1786955983047 276312 172140 104172 0
1786955983070 270384 173176 97208 0
1786955983093 281268 175484 105784 0
1786955983116 281516 175732 105784 0
1786955983140 281716 175932 105784 0
1786955983162 281948 176164 105784 0
1786955983185 282584 176800 105784 0
1786955983208 283864 177100 106764 0
1786955983232 285512 177132 108380 0
1786955983255 286472 177140 109332 0
1786955983278 287460 177156 110304 0
1786955983301 288456 177172 111284 0
1786955983324 289228 177036 112192 0
1786955983350 295560 181200 114360 0
1786955983373 297516 183008 114508 0
1786955983397 387196 235416 151780 0
1786955983526 467372 270232 197140 0
1786955983649 500476 285260 215216 0
1786955983768 540456 303188 237268 0
1786955983891 577784 322940 254844 0
1786955984013 598268 332288 265980 0
1786955984146 625088 348164 276924 0
1786955984273 640324 352944 287380 0
1786955984396 645932 356284 289648 0
1786955984502 653524 359740 293784 0
1786955984626 666544 368080 298464 0
1786955984737 684916 377792 307124 0
1786955984867 700912 383888 317024 0
1786955984994 706268 386128 320140 0
1786955985122 723092 395772 327320 0
1786955985240 739140 405120 334020 0
1786955985380 748760 408136 340624 0
1786955985495 756716 411456 345260 0
1786955985624 761416 414020 347396 0
1786955985706 770988 421380 349608 0
1786955985817 778172 423528 354644 0
1786955985949 782256 424448 357808 0
1786955986058 785912 428104 357808 0
1786955986139 788400 430592 357808 0
1786955986222 790340 432532 357808 0
1786955986325 792664 434856 357808 0
1786955986435 793572 435764 357808 0
1786955986519 800696 442888 357808 0
1786955986630 800892 443088 357804 0
1786955986715 801344 443536 357808 0
1786955986798 801704 443896 357808 0
1786955986881 528776 174012 354764 0
1786955986961 804452 446644 357808 0
1786955987047 813376 455568 357808 0
1786955987135 814348 456540 357808 0
1786955987266 814804 456996 357808 0
1786955987349 815176 457368 357808 0
1786955987435 815464 457656 357808 0
1786955987519 816372 458564 357808 0
1786955987606 817588 459780 357808 0
1786955987692 819916 470104 349812 0
1786955987802 836152 478344 357808 0
1786955987935 837428 479620 357808 0
1786955988023 822640 466708 355932 0
1786955988109 839152 481344 357808 0
1786955988196 839964 482156 357808 0
1786955988281 839964 482156 357808 0
1786955988366 840084 482276 357808 0
1786955988396 389496 110828 278668 0
1786955988508 897356 488648 408708 0
1786955988655 946864 516300 430564 0
1786955988803 982188 531116 451072 0
1786955988950 1025000 553412 471588 0
1786955989099 1062168 572152 490016 0
1786955989253 1097260 587896 509364 0
1786955989409 1131248 608416 522832 0
1786955989568 721476 611564 109912 0
1786955989714 733128 622656 110472 0
1786955989746 880096 777728 102368 0
1786955989775 874928 782376 92552 0
1786955989804 1040940 940392 100548 0
1786955989834 374548 263672 110876 0
1786955989914 1144992 1028776 116216 0
1786955989999 1151772 1034400 117372 0
1786955990109 389060 274772 114288 0
1786955990185 1184936 1065076 119860 0
1786955990318 1188008 1068148 119860 0
1786955990401 1189696 1069832 119864 0
1786955990483 1191236 1071372 119864 0
1786955990565 1194668 1074452 120216 0
1786955990648 1195224 1074452 120772 0
1786955990758 1195224 1074452 120772 0
1786955990785 1108968 987460 121508 0
1786955990813 1109032 987460 121572 0
1786955990841 1109096 987464 121632 0
1786955990868 1109148 987464 121684 0
1786955990896 1110632 987468 123164 0
1786955990924 1110816 987484 123332 0
1786955990951 1110820 987488 123332 0
1786955990978 1110820 987488 123332 0
1786955991005 1110820 987488 123332 0
1786955991032 1110820 987488 123332 0
1786955991059 1111212 987492 123720 0
1786955991087 1111216 987496 123720 0
1786955991114 1111220 987500 123720 0
1786955991140 1111220 987500 123720 0
1786955991168 1111220 987500 123720 0
1786955991195 1111220 987500 123720 0
1786955991223 1111220 987500 123720 0
1786955991250 1111220 987500 123720 0
1786955991278 1111220 987500 123720 0
1786955991305 1111220 987500 123720 0
1786955991332 1111220 987500 123720 0
1786955991360 1111220 987500 123720 0
1786955991387 1111220 987500 123720 0
1786955991414 1111220 987500 123720 0
1786955991441 1111220 987500 123720 0
1786955991468 1111220 987500 123720 0
1786955991495 1111220 987500 123720 0
1786955991522 1111220 987500 123720 0
1786955991549 1111220 987500 123720 0
1786955991577 1111220 987500 123720 0
1786955991604 1111220 987500 123720 0
1786955991631 1111220 987500 123720 0
1786955991659 1111220 987500 123720 0
1786955991686 1111220 987500 123720 0
1786955991713 1111220 987500 123720 0
1786955991740 1111220 987500 123720 0
1786955991767 1111220 987500 123720 0
1786955991794 1111220 987500 123720 0
1786955991821 1111220 987500 123720 0
1786955991848 1111220 987500 123720 0
1786955991875 1111220 987500 123720 0
1786955991902 1111220 987500 123720 0
1786955991929 1111220 987500 123720 0
1786955991957 1111220 987500 123720 0
1786955991984 1111220 987500 123720 0
1786955992011 1111220 987500 123720 0
1786955992039 1111220 987500 123720 0
1786955992067 1111220 987500 123720 0
1786955992094 1111220 987500 123720 0
1786955992122 1111220 987500 123720 0
1786955992150 1111220 987500 123720 0
1786955992177 1111220 987500 123720 0
1786955992205 1111220 987500 123720 0
1786955992232 1111220 987500 123720 0
1786955992260 1111220 987500 123720 0
1786955992288 1111220 987500 123720 0
1786955992316 1111220 987500 123720 0
1786955992343 1111220 987500 123720 0
1786955992371 1111220 987500 123720 0
1786955992398 1111220 987500 123720 0
1786955992426 1111220 987500 123720 0
1786955992454 1111220 987500 123720 0
1786955992482 1111220 987500 123720 0
1786955992512 1111220 987500 123720 0
1786955992539 1111220 987500 123720 0
1786955992566 1111220 987500 123720 0
1786955992593 1111220 987500 123720 0
1786955992620 1111220 987500 123720 0
1786955992647 1111220 987500 123720 0
1786955992674 1111220 987500 123720 0
1786955992702 1111220 987500 123720 0
1786955992728 1111220 987500 123720 0
1786955992756 1116600 992880 123720 0
1786955992784 1116600 992880 123720 0
1786955992811 1116600 992880 123720 0
1786955992839 1116600 992880 123720 0
1786955992867 1116600 992880 123720 0
1786955992894 1116600 992880 123720 0
1786955992922 1116600 992880 123720 0
1786955992949 1116600 992880 123720 0
1786955992976 1116600 992880 123720 0
1786955993003 1116600 992880 123720 0
1786955993030 1116600 992880 123720 0
1786955993058 1116600 992880 123720 0
1786955993086 1116600 992880 123720 0
1786955993113 1116600 992880 123720 0
1786955993140 1116600 992880 123720 0
1786955993167 1116600 992880 123720 0
1786955993197 1116600 992880 123720 0
1786955993225 1116600 992880 123720 0
1786955993252 1116600 992880 123720 0
1786955993280 1116600 992880 123720 0
1786955993307 1116600 992880 123720 0
1786955993334 1116600 992880 123720 0
1786955993361 1116600 992880 123720 0
1786955993389 1116600 992880 123720 0
1786955993416 1116600 992880 123720 0
1786955993443 1116600 992880 123720 0
1786955993472 1116600 992880 123720 0
1786955993500 1116600 992880 123720 0
1786955993528 1116600 992880 123720 0
1786955993557 1125816 1002096 123720 0
1786955993584 1125816 1002096 123720 0
1786955993612 1125816 1002096 123720 0
1786955993640 1125816 1002096 123720 0
1786955993666 1125816 1002096 123720 0
1786955993694 1125816 1002096 123720 0
1786955993721 1125816 1002096 123720 0
1786955993748 1125816 1002096 123720 0
1786955993775 1125816 1002096 123720 0
1786955993802 1169012 1045424 123588 0
1786955993829 1246140 1122420 123720 0
1786955993940 1541052 1417332 123720 0
1786955994066 1622972 1499252 123720 0
1786955994191 1622972 1499252 123720 0
1786955994219 1702268 1578548 123720 0
1786955994331 1880444 1756724 123720 0
1786955994460 1954076 1830360 123716 0
1786955994587 1530868 1407148 123720 0
1786955994616 1530868 1407148 123720 0
1786955994644 1530868 1407148 123720 0
1786955994673 1530868 1407148 123720 0
1786955994702 1530868 1407148 123720 0
1786955994730 1530716 1407000 123716 0
1786955994759 1531120 1407400 123720 0
1786955994788 1531368 1407648 123720 0
1786955994815 1531696 1407976 123720 0
1786955994842 1532004 1408284 123720 0
1786955994869 1532248 1408528 123720 0
1786955994896 1532476 1408756 123720 0
1786955994923 1532732 1409012 123720 0
1786955994949 1532940 1409220 123720 0
1786955994976 1533168 1409448 123720 0
1786955995003 1533400 1409680 123720 0
1786955995029 1533692 1409972 123720 0
1786955995056 1534036 1410316 123720 0
1786955995083 1534308 1410588 123720 0
1786955995110 1534528 1410808 123720 0
1786955995137 1534804 1411084 123720 0
1786955995164 1535044 1411324 123720 0
1786955995191 1535312 1411592 123720 0
1786955995218 1535624 1411904 123720 0
1786955995246 743360 621532 121828 0
1786955995270 1536136 1412416 123720 0
1786955995297 1536592 1412872 123720 0
1786955995327 1537244 1413524 123720 0
1786955995354 1538008 1414288 123720 0
1786955995382 1538640 1414920 123720 0
1786955995409 1539436 1415716 123720 0
1786955995437 1539956 1416236 123720 0
1786955995464 1527264 1415912 111352 0
1786955995491 1541748 1418028 123720 0
1786955995518 1542448 1418728 123720 0
1786955995546 1543096 1419376 123720 0
1786955995573 1543532 1419812 123720 0
1786955995600 1544160 1420440 123720 0
1786955995627 1544536 1420816 123720 0
1786955995654 1544536 1420816 123720 0
1786955995681 1544536 1420816 123720 0
1786955995708 1544556 1420836 123720 0
1786955995735 720276 616728 103548 0
1786955995759 1531452 1407732 123720 0
1786955995786 1531452 1407732 123720 0
1786955995813 1542220 1420140 122080 0
1786955995840 1592120 1469596 122524 0
1786955995869 1545276 1421556 123720 0
1786955995897 1545276 1421556 123720 0
1786955995924 1545276 1421556 123720 0
1786955995951 1545276 1421556 123720 0
1786955995978 1545276 1421556 123720 0
1786955996005 1545276 1421556 123720 0
1786955996032 1545276 1421556 123720 0
1786955996058 1583612 1459892 123720 0
1786955996085 1663484 1539764 123720 0
1786955996113 1741308 1617588 123720 0
1786955996139 1819132 1695412 123720 0
1786955996166 1896956 1773236 123720 0
1786955996194 1968636 1844916 123720 0
1786955996331 1968636 1844916 123720 0
1786955996358 1961228 1845720 115508 0
1786955996385 2047196 1923196 124000 0
1786955996511 1127588 1002228 125360 0
1786955996640 1211556 1086196 125360 0
1786955996668 1295524 1170164 125360 0
1786955996697 1383588 1258228 125360 0
1786955996725 1467556 1342196 125360 0
1786955996754 1533092 1407732 125360 0
1786955996782 1533092 1407732 125360 0
1786955996811 1532940 1407584 125356 0
1786955996838 1559476 1444108 115368 0
1786955996866 1618528 1497308 121220 0
1786955996894 1241396 1116036 125360 0
1786955996922 1313728 1188540 125188 0
1786955996951 1345336 1228136 117200 0
1786955996980 1399828 1276076 123752 0
1786955997008 1442972 1317616 125356 0
1786955997035 1483172 1359020 124152 0
1786955997064 1525916 1400560 125356 0
1786955997091 1558056 1440808 117248 0
1786955997119 1608860 1483504 125356 0
1786955997147 1620532 1495172 125360 0
1786955997175 1620916 1495556 125360 0
1786955997203 1533824 1408448 125376 0
1786955997235 1543200 1417672 125528 0
1786955997265 1555488 1429960 125528 0
1786955997293 1569824 1444296 125528 0
1786955997321 1582112 1456584 125528 0
1786955997351 1596448 1470920 125528 0
1786955997379 1608736 1483208 125528 0
1786955997408 1623072 1497544 125528 0
1786955997436 1635360 1509832 125528 0
1786955997465 1649696 1524168 125528 0
1786955997494 1661984 1536456 125528 0
1786955997522 1674272 1548744 125528 0
1786955997551 1688608 1563080 125528 0
1786955997579 1702944 1577416 125528 0
1786955997608 1715032 1589504 125528 0
1786955997636 1727320 1601792 125528 0
1786955997665 1741656 1616128 125528 0
1786955997693 1753944 1628416 125528 0
1786955997721 1768280 1642752 125528 0
1786955997750 1780568 1655040 125528 0
1786955997778 1794904 1669376 125528 0
1786955997806 1807192 1681664 125528 0
1786955997835 1821528 1696000 125528 0
1786955997863 1833816 1708288 125528 0
1786955997891 1848152 1722624 125528 0
1786955997920 1860440 1734912 125528 0
1786955997948 1872728 1747200 125528 0
1786955997976 1967880 1842332 125548 0
1786955998006 1708136 1582584 125552 0
1786955998035 1708136 1582584 125552 0
1786955998064 1708136 1582584 125552 0
1786955998092 1447164 1321612 125552 0
1786955998122 1447172 1321620 125552 0
1786955998152 1447172 1321620 125552 0
1786955998181 1447172 1321620 125552 0
1786955998210 1447172 1321620 125552 0
1786955998238 1447172 1321620 125552 0
1786955998266 1447172 1321620 125552 0
1786955998295 1447172 1321620 125552 0
1786955998324 1447172 1321620 125552 0
1786955998352 1447172 1321620 125552 0
1786955998380 1447172 1321620 125552 0
1786955998409 1447172 1321620 125552 0
1786955998437 1447172 1321620 125552 0
1786955998467 1447172 1321620 125552 0
1786955998496 1447172 1321620 125552 0
1786955998525 1447172 1321620 125552 0
1786955998553 1447172 1321620 125552 0
1786955998582 1447172 1321620 125552 0
1786955998611 1447172 1321620 125552 0
1786955998639 1447172 1321620 125552 0
1786955998668 1447172 1321620 125552 0
1786955998696 1447172 1321620 125552 0
1786955998725 1447172 1321620 125552 0
1786955998754 1447172 1321620 125552 0
1786955998782 1447172 1321620 125552 0
1786955998811 1447172 1321620 125552 0
1786955998839 1447172 1321620 125552 0
1786955998869 1447172 1321620 125552 0
1786955998898 1447172 1321620 125552 0
1786955998927 1447172 1321620 125552 0
1786955998956 1447172 1321620 125552 0
1786955998985 1447172 1321620 125552 0
1786955999013 1447172 1321620 125552 0
1786955999042 1447172 1321620 125552 0
1786955999071 1447172 1321620 125552 0
1786955999100 1447172 1321620 125552 0
1786955999129 1447172 1321620 125552 0
1786955999158 1447172 1321620 125552 0
1786955999186 1447172 1321620 125552 0
1786955999216 1447172 1321620 125552 0
1786955999245 1447172 1321620 125552 0
1786955999273 1447172 1321620 125552 0
1786955999302 1447172 1321620 125552 0
1786955999331 1447172 1321620 125552 0
1786955999359 1447172 1321620 125552 0
1786955999388 1447172 1321620 125552 0
1786955999417 1447172 1321620 125552 0
1786955999446 1447172 1321620 125552 0
1786955999475 1447172 1321620 125552 0
1786955999504 1447172 1321620 125552 0
1786955999533 1447172 1321620 125552 0
1786955999562 1447172 1321620 125552 0
1786955999591 1447172 1321620 125552 0
1786955999620 1447172 1321620 125552 0
1786955999648 1447172 1321620 125552 0
1786955999677 1447172 1321620 125552 0
1786955999706 1447172 1321620 125552 0
1786955999735 1447172 1321620 125552 0
1786955999765 1447172 1321620 125552 0
1786955999793 1447172 1321620 125552 0
1786955999822 1447172 1321620 125552 0
1786955999851 1447172 1321620 125552 0
1786955999880 1447172 1321620 125552 0
1786955999909 1447172 1321620 125552 0
1786955999939 1447172 1321620 125552 0
1786955999968 1447172 1321620 125552 0
1786955999997 1447172 1321620 125552 0
1786956000026 1447172 1321620 125552 0
1786956000055 1447172 1321620 125552 0
1786956000085 1447172 1321620 125552 0
1786956000114 1447172 1321620 125552 0
1786956000143 1447172 1321620 125552 0
1786956000172 1447172 1321620 125552 0
1786956000201 1447172 1321620 125552 0
1786956000230 1447172 1321620 125552 0
1786956000260 1447172 1321620 125552 0
1786956000289 1447172 1321620 125552 0
1786956000320 1447172 1321620 125552 0
1786956000349 1447172 1321620 125552 0
1786956000378 1447172 1321620 125552 0
1786956000407 1447172 1321620 125552 0
1786956000436 1447172 1321620 125552 0
1786956000465 1447172 1321620 125552 0
1786956000495 1447172 1321620 125552 0
1786956000524 1447172 1321620 125552 0
1786956000553 1447172 1321620 125552 0
1786956000582 1447172 1321620 125552 0
1786956000612 1447172 1321620 125552 0
1786956000641 1447172 1321620 125552 0
1786956000670 1447172 1321620 125552 0
1786956000699 1447172 1321620 125552 0
1786956000727 1447172 1321620 125552 0
1786956000756 1447172 1321620 125552 0
1786956000786 1447172 1321620 125552 0
1786956000814 1447172 1321620 125552 0
1786956000844 1447172 1321620 125552 0
1786956000873 1447172 1321620 125552 0
1786956000902 1447172 1321620 125552 0
1786956000931 1447172 1321620 125552 0
1786956000960 1447172 1321620 125552 0
1786956000989 1447172 1321620 125552 0
1786956001019 1447172 1321620 125552 0
1786956001048 1447172 1321620 125552 0
1786956001077 1447172 1321620 125552 0
1786956001106 1447172 1321620 125552 0
1786956001135 1447172 1321620 125552 0
1786956001163 1447172 1321620 125552 0
1786956001191 1447172 1321620 125552 0
1786956001220 1447172 1321620 125552 0
1786956001250 1447172 1321620 125552 0
1786956001279 1447172 1321620 125552 0
1786956001308 1447172 1321620 125552 0
1786956001337 1447172 1321620 125552 0
1786956001366 1447172 1321620 125552 0
1786956001396 1410436 1284884 125552 0
1786956001425 1410436 1284884 125552 0
1786956001453 1410436 1284884 125552 0
1786956001483 1216788 1091260 125528 0
1786956001511 1144148 1018600 125548 0
1786956001539 1318124 1192576 125548 0
1786956001569 1019644 894156 125488 0
1786956001597 941472 832896 108576 0
1786956001624 1001188 883748 117440 0
1786956001652 839392 717908 121484 0
1786956001679 816792 699408 117384 0
1786956001705 747860 622312 125548 0
1786956001731 724384 599176 125208 0
1786956001758 724820 599272 125548 0
1786956001785 698208 572660 125548 0
1786956001812 1197684 1080896 116788 0
1786956001840 1545756 1419624 126132 0
1786956001870 1560092 1433960 126132 0
1786956001902 1572380 1446248 126132 0
1786956001931 1586716 1460584 126132 0
1786956001961 1506172 1379732 126440 0
1786956001990 1506172 1379732 126440 0
1786956002021 1597480 1479824 117656 0
1786956002054 1579060 1452132 126928 0
1786956002084 1579060 1452132 126928 0
1786956002114 1579060 1452132 126928 0
1786956002144 1489228 1362300 126928 0
1786956002173 1225560 1098632 126928 0
1786956002201 1230664 1103404 127260 0
1786956002231 1244696 1117380 127316 0
1786956002260 1256984 1129668 127316 0
1786956002289 1258540 1131224 127316 0
1786956002320 1261252 1133936 127316 0
1786956002350 1261252 1133936 127316 0
1786956002380 1261332 1133936 127396 0
1786956002410 1261332 1133936 127396 0
1786956002440 1261332 1133936 127396 0
1786956002470 1230684 1103288 127396 0
1786956002499 1233496 1106100 127396 0
1786956002527 1248788 1121392 127396 0
1786956002555 1261332 1133936 127396 0
1786956002583 1262876 1135480 127396 0
1786956002612 1262876 1135480 127396 0
1786956002640 1262876 1135480 127396 0
1786956002670 1264684 1137288 127396 0
1786956002701 1264684 1137288 127396 0
1786956002729 1264684 1137288 127396 0
1786956002757 1264684 1137288 127396 0
1786956002785 1264684 1137288 127396 0
1786956002814 1264684 1137288 127396 0
1786956002841 1226352 1098956 127396 0
1786956002869 1234928 1107532 127396 0
1786956002897 1244456 1117060 127396 0
1786956002926 1257000 1129604 127396 0
1786956002954 1264684 1137288 127396 0
1786956002984 1264684 1137288 127396 0
1786956003014 1264684 1137288 127396 0
1786956003042 1264684 1137288 127396 0
1786956003070 1264684 1137288 127396 0
1786956003099 1264684 1137288 127396 0
1786956003128 1228404 1101008 127396 0
1786956003156 1235124 1107728 127396 0
1786956003184 1246508 1119112 127396 0
1786956003213 1261100 1133704 127396 0
1786956003240 1264684 1137288 127396 0
1786956003270 1264684 1137288 127396 0
1786956003300 1264684 1137288 127396 0
1786956003330 1264684 1137288 127396 0
1786956003360 1264684 1137288 127396 0
1786956003389 1264684 1137288 127396 0
1786956003419 1264684 1137288 127396 0
1786956003448 1264684 1137288 127396 0
1786956003477 1234544 1107148 127396 0
1786956003506 1237532 1110136 127396 0
1786956003535 1250600 1123204 127396 0
1786956003564 1263600 1136204 127396 0
1786956003594 1264684 1137288 127396 0
1786956003625 1264684 1137288 127396 0
1786956003655 1264684 1137288 127396 0
1786956003683 1264684 1137288 127396 0
1786956003712 1264684 1137288 127396 0
1786956003742 1264684 1137288 127396 0
1786956003770 1232500 1105104 127396 0
1786956003799 1235312 1107916 127396 0
1786956003827 1250604 1123208 127396 0
1786956003856 1263148 1135752 127396 0
1786956003885 1264684 1137288 127396 0
1786956003916 1264684 1137288 127396 0
1786956003945 1264684 1137288 127396 0
1786956003975 1264684 1137288 127396 0
1786956004004 1264684 1137288 127396 0
1786956004033 1264684 1137288 127396 0
1786956004061 1230448 1103052 127396 0
1786956004089 1235216 1107820 127396 0
1786956004118 1248552 1121156 127396 0
1786956004147 1263144 1135748 127396 0
1786956004175 1264684 1137288 127396 0
1786956004207 1264684 1137288 127396 0
1786956004237 1264684 1137288 127396 0
1786956004266 1264684 1137288 127396 0
1786956004295 1264684 1137288 127396 0
1786956004325 1264684 1137288 127396 0
1786956004354 1232500 1105104 127396 0
1786956004383 1235252 1107856 127396 0
1786956004411 1248556 1121160 127396 0
1786956004440 1263148 1135752 127396 0
1786956004468 1264684 1137288 127396 0
1786956004499 1264684 1137288 127396 0
1786956004530 1264684 1137288 127396 0
1786956004559 1264684 1137288 127396 0
1786956004588 1264684 1137288 127396 0
1786956004617 1264684 1137288 127396 0
1786956004646 1230448 1103052 127396 0
1786956004674 1235216 1107820 127396 0
1786956004702 1248552 1121156 127396 0
1786956004731 1261096 1133700 127396 0
1786956004759 1264684 1137288 127396 0
1786956004788 1264684 1137288 127396 0
1786956004818 1264684 1137288 127396 0
1786956004848 1264684 1137288 127396 0
1786956004877 1264684 1137288 127396 0
1786956004906 1264684 1137288 127396 0
1786956004935 1264684 1137288 127396 0
1786956004964 1264684 1137288 127396 0
1786956004992 1232500 1105104 127396 0
1786956005021 1235312 1107916 127396 0
1786956005049 1250604 1123208 127396 0
1786956005078 1263148 1135752 127396 0
1786956005106 1264684 1137288 127396 0
1786956005137 1264684 1137288 127396 0
1786956005167 1264684 1137288 127396 0
1786956005196 1264684 1137288 127396 0
1786956005226 1264684 1137288 127396 0
1786956005254 1264684 1137288 127396 0
1786956005282 1230448 1103052 127396 0
1786956005310 1235120 1107724 127396 0
1786956005338 1246504 1119108 127396 0
1786956005367 1261096 1133700 127396 0
1786956005395 1264684 1137288 127396 0
1786956005425 1264684 1137288 127396 0
1786956005455 1264684 1137288 127396 0
1786956005484 1264684 1137288 127396 0
1786956005513 1264684 1137288 127396 0
1786956005542 1264684 1137288 127396 0
1786956005570 1264684 1137288 127396 0
1786956005599 1224064 1096668 127396 0
1786956005628 1234548 1107152 127396 0
1786956005656 1237536 1110140 127396 0
1786956005684 1250604 1123208 127396 0
1786956005714 1263660 1136264 127396 0
1786956005742 1264684 1137288 127396 0
1786956005772 1264684 1137288 127396 0
1786956005802 1264684 1137288 127396 0
1786956005831 1264684 1137288 127396 0
1786956005860 1264684 1137288 127396 0
1786956005889 1264684 1137288 127396 0
1786956005918 1220948 1093552 127396 0
1786956005948 1234716 1107320 127396 0
1786956005977 1241892 1114496 127396 0
1786956006005 1254952 1127556 127396 0
1786956006033 1264684 1137288 127396 0
1786956006063 1264684 1137288 127396 0
1786956006093 1264684 1137288 127396 0
1786956006123 1264684 1137288 127396 0
1786956006152 1264684 1137288 127396 0
1786956006181 1264684 1137288 127396 0
1786956006211 1220032 1092636 127396 0
1786956006239 1234644 1107248 127396 0
1786956006269 1238288 1110892 127396 0
1786956006298 1254956 1127560 127396 0
1786956006327 1264684 1137288 127396 0
1786956006356 1264684 1137288 127396 0
1786956006387 1264684 1137288 127396 0
1786956006417 1264684 1137288 127396 0
1786956006447 1264684 1137288 127396 0
1786956006476 1264684 1137288 127396 0
1786956006505 1264684 1137288 127396 0
1786956006534 1228400 1101004 127396 0
1786956006564 1234928 1107532 127396 0
1786956006593 1246504 1119108 127396 0
1786956006622 1259048 1131652 127396 0
1786956006651 1264684 1137288 127396 0
1786956006682 1264684 1137288 127396 0
1786956006712 1264684 1137288 127396 0
1786956006742 1264684 1137288 127396 0
1786956006772 1264684 1137288 127396 0
1786956006801 1264684 1137288 127396 0
1786956006829 1225528 1098132 127396 0
1786956006858 1232916 1105520 127396 0
1786956006886 1241928 1114532 127396 0
1786956006915 1257280 1129884 127396 0
1786956006943 1262912 1135516 127396 0
1786956006974 1262912 1135516 127396 0
1786956007004 1262912 1135516 127396 0
1786956007035 1262912 1135516 127396 0
1786956007065 1262912 1135516 127396 0
1786956007094 1262912 1135516 127396 0
1786956007123 1218212 1090816 127396 0
1786956007152 1218212 1090816 127396 0
1786956007180 412788 285396 127392 0
1786956007207 1189212 1061816 127396 0
1786956007236 1189212 1061816 127396 0
1786956007263 1191172 1063776 127396 0
1786956007291 1191528 1064132 127396 0
1786956007320 1191528 1064132 127396 0
1786956007349 1192296 1064900 127396 0
1786956007377 1192296 1064900 127396 0
1786956007405 1192296 1064900 127396 0
1786956007434 1192284 1064888 127396 0
1786956007463 1192284 1064888 127396 0
1786956007492 1192284 1064888 127396 0
1786956007520 1192284 1064888 127396 0
1786956007549 1192284 1064888 127396 0
1786956007577 1192284 1064888 127396 0
1786956007605 1192284 1064888 127396 0
1786956007633 1192284 1064888 127396 0
1786956007661 1190752 1063356 127396 0
1786956007689 1192284 1064888 127396 0
1786956007717 1192284 1064888 127396 0
1786956007746 1192284 1064888 127396 0
1786956007776 1192284 1064888 127396 0
1786956007804 1192284 1064888 127396 0
1786956007832 1192284 1064888 127396 0
1786956007860 1192284 1064888 127396 0
1786956007889 1192284 1064888 127396 0
1786956007917 1192284 1064888 127396 0
1786956007946 1192284 1064888 127396 0
1786956007974 1192284 1064888 127396 0
1786956008002 1192284 1064888 127396 0
1786956008031 1192284 1064888 127396 0
1786956008060 1190812 1063416 127396 0
1786956008088 1192284 1064888 127396 0
1786956008116 1192284 1064888 127396 0
1786956008145 1192180 1064784 127396 0
1786956008173 1192284 1064888 127396 0
1786956008202 1192284 1064888 127396 0
1786956008231 1192284 1064888 127396 0
1786956008260 1192284 1064888 127396 0
1786956008289 1192284 1064888 127396 0
1786956008317 1192284 1064888 127396 0
1786956008346 1192284 1064888 127396 0
1786956008374 1192284 1064888 127396 0
1786956008402 1192284 1064888 127396 0
1786956008429 1192284 1064888 127396 0
1786956008458 1192064 1064668 127396 0
1786956008486 1192284 1064888 127396 0
1786956008515 1192284 1064888 127396 0
1786956008543 1189980 1062584 127396 0
1786956008570 1189980 1062584 127396 0
1786956008598 1193140 1065656 127484 0
1786956008626 1204240 1076328 127912 0
1786956008655 1204240 1076328 127912 0
1786956008683 1204240 1076328 127912 0
1786956008711 1204460 1076328 128132 0
1786956008739 1204472 1076340 128132 0
1786956008767 1210228 1082096 128132 0
1786956008795 1220884 1092752 128132 0
1786956008824 1229432 1101300 128132 0
1786956008854 1229432 1101300 128132 0
1786956008883 1229432 1101300 128132 0
1786956008912 1229432 1101300 128132 0
1786956008941 1229432 1101300 128132 0
1786956008971 1229464 1101300 128164 0
1786956009000 1231768 1103604 128164 0
1786956009029 1233304 1105140 128164 0
1786956009060 1233304 1105140 128164 0
1786956009089 1235308 1107144 128164 0
1786956009117 1243844 1115680 128164 0
1786956009147 1271032 1142684 128348 0
1786956009177 1279416 1150936 128480 0
1786956009207 1287968 1159428 128540 0
1786956009237 1319644 1191100 128544 0
1786956009270 1344152 1215608 128544 0
1786956009302 1358488 1229944 128544 0
1786956009333 1370776 1242232 128544 0
1786956009364 1229200 1100656 128544 0
1786956009396 1391720 1263176 128544 0
1786956009428 1391720 1263176 128544 0
1786956009459 1397680 1269304 128376 0
1786956009491 1218544 1093968 124576 0
1786956009522 1444968 1316424 128544 0
1786956009555 1444968 1316424 128544 0
1786956009586 1444968 1316424 128544 0
1786956009617 1267608 1139064 128544 0
1786956009650 1451112 1322568 128544 0
1786956009683 1451112 1322568 128544 0
1786956009714 1451112 1322568 128544 0
1786956009746 642652 522108 120544 0
1786956009776 1469544 1341000 128544 0
1786956009808 1469544 1341000 128544 0
1786956009839 1469544 1341000 128544 0
1786956009869 1469544 1341000 128544 0
1786956009904 1469544 1341000 128544 0
1786956009937 1469544 1341000 128544 0
1786956009968 1469544 1341000 128544 0
1786956009999 1469604 1341000 128604 0
1786956010032 1469752 1341000 128752 0
1786956010064 1469752 1341000 128752 0
1786956010096 1469752 1341000 128752 0
1786956010127 1474592 1345776 128816 0
1786956010159 1480192 1351376 128816 0
1786956010191 1481728 1352912 128816 0
1786956010223 1481728 1352912 128816 0
1786956010254 1481728 1352912 128816 0
1786956010286 1481728 1352912 128816 0
1786956010318 1481728 1352912 128816 0
1786956010350 1481728 1352912 128816 0
1786956010381 1481728 1352912 128816 0
1786956010412 1481728 1352912 128816 0
1786956010445 1481728 1352912 128816 0
1786956010476 1481728 1352912 128816 0
1786956010508 1481728 1352912 128816 0
1786956010539 1481728 1352912 128816 0
1786956010571 1481728 1352912 128816 0
1786956010603 1481728 1352912 128816 0
1786956010634 1481728 1352912 128816 0
1786956010666 1481728 1352912 128816 0
1786956010698 1481728 1352912 128816 0
1786956010729 1481728 1352912 128816 0
1786956010762 1481728 1352912 128816 0
1786956010793 1481728 1352912 128816 0
1786956010825 1481728 1352912 128816 0
1786956010856 1481728 1352912 128816 0
1786956010888 1481728 1352912 128816 0
1786956010920 1481728 1352912 128816 0
1786956010952 1481728 1352912 128816 0
1786956010983 1481728 1352912 128816 0
1786956011014 1481728 1352912 128816 0
1786956011047 1481728 1352912 128816 0
1786956011079 1481728 1352912 128816 0
1786956011111 1481728 1352912 128816 0
1786956011143 1481728 1352912 128816 0
1786956011175 1481728 1352912 128816 0
1786956011208 1481728 1352912 128816 0
1786956011240 1481728 1352912 128816 0
1786956011272 1481728 1352912 128816 0
1786956011303 1481728 1352912 128816 0
1786956011336 1481728 1352912 128816 0
1786956011368 1481728 1352912 128816 0
1786956011400 1481728 1352912 128816 0
1786956011431 1481728 1352912 128816 0
1786956011463 1481728 1352912 128816 0
1786956011494 1481728 1352912 128816 0
1786956011525 1481804 1352988 128816 0
1786956011555 1481804 1352988 128816 0
1786956011585 1481804 1352988 128816 0
1786956011616 1481884 1353068 128816 0
1786956011648 1481884 1353068 128816 0
1786956011680 1481884 1353068 128816 0
1786956011712 1481884 1353068 128816 0
1786956011744 1481884 1353068 128816 0
1786956011777 1481884 1353068 128816 0
1786956011809 1481908 1353092 128816 0
1786956011840 1481908 1353092 128816 0
1786956011873 1485668 1356852 128816 0
1786956011905 1485668 1356852 128816 0
1786956011936 1491812 1362996 128816 0
1786956011968 1491812 1362996 128816 0
1786956012000 1491812 1362996 128816 0
1786956012030 1491812 1362996 128816 0
1786956012062 1491812 1362996 128816 0
1786956012093 1491812 1362996 128816 0
1786956012125 1491812 1362996 128816 0
1786956012155 1491812 1362996 128816 0
1786956012186 1491812 1362996 128816 0
1786956012218 1491812 1362996 128816 0
1786956012249 1491812 1362996 128816 0
1786956012280 1491812 1362996 128816 0
1786956012311 1491812 1362996 128816 0
1786956012344 1491812 1362996 128816 0
1786956012375 1491812 1362996 128816 0
1786956012405 1491812 1362996 128816 0
1786956012436 1491812 1362996 128816 0
1786956012469 1491812 1362996 128816 0
1786956012500 1491812 1362996 128816 0
1786956012531 1491812 1362996 128816 0
1786956012561 1497956 1369140 128816 0
1786956012595 1497956 1369140 128816 0
1786956012626 1497956 1369140 128816 0
1786956012657 1497956 1369140 128816 0
1786956012687 1502880 1375220 127660 0
1786956012721 1504100 1375284 128816 0
1786956012753 1504100 1375284 128816 0
1786956012784 1504100 1375284 128816 0
1786956012816 1504100 1375284 128816 0
1786956012848 1504100 1375284 128816 0
1786956012880 1507860 1379044 128816 0
1786956012914 1507860 1379044 128816 0
1786956012946 1507860 1379044 128816 0
1786956012976 1507860 1379044 128816 0
1786956013007 1507860 1379044 128816 0
1786956013040 1507860 1379044 128816 0
1786956013071 1507860 1379044 128816 0
1786956013102 1507860 1379044 128816 0
1786956013132 1507860 1379044 128816 0
1786956013165 1507860 1379044 128816 0
1786956013196 1507860 1379044 128816 0
1786956013226 1507860 1379044 128816 0
1786956013257 1507860 1379044 128816 0
1786956013289 1507860 1379044 128816 0
1786956013320 1507860 1379044 128816 0
1786956013351 1507860 1379044 128816 0
1786956013382 1507860 1379044 128816 0
1786956013414 1507860 1379044 128816 0
1786956013445 1507860 1379044 128816 0
1786956013477 1507860 1379044 128816 0
1786956013510 1507860 1379044 128816 0
1786956013541 1507860 1379044 128816 0
1786956013573 1507860 1379044 128816 0
1786956013602 1507860 1379044 128816 0
1786956013634 1507860 1379044 128816 0
1786956013666 1507860 1379044 128816 0
1786956013700 1513524 1384340 129184 0
1786956013733 1513524 1384340 129184 0
1786956013764 1513524 1384340 129184 0
1786956013794 1513524 1384340 129184 0
1786956013825 1543216 1414032 129184 0
1786956013856 1555728 1426544 129184 0
1786956013886 1569840 1440656 129184 0
1786956013916 821764 692584 129180 0
1786956013945 869004 741012 127992 0
1786956013978 1655472 1526160 129312 0
1786956014011 1655472 1526160 129312 0
1786956014043 1655472 1526160 129312 0
1786956014075 1655472 1526160 129312 0
1786956014106 1656052 1526740 129312 0
1786956014137 1656240 1526928 129312 0
1786956014167 1656240 1526928 129312 0
1786956014197 1656240 1526928 129312 0
1786956014227 1657776 1528464 129312 0
1786956014260 1657776 1528464 129312 0
1786956014292 1657776 1528464 129312 0
1786956014322 1657776 1528464 129312 0
1786956014352 1657776 1528464 129312 0
1786956014383 1657776 1528464 129312 0
1786956014414 1659324 1530012 129312 0
1786956014445 1659324 1530012 129312 0
1786956014476 1659324 1530012 129312 0
1786956014508 1659324 1530012 129312 0
1786956014539 1659324 1530012 129312 0
1786956014569 1659324 1530012 129312 0
1786956014601 1659324 1530012 129312 0
1786956014633 1659324 1530012 129312 0
1786956014665 1659324 1530012 129312 0
1786956014698 1659324 1530012 129312 0
1786956014730 1659324 1530012 129312 0
1786956014762 1659324 1530012 129312 0
1786956014793 1659324 1530012 129312 0
1786956014826 1659324 1530012 129312 0
1786956014856 1659716 1530404 129312 0
1786956014887 1668544 1539232 129312 0
1786956014920 1668544 1539232 129312 0
1786956014952 1672304 1542992 129312 0
1786956014984 1678448 1549136 129312 0
1786956015018 1678448 1549136 129312 0
1786956015049 1678448 1549136 129312 0
1786956015080 1678448 1549136 129312 0
1786956015111 1678448 1549136 129312 0
1786956015145 1678448 1549136 129312 0
1786956015176 1678448 1549136 129312 0
1786956015207 1678448 1549136 129312 0
1786956015239 1678448 1549136 129312 0
1786956015273 1678448 1549136 129312 0
1786956015305 1678448 1549136 129312 0
1786956015337 1678448 1549136 129312 0
1786956015369 1678448 1549136 129312 0
1786956015403 1678448 1549136 129312 0
1786956015434 1678448 1549136 129312 0
1786956015465 1678448 1549136 129312 0
1786956015498 1678448 1549136 129312 0
1786956015531 1678448 1549136 129312 0
1786956015563 1678448 1549136 129312 0
1786956015594 1678448 1549136 129312 0
1786956015625 1678448 1549136 129312 0
1786956015659 1678448 1549136 129312 0
1786956015691 1678448 1549136 129312 0
1786956015722 1678448 1549136 129312 0
1786956015754 1678448 1549136 129312 0
1786956015788 1678448 1549136 129312 0
1786956015821 1678448 1549136 129312 0
1786956015852 1678448 1549136 129312 0
1786956015883 1682980 1553668 129312 0
1786956015913 1686052 1556740 129312 0
1786956015943 1687588 1558276 129312 0
1786956015974 1687588 1558276 129312 0
1786956016004 1687588 1558276 129312 0
1786956016034 1687588 1558276 129312 0
1786956016064 1687588 1558276 129312 0
1786956016094 1687588 1558276 129312 0
1786956016125 1687588 1558276 129312 0
1786956016155 1687588 1558276 129312 0
1786956016185 1687588 1558276 129312 0
1786956016215 1687588 1558276 129312 0
1786956016246 1687588 1558276 129312 0
1786956016276 1687588 1558276 129312 0
1786956016306 1687588 1558276 129312 0
1786956016337 1687588 1558276 129312 0
1786956016367 1687588 1558276 129312 0
1786956016396 1687588 1558276 129312 0
1786956016427 1687588 1558276 129312 0
1786956016457 1687588 1558276 129312 0
1786956016486 1687588 1558276 129312 0
1786956016516 1687588 1558276 129312 0
1786956016546 1687588 1558276 129312 0
1786956016576 1687588 1558276 129312 0
1786956016606 1687588 1558276 129312 0
1786956016636 1687588 1558276 129312 0
1786956016666 1687588 1558276 129312 0
1786956016696 1687588 1558276 129312 0
1786956016726 1687588 1558276 129312 0
1786956016758 1687588 1558276 129312 0
1786956016789 1687588 1558276 129312 0
1786956016819 1687588 1558276 129312 0
1786956016848 1687588 1558276 129312 0
1786956016878 1687588 1558276 129312 0
1786956016908 1687588 1558276 129312 0
1786956016941 1687588 1558276 129312 0
1786956016971 1687588 1558276 129312 0
1786956017001 1687588 1558276 129312 0
1786956017030 1687588 1558276 129312 0
1786956017060 1687588 1558276 129312 0
1786956017091 1687588 1558276 129312 0
1786956017120 1687588 1558276 129312 0
1786956017150 1687588 1558276 129312 0
1786956017180 1687588 1558276 129312 0
1786956017209 1687588 1558276 129312 0
1786956017238 1687588 1558276 129312 0
1786956017268 1687588 1558276 129312 0
1786956017298 1687588 1558276 129312 0
1786956017327 1687588 1558276 129312 0
1786956017356 1687668 1558356 129312 0
1786956017388 1687668 1558356 129312 0
1786956017419 1687668 1558356 129312 0
1786956017448 1687668 1558356 129312 0
1786956017478 1687668 1558356 129312 0
1786956017507 1687668 1558356 129312 0
1786956017536 1687668 1558356 129312 0
1786956017564 1687668 1558356 129312 0
1786956017593 1687668 1558356 129312 0
1786956017623 1687668 1558356 129312 0
1786956017653 1691428 1562116 129312 0
1786956017683 1698260 1568948 129312 0
1786956017715 1698260 1568948 129312 0
1786956017745 1698260 1568948 129312 0
1786956017774 1698260 1568948 129312 0
1786956017804 1698260 1568948 129312 0
1786956017837 1698260 1568948 129312 0
1786956017867 1698260 1568948 129312 0
1786956017900 1698260 1568948 129312 0
1786956017931 1698260 1568948 129312 0
1786956017964 1698260 1568948 129312 0
1786956017995 1698260 1568948 129312 0
1786956018025 1698260 1568948 129312 0
1786956018056 1698260 1568948 129312 0
1786956018089 1698260 1568948 129312 0
1786956018120 1698260 1568948 129312 0
1786956018151 1698260 1568948 129312 0
1786956018181 1698260 1568948 129312 0
1786956018214 1698260 1568948 129312 0
1786956018246 1698260 1568948 129312 0
1786956018276 1698260 1568948 129312 0
1786956018307 1698260 1568948 129312 0
1786956018339 1698260 1568948 129312 0
1786956018371 1698260 1568948 129312 0
1786956018401 1698260 1568948 129312 0
1786956018432 1698260 1568948 129312 0
1786956018463 1698260 1568948 129312 0
1786956018494 1698260 1568948 129312 0
1786956018525 1698260 1568948 129312 0
1786956018555 1698260 1568948 129312 0
1786956018585 1698260 1568948 129312 0
1786956018616 1698260 1568948 129312 0
1786956018649 1705092 1575780 129312 0
1786956018681 1705092 1575780 129312 0
1786956018712 1705092 1575780 129312 0
1786956018742 1705092 1575780 129312 0
1786956018772 1705092 1575780 129312 0
1786956018808 1705092 1575780 129312 0
1786956018840 1705092 1575780 129312 0
1786956018872 1705092 1575780 129312 0
1786956018903 1705092 1575780 129312 0
1786956018938 1705092 1575780 129312 0
1786956018969 1705092 1575780 129312 0
1786956019000 1705092 1575780 129312 0
1786956019032 1705092 1575780 129312 0
1786956019065 1705092 1575780 129312 0
1786956019097 1705092 1575780 129312 0
1786956019128 1705092 1575780 129312 0
1786956019159 1705092 1575780 129312 0
1786956019191 1705092 1575780 129312 0
1786956019222 1705092 1575780 129312 0
1786956019253 1705092 1575780 129312 0
1786956019284 1705092 1575780 129312 0
1786956019317 1705092 1575780 129312 0
1786956019349 1705092 1575780 129312 0
1786956019380 1705092 1575780 129312 0
1786956019411 1705092 1575780 129312 0
1786956019443 1705092 1575780 129312 0
1786956019477 1711236 1581924 129312 0
1786956019510 1711236 1581924 129312 0
1786956019540 1711236 1581924 129312 0
1786956019570 1711236 1581924 129312 0
1786956019602 1711236 1581924 129312 0
1786956019632 1711236 1581924 129312 0
1786956019662 1711236 1581924 129312 0
1786956019691 1711236 1581924 129312 0
1786956019732 1711236 1581924 129312 0
1786956019765 1711236 1581924 129312 0
1786956019797 1711236 1581924 129312 0
1786956019830 1711336 1582024 129312 0
1786956019862 1711816 1582504 129312 0
1786956019893 1712004 1582692 129312 0
1786956019923 1712004 1582692 129312 0
1786956019952 1712004 1582692 129312 0
1786956019981 1713540 1584228 129312 0
1786956020016 1713540 1584228 129312 0
1786956020048 1713540 1584228 129312 0
1786956020079 1713540 1584228 129312 0
1786956020110 1713540 1584228 129312 0
1786956020141 1713540 1584228 129312 0
1786956020174 1713540 1584228 129312 0
1786956020205 1715076 1585764 129312 0
1786956020237 1715080 1585768 129312 0
1786956020268 1715080 1585768 129312 0
1786956020300 1715080 1585768 129312 0
1786956020332 1715080 1585768 129312 0
1786956020365 1715080 1585768 129312 0
1786956020398 1715080 1585768 129312 0
1786956020431 1715080 1585768 129312 0
1786956020462 1715080 1585768 129312 0
1786956020495 1715080 1585768 129312 0
1786956020527 1715080 1585768 129312 0
1786956020558 1715080 1585768 129312 0
1786956020589 1715080 1585768 129312 0
1786956020621 1715080 1585768 129312 0
1786956020653 1720380 1591068 129312 0
1786956020685 1724988 1595676 129312 0
1786956020717 1724988 1595676 129312 0
1786956020750 1724988 1595676 129312 0
1786956020782 1724988 1595676 129312 0
1786956020814 1724988 1595676 129312 0
1786956020845 1724988 1595676 129312 0
1786956020876 1724988 1595676 129312 0
1786956020906 1724988 1595676 129312 0
1786956020939 1724988 1595676 129312 0
1786956020970 1724988 1595676 129312 0
1786956021002 1724988 1595676 129312 0
1786956021032 1724988 1595676 129312 0
1786956021065 1724988 1595676 129312 0
1786956021097 1724988 1595676 129312 0
1786956021129 1724988 1595676 129312 0
1786956021160 1724988 1595676 129312 0
1786956021193 1724988 1595676 129312 0
1786956021224 1724988 1595676 129312 0
1786956021255 1724988 1595676 129312 0
1786956021286 1724988 1595676 129312 0
1786956021319 1724988 1595676 129312 0
1786956021350 1724988 1595676 129312 0
1786956021382 1724988 1595676 129312 0
1786956021416 1724988 1595676 129312 0
1786956021448 1724988 1595676 129312 0
1786956021480 1724988 1595676 129312 0
1786956021511 1724988 1595676 129312 0
1786956021543 1724988 1595676 129312 0
1786956021577 1724988 1595676 129312 0
1786956021609 1724988 1595676 129312 0
1786956021641 1725068 1595756 129312 0
1786956021674 1725068 1595756 129312 0
1786956021706 1725068 1595756 129312 0
1786956021739 1725068 1595756 129312 0
1786956021771 1725068 1595756 129312 0
1786956021804 1725068 1595756 129312 0
1786956021836 1725068 1595756 129312 0
1786956021869 1725068 1595756 129312 0
1786956021901 1725068 1595756 129312 0
1786956021933 1725068 1595756 129312 0
1786956021965 1725068 1595756 129312 0
1786956021997 1725068 1595756 129312 0
1786956022030 1725068 1595756 129312 0
1786956022063 1725068 1595756 129312 0
1786956022095 1725068 1595756 129312 0
1786956022127 1725068 1595756 129312 0
1786956022160 1725068 1595756 129312 0
1786956022191 1725068 1595756 129312 0
1786956022224 1725068 1595756 129312 0
1786956022256 1725068 1595756 129312 0
1786956022288 1725068 1595756 129312 0
1786956022321 1725068 1595756 129312 0
1786956022353 1725068 1595756 129312 0
1786956022385 1725068 1595756 129312 0
1786956022418 1725068 1595756 129312 0
1786956022450 1725068 1595756 129312 0
1786956022482 1725068 1595756 129312 0
1786956022514 1725068 1595756 129312 0
1786956022546 1725068 1595756 129312 0
1786956022578 1725068 1595756 129312 0
1786956022610 1725068 1595756 129312 0
1786956022642 1725068 1595756 129312 0
1786956022674 1725068 1595756 129312 0
1786956022706 1725068 1595756 129312 0
1786956022739 1725068 1595756 129312 0
1786956022771 1725068 1595756 129312 0
1786956022804 1725068 1595756 129312 0
1786956022835 1725068 1595756 129312 0
1786956022865 1725068 1595756 129312 0
1786956022898 1725068 1595756 129312 0
1786956022930 1725068 1595756 129312 0
1786956022960 1725068 1595756 129312 0
1786956022992 1725068 1595756 129312 0
1786956023023 1725068 1595756 129312 0
1786956023053 1725068 1595756 129312 0
1786956023083 1725068 1595756 129312 0
1786956023112 1725068 1595756 129312 0
1786956023142 1725068 1595756 129312 0
1786956023172 1725836 1596524 129312 0
1786956023205 1725836 1596524 129312 0
1786956023237 1725836 1596524 129312 0
1786956023268 1725836 1596524 129312 0
1786956023298 1725836 1596524 129312 0
1786956023328 1725836 1596524 129312 0
1786956023357 1725836 1596524 129312 0
1786956023386 1725836 1596524 129312 0
1786956023416 1725836 1596524 129312 0
1786956023449 1725836 1596524 129312 0
1786956023481 1731980 1602668 129312 0
1786956023515 1731980 1602668 129312 0
1786956023547 1731980 1602668 129312 0
1786956023579 1731980 1602668 129312 0
1786956023611 1731980 1602668 129312 0
1786956023644 1731980 1602668 129312 0
1786956023676 1731980 1602668 129312 0
1786956023707 1731980 1602668 129312 0
1786956023738 1731980 1602668 129312 0
1786956023770 1731980 1602668 129312 0
1786956023802 1731980 1602668 129312 0
1786956023834 1731980 1602668 129312 0
1786956023865 1731980 1602668 129312 0
1786956023899 1731980 1602668 129312 0
1786956023930 1731980 1602668 129312 0
1786956023962 1731980 1602668 129312 0
1786956023993 1731980 1602668 129312 0
1786956024026 1731980 1602668 129312 0
1786956024058 1731980 1602668 129312 0
1786956024090 1731980 1602668 129312 0
1786956024121 1731980 1602668 129312 0
1786956024154 1731980 1602668 129312 0
1786956024186 1731980 1602668 129312 0
1786956024218 1731980 1602668 129312 0
1786956024249 1731980 1602668 129312 0
1786956024282 1731980 1602668 129312 0
1786956024314 1731980 1602668 129312 0
1786956024347 1731980 1602668 129312 0
1786956024379 1731980 1602668 129312 0
1786956024411 1731980 1602668 129312 0
1786956024443 1739500 1610188 129312 0
1786956024476 1739500 1610188 129312 0
1786956024507 1739500 1610188 129312 0
1786956024539 1739500 1610188 129312 0
1786956024571 1739500 1610188 129312 0
1786956024603 1739500 1610188 129312 0
1786956024635 1739500 1610188 129312 0
1786956024666 1739500 1610188 129312 0
1786956024699 1739500 1610188 129312 0
1786956024730 1739500 1610188 129312 0
1786956024761 1739500 1610188 129312 0
1786956024792 1739500 1610188 129312 0
1786956024827 1739500 1610188 129312 0
1786956024859 1739500 1610188 129312 0
1786956024890 1739500 1610188 129312 0
1786956024921 1739500 1610188 129312 0
1786956024955 1739500 1610188 129312 0
1786956024988 1739500 1610188 129312 0
1786956025020 1739500 1610188 129312 0
1786956025052 1739500 1610188 129312 0
1786956025087 1739500 1610188 129312 0
1786956025120 1739500 1610188 129312 0
1786956025152 1739500 1610188 129312 0
1786956025184 1739500 1610188 129312 0
1786956025218 1739500 1610188 129312 0
1786956025253 1739500 1610188 129312 0
1786956025286 1739500 1610188 129312 0
1786956025316 1739500 1610188 129312 0
1786956025347 1739500 1610188 129312 0
1786956025380 1739500 1610188 129312 0
1786956025411 1739500 1610188 129312 0
1786956025441 1739348 1610040 129308 0
1786956025470 1001532 872224 129308 0
1786956025503 1813100 1683788 129312 0
1786956025537 1813100 1683788 129312 0
1786956025568 1813100 1683788 129312 0
1786956025600 1813100 1683788 129312 0
1786956025631 1813100 1683788 129312 0
1786956025664 1813100 1683788 129312 0
1786956025695 1813100 1683788 129312 0
1786956025726 1813100 1683788 129312 0
1786956025756 1813868 1684556 129312 0
1786956025789 1813868 1684556 129312 0
1786956025822 1813868 1684556 129312 0
1786956025855 1813868 1684556 129312 0
1786956025888 1813868 1684556 129312 0
1786956025921 1813868 1684556 129312 0
1786956025954 1813868 1684556 129312 0
1786956025986 1813868 1684556 129312 0
1786956026018 1814636 1685324 129312 0
1786956026051 1814636 1685324 129312 0
1786956026082 1814636 1685324 129312 0
1786956026115 1814636 1685324 129312 0
1786956026146 1814636 1685324 129312 0
1786956026178 1814636 1685324 129312 0
1786956026212 1814636 1685324 129312 0
1786956026244 1814636 1685324 129312 0
1786956026276 1814636 1685324 129312 0
1786956026309 1814636 1685324 129312 0
1786956026342 1814636 1685324 129312 0
1786956026375 1814636 1685324 129312 0
1786956026409 1814636 1685324 129312 0
1786956026441 1814636 1685324 129312 0
1786956026473 1814636 1685324 129312 0
1786956026506 1814636 1685324 129312 0
1786956026539 1814636 1685324 129312 0
1786956026570 1814636 1685324 129312 0
1786956026601 1814636 1685324 129312 0
1786956026637 1814636 1685324 129312 0
1786956026670 1814636 1685324 129312 0
1786956026702 1814636 1685324 129312 0
1786956026734 1814636 1685324 129312 0
1786956026770 1814636 1685324 129312 0
1786956026802 1814636 1685324 129312 0
1786956026834 1814636 1685324 129312 0
1786956026867 1814636 1685324 129312 0
1786956026901 1814636 1685324 129312 0
1786956026933 1814636 1685324 129312 0
1786956026964 1814636 1685324 129312 0
1786956026996 1814636 1685324 129312 0
1786956027030 1814636 1685324 129312 0
1786956027061 1814636 1685324 129312 0
1786956027092 1814636 1685324 129312 0
1786956027125 1814636 1685324 129312 0
1786956027158 1814636 1685324 129312 0
1786956027190 1814636 1685324 129312 0
1786956027221 1814636 1685324 129312 0
1786956027256 1814636 1685324 129312 0
1786956027290 1814636 1685324 129312 0
1786956027323 1814636 1685324 129312 0
1786956027356 1815404 1686092 129312 0
1786956027389 1815404 1686092 129312 0
1786956027423 1815404 1686092 129312 0
1786956027455 1815404 1686092 129312 0
1786956027487 1815404 1686092 129312 0
1786956027519 1815404 1686092 129312 0
1786956027551 1815404 1686092 129312 0
1786956027583 1815404 1686092 129312 0
1786956027615 1815404 1686092 129312 0
1786956027648 1815404 1686092 129312 0
1786956027680 1815404 1686092 129312 0
1786956027712 1815404 1686092 129312 0
1786956027744 1815404 1686092 129312 0
1786956027776 1815404 1686092 129312 0
1786956027808 1815404 1686092 129312 0
1786956027841 1815404 1686092 129312 0
1786956027873 1815404 1686092 129312 0
1786956027905 1815404 1686092 129312 0
1786956027937 1815404 1686092 129312 0
1786956027968 1815404 1686092 129312 0
1786956028000 1815404 1686092 129312 0
1786956028032 1815404 1686092 129312 0
1786956028064 1815404 1686092 129312 0
1786956028096 1815404 1686092 129312 0
1786956028128 1815404 1686092 129312 0
1786956028161 1815404 1686092 129312 0
1786956028192 1815404 1686092 129312 0
1786956028224 1815404 1686092 129312 0
1786956028256 1815404 1686092 129312 0
1786956028288 1815404 1686092 129312 0
1786956028320 1815404 1686092 129312 0
1786956028352 1815404 1686092 129312 0
1786956028384 1815404 1686092 129312 0
1786956028417 1815404 1686092 129312 0
1786956028449 1815404 1686092 129312 0
1786956028481 1816940 1687628 129312 0
1786956028512 1816940 1687628 129312 0
1786956028544 1816940 1687628 129312 0
1786956028576 1816940 1687628 129312 0
1786956028609 1816940 1687628 129312 0
1786956028642 1816940 1687628 129312 0
1786956028673 1816940 1687628 129312 0
1786956028706 1816940 1687628 129312 0
1786956028737 1816940 1687628 129312 0
1786956028770 1816940 1687628 129312 0
1786956028802 1816940 1687628 129312 0
1786956028831 1816940 1687628 129312 0
1786956028863 1817020 1687708 129312 0
1786956028895 1817020 1687708 129312 0
1786956028927 1817020 1687708 129312 0
1786956028958 1817020 1687708 129312 0
1786956028989 1817020 1687708 129312 0
1786956029021 1817020 1687708 129312 0
1786956029053 1817020 1687708 129312 0
1786956029084 1817020 1687708 129312 0
1786956029114 1817020 1687708 129312 0
1786956029145 1817020 1687708 129312 0
1786956029177 1817020 1687708 129312 0
1786956029208 1817020 1687708 129312 0
1786956029239 1817020 1687708 129312 0
1786956029271 1817020 1687708 129312 0
1786956029302 1817020 1687708 129312 0
1786956029333 1817020 1687708 129312 0
1786956029363 1817020 1687708 129312 0
1786956029395 1817020 1687708 129312 0
1786956029426 1817020 1687708 129312 0
1786956029457 1817020 1687708 129312 0
1786956029487 1817020 1687708 129312 0
1786956029520 1817020 1687708 129312 0
1786956029553 1817020 1687708 129312 0
1786956029585 1817020 1687708 129312 0
1786956029617 1817020 1687708 129312 0
1786956029651 1817020 1687708 129312 0
1786956029682 1817020 1687708 129312 0
1786956029713 1817020 1687708 129312 0
1786956029746 1817020 1687708 129312 0
1786956029780 1817020 1687708 129312 0
1786956029811 1817020 1687708 129312 0
1786956029843 1817020 1687708 129312 0
1786956029874 1817020 1687708 129312 0
1786956029907 1817020 1687708 129312 0
1786956029938 1817020 1687708 129312 0
1786956029969 1817020 1687708 129312 0
1786956030000 1817020 1687708 129312 0
1786956030031 1817020 1687708 129312 0
1786956030061 1817020 1687708 129312 0
1786956030092 1817020 1687708 129312 0
1786956030126 1817020 1687708 129312 0
1786956030158 1817020 1687708 129312 0
1786956030189 1817020 1687708 129312 0
1786956030222 1817020 1687708 129312 0
1786956030255 1817020 1687708 129312 0
1786956030287 1817020 1687708 129312 0
1786956030318 1817020 1687708 129312 0
1786956030350 1817020 1687708 129312 0
1786956030383 1817020 1687708 129312 0
1786956030415 1817020 1687708 129312 0
1786956030447 1817020 1687708 129312 0
1786956030482 1817020 1687708 129312 0
1786956030514 1817020 1687708 129312 0
1786956030546 1817020 1687708 129312 0
1786956030577 1817020 1687708 129312 0
1786956030612 1817020 1687708 129312 0
1786956030644 1817020 1687708 129312 0
1786956030676 1817020 1687708 129312 0
1786956030708 1817020 1687708 129312 0
1786956030742 1817020 1687708 129312 0
1786956030773 1817020 1687708 129312 0
1786956030804 1817020 1687708 129312 0
1786956030835 1817020 1687708 129312 0
1786956030866 1817020 1687708 129312 0
1786956030899 1817020 1687708 129312 0
1786956030930 1817020 1687708 129312 0
1786956030959 1817020 1687708 129312 0
1786956030989 1817020 1687708 129312 0
1786956031020 1817020 1687708 129312 0
1786956031049 1817020 1687708 129312 0
1786956031078 1817020 1687708 129312 0
1786956031107 1817020 1687708 129312 0
1786956031144 1817020 1687708 129312 0
1786956031176 1817020 1687708 129312 0
1786956031206 1817020 1687708 129312 0
1786956031237 1817020 1687708 129312 0
1786956031267 1817024 1687712 129312 0
1786956031298 1817100 1687788 129312 0
1786956031329 1817100 1687788 129312 0
1786956031359 1817100 1687788 129312 0
1786956031387 1817256 1687944 129312 0
1786956031422 1817256 1687944 129312 0
1786956031454 1817256 1687944 129312 0
1786956031488 1817256 1687944 129312 0
1786956031520 1817256 1687944 129312 0
1786956031554 1817256 1687944 129312 0
1786956031586 1817336 1688024 129312 0
1786956031637 1817336 1688024 129312 0
1786956031668 1817336 1688024 129312 0
1786956031701 1817336 1688024 129312 0
1786956031732 1817336 1688024 129312 0
1786956031764 1817336 1688024 129312 0
1786956031795 1817336 1688024 129312 0
1786956031825 1817336 1688024 129312 0
1786956031858 1817336 1688024 129312 0
1786956031889 1817336 1688024 129312 0
1786956031920 1817336 1688024 129312 0
1786956031950 1817336 1688024 129312 0
1786956031981 1817428 1688116 129312 0
1786956032012 1818196 1688884 129312 0
1786956032043 1818196 1688884 129312 0
1786956032074 1818196 1688884 129312 0
1786956032104 1818196 1688884 129312 0
1786956032135 1818196 1688884 129312 0
1786956032166 1818196 1688884 129312 0
1786956032197 1818196 1688884 129312 0
1786956032228 1818196 1688884 129312 0
1786956032259 1818196 1688884 129312 0
1786956032291 1818196 1688884 129312 0
1786956032321 1818196 1688884 129312 0
1786956032351 1818196 1688884 129312 0
1786956032383 1818196 1688884 129312 0
1786956032414 1818196 1688884 129312 0
1786956032445 1818196 1688884 129312 0
1786956032475 1818196 1688884 129312 0
1786956032508 1818196 1688884 129312 0
1786956032539 1818196 1688884 129312 0
1786956032569 1818196 1688884 129312 0
1786956032600 1818196 1688884 129312 0
1786956032632 1818196 1688884 129312 0
1786956032664 1818196 1688884 129312 0
1786956032694 1818196 1688884 129312 0
1786956032725 1818196 1688884 129312 0
1786956032761 1818196 1688884 129312 0
1786956032793 1818196 1688884 129312 0
1786956032823 1818196 1688884 129312 0
1786956032855 1818196 1688884 129312 0
1786956032889 1818196 1688884 129312 0
1786956032920 1818196 1688884 129312 0
1786956032951 1818196 1688884 129312 0
1786956032981 1818196 1688884 129312 0
1786956033013 1818196 1688884 129312 0
1786956033044 1818196 1688884 129312 0
1786956033074 1818196 1688884 129312 0
1786956033105 1818196 1688884 129312 0
1786956033136 1818196 1688884 129312 0
1786956033166 1818196 1688884 129312 0
1786956033198 1818196 1688884 129312 0
1786956033229 1818196 1688884 129312 0
1786956033260 1818196 1688884 129312 0
1786956033291 1818196 1688884 129312 0
1786956033321 1818196 1688884 129312 0
1786956033353 1818196 1688884 129312 0
1786956033383 1818196 1688884 129312 0
1786956033414 1818196 1688884 129312 0
1786956033445 1818196 1688884 129312 0
1786956033476 1818196 1688884 129312 0
1786956033506 1818196 1688884 129312 0
1786956033537 1818196 1688884 129312 0
1786956033567 1818196 1688884 129312 0
1786956033598 1818196 1688884 129312 0
1786956033628 1818196 1688884 129312 0
1786956033659 1818196 1688884 129312 0
1786956033689 1818196 1688884 129312 0
1786956033719 1818196 1688884 129312 0
1786956033750 1818196 1688884 129312 0
1786956033780 1818196 1688884 129312 0
1786956033810 1818196 1688884 129312 0
1786956033840 1818196 1688884 129312 0
1786956033869 1818196 1688884 129312 0
1786956033900 1818196 1688884 129312 0
1786956033930 1818196 1688884 129312 0
1786956033959 1818196 1688884 129312 0
1786956033989 1818196 1688884 129312 0
1786956034019 1818196 1688884 129312 0
1786956034048 1818196 1688884 129312 0
1786956034078 1818276 1688964 129312 0
1786956034108 1818276 1688964 129312 0
1786956034137 1818276 1688964 129312 0
1786956034168 1818276 1688964 129312 0
1786956034197 1818276 1688964 129312 0
1786956034227 1818276 1688964 129312 0
1786956034256 1818276 1688964 129312 0
1786956034286 1818276 1688964 129312 0
1786956034315 1818276 1688964 129312 0
1786956034344 1818276 1688964 129312 0
1786956034374 1818276 1688964 129312 0
1786956034404 1818276 1688964 129312 0
1786956034434 1818276 1688964 129312 0
1786956034464 1818276 1688964 129312 0
1786956034494 1818276 1688964 129312 0
1786956034524 1818276 1688964 129312 0
1786956034553 1818276 1688964 129312 0
1786956034583 1818276 1688964 129312 0
1786956034612 1818276 1688964 129312 0
1786956034644 1818276 1688964 129312 0
1786956034676 1818276 1688964 129312 0
1786956034705 1818296 1688984 129312 0
1786956034735 1818296 1688984 129312 0
1786956034765 1818296 1688984 129312 0
1786956034795 1818296 1688984 129312 0
1786956034827 1818296 1688984 129312 0
1786956034857 1818296 1688984 129312 0
1786956034889 1818296 1688984 129312 0
1786956034921 1818296 1688984 129312 0
1786956034951 1818296 1688984 129312 0
1786956034981 1818296 1688984 129312 0
1786956035011 1818296 1688984 129312 0
1786956035044 1818296 1688984 129312 0
1786956035079 1818296 1688984 129312 0
1786956035111 1818296 1688984 129312 0
1786956035141 1818296 1688984 129312 0
1786956035172 1818296 1688984 129312 0
1786956035203 1818296 1688984 129312 0
1786956035235 1818296 1688984 129312 0
1786956035267 1818296 1688984 129312 0
1786956035299 1818296 1688984 129312 0
1786956035330 1818296 1688984 129312 0
1786956035362 1818296 1688984 129312 0
1786956035393 1818296 1688984 129312 0
1786956035424 1818296 1688984 129312 0
1786956035455 1818296 1688984 129312 0
1786956035487 1818296 1688984 129312 0
1786956035517 1818296 1688984 129312 0
1786956035548 1818296 1688984 129312 0
1786956035580 1818296 1688984 129312 0
1786956035614 1818296 1688984 129312 0
1786956035648 1818296 1688984 129312 0
1786956035681 1818296 1688984 129312 0
1786956035715 1818296 1688984 129312 0
1786956035748 1818296 1688984 129312 0
1786956035781 1818296 1688984 129312 0
1786956035812 1818296 1688984 129312 0
1786956035844 1818296 1688984 129312 0
1786956035876 1818296 1688984 129312 0
1786956035909 1818296 1688984 129312 0
1786956035941 1818296 1688984 129312 0
1786956035972 1818296 1688984 129312 0
1786956036003 1818296 1688984 129312 0
1786956036036 1818296 1688984 129312 0
1786956036067 1818296 1688984 129312 0
1786956036099 1818296 1688984 129312 0
1786956036130 1818296 1688984 129312 0
1786956036163 1818296 1688984 129312 0
1786956036196 1818296 1688984 129312 0
1786956036228 1818296 1688984 129312 0
1786956036261 1818296 1688984 129312 0
1786956036294 1818296 1688984 129312 0
1786956036326 1818296 1688984 129312 0
1786956036356 1818296 1688984 129312 0
1786956036388 1818296 1688984 129312 0
1786956036419 1818296 1688984 129312 0
1786956036450 1818296 1688984 129312 0
1786956036480 1818296 1688984 129312 0
1786956036512 1818296 1688984 129312 0
1786956036544 1818296 1688984 129312 0
1786956036578 1818296 1688984 129312 0
1786956036609 1818296 1688984 129312 0
1786956036640 1818296 1688984 129312 0
1786956036670 1818296 1688984 129312 0
1786956036701 1818296 1688984 129312 0
1786956036731 1818296 1688984 129312 0
1786956036760 1818296 1688984 129312 0
1786956036789 1818296 1688984 129312 0
1786956036828 1818296 1688984 129312 0
1786956036861 1818296 1688984 129312 0
1786956036891 1818296 1688984 129312 0
1786956036925 1818296 1688984 129312 0
1786956036956 1818296 1688984 129312 0
1786956036988 1818296 1688984 129312 0
1786956037019 1818296 1688984 129312 0
1786956037049 1818296 1688984 129312 0
1786956037078 1818296 1688984 129312 0
1786956037111 1818296 1688984 129312 0
1786956037142 1818296 1688984 129312 0
1786956037174 1818296 1688984 129312 0
1786956037205 1818296 1688984 129312 0
1786956037239 1818296 1688984 129312 0
1786956037272 1818296 1688984 129312 0
1786956037306 1818296 1688984 129312 0
1786956037338 1818296 1688984 129312 0
1786956037370 1818296 1688984 129312 0
1786956037403 1818296 1688984 129312 0
1786956037437 1818296 1688984 129312 0
1786956037470 1818296 1688984 129312 0
1786956037502 1818296 1688984 129312 0
1786956037535 1818296 1688984 129312 0
1786956037569 1818296 1688984 129312 0
1786956037601 1818296 1688984 129312 0
1786956037633 1818296 1688984 129312 0
1786956037667 1818296 1688984 129312 0
1786956037699 1818296 1688984 129312 0
1786956037731 1818296 1688984 129312 0
1786956037763 1818296 1688984 129312 0
1786956037795 1818296 1688984 129312 0
1786956037828 1818296 1688984 129312 0
1786956037861 1818296 1688984 129312 0
1786956037892 1818296 1688984 129312 0
1786956037923 1818296 1688984 129312 0
1786956037956 1818296 1688984 129312 0
1786956037988 1818296 1688984 129312 0
1786956038020 1818296 1688984 129312 0
1786956038051 1818296 1688984 129312 0
1786956038084 1818296 1688984 129312 0
1786956038116 1818296 1688984 129312 0
1786956038148 1818296 1688984 129312 0
1786956038180 1818296 1688984 129312 0
1786956038213 1818296 1688984 129312 0
1786956038244 1818296 1688984 129312 0
1786956038275 1818296 1688984 129312 0
1786956038308 1818296 1688984 129312 0
1786956038340 1818296 1688984 129312 0
1786956038371 1818296 1688984 129312 0
1786956038403 1818296 1688984 129312 0
1786956038436 1818296 1688984 129312 0
1786956038467 1818296 1688984 129312 0
1786956038500 1818296 1688984 129312 0
1786956038533 1818296 1688984 129312 0
1786956038565 1818296 1688984 129312 0
1786956038597 1818296 1688984 129312 0
1786956038629 1818296 1688984 129312 0
1786956038660 1818296 1688984 129312 0
1786956038694 1818296 1688984 129312 0
1786956038726 1818296 1688984 129312 0
1786956038758 1818296 1688984 129312 0
1786956038791 1818296 1688984 129312 0
1786956038823 1818296 1688984 129312 0
1786956038854 1818296 1688984 129312 0
1786956038886 1818296 1688984 129312 0
1786956038918 1818296 1688984 129312 0
1786956038949 1818296 1688984 129312 0
1786956038981 1818296 1688984 129312 0
1786956039013 1818296 1688984 129312 0
1786956039044 1818296 1688984 129312 0
1786956039076 1818296 1688984 129312 0
1786956039109 1818296 1688984 129312 0
1786956039141 1818296 1688984 129312 0
1786956039172 1818296 1688984 129312 0
1786956039204 1818296 1688984 129312 0
1786956039236 1818296 1688984 129312 0
1786956039267 1818296 1688984 129312 0
1786956039298 1818296 1688984 129312 0
1786956039330 1818296 1688984 129312 0
1786956039361 1818296 1688984 129312 0
1786956039393 1818296 1688984 129312 0
1786956039425 1818296 1688984 129312 0
1786956039458 1818296 1688984 129312 0
1786956039490 1818296 1688984 129312 0
1786956039522 1818296 1688984 129312 0
1786956039555 1818296 1688984 129312 0
1786956039587 1818296 1688984 129312 0
1786956039620 1818296 1688984 129312 0
1786956039652 1818296 1688984 129312 0
1786956039684 1818296 1688984 129312 0
1786956039716 1818296 1688984 129312 0
1786956039748 1818296 1688984 129312 0
1786956039781 1818296 1688984 129312 0
1786956039812 1818296 1688984 129312 0
1786956039844 1818296 1688984 129312 0
1786956039875 1818296 1688984 129312 0
1786956039907 1818296 1688984 129312 0
1786956039939 1818296 1688984 129312 0
1786956039971 1818296 1688984 129312 0
1786956040002 1818296 1688984 129312 0
1786956040033 1818296 1688984 129312 0
1786956040065 1818296 1688984 129312 0
1786956040094 1818296 1688984 129312 0
1786956040123 1818296 1688984 129312 0
1786956040156 1818296 1688984 129312 0
1786956040188 1818296 1688984 129312 0
1786956040220 1818296 1688984 129312 0
1786956040251 1818296 1688984 129312 0
1786956040283 1818296 1688984 129312 0
1786956040315 1818296 1688984 129312 0
1786956040346 1818296 1688984 129312 0
1786956040378 1818296 1688984 129312 0
1786956040410 1818296 1688984 129312 0
1786956040442 1818296 1688984 129312 0
1786956040473 1818296 1688984 129312 0
1786956040504 1818296 1688984 129312 0
1786956040535 1818296 1688984 129312 0
1786956040567 1818296 1688984 129312 0
1786956040598 1818296 1688984 129312 0
1786956040629 1818296 1688984 129312 0
1786956040660 1818296 1688984 129312 0
1786956040692 1818296 1688984 129312 0
1786956040723 1818296 1688984 129312 0
1786956040754 1818296 1688984 129312 0
1786956040785 1818296 1688984 129312 0
1786956040818 1818296 1688984 129312 0
1786956040850 1818296 1688984 129312 0
1786956040880 1818296 1688984 129312 0
1786956040913 1818296 1688984 129312 0
1786956040945 1818296 1688984 129312 0
1786956040977 1818296 1688984 129312 0
1786956041009 1818296 1688984 129312 0
1786956041042 1818296 1688984 129312 0
1786956041074 1818296 1688984 129312 0
1786956041105 1818296 1688984 129312 0
1786956041136 1818296 1688984 129312 0
1786956041169 1818296 1688984 129312 0
1786956041203 1818296 1688984 129312 0
1786956041235 1818296 1688984 129312 0
1786956041267 1818296 1688984 129312 0
1786956041298 1818296 1688984 129312 0
1786956041330 1818296 1688984 129312 0
1786956041363 1818296 1688984 129312 0
1786956041396 1818296 1688984 129312 0
1786956041427 1818296 1688984 129312 0
1786956041458 1818296 1688984 129312 0
1786956041490 1818296 1688984 129312 0
1786956041522 1818296 1688984 129312 0
1786956041553 1818296 1688984 129312 0
1786956041584 1818296 1688984 129312 0
1786956041617 1818296 1688984 129312 0
1786956041649 1818296 1688984 129312 0
1786956041680 1818296 1688984 129312 0
1786956041713 1818296 1688984 129312 0
1786956041744 1818296 1688984 129312 0
1786956041776 1818296 1688984 129312 0
1786956041819 1818296 1688984 129312 0
1786956041855 1818296 1688984 129312 0
1786956041887 1818296 1688984 129312 0
1786956041920 1818296 1688984 129312 0
1786956041952 1818296 1688984 129312 0
1786956041986 1818296 1688984 129312 0
1786956042018 1818296 1688984 129312 0
1786956042050 1818296 1688984 129312 0
1786956042083 1818296 1688984 129312 0
1786956042118 1818296 1688984 129312 0
1786956042153 1818296 1688984 129312 0
1786956042184 1818296 1688984 129312 0
1786956042215 1818296 1688984 129312 0
1786956042245 1818296 1688984 129312 0
1786956042276 1818296 1688984 129312 0
1786956042306 1818296 1688984 129312 0
1786956042335 1818296 1688984 129312 0
1786956042365 1833904 1712404 121500 0
1786956042401 1842872 1713560 129312 0
1786956042433 1842872 1713560 129312 0
1786956042464 1842872 1713560 129312 0
1786956042495 1842872 1713560 129312 0
1786956042525 1842872 1713560 129312 0
1786956042557 1842872 1713560 129312 0
1786956042588 1842872 1713560 129312 0
1786956042620 1842872 1713560 129312 0
1786956042651 1842872 1713560 129312 0
1786956042682 1842872 1713560 129312 0
1786956042714 1842872 1713560 129312 0
1786956042746 1842872 1713560 129312 0
1786956042778 1842872 1713560 129312 0
1786956042812 1842872 1713560 129312 0
1786956042844 1842872 1713560 129312 0
1786956042876 1842872 1713560 129312 0
1786956042908 1842872 1713560 129312 0
1786956042940 1842872 1713560 129312 0
1786956042972 1842872 1713560 129312 0
1786956043004 1842872 1713560 129312 0
1786956043035 1842872 1713560 129312 0
1786956043066 1842872 1713560 129312 0
1786956043099 1842872 1713560 129312 0
1786956043132 1842872 1713560 129312 0
1786956043165 1842872 1713560 129312 0
1786956043196 1842872 1713560 129312 0
1786956043228 1842872 1713560 129312 0
1786956043260 1842872 1713560 129312 0
1786956043292 1842872 1713560 129312 0
1786956043324 1842872 1713560 129312 0
1786956043356 1842872 1713560 129312 0
1786956043388 1842872 1713560 129312 0
1786956043419 1842872 1713560 129312 0
1786956043450 1842872 1713560 129312 0
1786956043482 1842872 1713560 129312 0
1786956043516 1842872 1713560 129312 0
1786956043548 1842872 1713560 129312 0
1786956043579 1842872 1713560 129312 0
1786956043610 1842872 1713560 129312 0
1786956043644 1842872 1713560 129312 0
1786956043676 1842872 1713560 129312 0
1786956043707 1842872 1713560 129312 0
1786956043738 1842872 1713560 129312 0
1786956043774 1842872 1713560 129312 0
1786956043807 1842872 1713560 129312 0
1786956043839 1842872 1713560 129312 0
1786956043872 1842872 1713560 129312 0
1786956043906 1842872 1713560 129312 0
1786956043938 1842872 1713560 129312 0
1786956043970 1842872 1713560 129312 0
1786956044003 1842872 1713560 129312 0
1786956044037 1842872 1713560 129312 0
1786956044069 1842872 1713560 129312 0
1786956044102 1842872 1713560 129312 0
1786956044137 1842872 1713560 129312 0
1786956044170 1842872 1713560 129312 0
1786956044202 1842872 1713560 129312 0
1786956044234 1842872 1713560 129312 0
1786956044266 1842872 1713560 129312 0
1786956044298 1842872 1713560 129312 0
1786956044330 1842872 1713560 129312 0
1786956044361 1842872 1713560 129312 0
1786956044394 1842872 1713560 129312 0
1786956044427 1842872 1713560 129312 0
1786956044459 1842872 1713560 129312 0
1786956044492 1842872 1713560 129312 0
1786956044524 1842872 1713560 129312 0
1786956044556 1842872 1713560 129312 0
1786956044588 1842872 1713560 129312 0
1786956044620 1842872 1713560 129312 0
1786956044652 1842872 1713560 129312 0
1786956044684 1842872 1713560 129312 0
1786956044717 1842872 1713560 129312 0
1786956044748 1842872 1713560 129312 0
1786956044780 1842872 1713560 129312 0
1786956044812 1842872 1713560 129312 0
1786956044844 1842872 1713560 129312 0
1786956044877 1842872 1713560 129312 0
1786956044909 1842872 1713560 129312 0
1786956044941 1842872 1713560 129312 0
1786956044973 1842872 1713560 129312 0
1786956045004 1842872 1713560 129312 0
1786956045036 1842872 1713560 129312 0
1786956045067 1842872 1713560 129312 0
1786956045099 1842872 1713560 129312 0
1786956045131 1842872 1713560 129312 0
1786956045163 1842872 1713560 129312 0
1786956045196 1842872 1713560 129312 0
1786956045227 1842872 1713560 129312 0
1786956045259 1842872 1713560 129312 0
1786956045291 1842872 1713560 129312 0
1786956045324 1842872 1713560 129312 0
1786956045356 1842872 1713560 129312 0
1786956045387 1842872 1713560 129312 0
1786956045420 1842872 1713560 129312 0
1786956045452 1842872 1713560 129312 0
1786956045484 1842872 1713560 129312 0
1786956045516 1842872 1713560 129312 0
1786956045548 1842872 1713560 129312 0
1786956045578 1842872 1713560 129312 0
1786956045609 1842872 1713560 129312 0
1786956045641 1842872 1713560 129312 0
1786956045671 1842872 1713560 129312 0
1786956045702 1842872 1713560 129312 0
1786956045735 1842872 1713560 129312 0
1786956045767 1842872 1713560 129312 0
1786956045798 1842872 1713560 129312 0
1786956045831 1842872 1713560 129312 0
1786956045863 1842872 1713560 129312 0
1786956045894 1842872 1713560 129312 0
1786956045925 1842872 1713560 129312 0
1786956045958 1842872 1713560 129312 0
1786956045991 1842872 1713560 129312 0
1786956046023 1842872 1713560 129312 0
1786956046055 1842872 1713560 129312 0
1786956046086 1842872 1713560 129312 0
1786956046117 1842872 1713560 129312 0
1786956046149 1842872 1713560 129312 0
1786956046181 1842872 1713560 129312 0
1786956046213 1842872 1713560 129312 0
1786956046246 1842872 1713560 129312 0
1786956046278 1842872 1713560 129312 0
1786956046310 1842872 1713560 129312 0
1786956046342 1842872 1713560 129312 0
1786956046374 1842872 1713560 129312 0
1786956046408 1842872 1713560 129312 0
1786956046440 1842872 1713560 129312 0
1786956046471 1842872 1713560 129312 0
1786956046503 1842872 1713560 129312 0
1786956046537 1842872 1713560 129312 0
1786956046568 1842872 1713560 129312 0
1786956046599 1842872 1713560 129312 0
1786956046630 1842872 1713560 129312 0
1786956046664 1842872 1713560 129312 0
1786956046695 1842872 1713560 129312 0
1786956046727 1842872 1713560 129312 0
1786956046759 1842872 1713560 129312 0
1786956046792 1842872 1713560 129312 0
1786956046824 1842872 1713560 129312 0
1786956046855 1842872 1713560 129312 0
1786956046887 1842872 1713560 129312 0
1786956046919 1842872 1713560 129312 0
1786956046951 1842872 1713560 129312 0
1786956046984 1842872 1713560 129312 0
1786956047016 1842872 1713560 129312 0
1786956047048 1842872 1713560 129312 0
1786956047079 1842872 1713560 129312 0
1786956047113 1842872 1713560 129312 0
1786956047146 1842872 1713560 129312 0
1786956047176 1842872 1713560 129312 0
1786956047207 1842872 1713560 129312 0
1786956047242 1842872 1713560 129312 0
1786956047274 1842872 1713560 129312 0
1786956047305 1842872 1713560 129312 0
1786956047337 1842872 1713560 129312 0
1786956047372 1842872 1713560 129312 0
1786956047403 1842872 1713560 129312 0
1786956047434 1842872 1713560 129312 0
1786956047466 1842872 1713560 129312 0
1786956047500 1842872 1713560 129312 0
1786956047532 1842872 1713560 129312 0
1786956047563 1842872 1713560 129312 0
1786956047594 1842872 1713560 129312 0
1786956047628 1842872 1713560 129312 0
1786956047660 1842872 1713560 129312 0
1786956047692 1842872 1713560 129312 0
1786956047724 1842872 1713560 129312 0
1786956047757 1842872 1713560 129312 0
1786956047790 1842872 1713560 129312 0
1786956047823 1842872 1713560 129312 0
1786956047855 1842872 1713560 129312 0
1786956047886 1842872 1713560 129312 0
1786956047918 1842872 1713560 129312 0
1786956047950 1842872 1713560 129312 0
1786956047981 1842872 1713560 129312 0
1786956048012 1842872 1713560 129312 0
1786956048048 1842872 1713560 129312 0
1786956048082 1842872 1713560 129312 0
1786956048113 1842872 1713560 129312 0
1786956048147 1842872 1713560 129312 0
1786956048178 1842872 1713560 129312 0
1786956048210 1842872 1713560 129312 0
1786956048242 1842872 1713560 129312 0
1786956048273 1842872 1713560 129312 0
1786956048304 1842872 1713560 129312 0
1786956048337 1842872 1713560 129312 0
1786956048371 1842872 1713560 129312 0
1786956048401 1842872 1713560 129312 0
1786956048433 1842872 1713560 129312 0
1786956048465 1842872 1713560 129312 0
1786956048498 1842872 1713560 129312 0
1786956048530 1842872 1713560 129312 0
1786956048561 1842872 1713560 129312 0
1786956048593 1842872 1713560 129312 0
1786956048623 1842872 1713560 129312 0
1786956048654 1842872 1713560 129312 0
1786956048685 1842872 1713560 129312 0
1786956048717 1842872 1713560 129312 0
1786956048748 1842872 1713560 129312 0
1786956048780 1842872 1713560 129312 0
1786956048812 1842872 1713560 129312 0
1786956048845 1078920 949612 129308 0
1786956048872 1842876 1713564 129312 0
1786956048902 1842876 1713564 129312 0
1786956048933 1842876 1713564 129312 0
1786956048964 1842876 1713564 129312 0
1786956048995 1842876 1713564 129312 0
1786956049026 1842880 1713568 129312 0
1786956049057 1842884 1713572 129312 0
1786956049088 1842884 1713572 129312 0
1786956049119 1842884 1713572 129312 0
1786956049152 1842884 1713572 129312 0
1786956049183 1842884 1713572 129312 0
1786956049215 1842884 1713572 129312 0
1786956049246 1842884 1713572 129312 0
1786956049279 1842884 1713572 129312 0
1786956049311 1842884 1713572 129312 0
1786956049343 1842884 1713572 129312 0
1786956049375 1842884 1713572 129312 0
1786956049410 1842884 1713572 129312 0
1786956049442 1842884 1713572 129312 0
1786956049474 1842884 1713572 129312 0
1786956049507 1842884 1713572 129312 0
1786956049541 1842884 1713572 129312 0
1786956049573 1842884 1713572 129312 0
1786956049604 1842884 1713572 129312 0
1786956049635 1842884 1713572 129312 0
1786956049669 1842884 1713572 129312 0
1786956049701 1842884 1713572 129312 0
1786956049733 1842884 1713572 129312 0
1786956049764 1842884 1713572 129312 0
1786956049800 1842884 1713572 129312 0
1786956049833 1842884 1713572 129312 0
1786956049865 1842884 1713572 129312 0
1786956049897 1842888 1713576 129312 0
1786956049931 1842888 1713576 129312 0
1786956049963 1842888 1713576 129312 0
1786956049995 1842888 1713576 129312 0
1786956050027 1842888 1713576 129312 0
1786956050059 1842888 1713576 129312 0
1786956050091 1842888 1713576 129312 0
1786956050123 1842888 1713576 129312 0
1786956050155 1842888 1713576 129312 0
1786956050187 1842888 1713576 129312 0
1786956050219 1842888 1713576 129312 0
1786956050251 1842888 1713576 129312 0
1786956050283 1842888 1713576 129312 0
1786956050316 1842888 1713576 129312 0
1786956050348 1842888 1713576 129312 0
1786956050380 1842888 1713576 129312 0
1786956050412 1842888 1713576 129312 0
1786956050445 1842888 1713576 129312 0
1786956050477 1842888 1713576 129312 0
1786956050509 1842888 1713576 129312 0
1786956050543 1842888 1713576 129312 0
1786956050575 1842888 1713576 129312 0
1786956050608 1842888 1713576 129312 0
1786956050639 1842888 1713576 129312 0
1786956050672 1842888 1713576 129312 0
1786956050703 1842888 1713576 129312 0
1786956050735 1842888 1713576 129312 0
1786956050767 1842888 1713576 129312 0
1786956050799 1842888 1713576 129312 0
1786956050832 1842888 1713576 129312 0
1786956050864 1842888 1713576 129312 0
1786956050896 1842888 1713576 129312 0
1786956050928 1842888 1713576 129312 0
1786956050961 1842888 1713576 129312 0
1786956050993 1842888 1713576 129312 0
1786956051025 1842888 1713576 129312 0
1786956051057 1842888 1713576 129312 0
1786956051089 1842888 1713576 129312 0
1786956051122 1842888 1713576 129312 0
1786956051154 1842888 1713576 129312 0
1786956051185 1842888 1713576 129312 0
1786956051218 1842888 1713576 129312 0
1786956051250 1842892 1713580 129312 0
1786956051282 1842892 1713580 129312 0
1786956051314 1842892 1713580 129312 0
1786956051346 1842892 1713580 129312 0
1786956051377 1842892 1713580 129312 0
1786956051409 1842892 1713580 129312 0
1786956051440 1842892 1713580 129312 0
1786956051471 1842892 1713580 129312 0
1786956051501 1842892 1713580 129312 0
1786956051534 1842892 1713580 129312 0
1786956051566 1842892 1713580 129312 0
1786956051598 1842892 1713580 129312 0
1786956051629 1842892 1713580 129312 0
1786956051661 1842892 1713580 129312 0
1786956051692 1842892 1713580 129312 0
1786956051724 1842892 1713580 129312 0
1786956051756 1842892 1713580 129312 0
1786956051787 1842892 1713580 129312 0
1786956051819 1842892 1713580 129312 0
1786956051850 1842892 1713580 129312 0
1786956051882 1842892 1713580 129312 0
1786956051915 1842892 1713580 129312 0
1786956051947 1842892 1713580 129312 0
1786956051982 1842892 1713580 129312 0
1786956052014 1842892 1713580 129312 0
1786956052046 1842892 1713580 129312 0
1786956052079 1842892 1713580 129312 0
1786956052114 1842892 1713580 129312 0
1786956052145 1842892 1713580 129312 0
1786956052176 1842892 1713580 129312 0
1786956052207 1842892 1713580 129312 0
1786956052241 1842892 1713580 129312 0
1786956052272 1842892 1713580 129312 0
1786956052306 1842892 1713580 129312 0
1786956052338 1842892 1713580 129312 0
1786956052373 1842892 1713580 129312 0
1786956052406 1842892 1713580 129312 0
1786956052439 1842892 1713580 129312 0
1786956052471 1842892 1713580 129312 0
1786956052505 1842892 1713580 129312 0
1786956052538 1842892 1713580 129312 0
1786956052571 1842892 1713580 129312 0
1786956052602 1842892 1713580 129312 0
1786956052636 1842896 1713584 129312 0
1786956052669 1842896 1713584 129312 0
1786956052701 1842896 1713584 129312 0
1786956052734 1842896 1713584 129312 0
1786956052767 1842896 1713584 129312 0
1786956052799 1842896 1713584 129312 0
1786956052832 1842896 1713584 129312 0
1786956052865 1842896 1713584 129312 0
1786956052897 1842896 1713584 129312 0
1786956052929 1842900 1713588 129312 0
1786956052964 1842900 1713588 129312 0
1786956052997 1842900 1713588 129312 0
1786956053029 1842900 1713588 129312 0
1786956053060 1842900 1713588 129312 0
1786956053095 1842900 1713588 129312 0
1786956053127 1842900 1713588 129312 0
1786956053158 1842900 1713588 129312 0
1786956053189 1842900 1713588 129312 0
1786956053224 1842900 1713588 129312 0
1786956053258 1842900 1713588 129312 0
1786956053290 1842900 1713588 129312 0
1786956053322 1842900 1713588 129312 0
1786956053356 1842900 1713588 129312 0
1786956053389 1842900 1713588 129312 0
1786956053421 1842900 1713588 129312 0
1786956053453 1842900 1713588 129312 0
1786956053488 1842900 1713588 129312 0
1786956053521 1842900 1713588 129312 0
1786956053552 1842900 1713588 129312 0
1786956053585 1842900 1713588 129312 0
1786956053618 1842900 1713588 129312 0
1786956053652 1842900 1713588 129312 0
1786956053684 1842900 1713588 129312 0
1786956053717 1842900 1713588 129312 0
1786956053748 1842900 1713588 129312 0
1786956053779 1842900 1713588 129312 0
1786956053810 1842900 1713588 129312 0
1786956053843 1842900 1713588 129312 0
1786956053874 1842900 1713588 129312 0
1786956053906 1345928 1216784 129144 0
1786956053942 1818452 1689140 129312 0
1786956053975 1818452 1689140 129312 0
1786956054009 1818452 1689140 129312 0
1786956054041 1818452 1689140 129312 0
1786956054072 1818452 1689140 129312 0
1786956054103 1818452 1689140 129312 0
1786956054134 1818452 1689140 129312 0
1786956054165 1818452 1689140 129312 0
1786956054197 1818452 1689140 129312 0
1786956054234 1818452 1689140 129312 0
1786956054267 1818452 1689140 129312 0
1786956054299 1818452 1689140 129312 0
1786956054330 1818452 1689140 129312 0
1786956054362 1818452 1689140 129312 0
1786956054392 1818452 1689140 129312 0
1786956054424 1818452 1689140 129312 0
1786956054456 1818456 1689144 129312 0
1786956054487 1818456 1689144 129312 0
1786956054520 1818456 1689144 129312 0
1786956054552 1818456 1689144 129312 0
1786956054585 1818456 1689144 129312 0
1786956054618 1818456 1689144 129312 0
1786956054649 1818456 1689144 129312 0
1786956054681 1818456 1689144 129312 0
1786956054713 1818456 1689144 129312 0
1786956054745 1818456 1689144 129312 0
1786956054776 1818460 1689148 129312 0
1786956054808 1818460 1689148 129312 0
1786956054840 1818464 1689152 129312 0
1786956054871 1818468 1689156 129312 0
1786956054903 1818468 1689156 129312 0
1786956054934 1818468 1689156 129312 0
1786956054966 1818468 1689156 129312 0
1786956055000 1818468 1689156 129312 0
1786956055032 1818472 1689160 129312 0
1786956055063 1818472 1689160 129312 0
1786956055094 1818476 1689164 129312 0
1786956055126 1818476 1689164 129312 0
1786956055158 1818476 1689164 129312 0
1786956055190 1818476 1689164 129312 0
1786956055221 1818476 1689164 129312 0
1786956055254 1818476 1689164 129312 0
1786956055287 1818476 1689164 129312 0
1786956055319 1818476 1689164 129312 0
1786956055351 1818476 1689164 129312 0
1786956055384 1818476 1689164 129312 0
1786956055417 1818476 1689164 129312 0
1786956055449 1818476 1689164 129312 0
1786956055481 1818476 1689164 129312 0
1786956055515 1818476 1689164 129312 0
1786956055548 1818476 1689164 129312 0
1786956055580 1818476 1689164 129312 0
1786956055612 1818476 1689164 129312 0
1786956055644 1818476 1689164 129312 0
1786956055677 1818476 1689164 129312 0
1786956055709 1818476 1689164 129312 0
1786956055741 1818476 1689164 129312 0
1786956055775 1818476 1689164 129312 0
1786956055808 1818476 1689164 129312 0
1786956055841 1818476 1689164 129312 0
1786956055873 1818476 1689164 129312 0
1786956055906 1818476 1689164 129312 0
1786956055938 1818476 1689164 129312 0
1786956055970 1818476 1689164 129312 0
1786956056002 1818476 1689164 129312 0
1786956056035 1818476 1689164 129312 0
1786956056067 1818476 1689164 129312 0
1786956056099 1818476 1689164 129312 0
1786956056131 1818476 1689164 129312 0
1786956056163 1818476 1689164 129312 0
1786956056195 1818476 1689164 129312 0
1786956056227 1818476 1689164 129312 0
1786956056260 1818476 1689164 129312 0
1786956056292 1818476 1689164 129312 0
1786956056325 1818476 1689164 129312 0
1786956056357 1818476 1689164 129312 0
1786956056390 1818476 1689164 129312 0
1786956056423 1818476 1689164 129312 0
1786956056456 1818476 1689164 129312 0
1786956056488 1818476 1689164 129312 0
1786956056521 1818476 1689164 129312 0
1786956056553 1818476 1689164 129312 0
1786956056585 1818476 1689164 129312 0
1786956056617 1818476 1689164 129312 0
1786956056649 1818476 1689164 129312 0
1786956056680 1818476 1689164 129312 0
1786956056712 1818476 1689164 129312 0
1786956056744 1818476 1689164 129312 0
1786956056776 1818476 1689164 129312 0
1786956056809 1818476 1689164 129312 0
1786956056841 1818476 1689164 129312 0
1786956056875 1818476 1689164 129312 0
1786956056908 1818476 1689164 129312 0
1786956056941 1818476 1689164 129312 0
1786956056973 1818476 1689164 129312 0
1786956057007 1818476 1689164 129312 0
1786956057039 1818476 1689164 129312 0
1786956057072 1818476 1689164 129312 0
1786956057105 1818476 1689164 129312 0
1786956057137 1818480 1689168 129312 0
1786956057169 1818484 1689172 129312 0
1786956057201 1818484 1689172 129312 0
1786956057233 1818484 1689172 129312 0
1786956057265 1818484 1689172 129312 0
1786956057297 1818484 1689172 129312 0
1786956057329 1818484 1689172 129312 0
1786956057360 1818484 1689172 129312 0
1786956057392 1818484 1689172 129312 0
1786956057425 1818484 1689172 129312 0
1786956057456 1818484 1689172 129312 0
1786956057489 1818484 1689172 129312 0
1786956057521 1818484 1689172 129312 0
1786956057552 1818484 1689172 129312 0
1786956057584 1818484 1689172 129312 0
1786956057615 1818484 1689172 129312 0
1786956057648 1818484 1689172 129312 0
1786956057680 1818488 1689176 129312 0
1786956057713 1818488 1689176 129312 0
1786956057747 1818488 1689176 129312 0
1786956057779 1818488 1689176 129312 0
1786956057811 1818488 1689176 129312 0
1786956057843 1818488 1689176 129312 0
1786956057875 1818488 1689176 129312 0
1786956057908 1818488 1689176 129312 0
1786956057939 1818488 1689176 129312 0
1786956057971 1818488 1689176 129312 0
1786956058003 1818488 1689176 129312 0
1786956058035 1818488 1689176 129312 0
1786956058066 1818488 1689176 129312 0
1786956058097 1818492 1689180 129312 0
1786956058131 1818492 1689180 129312 0
1786956058163 1818492 1689180 129312 0
1786956058194 1818492 1689180 129312 0
1786956058225 1818492 1689180 129312 0
1786956058261 1818492 1689180 129312 0
1786956058294 1818492 1689180 129312 0
1786956058326 1818492 1689180 129312 0
1786956058358 1818492 1689180 129312 0
1786956058392 1818492 1689180 129312 0
1786956058425 1818492 1689180 129312 0
1786956058457 1818492 1689180 129312 0
1786956058491 1818492 1689180 129312 0
1786956058525 1818492 1689180 129312 0
1786956058558 1818492 1689180 129312 0
1786956058590 1818492 1689180 129312 0
1786956058623 1818492 1689180 129312 0
1786956058656 1818492 1689180 129312 0
1786956058689 1818492 1689180 129312 0
1786956058722 1818492 1689180 129312 0
1786956058755 1818492 1689180 129312 0
1786956058788 1818492 1689180 129312 0
1786956058821 1818492 1689180 129312 0
1786956058855 1818492 1689180 129312 0
1786956058888 1818492 1689180 129312 0
1786956058919 1818492 1689180 129312 0
1786956058950 1818492 1689180 129312 0
1786956058985 1818492 1689180 129312 0
1786956059018 1818492 1689180 129312 0
1786956059051 1818492 1689180 129312 0
1786956059083 1818492 1689180 129312 0
1786956059118 1818492 1689180 129312 0
1786956059151 1818492 1689180 129312 0
1786956059183 1818492 1689180 129312 0
1786956059215 1818492 1689180 129312 0
1786956059250 1818492 1689180 129312 0
1786956059283 1818492 1689180 129312 0
1786956059314 1818492 1689180 129312 0
1786956059347 1818492 1689180 129312 0
1786956059382 1818492 1689180 129312 0
1786956059413 1818492 1689180 129312 0
1786956059445 1818492 1689180 129312 0
1786956059479 1818492 1689180 129312 0
1786956059514 1818492 1689180 129312 0
1786956059549 1818492 1689180 129312 0
1786956059581 1818492 1689180 129312 0
1786956059613 1818492 1689180 129312 0
1786956059644 1818492 1689180 129312 0
1786956059677 1818492 1689180 129312 0
1786956059709 1818492 1689180 129312 0
1786956059741 1842940 1713628 129312 0
1786956059773 1883060 1761620 121440 0
1786956059813 1892092 1762780 129312 0
1786956059845 1892092 1762780 129312 0
1786956059876 1892092 1762780 129312 0
1786956059908 1892092 1762780 129312 0
1786956059940 1892092 1762780 129312 0
1786956059971 1892092 1762780 129312 0
1786956060003 1892092 1762780 129312 0
1786956060034 1892092 1762780 129312 0
1786956060066 1892092 1762780 129312 0
1786956060099 1892092 1762780 129312 0
1786956060131 1892092 1762780 129312 0
1786956060163 1892092 1762780 129312 0
1786956060194 1892092 1762780 129312 0
1786956060226 1892092 1762780 129312 0
1786956060258 1892092 1762780 129312 0
1786956060290 1892092 1762780 129312 0
1786956060322 1892096 1762784 129312 0
1786956060353 1892096 1762784 129312 0
1786956060385 1892096 1762784 129312 0
1786956060417 1892096 1762784 129312 0
1786956060449 1892096 1762784 129312 0
1786956060481 1892096 1762784 129312 0
1786956060513 1892096 1762784 129312 0
1786956060545 1892096 1762784 129312 0
1786956060577 1892104 1762792 129312 0
1786956060608 1892104 1762792 129312 0
1786956060641 1892104 1762792 129312 0
1786956060673 1892104 1762792 129312 0
1786956060721 1892112 1762800 129312 0
1786956060754 1892112 1762800 129312 0
1786956060787 1892112 1762800 129312 0
1786956060820 1892112 1762800 129312 0
1786956060854 1892112 1762800 129312 0
1786956060887 1892112 1762800 129312 0
1786956060919 1892112 1762800 129312 0
1786956060953 1892112 1762800 129312 0
1786956060988 1892112 1762800 129312 0
1786956061021 1892112 1762800 129312 0
1786956061054 1892112 1762800 129312 0
1786956061091 1892112 1762800 129312 0
1786956061125 1892112 1762800 129312 0
1786956061157 1892112 1762800 129312 0
1786956061189 1892116 1762804 129312 0
1786956061223 1892116 1762804 129312 0
1786956061256 1892116 1762804 129312 0
1786956061289 1892116 1762804 129312 0
1786956061320 1892116 1762804 129312 0
1786956061353 1892116 1762804 129312 0
1786956061386 1892116 1762804 129312 0
1786956061417 1892116 1762804 129312 0
1786956061450 1892116 1762804 129312 0
1786956061483 1892116 1762804 129312 0
1786956061515 1892116 1762804 129312 0
1786956061547 1892116 1762804 129312 0
1786956061578 1892116 1762804 129312 0
1786956061612 1892116 1762804 129312 0
1786956061645 1892116 1762804 129312 0
1786956061677 1892116 1762804 129312 0
1786956061710 1892116 1762804 129312 0
1786956061742 1892116 1762804 129312 0
1786956061774 1892116 1762804 129312 0
1786956061806 1892116 1762804 129312 0
1786956061839 1892116 1762804 129312 0
1786956061872 1892116 1762804 129312 0
1786956061905 1892116 1762804 129312 0
1786956061937 1892116 1762804 129312 0
1786956061969 1892116 1762804 129312 0
1786956062001 1892116 1762804 129312 0
1786956062033 1892116 1762804 129312 0
1786956062065 1892116 1762804 129312 0
1786956062097 1892120 1762808 129312 0
1786956062129 1892120 1762808 129312 0
1786956062162 1892120 1762808 129312 0
1786956062194 1892120 1762808 129312 0
1786956062226 1892120 1762808 129312 0
1786956062259 1892120 1762808 129312 0
1786956062290 1892120 1762808 129312 0
1786956062322 1892120 1762808 129312 0
1786956062355 1892120 1762808 129312 0
1786956062386 1892120 1762808 129312 0
1786956062419 1892120 1762808 129312 0
1786956062451 1892120 1762808 129312 0
1786956062483 1892120 1762808 129312 0
1786956062515 1892120 1762808 129312 0
1786956062547 1892120 1762808 129312 0
1786956062579 1892120 1762808 129312 0
1786956062611 1892120 1762808 129312 0
1786956062643 1892120 1762808 129312 0
1786956062675 1892120 1762808 129312 0
1786956062707 1892120 1762808 129312 0
1786956062739 1892120 1762808 129312 0
1786956062771 1892120 1762808 129312 0
1786956062803 1892120 1762808 129312 0
1786956062835 1892120 1762808 129312 0
1786956062866 1892120 1762808 129312 0
1786956062898 1892120 1762808 129312 0
1786956062930 1892128 1762816 129312 0
1786956062962 1892132 1762820 129312 0
1786956062994 1892132 1762820 129312 0
1786956063026 1892132 1762820 129312 0
1786956063057 1892132 1762820 129312 0
1786956063088 1892132 1762820 129312 0
1786956063119 1892132 1762820 129312 0
1786956063150 1892132 1762820 129312 0
1786956063182 1892132 1762820 129312 0
1786956063215 1892132 1762820 129312 0
1786956063247 1892132 1762820 129312 0
1786956063279 1892132 1762820 129312 0
1786956063310 1892132 1762820 129312 0
1786956063342 1892132 1762820 129312 0
1786956063374 1892132 1762820 129312 0
1786956063405 1892132 1762820 129312 0
1786956063437 1892132 1762820 129312 0
1786956063469 1892132 1762820 129312 0
1786956063502 1892132 1762820 129312 0
1786956063535 1892132 1762820 129312 0
1786956063568 1892132 1762820 129312 0
1786956063600 1892132 1762820 129312 0
1786956063635 1892132 1762820 129312 0
1786956063668 1892132 1762820 129312 0
1786956063700 1892132 1762820 129312 0
1786956063732 1892132 1762820 129312 0
1786956063768 1892132 1762820 129312 0
1786956063801 1892132 1762820 129312 0
1786956063833 1892132 1762820 129312 0
1786956063865 1892132 1762820 129312 0
1786956063901 1892132 1762820 129312 0
1786956063934 1892132 1762820 129312 0
1786956063966 1892132 1762820 129312 0
1786956063997 1892132 1762820 129312 0
1786956064032 1892132 1762820 129312 0
1786956064064 1892132 1762820 129312 0
1786956064095 1892132 1762820 129312 0
1786956064127 1892132 1762820 129312 0
1786956064160 1892132 1762820 129312 0
1786956064193 1892132 1762820 129312 0
1786956064224 1892132 1762820 129312 0
1786956064256 1892132 1762820 129312 0
1786956064289 1892132 1762820 129312 0
1786956064321 1892132 1762820 129312 0
1786956064354 1892132 1762820 129312 0
1786956064387 1892132 1762820 129312 0
1786956064420 1892132 1762820 129312 0
1786956064452 1892132 1762820 129312 0
1786956064486 1892132 1762820 129312 0
1786956064519 1892132 1762820 129312 0
1786956064550 1892132 1762820 129312 0
1786956064581 1892132 1762820 129312 0
1786956064613 1892132 1762820 129312 0
1786956064645 1892132 1762820 129312 0
1786956064676 1892132 1762820 129312 0
1786956064709 1892132 1762820 129312 0
1786956064742 1892132 1762820 129312 0
1786956064774 1892132 1762820 129312 0
1786956064806 1892132 1762820 129312 0
1786956064838 1892132 1762820 129312 0
1786956064870 1892132 1762820 129312 0
1786956064902 1892132 1762820 129312 0
1786956064933 1892132 1762820 129312 0
1786956064965 1892136 1762824 129312 0
1786956064998 1892136 1762824 129312 0
1786956065030 1892136 1762824 129312 0
1786956065062 1892136 1762824 129312 0
1786956065097 1892136 1762824 129312 0
1786956065131 1892136 1762824 129312 0
1786956065163 1892136 1762824 129312 0
1786956065195 1892136 1762824 129312 0
1786956065229 1892136 1762824 129312 0
1786956065262 1892136 1762824 129312 0
1786956065297 1892136 1762824 129312 0
1786956065328 1892136 1762824 129312 0
1786956065360 1892136 1762824 129312 0
1786956065394 1892136 1762824 129312 0
1786956065426 1892136 1762824 129312 0
1786956065457 1892136 1762824 129312 0
1786956065489 1806268 1676956 129312 0
1786956065526 1879976 1750664 129312 0
1786956065559 1879976 1750664 129312 0
1786956065589 1879976 1750664 129312 0
1786956065621 1879976 1750664 129312 0
1786956065653 1879976 1750664 129312 0
1786956065685 1879976 1750664 129312 0
1786956065716 1879976 1750664 129312 0
1786956065748 1879976 1750664 129312 0
1786956065778 1879976 1750664 129312 0
1786956065813 1879976 1750664 129312 0
1786956065846 1879976 1750664 129312 0
1786956065879 1879976 1750664 129312 0
1786956065911 1879976 1750664 129312 0
1786956065943 1879976 1750664 129312 0
1786956065975 1879976 1750664 129312 0
1786956066007 1879980 1750668 129312 0
1786956066038 1879980 1750668 129312 0
1786956066070 1879980 1750668 129312 0
1786956066102 1879980 1750668 129312 0
1786956066134 1879980 1750668 129312 0
1786956066167 1879980 1750668 129312 0
1786956066200 1879980 1750668 129312 0
1786956066232 1879980 1750668 129312 0
1786956066263 1879980 1750668 129312 0
1786956066295 1879980 1750668 129312 0
1786956066326 1879984 1750672 129312 0
1786956066359 1879984 1750672 129312 0
1786956066391 1879992 1750680 129312 0
1786956066423 1879992 1750680 129312 0
1786956066456 1879992 1750680 129312 0
1786956066488 1879992 1750680 129312 0
1786956066520 1879996 1750684 129312 0
1786956066555 1879996 1750684 129312 0
1786956066588 1879996 1750684 129312 0
1786956066620 1879996 1750684 129312 0
1786956066651 1879996 1750684 129312 0
1786956066686 1879996 1750684 129312 0
1786956066719 1879996 1750684 129312 0
1786956066750 1879996 1750684 129312 0
1786956066782 1879996 1750684 129312 0
1786956066815 1879996 1750684 129312 0
1786956066847 1879996 1750684 129312 0
1786956066878 1879996 1750684 129312 0
1786956066910 1886016 1756704 129312 0
1786956066944 1886016 1756704 129312 0
1786956066976 1886016 1756704 129312 0
1786956067007 1886016 1756704 129312 0
1786956067038 1886016 1756704 129312 0
1786956067072 1886016 1756704 129312 0
1786956067104 1886016 1756704 129312 0
1786956067136 1886016 1756704 129312 0
1786956067168 1886020 1756708 129312 0
1786956067201 1886020 1756708 129312 0
1786956067233 1886020 1756708 129312 0
1786956067265 1886020 1756708 129312 0
1786956067297 1886020 1756708 129312 0
1786956067330 1886020 1756708 129312 0
1786956067363 1886020 1756708 129312 0
1786956067395 1886020 1756708 129312 0
1786956067428 1886020 1756708 129312 0
1786956067460 1886020 1756708 129312 0
1786956067493 1886020 1756708 129312 0
1786956067525 1886020 1756708 129312 0
1786956067557 1886020 1756708 129312 0
1786956067588 1886020 1756708 129312 0
1786956067620 1886020 1756708 129312 0
1786956067652 1886020 1756708 129312 0
1786956067684 1886020 1756708 129312 0
1786956067716 1886020 1756708 129312 0
1786956067748 1886020 1756708 129312 0
1786956067780 1886020 1756708 129312 0
1786956067812 1886020 1756708 129312 0
1786956067844 1886020 1756708 129312 0
1786956067876 1886020 1756708 129312 0
1786956067908 1886020 1756708 129312 0
1786956067940 1886020 1756708 129312 0
1786956067973 1886020 1756708 129312 0
1786956068005 1886020 1756708 129312 0
1786956068037 1886020 1756708 129312 0
1786956068069 1886020 1756708 129312 0
1786956068101 1886020 1756708 129312 0
1786956068134 1886020 1756708 129312 0
1786956068166 1886020 1756708 129312 0
1786956068198 1886020 1756708 129312 0
1786956068231 1886020 1756708 129312 0
1786956068263 1886020 1756708 129312 0
1786956068295 1886020 1756708 129312 0
1786956068327 1886020 1756708 129312 0
1786956068358 1886020 1756708 129312 0
1786956068390 1886020 1756708 129312 0
1786956068422 1886020 1756708 129312 0
1786956068454 1886020 1756708 129312 0
1786956068487 1886020 1756708 129312 0
1786956068520 1886020 1756708 129312 0
1786956068551 1886020 1756708 129312 0
1786956068583 1886024 1756712 129312 0
1786956068615 1886024 1756712 129312 0
1786956068647 1886036 1756724 129312 0
1786956068679 1886040 1756728 129312 0
1786956068710 1886040 1756728 129312 0
1786956068741 1886040 1756728 129312 0
1786956068773 1886040 1756728 129312 0
1786956068804 1886040 1756728 129312 0
1786956068835 1886040 1756728 129312 0
1786956068866 1886040 1756728 129312 0
1786956068897 1886040 1756728 129312 0
1786956068932 1886040 1756728 129312 0
1786956068963 1886040 1756728 129312 0
1786956068995 1886040 1756728 129312 0
1786956069026 1886040 1756728 129312 0
1786956069058 1886040 1756728 129312 0
1786956069089 1886040 1756728 129312 0
1786956069121 1886040 1756728 129312 0
1786956069153 1886040 1756728 129312 0
1786956069185 1886040 1756728 129312 0
1786956069217 1886040 1756728 129312 0
1786956069250 1886040 1756728 129312 0
1786956069282 1886040 1756728 129312 0
1786956069313 1886040 1756728 129312 0
1786956069346 1886040 1756728 129312 0
1786956069378 1886040 1756728 129312 0
1786956069410 1886040 1756728 129312 0
1786956069441 1886040 1756728 129312 0
1786956069472 1886040 1756728 129312 0
1786956069506 1886040 1756728 129312 0
1786956069537 1886040 1756728 129312 0
1786956069569 1886040 1756728 129312 0
1786956069601 1886040 1756728 129312 0
1786956069634 1886040 1756728 129312 0
1786956069665 1886040 1756728 129312 0
1786956069697 1886040 1756728 129312 0
1786956069730 1904472 1775160 129312 0
1786956069763 1904472 1775160 129312 0
1786956069795 1904472 1775160 129312 0
1786956069826 1904472 1775160 129312 0
1786956069859 1916760 1787448 129312 0
1786956069892 1916760 1787448 129312 0
1786956069925 1916760 1787448 129312 0
1786956069957 1916760 1787448 129312 0
1786956069991 1916760 1787448 129312 0
1786956070023 1849300 1719988 129312 0
1786956070055 1849300 1719988 129312 0
1786956070087 1849300 1719988 129312 0
1786956070120 1849300 1719988 129312 0
1786956070153 1849300 1719988 129312 0
1786956070185 1849300 1719988 129312 0
1786956070218 1849300 1719988 129312 0
1786956070249 1849300 1719988 129312 0
1786956070281 1082068 960860 121208 0
1786956070310 1886040 1756728 129312 0
1786956070345 1886040 1756728 129312 0
1786956070377 1886040 1756728 129312 0
1786956070409 1373044 1243732 129312 0
1786956070440 1922904 1793592 129312 0
1786956070474 1922904 1793592 129312 0
1786956070506 1922904 1793592 129312 0
1786956070538 1922904 1793592 129312 0
1786956070570 1922904 1793592 129312 0
1786956070603 1922904 1793592 129312 0
1786956070634 1922904 1793592 129312 0
1786956070667 1922904 1793592 129312 0
1786956070699 1935192 1805880 129312 0
1786956070733 1935192 1805880 129312 0
1786956070765 1935192 1805880 129312 0
1786956070797 1935192 1805880 129312 0
1786956070830 1935192 1805880 129312 0
1786956070863 1935192 1805880 129312 0
1786956070895 1935192 1805880 129312 0
1786956070928 1346240 1216928 129312 0
1786956070962 1867736 1738424 129312 0
1786956070995 1508160 1378852 129308 0
1786956071029 1867744 1738432 129312 0
1786956071062 1878864 1749552 129312 0
1786956071093 1893200 1763888 129312 0
1786956071125 1922904 1793592 129312 0
1786956071159 1922904 1793592 129312 0
1786956071190 1922904 1793592 129312 0
1786956071221 1946448 1817712 128736 0
1786956071255 1919908 1807568 112340 0
1786956071291 1861592 1732280 129312 0
1786956071324 1861592 1732280 129312 0
1786956071356 1861592 1732280 129312 0
1786956071389 1861592 1732280 129312 0
1786956071421 1861592 1732280 129312 0
1786956071453 1861592 1732280 129312 0
1786956071485 1861592 1732280 129312 0
1786956071516 1861592 1732280 129312 0
1786956071547 1879896 1750584 129312 0
1786956071580 1879896 1750584 129312 0
1786956071612 1879896 1750584 129312 0
1786956071644 1879896 1750584 129312 0
1786956071675 1879896 1750584 129312 0
1786956071707 1879896 1750584 129312 0
1786956071739 1879896 1750584 129312 0
1786956071771 1879900 1750588 129312 0
1786956071802 1879900 1750588 129312 0
1786956071834 1879900 1750588 129312 0
1786956071865 1879900 1750588 129312 0
1786956071896 1879900 1750588 129312 0
1786956071928 1879900 1750588 129312 0
1786956071959 1879900 1750588 129312 0
1786956071991 1879900 1750588 129312 0
1786956072023 1879900 1750588 129312 0
1786956072055 1879904 1750592 129312 0
1786956072087 1879904 1750592 129312 0
1786956072120 1879904 1750592 129312 0
1786956072151 1879904 1750592 129312 0
1786956072183 1879976 1750664 129312 0
1786956072215 1879976 1750664 129312 0
1786956072247 1879980 1750668 129312 0
1786956072280 1879980 1750668 129312 0
1786956072313 1879984 1750672 129312 0
1786956072347 1879988 1750676 129312 0
1786956072379 1879988 1750676 129312 0
1786956072411 1392292 1262980 129312 0
1786956072445 1895348 1766036 129312 0
1786956072479 1895348 1766036 129312 0
1786956072512 1895348 1766036 129312 0
1786956072544 1126788 997480 129308 0
1786956072576 1913780 1784468 129312 0
1786956072610 1913780 1784468 129312 0
1786956072643 1913780 1784468 129312 0
1786956072675 1913780 1784468 129312 0
1786956072711 1913780 1784468 129312 0
1786956072744 1913780 1784468 129312 0
1786956072776 1913780 1784468 129312 0
1786956072808 1918684 1792536 126148 0
1786956072843 1926068 1796756 129312 0
1786956072877 1926068 1796756 129312 0
1786956072909 1926068 1796756 129312 0
1786956072941 1926068 1796756 129312 0
1786956072975 1926068 1796756 129312 0
1786956073007 1926068 1796756 129312 0
1786956073039 1926068 1796756 129312 0
1786956073072 1944500 1815188 129312 0
1786956073105 1944500 1815188 129312 0
1786956073138 1944500 1815188 129312 0
1786956073170 1864756 1735444 129312 0
1786956073202 1864756 1735444 129312 0
1786956073234 1864756 1735444 129312 0
1786956073266 1864756 1735444 129312 0
1786956073299 1864756 1735444 129312 0
1786956073331 1864756 1735444 129312 0
1786956073363 1864756 1735444 129312 0
1786956073396 1864756 1735444 129312 0
1786956073428 1864756 1735444 129312 0
1786956073460 1864756 1735444 129312 0
1786956073493 1864756 1735444 129312 0
1786956073525 1864756 1735444 129312 0
1786956073557 1864756 1735444 129312 0
1786956073589 1864756 1735444 129312 0
1786956073621 1864756 1735444 129312 0
1786956073653 1864756 1735444 129312 0
1786956073685 1864756 1735444 129312 0
1786956073717 1864756 1735444 129312 0
1786956073749 1864756 1735444 129312 0
1786956073781 1864756 1735444 129312 0
1786956073813 1864756 1735444 129312 0
1786956073846 1864756 1735444 129312 0
1786956073878 1864756 1735444 129312 0
1786956073910 1864756 1735444 129312 0
1786956073942 1864756 1735444 129312 0
1786956073974 1864756 1735444 129312 0
1786956074006 1864756 1735444 129312 0
1786956074038 1864756 1735444 129312 0
1786956074070 1864756 1735444 129312 0
1786956074102 1864756 1735444 129312 0
1786956074135 1864756 1735444 129312 0
1786956074167 1864756 1735444 129312 0
1786956074199 1864756 1735444 129312 0
1786956074231 1864756 1735444 129312 0
1786956074263 1864756 1735444 129312 0
1786956074295 1864756 1735444 129312 0
1786956074327 1864756 1735444 129312 0
1786956074359 1864756 1735444 129312 0
1786956074391 1864764 1735452 129312 0
1786956074422 1864764 1735452 129312 0
1786956074455 1864764 1735452 129312 0
1786956074486 1864764 1735452 129312 0
1786956074517 1864764 1735452 129312 0
1786956074548 1864764 1735452 129312 0
1786956074579 1872820 1743508 129312 0
1786956074610 1883068 1753756 129312 0
1786956074642 1919932 1790620 129312 0
1786956074675 1919932 1790620 129312 0
1786956074706 1919932 1790620 129312 0
1786956074738 1919932 1790620 129312 0
1786956074769 1919932 1790620 129312 0
1786956074802 1919932 1790620 129312 0
1786956074833 1919932 1790620 129312 0
1786956074866 1919932 1790620 129312 0
1786956074899 1919932 1790620 129312 0
1786956074932 1919932 1790620 129312 0
1786956074967 1919932 1790620 129312 0
1786956074999 1919932 1790620 129312 0
1786956075032 1919932 1790620 129312 0
1786956075064 1919932 1790620 129312 0
1786956075099 1919932 1790620 129312 0
1786956075132 1919932 1790620 129312 0
1786956075164 1919932 1790620 129312 0
1786956075198 1923008 1793696 129312 0
1786956075232 1923008 1793696 129312 0
1786956075266 1923008 1793696 129312 0
1786956075299 1923008 1793696 129312 0
1786956075335 1923008 1793696 129312 0
1786956075368 1923008 1793696 129312 0
1786956075400 1923008 1793696 129312 0
1786956075431 1923008 1793696 129312 0
1786956075467 1923008 1793696 129312 0
1786956075500 1923008 1793696 129312 0
1786956075533 1923008 1793696 129312 0
1786956075564 1942584 1817256 125328 0
1786956075600 1953728 1824416 129312 0
1786956075631 1953728 1824416 129312 0
1786956075662 1953728 1824416 129312 0
1786956075692 1953728 1824416 129312 0
1786956075723 1953728 1824416 129312 0
1786956075754 1953728 1824416 129312 0
1786956075785 1240464 1111156 129308 0
1786956075815 1858624 1729312 129312 0
1786956075847 1858624 1729312 129312 0
1786956075880 1858624 1729312 129312 0
1786956075913 1858624 1729312 129312 0
1786956075945 1830520 1705092 125428 0
1786956075976 1883072 1753760 129312 0
1786956076008 1089936 960628 129308 0
1786956076041 1919936 1790624 129312 0
1786956076075 1919936 1790624 129312 0
1786956076108 1919936 1790624 129312 0
1786956076140 1120656 991348 129308 0
1786956076171 1950656 1821344 129312 0
1786956076205 1950656 1821344 129312 0
1786956076238 1950656 1821344 129312 0
1786956076270 1950656 1821344 129312 0
1786956076305 1950656 1821344 129312 0
1786956076338 1950656 1821344 129312 0
1786956076370 1950656 1821344 129312 0
1786956076402 1950656 1821344 129312 0
1786956076435 1950656 1821344 129312 0
1786956076468 1950656 1821344 129312 0
1786956076501 1950656 1821344 129312 0
1786956076533 1956800 1827488 129312 0
1786956076567 1956800 1827488 129312 0
1786956076599 1956800 1827488 129312 0
1786956076630 1956800 1827488 129312 0
1786956076663 1956800 1827488 129312 0
1786956076697 1858624 1729312 129312 0
1786956076730 1872824 1743512 129312 0
1786956076762 1142160 1012852 129308 0
1786956076790 1897400 1768088 129312 0
1786956076820 1102224 972916 129308 0
1786956076849 1944504 1815192 129312 0
1786956076882 1346280 1216968 129312 0
1786956076912 1971128 1841816 129312 0
1786956076943 2001820 1876640 125180 0
1786956076976 2030528 1901216 129312 0
1786956077010 2030528 1901216 129312 0
1786956077042 1331088 1201780 129308 0
1786956077073 1956928 1827616 129312 0
1786956077105 1956928 1827616 129312 0
1786956077136 1956928 1827616 129312 0
1786956077170 1956928 1827616 129312 0
1786956077203 1956928 1827616 129312 0
1786956077234 1956928 1827616 129312 0
1786956077266 1956928 1827616 129312 0
1786956077298 1956928 1827616 129312 0
1786956077329 1956928 1827616 129312 0
1786956077361 1956928 1827616 129312 0
1786956077395 1956928 1827616 129312 0
1786956077427 1876992 1747724 129268 0
1786956077461 1877060 1747748 129312 0
1786956077494 1877064 1747752 129312 0
1786956077525 1877064 1747752 129312 0
1786956077558 1877072 1747760 129312 0
1786956077591 1877240 1747928 129312 0
1786956077622 1877360 1748048 129312 0
1786956077653 1709336 1579848 129488 0
1786956077683 1709336 1579848 129488 0
1786956077714 1709336 1579848 129488 0
1786956077744 1709336 1579848 129488 0
1786956077775 1709336 1579848 129488 0
1786956077805 1709336 1579848 129488 0
1786956077834 1709340 1579852 129488 0
1786956077863 1709340 1579852 129488 0
1786956077895 1709340 1579852 129488 0
1786956077928 1536608 1407120 129488 0
1786956077960 1536608 1407120 129488 0
1786956077991 1536608 1407120 129488 0
1786956078024 1536608 1407120 129488 0
1786956078056 1536608 1407120 129488 0
1786956078088 1536612 1407124 129488 0
1786956078119 1536612 1407124 129488 0
1786956078153 1536612 1407124 129488 0
1786956078185 1536612 1407124 129488 0
1786956078215 1187484 1139516 47968 0
1786956078245 971512 841572 129940 0
1786956078274 972048 841572 130476 0
1786956078302 972156 841572 130584 0
1786956078331 972156 841572 130584 0
1786956078360 972336 841572 130764 0
1786956078388 972456 841572 130884 0
