# timestamp_ms VmRSS_kB VmPeak_kB VmHWM_kB
1790741575188 19388 50720 19388
1790741575268 23300 50720 23300
1790741575338 26068 50852 26068
1790741575410 45124 2700064 45120
1790741575485 46780 2831136 46780
1790741575557 46780 2831136 46780
1790741575579 46780 2831136 46780
1790741575600 46780 2831136 46780
1790741575622 46780 2831136 46780
1790741575644 46780 2831136 46780
1790741575666 46780 2831136 46780
1790741575688 46780 2831136 46780
1790741575710 46780 2831136 46780
1790741575732 46780 2831136 46780
1790741575753 46780 2831136 46780
1790741575774 46780 2831136 46780
1790741575795 46780 2831136 46780
1790741575816 46780 2831136 46780
1790741575838 46780 2831136 46780
1790741575860 46780 2831136 46780
1790741575883 46780 2831136 46780
1790741575904 46780 2831136 46780
1790741575925 46780 2831136 46780
1790741575947 46780 2831136 46780
1790741575968 46780 2831136 46780
1790741575989 46780 2831136 46780
1790741576010 46780 2831136 46780
1790741576031 46780 2831136 46780
1790741576053 46780 2831136 46780
1790741576075 46780 2831136 46780
1790741576097 46780 2831136 46780
1790741576118 46780 2831136 46780
1790741576139 46780 2831136 46780
1790741576162 46780 2831136 46780
1790741576184 46780 2831136 46780
1790741576205 46780 2831136 46780
1790741576226 46780 2831136 46780
1790741576247 46780 2831136 46780
1790741576269 46780 2831136 46780
1790741576290 46780 2831136 46780
1790741576312 46780 2831136 46780
1790741576333 46780 2831136 46780
1790741576354 46780 2831136 46780
1790741576375 46780 2831136 46780
1790741576396 46780 2831136 46780
1790741576416 46816 2831136 46816
1790741576485 46856 2831136 46856
1790741576529 48132 2831136 48132
1790741576607 48132 2831136 48132
1790741576628 48132 2831136 48132
1790741576650 48132 2831136 48132
1790741576672 48132 2831136 48132
1790741576694 48132 2831136 48132
1790741576716 48132 2831136 48132
1790741576737 48132 2831136 48132
1790741576759 48132 2831136 48132
1790741576781 48132 2831136 48132
1790741576802 48132 2831136 48132
1790741576824 48132 2831136 48132
1790741576845 48132 2831136 48132
1790741576868 48132 2831136 48132
1790741576890 48132 2831136 48132
1790741576911 48132 2831136 48132
1790741576933 48132 2831136 48132
1790741576954 48132 2831136 48132
1790741576975 48132 2831136 48132
1790741576997 48132 2831136 48132
1790741577018 48132 2831136 48132
1790741577039 48132 2831136 48132
1790741577061 48132 2831136 48132
1790741577081 48132 2831136 48132
1790741577103 48132 2831136 48132
1790741577125 48132 2831136 48132
1790741577146 48132 2831136 48132
1790741577167 48132 2831136 48132
1790741577188 48132 2831136 48132
1790741577209 48132 2831136 48132
1790741577231 48132 2831136 48132
1790741577252 48132 2831136 48132
1790741577273 48132 2831136 48132
1790741577295 48132 2831136 48132
1790741577316 48132 2831136 48132
1790741577338 48204 2831136 48204
1790741577405 48736 2831136 48736
1790741577472 57364 3012024 57364
1790741577550 66856 3882032 109808
1790741577630 122312 3885720 122312
1790741577708 177816 3922576 177816
1790741577789 177816 3922576 177816
1790741577811 177816 3922576 177816
1790741577832 177816 3922576 177816
1790741577853 177816 3922576 177816
1790741577874 177816 3922576 177816
1790741577895 177816 3922576 177816
1790741577916 177816 3922576 177816
1790741577936 177816 3922576 177816
1790741577957 177816 3922576 177816
1790741577977 177816 3922576 177816
1790741577998 177816 3922576 177816
1790741578018 177816 3922576 177816
1790741578039 177816 3922576 177816
1790741578059 177816 3922576 177816
1790741578080 177816 3922576 177816
1790741578100 177816 3922576 177816
1790741578121 177816 3922576 177816
1790741578141 177816 3922576 177816
1790741578162 177816 3922576 177816
1790741578182 177840 3922576 177840
1790741578228 177840 3922576 177840
1790741578249 177840 3922576 177840
1790741578270 177840 3922576 177840
1790741578290 177840 3922576 177840
1790741578311 177840 3922576 177840
1790741578332 177840 3922576 177840
1790741578355 177840 3922576 177840
1790741578377 177840 3922576 177840
1790741578398 177840 3922576 177840
1790741578419 177868 3922576 177868
1790741578487 177880 3922576 177880
1790741578532 177880 3922576 177880
1790741578552 177896 3922576 177896
1790741578597 177916 3922576 177916
1790741578645 178164 4087448 178164
1790741578696 183332 4153240 183332
1790741578782 190844 4359232 190844
1790741578867 200844 4367456 200844
1790741578951 200928 4371568 200928
1790741579002 200928 4371568 200928
1790741579023 200928 4371568 200928
1790741579044 200928 4371568 200928
1790741579065 200928 4371568 200928
1790741579086 200928 4371568 200928
1790741579107 200928 4371568 200928
1790741579128 200928 4371568 200928
1790741579149 200928 4371568 200928
1790741579170 200928 4371568 200928
1790741579192 200928 4371568 200928
1790741579214 200940 4371568 200940
1790741579264 200948 4371568 200948
1790741579314 201280 4371568 201280
1790741579365 202464 4371568 202464
1790741579438 202504 4371568 202504
1790741579488 220252 4572280 220020
1790741579587 271408 4572280 271388
1790741579698 279492 4687036 0
1790741579791 281612 4850880 281612
1790741579846 289948 5016780 289948
1790741579938 294060 5016780 294060
1790741580021 298192 5016780 298192
1790741580112 306424 5180624 306424
1790741580202 308504 5345496 308504
1790741580259 312832 5356804 312832
1790741580352 319060 5520648 319060
1790741580437 323228 5687576 323228
1790741580532 329472 5688604 329472
1790741580615 333656 5853476 333656
1790741580709 339840 6017320 339840
1790741580792 346024 6017320 346024
1790741580884 348080 6181164 348080
1790741580940 354352 6189388 354352
1790741581035 356412 6354260 356412
1790741581090 362696 6365568 362696
1790741581187 368924 6531468 368924
1790741581275 373044 6697368 373044
1790741581374 379240 6697368 379240
1790741581463 381320 6861212 381320
1790741581529 390884 6862496 390884
1790741581624 390888 7026340 390888
1790741581683 399168 7028396 399168
1790741581780 405380 7194288 405380
1790741581869 409484 7359160 409484
1790741581965 413652 7359160 413652
1790741582055 417752 7359160 417752
1790741582122 423972 7525052 423972
1790741582215 428080 7688896 428080
1790741582283 436360 7688896 436360
1790741582372 438228 7854788 438204
1790741582440 446728 7854788 446728
1790741582528 446748 8018632 446748
1790741582586 455088 8018632 455088
1790741582688 463420 8184524 463420
1790741582783 465480 8348368 465480
1790741582848 469672 8348368 469672
1790741582941 475316 8513748 475316
1790741583046 484892 8678876 484892
1790741583147 489088 8678876 489088
1790741583204 493188 8678876 493188
1790741583293 503536 8845412 503536
1790741583396 503576 9009256 503576
1790741583455 509804 9009256 509804
1790741583545 513396 9173992 513396
1790741583603 520164 9175148 520164
1790741583705 524384 9338992 524384
1790741583763 530536 9338992 530536
1790741583852 532068 9503728 532068
1790741583922 540936 9504884 540936
1790741584029 769120 10490684 769120
1790741584185 778676 11035524 778676
1790741584428 809344 13422540 809344
1790741585119 867140 18283952 867140
1790741585739 3357880 18283952 3357880
1790741586312 3357880 18283952 3357880
1790741586364 3357880 18283952 3357880
1790741586414 3357880 18283952 3357880
1790741586464 3357880 18283952 3357880
1790741586514 3357880 18283952 3357880
1790741586561 3357880 18283952 3357880
1790741586605 3357880 18283952 3357880
1790741586648 3357896 18283952 3357896
1790741586961 3357896 18283952 3357896
1790741587009 3357896 18283952 3357896
1790741587059 3357940 18283952 3357940
1790741587378 3358488 18283952 3358488
1790741587668 3358488 18283952 3358488
1790741587711 3358488 18283952 3358488
1790741587756 3358488 18283952 3358488
1790741587799 3358488 18283952 3358488
1790741587840 3358488 18283952 3358488
1790741587884 3358488 18283952 3358488
1790741587926 3358488 18283952 3358488
1790741587966 3358488 18283952 3358488
1790741588006 3358488 18283952 3358488
1790741588049 3380780 18283952 3380780
1790741588349 3481132 18283952 3481132
1790741588838 3520056 18283952 3520056
1790741589253 3546516 18283952 3546448
1790741589566 3570176 18283952 3570176
1790741590054 3591024 18303424 3591024
1790741590356 3673796 18355132 3673796
1790741590907 4015424 18367420 4015424
1790741591473 4155024 18367420 4155024
1790741592061 4347664 18367420 4347664
1790741592713 4491868 18367420 4491868
1790741593365 4636188 18957244 4636188
1790741593984 4777160 19350460 4777160
1790741594631 4544336 19481532 4819492
1790741594686 4544336 19481532 4819492
1790741594739 4544336 19481532 4819492
1790741594793 4544336 19481532 4819492
1790741594848 4488320 19481532 4819492
1790741594907 4448084 19481532 4819492
1790741594963 4448084 19481532 4819492
1790741595017 4448096 19481532 4819492
1790741595075 4570108 19481532 4819492
1790741595137 4668416 19481532 4819492
1790741595193 4668416 19481532 4819492
1790741595248 4723712 19481532 4819492
1790741595310 4920324 19481532 4920324
1790741595861 4926480 19481532 4926480
1790741596193 4926416 19481532 4926416
1790741596252 4926420 19481532 4926420
1790741596310 4926416 19481532 4926416
1790741596370 4926416 19481532 4926416
1790741596429 4926416 19481532 4926416
1790741596485 4932604 19481532 4932604
1790741596850 5570168 19481532 5570168
1790741597408 5570172 19481532 5570172
1790741597747 5570076 19481532 5570076
1790741597800 5570076 19481532 5570076
1790741597855 5509684 19481532 5564624
1790741597914 5509660 19481532 5564624
1790741597970 5509660 19481532 5564624
1790741598032 5466676 19481532 5564624
1790741598089 5466720 19481532 5564624
1790741598142 5466720 19481532 5564624
1790741598195 5466720 19481532 5564624
1790741598249 5466744 19481532 5564624
1790741598308 5466744 19481532 5564624
1790741598371 5470660 19481532 5564624
1790741598426 5470660 19481532 5564624
1790741598488 5471044 19481532 5564624
1790741598547 5473524 19481532 5564624
1790741598604 5473548 19481532 5564624
1790741598660 5473524 19481532 5564624
1790741598715 5473528 19481532 5564624
1790741598771 5473528 19481532 5564624
1790741598829 5473528 19481532 5564624
1790741598883 5473528 19481532 5564624
1790741598938 5473528 19481532 5564624
1790741598990 5473556 19481532 5564624
1790741599048 5473528 19481532 5564624
1790741599104 5473968 19481532 5564624
1790741599165 5473972 19481532 5564624
1790741599222 5473972 19481532 5564624
1790741599279 5416296 19481532 5564624
1790741599337 5416296 19481532 5564624
1790741599391 5365340 19481532 5564624
1790741599452 5366364 19481532 5564624
1790741599508 5366364 19481532 5564624
1790741599566 5366364 19481532 5564624
1790741599621 5366364 19481532 5564624
1790741599676 5366380 19481532 5564624
1790741599732 5366364 19481532 5564624
1790741599783 5366364 19481532 5564624
1790741599840 5366364 19481532 5564624
1790741599898 5366368 19481532 5564624
1790741599955 5366368 19481532 5564624
1790741600010 5366368 19481532 5564624
1790741600065 5366424 19481532 5564624
1790741600123 5366368 19481532 5564624
1790741600183 5366444 19481532 5564624
1790741600238 5366444 19481532 5564624
1790741600289 5366444 19481532 5564624
1790741600343 5366444 19481532 5564624
1790741600398 5366444 19481532 5564624
1790741600454 5366508 19481532 5564624
1790741600514 5366556 19481532 5564624
1790741600570 5366668 19481532 5564624
1790741600629 5367012 19481532 5564624
1790741600682 5367012 19481532 5564624
1790741600733 5367192 19481532 5564624
1790741600789 5367192 19481532 5564624
1790741600845 5367196 19481532 5564624
1790741600900 5367192 19481532 5564624
1790741600957 5367192 19481532 5564624
1790741601012 5367192 19481532 5564624
1790741601064 5367192 19481532 5564624
1790741601119 5367248 19481532 5564624
1790741601177 5367192 19481532 5564624
1790741601235 5367384 19481532 5564624
1790741601291 5367384 19481532 5564624
1790741601345 5367388 19481532 5564624
1790741601400 5367388 19481532 5564624
1790741601458 5367456 19481532 5564624
1790741601513 5367456 19481532 5564624
1790741601574 5367456 19481532 5564624
1790741601633 5367680 19481532 5564624
1790741601693 5370328 19481532 5564624
1790741601748 5370328 19481532 5564624
1790741601803 5370328 19481532 5564624
1790741601855 5370328 19481532 5564624
1790741601908 5370332 19481532 5564624
1790741601965 5370328 19481532 5564624
1790741602019 5370328 19481532 5564624
1790741602073 5370328 19481532 5564624
1790741602129 5370328 19481532 5564624
1790741602185 5370384 19481532 5564624
1790741602241 5370332 19481532 5564624
1790741602298 5370336 19481532 5564624
1790741602351 5370336 19481532 5564624
1790741602402 5370336 19481532 5564624
1790741602455 5370336 19481532 5564624
1790741602510 5370336 19481532 5564624
1790741602565 5370336 19481532 5564624
1790741602626 5370336 19481532 5564624
1790741602683 5370336 19481532 5564624
1790741602740 5370336 19481532 5564624
1790741602796 5370336 19481532 5564624
1790741602848 5370364 19481532 5564624
1790741602900 5370340 19481532 5564624
1790741602952 5370340 19481532 5564624
1790741603005 5370348 19481532 5564624
1790741603058 5370348 19481532 5564624
1790741603114 5370348 19481532 5564624
1790741603171 5370348 19481532 5564624
1790741603223 5370376 19481532 5564624
1790741603280 5370352 19481532 5564624
1790741603335 5370476 19481532 5564624
1790741603389 5370476 19481532 5564624
1790741603443 5370476 19481532 5564624
1790741603497 5370476 19481532 5564624
1790741603554 5370680 19481532 5564624
1790741603612 5370684 19481532 5564624
1790741603671 5371068 19481532 5564624
1790741603728 5371068 19481532 5564624
1790741603784 5371296 19481532 5564624
1790741603842 5371296 19481532 5564624
1790741603897 5371308 19481532 5564624
1790741603951 5371308 19481532 5564624
1790741604004 5371312 19481532 5564624
1790741604062 5371308 19481532 5564624
1790741604119 5371308 19481532 5564624
1790741604177 5371308 19481532 5564624
1790741604227 5371308 19481532 5564624
1790741604284 5371316 19481532 5564624
1790741604342 5371508 19481532 5564624
1790741604401 5371512 19481532 5564624
1790741604457 5371512 19481532 5564624
1790741604512 5371512 19481532 5564624
1790741604567 5371512 19481532 5564624
1790741604624 5371512 19481532 5564624
1790741604683 5371512 19481532 5564624
1790741604736 5371512 19481532 5564624
1790741604794 5371512 19481532 5564624
1790741604849 5371512 19481532 5564624
1790741604905 5371524 19481532 5564624
1790741604963 5371512 19481532 5564624
1790741605018 5371512 19481532 5564624
1790741605071 5371520 19481532 5564624
1790741605125 5371512 19481532 5564624
1790741605179 5371512 19481532 5564624
1790741605233 5371512 19481532 5564624
1790741605285 5371512 19481532 5564624
1790741605342 5371516 19481532 5564624
1790741605400 5371564 19481532 5564624
1790741605459 5371564 19481532 5564624
1790741605513 5371564 19481532 5564624
1790741605566 5371564 19481532 5564624
1790741605619 5371580 19481532 5564624
1790741605672 5371580 19481532 5564624
1790741605731 5372348 19481532 5564624
1790741605783 5372348 19481532 5564624
1790741605848 5372732 19481532 5564624
1790741605905 5372732 19481532 5564624
1790741605956 5372744 19481532 5564624
1790741606010 5372732 19481532 5564624
1790741606061 5372732 19481532 5564624
1790741606113 5372740 19481532 5564624
1790741606167 5372740 19481532 5564624
1790741606220 5372740 19481532 5564624
1790741606273 5372740 19481532 5564624
1790741606324 5372740 19481532 5564624
1790741606378 5372796 19481532 5564624
1790741606434 5372744 19481532 5564624
1790741606489 5372748 19481532 5564624
1790741606547 5372748 19481532 5564624
1790741606600 5372748 19481532 5564624
1790741606655 5372748 19481532 5564624
1790741606712 5372748 19481532 5564624
1790741606770 5372748 19481532 5564624
1790741606830 5373132 19481532 5564624
1790741606886 5373132 19481532 5564624
1790741606944 5373132 19481532 5564624
1790741606998 5373132 19481532 5564624
1790741607054 5373156 19481532 5564624
1790741607110 5373132 19481532 5564624
1790741607163 5373132 19481532 5564624
1790741607215 5373132 19481532 5564624
1790741607268 5373132 19481532 5564624
1790741607326 5373132 19481532 5564624
1790741607380 5373132 19481532 5564624
1790741607434 5373160 19481532 5564624
1790741607492 5373132 19481532 5564624
1790741607551 5373132 19481532 0
1790741607605 5373132 19481532 5564624
1790741607657 5373132 19481532 5564624
1790741607714 5373136 19481532 5564624
1790741607772 5373140 19481532 5564624
1790741607828 5373140 19481532 5564624
1790741607882 5373140 19481532 5564624
1790741607937 5373140 19481532 5564624
1790741607992 5373140 19481532 5564624
1790741608043 5373140 19481532 5564624
1790741608094 5373140 19481532 5564624
1790741608146 5373140 19481532 5564624
1790741608198 5373140 19481532 5564624
1790741608254 5373140 19481532 5564624
1790741608312 5373140 19481532 5564624
1790741608371 5373160 19481532 5564624
1790741608427 5373160 19481532 5564624
1790741608488 5373160 19481532 5564624
1790741608545 5373160 19481532 5564624
1790741608597 5373172 19481532 5564624
1790741608655 5373160 19481532 5564624
1790741608709 5373160 19481532 5564624
1790741608762 5373168 19481532 5564624
1790741608819 5373160 19481532 5564624
1790741608874 5373160 19481532 5564624
1790741608931 5373160 19481532 5564624
1790741608982 5373188 19481532 5564624
1790741609038 5373160 19481532 5564624
1790741609094 5373160 19481532 5564624
1790741609149 5373160 19481532 5564624
1790741609205 5373164 19481532 5564624
1790741609258 5373164 19481532 5564624
1790741609313 5373164 19481532 5564624
1790741609368 5373164 19481532 5564624
1790741609430 5373380 19481532 5564624
1790741609485 5373380 19481532 5564624
1790741609546 5373720 19481532 5564624
1790741609602 5373720 19481532 5564624
1790741609658 5373744 19481532 5564624
1790741609713 5373720 19481532 5564624
1790741609765 5373720 19481532 5564624
1790741609820 5373720 19481532 5564624
1790741609877 5373720 19481532 5564624
1790741609930 5373720 19481532 5564624
1790741609985 5373724 19481532 5564624
1790741610041 5373780 19481532 5564624
1790741610101 5373776 19481532 5564624
1790741610159 5373776 19481532 5564624
1790741610214 5373776 19481532 5564624
1790741610270 5373780 19481532 5564624
1790741610321 5373780 19481532 5564624
1790741610380 5373780 19481532 5564624
1790741610441 5373780 19481532 5564624
1790741610497 5373780 19481532 5564624
1790741610556 5405328 19481532 5564624
1790741610619 5415700 19481532 5564624
1790741610682 5438008 19481532 5564624
1790741610743 5438008 19481532 5564624
1790741610808 5466616 19481532 5564624
1790741610866 5466616 19481532 5564624
1790741610928 5493692 19481532 5564624
1790741610991 5493692 19481532 5564624
1790741611055 5519996 19481532 5564624
1790741611119 5523644 19481532 5564624
1790741611184 5551292 19481532 5564624
1790741611245 5551292 19481532 5564624
1790741611306 5551344 19481532 5564624
1790741611365 5551344 19481532 5564624
1790741611422 5551344 19481532 5564624
1790741611476 5551344 19481532 5564624
1790741611533 5551344 19481532 5564624
1790741611586 5551344 19481532 5564624
1790741611637 5551344 19481532 5564624
1790741611689 5551344 19481532 5564624
1790741611740 5551344 19481532 5564624
1790741611792 5551344 19481532 5564624
1790741611843 5551344 19481532 5564624
1790741611895 5551344 19481532 5564624
1790741611946 5551344 19481532 5564624
1790741611998 5551344 19481532 5564624
1790741612049 5551344 19481532 5564624
1790741612100 5551344 19481532 5564624
1790741612151 5551344 19481532 5564624
1790741612202 5551344 19481532 5564624
1790741612253 5551344 19481532 5564624
1790741612305 5551344 19481532 5564624
1790741612356 5551344 19481532 5564624
1790741612407 5551344 19481532 5564624
1790741612465 5551564 19481532 5564624
1790741612526 5551568 19481532 5564624
1790741612580 5551568 19481532 5564624
1790741612632 5551568 19481532 5564624
1790741612684 5551568 19481532 5564624
1790741612735 5551568 19481532 5564624
1790741612795 5551568 19481532 5564624
1790741612852 5551568 19481532 5564624
1790741612904 5551568 19481532 5564624
1790741612955 5551568 19481532 5564624
1790741613006 5551568 19481532 5564624
1790741613058 5551568 19481532 5564624
1790741613109 5551568 19481532 5564624
1790741613160 5551568 19481532 5564624
1790741613210 5551568 19481532 5564624
1790741613266 5551568 19481532 5564624
1790741613326 5553216 19481532 5564624
1790741613388 5553404 19481532 5564624
1790741613449 5424760 19481532 5564624
1790741613508 5424760 19481532 5564624
1790741613561 5424760 19481532 5564624
1790741613615 5424760 19481532 5564624
1790741613668 5424760 19481532 5564624
1790741613726 5436204 19481532 5564624
1790741613785 5455104 19481532 5564624
1790741613841 5457604 19481532 5564624
1790741613899 5463748 19481532 5564624
1790741613961 5465668 19481532 5564624
1790741614023 5468740 19481532 5564624
1790741614088 5476036 19481532 5564624
1790741614150 5476036 19481532 5564624
1790741614214 5480964 19481532 5564624
1790741614276 5488648 19481532 5564624
1790741614334 5496644 19481532 5564624
1790741614392 5516008 19481532 5564624
1790741614451 5522764 19481532 5564624
1790741614510 5537668 19481532 5564624
1790741614570 5548000 19481532 5564624
1790741614629 5582080 19481532 5582044
1790741615139 5680244 19481532 5680244
1790741615635 5748228 19481532 5748228
1790741616254 5819700 19481532 5819700
1790741616818 5979276 19481532 5979276
1790741617469 6070308 19487688 6070308
1790741618041 6208968 19487688 6208968
1790741618735 6172220 19487688 6294756
1790741618802 6025056 19487688 6294756
1790741618866 6025056 19487688 6294756
1790741618921 6025056 19487688 6294756
1790741618975 6025056 19487688 6294756
1790741619031 6025056 19487688 6294756
1790741619085 5905004 19487688 6294756
1790741619149 5905004 19487688 6294756
1790741619213 5905004 19487688 6294756
1790741619272 5905004 19487688 6294756
1790741619327 5905004 19487688 6294756
1790741619390 5963564 19487688 6294756
1790741619448 5965592 19487688 6294756
1790741619505 5965592 19487688 6294756
1790741619559 5965592 19487688 6294756
1790741619615 5965592 19487688 6294756
1790741619670 5965592 19487688 6294756
1790741619726 5973148 19487688 6294756
1790741619777 5984304 19487688 6294756
1790741619851 6276832 19487688 6294756
1790741620358 7280296 19487688 7280296
1790741620955 7280268 19487688 7280268
1790741621010 7280268 19487688 7280268
1790741621067 7280268 19487688 7280268
1790741621130 7280268 19487688 7280268
1790741621191 7280268 19487688 7280268
1790741621250 7280268 19487688 7280268
1790741621309 7280268 19487688 7280268
1790741621369 7280268 19487688 7280268
1790741621428 7280268 19487688 7280268
1790741621486 7280268 19487688 7280268
1790741621545 7280268 19487688 7280268
1790741621626 7280140 19487688 7280140
1790741621693 7280088 19487688 7280088
1790741621762 6990924 19487688 7274088
1790741621827 6995140 19487688 7274088
1790741621890 6917140 19487688 7274088
1790741621950 6917752 19487688 7274088
1790741622009 6919048 19487688 7274088
1790741622069 6922560 19487688 7274088
1790741622128 6922604 19487688 7274088
1790741622191 6922680 19487688 7274088
1790741622253 6922684 19487688 7274088
1790741622316 6922944 19487688 7274088
1790741622376 6929760 19487688 7274088
1790741622443 6959420 19487688 7274088
1790741622509 6961340 19487688 7274088
1790741622575 6964028 19487688 7274088
1790741622641 6967288 19487688 7274088
1790741622701 6969400 19487688 7274088
1790741622761 6969976 19487688 7274088
1790741622820 6972280 19487688 7274088
1790741622881 6975160 19487688 7274088
1790741622941 6975928 19487688 7274088
1790741623010 6981452 19487688 7274088
1790741623076 6984572 19487688 7274088
1790741623143 6987068 19487688 7274088
1790741623211 6991612 19487688 7274088
1790741623276 6996028 19487688 7274088
1790741623342 7001852 19487688 7274088
1790741623408 7006076 19487688 7274088
1790741623474 7011068 19487688 7274088
1790741623534 7016252 19487688 7274088
1790741623594 7016828 19487688 7274088
1790741623661 7021436 19487688 7274088
1790741623729 7026428 19487688 7274088
1790741623797 7030652 19487688 7274088
1790741623865 7036028 19487688 7274088
1790741623932 7040636 19487688 7274088
1790741623995 7043516 19487688 7274088
1790741624056 7049276 19487688 7274088
1790741624117 7051580 19487688 7274088
1790741624180 7057728 19487688 7274088
1790741624241 7063488 19487688 7274088
1790741624302 7069448 19487688 7274088
1790741624362 7072904 19487688 7274088
1790741624428 7075208 19487688 7274088
1790741624491 7075208 19487688 7274088
1790741624553 7075208 19487688 7274088
1790741624612 7075208 19487688 7274088
1790741624671 7043416 19487688 7274088
1790741624732 7063904 19487688 7274088
1790741624797 7130872 19487688 7274088
1790741624853 7130872 19487688 7274088
1790741624914 7130872 19487688 7274088
1790741624974 7130872 19487688 7274088
1790741625034 7130872 19487688 7274088
1790741625093 7130872 19487688 7274088
1790741625152 7130872 19487688 7274088
1790741625210 7130872 19487688 7274088
1790741625268 7130872 19487688 7274088
1790741625326 7130872 19487688 7274088
1790741625384 7130872 19487688 7274088
1790741625442 7130872 19487688 7274088
1790741625502 7130872 19487688 7274088
1790741625556 7130872 19487688 7274088
1790741625614 7130872 19487688 7274088
1790741625672 7130872 19487688 7274088
1790741625730 7130872 19487688 7274088
1790741625795 7130872 19487688 7274088
1790741625857 7130872 19487688 7274088
1790741625916 7130872 19487688 7274088
1790741625974 7130872 19487688 7274088
1790741626034 7130872 19487688 7274088
1790741626086 7130872 19487688 7274088
1790741626139 7130872 19487688 7274088
1790741626192 7130872 19487688 7274088
1790741626252 7130872 19487688 7274088
1790741626311 7130872 19487688 7274088
1790741626371 7130872 19487688 7274088
1790741626431 7130872 19487688 7274088
1790741626490 7130872 19487688 7274088
1790741626551 7130872 19487688 7274088
1790741626613 7130872 19487688 7274088
1790741626678 7131168 19487688 7274088
1790741626744 7131168 19487688 7274088
1790741626806 7131168 19487688 7274088
1790741626865 7131168 19487688 7274088
1790741626924 7131168 19487688 7274088
1790741626983 7131168 19487688 7274088
1790741627049 7131168 19487688 7274088
1790741627109 7131168 19487688 7274088
1790741627177 7131168 19487688 7274088
1790741627245 7131168 19487688 7274088
1790741627312 7131168 19487688 7274088
1790741627373 7134092 19487688 7274088
1790741627432 7134092 19487688 7274088
1790741627493 7137164 19487688 7274088
1790741627560 7139384 19487688 7274088
1790741627628 7142740 19487688 7274088
1790741627695 7158552 19487688 7274088
1790741627763 7158552 19487688 7274088
1790741627832 7178140 19487688 7274088
1790741627899 7181024 19487688 7274088
1790741627968 7199456 19487688 7274088
1790741628037 7219808 19487688 7274088
1790741628104 7220000 19487688 7274088
1790741628155 7241508 19487688 7274088
1790741628224 7243428 19487688 7274088
1790741628295 7264164 19487688 7274088
1790741628364 7278684 19487688 7278580
1790741628425 7288168 19487688 7288168
1790741628982 7411176 19487688 7411176
1790741629525 7347268 19487688 7473500
1790741629591 7324028 19487688 7473500
1790741629659 7264176 19487688 7473500
1790741629721 7264188 19487688 7473500
1790741629779 7264176 19487688 7473500
1790741629842 7264176 19487688 7473500
1790741629906 7264176 19487688 7473500
1790741629970 7264176 19487688 7473500
1790741630035 7264176 19487688 7473500
1790741630096 7264176 19487688 7473500
1790741630162 7225384 19487688 7473500
1790741630229 7204480 19487688 7473500
1790741630293 7204480 19487688 7473500
1790741630349 7204480 19487688 7473500
1790741630406 7204480 19487688 7473500
1790741630463 7204480 19487688 7473500
1790741630519 7207460 19487688 7473500
1790741630582 7208612 19487688 7473500
1790741630642 7210532 19487688 7473500
1790741630707 7154900 19487688 7473500
1790741630769 7154912 19487688 7473500
1790741630832 7154900 19487688 7473500
1790741630887 7154900 19487688 7473500
1790741630948 7154900 19487688 7473500
1790741631011 7154900 19487688 7473500
1790741631068 7154900 19487688 7473500
1790741631130 7154900 19487688 7473500
1790741631193 7154956 19487688 7473500
1790741631258 7154900 19487688 7473500
1790741631322 7154900 19487688 7473500
1790741631383 7154900 19487688 7473500
1790741631446 7155092 19487688 7473500
1790741631508 7155092 19487688 7473500
1790741631570 7155092 19487688 7473500
1790741631636 7155092 19487688 7473500
1790741631701 7155092 19487688 7473500
1790741631768 7155092 19487688 7473500
1790741631828 7155104 19487688 7473500
1790741631892 7155092 19487688 7473500
1790741631953 7155092 19487688 7473500
1790741632015 7155092 19487688 7473500
1790741632078 7155092 19487688 7473500
1790741632141 7155092 19487688 7473500
1790741632203 7155092 19487688 7473500
1790741632259 7155152 19487688 7473500
1790741632318 7155096 19487688 7473500
1790741632377 7155096 19487688 7473500
1790741632433 7155096 19487688 7473500
1790741632495 7155096 19487688 7473500
1790741632559 7155124 19487688 7473500
1790741632616 7155096 19487688 7473500
1790741632683 7155096 19487688 7473500
1790741632748 7155352 19487688 7473500
1790741632815 7155352 19487688 7473500
1790741632876 7155364 19487688 7473500
1790741632940 7155352 19487688 7473500
1790741633002 7155352 19487688 7473500
1790741633064 7155352 19487688 7473500
1790741633126 7155352 19487688 7473500
1790741633188 7155352 19487688 7473500
1790741633249 7155352 19487688 7473500
1790741633313 7155352 19487688 7473500
1790741633378 7155352 19487688 7473500
1790741633443 7155352 19487688 7473500
1790741633497 7155352 19487688 7473500
1790741633560 7155352 19487688 7473500
1790741633624 7155352 19487688 7473500
1790741633680 7155352 19487688 7473500
1790741633747 7155352 19487688 7473500
1790741633813 7155352 19487688 7473500
1790741633876 7155352 19487688 7473500
1790741633938 7155376 19487688 7473500
1790741634001 7155352 19487688 7473500
1790741634055 7155356 19487688 7473500
1790741634112 7155352 19487688 7473500
1790741634168 7155352 19487688 0
1790741634224 7155352 19487688 7473500
1790741634286 7155352 19487688 7473500
1790741634347 7155352 19487688 7473500
1790741634402 7155352 19487688 7473500
1790741634456 7155352 19487688 7473500
1790741634511 7155352 19487688 7473500
1790741634565 7155352 19487688 7473500
1790741634620 7155352 19487688 7473500
1790741634682 7155352 19487688 7473500
1790741634746 7155352 19487688 7473500
1790741634807 7155352 19487688 7473500
1790741634861 7155408 19487688 7473500
1790741634920 7094216 19487688 7473500
1790741634985 7094216 19487688 7473500
1790741635047 7094216 19487688 7473500
1790741635108 7094216 19487688 7473500
1790741635170 7094232 19487688 7473500
1790741635232 7094216 19487688 7473500
1790741635297 7094216 19487688 7473500
1790741635362 7094664 19487688 7473500
1790741635425 7094664 19487688 7473500
1790741635485 7094688 19487688 7473500
1790741635548 7094664 19487688 7473500
1790741635608 7094664 19487688 7473500
1790741635669 7094664 19487688 7473500
1790741635732 7094664 19487688 7473500
1790741635794 7094664 19487688 7473500
1790741635848 7094664 19487688 7473500
1790741635912 7094664 19487688 7473500
1790741635976 7094664 19487688 7473500
1790741636039 7094664 19487688 7473500
1790741636099 7094664 19487688 7473500
1790741636158 7094664 19487688 7473500
1790741636222 7094664 19487688 7473500
1790741636288 7051072 19487688 7473500
1790741636349 7051072 19487688 7473500
1790741636414 7051072 19487688 7473500
1790741636468 7051072 19487688 7473500
1790741636524 7051080 19487688 7473500
1790741636579 7051080 19487688 7473500
1790741636635 7051100 19487688 7473500
1790741636689 7051100 19487688 7473500
1790741636744 7051100 19487688 7473500
1790741636798 7051100 19487688 7473500
1790741636852 7051100 19487688 7473500
1790741636906 7051100 19487688 7473500
1790741636961 7051100 19487688 7473500
1790741637015 7051100 19487688 7473500
1790741637068 7051072 19487688 7473500
1790741637123 7051076 19487688 7473500
1790741637178 7051072 19487688 7473500
1790741637235 7051072 19487688 7473500
1790741637291 7051072 19487688 7473500
1790741637346 7051072 19487688 7473500
1790741637400 7051128 19487688 7473500
1790741637465 7051072 19487688 7473500
1790741637528 7051076 19487688 7473500
1790741637589 7051076 0 7473500
1790741637644 7051076 19487688 7473500
1790741637700 6990328 19487688 7473500
1790741637756 6990328 19487688 7473500
1790741637817 6990328 19487688 0
1790741637872 6990328 19487688 7473500
1790741637937 6990336 19487688 7473500
1790741637999 6990328 19487688 7473500
1790741638058 6990328 19487688 7473500
1790741638117 6990332 19487688 7473500
1790741638176 6990336 19487688 7473500
1790741638236 6990328 19487688 7473500
1790741638297 6990328 19487688 7473500
1790741638352 6990328 19487688 7473500
1790741638405 6990356 19487688 7473500
1790741638462 6990328 19487688 7473500
1790741638526 6990332 19487688 7473500
1790741638588 6990332 19487688 7473500
1790741638648 6990332 19487688 7473500
1790741638702 6990332 19487688 7473500
1790741638764 6932976 19487688 7473500
1790741638826 6932976 19487688 7473500
1790741638885 6932976 19487688 7473500
1790741638949 6932976 19487688 7473500
1790741639009 6932976 19487688 7473500
1790741639068 6933000 19487688 7473500
1790741639129 6932980 19487688 7473500
1790741639186 6932980 19487688 7473500
1790741639245 6932980 19487688 7473500
1790741639299 6932980 19487688 7473500
1790741639376 6932980 19487688 7473500
1790741639432 6932980 19487688 7473500
1790741639493 6932984 19487688 7473500
1790741639555 6932984 19487688 7473500
1790741639612 6932984 19487688 7473500
1790741639664 6932984 19487688 7473500
1790741639718 6932984 19487688 7473500
1790741639778 6932984 19487688 7473500
1790741639838 6932984 19487688 7473500
1790741639898 6932984 19487688 7473500
1790741639953 6932984 19487688 7473500
1790741640011 6932984 19487688 7473500
1790741640072 6932984 19487688 7473500
1790741640131 6933008 19487688 7473500
1790741640186 6932984 19487688 7473500
1790741640238 6932984 19487688 7473500
1790741640291 6932988 19487688 7473500
1790741640345 6932984 19487688 7473500
1790741640399 6932984 19487688 7473500
1790741640454 6932984 19487688 7473500
1790741640507 6933012 19487688 7473500
1790741640564 6932984 19487688 7473500
1790741640622 6932984 19487688 7473500
1790741640677 6932984 19487688 7473500
1790741640729 6932984 19487688 7473500
1790741640784 6932984 19487688 7473500
1790741640838 6932984 19487688 7473500
1790741640898 6932984 19487688 7473500
1790741640962 6932984 19487688 7473500
1790741641016 6932984 19487688 7473500
1790741641074 6932984 19487688 7473500
1790741641133 6932984 19487688 7473500
1790741641192 6932984 19487688 7473500
1790741641251 6932984 19487688 7473500
1790741641310 6932992 19487688 7473500
1790741641368 6932984 19487688 7473500
1790741641428 6932984 19487688 7473500
1790741641483 6932984 19487688 7473500
1790741641535 6933012 19487688 7473500
1790741641591 6932984 19487688 7473500
1790741641649 6933012 19487688 7473500
1790741641705 6932984 19487688 7473500
1790741641759 6932984 19487688 7473500
1790741641812 6932984 19487688 7473500
1790741641866 6932984 19487688 7473500
1790741641927 6932984 19487688 7473500
1790741641992 6932984 19487688 7473500
1790741642056 6932984 19487688 7473500
1790741642117 6932984 19487688 7473500
1790741642174 6932996 19487688 7473500
1790741642234 6932984 19487688 7473500
1790741642292 6932984 19487688 7473500
1790741642349 6932984 19487688 7473500
1790741642407 6932984 19487688 7473500
1790741642467 6932984 19487688 7473500
1790741642525 6932984 19487688 7473500
1790741642584 6933040 19487688 7473500
1790741642647 6932984 19487688 7473500
1790741642709 6932984 19487688 7473500
1790741642769 6932984 19487688 7473500
1790741642832 6932984 19487688 7473500
1790741642892 6932984 19487688 7473500
1790741642954 6932984 19487688 7473500
1790741643018 6932984 19487688 7473500
1790741643073 6934592 19487688 7473500
1790741643134 6977028 19487688 7473500
1790741643193 6978244 19487688 7473500
1790741643260 6999564 19487688 7473500
1790741643327 7012304 19487688 7473500
1790741643393 7021836 19487688 7473500
1790741643461 7046228 19487688 7473500
1790741643520 7046228 19487688 7473500
1790741643581 7069076 19487688 7473500
1790741643640 7071188 19487688 7473500
1790741643700 7092312 19487688 7473500
1790741643759 7092312 19487688 7473500
1790741643820 7092312 19487688 7473500
1790741643884 7092312 19487688 7473500
1790741643945 7092312 19487688 7473500
1790741644004 7092312 19487688 7473500
1790741644062 7092312 19487688 7473500
1790741644119 7092312 19487688 7473500
1790741644177 7092312 19487688 7473500
1790741644236 7092312 19487688 7473500
1790741644294 7092312 19487688 7473500
1790741644352 7092312 19487688 7473500
1790741644410 7092312 19487688 7473500
1790741644468 7092312 19487688 7473500
1790741644525 7092312 19487688 7473500
1790741644582 7092312 19487688 7473500
1790741644639 7092312 19487688 7473500
1790741644696 7092312 19487688 7473500
1790741644753 7092312 19487688 7473500
1790741644810 7092312 19487688 7473500
1790741644870 7092312 19487688 7473500
1790741644923 7092312 19487688 7473500
1790741644976 7092312 19487688 7473500
1790741645033 7092312 19487688 7473500
1790741645090 7092312 19487688 7473500
1790741645143 7092312 19487688 7473500
1790741645196 7092312 19487688 7473500
1790741645250 7092312 19487688 7473500
1790741645304 7092312 19487688 7473500
1790741645358 7092312 19487688 7473500
1790741645412 7092312 19487688 7473500
1790741645465 7092312 19487688 7473500
1790741645519 7092312 19487688 7473500
1790741645573 7092312 19487688 7473500
1790741645626 7092312 19487688 7473500
1790741645680 7092312 19487688 7473500
1790741645733 7092312 19487688 7473500
1790741645787 7092312 19487688 7473500
1790741645843 7092312 19487688 7473500
1790741645909 7092504 19487688 7473500
1790741645975 7092504 19487688 7473500
1790741646038 7092504 19487688 7473500
1790741646097 7092504 19487688 7473500
1790741646155 7092504 19487688 7473500
1790741646214 7092504 19487688 7473500
1790741646281 7092504 19487688 7473500
1790741646348 7092504 19487688 7473500
1790741646415 7092504 19487688 7473500
1790741646476 7092504 19487688 7473500
1790741646536 7092504 19487688 7473500
1790741646607 7092504 19487688 7473500
1790741646673 7092504 19487688 7473500
1790741646735 7095320 19487688 7473500
1790741646798 7104668 19487688 7473500
1790741646858 7104668 19487688 7473500
1790741646920 7123488 19487688 7473500
1790741646979 7123488 19487688 7473500
1790741647042 7144240 19487688 7473500
1790741647109 7146160 19487688 7473500
1790741647175 7162864 19487688 7473500
1790741647238 7184880 19487688 7473500
1790741647298 7187568 19487688 7473500
1790741647368 7206000 19487688 7473500
1790741647436 7224440 19487688 7473500
1790741647498 7226740 19487688 7473500
1790741647569 7247480 19487688 7473500
1790741647638 7268988 19487688 7473500
1790741647707 7271676 19487688 7473500
1790741647779 7299160 19487688 7473500
1790741647852 7299160 19487688 7473500
1790741647923 7329128 19487688 7473500
1790741647993 7333544 19487688 7473500
1790741648065 7364272 19487688 7473500
1790741648128 7384628 19487688 7473500
1790741648200 7404024 19487688 7473500
1790741648274 7440700 19487688 7473500
1790741648984 7688428 19542204 7688428
1790741649654 7774268 19542204 7774268
1790741650194 7368252 19542204 7767448
1790741650262 7368252 19542204 7767448
1790741650324 7368272 19542204 7767448
1790741650383 7368304 19542204 7767448
1790741650440 7368304 19542204 7767448
1790741650498 7368304 19542204 7767448
1790741650556 7368304 19542204 7767448
1790741650613 7368304 19542204 7767448
1790741650670 7368304 19542204 7767448
1790741650727 7368304 19542204 7767448
1790741650784 7368272 19542204 7767448
1790741650848 7368272 19542204 7767448
1790741650925 7378748 19542204 7767448
1790741650987 7383604 19542204 7767448
1790741651054 7302816 19542204 7767448
1790741651127 7302816 19542204 7767448
1790741651199 7302696 19542204 7767448
1790741651270 7129540 19542204 7767448
1790741651338 7086540 19542204 7767448
1790741651406 7087092 19542204 7767448
1790741651465 7088616 19542204 7767448
1790741651526 7089552 19542204 7767448
1790741651584 7089604 19542204 7767448
1790741651649 7089612 19542204 7767448
1790741651713 7089612 19542204 7767448
1790741651770 7089612 19542204 7767448
1790741651832 7100744 19542204 7767448
1790741651898 7101512 19542204 7767448
1790741651965 7103056 19542204 7767448
1790741652031 7104592 19542204 7767448
1790741652102 7106820 19542204 7767448
1790741652172 7110664 19542204 7767448
1790741652239 7114312 19542204 7767448
1790741652298 7118344 19542204 7767448
1790741652359 7122952 19542204 7767448
1790741652421 7126984 19542204 7767448
1790741652482 7130440 19542204 7767448
1790741652542 7131400 19542204 7767448
1790741652610 7135880 19542204 7767448
1790741652678 7139336 19542204 7767448
1790741652746 7143752 19542204 7767448
1790741652796 7148616 19542204 7767448
1790741652856 7149000 19542204 7767448
1790741652918 7153608 19542204 7767448
1790741652987 7158216 19542204 7767448
1790741653058 7162824 19542204 7767448
1790741653120 7167432 19542204 7767448
1790741653182 7172040 19542204 7767448
1790741653241 7175884 19542204 7767448
1790741653312 7183948 19542204 7767448
1790741653380 7185100 19542204 7767448
1790741653442 7190284 19542204 7767448
1790741653505 7194508 19542204 7767448
1790741653574 7200076 19542204 7767448
1790741653644 7205648 19542204 7767448
1790741653714 7211216 19542204 7767448
1790741653774 7211604 19542204 7767448
1790741653839 7216212 19542204 7767448
1790741653903 7216212 19542204 7767448
1790741653963 7216212 19542204 7767448
1790741654020 7216212 19542204 7767448
1790741654075 7216212 19542204 7767448
1790741654129 7216212 19542204 7767448
1790741654185 7142612 19542204 7767448
1790741654243 7197780 19542204 7767448
1790741654300 7216212 19542204 7767448
1790741654355 7216212 19542204 7767448
1790741654409 7216212 19542204 7767448
1790741654464 7216212 19542204 7767448
1790741654518 7216212 19542204 7767448
1790741654572 7216212 19542204 7767448
1790741654632 7216212 19542204 7767448
1790741654691 7216212 19542204 7767448
1790741654750 7216212 19542204 7767448
1790741654812 7216212 19542204 7767448
1790741654873 7216212 19542204 7767448
1790741654932 7216212 19542204 7767448
1790741654992 7216212 19542204 7767448
1790741655052 7216212 19542204 7767448
1790741655111 7216212 19542204 7767448
1790741655171 7216212 19542204 7767448
1790741655236 7216212 19542204 7767448
1790741655301 7216212 19542204 7767448
1790741655362 7216212 19542204 7767448
1790741655422 7216212 19542204 7767448
1790741655481 7216212 19542204 7767448
1790741655541 7216212 19542204 7767448
1790741655600 7216212 19542204 7767448
1790741655661 7216212 19542204 7767448
1790741655715 7216212 19542204 7767448
1790741655769 7216212 19542204 7767448
1790741655822 7216212 19542204 7767448
1790741655876 7216212 19542204 7767448
1790741655930 7216212 19542204 7767448
1790741655984 7216212 19542204 7767448
1790741656040 7216212 19542204 7767448
1790741656098 7180116 19542204 7767448
1790741656159 7181324 19542204 0
1790741656218 7181324 19542204 7767448
1790741656281 7181324 19542204 7767448
1790741656341 7181324 19542204 7767448
1790741656401 7181324 19542204 7767448
1790741656464 7184016 19542204 7767448
1790741656534 7193620 19542204 7767448
1790741656602 7195732 19542204 7767448
1790741656670 7196884 19542204 7767448
1790741656740 7200956 19542204 7767448
1790741656806 7201148 19542204 7767448
1790741656877 7206524 19542204 7767448
1790741656945 7211900 19542204 7767448
1790741657013 7214972 19542204 7767448
1790741657083 7220932 19542204 7767448
1790741657151 7223684 19542204 7767448
1790741657221 7238220 19542204 7767448
1790741657288 7256656 19542204 7767448
1790741657350 7258960 19542204 7767448
1790741657412 7275092 19542204 7767448
1790741657481 7281620 19542204 7767448
1790741657553 7296984 19542204 7767448
1790741657623 7313612 19542204 7767448
1790741657686 7318616 19542204 7767448
1790741657750 7334936 19542204 7767448
1790741657812 7335704 19542204 7767448
1790741657875 7349892 19542204 7767448
1790741657944 7358564 19542204 7767448
1790741658017 7375728 19542204 7767448
1790741658088 7402432 19542204 7767448
1790741658152 7402432 19542204 7767448
1790741658227 7432780 19542204 7767448
1790741658301 7436628 19542204 7767448
1790741658375 7472728 19542204 7767448
1790741658447 7484824 19542204 7767448
1790741658511 7507864 19542204 7767448
1790741658586 7545116 19542204 7767448
1790741658659 7549532 19542204 7767448
1790741658735 7582176 19542204 7767448
1790741658809 7582176 19542204 7767448
1790741658875 7443264 19542204 7767448
1790741658943 7443264 19542204 7767448
1790741659007 7443264 19542204 7767448
1790741659063 7443264 19542204 7767448
1790741659119 7443264 19542204 7767448
1790741659180 7334376 19542204 7767448
1790741659249 7334376 19542204 7767448
1790741659313 7334388 19542204 7767448
1790741659379 7334376 19542204 7767448
1790741659442 7334380 19542204 7767448
1790741659507 7334376 19542204 7767448
1790741659573 7334376 19542204 7767448
1790741659639 7334376 19542204 7767448
1790741659703 7334404 19542204 7767448
1790741659770 7269760 19542204 7767448
1790741659837 7269764 19542204 7767448
1790741659903 7269764 19542204 7767448
1790741659965 7269764 19542204 7767448
1790741660030 7269764 19542204 7767448
1790741660096 7269764 19542204 7767448
1790741660166 7271516 19542204 7767448
1790741660225 7272284 19542204 7767448
1790741660292 7273052 19542204 7767448
1790741660354 7273064 19542204 7767448
1790741660413 7273052 19542204 7767448
1790741660468 7273052 19542204 7767448
1790741660531 7273052 19542204 7767448
1790741660595 7273052 19542204 7767448
1790741660659 7273052 19542204 7767448
1790741660722 7273052 19542204 7767448
1790741660795 7273052 19542204 7767448
1790741660855 7273052 19542204 7767448
1790741660914 7273052 19542204 7767448
1790741660972 7273052 19542204 7767448
1790741661038 7273052 19542204 7767448
1790741661102 7273052 19542204 7767448
1790741661170 7273052 19542204 7767448
1790741661234 7273052 19542204 7767448
1790741661305 7273052 19542204 7767448
1790741661369 7273052 19542204 7767448
1790741661435 7273064 19542204 7767448
1790741661500 7273064 19542204 7767448
1790741661566 7273088 19542204 7767448
1790741661629 7273088 19542204 7767448
1790741661692 7273088 19542204 7767448
1790741661755 7273088 19542204 7767448
1790741661817 7273088 19542204 7767448
1790741661879 7273088 19542204 7767448
1790741661941 7273052 19542204 7767448
1790741662002 7273052 19542204 7767448
1790741662065 7279996 19542204 7767448
1790741662130 7279996 19542204 7767448
1790741662187 7280016 19542204 7767448
1790741662243 7280016 19542204 7767448
1790741662298 7280016 19542204 7767448
1790741662353 7280016 19542204 7767448
1790741662407 7280016 19542204 7767448
1790741662460 7280016 19542204 7767448
1790741662515 7280016 19542204 7767448
1790741662570 7279988 19542204 7767448
1790741662632 7279988 19542204 7767448
1790741662695 7279988 19542204 7767448
1790741662751 7279988 19542204 7767448
1790741662835 7279988 19542204 7767448
1790741662902 7279988 19542204 7767448
1790741662961 7279988 19542204 7767448
1790741663015 7279988 19542204 7767448
1790741663072 7279988 19542204 7767448
1790741663138 7279988 19542204 7767448
1790741663224 7279988 19542204 7767448
1790741663289 7279988 19542204 7767448
1790741663357 7279988 19542204 7767448
1790741663421 7280000 19542204 7767448
1790741663487 7279988 19542204 7767448
1790741663549 7279992 19542204 7767448
1790741663613 7279988 19542204 7767448
1790741663679 7279988 19542204 7767448
1790741663744 7279988 19542204 7767448
1790741663806 7280016 19542204 7767448
1790741663867 7279988 19542204 7767448
1790741663934 7279988 19542204 7767448
1790741664000 7279988 19542204 7767448
1790741664063 7279988 19542204 7767448
1790741664127 7279988 19542204 7767448
1790741664193 7279988 19542204 7767448
1790741664264 7279988 19542204 7767448
1790741664329 7279988 19542204 7767448
1790741664390 7279988 19542204 7767448
1790741664446 7279996 19542204 7767448
1790741664504 7279988 19542204 7767448
1790741664566 7279988 19542204 7767448
1790741664629 7279996 19542204 7767448
1790741664693 7279988 19542204 7767448
1790741664757 7279988 19542204 0
1790741664820 7279988 19542204 7767448
1790741664885 7279988 19542204 7767448
1790741664952 7279988 19542204 7767448
1790741665018 7279988 19542204 7767448
1790741665080 7279988 19542204 7767448
1790741665144 7279988 19542204 7767448
1790741665210 7231912 19542204 7767448
1790741665280 7231912 19542204 7767448
1790741665343 7231912 19542204 7767448
1790741665412 7232040 19542204 7767448
1790741665475 7232052 19542204 7767448
1790741665538 7232040 19542204 7767448
1790741665594 7232040 19542204 7767448
1790741665649 7232048 19542204 7767448
1790741665706 7232040 19542204 7767448
1790741665770 7232040 19542204 7767448
1790741665832 7232040 19542204 7767448
1790741665895 7232096 19542204 7767448
1790741665961 7232040 19542204 7767448
1790741666021 7232040 19542204 7767448
1790741666078 7232040 19542204 7767448
1790741666134 7232040 19542204 7767448
1790741666190 7232040 19542204 7767448
1790741666248 7232040 19542204 7767448
1790741666311 7232040 19542204 7767448
1790741666367 7232040 19542204 7767448
1790741666436 7232424 19542204 7767448
1790741666499 7232436 19542204 7767448
1790741666562 7232424 19542204 7767448
1790741666624 7232424 19542204 7767448
1790741666687 7232424 19542204 7767448
1790741666750 7232424 0 7767448
1790741666806 7232424 19542204 7767448
1790741666869 7232424 19542204 7767448
1790741666933 7232444 19542204 7767448
1790741666999 7232424 19542204 7767448
1790741667065 7232424 19542204 7767448
1790741667127 7232424 19542204 7767448
1790741667191 7232424 19542204 7767448
1790741667249 7232424 19542204 7767448
1790741667309 7232424 19542204 7767448
1790741667366 7232424 19542204 7767448
1790741667429 7232424 19542204 7767448
1790741667493 7232424 19542204 7767448
1790741667556 7232424 19542204 7767448
1790741667612 7232424 19542204 7767448
1790741667668 7232428 19542204 7767448
1790741667725 7232424 19542204 7767448
1790741667782 7232424 19542204 7767448
1790741667847 7232424 19542204 7767448
1790741667909 7232424 19542204 7767448
1790741667967 7232424 19542204 7767448
1790741668027 7232424 19542204 7767448
1790741668086 7232424 19542204 7767448
1790741668148 7232424 19542204 7767448
1790741668211 7232424 19542204 7767448
1790741668277 7232424 19542204 7767448
1790741668346 7232424 19542204 7767448
1790741668409 7232424 19542204 7767448
1790741668472 7232424 19542204 7767448
1790741668536 7232424 19542204 7767448
1790741668600 7232424 19542204 7767448
1790741668662 7232424 19542204 7767448
1790741668724 7232432 19542204 7767448
1790741668788 7232424 19542204 7767448
1790741668851 7232424 19542204 7767448
1790741668914 7232424 19542204 7767448
1790741668978 7232480 19542204 7767448
1790741669043 7232432 19542204 7767448
1790741669107 7232452 19542204 7767448
1790741669169 7232452 19542204 7767448
1790741669231 7232452 19542204 7767448
1790741669293 7232452 19542204 7767448
1790741669355 7232452 19542204 7767448
1790741669417 7232452 19542204 7767448
1790741669478 7232452 19542204 7767448
1790741669544 7232424 19542204 7767448
1790741669610 7232424 19542204 7767448
1790741669672 7232424 19542204 7767448
1790741669734 7232424 19542204 7767448
1790741669798 7232424 19542204 7767448
1790741669865 7232424 19542204 7767448
1790741669931 7232424 19542204 7767448
1790741670000 7232424 19542204 7767448
1790741670065 7232424 19542204 7767448
1790741670127 7232424 19542204 7767448
1790741670188 7232424 19542204 7767448
1790741670249 7232428 19542204 7767448
1790741670313 7232424 19542204 7767448
1790741670376 7232424 19542204 7767448
1790741670438 7232424 19542204 7767448
1790741670499 7232452 19542204 7767448
1790741670559 7232424 19542204 7767448
1790741670618 7232424 19542204 7767448
1790741670677 7232424 19542204 7767448
1790741670739 7232424 19542204 7767448
1790741670803 7232424 19542204 7767448
1790741670867 7232424 19542204 7767448
1790741670938 7232424 19542204 7767448
1790741671001 7232424 19542204 7767448
1790741671062 7232424 19542204 7767448
1790741671125 7232424 19542204 7767448
1790741671189 7232424 19542204 7767448
1790741671252 7232424 19542204 7767448
1790741671314 7232424 19542204 7767448
1790741671377 7232424 19542204 7767448
1790741671440 7232424 19542204 7767448
1790741671503 7232424 19542204 7767448
1790741671567 7232452 19542204 7767448
1790741671633 7232424 19542204 7767448
1790741671698 7232424 19542204 7767448
1790741671759 7232424 19542204 7767448
1790741671824 7232424 19542204 7767448
1790741671888 7232424 19542204 7767448
1790741671958 7232424 19542204 7767448
1790741672021 7232424 19542204 7767448
1790741672090 7232424 19542204 7767448
1790741672147 7232424 19542204 7767448
1790741672203 7232448 19542204 7767448
1790741672266 7232424 19542204 7767448
1790741672327 7232428 19542204 7767448
1790741672391 7232424 19542204 7767448
1790741672454 7232424 19542204 7767448
1790741672516 7232424 19542204 7767448
1790741672577 7232452 19542204 7767448
1790741672643 7232424 19542204 7767448
1790741672702 7232424 19542204 7767448
1790741672760 7232424 19542204 7767448
1790741672824 7232424 19542204 7767448
1790741672887 7232424 19542204 7767448
1790741672951 7232424 19542204 7767448
1790741673014 7232424 19542204 7767448
1790741673070 7232424 19542204 7767448
1790741673132 7253184 19542204 7767448
1790741673193 7255280 19542204 7767448
1790741673256 7268208 19542204 7767448
1790741673318 7268784 19542204 7767448
1790741673382 7281500 19542204 7767448
1790741673444 7283804 19542204 7767448
1790741673516 7299164 19542204 7767448
1790741673584 7305504 19542204 7767448
1790741673646 7315112 19542204 7767448
1790741673715 7335468 19542204 7767448
1790741673786 7335468 19542204 7767448
1790741673857 7335468 19542204 7767448
1790741673925 7274132 19542204 7767448
1790741673989 7274132 19542204 7767448
1790741674043 7274132 19542204 7767448
1790741674098 7274132 19542204 7767448
1790741674154 7274132 19542204 7767448
1790741674208 7274132 19542204 7767448
1790741674264 7274132 19542204 7767448
1790741674319 7274132 19542204 7767448
1790741674374 7274132 19542204 7767448
1790741674429 7274132 19542204 7767448
1790741674484 7274132 19542204 7767448
1790741674538 7274132 19542204 7767448
1790741674593 7274132 19542204 7767448
1790741674648 7274132 19542204 7767448
1790741674703 7274132 19542204 7767448
1790741674759 7274132 19542204 7767448
1790741674814 7274132 19542204 7767448
1790741674876 7274132 19542204 7767448
1790741674936 7274132 19542204 7767448
1790741674991 7274132 19542204 7767448
1790741675048 7274132 19542204 7767448
1790741675108 7274132 19542204 7767448
1790741675169 7274132 19542204 7767448
1790741675228 7274132 19542204 7767448
1790741675289 7274132 19542204 7767448
1790741675348 7274132 19542204 7767448
1790741675408 7274132 19542204 7767448
1790741675469 7274132 19542204 7767448
1790741675531 7274132 19542204 7767448
1790741675592 7274132 19542204 7767448
1790741675653 7274132 19542204 7767448
1790741675716 7274132 19542204 7767448
1790741675778 7274132 19542204 7767448
1790741675840 7274132 19542204 7767448
1790741675906 7274132 19542204 7767448
1790741675974 7274132 19542204 7767448
1790741676042 7274132 19542204 7767448
1790741676104 7274132 19542204 7767448
1790741676159 7274132 19542204 7767448
1790741676213 7274132 19542204 7767448
1790741676269 7274132 19542204 7767448
1790741676339 7274132 19542204 7767448
1790741676406 7274132 19542204 7767448
1790741676469 7274132 19542204 7767448
1790741676532 7274132 19542204 7767448
1790741676601 7275028 19542204 7767448
1790741676671 7277716 19542204 7767448
1790741676740 7277716 19542204 7767448
1790741676811 7280020 19542204 7767448
1790741676876 7287756 19542204 7767448
1790741676946 7287756 19542204 7767448
1790741677015 7298964 19542204 7767448
1790741677084 7298964 19542204 7767448
1790741677153 7308760 19542204 7767448
1790741677222 7310872 19542204 7767448
1790741677293 7321624 19542204 7767448
1790741677364 7335648 19542204 7767448
1790741677434 7335648 19542204 7767448
1790741677504 7356000 19542204 7767448
1790741677573 7356000 19542204 7767448
1790741677637 7374240 19542204 7767448
1790741677701 7374240 19542204 7767448
1790741677771 7394784 19542204 7767448
1790741677844 7399584 19542204 7767448
1790741677917 7415724 19542204 7767448
1790741677990 7436476 19542204 7767448
1790741678062 7436476 19542204 7767448
1790741678125 7457796 19542204 7767448
1790741678198 7457796 19542204 7767448
1790741678270 7484504 19542204 7767448
1790741678342 7487384 19542204 7767448
1790741678410 7510040 19542204 7767448
1790741678480 7543452 19542204 7767448
1790741678555 7543644 19542204 7767448
1790741678630 7572452 19542204 7767448
1790741678705 7587644 19542204 7767448
1790741678780 7606828 19542204 7767448
1790741678848 7642160 19542204 7767448
1790741678923 7652696 19542204 7767448
1790741678998 7676540 19542204 7767448
1790741679069 7710532 19542204 7767448
1790741679145 7710532 19542204 7767448
1790741679223 7748356 19542204 7767448
1790741679290 7757492 19542204 7767448
1790741679362 7785608 19542204 7785608
1790741679946 7607372 19542204 7819512
1790741680015 7607312 19542204 7819512
1790741680075 7607312 19542204 7819512
1790741680134 7607312 19542204 7819512
1790741680192 7607312 19542204 7819512
1790741680272 7644768 19542204 7819512
1790741680348 7650100 19542204 7819512
1790741680414 7650140 19542204 7819512
1790741680484 7650140 19542204 7819512
1790741680554 7650140 19542204 7819512
1790741680622 7650160 19542204 7819512
1790741680687 7650160 19542204 7819512
1790741680751 7650160 19542204 7819512
1790741680815 7650160 19542204 7819512
1790741680880 7650160 19542204 7819512
1790741680944 7650160 19542204 7819512
1790741681008 7650160 19542204 7819512
1790741681073 7650160 19542204 7819512
1790741681144 7650160 19542204 7819512
1790741681211 7651152 19542204 7819512
1790741681277 7651200 19542204 7819512
1790741681341 7651116 19542204 7819512
1790741681402 7652208 19542204 7819512
1790741681474 7652180 19542204 7819512
1790741681547 7438412 19542204 7819512
1790741681617 7417156 19542204 7819512
1790741681680 7298376 19542204 7819512
1790741681749 7252912 19542204 7819512
1790741681818 7253336 19542204 7819512
1790741681879 7253460 19542204 7819512
1790741681942 7253500 19542204 7819512
1790741682008 7253460 19542204 7819512
1790741682073 7255464 19542204 7819512
1790741682143 7256744 19542204 7819512
1790741682213 7258088 19542204 7819512
1790741682285 7259624 19542204 7819512
1790741682351 7217892 19542204 7819512
1790741682421 7220772 19542204 7819512
1790741682490 7221156 19542204 7819512
1790741682552 7224420 19542204 7819512
1790741682620 7227492 19542204 7819512
1790741682689 7231140 19542204 7819512
1790741682758 7233828 19542204 7819512
1790741682831 7235364 19542204 7819512
1790741682899 7237476 19542204 7819512
1790741682968 7238916 19542204 7819512
1790741683037 7240644 19542204 7819512
1790741683107 7244676 19542204 7819512
1790741683176 7248464 19542204 7819512
1790741683246 7251152 19542204 7819512
1790741683315 7254224 19542204 7819512
1790741683387 7257488 19542204 7819512
1790741683458 7260560 19542204 7819512
1790741683528 7263632 19542204 7819512
1790741683599 7266896 19542204 7819512
1790741683670 7269776 19542204 7819512
1790741683742 7273904 19542204 7819512
1790741683813 7276596 19542204 7819512
1790741683880 7279284 19542204 7819512
1790741683952 7283700 19542204 7819512
1790741684023 7287732 19542204 7819512
1790741684094 7290804 19542204 7819512
1790741684164 7292724 19542204 7819512
1790741684230 7292724 19542204 7819512
1790741684293 7292724 19542204 7819512
1790741684355 7292724 19542204 7819512
1790741684416 7219124 19542204 7819512
1790741684474 7237432 19542204 7819512
1790741684540 7292724 19542204 7819512
1790741684603 7292724 19542204 7819512
1790741684665 7292724 19542204 7819512
1790741684726 7292724 19542204 7819512
1790741684787 7292724 19542204 7819512
1790741684849 7292724 19542204 7819512
1790741684910 7292724 19542204 7819512
1790741684972 7292724 19542204 7819512
1790741685033 7292724 19542204 7819512
1790741685095 7292724 19542204 7819512
1790741685157 7292724 19542204 7819512
1790741685218 7292724 19542204 7819512
1790741685280 7292724 19542204 7819512
1790741685341 7292724 19542204 7819512
1790741685403 7292724 19542204 7819512
1790741685467 7292724 19542204 7819512
1790741685533 7292724 19542204 7819512
1790741685596 7292724 19542204 7819512
1790741685657 7292724 19542204 7819512
1790741685718 7292724 19542204 7819512
1790741685778 7292724 19542204 7819512
1790741685839 7292724 19542204 7819512
1790741685900 7292724 19542204 7819512
1790741685961 7292724 19542204 7819512
1790741686021 7292724 19542204 7819512
1790741686082 7292724 19542204 7819512
1790741686136 7292724 19542204 7819512
1790741686197 7292724 19542204 7819512
1790741686259 7292724 19542204 7819512
1790741686324 7292724 19542204 7819512
1790741686392 7292724 19542204 7819512
1790741686461 7292724 19542204 7819512
1790741686526 7292724 19542204 7819512
1790741686588 7292724 19542204 7819512
1790741686651 7292724 19542204 7819512
1790741686716 7292724 19542204 7819512
1790741686787 7292724 19542204 7819512
1790741686854 7292724 19542204 7819512
1790741686925 7292724 19542204 7819512
1790741686996 7292724 19542204 7819512
1790741687064 7293088 19542204 7819512
1790741687136 7296468 19542204 7819512
1790741687205 7299232 19542204 7819512
1790741687267 7299368 19542204 7819512
1790741687331 7300940 19542204 7819512
1790741687396 7308172 19542204 7819512
1790741687459 7308172 19542204 7819512
1790741687528 7319760 19542204 7819512
1790741687597 7321104 19542204 7819512
1790741687669 7333396 19542204 7819512
1790741687739 7350292 19542204 7819512
1790741687807 7350292 19542204 7819512
1790741687877 7367384 19542204 7819512
1790741687947 7368728 19542204 7819512
1790741688017 7381016 19542204 7819512
1790741688087 7389852 19542204 7819512
1790741688158 7395612 19542204 7819512
1790741688229 7407908 19542204 7819512
1790741688291 7412324 19542204 7819512
1790741688364 7432188 19542204 7819512
1790741688437 7459268 19542204 7819512
1790741688509 7459268 19542204 7819512
1790741688581 7491724 19542204 7819512
1790741688652 7494220 19542204 7819512
1790741688727 7527444 19542204 7819512
1790741688796 7563224 19542204 7819512
1790741688871 7567256 19542204 7819512
1790741688947 7597596 19542204 7819512
1790741689022 7597596 19542204 7819512
1790741689090 7539020 19542204 7819512
1790741689152 7539020 19542204 7819512
1790741689209 7539020 19542204 7819512
1790741689267 7539020 19542204 7819512
1790741689325 7539020 19542204 7819512
1790741689396 7459960 19542204 7819512
1790741689464 7348832 19542204 7819512
1790741689530 7348832 19542204 7819512
1790741689593 7348844 19542204 7819512
1790741689657 7348840 19542204 7819512
1790741689723 7348832 19542204 7819512
1790741689788 7348832 19542204 7819512
1790741689852 7348832 19542204 7819512
1790741689918 7348888 19542204 7819512
1790741689986 7348832 19542204 7819512
1790741690047 7348832 19542204 7819512
1790741690105 7348832 19542204 7819512
1790741690163 7348832 19542204 7819512
1790741690230 7348832 19542204 7819512
1790741690297 7348832 19542204 7819512
1790741690363 7348832 19542204 7819512
1790741690433 7348832 19542204 7819512
1790741690493 7348832 19542204 7819512
1790741690557 7348832 19542204 7819512
1790741690621 7348832 19542204 7819512
1790741690685 7348840 19542204 7819512
1790741690743 7348832 19542204 7819512
1790741690801 7348832 19542204 7819512
1790741690866 7348832 19542204 7819512
1790741690931 7348860 19542204 7819512
1790741691000 7348832 19542204 7819512
1790741691068 7348832 19542204 7819512
1790741691126 7348832 19542204 7819512
1790741691184 7348832 19542204 7819512
1790741691242 7348832 19542204 7819512
1790741691308 7348832 19542204 7819512
1790741691379 7348832 19542204 7819512
1790741691446 7348832 19542204 7819512
1790741691507 7348832 19542204 7819512
1790741691564 7348844 19542204 7819512
1790741691623 7348832 19542204 7819512
1790741691679 7348832 19542204 7819512
1790741691736 7348840 19542204 7819512
1790741691802 7348832 19542204 7819512
1790741691867 7348832 19542204 7819512
1790741691932 7348832 19542204 7819512
1790741691990 7348872 19542204 7819512
1790741692058 7348832 19542204 7819512
1790741692124 7348832 19542204 7819512
1790741692181 7348832 19542204 7819512
1790741692238 7348832 19542204 7819512
1790741692297 7348832 19542204 7819512
1790741692366 7348832 19542204 7819512
1790741692430 7348832 19542204 7819512
1790741692500 7348832 19542204 7819512
1790741692566 7348832 19542204 7819512
1790741692632 7348832 19542204 7819512
1790741692694 7348832 19542204 7819512
1790741692758 7348836 19542204 7819512
1790741692825 7348832 19542204 7819512
1790741692888 7348832 19542204 7819512
1790741692950 7348832 19542204 7819512
1790741693016 7348832 19542204 7819512
1790741693083 7348832 19542204 7819512
1790741693144 7348832 19542204 7819512
1790741693199 7348832 19542204 7819512
1790741693256 7348832 19542204 7819512
1790741693314 7348832 19542204 7819512
1790741693381 7348832 19542204 7819512
1790741693450 7348832 19542204 7819512
1790741693519 7348832 19542204 7819512
1790741693584 7348832 19542204 7819512
1790741693647 7348856 19542204 7819512
1790741693713 7348832 19542204 7819512
1790741693776 7348836 19542204 7819512
1790741693842 7348832 19542204 7819512
1790741693907 7348832 19542204 7819512
1790741693972 7348832 19542204 7819512
1790741694026 7348860 19542204 7819512
1790741694094 7348832 19542204 7819512
1790741694162 7348832 19542204 7819512
1790741694226 7348832 19542204 7819512
1790741694308 7348832 19542204 7819512
1790741694372 7348832 19542204 7819512
1790741694432 7348832 19542204 7819512
1790741694491 7348832 19542204 7819512
1790741694552 7348832 19542204 7819512
1790741694619 7348832 19542204 7819512
1790741694684 7348856 19542204 7819512
1790741694749 7348832 19542204 7819512
1790741694813 7348836 19542204 7819512
1790741694877 7348832 19542204 7819512
1790741694943 7348832 19542204 7819512
1790741695009 7348832 19542204 7819512
1790741695073 7348888 19542204 7819512
1790741695134 7288456 19542204 7819512
1790741695195 7288456 19542204 7819512
1790741695260 7288456 19542204 7819512
1790741695325 7288456 19542204 7819512
1790741695407 7227000 19542204 7819512
1790741695492 7232008 19542204 7819512
1790741695555 7231996 19542204 7819512
1790741695620 7231996 19542204 7819512
1790741695677 7231996 19542204 7819512
1790741695735 7231996 19542204 7819512
1790741695790 7232008 19542204 7819512
1790741695852 7232004 19542204 7819512
1790741695917 7231996 19542204 7819512
1790741695980 7231996 19542204 7819512
1790741696041 7231996 19542204 7819512
1790741696097 7232024 19542204 7819512
1790741696164 7231996 19542204 7819512
1790741696230 7231996 19542204 7819512
1790741696292 7231996 19542204 7819512
1790741696349 7231996 19542204 7819512
1790741696406 7231996 19542204 7819512
1790741696464 7231996 19542204 7819512
1790741696534 7231996 19542204 7819512
1790741696600 7231996 19542204 7819512
1790741696665 7231996 19542204 7819512
1790741696728 7232020 19542204 7819512
1790741696792 7231996 19542204 7819512
1790741696847 7231996 19542204 7819512
1790741696903 7231996 19542204 7819512
1790741696961 7231996 19542204 7819512
1790741697018 7231996 19542204 7819512
1790741697074 7231996 19542204 7819512
1790741697132 7232052 0 7819512
1790741697194 7232012 19542204 7819512
1790741697262 7232052 19542204 7819512
1790741697326 7232052 19542204 7819512
1790741697390 7232052 19542204 7819512
1790741697454 7232052 19542204 7819512
1790741697518 7232052 19542204 7819512
1790741697581 7232052 19542204 7819512
1790741697644 7232052 19542204 7819512
1790741697709 7231996 19542204 7819512
1790741697775 7231996 19542204 7819512
1790741697833 7231996 19542204 7819512
1790741697889 7231996 19542204 7819512
1790741697952 7231996 19542204 7819512
1790741698017 7231996 19542204 7819512
1790741698080 7231996 19542204 7819512
1790741698147 7231996 19542204 7819512
1790741698212 7231996 19542204 7819512
1790741698271 7231996 19542204 7819512
1790741698326 7232008 19542204 7819512
1790741698384 7231996 19542204 7819512
1790741698439 7231996 19542204 7819512
1790741698501 7232000 19542204 7819512
1790741698565 7231996 19542204 7819512
1790741698630 7231996 19542204 7819512
1790741698694 7231996 19542204 7819512
1790741698756 7231996 19542204 7819512
1790741698812 7231996 19542204 7819512
1790741698874 7231996 19542204 7819512
1790741698936 7231996 19542204 7819512
1790741698998 7231996 19542204 7819512
1790741699060 7231996 19542204 7819512
1790741699124 7231996 19542204 7819512
1790741699186 7231996 19542204 7819512
1790741699251 7232052 19542204 7819512
1790741699318 7231996 19542204 7819512
1790741699383 7184112 19542204 7819512
1790741699440 7184112 19542204 7819512
1790741699495 7184112 19542204 7819512
1790741699560 7184112 19542204 7819512
1790741699623 7184112 19542204 7819512
1790741699690 7184112 19542204 7819512
1790741699757 7184112 19542204 7819512
1790741699821 7184112 19542204 7819512
1790741699877 7184124 19542204 7819512
1790741699942 7184112 19542204 7819512
1790741700002 7184112 19542204 7819512
1790741700065 7184112 19542204 7819512
1790741700128 7184112 19542204 7819512
1790741700185 7184112 19542204 7819512
1790741700247 7184112 19542204 7819512
1790741700312 7184112 19542204 7819512
1790741700378 7184112 19542204 7819512
1790741700443 7184112 19542204 7819512
1790741700504 7184112 19542204 7819512
1790741700568 7184112 19542204 7819512
1790741700631 7184112 19542204 7819512
1790741700711 7184112 19542204 7819512
1790741700768 7184112 19542204 7819512
1790741700834 7184112 19542204 7819512
1790741700896 7184124 19542204 7819512
1790741700959 7184112 19542204 7819512
1790741701013 7184112 19542204 7819512
1790741701068 7184120 19542204 7819512
1790741701131 7184112 19542204 7819512
1790741701193 7184112 19542204 7819512
1790741701257 7184112 19542204 7819512
1790741701320 7184168 0 7819512
1790741701386 7184112 19542204 7819512
1790741701451 7184112 19542204 7819512
1790741701514 7184112 19542204 7819512
1790741701575 7184112 19542204 7819512
1790741701640 7184112 19542204 7819512
1790741701703 7184112 19542204 7819512
1790741701768 7184112 19542204 7819512
1790741701836 7184112 19542204 7819512
1790741701900 7184112 19542204 7819512
1790741701962 7184112 19542204 7819512
1790741702023 7184112 19542204 7819512
1790741702078 7184116 19542204 7819512
1790741702136 7184112 19542204 7819512
1790741702199 7184112 19542204 7819512
1790741702263 7184112 19542204 7819512
1790741702322 7184140 19542204 7819512
1790741702381 7184112 19542204 7819512
1790741702441 7184112 19542204 7819512
1790741702506 7184112 19542204 7819512
1790741702567 7184112 19542204 7819512
1790741702624 7184112 19542204 7819512
1790741702688 7184112 19542204 7819512
1790741702756 7184112 19542204 7819512
1790741702814 7184112 19542204 7819512
1790741702877 7202420 19542204 7819512
1790741702938 7204788 19542204 7819512
1790741703007 7220020 19542204 7819512
1790741703077 7233844 19542204 7819512
1790741703146 7233844 19542204 7819512
1790741703211 7251128 19542204 7819512
1790741703280 7252280 19542204 7819512
1790741703350 7267640 19542204 7819512
1790741703419 7287416 19542204 7819512
1790741703487 7287416 19542204 7819512
1790741703557 7287416 19542204 7819512
1790741703624 7287416 19542204 7819512
1790741703686 7287416 19542204 7819512
1790741703748 7287416 19542204 7819512
1790741703813 7287416 19542204 7819512
1790741703874 7287416 19542204 7819512
1790741703935 7287416 19542204 7819512
1790741703995 7287416 19542204 7819512
1790741704056 7287416 19542204 7819512
1790741704116 7287416 19542204 7819512
1790741704177 7287416 19542204 7819512
1790741704237 7287416 19542204 7819512
1790741704297 7287416 19542204 7819512
1790741704357 7287416 19542204 7819512
1790741704417 7287416 19542204 7819512
1790741704478 7287416 19542204 7819512
1790741704538 7287416 19542204 7819512
1790741704598 7287416 19542204 7819512
1790741704659 7287416 19542204 7819512
1790741704723 7287416 19542204 7819512
1790741704790 7287416 19542204 7819512
1790741704854 7287416 19542204 7819512
1790741704915 7287416 19542204 7819512
1790741704976 7287416 19542204 7819512
1790741705037 7287416 19542204 7819512
1790741705097 7287416 19542204 7819512
1790741705159 7287416 19542204 7819512
1790741705220 7287416 19542204 7819512
1790741705281 7287416 19542204 7819512
1790741705342 7287416 19542204 7819512
1790741705402 7287416 19542204 7819512
1790741705463 7287416 19542204 7819512
1790741705524 7287416 19542204 7819512
1790741705588 7287416 19542204 7819512
1790741705654 7287416 19542204 7819512
1790741705723 7287416 19542204 7819512
1790741705787 7287416 19542204 7819512
1790741705849 7287416 19542204 7819512
1790741705909 7287416 19542204 7819512
1790741705974 7287416 19542204 7819512
1790741706045 7287416 19542204 7819512
1790741706115 7287416 19542204 7819512
1790741706182 7287416 19542204 7819512
1790741706254 7287416 19542204 7819512
1790741706323 7290296 19542204 7819512
1790741706393 7290296 19542204 7819512
1790741706461 7293560 19542204 7819512
1790741706532 7296824 19542204 7819512
1790741706599 7297016 19542204 7819512
1790741706672 7304124 19542204 7819512
1790741706739 7310152 19542204 7819512
1790741706802 7320072 19542204 7819512
1790741706865 7337356 19542204 7819512
1790741706927 7338508 19542204 7819512
1790741706992 7351180 19542204 7819512
1790741707063 7363968 19542204 7819512
1790741707135 7367312 19542204 7819512
1790741707204 7383824 19542204 7819512
1790741707274 7385744 19542204 7819512
1790741707346 7401108 19542204 7819512
1790741707420 7421460 19542204 7819512
1790741707491 7424352 19542204 7819512
1790741707564 7442792 19542204 7819512
1790741707633 7469112 19542204 7819512
1790741707697 7469112 19542204 7819512
1790741707764 7498692 19542204 7819512
1790741707840 7501384 19542204 7819512
1790741707914 7529036 19542204 7819512
1790741707985 7561684 19542204 7819512
1790741708059 7565908 19542204 7819512
1790741708134 7597016 19542204 7819512
1790741708206 7628508 19542204 7819512
1790741708282 7631772 19542204 7819512
1790741708359 7665188 19542204 7819512
1790741708436 7703212 19542204 7819512
1790741708511 7707820 19542204 7819512
1790741708589 7741816 19542204 7819512
1790741708656 7782524 19542204 7819512
1790741708733 7787136 19542204 7819512
1790741709343 7686076 19542204 7862632
1790741709408 7688160 19542204 7862632
1790741709477 7649060 19542204 7862632
1790741709558 7649080 19542204 7862632
1790741709635 7605500 19542204 7862632
1790741709704 7605500 19542204 7862632
1790741709771 7605500 19542204 7862632
1790741709837 7605500 19542204 7862632
1790741709895 7605500 19542204 7862632
1790741709954 7605500 19542204 7862632
1790741710011 7606916 19542204 7862632
1790741710071 7607284 19542204 7862632
1790741710132 7607284 19542204 7862632
1790741710200 7283220 19542204 7862632
1790741710267 7235144 19542204 7862632
1790741710335 7235788 19542204 0
1790741710403 7191984 19542204 7862632
1790741710470 7192508 19542204 7862632
1790741710538 7192568 19542204 7862632
1790741710602 7192508 19542204 7862632
1790741710661 7192508 19542204 7862632
1790741710727 7203904 19542204 7862632
1790741710796 7206404 19542204 7862632
1790741710867 7212744 19542204 7862632
1790741710936 7213512 19542204 7862632
1790741711006 7216776 19542204 7862632
1790741711074 7219848 19542204 7862632
1790741711143 7223688 19542204 7862632
1790741711214 7226760 19542204 7862632
1790741711283 7230216 19542204 7862632
1790741711346 7233672 19542204 7862632
1790741711411 7237128 19542204 7862632
1790741711474 7240776 19542204 7862632
1790741711545 7244232 19542204 7862632
1790741711613 7248072 19542204 7862632
1790741711684 7251528 19542204 7862632
1790741711753 7252728 19542204 7862632
1790741711823 7256212 19542204 7862632
1790741711892 7258440 19542204 7862632
1790741711963 7262284 19542204 7862632
1790741712032 7265740 19542204 7862632
1790741712103 7268812 19542204 7862632
1790741712173 7272656 19542204 7862632
1790741712242 7275728 19542204 7862632
1790741712314 7279184 19542204 7862632
1790741712386 7282640 19542204 7862632
1790741712458 7286096 19542204 7862632
1790741712528 7289168 19542204 7862632
1790741712593 7292820 19542204 7862632
1790741712657 7296660 19542204 7862632
1790741712729 7296660 19542204 7862632
1790741712795 7256072 19542204 7862632
1790741712859 7256072 19542204 7862632
1790741712921 7256072 19542204 7862632
1790741712982 7182472 19542204 7862632
1790741713040 7182472 19542204 7862632
1790741713099 7237640 19542204 7862632
1790741713156 7256072 19542204 7862632
1790741713212 7256072 19542204 7862632
1790741713266 7256072 19542204 7862632
1790741713321 7256072 19542204 7862632
1790741713376 7256072 19542204 7862632
1790741713430 7256072 19542204 7862632
1790741713485 7256072 19542204 7862632
1790741713539 7256072 19542204 7862632
1790741713593 7256072 19542204 7862632
1790741713648 7256072 19542204 7862632
1790741713703 7256072 19542204 7862632
1790741713764 7256072 19542204 7862632
1790741713824 7256072 19542204 7862632
1790741713884 7256072 19542204 7862632
1790741713944 7256072 19542204 7862632
1790741714004 7256072 19542204 7862632
1790741714070 7218576 19542204 7862632
1790741714134 7218576 19542204 7862632
1790741714194 7218576 19542204 7862632
1790741714254 7218576 19542204 7862632
1790741714314 7218576 19542204 7862632
1790741714373 7218576 19542204 7862632
1790741714432 7218576 19542204 7862632
1790741714491 7218576 19542204 7862632
1790741714551 7218576 19542204 7862632
1790741714610 7218576 19542204 7862632
1790741714670 7218576 19542204 7862632
1790741714730 7218576 19542204 7862632
1790741714789 7218576 19542204 7862632
1790741714850 7218604 19542204 7862632
1790741714914 7219328 19542204 7862632
1790741714982 7219328 19542204 7862632
1790741715050 7222064 19542204 7862632
1790741715114 7222064 19542204 7862632
1790741715175 7222064 19542204 7862632
1790741715236 7222064 19542204 7862632
1790741715299 7232548 19542204 7862632
1790741715371 7250916 19542204 7862632
1790741715440 7257704 19542204 7862632
1790741715504 7257704 19542204 7862632
1790741715577 7267304 19542204 7862632
1790741715645 7268264 19542204 7862632
1790741715715 7277480 19542204 7862632
1790741715784 7287528 19542204 7862632
1790741715853 7292716 19542204 7862632
1790741715924 7305004 19542204 7862632
1790741715993 7319788 19542204 7862632
1790741716056 7320172 19542204 7862632
1790741716121 7331116 19542204 7862632
1790741716191 7332660 19542204 7862632
1790741716262 7347640 19542204 7862632
1790741716334 7361464 19542204 7862632
1790741716397 7361464 19542204 7862632
1790741716469 7377792 19542204 7862632
1790741716544 7385676 19542204 7862632
1790741716616 7395264 19542204 7862632
1790741716688 7415040 19542204 7862632
1790741716752 7430784 19542204 7862632
1790741716816 7433476 19542204 7862632
1790741716881 7458124 19542204 7862632
1790741716954 7458124 19542204 7862632
1790741717029 7491812 19542204 7862632
1790741717102 7496236 19542204 7862632
1790741717179 7522740 19542204 7862632
1790741717251 7546740 19542204 7862632
1790741717326 7556348 19542204 7862632
1790741717402 7587072 19542204 7862632
1790741717482 7623556 19542204 7862632
1790741717556 7623556 19542204 7862632
1790741717629 7623256 19542204 7862632
1790741717698 7467376 19542204 7862632
1790741717764 7467376 19542204 7862632
1790741717829 7467376 19542204 7862632
1790741717887 7467376 19542204 7862632
1790741717958 7373532 19542204 7862632
1790741718024 7361240 19542204 7862632
1790741718090 7361264 19542204 7862632
1790741718156 7361240 19542204 7862632
1790741718213 7361244 19542204 7862632
1790741718271 7361240 19542204 7862632
1790741718338 7361240 19542204 7862632
1790741718402 7361240 19542204 7862632
1790741718459 7361268 19542204 7862632
1790741718520 7361268 19542204 7862632
1790741718588 7317972 19542204 7862632
1790741718655 7317972 19542204 7862632
1790741718720 7317972 19542204 7862632
1790741718787 7317972 19542204 7862632
1790741718854 7317972 19542204 7862632
1790741718924 7318000 19542204 7862632
1790741718994 7318000 19542204 7862632
1790741719061 7318000 19542204 7862632
1790741719125 7318024 19542204 7862632
1790741719191 7318000 19542204 7862632
1790741719254 7318004 19542204 7862632
1790741719318 7318000 19542204 7862632
1790741719383 7318000 19542204 7862632
1790741719448 7318000 19542204 7862632
1790741719509 7318028 19542204 7862632
1790741719577 7318000 19542204 7862632
1790741719638 7318000 19542204 7862632
1790741719703 7318000 19542204 7862632
1790741719766 7318000 19542204 7862632
1790741719823 7318000 19542204 7862632
1790741719889 7318000 19542204 7862632
1790741719958 7318000 19542204 7862632
1790741720024 7318000 19542204 7862632
1790741720090 7318000 19542204 7862632
1790741720153 7318024 19542204 7862632
1790741720211 7318000 19542204 7862632
1790741720268 7318004 19542204 7862632
1790741720326 7318000 19542204 7862632
1790741720383 7318000 19542204 7862632
1790741720449 7318000 19542204 7862632
1790741720513 7318000 19542204 7862632
1790741720578 7318000 19542204 7862632
1790741720646 7318000 19542204 7862632
1790741720712 7318000 19542204 7862632
1790741720775 7318000 19542204 7862632
1790741720839 7318000 19542204 7862632
1790741720897 7318000 19542204 7862632
1790741720962 7318000 19542204 7862632
1790741721027 7318000 19542204 7862632
1790741721096 7318000 19542204 7862632
1790741721161 7318012 19542204 7862632
1790741721225 7318000 19542204 7862632
1790741721288 7318000 19542204 7862632
1790741721352 7318000 19542204 7862632
1790741721417 7318000 19542204 0
1790741721480 7318000 19542204 7862632
1790741721543 7318000 19542204 7862632
1790741721610 7318000 19542204 7862632
1790741721678 7318000 19542204 7862632
1790741721745 7318000 19542204 7862632
1790741721809 7318000 19542204 7862632
1790741721875 7318000 19542204 7862632
1790741721935 7318000 19542204 7862632
1790741721997 7318000 19542204 7862632
1790741722063 7318000 19542204 7862632
1790741722134 7318000 19542204 7862632
1790741722198 7318012 19542204 7862632
1790741722263 7318000 19542204 7862632
1790741722327 7318000 19542204 7862632
1790741722391 7318000 19542204 7862632
1790741722455 7318000 19542204 7862632
1790741722513 7318000 19542204 7862632
1790741722570 7318000 19542204 7862632
1790741722629 7318056 19542204 7862632
1790741722690 7318008 19542204 7862632
1790741722748 7318028 19542204 7862632
1790741722813 7318028 19542204 7862632
1790741722877 7318028 19542204 7862632
1790741722940 7318028 19542204 7862632
1790741723003 7318028 19542204 7862632
1790741723066 7318028 19542204 7862632
1790741723128 7318028 19542204 7862632
1790741723195 7318000 19542204 7862632
1790741723262 7318008 19542204 7862632
1790741723330 7318008 19542204 7862632
1790741723397 7318028 19542204 7862632
1790741723460 7318028 19542204 7862632
1790741723523 7318028 19542204 7862632
1790741723587 7318028 19542204 7862632
1790741723649 7318028 19542204 7862632
1790741723713 7318028 19542204 7862632
1790741723775 7318000 19542204 7862632
1790741723854 7318000 19542204 7862632
1790741723917 7318000 19542204 7862632
1790741723984 7318000 19542204 7862632
1790741724054 7318000 19542204 7862632
1790741724111 7318000 19542204 7862632
1790741724181 7318000 19542204 7862632
1790741724244 7318012 19542204 7862632
1790741724308 7318000 19542204 7862632
1790741724371 7318000 19542204 7862632
1790741724435 7318000 19542204 7862632
1790741724498 7318000 19542204 7862632
1790741724563 7318000 19542204 7862632
1790741724626 7318000 19542204 7862632
1790741724693 7318000 19542204 7862632
1790741724760 7318000 19542204 7862632
1790741724826 7318000 19542204 7862632
1790741724889 7318000 19542204 7862632
1790741724957 7318000 19542204 7862632
1790741725022 7318000 19542204 7862632
1790741725094 7318000 19542204 7862632
1790741725160 7318000 19542204 7862632
1790741725228 7318000 19542204 7862632
1790741725292 7318012 19542204 7862632
1790741725357 7318000 19542204 7862632
1790741725420 7318004 19542204 7862632
1790741725484 7318000 19542204 7862632
1790741725548 7318000 19542204 7862632
1790741725612 7318000 19542204 7862632
1790741725669 7318028 19542204 7862632
1790741725728 7318000 19542204 7862632
1790741725797 7318000 19542204 7862632
1790741725862 7318000 19542204 7862632
1790741725937 7318000 19542204 7862632
1790741725995 7318000 19542204 7862632
1790741726054 7318000 19542204 7862632
1790741726118 7318000 19542204 7862632
1790741726177 7318000 19542204 7862632
1790741726237 7318000 19542204 7862632
1790741726301 7318012 19542204 7862632
1790741726366 7318000 19542204 7862632
1790741726421 7318000 19542204 7862632
1790741726478 7318008 19542204 7862632
1790741726535 7318000 19542204 7862632
1790741726599 7318000 19542204 7862632
1790741726662 7318000 19542204 7862632
1790741726720 7318056 19542204 7862632
1790741726781 7318000 19542204 7862632
1790741726841 7318000 19542204 7862632
1790741726906 7318000 19542204 7862632
1790741726969 7318000 19542204 7862632
1790741727035 7318000 19542204 7862632
1790741727101 7318000 19542204 7862632
1790741727167 7318000 19542204 7862632
1790741727237 7318000 19542204 7862632
1790741727295 7318000 19542204 7862632
1790741727352 7318024 19542204 7862632
1790741727409 7318000 19542204 7862632
1790741727465 7318004 19542204 7862632
1790741727524 7318000 19542204 7862632
1790741727589 7318000 19542204 7862632
1790741727655 7318000 19542204 7862632
1790741727719 7318028 19542204 7862632
1790741727802 7318000 19542204 7862632
1790741727862 7318000 19542204 7862632
1790741727926 7318000 19542204 7862632
1790741727989 7318000 19542204 7862632
1790741728054 7318000 19542204 7862632
1790741728118 7318000 19542204 7862632
1790741728188 7318000 19542204 7862632
1790741728255 7318000 19542204 7862632
1790741728322 7318000 19542204 7862632
1790741728385 7318012 19542204 7862632
1790741728451 7318000 19542204 7862632
1790741728512 7318004 19542204 7862632
1790741728577 7318000 19542204 7862632
1790741728641 7318000 19542204 7862632
1790741728706 7318000 19542204 7862632
1790741728762 7318028 19542204 7862632
1790741728821 7318000 19542204 7862632
1790741728889 7318000 19542204 7862632
1790741728954 7318000 19542204 7862632
1790741729012 7318000 19542204 7862632
1790741729070 7318000 19542204 7862632
1790741729129 7318000 19542204 7862632
1790741729200 7318000 19542204 7862632
1790741729264 7318000 19542204 7862632
1790741729333 7318000 19542204 7862632
1790741729397 7318012 19542204 7862632
1790741729460 7318000 19542204 7862632
1790741729516 7318000 19542204 7862632
1790741729572 7318008 19542204 7862632
1790741729630 7318000 19542204 7862632
1790741729688 7318000 19542204 7862632
1790741729746 7318000 19542204 7862632
1790741729810 7318028 19542204 7862632
1790741729879 7318000 19542204 7862632
1790741729947 7318000 19542204 7862632
1790741730013 7318000 19542204 7862632
1790741730077 7318000 19542204 7862632
1790741730144 7318000 19542204 7862632
1790741730211 7318000 19542204 7862632
1790741730277 7318000 19542204 7862632
1790741730347 7318000 19542204 7862632
1790741730405 7318000 19542204 7862632
1790741730468 7318024 19542204 7862632
1790741730530 7318000 19542204 7862632
1790741730587 7318004 19542204 7862632
1790741730644 7318000 19542204 7862632
1790741730710 7318000 19542204 7862632
1790741730772 7318000 19542204 7862632
1790741730835 7318028 19542204 7862632
1790741730902 7318000 19542204 7862632
1790741730970 7318000 19542204 7862632
1790741731036 7318000 19542204 7862632
1790741731098 7318000 19542204 7862632
1790741731164 7318000 19542204 7862632
1790741731232 7318000 19542204 7862632
1790741731298 7318000 19542204 7862632
1790741731365 7318000 19542204 7862632
1790741731436 7318000 19542204 7862632
1790741731509 7326860 19542204 7862632
1790741731580 7338304 19542204 7862632
1790741731651 7343504 19542204 7862632
1790741731724 7360016 19542204 7862632
1790741731792 7361360 19542204 7862632
1790741731863 7379412 19542204 7862632
1790741731938 7393432 19542204 7862632
1790741732008 7393432 19542204 7862632
1790741732079 7393432 0 7862632
1790741732146 7393432 19542204 7862632
1790741732211 7393432 19542204 7862632
1790741732275 7393432 19542204 7862632
1790741732339 7393432 19542204 7862632
1790741732401 7393432 19542204 7862632
1790741732464 7393432 19542204 7862632
1790741732520 7393432 19542204 7862632
1790741732583 7393432 19542204 7862632
1790741732645 7393432 19542204 7862632
1790741732709 7393432 19542204 7862632
1790741732771 7393432 19542204 7862632
1790741732835 7393432 19542204 7862632
1790741732899 7393432 19542204 7862632
1790741732962 7393432 19542204 7862632
1790741733024 7393432 19542204 7862632
1790741733087 7393432 19542204 7862632
1790741733150 7393432 19542204 7862632
1790741733213 7393432 19542204 7862632
1790741733282 7331136 19542204 7862632
1790741733346 7331136 19542204 7862632
1790741733408 7331136 19542204 7862632
1790741733470 7331136 19542204 7862632
1790741733533 7331136 19542204 7862632
1790741733596 7331136 19542204 7862632
1790741733658 7331136 19542204 7862632
1790741733720 7331136 19542204 7862632
1790741733783 7331136 19542204 7862632
1790741733846 7331136 19542204 7862632
1790741733908 7331136 19542204 7862632
1790741733971 7331136 19542204 7862632
1790741734035 7331136 19542204 7862632
1790741734104 7331136 19542204 7862632
1790741734173 7331136 19542204 7862632
1790741734238 7331136 19542204 7862632
1790741734299 7331136 19542204 7862632
1790741734360 7331136 19542204 7862632
1790741734425 7331136 19542204 7862632
1790741734497 7331136 19542204 7862632
1790741734569 7331136 19542204 7862632
1790741734637 7331136 19542204 7862632
1790741734709 7333824 19542204 7862632
1790741734778 7339868 19542204 7862632
1790741734849 7339868 19542204 7862632
1790741734919 7343592 19542204 7862632
1790741734991 7351564 19542204 7862632
1790741735060 7353296 19542204 7862632
1790741735131 7365592 19542204 7862632
1790741735194 7381208 19542204 7862632
1790741735257 7381208 19542204 7862632
1790741735329 7399640 19542204 7862632
1790741735400 7405596 19542204 7862632
1790741735471 7419420 19542204 7862632
1790741735535 7436892 19542204 7862632
1790741735599 7436892 19542204 7862632
1790741735663 7454752 19542204 7862632
1790741735727 7454752 19542204 7862632
1790741735795 7472228 19542204 7862632
1790741735866 7492784 19542204 7862632
1790741735932 7492784 19542204 7862632
1790741735995 7509500 19542204 7862632
1790741736069 7510652 19542204 7862632
1790741736142 7526028 19542204 7862632
1790741736195 7532624 19542204 7862632
1790741736269 7551000 19542204 7862632
1790741736341 7578268 19542204 7862632
1790741736407 7580956 19542204 7862632
1790741736474 7608608 19542204 7862632
1790741736538 7616348 19542204 7862632
1790741736613 7639328 19542204 7862632
1790741736688 7670240 19542204 7862632
1790741736766 7674464 19542204 7862632
1790741736845 7699436 19542204 7862632
1790741736924 7730928 19542204 7862632
1790741736997 7741980 19542204 7862632
1790741737065 7766844 19542204 7862632
1790741737134 7801224 19542204 7862632
1790741737673 7880144 19542204 7880144
1790741738374 7788836 19542204 7873256
1790741738443 7788740 19542204 7873256
1790741738513 7425156 19542204 7873256
1790741738575 7228144 19542204 7873256
1790741738644 7228532 19542204 7873256
1790741738713 7228532 19542204 7873256
1790741738781 7229132 19542204 7873256
1790741738842 7229124 19542204 7873256
1790741738910 7229072 19542204 7873256
1790741738977 7229072 19542204 7873256
1790741739045 7234964 19542204 7873256
1790741739115 7241364 19542204 7873256
1790741739179 7242900 19542204 7873256
1790741739243 7244440 19542204 7873256
1790741739312 7247000 19542204 7873256
1790741739380 7249560 19542204 7873256
1790741739450 7255120 19542204 7873256
1790741739518 7258196 19542204 7873256
1790741739588 7262356 19542204 7873256
1790741739657 7267156 19542204 7873256
1790741739719 7272468 19542204 7873256
1790741739780 7272660 19542204 7873256
1790741739851 7275924 19542204 7873256
1790741739922 7278228 19542204 7873256
1790741739993 7282972 19542204 7873256
1790741740063 7286816 19542204 7873256
1790741740134 7293076 19542204 7873256
1790741740206 7296724 19542204 7873256
1790741740277 7300568 19542204 7873256
1790741740348 7306840 19542204 7873256
1790741740419 7309912 19542204 7873256
1790741740490 7312932 19542204 7873256
1790741740561 7317540 19542204 7873256
1790741740633 7322340 19542204 7873256
1790741740706 7328408 19542204 7873256
1790741740777 7332248 19542204 7873256
1790741740848 7338140 19542204 7873256
1790741740921 7341980 19542204 7873256
1790741740992 7345820 19542204 7873256
1790741741062 7307860 19542204 7873256
1790741741127 7307860 19542204 7873256
1790741741190 7307860 19542204 7873256
1790741741246 7307860 19542204 7873256
1790741741308 7234260 19542204 7873256
1790741741373 7249084 19542204 7873256
1790741741438 7307860 19542204 7873256
1790741741495 7307860 19542204 7873256
1790741741550 7307860 19542204 7873256
1790741741605 7307860 19542204 7873256
1790741741660 7307860 19542204 7873256
1790741741716 7307860 19542204 7873256
1790741741770 7307860 19542204 7873256
1790741741825 7307860 19542204 7873256
1790741741887 7307860 19542204 7873256
1790741741948 7307860 19542204 7873256
1790741742009 7307860 19542204 7873256
1790741742070 7307860 19542204 7873256
1790741742131 7307860 19542204 7873256
1790741742192 7307860 19542204 7873256
1790741742253 7307860 19542204 7873256
1790741742314 7307860 19542204 7873256
1790741742377 7270408 19542204 7873256
1790741742443 7271792 19542204 7873256
1790741742507 7271792 19542204 7873256
1790741742567 7271792 19542204 7873256
1790741742627 7271792 19542204 7873256
1790741742688 7271792 19542204 7873256
1790741742749 7271792 19542204 7873256
1790741742811 7271792 19542204 7873256
1790741742872 7271792 19542204 7873256
1790741742933 7271792 19542204 7873256
1790741742994 7271792 19542204 7873256
1790741743055 7271792 19542204 7873256
1790741743116 7271792 19542204 7873256
1790741743177 7271792 19542204 7873256
1790741743239 7271792 19542204 7873256
1790741743307 7272792 19542204 7873256
1790741743375 7273480 19542204 7873256
1790741743440 7273800 19542204 7873256
1790741743503 7273800 19542204 7873256
1790741743563 7273800 19542204 7873256
1790741743624 7273800 19542204 7873256
1790741743689 7298140 19542204 7873256
1790741743759 7304284 19542204 7873256
1790741743830 7312960 19542204 7873256
1790741743898 7316800 19542204 7873256
1790741743969 7322560 19542204 7873256
1790741744041 7331584 19542204 7873256
1790741744110 7332544 19542204 7873256
1790741744174 7339072 19542204 7873256
1790741744234 7343876 19542204 7873256
1790741744305 7350984 19542204 7873256
1790741744378 7360584 19542204 7873256
1790741744449 7361736 19542204 7873256
1790741744522 7375116 19542204 7873256
1790741744593 7392016 19542204 7873256
1790741744657 7393744 19542204 7873256
1790741744729 7408724 19542204 7873256
1790741744800 7425428 19542204 7873256
1790741744873 7426196 19542204 7873256
1790741744943 7443092 19542204 7873256
1790741745007 7444436 19542204 7873256
1790741745082 7462488 19542204 7873256
1790741745145 7479776 19542204 7873256
1790741745218 7480928 19542204 7873256
1790741745292 7500152 19542204 7873256
1790741745355 7518828 19542204 7873256
1790741745429 7528836 19542204 7873256
1790741745491 7556680 19542204 7873256
1790741745566 7560332 19542204 7873256
1790741745643 7587980 19542204 7873256
1790741745711 7620240 19542204 7873256
1790741745777 7621292 19542204 7873256
1790741745849 7654420 19542204 7873256
1790741745924 7654420 19542204 7873256
1790741745997 7616776 19542204 7873256
1790741746066 7616776 19542204 7873256
1790741746124 7616776 19542204 7873256
1790741746183 7616776 19542204 7873256
1790741746242 7616776 19542204 7873256
1790741746318 7429916 19542204 7873256
1790741746383 7429916 19542204 7873256
1790741746441 7429916 19542204 7873256
1790741746500 7429928 0 7873256
1790741746558 7429920 19542204 7873256
1790741746619 7429916 19542204 0
1790741746679 7429916 19542204 7873256
1790741746739 7429916 19542204 7873256
1790741746796 7429944 19542204 7873256
1790741746858 7411860 19542204 7873256
1790741746928 7411872 19542204 7873256
1790741746997 7411860 19542204 7873256
1790741747062 7411860 19542204 7873256
1790741747123 7411860 19542204 7873256
1790741747182 7411860 19542204 7873256
1790741747247 7411860 19542204 7873256
1790741747312 7411860 19542204 7873256
1790741747377 7411860 19542204 7873256
1790741747441 7411860 19542204 7873256
1790741747499 7411860 19542204 7873256
1790741747556 7411860 19542204 7873256
1790741747616 7411860 19542204 7873256
1790741747675 7411860 19542204 7873256
1790741747748 7395536 19542204 7873256
1790741747816 7395536 19542204 7873256
1790741747877 7395536 19542204 7873256
1790741747943 7395548 19542204 7873256
1790741748009 7395536 19542204 7873256
1790741748073 7395536 19542204 7873256
1790741748139 7395536 19542204 7873256
1790741748205 7395536 19542204 7873256
1790741748271 7395536 19542204 7873256
1790741748334 7395564 19542204 7873256
1790741748403 7395536 19542204 7873256
1790741748472 7395536 19542204 7873256
1790741748539 7395536 19542204 7873256
1790741748605 7395536 19542204 7873256
1790741748672 7395536 19542204 7873256
1790741748742 7395536 19542204 7873256
1790741748808 7395536 19542204 7873256
1790741748879 7395536 19542204 7873256
1790741748947 7395536 19542204 7873256
1790741749011 7395536 19542204 7873256
1790741749075 7395536 19542204 7873256
1790741749140 7395544 19542204 7873256
1790741749206 7395536 19542204 7873256
1790741749273 7395536 19542204 7873256
1790741749338 7395536 19542204 7873256
1790741749406 7397384 19542204 7873256
1790741749475 7397384 19542204 7873256
1790741749542 7397404 19542204 7873256
1790741749607 7397404 19542204 7873256
1790741749671 7397404 19542204 7873256
1790741749736 7397404 19542204 7873256
1790741749799 7397404 19542204 7873256
1790741749856 7397404 19542204 7873256
1790741749913 7397404 19542204 7873256
1790741749973 7397376 19542204 7873256
1790741750043 7397376 19542204 7873256
1790741750108 7397376 19542204 7873256
1790741750167 7397376 19542204 7873256
1790741750233 7397376 19542204 7873256
1790741750303 7397376 19542204 7873256
1790741750370 7397376 19542204 7873256
1790741750441 7397376 19542204 7873256
1790741750508 7397376 19542204 7873256
1790741750577 7404320 19542204 7873256
1790741750640 7404320 19542204 7873256
1790741750702 7404340 19542204 7873256
1790741750768 7404340 19542204 7873256
1790741750834 7404340 19542204 7873256
1790741750899 7404340 19542204 7873256
1790741750958 7404340 19542204 7873256
1790741751024 7404340 19542204 7873256
1790741751106 7404312 19542204 7873256
1790741751170 7404312 19542204 7873256
1790741751234 7404320 19542204 7873256
1790741751298 7404312 19542204 7873256
1790741751363 7404312 19542204 7873256
1790741751427 7404312 19542204 7873256
1790741751494 7404312 19542204 7873256
1790741751563 7404312 19542204 7873256
1790741751648 7404312 19542204 7873256
1790741751714 7404312 19542204 7873256
1790741751780 7404312 19542204 7873256
1790741751847 7404312 19542204 7873256
1790741751912 7404312 19542204 7873256
1790741751970 7404312 19542204 7873256
1790741752041 7404312 19542204 7873256
1790741752105 7404324 19542204 7873256
1790741752171 7404312 19542204 7873256
1790741752229 7404312 19542204 7873256
1790741752286 7404320 19542204 7873256
1790741752352 7404312 19542204 7873256
1790741752418 7404312 19542204 7873256
1790741752476 7404312 19542204 7873256
1790741752551 7404312 19542204 7873256
1790741752621 7404312 19542204 7873256
1790741752687 7404312 19542204 7873256
1790741752744 7404312 19542204 7873256
1790741752802 7404312 19542204 7873256
1790741752869 7404312 19542204 7873256
1790741752942 7404312 19542204 7873256
1790741753010 7404312 19542204 7873256
1790741753079 7404312 19542204 7873256
1790741753144 7404324 19542204 7873256
1790741753212 7404312 19542204 7873256
1790741753276 7404316 19542204 7873256
1790741753335 7404312 19542204 7873256
1790741753401 7404312 19542204 7873256
1790741753469 7404312 19542204 7873256
1790741753533 7404340 19542204 7873256
1790741753595 7404312 19542204 7873256
1790741753664 7404312 19542204 7873256
1790741753730 7404312 19542204 7873256
1790741753788 7404312 19542204 7873256
1790741753847 7404312 19542204 7873256
1790741753907 7404312 19542204 7873256
1790741753979 7404312 19542204 7873256
1790741754048 7404312 19542204 7873256
1790741754108 7404312 19542204 7873256
1790741754164 7404324 19542204 7873256
1790741754233 7404312 19542204 7873256
1790741754297 7404316 19542204 7873256
1790741754357 7404312 19542204 7873256
1790741754424 7404312 19542204 7873256
1790741754490 7404312 19542204 7873256
1790741754546 7404352 19542204 7873256
1790741754609 7404336 19542204 7873256
1790741754681 7404340 19542204 7873256
1790741754750 7404340 19542204 7873256
1790741754812 7404400 19542204 7873256
1790741754882 7404400 19542204 7873256
1790741754950 7404400 19542204 7873256
1790741755018 7404400 19542204 7873256
1790741755085 7404400 19542204 7873256
1790741755147 7404400 19542204 7873256
1790741755207 7404400 19542204 7873256
1790741755274 7404400 19542204 7873256
1790741755341 7404316 19542204 7873256
1790741755409 7404316 19542204 7873256
1790741755470 7404316 19542204 7873256
1790741755527 7404316 19542204 7873256
1790741755585 7404316 19542204 7873256
1790741755653 7404316 19542204 7873256
1790741755724 7404316 19542204 7873256
1790741755788 7404316 19542204 7873256
1790741755852 7404316 19542204 7873256
1790741755910 7404316 19542204 7873256
1790741755968 7404316 19542204 7873256
1790741756032 7404316 19542204 7873256
1790741756095 7404324 19542204 7873256
1790741756161 7404316 19542204 7873256
1790741756219 7404316 19542204 7873256
1790741756278 7404316 19542204 7873256
1790741756343 7404372 19542204 7873256
1790741756412 7404316 19542204 7873256
1790741756481 7404316 19542204 7873256
1790741756540 7404316 19542204 7873256
1790741756605 7404316 19542204 7873256
1790741756672 7404316 19542204 7873256
1790741756733 7404316 19542204 7873256
1790741756793 7404316 19542204 7873256
1790741756865 7404316 19542204 7873256
1790741756932 7404316 19542204 7873256
1790741756997 7404316 19542204 7873256
1790741757061 7404316 19542204 7873256
1790741757117 7404324 19542204 7873256
1790741757183 7404316 19542204 7873256
1790741757249 7404316 19542204 7873256
1790741757312 7404316 19542204 7873256
1790741757370 7404372 19542204 7873256
1790741757439 7404316 19542204 7873256
1790741757508 7404316 19542204 7873256
1790741757574 7404316 19542204 7873256
1790741757639 7404316 19542204 7873256
1790741757705 7404316 19542204 7873256
1790741757775 7404316 19542204 7873256
1790741757842 7404316 19542204 7873256
1790741757906 7404316 19542204 7873256
1790741757973 7404316 19542204 7873256
1790741758038 7404340 19542204 7873256
1790741758104 7404316 19542204 7873256
1790741758169 7404320 19542204 7873256
1790741758235 7404316 19542204 7873256
1790741758301 7404316 19542204 7873256
1790741758365 7404316 19542204 7873256
1790741758430 7404372 19542204 7873256
1790741758499 7404316 19542204 7873256
1790741758567 7404316 19542204 7873256
1790741758627 7404316 19542204 7873256
1790741758685 7404316 19542204 7873256
1790741758744 7404316 19542204 7873256
1790741758814 7404316 19542204 7873256
1790741758879 7404316 19542204 7873256
1790741758952 7404332 19542204 7873256
1790741759017 7404316 19542204 7873256
1790741759082 7404316 19542204 7873256
1790741759146 7404316 19542204 7873256
1790741759210 7404316 19542204 7873256
1790741759274 7404316 19542204 7873256
1790741759340 7404316 19542204 7873256
1790741759403 7404316 19542204 7873256
1790741759470 7404316 19542204 7873256
1790741759540 7404316 19542204 7873256
1790741759607 7404316 19542204 7873256
1790741759672 7404316 0 7873256
1790741759736 7404316 19542204 7873256
1790741759820 7404316 19542204 7873256
1790741759889 7404316 19542204 7873256
1790741759957 7404316 19542204 7873256
1790741760025 7404316 19542204 7873256
1790741760091 7411276 19542204 7873256
1790741760160 7411260 19542204 7873256
1790741760226 7411280 19542204 7873256
1790741760290 7411280 19542204 7873256
1790741760354 7411280 19542204 7873256
1790741760411 7411280 19542204 7873256
1790741760469 7411280 19542204 7873256
1790741760527 7411280 19542204 7873256
1790741760584 7411280 19542204 7873256
1790741760642 7411252 19542204 7873256
1790741760699 7411256 19542204 7873256
1790741760758 7411252 19542204 7873256
1790741760817 7411252 19542204 7873256
1790741760884 7411252 19542204 7873256
1790741760947 7411280 19542204 7873256
1790741761015 7411268 19542204 7873256
1790741761075 7411268 19542204 7873256
1790741761134 7411288 19542204 7873256
1790741761192 7411288 19542204 7873256
1790741761250 7411288 19542204 7873256
1790741761314 7411288 19542204 7873256
1790741761378 7411288 19542204 7873256
1790741761442 7411288 19542204 7873256
1790741761507 7411252 19542204 7873256
1790741761576 7411276 19542204 7873256
1790741761643 7411252 19542204 7873256
1790741761708 7411252 19542204 7873256
1790741761766 7411252 19542204 7873256
1790741761833 7411252 19542204 7873256
1790741761902 7411252 19542204 7873256
1790741761962 7411252 19542204 7873256
1790741762028 7415284 19542204 7873256
1790741762102 7421624 19542204 7873256
1790741762172 7422584 19542204 7873256
1790741762236 7428728 19542204 7873256
1790741762302 7441316 19542204 7873256
1790741762366 7441316 19542204 7873256
1790741762432 7451876 19542204 7873256
1790741762496 7465128 19542204 7873256
1790741762561 7465128 19542204 7873256
1790741762636 7465128 19542204 7873256
1790741762705 7421656 19542204 7873256
1790741762771 7421656 19542204 7873256
1790741762836 7421656 19542204 7873256
1790741762899 7421656 19542204 7873256
1790741762962 7421656 19542204 7873256
1790741763025 7421656 19542204 7873256
1790741763088 7421656 19542204 7873256
1790741763150 7421656 19542204 7873256
1790741763213 7421656 19542204 7873256
1790741763275 7421656 19542204 7873256
1790741763337 7421656 19542204 7873256
1790741763399 7421656 19542204 7873256
1790741763461 7421656 19542204 7873256
1790741763524 7421656 19542204 7873256
1790741763580 7421656 19542204 7873256
1790741763644 7421656 19542204 7873256
1790741763707 7421656 19542204 7873256
1790741763770 7421656 19542204 7873256
1790741763827 7421656 19542204 7873256
1790741763896 7421656 19542204 7873256
1790741763960 7421656 19542204 7873256
1790741764023 7421656 19542204 7873256
1790741764079 7421656 19542204 7873256
1790741764142 7421656 19542204 7873256
1790741764205 7421656 19542204 7873256
1790741764268 7421656 19542204 7873256
1790741764331 7421656 19542204 7873256
1790741764394 7421656 19542204 7873256
1790741764450 7421656 19542204 7873256
1790741764513 7421656 19542204 7873256
1790741764576 7421656 19542204 7873256
1790741764634 7421656 19542204 7873256
1790741764693 7421656 19542204 7873256
1790741764755 7421656 19542204 7873256
1790741764826 7360140 19542204 7873256
1790741764892 7360140 19542204 7873256
1790741764954 7360140 19542204 7873256
1790741765016 7360140 19542204 7873256
1790741765080 7360140 19542204 7873256
1790741765153 7363276 19542204 7873256
1790741765226 7367308 19542204 7873256
1790741765296 7367308 19542204 7873256
1790741765367 7369996 19542204 7873256
1790741765441 7371340 19542204 7873256
1790741765511 7371532 19542204 7873256
1790741765582 7374796 19542204 7873256
1790741765655 7381836 19542204 7873256
1790741765724 7390992 19542204 7873256
1790741765796 7395472 19542204 7873256
1790741765869 7410516 19542204 7873256
1790741765938 7412820 19542204 7873256
1790741766010 7427804 19542204 7873256
1790741766080 7442396 19542204 7873256
1790741766152 7443932 19542204 7873256
1790741766226 7461980 19542204 7873256
1790741766295 7477340 19542204 7873256
1790741766360 7477340 19542204 7873256
1790741766433 7495204 19542204 7873256
1790741766507 7510596 19542204 7873256
1790741766582 7513064 19542204 7873256
1790741766640 7533044 19542204 7873256
1790741766715 7535352 19542204 7873256
1790741766790 7558024 19542204 7873256
1790741766865 7586264 19542204 7873256
1790741766940 7589532 19542204 7873256
1790741767013 7614492 19542204 7873256
1790741767089 7641376 19542204 7873256
1790741767162 7644640 19542204 7873256
1790741767230 7671904 19542204 7873256
1790741767293 7681888 19542204 7873256
1790741767361 7703968 19542204 7873256
1790741767427 7738148 19542204 7873256
1790741767504 7749096 19542204 7873256
1790741767583 7770232 19542204 7873256
1790741767659 7804796 19542204 7873256
1790741767734 7809212 19542204 7873256
1790741767814 7839940 19542204 7873256
1790741767884 7839940 19542204 7873256
1790741767953 7839940 19542204 7873256
1790741768020 7839940 19542204 7873256
1790741768089 7839940 19542204 7873256
1790741768157 7839940 19542204 7873256
1790741768236 7881224 19542204 7881224
1790741768851 7709952 19542204 7911276
1790741768933 7719620 19542204 7911276
1790741769016 7719632 19542204 7911276
1790741769085 7719512 19542204 7911276
1790741769163 7494824 19542204 7911276
1790741769237 7376656 19542204 7911276
1790741769304 7331456 19542204 7911276
1790741769374 7331456 19542204 7911276
1790741769443 7332004 19542204 7911276
1790741769512 7332056 19542204 7911276
1790741769580 7332004 19542204 7911276
1790741769648 7283928 19542204 7911276
1790741769714 7286836 19542204 7911276
1790741769785 7295352 19542204 7911276
1790741769855 7296504 19542204 7911276
1790741769926 7297272 19542204 7911276
1790741769997 7299384 19542204 7911276
1790741770066 7300924 19542204 7911276
1790741770139 7303100 19542204 7911276
1790741770209 7305980 19542204 7911276
1790741770281 7308860 19542204 7911276
1790741770351 7311484 19542204 7911276
1790741770415 7314556 19542204 7911276
1790741770486 7318396 19542204 7911276
1790741770558 7322044 19542204 7911276
1790741770629 7325692 19542204 7911276
1790741770701 7329892 19542204 7911276
1790741770772 7333348 19542204 7911276
1790741770844 7337188 19542204 7911276
1790741770916 7341796 19542204 7911276
1790741770988 7345444 19542204 7911276
1790741771060 7348712 19542204 7911276
1790741771130 7351976 19542204 7911276
1790741771203 7355820 19542204 7911276
1790741771274 7359444 19542204 7911276
1790741771347 7361752 19542204 7911276
1790741771417 7364824 19542204 7911276
1790741771483 7367704 19542204 7911276
1790741771548 7370392 19542204 7911276
1790741771612 7373272 19542204 7911276
1790741771676 7373272 19542204 7911276
1790741771736 7373272 19542204 7911276
1790741771795 7373272 19542204 7911276
1790741771854 7373272 19542204 7911276
1790741771910 7373272 19542204 7911276
1790741771967 7373272 19542204 7911276
1790741772034 7299672 19542204 7911276
1790741772100 7373272 19542204 7911276
1790741772164 7373272 19542204 7911276
1790741772228 7373272 19542204 7911276
1790741772291 7373272 19542204 7911276
1790741772353 7373272 19542204 7911276
1790741772416 7373272 19542204 7911276
1790741772477 7373272 19542204 7911276
1790741772540 7373272 19542204 7911276
1790741772603 7373272 19542204 7911276
1790741772665 7373272 19542204 7911276
1790741772726 7373272 19542204 7911276
1790741772789 7373272 19542204 7911276
1790741772854 7373272 19542204 7911276
1790741772917 7373272 19542204 7911276
1790741772979 7373272 19542204 7911276
1790741773036 7373272 19542204 7911276
1790741773098 7373272 19542204 7911276
1790741773156 7373272 19542204 7911276
1790741773212 7373272 19542204 7911276
1790741773269 7373272 19542204 7911276
1790741773325 7373272 19542204 7911276
1790741773381 7373272 19542204 7911276
1790741773438 7373272 19542204 7911276
1790741773495 7373272 19542204 7911276
1790741773552 7373272 19542204 7911276
1790741773609 7373272 19542204 7911276
1790741773665 7373272 19542204 7911276
1790741773722 7373272 19542204 7911276
1790741773778 7373272 19542204 7911276
1790741773836 7373272 19542204 7911276
1790741773901 7373272 19542204 7911276
1790741773971 7373272 19542204 7911276
1790741774041 7327696 19542204 7911276
1790741774107 7327696 19542204 7911276
1790741774169 7327696 19542204 7911276
1790741774225 7327696 19542204 7911276
1790741774282 7327696 19542204 7911276
1790741774356 7330640 19542204 7911276
1790741774425 7334096 19542204 7911276
1790741774488 7334096 19542204 7911276
1790741774561 7337936 19542204 7911276
1790741774632 7338896 19542204 7911276
1790741774703 7341200 19542204 7911276
1790741774776 7341584 19542204 7911276
1790741774849 7345232 19542204 7911276
1790741774918 7346576 19542204 7911276
1790741774983 7353620 19542204 7911276
1790741775053 7360188 19542204 7911276
1790741775125 7364820 19542204 7911276
1790741775196 7383324 19542204 7911276
1790741775261 7402912 19542204 7911276
1790741775325 7402912 19542204 7911276
1790741775399 7420576 19542204 7911276
1790741775470 7433824 19542204 7911276
1790741775534 7440736 19542204 7911276
1790741775609 7459364 19542204 7911276
1790741775680 7475500 19542204 7911276
1790741775753 7477612 19542204 7911276
1790741775828 7496712 19542204 7911276
1790741775901 7516884 19542204 7911276
1790741775975 7528408 19542204 7911276
1790741776046 7564320 19542204 7911276
1790741776112 7564696 19542204 7911276
1790741776180 7597984 19542204 7911276
1790741776246 7612464 19542204 7911276
1790741776322 7631968 19542204 7911276
1790741776400 7666532 19542204 7911276
1790741776475 7666532 19542204 7911276
1790741776549 7575496 19542204 7911276
1790741776619 7575496 19542204 7911276
1790741776679 7575496 19542204 7911276
1790741776737 7575496 19542204 7911276
1790741776794 7575496 19542204 7911276
1790741776858 7484660 19542204 7911276
1790741776929 7468528 19542204 7911276
1790741776996 7468552 19542204 7911276
1790741777064 7468528 19542204 7911276
1790741777130 7468532 19542204 7911276
1790741777197 7468528 19542204 7911276
1790741777264 7468528 19542204 7911276
1790741777330 7468528 19542204 7911276
1790741777388 7468556 19542204 7911276
1790741777460 7422952 19542204 7911276
1790741777529 7422952 19542204 7911276
1790741777596 7422952 19542204 7911276
1790741777662 7422952 19542204 7911276
1790741777728 7422952 19542204 7911276
1790741777796 7422952 19542204 7911276
1790741777866 7422952 19542204 7911276
1790741777938 7422952 19542204 7911276
1790741778007 7422952 19542204 7911276
1790741778074 7422952 19542204 7911276
1790741778139 7422952 19542204 7911276
1790741778204 7422960 19542204 7911276
1790741778270 7422952 19542204 7911276
1790741778329 7422952 19542204 7911276
1790741778388 7422952 19542204 7911276
1790741778445 7423008 19542204 7911276
1790741778508 7351256 19542204 7911276
1790741778570 7351256 19542204 7911276
1790741778629 7351256 19542204 7911276
1790741778688 7351256 19542204 7911276
1790741778747 7351256 19542204 7911276
1790741778806 7351256 19542204 7911276
1790741778877 7351256 19542204 7911276
1790741778942 7351256 19542204 7911276
1790741779010 7351256 19542204 7911276
1790741779073 7351268 19542204 7911276
1790741779132 7351256 19542204 7911276
1790741779195 7351256 19542204 7911276
1790741779260 7351256 19542204 7911276
1790741779318 7351256 19542204 7911276
1790741779378 7351256 19542204 7911276
1790741779436 7351256 19542204 7911276
1790741779493 7351312 19542204 7911276
1790741779562 7351256 19542204 7911276
1790741779629 7351256 19542204 7911276
1790741779686 7351256 19542204 7911276
1790741779743 7351256 19542204 7911276
1790741779802 7351256 19542204 7911276
1790741779870 7351256 19542204 7911276
1790741779938 7351256 19542204 7911276
1790741780007 7351256 19542204 7911276
1790741780066 7351256 19542204 7911276
1790741780131 7351256 19542204 7911276
1790741780194 7351260 19542204 7911276
1790741780258 7351264 19542204 7911276
1790741780322 7351256 19542204 7911276
1790741780386 7351256 19542204 7911276
1790741780450 7351256 19542204 7911276
1790741780516 7351312 19542204 7911276
1790741780583 7351256 19542204 7911276
1790741780644 7351256 19542204 7911276
1790741780701 7351256 19542204 7911276
1790741780759 7351256 19542204 7911276
1790741780825 7351256 19542204 7911276
1790741780890 7351256 19542204 7911276
1790741780954 7351256 19542204 7911276
1790741781015 7351256 19542204 7911276
1790741781084 7351256 19542204 7911276
1790741781149 7351268 19542204 7911276
1790741781216 7351256 19542204 7911276
1790741781280 7351260 19542204 7911276
1790741781345 7351256 19542204 7911276
1790741781404 7351256 19542204 7911276
1790741781463 7351256 19542204 7911276
1790741781519 7351256 19542204 7911276
1790741781586 7351256 19542204 7911276
1790741781653 7351256 19542204 7911276
1790741781713 7351256 19542204 7911276
1790741781769 7351256 19542204 7911276
1790741781828 7351256 19542204 7911276
1790741781888 7351256 19542204 7911276
1790741781952 7351448 19542204 7911276
1790741782018 7351448 19542204 7911276
1790741782087 7351448 19542204 7911276
1790741782145 7351448 19542204 7911276
1790741782210 7351448 19542204 7911276
1790741782272 7351448 19542204 7911276
1790741782335 7351456 19542204 7911276
1790741782397 7351448 19542204 7911276
1790741782464 7351448 19542204 7911276
1790741782526 7351448 19542204 7911276
1790741782592 7351448 19542204 7911276
1790741782659 7351448 19542204 7911276
1790741782726 7351448 19542204 7911276
1790741782790 7351448 19542204 7911276
1790741782849 7351448 19542204 0
1790741782910 7290120 19542204 7911276
1790741782979 7293964 19542204 7911276
1790741783045 7294348 19542204 7911276
1790741783115 7294348 19542204 7911276
1790741783179 7294348 19542204 7911276
1790741783243 7294348 19542204 7911276
1790741783306 7294348 19542204 7911276
1790741783369 7294356 19542204 7911276
1790741783434 7294348 19542204 7911276
1790741783498 7294348 19542204 7911276
1790741783563 7294348 19542204 7911276
1790741783627 7294404 19542204 7911276
1790741783695 7294348 19542204 7911276
1790741783762 7294348 19542204 7911276
1790741783826 7294348 19542204 7911276
1790741783891 7294348 19542204 7911276
1790741783955 7294348 19542204 7911276
1790741784022 7294348 0 7911276
1790741784088 7294604 19542204 7911276
1790741784155 7294604 19542204 7911276
1790741784213 7294604 19542204 7911276
1790741784275 7301556 19542204 7911276
1790741784341 7301560 19542204 7911276
1790741784410 7301580 19542204 7911276
1790741784475 7301604 19542204 7911276
1790741784540 7301604 19542204 7911276
1790741784605 7301604 19542204 7911276
1790741784669 7301604 19542204 7911276
1790741784734 7301604 19542204 7911276
1790741784798 7301604 19542204 7911276
1790741784862 7301540 19542204 7911276
1790741784918 7301540 19542204 7911276
1790741784983 7301548 19542204 7911276
1790741785046 7301548 19542204 7911276
1790741785111 7301568 19542204 7911276
1790741785173 7301568 19542204 7911276
1790741785230 7301568 19542204 7911276
1790741785293 7301568 19542204 7911276
1790741785354 7301568 19542204 7911276
1790741785411 7301568 19542204 7911276
1790741785467 7301568 19542204 7911276
1790741785531 7301540 19542204 7911276
1790741785594 7301540 19542204 7911276
1790741785658 7301540 19542204 7911276
1790741785723 7301596 19542204 7911276
1790741785791 7301540 19542204 7911276
1790741785856 7301540 19542204 7911276
1790741785921 7301540 19542204 7911276
1790741785984 7301540 19542204 7911276
1790741786050 7301540 19542204 7911276
1790741786118 7301540 19542204 7911276
1790741786183 7301540 19542204 7911276
1790741786254 7301540 19542204 7911276
1790741786317 7301540 19542204 7911276
1790741786382 7301540 19542204 7911276
1790741786444 7301540 19542204 7911276
1790741786507 7301540 19542204 7911276
1790741786570 7301540 19542204 7911276
1790741786634 7301540 19542204 7911276
1790741786691 7301540 19542204 7911276
1790741786748 7301596 19542204 7911276
1790741786810 7301540 19542204 7911276
1790741786871 7301540 19542204 7911276
1790741786930 7301540 19542204 7911276
1790741786988 7301540 19542204 7911276
1790741787053 7301540 19542204 7911276
1790741787116 7301540 19542204 7911276
1790741787180 7301552 19542204 7911276
1790741787238 7301540 19542204 7911276
1790741787306 7301540 19542204 7911276
1790741787371 7301552 19542204 7911276
1790741787435 7301540 19542204 7911276
1790741787498 7301540 19542204 7911276
1790741787561 7301540 19542204 7911276
1790741787623 7301540 19542204 7911276
1790741787681 7301540 19542204 7911276
1790741787745 7301540 19542204 7911276
1790741787811 7301568 19542204 7911276
1790741787877 7301540 19542204 7911276
1790741787944 7301540 19542204 7911276
1790741788009 7301540 19542204 7911276
1790741788074 7301540 19542204 7911276
1790741788140 7301540 19542204 7911276
1790741788210 7301540 19542204 7911276
1790741788274 7301540 19542204 7911276
1790741788342 7301540 19542204 7911276
1790741788405 7301552 19542204 7911276
1790741788468 7301540 19542204 7911276
1790741788524 7301540 19542204 7911276
1790741788587 7301548 19542204 7911276
1790741788651 7301540 19542204 7911276
1790741788716 7301540 19542204 7911276
1790741788777 7301540 19542204 7911276
1790741788843 7301544 19542204 7911276
1790741788908 7301540 19542204 7911276
1790741788968 7301540 19542204 7911276
1790741789032 7301540 19542204 7911276
1790741789095 7301540 19542204 7911276
1790741789162 7301540 19542204 7911276
1790741789232 7301540 19542204 7911276
1790741789295 7301540 19542204 7911276
1790741789357 7301668 19542204 7911276
1790741789422 7301680 19542204 7911276
1790741789485 7301668 19542204 7911276
1790741789542 7301668 19542204 7911276
1790741789598 7301676 19542204 7911276
1790741789655 7301668 19542204 7911276
1790741789713 7301668 19542204 7911276
1790741789770 7301668 19542204 7911276
1790741789825 7301696 19542204 7911276
1790741789887 7301668 19542204 7911276
1790741789955 7301668 19542204 7911276
1790741790019 7301668 19542204 7911276
1790741790082 7301668 19542204 7911276
1790741790147 7301668 19542204 7911276
1790741790214 7301668 19542204 7911276
1790741790280 7301668 19542204 7911276
1790741790346 7321316 19542204 7911276
1790741790416 7330540 19542204 7911276
1790741790488 7347440 19542204 7911276
1790741790557 7351248 19542204 7911276
1790741790628 7360688 19542204 7911276
1790741790701 7374320 19542204 7911276
1790741790771 7375472 19542204 7911276
1790741790843 7391028 19542204 7911276
1790741790910 7410232 19542204 7911276
1790741790974 7410232 19542204 7911276
1790741791046 7410232 19542204 7911276
1790741791115 7410232 19542204 7911276
1790741791179 7410232 19542204 7911276
1790741791235 7410232 19542204 7911276
1790741791299 7410232 19542204 7911276
1790741791362 7410232 19542204 7911276
1790741791419 7410232 19542204 7911276
1790741791475 7410232 19542204 7911276
1790741791531 7410232 19542204 7911276
1790741791587 7410232 19542204 7911276
1790741791643 7410232 19542204 7911276
1790741791699 7410232 19542204 7911276
1790741791755 7410232 19542204 7911276
1790741791811 7410232 19542204 7911276
1790741791867 7410232 19542204 7911276
1790741791931 7410232 19542204 7911276
1790741791994 7410232 19542204 7911276
1790741792059 7410232 19542204 7911276
1790741792121 7410232 19542204 7911276
1790741792184 7410232 19542204 7911276
1790741792252 7349856 19542204 7911276
1790741792317 7349856 19542204 7911276
1790741792379 7349856 19542204 7911276
1790741792441 7349856 19542204 7911276
1790741792502 7349856 19542204 7911276
1790741792563 7349856 19542204 7911276
1790741792625 7349856 19542204 7911276
1790741792687 7349856 19542204 7911276
1790741792748 7349856 19542204 7911276
1790741792810 7349856 19542204 7911276
1790741792873 7349856 19542204 7911276
1790741792937 7349856 19542204 7911276
1790741792999 7349856 19542204 7911276
1790741793064 7349856 19542204 7911276
1790741793135 7349856 19542204 7911276
1790741793203 7349856 19542204 7911276
1790741793262 7349856 19542204 7911276
1790741793318 7349856 19542204 7911276
1790741793374 7349856 19542204 7911276
1790741793431 7349856 19542204 7911276
1790741793495 7349856 19542204 7911276
1790741793565 7349856 19542204 7911276
1790741793637 7349856 19542204 7911276
1790741793708 7349856 19542204 7911276
1790741793779 7349856 19542204 7911276
1790741793850 7352972 19542204 7911276
1790741793920 7356376 19542204 7911276
1790741793991 7359308 19542204 7911276
1790741794063 7370004 19542204 7911276
1790741794135 7388260 19542204 7911276
1790741794205 7388260 19542204 7911276
1790741794277 7408804 19542204 7911276
1790741794347 7411108 19542204 7911276
1790741794421 7429776 19542204 7911276
1790741794495 7447784 19542204 7911276
1790741794568 7459112 19542204 7911276
1790741794643 7468328 19542204 7911276
1790741794715 7489640 19542204 7911276
1790741794781 7489640 19542204 7911276
1790741794855 7510004 19542204 7911276
1790741794930 7529228 19542204 7911276
1790741795004 7531916 19542204 7911276
1790741795079 7547668 19542204 7911276
1790741795149 7554200 19542204 7911276
1790741795224 7568600 19542204 7911276
1790741795301 7590876 19542204 7911276
1790741795373 7592796 19542204 7911276
1790741795450 7616224 19542204 7911276
1790741795526 7643492 19542204 7911276
1790741795600 7647140 19542204 7911276
1790741795677 7672108 19542204 7911276
1790741795748 7681140 19542204 7911276
1790741795824 7710720 19542204 7911276
1790741795902 7749312 19542204 7911276
1790741795976 7761032 19542204 7911276
1790741796054 7784076 19542204 7911276
1790741796132 7821708 19542204 7911276
1790741796208 7821708 19542204 7911276
1790741796287 7856276 19542204 7911276
1790741796364 7859924 19542204 7911276
1790741796446 7893716 19542204 7911276
1790741797036 7686372 19542204 7924152
1790741797105 7686372 19542204 7924152
1790741797167 7686372 19542204 7924152
1790741797229 7686372 19542204 7924152
1790741797288 7686372 19542204 7924152
1790741797352 7601800 19542204 7924152
1790741797425 7638136 19542204 7924152
1790741797488 7638136 19542204 7924152
1790741797549 7638136 19542204 7924152
1790741797610 7638428 19542204 7924152
1790741797679 7638532 19542204 7924152
1790741797746 7638540 19542204 7924152
1790741797824 7638564 19542204 7924152
1790741797905 7640748 19542204 7924152
1790741797973 7640748 19542204 7924152
1790741798043 7645384 19542204 7924152
1790741798140 7647800 19542204 7924152
1790741798220 7647924 19542204 7924152
1790741798293 7647972 19542204 7924152
1790741798357 7647972 19542204 7924152
1790741798416 7647972 19542204 7924152
1790741798484 7647972 19542204 7924152
1790741798554 7647972 19542204 7924152
1790741798624 7647972 19542204 7924152
1790741798697 7647972 19542204 7924152
1790741798774 7647972 19542204 7924152
1790741798851 7647972 19542204 7924152
1790741798926 7647972 19542204 7924152
1790741799004 7647972 19542204 7924152
1790741799078 7647972 19542204 7924152
1790741799154 7647952 19542204 7924152
1790741799231 7647896 19542204 7924152
1790741799305 7647896 19542204 7924152
1790741799379 7648628 19542204 7924152
1790741799452 7648572 19542204 7924152
1790741799516 7580308 19542204 7924152
1790741799589 7401372 19542204 7924152
1790741799659 7403056 19542204 7924152
1790741799730 7403784 19542204 7924152
1790741799801 7404532 19542204 7924152
1790741799871 7405120 19542204 7924152
1790741799934 7405128 19542204 7924152
1790741800003 7368276 19542204 7924152
1790741800070 7368280 19542204 7924152
1790741800139 7382060 19542204 7924152
1790741800211 7383280 19542204 7924152
1790741800281 7385968 19542204 7924152
1790741800344 7386928 19542204 7924152
1790741800408 7387888 19542204 7924152
1790741800472 7389040 19542204 7924152
1790741800544 7391024 19542204 7924152
1790741800615 7393136 19542204 7924152
1790741800688 7395248 19542204 7924152
1790741800760 7397552 19542204 7924152
1790741800830 7399088 19542204 7924152
1790741800902 7402160 19542204 7924152
1790741800973 7403696 19542204 7924152
1790741801038 7407152 19542204 7924152
1790741801110 7409264 19542204 7924152
1790741801186 7412528 19542204 7924152
1790741801253 7414640 19542204 7924152
1790741801316 7415220 19542204 7924152
1790741801379 7417712 19542204 7924152
1790741801443 7420400 19542204 7924152
1790741801506 7421552 19542204 7924152
1790741801582 7424624 19542204 7924152
1790741801655 7428464 19542204 7924152
1790741801725 7432112 19542204 7924152
1790741801790 7435760 19542204 7924152
1790741801854 7436528 19542204 7924152
1790741801920 7441440 19542204 7924152
1790741801986 7445368 19542204 7924152
1790741802050 7446904 19542204 7924152
1790741802115 7449592 19542204 7924152
1790741802178 7449592 19542204 7924152
1790741802242 7449592 19542204 7924152
1790741802305 7449592 19542204 7924152
1790741802362 7449592 19542204 7924152
1790741802419 7449592 19542204 7924152
1790741802479 7375992 19542204 7924152
1790741802540 7431160 19542204 7924152
1790741802599 7449592 19542204 7924152
1790741802657 7449592 19542204 7924152
1790741802713 7449592 19542204 7924152
1790741802770 7449592 19542204 7924152
1790741802827 7449592 19542204 7924152
1790741802884 7449592 19542204 7924152
1790741802941 7449592 19542204 7924152
1790741802997 7449592 19542204 7924152
1790741803054 7449592 19542204 7924152
1790741803111 7449592 19542204 7924152
1790741803167 7449592 19542204 7924152
1790741803224 7449592 19542204 7924152
1790741803289 7449592 19542204 7924152
1790741803352 7449592 19542204 7924152
1790741803409 7449592 19542204 7924152
1790741803466 7449592 19542204 7924152
1790741803535 7449592 19542204 7924152
1790741803603 7449592 19542204 7924152
1790741803665 7449592 19542204 7924152
1790741803728 7449592 19542204 7924152
1790741803791 7449592 19542204 7924152
1790741803854 7449592 19542204 7924152
1790741803918 7449592 19542204 7924152
1790741803981 7449592 19542204 7924152
1790741804043 7449592 19542204 7924152
1790741804105 7449592 19542204 7924152
1790741804167 7449592 19542204 7924152
1790741804230 7449592 19542204 7924152
1790741804294 7449592 19542204 7924152
1790741804361 7449592 19542204 7924152
1790741804430 7411380 19542204 7924152
1790741804493 7411380 19542204 7924152
1790741804553 7411380 19542204 7924152
1790741804610 7411380 19542204 7924152
1790741804667 7411380 19542204 7924152
1790741804725 7374312 19542204 7924152
1790741804795 7390320 19542204 7924152
1790741804866 7393392 19542204 7924152
1790741804936 7396464 19542204 7924152
1790741804999 7398960 19542204 7924152
1790741805070 7399728 19542204 7924152
1790741805142 7403184 19542204 7924152
1790741805213 7404336 19542204 7924152
1790741805284 7408112 19542204 7924152
1790741805357 7411568 19542204 7924152
1790741805430 7422524 19542204 7924152
1790741805502 7424444 19542204 7924152
1790741805575 7438332 19542204 7924152
1790741805648 7455036 19542204 7924152
1790741805721 7465308 19542204 7924152
1790741805792 7472508 19542204 7924152
1790741805858 7488636 19542204 7924152
1790741805922 7490748 19542204 7924152
1790741805996 7505724 19542204 7924152
1790741806068 7517060 19542204 7924152
1790741806139 7518020 19542204 7924152
1790741806214 7533268 19542204 7924152
1790741806285 7544028 19542204 7924152
1790741806351 7554408 19542204 7924152
1790741806420 7582836 19542204 7924152
1790741806485 7582836 19542204 7924152
1790741806553 7612788 19542204 7924152
1790741806628 7615284 19542204 7924152
1790741806705 7642932 19542204 7924152
1790741806765 7670968 19542204 7924152
1790741806839 7673656 19542204 7924152
1790741806907 7709948 19542204 7924152
1790741806984 7709948 19542204 7924152
1790741807055 7580828 19542204 7924152
1790741807117 7580828 19542204 7924152
1790741807177 7580828 19542204 7924152
1790741807235 7580828 19542204 7924152
1790741807293 7572636 19542204 7924152
1790741807367 7461828 19542204 7924152
1790741807432 7461832 19542204 7924152
1790741807491 7461856 19542204 7924152
1790741807558 7461832 19542204 7924152
1790741807622 7461840 19542204 7924152
1790741807689 7461832 19542204 7924152
1790741807748 7461832 19542204 7924152
1790741807808 7461832 19542204 7924152
1790741807865 7461860 19542204 7924152
1790741807927 7461832 19542204 7924152
1790741807989 7416064 19542204 7924152
1790741808051 7416064 19542204 7924152
1790741808109 7416064 19542204 7924152
1790741808168 7416064 19542204 7924152
1790741808236 7416064 19542204 7924152
1790741808308 7416076 19542204 7924152
1790741808374 7416064 19542204 7924152
1790741808443 7416064 19542204 7924152
1790741808509 7416076 19542204 7924152
1790741808574 7416064 19542204 7924152
1790741808632 7416064 19542204 7924152
1790741808691 7416064 19542204 7924152
1790741808757 7416064 19542204 7924152
1790741808822 7416064 19542204 7924152
1790741808880 7416064 19542204 7924152
1790741808939 7416064 19542204 7924152
1790741809008 7416064 19542204 7924152
1790741809075 7416064 19542204 7924152
1790741809133 7416064 19542204 7924152
1790741809193 7416064 19542204 7924152
1790741809260 7416064 19542204 7924152
1790741809331 7416064 19542204 7924152
1790741809399 7416064 19542204 7924152
1790741809466 7416064 19542204 7924152
1790741809523 7416076 19542204 7924152
1790741809584 7416064 19542204 7924152
1790741809641 7416064 19542204 7924152
1790741809698 7416064 19542204 7924152
1790741809764 7416064 19542204 7924152
1790741809830 7416064 19542204 7924152
1790741809893 7416064 19542204 7924152
1790741809954 7416064 19542204 7924152
1790741810016 7416064 19542204 7924152
1790741810077 7416064 19542204 7924152
1790741810143 7416064 19542204 7924152
1790741810209 7416064 19542204 7924152
1790741810270 7416064 19542204 7924152
1790741810339 7416064 19542204 7924152
1790741810406 7416064 19542204 7924152
1790741810477 7416064 19542204 7924152
1790741810543 7416076 19542204 7924152
1790741810609 7416064 19542204 7924152
1790741810674 7416064 19542204 7924152
1790741810740 7416064 0 7924152
1790741810809 7416064 19542204 7924152
1790741810875 7416064 19542204 7924152
1790741810940 7416064 19542204 7924152
1790741811005 7416064 19542204 7924152
1790741811069 7416064 19542204 7924152
1790741811134 7416064 19542204 7924152
1790741811199 7416064 19542204 7924152
1790741811264 7416064 19542204 7924152
1790741811329 7416064 19542204 7924152
1790741811396 7416064 19542204 7924152
1790741811461 7416120 19542204 7924152
1790741811531 7416064 19542204 7924152
1790741811601 7416064 19542204 7924152
1790741811667 7416064 19542204 7924152
1790741811734 7416064 19542204 7924152
1790741811800 7416064 19542204 7924152
1790741811862 7416064 19542204 7924152
1790741811931 7416064 19542204 7924152
1790741812001 7416064 19542204 7924152
1790741812062 7416064 19542204 7924152
1790741812128 7416064 19542204 7924152
1790741812193 7416064 19542204 7924152
1790741812257 7416072 19542204 7924152
1790741812324 7416064 19542204 7924152
1790741812390 7416064 19542204 7924152
1790741812449 7416064 19542204 7924152
1790741812507 7416120 19542204 7924152
1790741812576 7416064 19542204 7924152
1790741812645 7416064 19542204 7924152
1790741812710 7416064 19542204 7924152
1790741812775 7416064 19542204 7924152
1790741812843 7416064 19542204 7924152
1790741812916 7416064 19542204 7924152
1790741812983 7416064 19542204 7924152
1790741813051 7416064 19542204 7924152
1790741813109 7416076 19542204 7924152
1790741813169 7416064 19542204 7924152
1790741813234 7416064 19542204 7924152
1790741813299 7416064 19542204 7924152
1790741813363 7416064 19542204 7924152
1790741813430 7416064 19542204 7924152
1790741813494 7416064 19542204 7924152
1790741813561 7416096 19542204 7924152
1790741813631 7416096 19542204 7924152
1790741813702 7416136 19542204 7924152
1790741813766 7416136 19542204 7924152
1790741813825 7416136 19542204 7924152
1790741813883 7416136 19542204 7924152
1790741813942 7416136 19542204 7924152
1790741814001 7416136 19542204 7924152
1790741814060 7416136 19542204 7924152
1790741814129 7416064 19542204 7924152
1790741814197 7416064 19542204 7924152
1790741814254 7416064 19542204 7924152
1790741814320 7416064 19542204 7924152
1790741814387 7416064 19542204 7924152
1790741814449 7416064 19542204 7924152
1790741814509 7416064 19542204 7924152
1790741814574 7416064 19542204 7924152
1790741814634 7416064 19542204 7924152
1790741814692 7416088 19542204 7924152
1790741814751 7416064 19542204 7924152
1790741814809 7416068 19542204 7924152
1790741814869 7416064 19542204 7924152
1790741814937 7416064 19542204 7924152
1790741815005 7416064 19542204 7924152
1790741815068 7416092 19542204 7924152
1790741815136 7416064 19542204 7924152
1790741815199 7416064 19542204 7924152
1790741815259 7416064 19542204 7924152
1790741815317 7416064 19542204 7924152
1790741815377 7416064 19542204 7924152
1790741815437 7416064 19542204 7924152
1790741815501 7416064 19542204 7924152
1790741815567 7416064 19542204 7924152
1790741815638 7416064 19542204 7924152
1790741815702 7416076 19542204 7924152
1790741815762 7416064 19542204 7924152
1790741815826 7416064 19542204 7924152
1790741815892 7416064 19542204 7924152
1790741815956 7416064 19542204 7924152
1790741816015 7416064 19542204 7924152
1790741816080 7416064 19542204 7924152
1790741816148 7416064 19542204 7924152
1790741816217 7416064 19542204 7924152
1790741816285 7416064 19542204 7924152
1790741816349 7416064 19542204 7924152
1790741816414 7416064 19542204 7924152
1790741816473 7416064 19542204 7924152
1790741816539 7416064 19542204 7924152
1790741816598 7416064 19542204 7924152
1790741816661 7416064 19542204 7924152
1790741816727 7416076 19542204 7924152
1790741816793 7416064 19542204 7924152
1790741816850 7416064 19542204 7924152
1790741816907 7416064 19542204 7924152
1790741816965 7416064 19542204 7924152
1790741817031 7416064 19542204 7924152
1790741817095 7416064 19542204 7924152
1790741817163 7416064 19542204 7924152
1790741817232 7416064 19542204 7924152
1790741817300 7416064 19542204 7924152
1790741817365 7416064 19542204 7924152
1790741817431 7416064 19542204 7924152
1790741817499 7416064 19542204 7924152
1790741817572 7416064 19542204 7924152
1790741817639 7416064 19542204 7924152
1790741817707 7416064 19542204 7924152
1790741817766 7416076 19542204 7924152
1790741817826 7416064 19542204 7924152
1790741817885 7416064 19542204 7924152
1790741817950 7416068 19542204 7924152
1790741818016 7416064 19542204 7924152
1790741818082 7416064 19542204 7924152
1790741818145 7416064 19542204 7924152
1790741818214 7416064 19542204 7924152
1790741818283 7416064 19542204 7924152
1790741818349 7416064 19542204 7924152
1790741818406 7416064 19542204 7924152
1790741818465 7416064 19542204 7924152
1790741818523 7416064 19542204 7924152
1790741818596 7416076 19542204 7924152
1790741818661 7416064 19542204 7924152
1790741818731 7416064 19542204 7924152
1790741818795 7416076 19542204 7924152
1790741818855 7416064 19542204 7924152
1790741818913 7416064 19542204 7924152
1790741818972 7416064 19542204 7924152
1790741819038 7416064 19542204 7924152
1790741819106 7416064 19542204 7924152
1790741819171 7416064 19542204 7924152
1790741819240 7416064 19542204 7924152
1790741819310 7416064 19542204 7924152
1790741819377 7416064 19542204 7924152
1790741819442 7416064 19542204 7924152
1790741819508 7416064 19542204 7924152
1790741819569 7416064 19542204 7924152
1790741819634 7416064 19542204 7924152
1790741819696 7416064 19542204 7924152
1790741819766 7416064 19542204 7924152
1790741819829 7416076 19542204 7924152
1790741819896 7416064 19542204 7924152
1790741819960 7416068 19542204 7924152
1790741820027 7416064 19542204 7924152
1790741820096 7416064 19542204 7924152
1790741820163 7416064 19542204 7924152
1790741820227 7416064 19542204 7924152
1790741820293 7416064 19542204 7924152
1790741820357 7416064 19542204 7924152
1790741820422 7416064 19542204 7924152
1790741820486 7416064 19542204 7924152
1790741820550 7416064 19542204 7924152
1790741820610 7416064 19542204 7924152
1790741820669 7416064 19542204 7924152
1790741820726 7416092 19542204 7924152
1790741820786 7416064 19542204 7924152
1790741820848 7416064 19542204 7924152
1790741820910 7416064 19542204 7924152
1790741820967 7416064 19542204 7924152
1790741821027 7416064 19542204 7924152
1790741821096 7416064 19542204 7924152
1790741821167 7416076 19542204 7924152
1790741821227 7416064 19542204 7924152
1790741821291 7419712 19542204 7924152
1790741821362 7422848 19542204 7924152
1790741821435 7428864 19542204 7924152
1790741821506 7440384 19542204 7924152
1790741821569 7441536 19542204 7924152
1790741821635 7450752 19542204 7924152
1790741821699 7456984 19542204 7924152
1790741821763 7462144 19542204 7924152
1790741821829 7475536 19542204 7924152
1790741821902 7475920 19542204 7924152
1790741821972 7475920 19542204 7924152
1790741822041 7415356 19542204 7924152
1790741822104 7415356 19542204 7924152
1790741822169 7415356 19542204 7924152
1790741822232 7415356 19542204 7924152
1790741822294 7415356 19542204 7924152
1790741822350 7415356 19542204 7924152
1790741822405 7415356 19542204 7924152
1790741822461 7415356 19542204 7924152
1790741822516 7415356 19542204 7924152
1790741822578 7415356 19542204 7924152
1790741822641 7415356 19542204 7924152
1790741822703 7415356 19542204 7924152
1790741822766 7415356 19542204 7924152
1790741822827 7415356 19542204 7924152
1790741822884 7415356 19542204 7924152
1790741822941 7415356 19542204 7924152
1790741822997 7415356 19542204 7924152
1790741823053 7415356 19542204 7924152
1790741823109 7415356 19542204 7924152
1790741823172 7415356 19542204 7924152
1790741823229 7415356 19542204 7924152
1790741823284 7415356 19542204 7924152
1790741823340 7415356 19542204 7924152
1790741823397 7415356 19542204 7924152
1790741823461 7415356 19542204 7924152
1790741823523 7415356 19542204 7924152
1790741823585 7415356 19542204 7924152
1790741823648 7415356 19542204 7924152
1790741823703 7415356 19542204 7924152
1790741823759 7415356 19542204 7924152
1790741823815 7415356 19542204 7924152
1790741823871 7415356 19542204 7924152
1790741823936 7415356 19542204 7924152
1790741824006 7415356 19542204 7924152
1790741824075 7415356 19542204 7924152
1790741824135 7415356 19542204 7924152
1790741824191 7415356 19542204 7924152
1790741824248 7415356 19542204 7924152
1790741824312 7415356 19542204 7924152
1790741824385 7415356 19542204 7924152
1790741824456 7416764 19542204 7924152
1790741824529 7419452 19542204 7924152
1790741824600 7423100 19542204 7924152
1790741824665 7423100 19542204 7924152
1790741824730 7426368 19542204 7924152
1790741824802 7427712 19542204 7924152
1790741824873 7431168 19542204 7924152
1790741824939 7436712 19542204 7924152
1790741825012 7437160 19542204 7924152
1790741825085 7451756 19542204 7924152
1790741825157 7469612 19542204 7924152
1790741825222 7469612 19542204 7924152
1790741825295 7482676 19542204 7924152
1790741825368 7494392 19542204 7924152
1790741825441 7495160 19542204 7924152
1790741825514 7507448 19542204 7924152
1790741825587 7522808 19542204 7924152
1790741825660 7525496 19542204 7924152
1790741825734 7540860 19542204 7924152
1790741825809 7557184 19542204 7924152
1790741825884 7575832 19542204 7924152
1790741825956 7575832 19542204 7924152
1790741826030 7593888 19542204 7924152
1790741826103 7595616 19542204 7924152
1790741826172 7618280 19542204 7924152
1790741826244 7645640 19542204 7924152
1790741826316 7653036 19542204 7924152
1790741826395 7683376 19542204 7924152
1790741826472 7717360 19542204 7924152
1790741826547 7722096 19542204 7924152
1790741826626 7750132 19542204 7924152
1790741826704 7782592 19542204 7924152
1790741826782 7805256 19542204 7924152
1790741826860 7816780 19542204 7924152
1790741826939 7854040 19542204 7924152
1790741827015 7857496 19542204 7924152
1790741827099 7889184 19542204 7924152
1790741827175 7917088 19542204 7924152
1790741827793 7965228 19542204 7965228
1790741828200 7968212 19542204 7968212
1790741828549 7968228 19542204 7968228
1790741828952 7562920 19542204 7960668
1790741829022 7562920 19542204 7960668
1790741829094 7562920 19542204 7960668
1790741829166 7562920 19542204 7960668
1790741829236 7562920 19542204 7960668
1790741829308 7562920 19542204 7960668
1790741829376 7562836 19542204 7960668
1790741829442 7562836 19542204 7960668
1790741829506 7562808 19542204 7960668
1790741829579 7501096 19542204 7960668
1790741829653 7504296 19542204 7960668
1790741829725 7504348 19542204 7960668
1790741829796 7504296 19542204 7960668
1790741829865 7504324 19542204 7960668
1790741829933 7509292 19542204 7960668
1790741830006 7516848 19542204 7960668
1790741830078 7517808 19542204 7960668
1790741830144 7519344 19542204 7960668
1790741830211 7521264 19542204 7960668
1790741830279 7522992 19542204 7960668
1790741830343 7524912 19542204 7960668
1790741830419 7526448 19542204 7960668
1790741830490 7527984 19542204 7960668
1790741830555 7529328 19542204 7960668
1790741830621 7530864 19542204 7960668
1790741830686 7531440 19542204 7960668
1790741830751 7533168 19542204 7960668
1790741830816 7534704 19542204 7960668
1790741830882 7536600 19542204 7960668
1790741830949 7540396 19542204 7960668
1790741831024 7542124 19542204 7960668
1790741831099 7545132 19542204 7960668
1790741831172 7547052 19542204 7960668
1790741831247 7549464 19542204 7960668
1790741831320 7551960 19542204 7960668
1790741831395 7553496 19542204 7960668
1790741831468 7555436 19542204 7960668
1790741831543 7557164 19542204 7960668
1790741831617 7558892 19542204 7960668
1790741831692 7561388 19542204 7960668
1790741831768 7564460 19542204 7960668
1790741831840 7566764 19542204 7960668
1790741831906 7569452 19542204 7960668
1790741831970 7569452 19542204 7960668
1790741832039 7569452 19542204 7960668
1790741832105 7569452 19542204 7960668
1790741832170 7569452 19542204 7960668
1790741832236 7495852 19542204 7960668
1790741832300 7551020 19542204 7960668
1790741832370 7569452 19542204 7960668
1790741832435 7569452 19542204 7960668
1790741832500 7569452 19542204 7960668
1790741832558 7569452 19542204 7960668
1790741832615 7569452 19542204 7960668
1790741832672 7569452 19542204 7960668
1790741832729 7569452 19542204 7960668
1790741832787 7569452 19542204 7960668
1790741832845 7569452 19542204 7960668
1790741832910 7569452 19542204 7960668
1790741832975 7569452 19542204 7960668
1790741833032 7569452 19542204 7960668
1790741833090 7569452 19542204 7960668
1790741833148 7569452 19542204 7960668
1790741833207 7569452 19542204 7960668
1790741833268 7569452 19542204 7960668
1790741833331 7569452 19542204 7960668
1790741833390 7569452 19542204 7960668
1790741833448 7569452 19542204 7960668
1790741833504 7569452 19542204 7960668
1790741833560 7569452 19542204 7960668
1790741833617 7569452 19542204 7960668
1790741833673 7569452 19542204 7960668
1790741833729 7569452 19542204 7960668
1790741833786 7569452 19542204 7960668
1790741833842 7569452 19542204 7960668
1790741833898 7569452 19542204 7960668
1790741833955 7569452 19542204 7960668
1790741834011 7569452 19542204 7960668
1790741834071 7569452 19542204 7960668
1790741834133 7569452 19542204 7960668
1790741834198 7569452 19542204 7960668
1790741834261 7569452 19542204 7960668
1790741834323 7569452 19542204 7960668
1790741834381 7569452 19542204 7960668
1790741834438 7569452 19542204 7960668
1790741834507 7569452 19542204 7960668
1790741834575 7569452 19542204 7960668
1790741834642 7569452 19542204 7960668
1790741834718 7569452 19542204 7960668
1790741834791 7569452 19542204 7960668
1790741834858 7571936 19542204 7960668
1790741834932 7571936 19542204 7960668
1790741835005 7575200 19542204 7960668
1790741835082 7579044 19542204 7960668
1790741835155 7588264 19542204 7960668
1790741835230 7590952 19542204 7960668
1790741835305 7604584 19542204 7960668
1790741835379 7605928 19542204 7960668
1790741835454 7618216 19542204 7960668
1790741835527 7631276 19542204 7960668
1790741835601 7632240 19542204 7960668
1790741835676 7641456 19542204 7960668
1790741835753 7656048 19542204 7960668
1790741835828 7657392 19542204 7960668
1790741835902 7669680 19542204 7960668
1790741835974 7682940 19542204 7960668
1790741836048 7684096 19542204 7960668
1790741836116 7698320 19542204 7960668
1790741836184 7713492 19542204 7960668
1790741836261 7718100 19542204 7960668
1790741836329 7739992 19542204 7960668
1790741836406 7744092 19542204 7960668
1790741836485 7773592 19607740 7960668
1790741836563 7801504 19607740 7960668
1790741836628 7809600 19607740 7960668
1790741836698 7830116 19607740 7960668
1790741836775 7830116 19607740 7960668
1790741836847 7710024 19607740 7960668
1790741836918 7710024 19607740 7960668
1790741836985 7710024 19607740 7960668
1790741837053 7710024 19607740 7960668
1790741837119 7710408 19607740 7960668
1790741837182 7693700 19607740 7960668
1790741837244 7693712 19607740 7960668
1790741837314 7693700 19607740 7960668
1790741837382 7693704 19607740 7960668
1790741837454 7693700 19607740 7960668
1790741837516 7693700 19607740 7960668
1790741837576 7693700 19607740 7960668
1790741837637 7693728 19607740 7960668
1790741837711 7631596 19607740 7960668
1790741837783 7515280 19607740 7960668
1790741837851 7515280 19607740 7960668
1790741837913 7515280 19607740 7960668
1790741837973 7504332 19607740 7960668
1790741838035 7504332 19607740 7960668
1790741838101 7504332 19607740 7960668
1790741838170 7504332 19607740 7960668
1790741838239 7504332 19607740 7960668
1790741838300 7504344 19607740 7960668
1790741838361 7504332 19607740 7960668
1790741838419 7504332 19607740 7960668
1790741838478 7504340 19607740 7960668
1790741838538 7504332 19607740 7960668
1790741838598 7504332 19607740 7960668
1790741838658 7504332 19607740 7960668
1790741838726 7504388 19607740 7960668
1790741838797 7504332 19607740 7960668
1790741838865 7504332 19607740 7960668
1790741838929 7504332 19607740 7960668
1790741838997 7504332 19607740 7960668
1790741839066 7504332 19607740 7960668
1790741839140 7504332 19607740 7960668
1790741839209 7504332 19607740 7960668
1790741839279 7504332 19607740 7960668
1790741839347 7504356 19607740 7960668
1790741839414 7504332 19607740 7960668
1790741839479 7504336 19607740 7960668
1790741839547 7504332 19607740 7960668
1790741839613 7504332 19607740 7960668
1790741839680 7504332 19607740 7960668
1790741839747 7504388 0 7960668
1790741839818 7504332 19607740 7960668
1790741839886 7504332 19607740 7960668
1790741839945 7504332 19607740 7960668
1790741840005 7504332 19607740 7960668
1790741840076 7504332 19607740 7960668
1790741840149 7504332 19607740 7960668
1790741840218 7504332 19607740 7960668
1790741840287 7504332 19607740 7960668
1790741840346 7504344 19607740 7960668
1790741840407 7504332 19607740 7960668
1790741840466 7504332 19607740 7960668
1790741840525 7504336 19607740 7960668
1790741840585 7504332 19607740 7960668
1790741840653 7504332 19607740 7960668
1790741840720 7504332 19607740 7960668
1790741840787 7504332 19607740 7960668
1790741840850 7504332 19607740 7960668
1790741840913 7504332 19607740 7960668
1790741840972 7504332 19607740 7960668
1790741841032 7504332 19607740 7960668
1790741841101 7504332 19607740 7960668
1790741841173 7504588 19607740 7960668
1790741841240 7504588 19607740 7960668
1790741841314 7504588 19607740 7960668
1790741841380 7504588 19607740 7960668
1790741841448 7504588 19607740 7960668
1790741841513 7504588 19607740 7960668
1790741841588 7504588 19607740 7960668
1790741841649 7504588 19607740 7960668
1790741841710 7504588 19607740 7960668
1790741841768 7504588 19607740 7960668
1790741841827 7504644 19607740 7960668
1790741841898 7504588 19607740 7960668
1790741841967 7504588 19607740 7960668
1790741842032 7504588 19607740 7960668
1790741842092 7504588 19607740 7960668
1790741842153 7504588 19607740 7960668
1790741842226 7504588 19607740 7960668
1790741842291 7504588 19607740 7960668
1790741842364 7504844 19607740 7960668
1790741842431 7504856 19607740 7960668
1790741842499 7504844 19607740 7960668
1790741842564 7504844 19607740 7960668
1790741842630 7504844 19607740 7960668
1790741842690 7504844 19607740 7960668
1790741842749 7504844 19607740 7960668
1790741842815 7504844 19607740 7960668
1790741842886 7504844 19607740 7960668
1790741842957 7504844 19607740 7960668
1790741843024 7504844 19607740 7960668
1790741843083 7504844 19607740 7960668
1790741843144 7504844 19607740 7960668
1790741843205 7504844 19607740 7960668
1790741843280 7504844 19607740 7960668
1790741843349 7504844 19607740 7960668
1790741843420 7504844 19607740 7960668
1790741843485 7504856 19607740 7960668
1790741843553 7504844 19607740 7960668
1790741843619 7504848 19607740 7960668
1790741843687 7504844 19607740 7960668
1790741843752 7504844 19607740 7960668
1790741843813 7504844 19607740 7960668
1790741843871 7504872 19607740 7960668
1790741843933 7504844 19607740 7960668
1790741843996 7432124 19607740 7960668
1790741844058 7432124 19607740 7960668
1790741844117 7432124 19607740 7960668
1790741844183 7432124 19607740 7960668
1790741844249 7432124 19607740 7960668
1790741844321 7432124 19607740 7960668
1790741844388 7432124 19607740 7960668
1790741844456 7432124 19607740 7960668
1790741844522 7432136 19607740 7960668
1790741844589 7432124 19607740 7960668
1790741844653 7432128 19607740 7960668
1790741844718 7432124 19607740 7960668
1790741844778 7432124 19607740 7960668
1790741844838 7432124 19607740 7960668
1790741844903 7432152 19607740 7960668
1790741844970 7432124 19607740 7960668
1790741845032 7432144 19607740 7960668
1790741845093 7432124 19607740 7960668
1790741845152 7432124 19607740 7960668
1790741845213 7432124 19607740 7960668
1790741845273 7432124 19607740 7960668
1790741845339 7432124 19607740 7960668
1790741845406 7432124 19607740 7960668
1790741845476 7432124 19607740 7960668
1790741845539 7432136 19607740 7960668
1790741845600 7432124 19607740 7960668
1790741845659 7432124 19607740 7960668
1790741845717 7432124 19607740 7960668
1790741845783 7432124 19607740 7960668
1790741845849 7432124 19607740 7960668
1790741845908 7432124 19607740 7960668
1790741845967 7432180 19607740 7960668
1790741846030 7432124 19607740 7960668
1790741846092 7432124 19607740 7960668
1790741846152 7432124 19607740 7960668
1790741846210 7432124 19607740 7960668
1790741846269 7432124 19607740 7960668
1790741846337 7432124 19607740 7960668
1790741846408 7432124 19607740 7960668
1790741846478 7432124 19607740 7960668
1790741846545 7432124 19607740 7960668
1790741846610 7432148 19607740 7960668
1790741846675 7432124 19607740 7960668
1790741846733 7432128 19607740 7960668
1790741846800 7432124 19607740 7960668
1790741846864 7432124 19607740 7960668
1790741846930 7432124 19607740 7960668
1790741846995 7439236 19607740 7960668
1790741847065 7439188 19607740 7960668
1790741847130 7439208 19607740 7960668
1790741847189 7439208 19607740 7960668
1790741847246 7439208 19607740 7960668
1790741847303 7439208 19607740 7960668
1790741847361 7439208 19607740 7960668
1790741847427 7439208 19607740 7960668
1790741847492 7439208 19607740 7960668
1790741847559 7439208 19607740 7960668
1790741847625 7439208 19607740 7960668
1790741847691 7439216 19607740 7960668
1790741847757 7439216 19607740 7960668
1790741847822 7439216 19607740 7960668
1790741847890 7439216 19607740 7960668
1790741847956 7439216 19607740 7960668
1790741848021 7439180 19607740 7960668
1790741848090 7439180 19607740 7960668
1790741848158 7439180 19607740 7960668
1790741848222 7439180 19607740 7960668
1790741848282 7439180 19607740 7960668
1790741848343 7439180 19607740 7960668
1790741848416 7439180 19607740 7960668
1790741848484 7439180 19607740 7960668
1790741848554 7439180 19607740 7960668
1790741848618 7439192 19607740 7960668
1790741848680 7439180 19607740 7960668
1790741848745 7439180 19607740 7960668
1790741848811 7439180 19607740 7960668
1790741848878 7439180 19607740 7960668
1790741848945 7439180 19607740 7960668
1790741849009 7439208 19607740 7960668
1790741849077 7439180 19607740 7960668
1790741849140 7439196 19607740 7960668
1790741849201 7439180 19607740 7960668
1790741849260 7439180 19607740 7960668
1790741849319 7439180 19607740 7960668
1790741849386 7439180 19607740 7960668
1790741849456 7439180 19607740 7960668
1790741849516 7439180 19607740 7960668
1790741849586 7439180 19607740 7960668
1790741849650 7439196 0 7960668
1790741849720 7439188 19607740 7960668
1790741849790 7439208 19607740 7960668
1790741849857 7439208 19607740 7960668
1790741849922 7439208 19607740 7960668
1790741849981 7439208 19607740 7960668
1790741850040 7439208 19607740 7960668
1790741850099 7439208 19607740 7960668
1790741850158 7439208 19607740 7960668
1790741850223 7439180 19607740 7960668
1790741850286 7439180 19607740 7960668
1790741850345 7439188 19607740 7960668
1790741850402 7353840 19607740 7960668
1790741850468 7353840 19607740 7960668
1790741850533 7353840 19607740 7960668
1790741850597 7353896 19607740 7960668
1790741850664 7353840 19607740 7960668
1790741850733 7353840 19607740 7960668
1790741850799 7353840 19607740 7960668
1790741850864 7353840 19607740 7960668
1790741850925 7353840 19607740 7960668
1790741850992 7353840 19607740 7960668
1790741851059 7353840 19607740 7960668
1790741851128 7363968 19607740 7960668
1790741851199 7370116 19607740 7960668
1790741851271 7381128 19607740 7960668
1790741851340 7392476 19607740 7960668
1790741851411 7393992 19607740 7960668
1790741851482 7409780 19607740 7960668
1790741851556 7411124 19607740 7960668
1790741851627 7426104 19607740 7960668
1790741851695 7440316 19607740 7960668
1790741851768 7440316 19607740 7960668
1790741851839 7440316 19607740 7960668
1790741851907 7440316 19607740 7960668
1790741851972 7440316 19607740 7960668
1790741852034 7440316 19607740 7960668
1790741852097 7440316 19607740 7960668
1790741852159 7440316 19607740 7960668
1790741852222 7440316 19607740 7960668
1790741852284 7440316 19607740 7960668
1790741852346 7440316 19607740 7960668
1790741852408 7440316 19607740 7960668
1790741852469 7440316 19607740 7960668
1790741852531 7440316 19607740 7960668
1790741852593 7440316 19607740 7960668
1790741852654 7440316 19607740 7960668
1790741852717 7440316 19607740 7960668
1790741852774 7440316 19607740 7960668
1790741852835 7440316 19607740 7960668
1790741852899 7440316 19607740 7960668
1790741852962 7440316 19607740 7960668
1790741853027 7440316 19607740 7960668
1790741853087 7440316 19607740 7960668
1790741853145 7440316 19607740 7960668
1790741853208 7440316 19607740 7960668
1790741853271 7440316 19607740 7960668
1790741853333 7440316 19607740 7960668
1790741853396 7440316 19607740 7960668
1790741853458 7440316 19607740 7960668
1790741853520 7440316 19607740 7960668
1790741853583 7440316 19607740 7960668
1790741853645 7440316 19607740 7960668
1790741853709 7440316 19607740 7960668
1790741853772 7440316 19607740 7960668
1790741853837 7440316 19607740 7960668
1790741853908 7440316 19607740 7960668
1790741853993 7440316 19607740 7960668
1790741854054 7440316 19607740 7960668
1790741854117 7440316 19607740 7960668
1790741854180 7440316 19607740 7960668
1790741854247 7440316 19607740 7960668
1790741854320 7440316 19607740 7960668
1790741854393 7440316 19607740 7960668
1790741854464 7440316 19607740 7960668
1790741854537 7440316 19607740 7960668
1790741854608 7440316 19607740 7960668
1790741854672 7440508 19607740 7960668
1790741854746 7441084 19607740 7960668
1790741854816 7444604 19607740 7960668
1790741854887 7444604 19607740 7960668
1790741854958 7451324 19607740 7960668
1790741855022 7456768 19607740 7960668
1790741855087 7462532 19607740 7960668
1790741855160 7476164 19607740 7960668
1790741855230 7484952 19607740 7960668
1790741855295 7492296 19607740 7960668
1790741855363 7509196 19607740 7960668
1790741855435 7510348 19607740 7960668
1790741855509 7525708 19607740 7960668
1790741855582 7542220 19607740 7960668
1790741855648 7543564 19607740 7960668
1790741855723 7557400 19607740 7960668
1790741855794 7572524 19607740 7960668
1790741855860 7574504 19607740 7960668
1790741855929 7603888 19607740 7960668
1790741855995 7603888 19607740 7960668
1790741856070 7630968 19607740 7960668
1790741856143 7634812 19607740 7960668
1790741856211 7659776 19607740 7960668
1790741856272 7686468 19607740 7960668
1790741856347 7689348 19607740 7960668
1790741856424 7719688 19607740 7960668
1790741856502 7750604 19607740 7960668
1790741856578 7753680 19607740 7960668
1790741856658 7784796 19607740 7960668
1790741856720 7818980 19607740 7960668
1790741856796 7823592 19607740 7960668
1790741856876 7852072 19607740 7960668
1790741856960 7889328 19607740 7960668
1790741857040 7894320 19607740 7960668
1790741857120 7927728 19607740 7960668
1790741857203 7962868 19607740 7962868
1790741857283 7962868 19607740 7962868
1790741857356 7840660 19607740 7960668
1790741857429 7840660 19607740 7960668
1790741857498 7840660 19607740 7960668
1790741857568 7840720 19607740 7960668
1790741857653 7852880 19607740 7960668
1790741857729 7855828 19607740 7960668
1790741857817 7855888 19607740 7960668
1790741857898 7855872 19607740 7960668
1790741857982 7609260 19607740 7960668
1790741858056 7531228 19607740 7960668
1790741858126 7453580 19607740 7960668
1790741858197 7453580 19607740 7960668
1790741858268 7416712 19607740 7960668
1790741858338 7416744 19607740 7960668
1790741858406 7416712 19607740 7960668
1790741858467 7416712 19607740 7960668
1790741858534 7416712 19607740 7960668
1790741858605 7417352 19607740 7960668
1790741858677 7417928 19607740 7960668
1790741858749 7418184 19607740 7960668
1790741858821 7420684 19607740 7960668
1790741858892 7423052 19607740 7960668
1790741858964 7425548 19607740 7960668
1790741859036 7428800 19607740 7960668
1790741859106 7431884 19607740 7960668
1790741859179 7435916 19607740 7960668
1790741859249 7437168 19607740 7960668
1790741859319 7440716 19607740 7960668
1790741859391 7442252 19607740 7960668
1790741859463 7446096 19607740 7960668
1790741859536 7448016 19607740 7960668
1790741859608 7451856 19607740 7960668
1790741859680 7454928 19607740 7960668
1790741859753 7459456 19607740 7960668
1790741859825 7462528 19607740 7960668
1790741859897 7465144 19607740 7960668
1790741859969 7469440 19607740 7960668
1790741860041 7472512 19607740 7960668
1790741860113 7476928 19607740 7960668
1790741860187 7479616 19607740 7960668
1790741860259 7484224 19607740 7960668
1790741860325 7488260 19607740 7960668
1790741860392 7491332 19607740 7960668
1790741860466 7495176 19607740 7960668
1790741860537 7495176 19607740 7960668
1790741860604 7495176 19607740 7960668
1790741860668 7495176 19607740 7960668
1790741860732 7495176 19607740 7960668
1790741860800 7421576 19607740 7960668
1790741860870 7495172 19607740 7960668
1790741860935 7495176 19607740 7960668
1790741860992 7495176 19607740 7960668
1790741861049 7495176 19607740 7960668
1790741861106 7495176 19607740 7960668
1790741861163 7495176 19607740 7960668
1790741861220 7495176 19607740 7960668
1790741861284 7495176 19607740 7960668
1790741861348 7495176 19607740 7960668
1790741861404 7495176 19607740 7960668
1790741861460 7495176 19607740 7960668
1790741861517 7495176 19607740 7960668
1790741861573 7495176 19607740 7960668
1790741861630 7495176 19607740 7960668
1790741861695 7495176 19607740 7960668
1790741861759 7495176 19607740 7960668
1790741861828 7495176 19607740 7960668
1790741861896 7495176 19607740 7960668
1790741861960 7495176 19607740 7960668
1790741862024 7495176 19607740 7960668
1790741862088 7495176 19607740 7960668
1790741862151 7495176 19607740 7960668
1790741862214 7495176 19607740 7960668
1790741862278 7495176 19607740 7960668
1790741862342 7495176 19607740 7960668
1790741862405 7495176 19607740 7960668
1790741862468 7495176 19607740 7960668
1790741862531 7495176 19607740 7960668
1790741862590 7495176 19607740 7960668
1790741862650 7495176 19607740 7960668
1790741862723 7495176 19607740 7960668
1790741862792 7495176 19607740 7960668
1790741862852 7495176 19607740 7960668
1790741862910 7495176 19607740 7960668
1790741862966 7495176 19607740 7960668
1790741863026 7495176 19607740 7960668
1790741863094 7495176 19607740 7960668
1790741863167 7495176 19607740 7960668
1790741863239 7495176 19607740 7960668
1790741863312 7495176 19607740 7960668
1790741863376 7495176 19607740 7960668
1790741863450 7495176 19607740 7960668
1790741863523 7495176 19607740 7960668
1790741863589 7497368 19607740 7960668
1790741863653 7497368 19607740 7960668
1790741863718 7505056 19607740 7960668
1790741863791 7505632 19607740 7960668
1790741863865 7515168 19607740 7960668
1790741863938 7531684 19607740 7960668
1790741864012 7540416 19607740 7960668
1790741864084 7544740 19607740 7960668
1790741864158 7561828 19607740 7960668
1790741864232 7564516 19607740 7960668
1790741864308 7576804 19607740 7960668
1790741864379 7593128 19607740 7960668
1790741864454 7600616 19607740 7960668
1790741864529 7607916 19607740 7960668
1790741864603 7625844 19607740 7960668
1790741864676 7628348 19607740 7960668
1790741864744 7650248 19607740 7960668
1790741864810 7668260 19607740 7960668
1790741864879 7682708 19607740 7960668
1790741864956 7718296 19607740 7960668
1790741865033 7731164 19607740 7960668
1790741865109 7754212 19607740 7960668
1790741865189 7790888 19607740 7960668
1790741865265 7790888 19607740 7960668
1790741865339 7733272 19607740 7960668
1790741865412 7683400 19607740 7960668
1790741865480 7683400 19607740 7960668
1790741865539 7683400 19607740 7960668
1790741865597 7683400 19607740 7960668
1790741865673 7671108 19607740 7960668
1790741865741 7619192 19607740 7960668
1790741865810 7619192 19607740 7960668
1790741865877 7619192 19607740 7960668
1790741865945 7619200 19607740 7960668
1790741866014 7619192 19607740 7960668
1790741866083 7619192 19607740 7960668
1790741866144 7619192 19607740 7960668
1790741866204 7619248 19607740 7960668
1790741866278 7619204 19607740 7960668
1790741866349 7619228 19607740 7960668
1790741866416 7619228 19607740 7960668
1790741866485 7619228 19607740 7960668
1790741866553 7619228 19607740 7960668
1790741866620 7619228 19607740 7960668
1790741866689 7619228 19607740 7960668
1790741866759 7550972 19607740 7960668
1790741866831 7550948 19607740 7960668
1790741866901 7550948 19607740 7960668
1790741866970 7550948 19607740 7960668
1790741867039 7550948 19607740 7960668
1790741867112 7510756 19607740 7960668
1790741867181 7511204 19607740 7960668
1790741867255 7511588 19607740 7960668
1790741867323 7511588 19607740 7960668
1790741867392 7511588 19607740 7960668
1790741867456 7511588 19607740 7960668
1790741867515 7511596 19607740 7960668
1790741867575 7511588 19607740 7960668
1790741867653 7511588 19607740 7960668
1790741867712 7511588 19607740 7960668
1790741867780 7511588 19607740 7960668
1790741867847 7511612 19607740 7960668
1790741867912 7511588 19607740 7960668
1790741867979 7511588 19607740 7960668
1790741868047 7511588 19607740 7960668
1790741868114 7511588 19607740 7960668
1790741868189 7511712 19607740 7960668
1790741868260 7511712 19607740 7960668
1790741868323 7511968 19607740 7960668
1790741868390 7511980 19607740 7960668
1790741868459 7511968 19607740 7960668
1790741868524 7511972 19607740 7960668
1790741868584 7511968 19607740 7960668
1790741868652 7511968 19607740 7960668
1790741868719 7511968 19607740 7960668
1790741868777 7511996 19607740 7960668
1790741868848 7511968 19607740 7960668
1790741868917 7511968 19607740 7960668
1790741868977 7511968 19607740 7960668
1790741869038 7511968 19607740 7960668
1790741869116 7511968 19607740 7960668
1790741869188 7511968 19607740 7960668
1790741869254 7511968 19607740 7960668
1790741869326 7511968 19607740 7960668
1790741869392 7511980 19607740 7960668
1790741869453 7511968 19607740 7960668
1790741869510 7511968 19607740 7960668
1790741869569 7511976 19607740 7960668
1790741869629 7511968 19607740 7960668
1790741869690 7511968 19607740 7960668
1790741869750 7511968 19607740 7960668
1790741869810 7512024 19607740 7960668
1790741869874 7511968 19607740 7960668
1790741869937 7511968 19607740 7960668
1790741869996 7511968 19607740 7960668
1790741870056 7511968 19607740 7960668
1790741870123 7511968 19607740 7960668
1790741870190 7511968 19607740 7960668
1790741870256 7511980 19607740 7960668
1790741870325 7511968 19607740 7960668
1790741870396 7511968 19607740 7960668
1790741870463 7511980 19607740 7960668
1790741870530 7511968 19607740 7960668
1790741870589 7511968 19607740 7960668
1790741870648 7449676 19607740 7960668
1790741870725 7449676 19607740 7960668
1790741870786 7449676 19607740 7960668
1790741870851 7449704 19607740 7960668
1790741870918 7449696 19607740 7960668
1790741870989 7449676 19607740 7960668
1790741871057 7449676 19607740 7960668
1790741871125 7449676 19607740 7960668
1790741871193 7449676 19607740 7960668
1790741871262 7449676 19607740 7960668
1790741871329 7449676 19607740 7960668
1790741871400 7449804 19607740 7960668
1790741871459 7449804 19607740 7960668
1790741871518 7449804 19607740 7960668
1790741871582 7449804 19607740 7960668
1790741871647 7449812 19607740 7960668
1790741871715 7449804 19607740 7960668
1790741871782 7449804 19607740 7960668
1790741871848 7449804 19607740 7960668
1790741871916 7449804 19607740 7960668
1790741871986 7449804 19607740 7960668
1790741872056 7449808 19607740 7960668
1790741872121 7449808 19607740 7960668
1790741872181 7449832 19607740 7960668
1790741872239 7449832 19607740 7960668
1790741872297 7449832 19607740 7960668
1790741872355 7449832 19607740 7960668
1790741872413 7449832 19607740 7960668
1790741872472 7449832 19607740 7960668
1790741872530 7449804 19607740 7960668
1790741872587 7449804 19607740 7960668
1790741872647 7449804 19607740 7960668
1790741872708 7449804 19607740 7960668
1790741872771 7449804 19607740 7960668
1790741872832 7449804 19607740 7960668
1790741872906 7449804 19607740 7960668
1790741872974 7449804 19607740 7960668
1790741873040 7449804 19607740 7960668
1790741873105 7449804 19607740 7960668
1790741873170 7449812 19607740 7960668
1790741873237 7449804 19607740 7960668
1790741873304 7449804 19607740 7960668
1790741873370 7449804 19607740 7960668
1790741873429 7449804 19607740 7960668
1790741873493 7449804 19607740 7960668
1790741873563 7449804 19607740 7960668
1790741873627 7449804 19607740 7960668
1790741873693 7449804 19607740 7960668
1790741873759 7449804 19607740 7960668
1790741873825 7449804 19607740 7960668
1790741873892 7449804 19607740 7960668
1790741873963 7449804 19607740 7960668
1790741874026 7449816 19607740 7960668
1790741874093 7449804 19607740 7960668
1790741874155 7449804 19607740 7960668
1790741874220 7449804 19607740 7960668
1790741874287 7449804 19607740 7960668
1790741874353 7449804 19607740 7960668
1790741874410 7449832 19607740 7960668
1790741874473 7449804 19607740 7960668
1790741874543 7449804 19607740 7960668
1790741874608 7449804 19607740 7960668
1790741874667 7449804 19607740 7960668
1790741874727 7449804 19607740 7960668
1790741874786 7449804 19607740 7960668
1790741874850 7449804 19607740 7960668
1790741874920 7449804 19607740 7960668
1790741874987 7449804 19607740 7960668
1790741875052 7449828 19607740 7960668
1790741875117 7449804 19607740 7960668
1790741875182 7449808 19607740 7960668
1790741875250 7449804 19607740 7960668
1790741875317 7449804 19607740 7960668
1790741875384 7449804 19607740 7960668
1790741875450 7449860 19607740 7960668
1790741875520 7449804 19607740 7960668
1790741875590 7449804 19607740 7960668
1790741875654 7449804 19607740 7960668
1790741875721 7449804 19607740 7960668
1790741875790 7449804 19607740 7960668
1790741875861 7449804 19607740 7960668
1790741875927 7449804 19607740 7960668
1790741875999 7449804 19607740 7960668
1790741876065 7449816 19607740 7960668
1790741876131 7449804 19607740 7960668
1790741876197 7449804 19607740 7960668
1790741876263 7449804 19607740 7960668
1790741876328 7449804 19607740 7960668
1790741876393 7449804 19607740 7960668
1790741876456 7449804 19607740 7960668
1790741876525 7449804 19607740 7960668
1790741876593 7449804 19607740 7960668
1790741876654 7449804 19607740 7960668
1790741876719 7449804 19607740 7960668
1790741876786 7449804 19607740 7960668
1790741876854 7449804 19607740 7960668
1790741876924 7449804 19607740 7960668
1790741876986 7449804 19607740 7960668
1790741877055 7449804 19607740 7960668
1790741877121 7449828 19607740 7960668
1790741877190 7449804 19607740 7960668
1790741877253 7449808 19607740 7960668
1790741877314 7449804 19607740 7960668
1790741877381 7449804 19607740 7960668
1790741877448 7449804 19607740 7960668
1790741877512 7449832 19607740 7960668
1790741877583 7449804 19607740 7960668
1790741877651 7449804 19607740 7960668
1790741877716 7449804 19607740 7960668
1790741877783 7449804 19607740 7960668
1790741877848 7449804 19607740 7960668
1790741877910 7449804 19607740 7960668
1790741877978 7449804 19607740 7960668
1790741878050 7449808 19607740 7960668
1790741878116 7449804 19607740 7960668
1790741878183 7449804 19607740 7960668
1790741878247 7449804 19607740 7960668
1790741878313 7449804 19607740 7960668
1790741878379 7449804 19607740 7960668
1790741878443 7449804 19607740 7960668
1790741878500 7449804 19607740 7960668
1790741878558 7449860 19607740 7960668
1790741878621 7449804 19607740 7960668
1790741878684 7449804 19607740 7960668
1790741878750 7449804 19607740 7960668
1790741878817 7449804 19607740 7960668
1790741878887 7449804 19607740 7960668
1790741878959 7449804 19607740 7960668
1790741879025 7449804 19607740 7960668
1790741879100 7462352 19607740 7960668
1790741879168 7462928 19607740 7960668
1790741879241 7476084 19607740 7960668
1790741879313 7492404 19607740 7960668
1790741879377 7492404 19607740 7960668
1790741879444 7505028 19607740 7960668
1790741879518 7513284 19607740 7960668
1790741879592 7520772 19607740 7960668
1790741879666 7532000 19607740 7960668
1790741879739 7532000 19607740 7960668
1790741879810 7532000 19607740 7960668
1790741879878 7532000 19607740 7960668
1790741879943 7532000 19607740 7960668
1790741880008 7532000 19607740 7960668
1790741880072 7532000 19607740 7960668
1790741880137 7532000 19607740 7960668
1790741880202 7532000 19607740 7960668
1790741880266 7532000 19607740 7960668
1790741880331 7532000 19607740 7960668
1790741880395 7532000 19607740 7960668
1790741880460 7532000 19607740 7960668
1790741880524 7532000 19607740 7960668
1790741880588 7532000 19607740 7960668
1790741880653 7532000 19607740 7960668
1790741880719 7532000 19607740 7960668
1790741880784 7532000 19607740 7960668
1790741880848 7532000 19607740 7960668
1790741880913 7532000 19607740 7960668
1790741880984 7532000 19607740 7960668
1790741881050 7532000 19607740 7960668
1790741881107 7532000 19607740 7960668
1790741881164 7532000 19607740 7960668
1790741881230 7532000 19607740 7960668
1790741881296 7532000 19607740 7960668
1790741881360 7532000 19607740 7960668
1790741881417 7532000 19607740 7960668
1790741881474 7532000 19607740 7960668
1790741881532 7532000 19607740 7960668
1790741881597 7532000 19607740 7960668
1790741881661 7532000 19607740 7960668
1790741881718 7532000 19607740 7960668
1790741881783 7532000 19607740 7960668
1790741881857 7532004 19607740 7960668
1790741881927 7532004 19607740 7960668
1790741881988 7532004 19607740 7960668
1790741882045 7532004 19607740 7960668
1790741882103 7532004 19607740 7960668
1790741882162 7532004 19607740 7960668
1790741882238 7532004 19607740 7960668
1790741882310 7532004 19607740 7960668
1790741882382 7532004 19607740 7960668
1790741882455 7532004 19607740 7960668
1790741882520 7533816 19607740 7960668
1790741882592 7533816 19607740 7960668
1790741882667 7533816 19607740 7960668
1790741882743 7534200 19607740 7960668
1790741882816 7538292 19607740 7960668
1790741882891 7544732 19607740 7960668
1790741882966 7561820 19607740 7960668
1790741883040 7562976 19607740 7960668
1790741883114 7574888 19607740 7960668
1790741883189 7590824 19607740 7960668
1790741883263 7592936 19607740 7960668
1790741883336 7602536 19607740 7960668
1790741883403 7616552 19607740 7960668
1790741883477 7617704 19607740 7960668
1790741883554 7630384 19607740 7960668
1790741883625 7647472 19607740 7960668
1790741883702 7649204 19607740 7960668
1790741883776 7664964 19607740 7960668
1790741883844 7686088 19607740 7960668
1790741883921 7688588 19607740 7960668
1790741883999 7709712 19607740 7960668
1790741884073 7733532 19607740 7960668
1790741884140 7738716 19607740 7960668
1790741884218 7757920 19607740 7960668
1790741884296 7788452 19607740 7960668
1790741884374 7792292 19607740 7960668
1790741884453 7816872 19607740 7960668
1790741884533 7857964 19607740 7960668
1790741884610 7880120 19607740 7960668
1790741884689 7892348 19607740 7960668
1790741884766 7929804 19607740 7960668
1790741884843 7933068 19607740 7960668
1790741884925 7969164 19607740 7969164
1790741885559 7963760 19607740 8041560
1790741885626 7965692 19607740 8041560
1790741885715 7965752 19607740 8041560
1790741885797 7965712 19607740 8041560
1790741885866 7732308 19607740 8041560
1790741885941 7509104 19607740 8041560
1790741886012 7388188 19607740 8041560
1790741886081 7388188 19607740 8041560
1790741886145 7389232 19607740 8041560
1790741886215 7390476 19607740 8041560
1790741886284 7390476 19607740 8041560
1790741886345 7390472 19607740 8041560
1790741886407 7390472 19607740 8041560
1790741886469 7413364 19607740 8041560
1790741886542 7416116 19607740 8041560
1790741886612 7420920 19607740 8041560
1790741886676 7421688 19607740 8041560
1790741886744 7424376 19607740 8041560
1790741886810 7427256 19607740 8041560
1790741886876 7430712 19607740 8041560
1790741886951 7433016 19607740 8041560
1790741887021 7436856 19607740 8041560
1790741887096 7439740 19607740 8041560
1790741887170 7442428 19607740 8041560
1790741887244 7445500 19607740 8041560
1790741887317 7449384 19607740 8041560
1790741887391 7453800 19607740 8041560
1790741887466 7458600 19607740 8041560
1790741887541 7462824 19607740 8041560
1790741887614 7466088 19607740 8041560
1790741887688 7470504 19607740 8041560
1790741887763 7474344 19607740 8041560
1790741887835 7477416 19607740 8041560
1790741887909 7480300 19607740 8041560
1790741887982 7484524 19607740 8041560
1790741888049 7488172 19607740 8041560
1790741888116 7491820 19607740 8041560
1790741888181 7496240 19607740 8041560
1790741888245 7501040 19607740 8041560
1790741888311 7503536 19607740 8041560
1790741888376 7503728 19607740 8041560
1790741888451 7506804 19607740 8041560
1790741888519 7473388 19607740 8041560
1790741888588 7473388 19607740 8041560
1790741888652 7473388 19607740 8041560
1790741888710 7473388 19607740 8041560
1790741888769 7399788 19607740 8041560
1790741888837 7454956 19607740 8041560
1790741888905 7473388 19607740 8041560
1790741888970 7473388 19607740 8041560
1790741889035 7473388 19607740 8041560
1790741889099 7473388 19607740 8041560
1790741889163 7473388 19607740 8041560
1790741889226 7473388 19607740 8041560
1790741889289 7473388 19607740 8041560
1790741889352 7473388 19607740 8041560
1790741889416 7473388 19607740 8041560
1790741889479 7473388 19607740 8041560
1790741889543 7473388 19607740 8041560
1790741889607 7473388 19607740 8041560
1790741889671 7473388 19607740 8041560
1790741889734 7473388 19607740 8041560
1790741889799 7473388 19607740 8041560
1790741889870 7473388 19607740 8041560
1790741889936 7473388 19607740 8041560
1790741890001 7473388 19607740 8041560
1790741890065 7473388 19607740 8041560
1790741890128 7473388 19607740 8041560
1790741890192 7473388 19607740 8041560
1790741890256 7473388 19607740 8041560
1790741890319 7473388 19607740 8041560
1790741890383 7473388 19607740 8041560
1790741890446 7473388 19607740 8041560
1790741890510 7473388 19607740 8041560
1790741890572 7473388 19607740 8041560
1790741890638 7473388 19607740 8041560
1790741890707 7473388 19607740 8041560
1790741890777 7434788 19607740 8041560
1790741890846 7434788 19607740 8041560
1790741890912 7434788 19607740 8041560
1790741890975 7434788 19607740 8041560
1790741891039 7434788 19607740 8041560
1790741891108 7412320 19607740 8041560
1790741891180 7415776 19607740 8041560
1790741891251 7419424 19607740 8041560
1790741891316 7420000 19607740 8041560
1790741891381 7420000 19607740 8041560
1790741891455 7422664 19607740 8041560
1790741891527 7423240 19607740 8041560
1790741891600 7429384 19607740 8041560
1790741891673 7436432 19607740 8041560
1790741891750 7442576 19607740 8041560
1790741891824 7444112 19607740 8041560
1790741891896 7452056 19607740 8041560
1790741891969 7456472 19607740 8041560
1790741892043 7469144 19607740 8041560
1790741892116 7481820 19607740 8041560
1790741892190 7495260 19607740 8041560
1790741892258 7495260 19607740 8041560
1790741892332 7507740 19607740 8041560
1790741892406 7525216 19607740 8041560
1790741892477 7526752 19607740 8041560
1790741892544 7542752 19607740 8041560
1790741892601 7554752 19607740 8041560
1790741892667 7564660 19607740 8041560
1790741892744 7593352 19607740 8041560
1790741892818 7596616 19607740 8041560
1790741892893 7624652 19607740 8041560
1790741892969 7651900 19607740 8041560
1790741893042 7658444 19607740 8041560
1790741893111 7688788 19607740 8041560
1790741893177 7706760 19607740 8041560
1790741893245 7720664 19607740 8041560
1790741893321 7720664 19607740 8041560
1790741893394 7649348 19607740 8041560
1790741893464 7649348 19607740 8041560
1790741893525 7649348 19607740 8041560
1790741893584 7649348 19607740 8041560
1790741893651 7649348 19607740 8041560
1790741893725 7619276 19607740 8041560
1790741893792 7516900 19607740 8041560
1790741893860 7516924 19607740 8041560
1790741893926 7516900 19607740 8041560
1790741893993 7516904 19607740 8041560
1790741894061 7516900 19607740 8041560
1790741894129 7516900 19607740 8041560
1790741894197 7516900 19607740 8041560
1790741894263 7516956 19607740 8041560
1790741894326 7498272 19607740 8041560
1790741894397 7498272 19607740 8041560
1790741894463 7498272 19607740 8041560
1790741894522 7498272 19607740 8041560
1790741894591 7498272 19607740 8041560
1790741894666 7498272 19607740 8041560
1790741894734 7498272 19607740 8041560
1790741894806 7498272 19607740 8041560
1790741894872 7498284 19607740 8041560
1790741894941 7498272 19607740 8041560
1790741895006 7498272 19607740 8041560
1790741895073 7498272 19607740 8041560
1790741895140 7498272 19607740 8041560
1790741895207 7498272 19607740 8041560
1790741895272 7498300 19607740 8041560
1790741895343 7498272 0 8041560
1790741895413 7445396 19607740 8041560
1790741895477 7445396 19607740 8041560
1790741895537 7445396 19607740 8041560
1790741895604 7445396 19607740 8041560
1790741895674 7445396 19607740 8041560
1790741895740 7445396 19607740 8041560
1790741895804 7445396 19607740 8041560
1790741895866 7445404 19607740 8041560
1790741895933 7445404 19607740 8041560
1790741896000 7445428 19607740 8041560
1790741896064 7445428 19607740 8041560
1790741896130 7445428 19607740 8041560
1790741896195 7445428 19607740 8041560
1790741896262 7445428 19607740 8041560
1790741896326 7445396 19607740 8041560
1790741896384 7445408 19607740 8041560
1790741896445 7445396 19607740 8041560
1790741896504 7445396 19607740 8041560
1790741896569 7445396 19607740 8041560
1790741896634 7445396 19607740 8041560
1790741896702 7445396 19607740 8041560
1790741896767 7445396 19607740 8041560
1790741896836 7383868 19607740 8041560
1790741896906 7383868 19607740 8041560
1790741896971 7383868 19607740 8041560
1790741897029 7383868 19607740 8041560
1790741897089 7383868 19607740 8041560
1790741897150 7383868 19607740 8041560
1790741897214 7383868 19607740 8041560
1790741897273 7383868 19607740 8041560
1790741897345 7383868 19607740 8041560
1790741897411 7383880 19607740 8041560
1790741897476 7383868 19607740 8041560
1790741897533 7383868 19607740 8041560
1790741897598 7383868 19607740 8041560
1790741897663 7383868 19607740 8041560
1790741897727 7383868 19607740 8041560
1790741897790 7383868 19607740 8041560
1790741897854 7383880 19607740 8041560
1790741897922 7383868 19607740 8041560
1790741897990 7383868 19607740 8041560
1790741898054 7383868 19607740 8041560
1790741898115 7383868 19607740 8041560
1790741898176 7383868 19607740 8041560
1790741898235 7383868 19607740 8041560
1790741898304 7383868 19607740 8041560
1790741898372 7383868 19607740 8041560
1790741898432 7383868 19607740 8041560
1790741898489 7383880 19607740 8041560
1790741898556 7383868 19607740 8041560
1790741898618 7383872 19607740 8041560
1790741898678 7383868 19607740 8041560
1790741898743 7383868 19607740 8041560
1790741898808 7383868 19607740 8041560
1790741898865 7383896 19607740 8041560
1790741898927 7383868 19607740 8041560
1790741899014 7383868 19607740 8041560
1790741899079 7383868 19607740 8041560
1790741899145 7383868 19607740 8041560
1790741899210 7383868 19607740 8041560
1790741899281 7383868 19607740 8041560
1790741899344 7383868 19607740 8041560
1790741899409 7383868 19607740 8041560
1790741899476 7383868 19607740 8041560
1790741899540 7383892 19607740 8041560
1790741899606 7383868 19607740 8041560
1790741899668 7383876 19607740 8041560
1790741899730 7383868 19607740 8041560
1790741899797 7383868 19607740 8041560
1790741899863 7383868 19607740 8041560
1790741899927 7383868 19607740 8041560
1790741899991 7383868 19607740 8041560
1790741900056 7383868 19607740 8041560
1790741900120 7383868 19607740 8041560
1790741900185 7383868 19607740 8041560
1790741900251 7383868 19607740 8041560
1790741900318 7383868 19607740 8041560
1790741900384 7383868 19607740 8041560
1790741900449 7383948 19607740 8041560
1790741900521 7383920 19607740 8041560
1790741900593 7383920 19607740 8041560
1790741900664 7383984 19607740 8041560
1790741900734 7383984 19607740 8041560
1790741900802 7383984 19607740 8041560
1790741900871 7383984 19607740 8041560
1790741900940 7383984 19607740 8041560
1790741901008 7383984 19607740 8041560
1790741901077 7383984 19607740 8041560
1790741901145 7383912 19607740 8041560
1790741901210 7383912 19607740 8041560
1790741901275 7383876 19607740 8041560
1790741901344 7383876 19607740 8041560
1790741901412 7383876 19607740 8041560
1790741901475 7383876 19607740 8041560
1790741901540 7383876 19607740 8041560
1790741901606 7383876 19607740 8041560
1790741901677 7383876 19607740 8041560
1790741901738 7383876 19607740 8041560
1790741901800 7383876 0 8041560
1790741901860 7383876 19607740 8041560
1790741901926 7383876 19607740 8041560
1790741901991 7383876 19607740 8041560
1790741902056 7383884 19607740 8041560
1790741902122 7383876 19607740 8041560
1790741902187 7383876 19607740 8041560
1790741902251 7383876 19607740 8041560
1790741902318 7390824 19607740 8041560
1790741902381 7390824 19607740 8041560
1790741902444 7390864 19607740 8041560
1790741902502 7390864 19607740 8041560
1790741902560 7390864 19607740 8041560
1790741902618 7390864 19607740 8041560
1790741902676 7390864 19607740 8041560
1790741902735 7390864 19607740 8041560
1790741902794 7390864 19607740 8041560
1790741902852 7390864 19607740 8041560
1790741902911 7390836 19607740 8041560
1790741902975 7390836 19607740 8041560
1790741903039 7390836 19607740 8041560
1790741903107 7390808 19607740 8041560
1790741903176 7390808 19607740 8041560
1790741903243 7390808 19607740 8041560
1790741903308 7390808 19607740 8041560
1790741903374 7390808 19607740 8041560
1790741903445 7390808 19607740 8041560
1790741903510 7390808 19607740 8041560
1790741903582 7390820 19607740 8041560
1790741903648 7390808 19607740 8041560
1790741903713 7390808 19607740 8041560
1790741903770 7390808 19607740 8041560
1790741903827 7390816 19607740 8041560
1790741903887 7390808 19607740 8041560
1790741903946 7390808 19607740 8041560
1790741904004 7390808 19607740 8041560
1790741904069 7390836 19607740 8041560
1790741904136 7390808 19607740 8041560
1790741904198 7390808 19607740 8041560
1790741904259 7390808 19607740 8041560
1790741904318 7390808 19607740 8041560
1790741904379 7390808 19607740 8041560
1790741904438 7390808 19607740 8041560
1790741904511 7390808 19607740 8041560
1790741904578 7390808 19607740 8041560
1790741904646 7390808 19607740 8041560
1790741904711 7390832 19607740 8041560
1790741904770 7390808 19607740 8041560
1790741904836 7390812 19607740 8041560
1790741904900 7390808 19607740 8041560
1790741904960 7390808 19607740 8041560
1790741905028 7390808 19607740 8041560
1790741905109 7390864 19607740 8041560
1790741905176 7390808 19607740 8041560
1790741905246 7390808 19607740 8041560
1790741905311 7390808 19607740 8041560
1790741905377 7390808 19607740 8041560
1790741905443 7390808 19607740 8041560
1790741905511 7390808 19607740 8041560
1790741905577 7390808 19607740 8041560
1790741905641 7390808 19607740 8041560
1790741905701 7390808 19607740 8041560
1790741905759 7390832 19607740 8041560
1790741905818 7390808 19607740 8041560
1790741905876 7390812 19607740 8041560
1790741905936 7390808 19607740 8041560
1790741906002 7390808 19607740 8041560
1790741906068 7390808 19607740 8041560
1790741906132 7390836 19607740 8041560
1790741906199 7390808 19607740 8041560
1790741906262 7390808 19607740 8041560
1790741906322 7390808 19607740 8041560
1790741906380 7390808 19607740 8041560
1790741906448 7390808 19607740 8041560
1790741906512 7390808 19607740 8041560
1790741906575 7390808 19607740 8041560
1790741906645 7390808 19607740 8041560
1790741906709 7390808 19607740 8041560
1790741906775 7390808 19607740 8041560
1790741906839 7390816 19607740 8041560
1790741906905 7390816 19607740 8041560
1790741906972 7390808 19607740 8041560
1790741907037 7390808 19607740 8041560
1790741907096 7390808 19607740 8041560
1790741907153 7390836 19607740 8041560
1790741907223 7390808 19607740 8041560
1790741907292 7390808 19607740 8041560
1790741907356 7390808 19607740 8041560
1790741907424 7390808 19607740 8041560
1790741907489 7390808 19607740 8041560
1790741907553 7390808 19607740 8041560
1790741907613 7390808 19607740 8041560
1790741907685 7390808 19607740 8041560
1790741907752 7390808 19607740 8041560
1790741907817 7390808 19607740 8041560
1790741907881 7390808 19607740 8041560
1790741907947 7390816 19607740 8041560
1790741908010 7390808 19607740 8041560
1790741908076 7390808 19607740 8041560
1790741908141 7390808 19607740 8041560
1790741908206 7390864 0 8041560
1790741908276 7390808 19607740 8041560
1790741908345 7390808 19607740 8041560
1790741908411 7390808 19607740 8041560
1790741908478 7390808 19607740 8041560
1790741908546 7390808 19607740 8041560
1790741908612 7390808 19607740 8041560
1790741908669 7390808 19607740 8041560
1790741908726 7390808 19607740 8041560
1790741908783 7390808 19607740 8041560
1790741908839 7390808 19607740 8041560
1790741908905 7390808 19607740 8041560
1790741908968 7390808 19607740 8041560
1790741909030 7390808 19607740 8041560
1790741909090 7390808 19607740 8041560
1790741909152 7390808 19607740 8041560
1790741909221 7397568 19607740 8041560
1790741909288 7405792 19607740 8041560
1790741909354 7419652 19607740 8041560
1790741909418 7420996 19607740 8041560
1790741909482 7433504 19607740 8041560
1790741909555 7450596 19607740 8041560
1790741909627 7450596 19607740 8041560
1790741909701 7465988 19607740 8041560
1790741909776 7481704 19607740 8041560
1790741909848 7481704 19607740 8041560
1790741909918 7481704 19607740 8041560
1790741909979 7481704 19607740 8041560
1790741910038 7481704 19607740 8041560
1790741910095 7481704 19607740 8041560
1790741910159 7481704 19607740 8041560
1790741910222 7481704 19607740 8041560
1790741910286 7481704 19607740 8041560
1790741910349 7481704 19607740 8041560
1790741910412 7481704 19607740 8041560
1790741910474 7481704 19607740 8041560
1790741910537 7481704 19607740 8041560
1790741910599 7481704 19607740 8041560
1790741910662 7481704 19607740 8041560
1790741910725 7481704 19607740 8041560
1790741910787 7481704 19607740 8041560
1790741910850 7481704 19607740 8041560
1790741910913 7481704 19607740 8041560
1790741910976 7481704 19607740 8041560
1790741911040 7481704 19607740 8041560
1790741911109 7481704 19607740 8041560
1790741911169 7481704 19607740 8041560
1790741911226 7481704 19607740 8041560
1790741911283 7481704 19607740 8041560
1790741911340 7481704 19607740 8041560
1790741911395 7481704 19607740 8041560
1790741911451 7481704 19607740 8041560
1790741911506 7481704 19607740 8041560
1790741911561 7481704 19607740 8041560
1790741911616 7481704 19607740 8041560
1790741911671 7481704 19607740 8041560
1790741911735 7481704 19607740 8041560
1790741911799 7481704 19607740 8041560
1790741911860 7481704 19607740 8041560
1790741911920 7481704 19607740 8041560
1790741911980 7481704 19607740 8041560
1790741912040 7481704 19607740 8041560
1790741912098 7481704 19607740 8041560
1790741912156 7481704 19607740 8041560
1790741912214 7481704 19607740 8041560
1790741912272 7481704 19607740 8041560
1790741912329 7481704 19607740 8041560
1790741912386 7481704 19607740 8041560
1790741912446 7481704 19607740 8041560
1790741912508 7481704 19607740 8041560
1790741912571 7445216 19607740 8041560
1790741912637 7445216 19607740 8041560
1790741912701 7445216 19607740 8041560
1790741912764 7445216 19607740 8041560
1790741912832 7445216 19607740 8041560
1790741912908 7445216 19607740 8041560
1790741912982 7445216 19607740 8041560
1790741913053 7445216 19607740 8041560
1790741913123 7446220 19607740 8041560
1790741913197 7449296 19607740 8041560
1790741913266 7449488 19607740 8041560
1790741913330 7452560 19607740 8041560
1790741913404 7456016 19607740 8041560
1790741913476 7467092 19607740 8041560
1790741913546 7468628 19607740 8041560
1790741913620 7480344 19607740 8041560
1790741913693 7488924 19607740 8041560
1790741913763 7497436 19607740 8041560
1790741913838 7512416 19607740 8041560
1790741913909 7526624 19607740 8041560
1790741913981 7527584 19607740 8041560
1790741914054 7542176 19607740 8041560
1790741914120 7558908 19607740 8041560
1790741914184 7561580 19607740 8041560
1790741914252 7576944 19607740 8041560
1790741914315 7581856 19607740 8041560
1790741914382 7591160 19607740 8041560
1790741914447 7610372 19607740 8041560
1790741914514 7610176 19607740 8041560
1790741914589 7634192 19607740 8041560
1790741914661 7637072 19607740 8041560
1790741914738 7658960 19607740 8041560
1790741914813 7684508 19607740 8041560
1790741914879 7688160 19607740 8041560
1790741914958 7716576 19607740 8041560
1790741915025 7751528 19607740 8041560
1790741915101 7754604 19607740 8041560
1790741915182 7788972 19607740 8041560
1790741915256 7822004 19607740 8041560
1790741915321 7834112 19607740 8041560
1790741915401 7859464 19607740 8041560
1790741915484 7894600 19607740 8041560
1790741915562 7898440 19607740 8041560
1790741915643 7941264 19607740 8041560
1790741915727 7980820 19607740 8041560
1790741916360 7881104 19607740 8041560
1790741916445 7881160 19607740 8041560
1790741916523 7881096 19607740 8041560
1790741916590 7881096 19607740 8041560
1790741916657 7881096 19607740 8041560
1790741916723 7881096 19607740 8041560
1790741916790 7881096 19607740 8041560
1790741916857 7881096 19607740 8041560
1790741916930 7881096 19607740 8041560
1790741917004 7881096 19607740 8041560
1790741917076 7883196 19607740 8041560
1790741917155 7883084 19607740 8041560
1790741917242 7666720 19607740 8041560
1790741917313 7449768 19607740 8041560
1790741917378 7422112 19607740 8041560
1790741917448 7422112 19607740 8041560
1790741917518 7422112 19607740 8041560
1790741917581 7422144 19607740 8041560
1790741917643 7422172 19607740 8041560
1790741917706 7422112 19607740 8041560
1790741917774 7422112 19607740 8041560
1790741917845 7423968 19607740 8041560
1790741917914 7425696 19607740 8041560
1790741917979 7427236 19607740 8041560
1790741918042 7427428 19607740 8041560
1790741918115 7431076 19607740 8041560
1790741918187 7432228 19607740 8041560
1790741918259 7434980 19607740 8041560
1790741918329 7436708 19607740 8041560
1790741918402 7439780 19607740 8041560
1790741918472 7443236 19607740 8041560
1790741918536 7444388 19607740 8041560
1790741918601 7447652 19607740 8041560
1790741918667 7450724 19607740 8041560
1790741918739 7453988 19607740 8041560
1790741918814 7457060 19607740 8041560
1790741918891 7460516 19607740 8041560
1790741918965 7462820 19607740 8041560
1790741919038 7466084 19607740 8041560
1790741919112 7469352 19607740 8041560
1790741919183 7472424 19607740 8041560
1790741919257 7476844 19607740 8041560
1790741919332 7480684 19607740 8041560
1790741919405 7485868 19607740 8041560
1790741919477 7488172 19607740 8041560
1790741919551 7493164 19607740 8041560
1790741919626 7497584 19607740 8041560
1790741919697 7501424 19607740 8041560
1790741919773 7505456 19607740 8041560
1790741919841 7505456 19607740 8041560
1790741919901 7505456 19607740 8041560
1790741919959 7505456 19607740 8041560
1790741920016 7505456 19607740 8041560
1790741920074 7431856 19607740 8041560
1790741920134 7431856 19607740 8041560
1790741920195 7505456 19607740 8041560
1790741920253 7505456 19607740 8041560
1790741920311 7505456 19607740 8041560
1790741920368 7505456 19607740 8041560
1790741920426 7505456 19607740 8041560
1790741920482 7505456 19607740 8041560
1790741920539 7505456 19607740 8041560
1790741920604 7505456 19607740 8041560
1790741920669 7505456 19607740 8041560
1790741920734 7505456 19607740 8041560
1790741920798 7505456 19607740 8041560
1790741920863 7505456 19607740 8041560
1790741920928 7505456 19607740 8041560
1790741920994 7505456 19607740 8041560
1790741921058 7505456 19607740 8041560
1790741921123 7505456 19607740 8041560
1790741921194 7505456 19607740 8041560
1790741921260 7505456 19607740 8041560
1790741921316 7505456 19607740 8041560
1790741921373 7505456 19607740 8041560
1790741921429 7505456 19607740 8041560
1790741921486 7505456 19607740 8041560
1790741921542 7505456 19607740 8041560
1790741921599 7505456 19607740 8041560
1790741921655 7505456 19607740 8041560
1790741921712 7505456 19607740 8041560
1790741921769 7505456 19607740 8041560
1790741921833 7505456 19607740 8041560
1790741921897 7505456 19607740 8041560
1790741921963 7505456 19607740 8041560
1790741922023 7505456 19607740 8041560
1790741922087 7505456 19607740 8041560
1790741922159 7505456 19607740 8041560
1790741922228 7505456 19607740 8041560
1790741922292 7505456 19607740 8041560
1790741922349 7505456 19607740 8041560
1790741922417 7505456 19607740 8041560
1790741922492 7505456 19607740 8041560
1790741922567 7505456 19607740 8041560
1790741922637 7505456 19607740 8041560
1790741922705 7505456 19607740 8041560
1790741922772 7505456 19607740 8041560
1790741922838 7505456 19607740 8041560
1790741922916 7505456 19607740 8041560
1790741922992 7505456 19607740 8041560
1790741923062 7505456 19607740 8041560
1790741923131 7514488 19607740 8041560
1790741923206 7527804 19607740 8041560
1790741923277 7527804 19607740 8041560
1790741923343 7542588 19607740 8041560
1790741923410 7559484 19607740 8041560
1790741923484 7560444 19607740 8041560
1790741923560 7575420 19607740 8041560
1790741923632 7587328 19607740 8041560
1790741923706 7588480 19607740 8041560
1790741923782 7601152 19607740 8041560
1790741923843 7615180 19607740 8041560
1790741923915 7616912 19607740 8041560
1790741923992 7634464 19607740 8041560
1790741924067 7665968 19607740 8041560
1790741924142 7669424 19607740 8041560
1790741924220 7697076 19607740 8041560
1790741924293 7721080 19607740 8041560
1790741924371 7734712 19607740 8041560
1790741924451 7763900 19607740 8041560
1790741924524 7795388 19607740 8041560
1790741924593 7795388 19607740 8041560
1790741924669 7785148 19607740 8041560
1790741924741 7756208 19607740 8041560
1790741924811 7756208 19607740 8041560
1790741924880 7756208 19607740 8041560
1790741924949 7707172 19607740 8041560
1790741925025 7649880 19607740 8041560
1790741925094 7649892 19607740 8041560
1790741925156 7649880 19607740 8041560
1790741925216 7649880 19607740 8041560
1790741925276 7649880 19607740 8041560
1790741925338 7649880 19607740 8041560
1790741925407 7649880 19607740 0
1790741925475 7649880 19607740 8041560
1790741925548 7553604 19607740 8041560
1790741925618 7553604 19607740 8041560
1790741925680 7553604 19607740 8041560
1790741925740 7553604 19607740 8041560
1790741925809 7487284 19607740 8041560
1790741925879 7487284 19607740 8041560
1790741925952 7487284 19607740 8041560
1790741926023 7487284 19607740 8041560
1790741926091 7487284 19607740 8041560
1790741926158 7487284 19607740 8041560
1790741926224 7487284 19607740 8041560
1790741926293 7487292 19607740 8041560
1790741926361 7487284 19607740 8041560
1790741926430 7487284 19607740 8041560
1790741926496 7487284 19607740 8041560
1790741926566 7487284 19607740 8041560
1790741926637 7487284 19607740 8041560
1790741926705 7487284 19607740 8041560
1790741926772 7487284 19607740 8041560
1790741926839 7487284 19607740 8041560
1790741926908 7487284 19607740 8041560
1790741926978 7487284 19607740 8041560
1790741927033 7478064 19607740 8041560
1790741927104 7478064 19607740 8041560
1790741927171 7478088 19607740 8041560
1790741927233 7478064 19607740 8041560
1790741927291 7478068 19607740 8041560
1790741927351 7478064 19607740 8041560
1790741927409 7478064 19607740 8041560
1790741927469 7478064 19607740 8041560
1790741927527 7478064 19607740 8041560
1790741927587 7478064 19607740 8041560
1790741927658 7478064 19607740 8041560
1790741927728 7478064 19607740 8041560
1790741927792 7478064 19607740 8041560
1790741927859 7478064 19607740 8041560
1790741927925 7478064 19607740 8041560
1790741927991 7478384 19607740 8041560
1790741928059 7478384 19607740 8041560
1790741928130 7478384 19607740 8041560
1790741928195 7478396 19607740 8041560
1790741928257 7478384 19607740 8041560
1790741928321 7478388 19607740 8041560
1790741928388 7478384 19607740 8041560
1790741928449 7478384 19607740 8041560
1790741928518 7478384 19607740 8041560
1790741928583 7478412 19607740 8041560
1790741928651 7478384 19607740 8041560
1790741928722 7478384 19607740 8041560
1790741928790 7478384 19607740 8041560
1790741928856 7478384 19607740 8041560
1790741928922 7478384 19607740 8041560
1790741929002 7478384 19607740 8041560
1790741929071 7478384 19607740 8041560
1790741929144 7478384 19607740 8041560
1790741929208 7478384 19607740 8041560
1790741929275 7478384 19607740 8041560
1790741929339 7478384 19607740 8041560
1790741929400 7478384 19607740 8041560
1790741929459 7478384 19607740 8041560
1790741929520 7478384 19607740 8041560
1790741929588 7478384 19607740 8041560
1790741929654 7478400 19607740 8041560
1790741929725 7478384 19607740 8041560
1790741929794 7478384 19607740 8041560
1790741929859 7478384 19607740 8041560
1790741929927 7478384 19607740 8041560
1790741929995 7478384 19607740 8041560
1790741930068 7478384 19607740 8041560
1790741930138 7479024 19607740 8041560
1790741930207 7479024 19607740 8041560
1790741930275 7479048 19607740 8041560
1790741930342 7479024 19607740 8041560
1790741930407 7479028 19607740 8041560
1790741930474 7479024 19607740 8041560
1790741930542 7479024 19607740 8041560
1790741930608 7479024 19607740 8041560
1790741930675 7479088 19607740 8041560
1790741930746 7479040 19607740 8041560
1790741930814 7479040 19607740 8041560
1790741930873 7479060 19607740 8041560
1790741930931 7479060 19607740 8041560
1790741930989 7479060 19607740 8041560
1790741931047 7479060 19607740 8041560
1790741931112 7479060 19607740 8041560
1790741931177 7479060 19607740 8041560
1790741931242 7479060 19607740 8041560
1790741931310 7479024 19607740 8041560
1790741931380 7479024 19607740 8041560
1790741931446 7479024 19607740 8041560
1790741931513 7479024 19607740 8041560
1790741931581 7479024 19607740 8041560
1790741931653 7479024 19607740 8041560
1790741931717 7479024 19607740 8041560
1790741931783 7479024 19607740 8041560
1790741931843 7479024 19607740 8041560
1790741931911 7479024 19607740 8041560
1790741931975 7479024 19607740 8041560
1790741932034 7479032 19607740 8041560
1790741932094 7479024 19607740 8041560
1790741932153 7479024 19607740 8041560
1790741932212 7479024 19607740 8041560
1790741932270 7479052 19607740 8041560
1790741932332 7479024 19607740 8041560
1790741932403 7479048 19607740 8041560
1790741932472 7479024 19607740 8041560
1790741932540 7479024 19607740 8041560
1790741932609 7479024 19607740 8041560
1790741932680 7479024 19607740 8041560
1790741932749 7479024 19607740 8041560
1790741932823 7479024 19607740 8041560
1790741932890 7479024 19607740 8041560
1790741932956 7479024 19607740 8041560
1790741933023 7479032 19607740 8041560
1790741933088 7479032 19607740 8041560
1790741933155 7479024 19607740 8041560
1790741933215 7479024 19607740 8041560
1790741933275 7479024 19607740 8041560
1790741933342 7479080 19607740 8041560
1790741933410 7479024 19607740 8041560
1790741933480 7479024 19607740 8041560
1790741933545 7479024 19607740 8041560
1790741933604 7479024 19607740 8041560
1790741933673 7479024 19607740 8041560
1790741933747 7479408 19607740 8041560
1790741933814 7479408 19607740 8041560
1790741933885 7479408 19607740 8041560
1790741933951 7479420 19607740 8041560
1790741934016 7479408 19607740 8041560
1790741934073 7479408 19607740 8041560
1790741934133 7479416 19607740 8041560
1790741934192 7479416 19607740 8041560
1790741934252 7479436 19607740 8041560
1790741934318 7479436 19607740 8041560
1790741934384 7479436 19607740 8041560
1790741934450 7479436 19607740 8041560
1790741934515 7479436 19607740 8041560
1790741934581 7479436 19607740 8041560
1790741934648 7479408 19607740 8041560
1790741934713 7479408 0 8041560
1790741934773 7479408 0 8041560
1790741934838 7479408 19607740 8041560
1790741934904 7479408 19607740 8041560
1790741934967 7479408 19607740 8041560
1790741935029 7479408 19607740 8041560
1790741935094 7479408 19607740 8041560
1790741935160 7479408 19607740 8041560
1790741935222 7479408 19607740 8041560
1790741935293 7479408 19607740 8041560
1790741935358 7479408 19607740 8041560
1790741935432 7479408 19607740 8041560
1790741935499 7479408 19607740 8041560
1790741935566 7479408 19607740 8041560
1790741935631 7479408 19607740 8041560
1790741935698 7479408 19607740 8041560
1790741935763 7479408 19607740 8041560
1790741935830 7479408 19607740 8041560
1790741935895 7479432 19607740 8041560
1790741935964 7479416 19607740 8041560
1790741936025 7479416 19607740 8041560
1790741936084 7479436 19607740 8041560
1790741936151 7479436 19607740 8041560
1790741936216 7479436 19607740 8041560
1790741936283 7479436 19607740 8041560
1790741936348 7479436 19607740 8041560
1790741936415 7479436 19607740 8041560
1790741936482 7479408 19607740 8041560
1790741936553 7479408 19607740 8041560
1790741936620 7479408 19607740 8041560
1790741936685 7479408 19607740 8041560
1790741936753 7479408 19607740 8041560
1790741936824 7479408 19607740 8041560
1790741936890 7479408 19607740 8041560
1790741936962 7479408 19607740 8041560
1790741937030 7479408 19607740 8041560
1790741937096 7479408 19607740 8041560
1790741937162 7479408 19607740 8041560
1790741937226 7479416 19607740 8041560
1790741937293 7479408 19607740 8041560
1790741937353 7479408 19607740 8041560
1790741937420 7479408 19607740 8041560
1790741937505 7479408 19607740 8041560
1790741937573 7479408 19607740 8041560
1790741937635 7479408 19607740 8041560
1790741937700 7479408 19607740 8041560
1790741937766 7479408 19607740 8041560
1790741937828 7479408 19607740 8041560
1790741937898 7480176 19607740 8041560
1790741937962 7480176 19607740 8041560
1790741938032 7480176 19607740 8041560
1790741938096 7480188 19607740 8041560
1790741938157 7480176 19607740 8041560
1790741938215 7480176 19607740 8041560
1790741938273 7480176 19607740 8041560
1790741938333 7480176 19607740 8041560
1790741938398 7480176 19607740 8041560
1790741938465 7480176 19607740 8041560
1790741938533 7480176 19607740 8041560
1790741938603 7480176 19607740 8041560
1790741938672 7480176 19607740 8041560
1790741938736 7480176 19607740 8041560
1790741938796 7480176 19607740 8041560
1790741938858 7480176 19607740 8041560
1790741938924 7480176 19607740 8041560
1790741938992 7480176 19607740 8041560
1790741939067 7497016 19607740 8041560
1790741939141 7504120 19607740 8041560
1790741939214 7504760 19607740 8041560
1790741939288 7514360 19607740 8041560
1790741939363 7526072 19607740 8041560
1790741939433 7527224 19607740 8041560
1790741939500 7536824 19607740 8041560
1790741939567 7549112 19607740 8041560
1790741939632 7549112 19607740 8041560
1790741939699 7549112 19607740 8041560
1790741939762 7488164 19607740 8041560
1790741939821 7488164 19607740 8041560
1790741939878 7488164 19607740 8041560
1790741939935 7488164 19607740 8041560
1790741939992 7488164 19607740 8041560
1790741940050 7488164 19607740 8041560
1790741940114 7488164 19607740 8041560
1790741940178 7488164 19607740 8041560
1790741940242 7488164 19607740 8041560
1790741940298 7488164 19607740 8041560
1790741940354 7488164 19607740 8041560
1790741940410 7488164 19607740 8041560
1790741940465 7488164 19607740 8041560
1790741940521 7488164 19607740 8041560
1790741940576 7488164 19607740 8041560
1790741940632 7488164 19607740 8041560
1790741940688 7488164 19607740 8041560
1790741940744 7488164 19607740 8041560
1790741940799 7488164 19607740 8041560
1790741940866 7488164 19607740 8041560
1790741940936 7488164 19607740 8041560
1790741941001 7488164 19607740 8041560
1790741941065 7488164 19607740 8041560
1790741941128 7488164 19607740 8041560
1790741941190 7488164 19607740 8041560
1790741941256 7488164 19607740 8041560
1790741941320 7488164 19607740 8041560
1790741941376 7488164 19607740 8041560
1790741941433 7488164 19607740 8041560
1790741941489 7488164 19607740 8041560
1790741941547 7488164 19607740 8041560
1790741941604 7488164 19607740 8041560
1790741941670 7488164 19607740 8041560
1790741941735 7488164 19607740 8041560
1790741941798 7488164 19607740 8041560
1790741941871 7488164 19607740 8041560
1790741941936 7488164 19607740 8041560
1790741942000 7488164 19607740 8041560
1790741942064 7488164 19607740 8041560
1790741942134 7488164 19607740 8041560
1790741942204 7488164 19607740 8041560
1790741942271 7488164 19607740 8041560
1790741942335 7488164 19607740 8041560
1790741942409 7488164 19607740 8041560
1790741942486 7488164 19607740 8041560
1790741942558 7490852 19607740 8041560
1790741942623 7492388 19607740 8041560
1790741942698 7500840 19607740 8041560
1790741942770 7513328 19607740 8041560
1790741942835 7513328 19607740 8041560
1790741942907 7528312 19607740 8041560
1790741942981 7530616 19607740 8041560
1790741943056 7542908 19607740 8041560
1790741943131 7558460 19607740 8041560
1790741943205 7560828 19607740 8041560
1790741943276 7573244 19607740 8041560
1790741943343 7586684 19607740 8041560
1790741943410 7586684 19607740 8041560
1790741943483 7603396 19607740 8041560
1790741943558 7614728 19607740 8041560
1790741943635 7617800 19607740 8041560
1790741943700 7634916 19607740 8041560
1790741943775 7637992 19607740 8041560
1790741943852 7654512 19607740 8041560
1790741943928 7677360 19607740 8041560
1790741944004 7681200 19607740 8041560
1790741944082 7708852 19607740 8041560
1790741944159 7737844 19607740 8041560
1790741944223 7747448 19607740 8041560
1790741944300 7765116 19607740 8041560
1790741944379 7798336 19607740 8041560
1790741944458 7801792 19607740 8041560
1790741944538 7829452 19607740 8041560
1790741944619 7867288 19607740 8041560
1790741944695 7901664 19607740 8041560
1790741944775 7905120 19607740 8041560
1790741944858 7932768 19607740 8041560
1790741944941 7967144 19607740 8041560
1790741945022 7977388 19607740 8041560
1790741945106 8001320 19607740 8041560
1790741945731 7796196 19607740 8041560
1790741945808 7796136 19607740 8041560
1790741945877 7721564 19607740 8041560
1790741945954 7505384 19607740 8041560
1790741946022 7373632 19607740 8041560
1790741946085 7373632 19607740 8041560
1790741946150 7374504 0 8041560
1790741946212 7374556 19607740 8041560
1790741946282 7374548 19607740 8041560
1790741946351 7374504 19607740 8041560
1790741946417 7388824 19607740 8041560
1790741946482 7400820 19607740 8041560
1790741946556 7402740 19607740 8041560
1790741946628 7404468 19607740 8041560
1790741946701 7406580 19607740 8041560
1790741946774 7409076 19607740 8041560
1790741946846 7409076 19607740 8041560
1790741946918 7411384 19607740 8041560
1790741946990 7376564 19607740 8041560
1790741947061 7377200 19607740 8041560
1790741947132 7379760 19607740 8041560
1790741947197 7382064 19607740 8041560
1790741947263 7385520 19607740 8041560
1790741947329 7388976 19607740 8041560
1790741947394 7391664 19607740 8041560
1790741947458 7394928 19607740 8041560
1790741947530 7395504 19607740 8041560
1790741947603 7401264 19607740 8041560
1790741947676 7401456 19607740 8041560
1790741947750 7405976 19607740 8041560
1790741947825 7410288 19607740 8041560
1790741947898 7410480 19607740 8041560
1790741947970 7413744 19607740 8041560
1790741948041 7416240 19607740 8041560
1790741948111 7418736 19607740 8041560
1790741948185 7421812 19607740 8041560
1790741948258 7425268 19607740 8041560
1790741948331 7427764 19607740 8041560
1790741948403 7430840 19607740 8041560
1790741948477 7433144 19607740 8041560
1790741948547 7433144 19607740 8041560
1790741948613 7433144 19607740 8041560
1790741948670 7433144 19607740 8041560
1790741948727 7433144 19607740 8041560
1790741948783 2039748 19607740 8041560
# peak_kb=8001320
# hwm_kb=8041560
# frozen_ms=0
# polled_vs_hwm_pct=5promille
