# timestamp_ms Rss_kB Anonymous_kB Filemapped_kB Shmem_kB
1790694633051 274736 159544 115192 0
1790694633173 278192 163000 115192 0
1790694633266 278928 163736 115192 0
1790694633409 279304 164112 115192 0
1790694633484 279420 164228 115192 0
1790694633557 279636 164444 115192 0
1790694633629 279788 164596 115192 0
1790694633702 280028 164836 115192 0
1790694633773 282172 166980 115192 0
1790694633847 282236 167044 115192 0
1790694633962 282440 167248 115192 0
1790694634056 282560 167368 115192 0
1790694634137 282600 167408 115192 0
1790694634206 282604 167412 115192 0
1790694634275 282652 167460 115192 0
1790694634348 282848 167656 115192 0
1790694634419 282964 167772 115192 0
1790694634489 283040 167848 115192 0
1790694634590 283112 167920 115192 0
1790694634659 283192 168000 115192 0
1790694634760 284884 169692 115192 0
1790694634829 285024 169832 115192 0
1790694634904 285176 169984 115192 0
1790694634973 285360 170168 115192 0
1790694635046 285540 170348 115192 0
1790694635116 285704 170512 115192 0
1790694635214 285888 170696 115192 0
1790694635282 286048 170856 115192 0
1790694635384 286180 170988 115192 0
1790694635457 290400 175208 115192 0
1790694635528 290552 175360 115192 0
1790694635637 290892 175700 115192 0
1790694635707 291008 175816 115192 0
1790694635776 291156 175964 115192 0
1790694635848 291492 176300 115192 0
1790694635955 291652 176460 115192 0
1790694636039 291800 176608 115192 0
1790694636112 291956 176764 115192 0
1790694636181 292108 176916 115192 0
1790694636281 292256 177064 115192 0
1790694636349 292468 177276 115192 0
1790694636417 292616 177424 115192 0
1790694636491 292752 177560 115192 0
1790694636592 292900 177708 115192 0
1790694636661 291080 175888 115192 0
1790694636729 282060 174760 107300 0
1790694636752 291500 176308 115192 0
1790694636777 291764 176572 115192 0
1790694636800 291892 176700 115192 0
1790694636825 292436 177244 115192 0
1790694636849 292768 177580 115188 0
1790694636873 297628 182436 115192 0
1790694636973 298192 183000 115192 0
1790694637085 298560 183368 115192 0
1790694637156 298704 183512 115192 0
1790694637257 298872 183680 115192 0
1790694637328 299232 184040 115192 0
1790694637433 300004 184812 115192 0
1790694637503 301020 185828 115192 0
1790694637573 302124 186932 115192 0
1790694637678 303116 187924 115192 0
1790694637750 312536 197344 115192 0
1790694637870 312596 197404 115192 0
1790694637894 313072 197880 115192 0
1790694637920 313776 198584 115192 0
1790694637944 313776 198584 115192 0
1790694637971 313776 198584 115192 0
1790694637996 314112 198920 115192 0
1790694638022 314652 199460 115192 0
1790694638047 314668 199476 115192 0
1790694638074 314668 199476 115192 0
1790694638099 314972 199780 115192 0
1790694638124 309616 194424 115192 0
1790694638150 309784 194592 115192 0
1790694638176 309784 194592 115192 0
1790694638201 309784 194592 115192 0
1790694638227 309784 194592 115192 0
1790694638251 309784 194592 115192 0
1790694638274 309836 194644 115192 0
1790694638300 281388 166196 115192 0
1790694638324 281472 166280 115192 0
1790694638347 281888 166328 115560 0
1790694638372 282400 166492 115908 0
1790694638397 282828 166924 115904 0
1790694638423 283540 167632 115908 0
1790694638448 283540 167632 115908 0
1790694638473 283540 167632 115908 0
1790694638499 283804 167696 116108 0
1790694638526 208260 160936 47324 0
1790694638551 293432 175420 118012 0
1790694638578 293720 175708 118012 0
1790694638603 293940 175928 118012 0
1790694638628 294172 176160 118012 0
1790694638651 285764 175640 110124 0
1790694638675 295952 177092 118860 0
1790694638700 297496 177120 120376 0
1790694638725 298452 177128 121324 0
1790694638749 299580 177144 122436 0
1790694638774 300500 177156 123344 0
1790694638797 301564 177168 124396 0
1790694638821 303232 177220 126012 0
1790694638848 321720 194812 126908 0
1790694639027 321724 194816 126908 0
1790694639100 341384 211696 129688 0
1790694639177 364936 223984 140952 0
1790694639301 377432 228084 149348 0
1790694639446 402988 242420 160568 0
1790694639595 424604 252664 171940 0
1790694639745 442132 260860 181272 0
1790694639894 464216 273152 191064 0
1790694640041 477356 277280 200076 0
1790694640185 487632 279996 207636 0
1790694640331 494820 282044 212776 0
1790694640474 499340 283676 215664 0
1790694640605 505148 285484 219664 0
1790694640730 523592 297264 226328 0
1790694640830 528604 297896 230708 0
1790694641004 543780 305724 238056 0
1790694641118 549640 307112 242528 0
1790694641279 549992 307112 242880 0
1790694641412 451368 213288 238080 0
1790694641493 554848 311968 242880 0
1790694641619 555148 312268 242880 0
1790694641719 555236 312356 242880 0
1790694641831 555316 312436 242880 0
1790694641910 557464 314584 242880 0
1790694641993 557560 314680 242880 0
1790694642073 557644 314764 242880 0
1790694642148 557720 314840 242880 0
1790694642266 557844 314964 242880 0
1790694642344 557960 315080 242880 0
1790694642424 558000 315120 242880 0
1790694642537 558016 315136 242880 0
1790694642622 558152 315272 242880 0
1790694642700 558356 315476 242880 0
1790694642775 559852 316972 242880 0
1790694642852 560024 317144 242880 0
1790694642937 560192 317312 242880 0
1790694643050 560360 317480 242880 0
1790694643129 560512 317632 242880 0
1790694643235 560692 317812 242880 0
1790694643312 560876 317996 242880 0
1790694643392 561056 318176 242880 0
1790694643475 561220 318340 242880 0
1790694643555 561416 318536 242880 0
1790694643632 564976 322096 242880 0
1790694643747 567932 325052 242880 0
1790694643856 568096 325216 242880 0
1790694643955 568488 325608 242880 0
1790694644031 568604 325724 242880 0
1790694644141 568736 325856 242880 0
1790694644242 568812 325932 242880 0
1790694644325 568896 326016 242880 0
1790694644407 568964 326084 242880 0
1790694644523 569056 326176 242880 0
1790694644602 569120 326240 242880 0
1790694644683 569204 326324 242880 0
1790694644765 569284 326404 242880 0
1790694644875 569356 326476 242880 0
1790694644958 569428 326548 242880 0
1790694645034 569516 326636 242880 0
1790694645114 569580 326700 242880 0
1790694645224 569672 326792 242880 0
1790694645301 569748 326868 242880 0
1790694645383 569840 326960 242880 0
1790694645464 571468 328588 242880 0
1790694645574 571684 328804 242880 0
1790694645652 571884 329004 242880 0
1790694645733 572060 329180 242880 0
1790694645818 572224 329344 242880 0
1790694645931 572396 329516 242880 0
1790694646016 572552 329672 242880 0
1790694646098 572720 329840 242880 0
1790694646179 581004 338124 242880 0
1790694646299 581092 338212 242880 0
1790694646428 581444 338564 242880 0
1790694646505 581624 338744 242880 0
1790694646586 581916 339036 242880 0
1790694646702 582032 339152 242880 0
1790694646800 582112 339232 242880 0
1790694646883 582188 339308 242880 0
1790694646959 582272 339392 242880 0
1790694647038 582348 339468 242880 0
1790694647155 582456 339576 242880 0
1790694647233 582556 339676 242880 0
1790694647312 582636 339756 242880 0
1790694647390 582724 339844 242880 0
1790694647501 582796 339916 242880 0
1790694647581 582892 340012 242880 0
1790694647661 582984 340104 242880 0
1790694647742 583060 340180 242880 0
1790694647863 583180 340300 242880 0
1790694647944 583216 340336 242880 0
1790694648023 583408 340528 242880 0
1790694648103 583616 340736 242880 0
1790694648216 583816 340936 242880 0
1790694648297 583988 341108 242880 0
1790694648379 584196 341316 242880 0
1790694648461 584412 341532 242880 0
1790694648581 584652 341772 242880 0
1790694648662 584784 341904 242880 0
1790694648747 585080 342200 242880 0
1790694648828 585336 342456 242880 0
1790694648953 585456 342576 242880 0
1790694649031 585620 342740 242880 0
1790694649108 585868 342988 242880 0
1790694649187 586092 343212 242880 0
1790694649270 586320 343440 242880 0
1790694649385 602752 359872 242880 0
1790694649465 602832 359952 242880 0
1790694649596 603388 360508 242880 0
1790694649677 603644 360764 242880 0
1790694649793 604268 361388 242880 0
1790694649907 604720 361840 242880 0
1790694650008 605004 362124 242880 0
1790694650087 605240 362360 242880 0
1790694650173 605432 362552 242880 0
1790694650286 605692 362812 242880 0
1790694650362 605856 362976 242880 0
1790694650443 606032 363152 242880 0
1790694650527 606216 363336 242880 0
1790694650649 606416 363536 242880 0
1790694650731 606584 363704 242880 0
1790694650809 606780 363900 242880 0
1790694650890 606824 363944 242880 0
1790694651006 606940 364060 242880 0
1790694651088 607104 364224 242880 0
1790694651170 607388 364508 242880 0
1790694651252 607684 364804 242880 0
1790694651336 607720 364840 242880 0
1790694651455 607720 364840 242880 0
1790694651535 607720 364840 242880 0
1790694651561 607720 364840 242880 0
1790694651589 607720 364840 242880 0
1790694651617 607720 364840 242880 0
1790694651644 456024 252808 203216 0
1790694651756 582208 326260 255948 0
1790694651785 604956 336092 268864 0
1790694651817 606356 336092 270264 0
1790694651847 618080 342444 275636 0
1790694651930 635172 353676 281496 0
1790694652076 637644 353868 283776 0
1790694652214 640700 353896 286804 0
1790694652311 652824 361476 291348 0
1790694652434 658856 363192 295664 0
1790694652571 660128 363532 296596 0
1790694652734 661532 363844 297688 0
1790694652817 666032 366120 299912 0
1790694652901 668864 367532 301332 0
1790694653071 671528 368612 302916 0
1790694653151 672164 368632 303532 0
1790694653234 675052 370680 304372 0
1790694653315 676356 370680 305676 0
1790694653468 681756 374968 306788 0
1790694653552 686052 377600 308452 0
1790694653661 688524 377972 310552 0
1790694653797 692048 378668 313380 0
1790694653879 697984 382196 315788 0
1790694653971 706196 388464 317732 0
1790694654157 708892 388872 320020 0
1790694654298 711592 389104 322488 0
1790694654384 713924 389244 324680 0
1790694654475 717340 390852 326488 0
1790694654649 723404 394004 329400 0
1790694654771 728812 396796 332016 0
1790694654903 742844 406972 335872 0
1790694655050 748008 407484 340524 0
1790694655189 752664 409768 342896 0
1790694655286 753776 410880 342896 0
1790694655406 753776 410880 342896 0
1790694655433 755824 412928 342896 0
1790694655514 755824 412928 342896 0
1790694655541 755836 412940 342896 0
1790694655625 755836 412940 342896 0
1790694655655 755836 412940 342896 0
1790694655683 757328 414432 342896 0
1790694655712 757572 414676 342896 0
1790694655828 757712 414816 342896 0
1790694655914 757880 414984 342896 0
1790694656030 758080 415184 342896 0
1790694656111 758248 415352 342896 0
1790694656230 758404 415508 342896 0
1790694656313 758572 415676 342896 0
1790694656396 758732 415836 342896 0
1790694656482 765156 422260 342896 0
1790694656564 765340 422444 342896 0
1790694656668 765492 422596 342896 0
1790694656777 765648 422752 342896 0
1790694656859 765760 422864 342896 0
1790694656983 765788 422892 342896 0
1790694657069 765868 422972 342896 0
1790694657155 765964 423068 342896 0
1790694657241 766036 423140 342896 0
1790694657328 766112 423216 342896 0
1790694657414 766184 423288 342896 0
1790694657502 766280 423384 342896 0
1790694657619 766344 423448 342896 0
1790694657733 766412 423516 342896 0
1790694657815 766492 423596 342896 0
1790694657896 766568 423672 342896 0
1790694657982 766640 423744 342896 0
1790694658063 766716 423820 342896 0
1790694658149 766784 423888 342896 0
1790694658237 766856 423960 342896 0
1790694658358 766928 424032 342896 0
1790694658479 767020 424124 342896 0
1790694658566 767308 424412 342896 0
1790694658647 768804 425908 342896 0
1790694658731 769000 426104 342896 0
1790694658819 769160 426264 342896 0
1790694658903 769332 426436 342896 0
1790694658988 769528 426632 342896 0
1790694659108 769696 426800 342896 0
1790694659263 769856 426960 342896 0
1790694659350 770016 427120 342896 0
1790694659435 778248 435352 342896 0
1790694659519 778384 435488 342896 0
1790694659641 778552 435656 342896 0
1790694659726 778708 435812 342896 0
1790694659816 778880 435984 342896 0
1790694659938 779044 436148 342896 0
1790694660026 779144 436248 342896 0
1790694660115 779208 436312 342896 0
1790694660199 779300 436404 342896 0
1790694660282 779380 436484 342896 0
1790694660409 779444 436548 342896 0
1790694660494 779536 436640 342896 0
1790694660578 779612 436716 342896 0
1790694660665 779724 436828 342896 0
1790694660787 779808 436912 342896 0
1790694660875 779916 437020 342896 0
1790694660957 779984 437088 342896 0
1790694661045 780060 437164 342896 0
1790694661164 780132 437236 342896 0
1790694661253 780196 437300 342896 0
1790694661337 780288 437392 342896 0
1790694661418 780376 437480 342896 0
1790694661542 780460 437564 342896 0
1790694661626 780588 437692 342896 0
1790694661731 781144 438248 342896 0
1790694661814 781328 438432 342896 0
1790694661938 781584 438688 342896 0
1790694662024 781812 438916 342896 0
1790694662110 782028 439132 342896 0
1790694662195 782252 439356 342896 0
1790694662318 782564 439668 342896 0
1790694662401 782700 439804 342896 0
1790694662490 782864 439968 342896 0
1790694662578 783124 440228 342896 0
1790694662701 783388 440492 342896 0
1790694662784 784252 441356 342896 0
1790694662878 800216 457320 342896 0
1790694663002 800760 457864 342896 0
1790694663161 801480 458584 342896 0
1790694663247 801764 458868 342896 0
1790694663331 802036 459140 342896 0
1790694663413 802384 459488 342896 0
1790694663496 802568 459672 342896 0
1790694663586 802792 459896 342896 0
1790694663674 803032 460136 342896 0
1790694663794 803192 460296 342896 0
1790694663915 803352 460456 342896 0
1790694664003 803520 460624 342896 0
1790694664085 803772 460876 342896 0
1790694664168 803940 461044 342896 0
1790694664254 804028 461132 342896 0
1790694664339 804156 461260 342896 0
1790694664419 804204 461308 342896 0
1790694664542 804460 461564 342896 0
1790694664666 804724 461828 342896 0
1790694664751 804948 462052 342896 0
1790694664837 804952 462056 342896 0
1790694664921 804952 462056 342896 0
1790694665002 804952 462056 342896 0
1790694665032 805080 462184 342896 0
1790694665115 805080 462184 342896 0
1790694665202 805080 462184 342896 0
1790694665231 805080 462184 342896 0
1790694665259 760308 415088 345220 0
1790694665292 766444 416880 349564 0
1790694665323 774224 419888 354336 0
1790694665354 779040 421824 357216 0
1790694665385 782740 423896 358844 0
1790694665416 784188 424036 360152 0
1790694665448 784240 424036 360204 0
1790694665478 792716 431028 361688 0
1790694665509 795112 431480 363632 0
1790694665539 795112 431480 363632 0
1790694665568 796844 432372 364472 0
1790694665597 810104 441620 368484 0
1790694665630 829656 446384 383272 0
1790694665769 870160 469596 400564 0
1790694665882 879976 472388 407588 0
1790694666081 899700 483632 416068 0
1790694666213 909104 486008 423096 0
1790694666399 921668 495080 426588 0
1790694666549 928052 495668 432384 0
1790694666691 932176 496960 435216 0
1790694666803 935456 498592 436864 0
1790694666931 944808 503356 441452 0
1790694667025 959252 513560 445692 0
1790694667215 980300 521952 458348 0
1790694667367 993540 528264 465276 0
1790694667477 999516 530324 469192 0
1790694667692 1014732 539108 475624 0
1790694667819 1018644 539664 478980 0
1790694667950 1029356 548008 481348 0
1790694668066 1032564 548064 484500 0
1790694668224 1036816 548876 487940 0
1790694668318 1037340 548876 488464 0
1790694668407 1040564 552100 488464 0
1790694668499 1042612 554148 488464 0
1790694668720 1042612 554148 488464 0
1790694668826 1042612 554148 488464 0
1790694668858 1044140 555676 488464 0
1790694668946 1044272 555808 488464 0
1790694669038 1044432 555968 488464 0
1790694669130 1044588 556124 488464 0
1790694669223 1044724 556260 488464 0
1790694669316 1044912 556448 488464 0
1790694669448 1045144 556680 488464 0
1790694669580 1045332 556868 488464 0
1790694669676 1045496 557032 488464 0
1790694669767 1051748 563284 488464 0
1790694669863 1052144 563680 488464 0
1790694669955 1052328 563864 488464 0
1790694670052 1052576 564112 488464 0
1790694670145 1052776 564312 488464 0
1790694670303 1052856 564392 488464 0
1790694670395 1052944 564480 488464 0
1790694670529 1053016 564552 488464 0
1790694670622 1053104 564640 488464 0
1790694670716 1053172 564708 488464 0
1790694670815 1053252 564788 488464 0
1790694670910 1053332 564868 488464 0
1790694671001 1053408 564944 488464 0
1790694671138 1053476 565012 488464 0
1790694671232 1053552 565088 488464 0
1790694671369 1053620 565156 488464 0
1790694671467 1053712 565248 488464 0
1790694671561 1053784 565320 488464 0
1790694671658 1053864 565400 488464 0
1790694671756 1055560 567096 488464 0
1790694671850 1055748 567284 488464 0
1790694671982 1055912 567448 488464 0
1790694672080 1056080 567616 488464 0
1790694672218 1056244 567780 488464 0
1790694672315 1056420 567956 488464 0
1790694672408 1056584 568120 488464 0
1790694672506 1056740 568276 488464 0
1790694672604 1064852 576388 488464 0
1790694672703 1065100 576636 488464 0
1790694672858 1065492 577028 488464 0
1790694672951 1065672 577208 488464 0
1790694673082 1065832 577368 488464 0
1790694673176 1065924 577460 488464 0
1790694673274 1066000 577536 488464 0
1790694673365 1066104 577640 488464 0
1790694673456 1066188 577724 488464 0
1790694673553 1066268 577804 488464 0
1790694673685 1066356 577892 488464 0
1790694673779 1066428 577964 488464 0
1790694673914 1066576 578112 488464 0
1790694674008 1066644 578180 488464 0
1790694674103 1066732 578268 488464 0
1790694674204 1066792 578328 488464 0
1790694674298 1066868 578404 488464 0
1790694674396 1066936 578472 488464 0
1790694674530 1067020 578556 488464 0
1790694674622 1067104 578640 488464 0
1790694674755 1067224 578760 488464 0
1790694674847 1067236 578772 488464 0
1790694674940 1067428 578964 488464 0
1790694675036 1067640 579176 488464 0
1790694675127 1067836 579372 488464 0
1790694675224 1068008 579544 488464 0
1790694675358 1068224 579760 488464 0
1790694675454 1068432 579968 488464 0
1790694675588 1068656 580192 488464 0
1790694675683 1068788 580324 488464 0
1790694675779 1069012 580548 488464 0
1790694675875 1069312 580848 488464 0
1790694675972 1069456 580992 488464 0
1790694676103 1069604 581140 488464 0
1790694676198 1069732 581268 488464 0
1790694676291 1069928 581464 488464 0
1790694676427 1070120 581656 488464 0
1790694676520 1070328 581864 488464 0
1790694676616 1086772 598308 488464 0
1790694676713 1086828 598364 488464 0
1790694676869 1087436 598972 488464 0
1790694676961 1088092 599628 488464 0
1790694677090 1088500 600036 488464 0
1790694677208 1088764 600300 488464 0
1790694677302 1089004 600540 488464 0
1790694677392 1089272 600808 488464 0
1790694677484 1089488 601024 488464 0
1790694677578 1089724 601260 488464 0
1790694677705 1089952 601488 488464 0
1790694677800 1090120 601656 488464 0
1790694677932 1090292 601828 488464 0
1790694678027 1090500 602036 488464 0
1790694678119 1090676 602212 488464 0
1790694678210 1090800 602336 488464 0
1790694678303 1090884 602420 488464 0
1790694678398 1090960 602496 488464 0
1790694678533 1091200 602736 488464 0
1790694678626 1091592 603128 488464 0
1790694678761 1091688 603224 488464 0
1790694678856 1091728 603264 488464 0
1790694678954 1091728 603264 488464 0
1790694679049 1091728 603264 488464 0
1790694679083 1091728 603264 488464 0
1790694679116 1091728 603264 488464 0
1790694679149 1091728 603264 488464 0
1790694679181 1091856 603392 488464 0
1790694679303 1038300 549836 488464 0
1790694679337 1043968 553696 490272 0
1790694679371 1067216 567148 500068 0
1790694679410 1084776 575996 508780 0
1790694679448 1100756 580768 519988 0
1790694679547 1106444 583516 522928 0
1790694679686 1110576 585756 524820 0
1790694679823 1126736 592868 533868 0
1790694679992 1136148 601260 534888 0
1790694680155 1140592 601832 538760 0
1790694680281 1143856 601944 541912 0
1790694680430 1149468 604292 545176 0
1790694680528 726536 604388 122148 0
1790694680649 726536 604388 122148 0
1790694680675 726536 604388 122148 0
1790694680702 726924 604404 122520 0
1790694680730 728128 604424 123704 0
1790694680757 728128 604424 123704 0
1790694680785 719552 603264 116288 0
1790694680813 818940 692844 126096 0
1790694680843 790012 691344 98668 0
1790694680871 735508 605872 129636 0
1790694680899 736332 606000 130332 0
1790694680927 736336 606004 130332 0
1790694680954 736336 606004 130332 0
1790694680979 736336 606004 130332 0
1790694681003 736336 606004 130332 0
1790694681029 736336 606004 130332 0
1790694681053 736700 606016 130684 0
1790694681078 746036 615200 130836 0
1790694681106 735220 605744 129476 0
1790694681134 812188 681356 130832 0
1790694681162 913180 782344 130836 0
1790694681190 947896 817060 130836 0
1790694681218 849692 718856 130836 0
1790694681246 826192 695356 130836 0
1790694681274 826024 695340 130684 0
1790694681303 900248 769416 130832 0
1790694681333 971500 840664 130836 0
1790694681363 1002876 870896 131980 0
1790694681391 772504 640060 132444 0
1790694681422 853836 721392 132444 0
1790694681452 845652 713208 132444 0
1790694681482 740784 608340 132444 0
1790694681512 740784 608340 132444 0
1790694681541 740784 608340 132444 0
1790694681570 740784 608340 132444 0
1790694681601 917588 785144 132444 0
1790694681632 931924 799480 132444 0
1790694681661 946260 813816 132444 0
1790694681690 958548 826104 132444 0
1790694681719 970836 838392 132444 0
1790694681749 985172 852728 132444 0
1790694681778 997460 865016 132444 0
1790694681807 1011796 879352 132444 0
1790694681837 1024084 891640 132444 0
1790694681866 1038420 905976 132444 0
1790694681895 1050708 918264 132444 0
1790694681924 1062996 930552 132444 0
1790694681954 1077332 944888 132444 0
1790694681983 1088744 956300 132444 0
1790694682013 1102980 970536 132444 0
1790694682042 1115268 982824 132444 0
1790694682072 1129604 997160 132444 0
1790694682101 1141892 1009448 132444 0
1790694682131 1148036 1015592 132444 0
1790694682162 1148036 1015592 132444 0
1790694682189 1148036 1015592 132444 0
1790694682215 1160324 1027880 132444 0
1790694682333 1170564 1038120 132444 0
1790694682467 1174660 1042216 132444 0
1790694682580 1178756 1046312 132444 0
1790694682692 1182852 1050408 132444 0
1790694682771 1186948 1054504 132444 0
1790694682883 1197188 1064744 132444 0
1790694683012 1201284 1068840 132444 0
1790694683122 1203332 1070888 132444 0
1790694683239 1207428 1074984 132444 0
1790694683319 1211524 1079080 132444 0
1790694683395 1215620 1083176 132444 0
1790694683556 1223812 1091368 132444 0
1790694683635 1227908 1095464 132444 0
1790694683784 1232004 1099560 132444 0
1790694683866 1236100 1103656 132444 0
1790694683946 1240196 1107752 132444 0
1790694684072 1244292 1111848 132444 0
1790694684172 1248388 1115944 132444 0
1790694684248 1252484 1120040 132444 0
1790694684327 1254532 1122088 132444 0
1790694684438 1262724 1130280 132444 0
1790694684553 1266068 1133624 132444 0
1790694684676 1266068 1133624 132444 0
1790694684789 1268116 1135672 132444 0
1790694684815 1268116 1135672 132444 0
1790694684891 1268116 1135672 132444 0
1790694684918 1268116 1135672 132444 0
1790694684945 1269788 1137344 132444 0
1790694685022 1270208 1137764 132444 0
1790694685099 1270476 1138032 132444 0
1790694685194 1270692 1138248 132444 0
1790694685269 1270852 1138408 132444 0
1790694685383 1271024 1138580 132444 0
1790694685495 1271180 1138736 132444 0
1790694685575 1271368 1138924 132444 0
1790694685652 1275600 1143156 132444 0
1790694685733 1275756 1143312 132444 0
1790694685810 1275928 1143484 132444 0
1790694685887 1278588 1146144 132444 0
1790694685968 1278752 1146308 132444 0
1790694686083 1278920 1146476 132444 0
1790694686194 1279076 1146632 132444 0
1790694686273 1279200 1146756 132444 0
1790694686357 1279276 1146832 132444 0
1790694686435 1279344 1146900 132444 0
1790694686511 1279428 1146984 132444 0
1790694686593 1279488 1147044 132444 0
1790694686672 1279572 1147128 132444 0
1790694686788 1279652 1147208 132444 0
1790694686904 1279720 1147276 132444 0
1790694686982 1279788 1147344 132444 0
1790694687059 1279860 1147416 132444 0
1790694687141 1279936 1147492 132444 0
1790694687220 1280004 1147560 132444 0
1790694687296 1280068 1147624 132444 0
1790694687378 1280172 1147728 132444 0
1790694687456 1280256 1147812 132444 0
1790694687571 1280364 1147920 132444 0
1790694687686 1280472 1148028 132444 0
1790694687764 1280564 1148120 132444 0
1790694687841 1280676 1148232 132444 0
1790694687916 1280772 1148328 132444 0
1790694687996 1280852 1148408 132444 0
1790694688071 1280928 1148484 132444 0
1790694688152 1282756 1150312 132444 0
1790694688226 1282924 1150480 132444 0
1790694688346 1283092 1150648 132444 0
1790694688464 1291316 1158872 132444 0
1790694688548 1291488 1159044 132444 0
1790694688647 1291952 1159508 132444 0
1790694688728 1297460 1165016 132444 0
1790694688846 1297640 1165196 132444 0
1790694688975 1297800 1165356 132444 0
1790694689056 1297956 1165512 132444 0
1790694689131 1298160 1165716 132444 0
1790694689205 1298344 1165900 132444 0
1790694689283 1298496 1166052 132444 0
1790694689363 1298564 1166120 132444 0
1790694689446 1298640 1166196 132444 0
1790694689560 1298716 1166272 132444 0
1790694689640 1298796 1166352 132444 0
1790694689754 1298872 1166428 132444 0
1790694689837 1298968 1166524 132444 0
1790694689916 1299072 1166628 132444 0
1790694689996 1299224 1166780 132444 0
1790694690074 1299368 1166924 132444 0
1790694690155 1299604 1167160 132444 0
1790694690267 1299736 1167292 132444 0
1790694690347 1299924 1167480 132444 0
1790694690428 1300152 1167708 132444 0
1790694690545 1300392 1167948 132444 0
1790694690626 1300592 1168148 132444 0
1790694690712 1300812 1168368 132444 0
1790694690795 1301096 1168652 132444 0
1790694690873 1301304 1168860 132444 0
1790694690989 1301432 1168988 132444 0
1790694691069 1301564 1169120 132444 0
1790694691153 1301792 1169348 132444 0
1790694691234 1301952 1169508 132444 0
1790694691352 1302148 1169704 132444 0
1790694691437 1302332 1169888 132444 0
1790694691518 1313056 1180612 132444 0
1790694691601 1313768 1181324 132444 0
1790694691747 1314000 1181556 132444 0
1790694691829 1314236 1181792 132444 0
1790694691914 1314468 1182024 132444 0
1790694691996 1314700 1182256 132444 0
1790694692111 1314928 1182484 132444 0
1790694692195 1315160 1182716 132444 0
1790694692272 1315368 1182924 132444 0
1790694692349 1315568 1183124 132444 0
1790694692430 1315784 1183340 132444 0
1790694692541 1315944 1183500 132444 0
1790694692620 1316104 1183660 132444 0
1790694692698 1316308 1183864 132444 0
1790694692774 1316520 1184076 132444 0
1790694692890 1316688 1184244 132444 0
1790694692974 1316876 1184432 132444 0
1790694693055 1316908 1184464 132444 0
1790694693134 1317040 1184596 132444 0
1790694693248 1317180 1184736 132444 0
1790694693328 1317180 1184736 132444 0
1790694693424 1317852 1185408 132444 0
1790694693503 1317940 1185496 132444 0
1790694693612 1317940 1185496 132444 0
1790694693689 1317940 1185496 132444 0
1790694693718 1318056 1185612 132444 0
1790694693747 1293784 1161340 132444 0
1790694693779 924376 791872 132504 0
1790694693965 924376 791872 132504 0
1790694693994 924376 791872 132504 0
1790694694025 660484 535764 124720 0
1790694694054 669424 536920 132504 0
1790694694082 669424 536920 132504 0
1790694694110 677516 545012 132504 0
1790694694139 759436 626932 132504 0
1790694694167 843444 710904 132540 0
1790694694197 924928 791764 133164 0
1790694694229 924928 791764 133164 0
1790694694256 929652 796488 133164 0
1790694694285 943988 810824 133164 0
1790694694312 968196 845000 123196 0
1790694694342 974416 848400 126016 0
1790694694374 998868 864864 134004 0
1790694694404 1011572 877568 134004 0
1790694694434 1020760 886756 134004 0
1790694694465 1035096 901092 134004 0
1790694694494 1049432 915428 134004 0
1790694694522 1061720 927716 134004 0
1790694694553 1076056 942052 134004 0
1790694694582 1088344 954340 134004 0
1790694694610 1102680 968676 134004 0
1790694694639 1114968 980964 134004 0
1790694694667 1127256 993252 134004 0
1790694694695 1141592 1007588 134004 0
1790694694724 1153880 1019876 134004 0
1790694694752 1168216 1034212 134004 0
1790694694781 1180504 1046500 134004 0
1790694694812 1187316 1052752 134564 0
1790694694841 1187316 1052752 134564 0
1790694694870 1187316 1052752 134564 0
1790694694898 1187316 1052752 134564 0
1790694694924 1187316 1052752 134564 0
1790694694951 1187316 1052752 134564 0
1790694694979 1187316 1052752 134564 0
1790694695005 1187316 1052752 134564 0
1790694695032 1187316 1052752 134564 0
1790694695058 1187316 1052752 134564 0
1790694695084 1187316 1052752 134564 0
1790694695110 1187316 1052752 134564 0
1790694695135 1187316 1052752 134564 0
1790694695161 1187316 1052752 134564 0
1790694695187 1187316 1052752 134564 0
1790694695212 1187160 1052600 134560 0
1790694695238 1202116 1067520 134596 0
1790694695264 1214404 1079808 134596 0
1790694695293 1226696 1092100 134596 0
1790694695322 1238984 1104388 134596 0
1790694695352 1243820 1110240 133580 0
1790694695383 1259432 1124780 134652 0
1790694695413 1273768 1139116 134652 0
1790694695443 1286056 1151404 134652 0
1790694695473 1300392 1165740 134652 0
1790694695503 1314728 1180076 134652 0
1790694695534 1327016 1192364 134652 0
1790694695564 1341352 1206700 134652 0
1790694695594 1355688 1221036 134652 0
1790694695624 1374120 1239468 134652 0
1790694695745 1400744 1266092 134652 0
1790694695883 1420364 1285712 134652 0
1790694695999 1447948 1313296 134652 0
1790694696129 1456140 1321488 134652 0
1790694696308 1460236 1325584 134652 0
1790694696387 1464332 1329680 134652 0
1790694696482 1474572 1339920 134652 0
1790694696600 1478668 1344016 134652 0
1790694696715 1486860 1352208 134652 0
1790694696792 1493004 1358352 134652 0
1790694696920 1497100 1362448 134652 0
1790694697051 1509388 1374736 134652 0
1790694697167 1513484 1378832 134652 0
1790694697244 1521676 1387024 134652 0
1790694697361 1529868 1395216 134652 0
1790694697505 1538060 1403408 134652 0
1790694697586 1542156 1407504 134652 0
1790694697701 1546252 1411600 134652 0
1790694697815 1554444 1419792 134652 0
1790694697897 1560588 1425936 134652 0
1790694698043 1570828 1436176 134652 0
1790694698159 1574924 1440272 134652 0
1790694698240 1579020 1444368 134652 0
1790694698355 1587212 1452560 134652 0
1790694698433 1593356 1458704 134652 0
1790694698582 1593356 1458704 134652 0
1790694698689 1593356 1458704 134652 0
1790694698718 1593364 1458712 134652 0
1790694698797 1593364 1458712 134652 0
1790694698916 1593364 1458712 134652 0
1790694698946 1593364 1458712 134652 0
1790694698973 1593364 1458712 134652 0
1790694698999 1593364 1458712 134652 0
1790694699027 1593364 1458712 134652 0
1790694699053 1593364 1458712 134652 0
1790694699081 1593364 1458712 134652 0
1790694699107 1593364 1458712 134652 0
1790694699133 1593364 1458712 134652 0
1790694699161 1593628 1458976 134652 0
1790694699256 1593988 1459336 134652 0
1790694699368 1593988 1459336 134652 0
1790694699448 1593988 1459336 134652 0
1790694699474 1593988 1459336 134652 0
1790694699502 1593988 1459336 134652 0
1790694699530 1593988 1459336 134652 0
1790694699557 1594096 1459444 134652 0
1790694699635 1594164 1459512 134652 0
1790694699751 1594236 1459584 134652 0
1790694699832 1594312 1459660 134652 0
1790694699914 1594376 1459724 134652 0
1790694699994 1594456 1459804 134652 0
1790694700073 1594524 1459872 134652 0
1790694700191 1594616 1459964 134652 0
1790694700274 1594708 1460056 134652 0
1790694700354 1594808 1460156 134652 0
1790694700436 1594912 1460260 134652 0
1790694700556 1595008 1460356 134652 0
1790694700638 1595092 1460440 134652 0
1790694700716 1595196 1460544 134652 0
1790694700800 1595268 1460616 134652 0
1790694700882 1595348 1460696 134652 0
1790694700999 1595432 1460780 134652 0
1790694701080 1595532 1460880 134652 0
1790694701159 1595580 1460928 134652 0
1790694701239 1595652 1461000 134652 0
1790694701319 1595744 1461092 134652 0
1790694701438 1595848 1461196 134652 0
1790694701518 1595908 1461256 134652 0
1790694701599 1595988 1461336 134652 0
1790694701676 1596080 1461428 134652 0
1790694701792 1596156 1461504 134652 0
1790694701876 1596264 1461612 134652 0
1790694701952 1596332 1461680 134652 0
1790694702035 1596440 1461788 134652 0
1790694702119 1596520 1461868 134652 0
1790694702237 1596620 1461968 134652 0
1790694702316 1596692 1462040 134652 0
1790694702396 1596756 1462104 134652 0
1790694702480 1596828 1462176 134652 0
1790694702602 1596900 1462248 134652 0
1790694702685 1596964 1462312 134652 0
1790694702767 1597052 1462400 134652 0
1790694702853 1597152 1462500 134652 0
1790694702932 1597292 1462640 134652 0
1790694703052 1597372 1462720 134652 0
1790694703134 1597372 1462720 134652 0
1790694703214 1597372 1462720 134652 0
1790694703241 1598024 1463372 134652 0
1790694703323 1598232 1463580 134652 0
1790694703405 1598440 1463788 134652 0
1790694703526 1598688 1464036 134652 0
1790694703603 1598832 1464180 134652 0
1790694703682 1599060 1464408 134652 0
1790694703765 1599356 1464704 134652 0
1790694703888 1599520 1464868 134652 0
1790694703970 1599680 1465028 134652 0
1790694704054 1599880 1465228 134652 0
1790694704133 1600080 1465428 134652 0
1790694704218 1600304 1465652 134652 0
1790694704342 1600508 1465856 134652 0
1790694704427 1600532 1465880 134652 0
1790694704511 1600532 1465880 134652 0
1790694704539 1601416 1466764 134652 0
1790694704622 1571456 1465828 105628 0
1790694704743 1602616 1467964 134652 0
1790694704854 1602848 1468196 134652 0
1790694704937 1603040 1468388 134652 0
1790694705019 1603252 1468600 134652 0
1790694705132 1603464 1468812 134652 0
1790694705213 1603636 1468984 134652 0
1790694705291 1603792 1469140 134652 0
1790694705371 1603956 1469304 134652 0
1790694705452 1604188 1469536 134652 0
1790694705572 1604388 1469736 134652 0
1790694705652 1604468 1469816 134652 0
1790694705730 1604600 1469948 134652 0
1790694705845 1604740 1470088 134652 0
1790694705922 1604920 1470268 134652 0
1790694706002 1605192 1470540 134652 0
1790694706086 1605504 1470852 134652 0
1790694706170 1605504 1470852 134652 0
1790694706250 1605504 1470852 134652 0
1790694706276 1605504 1470852 134652 0
1790694706305 1605504 1470852 134652 0
1790694706331 1605504 1470852 134652 0
1790694706358 1605504 1470852 134652 0
1790694706383 1605504 1470852 134652 0
1790694706411 1586444 1459616 126828 0
1790694706526 1384328 1249680 134648 0
1790694706557 1421448 1286796 134652 0
1790694706588 821032 688888 132144 0
1790694706617 1595440 1460788 134652 0
1790694706648 1595440 1460788 134652 0
1790694706679 1599412 1464760 134652 0
1790694706711 1599412 1464760 134652 0
1790694706741 1599412 1464760 134652 0
1790694706772 1599412 1464760 134652 0
1790694706800 1425432 1290780 134652 0
1790694706829 1425432 1290780 134652 0
1790694706855 1425432 1290780 134652 0
1790694706881 1425432 1290780 134652 0
1790694706908 1425432 1290780 134652 0
1790694706934 1425432 1290780 134652 0
1790694706958 1425432 1290780 134652 0
1790694706983 1425432 1290780 134652 0
1790694707008 1425432 1290780 134652 0
1790694707033 1425432 1290780 134652 0
1790694707058 1425432 1290780 134652 0
1790694707082 1425432 1290780 134652 0
1790694707107 1425432 1290780 134652 0
1790694707132 1425432 1290780 134652 0
1790694707157 1425432 1290780 134652 0
1790694707184 1425432 1290780 134652 0
1790694707209 1425432 1290780 134652 0
1790694707234 1425432 1290780 134652 0
1790694707261 1425432 1290780 134652 0
1790694707288 1425432 1290780 134652 0
1790694707315 1425432 1290780 134652 0
1790694707341 1425432 1290780 134652 0
1790694707366 1425432 1290780 134652 0
1790694707391 1425432 1290780 134652 0
1790694707416 1425432 1290780 134652 0
1790694707440 1425432 1290780 134652 0
1790694707467 1425432 1290780 134652 0
1790694707493 1425432 1290780 134652 0
1790694707518 1425432 1290780 134652 0
1790694707543 1425432 1290780 134652 0
1790694707570 1425432 1290780 134652 0
1790694707595 1425432 1290780 134652 0
1790694707620 1425432 1290780 134652 0
1790694707645 1425432 1290780 134652 0
1790694707670 1425432 1290780 134652 0
1790694707695 1425432 1290780 134652 0
1790694707722 1425432 1290780 134652 0
1790694707747 1425432 1290780 134652 0
1790694707773 1425432 1290780 134652 0
1790694707799 1425432 1290780 134652 0
1790694707827 1425432 1290780 134652 0
1790694707854 1425432 1290780 134652 0
1790694707881 1425432 1290780 134652 0
1790694707906 1425432 1290780 134652 0
1790694707931 1425432 1290780 134652 0
1790694707957 1425432 1290780 134652 0
1790694707981 1425432 1290780 134652 0
1790694708006 1425432 1290780 134652 0
1790694708031 1425432 1290780 134652 0
1790694708056 1425432 1290780 134652 0
1790694708081 1425432 1290780 134652 0
1790694708105 1357432 1231520 125912 0
1790694708132 845768 710976 134792 0
1790694708158 845768 710976 134792 0
1790694708183 845768 710976 134792 0
1790694708209 851532 717544 133988 0
1790694708238 854772 719296 135476 0
1790694708267 854772 719296 135476 0
1790694708294 680832 545316 135516 0
1790694708321 680832 545316 135516 0
1790694708348 680832 545316 135516 0
1790694708375 680832 545316 135516 0
1790694708402 686376 558716 127660 0
1790694708431 696924 560452 136472 0
1790694708460 698452 561972 136480 0
1790694708491 709040 569508 139532 0
1790694708522 723800 584268 139532 0
1790694708554 723800 584268 139532 0
1790694708585 742156 602684 139472 0
1790694708616 742236 602704 139532 0
1790694708647 742080 602552 139528 0
1790694708679 788428 648896 139532 0
1790694708711 714640 583044 131596 0
1790694708741 760720 621188 139532 0
1790694708773 760724 621192 139532 0
1790694708803 760724 621192 139532 0
1790694708835 760724 621192 139532 0
1790694708865 760724 621192 139532 0
1790694708897 760724 621192 139532 0
1790694708928 769372 629840 139532 0
1790694708959 762060 635792 126268 0
1790694708990 795996 656464 139532 0
1790694709021 753176 617348 135828 0
1790694709053 777564 638032 139532 0
1790694709082 789852 650320 139532 0
1790694709113 815808 676280 139528 0
1790694709144 742364 602832 139532 0
1790694709175 742364 602832 139532 0
1790694709203 742364 602832 139532 0
1790694709234 759172 621068 138104 0
1790694709263 760668 621136 139532 0
1790694709293 760668 621136 139532 0
1790694709323 760668 621136 139532 0
1790694709353 760668 621136 139532 0
1790694709382 760668 621136 139532 0
1790694709411 765276 625744 139532 0
1790694709441 765276 625744 139532 0
1790694709471 765340 625744 139596 0
1790694709501 765340 625744 139596 0
1790694709532 765340 625744 139596 0
1790694709562 765340 625744 139596 0
1790694709592 728504 588728 139776 0
1790694709621 776412 636500 139912 0
1790694709651 754812 614844 139968 0
1790694709681 797976 658004 139972 0
1790694709711 806684 666708 139976 0
1790694709743 831260 691284 139976 0
1790694709774 844060 704084 139976 0
1790694709805 844060 704084 139976 0
1790694709836 844068 704092 139976 0
1790694709869 858400 718424 139976 0
1790694709900 858400 718424 139976 0
1790694709931 858400 718424 139976 0
1790694709961 858400 718424 139976 0
1790694709991 870692 730716 139976 0
1790694710023 870692 730716 139976 0
1790694710053 870692 730716 139976 0
1790694710084 870692 730716 139976 0
1790694710116 870692 730716 139976 0
1790694710149 870692 730716 139976 0
1790694710180 870692 730716 139976 0
1790694710208 870692 730716 139976 0
1790694710238 870692 730716 139976 0
1790694710271 870692 730716 139976 0
1790694710302 870692 730716 139976 0
1790694710332 870692 730716 139976 0
1790694710363 870692 730716 139976 0
1790694710396 870692 730716 139976 0
1790694710428 870692 730716 139976 0
1790694710459 870692 730716 139976 0
1790694710489 803420 663256 140164 0
1790694710521 803420 663256 140164 0
1790694710553 803420 663256 140164 0
1790694710584 797232 664888 132344 0
1790694710615 809500 669276 140224 0
1790694710647 809500 669276 140224 0
1790694710678 809500 669276 140224 0
1790694710708 809500 669276 140224 0
1790694710739 809500 669276 140224 0
1790694710770 809500 669276 140224 0
1790694710801 809500 669276 140224 0
1790694710831 809500 669276 140224 0
1790694710862 809500 669276 140224 0
1790694710892 809500 669276 140224 0
1790694710923 809500 669276 140224 0
1790694710954 809500 669276 140224 0
1790694710985 809500 669276 140224 0
1790694711016 809500 669276 140224 0
1790694711047 809500 669276 140224 0
1790694711077 809500 669276 140224 0
1790694711108 809500 669276 140224 0
1790694711139 809500 669276 140224 0
1790694711170 809500 669276 140224 0
1790694711201 809500 669276 140224 0
1790694711231 809500 669276 140224 0
1790694711262 809500 669276 140224 0
1790694711292 809500 669276 140224 0
1790694711323 809500 669276 140224 0
1790694711353 809500 669276 140224 0
1790694711385 809500 669276 140224 0
1790694711415 809500 669276 140224 0
1790694711446 809500 669276 140224 0
1790694711476 809500 669276 140224 0
1790694711507 809500 669276 140224 0
1790694711537 809500 669276 140224 0
1790694711568 809500 669276 140224 0
1790694711599 809500 669276 140224 0
1790694711629 809500 669276 140224 0
1790694711660 809500 669276 140224 0
1790694711691 809500 669276 140224 0
1790694711722 809500 669276 140224 0
1790694711753 809500 669276 140224 0
1790694711784 809500 669276 140224 0
1790694711815 809500 669276 140224 0
1790694711845 809500 669276 140224 0
1790694711877 809500 669276 140224 0
1790694711908 809500 669276 140224 0
1790694711938 819228 679004 140224 0
1790694711968 824860 684636 140224 0
1790694711999 787840 647620 140220 0
1790694712031 839708 699484 140224 0
1790694712061 851996 711772 140224 0
1790694712089 861724 721500 140224 0
1790694712120 898588 758364 140224 0
1790694712153 898588 758364 140224 0
1790694712185 898588 758364 140224 0
1790694712217 898588 758364 140224 0
1790694712250 898588 758364 140224 0
1790694712282 898588 758364 140224 0
1790694712315 898588 758364 140224 0
1790694712347 898588 758364 140224 0
1790694712379 898588 758364 140224 0
1790694712411 898588 758364 140224 0
1790694712443 903328 763104 140224 0
1790694712474 890992 782740 108252 0
1790694712504 935452 795228 140224 0
1790694712535 952844 819044 133800 0
1790694712568 972320 832096 140224 0
1790694712600 972320 832096 140224 0
1790694712630 972320 832096 140224 0
1790694712659 935300 795080 140220 0
1790694712691 1003040 862816 140224 0
1790694712724 1003040 862816 140224 0
1790694712756 1003040 862816 140224 0
1790694712787 1003040 862816 140224 0
1790694712820 1003040 862816 140224 0
1790694712853 1003040 862816 140224 0
1790694712885 1003040 862816 140224 0
1790694712916 1003040 862816 140224 0
1790694712949 1003040 862816 140224 0
1790694712982 1003040 862816 140224 0
1790694713013 1003040 862816 140224 0
1790694713044 1003040 862816 140224 0
1790694713078 1003040 862816 140224 0
1790694713110 1003040 862816 140224 0
1790694713142 1003040 862816 140224 0
1790694713173 1003040 862816 140224 0
1790694713208 1003040 862816 140224 0
1790694713240 1003040 862816 140224 0
1790694713273 1003040 862816 140224 0
1790694713304 1003040 862816 140224 0
1790694713336 1003040 862816 140224 0
1790694713368 1003040 862816 140224 0
1790694713400 1003040 862816 140224 0
1790694713432 1003040 862816 140224 0
1790694713463 1003040 862816 140224 0
1790694713495 1003040 862816 140224 0
1790694713527 1003040 862816 140224 0
1790694713560 1003040 862816 140224 0
1790694713591 1003040 862816 140224 0
1790694713622 1003040 862816 140224 0
1790694713654 1003040 862816 140224 0
1790694713687 1003040 862816 140224 0
1790694713719 1003040 862816 140224 0
1790694713750 1003040 862816 140224 0
1790694713785 1003040 862816 140224 0
1790694713818 1003040 862816 140224 0
1790694713850 1003040 862816 140224 0
1790694713882 1003040 862816 140224 0
1790694713916 1003040 862816 140224 0
1790694713949 1003040 862816 140224 0
1790694713979 1003040 862816 140224 0
1790694714009 1003040 862816 140224 0
1790694714043 1003040 862816 140224 0
1790694714074 1003040 862816 140224 0
1790694714103 1003040 862816 140224 0
1790694714133 944672 812344 132328 0
1790694714166 1015328 875104 140224 0
1790694714198 1015728 875104 140624 0
1790694714232 1016068 875104 140964 0
1790694714264 1016068 875104 140964 0
1790694714295 1016068 875104 140964 0
1790694714322 1016068 875104 140964 0
1790694714348 1016068 875104 140964 0
1790694714379 1016068 875104 140964 0
1790694714409 1016072 875108 140964 0
1790694714436 1021700 880736 140964 0
1790694714463 1086888 953812 133076 0
1790694714501 1096068 954976 141092 0
1790694714533 1096068 954976 141092 0
1790694714564 1096068 954976 141092 0
1790694714596 1096068 954976 141092 0
1790694714627 1096068 954976 141092 0
1790694714657 1096068 954976 141092 0
1790694714690 1096068 954976 141092 0
1790694714720 1096068 954976 141092 0
1790694714747 1096068 954976 141092 0
1790694714780 1096068 954976 141092 0
1790694714811 1096068 954976 141092 0
1790694714844 1096068 954976 141092 0
1790694714876 1096068 954976 141092 0
1790694714909 1096068 954976 141092 0
1790694714940 973316 832224 141092 0
1790694714973 973316 832224 141092 0
1790694715004 973316 832224 141092 0
1790694715034 973316 832224 141092 0
1790694715065 973316 832224 141092 0
1790694715094 973316 832224 141092 0
1790694715126 973316 832224 141092 0
1790694715156 973316 832224 141092 0
1790694715189 973316 832224 141092 0
1790694715221 973316 832224 141092 0
1790694715254 973316 832224 141092 0
1790694715287 973316 832224 141092 0
1790694715319 973316 832224 141092 0
1790694715353 973316 832224 141092 0
1790694715386 973316 832224 141092 0
1790694715418 973316 832224 141092 0
1790694715450 973316 832224 141092 0
1790694715480 973316 832224 141092 0
1790694715509 973316 832224 141092 0
1790694715542 973316 832224 141092 0
1790694715574 973316 832224 141092 0
1790694715605 973316 832224 141092 0
1790694715635 973316 832224 141092 0
1790694715666 973316 832224 141092 0
1790694715693 973316 832224 141092 0
1790694715723 973316 832224 141092 0
1790694715754 973316 832224 141092 0
1790694715781 973316 832224 141092 0
1790694715811 973316 832224 141092 0
1790694715842 973160 832072 141088 0
1790694715873 973316 832224 141092 0
1790694715905 973316 832224 141092 0
1790694715934 973316 832224 141092 0
1790694715966 973316 832224 141092 0
1790694715996 973316 832224 141092 0
1790694716026 973316 832224 141092 0
1790694716058 973316 832224 141092 0
1790694716090 973316 832224 141092 0
1790694716122 973316 832224 141092 0
1790694716153 973316 832224 141092 0
1790694716184 973316 832224 141092 0
1790694716216 973316 832224 141092 0
1790694716247 973316 832224 141092 0
1790694716278 973316 832224 141092 0
1790694716310 973316 832224 141092 0
1790694716342 973316 832224 141092 0
1790694716374 973316 832224 141092 0
1790694716406 973316 832224 141092 0
1790694716437 973316 832224 141092 0
1790694716471 973316 832224 141092 0
1790694716504 973316 832224 141092 0
1790694716536 973316 832224 141092 0
1790694716568 973316 832224 141092 0
1790694716601 973316 832224 141092 0
1790694716633 973316 832224 141092 0
1790694716663 973316 832224 141092 0
1790694716693 973316 832224 141092 0
1790694716726 973316 832224 141092 0
1790694716758 973316 832224 141092 0
1790694716791 973316 832224 141092 0
1790694716823 973316 832224 141092 0
1790694716856 973316 832224 141092 0
1790694716887 973316 832224 141092 0
1790694716919 973316 832224 141092 0
1790694716949 973316 832224 141092 0
1790694716981 973316 832224 141092 0
1790694717012 973316 832224 141092 0
1790694717043 973316 832224 141092 0
1790694717074 973316 832224 141092 0
1790694717105 973316 832224 141092 0
1790694717137 973316 832224 141092 0
1790694717168 973316 832224 141092 0
1790694717200 973316 832224 141092 0
1790694717231 973316 832224 141092 0
1790694717262 973316 832224 141092 0
1790694717293 973316 832224 141092 0
1790694717324 973316 832224 141092 0
1790694717355 973316 832224 141092 0
1790694717387 973316 832224 141092 0
1790694717417 973316 832224 141092 0
1790694717448 973316 832224 141092 0
1790694717480 973316 832224 141092 0
1790694717510 973316 832224 141092 0
1790694717540 973316 832224 141092 0
1790694717573 973316 832224 141092 0
1790694717605 973316 832224 141092 0
1790694717637 973316 832224 141092 0
1790694717669 973316 832224 141092 0
1790694717701 973316 832224 141092 0
1790694717733 973316 832224 141092 0
1790694717765 973316 832224 141092 0
1790694717797 973316 832224 141092 0
1790694717829 973316 832224 141092 0
1790694717861 973316 832224 141092 0
1790694717893 973316 832224 141092 0
1790694717925 973316 832224 141092 0
1790694717957 973316 832224 141092 0
1790694717989 973316 832224 141092 0
1790694718020 973316 832224 141092 0
1790694718052 973316 832224 141092 0
1790694718083 973316 832224 141092 0
1790694718114 973316 832224 141092 0
1790694718147 973316 832224 141092 0
1790694718179 973316 832224 141092 0
1790694718210 973316 832224 141092 0
1790694718242 973316 832224 141092 0
1790694718274 973316 832224 141092 0
1790694718306 973316 832224 141092 0
1790694718337 973316 832224 141092 0
1790694718370 973316 832224 141092 0
1790694718402 973316 832224 141092 0
1790694718434 973316 832224 141092 0
1790694718464 973316 832224 141092 0
1790694718495 973316 832224 141092 0
1790694718524 973316 832224 141092 0
1790694718556 973316 832224 141092 0
1790694718588 973316 832224 141092 0
1790694718616 973316 832224 141092 0
1790694718645 973316 832224 141092 0
1790694718677 973316 832224 141092 0
1790694718709 973316 832224 141092 0
1790694718740 973316 832224 141092 0
1790694718770 973316 832224 141092 0
1790694718800 973316 832224 141092 0
1790694718830 973316 832224 141092 0
1790694718861 973316 832224 141092 0
1790694718891 973316 832224 141092 0
1790694718922 973316 832224 141092 0
1790694718956 973316 832224 141092 0
1790694718986 973316 832224 141092 0
1790694719017 973316 832224 141092 0
1790694719047 973316 832224 141092 0
1790694719080 973316 832224 141092 0
1790694719111 973316 832224 141092 0
1790694719140 973316 832224 141092 0
1790694719170 973316 832224 141092 0
1790694719204 973316 832224 141092 0
1790694719235 973316 832224 141092 0
1790694719265 973316 832224 141092 0
1790694719295 973316 832224 141092 0
1790694719328 973316 832224 141092 0
1790694719360 973316 832224 141092 0
1790694719390 973316 832224 141092 0
1790694719420 973316 832224 141092 0
1790694719454 973316 832224 141092 0
1790694719486 973316 832224 141092 0
1790694719516 973316 832224 141092 0
1790694719546 973316 832224 141092 0
1790694719580 973316 832224 141092 0
1790694719611 973316 832224 141092 0
1790694719641 973316 832224 141092 0
1790694719670 979332 838240 141092 0
1790694719704 979332 838240 141092 0
1790694719736 979332 838240 141092 0
1790694719767 979332 838240 141092 0
1790694719798 979332 838240 141092 0
1790694719830 979332 838240 141092 0
1790694719862 979332 838240 141092 0
1790694719895 979332 838240 141092 0
1790694719927 979332 838240 141092 0
1790694719958 979332 838240 141092 0
1790694719988 979332 838240 141092 0
1790694720022 979332 838240 141092 0
1790694720054 979332 838240 141092 0
1790694720086 979332 838240 141092 0
1790694720116 979332 838240 141092 0
1790694720150 979332 838240 141092 0
1790694720181 979332 838240 141092 0
1790694720213 979332 838240 141092 0
1790694720243 979332 838240 141092 0
1790694720276 979332 838240 141092 0
1790694720307 979332 838240 141092 0
1790694720339 979332 838240 141092 0
1790694720370 979332 838240 141092 0
1790694720403 979332 838240 141092 0
1790694720435 979332 838240 141092 0
1790694720465 979332 838240 141092 0
1790694720495 979332 838240 141092 0
1790694720529 979332 838240 141092 0
1790694720562 979332 838240 141092 0
1790694720593 979332 838240 141092 0
1790694720624 979332 838240 141092 0
1790694720657 979332 838240 141092 0
1790694720689 979332 838240 141092 0
1790694720723 979332 838240 141092 0
1790694720754 983936 842844 141092 0
1790694720783 996668 855576 141092 0
1790694720812 1033088 891996 141092 0
1790694720843 1045376 904284 141092 0
1790694720873 1059712 918620 141092 0
1790694720902 1029864 888776 141088 0
1790694720934 1104296 970104 134192 0
1790694720970 1120644 979552 141092 0
1790694721003 1120644 979552 141092 0
1790694721034 973316 832224 141092 0
1790694721066 973316 832224 141092 0
1790694721096 973316 832224 141092 0
1790694721125 973316 832224 141092 0
1790694721156 973316 832224 141092 0
1790694721186 973316 832224 141092 0
1790694721214 973316 832224 141092 0
1790694721247 973316 832224 141092 0
1790694721278 973316 832224 141092 0
1790694721308 973316 832224 141092 0
1790694721338 973316 832224 141092 0
1790694721368 973316 832224 141092 0
1790694721399 973316 832224 141092 0
1790694721430 973316 832224 141092 0
1790694721460 973316 832224 141092 0
1790694721489 973316 832224 141092 0
1790694721519 973316 832224 141092 0
1790694721549 973316 832224 141092 0
1790694721578 973316 832224 141092 0
1790694721608 973316 832224 141092 0
1790694721637 973316 832224 141092 0
1790694721666 973316 832224 141092 0
1790694721697 973316 832224 141092 0
1790694721727 973316 832224 141092 0
1790694721760 973316 832224 141092 0
1790694721791 973316 832224 141092 0
1790694721821 973316 832224 141092 0
1790694721851 973316 832224 141092 0
1790694721882 973316 832224 141092 0
1790694721911 973316 832224 141092 0
1790694721941 973316 832224 141092 0
1790694721970 973316 832224 141092 0
1790694722000 973316 832224 141092 0
1790694722029 973316 832224 141092 0
1790694722058 973316 832224 141092 0
1790694722087 973316 832224 141092 0
1790694722118 973316 832224 141092 0
1790694722149 973316 832224 141092 0
1790694722180 973316 832224 141092 0
1790694722210 973316 832224 141092 0
1790694722239 973316 832224 141092 0
1790694722270 894824 753736 141088 0
1790694722301 973316 832224 141092 0
1790694722331 973316 832224 141092 0
1790694722362 973316 832224 141092 0
1790694722392 973316 832224 141092 0
1790694722422 973316 832224 141092 0
1790694722451 973316 832224 141092 0
1790694722480 973316 832224 141092 0
1790694722511 973316 832224 141092 0
1790694722540 973316 832224 141092 0
1790694722572 973316 832224 141092 0
1790694722601 973316 832224 141092 0
1790694722630 973316 832224 141092 0
1790694722660 973316 832224 141092 0
1790694722690 973316 832224 141092 0
1790694722720 973316 832224 141092 0
1790694722751 973316 832224 141092 0
1790694722781 973316 832224 141092 0
1790694722811 973316 832224 141092 0
1790694722841 973316 832224 141092 0
1790694722871 973316 832224 141092 0
1790694722902 973316 832224 141092 0
1790694722933 973316 832224 141092 0
1790694722964 973316 832224 141092 0
1790694722995 973316 832224 141092 0
1790694723025 973316 832224 141092 0
1790694723056 973316 832224 141092 0
1790694723089 973316 832224 141092 0
1790694723120 973316 832224 141092 0
1790694723151 973316 832224 141092 0
1790694723182 973316 832224 141092 0
1790694723215 973316 832224 141092 0
1790694723246 973316 832224 141092 0
1790694723277 973316 832224 141092 0
1790694723308 973316 832224 141092 0
1790694723341 973316 832224 141092 0
1790694723373 973316 832224 141092 0
1790694723403 973316 832224 141092 0
1790694723434 973316 832224 141092 0
1790694723467 973316 832224 141092 0
1790694723498 973316 832224 141092 0
1790694723527 973316 832224 141092 0
1790694723557 973316 832224 141092 0
1790694723590 973316 832224 141092 0
1790694723621 973316 832224 141092 0
1790694723652 973316 832224 141092 0
1790694723684 973316 832224 141092 0
1790694723716 973316 832224 141092 0
1790694723747 973316 832224 141092 0
1790694723778 973316 832224 141092 0
1790694723810 973316 832224 141092 0
1790694723841 973316 832224 141092 0
1790694723873 973316 832224 141092 0
1790694723904 973316 832224 141092 0
1790694723935 973316 832224 141092 0
1790694723966 973316 832224 141092 0
1790694723997 973316 832224 141092 0
1790694724028 973316 832224 141092 0
1790694724058 973316 832224 141092 0
1790694724089 973316 832224 141092 0
1790694724121 973316 832224 141092 0
1790694724151 973316 832224 141092 0
1790694724182 973316 832224 141092 0
1790694724213 973316 832224 141092 0
1790694724244 973316 832224 141092 0
1790694724275 973316 832224 141092 0
1790694724306 973316 832224 141092 0
1790694724337 973316 832224 141092 0
1790694724368 973316 832224 141092 0
1790694724399 973316 832224 141092 0
1790694724429 973316 832224 141092 0
1790694724460 973316 832224 141092 0
1790694724490 973316 832224 141092 0
1790694724521 973316 832224 141092 0
1790694724551 973316 832224 141092 0
1790694724582 973316 832224 141092 0
1790694724613 973316 832224 141092 0
1790694724644 973316 832224 141092 0
1790694724674 973316 832224 141092 0
1790694724705 973316 832224 141092 0
1790694724735 973316 832224 141092 0
1790694724766 973316 832224 141092 0
1790694724797 973316 832224 141092 0
1790694724827 973316 832224 141092 0
1790694724858 973316 832224 141092 0
1790694724889 973316 832224 141092 0
1790694724920 973316 832224 141092 0
1790694724950 973316 832224 141092 0
1790694724980 973316 832224 141092 0
1790694725010 973316 832224 141092 0
1790694725040 973316 832224 141092 0
1790694725070 973316 832224 141092 0
1790694725099 973316 832224 141092 0
1790694725129 973316 832224 141092 0
1790694725158 973316 832224 141092 0
1790694725188 973316 832224 141092 0
1790694725217 973316 832224 141092 0
1790694725246 973316 832224 141092 0
1790694725276 973316 832224 141092 0
1790694725307 973316 832224 141092 0
1790694725338 973316 832224 141092 0
1790694725370 973316 832224 141092 0
1790694725400 973316 832224 141092 0
1790694725431 973316 832224 141092 0
1790694725461 973316 832224 141092 0
1790694725491 973316 832224 141092 0
1790694725521 973316 832224 141092 0
1790694725552 973316 832224 141092 0
1790694725582 973316 832224 141092 0
1790694725614 973316 832224 141092 0
1790694725645 973316 832224 141092 0
1790694725676 973316 832224 141092 0
1790694725706 973316 832224 141092 0
1790694725739 973316 832224 141092 0
1790694725770 973316 832224 141092 0
1790694725801 973316 832224 141092 0
1790694725830 973316 832224 141092 0
1790694725863 973316 832224 141092 0
1790694725895 973316 832224 141092 0
1790694725925 973316 832224 141092 0
1790694725955 973316 832224 141092 0
1790694725988 973316 832224 141092 0
1790694726019 973316 832224 141092 0
1790694726049 973316 832224 141092 0
1790694726080 973316 832224 141092 0
1790694726113 973316 832224 141092 0
1790694726144 973316 832224 141092 0
1790694726174 973316 832224 141092 0
1790694726204 973316 832224 141092 0
1790694726237 973316 832224 141092 0
1790694726268 973316 832224 141092 0
1790694726299 973316 832224 141092 0
1790694726328 973316 832224 141092 0
1790694726361 973316 832224 141092 0
1790694726393 973316 832224 141092 0
1790694726424 973316 832224 141092 0
1790694726455 973316 832224 141092 0
1790694726487 973316 832224 141092 0
1790694726519 973316 832224 141092 0
1790694726551 973316 832224 141092 0
1790694726583 973316 832224 141092 0
1790694726614 973316 832224 141092 0
1790694726644 973316 832224 141092 0
1790694726677 973316 832224 141092 0
1790694726709 973316 832224 141092 0
1790694726740 973316 832224 141092 0
1790694726769 973316 832224 141092 0
1790694726802 973316 832224 141092 0
1790694726834 973316 832224 141092 0
1790694726865 973316 832224 141092 0
1790694726895 978268 838220 140048 0
1790694726928 979332 838240 141092 0
1790694726960 979332 838240 141092 0
1790694726990 979332 838240 141092 0
1790694727020 979332 838240 141092 0
1790694727054 979332 838240 141092 0
1790694727086 979332 838240 141092 0
1790694727117 979332 838240 141092 0
1790694727147 979332 838240 141092 0
1790694727181 979332 838240 141092 0
1790694727213 979332 838240 141092 0
1790694727243 979332 838240 141092 0
1790694727272 979332 838240 141092 0
1790694727305 979332 838240 141092 0
1790694727337 979332 838240 141092 0
1790694727370 979332 838240 141092 0
1790694727401 979332 838240 141092 0
1790694727431 979332 838240 141092 0
1790694727460 979332 838240 141092 0
1790694727492 979332 838240 141092 0
1790694727521 979332 838240 141092 0
1790694727550 997764 856672 141092 0
1790694727584 1022340 881248 141092 0
1790694727617 1022340 881248 141092 0
1790694727648 1022340 881248 141092 0
1790694727680 1022340 881248 141092 0
1790694727711 1022340 881248 141092 0
1790694727741 1022340 881248 141092 0
1790694727771 1022340 881248 141092 0
1790694727801 1022340 881248 141092 0
1790694727830 1022340 881248 141092 0
1790694727862 1022340 881248 141092 0
1790694727893 1022340 881248 141092 0
1790694727925 1022340 881248 141092 0
1790694727956 1022340 881248 141092 0
1790694727988 1022340 881248 141092 0
1790694728020 1022340 881248 141092 0
1790694728051 1022340 881248 141092 0
1790694728082 1022340 881248 141092 0
1790694728112 1022340 881248 141092 0
1790694728142 1022340 881248 141092 0
1790694728172 1022340 881248 141092 0
1790694728201 1022340 881248 141092 0
1790694728231 1022340 881248 141092 0
1790694728260 1022340 881248 141092 0
1790694728290 1022340 881248 141092 0
1790694728320 1022340 881248 141092 0
1790694728353 1022340 881248 141092 0
1790694728384 1022340 881248 141092 0
1790694728415 1022340 881248 141092 0
1790694728445 1022340 881248 141092 0
1790694728475 1022340 881248 141092 0
1790694728505 1022340 881248 141092 0
1790694728535 1022340 881248 141092 0
1790694728564 1022340 881248 141092 0
1790694728594 1022340 881248 141092 0
1790694728623 1022340 881248 141092 0
1790694728653 1022340 881248 141092 0
1790694728683 1022340 881248 141092 0
1790694728713 1022340 881248 141092 0
1790694728742 1022340 881248 141092 0
1790694728774 1022340 881248 141092 0
1790694728805 1022340 881248 141092 0
1790694728835 1022340 881248 141092 0
1790694728865 1022340 881248 141092 0
1790694728897 516236 375144 141092 0
1790694728924 1022340 881248 141092 0
1790694728954 1022340 881248 141092 0
1790694728984 1022340 881248 141092 0
1790694729014 1022340 881248 141092 0
1790694729043 1022340 881248 141092 0
1790694729071 1022340 881248 141092 0
1790694729100 1022340 881248 141092 0
1790694729129 1022340 881248 141092 0
1790694729158 1022340 881248 141092 0
1790694729190 1022340 881248 141092 0
1790694729220 1022340 881248 141092 0
1790694729250 1022340 881248 141092 0
1790694729281 1022340 881248 141092 0
1790694729312 1022340 881248 141092 0
1790694729342 1022340 881248 141092 0
1790694729372 1022340 881248 141092 0
1790694729402 1022340 881248 141092 0
1790694729432 1022340 881248 141092 0
1790694729462 1022340 881248 141092 0
1790694729492 1022340 881248 141092 0
1790694729522 1022340 881248 141092 0
1790694729555 1022340 881248 141092 0
1790694729586 1022340 881248 141092 0
1790694729615 1022340 881248 141092 0
1790694729645 1022340 881248 141092 0
1790694729678 1022340 881248 141092 0
1790694729710 1022340 881248 141092 0
1790694729741 1022340 881248 141092 0
1790694729771 1022340 881248 141092 0
1790694729805 1022340 881248 141092 0
1790694729838 1022340 881248 141092 0
1790694729869 1022340 881248 141092 0
1790694729899 1022340 881248 141092 0
1790694729932 1022340 881248 141092 0
1790694729964 1022340 881248 141092 0
1790694729995 1022340 881248 141092 0
1790694730025 1022340 881248 141092 0
1790694730058 1022340 881248 141092 0
1790694730090 1022340 881248 141092 0
1790694730121 1022340 881248 141092 0
1790694730150 1022340 881248 141092 0
1790694730184 1022340 881248 141092 0
1790694730216 1022340 881248 141092 0
1790694730247 1022340 881248 141092 0
1790694730278 1022340 881248 141092 0
1790694730311 1022340 881248 141092 0
1790694730343 1022340 881248 141092 0
1790694730374 1022340 881248 141092 0
1790694730404 1022340 881248 141092 0
1790694730435 1022340 881248 141092 0
1790694730466 1022340 881248 141092 0
1790694730497 1022340 881248 141092 0
1790694730527 1022340 881248 141092 0
1790694730558 1022340 881248 141092 0
1790694730588 1022340 881248 141092 0
1790694730619 1022340 881248 141092 0
1790694730650 1022340 881248 141092 0
1790694730680 1022340 881248 141092 0
1790694730710 1022340 881248 141092 0
1790694730741 1022340 881248 141092 0
1790694730771 1022340 881248 141092 0
1790694730801 1022340 881248 141092 0
1790694730832 1022340 881248 141092 0
1790694730862 1022340 881248 141092 0
1790694730893 1022340 881248 141092 0
1790694730923 1022340 881248 141092 0
1790694730954 1022340 881248 141092 0
1790694730985 1022340 881248 141092 0
1790694731015 1022340 881248 141092 0
1790694731045 1022340 881248 141092 0
1790694731075 1022340 881248 141092 0
1790694731106 1022340 881248 141092 0
1790694731136 1022340 881248 141092 0
1790694731166 1022340 881248 141092 0
1790694731197 1022340 881248 141092 0
1790694731228 1022340 881248 141092 0
1790694731258 1022340 881248 141092 0
1790694731288 1022340 881248 141092 0
1790694731319 1022340 881248 141092 0
1790694731349 1022340 881248 141092 0
1790694731379 1022340 881248 141092 0
1790694731409 1022340 881248 141092 0
1790694731440 1022340 881248 141092 0
1790694731471 1022340 881248 141092 0
1790694731501 1022340 881248 141092 0
1790694731531 1022340 881248 141092 0
1790694731561 1022340 881248 141092 0
1790694731592 1022340 881248 141092 0
1790694731622 1022340 881248 141092 0
1790694731652 1022340 881248 141092 0
1790694731681 1022340 881248 141092 0
1790694731710 1022340 881248 141092 0
1790694731739 1022340 881248 141092 0
1790694731768 1022340 881248 141092 0
1790694731797 1022340 881248 141092 0
1790694731826 1022340 881248 141092 0
1790694731855 1022340 881248 141092 0
1790694731884 1022340 881248 141092 0
1790694731915 1022340 881248 141092 0
1790694731944 1022340 881248 141092 0
1790694731974 1022340 881248 141092 0
1790694732003 1022340 881248 141092 0
1790694732033 1022340 881248 141092 0
1790694732061 1022340 881248 141092 0
1790694732089 1022340 881248 141092 0
1790694732119 1022340 881248 141092 0
1790694732149 1022340 881248 141092 0
1790694732180 1022340 881248 141092 0
1790694732215 1022340 881248 141092 0
1790694732245 1022340 881248 141092 0
1790694732274 1022340 881248 141092 0
1790694732304 1022340 881248 141092 0
1790694732338 1022340 881248 141092 0
1790694732369 1022340 881248 141092 0
1790694732398 1022340 881248 141092 0
1790694732429 1022340 881248 141092 0
1790694732463 1022340 881248 141092 0
1790694732493 1022340 881248 141092 0
1790694732524 1022340 881248 141092 0
1790694732554 1022340 881248 141092 0
1790694732588 1022340 881248 141092 0
1790694732619 1022340 881248 141092 0
1790694732649 1022340 881248 141092 0
1790694732679 1022340 881248 141092 0
1790694732712 1022340 881248 141092 0
1790694732743 1022340 881248 141092 0
1790694732774 1022340 881248 141092 0
1790694732804 1022340 881248 141092 0
1790694732838 1022340 881248 141092 0
1790694732869 1022340 881248 141092 0
1790694732899 1022340 881248 141092 0
1790694732929 1022340 881248 141092 0
1790694732962 1022340 881248 141092 0
1790694732994 1022340 881248 141092 0
1790694733025 1022340 881248 141092 0
1790694733058 1022340 881248 141092 0
1790694733090 1022340 881248 141092 0
1790694733122 1022340 881248 141092 0
1790694733156 1022340 881248 141092 0
1790694733187 1022340 881248 141092 0
1790694733217 1022340 881248 141092 0
1790694733247 1022340 881248 141092 0
1790694733279 1022340 881248 141092 0
1790694733310 1022340 881248 141092 0
1790694733340 1022340 881248 141092 0
1790694733370 1022340 881248 141092 0
1790694733403 1022340 881248 141092 0
1790694733435 1022340 881248 141092 0
1790694733466 1022340 881248 141092 0
1790694733496 1022340 881248 141092 0
1790694733529 1022340 881248 141092 0
1790694733562 1022340 881248 141092 0
1790694733593 1022340 881248 141092 0
1790694733623 1022340 881248 141092 0
1790694733656 1022340 881248 141092 0
1790694733689 1022340 881248 141092 0
1790694733719 1022340 881248 141092 0
1790694733750 1022340 881248 141092 0
1790694733783 1022340 881248 141092 0
1790694733816 1022340 881248 141092 0
1790694733846 1022340 881248 141092 0
1790694733877 1022340 881248 141092 0
1790694733910 1022340 881248 141092 0
1790694733942 1022340 881248 141092 0
1790694733975 1022340 881248 141092 0
1790694734006 1022340 881248 141092 0
1790694734036 1022340 881248 141092 0
1790694734066 1022340 881248 141092 0
1790694734097 1022340 881248 141092 0
1790694734128 1022340 881248 141092 0
1790694734157 1022340 881248 141092 0
1790694734188 1022340 881248 141092 0
1790694734223 1022340 881248 141092 0
1790694734255 1022340 881248 141092 0
1790694734287 1022340 881248 141092 0
1790694734319 1022340 881248 141092 0
1790694734350 1022340 881248 141092 0
1790694734379 1022340 881248 141092 0
1790694734409 1022340 881248 141092 0
1790694734439 1022340 881248 141092 0
1790694734469 1022340 881248 141092 0
1790694734500 1022340 881248 141092 0
1790694734530 1022340 881248 141092 0
1790694734560 1022340 881248 141092 0
1790694734589 1022340 881248 141092 0
1790694734618 1022340 881248 141092 0
1790694734647 1022340 881248 141092 0
1790694734676 1022340 881248 141092 0
1790694734707 1022340 881248 141092 0
1790694734736 1022340 881248 141092 0
1790694734766 1022340 881248 141092 0
1790694734796 1022340 881248 141092 0
1790694734826 1022340 881248 141092 0
1790694734855 1022340 881248 141092 0
1790694734885 1022340 881248 141092 0
1790694734916 1022340 881248 141092 0
1790694734948 1022340 881248 141092 0
1790694734980 1022340 881248 141092 0
1790694735010 1022340 881248 141092 0
1790694735040 1022340 881248 141092 0
1790694735069 1022340 881248 141092 0
1790694735101 1022340 881248 141092 0
1790694735131 1022340 881248 141092 0
1790694735161 1022340 881248 141092 0
1790694735190 1022340 881248 141092 0
1790694735220 1022340 881248 141092 0
1790694735249 1022340 881248 141092 0
1790694735279 1022340 881248 141092 0
1790694735310 1022340 881248 141092 0
1790694735340 1022340 881248 141092 0
1790694735369 1022340 881248 141092 0
1790694735401 1022340 881248 141092 0
1790694735432 1022340 881248 141092 0
1790694735461 1022340 881248 141092 0
1790694735492 1022340 881248 141092 0
1790694735521 1022340 881248 141092 0
1790694735549 1022340 881248 141092 0
1790694735581 1022340 881248 141092 0
1790694735611 1022340 881248 141092 0
1790694735642 1022340 881248 141092 0
1790694735673 1022340 881248 141092 0
1790694735705 1022340 881248 141092 0
1790694735735 1022340 881248 141092 0
1790694735762 1022340 881248 141092 0
1790694735791 1022340 881248 141092 0
1790694735824 1022340 881248 141092 0
1790694735855 1022340 881248 141092 0
1790694735888 1022340 881248 141092 0
1790694735921 1022340 881248 141092 0
1790694735953 1022340 881248 141092 0
1790694735985 1022340 881248 141092 0
1790694736017 1022340 881248 141092 0
1790694736050 1022340 881248 141092 0
1790694736082 1022340 881248 141092 0
1790694736115 1022340 881248 141092 0
1790694736148 1022340 881248 141092 0
1790694736181 1022340 881248 141092 0
1790694736214 1022340 881248 141092 0
1790694736245 1022340 881248 141092 0
1790694736277 1022340 881248 141092 0
1790694736311 1022340 881248 141092 0
1790694736343 1022340 881248 141092 0
1790694736374 1022340 881248 141092 0
1790694736408 1022340 881248 141092 0
1790694736441 1022340 881248 141092 0
1790694736473 1022340 881248 141092 0
1790694736504 1022340 881248 141092 0
1790694736538 1022340 881248 141092 0
1790694736571 1022340 881248 141092 0
1790694736602 1022340 881248 141092 0
1790694736632 1022340 881248 141092 0
1790694736665 1022340 881248 141092 0
1790694736696 1022340 881248 141092 0
1790694736727 1022340 881248 141092 0
1790694736759 1022340 881248 141092 0
1790694736791 1022340 881248 141092 0
1790694736822 1022340 881248 141092 0
1790694736854 1022340 881248 141092 0
1790694736885 1022340 881248 141092 0
1790694736915 1022340 881248 141092 0
1790694736945 1022340 881248 141092 0
1790694736976 1022340 881248 141092 0
1790694737008 1022340 881248 141092 0
1790694737040 1022340 881248 141092 0
1790694737071 1022340 881248 141092 0
1790694737101 1022340 881248 141092 0
1790694737131 1022340 881248 141092 0
1790694737163 1022340 881248 141092 0
1790694737195 1022340 881248 141092 0
1790694737226 1022340 881248 141092 0
1790694737256 1022340 881248 141092 0
1790694737286 1022340 881248 141092 0
1790694737315 1022340 881248 141092 0
1790694737345 1022340 881248 141092 0
1790694737375 1022340 881248 141092 0
1790694737405 1022340 881248 141092 0
1790694737435 1022340 881248 141092 0
1790694737464 1022340 881248 141092 0
1790694737494 1022340 881248 141092 0
1790694737524 1022340 881248 141092 0
1790694737553 1022340 881248 141092 0
1790694737583 1022340 881248 141092 0
1790694737616 1022340 881248 141092 0
1790694737648 1022340 881248 141092 0
1790694737679 1022340 881248 141092 0
1790694737711 1022340 881248 141092 0
1790694737743 1022340 881248 141092 0
1790694737774 1022340 881248 141092 0
1790694737803 1022340 881248 141092 0
1790694737835 1022340 881248 141092 0
1790694737866 1022340 881248 141092 0
1790694737898 1022340 881248 141092 0
1790694737930 1022340 881248 141092 0
1790694737961 1022340 881248 141092 0
1790694737990 1022340 881248 141092 0
1790694738020 1022340 881248 141092 0
1790694738049 1022340 881248 141092 0
1790694738079 1022340 881248 141092 0
1790694738108 1022340 881248 141092 0
1790694738137 1022340 881248 141092 0
1790694738167 1022340 881248 141092 0
1790694738197 1022340 881248 141092 0
1790694738228 1022340 881248 141092 0
1790694738258 1022340 881248 141092 0
1790694738287 1022340 881248 141092 0
1790694738315 1022340 881248 141092 0
1790694738348 1022340 881248 141092 0
1790694738378 1022340 881248 141092 0
1790694738408 1022340 881248 141092 0
1790694738437 1022340 881248 141092 0
1790694738469 1022340 881248 141092 0
1790694738501 1022340 881248 141092 0
1790694738535 1022340 881248 141092 0
1790694738568 1022340 881248 141092 0
1790694738599 1022340 881248 141092 0
1790694738631 1022340 881248 141092 0
1790694738664 1022340 881248 141092 0
1790694738697 1022340 881248 141092 0
1790694738727 1022340 881248 141092 0
1790694738760 1022340 881248 141092 0
1790694738791 1022340 881248 141092 0
1790694738822 1022340 881248 141092 0
1790694738855 1022340 881248 141092 0
1790694738887 1022340 881248 141092 0
1790694738920 1022340 881248 141092 0
1790694738951 1022340 881248 141092 0
1790694738986 1022340 881248 141092 0
1790694739017 1022340 881248 141092 0
1790694739049 1022340 881248 141092 0
1790694739080 1022340 881248 141092 0
1790694739111 1022340 881248 141092 0
1790694739141 1022340 881248 141092 0
1790694739170 1022340 881248 141092 0
1790694739199 1022340 881248 141092 0
1790694739231 1022340 881248 141092 0
1790694739260 1022340 881248 141092 0
1790694739289 1022340 881248 141092 0
1790694739319 1022340 881248 141092 0
1790694739353 1022340 881248 141092 0
1790694739384 1022340 881248 141092 0
1790694739413 1022340 881248 141092 0
1790694739442 1022340 881248 141092 0
1790694739476 1022340 881248 141092 0
1790694739507 1022340 881248 141092 0
1790694739537 1022340 881248 141092 0
1790694739568 1022340 881248 141092 0
1790694739598 1022340 881248 141092 0
1790694739628 1022340 881248 141092 0
1790694739662 1022340 881248 141092 0
1790694739695 1022340 881248 141092 0
1790694739727 1022340 881248 141092 0
1790694739758 1022340 881248 141092 0
1790694739793 1022340 881248 141092 0
1790694739825 1022340 881248 141092 0
1790694739856 1022340 881248 141092 0
1790694739887 1022340 881248 141092 0
1790694739918 1022340 881248 141092 0
1790694739950 1022340 881248 141092 0
1790694739980 1022340 881248 141092 0
1790694740011 1022340 881248 141092 0
1790694740043 1022340 881248 141092 0
1790694740075 1022340 881248 141092 0
1790694740105 1022340 881248 141092 0
1790694740135 1022340 881248 141092 0
1790694740169 1022340 881248 141092 0
1790694740200 1022340 881248 141092 0
1790694740229 1022340 881248 141092 0
1790694740259 1022340 881248 141092 0
1790694740290 1022340 881248 141092 0
1790694740319 1022340 881248 141092 0
1790694740348 1022340 881248 141092 0
1790694740378 1022340 881248 141092 0
1790694740408 1022340 881248 141092 0
1790694740440 1022340 881248 141092 0
1790694740470 1022340 881248 141092 0
1790694740499 1022340 881248 141092 0
1790694740525 1022340 881248 141092 0
1790694740550 1022340 881248 141092 0
1790694740579 1022340 881248 141092 0
1790694740605 1022340 881248 141092 0
1790694740632 1022340 881248 141092 0
1790694740658 1022340 881248 141092 0
1790694740697 1022340 881248 141092 0
1790694740729 1022340 881248 141092 0
1790694740762 1022340 881248 141092 0
1790694740794 1022340 881248 141092 0
1790694740826 1022340 881248 141092 0
1790694740858 1022340 881248 141092 0
1790694740889 1022340 881248 141092 0
1790694740919 1022340 881248 141092 0
1790694740950 1022340 881248 141092 0
1790694740983 1022340 881248 141092 0
1790694741015 1022340 881248 141092 0
1790694741048 1022340 881248 141092 0
1790694741081 1022340 881248 141092 0
1790694741114 1022340 881248 141092 0
1790694741145 1022340 881248 141092 0
1790694741175 1022340 881248 141092 0
1790694741207 1022340 881248 141092 0
1790694741238 1022340 881248 141092 0
1790694741270 1022340 881248 141092 0
1790694741301 1022340 881248 141092 0
1790694741335 1022340 881248 141092 0
1790694741366 1022340 881248 141092 0
1790694741399 1022340 881248 141092 0
1790694741432 1022340 881248 141092 0
1790694741465 1022340 881248 141092 0
1790694741498 1022340 881248 141092 0
1790694741531 1022340 881248 141092 0
1790694741563 1022340 881248 141092 0
1790694741595 1022340 881248 141092 0
1790694741625 1022340 881248 141092 0
1790694741657 1022340 881248 141092 0
1790694741689 1022340 881248 141092 0
1790694741721 1022340 881248 141092 0
1790694741751 1022340 881248 141092 0
1790694741780 1022340 881248 141092 0
1790694741811 1022340 881248 141092 0
1790694741843 1022340 881248 141092 0
1790694741873 1022340 881248 141092 0
1790694741904 1022340 881248 141092 0
1790694741934 1022340 881248 141092 0
1790694741963 938912 798144 140768 0
1790694741993 1022340 881248 141092 0
1790694742023 1022340 881248 141092 0
1790694742053 1022340 881248 141092 0
1790694742083 1022340 881248 141092 0
1790694742112 1022340 881248 141092 0
1790694742141 1022340 881248 141092 0
1790694742171 1022340 881248 141092 0
1790694742200 1022340 881248 141092 0
1790694742229 1022340 881248 141092 0
1790694742261 1022340 881248 141092 0
1790694742293 1022340 881248 141092 0
1790694742322 1022340 881248 141092 0
1790694742351 1022340 881248 141092 0
1790694742384 1022340 881248 141092 0
1790694742417 1022340 881248 141092 0
1790694742449 1022340 881248 141092 0
1790694742482 1022340 881248 141092 0
1790694742514 1022340 881248 141092 0
1790694742546 1022340 881248 141092 0
1790694742580 1022340 881248 141092 0
1790694742613 1022340 881248 141092 0
1790694742644 1022340 881248 141092 0
1790694742675 1022340 881248 141092 0
1790694742706 1022340 881248 141092 0
1790694742738 1022340 881248 141092 0
1790694742769 1022340 881248 141092 0
1790694742800 1022340 881248 141092 0
1790694742832 1022340 881248 141092 0
1790694742863 1022340 881248 141092 0
1790694742893 1022340 881248 141092 0
1790694742923 1022340 881248 141092 0
1790694742954 1022340 881248 141092 0
1790694742983 1022340 881248 141092 0
1790694743012 1022340 881248 141092 0
1790694743042 1022340 881248 141092 0
1790694743073 1022340 881248 141092 0
1790694743102 1022340 881248 141092 0
1790694743131 1022340 881248 141092 0
1790694743164 1022340 881248 141092 0
1790694743197 1022340 881248 141092 0
1790694743227 1022340 881248 141092 0
1790694743257 1022340 881248 141092 0
1790694743286 1022340 881248 141092 0
1790694743316 1022340 881248 141092 0
1790694743346 1022340 881248 141092 0
1790694743375 1022340 881248 141092 0
1790694743405 1022340 881248 141092 0
1790694743435 1022340 881248 141092 0
1790694743465 1022340 881248 141092 0
1790694743497 1022340 881248 141092 0
1790694743528 1022340 881248 141092 0
1790694743560 1022340 881248 141092 0
1790694743592 1022340 881248 141092 0
1790694743624 1022340 881248 141092 0
1790694743656 1022340 881248 141092 0
1790694743688 1022340 881248 141092 0
1790694743720 1022340 881248 141092 0
1790694743752 1022340 881248 141092 0
1790694743783 1022340 881248 141092 0
1790694743812 1022340 881248 141092 0
1790694743844 1022340 881248 141092 0
1790694743876 1022340 881248 141092 0
1790694743908 1022340 881248 141092 0
1790694743940 1022340 881248 141092 0
1790694743973 1022340 881248 141092 0
1790694744005 1022340 881248 141092 0
1790694744035 1022340 881248 141092 0
1790694744068 1022340 881248 141092 0
1790694744100 1022340 881248 141092 0
1790694744132 1022340 881248 141092 0
1790694744163 1022340 881248 141092 0
1790694744195 1022340 881248 141092 0
1790694744227 1022340 881248 141092 0
1790694744259 1022340 881248 141092 0
1790694744290 1022340 881248 141092 0
1790694744322 1022340 881248 141092 0
1790694744354 1022340 881248 141092 0
1790694744386 1022340 881248 141092 0
1790694744416 1022340 881248 141092 0
1790694744445 1022340 881248 141092 0
1790694744475 1022340 881248 141092 0
1790694744505 1022340 881248 141092 0
1790694744537 1022340 881248 141092 0
1790694744569 1022340 881248 141092 0
1790694744601 1022340 881248 141092 0
1790694744632 1022340 881248 141092 0
1790694744665 1022340 881248 141092 0
1790694744697 1022340 881248 141092 0
1790694744726 1022340 881248 141092 0
1790694744756 1022340 881248 141092 0
1790694744786 1022340 881248 141092 0
1790694744820 1022340 881248 141092 0
1790694744852 1027824 886732 141092 0
1790694744882 1027824 886732 141092 0
1790694744912 1027824 886732 141092 0
1790694744942 1027824 886732 141092 0
1790694744976 1027824 886732 141092 0
1790694745007 1027824 886732 141092 0
1790694745042 1027824 886732 141092 0
1790694745073 1027824 886732 141092 0
1790694745103 1027824 886732 141092 0
1790694745133 1027824 886732 141092 0
1790694745165 1027824 886732 141092 0
1790694745195 1027824 886732 141092 0
1790694745225 1027824 886732 141092 0
1790694745255 1027824 886732 141092 0
1790694745287 1027824 886732 141092 0
1790694745318 1027824 886732 141092 0
1790694745348 1027824 886732 141092 0
1790694745377 1027824 886732 141092 0
1790694745412 1027824 886732 141092 0
1790694745443 1027824 886732 141092 0
1790694745473 1027824 886732 141092 0
1790694745503 1027824 886732 141092 0
1790694745536 1027824 886732 141092 0
1790694745566 1027824 886732 141092 0
1790694745597 1027824 886732 141092 0
1790694745627 1027824 886732 141092 0
1790694745662 1027824 886732 141092 0
1790694745695 1027824 886732 141092 0
1790694745727 1027824 886732 141092 0
1790694745759 1027824 886732 141092 0
1790694745794 1027824 886732 141092 0
1790694745827 1027824 886732 141092 0
1790694745859 1027824 886732 141092 0
1790694745893 1027824 886732 141092 0
1790694745926 1027824 886732 141092 0
1790694745959 1027824 886732 141092 0
1790694745993 1027824 886732 141092 0
1790694746025 1027824 886732 141092 0
1790694746057 1027824 886732 141092 0
1790694746090 1027824 886732 141092 0
1790694746122 1027824 886732 141092 0
1790694746154 1027824 886732 141092 0
1790694746185 1027824 886732 141092 0
1790694746220 1027824 886732 141092 0
1790694746253 1027824 886732 141092 0
1790694746286 1027824 886732 141092 0
1790694746318 1027824 886732 141092 0
1790694746353 1027824 886732 141092 0
1790694746385 1027824 886732 141092 0
1790694746417 1027824 886732 141092 0
1790694746448 1027824 886732 141092 0
1790694746482 1027824 886732 141092 0
1790694746514 1027824 886732 141092 0
1790694746546 1027824 886732 141092 0
1790694746578 1027824 886732 141092 0
1790694746611 1027824 886732 141092 0
1790694746643 1027824 886732 141092 0
1790694746675 1027824 886732 141092 0
1790694746707 1027824 886732 141092 0
1790694746738 1027824 886732 141092 0
1790694746769 1027824 886732 141092 0
1790694746799 1027824 886732 141092 0
1790694746825 1027824 886732 141092 0
1790694746851 1027824 886732 141092 0
1790694746880 1027824 886732 141092 0
1790694746907 1027824 886732 141092 0
1790694746933 1027824 886732 141092 0
1790694746959 1027824 886732 141092 0
1790694746994 1027824 886732 141092 0
1790694747027 1027824 886732 141092 0
1790694747056 1027824 886732 141092 0
1790694747086 1027824 886732 141092 0
1790694747115 1027824 886732 141092 0
1790694747145 1027824 886732 141092 0
1790694747174 1027824 886732 141092 0
1790694747206 1027824 886732 141092 0
1790694747235 1027824 886732 141092 0
1790694747267 1027824 886732 141092 0
1790694747298 1027824 886732 141092 0
1790694747329 1027824 886732 141092 0
1790694747362 1027824 886732 141092 0
1790694747394 1027824 886732 141092 0
1790694747424 1027824 886732 141092 0
1790694747454 1027824 886732 141092 0
1790694747483 1027824 886732 141092 0
1790694747512 1027824 886732 141092 0
1790694747542 1027824 886732 141092 0
1790694747571 1027824 886732 141092 0
1790694747601 1027824 886732 141092 0
1790694747634 1027824 886732 141092 0
1790694747667 1027824 886732 141092 0
1790694747700 1027824 886732 141092 0
1790694747733 1027824 886732 141092 0
1790694747766 1027824 886732 141092 0
1790694747800 1027824 886732 141092 0
1790694747833 1027824 886732 141092 0
1790694747865 1027824 886732 141092 0
1790694747898 1027824 886732 141092 0
1790694747931 1027824 886732 141092 0
1790694747963 1027824 886732 141092 0
1790694747995 1027824 886732 141092 0
1790694748029 1027824 886732 141092 0
1790694748060 1027824 886732 141092 0
1790694748088 1027824 886732 141092 0
1790694748120 1027824 886732 141092 0
1790694748150 1027824 886732 141092 0
1790694748178 1027824 886732 141092 0
1790694748209 1027824 886732 141092 0
1790694748241 1027824 886732 141092 0
1790694748274 1027824 886732 141092 0
1790694748305 1027824 886732 141092 0
1790694748334 1027824 886732 141092 0
1790694748367 1027824 886732 141092 0
1790694748398 1027824 886732 141092 0
1790694748430 1027824 886732 141092 0
1790694748463 1027824 886732 141092 0
1790694748495 1027824 886732 141092 0
1790694748527 1027824 886732 141092 0
1790694748559 1027824 886732 141092 0
1790694748591 1027824 886732 141092 0
1790694748637 1027824 886732 141092 0
1790694748668 1027824 886732 141092 0
1790694748698 1027824 886732 141092 0
1790694748727 1027824 886732 141092 0
1790694748758 1027824 886732 141092 0
1790694748787 1027824 886732 141092 0
1790694748819 1027824 886732 141092 0
1790694748850 1027824 886732 141092 0
1790694748885 1027824 886732 141092 0
1790694748917 1027824 886732 141092 0
1790694748948 1027824 886732 141092 0
1790694748980 1027824 886732 141092 0
1790694749013 1027824 886732 141092 0
1790694749044 1027824 886732 141092 0
1790694749073 1027824 886732 141092 0
1790694749103 1027824 886732 141092 0
1790694749137 1027824 886732 141092 0
1790694749170 1027824 886732 141092 0
1790694749201 1027824 886732 141092 0
1790694749234 1027824 886732 141092 0
1790694749264 1027824 886732 141092 0
1790694749294 1027824 886732 141092 0
1790694749323 1027824 886732 141092 0
1790694749354 1027824 886732 141092 0
1790694749384 1027824 886732 141092 0
1790694749414 1027824 886732 141092 0
1790694749443 1027824 886732 141092 0
1790694749473 1027824 886732 141092 0
1790694749506 1027824 886732 141092 0
1790694749537 1027824 886732 141092 0
1790694749567 1027824 886732 141092 0
1790694749598 1027824 886732 141092 0
1790694749627 1027824 886732 141092 0
1790694749656 1027824 886732 141092 0
1790694749685 1027824 886732 141092 0
1790694749714 1027824 886732 141092 0
1790694749761 1027824 886732 141092 0
1790694749791 1027824 886732 141092 0
1790694749820 1027824 886732 141092 0
1790694749852 1027824 886732 141092 0
1790694749883 1027824 886732 141092 0
1790694749913 1027824 886732 141092 0
1790694749943 1027824 886732 141092 0
1790694749973 1027824 886732 141092 0
1790694750005 1027824 886732 141092 0
1790694750037 1027824 886732 141092 0
1790694750067 1027824 886732 141092 0
1790694750096 1027824 886732 141092 0
1790694750126 1027824 886732 141092 0
1790694750157 1027824 886732 141092 0
1790694750189 1027824 886732 141092 0
1790694750222 1027824 886732 141092 0
1790694750254 1027824 886732 141092 0
1790694750286 1027824 886732 141092 0
1790694750318 1027824 886732 141092 0
1790694750349 1027824 886732 141092 0
1790694750378 1027824 886732 141092 0
1790694750408 1027824 886732 141092 0
1790694750438 1027824 886732 141092 0
1790694750467 1027824 886732 141092 0
1790694750497 1027824 886732 141092 0
1790694750526 1027824 886732 141092 0
1790694750555 1027824 886732 141092 0
1790694750584 1027824 886732 141092 0
1790694750613 1027824 886732 141092 0
1790694750643 1027824 886732 141092 0
1790694750672 1027824 886732 141092 0
1790694750705 1027824 886732 141092 0
1790694750736 1027824 886732 141092 0
1790694750769 1027824 886732 141092 0
1790694750802 1027824 886732 141092 0
1790694750834 1027824 886732 141092 0
1790694750865 1027824 886732 141092 0
1790694750896 1027824 886732 141092 0
1790694750926 1027824 886732 141092 0
1790694750959 1027824 886732 141092 0
1790694750989 1027824 886732 141092 0
1790694751019 1027824 886732 141092 0
1790694751048 1027824 886732 141092 0
1790694751081 1027824 886732 141092 0
1790694751113 1027824 886732 141092 0
1790694751147 1027824 886732 141092 0
1790694751179 1027824 886732 141092 0
1790694751210 1027824 886732 141092 0
1790694751243 1027824 886732 141092 0
1790694751275 1027824 886732 141092 0
1790694751307 1027824 886732 141092 0
1790694751337 1027824 886732 141092 0
1790694751368 1027824 886732 141092 0
1790694751400 1027824 886732 141092 0
1790694751431 1027824 886732 141092 0
1790694751461 1027824 886732 141092 0
1790694751492 1027824 886732 141092 0
1790694751520 1027824 886732 141092 0
1790694751549 1027824 886732 141092 0
1790694751579 1027824 886732 141092 0
1790694751610 1027824 886732 141092 0
1790694751639 1027824 886732 141092 0
1790694751667 1027824 886732 141092 0
1790694751697 1027824 886732 141092 0
1790694751728 1027824 886732 141092 0
1790694751757 1027824 886732 141092 0
1790694751786 1027824 886732 141092 0
1790694751815 1027824 886732 141092 0
1790694751846 1027824 886732 141092 0
1790694751879 1027824 886732 141092 0
1790694751910 1027824 886732 141092 0
1790694751940 1027824 886732 141092 0
1790694751972 1027824 886732 141092 0
1790694752001 1027824 886732 141092 0
1790694752030 1027824 886732 141092 0
1790694752059 1027824 886732 141092 0
1790694752091 1027824 886732 141092 0
1790694752120 1027824 886732 141092 0
1790694752149 1027824 886732 141092 0
1790694752178 1027824 886732 141092 0
1790694752207 1027824 886732 141092 0
1790694752236 1027824 886732 141092 0
1790694752266 1027824 886732 141092 0
1790694752296 1027824 886732 141092 0
1790694752326 1027824 886732 141092 0
1790694752355 1027824 886732 141092 0
1790694752384 1027824 886732 141092 0
1790694752416 1027824 886732 141092 0
1790694752445 1027824 886732 141092 0
1790694752473 1027824 886732 141092 0
1790694752502 1027824 886732 141092 0
1790694752534 1027824 886732 141092 0
1790694752566 1027824 886732 141092 0
1790694752597 1027824 886732 141092 0
1790694752628 1027824 886732 141092 0
1790694752663 1027824 886732 141092 0
1790694752694 1027824 886732 141092 0
1790694752725 1027824 886732 141092 0
1790694752756 1027824 886732 141092 0
1790694752790 1027824 886732 141092 0
1790694752820 1027824 886732 141092 0
1790694752849 1027824 886732 141092 0
1790694752879 1027824 886732 141092 0
1790694752909 1027824 886732 141092 0
1790694752939 1027824 886732 141092 0
1790694752970 1027824 886732 141092 0
1790694752999 1027824 886732 141092 0
1790694753030 1027824 886732 141092 0
1790694753061 1027824 886732 141092 0
1790694753092 1027824 886732 141092 0
1790694753119 1027824 886732 141092 0
1790694753145 1027824 886732 141092 0
1790694753170 1027824 886732 141092 0
1790694753199 1027824 886732 141092 0
1790694753229 1027824 886732 141092 0
1790694753257 1027824 886732 141092 0
1790694753285 1027824 886732 141092 0
1790694753323 1027824 886732 141092 0
1790694753356 1027824 886732 141092 0
1790694753389 1027824 886732 141092 0
1790694753421 1027824 886732 141092 0
1790694753451 1027824 886732 141092 0
1790694753483 1027824 886732 141092 0
1790694753514 1027824 886732 141092 0
1790694753544 1027824 886732 141092 0
1790694753574 1027824 886732 141092 0
1790694753605 1027824 886732 141092 0
1790694753638 1027824 886732 141092 0
1790694753671 1027824 886732 141092 0
1790694753704 1027824 886732 141092 0
1790694753736 1027824 886732 141092 0
1790694753769 1027824 886732 141092 0
1790694753800 1027824 886732 141092 0
1790694753832 1027824 886732 141092 0
1790694753863 1027824 886732 141092 0
1790694753894 1027824 886732 141092 0
1790694753925 1027824 886732 141092 0
1790694753958 1027824 886732 141092 0
1790694753990 1027824 886732 141092 0
1790694754020 1027824 886732 141092 0
1790694754050 1027824 886732 141092 0
1790694754081 1027824 886732 141092 0
1790694754113 1027824 886732 141092 0
1790694754146 1027824 886732 141092 0
1790694754178 1027824 886732 141092 0
1790694754208 1027824 886732 141092 0
1790694754237 1027824 886732 141092 0
1790694754269 1027824 886732 141092 0
1790694754301 1027824 886732 141092 0
1790694754333 1027824 886732 141092 0
1790694754363 1027824 886732 141092 0
1790694754391 1027824 886732 141092 0
1790694754418 1027824 886732 141092 0
1790694754449 1027824 886732 141092 0
1790694754479 1027824 886732 141092 0
1790694754505 1027824 886732 141092 0
1790694754534 1027824 886732 141092 0
1790694754563 990804 849716 141088 0
1790694754595 1027824 886732 141092 0
1790694754627 1027824 886732 141092 0
1790694754660 1027824 886732 141092 0
1790694754692 1027824 886732 141092 0
1790694754724 1027824 886732 141092 0
1790694754756 1027824 886732 141092 0
1790694754788 1027824 886732 141092 0
1790694754820 1027824 886732 141092 0
1790694754849 1027824 886732 141092 0
1790694754881 1027824 886732 141092 0
1790694754913 1027824 886732 141092 0
1790694754943 1027824 886732 141092 0
1790694754974 1027824 886732 141092 0
1790694755006 1027824 886732 141092 0
1790694755038 1027824 886732 141092 0
1790694755070 1027824 886732 141092 0
1790694755103 1035136 894044 141092 0
1790694755134 1035136 894044 141092 0
1790694755163 1035136 894044 141092 0
1790694755192 1035136 894044 141092 0
1790694755223 1035136 894044 141092 0
1790694755256 1035136 894044 141092 0
1790694755286 1035136 894044 141092 0
1790694755316 1035136 894044 141092 0
1790694755347 1035136 894044 141092 0
1790694755376 1035136 894044 141092 0
1790694755405 1035136 894044 141092 0
1790694755435 1035136 894044 141092 0
1790694755470 1035136 894044 141092 0
1790694755501 1035136 894044 141092 0
1790694755530 1035136 894044 141092 0
1790694755559 1035136 894044 141092 0
1790694755591 1035136 894044 141092 0
1790694755623 1035136 894044 141092 0
1790694755653 1035136 894044 141092 0
1790694755682 1035136 894044 141092 0
1790694755714 1035136 894044 141092 0
1790694755743 1035136 894044 141092 0
1790694755771 1035136 894044 141092 0
1790694755803 1035136 894044 141092 0
1790694755837 1035136 894044 141092 0
1790694755870 1035136 894044 141092 0
1790694755901 1035136 894044 141092 0
1790694755934 1035136 894044 141092 0
1790694755967 1035136 894044 141092 0
1790694755998 1035136 894044 141092 0
1790694756030 1035136 894044 141092 0
1790694756062 1035136 894044 141092 0
1790694756093 1035136 894044 141092 0
1790694756125 1035136 894044 141092 0
1790694756156 1035136 894044 141092 0
1790694756188 1035136 894044 141092 0
1790694756220 1035136 894044 141092 0
1790694756251 1035136 894044 141092 0
1790694756280 1035136 894044 141092 0
1790694756310 1035136 894044 141092 0
1790694756340 1035136 894044 141092 0
1790694756369 1035136 894044 141092 0
1790694756398 1035136 894044 141092 0
1790694756427 1035136 894044 141092 0
1790694756457 1035136 894044 141092 0
1790694756486 1035136 894044 141092 0
1790694756516 1035136 894044 141092 0
1790694756546 1035136 894044 141092 0
1790694756575 1035136 894044 141092 0
1790694756604 1035136 894044 141092 0
1790694756633 1035136 894044 141092 0
1790694756666 1035136 894044 141092 0
1790694756698 1035136 894044 141092 0
1790694756731 1035136 894044 141092 0
1790694756763 1035136 894044 141092 0
1790694756795 1035136 894044 141092 0
1790694756828 1035136 894044 141092 0
1790694756859 1035136 894044 141092 0
1790694756892 1035136 894044 141092 0
1790694756922 1035136 894044 141092 0
1790694756951 1035136 894044 141092 0
1790694756979 1035136 894044 141092 0
1790694757008 1035136 894044 141092 0
1790694757036 1035136 894044 141092 0
1790694757064 1035136 894044 141092 0
1790694757092 1035136 894044 141092 0
1790694757121 1035136 894044 141092 0
1790694757149 1035136 894044 141092 0
1790694757177 1035136 894044 141092 0
1790694757205 1035136 894044 141092 0
1790694757232 1035136 894044 141092 0
1790694757260 1035136 894044 141092 0
1790694757287 1035136 894044 141092 0
1790694757313 1035136 894044 141092 0
1790694757341 1035136 894044 141092 0
1790694757368 1035136 894044 141092 0
1790694757395 1035136 894044 141092 0
1790694757425 1035136 894044 141092 0
1790694757452 1035136 894044 141092 0
1790694757480 1035136 894044 141092 0
1790694757507 1035136 894044 141092 0
1790694757533 1035136 894044 141092 0
1790694757560 1035136 894044 141092 0
1790694757587 1035136 894044 141092 0
1790694757614 1035136 894044 141092 0
1790694757642 1035136 894044 141092 0
1790694757670 1035136 894044 141092 0
1790694757698 1035136 894044 141092 0
1790694757730 1035136 894044 141092 0
1790694757761 1035136 894044 141092 0
1790694757789 1035136 894044 141092 0
1790694757817 1035136 894044 141092 0
1790694757845 1035136 894044 141092 0
1790694757873 1035136 894044 141092 0
1790694757902 1035136 894044 141092 0
1790694757930 1035136 894044 141092 0
1790694757959 1035136 894044 141092 0
1790694757990 1035136 894044 141092 0
1790694758020 1035136 894044 141092 0
1790694758048 1035136 894044 141092 0
1790694758076 1035136 894044 141092 0
1790694758107 1035136 894044 141092 0
1790694758139 1035136 894044 141092 0
1790694758170 1035136 894044 141092 0
1790694758201 1035136 894044 141092 0
1790694758236 1035136 894044 141092 0
1790694758267 1035136 894044 141092 0
1790694758298 1035136 894044 141092 0
1790694758329 1035136 894044 141092 0
1790694758361 1035136 894044 141092 0
1790694758391 1035136 894044 141092 0
1790694758420 1035136 894044 141092 0
1790694758448 1035136 894044 141092 0
1790694758480 1035136 894044 141092 0
1790694758510 1035136 894044 141092 0
1790694758539 1035136 894044 141092 0
1790694758567 1035136 894044 141092 0
1790694758597 1035136 894044 141092 0
1790694758627 1035136 894044 141092 0
1790694758656 1035136 894044 141092 0
1790694758686 1035136 894044 141092 0
1790694758715 1035136 894044 141092 0
1790694758746 1035136 894044 141092 0
1790694758775 1035136 894044 141092 0
1790694758807 1035136 894044 141092 0
1790694758838 1035136 894044 141092 0
1790694758867 1035136 894044 141092 0
1790694758895 1035136 894044 141092 0
1790694758925 1035136 894044 141092 0
1790694758955 1035136 894044 141092 0
1790694758983 1035136 894044 141092 0
1790694759011 1035136 894044 141092 0
1790694759038 1035136 894044 141092 0
1790694759069 1035136 894044 141092 0
1790694759099 1035136 894044 141092 0
1790694759127 1035136 894044 141092 0
1790694759155 1035136 894044 141092 0
1790694759187 1035136 894044 141092 0
1790694759217 1035136 894044 141092 0
1790694759245 1035136 894044 141092 0
1790694759273 1035136 894044 141092 0
1790694759303 1035136 894044 141092 0
1790694759332 1035136 894044 141092 0
1790694759361 1035136 894044 141092 0
1790694759388 1035136 894044 141092 0
1790694759416 1035136 894044 141092 0
1790694759449 1035136 894044 141092 0
1790694759478 1035136 894044 141092 0
1790694759509 1035136 894044 141092 0
1790694759538 1035136 894044 141092 0
1790694759565 1035136 894044 141092 0
1790694759592 1035136 894044 141092 0
1790694759620 1035136 894044 141092 0
1790694759647 1035136 894044 141092 0
1790694759674 1035136 894044 141092 0
1790694759700 1035136 894044 141092 0
1790694759733 1035136 894044 141092 0
1790694759763 1035136 894044 141092 0
1790694759791 1035136 894044 141092 0
1790694759821 1035136 894044 141092 0
1790694759850 1035136 894044 141092 0
1790694759877 1035136 894044 141092 0
1790694759904 1035136 894044 141092 0
1790694759931 1035136 894044 141092 0
1790694759958 1035136 894044 141092 0
1790694759984 1035136 894044 141092 0
1790694760011 1035136 894044 141092 0
1790694760042 1035136 894044 141092 0
1790694760073 1035136 894044 141092 0
1790694760102 1035136 894044 141092 0
1790694760130 1035136 894044 141092 0
1790694760157 1035136 894044 141092 0
1790694760188 1035136 894044 141092 0
1790694760217 1035136 894044 141092 0
1790694760245 1035136 894044 141092 0
1790694760273 1035136 894044 141092 0
1790694760300 1035136 894044 141092 0
1790694760328 1035136 894044 141092 0
1790694760355 1035136 894044 141092 0
1790694760383 1035136 894044 141092 0
1790694760410 1035136 894044 141092 0
1790694760437 1035136 894044 141092 0
1790694760468 1035136 894044 141092 0
1790694760501 1035136 894044 141092 0
1790694760532 1035136 894044 141092 0
1790694760561 1035136 894044 141092 0
1790694760589 1035136 894044 141092 0
1790694760616 1035136 894044 141092 0
1790694760644 1035136 894044 141092 0
1790694760670 1035136 894044 141092 0
1790694760697 1035136 894044 141092 0
1790694760724 1035136 894044 141092 0
1790694760751 1035136 894044 141092 0
1790694760777 1035136 894044 141092 0
1790694760804 1035136 894044 141092 0
1790694760831 1035136 894044 141092 0
1790694760858 1035136 894044 141092 0
1790694760888 1035136 894044 141092 0
1790694760916 1035136 894044 141092 0
1790694760947 1035136 894044 141092 0
1790694760978 1035136 894044 141092 0
1790694761006 1035136 894044 141092 0
1790694761034 1035136 894044 141092 0
1790694761066 1035136 894044 141092 0
1790694761095 1035136 894044 141092 0
1790694761127 1035136 894044 141092 0
1790694761158 1035136 894044 141092 0
1790694761189 1035136 894044 141092 0
1790694761220 328504 194152 134352 0
1790694761243 1035136 894044 141092 0
1790694761273 1035136 894044 141092 0
1790694761302 1035136 894044 141092 0
1790694761335 1035136 894044 141092 0
1790694761365 1035136 894044 141092 0
1790694761397 1035136 894044 141092 0
1790694761428 1035136 894044 141092 0
1790694761456 1035136 894044 141092 0
1790694761483 1035136 894044 141092 0
1790694761511 1035136 894044 141092 0
1790694761540 1035136 894044 141092 0
1790694761568 1035136 894044 141092 0
1790694761595 1035136 894044 141092 0
1790694761623 1035136 894044 141092 0
1790694761651 1035136 894044 141092 0
1790694761679 1035136 894044 141092 0
1790694761708 1035136 894044 141092 0
1790694761739 1035136 894044 141092 0
1790694761767 1035136 894044 141092 0
1790694761794 1035136 894044 141092 0
1790694761840 1035136 894044 141092 0
1790694761870 1035136 894044 141092 0
1790694761902 1035136 894044 141092 0
1790694761931 1035136 894044 141092 0
1790694761960 1035136 894044 141092 0
1790694761989 1035136 894044 141092 0
1790694762018 1035136 894044 141092 0
1790694762046 1035136 894044 141092 0
1790694762074 1035136 894044 141092 0
1790694762107 1035136 894044 141092 0
1790694762138 1035136 894044 141092 0
1790694762166 1035136 894044 141092 0
1790694762195 1035136 894044 141092 0
1790694762225 1035136 894044 141092 0
1790694762254 1035136 894044 141092 0
1790694762282 1035136 894044 141092 0
1790694762309 1035136 894044 141092 0
1790694762337 1035136 894044 141092 0
1790694762369 1035136 894044 141092 0
1790694762399 1035136 894044 141092 0
1790694762428 1035136 894044 141092 0
1790694762456 1035136 894044 141092 0
1790694762488 1035136 894044 141092 0
1790694762517 1035136 894044 141092 0
1790694762547 1035136 894044 141092 0
1790694762592 1035136 894044 141092 0
1790694762622 1035136 894044 141092 0
1790694762651 1035136 894044 141092 0
1790694762680 1035136 894044 141092 0
1790694762709 1035136 894044 141092 0
1790694762737 1035136 894044 141092 0
1790694762765 1035136 894044 141092 0
1790694762794 1035136 894044 141092 0
1790694762822 1035136 894044 141092 0
1790694762851 1035136 894044 141092 0
1790694762878 1035136 894044 141092 0
1790694762907 1035136 894044 141092 0
1790694762936 1035136 894044 141092 0
1790694762964 1035136 894044 141092 0
1790694762992 1035136 894044 141092 0
1790694763021 1035136 894044 141092 0
1790694763048 1035136 894044 141092 0
1790694763076 1035136 894044 141092 0
1790694763105 1035136 894044 141092 0
1790694763133 1035136 894044 141092 0
1790694763161 1035136 894044 141092 0
1790694763189 1035136 894044 141092 0
1790694763218 1035136 894044 141092 0
1790694763247 1035136 894044 141092 0
1790694763275 1035136 894044 141092 0
1790694763303 1035136 894044 141092 0
1790694763331 1035136 894044 141092 0
1790694763360 1035136 894044 141092 0
1790694763388 1035136 894044 141092 0
1790694763416 1035136 894044 141092 0
1790694763443 1035136 894044 141092 0
1790694763470 1035136 894044 141092 0
1790694763499 1035136 894044 141092 0
1790694763527 1035136 894044 141092 0
1790694763555 1035136 894044 141092 0
1790694763583 1035136 894044 141092 0
1790694763611 1035136 894044 141092 0
1790694763639 1035136 894044 141092 0
1790694763668 1035136 894044 141092 0
1790694763696 1035136 894044 141092 0
1790694763724 1035136 894044 141092 0
1790694763751 1035136 894044 141092 0
1790694763778 1035136 894044 141092 0
1790694763807 1035136 894044 141092 0
1790694763835 1035136 894044 141092 0
1790694763863 1035136 894044 141092 0
1790694763890 1035136 894044 141092 0
1790694763918 1035136 894044 141092 0
1790694763945 1035136 894044 141092 0
1790694763972 1035136 894044 141092 0
1790694763998 1035136 894044 141092 0
1790694764025 1035136 894044 141092 0
1790694764052 1035136 894044 141092 0
1790694764078 1035136 894044 141092 0
1790694764106 1035136 894044 141092 0
1790694764139 1035136 894044 141092 0
1790694764169 1035136 894044 141092 0
1790694764201 1035136 894044 141092 0
1790694764230 1035136 894044 141092 0
1790694764258 1035136 894044 141092 0
1790694764286 1035136 894044 141092 0
1790694764313 1035136 894044 141092 0
1790694764341 1035136 894044 141092 0
1790694764370 1035136 894044 141092 0
1790694764399 1035136 894044 141092 0
1790694764430 1035136 894044 141092 0
1790694764461 1035136 894044 141092 0
1790694764489 1035136 894044 141092 0
1790694764516 1035136 894044 141092 0
1790694764544 1035136 894044 141092 0
1790694764575 1035136 894044 141092 0
1790694764603 1035136 894044 141092 0
1790694764631 1035136 894044 141092 0
1790694764659 1035136 894044 141092 0
1790694764691 1035136 894044 141092 0
1790694764720 1035136 894044 141092 0
1790694764748 1035136 894044 141092 0
1790694764776 1035136 894044 141092 0
1790694764804 1035136 894044 141092 0
1790694764834 1035136 894044 141092 0
1790694764863 1035136 894044 141092 0
1790694764892 1035136 894044 141092 0
1790694764924 1035136 894044 141092 0
1790694764956 1035136 894044 141092 0
1790694764984 1035136 894044 141092 0
1790694765012 1035136 894044 141092 0
1790694765041 1035136 894044 141092 0
1790694765073 1035136 894044 141092 0
1790694765102 1035136 894044 141092 0
1790694765130 1035136 894044 141092 0
1790694765157 1035136 894044 141092 0
1790694765188 1035136 894044 141092 0
1790694765218 1035136 894044 141092 0
1790694765249 1035136 894044 141092 0
1790694765278 1035136 894044 141092 0
1790694765308 1035136 894044 141092 0
1790694765338 1035344 894252 141092 0
1790694765367 1035344 894252 141092 0
1790694765397 1035344 894252 141092 0
1790694765426 1035344 894252 141092 0
1790694765454 1035344 894252 141092 0
1790694765482 1035344 894252 141092 0
1790694765512 1035344 894252 141092 0
1790694765542 1035344 894252 141092 0
1790694765570 1035344 894252 141092 0
1790694765597 1035344 894252 141092 0
1790694765625 1035344 894252 141092 0
1790694765657 1035344 894252 141092 0
1790694765686 1035344 894252 141092 0
1790694765714 1035344 894252 141092 0
1790694765742 1035344 894252 141092 0
1790694765771 1035344 894252 141092 0
1790694765801 1035344 894252 141092 0
1790694765830 1035344 894252 141092 0
1790694765859 1035344 894252 141092 0
1790694765887 1035344 894252 141092 0
1790694765918 1035344 894252 141092 0
1790694765946 1035344 894252 141092 0
1790694765973 1035344 894252 141092 0
1790694766001 1035344 894252 141092 0
1790694766033 1035344 894252 141092 0
1790694766062 1035344 894252 141092 0
1790694766091 1035344 894252 141092 0
1790694766119 1035344 894252 141092 0
1790694766151 1035344 894252 141092 0
1790694766181 1035344 894252 141092 0
1790694766211 1035344 894252 141092 0
1790694766240 1035344 894252 141092 0
1790694766267 1035344 894252 141092 0
1790694766294 1035344 894252 141092 0
1790694766320 1035344 894252 141092 0
1790694766351 1035344 894252 141092 0
1790694766380 1035344 894252 141092 0
1790694766407 1035344 894252 141092 0
1790694766435 1035344 894252 141092 0
1790694766468 1035344 894252 141092 0
1790694766501 1035344 894252 141092 0
1790694766530 1035344 894252 141092 0
1790694766558 1035344 894252 141092 0
1790694766587 1035344 894252 141092 0
1790694766614 1035344 894252 141092 0
1790694766640 1035344 894252 141092 0
1790694766667 1035344 894252 141092 0
1790694766694 1035344 894252 141092 0
1790694766721 1035344 894252 141092 0
1790694766748 1035344 894252 141092 0
1790694766781 1035344 894252 141092 0
1790694766810 1035344 894252 141092 0
1790694766838 1035344 894252 141092 0
1790694766865 1035344 894252 141092 0
1790694766892 1035344 894252 141092 0
1790694766921 1035344 894252 141092 0
1790694766949 1035344 894252 141092 0
1790694766976 1035344 894252 141092 0
1790694767007 1035344 894252 141092 0
1790694767036 1035344 894252 141092 0
1790694767064 1035344 894252 141092 0
1790694767091 1035344 894252 141092 0
1790694767118 1035344 894252 141092 0
1790694767145 1035344 894252 141092 0
1790694767173 1035344 894252 141092 0
1790694767204 1035344 894252 141092 0
1790694767237 1035344 894252 141092 0
1790694767267 1035344 894252 141092 0
1790694767295 1035344 894252 141092 0
1790694767322 1035344 894252 141092 0
1790694767348 1035344 894252 141092 0
1790694767375 1035344 894252 141092 0
1790694767402 1035344 894252 141092 0
1790694767429 1035344 894252 141092 0
1790694767456 1035344 894252 141092 0
1790694767483 1035344 894252 141092 0
1790694767510 1035344 894252 141092 0
1790694767537 1035344 894252 141092 0
1790694767564 1035344 894252 141092 0
1790694767591 1035344 894252 141092 0
1790694767619 1035344 894252 141092 0
1790694767649 1035344 894252 141092 0
1790694767678 1035344 894252 141092 0
1790694767710 1035344 894252 141092 0
1790694767739 1035344 894252 141092 0
1790694767767 1035344 894252 141092 0
1790694767799 1035344 894252 141092 0
1790694767829 1035344 894252 141092 0
1790694767857 1035344 894252 141092 0
1790694767884 1035344 894252 141092 0
1790694767912 1035344 894252 141092 0
1790694767940 1035344 894252 141092 0
1790694767967 952244 811156 141088 0
1790694767994 1035344 894252 141092 0
1790694768024 1035344 894252 141092 0
1790694768054 1035344 894252 141092 0
1790694768083 1035344 894252 141092 0
1790694768110 1035344 894252 141092 0
1790694768137 1035344 894252 141092 0
1790694768165 1035344 894252 141092 0
1790694768193 1035344 894252 141092 0
1790694768221 1035344 894252 141092 0
1790694768248 1035344 894252 141092 0
1790694768276 1035344 894252 141092 0
1790694768305 1035344 894252 141092 0
1790694768332 1035344 894252 141092 0
1790694768359 1035344 894252 141092 0
1790694768387 1035344 894252 141092 0
1790694768415 1035344 894252 141092 0
1790694768443 1035344 894252 141092 0
1790694768473 1035344 894252 141092 0
1790694768503 1035344 894252 141092 0
1790694768531 1035344 894252 141092 0
1790694768559 1035344 894252 141092 0
1790694768590 1035344 894252 141092 0
1790694768621 1035344 894252 141092 0
1790694768649 1035344 894252 141092 0
1790694768677 1035344 894252 141092 0
1790694768706 1035344 894252 141092 0
1790694768735 1035344 894252 141092 0
1790694768763 1035344 894252 141092 0
1790694768790 1035344 894252 141092 0
1790694768818 1035344 894252 141092 0
1790694768850 1035344 894252 141092 0
1790694768881 1035344 894252 141092 0
1790694768909 1035344 894252 141092 0
1790694768938 1035344 894252 141092 0
1790694768970 1035344 894252 141092 0
1790694769000 1035344 894252 141092 0
1790694769027 1035344 894252 141092 0
1790694769054 1035344 894252 141092 0
1790694769083 1035344 894252 141092 0
1790694769113 1035344 894252 141092 0
1790694769142 1035344 894252 141092 0
1790694769170 1035344 894252 141092 0
1790694769198 1035344 894252 141092 0
1790694769229 1035344 894252 141092 0
1790694769258 1035344 894252 141092 0
1790694769287 1035344 894252 141092 0
1790694769315 1035344 894252 141092 0
1790694769343 1035344 894252 141092 0
1790694769372 1035344 894252 141092 0
1790694769400 1035344 894252 141092 0
1790694769428 1035344 894252 141092 0
1790694769456 1035344 894252 141092 0
1790694769484 1035344 894252 141092 0
1790694769512 1035344 894252 141092 0
1790694769540 1035344 894252 141092 0
1790694769567 1035344 894252 141092 0
1790694769595 1035344 894252 141092 0
1790694769622 1035344 894252 141092 0
1790694769651 1035344 894252 141092 0
1790694769678 1035344 894252 141092 0
1790694769706 1035344 894252 141092 0
1790694769734 1035344 894252 141092 0
1790694769762 1035344 894252 141092 0
1790694769790 1035344 894252 141092 0
1790694769819 1035344 894252 141092 0
1790694769847 1035344 894252 141092 0
1790694769875 1035344 894252 141092 0
1790694769903 1035344 894252 141092 0
1790694769931 1035344 894252 141092 0
1790694769960 1035344 894252 141092 0
1790694769989 1035344 894252 141092 0
1790694770017 1035344 894252 141092 0
1790694770045 1035344 894252 141092 0
1790694770073 1035344 894252 141092 0
1790694770101 1035344 894252 141092 0
1790694770128 1035344 894252 141092 0
1790694770156 1035344 894252 141092 0
1790694770184 1035344 894252 141092 0
1790694770212 1035344 894252 141092 0
1790694770240 1035344 894252 141092 0
1790694770268 1035344 894252 141092 0
1790694770296 1035344 894252 141092 0
1790694770324 1035344 894252 141092 0
1790694770352 1035344 894252 141092 0
1790694770380 1035344 894252 141092 0
1790694770407 1035344 894252 141092 0
1790694770435 1035344 894252 141092 0
1790694770463 1035344 894252 141092 0
1790694770491 1035344 894252 141092 0
1790694770520 1035344 894252 141092 0
1790694770548 1035344 894252 141092 0
1790694770575 1035344 894252 141092 0
1790694770603 1035344 894252 141092 0
1790694770629 1035344 894252 141092 0
1790694770657 1035344 894252 141092 0
1790694770684 1035344 894252 141092 0
1790694770710 1035344 894252 141092 0
1790694770737 1035344 894252 141092 0
1790694770764 1035344 894252 141092 0
1790694770791 1035344 894252 141092 0
1790694770818 1035344 894252 141092 0
1790694770847 1035344 894252 141092 0
1790694770875 1035344 894252 141092 0
1790694770902 1035344 894252 141092 0
1790694770928 1035344 894252 141092 0
1790694770954 1035344 894252 141092 0
1790694770981 1035344 894252 141092 0
1790694771009 1035344 894252 141092 0
1790694771036 1035344 894252 141092 0
1790694771063 1035344 894252 141092 0
1790694771091 1035344 894252 141092 0
1790694771119 1035344 894252 141092 0
1790694771148 1035344 894252 141092 0
1790694771178 1035344 894252 141092 0
1790694771207 1035344 894252 141092 0
1790694771236 1035344 894252 141092 0
1790694771264 1035344 894252 141092 0
1790694771295 1035344 894252 141092 0
1790694771325 1035344 894252 141092 0
1790694771353 1035344 894252 141092 0
1790694771381 1035344 894252 141092 0
1790694771413 1035344 894252 141092 0
1790694771442 1035344 894252 141092 0
1790694771469 1035344 894252 141092 0
1790694771498 1035344 894252 141092 0
1790694771527 1035344 894252 141092 0
1790694771557 1035344 894252 141092 0
1790694771586 1035344 894252 141092 0
1790694771614 1035344 894252 141092 0
1790694771642 1035344 894252 141092 0
1790694771673 1035344 894252 141092 0
1790694771702 1035344 894252 141092 0
1790694771730 1035344 894252 141092 0
1790694771758 1035344 894252 141092 0
1790694771790 1035344 894252 141092 0
1790694771820 1035344 894252 141092 0
1790694771849 1035344 894252 141092 0
1790694771878 1035344 894252 141092 0
1790694771906 1035344 894252 141092 0
1790694771936 1035344 894252 141092 0
1790694771966 1035344 894252 141092 0
1790694771994 1035344 894252 141092 0
1790694772022 1035344 894252 141092 0
1790694772050 1035344 894252 141092 0
1790694772080 1035344 894252 141092 0
1790694772108 1035344 894252 141092 0
1790694772139 1035344 894252 141092 0
1790694772167 1035344 894252 141092 0
1790694772195 1035344 894252 141092 0
1790694772223 1035344 894252 141092 0
1790694772254 1035344 894252 141092 0
1790694772282 1035344 894252 141092 0
1790694772311 1035344 894252 141092 0
1790694772339 1035344 894252 141092 0
1790694772370 1035344 894252 141092 0
1790694772401 1035344 894252 141092 0
1790694772429 1035344 894252 141092 0
1790694772457 1035344 894252 141092 0
1790694772486 1035344 894252 141092 0
1790694772516 1035344 894252 141092 0
1790694772544 1035344 894252 141092 0
1790694772571 1035344 894252 141092 0
1790694772599 1035344 894252 141092 0
1790694772631 1035344 894252 141092 0
1790694772661 1035344 894252 141092 0
1790694772690 1035344 894252 141092 0
1790694772719 1035344 894252 141092 0
1790694772751 1035344 894252 141092 0
1790694772781 1035344 894252 141092 0
1790694772810 1035344 894252 141092 0
1790694772838 1035344 894252 141092 0
1790694772866 1035344 894252 141092 0
1790694772894 1035344 894252 141092 0
1790694772924 1035344 894252 141092 0
1790694772954 1035344 894252 141092 0
1790694772982 1035344 894252 141092 0
1790694773009 1035344 894252 141092 0
1790694773036 1035344 894252 141092 0
1790694773065 1035344 894252 141092 0
1790694773093 1035344 894252 141092 0
1790694773119 1035344 894252 141092 0
1790694773147 1035344 894252 141092 0
1790694773181 1035344 894252 141092 0
1790694773211 1035344 894252 141092 0
1790694773241 1035344 894252 141092 0
1790694773271 1035344 894252 141092 0
1790694773298 1035344 894252 141092 0
1790694773325 1035344 894252 141092 0
1790694773352 1035344 894252 141092 0
1790694773379 1035344 894252 141092 0
1790694773406 1035344 894252 141092 0
1790694773432 1035344 894252 141092 0
1790694773465 1035344 894252 141092 0
1790694773494 1035344 894252 141092 0
1790694773522 1035344 894252 141092 0
1790694773549 1035344 894252 141092 0
1790694773576 1035344 894252 141092 0
1790694773607 1035344 894252 141092 0
1790694773634 1035344 894252 141092 0
1790694773662 1035344 894252 141092 0
1790694773693 1035344 894252 141092 0
1790694773721 1035344 894252 141092 0
1790694773749 1035344 894252 141092 0
1790694773776 1035344 894252 141092 0
1790694773803 1035344 894252 141092 0
1790694773831 1035344 894252 141092 0
1790694773857 1035344 894252 141092 0
1790694773887 1035344 894252 141092 0
1790694773919 1035344 894252 141092 0
1790694773949 1035344 894252 141092 0
1790694773978 1035344 894252 141092 0
1790694774006 1035344 894252 141092 0
1790694774033 1035344 894252 141092 0
1790694774061 1035344 894252 141092 0
1790694774091 1035344 894252 141092 0
1790694774120 1035344 894252 141092 0
1790694774147 1035344 894252 141092 0
1790694774175 1035344 894252 141092 0
1790694774202 1035344 894252 141092 0
1790694774229 1035344 894252 141092 0
1790694774255 1035344 894252 141092 0
1790694774282 1035344 894252 141092 0
1790694774310 1035344 894252 141092 0
1790694774338 1035344 894252 141092 0
1790694774368 1035344 894252 141092 0
1790694774399 1035344 894252 141092 0
1790694774428 1035344 894252 141092 0
1790694774455 1035344 894252 141092 0
1790694774487 1035344 894252 141092 0
1790694774515 1035344 894252 141092 0
1790694774543 1035344 894252 141092 0
1790694774571 1035344 894252 141092 0
1790694774598 1035344 894252 141092 0
1790694774625 1035344 894252 141092 0
1790694774653 915380 774292 141088 0
1790694774679 1035344 894252 141092 0
1790694774709 1035344 894252 141092 0
1790694774738 1035344 894252 141092 0
1790694774769 1035344 894252 141092 0
1790694774797 1035344 894252 141092 0
1790694774825 1035344 894252 141092 0
1790694774854 1035344 894252 141092 0
1790694774882 1035344 894252 141092 0
1790694774913 1035344 894252 141092 0
1790694774942 1035344 894252 141092 0
1790694774971 1035344 894252 141092 0
1790694774999 1035344 894252 141092 0
1790694775027 1035344 894252 141092 0
1790694775054 1035344 894252 141092 0
1790694775083 1035344 894252 141092 0
1790694775111 1035344 894252 141092 0
1790694775139 1035344 894252 141092 0
1790694775170 1035344 894252 141092 0
1790694775197 1035344 894252 141092 0
1790694775225 1035344 894252 141092 0
1790694775253 1035344 894252 141092 0
1790694775285 1035344 894252 141092 0
1790694775315 1035344 894252 141092 0
1790694775343 1035344 894252 141092 0
1790694775371 1035344 894252 141092 0
1790694775400 1035344 894252 141092 0
1790694775429 1035344 894252 141092 0
1790694775456 1035344 894252 141092 0
1790694775484 1035344 894252 141092 0
1790694775512 1035344 894252 141092 0
1790694775543 1035344 894252 141092 0
1790694775573 1035600 894508 141092 0
1790694775601 1035600 894508 141092 0
1790694775629 1035600 894508 141092 0
1790694775658 1035600 894508 141092 0
1790694775687 1035600 894508 141092 0
1790694775713 1035600 894508 141092 0
1790694775741 1035600 894508 141092 0
1790694775768 1035600 894508 141092 0
1790694775799 1035600 894508 141092 0
1790694775828 1035600 894508 141092 0
1790694775855 1035600 894508 141092 0
1790694775884 1035600 894508 141092 0
1790694775912 1035600 894508 141092 0
1790694775940 1035600 894508 141092 0
1790694775969 1035600 894508 141092 0
1790694775997 1035600 894508 141092 0
1790694776027 1035600 894508 141092 0
1790694776055 1035600 894508 141092 0
1790694776083 1035600 894508 141092 0
1790694776112 1035600 894508 141092 0
1790694776140 1035600 894508 141092 0
1790694776167 1035600 894508 141092 0
1790694776194 1035600 894508 141092 0
1790694776221 1035600 894508 141092 0
1790694776249 1035600 894508 141092 0
1790694776277 1035600 894508 141092 0
1790694776305 1035600 894508 141092 0
1790694776332 1035600 894508 141092 0
1790694776360 1035600 894508 141092 0
1790694776388 1035600 894508 141092 0
1790694776415 1035600 894508 141092 0
1790694776443 1035600 894508 141092 0
1790694776471 1035600 894508 141092 0
1790694776499 1035600 894508 141092 0
1790694776528 1035600 894508 141092 0
1790694776556 1035600 894508 141092 0
1790694776584 1035600 894508 141092 0
1790694776612 1035600 894508 141092 0
1790694776639 1035600 894508 141092 0
1790694776666 1035600 894508 141092 0
1790694776694 1035600 894508 141092 0
1790694776722 1035600 894508 141092 0
1790694776750 1035600 894508 141092 0
1790694776777 1035600 894508 141092 0
1790694776805 1035600 894508 141092 0
1790694776833 1035600 894508 141092 0
1790694776861 1035600 894508 141092 0
1790694776889 1035600 894508 141092 0
1790694776917 1035600 894508 141092 0
1790694776945 1035600 894508 141092 0
1790694776973 1035600 894508 141092 0
1790694777001 1035600 894508 141092 0
1790694777029 1035600 894508 141092 0
1790694777058 1035600 894508 141092 0
1790694777086 1035600 894508 141092 0
1790694777113 1035600 894508 141092 0
1790694777141 1035600 894508 141092 0
1790694777168 1035600 894508 141092 0
1790694777195 1035600 894508 141092 0
1790694777223 1035600 894508 141092 0
1790694777250 1035600 894508 141092 0
1790694777277 1035600 894508 141092 0
1790694777305 1035600 894508 141092 0
1790694777333 1035600 894508 141092 0
1790694777360 1035600 894508 141092 0
1790694777386 1035600 894508 141092 0
1790694777412 1035600 894508 141092 0
1790694777439 1035600 894508 141092 0
1790694777465 1035600 894508 141092 0
1790694777492 1035600 894508 141092 0
1790694777519 1035600 894508 141092 0
1790694777549 1035600 894508 141092 0
1790694777576 1035600 894508 141092 0
1790694777603 1035600 894508 141092 0
1790694777630 1035600 894508 141092 0
1790694777655 1035600 894508 141092 0
1790694777681 1035600 894508 141092 0
1790694777707 1035600 894508 141092 0
1790694777734 1035600 894508 141092 0
1790694777761 1035600 894508 141092 0
1790694777789 1035600 894508 141092 0
1790694777817 1035600 894508 141092 0
1790694777848 1035600 894508 141092 0
1790694777878 1035600 894508 141092 0
1790694777905 1035600 894508 141092 0
1790694777933 1035600 894508 141092 0
1790694777960 1035600 894508 141092 0
1790694777991 1035600 894508 141092 0
1790694778020 1035600 894508 141092 0
1790694778048 1035600 894508 141092 0
1790694778076 1035600 894508 141092 0
1790694778107 1035600 894508 141092 0
1790694778135 1035600 894508 141092 0
1790694778162 1035600 894508 141092 0
1790694778190 1035600 894508 141092 0
1790694778219 1035600 894508 141092 0
1790694778249 1035600 894508 141092 0
1790694778277 1035600 894508 141092 0
1790694778304 1035600 894508 141092 0
1790694778332 1035600 894508 141092 0
1790694778363 1035600 894508 141092 0
1790694778392 1035600 894508 141092 0
1790694778419 1035600 894508 141092 0
1790694778447 1035600 894508 141092 0
1790694778476 1035600 894508 141092 0
1790694778506 1035600 894508 141092 0
1790694778535 1035600 894508 141092 0
1790694778562 1035600 894508 141092 0
1790694778590 1035600 894508 141092 0
1790694778622 1035600 894508 141092 0
1790694778650 1035600 894508 141092 0
1790694778679 1035600 894508 141092 0
1790694778706 1035600 894508 141092 0
1790694778735 1035600 894508 141092 0
1790694778764 1035600 894508 141092 0
1790694778793 1035600 894508 141092 0
1790694778823 1035600 894508 141092 0
1790694778852 1035600 894508 141092 0
1790694778881 1035600 894508 141092 0
1790694778909 1035600 894508 141092 0
1790694778940 1035600 894508 141092 0
1790694778969 1035600 894508 141092 0
1790694778997 1035600 894508 141092 0
1790694779024 1035600 894508 141092 0
1790694779052 1035600 894508 141092 0
1790694779082 1035600 894508 141092 0
1790694779110 1035600 894508 141092 0
1790694779139 1035600 894508 141092 0
1790694779167 1035600 894508 141092 0
1790694779198 1035600 894508 141092 0
1790694779227 1035600 894508 141092 0
1790694779254 1035600 894508 141092 0
1790694779282 1035600 894508 141092 0
1790694779309 1035600 894508 141092 0
1790694779339 1035600 894508 141092 0
1790694779367 1035600 894508 141092 0
1790694779395 1035600 894508 141092 0
1790694779422 1035600 894508 141092 0
1790694779453 1035600 894508 141092 0
1790694779482 1035600 894508 141092 0
1790694779510 1035600 894508 141092 0
1790694779537 1035600 894508 141092 0
1790694779566 1035600 894508 141092 0
1790694779597 1035600 894508 141092 0
1790694779627 1035600 894508 141092 0
1790694779656 1035600 894508 141092 0
1790694779684 1035600 894508 141092 0
1790694779712 1035600 894508 141092 0
1790694779739 1035600 894508 141092 0
1790694779769 1035600 894508 141092 0
1790694779797 1035600 894508 141092 0
1790694779824 1035600 894508 141092 0
1790694779853 1035600 894508 141092 0
1790694779886 1035600 894508 141092 0
1790694779914 1035600 894508 141092 0
1790694779944 1035600 894508 141092 0
1790694779973 1035600 894508 141092 0
1790694780000 1035600 894508 141092 0
1790694780028 1035600 894508 141092 0
1790694780056 1035600 894508 141092 0
1790694780083 1035600 894508 141092 0
1790694780110 1035600 894508 141092 0
1790694780136 1035600 894508 141092 0
1790694780166 1035600 894508 141092 0
1790694780194 1035600 894508 141092 0
1790694780221 1035600 894508 141092 0
1790694780248 1035600 894508 141092 0
1790694780275 1035600 894508 141092 0
1790694780304 1035600 894508 141092 0
1790694780331 1035600 894508 141092 0
1790694780358 1035600 894508 141092 0
1790694780388 1035600 894508 141092 0
1790694780416 1035600 894508 141092 0
1790694780443 1035600 894508 141092 0
1790694780470 1035600 894508 141092 0
1790694780498 1035600 894508 141092 0
1790694780525 1035600 894508 141092 0
1790694780552 1035600 894508 141092 0
1790694780580 1035600 894508 141092 0
1790694780610 1035600 894508 141092 0
1790694780640 1035600 894508 141092 0
1790694780667 1035600 894508 141092 0
1790694780693 1035600 894508 141092 0
1790694780720 1035600 894508 141092 0
1790694780746 1035600 894508 141092 0
1790694780776 1035600 894508 141092 0
1790694780803 1035600 894508 141092 0
1790694780830 1035600 894508 141092 0
1790694780857 1035600 894508 141092 0
1790694780884 1035600 894508 141092 0
1790694780910 1035600 894508 141092 0
1790694780936 1035600 894508 141092 0
1790694780963 1035600 894508 141092 0
1790694780990 1035600 894508 141092 0
1790694781018 1035600 894508 141092 0
1790694781044 1035600 894508 141092 0
1790694781075 1035600 894508 141092 0
1790694781105 1035600 894508 141092 0
1790694781132 1035600 894508 141092 0
1790694781162 1035600 894508 141092 0
1790694781192 1035600 894508 141092 0
1790694781219 1035600 894508 141092 0
1790694781247 1035600 894508 141092 0
1790694781274 1035600 894508 141092 0
1790694781300 1035600 894508 141092 0
1790694781326 952500 811412 141088 0
1790694781352 1035600 894508 141092 0
1790694781378 1035600 894508 141092 0
1790694781404 1035600 894508 141092 0
1790694781432 1035600 894508 141092 0
1790694781463 1035600 894508 141092 0
1790694781491 1035600 894508 141092 0
1790694781518 1035600 894508 141092 0
1790694781545 1035600 894508 141092 0
1790694781572 1035600 894508 141092 0
1790694781599 1035600 894508 141092 0
1790694781626 1035600 894508 141092 0
1790694781652 1035600 894508 141092 0
1790694781680 1035600 894508 141092 0
1790694781708 1035600 894508 141092 0
1790694781734 1035600 894508 141092 0
1790694781761 1035600 894508 141092 0
1790694781788 1035600 894508 141092 0
1790694781817 1035600 894508 141092 0
1790694781845 1035600 894508 141092 0
1790694781875 1035600 894508 141092 0
1790694781907 1035600 894508 141092 0
1790694781936 1035600 894508 141092 0
1790694781964 1035600 894508 141092 0
1790694781993 1035600 894508 141092 0
1790694782023 1035600 894508 141092 0
1790694782052 1035600 894508 141092 0
1790694782079 1035600 894508 141092 0
1790694782108 1035600 894508 141092 0
1790694782143 1035600 894508 141092 0
1790694782173 1035600 894508 141092 0
1790694782205 1035600 894508 141092 0
1790694782236 1035600 894508 141092 0
1790694782270 1035600 894508 141092 0
1790694782301 1035600 894508 141092 0
1790694782332 1035600 894508 141092 0
1790694782363 1035600 894508 141092 0
1790694782396 1035600 894508 141092 0
1790694782428 1035600 894508 141092 0
1790694782458 1035600 894508 141092 0
1790694782488 1035600 894508 141092 0
1790694782519 1035600 894508 141092 0
1790694782549 1035600 894508 141092 0
1790694782577 1035600 894508 141092 0
1790694782606 1035600 894508 141092 0
1790694782637 1035600 894508 141092 0
1790694782667 1035600 894508 141092 0
1790694782696 1035600 894508 141092 0
1790694782728 1035600 894508 141092 0
1790694782760 1035600 894508 141092 0
1790694782792 1035600 894508 141092 0
1790694782824 1035600 894508 141092 0
1790694782855 1035600 894508 141092 0
1790694782887 1035600 894508 141092 0
1790694782918 1035600 894508 141092 0
1790694782950 1035600 894508 141092 0
1790694782981 1035600 894508 141092 0
1790694783013 1035600 894508 141092 0
1790694783045 1035600 894508 141092 0
1790694783076 1035600 894508 141092 0
1790694783108 1035600 894508 141092 0
1790694783139 1035600 894508 141092 0
1790694783169 1035600 894508 141092 0
1790694783200 1035600 894508 141092 0
1790694783231 1035600 894508 141092 0
1790694783262 1035600 894508 141092 0
1790694783293 1035600 894508 141092 0
1790694783322 1035600 894508 141092 0
1790694783352 1035600 894508 141092 0
1790694783381 1035600 894508 141092 0
1790694783410 1035600 894508 141092 0
1790694783440 1035600 894508 141092 0
1790694783469 1035600 894508 141092 0
1790694783498 1035600 894508 141092 0
1790694783528 1035600 894508 141092 0
1790694783558 1035600 894508 141092 0
1790694783590 1035600 894508 141092 0
1790694783621 1035600 894508 141092 0
1790694783652 1035600 894508 141092 0
1790694783683 1035600 894508 141092 0
1790694783714 1035600 894508 141092 0
1790694783746 1035600 894508 141092 0
1790694783777 1035600 894508 141092 0
1790694783809 1035600 894508 141092 0
1790694783840 1035600 894508 141092 0
1790694783871 1035600 894508 141092 0
1790694783902 1035600 894508 141092 0
1790694783931 1035600 894508 141092 0
1790694783963 1035600 894508 141092 0
1790694783993 1035600 894508 141092 0
1790694784023 1035600 894508 141092 0
1790694784052 1035600 894508 141092 0
1790694784082 1035600 894508 141092 0
1790694784114 1035600 894508 141092 0
1790694784143 1035600 894508 141092 0
1790694784172 1035600 894508 141092 0
1790694784201 1035600 894508 141092 0
1790694784232 1035600 894508 141092 0
1790694784261 1035600 894508 141092 0
1790694784293 1035600 894508 141092 0
1790694784325 1035600 894508 141092 0
1790694784357 1035600 894508 141092 0
1790694784387 1035600 894508 141092 0
1790694784417 1035600 894508 141092 0
1790694784446 1035600 894508 141092 0
1790694784476 1035600 894508 141092 0
1790694784506 1035600 894508 141092 0
1790694784536 1035600 894508 141092 0
1790694784568 1035600 894508 141092 0
1790694784599 1035600 894508 141092 0
1790694784631 1035600 894508 141092 0
1790694784660 1035600 894508 141092 0
1790694784691 1035600 894508 141092 0
1790694784723 1035600 894508 141092 0
1790694784756 1035600 894508 141092 0
1790694784787 1035600 894508 141092 0
1790694784818 1035600 894508 141092 0
1790694784849 1035600 894508 141092 0
1790694784882 1035600 894508 141092 0
1790694784912 1035600 894508 141092 0
1790694784943 1035600 894508 141092 0
1790694784974 1035600 894508 141092 0
1790694785006 1035600 894508 141092 0
1790694785036 1035600 894508 141092 0
1790694785066 1035600 894508 141092 0
1790694785096 1035600 894508 141092 0
1790694785128 1035600 894508 141092 0
1790694785157 1035600 894508 141092 0
1790694785186 1035600 894508 141092 0
1790694785217 1035600 894508 141092 0
1790694785248 1035600 894508 141092 0
1790694785278 1035600 894508 141092 0
1790694785308 1035600 894508 141092 0
1790694785337 1035600 894508 141092 0
1790694785367 1035600 894508 141092 0
1790694785399 1035600 894508 141092 0
1790694785431 1035600 894508 141092 0
1790694785464 1035600 894508 141092 0
1790694785495 1035600 894508 141092 0
1790694785525 1035600 894508 141092 0
1790694785559 1035600 894508 141092 0
1790694785589 1035600 894508 141092 0
1790694785620 1035600 894508 141092 0
1790694785650 1035600 894508 141092 0
1790694785683 1035600 894508 141092 0
1790694785715 1035600 894508 141092 0
1790694785745 1035600 894508 141092 0
1790694785775 1035600 894508 141092 0
1790694785807 885392 828864 56528 0
1790694785841 1035612 894520 141092 0
1790694785870 1035612 894520 141092 0
1790694785898 1035612 894520 141092 0
1790694785929 1035612 894520 141092 0
1790694785960 1035612 894520 141092 0
1790694785990 1035612 894520 141092 0
1790694786019 1035612 894520 141092 0
1790694786049 1035612 894520 141092 0
1790694786079 1035612 894520 141092 0
1790694786108 1035612 894520 141092 0
1790694786136 1035612 894520 141092 0
1790694786165 1035612 894520 141092 0
1790694786196 1035612 894520 141092 0
1790694786229 1035612 894520 141092 0
1790694786258 1035612 894520 141092 0
1790694786285 1035612 894520 141092 0
1790694786310 1035612 894520 141092 0
1790694786335 1035612 894520 141092 0
1790694786364 1035612 894520 141092 0
1790694786390 1035612 894520 141092 0
1790694786415 1035612 894520 141092 0
1790694786441 1035612 894520 141092 0
1790694786475 1035612 894520 141092 0
1790694786504 1035612 894520 141092 0
1790694786533 1035612 894520 141092 0
1790694786565 1035612 894520 141092 0
1790694786594 1035612 894520 141092 0
1790694786623 1035612 894520 141092 0
1790694786654 1035612 894520 141092 0
1790694786684 1035612 894520 141092 0
1790694786711 1035612 894520 141092 0
1790694786742 1035612 894520 141092 0
1790694786773 1035612 894520 141092 0
1790694786803 1035612 894520 141092 0
1790694786833 1035612 894520 141092 0
1790694786862 1035612 894520 141092 0
1790694786892 1035612 894520 141092 0
1790694786921 1035612 894520 141092 0
1790694786951 1035612 894520 141092 0
1790694786980 1035612 894520 141092 0
1790694787010 1035612 894520 141092 0
1790694787041 1035612 894520 141092 0
1790694787072 1035612 894520 141092 0
1790694787104 1035612 894520 141092 0
1790694787136 1035612 894520 141092 0
1790694787167 1036092 894520 141572 0
1790694787198 1036092 894520 141572 0
1790694787230 1036092 894520 141572 0
1790694787260 1036092 894520 141572 0
1790694787292 1036092 894520 141572 0
1790694787323 1036092 894520 141572 0
1790694787354 1036092 894520 141572 0
1790694787384 1036092 894520 141572 0
1790694787415 1036092 894520 141572 0
1790694787444 1036092 894520 141572 0
1790694787473 1036092 894520 141572 0
1790694787501 1036092 894520 141572 0
1790694787531 1036092 894520 141572 0
1790694787559 1036252 894520 141732 0
1790694787591 1036252 894520 141732 0
1790694787621 1036252 894520 141732 0
1790694787651 1036252 894520 141732 0
1790694787679 1036252 894520 141732 0
1790694787705 1036252 894520 141732 0
1790694787732 1036252 894520 141732 0
1790694787758 1036252 894520 141732 0
1790694787786 1036252 894520 141732 0
1790694787816 1036252 894520 141732 0
1790694787846 1036252 894520 141732 0
1790694787876 990180 856340 133840 0
1790694787905 1034808 893076 141732 0
1790694787934 1034808 893076 141732 0
1790694787964 1034808 893076 141732 0
1790694787993 1034868 893084 141784 0
1790694788025 1034868 893084 141784 0
1790694788055 1034868 893084 141784 0
1790694788083 1034712 892932 141780 0
1790694788115 736956 594716 142240 0
1790694788146 737600 594716 142884 0
1790694788176 737600 594716 142884 0
1790694788207 737600 594716 142884 0
1790694788237 737780 594716 143064 0
1790694788266 737780 594716 143064 0
1790694788295 737900 594716 143184 0
