1787595638698 89
1787595638831 56
1787595638932 57
1787595639032 102
1787595639183 85
1787595639315 85
1787595639447 84
1787595639581 84
1787595639715 86
1787595639851 87
1787595639988 87
1787595640127 88
1787595640266 90
1787595640407 90
1787595640549 92
1787595640689 92
1787595640833 92
1787595640980 93
1787595641126 93
1787595641267 93
1787595641412 95
1787595641551 95
1787595641701 95
1787595641843 94
1787595641984 98
1787595642129 97
1787595642281 100
1787595642438 101
1787595642596 101
1787595642754 102
1787595642908 104
1787595643069 104
1787595643229 101
1787595643384 106
1787595643549 109
1787595643713 109
1787595643878 106
1787595644042 110
1787595644210 111
1787595644379 109
1787595644548 111
1787595644717 112
1787595644881 112
1787595645053 114
1787595645225 115
1787595645400 116
1787595645574 117
1787595645751 117
1787595645927 117
1787595646103 116
1787595646278 119
1787595646458 120
1787595646638 121
1787595646819 120
1787595646999 120
1787595647180 122
1787595647361 124
1787595647542 39
1787595647622 124
1787595647808 39
1787595647888 124
1787595648054 38
1787595648132 38
1787595648232 126
1787595648399 38
1787595648479 38
1787595648593 126
1787595648811 39
1787595648917 127
1787595649120 33
1787595649243 129
1787595649440 39
1787595649556 128
1787595649775 39
1787595649890 126
1787595650093 38
1787595650221 129
1787595650427 38
1787595650538 126
1787595650726 38
1787595650841 128
1787595651010 36
1787595651088 39
1787595651226 128
1787595651430 39
1787595651541 129
1787595651763 39
1787595651879 132
1787595652089 40
1787595652182 134
1787595652390 40
1787595652504 41
1787595652587 131
1787595652783 40
1787595652902 133
1787595653114 39
1787595653216 132
1787595653425 38
1787595653541 124
1787595653722 39
1787595653799 40
1787595653916 133
1787595654127 40
1787595654225 134
1787595654435 39
1787595654551 132
1787595654780 40
1787595654897 133
1787595655107 38
1787595655210 136
1787595655419 40
1787595655536 135
1787595655768 40
1787595655880 134
1787595656083 39
1787595656200 134
1787595656398 39
1787595656479 39
1787595656555 134
1787595656766 39
1787595656848 38
1787595656927 135
1787595657123 36
1787595657202 38
1787595657281 136
1787595657460 38
1787595657541 40
1787595657657 136
1787595657856 39
1787595657938 39
1787595658019 136
1787595658233 39
1787595658341 40
1787595658422 136
1787595658622 40
1787595658742 142
1787595658955 46
1787595659048 41
1787595659130 139
1787595659334 41
1787595659454 143
1787595659676 46
1787595659768 41
1787595659852 142
1787595660059 40
1787595660143 40
1787595660226 139
1787595660406 39
1787595660487 40
1787595660565 39
1787595660641 139
1787595660844 40
1787595660926 39
1787595661007 141
1787595661191 36
1787595661268 39
1787595661344 38
1787595661425 141
1787595661629 39
1787595661737 140
1787595661956 40
1787595662075 142
1787595662276 40
1787595662353 39
1787595662434 36
1787595662512 141
1787595662695 39
1787595662809 144
1787595663011 42
1787595663096 41
1787595663180 41
1787595663263 145
1787595663447 40
1787595663566 146
1787595663810 43
1787595663932 147
1787595664159 41
1787595664270 149
1787595664477 41
1787595664598 140
1787595664819 41
1787595664935 40
1787595665078 148
1787595665269 41
1787595665353 39
1787595665434 39
1787595665553 144
1787595665767 40
1787595665906 40
1787595665990 39
1787595666071 146
1787595666258 39
1787595666339 39
1787595666416 39
1787595666498 40
1787595666580 145
1787595666824 40
1787595666907 39
1787595666984 39
1787595667102 146
1787595667289 40
1787595667372 39
1787595667452 40
1787595667556 40
1787595667639 147
1787595667829 40
1787595667947 39
1787595668066 146
1787595668290 40
1787595668420 39
1787595668534 150
1787595668761 40
1787595668876 37
1787595668992 150
1787595669206 40
1787595669325 41
1787595669447 155
1787595669682 41
1787595669804 41
1787595669912 153
1787595670145 41
1787595670267 41
1787595670389 153
1787595670618 38
1787595670721 42
1787595670803 37
1787595670883 154
1787595671108 42
1787595671189 41
1787595671273 41
1787595671390 173
1787595671641 45
1787595671734 47
1787595671823 48
1787595671957 157
1787595672158 41
1787595672242 42
1787595672327 40
1787595672432 41
1787595672512 153
1787595672740 40
1787595672860 40
1787595672975 151
1787595673204 39
1787595673309 40
1787595673424 152
1787595673656 41
1787595673772 40
1787595673892 153
1787595674121 41
1787595674228 41
1787595674348 156
1787595674579 36
1787595674695 40
1787595674815 153
1787595675046 40
1787595675152 40
1787595675235 39
1787595675318 148
1787595675541 40
1787595675660 41
1787595675781 155
1787595676014 40
1787595676120 42
1787595676205 39
1787595676288 156
1787595676517 40
1787595676638 40
1787595676758 158
1787595676995 41
1787595677101 40
1787595677221 41
1787595677305 158
1787595677506 37
1787595677622 40
1787595677743 157
1787595677980 40
1787595678087 40
1787595678203 159
1787595678442 41
1787595678563 40
1787595678683 157
1787595678921 40
1787595679027 40
1787595679148 157
1787595679384 37
1787595679500 40
1787595679621 162
1787595679864 42
1787595679973 41
1787595680095 161
1787595680337 41
1787595680458 41
1787595680571 161
1787595680814 42
1787595680924 41
1787595681046 42
1787595681167 162
1787595681409 41
1787595681527 42
1787595681648 40
1787595681768 161
1787595682021 42
1787595682106 40
1787595682189 41
1787595682268 40
1787595682388 162
1787595682631 40
1787595682753 41
1787595682875 41
1787595682982 164
1787595683184 40
1787595683264 41
1787595683386 40
1787595683507 165
1787595683753 40
1787595683874 41
1787595683992 41
1787595684100 172
1787595684350 41
1787595684467 41
1787595684589 41
1787595684711 163
1787595684949 41
1787595685070 42
1787595685177 41
1787595685300 159
1787595685540 38
1787595685658 40
1787595685779 39
1787595685900 168
1787595686143 41
1787595686251 41
1787595686368 41
1787595686490 168
1787595686739 41
1787595686861 41
1787595686983 36
1787595687101 169
1787595687323 41
1787595687408 41
1787595687492 41
1787595687614 42
1787595687733 174
1787595687980 43
1787595688100 41
1787595688224 43
1787595688336 43
1787595688422 174
1787595688635 42
1787595688717 38
1787595688800 42
1787595688887 42
1787595688973 42
1787595689099 171
1787595689347 41
1787595689427 38
1787595689509 41
1787595689617 41
1787595689697 41
1787595689781 173
1787595690025 41
1787595690109 42
1787595690194 40
1787595690272 41
1787595690357 40
1787595690441 171
1787595690695 38
1787595690815 41
1787595690919 42
1787595691042 173
1787595691292 41
1787595691415 41
1787595691538 41
1787595691661 174
1787595691916 41
1787595692002 41
1787595692082 41
1787595692184 42
1787595692307 173
1787595692563 41
1787595692686 41
1787595692777 48
1787595692913 198
1787595693203 43
1787595693329 42
1787595693442 43
1787595693563 181
1787595693828 48
1787595693956 43
1787595694083 44
1787595694173 181
1787595694431 41
1787595694554 41
1787595694689 42
1787595694813 178
1787595695068 41
1787595695186 42
1787595695312 43
1787595695401 180
1787595695665 42
1787595695792 41
1787595695901 42
1787595696025 177
1787595696284 42
1787595696407 42
1787595696526 41
1787595696650 178
1787595696909 41
1787595697033 41
1787595697141 38
1787595697263 41
1787595697348 179
1787595697570 41
1787595697655 40
1787595697777 42
1787595697901 41
1787595698019 177
1787595698278 38
1787595698393 41
1787595698498 43
1787595698618 41
1787595698743 183
1787595699008 41
1787595699132 40
1787595699217 41
1787595699303 41
1787595699388 41
1787595699473 40
1787595699558 184
1787595699824 43
1787595699927 41
1787595700012 41
1787595700099 41
1787595700222 43
1787595700347 183
1787595700607 41
1787595700721 41
1787595700846 42
1787595700965 42
1787595701086 176
1787595701329 41
1787595701453 42
1787595701573 42
1787595701687 42
1787595701811 183
1787595702074 41
1787595702199 42
1787595702323 42
1787595702409 41
1787595702495 41
1787595702598 187
1787595702863 42
1787595702988 42
1787595703074 42
1787595703194 41
1787595703319 187
1787595703587 41
1787595703707 44
1787595703825 43
1787595703934 44
1787595704024 42
1787595704111 192
1787595704384 48
1787595704514 43
1787595704603 43
1787595704691 43
1787595704780 42
1787595704908 191
1787595705184 42
1787595705309 42
1787595705394 42
1787595705481 41
1787595705591 42
1787595705706 189
1787595705973 43
1787595706098 42
1787595706184 37
1787595706261 41
1787595706347 42
1787595706471 187
1787595706742 42
1787595706867 42
1787595706993 43
1787595707099 44
1787595707227 198
1787595707470 42
1787595707559 41
1787595707645 42
1787595707770 42
1787595707896 42
1787595708016 193
1787595708289 43
1787595708377 43
1787595708466 42
1787595708549 42
1787595708635 41
1787595708741 42
1787595708828 41
1787595708908 189
1787595709143 42
1787595709268 42
1787595709393 38
1787595709515 42
1787595709641 196
1787595709881 41
1787595709962 42
1787595710049 41
1787595710169 41
1787595710267 43
1787595710355 42
1787595710436 42
1787595710522 191
1787595710759 42
1787595710846 39
1787595710924 42
1787595711050 46
1787595711165 40
1787595711273 38
1787595711350 174
1787595711560 36
1787595711635 36
1787595711709 37
1787595711843 38
1787595711935 38
1787595712010 37
1787595712084 34
1787595712156 178
1787595712371 36
1787595712444 37
1787595712517 37
1787595712590 36
1787595712694 36
1787595712793 37
1787595712897 38
1787595713032 183
1787595713281 38
1787595713388 39
1787595713497 38
1787595713622 38
1787595713723 37
1787595713854 176
1787595714097 38
1787595714226 37
1787595714327 38
1787595714433 38
1787595714570 37
1787595714673 182
1787595714923 37
1787595715029 37
1787595715147 38
1787595715281 38
1787595715387 37
1787595715492 182
1787595715740 38
1787595715816 37
1787595715892 37
1787595715964 35
1787595716037 37
1787595716111 36
1787595716185 38
1787595716262 37
1787595716336 38
1787595716475 182
1787595716721 38
1787595716843 38
1787595716946 38
1787595717053 37
1787595717186 38
1787595717290 185
1787595717541 38
1787595717674 38
1787595717779 37
1787595717886 38
1787595717993 38
1787595718132 186
1787595718371 39
1787595718504 38
1787595718612 38
1787595718714 38
1787595718849 38
1787595718952 188
1787595719207 38
1787595719342 37
1787595719449 38
1787595719552 38
1787595719686 39
1787595719778 188
1787595720034 37
1787595720109 38
1787595720214 38
1787595720321 38
1787595720396 36
1787595720469 37
1787595720545 37
1787595720618 38
1787595720721 185
1787595720976 38
1787595721083 37
1787595721159 37
1787595721265 39
1787595721341 37
1787595721417 37
1787595721521 37
1787595721640 193
1787595721902 38
1787595721977 36
1787595722050 38
1787595722156 38
1787595722263 38
1787595722399 39
1787595722507 192
1787595722766 39
1787595722874 38
1787595722950 36
1787595723025 37
1787595723156 37
1787595723263 38
1787595723357 38
1787595723432 188
1787595723685 38
1787595723793 37
1787595723897 38
1787595724004 45
1787595724099 55
1787595724206 50
1787595724307 44
1787595724392 212
1787595724644 43
1787595724767 43
1787595724896 42
1787595724979 43
1787595725067 43
1787595725194 42
1787595725308 213
1787595725605 43
1787595725692 43
1787595725781 42
1787595725869 43
1787595725957 39
1787595726041 39
1787595726125 38
1787595726209 42
1787595726298 212
1787595726556 43
1787595726644 39
1787595726769 43
1787595726852 43
1787595726940 43
1787595727028 38
1787595727147 43
1787595727256 214
1787595727546 43
1787595727668 42
1787595727796 43
1787595727920 43
1787595728048 42
1787595728176 42
1787595728264 214
1787595728524 44
1787595728613 44
1787595728742 45
1787595728872 43
1787595729000 43
1787595729090 44
1787595729205 44
1787595729289 217
1787595729553 43
1787595729682 44
1787595729812 43
1787595729935 43
1787595730064 44
1787595730153 43
1787595730282 218
1787595730586 43
1787595730716 44
1787595730805 43
1787595730893 43
1787595730982 42
1787595731110 44
1787595731224 44
1787595731314 43
1787595731403 218
1787595731696 40
1787595731821 40
1787595731906 42
1787595732030 44
1787595732160 40
1787595732285 43
1787595732414 219
1787595732679 39
1787595732759 44
1787595732848 43
1787595732976 44
1787595733107 43
1787595733220 44
1787595733344 44
1787595733473 220
1787595733768 44
1787595733858 42
1787595733946 43
1787595734035 43
1787595734164 38
1787595734288 44
1787595734378 43
1787595734461 42
1787595734550 221
1787595734856 43
1787595734985 43
1787595735116 43
1787595735226 44
1787595735351 42
1787595735480 43
1787595735569 225
1787595735840 40
1787595735925 43
1787595736055 44
1787595736184 44
1787595736274 43
1787595736399 44
1787595736529 44
1787595736619 43
1787595736709 224
1787595737014 44
1787595737144 44
1787595737234 44
1787595737349 44
1787595737440 42
1787595737529 43
1787595737658 43
1787595737783 227
1787595738052 43
1787595738141 44
1787595738266 44
1787595738356 43
1787595738485 44
1787595738609 39
1787595738729 44
1787595738854 227
1787595739127 43
1787595739217 44
1787595739307 43
1787595739423 44
1787595739554 45
1787595739688 41
1787595739776 45
1787595739868 46
1787595739961 245
1787595740295 45
1787595740387 44
1787595740479 43
1787595740569 43
1787595740700 45
1787595740833 45
1787595740925 44
1787595741058 240
1787595741398 53
1787595741503 45
1787595741624 46
1787595741753 46
1787595741888 46
1787595742016 45
1787595742109 44
1787595742199 232
1787595742478 43
1787595742609 40
1787595742735 43
1787595742825 43
1787595742915 43
1787595743000 43
1787595743130 44
1787595743261 45
1787595743352 234
1787595743631 45
1787595743723 44
1787595743840 44
1787595743971 43
1787595744061 44
1787595744151 43
1787595744241 43
1787595744360 44
1787595744451 40
1787595744537 235
1787595744858 45
1787595744990 43
1787595745081 43
1787595745211 44
1787595745342 44
1787595745473 44
1787595745559 43
1787595745648 44
1787595745739 235
1787595746060 44
1787595746178 44
1787595746310 44
1787595746400 44
1787595746532 45
1787595746663 44
1787595746795 44
1787595746886 235
1787595747167 44
1787595747257 44
1787595747385 45
1787595747476 45
1787595747567 45
1787595747658 45
1787595747784 45
1787595747912 44
1787595748044 45
1787595748175 229
1787595748479 45
1787595748611 44
1787595748702 44
1787595748834 45
1787595748965 44
1787595749057 44
1787595749148 44
1787595749239 44
1787595749371 244
1787595749656 44
1787595749742 44
1787595749869 44
1787595749960 43
1787595750091 44
1787595750223 40
1787595750351 45
1787595750442 44
1787595750594 248
1787595750888 44
1787595750978 44
1787595751068 43
1787595751195 44
1787595751326 40
1787595751413 43
1787595751544 44
1787595751677 45
1787595751809 241
1787595752097 45
1787595752219 44
1787595752351 45
1787595752484 45
1787595752617 45
1787595752708 45
1787595752800 45
1787595752891 44
1787595753009 240
1787595753333 40
1787595753461 45
1787595753588 46
1787595753680 44
1787595753811 45
1787595753943 43
1787595754075 44
1787595754166 244
1787595754491 45
1787595754623 44
1787595754756 41
1787595754844 44
1787595754934 44
1787595755025 44
1787595755158 43
1787595755249 44
1787595755340 43
1787595755453 242
1787595755737 45
1787595755864 45
1787595755987 42
1787595756114 46
1787595756250 46
1787595756345 46
1787595756439 46
1787595756528 47
1787595756660 255
1787595757006 54
1787595757114 53
1787595757255 53
1787595757400 47
1787595757494 41
1787595757627 46
1787595757751 45
1787595757859 255
1787595758199 46
1787595758293 46
1787595758388 46
1787595758483 46
1787595758619 47
1787595758755 46
1787595758850 46
1787595758987 47
1787595759124 48
1787595759220 252
1787595759519 44
1787595759606 44
1787595759734 44
1787595759862 46
1787595759992 46
1787595760087 47
1787595760219 54
1787595760326 53
1787595760433 53
1787595760573 255
1787595760876 46
1787595761013 47
1787595761108 46
1787595761245 46
1787595761339 46
1787595761431 44
1787595761523 45
1787595761651 45
1787595761785 46
1787595761877 44
1787595761969 247
1787595762264 44
1787595762398 45
1787595762526 41
1787595762614 44
1787595762706 45
1787595762798 44
1787595762890 45
1787595762982 44
1787595763074 45
1787595763188 46
1787595763275 45
1787595763367 247
1787595763662 46
1787595763756 46
1787595763849 46
1787595763944 45
1787595764036 45
1787595764128 46
1787595764217 42
1787595764303 46
1787595764391 45
1787595764485 47
1787595764622 46
1787595764747 46
1787595764842 256
1787595765186 45
1787595765320 45
1787595765407 44
1787595765498 44
1787595765590 44
1787595765724 45
1787595765857 45
1787595765977 42
1787595766067 45
1787595766159 44
1787595766246 260
1787595766597 46
1787595766692 45
1787595766779 45
1787595766870 45
1787595766993 45
1787595767127 46
1787595767262 46
1787595767355 46
1787595767484 46
1787595767620 263
1787595767973 46
1787595768067 45
1787595768201 46
1787595768336 46
1787595768430 45
1787595768564 45
1787595768684 46
1787595768814 46
1787595768908 45
1787595769000 258
1787595769306 45
1787595769440 44
1787595769532 44
1787595769619 40
1787595769706 41
1787595769836 46
1787595769965 45
1787595770094 45
1787595770229 45
1787595770316 263
1787595770670 46
1787595770805 46
1787595770935 41
1787595771018 45
1787595771106 45
1787595771198 45
1787595771333 45
1787595771439 46
1787595771570 45
1787595771705 264
1787595772017 47
1787595772156 47
1787595772294 43
1787595772423 54
1787595772521 46
1787595772654 46
1787595772791 45
1787595772884 45
1787595772977 45
1787595773069 260
1787595773420 46
1787595773508 45
1787595773601 45
1787595773695 45
1787595773830 46
1787595773924 45
1787595774018 46
1787595774112 41
1787595774228 42
1787595774318 46
1787595774411 44
1787595774499 45
1787595774592 41
1787595774680 271
1787595775036 47
1787595775167 45
1787595775260 45
1787595775396 42
1787595775528 46
1787595775621 45
1787595775756 45
1787595775892 45
1787595776021 45
1787595776114 271
1787595776475 47
1787595776606 47
1787595776743 46
1787595776836 46
1787595776967 46
1787595777089 46
1787595777219 46
1787595777355 46
1787595777449 44
1787595777542 46
1787595777635 262
1787595777989 47
1787595778085 46
1787595778218 48
1787595778358 47
1787595778454 48
1787595778551 46
1787595778645 45
1787595778780 46
1787595778875 45
1787595779005 48
1787595779143 280
1787595779515 47
1787595779612 47
1787595779746 47
1787595779841 47
1787595779937 46
1787595780061 47
1787595780157 45
1787595780290 48
1787595780425 47
1787595780522 46
1787595780654 272
1787595781016 45
1787595781147 42
1787595781273 45
1787595781367 45
1787595781456 45
1787595781549 46
1787595781680 46
1787595781774 45
1787595781909 46
1787595782041 48
1787595782139 48
1787595782235 272
1787595782556 46
1787595782693 46
1787595782786 46
1787595782881 46
1787595782997 42
1787595783087 46
1787595783224 46
1787595783360 46
1787595783449 46
1787595783586 47
1787595783723 279
1787595784050 45
1787595784186 46
1787595784323 47
1787595784417 46
1787595784511 45
1787595784605 46
1787595784742 45
1787595784836 45
1787595784968 48
1787595785103 47
1787595785237 287
1787595785574 48
1787595785671 46
1787595785765 46
1787595785897 46
1787595786019 47
1787595786114 46
1787595786252 46
1787595786389 46
1787595786484 46
1787595786615 46
1787595786752 281
1787595787125 46
1787595787219 46
1787595787350 48
1787595787480 47
1787595787615 48
1787595787713 47
1787595787847 49
1787595787988 44
1787595788074 48
1787595788171 43
1787595788264 278
1787595788630 48
1787595788727 48
1787595788862 48
1787595788987 46
1787595789120 46
1787595789251 46
1787595789345 46
1787595789439 46
1787595789533 47
1787595789665 48
1787595789762 45
1787595789856 48
1787595789953 284
1787595790327 47
1787595790423 45
1787595790516 45
1787595790609 45
1787595790703 47
1787595790797 46
1787595790887 47
1787595791024 47
1787595791119 47
1787595791214 46
1787595791309 47
1787595791441 43
1787595791576 47
1787595791672 284
1787595792047 47
1787595792185 47
1787595792309 47
1787595792400 46
1787595792538 46
1787595792676 47
1787595792772 42
1787595792905 46
1787595793043 46
1787595793138 47
1787595793276 290
1787595793657 46
1787595793751 46
1787595793889 46
1787595794028 46
1787595794122 46
1787595794254 47
1787595794387 46
1787595794482 46
1787595794576 46
1787595794671 45
1787595794808 47
1787595794903 295
1787595795292 48
1787595795409 44
1787595795502 46
1787595795597 47
1787595795693 47
1787595795831 47
1787595795927 42
1787595796018 46
1787595796113 47
1787595796252 46
1787595796386 46
1787595796480 45
1787595796617 295
1787595796962 47
1787595797054 49
1787595797153 47
1787595797295 48
1787595797391 46
1787595797487 47
1787595797576 45
1787595797714 43
1787595797806 46
1787595797939 46
1787595798078 46
1787595798173 47
1787595798270 47
1787595798366 296
1787595798741 48
1787595798880 46
1787595798975 47
1787595799113 46
1787595799246 49
1787595799344 47
1787595799484 47
1787595799621 45
1787595799716 46
1787595799812 46
1787595799907 46
1787595800001 286
1787595800379 47
1787595800512 47
1787595800608 46
1787595800702 46
1787595800793 42
1787595800921 46
1787595801059 47
1787595801154 46
1787595801249 46
1787595801344 46
1787595801438 46
1787595801534 46
1787595801628 46
1787595801762 297
1787595802133 48
1787595802230 43
1787595802323 48
1787595802422 48
1787595802559 48
1787595802657 47
1787595802788 48
1787595802929 49
1787595803072 44
1787595803167 47
1787595803305 46
1787595803400 46
1787595803496 329
1787595803882 47
1787595803979 47
1787595804116 49
1787595804258 46
1787595804391 47
1787595804488 47
1787595804627 46
1787595804722 46
1787595804817 46
1787595804912 46
1787595805051 46
1787595805146 46
1787595805263 304
1787595805660 47
1787595805789 47
1787595805925 47
1787595806015 47
1787595806111 48
1787595806208 48
1787595806348 47
1787595806437 46
1787595806533 47
1787595806629 47
1787595806767 47
1787595806864 46
1787595806996 46
1787595807135 303
1787595807487 47
1787595807583 47
1787595807679 47
1787595807813 46
1787595807909 46
1787595808048 47
1787595808188 48
1787595808284 46
1787595808417 47
1787595808557 46
1787595808653 47
1787595808778 48
1787595808912 303
1787595809303 47
1787595809438 46
1787595809533 47
1787595809666 46
1787595809805 47
1787595809901 47
1787595809998 46
1787595810089 47
1787595810228 47
1787595810325 47
1787595810464 47
1787595810599 47
1787595810695 321
1787595811117 57
1787595811229 49
1787595811373 48
1787595811513 48
1787595811610 48
1787595811752 47
1787595811886 47
1787595811982 46
1787595812122 47
1787595812249 48
1787595812377 47
1787595812511 328
1787595812891 48
1787595813028 49
1787595813171 49
1787595813271 47
1787595813408 48
1787595813552 50
1787595813652 48
1787595813791 49
1787595813891 49
1787595813984 49
1787595814083 49
1787595814227 49
1787595814327 314
1787595814730 48
1787595814866 48
1787595814963 47
1787595815098 49
1787595815232 49
1787595815372 49
1787595815471 48
1787595815615 49
1787595815754 44
1787595815878 49
1787595815973 48
1787595816111 313
1787595816517 43
1787595816610 47
1787595816745 46
1787595816885 45
1787595816980 47
1787595817077 47
1787595817173 48
1787595817269 48
1787595817370 48
1787595818088 49
1787595818353 44
1787595831854 321
1787595832222 48
1787595832320 47
1787595832419 48
1787595832517 48
1787595832616 48
1787595832711 48
1787595832810 48
1787595832909 48
1787595833009 49
1787595833110 48
1787595833210 49
1787595833311 49
1787595833410 49
1787595833510 49
1787595833611 49
1787595833711 49
1787595833806 49
1787595833906 48
1787595835362 48
1787595837358 322
1787595839964 49
1787595840064 49
1787595840160 49
1787595840257 49
1787595840357 49
1787595840454 50
1787595840550 50
1787595840652 49
1787595840754 50
1787595840850 50
1787595840952 50
1787595841054 49
1787595841155 49
1787595841257 50
1787595841359 50
1787595841460 49
1787595841562 50
1787595841664 50
1787595841806 50
1787595841908 50
1787595842010 50
1787595842111 49
1787595842253 50
1787595842350 48
1787595842451 49
1787595842552 49
1787595842698 50
1787595842800 318
1787595843208 49
1787595843351 49
1787595843447 49
1787595843543 49
1787595843644 48
1787595843776 74
1787595843950 51
1787595844049 46
1787595844195 52
1787595844339 53
1787595844444 47
1787595844585 49
1787595844722 49
1787595844865 343
1787595845265 51
1787595845415 49
1787595845559 50
1787595845660 49
1787595845807 50
1787595845908 50
1787595846010 49
1787595846106 49
1787595846248 49
1787595846345 49
1787595846447 50
1787595846549 49
1787595846697 50
1787595846799 50
1787595846946 329
1787595847370 52
1787595847475 50
1787595847618 50
1787595847747 50
1787595847890 50
1787595847992 49
1787595848139 49
1787595848282 49
1787595848384 49
1787595848522 49
1787595848668 50
1787595848771 49
1787595848872 50
1787595848974 336
1787595849400 51
1787595849547 52
1787595849652 51
1787595849797 50
1787595849945 50
1787595850048 50
1787595850191 49
1787595850333 50
1787595850434 49
1787595850582 48
1787595850724 50
1787595850826 49
1787595850973 332
1787595851399 52
1787595851504 51
1787595851654 52
1787595851793 51
1787595851897 50
1787595851999 50
1787595852096 49
1787595852243 49
1787595852345 49
1787595852447 50
1787595852549 49
1787595852647 50
1787595852749 50
1787595852847 50
1787595852994 50
1787595853097 335
1787595853529 49
1787595853672 51
1787595853776 49
1787595853913 50
1787595854057 50
1787595854201 50
1787595854303 49
1787595854442 50
1787595854590 49
1787595854692 49
1787595854840 50
1787595854984 49
1787595855085 351
1787595855536 52
1787595855641 49
1787595855738 49
1787595855840 50
1787595855974 50
1787595856123 49
1787595856225 49
1787595856369 50
1787595856508 50
1787595856606 50
1787595856704 49
1787595856805 50
1787595856954 50
1787595857057 50
1787595857200 335
1787595857634 50
1787595857738 49
1787595857885 49
1787595858028 50
1787595858131 50
1787595858234 49
1787595858332 49
1787595858480 50
1787595858583 51
1787595858732 51
1787595858835 50
1787595858983 50
1787595859132 50
1787595859235 335
1787595859669 50
1787595859818 51
1787595859921 49
1787595860053 47
1787595860198 50
1787595860300 49
1787595860449 51
1787595860593 49
1787595860694 50
1787595860839 50
1787595860983 50
1787595861127 46
1787595861225 50
1787595861363 348
1787595861811 49
1787595861914 50
1787595862062 51
1787595862165 49
1787595862267 49
1787595862369 49
1787595862517 46
1787595862616 50
1787595862765 51
1787595862864 50
1787595862966 49
1787595863068 50
1787595863212 50
1787595863311 47
1787595863406 50
1787595863510 49
1787595863653 346
1787595864051 49
1787595864194 247
1787595864537 52
1787595864642 49
1787595864791 50
1787595864936 50
1787595865039 50
1787595865188 50
1787595865290 50
1787595865392 50
1787595865495 50
1787595865638 50
1787595865741 50
1787595865886 50
1787595866035 344
1787595866432 51
1787595866585 52
1787595866691 51
1787595866839 52
1787595866988 52
1787595867088 50
1787595867185 50
1787595867288 50
1787595867433 50
1787595867537 52
1787595867667 43
1787595867821 52
1787595867926 52
1787595868080 51
1787595868231 356
1787595868647 61
1787595868809 52
1787595868916 51
1787595869065 51
1787595869171 51
1787595869320 52
1787595869425 51
1787595869532 47
1787595869633 53
1787595869787 48
1787595869890 51
1787595870038 52
1787595870143 50
1787595870246 50
1787595870349 49
1787595870494 345
1787595870886 52
1787595871040 52
1787595871148 51
1787595871252 51
1787595871357 49
1787595871506 51
1787595871610 49
1787595871759 50
1787595871863 50
1787595872007 50
1787595872158 50
1787595872261 51
1787595872411 50
1787595872562 50
1787595872666 341
1787595873100 50
1787595873236 51
1787595873336 50
1787595873439 50
1787595873542 51
1787595873688 52
1787595873790 51
1787595873938 52
1787595874094 51
1787595874201 51
1787595874347 51
1787595874498 50
1787595874596 50
1787595874747 51
1787595874851 50
1787595874955 358
1787595875367 52
1787595875522 52
1787595875627 51
1787595875777 51
1787595875881 50
1787595875979 50
1787595876079 49
1787595876229 48
1787595876330 51
1787595876476 50
1787595876581 47
1787595876681 51
1787595876785 51
1787595876930 52
1787595877035 51
1787595877181 51
1787595877285 364
1787595877739 49
1787595877885 51
1787595878027 51
1787595878131 50
1787595878281 50
1787595878432 51
1787595878532 50
1787595878683 51
1787595878782 50
1787595878886 51
1787595878990 50
1787595879135 51
1787595879236 50
1787595879386 51
1787595879537 51
1787595879641 366
1787595880101 53
1787595880252 52
1787595880359 51
1787595880508 52
1787595880616 52
1787595880765 52
1787595880921 52
1787595881026 51
1787595881130 51
1787595881229 50
1787595881333 51
1787595881485 51
1787595881590 51
1787595881693 50
1787595881798 51
1787595881940 51
1787595882077 362
1787595882489 50
1787595882639 51
1787595882785 51
1787595882885 51
1787595883031 50
1787595883184 52
1787595883289 50
1787595883440 51
1787595883544 51
1787595883696 51
1787595883800 51
1787595883905 50
1787595884004 51
1787595884151 47
1787595884252 51
1787595884404 366
1787595884824 52
1787595884979 52
1787595885130 53
1787595885237 53
1787595885394 61
1787595885517 62
1787595885687 52
1787595885795 52
1787595885945 52
1787595886047 52
1787595886154 51
1787595886259 51
1787595886364 50
1787595886468 50
1787595886568 51
1787595886705 52
1787595886811 382
1787595887252 52
1787595887358 53
1787595887462 52
1787595887617 53
1787595887763 52
1787595887871 49
1787595888019 53
1787595888127 53
1787595888274 53
1787595888431 54
1787595888535 53
1787595888686 52
1787595888794 53
1787595888901 52
1787595889008 52
1787595889116 52
1787595889269 376
1787595889749 53
1787595889856 48
1787595890000 51
1787595890106 52
1787595890260 48
1787595890409 51
1787595890514 51
1787595890666 51
1787595890771 51
1787595890923 51
1787595891076 51
1787595891181 51
1787595891333 48
1787595891465 49
1787595891568 376
1787595892045 50
1787595892199 53
1787595892302 53
1787595892411 52
1787595892517 51
1787595892622 51
1787595892775 52
1787595892881 50
1787595893029 51
1787595893134 51
1787595893239 48
1787595893341 51
1787595893446 51
1787595893552 51
1787595893657 52
1787595893762 51
1787595893909 52
1787595894052 51
1787595894201 369
1787595894617 51
1787595894769 51
1787595894918 51
1787595895019 51
1787595895171 52
1787595895273 51
1787595895377 51
1787595895482 51
1787595895587 51
1787595895687 51
1787595895787 52
1787595895940 51
1787595896045 50
1787595896197 51
1787595896302 52
1787595896441 52
1787595896596 52
1787595896697 385
1787595897132 51
1787595897237 51
1787595897342 51
1787595897447 51
1787595897547 50
1787595897682 51
1787595897819 46
1787595897943 46
1787595898068 45
1787595898193 45
1787595898316 43
1787595898438 43
1787595898561 44
1787595898681 43
1787595898803 43
1787595898924 43
1787595899043 339
1787595899458 44
1787595899546 44
1787595899634 44
1787595899760 44
1787595899886 45
1787595900011 45
1787595900135 45
1787595900260 44
1787595900386 46
1787595900510 45
1787595900634 46
1787595900761 44
1787595900887 46
1787595901013 46
1787595901163 47
1787595901291 44
1787595901380 45
1787595901467 354
1787595901867 50
1787595902028 45
1787595902130 54
1787595902289 54
1787595902443 53
1787595902551 53
1787595902656 54
1787595902765 53
1787595902874 53
1787595903028 53
1787595903136 54
1787595903245 53
1787595903353 53
1787595903462 52
1787595903616 52
1787595903723 52
1787595903873 52
1787595904022 388
1787595904465 51
1787595904619 52
1787595904725 52
1787595904878 52
1787595904985 52
1787595905091 52
1787595905191 52
1787595905341 52
1787595905447 51
1787595905601 51
1787595905707 50
1787595905860 51
1787595905966 51
1787595906071 48
1787595906174 51
1787595906314 52
1787595906421 49
1787595906571 403
1787595907026 53
1787595907135 53
1787595907241 53
1787595907349 53
1787595907508 54
1787595907617 53
1787595907721 52
1787595907824 52
1787595907978 51
1787595908080 51
1787595908182 50
1787595908283 51
1787595908386 51
1787595908487 53
1787595908590 52
1787595908744 51
1787595908851 52
1787595909005 51
1787595909111 51
1787595909266 52
1787595909373 394
1787595909865 52
1787595910015 52
1787595910123 52
1787595910277 52
1787595910380 49
1787595910483 51
1787595910589 52
1787595910695 52
1787595910801 51
1787595910907 52
1787595911013 51
1787595911167 52
1787595911322 51
1787595911428 51
1787595911581 52
1787595911721 52
1787595911828 52
1787595911977 52
1787595912083 395
1787595912578 54
1787595912733 54
1787595912838 53
1787595912991 52
1787595913098 48
1787595913249 52
1787595913356 52
1787595913507 53
1787595913659 52
1787595913766 52
1787595913916 52
1787595914022 52
1787595914129 49
1787595914232 52
1787595914339 52
1787595914493 51
1787595914600 52
1787595914706 51
1787595914813 390
1787595915257 52
1787595915411 52
1787595915562 52
1787595915669 52
1787595915814 52
1787595915921 52
1787595916028 52
1787595916134 53
1787595916241 52
1787595916392 51
1787595916547 52
1787595916650 51
1787595916804 52
1787595916941 52
1787595917045 52
1787595917199 49
1787595917350 49
1787595917453 412
1787595917971 54
1787595918077 53
1787595918233 52
1787595918341 51
1787595918495 52
1787595918603 53
1787595918711 51
1787595918818 52
1787595918925 51
1787595919080 52
1787595919188 51
1787595919294 52
1787595919400 50
1787595919506 52
1787595919612 52
1787595919719 52
1787595919825 51
1787595919970 52
1787595920072 51
1787595920179 52
1787595920281 408
1787595920784 52
1787595920935 53
1787595921045 53
1787595921201 54
1787595921306 53
1787595921455 54
1787595921610 51
1787595921717 53
1787595921871 54
1787595921978 53
1787595922087 54
1787595922197 53
1787595922305 52
1787595922442 53
1787595922594 53
1787595922702 52
1787595922809 52
1787595922916 52
1787595923024 52
1787595923126 410
1787595923588 52
1787595923742 54
1787595923851 53
1787595924002 53
1787595924110 51
1787595924261 52
1787595924412 53
1787595924520 52
1787595924672 53
1787595924780 52
1787595924931 52
1787595925039 52
1787595925141 52
1787595925249 51
1787595925404 52
1787595925511 52
1787595925664 52
1787595925772 53
1787595925925 416
1787595926423 48
1787595926552 47
1787595926645 46
1787595926734 46
1787595926825 45
1787595926949 46
1787595927077 46
1787595927204 47
1787595927331 45
1787595927457 45
1787595927579 44
1787595927702 44
1787595927824 46
1787595927971 46
1787595928097 44
1787595928221 44
1787595928346 44
1787595928467 44
1787595928587 373
1787595929048 45
1787595929174 47
1787595929300 45
1787595929427 45
1787595929552 46
1787595929678 46
1787595929804 44
1787595929928 46
1787595930055 46
1787595930178 45
1787595930303 46
1787595930394 43
1787595930482 45
1787595930604 46
1787595930733 47
1787595930861 45
1787595930953 45
1787595931041 45
1787595931131 46
1787595931256 381
1787595931719 52
1787595931850 49
1787595931979 52
1787595932117 51
1787595932252 46
1787595932382 46
1787595932510 46
1787595932640 44
1787595932765 48
1787595932874 57
1787595933011 47
1787595933165 46
1787595933294 46
1787595933421 46
1787595933547 46
1787595933674 46
1787595933799 45
1787595933924 477
1787595934459 56
1787595934619 55
1787595934730 53
1787595934883 53
1787595934992 52
1787595935099 52
1787595935207 52
1787595935312 52
1787595935469 53
1787595935619 53
1787595935727 53
1787595935885 53
1787595935994 53
1787595936146 49
1787595936250 53
1787595936358 52
1787595936466 52
1787595936574 52
1787595936730 53
1787595936835 52
1787595936943 426
1787595937424 53
1787595937529 54
1787595937634 53
1787595937739 54
1787595937897 50
1787595938002 53
1787595938159 54
1787595938269 53
1787595938427 52
1787595938536 52
1787595938684 53
1787595938792 52
1787595938935 53
1787595939088 53
1787595939197 53
1787595939353 53
1787595939503 54
1787595939613 52
1787595939770 421
1787595940246 52
1787595940402 52
1787595940507 53
1787595940664 54
1787595940774 54
1787595940932 54
1787595941042 54
1787595941196 55
1787595941348 54
1787595941454 54
1787595941562 54
1787595941672 53
1787595941781 53
1787595941935 54
1787595942041 53
1787595942150 54
1787595942259 54
1787595942368 54
1787595942526 50
1787595942631 53
1787595942778 430
1787595943315 56
1787595943424 54
1787595943585 56
1787595943697 54
1787595943853 55
1787595943963 50
1787595944118 53
1787595944228 53
1787595944386 53
1787595944495 53
1787595944649 53
1787595944793 54
1787595944898 52
1787595945051 53
1787595945206 54
1787595945315 52
1787595945465 53
1787595945574 53
1787595945732 433
1787595946218 53
1787595946375 53
1787595946530 54
1787595946640 53
1787595946794 54
1787595946903 53
1787595947012 52
1787595947120 54
1787595947231 53
1787595947340 50
1787595947445 54
1787595947554 53
1787595947713 53
1787595947821 53
1787595947979 54
1787595948088 53
1787595948243 54
1787595948352 53
1787595948511 54
1787595948618 48
1787595948748 381
1787595949211 47
1787595949355 54
1787595949465 53
1787595949621 54
1787595949773 54
1787595949883 51
1787595950039 50
1787595950145 54
1787595950296 53
1787595950404 53
1787595950546 55
1787595950707 54
1787595950817 51
1787595950924 52
1787595951033 53
1787595951143 54
1787595951303 54
1787595951409 54
1787595951567 53
1787595951677 479
1787595952261 56
1787595952416 55
1787595952525 55
1787595952688 55
1787595952801 54
1787595952956 54
1787595953066 54
1787595953225 54
1787595953335 53
1787595953494 54
1787595953601 53
1787595953760 53
1787595953866 52
1787595954025 54
1787595954132 53
1787595954237 54
1787595954346 53
1787595954452 54
1787595954557 53
1787595954667 51
1787595954774 54
1787595954879 442
1787595955377 51
1787595955516 48
1787595955644 45
1787595955734 46
1787595955824 46
1787595955914 45
1787595956042 47
1787595956171 47
1787595956297 47
1787595956422 46
1787595956552 45
1787595956700 46
1787595956822 45
1787595956948 45
1787595957074 44
1787595957200 44
1787595957289 44
1787595957376 44
1787595957464 45
1787595957587 45
1787595957714 43
1787595957834 404
1787595958288 51
1787595958385 46
1787595958476 46
1787595958568 45
1787595958695 46
1787595958820 45
1787595958929 65
1787595959118 65
1787595959241 55
1787595959354 55
1787595959513 56
1787595959623 53
1787595959779 54
1787595959889 54
1787595959999 53
1787595960108 54
1787595960217 53
1787595960372 53
1787595960483 54
1787595960639 54
1787595960750 54
1787595960860 54
1787595960970 449
1787595961477 56
1787595961641 56
1787595961751 55
1787595961915 55
1787595962027 54
1787595962186 53
1787595962293 53
1787595962450 54
1787595962560 54
1787595962720 54
1787595962861 54
1787595962971 53
1787595963127 53
1787595963236 53
1787595963346 51
1787595963453 54
1787595963563 53
1787595963722 54
1787595963833 54
1787595963994 54
1787595964104 439
1787595964645 53
1787595964755 54
1787595964910 53
1787595965070 54
1787595965181 53
1787595965337 54
1787595965447 53
1787595965606 54
1787595965717 54
1787595965876 53
1787595965987 54
1787595966146 54
1787595966257 53
1787595966416 54
1787595966527 54
1787595966686 53
1787595966796 53
1787595966955 54
1787595967064 53
1787595967224 448
1787595967725 53
1787595967881 54
1787595967992 53
1787595968151 54
1787595968262 53
1787595968413 54
1787595968573 53
1787595968680 52
1787595968839 53
1787595968949 54
1787595969088 55
1787595969248 54
1787595969357 53
1787595969464 53
1787595969573 53
1787595969680 54
1787595969837 53
1787595969947 53
1787595970052 53
1787595970157 54
1787595970268 53
1787595970378 53
1787595970487 473
1787595971018 55
1787595971182 56
1787595971292 53
1787595971448 55
1787595971555 53
1787595971661 51
1787595971765 54
1787595971921 54
1787595972032 53
1787595972187 53
1787595972298 54
1787595972456 53
1787595972565 54
1787595972723 56
1787595972837 55
1787595973001 56
1787595973115 54
1787595973278 56
1787595973392 56
1787595973549 56
1787595973663 56
1787595973824 465
1787595974346 51
1787595974504 53
1787595974615 53
1787595974725 53
1787595974831 53
1787595974938 54
1787595975048 54
1787595975159 53
1787595975269 53
1787595975380 54
1787595975537 54
1787595975684 54
1787595975795 54
1787595975951 55
1787595976059 54
1787595976219 53
1787595976330 51
1787595976488 53
1787595976598 53
1787595976759 53
1787595976869 54
1787595977029 54
1787595977140 464
1787595977711 54
1787595977821 54
1787595977974 56
1787595978083 53
1787595978193 54
1787595978304 53
1787595978414 55
1787595978575 54
1787595978686 54
1787595978847 55
1787595978959 53
1787595979120 55
1787595979232 54
1787595979393 52
1787595979502 55
1787595979663 54
1787595979775 55
1787595979936 54
1787595980047 52
1787595980207 54
1787595980318 54
1787595980472 472
1787595981002 56
1787595981165 54
1787595981277 55
1787595981439 57
1787595981553 55
1787595981714 54
1787595981825 54
1787595981986 54
1787595982129 55
1787595982241 53
1787595982401 54
1787595982513 54
1787595982674 55
1787595982785 54
1787595982942 54
1787595983054 54
1787595983215 55
1787595983327 54
1787595983485 55
1787595983594 53
1787595983751 487
1787595984303 57
1787595984419 56
1787595984531 55
1787595984642 54
1787595984754 55
1787595984909 53
1787595985020 54
1787595985177 53
1787595985284 54
1787595985392 53
1787595985503 55
1787595985610 54
1787595985721 54
1787595985833 54
1787595985944 55
1787595986106 55
1787595986219 55
1787595986378 54
1787595986486 55
1787595986648 54
1787595986759 54
1787595986918 55
1787595987030 53
1787595987188 493
1787595987738 55
1787595987905 57
1787595988019 56
1787595988184 56
1787595988299 53
1787595988457 54
1787595988569 54
1787595988725 55
1787595988874 55
1787595988982 54
1787595989144 55
1787595989256 54
1787595989413 55
1787595989522 54
1787595989684 56
1787595989797 54
1787595989958 54
1787595990070 55
1787595990232 55
1787595990345 55
1787595990506 54
1787595990618 486
1787595991207 56
1787595991322 55
1787595991482 54
1787595991593 55
1787595991752 54
1787595991863 55
1787595992026 55
1787595992138 54
1787595992301 55
1787595992413 54
1787595992575 54
1787595992687 54
1787595992849 54
1787595992961 54
1787595993123 55
1787595993232 54
1787595993394 55
1787595993506 54
1787595993669 54
1787595993780 52
1787595993937 56
1787595994050 480
1787595994638 54
1787595994747 57
1787595994914 54
1787595995026 54
1787595995189 56
1787595995303 54
1787595995465 56
1787595995612 55
1787595995725 55
1787595995837 55
1787595995999 54
1787595996112 55
1787595996275 55
1787595996387 55
1787595996549 55
1787595996662 55
1787595996824 55
1787595996934 55
1787595997094 56
1787595997207 55
1787595997368 56
1787595997481 512
1787595998105 56
1787595998217 55
1787595998382 55
1787595998495 55
1787595998658 55
1787595998768 56
1787595998926 56
1787595999036 55
1787595999200 57
1787595999314 54
1787595999474 56
1787595999588 54
1787595999750 55
1787595999860 55
1787596000019 54
1787596000131 54
1787596000291 56
1787596000404 53
1787596000516 55
1787596000625 54
1787596000737 55
1787596000898 53
1787596001056 499
1787596001615 57
1787596001775 56
1787596001888 55
1787596002052 56
1787596002166 55
1787596002327 55
1787596002436 56
1787596002588 56
1787596002698 54
1787596002862 52
1787596002973 55
1787596003130 56
1787596003245 55
1787596003408 56
1787596003522 56
1787596003687 54
1787596003799 55
1787596003908 55
1787596004020 55
1787596004133 54
1787596004297 55
1787596004409 56
1787596004570 56
1787596004681 518
1787596005310 58
1787596005428 57
1787596005592 56
1787596005702 55
1787596005864 56
1787596005978 54
1787596006141 57
1787596006255 55
1787596006420 55
1787596006534 55
1787596006692 56
1787596006806 54
1787596006968 56
1787596007081 57
1787596007246 56
1787596007360 56
1787596007474 55
1787596007587 55
1787596007700 55
1787596007813 56
1787596007977 55
1787596008087 52
1787596008246 56
1787596008360 504
1787596008969 58
1787596009087 57
1787596009254 56
1787596009367 54
1787596009529 56
1787596009640 56
1787596009792 55
1787596009953 55
1787596010066 55
1787596010181 56
1787596010291 55
1787596010401 52
1787596010512 55
1787596010673 56
1787596010784 56
1787596010894 54
1787596011004 54
1787596011116 53
1787596011275 55
1787596011389 53
1787596011500 54
1787596011611 55
1787596011725 55
1787596011886 55
1787596012001 56
1787596012165 508
1787596012731 55
1787596012893 55
1787596013003 55
1787596013163 56
1787596013276 55
1787596013442 55
1787596013554 55
1787596013720 55
1787596013834 56
1787596013998 55
1787596014108 56
1787596014274 56
1787596014389 56
1787596014551 54
1787596014661 55
1787596014822 56
1787596014933 56
1787596015097 57
1787596015213 55
1787596015376 54
1787596015487 56
1787596015649 57
1787596015763 506
1787596016379 57
1787596016495 58
1787596016656 57
1787596016771 55
1787596016937 57
1787596017052 55
1787596017205 56
1787596017320 53
1787596017482 57
1787596017599 55
1787596017756 57
1787596017872 54
1787596018014 48
1787596018148 48
1787596018282 48
1787596018411 48
1787596018506 48
1787596018601 48
1787596018695 47
1787596018825 49
1787596018958 48
1787596019090 47
1787596019222 50
1787596019353 466
1787596019910 48
1787596020044 47
1787596020175 49
1787596020269 48
1787596020362 47
1787596020457 47
1787596020590 48
1787596020724 49
1787596020855 49
1787596020988 48
1787596021122 48
1787596021256 48
1787596021352 48
1787596021445 47
1787596021539 48
1787596021668 48
1787596021798 49
1787596021929 48
1787596022061 48
1787596022195 49
1787596022330 47
1787596022463 48
1787596022558 48
1787596022654 45
1787596022746 48
1787596022879 48
1787596023012 466
1787596023569 49
1787596023702 47
1787596023797 49
1787596023890 45
1787596023982 47
1787596024114 46
1787596024245 46
1787596024385 55
1787596024494 56
1787596024609 56
1787596024724 251
1787596025043 69
1787596025171 59
1787596025290 58
1787596025408 58
1787596025526 59
1787596025697 59
1787596025813 59
1787596025984 59
1787596026103 54
1787596026215 57
1787596026383 56
1787596026498 57
1787596026664 57
1787596026780 56
1787596026944 59
1787596027059 504
1787596027673 60
1787596027792 57
1787596027960 57
1787596028076 57
1787596028192 56
1787596028307 57
1787596028423 57
1787596028538 58
1787596028702 57
1787596028817 57
1787596028984 55
1787596029097 57
1787596029261 60
1787596029379 56
1787596029545 56
1787596029657 57
1787596029818 56
1787596029933 56
1787596030099 56
1787596030214 56
1787596030381 55
1787596030495 56
1787596030609 56
1787596030721 56
1787596030832 56
1787596030947 540
1787596031593 59
1787596031712 59
1787596031880 59
1787596031999 59
1787596032166 57
1787596032321 57
1787596032435 55
1787596032549 56
1787596032713 56
1787596032829 57
1787596032993 54
1787596033105 56
1787596033273 58
1787596033389 56
1787596033556 57
1787596033671 58
1787596033839 57
1787596033955 57
1787596034070 57
1787596034186 58
1787596034302 55
1787596034416 57
1787596034583 57
1787596034699 57
1787596034866 536
1787596035464 60
1787596035584 58
1787596035751 59
1787596035870 57
1787596036040 60
1787596036157 58
1787596036276 57
1787596036394 59
1787596036513 57
1787596036631 57
1787596036802 58
1787596036920 59
1787596037086 56
1787596037202 58
1787596037318 58
1787596037434 57
1787596037547 58
1787596037664 56
1787596037832 58
1787596037949 55
1787596038113 57
1787596038229 57
1787596038393 57
1787596038505 57
1787596038673 55
1787596038788 57
1787596038953 540
1787596039552 57
1787596039668 55
1787596039783 56
1787596039896 57
1787596040011 57
1787596040168 57
1787596040282 57
1787596040450 57
1787596040565 57
1787596040733 57
1787596040845 56
1787596041013 57
1787596041129 56
1787596041296 57
1787596041412 56
1787596041576 57
1787596041689 57
1787596041804 56
1787596041918 55
1787596042033 55
1787596042147 56
1787596042312 57
1787596042428 55
1787596042591 56
1787596042707 56
1787596042873 56
1787596042985 560
1787596043657 56
1787596043771 56
1787596043938 56
1787596044053 56
1787596044169 56
1787596044284 56
1787596044399 56
1787596044513 57
1787596044678 57
1787596044790 57
1787596044955 57
1787596045070 57
1787596045238 56
1787596045353 55
1787596045513 57
1787596045629 56
1787596045797 57
1787596045910 57
1787596046027 57
1787596046139 56
1787596046255 57
1787596046368 58
1787596046534 58
1787596046651 56
1787596046815 57
1787596046927 56
1787596047096 577
1787596047741 67
1787596047873 60
1787596048041 58
1787596048198 56
1787596048312 56
1787596048427 56
1787596048543 57
1787596048659 57
1787596048775 57
1787596048939 56
1787596049055 57
1787596049220 57
1787596049332 56
1787596049501 59
1787596049620 56
1787596049736 55
1787596049901 57
1787596050017 56
1787596050182 57
1787596050294 56
1787596050459 57
1787596050576 55
1787596050737 56
1787596050853 55
1787596051016 57
1787596051133 533
1787596051775 57
1787596051892 56
1787596052056 56
1787596052172 54
1787596052338 56
1787596052453 57
1787596052621 57
1787596052737 56
1787596052853 56
1787596052970 57
1787596053086 57
1787596053203 57
1787596053320 57
1787596053436 57
1787596053549 57
1787596053665 57
1787596053781 57
1787596053897 56
1787596054010 57
1787596054179 57
1787596054296 56
1787596054463 57
1787596054579 57
1787596054695 56
1787596054810 57
1787596054925 56
1787596055041 55
1787596055208 57
1787596055325 54
1787596055438 564
1787596056060 59
1787596056176 58
1787596056295 57
1787596056452 59
1787596056571 57
1787596056741 56
1787596056854 57
1787596057018 56
1787596057133 58
1787596057295 58
1787596057413 57
1787596057579 58
1787596057692 57
1787596057862 56
1787596057978 55
1787596058141 58
1787596058259 57
1787596058375 58
1787596058492 57
1787596058605 57
1787596058720 57
1787596058832 58
1787596058947 57
1787596059060 55
1787596059175 57
1787596059290 58
1787596059407 57
1787596059524 57
1787596059694 578
1787596060333 59
1787596060507 58
1787596060626 57
1787596060741 56
1787596060857 57
1787596060973 56
1787596061089 57
1787596061255 57
1787596061372 57
1787596061539 57
1787596061656 56
1787596061771 57
1787596061938 57
1787596062051 54
1787596062219 58
1787596062336 56
1787596062502 56
1787596062618 56
1787596062781 54
1787596062890 57
1787596063056 57
1787596063172 58
1787596063338 56
1787596063455 57
1787596063571 57
1787596063688 56
1787596063804 57
1787596063921 566
1787596064598 60
1787596064720 59
1787596064880 71
1787596065014 57
1787596065133 59
1787596065253 59
1787596065372 57
1787596065488 57
1787596065658 56
1787596065774 56
1787596065890 57
1787596066059 57
1787596066177 57
1787596066347 58
1787596066466 56
1787596066635 58
1787596066749 58
1787596066867 58
1787596066981 57
1787596067099 57
1787596067216 57
1787596067387 57
1787596067503 56
1787596067672 57
1787596067789 54
1787596067902 57
1787596068069 58
1787596068186 591
1787596068892 59
1787596069008 56
1787596069177 56
1787596069293 56
1787596069409 56
1787596069522 58
1787596069639 56
1787596069755 57
1787596069925 58
1787596070043 56
1787596070208 60
1787596070329 58
1787596070447 58
1787596070565 57
1787596070682 57
1787596070799 58
1787596070966 58
1787596071084 58
1787596071201 58
1787596071315 57
1787596071432 57
1787596071549 57
1787596071719 58
1787596071833 58
1787596072003 58
1787596072120 58
1787596072235 57
1787596072352 58
1787596072469 57
1787596072587 58
1787596072758 808
1787596073625 60
1787596073784 60
1787596073906 57
1787596074071 59
1787596074187 57
1787596074352 58
1787596074468 57
1787596074586 59
1787596074756 57
1787596074870 58
1787596075040 60
1787596075162 59
1787596075334 57
1787596075452 57
1787596075569 57
1787596075686 57
1787596075803 57
1787596075920 57
1787596076090 59
1787596076205 56
1787596076368 57
1787596076486 57
1787596076603 58
1787596076717 57
1787596076835 57
1787596076950 55
1787596077115 57
1787596077229 58
1787596077399 554
1787596078014 61
1787596078135 58
1787596078254 59
1787596078370 57
1787596078487 57
1787596078658 55
1787596078774 59
1787596078946 58
1787596079064 58
1787596079182 58
1787596079349 58
1787596079467 57
1787596079638 56
1787596079754 58
1787596079923 59
1787596080043 58
1787596080214 57
1787596080332 57
1787596080449 58
1787596080621 58
1787596080739 57
1787596080910 59
1787596081029 58
1787596081147 59
1787596081266 57
1787596081383 58
1787596081501 58
1787596081670 57
1787596081787 575
1787596082463 60
1787596082582 56
1787596082752 59
1787596082873 59
1787596082993 59
1787596083114 59
1787596083231 60
1787596083349 57
1787596083519 57
1787596083638 58
1787596083756 57
1787596083926 58
1787596084041 57
1787596084211 58
1787596084330 56
1787596084496 57
1787596084610 59
1787596084781 58
1787596084899 58
1787596085016 58
1787596085188 58
1787596085305 57
1787596085475 58
1787596085591 58
1787596085709 58
1787596085827 58
1787596085944 57
1787596086063 57
1787596086230 617
1787596086916 60
1787596087038 61
1787596087215 59
1787596087335 61
1787596087458 61
1787596087635 71
1787596087776 69
1787596087904 59
1787596088080 60
1787596088203 59
1787596088378 61
1787596088500 58
1787596088620 58
1787596088738 57
1787596088855 58
1787596088974 58
1787596089140 57
1787596089255 58
1787596089427 59
1787596089546 59
1787596089664 58
1787596089833 59
1787596089951 59
1787596090121 59
1787596090240 59
1787596090409 58
1787596090527 57
1787596090645 58
1787596090803 602
1787596091476 71
1787596091617 70
1787596091752 59
1787596091873 57
1787596091989 59
1787596092110 60
1787596092283 58
1787596092402 58
1787596092574 55
1787596092690 59
1787596092855 58
1787596092970 57
1787596093092 57
1787596093257 58
1787596093376 57
1787596093544 58
1787596093660 57
1787596093831 58
1787596093947 59
1787596094123 58
1787596094243 57
1787596094357 56
1787596094471 57
1787596094585 58
1787596094704 58
1787596094874 59
1787596094994 57
1787596095112 58
1787596095232 59
1787596095351 58
1787596095470 616
1787596096152 59
1787596096329 60
1787596096450 59
1787596096621 58
1787596096738 59
1787596096857 57
1787596097024 58
1787596097142 57
1787596097311 58
1787596097429 58
1787596097600 58
1787596097716 58
1787596097889 58
1787596098008 58
1787596098126 58
1787596098293 59
1787596098412 57
1787596098583 58
1787596098700 58
1787596098819 58
1787596098986 59
1787596099105 58
1787596099279 57
1787596099397 57
1787596099514 58
1787596099634 59
1787596099753 57
1787596099872 58
1787596100030 580
1787596100671 58
1787596100841 59
1787596100958 58
1787596101131 58
1787596101250 58
1787596101368 58
1787596101541 58
1787596101660 59
1787596101834 59
1787596101954 59
1787596102074 59
1787596102245 58
1787596102361 58
1787596102531 59
1787596102651 58
1787596102820 59
1787596102940 59
1787596103060 56
1787596103228 59
1787596103348 58
1787596103520 59
1787596103638 59
1787596103757 58
1787596103872 58
1787596103989 57
1787596104104 59
1787596104278 58
1787596104398 58
1787596104518 58
1787596104634 58
1787596104754 598
1787596105413 58
1787596105534 61
1787596105658 61
1787596105892 62
1787596106020 65
1787596106328 65
1787596106573 63
1787596106706 673
1787596107501 66
1787596107637 66
1787596107772 656
1787596108499 66
1787596108634 66
1787596108769 66
1787596108905 652
1787596109678 68
1787596109817 67
1787596109954 650
1787596110674 65
1787596110810 67
1787596110948 66
1787596111081 664
1787596111864 68
1787596112001 67
1787596112136 708
1787596112920 68
1787596113058 65
1787596113195 67
1787596113334 705
1787596114162 66
1787596114297 66
1787596114426 714
1787596115213 60
1787596115340 58
1787596115465 59
1787596115592 717
1787596116420 63
1787596116546 60
1787596116673 58
1787596116798 730
1787596117598 60
1787596117724 60
1787596117851 59
1787596117977 60
1787596118148 940
1787596119162 61
1787596119287 59
1787596119411 57
1787596119535 60
1787596119658 744
1787596120472 61
1787596120599 59
1787596120771 61
1787596120899 759
1787596121732 60
1787596121859 60
1787596121985 61
1787596122111 61
1787596122239 733
1787596123037 63
1787596123209 62
1787596123340 61
1787596123468 745
1787596124284 63
1787596124417 61
1787596124546 61
1787596124675 755
1787596125502 61
1787596125678 61
1787596125808 60
1787596125935 758
1787596126762 61
1787596126891 63
1787596127020 61
1787596127149 61
1787596127279 768
1787596128165 64
1787596128296 61
1787596128423 62
1787596128554 757
1787596129377 64
1787596129508 63
1787596129638 62
1787596129767 59
1787596129941 750
1787596130759 61
1787596130889 62
1787596131019 63
1787596131150 61
1787596131276 63
1787596131405 793
1787596132272 65
1787596132407 63
1787596132537 63
1787596132724 71
1787596132869 71
1787596133069 797
1787596133952 89
1787596134117 72
1787596134265 818
1787596135168 90
1787596135388 795
1787596136261 75
1787596136411 73
1787596136558 868
1787596137514 89
1787596137756 858
1787596138697 75
1787596138847 75
1787596139000 840
1787596139914 68
1787596140098 67
1787596140236 70
1787596140383 856
1787596141317 73
1787596141466 73
1787596141617 804
1787596142556 77
1787596142710 74
1787596142859 842
1787596143775 77
1787596143930 74
1787596144080 825
1787596145039 74
1787596145190 74
1787596145339 836
1787596146250 74
1787596146401 73
1787596146550 75
1787596146759 897
1787596147733 74
1787596147883 76
1787596148035 73
1787596148186 879
1787596149143 77
1787596149355 78
1787596149510 867
1787596150456 77
1787596150613 75
1787596150767 75
1787596150919 914
1787596151965 77
1787596152120 76
1787596152274 924
1787596153256 943
1787596154336 68
1787596159115 69
1787596168060 82
1787596176366 960
1787596177403 69
1787596178472 67
1787596178686 70
1787596184574 69
1787596184716 67
1787596184920 68
1787596185060 67
1787596185198 67
1787596185338 67
1787596185542 68
1787596185746 66
1787596186010 67
1787596186408 68
1787596186678 68
1787596186821 67
1787596187024 68
1787596187231 67
1787596191841 70
1787596192049 65
1787596192187 67
1787596192453 68
1787596192594 68
1787596192736 68
1787596193072 68
1787596193470 68
1787596194194 919
1787596195315 66
1787596195649 68
1787596195920 67
1787596196121 67
1787596199685 67
1787596199942 69
1787596200150 68
1787596200422 69
1787596200563 69
1787596200771 69
1787596201106 68
1787596201377 68
1787596202027 70
1787596203002 67
1787596203143 67
1787596203283 68
1787596203555 67
1787596204339 68
1787596210705 70
1787596216894 951
1787596217987 68
1787596218131 70
1787596218401 68
1787596218540 68
1787596218679 69
1787596218821 70
1787596218963 68
1787596219168 70
1787596219311 71
1787596219456 70
1787596219666 69
1787596224845 68
1787596224985 69
1787596225127 68
1787596225270 70
1787596225742 67
1787596225882 69
1787596226026 67
1787596226814 70
1787596227022 67
1787596227162 70
1787596227371 68
1787596227513 69
1787596232233 72
1787596232380 67
1787596232583 68
1787596232849 67
1787596232989 67
1787596233127 67
1787596233267 68
1787596233406 67
1787596233611 67
1787596233880 68
1787596234795 967
1787596236092 67
1787596236231 68
1787596236372 68
1787596236578 67
1787596243100 73
1787596243246 76
1787596243394 76
1787596243544 946
1787596244569 78
1787596244777 76
1787596244928 77
1787596245079 944
1787596246096 76
1787596246245 77
1787596246397 77
1787596246546 77
1787596246698 1012
1787596247843 77
1787596247994 77
1787596248144 77
1787596248294 1033
1787596249404 73
1787596249552 75
1787596249701 79
1787596249854 77
1787596250054 996
1787596251127 78
1787596251279 79
1787596251433 78
1787596251587 78
1787596251740 1057
1787596252874 69
1787596253020 78
1787596254636 80
1787596254790 78
1787596254944 79
1787596255097 79
1787596256518 79
1787596256739 77
1787596256891 79
1787596257046 79
1787596257198 79
1787596258559 79
1787596258713 79
1787596258856 79
1787596259010 79
1787596259164 78
1787596259317 78
1787596259469 79
1787596259622 79
1787596261388 81
1787596261546 80
1787596261763 1022
1787596262866 84
1787596263029 84
1787596263260 81
1787596263420 81
1787596263577 80
1787596264220 81
1787596264376 77
1787596264529 80
1787596264688 80
1787596264844 81
1787596265001 81
1787596265158 81
1787596265314 81
1787596265471 82
1787596265628 82
1787596265786 83
1787596265945 1028
1787596267053 86
1787596267219 86
1787596267382 85
1787596267546 85
1787596267711 82
1787596267873 82
1787596268032 81
1787596268190 81
1787596268349 81
1787596268567 84
1787596268728 82
1787596268886 82
1787596269045 82
1787596269205 82
1787596269363 85
1787596269525 1082
1787596270686 85
1787596270850 81
1787596271009 80
1787596271167 80
1787596271326 82
1787596271483 83
1787596271643 81
1787596271802 83
1787596271962 82
1787596272120 83
1787596272280 81
1787596272438 82
1787596272597 81
1787596272756 82
1787596272916 82
1787596273074 1054
1787596274209 83
1787596274371 83
1787596274530 84
1787596274690 83
1787596274850 83
1787596275012 81
1787596275169 83
1787596275329 82
1787596275489 83
1787596275712 81
1787596275872 84
1787596276033 84
1787596276194 82
1787596276354 83
1787596276514 85
1787596276676 1133
1787596277890 88
1787596278058 82
1787596278218 83
1787596278378 84
1787596278541 83
1787596278702 83
1787596278862 82
1787596279021 83
1787596279182 81
1787596279342 81
1787596279501 84
1787596279662 84
1787596279824 83
1787596279984 84
1787596280145 83
1787596280307 83
1787596280469 1114
1787596281665 88
1787596281834 79
1787596281994 84
1787596282159 83
1787596282322 82
1787596282485 83
1787596282649 85
1787596289237 83
1787596289542 85
1787596289706 81
1787596297541 87
1787596298140 81
1787596298372 82
1787596309143 1079
1787596310302 82
1787596310525 84
1787596310687 83
1787596310850 83
1787596311009 67
1787596311155 81
1787596311316 85
1787596311478 84
1787596311638 83
1787596311801 84
1787596311963 82
1787596312122 86
1787596312286 84
1787596312448 84
1787596312609 84
1787596312771 85
1787596312935 83
1787596313095 83
1787596313256 84
1787596313418 83
1787596313579 82
1787596313741 85
1787596313904 84
1787596314065 85
1787596314229 85
1787596314393 1058
1787596315529 70
1787596315682 87
1787596315848 85
1787596316012 82
1787596316175 85
1787596316338 85
1787596316503 85
1787596316667 85
1787596317123 84
1787596317288 85
1787596317670 83
1787596317835 83
1787596317999 84
1787596318163 69
1787596318317 70
1787596339433 1112
1787596340627 87
1787596340866 84
1787596341608 85
1787596341772 83
1787596341934 83
1787596342096 83
1787596342259 86
1787596343139 84
1787596343373 84
1787596357424 83
1787596358164 82
1787596358398 85
1787596358563 84
1787596358726 83
1787596365172 1057
1787596366380 84
1787596371933 83
1787596373461 84
1787596373842 85
1787596374005 84
1787596375250 86
1787596379531 84
1787596380051 87
1787596380218 84
1787596380599 87
1787596381847 86
1787596382812 84
1787596382975 86
1787596383141 86
1787596395681 1107
1787596397540 87
1787596397859 88
1787596403174 85
1787596403992 85
1787596405313 88
1787596406126 85
1787596406651 85
1787596406889 84
1787596414827 84
1787596418393 1140
1787596420478 85
1787596421437 86
1787596422401 86
1787596425595 85
1787596426769 86
1787596427951 87
1787596428692 86
1787596429006 85
1787596429316 84
1787596430931 89
1787596435853 86
1787596436736 86
1787596437844 86
1787596447647 1112
1787596449739 89
1787596452193 88
1787596452435 86
1787596470960 1099
1787596474615 86
1787596475002 87
1787596475539 87
1787596475706 98
1787596475895 96
1787596476072 1128
1787596477284 91
1787596477458 93
1787596477636 92
1787596477812 91
1787596477972 88
1787596478143 80
1787596478295 82
1787596478460 82
1787596478773 83
1787596479014 83
1787596479244 81
1787596479707 83
1787596479872 83
1787596480340 82
1787596480505 82
1787596480669 83
1787596481136 83
1787596481302 1154
1787596482840 82
1787596483003 84
1787596483169 82
1787596483559 79
1787596483720 82
1787596483884 81
1787596484471 92
1787596484652 85
1787596484830 92
1787596485445 91
1787596486061 93
1787596487284 91
1787596487469 93
1787596492152 93
1787596501421 92
1787596511203 1105
1787596512834 94
1787596513453 91
1787596514072 91
1787596514689 93
1787596515310 93
1787596515844 93
1787596516378 93
1787596516913 93
1787596520157 92
1787596520691 92
1787596521303 92
1787596521838 93
1787596522375 94
1787596522821 83
1787596522999 94
1787596523437 91
1787596523877 85
1787596524307 92
1787596524493 93
1787596536649 1157
1787596538077 88
1787596538433 82
1787596538610 94
1787596539138 92
1787596542743 95
1787596542923 90
1787596545005 89
1787596548515 84
1787596549550 79
1787596552303 86
1787596553087 92
1787596553692 94
1787596554058 94
1787596556299 85
1787596556469 84
1787596556637 84
1787596556806 85
1787596556975 86
1787596557144 84
1787596557312 85
1787596557546 86
1787596557717 87
1787596558041 1182
1787596559311 85
1787596559481 84
1787596559649 85
1787596559818 84
1787596559985 83
1787596560154 85
1787596560324 84
1787596560493 82
1787596560661 87
1787596560833 85
1787596562224 85
1787596562395 87
1787596563646 80
1787596563811 86
1787596565060 71
1787596565204 70
1787596565489 86
1787596624083 1104
1787596668743 1092
1787596669925 86
1787596670096 85
1787596670267 83
1787596670436 85
1787596670608 80
1787596670775 83
1787596670944 84
1787596816132 1172
1787596817803 91
1787596817983 90
1787596818162 90
1787596887838 1184
1787596892050 74
1787596892214 89
1787596893408 86
1787596893578 86
1787596893747 86
1787596894075 87
1787596895089 85
1787596895261 77
1787596953421 1134
1787596998478 1192
1787597144594 1190
1787597145878 107
1787597146488 86
1787597146661 86
1787597216839 1326
1787597220942 87
1787597221118 89
1787597221372 89
1787597221546 89
1787597222505 86
1787597222679 88
1787597223009 88
1787597223884 87
1787597224057 90
1787597284934 1171
1787597477281 1123
1787597548753 1179
1787597552882 87
1787597553056 87
1787597553230 88
1787597554273 85
1787597554443 88
1787597554619 88
1787597554794 89
1787597555833 70
1787597556157 70
1787597556298 93
1787597616661 992
1787597808204 999
1787597884077 1091
1787597888029 82
1787597888270 81
1787597888436 82
1787597889421 84
1787597889662 85
1787597889830 83
1787597889995 83
1787597890913 84
1787597891079 83
1787597891456 79
1787597950110 1146
1787598139729 1112
1787598210510 1145
1787598214651 80
1787598214813 81
1787598215051 80
1787598216178 83
1787598216342 81
1787598216505 82
1787598217631 80
1787598217794 82
1787598217958 83
1787598275968 1132
1787598321005 1133
1787598322222 81
1787598322385 249
1787598468143 1108
1787598469340 80
1787598540857 1075
1787598544956 76
1787598545111 77
1787598546375 76
1787598546531 76
1787598547860 75
1787598605488 1064
1787598794695 1086
1787598868739 1052
1787598872863 74
1787598873016 76
1787598874267 75
1787598874419 74
1787598874575 78
1787598874730 77
1787598875781 75
1787598875944 86
1787598933834 1068
1787599123261 1077
1787599181023 1058
1787599199839 79
1787599202891 1045
1787599204014 76
1787599204164 75
1787599204315 75
1787599204480 77
1787599205439 73
1787599205590 74
1787599205738 73
1787599205886 73
1787599206976 73
1787599207127 87
1787599207298 86
1787599266943 1053
1787599334638 1071
1787599458492 1049
1787599459619 79
1787599530150 1043
1787599534137 72
1787599534287 74
1787599534434 74
1787599535578 73
1787599535729 74
1787599535877 74
1787599537082 72
1787599537230 91
1787599537409 92
1787599595314 1034
1787599785596 1174
1787599858496 1125
1787599862674 86
1787599862846 87
1787599864111 86
1787599864283 85
1787599865542 88
1787599865716 88
1787599923452 1139
1787600113583 1120
1787600186542 1210
1787600190767 86
1787600190940 86
1787600191112 88
1787600191287 87
1787600192392 87
1787600192565 87
1787600192898 89
1787600193930 89
1787600194263 89
1787600194448 97
1787600194720 89
1787600262257 1130
1787600346105 1103
1787600348081 87
1787600348569 87
1787600348820 85
1787600349148 88
1787600349795 87
1787600349969 86
1787600353850 88
1787600354027 89
1787600354600 89
1787600354779 1176
1787600356456 91
1787600356638 88
1787600357764 90
1787600357942 88
1787600358119 83
1787600358365 1132
1787600364012 90
1787600364425 87
1787600364600 87
1787600364764 87
1787600364939 92
1787600365121 92
1787600365304 92
1787600365486 90
1787600365665 91
1787600365846 87
1787600366023 89
1787600366199 88
1787600366374 89
1787600366549 87
1787600366724 88
1787600366901 89
1787600367079 88
1787600367255 90
1787600367432 89
1787600367610 88
1787600367786 88
1787600367963 89
1787600368142 1200
1787600369436 89
1787600369612 89
1787600369789 92
1787600369968 90
1787600370147 78
1787600370319 85
1787600370493 88
1787600370669 89
1787600370845 88
1787600371020 90
1787600371197 89
1787600371375 90
1787600371553 90
1787600371800 91
1787600371982 89
1787600372161 91
1787600372342 89
1787600372520 1219
1787600373913 90
1787600374093 90
1787600374272 89
1787600374450 90
1787600374629 89
1787600374808 89
1787600374987 88
1787600379811 89
1787600379991 87
1787600380166 90
1787600380344 90
1787600380521 87
1787600380696 87
1787600380953 90
1787600381133 90
1787600381301 89
1787600381478 89
1787600381814 87
1787600381979 88
1787600382155 91
1787600382335 91
1787600382677 90
1787600382856 1216
1787600384169 93
1787600384353 94
1787600384621 94
1787600384806 93
1787600384989 93
1787600385175 93
1787600385429 94
1787600385615 94
1787600385800 93
1787600385985 93
1787600386170 94
1787600386355 88
1787600386612 91
1787600386793 91
1787600386975 89
1787600387154 1223
1787600388474 93
1787600388741 94
1787600388927 94
1787600389113 89
1787600389295 88
1787600389475 90
1787600389656 89
1787600389999 91
1787600390178 89
1787600390358 90
1787600390539 91
1787600394953 90
1787600395385 89
1787600395565 91
1787600395990 90
1787600396168 92
1787600396349 85
1787600396526 1230
1787600397849 94
1787600398035 89
1787600398215 91
1787600398395 89
1787600398575 82
1787600398751 95
1787600399012 96
1787600399203 94
1787600399391 96
1787600399582 93
1787600399766 91
1787600399946 91
1787600400128 1255
1787600401482 97
1787600401673 96
1787600401861 96
1787600402137 90
1787600402318 91
1787600402498 90
1787600402678 91
1787600402858 90
1787600403121 91
1787600403302 91
1787600403483 90
1787600403664 90
1787600403844 89
1787600404025 1209
1787600405328 94
1787600405515 94
1787600405701 90
1787600405883 90
1787600406063 92
1787600406318 93
1787600406501 92
1787600406684 92
1787600406868 90
1787600407050 90
1787600407230 90
1787600407494 92
1787600407677 90
1787600407857 90
1787600408039 91
1787600408218 91
1787600408400 1295
1787600409790 91
1787600409971 92
1787600410156 91
1787600410338 92
1787600410520 92
1787600410703 91
1787600410886 91
1787600411068 89
1787600411250 92
1787600411434 92
1787600411705 91
1787600411889 92
1787600412075 91
1787600412261 91
1787600412447 93
1787600412633 91
1787600412905 1225
1787600414223 91
1787600414408 92
1787600414594 92
1787600414866 91
1787600415053 92
1787600415312 82
1787600415578 91
1787600415763 91
1787600415948 91
1787600416133 91
1787600416404 93
1787600416591 93
1787600416779 91
1787600416965 91
1787600417235 92
1787600417420 91
1787600417605 92
1787600417790 1267
1787600419153 92
1787600419340 91
1787600419524 92
1787600419709 91
1787600419894 94
1787600420082 91
1787600420268 92
1787600420452 92
1787600420637 93
1787600420821 93
1787600421006 94
1787600421195 92
1787600421381 91
1787600421564 92
1787600421750 94
1787600421936 91
1787600422120 95
1787600422307 1268
1787600423671 91
1787600423854 93
1787600424038 95
1787600424309 92
1787600424566 92
1787600424750 93
1787600424936 93
1787600425122 94
1787600425310 93
1787600425496 93
1787600425682 93
1787600425867 94
1787600426054 93
1787600426240 94
1787600426428 92
1787600426612 93
1787600426798 93
1787600426984 94
1787600427170 91
1787600427355 92
1787600427878 95
1787600428321 1279
1787600429952 92
1787600440759 93
1787600440945 93
1787600441132 94
1787600441319 95
1787600441507 95
1787600441695 92
1787600441880 95
1787600442067 93
1787600442253 94
1787600442440 92
1787600442626 94
1787600442812 94
1787600442999 94
1787600443186 1299
1787600444584 99
1787600444779 95
1787600444958 94
1787600445217 97
1787600445407 93
1787600445594 96
1787600445782 95
1787600445970 97
1787600446163 96
1787600446352 90
1787600446537 95
1787600446726 94
1787600446914 95
1787600447104 95
1787600447293 1298
1787600448687 97
1787600448880 95
1787600449069 95
1787600449259 93
1787600449446 96
1787600449636 96
1787600449825 96
1787600450016 96
1787600450206 95
1787600452749 95
1787600453024 96
1787600453213 94
1787600453490 96
1787600453767 95
1787600453955 96
1787600454146 95
1787600454335 96
1787600454527 96
1787600454706 95
1787600454896 95
1787600455086 96
1787600455265 95
1787600455455 95
1787600455644 96
1787600455834 94
1787600456023 94
1787600456211 95
1787600456402 1198
1787600457701 99
1787600457898 96
1787600458088 98
1787600458354 98
1787600458546 96
1787600458738 97
1787600458930 96
1787600459122 97
1787600459316 98
1787600459511 96
1787600459704 97
1787600459896 97
1787600460089 96
1787600460281 95
1787600460561 97
1787600460755 95
1787600462895 98
1787600463079 97
1787600463352 95
1787600463630 95
1787600463811 96
1787600463991 95
1787600464182 96
1787600464374 96
1787600464555 97
1787600464749 98
1787600464943 97
1787600465135 98
1787600465329 1320
1787600466745 120
1787600466951 120
1787600467168 120
1787600467385 121
1787600467604 120
1787600467821 122
1787600468040 120
1787600468257 119
1787600468474 121
1787600468693 120
1787600468912 121
1787600469130 120
1787600469348 122
1787600469568 122
1787600469788 123
1787600470008 123
1787600470229 120
1787600471174 120
1787600475100 110
1787600475308 107
1787600475513 105
1787600475715 107
1787600475921 106
1787600476126 106
1787600479197 109
1787600536721 1346
1787600539058 100
1787600539525 100
1787600539723 97
1787600539919 99
1787600544742 105
1787600544943 105
1787600545146 104
1787600545348 105
1787600545551 105
1787600545835 106
1787600547372 105
1787600566573 1342
1787600606964 1350
1787600609306 97
1787600609499 98
1787600609695 96
1787600609890 95
1787600610083 98
1787600610279 100
1787600610477 99
1787600615364 119
1787600615580 118
1787600615883 118
1787600616097 118
1787600616312 118
1787600616528 118
1787600616745 122
1787600616965 119
1787600618956 117
1787600676974 1305
1787600679255 105
1787600679455 103
1787600679653 105
1787600679854 105
1787600680055 105
1787600680254 106
1787600680456 106
1787600680660 106
1787600685385 96
1787600685577 95
1787600685944 97
1787600686136 96
1787600686328 97
1787600686520 96
1787600688825 96
1787600746604 1335
1787600748904 104
1787600754443 93
1787600754632 95
1787600754823 94
1787600755270 96
1787600755461 95
1787600755651 95
1787600755841 96
1787600756295 96
1787600815425 1261
1787600817739 103
1787600885560 1293
1787600886951 105
1787600887153 104
1787600887440 105
1787600887641 103
1787600888800 105
1787600954726 1320
1787600956142 105
1787600956332 105
1787600956701 106
1787600956903 105
1787600957103 104
1787600957302 106
1787600957503 104
1787600957701 102
1787600962368 101
1787600962565 104
1787600962764 102
1787600962960 103
1787600963157 106
1787600963703 104
1787600963901 104
1787600965649 105
1787601024484 1312
1787601026775 98
1787601027918 99
1787601028113 101
1787601028827 101
1787601078900 1325
1787601080327 109
1787601080535 110
1787601080742 102
1787601080940 105
1787601081140 105
1787601081342 102
1787601095759 99
1787601096821 101
1787601098145 100
1787601098341 98
1787601098534 100
1787601098731 101
1787601098928 100
1787601102657 103
1787601102854 1325
1787601104278 104
1787601105430 101
1787601105626 102
1787601105825 103
1787601106023 104
1787601147696 1317
1787601149111 102
1787601149309 103
1787601149511 104
1787601149711 102
1787601149997 101
1787601167538 98
1787601168592 103
1787601170352 99
1787601170547 103
1787601170921 102
1787601174216 1305
1787601175621 110
1787601175826 102
1787601176112 104
1787601176303 103
1787601177444 104
1787601177645 103
1787601177844 103
1787601178130 102
1787601216031 1335
1787601217462 106
1787601217665 105
1787601218040 107
1787601218244 105
1787601218446 105
1787601218648 105
1787601218937 105
1787601239615 113
1787601240773 1331
1787601247931 103
1787601248216 102
1787601248413 104
1787601249301 104
1787601249499 102
1787601249694 104
1787601249893 105
1787601250095 103
1787601250295 102
1787601251009 102
1787601284643 1340
1787601286080 107
1787601286283 110
1787601286664 107
1787601286866 105
1787601287068 107
1787601287272 105
1787601287473 102
1787601287671 106
1787601287873 107
1787601292631 102
1787601292830 104
1787601295395 103
1787601311873 1343
1787601314186 112
1787601320731 104
1787601321019 105
1787601321221 103
1787601321420 106
1787601321796 103
1787601321997 107
1787601322462 103
1787601322663 106
1787601322867 107
1787601353909 1345
1787601355356 110
1787601355563 106
1787601355766 107
1787601356055 105
1787601356258 103
1787601361460 103
1787601361658 107
1787601361861 108
1787601362065 108
1787601363920 104
1787601383746 1338
1787601386051 116
1787601393359 104
1787601393559 104
1787601393761 103
1787601421842 1321
1787601423261 104
1787601423462 102
1787601423747 104
1787601423948 102
1787601424147 104
1787601424347 106
1787601424550 103
1787601426071 103
1787601429514 108
1787601429719 107
1787601429923 108
1787601430129 102
1787601430329 104
1787601430530 104
1787601430730 107
1787601430933 107
1787601432889 104
1787601456458 1368
1787601457926 113
1787601458927 114
1787601467634 103
1787601467835 104
1787601468297 105
1787601490895 1344
1787601492339 109
1787601492545 107
1787601492749 109
1787601492953 104
1787601493153 104
1787601493619 103
1787601493819 104
1787601494019 106
1787601495012 108
1787601498734 105
1787601498936 103
1787601499137 104
1787601499337 105
1787601499539 108
1787601499745 106
1787601501532 104
1787601528828 1357
1787601531164 112
1787601540174 102
1787601540373 104
1787601540574 100
1787601559752 1342
1787601561194 103
1787601561481 102
1787601561678 103
1787601562049 104
1787601562248 105
1787601562449 107
1787601566935 103
1787601567135 105
1787601567686 103
1787601567886 104
1787601568174 102
1787601568371 107
1787601568575 106
1787601570430 103
1787601600830 1364
1787601603161 112
1787601628036 1344
1787601629479 106
1787601629682 107
1787601629885 106
1787601630170 107
1787601630374 109
1787601631017 105
1787601631219 104
1787601634463 106
1787601634836 106
1787601635214 107
1787601635418 106
1787601635620 107
1787601635824 103
1787601636460 105
1787601636661 107
1787601636862 100
1787601637063 103
1787601637263 103
1787601672845 1353
1787601675176 111
1787601696653 103
1787601696852 105
1787601697053 105
1787601697777 1354
1787601699319 107
1787601699524 110
1787601702878 102
1787601703076 106
1787601703278 102
1787601703651 104
1787601703851 105
1787601704053 108
1787601704257 106
1787601704895 104
1787601705096 103
1787601705383 106
1787601705586 104
1787601705785 104
1787601705986 104
1787601744545 1381
1787601746903 108
1787601765252 103
1787601765450 107
1787601765653 105
1787601765855 104
1787601766055 103
1787601770335 1356
1787601771791 103
1787601772338 103
1787601772538 103
1787601772738 102
1787601772937 106
1787601773401 103
1787601773601 103
1787601773800 104
1787601774001 103
1787601774200 106
1787601774402 105
1787601774603 107
1787601816240 1357
1787601818570 110
1787601834245 105
1787601834620 104
1787601834819 105
1787601835019 105
1787601835307 104
1787601835508 104
1787601836145 103
1787601836344 107
1787601836721 106
1787601836924 102
1787601837123 104
1787601838187 102
1787601840555 103
1787601840754 1345
1787601842198 105
1787601842400 105
1787601842601 106
1787601843326 103
1787601843526 105
1787601843726 107
1787601844279 105
1787601844479 105
1787601844679 104
1787601888138 1353
1787601890462 113
1787601904614 104
1787601904813 105
1787601905013 107
1787601905215 103
1787601905500 104
1787601905788 101
1787601905987 107
1787601906276 103
1787601906475 103
1787601906674 104
1787601907308 101
1787601910293 103
1787601910580 105
1787601910782 103
1787601911068 101
1787601911266 103
1787601911465 103
1787601912008 105
1787601912210 105
1787601912412 104
1787601912701 104
1787601912902 1354
1787601914354 104
1787601915950 106
1787601916152 103
1787601916964 99
1787601917332 106
1787601960139 1365
1787601962478 111
1787601975481 103
1787601975679 106
1787601975880 106
1787601976082 106
1787601976637 103
1787601976837 107
1787601977998 105
1787601980905 106
1787601981282 106
1787601981568 102
1787601981854 103
1787601982140 102
1787601982423 103
1787601982623 107
1787601982826 107
1787601986074 1347
1787602030903 1361
1787602033242 113
1787602045412 102
1787602045611 103
1787602045811 104
1787602046189 103
1787602046389 103
1787602046589 106
1787602046792 107
1787602047085 102
1787602047284 107
1787602047576 105
1787602050247 106
1787602050450 104
1787602050737 106
1787602051204 105
1787602051496 108
1787602051703 111
1787602051910 104
1787602053510 105
1787602053886 108
1787602054443 103
1787602054820 109
1787602055025 106
1787602101187 1393
1787602103559 113
1787602114705 106
1787602114908 107
1787602115112 106
1787602115316 107
1787602115519 104
1787602116160 105
1787602119261 105
1787602119461 102
1787602119661 104
1787602119953 106
1787602120155 108
1787602120884 104
1787602121086 103
1787602121286 104
1787602121925 109
1787602122130 108
1787602122336 104
1787602122538 103
1787602122738 104
1787602124697 104
1787602124898 104
1787602171429 1369
1787602173784 113
1787602181576 105
1787602181778 104
1787602181978 109
1787602182538 103
1787602182739 105
1787602182941 105
1787602183233 105
1787602183435 104
1787602183637 104
1787602183840 104
1787602184130 108
1787602184424 105
1787602184627 106
1787602184832 104
1787602185035 105
1787602185324 104
1787602185525 106
1787602188657 108
1787602188951 104
1787602189153 108
1787602189358 105
1787602189558 108
1787602191177 103
1787602191468 104
1787602192732 107
1787602192937 108
1787602193232 107
1787602193437 108
1787602194090 104
1787602194292 106
1787602194496 103
1787602243331 1404
1787602245719 114
1787602253192 103
1787602253393 105
1787602253596 106
1787602253801 108
1787602254007 107
1787602254212 109
1787602254420 107
1787602254625 108
1787602254921 104
1787602259376 103
1787602259578 106
1787602259780 109
1787602259988 108
1787602260282 105
1787602260483 105
1787602260687 105
1787602262298 105
1787602262589 105
1787602262792 107
1787602264153 108
1787602313743 1391
1787602316120 115
1787602321748 105
1787602322129 107
1787602322335 107
1787602324573 108
1787602324779 105
1787602326498 104
1787602326699 108
1787602328508 107
1787602328712 107
1787602328916 106
1787602329299 104
1787602329590 107
1787602329792 108
1787602330263 108
1787602330469 106
1787602331029 107
1787602383654 1417
1787602386093 115
1787602388268 115
1787602388570 116
1787602388874 114
1787602389086 111
1787602389295 116
1787602389510 117
1787602389725 109
1787602390463 105
1787602390844 108
1787602395395 105
1787602395598 105
1787602395978 108
1787602396183 108
1787602396389 109
1787602396596 109
1787602397696 104
1787602397898 105
1787602398371 107
1787602454903 1430
1787602457160 118
1787602457376 115
1787602457590 115
1787602457805 117
1787602458110 115
1787602458683 112
1787602458893 118
1787602459289 116
1787602459503 114
1787602459717 117
1787602459932 118
1787602460329 115
1787602464832 102
1787602465034 105
1787602465236 103
1787602465438 102
1787602465819 105
1787602466115 104
1787602466767 102
1787602526092 1406
1787602528497 98
1787602529230 100
1787602533993 102
1787602534194 103
1787602534396 106
1787602534605 106
1787602590958 1390
1787602592449 102
1787602592650 102
1787602593117 103
1787602593318 103
1787602593520 109
1787602597292 95
1787602598382 101
1787602656440 1410
1787602657953 105
1787602658252 106
1787602658553 101
1787602658754 103
1787602658957 104
1787602659159 102
1787602659450 104
1787602659835 101
1787602660037 103
1787602665175 101
1787602665554 102
1787602665845 103
1787602666499 107
1787602667601 103
1787602668066 97
1787602669157 100
1787602671503 97
1787602671699 99
1787602671897 101
1787602677007 106
1787602724251 1469
1787602725822 107
1787602726028 104
1787602726230 105
1787602726525 103
1787602726906 106
1787602728362 102
1787602728563 103
1787602730919 105
1787602731123 104
1787602731592 104
1787602731794 103
1787602731997 102
1787602732198 102
1787602733290 105
1787602733496 101
1787602733695 103
1787602734345 102
1787602735438 103
1787602739225 97
1787602740318 96
1787602742576 99
1787602742774 99
1787602742972 99
1787602743170 97
1787602792108 1404
1787602793614 106
1787602793822 105
1787602794026 105
1787602794320 108
1787602794618 102
1787602794820 102
1787602796269 105
1787602796473 103
1787602798824 101
1787602799024 103
1787602799316 103
1787602799517 105
1787602799720 102
1787602799920 101
1787602801374 101
1787602801574 102
1787602801776 103
1787602802248 103
1787602802901 102
1787602810373 97
1787602811464 95
1787602813002 95
1787602813556 96
1787602813751 97
1787602813948 96
1787602814143 97
1787602860106 1420
1787602861625 103
1787602861829 102
1787602862122 104
1787602862417 98
1787602862707 104
1787602862999 101
1787602864011 103
1787602864661 102
1787602866916 106
1787602867210 102
1787602867411 102
1787602868773 102
1787602868974 104
1787602869178 105
1787602869729 105
1787602869934 103
1787602870678 101
1787602881493 96
1787602882578 95
1787602884015 96
1787602884300 98
1787602884497 98
1787602884692 99
1787602928095 1475
1787602929671 104
1787602929874 101
1787602930164 102
1787602930366 100
1787602931474 102
1787602932031 100
1787602932322 103
1787602932884 102
1787602935146 102
1787602935345 103
1787602935545 104
1787602935747 100
1787602936933 100
1787602937132 102
1787602937424 98
1787602937624 103
1787602938188 103
1787602938388 102
1787602938944 100
1787602939142 102
1787602952138 99
1787602953227 96
1787602954676 97
1787602954872 94
1787602955065 96
1787602955438 1415
1787602998071 1393
1787602999564 103
1787603000482 101
1787603000681 103
1787603000882 102
1787603001172 101
1787603001821 103
1787603002022 105
1787603002677 101
1787603002969 102
1787603005057 101
1787603005707 101
1787603006354 102
1787603006645 101
1787603006845 103
1787603007046 103
1787603007248 100
1787603007538 101
1787603008098 101
1787603008299 101
1787603024368 1410
1787603026767 97
1787603028209 96
1787603028491 96
1787603038931 100
1787603044485 100
1787603044684 101
1787603068835 1411
1787603070347 104
1787603070639 102
1787603071015 102
1787603071573 100
1787603071771 102
1787603072328 103
1787603072619 102
1787603075132 100
1787603075422 101
1787603076158 100
1787603076358 103
1787603076560 102
1787603076760 101
1787603076959 100
1787603077606 100
1787603077805 99
1787603078003 99
1787603096120 1405
1787603098520 94
1787603100040 96
1787603109006 99
1787603109559 98
1787603109845 101
1787603110762 100
1787603115114 100
1787603138818 1417
1787603140336 105
1787603140628 102
1787603141184 101
1787603141384 102
1787603141583 104
1787603141965 102
1787603142253 102
1787603145397 102
1787603145772 101
1787603146058 101
1787603146257 102
1787603146903 99
1787603147101 99
1787603148907 100
1787603167273 1424
1787603169686 95
1787603179809 101
1787603180009 99
1787603180561 100
1787603180759 100
1787603180957 103
1787603182308 100
1787603186397 100
1787603186595 100
1787603208606 1403
1787603210290 101
1787603210580 101
1787603210957 104
1787603211250 101
1787603211450 102
1787603211652 102
1787603211851 106
1787603212414 103
1787603215025 101
1787603215224 101
1787603215514 103
1787603215895 100
1787603216093 104
1787603216385 103
1787603217036 104
1787603218856 103
1787603238239 1414
1787603240649 95
1787603251603 101
1787603257279 103
1787603257480 102
1787603278538 1426
1787603280245 102
1787603280446 101
1787603280646 104
1787603280849 100
1787603281230 103
1787603281433 101
1787603284310 101
1787603284509 101
1787603284710 104
1787603284912 104
1787603285115 103
1787603285407 103
1787603285786 101
1787603285986 103
1787603286276 101
1787603307390 1419
1787603309815 98
1787603345752 1400
1787603347252 102
1787603347635 100
1787603347836 105
1787603348040 105
1787603348787 104
1787603349082 103
1787603349468 103
1787603349762 102
1787603350681 104
1787603353061 105
1787603353449 103
1787603353740 103
1787603353944 101
1787603354145 104
1787603354713 102
1787603356729 103
1787603357381 103
1787603358126 102
1787603376068 1424
1787603378506 98
1787603386833 103
1787603387036 101
1787603388783 103
1787603389075 101
1787603389458 103
1787603389662 106
1787603416689 1418
1787603418302 102
1787603418682 104
1787603418885 104
1787603419179 102
1787603419477 106
1787603419683 105
1787603420250 102
1787603423084 103
1787603424553 106
1787603424759 103
1787603425056 103
1787603425260 103
1787603425827 102
1787603426027 102
1787603445008 1451
1787603447385 98
1787603463809 102
1787603464013 102
1787603464216 105
1787603485931 1453
1787603487673 104
1787603487877 101
1787603488078 106
1787603488284 104
1787603488758 103
1787603493309 105
1787603493514 105
1787603493720 102
1787603494105 102
1787603494307 102
1787603494509 105
1787603494715 102
1787603495557 105
1787603496579 106
1787603496967 102
1787603513726 1442
1787603516182 99
1787603528892 103
1787603529275 103
1787603529570 102
1787603529772 102
1787603530158 102
1787603555098 1452
1787603556742 104
1787603557036 103
1787603557420 103
1787603557624 103
1787603557828 103
1787603558032 102
1787603558234 102
1787603560792 103
1787603561635 101
1787603562198 103
1787603563316 103
1787603563520 102
1787603563721 104
1787603565837 102
1787603566130 102
1787603566333 102
1787603582777 1453
1787603585241 98
1787603613244 1446
1787603614794 110
1787603615005 105
1787603615393 103
1787603620147 103
1787603620352 103
1787603622106 102
1787603622309 105
1787603622970 103
1787603623357 106
1787603626214 104
1787603626416 103
1787603626618 104
1787603626913 106
1787603627301 106
1787603627507 103
1787603627711 99
1787603627909 102
1787603628292 104
1787603631411 106
1787603631618 106
1787603632097 104
1787603632302 105
1787603633241 103
1787603633445 102
1787603633647 104
1787603633853 104
1787603634329 103
1787603652394 1458
1787603654794 98
1787603685900 1458
1787603688372 107
1787603695251 102
1787603695543 102
1787603695744 105
1787603696039 105
1787603696611 102
1787603696813 106
1787603697019 105
1787603719853 1469
1787603722263 104
1787603809783 1435
1787603811416 112
1787603811628 106
1787603823792 111
1787603824828 105
1787603825037 108
1787603825338 1460
1787603826904 110
1787603827120 110
1787603827337 1484
1787603829015 111
1787603829232 1491
1787603830829 111
1787603831043 112
1787603831250 109
1787603831477 110
1787603831699 110
1787603832014 1534
1787603833666 109
1787603834570 118
1787603834895 117
1787603835325 113
1787603835646 120
1787603836079 122
1787603836311 117
1787603837318 114
1787603837541 111
1787603837756 110
1787603837972 110
1787603838190 109
1787603838347 112
1787603838566 110
1787603838737 114
1787603838957 1520
1787603840586 109
1787603840803 109
1787603841019 110
1787603841191 109
1787603841406 111
1787603841624 110
1787603841843 110
1787603842150 1577
1787603843838 111
1787603844054 110
1787603844271 109
1787603844488 111
1787603844706 111
1787603844926 111
1787603845148 111
1787603845367 1574
1787603847052 113
1787603847274 110
1787603847494 110
1787603847713 112
1787603847934 114
1787603848247 111
1787603848466 1583
1787603850159 111
1787603850377 111
1787603850595 110
1787603850814 113
1787603851034 112
1787603851253 114
1787603851474 117
1787603888826 1594
1787603902102 113
1787603915001 115
1787603915224 112
1787603915443 115
1787603915664 115
1787603915886 114
1787603916108 115
1787603916329 113
1787603916549 113
1787603916771 115
1787603916995 115
1787603917220 113
1787603917440 115
1787603917662 114
1787603918284 1583
1787603919979 115
1787603920307 113
1787603920528 109
1787603920746 110
1787603920964 107
1787603921178 110
1787603921494 110
1787603921712 110
1787603921929 110
1787603922148 110
1787603922464 109
1787606855213 1584
1787606856906 123
1787606857230 124
1787606895609 1602
1787606898187 113
1787606914754 123
1787606914982 121
1787606915305 122
1787606916208 122
1787606916632 123
1787606924274 125
1787606924504 117
1787606924726 127
1787606924960 123
1787606925189 1613
1787606926908 121
1787606927134 123
1787606965652 1589
1787606968227 113
1787607050066 1570
1787607055418 124
1787607055649 126
1787607055880 123
1787607056109 124
1787607056533 123
1787607056762 125
1787607056992 123
1787607060028 122
1787607060351 122
1787607060579 121
1787607060807 123
1787607061133 124
1787607061363 122
1787607061786 125
1787607062113 121
1787607062441 125
1787607062768 124
1787607065225 122
1787607065453 124
1787607065683 122
1787607065911 122
1787607066138 124
1787607066850 119
1787607067365 122
1787607067689 120
1787607067915 123
1787607068145 124
1787607068375 122
1787607070831 124
1787607071060 122
1787607071287 122
1787607072487 122
1787607072811 123
1787607073039 124
1787607073365 122
1787607073593 120
1787607075754 123
1787607075985 124
1787607076215 123
1787607076445 122
1787607076770 124
1787607077583 123
1787607077909 125
1787607078138 123
1787607078369 123
1787607078794 1586
1787607080585 121
1787607080813 122
1787607082687 122
1787607083207 122
1787607083435 121
1787607083859 123
1787607084571 122
1787607084799 125
1787607085031 121
1787607085356 121
1787607085680 122
1787607086199 126
1787607086431 124
1787607088121 123
1787607088350 124
1787607088581 125
1787607088908 123
1787607089138 124
1787607089368 121
1787607089694 122
1787607089925 124
1787607090447 120
1787607090775 122
1787607091199 123
1787607091430 121
1787607091657 122
1787607092275 126
1787607092507 124
1787607094007 123
1787607094236 117
1787607094557 122
1787607094785 121
1787607095012 124
1787607095244 122
1787607095668 123
1787607096093 121
1787607096321 116
1787607096842 124
1787607097073 123
1787607097401 123
1787607097725 122
1787607098148 122
1787607098476 123
1787607099873 122
1787607100199 121
1787607100522 122
1787607100750 121
1787607100977 123
1787607101206 121
1787607101531 121
1787607102147 125
1787607102379 121
1787607102703 124
1787607103032 121
1787607103456 124
1787607103685 124
1787607104111 123
1787607104437 122
1787607105731 124
1787607106057 122
1787607106479 124
1787607106710 124
1787607106939 123
1787607107168 124
1787607107594 1588
1787607109581 122
1787607109907 123
1787607110136 124
1787607110367 122
1787607110889 122
1787607111214 124
1787607111538 116
1787607112143 122
1787607113237 119
1787607113935 118
1787607114156 121
1787607114381 123
1787607114897 122
1787607115220 122
1787607115542 123
1787607115961 118
1787607116377 114
1787607116693 119
1787607117203 123
1787607117813 121
1787607118620 127
1787607118853 124
1787607119474 124
1787607119800 124
1787607120031 121
1787607120356 121
1787607120780 124
1787607121205 123
1787607121825 125
1787607122155 125
1787607122387 120
1787607122615 121
1787607123135 119
1787607123845 122
1787607124171 119
1787607124593 123
1787607125212 121
1787607125440 121
1787607125668 125
1787607125899 121
1787607126128 118
1787607126550 125
1787607126879 124
1787607128083 125
1787607128413 123
1787607128739 124
1787607129163 121
1787607129489 120
1787607130004 122
1787607130232 123
1787607130752 124
1787607131177 124
1787607131406 124
1787607131637 124
1787607131868 121
1787607132388 122
1787607132615 120
1787607134108 125
1787607134339 123
1787607134666 123
1787607134896 120
1787607135320 119
1787607136035 122
1787607136754 1590
1787607138550 123
1787607138779 125
1787607139205 122
1787607139530 122
1787607141121 124
1787607141353 123
1787607141679 120
1787607142007 125
1787607142240 125
1787607142667 125
1787607142996 124
1787607143422 124
1787607143750 124
1787607144079 124
1787607144311 122
1787607144638 124
1787607145355 122
1787607146945 122
1787607147174 121
1787607147402 125
1787607147732 125
1787607147963 120
1787607148191 121
1787607148420 125
1787607148750 125
1787607149368 124
1787607149599 121
1787607149827 123
1787607150056 124
1787607151063 126
1787607152862 121
1787607153091 126
1787607153323 123
1787607153650 122
1787607153880 124
1787607154112 126
1787607154442 124
1787607154966 123
1787607155196 122
1787607155523 123
1787607156044 125
1787607156668 125
1787607158462 124
1787607158692 123
1787607158922 126
1787607159350 124
1787607159968 124
1787607160393 124
1787607160723 122
1787607160951 123
1787607161180 123
1787607161605 123
1787607161835 124
1787607162066 122
1787607163765 125
1787607163997 122
1787607164324 125
1787607164655 123
1787607164885 122
1787607165311 118
1787607165630 120
1787607166052 1590
1787607167847 127
1787607168179 123
1787607168507 124
1787607168932 121
1787607169162 124
1787607170859 124
1787607171187 122
1787607171611 121
1787607171839 125
1787607172168 122
1787607172396 120
1787607172820 120
1787607173242 125
1787607173766 122
1787607173995 117
1787607174217 122
1787607174449 126
1787607174682 123
1787607175109 122
1787607176806 124
1787607177136 125
1787607177563 121
1787607177986 124
1787607178216 124
1787607178841 119
1787607179166 120
1787607179393 124
1787607179722 120
1787607180049 123
1787607180768 121
1787607182362 121
1787607182880 123
1787607183110 120
1787607183336 126
1787607183764 125
1787607184291 123
1787607184522 123
1787607184751 124
1787607184982 123
1787607185212 125
1787607185443 122
1787607185672 123
1787607186589 122
1787607188181 125
1787607188415 122
1787607188743 123
1787607189072 120
1787607189300 124
1787607189825 119
1787607190050 122
1787607190280 122
1787607190510 122
1787607190740 122
1787607190970 121
1787607191198 124
1787607191429 123
1787607192534 124
1787607193936 122
1787607194263 120
1787607194983 1598
1787607196981 122
1787607197210 124
1787607197539 123
1787607197770 120
1787607197998 122
1787607198229 123
1787607199332 124
1787607200638 124
1787607201163 124
1787607201395 125
1787607202016 123
1787607202536 125
1787607202768 125
1787607203000 124
1787607203232 125
1787607203656 124
1787607205059 123
1787607206270 123
1787607206499 124
1787607206827 126
1787607207547 126
1787607207780 124
1787607208011 125
1787607208244 125
1787607208474 124
1787607208803 122
1787607209031 126
1787607209362 123
1787607210862 124
1787607211777 124
1787607212200 124
1787607212722 123
1787607213048 122
1787607213277 124
1787607213507 124
1787607213739 123
1787607214360 123
1787607214689 122
1787607215116 124
1787607216426 120
1787607217239 124
1787607217470 123
1787607217700 121
1787607218125 124
1787607218358 122
1787607218589 124
1787607218821 124
1787607219051 124
1787607219281 124
1787607219513 124
1787607219840 123
1787607220265 125
1787607220594 125
1787607220924 123
1787607221349 123
1787607222556 124
1787607223177 125
1787607223408 122
1787607223736 125
1787607224163 1633
1787607225907 125
1787607226139 122
1787607226369 122
1787607226598 121
1787607227021 124
1787607227350 123
1787607227581 123
1787607228105 123
1787607228730 125
1787607230038 123
1787607230367 124
1787607230893 124
1787607231220 121
1787607231448 126
1787607231681 121
1787607232106 122
1787607232630 122
1787607232859 122
1787607233186 123
1787607233810 124
1787607234039 119
1787607234655 127
1787607235962 123
1787607236191 123
1787607236422 124
1787607236849 124
1787607237179 125
1787607237411 125
1787607237741 123
1787607237971 123
1787607238299 124
1787607238530 121
1787607238855 122
1787607239085 123
1787607240001 123
1787607240623 126
1787607241837 123
1787607242166 123
1787607242396 126
1787607242827 125
1787607243157 124
1787607243388 124
1787607243620 123
1787607244339 125
1787607244572 125
1787607244903 124
1787607245819 124
1787607246345 124
1787607247164 123
1787607247593 123
1787607247922 122
1787607248151 124
1787607248580 124
1787607248812 124
1787607249142 125
1787607249670 123
1787607250391 126
1787607251313 124
1787607251741 124
1787607252365 123
1787607252890 124
1787607253219 127
1787607253553 1678
1787607255339 122
1787607255764 126
1787607256095 124
1787607256325 124
1787607257049 126
1787607257868 126
1787607258299 124
1787607258531 124
1787607259347 123
1787607259577 124
1787607259906 123
1787607260431 125
1787607260761 123
1787607260991 122
1787607261222 122
1787607261549 124
1787607261978 124
1787607262210 125
1787607263227 124
1787607263753 123
1787607264277 153
1787607264638 123
1787607265260 123
1787607265588 124
1787607266114 123
1787607266542 124
1787607266774 124
1787607267007 124
1787607267238 124
1787607267469 122
1787607268186 121
1787607269301 123
1787607269532 126
1787607269962 125
1787607270590 125
1787607270823 121
1787607271149 121
1787607271379 123
1787607271610 123
1787607271937 123
1787607272363 124
1787607272692 122
1787607273020 122
1787607273249 123
1787607274361 123
1787607275380 124
1787607275710 125
1787607276140 124
1787607276372 123
1787607276896 123
1787607277224 124
1787607277456 124
1787607277786 118
1787607278112 126
1787607278346 122
1787607278576 124
1787607278808 122
1787607279038 124
1787607280251 124
1787607281361 124
1787607281592 125
1787607282022 124
1787607282452 125
1787607282684 125
1787607282917 118
1787607283340 124
1787607283572 124
1787607283998 125
1787607284328 1607
1787607286043 125
1787607287649 125
1787607288372 127
1787607288704 124
1787607289032 127
1787607289463 124
1787607289694 125
1787607290223 127
1787607290557 123
1787607290788 124
1787607291216 124
1787607291448 125
1787607293156 124
1787607294073 124
1787607294303 125
1787607294829 125
1787607295062 124
1787607295490 124
1787607295721 125
1787607295954 124
1787607296285 124
1787607296515 124
1787607298610 126
1787607299137 124
1787607299465 124
1787607299893 125
1787607300222 124
1787607300453 124
1787607300881 125
1787607301212 120
1787607301538 121
1787607301870 122
1787607304355 120
1787607304582 124
1787607305204 123
1787607305532 124
1787607305764 126
1787607305997 124
1787607306325 120
1787607306553 124
1787607306784 363
1787607307257 127
1787607307492 123
1787607309594 123
1787607309826 123
1787607310154 124
1787607310682 125
1787607311013 124
1787607311342 125
1787607311575 125
1787607311807 125
1787607312140 125
1787607312374 125
1787607312803 128
1787607313040 127
1787607313275 124
1787607314983 1633
1787607316921 124
1787607317153 123
1787607317875 122
1787607318300 123
1787607318531 124
1787607318764 123
1787607318995 124
1787607319227 125
1787607319460 124
1787607319692 125
1787607320318 118
1787607320542 124
1787607320871 128
1787607322187 123
1787607322616 126
1787607322948 125
1787607323865 124
1787607324195 124
1787607324426 123
1787607324656 127
1787607324990 130
1787607325326 128
1787607325658 361
1787607326423 118
1787607326647 125
1787607326880 122
1787607328096 124
1787607328526 126
1787607328859 313
1787607329972 123
1787607330499 126
1787607330732 124
1787607331353 125
1787607331585 127
1787607332214 124
1787607332545 127
1787607333761 126
1787607334290 125
1787607335112 123
1787607335541 124
1787607335773 126
1787607336007 124
1787607336336 125
1787607336666 125
1787607337195 123
1787607337918 127
1787607338154 123
1787607338682 124
1787607339210 126
1787607339641 126
1787607340863 125
1787607341096 124
1787607341328 124
1787607341560 125
1787607341889 122
1787607342710 122
1787607343630 126
1787607343862 125
1787607344096 120
1787607344420 122
1787607344943 1614
1787607347649 124
1787607347881 122
1787607348207 126
1787607348540 124
1787607348967 124
1787607349199 126
1787607350213 126
1787607350742 126
1787607351074 126
1787607351307 125
1787607351638 124
1787607351870 125
1787607353084 122
1787607353313 124
1787607353742 124
1787607354269 123
1787607354600 124
1787607354930 124
1787607355947 124
1787607356378 126
1787607356610 124
1787607356939 122
1787607357367 125
1787607357600 123
1787607357832 124
1787607358360 124
1787607358592 121
1787607358822 124
1787607359445 125
1787607359678 121
1787607360300 127
1787607360731 126
1787607360966 126
1787607362086 127
1787607362420 125
1787607362751 126
1787607363481 125
1787607363713 125
1787607363946 125
1787607364178 126
1787607364486 125
1787607364817 124
1787607365147 126
1787607365777 125
1787607366698 126
1787607366932 125
1787607367460 126
1787607367694 125
1787607368323 124
1787607368654 124
1787607369378 126
1787607369711 124
1787607369942 126
1787607370177 121
1787607370899 126
1787607371430 123
1787607372251 127
1787607372785 124
1787607373212 121
1787607373637 122
1787607374063 119
1787607374585 1631
1787607376325 124
1787607376557 125
1787607376988 126
1787607377220 122
1787607377450 123
1787607377681 125
1787607378211 123
1787607378541 123
1787607379362 125
1787607379990 124
1787607380415 124
1787607380941 124
1787607381172 126
1787607381604 124
1787607382030 124
1787607382359 123
1787607382687 124
1787607383310 121
1787607383638 123
1787607383868 126
1787607384988 125
1787607385417 123
1787607385847 123
1787607386273 122
1787607386892 122
1787607387418 125
1787607387650 123
1787607387881 124
1787607388212 123
1787607388542 125
1787607389069 120
1787607389300 126
1787607389631 124
1787607390748 119
1787607391075 125
1787607391601 121
1787607391927 125
1787607392555 124
1787607392787 122
1787607393216 123
1787607393546 123
1787607393776 122
1787607394205 120
1787607394532 125
1787607394863 124
1787607395193 123
1787607395422 123
1787607396240 121
1787607397061 124
1787607397393 124
1787607397723 121
1787607397951 124
1787607398478 124
1787607398710 122
1787607399137 121
1787607399565 125
1787607399997 120
1787607400222 127
1787607400552 129
1787607400885 127
1787607401117 127
1787607401446 127
1787607401777 122
1787607402300 126
1787607403221 124
1787607403451 128
1787607403782 128
1787607404408 1626
1787607406242 129
1787607406672 129
1787607407300 130
1787607407828 127
1787607408257 128
1787607408785 128
1787607409019 129
1787607410430 128
1787607410761 127
1787607411186 128
1787607411419 129
1787607411654 129
1787607412574 126
1787607413100 125
1787607413427 129
1787607413857 128
1787607414286 129
1787607414913 128
1787607415636 128
1787607415871 129
1787607416105 128
1787607416437 129
1787607416867 125
1787607417099 123
1787607418116 124
1787607418543 126
1787607418972 127
1787607419205 129
1787607419440 122
1787607419668 126
1787607419900 129
1787607420236 129
1787607421156 127
1787607421389 128
1787607421720 129
1787607422444 128
1787607422680 128
1787607423111 122
1787607423729 130
1787607424554 127
1787607425080 130
1787607425414 127
1787607425746 128
1787607426177 123
1787607426799 129
1787607427034 128
1787607427269 124
1787607427892 130
1787607428129 130
1787607428660 121
1787607428888 120
1787607429213 125
1787607430131 129
1787607430364 130
1787607430895 130
1787607431522 124
1787607432046 129
1787607432282 128
1787607432615 129
1787607432950 129
1787607433480 130
1787607433717 1630
1787607435459 128
1787607435890 128
1787607436416 122
1787607436645 130
1787607437277 127
1787607437608 122
1787607438329 121
1787607438849 121
1787607439471 129
1787607439706 128
1787607439940 129
1787607440175 122
1787607440503 127
1787607441033 128
1787607441267 122
1787607441594 130
1787607441831 130
1787607442559 129
1787607442795 128
1787607443326 129
1787607443563 127
1787607444486 124
1787607444814 124
1787607445339 129
1787607445574 128
1787607446004 128
1787607446238 118
1787607446463 128
1787607446993 128
1787607447518 127
1787607447751 129
1787607447987 129
1787607448516 129
1787607448947 130
1787607449281 128
1787607449517 123
1787607450434 128
1787607451159 128
1787607451491 128
1787607451724 128
1787607451958 128
1787607452192 128
1787607452624 118
1787607452948 129
1787607453477 128
1787607453909 128
1787607454341 119
1787607454763 120
1787607455188 124
1787607455913 120
1787607456632 125
1787607457062 127
1787607457296 123
1787607457725 126
1787607458548 128
1787607458981 125
1787607459411 123
1787607459939 126
1787607460174 127
1787607460409 126
1787607460741 125
1787607461564 126
1787607462195 122
1787607462523 125
1787607462854 124
1787607463087 1629
1787607464826 123
1787607465256 124
1787607465981 122
1787607466210 127
1787607466544 132
1787607466882 127
1787607467414 126
1787607467649 125
1787607467883 124
1787607468312 125
1787607469138 125
1787607469671 127
1787607470006 122
1787607470237 124
1787607470468 124
1787607470700 125
1787607471131 125
1787607471760 126
1787607472192 125
1787607472425 124
1787607472856 124
1787607473088 123
1787607473616 125
1787607473848 123
1787607474179 123
1787607474512 126
1787607475138 124
1787607475766 125
1787607476000 125
1787607476333 123
1787607476958 119
1787607477184 122
1787607477415 123
1787607478239 125
1787607478570 127
1787607478903 127
1787607479334 126
1787607479568 125
1787607480098 125
1787607480332 125
1787607480864 121
1787607481387 125
1787607481817 122
1787607482145 124
1787607482378 123
1787607482908 125
1787607483140 119
1787607483367 125
1787607484189 122
1787607484419 122
1787607484649 124
1787607485374 124
1787607485902 125
1787607486136 125
1787607486568 119
1787607487288 124
1787607487718 124
1787607487950 123
1787607488383 127
1787607488615 129
1787607488850 127
1787607489281 130
1787607489905 129
1787607490336 128
1787607490569 127
1787607491295 128
1787607491628 119
1787607491854 128
1787607492088 129
1787607492420 129
1787607492655 129
1787607493479 1637
1787607495521 128
1787607495853 124
1787607496079 129
1787607496315 130
1787607496944 128
1787607497668 129
1787607498002 128
1787607498335 127
1787607498864 130
1787607499099 129
1787607499334 120
1787607499660 129
1787607499995 128
1787607500914 124
1787607501144 128
1787607501772 128
1787607502104 123
1787607502333 130
1787607503158 129
1787607503492 127
1787607503727 131
1787607504360 126
1787607504592 130
1787607504927 126
1787607505259 127
1787607505787 128
1787607506609 127
1787607507138 123
1787607507368 121
1787607507694 128
1787607508223 124
1787607508453 127
1787607508686 124
1787607509312 129
1787607509547 128
1787607510073 129
1787607510406 128
1787607510641 128
1787607511072 128
1787607511306 122
1787607511632 127
1787607511864 128
1787607512688 128
1787607513218 128
1787607513552 129
1787607514180 129
1787607514514 124
1787607514944 119
1787607515757 129
1787607515993 129
1787607516228 128
1787607516657 125
1787607516888 128
1787607517611 129
1787607517846 126
1787607518275 126
1787607518895 129
1787607519131 125
1787607520045 120
1787607520272 128
1787607520704 130
1787607521430 128
1787607521664 129
1787607521899 130
1787607522431 126
1787607522762 129
1787607523490 1661
1787607525262 128
1787607525596 128
1787607526126 129
1787607526362 128
1787607526597 130
1787607527518 129
1787607527853 127
1787607528088 129
1787607528717 120
1787607529142 131
1787607529379 126
1787607529709 126
1787607529942 123
1787607530366 127
1787607530598 128
1787607531222 129
1787607531655 126
1787607531887 125
1787607532118 123
1787607532347 126
1787607532874 129
1787607533896 123
1787607534125 129
1787607534653 123
1787607534981 127
1787607535311 128
1787607535744 122
1787607535972 128
1787607536304 130
1787607536833 121
1787607537158 122
1787607537583 129
1787607537917 129
1787607538547 128
1787607539470 120
1787607539891 128
1787607540225 121
1787607540551 126
1787607540880 129
1787607541411 124
1787607541641 121
1787607542163 130
1787607542398 128
1787607542828 128
1787607543062 123
1787607543292 128
1787607543527 128
1787607543859 124
1787607544383 126
1787607545509 124
1787607546232 119
1787607546459 127
1787607546694 117
1787607547407 128
1787607547642 129
1787607548075 131
1787607548409 122
1787607548636 128
1787607548870 128
1787607549203 118
1787607549429 124
1787607549659 122
1787607549886 129
1787607550123 128
1787607551339 129
1787607552262 122
1787607552490 123
1787607552817 128
1787607553349 129
1787607553681 1664
1787607555652 122
1787607555984 131
1787607556220 127
1787607556551 128
1787607556982 131
1787607557219 129
1787607558538 126
1787607559260 117
1787607559485 122
1787607559910 125
1787607560536 130
1787607560870 371
1787607561548 121
1787607561775 126
1787607562106 130
1787607562342 126
1787607562674 125
1787607562906 123
1787607563235 131
1787607563472 130
1787607564691 130
1787607565222 128
1787607565753 131
1787607566388 130
1787607566625 124
1787607566855 128
1787607567385 125
1787607567616 127
1787607568045 128
1787607568376 124
1787607568607 118
1787607568830 125
1787607569458 128
1787607570478 130
1787607570715 130
1787607571346 129
1787607571877 130
1787607572213 130
1787607572548 131
1787607572884 131
1787607573219 123
1787607573450 128
1787607573882 128
1787607574216 128
1787607574449 122
1787607574677 121
1787607574904 129
1787607575239 128
1787607576454 129
1787607577280 128
1787607577905 128
1787607578139 128
1787607578571 129
1787607578810 129
1787607579045 129
1787607579280 130
1787607579517 129
1787607579949 122
1787607580177 127
1787607580606 130
1787607580842 130
1787607581078 129
1787607581508 128
1787607582330 280
1787607582719 129
1787607583442 120
1787607584062 1670
1787607586038 129
1787607586274 122
1787607586601 128
1787607586836 129
1787607587267 128
1787607587501 309
1787607587917 128
1787607588641 128
1787607588875 129
1787607589305 125
1787607589829 131
1787607590065 130
1787607590302 124
1787607590826 130
1787607591555 130
1787607591792 123
1787607592510 127
1787607592744 129
1787607593276 128
1787607593705 122
1787607594031 129
1787607594662 128
1787607594896 129
1787607595230 129
1787607595563 128
1787607595797 128
1787607596130 129
1787607596563 129
1787607597190 127
1787607597623 129
1787607598345 128
1787607598775 128
1787607599008 122
1787607599237 119
1787607599463 129
1787607599896 128
1787607600228 130
1787607600957 128
1787607601192 122
1787607601421 129
1787607601951 123
1787607602180 130
1787607602415 122
1787607602940 123
1787607603465 128
1787607604091 129
1787607604525 127
1787607604953 130
1787607605188 127
1787607605422 129
1787607605853 130
1787607606579 127
1787607607008 129
1787607607341 129
1787607607772 128
1787607608005 128
1787607608240 128
1787607608671 128
1787607609005 129
1787607610027 128
1787607610457 129
1787607611183 128
1787607611613 130
1787607612143 128
1787607612770 128
1787607613102 129
1787607613437 130
1787607613673 122
1787607613902 129
1787607614337 1600
1787607616933 119
1787607617160 128
1787607617591 126
1787607618122 122
1787607618447 119
1787607619071 127
1787607619502 121
1787607620024 130
1787607620262 121
1787607620589 129
1787607620923 126
1787607621155 122
1787607621577 129
1787607622605 123
1787607623133 124
1787607623561 126
1787607624089 123
1787607624713 129
1787607625342 122
1787607625669 120
1787607625897 120
1787607626124 117
1787607626445 122
1787607626673 120
1787607626898 122
1787607627126 128
1787607627657 118
1787607628568 122
1787607628995 130
1787607629429 129
1787607629863 129
1787607630687 130
1787607631416 118
1787607631739 128
1787607631975 128
1787607632210 127
1787607632545 129
1787607633372 124
1787607633700 128
1787607633935 121
1787607634658 128
1787607634893 129
1787607635522 129
1787607636644 119
1787607636872 115
1787607637193 128
1787607637427 129
1787607637860 129
1787607638294 125
1787607638526 129
1787607639254 131
1787607639490 121
1787607640114 131
1787607641046 128
1787607642066 131
1787607642503 129
1787607642837 127
1787607643168 125
1787607643400 128
1787607643929 1656
1787607645993 130
1787607646229 128
1787607646661 129
1787607646995 126
1787607647326 128
1787607648448 118
1787607649162 127
1787607649690 128
1787607650025 128
1787607650260 128
1787607650494 129
1787607650729 122
1787607650959 121
1787607651188 126
1787607651519 127
1787607651852 130
1787607652090 130
1787607652725 129
1787607652960 122
1787607654572 127
1787607654904 128
1787607655435 128
1787607655771 129
1787607656303 129
1787607656737 128
1787607656972 130
1787607657208 129
1787607657445 131
1787607657980 129
1787607658218 128
1787607658651 128
1787607660165 129
1787607660698 124
1787607661126 129
1787607661362 128
1787607661894 124
1787607662124 129
1787607662559 121
1787607662884 123
1787607663311 130
1787607663648 128
1787607664277 120
1787607665401 121
1787607666319 131
1787607666558 128
1787607666793 126
1787607667521 123
1787607667751 128
1787607668281 127
1787607668514 128
1787607668845 130
1787607669082 130
1787607669910 129
1787607670838 130
1787607671765 131
1787607672004 126
1787607672237 121
1787607672463 129
1787607672993 130
1787607673230 130
1787607673565 131
1787607673905 1682
1787607675795 129
1787607676031 129
1787607676464 127
1787607676697 129
1787607677425 129
1787607678253 123
1787607679271 117
1787607679497 125
1787607679728 127
1787607680159 123
1787607680485 123
1787607680714 123
1787607681044 122
1787607681275 129
1787607681808 121
1787607682035 128
1787607682271 128
1787607682605 127
1787607683327 130
1787607684155 128
1787607685177 121
1787607685404 128
1787607685838 128
1787607686074 119
1787607686398 128
1787607686734 129
1787607687168 119
1787607687492 127
1787607687924 125
1787607688156 124
1787607688387 121
1787607689200 125
1787607689532 123
1787607690760 130
1787607691096 130
1787607691431 127
1787607691762 130
1787607692296 128
1787607692529 128
1787607692765 130
1787607693102 131
1787607693538 130
1787607693973 128
1787607694305 120
1787607695025 122
1787607696343 130
1787607696876 124
1787607697108 128
1787607697541 129
1787607697777 129
1787607698014 128
1787607698450 119
1787607698971 128
1787607699501 131
1787607699740 130
1787607699977 128
1787607700508 128
1787607701725 130
1787607701963 129
1787607702497 128
1787607702832 129
1787607703362 128
1787607703598 129
1787607704031 123
1787607704261 1642
1787607706513 129
1787607706749 129
1787607707084 130
1787607707323 127
1787607707660 125
1787607708294 125
1787607708826 124
1787607709160 125
1787607709994 124
1787607710425 124
1787607710658 127
1787607710996 125
1787607711230 125
1787607711464 127
1787607711798 123
1787607712330 126
1787607712763 124
1787607713096 121
1787607713327 127
1787607713663 128
1787607713900 123
1787607714634 126
1787607714870 125
1787607715405 124
1787607716235 127
1787607716470 129
1787607717009 126
1787607717245 123
1787607717775 126
1787607718010 126
1787607718645 126
1787607718981 124
1787607719216 121
1787607719647 125
1787607719882 124
1787607720616 126
1787607720852 125
1787607721187 125
1787607722019 125
1787607722352 125
1787607722784 125
1787607723018 122
1787607723352 124
1787607723686 122
1787607724020 120
1787607724552 122
1787607725087 120
1787607725419 126
1787607725654 126
1787607725991 126
1787607726423 122
1787607726853 121
1787607727785 124
1787607728319 127
1787607728854 122
1787607729086 126
1787607729322 125
1787607729856 127
1787607730192 126
1787607730727 125
1787607731063 127
1787607731299 126
1787607731733 125
1787607732169 127
1787607732604 126
1787607732838 125
1787607733374 123
1787607734204 1643
1787607735957 129
1787607736196 125
1787607736530 126
1787607736863 127
1787607737105 127
1787607737735 130
1787607737972 129
1787607738410 129
1787607738943 121
1787607739272 126
1787607739504 128
1787607740135 130
1787607740670 130
1787607741500 130
1787607741739 130
1787607742173 129
1787607742408 128
1787607742741 129
1787607743472 129
1787607743806 129
1787607744437 129
1787607744673 127
1787607745006 129
1787607745341 129
1787607745676 122
1787607745905 129
1787607746631 128
1787607747265 127
1787607747597 125
1787607748027 128
1787607748261 128
1787607748795 129
1787607749030 129
1787607749267 129
1787607749600 131
1787607750530 129
1787607750966 128
1787607751202 129
1787607751438 121
1787607751665 126
1787607751996 129
1787607752825 127
1787607753059 127
1787607753391 130
1787607753826 128
1787607754160 130
1787607754798 128
1787607755130 129
1787607755561 129
1787607756191 125
1787607757017 130
1787607757254 128
1787607757785 130
1787607758021 126
1787607758354 123
1787607758877 121
1787607759105 128
1787607759441 129
1787607759677 127
1787607760503 128
1787607760936 128
1787607761369 129
1787607761703 129
1787607762534 128
1787607762965 121
1787607763590 126
1787607763823 128
1787607764057 121
1787607764483 1696
1787607766287 124
1787607766518 129
1787607766854 119
1787607767176 124
1787607767604 128
1787607768236 129
1787607768970 121
1787607769296 117
1787607770012 128
1787607770248 130
1787607771180 129
1787607771417 127
1787607771651 128
1787607771984 129
1787607772219 128
1787607772552 130
1787607772887 130
1787607773524 126
1787607773954 129
1787607774685 125
1787607774917 129
1787607775153 129
1787607775783 124
1787607776214 123
1787607776941 124
1787607777173 129
1787607777507 130
1787607777844 128
1787607778079 128
1787607778513 130
1787607778749 128
1787607779283 130
1787607779719 130
1787607780550 129
1787607780885 130
1787607781123 129
1787607781755 125
1787607782187 128
1787607782717 129
1787607782952 129
1787607783384 128
1787607783619 129
1787607784152 129
1787607784388 122
1787607784716 130
1787607784952 127
1787607785485 129
1787607786315 131
1787607786751 129
1787607787185 128
1787607787518 127
1787607787950 129
1787607788582 118
1787607789007 130
1787607789541 129
1787607789876 130
1787607790409 121
1787607790737 122
1787607790967 127
1787607791897 130
1787607792233 130
1787607792867 130
1787607793104 129
1787607793440 130
1787607794071 125
1787607794501 128
1787607794836 129
1787607795170 1677
1787607796960 132
1787607797199 129
1787607797633 130
1787607798263 128
1787607798497 130
1787607799231 125
1787607799663 127
1787607799994 131
1787607800530 128
1787607800765 121
1787607801487 128
1787607802019 125
1787607802351 128
1787607802684 122
1787607802912 122
1787607803141 129
1787607803870 130
1787607804107 129
1787607804542 122
1787607805167 129
1787607805404 134
1787607805843 130
1787607806579 128
1787607807112 127
1787607807642 127
1787607807975 129
1787607808510 130
1787607808749 128
1787607808983 128
1787607809714 123
1787607810240 130
1787607810670 129
1787607810908 126
1787607811545 125
1787607811982 123
1787607812414 127
1787607812955 124
1787607813489 126
1787607814024 125
1787607814259 127
1787607814593 126
1787607814830 127
1787607815266 124
1787607815500 128
1787607815939 129
1787607816577 126
1787607816913 127
1787607817349 124
1787607817882 130
1787607818220 126
1787607818854 308
1787607819476 126
1787607819911 126
1787607820247 129
1787607820486 126
1787607820723 128
1787607820960 126
1787607821497 130
1787607821735 129
1787607822171 127
1787607822409 135
1787607823056 130
1787607823494 122
1787607823822 128
1787607824459 127
1787607825200 128
1787607825536 1681
1787607827328 127
1787607827963 124
1787607828497 129
1787607828735 125
1787607829068 127
1787607829605 127
1787607830340 126
1787607830876 125
1787607831709 128
1787607832247 124
1787607832680 126
1787607833118 125
1787607833352 126
1787607833586 126
1787607834019 126
1787607834256 127
1787607834593 124
1787607835027 126
1787607835364 125
1787607835899 124
1787607836532 125
1787607837269 129
1787607837909 127
1787607838445 127
1787607838884 124
1787607839219 129
1787607839726 125
1787607840161 125
1787607840394 123
1787607840627 125
1787607840861 128
1787607841601 134
1787607842145 129
1787607842988 123
1787607843524 126
1787607844061 127
1787607844298 123
1787607844629 124
1787607844862 125
1787607845297 125
1787607845631 127
1787607845867 127
1787607846204 127
1787607846641 128
1787607847483 125
1787607848018 124
1787607848854 126
1787607849290 128
1787607849828 128
1787607850164 126
1787607850602 125
1787607850936 125
1787607851371 126
1787607851607 128
1787607851947 122
1787607852179 125
1787607852614 126
1787607853045 125
1787607853780 125
1787607854816 126
1787607855453 126
1787607855891 127
1787607856128 127
1787607856565 1677
1787607858352 129
1787607858590 128
1787607858928 123
1787607859463 126
1787607859699 127
1787607860137 126
1787607860972 126
1787607861810 125
1787607862247 123
1787607862782 125
1787607863517 126
1787607863753 127
1787607864091 128
1787607864329 126
1787607864665 128
1787607864902 127
1787607865240 127
1787607865579 127
1787607865914 126
1787607866955 128
1787607867391 127
1787607867928 127
1787607868367 127
1787607869306 126
1787607869542 126
1787607869777 127
1787607870014 126
1787607870351 125
1787607870985 128
1787607871424 126
1787607871759 124
1787607872492 121
1787607872922 124
1787607873758 125
1787607873992 124
1787607874630 129
1787607874967 127
1787607875202 129
1787607875642 128
1787607875879 126
1787607876115 127
1787607876654 127
1787607877493 126
1787607877831 126
1787607878068 126
1787607879005 126
1787607879944 127
1787607880281 124
1787607880716 125
1787607881152 127
1787607881390 128
1787607881728 125
1787607881961 123
1787607883001 124
1787607883236 126
1787607883471 124
1787607884207 127
1787607884750 126
1787607885387 126
1787607885622 126
1787607885859 128
1787607886197 128
1787607886537 125
1787607886771 126
1787607887505 1691
1787607889307 123
1787607890444 128
1787607890681 126
1787607890916 128
1787607891658 128
1787607892296 126
1787607892835 127
1787607893072 126
1787607893307 128
1787607893646 128
1787607893885 126
1787607894222 127
1787607894761 123
1787607894993 119
1787607896023 119
1787607896354 126
1787607896891 125
1787607897425 123
1787607897961 126
1787607898397 126
1787607898732 123
1787607898963 124
1787607899199 126
1787607899635 129
1787607900372 123
1787607900706 129
1787607900944 127
1787607901880 128
1787607902118 125
1787607902759 127
1787607903095 126
1787607903833 126
1787607904068 127
1787607904305 125
1787607904638 125
1787607905177 123
1787607905410 125
1787607905645 124
1787607906282 126
1787607907021 127
1787607907657 128
1787607907895 128
1787607908234 126
1787607908469 123
1787607909008 126
1787607909447 127
1787607909885 126
1787607910122 124
1787607910356 126
1787607910593 127
1787607911132 128
1787607911774 129
1787607912115 127
1787607912955 126
1787607913587 127
1787607913825 127
1787607914163 127
1787607914603 128
1787607914842 127
1787607915281 126
1787607915719 127
1787607916056 124
1787607916289 128
1787607916526 125
1787607916863 125
1787607917804 125
1787607918142 127
1787607918883 1669
1787607920862 127
1787607921099 127
1787607921836 128
1787607922175 129
1787607922414 125
1787607922648 128
1787607922986 127
1787607923523 125
1787607923957 129
1787607924902 126
1787607925338 128
1787607925674 129
1787607926417 126
1787607926653 128
1787607927493 128
1787607927830 125
1787607928167 128
1787607928405 122
1787607928841 122
1787607929075 121
1787607929805 126
1787607930446 122
1787607930777 128
1787607931617 128
1787607931955 126
1787607932190 127
1787607932427 125
1787607933169 129
1787607933714 128
1787607933951 128
1787607934291 124
1787607934524 126
1787607934760 127
1787607935198 127
1787607935639 127
1787607936180 123
1787607936813 126
1787607937552 125
1787607937988 127
1787607938224 127
1787607938762 128
1787607939403 122
1787607939740 123
1787607939973 129
1787607940212 124
1787607940549 124
1787607940784 126
1787607941322 127
1787607941965 127
1787607942608 123
1787607943043 126
1787607943583 125
1787607944018 125
1787607944455 124
1787607944991 121
1787607945318 127
1787607945756 128
1787607945994 127
1787607946232 128
1787607946470 124
1787607946705 127
1787607947140 126
1787607947773 122
1787607948506 126
1787607948742 123
1787607949581 1685
1787607951377 128
1787607951815 128
1787607952351 127
1787607952587 128
1787607953125 125
1787607953361 128
1787607953699 129
1787607953939 128
1787607954175 128
1787607954716 129
1787607955056 125
1787607955996 126
1787607956333 123
1787607956968 126
1787607957304 129
1787607957542 125
1787607957878 125
1787607958213 124
1787607958446 125
1787607958683 124
1787607959220 129
1787607959458 127
1787607960102 129
1787607960340 129
1787607960679 128
1787607961727 127
1787607962372 127
1787607962712 129
1787607963254 126
1787607963490 129
1787607963729 128
1787607963965 128
1787607964203 126
1787607964947 129
1787607965186 129
1787607966030 129
1787607966268 127
1787607966506 125
1787607966843 126
1787607967686 124
1787607968428 128
1787607969167 128
1787607969404 130
1787607969643 128
1787607969881 125
1787607970519 128
1787607970758 128
1787607971902 127
1787607972140 127
1787607972378 128
1787607972616 127
1787607973256 128
1787607973897 132
1787607974339 127
1787607974777 128
1787607975015 126
1787607975251 124
1787607975688 127
1787607976321 126
1787607977360 128
1787607977598 128
1787607978035 126
1787607978371 128
1787607978609 127
1787607979354 127
1787607979898 126
1787607980236 127
1787607980777 1698
1787607982586 130
1787607982825 128
1787607983165 129
1787607983703 129
1787607984446 124
1787607984682 127
1787607985529 126
1787607985766 128
1787607986006 127
1787607986241 127
1787607986780 127
1787607987318 129
1787607987557 128
1787607987794 126
1787607988437 128
1787607988776 128
1787607989015 127
1787607989658 128
1787607990200 127
1787607990742 127
1787607991482 129
1787607991822 127
1787607992159 128
1787607992397 128
1787607992938 128
1787607993276 128
1787607993513 128
1787607993752 127
1787607994292 125
1787607994528 129
1787607995268 126
1787607995705 130
1787607995943 129
1787607996995 126
1787607997332 128
1787607997870 131
1787607998112 128
1787607998350 126
1787607998787 125
1787607999024 126
1787607999362 126
1787607999598 127
1787607999936 129
1787608000176 127
1787608000514 127
1787608001054 128
1787608001793 126
1787608002030 129
1787608002976 125
1787608003212 128
1787608003856 128
1787608004195 129
1787608004536 127
1787608004773 126
1787608005010 127
1787608005248 130
1787608005591 127
1787608005931 127
1787608006169 127
1787608006713 128
1787608007760 126
1787608009005 129
1787608009547 129
1787608009787 127
1787608010229 130
1787608010468 125
1787608010805 127
1787608011040 127
1787608011278 127
1787608011814 1681
1787608013808 128
1787608014146 126
1787608014586 128
1787608015129 126
1787608016174 129
1787608016514 127
1787608016853 126
1787608017389 126
1787608017623 128
1787608017862 128
1787608018201 127
1787608018443 127
1787608018782 128
1787608019424 124
1787608019662 128
1787608019901 128
1787608020241 127
1787608021293 130
1787608022040 127
1787608022380 127
1787608022822 128
1787608023062 127
1787608023501 126
1787608023736 128
1787608024176 128
1787608024415 119
1787608024645 131
1787608025290 129
1787608025530 128
1787608025770 127
1787608026009 128
1787608027353 128
1787608027590 126
1787608028131 129
1787608028370 129
1787608029014 128
1787608029250 128
1787608029590 127
1787608030235 125
1787608030572 128
1787608030914 128
1787608031153 126
1787608031490 128
1787608031830 128
1787608033088 127
1787608033426 127
1787608033764 126
1787608034000 125
1787608034437 127
1787608034676 129
1787608035118 124
1787608035860 127
1787608036299 128
1787608036638 127
1787608036876 126
1787608037114 127
1787608037352 125
1787608037894 130
1787608038538 130
1787608038879 128
1787608039622 129
1787608040067 129
1787608040612 131
1787608041769 127
1787608042008 128
1787608042245 128
1787608042484 128
1787608043026 1690
1787608045028 126
1787608045264 128
1787608045603 127
1787608046548 130
1787608046890 129
1787608047231 126
1787608047670 128
1787608048712 129
1787608049256 128
1787608049596 125
1787608049929 128
1787608050167 127
1787608050507 125
1787608050741 128
1787608050980 125
1787608051317 128
1787608052162 128
1787608052705 128
1787608053043 128
1787608053282 124
1787608054330 128
1787608054773 125
1787608055411 129
1787608055650 128
1787608055991 124
1787608056226 129
1787608056567 127
1787608056906 128
1787608057753 128
1787608058091 126
1787608058630 125
1787608059066 130
1787608059809 128
1787608060149 128
1787608060894 129
1787608061336 121
1787608061667 128
1787608062107 130
1787608062347 130
1787608062586 131
1787608063228 127
1787608063566 127
1787608063803 128
1787608064143 130
1787608065091 128
1787608065432 126
1787608065872 124
1787608066408 129
1787608067153 127
1787608067493 129
1787608067834 130
1787608068074 127
1787608068514 130
1787608068755 128
1787608068997 128
1787608069236 130
1787608069477 126
1787608069916 128
1787608070965 126
1787608071507 128
1787608071847 130
1787608072696 130
1787608073241 125
1787608073477 127
1787608073919 1708
1787608075840 129
1787608076079 128
1787608076521 131
1787608076764 127
1787608077001 129
1787608078157 129
1787608078600 129
1787608078840 128
1787608079282 129
1787608079725 128
1787608080572 129
1787608081115 126
1787608081453 126
1787608081689 126
1787608081926 128
1787608082166 127
1787608082504 128
1787608083146 127
1787608083790 128
1787608084130 125
1787608084366 129
1787608085213 123
1787608085545 131
1787608085887 127
1787608086532 127
1787608086972 131
1787608087212 129
1787608087655 128
1787608087893 128
1787608088232 129
1787608088572 125
1787608088907 127
1787608089347 125
1787608089784 128
1787608090228 127
1787608091071 128
1787608091410 128
1787608091849 128
1787608092189 131
1787608092737 127
1787608092973 124
1787608093308 126
1787608093647 126
1787608093985 127
1787608094324 126
1787608095069 124
1787608095303 127
1787608095643 127
1787608095983 127
1787608096323 125
1787608097167 130
1787608097406 127
1787608097946 129
1787608098589 127
1787608098827 126
1787608099165 123
1787608099601 128
1787608099940 127
1787608100280 126
1787608101120 129
1787608101666 127
1787608101903 125
1787608102550 127
1787608102887 127
1787608103526 124
1787608103759 127
1787608104097 122
1787608104333 129
1787608104775 127
1787608105721 1733
1787608107669 127
1787608107908 126
1787608108144 127
1787608108381 126
1787608109024 128
1787608109262 129
1787608109806 126
1787608110043 124
1787608110887 127
1787608111429 131
1787608111671 126
1787608112008 127
1787608113257 128
1787608113695 125
1787608113931 126
1787608114371 126
1787608114607 127
1787608114946 125
1787608115283 126
1787608115620 131
1787608116569 127
1787608116909 127
1787608117147 128
1787608117485 121
1787608118828 124
1787608119264 129
1787608119602 127
1787608119938 127
1787608120176 127
1787608120721 127
1787608120965 129
1787608121810 127
1787608122350 124
1787608122785 132
1787608123126 132
1787608123367 133
1787608124617 128
1787608124855 123
1787608125090 132
1787608125431 125
1787608125866 131
1787608126105 131
1787608126548 131
1787608126790 132
1787608127030 132
1787608127773 132
1787608128216 131
1787608128558 133
1787608129201 130
1787608129441 132
1787608130388 134
1787608130631 131
1787608131073 126
1787608131307 131
1787608131650 131
1787608131845 131
1787608132487 131
1787608132828 124
1787608133061 131
1787608133302 132
1787608133846 125
1787608134382 130
1787608135330 132
1787608135570 131
1787608136214 127
1787608136857 132
1787608137200 1698
1787608139007 123
1787608139541 126
1787608139977 133
1787608140320 132
1787608140660 131
1787608141000 131
1787608141442 130
1787608141681 133
1787608142728 125
1787608142961 123
1787608143499 132
1787608143940 127
1787608144579 130
1787608144818 131
1787608145257 130
1787608145899 131
1787608146341 126
1787608146776 130
1787608147014 130
1787608147354 131
1787608147594 133
1787608148637 134
1787608148981 123
1787608149414 132
1787608149956 130
1787608150397 131
1787608150638 127
1787608150974 130
1787608151716 130
1787608151954 132
1787608152597 132
1787608152937 130
1787608153275 130
1787608153712 132
1787608154456 134
1787608154699 132
1787608155043 135
1787608155287 132
1787608155627 129
1787608155968 131
1787608156410 131
1787608156650 131
1787608156989 133
1787608157535 132
1787608157976 129
1787608158516 132
1787608158856 131
1787608159398 131
1787608159942 131
1787608160585 131
1787608160825 132
1787608161166 132
1787608161407 129
1787608161646 126
1787608162385 131
1787608162624 130
1787608163064 129
1787608163301 130
1787608163839 130
1787608164277 130
1787608164615 127
1787608165350 132
1787608166193 131
1787608166434 131
1787608166876 124
1787608167110 130
1787608167350 130
1787608168191 131
1787608168430 1714
1787608170556 131
1787608170996 131
1787608171436 125
1787608171972 131
1787608172919 132
1787608173160 131
1787608173399 130
1787608173739 131
1787608174180 124
1787608174413 126
1787608174648 129
1787608175288 130
1787608175727 130
1787608176468 130
1787608176807 131
1787608177352 129
1787608177791 130
1787608178434 130
1787608178772 130
1787608179011 128
1787608179647 130
1787608179987 131
1787608180325 132
1787608180567 128
1787608180807 130
1787608181150 126
1787608181387 129
1787608181831 124
1787608182059 125
1787608183006 129
1787608183552 129
1787608183893 122
1787608184529 124
1787608184766 130
1787608185210 129
1787608185551 127
1787608185991 129
1787608186534 128
1787608186773 124
1787608187107 128
1787608187447 127
1787608187787 124
1787608188633 127
1787608189073 129
1787608189516 307
1787608189937 128
1787608190584 131
1787608190825 125
1787608191265 129
1787608191911 128
1787608192149 129
1787608192491 126
1787608192830 122
1787608193061 129
1787608193302 127
1787608193539 126
1787608193776 129
1787608194319 127
1787608194758 127
1787608195403 127
1787608195742 128
1787608196081 129
1787608196926 127
1787608197164 129
1787608197508 129
1787608198052 129
1787608198597 127
1787608198835 128
1787608199172 126
1787608199410 126
1787608199647 1740
1787608201802 128
1787608202344 125
1787608202988 128
1787608203430 127
1787608204582 125
1787608204920 128
1787608205666 128
1787608206007 128
1787608206246 126
1787608206888 131
1787608209254 127
1787608209896 131
1787608211144 129
1787608211685 129
1787608213137 128
1787608213376 129
1787608214710 128
1787608234450 1755
1787608236296 136
1787608236499 134
1787608236742 132
1787608236987 134
1787608237227 133
1787608237463 134
1787608237692 134
1787608237940 133
1787608238286 126
1787608239352 124
1787608242438 128
1787608284486 1729
1787608286333 127
1787608286564 122
1787608286799 122
1787608287136 124
1787608287372 122
1787608287606 122
1787608287831 124
1787608288422 122
1787608288856 124
1787608289093 121
1787608289316 122
1787608289551 123
1787608289778 123
1787608290211 124
1787608290446 122
1787608290785 122
1787608291010 122
1787608291246 122
1787608291472 124
1787608291710 121
1787608292047 121
1787608292281 121
1787608292515 122
1787608292751 121
1787608292976 123
1787608293211 136
1787608293460 134
1787608293706 136
1787608293902 135
1787608294149 134
1787608294396 133
1787608294731 137
1787608294980 135
1787608295216 136
1787608295464 134
1787608295800 135
1787608296049 136
1787608296298 136
1787608296546 135
1787608296972 136
1787608297323 134
1787608298092 140
1787608298399 135
1787608298646 135
1787608298884 135
1787608299131 134
1787608299585 136
1787608299937 137
1787608300182 135
1787608300429 135
1787608300667 135
1787608300916 135
1787608301163 137
1787608301622 137
1787608301862 134
1787608302077 135
1787608302325 134
1787608302873 138
1787608303124 135
1787608303475 135
1787608303713 134
1787608304065 136
1787608304313 137
1787608305170 114
1787608305385 115
1787608305612 116
1787608305841 115
1787608306058 113
1787608306283 113
1787608306509 117
1787608306728 115
1787608306948 115
1787608307175 114
1787608307340 116
1787608307569 117
1787608307798 115
1787608308224 114
1787608308451 115
1787608308667 115
1787608308895 114
1787608309110 116
1787608309338 113
1787608309766 116
1787608309994 115
1787608310221 115
1787608310439 117
1787608310669 115
1787608311184 115
1787608311412 115
1787608311735 110
1787608311949 114
1787608312228 114
1787608312561 114
1787608312890 115
1787608313517 115
1787608313744 113
1787608313970 114
1787608314187 115
1787608314520 114
1787608314748 114
1787608314970 113
1787608315187 114
1787608315516 113
1787608315741 114
1787608315967 114
1787608316298 115
1787608316527 1714
1787608318456 124
1787608318692 124
1787608319034 124
1787608319271 124
1787608319508 124
1787608319745 123
1787608319981 126
1787608320420 124
1787608320658 123
1787608320883 124
1787608321120 123
1787608321357 124
1787608321594 124
1787608321916 123
1787608322234 128
1787608322675 123
1787608322911 124
1787608323147 124
1787608323384 125
1787608323708 124
1787608324048 125
1787608324324 123
1787608324560 124
1787608324798 125
1787608325140 136
1787608325390 124
1787608325730 124
1787608325967 125
1787608326205 125
1787608326443 123
1787608326931 124
1787608327168 124
1787608327404 124
1787608327640 123
1787608327981 124
1787608328217 124
1787608328550 127
1787608328790 125
1787608329184 124
1787608329421 124
1787608329659 125
1787608329897 125
1787608330135 125
1787608330467 124
1787608330901 130
1787608331144 127
1787608331384 124
1787608331622 126
1787608332120 129
1787608332362 127
1787608332602 127
1787608332948 129
1787608333399 127
1787608333603 128
1787608333834 126
1787608334072 126
1787608334312 126
1787608334656 126
1787608335105 128
1787608335346 128
1787608335587 127
1787608335828 127
1787608336068 129
1787608336414 127
1787608336653 128
1787608336894 127
1787608337133 125
1787608337367 115
1787608337635 128
1787608337877 127
1787608338118 126
1787608338463 129
1787608338799 128
1787608339122 127
1787608339572 126
1787608339812 126
1787608340051 128
1787608340396 126
1787608340625 127
1787608340856 126
1787608341095 127
1787608341335 127
1787608341783 127
1787608342023 128
1787608342354 127
1787608342586 128
1787608342827 128
1787608343067 128
1787608343307 127
1787608343547 131
1787608343896 128
1787608344226 128
1787608344517 124
1787608344754 123
1787608344990 123
1787608345225 122
1787608345566 123
1787608345898 123
1787608346134 124
1787608346372 121
1787608346607 122
1787608346841 121
1787608347283 123
1787608347622 123
1787608347802 122
1787608348037 123
1787608348272 1745
1787608350242 124
1787608350480 124
1787608351023 122
1787608351259 122
1787608351496 124
1787608351734 122
1787608351968 122
1787608352411 124
1787608352648 123
1787608352936 124
1787608353173 123
1787608353408 121
1787608353748 123
1787608354089 123
1787608354358 122
1787608354591 122
1787608354825 124
1787608355166 125
1787608355611 123
1787608355847 122
1787608356078 123
1787608356313 123
1787608356549 121
1787608356783 123
1787608357017 123
1787608357451 120
1787608357685 122
1787608357958 123
1787608358194 122
1787608358527 122
1787608358762 123
1787608358999 123
1787608359234 123
1787608359610 137
1787608359859 136
1787608360107 136
1787608360566 137
1787608360815 135
1787608361103 138
1787608361512 135
1787608361760 135
1787608362007 136
1787608362255 136
1787608362701 138
1787608362943 134
1787608363276 135
1787608363523 134
1787608363770 135
1787608364017 136
1787608364265 135
1787608364503 133
1787608364747 137
1787608364997 134
1787608365243 134
1787608365489 136
1787608365737 134
1787608365984 135
1787608366232 135
1787608366478 134
1787608366726 135
1787608366974 136
1787608367223 135
1787608367680 134
1787608367927 133
1787608368274 134
1787608368511 135
1787608368759 135
1787608368951 136
1787608369304 134
1787608369550 136
1787608369998 134
1787608370234 136
1787608370483 137
1787608370825 136
1787608371074 134
1787608371322 135
1787608371570 134
1787608371860 135
1787608372106 138
1787608372347 135
1787608372593 134
1787608372840 133
1787608373086 134
1787608373333 136
1787608373582 135
1787608374019 135
1787608374258 136
1787608374603 134
1787608374851 133
1787608375098 135
1787608375346 135
1787608375685 136
1787608376121 115
1787608376350 115
1787608376577 114
1787608376805 115
1787608377136 115
1787608377312 114
1787608377818 114
1787608378045 115
1787608378273 113
1787608378498 112
1787608378722 116
1787608379137 116
1787608379366 114
1787608379767 115
1787608379996 115
1787608380223 113
1787608380441 1737
1787608382279 114
1787608382587 115
1787608382814 114
1787608383041 114
1787608383269 115
1787608383497 116
1787608383726 115
1787608383911 115
1787608384139 114
1787608384365 113
1787608384591 114
1787608384814 112
1787608385040 114
1787608385371 115
1787608385599 115
1787608385932 114
1787608386155 115
1787608386635 116
1787608386864 115
1787608387196 115
1787608387470 117
1787608387697 113
1787608388028 113
1787608388253 114
1787608388478 115
1787608388800 115
1787608389028 114
1787608389244 114
1787608389470 113
1787608389683 113
1787608390016 114
1787608390243 114
1787608390557 115
1787608391177 114
1787608391509 115
1787608391736 116
1787608391965 115
1787608392181 117
1787608392402 113
1787608392629 114
1787608392856 122
1787608393091 123
1787608393325 123
1787608393665 124
1787608394007 124
1787608394346 135
1787608394594 123
1787608394831 124
1787608395225 122
1787608395656 124
1787608395894 123
1787608396129 123
1787608396470 125
1787608396801 123
1787608397142 123
1787608397374 123
1787608397609 124
1787608397847 124
1787608398083 124
1787608398319 125
1787608398556 123
1787608398840 124
1787608399076 123
1787608399308 118
1787608399539 123
1787608399879 125
1787608400222 123
1787608400458 124
1787608400799 123
1787608401036 123
1787608401271 122
1787608401507 122
1787608401741 123
1787608402164 123
1787608402646 125
1787608402883 124
1787608403121 135
1787608403370 123
1787608403597 123
1787608404080 123
1787608404314 125
1787608404552 122
1787608404787 123
1787608405065 125
1787608405304 127
1787608405545 123
1787608405781 121
1787608406015 122
1787608406340 125
1787608406664 123
1787608406901 123
1787608407082 122
1787608407316 122
1787608407552 123
1787608407779 124
1787608408016 124
1787608408251 123
1787608408591 126
1787608408934 124
1787608409172 125
1787608409409 122
1787608409777 126
1787608410016 126
1787608410254 126
1787608410500 126
1787608410949 126
1787608411189 127
1787608411429 128
1787608411880 127
1787608412119 127
1787608412359 126
1787608412597 1743
1787608414392 126
1787608414630 127
1787608414870 126
1787608415212 126
1787608415648 126
1787608415887 126
1787608416127 125
1787608416364 126
1787608416696 125
1787608416934 125
1787608417160 127
1787608417400 125
1787608417637 125
1787608417874 127
1787608418114 126
1787608418458 124
1787608418695 126
1787608419040 126
1787608419382 126
1787608419618 124
1787608420159 128
1787608420497 127
1787608420883 128
1787608421124 127
1787608421469 129
1787608421921 126
1787608422160 128
1787608422400 125
1787608422592 125
1787608422829 126
1787608423277 125
1787608423515 128
1787608423756 126
1787608423993 124
1787608424220 125
1787608424458 125
1787608424896 127
1787608425227 126
1787608425571 126
1787608425853 126
1787608426091 129
1787608426439 126
1787608426781 125
1787608427119 127
1787608427359 126
1787608427598 125
1787608428042 122
1787608428275 121
1787608428594 123
1787608428829 122
1787608429103 123
1787608429338 121
1787608429573 121
1787608429808 122
1787608430043 120
1787608430275 122
1787608430509 123
1787608430745 122
1787608430981 123
1787608431217 123
1787608431452 124
1787608431688 122
1787608432029 123
1787608432255 123
1787608432491 122
1787608432830 120
1787608433169 124
1787608433406 121
1787608433795 123
1787608434031 124
1787608434370 119
1787608434602 121
1787608434929 122
1787608435271 124
1787608435613 126
1787608435843 123
1787608436080 122
1787608436316 124
1787608436653 123
1787608436889 124
1787608437118 123
1787608437656 123
1787608437892 124
1787608438120 123
1787608438356 124
1787608438593 123
1787608438827 122
1787608439166 122
1787608439399 121
1787608439633 124
1787608440182 123
1787608440400 121
1787608440634 123
1787608440861 122
1787608441199 123
1787608441424 124
1787608441766 124
1787608442003 121
1787608442417 122
1787608442842 121
1787608443077 119
1787608443310 124
1787608443547 125
1787608443962 122
1787608444197 123
1787608444436 121
1787608444648 124
1787608444885 1750
1787608446853 123
1787608447090 124
1787608447327 123
1787608447563 123
1787608447896 128
1787608448137 137
1787608448491 136
1787608448741 135
1787608448979 137
1787608449429 137
1787608449665 138
1787608449916 137
1787608450167 137
1787608450618 137
1787608450868 138
1787608451118 138
1787608451463 136
1787608451712 138
1787608451963 136
1787608452318 136
1787608452569 137
1787608452819 137
1787608453173 137
1787608453423 136
1787608453673 136
1787608454126 137
1787608454376 138
1787608454626 137
1787608455066 137
1787608455422 137
1787608455874 137
1787608456125 135
1787608456362 137
1787608456602 136
1787608456852 137
1787608457103 135
1787608457457 135
1787608457803 136
1787608458052 135
1787608458286 134
1787608458533 134
1787608458779 133
1787608459027 135
1787608459691 137
1787608460031 134
1787608460278 137
1787608460527 135
1787608460774 136
1787608461224 135
1787608461471 138
1787608461785 139
1787608462037 136
1787608462395 136
1787608462624 136
1787608462977 134
1787608463329 138
1787608463526 136
1787608463984 137
1787608464338 136
1787608464588 136
1787608464838 136
1787608465088 136
1787608465324 137
1787608465679 135
1787608465927 136
1787608466237 138
1787608466800 135
1787608467049 136
1787608467297 136
1787608467546 137
1787608467900 116
1787608468233 114
1787608468460 116
1787608468690 117
1787608469023 118
1787608469254 116
1787608469483 116
1787608469818 117
1787608470046 114
1787608470482 115
1787608470710 116
1787608470940 116
1787608471274 115
1787608471699 114
1787608472021 114
1787608472237 115
1787608472465 113
1787608472903 115
1787608473443 116
1787608473872 115
1787608474099 114
1787608474429 116
1787608474657 116
1787608474875 115
1787608475102 116
1787608475323 114
1787608475550 116
1787608475885 116
1787608476115 116
1787608476443 115
1787608476767 116
1787608476988 117
1787608477217 1720
1787608479270 119
1787608479501 115
1787608479921 114
1787608480253 117
1787608480485 116
1787608480819 116
1787608481048 115
1787608481276 116
1787608481594 114
1787608481821 117
1787608482051 116
1787608482280 116
1787608482510 115
1787608482739 115
1787608483072 117
1787608483400 115
1787608483733 113
1787608483959 115
1787608484384 116
1787608484613 117
1787608484834 117
1787608485065 116
1787608485293 114
1787608485521 115
1787608485749 115
1787608485978 116
1787608486415 117
1787608486612 115
1787608486831 126
1787608487070 125
1787608487308 125
1787608487754 123
1787608487991 125
1787608488228 125
1787608488414 123
1787608488651 123
1787608488887 124
1787608489124 125
1787608489567 124
1787608489804 125
1787608490042 125
1787608490364 124
1787608490601 126
1787608490946 124
1787608491289 125
1787608491528 124
1787608491764 123
1787608492086 123
1787608492426 126
1787608492666 124
1787608493000 123
1787608493340 126
1787608493673 124
1787608493910 125
1787608494148 124
1787608494596 123
1787608494833 123
1787608495069 124
1787608495305 125
1787608495540 125
1787608495777 126
1787608496016 124
1787608496252 125
1787608496490 125
1787608496729 123
1787608496965 124
1787608497305 123
1787608497542 123
1787608498015 124
1787608498357 125
1787608498595 124
1787608498832 125
1787608499008 124
1787608499339 123
1787608499556 123
1787608499898 124
1787608500135 124
1787608500371 126
1787608500711 124
1787608500948 126
1787608501187 125
1787608501426 124
1787608501663 124
1787608502007 124
1787608502455 125
1787608502903 124
1787608503141 125
1787608503380 126
1787608503820 125
1787608504146 124
1787608504488 123
1787608504829 125
1787608505068 125
1787608505501 124
1787608505809 124
1787608506045 123
1787608506492 125
1787608506834 124
1787608507067 124
1787608507357 123
1787608507592 126
1787608507937 123
1787608508383 126
1787608508611 124
1787608508943 127
1787608509183 1759
1787608511055 127
1787608511398 127
1787608511943 128
1787608512183 127
1787608512422 127
1787608512662 127
1787608513006 127
1787608513438 128
1787608513670 128
1787608513911 128
1787608514153 128
1787608514393 128
1787608514738 125
1787608515063 126
1787608515292 126
1787608515523 128
1787608515976 127
1787608516216 127
1787608516456 128
1787608516791 129
1787608517018 129
1787608517365 126
1787608517606 127
1787608517845 128
1787608518086 128
1787608518528 128
1787608518867 127
1787608519108 127
1787608519452 129
1787608519798 126
1787608520130 130
1787608520416 129
1787608520814 126
1787608521053 127
1787608521292 126
1787608521531 128
1787608521870 128
1787608522103 129
1787608522344 129
1787608522798 127
1787608523144 128
1787608523480 128
1787608523711 127
1787608523943 127
1787608524391 130
1787608524633 127
1787608524873 127
1787608525310 128
1787608525542 126
1787608525886 125
1787608526124 129
1787608526366 128
1787608526607 126
1787608526891 129
1787608527239 127
1787608527480 128
1787608527721 129
1787608527962 126
1787608528306 128
1787608528546 127
1787608528791 127
1787608529023 129
1787608529265 127
1787608529504 128
1787608529848 129
1787608530195 126
1787608530382 128
1787608530622 126
1787608530862 129
1787608531050 128
1787608531286 126
1787608531525 129
1787608531767 129
1787608532115 130
1787608532358 124
1787608532586 114
1787608532814 125
1787608533131 124
1787608533367 124
1787608533708 124
1787608533944 123
1787608534354 124
1787608534792 125
1787608535134 125
1787608535371 124
1787608535600 126
1787608536088 126
1787608536327 125
1787608536564 125
1787608537300 126
1787608537538 125
1787608537881 126
1787608538211 127
1787608539276 136
1787608539522 138
1787608552308 1748
1787608554169 136
1787608555126 137
1787608556190 138
1787608560208 137
1787608561069 135
1787608567880 137
1787608568129 133
1787608568373 137
1787608570365 133
1787608575765 131
1787608581565 133
1787608581811 137
1787608582060 136
1787608582309 136
1787608582557 135
1787608594960 1744
1787608596926 132
1787608597271 135
1787608597621 135
1787608597867 134
1787608598216 138
1787608605428 134
1787608606089 137
1787608610772 138
1787608611020 135
1787608611374 136
1787608611623 135
1787608611869 135
1787608612221 138
1787608612783 135
1787608623801 133
1787608624045 136
1787608624502 135
1787608624852 137
1787608625520 135
1787608625768 136
1787608626224 135
1787608626473 138
1787608626723 1727
1787608628561 137
1787608629120 137
1787608629473 137
1787608640117 134
1787608640363 135
1787608640715 134
1787608641270 135
1787608641516 138
1787608641870 138
1787608642121 136
1787608642370 136
1787608642618 136
1787608642866 136
1787608643114 134
1787608643463 136
1787608644748 137
1787608649563 136
1787608655371 133
1787608655616 136
1787608655864 136
1787608656113 134
1787608656669 137
1787608657126 136
1787608657375 136
1787608657726 136
1787608657974 135
1787608662820 1733
1787608671298 133
1787608671544 135
1787608671790 137
1787608672452 135
1787608672700 136
1787608672949 136
1787608673403 137
1787608673757 137
1787608674111 138
1787608675502 138
1787608685218 133
1787608685774 133
1787608686122 137
1787608686580 137
1787608686928 137
1787608687282 137
1787608687530 137
1787608687885 135
1787608688445 136
1787608689732 137
1787608689982 137
1787608699988 1739
1787608701943 138
1787608702611 133
1787608702856 139
1787608703210 136
1787608703667 137
1787608704021 136
1787608704893 138
1787608709060 134
1787608715709 132
1787608716057 138
1787608716310 137
1787608716664 137
1787608717227 140
1787608717480 137
1787608717730 134
1787608717976 136
1787608718328 138
1787608718892 137
1787608719141 135
1787608723532 138
1787608730441 138
1787608730901 137
1787608731151 137
1787608731505 137
1787608731754 134
1787608732416 1742
1787608734272 138
1787608734523 136
1787608734978 137
1787608735436 136
1787608741733 135
1787608746761 137
1787608747011 135
1787608747571 137
1787608747820 137
1787608748484 134
1787608748729 137
1787608748977 135
1787608749224 137
1787608749475 137
1787608750350 137
1787608751225 137
1787608757083 135
1787608760673 138
1787608761547 138
1787608762316 137
1787608762566 136
1787608763125 138
1787608763376 137
1787608764039 137
1787608764394 1728
1787608766235 137
1787608766587 135
1787608769643 138
1787608776565 136
1787608776813 136
1787608778203 139
1787608778871 136
1787608779430 137
1787608780200 137
1787608780763 136
1787608781012 137
1787608781572 136
1787608790651 139
1787608790900 138
1787608791982 137
1787608792437 138
1787608793103 136
1787608793974 132
1787608794630 137
1787608795505 137
1787608795754 138
1787608796211 1741
1787608806489 136
1787608806841 137
1787608807091 139
1787608807965 134
1787608808628 136
1787608809084 137
1787608809540 138
1787608811661 135
1787608812113 136
1787608812462 138
1787608812711 137
1787608812960 137
1787608818803 137
1787608821340 137
1787608821589 136
1787608821838 138
1787608822295 134
1787608823165 136
1787608823413 137
1787608823870 137
1787608824329 139
1787608824789 135
1787608825558 137
1787608827676 139
1787608828135 1748
1787608830207 137
1787608832754 138
1787608837683 136
1787608838244 133
1787608839213 136
1787608839462 135
1787608840227 138
1787608843477 137
1787608844038 136
1787608844388 135
1787608844634 136
1787608844882 138
1787608845444 134
1787608847864 137
1787608851337 137
1787608851897 134
1787608853701 137
1787608853952 137
1787608854305 137
1787608858794 135
1787608859353 139
1787608859709 138
1787608860376 1734
1787608868039 138
1787608869328 138
1787608869682 138
1787608869932 135
1787608874332 135
1787608875098 136
1787608875764 137
1787608876013 137
1787608876261 138
1787608876714 138
1787608881753 136
1787608882317 138
1787608883400 137
1787608883964 133
1787608884210 135
1787608884457 134
1787608884703 136
1787608886204 136
1787608890612 140
1787608890867 135
1787608891114 137
1787608891363 138
1787608891613 137
1787608894455 1736
1787608898274 138
1787608898732 135
1787608899394 138
1787608900582 136
1787608900935 137
1787608901288 138
1787608905202 138
1787608907322 138
1787608907675 137
1787608907924 138
1787608908797 138
1787608909255 137
1787608912844 138
1787608913093 137
1787608914485 138
1787608914734 137
1787608915402 136
1787608915755 135
1787608917150 137
1787608921762 138
1787608922532 136
1787608922885 133
1787608923960 137
1787608926995 1735
1787608928844 136
1787608930337 138
1787608931001 137
1787608931355 134
1787608932123 137
1787608932374 135
1787608938244 137
1787608938494 135
1787608939361 137
1787608939820 138
1787608940176 136
1787608943233 135
1787608943896 137
1787608944145 136
1787608945950 137
1787608946198 138
1787608946449 132
1787608946694 137
1787608950171 137
1787608951048 138
1787608953486 138
1787608954463 136
1787608954712 135
1787608957856 137
1787608958522 138
1787608958773 1739
1787608961981 136
1787608962230 139
1787608963518 135
1787608964806 138
1787608970567 137
1787608970921 136
1787608971168 138
1787608971623 135
1787608971870 135
1787608973779 135
1787608974026 138
1787608974485 137
1787608975048 135
1787608976534 136
1787608976782 136
1787608977134 138
1787608977901 138
1787608978986 136
1787608985990 136
1787608986339 136
1787608986588 137
1787608986839 137
1787608987921 140
1787608988487 138
1787608988738 137
1787608989191 134
1787608990585 1740
1787608992750 139
1787608993311 135
1787608993559 136
1787609002817 136
1787609003481 137
1787609003729 136
1787609003976 137
1787609004330 139
1787609004997 138
1787609005249 136
1787609007374 136
1787609007622 138
1787609007872 137
1787609009161 136
1787609017325 139
1787609017781 138
1787609018240 136
1787609018592 136
1787609018841 136
1787609019090 136
1787609021318 136
1787609021873 138
1787609022124 135
1787609023205 1737
1787609028068 137
1787609034144 137
1787609034498 137
1787609034747 137
1787609034997 136
1787609037324 136
1787609037573 136
1787609037822 138
1787609038073 137
1787609038734 138
1787609039192 138
1787609048762 136
1787609049114 135
1787609049361 136
1787609049608 135
1787609049854 137
1787609050104 137
1787609050875 136
1787609051435 134
1787609051785 138
1787609052346 137
1787609052699 135
1787609057827 1728
1787609063311 137
1787609065114 137
1787609065363 136
1787609065925 138
1787609066592 137
1787609067565 136
1787609067812 135
1787609068060 137
1787609068414 136
1787609068662 135
1787609071924 135
1787609078938 134
1787609079908 136
1787609081097 137
1787609081347 136
1787609081595 136
1787609081947 138
1787609082196 140
1787609082448 135
1787609087469 137
1787609092999 1744
1787609095689 138
1787609096774 135
1787609097126 136
1787609097373 136
1787609097829 134
1787609098074 138
1787609098735 138
1787609099090 136
1787609100794 137
1787609104567 135
1787609108935 134
1787609109491 136
1787609111501 136
1787609111750 137
1787609112103 137
1787609112353 138
1787609112911 138
1787609113371 137
1787609113726 136
1787609122776 136
1787609123333 138
1787609123688 136
1787609126114 1732
1787609128064 136
1787609128626 135
1787609129187 137
1787609129437 137
1787609130303 132
1787609130545 136
1787609138776 138
1787609139130 135
1787609140620 138
1787609141911 141
1787609142788 138
1787609143765 137
1787609144120 137
1787609144370 136
1787609144927 138
1787609149432 136
1787609153221 137
1787609154304 137
1787609155489 135
1787609156359 134
1787609156606 136
1787609157890 1746
1787609160379 136
1787609160628 136
1787609160876 135
1787609161539 138
1787609168602 135
1787609169164 135
1787609169413 137
1787609169872 137
1787609171892 137
1787609172454 137
1787609172808 137
1787609173266 138
1787609174244 137
1787609175012 136
1787609175673 137
1787609175922 135
1787609176169 135
1787609176623 136
1787609179163 136
1787609183970 138
1787609184738 137
1787609186236 140
1787609186698 138
1787609187156 137
1787609187404 137
1787609187655 137
1787609190405 1746
1787609192576 136
1787609193033 137
1787609193387 138
1787609193741 137
1787609195972 137
1787609199865 138
1787609200116 135
1787609200778 137
1787609201131 136
1787609203662 137
1787609204015 136
1787609205713 135
1787609207316 137
1787609207668 135
1787609207916 134
1787609208678 136
1787609212672 138
1787609214493 135
1787609214741 138
1787609215094 135
1787609217525 136
1787609217774 137
1787609218752 136
1787609219105 139
1787609221954 139
1787609222515 1738
1787609224368 135
1787609225026 135
1787609230431 134
1787609231507 134
1787609231751 138
1787609233457 135
1787609233915 137
1787609234894 137
1787609235660 136
1787609237993 138
1787609238867 136
1787609239114 139
1787609240515 136
1787609242013 137
1787609242573 138
1787609245530 136
1787609246303 137
1787609246964 138
1787609248678 137
1787609249761 137
1787609251472 137
1787609253081 138
1787609253332 136
1787609253891 137
1787609254653 1732
1787609256808 137
1787609258824 137
1787609309551 1761
1787609316770 138
1787609319228 136
1787609322558 138
1787609322916 134
1787609323589 135
1787609341782 138
1787609349940 1772
1787609352685 124
1787609352927 125
1787609353280 129
1787609609824 1782
1787609611723 142
1787609612088 138
1787609612345 141
1787609612604 142
1787609612862 139
1787609613873 138
1787609625163 127
1787609626266 127
1787609676993 1784
1787609678896 138
1787609679258 138
1787609679513 139
1787609679770 138
1787609680026 137
1787609680281 143
1787609680542 140
1787609681012 139
1787609696194 130
1787609697299 129
1787609744026 1799
1787609745946 140
1787609746203 139
1787609746568 140
1787609746827 141
1787609747086 137
1787609747334 136
1787609747588 141
1787609747847 138
1787609767284 128
1787609768506 131
1787609811361 1705
1787609813292 139
1787609813657 138
1787609814234 139
1787609814490 139
1787609814748 136
1787609838188 127
1787609839298 128
1787609840414 131
1787609877733 1801
1787609879653 140
1787609879910 138
1787609880166 139
1787609880421 139
1787609880677 138
1787609881367 137
1787609881622 139
1787609909844 129
1787609910965 1792
1787609912876 130
1787609913123 132
1787609913372 131
1787609946653 1800
1787609948572 142
1787609949262 139
1787609949521 136
1787609949776 139
1787609982899 1789
1787609984919 127
1787609985165 126
1787609985520 125
1787609986089 129
1787609986339 132
1787610015352 138
1787610015716 1787
1787610017727 138
1787610017983 139
1787610018237 137
1787610055607 1781
1787610057833 125
1787610058075 129
1787610058642 126
1787610083421 138
1787610083675 136
1787610083928 143
1787610084188 138
1787610084442 137
1787610084695 138
1787610084948 142
1787610126375 1783
1787610129135 125
1787610150478 141
1787610150736 143
1787610150994 137
1787610151248 137
1787610151499 142
1787610151758 140
1787610152014 140
1787610152269 142
1787610196856 1776
1787610199623 126
1787610217950 140
1787610218205 135
1787610218455 135
1787610218707 138
1787610218960 136
1787610219212 137
1787610219467 142
1787610266322 1781
1787610269073 127
1787610285576 135
1787610285826 138
1787610286081 135
1787610286334 139
1787610286589 140
1787610286844 139
1787610288147 135
1787610288924 139
1787610335910 1775
1787610338748 125
1787610353640 136
1787610353891 135
1787610354141 136
1787610354392 133
1787610354639 139
1787610356450 134
1787610357014 136
1787610405232 1770
1787610408065 122
1787610421639 132
1787610421886 133
1787610422135 134
1787610422383 134
1787610422632 135
1787610424448 134
1787610424696 137
1787610424947 136
1787610425406 134
1787610474508 1770
1787610477333 121
1787610489959 133
1787610490207 132
1787610490453 134
1787610490700 138
1787610490952 133
1787610491309 139
1787610542920 1992
1787610545966 126
1787610558516 138
1787610558766 135
1787610559015 137
1787610559267 133
1787610559513 135
1787610559761 136
1787610560011 136
1787610560365 137
1787610611951 1792
1787610614801 127
1787610627353 136
1787610627603 135
1787610627852 136
1787610628102 135
1787610628351 136
1787610628600 137
1787610628957 138
1787610629209 138
1787610680905 1774
1787610683636 125
1787610695980 136
1787610696228 136
1787610696476 135
1787610696724 134
1787610696969 137
1787610697219 136
1787610697569 137
1787610697819 136
1787610698069 136
1787610750171 1713
1787610752938 127
1787610764584 135
1787610764832 137
1787610765186 137
1787610765643 135
1787610765891 137
1787610766143 135
1787610766390 136
1787610767366 135
1787610819680 1739
1787610822469 126
1787610833102 134
1787610833348 136
1787610833597 136
1787610833844 136
1787610834093 136
1787610834342 135
1787610835418 136
1787610835666 134
1787610836119 135
1787610889522 1786
1787610892356 124
1787610902216 135
1787610902566 136
1787610902917 137
1787610903166 135
1787610903415 136
1787610903664 132
1787610958398 1795
1787610961139 123
1787610969161 135
1787610969407 133
1787610970268 136
1787610970518 135
1787610970870 135
1787610971221 135
1787610973334 137
1787611027573 1770
1787611030308 125
1787611035950 127
1787611037014 136
1787611037368 134
1787611037717 136
1787611038069 134
1787611038628 136
1787611038878 135
1787611039125 135
1787611039476 135
1787611097548 1774
1787611100374 129
1787611101869 126
1787611104698 135
1787611105047 135
1787611105294 136
1787611105543 135
1787611105895 142
1787611106256 134
1787611106501 136
1787611106749 137
1787611107104 134
1787611107349 133
1787611107595 137
1787611108052 137
1787611168045 1803
1787611170900 124
1787611172597 129
1787611172838 125
1787611173074 124
1787611173414 126
1787611173652 125
1787611173889 125
1787611174127 124
1787611174468 125
1787611174705 125
1787611176183 135
1787611238987 1789
1787611241001 125
1787611241241 135
1787611241492 124
1787611241734 126
1787611242188 125
1787611242431 124
1787611242673 131
1787611243029 126
1787611243273 123
1787611243514 125
1787611243972 126
1787611244541 124
1787611309057 1820
1787611311103 143
1787611311351 125
1787611312540 127
1787611312784 126
1787611313028 127
1787611374505 1837
1787611376569 144
1787611376936 138
1787611377190 143
1787611377450 139
1787611378026 134
1787611378277 139
1787611378533 140
1787611378895 136
1787611379255 139
1787611382493 124
1787611383584 129
1787611442915 1810
1787611444948 138
1787611445202 139
1787611445564 139
1787611445819 141
1787611446078 139
1787611446547 139
1787611447768 138
1787611452869 125
1787611453963 129
1787611509431 1832
1787611511494 135
1787611511856 141
1787611512115 139
1787611512371 137
1787611512625 140
1787611512989 139
1787611513354 140
1787611513935 138
1787611514190 140
1787611514876 140
1787611523966 132
1787611525080 126
1787611578206 1886
1787611580316 142
1787611580896 141
1787611581155 133
1787611581404 140
1787611582415 141
1787611582672 139
1787611594684 127
1787611595791 126
1787611644929 1836
1787611646991 139
1787611647359 137
1787611647614 138
1787611648090 138
1787611648347 139
1787611648605 141
1787611648866 140
1787611665760 135
1787611666876 128
1787611711567 1787
1787611713473 141
1787611713732 140
1787611713990 145
1787611714253 131
1787611714603 140
1787611714859 140
1787611715118 142
1787611715486 139
1787611715743 138
1787611715999 138
1787611737023 127
1787611738144 129
1787611770113 1846
1787611780472 140
1787611780731 139
1787611780988 143
1787611781359 141
1787611781728 139
1787611782094 144
1787611782357 139
1787611782613 142
1787611782983 141
1787611808559 1842
1787611811384 128
1787611813465 128
1787611838998 142
1787611839365 140
1787611839623 139
1787611848420 1836
1787611850375 138
1787611850633 139
1787611850889 146
1787611851261 136
1787611851509 142
1787611851771 140
1787611852138 140
1787611882088 1838
1787611884927 127
1787611886480 127
1787611907940 139
1787611908303 144
1787611908565 138
1787611917190 1832
1787611919252 140
1787611919510 145
1787611919990 140
1787611920249 140
1787611920508 145
1787611920884 139
1787611922334 139
1787611955972 1864
1787611958831 129
1787611959190 128
1787611959877 132
1787611962083 130
1787611977629 141
1787611986102 139
1787611986360 141
1787611987054 141
1787611987312 141
1787611987570 137
1787611987934 139
1787611989155 140
1787611989521 141
1787611989779 139
1787612027938 1849
1787612030781 126
1787612032528 127
1787612032773 127
1787612033989 127
1787612045107 138
1787612045686 140
1787612054038 140
1787612054728 138
1787612054984 140
1787612055242 140
1787612056583 140
1787612056841 139
1787612057097 139
1787612057679 140
1787612099287 1840
1787612102108 132
1787612103440 127
1787612103685 131
1787612103935 131
1787612104294 127
1787612104861 125
1787612105106 133
1787612105795 124
1787612123354 139
1787612124683 138
1787612124936 141
1787612125191 140
1787612125660 137
1787612170331 1830
1787612173149 131
1787612173397 135
1787612173977 129
1787612174223 129
1787612176085 124
1787612181983 138
1787612182237 135
1787612192792 139
1787612193261 136
1787612193513 139
1787612193769 136
1787612240695 1834
1787612243512 127
1787612248766 140
1787612249448 136
1787612249702 140
1787612250709 138
1787612259860 140
1787612260116 138
1787612260371 136
1787612260733 136
1787612261091 137
1787612310594 1833
1787612313411 125
1787612316221 126
1787612319997 137
1787612326787 137
1787612327149 135
1787612327507 134
1787612327757 137
1787612328013 136
1787612328269 146
1787612328533 136
1787612329108 136
1787612329363 139
1787612381165 1816
1787612383968 129
1787612385506 132
1787612385756 128
1787612386001 128
1787612386355 128
1787612397220 136
1787612397685 137
1787612398262 135
1787612398514 135
1787612398982 136
1787612451513 1849
1787612454342 130
1787612454589 130
1787612454836 124
1787612455077 136
1787612455438 127
1787612455793 127
1787612456359 126
1787612456604 133
1787612456855 127
1787612517364 1853
1787612519445 136
1787612519806 137
1787612520385 137
1787612520640 139
1787612520897 138
1787612521258 139
1787612524089 126
1787612525194 130
1787612525440 130
1787612525688 127
1787612527332 125
1787612531219 138
1787612531473 136
1787612531728 140
1787612532090 137
1787612585178 1856
1787612587155 146
1787612593636 133
1787612594734 138
1787612595096 131
1787612597807 142
1787612660400 1824
1787612663203 130
1787612663447 130
1787612663797 127
1787612664034 128
1787612666488 127
1787612667808 144
1787612668072 143
1787612668455 1849
1787612670425 137
1787612670684 138
1787612670944 1874
1787612673065 143
1787612673331 1886
1787612675853 139
1787612678674 145
1787612749057 1867
1787612751934 130
1787615722178 1896
1787615724194 144
1787615724792 141
1787615725604 143
1787615725867 140
1787615785479 1889
1787615787487 133
1787615788499 128
1787620029304 1855
1787620050017 136
1787620051186 137
1787623179166 1875
1787623226133 1844
1787623228699 143
1787623228958 144
1787623253656 130
1787623254774 130
1787627175832 1839
1787631236059 1995
1787631238183 149
1787631238901 150
1787631263499 136
1787631264664 138
