# timestamp_ms VmRSS_kB VmPeak_kB VmHWM_kB
1790721148837 289212 54440468 289212
1790721148863 373180 54440468 373180
1790721148888 416188 54440468 416188
1790721148913 500156 54440468 500156
1790721148938 580028 54440468 580028
1790721148964 661948 54440468 661948
1790721148990 739772 54440468 739772
1790721149014 819644 54440468 819644
1790721149039 868796 54440468 868796
1790721149063 952764 54440468 952764
1790721149088 1012156 54440468 1012156
1790721149114 1092028 54440468 1092028
1790721149139 1141180 54440468 1141180
1790721149163 1219004 54440468 1219004
1790721149188 1300924 54440468 1300924
1790721149214 1380796 54440468 1380796
1790721149238 1431996 54440468 1431996
1790721149262 1534396 54440468 1534396
1790721149287 1638844 54440468 1638844
1790721149311 1739196 54440468 1739196
1790721149335 1841596 54440468 1841596
1790721149360 1946044 54440468 1946044
1790721149385 2050492 54440468 2050492
1790721149410 2101692 54440468 2101692
1790721149435 2101692 54440468 2101692
1790721149455 2101692 54440468 2101692
1790721149474 2101692 54440468 2101692
1790721149494 2101692 54440468 2101692
1790721149514 2101692 54440468 2101692
1790721149534 2101692 54440468 2101692
1790721149555 2140604 54440468 2140604
1790721149574 2222524 54440468 2222524
1790721149599 2329020 54440468 2326972
1790721149626 2429372 54440468 2429372
1790721149652 2515388 54440468 2515388
1790721149678 2597308 54440468 2597308
1790721149703 2664892 54440468 2664892
1790721149728 2746812 54440468 2746812
1790721149753 2795964 54440468 2795964
1790721149773 2843068 54440468 2843068
1790721149798 2914748 54440468 2914748
1790721149823 2961852 54440468 2961852
1790721149842 3019196 54440468 3019196
1790721149868 3101116 54440468 3101116
1790721149894 3183036 54440468 3183036
1790721149919 3240380 54440468 3240380
1790721149938 3299772 54440468 3299772
1790721149963 3385788 54440468 3385788
1790721150012 3535292 54440468 3535292
1790721150037 3572156 54440468 3572156
1790721150057 3637692 54440468 3637692
1790721150082 3692988 54440468 3692988
1790721150102 3746236 54440468 3746236
1790721150127 3838396 54440468 3838396
1790721150154 3920316 54440468 3920316
1790721150179 3955132 54440468 3955132
1790721150199 4024764 54440468 4024764
1790721150225 4082108 54440468 4082108
1790721150244 4121020 54440468 4121020
1790721150270 4198844 54440468 4198844
1790721150290 4198844 54440468 4198844
1790721150309 4198844 54440468 4198844
1790721150328 4198844 54440468 4198844
1790721150348 4198844 54440468 4198844
1790721150367 4198844 54440468 4198844
1790721150387 4198844 54440468 4198844
1790721150407 4198844 54440468 4198844
1790721150428 4262332 54440468 4262332
1790721150453 4368828 54440468 4368828
1790721150479 4467132 54440468 4467132
1790721150504 4514236 54440468 4514236
1790721150523 4577724 54440468 4577724
1790721150549 4655548 54440468 4655548
1790721150570 4714940 54440468 4714940
1790721150596 4790716 54440468 4790716
1790721150616 4827580 54440468 4827580
1790721150641 4913596 54440468 4913596
1790721150661 4972988 54440468 4972988
1790721150686 5028284 54440468 5028284
1790721150706 5077436 54440468 5077436
1790721150733 5155260 54440468 5155260
1790721150752 5216700 54440468 5216700
1790721150778 5259708 54440468 5259708
1790721150798 5331388 54440468 5331388
1790721150823 5417404 54440468 5417404
1790721150843 5482940 54440468 5482940
1790721150868 5564860 54440468 5564860
1790721150888 5622204 54440468 5622204
1790721150914 5663164 54440468 5663164
1790721150933 5728700 54440468 5728700
1790721150953 5761468 54440468 5761468
1790721150980 5845436 54440468 5843388
1790721151000 5902780 54440468 5900732
1790721151028 5978556 54440468 5978556
1790721151048 6056380 54440468 6056380
1790721151074 6132156 54440468 6132156
1790721151094 6173116 54440468 6173116
1790721151114 6220220 54440468 6220220
1790721151139 6261180 54440468 6261180
1790721151159 6295996 54440468 6295996
1790721151179 6295996 54440468 6295996
1790721151199 6295996 54440468 6295996
1790721151219 6295996 54440468 6295996
1790721151240 6295996 54440468 6295996
1790721151259 6295996 54440468 6295996
1790721151279 6295996 54440468 6295996
1790721151301 6318524 54440468 6318524
1790721151322 6408636 54440468 6408636
1790721151347 6515132 54440468 6515132
1790721151367 6599100 54440468 6599100
1790721151393 6652348 54440468 6652348
1790721151412 6719932 54440468 6719932
1790721151432 6724028 54440468 6724028
1790721151452 6762940 54440468 6762940
1790721151478 6873532 54440468 6873532
1790721151499 6961596 54440468 6961596
1790721151525 6969788 54440468 6969788
1790721151545 7039420 54440468 7039420
1790721151565 7121340 54440468 7121340
1790721151592 7211452 54440468 7211452
1790721151612 7246268 54440468 7246268
1790721151632 7324092 54440468 7324092
1790721151657 7412156 54440468 7412156
1790721151678 7479740 54440468 7479740
1790721151704 7555516 54440468 7555516
1790721151724 7614908 54440468 7614908
1790721151744 7649724 54440468 7649724
1790721151771 7727548 54440468 7727548
1790721151792 7745980 54440468 7745980
1790721151811 7815612 54440468 7815612
1790721151837 7879100 54440468 7879100
1790721151857 7942588 54440468 7942588
1790721151877 7997884 54440468 7997884
1790721151903 8085948 54440468 8085948
1790721151924 8141244 54440468 8141244
1790721151944 8202684 54440468 8202684
1790721151970 8245692 54440468 8245692
1790721151990 8319420 54440468 8319420
1790721152010 8393148 54440468 8393148
1790721152037 8393148 54440468 8393148
1790721152058 8393148 54440468 8393148
1790721152078 8393148 54440468 8393148
1790721152098 8393148 54440468 8393148
1790721152118 8393148 54440468 8393148
1790721152139 8393148 54440468 8393148
1790721152159 8393148 54440468 8393148
1790721152180 8466876 54440468 8466876
1790721152200 8552892 54440468 8552892
1790721152220 8636860 54440468 8636860
1790721152245 8743356 54440468 8743356
1790721152267 8808892 54440468 8808892
1790721152287 8837564 54440468 8837564
1790721152313 8876476 54440468 8876476
1790721152333 8923580 54440468 8923580
1790721152353 9009596 54440468 9009596
1790721152373 9083324 54440468 9083324
1790721152399 9128380 54440468 9128380
1790721152420 9173436 54440468 9173436
1790721152440 9243068 54440468 9243068
1790721152460 9271740 54440468 9271740
1790721152487 9331132 54440468 9331132
1790721152507 9417148 54440468 9417148
1790721152527 9503164 54440468 9503164
1790721152554 9574844 54440468 9574844
1790721152574 9654716 54440468 9654716
1790721152595 9718204 54440468 9718204
1790721152622 9793980 54440468 9793980
1790721152643 9845180 54440468 9845180
1790721152663 9904572 54440468 9904572
1790721152683 9953724 54440468 9953724
1790721152769 10185148 54440468 10185148
1790721152795 10242492 54440468 10242492
1790721152815 10310076 54440468 10308028
1790721152835 10338748 54440468 10338748
1790721152855 10426812 54440468 10426812
1790721152881 10488252 54440468 10488252
1790721152901 10490300 54440468 10490300
1790721152921 10490300 54440468 10490300
1790721152942 10490300 54440468 10490300
1790721152962 10490300 54440468 10490300
1790721152982 10490300 54440468 10490300
1790721153003 10490300 54440468 10490300
1790721153024 10490300 54440468 10490300
1790721153044 10564028 54440468 10564028
1790721153064 10650044 54440468 10650044
1790721153092 10766780 54440468 10766780
1790721153112 10848700 54440468 10848700
1790721153133 10899900 54440468 10899900
1790721153159 10969532 54440468 10969532
1790721153179 11039164 54440468 11039164
1790721153199 11061692 54440468 11061692
1790721153219 11100604 54440468 11100604
1790721153239 11159996 54440468 11159996
1790721153265 11231676 54440468 11231676
1790721153286 11307452 54440468 11307452
1790721153306 11334076 54440468 11334076
1790721153326 11401660 54440468 11401660
1790721153354 11454908 54440468 11454908
1790721153374 11520444 54440468 11520444
1790721153394 11590076 54440468 11590076
1790721153416 11657660 54440468 11657660
1790721153443 11717052 54440468 11717052
1790721153463 11786684 54440468 11786684
1790721153484 11811260 54440468 11811260
1790721153505 11891132 54440468 11891132
1790721153532 11973052 54440468 11973052
1790721153553 12048828 54440468 12048828
1790721153573 12102076 54440468 12102076
1790721153595 12188092 54440468 12188092
1790721153621 12220860 54440468 12220860
1790721153642 12290492 54440468 12290492
1790721153662 12353980 54440468 12353980
1790721153682 12407228 54440468 12407228
1790721153702 12454332 54440468 12454332
1790721153730 12528060 54440468 12528060
1790721153750 12587452 54440468 12587452
1790721153772 12587452 54440468 12587452
1790721153792 12587452 54440468 12587452
1790721153812 12587452 54440468 12587452
1790721153834 12587452 54440468 12587452
1790721153854 12587452 54440468 12587452
1790721153874 12587452 54440468 12587452
1790721153896 12587452 54440468 12587452
1790721153917 12665276 54440468 12665276
1790721153937 12757436 54440468 12757436
1790721153965 12882364 54440468 12882364
1790721153986 12972476 54440468 12972476
1790721154007 13058492 54440468 13058492
1790721154034 13154748 54440468 13154748
1790721154055 13236668 54440468 13236668
1790721154078 13285820 54440468 13285820
1790721154099 13341116 54440468 13341116
1790721154126 13412796 54440468 13412796
1790721154146 13482428 54440468 13482428
1790721154166 13541820 54440468 13539772
1790721154187 13590972 54440468 13590972
1790721154208 13646268 54440468 13646268
1790721154236 13707708 54440468 13707708
1790721154257 13767100 54440468 13767100
1790721154278 13834684 54440468 13834684
1790721154298 13863356 54440468 13863356
1790721154318 13920700 54440468 13920700
1790721154346 13998524 54440468 13998524
1790721154366 14074300 54440468 14074300
1790721154387 14113212 54440468 14113212
1790721154407 14160316 54440468 14160316
1790721154428 14238140 54440468 14238140
1790721154455 14305724 54440468 14305724
1790721154476 14373308 54440468 14373308
1790721154496 14406076 54440468 14406076
1790721154516 14475708 54440468 14475708
1790721154537 14494140 54440468 14494140
1790721154557 14571964 54440468 14571964
1790721154584 14662076 54440468 14662076
1790721154605 14684604 54440468 14684604
1790721154626 14684604 54440468 14684604
1790721154646 14684604 54440468 14684604
1790721154667 14684604 54440468 14684604
1790721154687 14684604 54440468 14684604
1790721154708 14684604 54440468 14684604
1790721154728 14684604 54440468 14684604
1790721154749 14717372 54440468 14717372
1790721154769 14811580 54440468 14811580
1790721154790 14903740 54440468 14903740
1790721154817 15026620 54440468 15026620
1790721154837 15118780 54440468 15118780
1790721154858 15212988 54440468 15212988
1790721154887 15337916 54440468 15337916
1790721154907 15428028 54440468 15428028
1790721154928 15516092 54440468 15516092
1790721154948 15565244 54440468 15565244
1790721154977 15661500 54440468 15661500
1790721154999 15727036 54440468 15727036
1790721155020 15792572 54440468 15792572
1790721155040 15831484 54440468 15831484
1790721155061 15892924 54440468 15892924
1790721155089 15974844 54440468 15974844
1790721155110 16046524 54440468 16046524
1790721155131 16103868 54440468 16103868
1790721155152 16157116 54440468 16157116
1790721155172 16220604 54440468 16220604
1790721155200 16302524 54440468 16302524
1790721155220 16355772 54440468 16355772
1790721155242 16409020 54440468 16409020
1790721155262 16470460 54440468 16470460
1790721155283 16535996 54440468 16535996
1790721155303 16603580 54440468 16603580
1790721155332 16636348 54440468 16636348
1790721155353 16714172 54440468 16714172
1790721155374 16775612 54440468 16775612
1790721155394 16781756 54440468 16781756
1790721155415 16781756 54440468 16781756
1790721155435 16781756 54440468 16781756
1790721155456 16781756 54440468 16781756
1790721155476 16781756 54440468 16781756
1790721155496 16781756 54440468 16781756
1790721155517 16781756 54440468 16781756
1790721155538 16816572 54440468 16816572
1790721155558 16906684 54440468 16906684
1790721155579 16998844 54440468 16998844
1790721155609 17134012 54440468 17134012
1790721155630 17230268 54440468 17230268
1790721155651 17322428 54440468 17322428
1790721155671 17412540 54440468 17412540
1790721155699 17533372 54440468 17533372
1790721155720 17619388 54440468 17619388
1790721155742 17699260 54440468 17699260
1790721155763 17754556 54440468 17754556
1790721155784 17815996 54440468 17815996
1790721155811 17865148 54440468 17865148
1790721155832 17932732 54440468 17932732
1790721155854 18002364 54440468 18002364
1790721155874 18078140 54440468 18078140
1790721155895 18143676 54440468 18143676
1790721155916 18205116 54440468 18205116
1790721155944 18225596 54440468 18225596
1790721155965 18274748 54440468 18274748
1790721155986 18323900 54440468 18323900
1790721156007 18395580 54440468 18395580
1790721156027 18473404 54440468 18473404
1790721156048 18553276 54440468 18553276
1790721156069 18631100 54440468 18631100
1790721156098 18702780 54440468 18702780
1790721156119 18717116 54440468 18717116
1790721156140 18784700 54440468 18784700
1790721156160 18819516 54440468 18819516
1790721156181 18878908 54440468 18878908
1790721156202 18878908 54440468 18878908
1790721156222 18878908 54440468 18878908
1790721156243 18878908 54440468 18878908
1790721156264 18878908 54440468 18878908
1790721156285 18878908 54440468 18878908
1790721156305 18878908 54440468 18878908
1790721156327 18878908 54440468 18878908
1790721156347 18942396 0 18942396
1790721156368 19036604 54440468 19036604
1790721156396 19161532 54440468 19161532
1790721156417 19259836 54440468 19259836
1790721156439 19356092 54440468 19356092
1790721156460 19450300 54440468 19450300
1790721156487 19569084 54440468 19569084
1790721156508 19657148 54440468 19657148
1790721156529 19743164 54440468 19743164
1790721156549 19782076 54440468 19782076
1790721156570 19827132 54440468 19827132
1790721156591 19888572 54440468 19888572
1790721156622 19929532 54440468 19929532
1790721156643 19990972 54440468 19990972
1790721156663 20070844 54440468 20070844
1790721156684 20140476 54440468 20140476
1790721156706 20152764 54440468 20152764
1790721156727 20232636 54440468 20232636
1790721156748 20294076 54440468 20294076
1790721156775 20365756 54440468 20365756
1790721156796 20398524 54440468 20398524
1790721156817 20474300 54440468 20474300
1790721156838 20507068 54440468 20507068
1790721156860 20566460 54440468 20566460
1790721156881 20642236 54440468 20642236
1790721156902 20695484 54440468 20693436
1790721156924 20761020 54440468 20761020
1790721156953 20849084 54440468 20849084
1790721156974 20887996 54440468 20887996
1790721156995 20953532 54440468 20953532
1790721157016 20971964 54440468 20971964
1790721157039 20976060 54440468 20976060
1790721157059 20976060 54440468 20976060
1790721157081 20976060 54440468 20976060
1790721157101 20976060 54440468 20976060
1790721157122 20976060 54440468 20976060
1790721157143 20976060 54440468 20976060
1790721157164 20984252 54440468 20984252
1790721157186 21078460 54440468 21078460
1790721157206 21170620 54440468 21170620
1790721157227 21262780 54440468 21262780
1790721157254 21385660 54440468 21385660
1790721157275 21479868 54440468 21479868
1790721157296 21572028 54440468 21572028
1790721157317 21660092 54440468 21660092
1790721157338 21752252 54440468 21752252
1790721157366 21868988 54440468 21868988
1790721157387 21895612 54440468 21895612
1790721157407 21967292 54440468 21967292
1790721157428 21977532 54440468 21977532
1790721157449 22041020 54440468 22041020
1790721157470 22098364 54440468 22098364
1790721157490 22149564 54440468 22149564
1790721157512 22188476 54440468 22188476
1790721157542 22313404 54440468 22313404
1790721157563 22395324 54440468 22395324
1790721157584 22471100 54440468 22471100
1790721157605 22518204 54440468 22518204
1790721157628 22602172 54440468 22602172
1790721157649 22659516 54440468 22659516
1790721157677 22723004 54440468 22723004
1790721157698 22804924 54440468 22804924
1790721157719 22841788 54440468 22841788
1790721157740 22886844 54440468 22886844
1790721157773 22989244 54440468 22989244
1790721157794 23058876 54440468 23058876
1790721157815 23073212 54440468 23073212
1790721157836 23073212 54440468 23073212
1790721157858 23073212 54440468 23073212
1790721157880 23073212 54440468 23073212
1790721157902 23073212 54440468 23073212
1790721157923 23073212 54440468 23073212
1790721157945 23073212 54440468 23073212
1790721157966 23140796 54440468 23140796
1790721157994 23271868 54440468 23271868
1790721158015 23366076 54440468 23366076
1790721158036 23462332 54440468 23462332
1790721158058 23558588 54440468 23558588
1790721158081 23663036 54440468 23663036
1790721158109 23785916 54440468 23785916
1790721158130 23853500 54440468 23853500
1790721158152 23931324 54440468 23931324
1790721158173 24011196 54440468 24011196
1790721158194 24089020 54440468 24089020
1790721158217 24166844 54440468 24166844
1790721158246 24263100 54440468 24263100
1790721158267 24330684 54440468 24330684
1790721158288 24383932 54440468 24383932
1790721158309 24424892 54440468 24424892
1790721158331 24504764 54440468 24504764
1790721158352 24560060 54440468 24560060
1790721158373 24594876 54440468 24592828
1790721158394 24672700 54440468 24672700
1790721158425 24758716 54440468 24758716
1790721158446 24834492 54440468 24834492
1790721158468 24893884 54440468 24893884
1790721158489 24957372 54440468 24955324
1790721158510 25012668 54440468 25012668
1790721158531 25082300 54440468 25082300
1790721158554 25149884 54440468 25149884
1790721158576 25170364 54440468 25170364
1790721158605 25170364 54440468 25170364
1790721158626 25170364 54440468 25170364
1790721158647 25170364 54440468 25170364
1790721158667 25170364 54440468 25170364
1790721158689 25170364 54440468 25170364
1790721158710 25170364 54440468 25170364
1790721158731 25201084 54440468 25201084
1790721158753 25299388 54440468 25299388
1790721158774 25399740 54440468 25399740
1790721158796 25498044 54440468 25498044
1790721158817 25592252 54440468 25592252
1790721158838 25692604 54440468 25692604
1790721158868 25823676 54440468 25823676
1790721158890 25917884 54440468 25917884
1790721158911 26003900 54440468 26003900
1790721158932 26007996 54440468 26007996
1790721158953 26085820 54440468 26085820
1790721158975 26098108 54440468 26098108
1790721158996 26167740 54440468 26167740
1790721159018 26220988 54440468 26220988
1790721159047 26294716 54440468 26294716
1790721159069 26360252 54440468 26360252
1790721159091 26413500 54440468 26413500
1790721159112 26491324 54440468 26491324
1790721159133 26528188 54440468 26528188
1790721159155 26591676 54440468 26591676
1790721159176 26659260 54440468 26659260
1790721159200 26743228 54440468 26743228
1790721159221 26823100 54440468 26823100
1790721159251 26915260 54440468 26915260
1790721159272 26986940 54440468 26986940
1790721159293 27036092 54440468 27036092
1790721159314 27068860 54440468 27068860
1790721159336 27150780 54440468 27150780
1790721159357 27232700 54440468 27232700
1790721159379 27267516 54440468 27267516
1790721159400 27267516 54440468 27267516
1790721159421 27267516 54440468 27267516
1790721159442 27267516 54440468 27267516
1790721159464 27267516 54440468 27267516
1790721159485 27267516 54440468 27267516
1790721159507 27267516 54440468 27267516
1790721159528 27331004 54440468 27331004
1790721159550 27431356 54440468 27431356
1790721159579 27566524 54440468 27566524
1790721159601 27664828 54440468 27664828
1790721159622 27761084 54440468 27761084
1790721159644 27857340 54440468 27857340
1790721159665 27951548 54440468 27951548
1790721159686 28043708 54440468 28043708
1790721159716 28164540 54440468 28164540
1790721159737 28201404 54440468 28201404
1790721159760 28271036 54440468 28271036
1790721159782 28320188 54440468 28320188
1790721159803 28371388 54440468 28371388
1790721159825 28434876 54440468 28434876
1790721159846 28496316 54440468 28496316
1790721159868 28567996 54440468 28567996
1790721159889 28629436 54440468 28629436
1790721159918 28680636 54440468 28680636
1790721159940 28754364 54440468 28754364
1790721159962 28826044 54440468 28826044
1790721159983 28893628 54440468 28891580
1790721160006 28959164 54440468 28959164
1790721160028 29018556 54440468 29018556
1790721160049 29090236 54440468 29090236
1790721160071 29151676 54440468 29151676
1790721160095 29182396 54440468 29182396
1790721160117 29254076 54440468 29254076
1790721160146 29335996 54440468 29335996
1790721160168 29364668 54440468 29364668
1790721160190 29364668 54440468 29364668
1790721160212 29364668 54440468 29364668
1790721160234 29364668 54440468 29364668
1790721160255 29364668 54440468 29364668
1790721160276 29364668 54440468 29364668
1790721160298 29364668 54440468 29364668
1790721160319 29417916 54440468 29417916
1790721160341 29518268 54440468 29518268
1790721160363 29616572 54440468 29616572
1790721160385 29714876 54440468 29714876
1790721160406 29813180 54440468 29811132
1790721160428 29911484 54440468 29911484
1790721160457 30040508 54440468 30040508
1790721160478 30130620 54440468 30130620
1790721160500 30222780 54440468 30222780
1790721160523 30288316 54440468 30288316
1790721160545 30368188 54440468 30368188
1790721160567 30437820 54440468 30437820
1790721160588 30472636 54440468 30472636
1790721160610 30519740 54440468 30519740
1790721160640 30605756 54440468 30605756
1790721160662 30681532 54440468 30681532
1790721160684 30742972 54440468 30742972
1790721160708 30822844 54440468 30822844
1790721160730 30874044 54440468 30874044
1790721160751 30927292 54440468 30927292
1790721160773 30955964 54440468 30955964
1790721160796 31037884 54440468 31037884
1790721160818 31119804 54440468 31119804
1790721160840 31203772 54440468 31203772
1790721160870 31259068 54440468 31259068
1790721160892 31336892 54440468 31336892
1790721160913 31377852 54440468 31377852
1790721160935 31451580 54440468 31451580
1790721160957 31461820 54440468 31461820
1790721160978 31461820 54440468 31461820
1790721161000 31461820 54440468 31461820
1790721161022 31461820 54440468 31461820
1790721161046 31461820 54440468 31461820
1790721161069 31461820 54440468 31461820
1790721161091 31461820 54440468 31461820
1790721161113 31549884 54440468 31549884
1790721161136 31652284 54440468 31652284
1790721161157 31752636 54440468 31752636
1790721161179 31852988 54440468 31852988
1790721161213 32002492 54440468 32002492
1790721161235 32098748 54440468 32098748
1790721161256 32190908 54440468 32190908
1790721161278 32285116 54440468 32283068
1790721161300 32367036 0 32367036
1790721161323 32446908 54440468 32446908
1790721161345 32512444 54440468 32512444
1790721161375 32582076 54440468 32582076
1790721161396 32633276 54440468 32633276
1790721161418 32711100 54440468 32711100
1790721161440 32766396 54440468 32766396
1790721161462 32801212 54440468 32801212
1790721161484 32883132 54440468 32883132
1790721161505 32940476 54440468 32940476
1790721161529 33016252 54440468 0
1790721161551 33083836 54440468 33083836
1790721161573 33149372 54440468 33149372
1790721161595 33206716 54440468 33206716
1790721161624 33288636 54440468 33288636
1790721161646 33335740 54440468 33335740
1790721161668 33401276 54440468 33401276
1790721161691 33462716 54440468 33462716
1790721161713 33534396 54440468 33534396
1790721161735 33558972 54440468 33558972
1790721161757 33558972 54440468 33558972
1790721161779 33558972 54440468 33558972
1790721161803 33558972 54440468 33558972
1790721161825 33558972 54440468 33558972
1790721161846 33558972 54440468 33558972
1790721161868 33558972 54440468 33558972
1790721161890 33628604 54440468 33628604
1790721161912 33728956 54440468 33728956
1790721161933 33829308 54440468 33829308
1790721161955 33929660 54440468 33929660
1790721161986 34066876 54440468 34066876
1790721162009 34171324 54440468 34171324
1790721162031 34267580 54440468 34267580
1790721162053 34361788 54440468 34361788
1790721162075 34384316 54440468 34384316
1790721162097 34466236 54440468 34466236
1790721162118 34525628 54440468 0
1790721162140 34597308 54440468 34595260
1790721162162 34662844 54440468 34662844
1790721162192 34763196 54440468 34763196
1790721162214 34841020 54440468 34841020
1790721162236 34879932 54440468 34879932
1790721162258 34957756 54440468 34957756
1790721162280 34982332 54440468 34982332
1790721162302 35058108 54440468 35058108
1790721162324 35123644 54440468 35123644
1790721162346 35180988 54440468 35180988
1790721162368 35228092 54440468 35228092
1790721162390 35307964 54440468 35307964
1790721162412 35367356 54440468 35367356
1790721162444 35451324 54440468 35451324
1790721162466 35516860 54440468 35516860
1790721162488 35566012 54440468 35566012
1790721162510 35639740 54440468 35639740
1790721162532 35656124 54440468 35656124
1790721162554 35656124 54440468 35656124
1790721162576 35656124 54440468 35656124
1790721162597 35656124 54440468 35656124
1790721162619 35656124 54440468 35656124
1790721162641 35656124 54440468 35656124
1790721162663 35656124 54440468 35656124
1790721162686 35735996 54440468 35735996
1790721162708 35838396 54440468 35838396
1790721162730 35936700 54440468 35936700
1790721162755 36049340 54440468 36049340
1790721162776 36147644 54440468 36147644
1790721162830 36381116 54440468 36381116
1790721162854 36483516 54440468 36483516
1790721162876 36575676 54440468 36575676
1790721162898 36641212 54440468 36641212
1790721162920 36704700 54440468 36704700
1790721162942 36764092 54440468 36764092
1790721162964 36823484 54440468 36823484
1790721162989 36893116 54440468 36893116
1790721163019 36975036 54440468 36975036
1790721163042 37032380 54440468 37032380
1790721163064 37065148 54440468 37065148
1790721163086 37147068 54440468 37147068
1790721163108 37196220 54440468 37196220
1790721163130 37269948 54440468 37269948
1790721163152 37329340 54440468 37329340
1790721163174 37394876 54440468 37394876
1790721163196 37452220 54440468 37452220
1790721163221 37515708 54440468 37515708
1790721163245 37573052 54440468 37573052
1790721163268 37650876 54440468 37650876
1790721163298 37712316 54440468 37712316
1790721163321 37753276 54440468 37753276
1790721163343 37753276 54440468 37753276
1790721163364 37753276 54440468 37753276
1790721163386 37753276 54440468 37753276
1790721163408 37753276 54440468 37753276
1790721163430 37753276 54440468 37753276
1790721163452 37753276 54440468 37753276
1790721163474 37794236 54440468 37794236
1790721163496 37896636 54440468 37896636
1790721163519 38001084 54440468 38001084
1790721163541 38103484 54440468 38103484
1790721163564 38207932 54440468 38207932
1790721163586 38306236 54440468 38306236
1790721163608 38404540 54440468 38404540
1790721163638 38535612 54440468 38535612
1790721163660 38623676 54440468 38623676
1790721163684 38707644 54440468 38707644
1790721163707 38746556 54440468 38746556
1790721163729 38789564 54440468 38789564
1790721163751 38865340 54440468 38865340
1790721163774 38945212 54440468 38945212
1790721163796 38986172 54440468 38986172
1790721163818 39033276 54440468 39033276
1790721163840 39086524 54440468 39086524
1790721163862 39117244 54440468 39117244
1790721163884 39182780 54440468 39182780
1790721163917 39264700 54440468 39264700
1790721163940 39352764 54440468 39352764
1790721163963 39442876 54440468 39442876
1790721163985 39524796 54440468 39524796
1790721164008 39602620 54440468 39602620
1790721164030 39647676 54440468 39647676
1790721164054 39709116 54440468 39709116
1790721164076 39786940 54440468 39786940
1790721164099 39850428 54440468 39850428
1790721164121 39850428 54440468 39850428
1790721164146 39850428 54440468 39850428
1790721164168 39850428 54440468 39850428
1790721164191 39850428 54440468 39850428
1790721164214 39850428 54440468 39850428
1790721164237 39850428 54440468 39850428
1790721164259 39858620 54440468 39858620
1790721164281 39961020 54440468 39961020
1790721164304 40061372 54440468 40061372
1790721164337 40217020 54440468 40217020
1790721164360 40319420 54440468 40319420
1790721164382 40417724 54440468 40417724
1790721164407 40528316 54440468 40528316
1790721164429 40622524 54440468 40622524
1790721164452 40718780 54440468 40718780
1790721164476 40810940 54440468 40810940
1790721164498 40866236 54440468 40866236
1790721164529 40954300 54440468 40954300
1790721164551 41013692 54440468 41013692
1790721164575 41095612 54440468 41095612
1790721164598 41161148 54440468 41161148
1790721164620 41226684 54440468 41226684
1790721164643 41261500 54440468 41261500
1790721164665 41331132 54440468 41331132
1790721164688 41411004 54440468 41411004
1790721164711 41482684 54440468 41482684
1790721164733 41546172 54440468 41546172
1790721164756 41591228 54440468 41591228
1790721164778 41644476 54440468 41644476
1790721164801 41712060 54440468 41712060
1790721164831 41814460 54440468 41814460
1790721164854 41836988 54440468 41836988
1790721164876 41906620 54440468 41906620
1790721164898 41947580 54440468 41947580
1790721164923 41947580 54440468 41947580
1790721164945 41947580 54440468 41947580
1790721164968 41947580 54440468 41947580
1790721164990 41947580 54440468 41947580
1790721165012 41947580 54440468 41947580
1790721165035 41947580 54440468 41947580
1790721165058 41947580 54440468 41947580
1790721165080 42041788 54440468 42041788
1790721165103 42144188 54440468 42144188
1790721165125 42248636 54440468 42248636
1790721165148 42348988 54440468 42348988
1790721165170 42451388 54440468 42449340
1790721165195 42564028 54440468 42564028
1790721165228 42711484 54440468 42711484
1790721165252 42813884 54440468 42813884
1790721165274 42914236 54440468 42914236
1790721165297 43020732 54440468 43020732
1790721165319 43121084 54440468 43121084
1790721165344 43231676 54440468 43231676
1790721165367 43336124 54440468 43336124
1790721165389 43440572 54440468 43440572
1790721165421 43583932 54440468 43583932
1790721165444 43688380 54440468 43688380
1790721165467 43792828 54440468 43792828
1790721165490 43897276 54440468 43897276
1790721165512 44001724 54440468 43999676
1790721165535 44044732 54440468 44044732
1790721165557 44044732 54440468 44044732
1790721165579 44044732 54440468 44044732
1790721165602 44044732 54440468 44044732
1790721165625 44044732 54440468 44044732
1790721165648 44044732 54440468 44044732
1790721165670 44050876 54440468 44050876
1790721165696 44161468 54440468 44161468
1790721165720 44274108 54440468 44274108
1790721165744 44384700 54440468 44384700
1790721165775 44528060 54440468 44528060
1790721165798 44628412 54440468 44628412
1790721165821 44734908 54440468 44734908
1790721165844 44839356 54440468 44839356
1790721165867 44945852 54440468 44945852
1790721165890 45052348 54440468 45052348
1790721165913 45154748 54440468 45154748
1790721165936 45259196 54440468 45259196
1790721165958 45365692 54440468 45365692
1790721165990 45513148 54440468 45511100
1790721166013 45619644 54440468 45619644
1790721166036 45724092 54440468 45724092
1790721166059 45832636 54440468 45832636
1790721166083 45949372 54440468 45949372
1790721166107 46055868 54440468 46055868
1790721166130 46141884 54440468 46141884
1790721166153 46166460 54440468 46166460
1790721166176 46270908 54440468 46270908
1790721166199 46379452 54440468 46379452
1790721166231 46531004 54440468 46531004
1790721166256 46645692 54440468 46645692
1790721166279 46752188 54440468 46752188
1790721166302 46858684 54440468 46858684
1790721166325 46969276 54440468 46969276
1790721166348 47075772 54440468 47075772
1790721166371 47184316 54440468 47184316
1790721166394 47290812 54440468 47290812
1790721166417 47395260 54440468 47395260
1790721166450 47546812 54440468 47546812
1790721166476 47665596 54440468 47665596
1790721166499 47774140 54440468 47774140
1790721166522 47880636 0 47880636
1790721166545 47987132 54440468 47987132
1790721166571 48107964 54440468 48107964
1790721166594 48212412 54440468 48212412
1790721166618 48325052 54440468 48325052
1790721166642 48435644 54440468 48435644
1790721166674 48585148 54440468 48585148
1790721166697 48693692 54440468 48693692
1790721166721 48800188 54440468 48798140
1790721166744 48908732 54440468 48908732
1790721166768 49019324 54440468 49019324
1790721166791 49127868 54440468 49127868
1790721166814 49234364 54440468 49234364
1790721166838 49342908 54440468 49342908
1790721166861 49451452 54440468 49451452
1790721166893 49600956 54440468 49600956
1790721166917 49709500 54440468 49709500
1790721166940 49815996 54440468 49815996
1790721166963 49922492 54440468 49922492
1790721166988 50041276 54440468 50041276
1790721167011 50149820 54440468 50149820
1790721167034 50256316 54440468 50256316
1790721167058 50364860 54440468 50364860
1790721167081 50473404 54440468 50473404
1790721167115 50631100 54440468 50631100
1790721167139 50739644 54440468 50739644
1790721167163 50850236 54440468 50850236
1790721167186 50958780 54440468 50958780
1790721167209 51065276 54440468 51065276
1790721167232 51171772 54440468 51171772
1790721167256 51280316 54440468 51280316
1790721167279 51386812 54440468 51386812
1790721167305 51509692 54440468 51509692
1790721167338 51663292 54440468 51663292
1790721167364 51780028 54440468 51780028
1790721167388 51890620 54440468 51890620
1790721167413 52009404 54440468 52007356
1790721167436 52115900 54440468 52115900
1790721167460 52224444 54440468 52224444
1790721167483 52330940 54440468 52330940
1790721167507 52437436 54440468 52437436
1790721167531 52548028 54440468 52548028
1790721167566 52709820 54440468 52709820
1790721167589 52818364 54440468 52818364
1790721167613 52924860 54440468 52924860
1790721167636 53033404 54440468 53033404
1790721167660 53141948 54440468 53141948
1790721167683 53248444 54440468 53248444
1790721167707 53361084 54440468 53361084
1790721167730 53467580 54440468 53467580
1790721167754 53576124 54440468 53576124
1790721167777 53684668 54440468 53684668
1790721167810 53838268 54440468 53838268
1790721167833 53946812 54440468 53946812
1790721167857 54057404 54440468 54057404
1790721167880 54159804 54440468 54159804
1790721167903 54262204 54440468 54262204
1790721167927 54360508 54440468 54360508
1790721167952 54434960 54440468 54434960
1790721167975 54434960 54440468 54434960
1790721167999 54434960 54440468 54434960
1790721168023 54434960 54440468 54434960
1790721168047 54434960 54440468 54434960
1790721168071 54434960 54440468 54434960
1790721168094 54434960 54440468 54434960
1790721168118 54434960 54440468 54434960
1790721168141 54434960 54440468 54434960
1790721168165 54434960 54440468 54434960
1790721168188 54434960 54440468 54434960
1790721168212 54434960 54440468 54434960
1790721168236 54434960 54440468 54434960
1790721168259 54434960 54440468 54434960
1790721168283 54434960 54440468 54434960
1790721168306 54434960 54440468 54434960
1790721168330 54434960 54440468 54434960
1790721168353 54434960 54440468 54434960
1790721168377 54434960 54440468 54434960
1790721168400 54434960 54440468 54434960
1790721168424 54434960 54440468 54434960
1790721168448 54434960 54440468 54434960
1790721168471 54434960 54440468 54434960
1790721168495 54434960 54440468 54434960
1790721168519 54434960 54440468 54434960
1790721168542 54434960 54440468 54434960
1790721168565 54434960 54440468 54434960
1790721168590 54434960 54440468 54434960
1790721168613 54434960 54440468 54434960
1790721168637 54434960 54440468 54434960
1790721168661 54434960 54440468 54434960
1790721168684 54434960 54440468 54434960
1790721168708 54434960 54440468 54434960
1790721168732 54434960 54440468 54434960
1790721168755 54434960 54440468 54434960
1790721168779 54434960 54440468 54434960
1790721168803 54434960 54440468 54434960
1790721168827 54434960 54440468 54434960
1790721168850 54434960 54440468 54434960
1790721168874 54434960 54440468 54434960
1790721168897 54434960 54440468 54434960
1790721168921 54434960 54440468 54434960
1790721168944 54434960 54440468 54434960
1790721168967 54434972 54441240 54434972
1790721168991 54434972 54441240 54434972
1790721169014 54434972 54441240 54434972
1790721169037 54434972 54441240 54434972
1790721169061 54434972 54441240 54434972
1790721169084 54434972 54441240 54434972
1790721169107 54449492 54497400 54449492
1790721169130 54491904 54497400 54491904
1790721169155 54491904 54497400 54491904
1790721169178 54491904 54497400 54491904
1790721169205 54499320 54531260 54499320
1790721169228 54563392 54581972 54563392
1790721169253 54606508 54653468 54606508
1790721169280 54606508 54653468 54606508
1790721169304 54573864 54653468 54603948
1790721169331 54593512 54653468 54603948
1790721169355 54601128 54653472 54603948
1790721169384 54617004 54653472 54617004
1790721169411 54617004 54653472 54617004
1790721169436 54542308 54653472 54613756
1790721169459 54574244 54653472 54613756
1790721169480 54618968 54653472 54618928
1790721169509 54633008 54666952 54633008
1790721169534 54656880 54690712 54656840
1790721169559 54694112 54728068 54694112
1790721169584 54694112 54728068 54694112
1790721169609 54735872 54769780 54735840
1790721169634 54757396 54791428 54757396
1790721169662 54767004 54800800 54766972
1790721169716 54784000 54817960 54784000
1790721169742 54827556 54861388 54827520
1790721169768 54837772 54871816 54837772
1790721169794 54844652 54878548 54844612
1790721169815 54896088 54929896 54896056
1790721169852 54903212 54937288 54903212
1790721169879 54945692 54979528 54945660
1790721169898 54994860 55028764 54994824
1790721169918 55004040 55038004 55004040
1790721169950 55029288 55080956 55029288
1790721169981 55080332 55114220 55080308
1790721170020 55080952 55115012 55080952
1790721170053 55080952 55115012 55080952
1790721170082 55080952 55115012 55080952
1790721170112 55080952 55115012 55080952
1790721170143 55080952 55115012 55080952
1790721170173 55108316 55142204 55108296
1790721170212 55113544 55147616 55113544
1790721170241 55113544 55147616 55113544
1790721170261 55151568 55185368 55151532
1790721170281 55199292 55242236 55197244
1790721170315 55201340 55242236 55201340
1790721170346 55235864 55279100 55235864
1790721170388 55235864 55279100 55235864
1790721170422 55235864 55279100 55235864
1790721170461 55236164 55279676 55236164
1790721170493 55258800 55296060 55258800
1790721170534 55272520 55312444 55272520
1790721170567 55272520 55312444 55272520
1790721170602 55272520 55312444 55272520
1790721170635 55272520 55312444 55272520
1790721170668 55272520 55312444 55272520
1790721170701 55272520 55312444 55272520
1790721170733 55272520 55312444 55272520
1790721170765 55272520 55312444 55272520
1790721170799 55272520 55312444 55272520
1790721170831 55272520 55312444 55272520
1790721170863 55272520 55312444 55272520
1790721170899 55272520 55312444 55272520
1790721170933 55272520 55312444 55272520
1790721170966 55272520 55312444 55272520
1790721170999 55272520 55312444 55272520
1790721171032 55272520 55312444 55272520
1790721171065 55274568 55312444 55274568
1790721171097 55274568 55312444 55274568
1790721171129 55274568 55312444 55274568
1790721171161 55274568 55312444 55274568
1790721171193 55274568 55312444 55274568
1790721171228 55274568 55312444 55274568
1790721171262 55274568 55312444 55274568
1790721171297 55276616 55312444 55276616
1790721171338 55276616 55312444 55276616
1790721171372 55276616 55312444 55276616
1790721171407 55276616 55312444 55276616
1790721171441 55276616 55312444 55276616
1790721171475 55276616 55312444 55276616
1790721171511 55276616 55312444 55276616
1790721171548 55276616 55312444 55276616
1790721171582 55276616 55312444 55276616
1790721171616 55276616 55312444 55276616
1790721171651 55278664 55312444 55278664
1790721171685 55278664 55312444 55278664
1790721171720 55278664 55312444 55278664
1790721171756 55278664 55312444 55278664
1790721171792 55278664 55312444 55278664
1790721171825 55278664 55312444 55278664
1790721171858 55278684 55312444 55278684
1790721171892 55278688 55312444 55278688
1790721171927 55278688 55312444 55278688
1790721171961 55278944 55312444 55278944
1790721171996 55278944 55312444 55278944
1790721172033 55279012 55312444 55279012
1790721172067 55279524 55312444 55279524
1790721172103 55279524 55312444 55279524
1790721172137 55279524 55312444 55279524
1790721172172 55279524 55312444 55279524
1790721172206 55279652 55312444 55279652
1790721172240 55279652 55312444 55279652
1790721172276 55280184 55312444 55280184
1790721172311 55280184 55312444 55280184
1790721172346 55280696 55312444 55280696
1790721172381 55280696 55312444 55280696
1790721172416 55280868 55312444 55280868
1790721172449 55280868 55312444 55280868
1790721172483 55281124 55312444 55281124
1790721172519 55281124 55312444 55281124
1790721172553 55281124 55312444 55281124
1790721172587 55281124 55312444 55281124
1790721172622 55281224 55312444 55281224
1790721172657 55281224 55312444 55281224
1790721172690 55281224 55312444 55281224
1790721172724 55281224 55312444 55281224
1790721172759 55281224 55312444 55281224
1790721172794 55281224 55312444 55281224
1790721172830 55281224 55312444 55281224
1790721172867 55281224 55312444 55281224
1790721172904 55281224 55312444 55281224
1790721172936 55281224 55312444 55281224
1790721172971 55281224 55312444 55281224
1790721173005 55281224 55312444 55281224
1790721173039 55281224 55312444 55281224
1790721173074 55281224 55312444 55281224
1790721173107 55281224 55312444 55281224
1790721173140 55281224 55312444 55281224
1790721173180 55281224 55312444 55281224
1790721173214 55281224 55312444 55281224
1790721173249 55281224 55312444 55281224
1790721173286 55281224 55312444 55281224
1790721173326 55281224 55312444 55281224
1790721173361 55281224 55312444 55281224
1790721173403 55281224 55312444 55281224
1790721173444 55281224 55312444 55281224
1790721173476 55281224 55312444 55281224
1790721173518 55281224 55312444 55281224
1790721173555 55281224 55312444 55281224
1790721173595 55281224 55312444 55281224
1790721173637 55281224 55312444 55281224
1790721173675 55281224 55312444 55281224
1790721173710 55281224 55312444 55281224
1790721173751 55281224 55312444 55281224
1790721173790 55281224 55312444 55281224
1790721173831 55281224 55312444 55281224
1790721173870 55281224 55312444 55281224
1790721173909 55281224 55312444 55281224
1790721173947 55281224 55312444 55281224
1790721173988 55281224 55312444 55281224
1790721174028 55281224 55312444 55281224
1790721174069 55281224 55312444 55281224
1790721174105 55281224 55312444 55281224
1790721174144 55281224 55312444 55281224
1790721174179 55281224 55312444 55281224
1790721174215 55281224 55312444 55281224
1790721174256 55281224 55312444 55281224
1790721174296 55281224 55312444 55281224
1790721174330 55281224 55312444 55281224
1790721174366 55281224 55312444 55281224
1790721174400 55281224 55312444 55281224
1790721174441 55281224 55312444 55281224
1790721174480 55281224 55312444 55281224
1790721174515 55281224 55312444 55281224
1790721174549 55281224 55312444 55281224
1790721174583 55281224 55312444 55281224
1790721174618 55281224 55312444 55281224
1790721174652 55281224 55312444 55281224
1790721174685 55281224 55312444 55281224
1790721174723 55281224 55312444 55281224
1790721174757 55281224 55312444 55281224
1790721174793 55281224 55312444 55281224
1790721174830 55281224 55312444 55281224
1790721174864 55281224 55312444 55281224
1790721174905 55281224 55312444 55281224
1790721174945 55281224 55312444 55281224
1790721174985 55281224 55312444 55281224
1790721175026 55351408 55382444 55351380
1790721175046 55390328 55421384 55390296
1790721175067 55430708 55461908 55430708
1790721175103 55430708 55461908 55430708
1790721175141 55460968 55492004 55460944
1790721175175 55483508 55514708 55483508
1790721175213 55483508 55514708 55483508
1790721175253 55558968 55602468 55558968
1790721175293 55558968 55602468 55558968
1790721175330 55558968 55602468 55558968
1790721175368 55559356 55603236 55559356
1790721175406 55559356 55603236 55559356
1790721175444 55559356 55603236 55559356
1790721175482 55559356 55603236 55559356
1790721175520 55559356 55603236 55559356
1790721175558 55559356 55603236 55559356
1790721175597 55559356 55603236 55559356
1790721175635 55559356 55603236 55559356
1790721175673 55559356 55603236 55559356
1790721175711 55559356 55603236 55559356
1790721175750 55559356 55603236 55559356
1790721175789 55559356 55603236 55559356
1790721175827 55559356 55603236 55559356
1790721175865 55569096 55636008 55569096
1790721175902 55569096 55636008 55569096
1790721175940 55519296 55636008 55583692
1790721175983 55519296 55636008 55583692
1790721176027 55482428 55636008 55583692
1790721176072 55482428 55636008 55583692
1790721176117 55482428 55636008 55583692
1790721176162 55482428 55636008 55583692
1790721176207 55482428 55636008 55583692
1790721176251 55482428 55636008 55583692
1790721176297 55482428 55636008 55583692
1790721176335 55482428 55636008 55583692
1790721176379 55482428 55636008 55583692
1790721176418 55482428 55636008 55583692
1790721176462 55482428 55636008 55583692
1790721176501 55500616 55636008 55583692
1790721176545 55578224 55636008 55583692
1790721176585 55591876 55646500 55591876
1790721176631 55592264 55647268 55592264
1790721176669 55592264 55647268 55592264
1790721176709 55592264 55647268 55592264
1790721176749 55592264 55647268 55592264
1790721176788 55597124 55647652 55597124
1790721176828 55613916 55656868 55613916
1790721176867 55620668 55656868 55620668
1790721176913 55620668 55656868 55620668
1790721176954 55620668 55656868 55620668
1790721176995 55620668 55656868 55620668
1790721177041 55620668 55656868 55620668
1790721177087 55620668 55656868 55620668
1790721177134 55620668 55656868 55620668
1790721177181 55620668 55656868 55620668
1790721177227 55620668 55656868 55620668
1790721177268 55620668 55656868 55620668
1790721177314 55620668 55656868 55620668
1790721177357 55620668 55656868 55620668
1790721177399 55620668 55656868 55620668
1790721177439 55620668 55656868 55620668
1790721177481 55620668 55656868 55620668
1790721177525 55620668 55656868 55620668
1790721177570 55620668 55656868 55620668
1790721177611 55622716 55656868 55622716
1790721177656 55622716 55656868 55622716
1790721177703 55622716 55656868 55622716
1790721177749 55622716 55656868 55622716
1790721177796 55567404 55656868 55611372
1790721177843 55567404 55656868 55611372
1790721177891 55567404 55656868 55611372
1790721177938 55567404 55656868 55611372
1790721177977 55567404 55656868 55611372
1790721178021 55567404 55656868 55611372
1790721178066 55567404 55656868 55611372
1790721178111 55567404 55656868 55611372
1790721178153 55567404 55656868 55611372
1790721178194 55567404 55656868 55611372
1790721178234 55567404 55656868 55611372
1790721178275 55567404 55656868 55611372
1790721178320 55567404 55656868 55611372
1790721178365 55567404 55656868 55611372
1790721178411 55567404 55656868 55611372
1790721178457 55567404 55656868 55611372
1790721178505 55567404 55656868 55611372
1790721178545 55508012 55656868 55611372
1790721178585 55508012 55656868 55611372
1790721178625 55508012 55656868 55611372
1790721178669 55508012 55656868 55611372
1790721178714 55508012 55656868 55611372
1790721178755 55508012 55656868 55611372
1790721178799 55508012 55656868 55611372
1790721178846 55508012 55656868 55611372
1790721178891 55508012 55656868 55611372
1790721178930 55508012 55656868 55611372
1790721178968 55508012 55656868 55611372
1790721179008 55508012 55656868 55611372
1790721179046 55508012 55656868 55611372
1790721179090 55508012 55656868 55611372
1790721179130 55508012 55656868 55611372
1790721179170 55508012 55656868 55611372
1790721179211 55508012 55656868 55611372
1790721179253 55508012 55656868 55611372
1790721179294 55508012 55656868 55611372
1790721179334 55508012 55656868 55611372
1790721179375 55508012 55656868 55611372
1790721179413 55508012 55656868 55611372
1790721179458 55508012 55656868 55611372
1790721179499 55508012 55656868 55611372
1790721179544 55508012 55656868 55611372
1790721179590 55508012 55656868 55611372
1790721179635 55508012 55656868 55611372
1790721179680 55508012 55656868 55611372
1790721179723 55508012 55656868 55611372
1790721179767 55508012 55656868 55611372
1790721179810 55508012 55656868 55611372
1790721179850 55508012 55656868 55611372
1790721179895 55508012 55656868 55611372
1790721179938 55508012 55656868 55611372
1790721179981 55508012 55656868 55611372
1790721180027 55508012 55656868 55611372
1790721180071 55508012 55656868 55611372
1790721180112 55508012 55656868 55611372
1790721180153 55508012 55656868 55611372
1790721180197 55508012 55656868 55611372
1790721180239 55508012 55656868 55611372
1790721180283 55508012 55656868 55611372
1790721180328 55508012 55656868 55611372
1790721180372 55508012 55656868 55611372
1790721180417 55508012 55656868 55611372
1790721180457 55508012 55656868 55611372
1790721180497 55508012 55656868 55611372
1790721180537 55508012 55656868 55611372
1790721180575 55508012 55656868 55611372
1790721180619 55508012 55656868 55611372
1790721180660 55508012 55656868 55611372
1790721180699 55508012 55656868 55611372
1790721180739 55508012 55656868 55611372
1790721180780 55508012 55656868 55611372
1790721180825 55508012 55656868 55611372
1790721180870 55508012 55656868 55611372
1790721180916 55508012 55656868 55611372
1790721180960 55508012 55656868 55611372
1790721181004 55508012 55656868 55611372
1790721181047 55508012 55656868 55611372
1790721181088 55508012 55656868 55611372
1790721181130 55508012 55656868 55611372
1790721181172 55508012 55656868 55611372
1790721181217 55508012 55656868 55611372
1790721181259 55508012 55656868 55611372
1790721181303 55508012 55656868 55611372
1790721181347 55508012 55656868 55611372
1790721181390 55508012 55656868 55611372
1790721181430 55508012 55656868 55611372
1790721181469 55508012 55656868 55611372
1790721181510 55508012 55656868 55611372
1790721181551 55508012 55656868 55611372
1790721181596 55508012 55656868 55611372
1790721181637 55508012 55656868 55611372
1790721181677 55508012 55656868 55611372
1790721181715 55508012 55656868 55611372
1790721181752 55508012 55656868 55611372
1790721181791 55508012 55656868 55611372
1790721181835 55508012 55656868 55611372
1790721181880 55508012 55656868 55611372
1790721181923 55543240 55656868 55611372
1790721181967 55575476 55656868 55611372
1790721182012 55575476 55656868 55611372
1790721182050 55575476 55656868 55611372
1790721182089 55575476 55656868 55611372
1790721182127 55596972 55656868 55611372
1790721182172 55596972 55656868 55611372
1790721182220 55596972 55656868 55611372
1790721182267 55596972 55656868 55611372
1790721182313 55596972 55656868 55611372
1790721182361 55596972 55656868 55611372
1790721182404 55596972 55656868 55611372
1790721182451 55596972 55656868 55611372
1790721182498 55596972 55656868 55611372
1790721182544 55596972 55656868 55611372
1790721182583 55596972 55656868 55611372
1790721182623 55596972 55656868 55611372
1790721182663 55596972 55656868 55611372
1790721182707 55596972 55656868 55611372
1790721182748 55596972 55656868 55611372
1790721182793 55603124 55656868 55611372
1790721182840 55603124 55656868 55611372
1790721182881 55603124 55656868 55611372
1790721182922 55603124 55656868 55611372
1790721182963 55603124 55656868 55611372
1790721183002 55624620 55658772 55624620
1790721183046 55624620 55658772 55624620
1790721183087 55624620 55658772 55624620
1790721183128 55624620 55658772 55624620
1790721183170 55624620 55658772 55624620
1790721183212 55624620 55658772 55624620
1790721183261 55624620 55658772 55624620
1790721183304 55624620 55658772 55624620
1790721183345 55624620 55658772 55624620
1790721183391 55624620 55658772 55624620
1790721183437 55624620 55658772 55624620
1790721183479 55624620 55658772 55624620
1790721183526 55624620 55658772 55624620
1790721183572 55624620 55658772 55624620
1790721183618 55624620 55658772 55624620
1790721183668 55624620 55658772 55624620
1790721183710 55624620 55658772 55624620
1790721183750 55624620 55658772 55624620
1790721183793 55624620 55658772 55624620
1790721183839 55624620 55658772 55624620
1790721183880 55624620 55658772 55624620
1790721183922 55624620 55658772 55624620
1790721183968 55624620 55658772 55624620
1790721184009 55624620 55658772 55624620
1790721184049 55551132 55658772 55613080
1790721184090 55551132 55658772 55613080
1790721184135 55551132 55658772 55613080
1790721184175 55551132 0 55613080
1790721184220 55551132 55658772 55613080
1790721184260 55551132 55658772 55613080
1790721184300 55551132 55658772 55613080
1790721184340 55551132 55658772 55613080
1790721184380 55551132 55658772 55613080
1790721184421 55551132 55658772 55613080
1790721184462 55551132 55658772 55613080
1790721184500 55551132 55658772 55613080
1790721184545 55551132 55658772 55613080
1790721184585 55551132 55658772 55613080
1790721184624 55551132 55658772 55613080
1790721184670 55551132 55658772 55613080
1790721184717 55551132 55658772 55613080
1790721184758 55551132 55658772 55613080
1790721184801 55551132 55658772 55613080
1790721184846 55551132 55658772 55613080
1790721184893 55338372 55658772 55613080
1790721184937 55338372 55658772 55613080
1790721184977 55338372 55658772 55613080
1790721185018 55338372 55658772 55613080
1790721185055 55338372 55658772 55613080
1790721185098 55338372 55658772 55613080
1790721185135 55338372 55658772 55613080
1790721185177 55338372 55658772 55613080
1790721185219 55338372 55658772 55613080
1790721185260 55338372 55658772 55613080
1790721185299 55338372 55658772 55613080
1790721185335 55338372 55658772 55613080
1790721185371 55338372 55658772 55613080
1790721185411 55338372 55658772 55613080
1790721185454 55338372 55658772 55613080
1790721185496 55338372 55658772 55613080
1790721185531 55338372 55658772 55613080
1790721185567 55338372 55658772 55613080
1790721185602 55338372 55658772 55613080
1790721185638 55338372 55658772 55613080
1790721185680 55338372 55658772 55613080
1790721185721 55338372 55658772 55613080
1790721185757 55338372 55658772 55613080
1790721185800 55338372 55658772 55613080
1790721185841 55338372 55658772 55613080
1790721185879 55338372 55658772 55613080
1790721185916 55338372 55658772 55613080
1790721185951 55338372 55658772 55613080
1790721185986 55338372 55658772 55613080
1790721186029 55338372 55658772 55613080
1790721186071 55338372 55658772 55613080
1790721186112 55338372 55658772 55613080
1790721186154 55338372 55658772 55613080
1790721186197 55338372 55658772 55613080
1790721186231 55338372 55658772 55613080
1790721186267 55338372 55658772 55613080
1790721186305 55338372 55658772 55613080
1790721186342 55338372 55658772 55613080
1790721186377 55338372 55658772 55613080
1790721186421 55338372 55658772 55613080
1790721186461 55338372 55658772 55613080
1790721186501 55338372 55658772 55613080
1790721186540 55338372 55658772 55613080
1790721186581 55338372 55658772 55613080
1790721186623 55338372 55658772 55613080
1790721186665 55338372 55658772 55613080
1790721186701 55338372 55658772 55613080
1790721186739 55338372 55658772 55613080
1790721186782 55338372 55658772 55613080
1790721186818 55338372 55658772 55613080
1790721186860 55338372 55658772 55613080
1790721186904 55338372 55658772 55613080
1790721186943 55338372 55658772 55613080
1790721186984 55338372 55658772 55613080
1790721187028 55338372 55658772 55613080
1790721187064 55338372 55658772 55613080
1790721187105 55338372 55658772 55613080
1790721187143 55338372 55658772 55613080
1790721187179 55338372 55658772 55613080
1790721187220 55338372 55658772 55613080
1790721187263 55338372 55658772 55613080
1790721187298 55338372 55658772 55613080
1790721187339 55338372 55658772 55613080
1790721187380 55338372 55658772 55613080
1790721187418 55338372 55658772 55613080
1790721187460 55338372 55658772 55613080
1790721187503 55338372 55658772 55613080
1790721187547 55338372 55658772 55613080
1790721187588 55338372 55658772 55613080
1790721187628 55338372 55658772 55613080
1790721187670 55338372 55658772 55613080
1790721187706 55338372 55658772 55613080
1790721187749 55338372 55658772 55613080
1790721187792 55338372 55658772 55613080
1790721187830 55338372 55658772 55613080
1790721187865 55338372 55658772 55613080
1790721187906 55338372 55658772 55613080
1790721187949 55338372 55658772 55613080
1790721187990 55338372 55658772 55613080
1790721188029 55338372 55658772 55613080
1790721188066 55338372 55658772 55613080
1790721188101 55338372 55658772 55613080
1790721188143 55338372 55658772 55613080
1790721188180 55338372 55658772 55613080
1790721188217 55338372 55658772 55613080
1790721188259 55362048 55658772 55613080
1790721188300 55408748 55658772 55613080
1790721188326 55447460 55658772 55613080
1790721188345 55485792 55658772 55613080
1790721188390 55566140 55658772 55613080
1790721188436 55572408 55658772 55613080
1790721188477 55584036 55658772 55613080
1790721188518 55595056 55658772 55613080
1790721188565 55595056 55658772 55613080
1790721188610 55558188 55658772 55613080
1790721188655 55558188 55658772 55613080
1790721188701 55558188 55658772 55613080
1790721188748 55558188 55658772 55613080
1790721188793 55558188 55658772 55613080
1790721188839 55558188 55658772 55613080
1790721188886 55558188 55658772 55613080
1790721188929 55558188 55658772 55613080
1790721188974 55558188 55658772 55613080
1790721189018 55558188 55658772 55613080
1790721189062 55558188 55658772 55613080
1790721189106 55558188 55658772 55613080
1790721189151 55601204 55658772 55613080
1790721189197 55601204 55658772 55613080
1790721189241 55601204 55658772 55613080
1790721189286 55601204 55658772 55613080
1790721189325 55601204 55658772 55613080
1790721189364 55623108 55658772 55623108
1790721189412 55623108 55658772 55623108
1790721189452 55623108 55658772 55623108
1790721189489 55623108 55658772 55623108
1790721189529 55623108 55658772 55623108
1790721189569 55623108 55658772 55623108
1790721189616 55623108 55658772 55623108
1790721189662 55623108 55658772 55623108
1790721189705 55623108 55658772 55623108
1790721189746 55623108 55658772 55623108
1790721189791 55623108 55658772 55623108
1790721189837 55623108 55658772 55623108
1790721189882 55623108 55658772 55623108
1790721189924 55623108 55658772 55623108
1790721189969 55623108 55658772 55623108
1790721190013 55623108 55658772 55623108
1790721190056 55623108 55658772 55623108
1790721190098 55623108 55658772 55623108
1790721190138 55623108 55658772 55623108
1790721190179 55623108 55658772 55623108
1790721190223 55623108 55658772 55623108
1790721190269 55623108 55658772 55623108
1790721190311 55623108 55658772 55623108
1790721190356 55623108 55658772 55623108
1790721190403 55623108 55658772 55623108
1790721190450 55488236 55658772 55613080
1790721190490 55488236 55658772 55613080
1790721190534 55488236 55658772 55613080
1790721190573 55488236 55658772 55613080
1790721190611 55488236 55658772 55613080
1790721190656 55488236 55658772 55613080
1790721190700 55488236 55658772 55613080
1790721190740 55488236 55658772 55613080
1790721190786 55488236 55658772 55613080
1790721190831 55488236 55658772 55613080
1790721190875 55488236 55658772 55613080
1790721190921 55488236 55658772 55613080
1790721190968 55488236 55658772 55613080
1790721191010 55488236 55658772 55613080
1790721191050 55488236 55658772 55613080
1790721191097 55488236 55658772 55613080
1790721191143 55488236 55658772 55613080
1790721191190 55488236 55658772 55613080
1790721191237 55488236 55658772 55613080
1790721191279 55488236 55658772 55613080
1790721191325 55297496 55658772 55613080
1790721191363 55190704 55658772 55613080
1790721191399 55190704 55658772 55613080
1790721191439 55190704 55658772 55613080
1790721191476 55190704 55658772 55613080
1790721191511 55190704 55658772 55613080
1790721191551 55190704 55658772 55613080
1790721191593 55190704 55658772 55613080
1790721191629 55190704 55658772 55613080
1790721191664 55190704 55658772 55613080
1790721191704 55190704 55658772 55613080
1790721191742 55190704 55658772 55613080
1790721191778 55190704 55658772 55613080
1790721191818 55190704 55658772 55613080
1790721191857 55190704 55658772 55613080
1790721191893 55190704 55658772 55613080
1790721191926 55190704 55658772 55613080
1790721191961 55190704 55658772 55613080
1790721191995 55190704 55658772 55613080
1790721192027 55190704 55658772 55613080
1790721192060 55190704 55658772 55613080
1790721192091 55190704 55658772 55613080
1790721192122 55190704 55658772 55613080
1790721192164 55190704 55658772 55613080
1790721192195 55190704 55658772 55613080
1790721192228 55190704 55658772 55613080
1790721192270 55190704 55658772 55613080
1790721192310 55190704 55658772 55613080
1790721192350 55190704 55658772 55613080
1790721192388 55190704 55658772 55613080
1790721192429 55190704 55658772 55613080
1790721192462 55190704 55658772 55613080
1790721192498 55190704 55658772 55613080
1790721192540 55190704 55658772 55613080
1790721192576 55190704 55658772 55613080
1790721192610 55190704 55658772 55613080
1790721192646 55190704 55658772 55613080
1790721192686 55190704 55658772 55613080
1790721192726 55190704 55658772 55613080
1790721192763 55190704 55658772 55613080
1790721192803 55190704 55658772 55613080
1790721192843 55190704 55658772 55613080
1790721192880 55190704 55658772 55613080
1790721192914 55190704 55658772 55613080
1790721192953 55190704 55658772 55613080
1790721192991 55190704 55658772 55613080
1790721193029 55190704 55658772 55613080
1790721193066 55190704 55658772 55613080
1790721193105 55190704 55658772 55613080
1790721193142 55190704 55658772 55613080
1790721193181 55190704 55658772 55613080
1790721193221 55190704 55658772 55613080
1790721193259 55190704 55658772 55613080
1790721193300 55190704 55658772 55613080
1790721193336 55190704 55658772 55613080
1790721193372 55190704 55658772 55613080
1790721193406 55190704 55658772 55613080
1790721193441 55190704 55658772 55613080
1790721193480 55190704 55658772 55613080
1790721193520 55190704 55658772 55613080
1790721193559 55190704 55658772 55613080
1790721193595 55190704 55658772 55613080
1790721193629 55190704 55658772 55613080
1790721193661 55190704 55658772 55613080
1790721193699 55190704 55658772 55613080
1790721193739 55190704 55658772 55613080
1790721193779 55190704 55658772 55613080
1790721193817 55190704 55658772 55613080
1790721193853 55190704 55658772 55613080
1790721193894 55190704 55658772 55613080
1790721193928 55190704 55658772 55613080
1790721193969 55190704 55658772 55613080
1790721194010 55190704 55658772 55613080
1790721194048 55190704 55658772 55613080
1790721194084 55190704 55658772 55613080
1790721194118 55190704 55658772 55613080
1790721194152 55190704 55658772 55613080
1790721194189 55190704 55658772 55613080
1790721194226 55190704 55658772 55613080
1790721194264 55190704 55658772 55613080
1790721194297 55190704 55658772 55613080
1790721194337 55190704 55658772 55613080
1790721194370 55190704 55658772 55613080
1790721194407 55190704 55658772 55613080
1790721194444 55190704 55658772 55613080
1790721194485 55190704 55658772 55613080
1790721194525 55190704 55658772 55613080
1790721194558 55190704 55658772 55613080
1790721194592 55190704 55658772 55613080
1790721194629 55190704 55658772 55613080
1790721194669 55190704 55658772 55613080
1790721194707 55190704 55658772 55613080
1790721194745 55205128 55658772 55613080
1790721194784 55256648 55658772 55613080
1790721194805 55330872 55658772 55613080
1790721194844 55368756 55658772 55613080
1790721194869 55405936 55658772 55613080
1790721194911 55443904 55658772 55613080
1790721194954 55483880 55658772 55613080
1790721194997 55563724 55658772 55613080
1790721195045 55572408 55658772 55613080
1790721195090 55572796 55658772 55613080
1790721195131 55591988 55658772 55613080
1790721195170 55595056 55658772 55613080
1790721195214 55595056 55658772 55613080
1790721195261 55558188 55658772 55613080
1790721195307 55558188 55658772 55613080
1790721195353 55558188 55658772 55613080
1790721195399 55558188 55658772 55613080
1790721195445 55558188 55658772 55613080
1790721195492 55558188 55658772 55613080
1790721195540 55558188 55658772 55613080
1790721195583 55558188 55658772 55613080
1790721195623 55558188 55658772 55613080
1790721195669 55558188 55658772 55613080
1790721195713 55558188 55658772 55613080
1790721195755 55558188 55658772 55613080
1790721195800 55601204 55658772 55613080
1790721195844 55601204 55658772 55613080
1790721195888 55601204 55658772 55613080
1790721195935 55601204 55658772 55613080
1790721195977 55601204 55658772 55613080
1790721196018 55623108 55658772 55623108
1790721196059 55623108 55658772 55623108
1790721196106 55623108 55658772 55623108
1790721196147 55623108 55658772 55623108
1790721196195 55623108 55658772 55623108
1790721196242 55623108 55658772 55623108
1790721196289 55623108 55658772 55623108
1790721196335 55623108 55658772 55623108
1790721196376 55623108 55658772 55623108
1790721196423 55623108 55658772 55623108
1790721196468 55623108 55658772 55623108
1790721196513 55623108 55658772 55623108
1790721196554 55623108 55658772 55623108
1790721196595 55623108 55658772 55623108
1790721196636 55623108 55658772 55623108
1790721196682 55623108 55658772 55623108
1790721196729 55623108 55658772 55623108
1790721196771 55623108 55658772 55623108
1790721196818 55623108 55658772 55623108
1790721196865 55623108 55658772 55623108
1790721196910 55623108 55658772 55623108
1790721196952 55623108 55658772 55623108
1790721196999 55623108 55658772 55623108
1790721197045 55623108 55658772 55623108
1790721197092 55623108 55658772 55623108
1790721197140 55623108 55658772 55623108
1790721197183 55623108 55658772 55623108
1790721197224 55623108 55658772 55623108
1790721197264 55623108 55658772 55623108
1790721197303 55623108 55658772 55623108
1790721197350 55623108 55658772 55623108
1790721197396 55623108 55658772 55623108
1790721197437 55623108 55658772 55623108
1790721197477 55623108 55658772 55623108
1790721197522 55623108 55658772 55623108
1790721197566 55623108 55658772 55623108
1790721197608 55623108 55658772 55623108
1790721197650 55623108 55658772 55623108
1790721197698 55617800 55658772 55617800
1790721197740 55468296 55658772 55613080
1790721197785 55468296 55658772 55613080
1790721197826 55468296 55658772 55613080
1790721197867 55190704 55658772 55613080
1790721197901 55190704 55658772 55613080
1790721197943 55190704 55658772 55613080
1790721197983 55190704 55658772 55613080
1790721198022 55190704 55658772 55613080
1790721198057 55190704 55658772 55613080
1790721198092 55190704 55658772 55613080
1790721198124 55190704 55658772 55613080
1790721198165 55190704 55658772 55613080
1790721198207 55190704 55658772 55613080
1790721198247 55190704 55658772 55613080
1790721198286 55190704 55658772 55613080
1790721198324 55190704 55658772 55613080
1790721198364 55190704 55658772 55613080
1790721198398 55190704 55658772 55613080
1790721198431 55190704 55658772 55613080
1790721198474 55190704 55658772 55613080
1790721198514 55190704 55658772 55613080
1790721198553 55190704 55658772 55613080
1790721198593 55190704 55658772 55613080
1790721198632 55190704 55658772 55613080
1790721198668 55190704 55658772 55613080
1790721198704 55190704 55658772 55613080
1790721198739 55190704 55658772 55613080
1790721198774 55190704 55658772 55613080
1790721198813 55190704 55658772 55613080
1790721198853 55190704 55658772 55613080
1790721198891 55190704 55658772 55613080
1790721198929 55190704 55658772 55613080
1790721198969 55190704 55658772 55613080
1790721199010 55190704 55658772 55613080
1790721199046 55190704 55658772 55613080
1790721199083 55190704 55658772 55613080
1790721199120 55190704 55658772 55613080
1790721199155 55190704 55658772 55613080
1790721199195 55190704 55658772 55613080
1790721199237 55190704 55658772 55613080
1790721199273 55190704 55658772 55613080
1790721199307 55190704 55658772 55613080
1790721199347 55190704 55658772 55613080
1790721199383 55190704 55658772 55613080
1790721199422 55190704 55658772 55613080
1790721199462 55190704 55658772 55613080
1790721199501 55190704 55658772 55613080
1790721199541 55190704 55658772 55613080
1790721199581 55190704 55658772 55613080
1790721199618 55190704 55658772 55613080
1790721199656 55190704 55658772 55613080
1790721199696 55190704 55658772 55613080
1790721199738 55190704 55658772 55613080
1790721199775 55190704 55658772 55613080
1790721199809 55190704 55658772 55613080
1790721199845 55190704 55658772 55613080
1790721199885 55190704 55658772 55613080
1790721199924 55190704 55658772 55613080
1790721199965 55190704 55658772 55613080
1790721200007 55190704 55658772 55613080
1790721200045 55190704 55658772 55613080
1790721200083 55190704 55658772 55613080
1790721200120 55190704 55658772 55613080
1790721200160 55190704 55658772 55613080
1790721200200 55190704 55658772 55613080
1790721200238 55190704 55658772 55613080
1790721200273 55190704 55658772 55613080
1790721200305 55190704 55658772 55613080
1790721200339 55190704 55658772 55613080
1790721200379 55190704 55658772 55613080
1790721200420 55190704 55658772 55613080
1790721200458 55190704 55658772 55613080
1790721200498 55190704 55658772 55613080
1790721200537 55190704 55658772 55613080
1790721200578 55190704 55658772 55613080
1790721200614 55190704 55658772 55613080
1790721200656 55190704 55658772 55613080
1790721200691 55190704 55658772 55613080
1790721200726 55190704 55658772 55613080
1790721200767 55190704 55658772 55613080
1790721200806 55190704 55658772 55613080
1790721200848 55190704 55658772 55613080
1790721200886 55190704 55658772 55613080
1790721200922 55190704 55658772 55613080
1790721200955 55190704 55658772 55613080
1790721200996 55190704 55658772 55613080
1790721201037 55190704 55658772 55613080
1790721201075 55190704 55658772 55613080
1790721201110 55190704 55658772 55613080
1790721201148 55190704 55658772 55613080
1790721201185 55235400 55658772 55613080
1790721201209 55288876 55658772 55613080
1790721201247 55354212 55658772 55613080
1790721201290 55395860 55658772 55613080
1790721201331 55438656 55658772 55613080
1790721201376 55479312 55658772 55613080
1790721201414 55555532 55658772 55613080
1790721201450 55572408 55658772 55613080
1790721201496 55595056 55658772 55613080
1790721201541 55595056 55658772 55613080
1790721201589 55595056 55658772 55613080
1790721201637 55558188 55658772 55613080
1790721201685 55558188 55658772 55613080
1790721201732 55558188 55658772 55613080
1790721201771 55558188 55658772 55613080
1790721201819 55558188 55658772 55613080
1790721201862 55558188 55658772 55613080
1790721201909 55558188 55658772 55613080
1790721201954 55558188 55658772 55613080
1790721202000 55558188 55658772 55613080
1790721202043 55558188 55658772 55613080
1790721202084 55558188 55658772 55613080
1790721202127 55558188 55658772 55613080
1790721202168 55558188 55658772 55613080
1790721202210 55558188 55658772 55613080
1790721202252 55558188 55658772 55613080
1790721202299 55601204 55658772 55613080
1790721202346 55601204 55658772 55613080
1790721202388 55623108 55658772 55623108
1790721202431 55623108 55658772 55623108
1790721202471 55623108 55658772 55623108
1790721202519 55623108 55658772 55623108
1790721202566 55623108 55658772 55623108
1790721202610 55623108 55658772 55623108
1790721202653 55623108 55658772 55623108
1790721202702 55623108 55658772 55623108
1790721202745 55623108 55658772 55623108
1790721202787 55623108 55658772 55623108
1790721202835 55623108 55658772 55623108
1790721202876 55623108 55658772 55623108
1790721202920 55623108 55658772 55623108
1790721202968 55623108 55658772 55623108
1790721203015 55623108 55658772 55623108
1790721203058 55623108 55658772 55623108
1790721203098 55623108 55658772 55623108
1790721203146 55623108 55658772 55623108
1790721203188 55623108 55658772 55623108
1790721203229 55623108 55658772 55623108
1790721203273 55623108 55658772 55623108
1790721203320 55552172 55658772 55613080
1790721203368 55552172 55658772 55613080
1790721203410 55552172 55658772 55613080
1790721203458 55552172 55658772 55613080
1790721203504 55552172 55658772 55613080
1790721203548 55552172 55658772 55613080
1790721203591 55552172 55658772 55613080
1790721203638 55552172 55658772 55613080
1790721203681 55552172 55658772 55613080
1790721203723 55552172 55658772 55613080
1790721203765 55552172 55658772 55613080
1790721203812 55552172 55658772 55613080
1790721203857 55552172 55658772 55613080
1790721203901 55552172 55658772 55613080
1790721203944 55552172 55658772 55613080
1790721203988 55552172 55658772 55613080
1790721204032 55552172 55658772 55613080
1790721204074 55552172 55658772 55613080
1790721204116 55552172 55658772 55613080
1790721204161 55552172 55658772 55613080
1790721204202 55552172 55658772 55613080
1790721204245 55552172 55658772 55613080
1790721204288 55552172 55658772 55613080
1790721204331 55418776 55658772 55613080
1790721204368 55190704 55658772 55613080
1790721204410 55190704 55658772 55613080
1790721204451 55190704 55658772 55613080
1790721204490 55190704 55658772 55613080
1790721204525 55190704 55658772 55613080
1790721204560 55190704 55658772 55613080
1790721204601 55190704 55658772 55613080
1790721204638 55190704 55658772 55613080
1790721204677 55190704 55658772 55613080
1790721204716 55190704 55658772 55613080
1790721204758 55190704 55658772 55613080
1790721204797 55190704 55658772 55613080
1790721204836 55190704 55658772 55613080
1790721204880 55190704 55658772 55613080
1790721204914 55190704 55658772 55613080
1790721204948 55190704 55658772 55613080
1790721204986 55190704 55658772 55613080
1790721205024 55190704 55658772 55613080
1790721205060 55190704 55658772 55613080
1790721205097 55190704 55658772 55613080
1790721205137 55190704 55658772 55613080
1790721205177 55190704 55658772 55613080
1790721205218 55190704 55658772 55613080
1790721205260 55190704 55658772 55613080
1790721205297 55190704 55658772 55613080
1790721205339 55190704 55658772 55613080
1790721205378 55190704 55658772 55613080
1790721205413 55190704 55658772 55613080
1790721205454 55190704 55658772 55613080
1790721205491 55190704 55658772 55613080
1790721205529 55190704 55658772 55613080
1790721205570 55190704 55658772 55613080
1790721205603 55190704 55658772 55613080
1790721205639 55190704 55658772 55613080
1790721205676 55190704 55658772 55613080
1790721205709 55190704 55658772 55613080
1790721205750 55190704 55658772 55613080
1790721205793 55190704 55658772 55613080
1790721205827 55190704 55658772 55613080
1790721205861 55190704 55658772 55613080
1790721205894 55190704 55658772 55613080
1790721205929 55190704 55658772 55613080
1790721205962 55190704 55658772 55613080
1790721206000 55190704 55658772 55613080
1790721206034 55190704 55658772 55613080
1790721206075 55190704 55658772 55613080
1790721206110 55190704 55658772 55613080
1790721206144 55190704 55658772 55613080
1790721206187 55190704 55658772 55613080
1790721206219 55190704 55658772 55613080
1790721206252 55190704 55658772 55613080
1790721206285 55190704 55658772 55613080
1790721206322 55190704 55658772 55613080
1790721206363 55190704 55658772 55613080
1790721206397 55190704 55658772 55613080
1790721206441 55190704 55658772 55613080
1790721206480 55190704 55658772 55613080
1790721206518 55190704 55658772 55613080
1790721206553 55190704 55658772 55613080
1790721206588 55190704 55658772 55613080
1790721206625 55190704 55658772 55613080
1790721206658 55190704 55658772 55613080
1790721206692 55190704 55658772 55613080
1790721206733 55190704 55658772 55613080
1790721206772 55190704 55658772 55613080
1790721206813 55190704 55658772 55613080
1790721206855 55190704 55658772 55613080
1790721206892 55190704 55658772 55613080
1790721206931 55190704 55658772 55613080
1790721206971 55190704 55658772 55613080
1790721207011 55190704 55658772 55613080
1790721207050 55190704 55658772 55613080
1790721207084 55190704 55658772 55613080
1790721207125 55190704 55658772 55613080
1790721207165 55190704 55658772 55613080
1790721207204 55190704 55658772 55613080
1790721207242 55190704 55658772 55613080
1790721207283 55190704 55658772 55613080
1790721207325 55190704 55658772 55613080
1790721207366 55190704 55658772 55613080
1790721207403 55190704 55658772 55613080
1790721207442 55190704 55658772 55613080
1790721207476 55190704 55658772 55613080
1790721207510 55190704 55658772 55613080
1790721207547 55190704 55658772 55613080
1790721207588 55190704 55658772 55613080
1790721207627 55190704 55658772 55613080
1790721207670 55200524 55658772 55613080
1790721207711 55252344 55658772 55613080
1790721207753 55323216 55658772 55613080
1790721207795 55365376 55658772 55613080
1790721207836 55407072 55658772 55613080
1790721207882 55449228 55658772 55613080
1790721207924 55491760 55658772 55613080
1790721207963 55572408 55658772 55613080
1790721208009 55573176 55658772 55613080
1790721208048 55595056 55658772 55613080
1790721208095 55595056 55658772 55613080
1790721208143 55558188 55658772 55613080
1790721208192 55558188 55658772 55613080
1790721208236 55558188 55658772 55613080
1790721208280 55558188 55658772 55613080
1790721208323 55558188 55658772 55613080
1790721208365 55558188 55658772 55613080
1790721208413 55558188 55658772 55613080
1790721208460 55558188 55658772 55613080
1790721208502 55558188 55658772 55613080
1790721208543 55558188 55658772 55613080
1790721208589 55558188 55658772 55613080
1790721208630 55558188 55658772 55613080
1790721208676 55558340 55658772 55613080
1790721208719 55601204 55658772 55613080
1790721208765 55601204 55658772 55613080
1790721208812 55601204 55658772 55613080
1790721208853 55613812 55658772 55613776
1790721208893 55622700 55658772 55622700
1790721208934 55622700 55658772 55622700
1790721208976 55622700 55658772 55622700
1790721209019 55622700 55658772 55622700
1790721209069 55622700 55658772 55622700
1790721209113 55622700 55658772 55622700
1790721209155 55622700 55658772 55622700
1790721209197 55622700 55658772 55622700
1790721209245 55622700 55658772 55622700
1790721209288 55622700 55658772 55622700
1790721209337 55622700 55658772 55622700
1790721209382 55622700 55658772 55622700
1790721209426 55622700 55658772 55622700
1790721209469 55622700 55658772 55622700
1790721209513 55622700 55658772 55622700
1790721209555 55622700 55658772 55622700
1790721209602 55622700 55658772 55622700
1790721209646 55622700 55658772 55622700
1790721209691 55622700 55658772 55622700
1790721209736 55622700 55658772 55622700
1790721209785 55622700 55658772 55622700
1790721209826 55622700 55658772 55622700
1790721209869 55622700 55658772 55622700
1790721209910 55622700 55658772 55622700
1790721209953 55622700 55658772 55622700
1790721209997 55622700 55658772 55622700
1790721210040 55622700 55658772 55622700
1790721210083 55622700 55658772 55622700
1790721210126 55622700 55658772 55622700
1790721210165 55622700 55658772 55622700
1790721210213 55622700 55658772 55622700
1790721210259 55622700 55658772 55622700
1790721210301 55622700 55658772 55622700
1790721210347 55622700 55658772 55622700
1790721210389 55622700 55658772 55622700
1790721210429 55622700 55658772 55622700
1790721210471 55622700 55658772 55622700
1790721210514 55622700 55658772 55622700
1790721210563 55622700 55658772 55622700
1790721210605 55534572 55658772 55613080
1790721210645 55338372 55658772 55613080
1790721210689 55338372 55658772 55613080
1790721210727 55338372 55658772 55613080
1790721210770 55338372 55658772 55613080
1790721210814 55338372 55658772 55613080
1790721210854 55338372 55658772 55613080
1790721210892 55338372 55658772 55613080
1790721210932 55338372 55658772 55613080
1790721210968 55338372 55658772 55613080
1790721211005 55338372 55658772 55613080
1790721211044 55338372 55658772 55613080
1790721211081 55338372 55658772 55613080
1790721211118 55338372 55658772 55613080
1790721211154 55338372 55658772 55613080
1790721211191 55338372 55658772 55613080
1790721211228 55338372 55658772 55613080
1790721211264 55338372 55658772 55613080
1790721211302 55338372 55658772 55613080
1790721211345 55338372 55658772 55613080
1790721211383 55338372 55658772 55613080
1790721211421 55338372 55658772 55613080
1790721211457 55338372 55658772 55613080
1790721211494 55338372 55658772 55613080
1790721211531 55338372 55658772 55613080
1790721211568 55338372 55658772 55613080
1790721211605 55338372 55658772 55613080
1790721211648 55338372 55658772 55613080
1790721211690 55338372 55658772 55613080
1790721211726 55338372 55658772 55613080
1790721211769 55338372 55658772 55613080
1790721211813 55338372 55658772 55613080
1790721211852 55338372 55658772 55613080
1790721211891 55338372 55658772 55613080
1790721211929 55338372 55658772 55613080
1790721211972 55338372 55658772 55613080
1790721212010 55338372 55658772 55613080
1790721212053 55338372 55658772 55613080
1790721212092 55338372 55658772 55613080
1790721212129 55338372 55658772 55613080
1790721212166 55338372 55658772 55613080
1790721212203 55338372 55658772 55613080
1790721212239 55338372 55658772 55613080
1790721212276 55338372 55658772 55613080
1790721212320 55338372 55658772 55613080
1790721212356 55338372 55658772 55613080
1790721212399 55338372 55658772 55613080
1790721212442 55338372 55658772 55613080
1790721212486 55338372 55658772 55613080
1790721212525 55338372 55658772 55613080
1790721212565 55338372 55658772 55613080
1790721212604 55338372 55658772 55613080
1790721212647 55338372 55658772 55613080
1790721212688 55338372 55658772 55613080
1790721212730 55338372 55658772 55613080
1790721212772 55338372 55658772 55613080
1790721212813 55338372 55658772 55613080
1790721212852 55338372 55658772 55613080
1790721212890 55338372 55658772 55613080
1790721212933 55338372 55658772 55613080
1790721212976 55338372 55658772 55613080
1790721213016 55338372 55658772 55613080
1790721213059 55338372 55658772 55613080
1790721213097 55338372 55658772 55613080
1790721213133 55338372 55658772 55613080
1790721213170 55338372 55658772 55613080
1790721213208 55338372 55658772 55613080
1790721213253 55338372 55658772 55613080
1790721213290 55338372 55658772 55613080
1790721213333 55338372 55658772 55613080
1790721213376 55338372 55658772 55613080
1790721213418 55338372 55658772 55613080
1790721213463 55338372 55658772 55613080
1790721213505 55338372 55658772 55613080
1790721213544 55338372 55658772 55613080
1790721213581 55258964 55658772 55613080
1790721213618 55258964 55658772 55613080
1790721213659 55258964 55658772 55613080
1790721213698 55258964 55658772 55613080
1790721213736 55258964 55658772 55613080
1790721213772 55258964 55658772 55613080
1790721213815 55258964 55658772 55613080
1790721213854 55258964 55658772 55613080
1790721213889 55258964 55658772 55613080
1790721213930 55326452 55658772 55613080
1790721213967 55366928 55658772 55613080
1790721214005 55405772 55658772 55613080
1790721214049 55443996 55658772 55613080
1790721214088 55482752 55658772 55613080
1790721214130 55566936 55658772 55613080
1790721214176 55572408 55658772 55613080
1790721214222 55572796 55658772 55613080
1790721214262 55572796 55658772 55613080
1790721214302 55572796 55658772 55613080
1790721214343 55595056 55658772 55613080
1790721214388 55595056 55658772 55613080
1790721214435 55558188 55658772 55613080
1790721214482 55558188 55658772 55613080
1790721214529 55558188 55658772 55613080
1790721214576 55558188 55658772 55613080
1790721214624 55558188 55658772 55613080
1790721214668 55558188 55658772 55613080
1790721214715 55558188 55658772 55613080
1790721214756 55558188 55658772 55613080
1790721214801 55558188 55658772 55613080
1790721214845 55558188 55658772 55613080
1790721214891 55558188 55658772 55613080
1790721214937 55558188 55658772 55613080
1790721214983 55558188 55658772 55613080
1790721215023 55601204 55658772 55613080
1790721215070 55601204 55658772 55613080
1790721215116 55601204 55658772 55613080
1790721215157 55601204 55658772 55613080
1790721215197 55623108 55658772 55623108
1790721215237 55623108 55658772 55623108
1790721215286 55623108 55658772 55623108
1790721215330 55623108 55658772 55623108
1790721215372 55623108 55658772 55623108
1790721215419 55623108 55658772 55623108
1790721215462 55623108 55658772 55623108
1790721215511 55623108 55658772 55623108
1790721215555 55623108 55658772 55623108
1790721215602 55623108 55658772 55623108
1790721215650 55623108 55658772 55623108
1790721215695 55623108 55658772 55623108
1790721215743 55623108 55658772 55623108
1790721215787 55623108 55658772 55623108
1790721215828 55623108 55658772 55623108
1790721215868 55623108 55658772 55623108
1790721215910 55623108 55658772 55623108
1790721215957 55623108 55658772 55623108
1790721216001 55623108 55658772 55623108
1790721216049 55478060 55658772 55613080
1790721216097 55478060 55658772 55613080
1790721216144 55478060 55658772 55613080
1790721216185 55426584 55658772 55613080
1790721216221 55190704 55658772 55613080
1790721216254 55190704 55658772 55613080
1790721216288 55190704 55658772 55613080
1790721216321 55190704 55658772 55613080
1790721216356 55190704 55658772 55613080
1790721216393 55190704 55658772 55613080
1790721216433 55190704 55658772 55613080
1790721216474 55190704 55658772 55613080
1790721216515 55190704 55658772 55613080
1790721216551 55216920 55658772 55613080
1790721216586 55256188 55658772 55613080
1790721216622 55325876 55658772 55613080
1790721216664 55326168 55658772 55613080
1790721216702 55326168 55658772 55613080
1790721216740 55326740 55658772 55613080
1790721216776 55342860 55658772 55613080
1790721216812 55342860 55658772 55613080
1790721216847 55342860 55658772 55613080
1790721216884 55342860 55658772 55613080
1790721216927 55342860 55658772 55613080
1790721216970 55342860 55658772 55613080
1790721217015 55342860 55658772 55613080
1790721217057 55342860 55658772 55613080
1790721217096 55342860 55658772 55613080
1790721217135 55342860 55658772 55613080
1790721217171 55342860 55658772 55613080
1790721217208 55342860 55658772 55613080
1790721217250 55342860 55658772 55613080
1790721217292 55342860 55658772 55613080
1790721217330 55342860 55658772 55613080
1790721217368 55342860 55658772 55613080
1790721217404 55342860 55658772 55613080
1790721217446 55342860 55658772 55613080
1790721217490 55342860 55658772 55613080
1790721217531 55342860 55658772 55613080
1790721217573 55342860 55658772 55613080
1790721217612 55342860 55658772 55613080
1790721217649 55342860 55658772 55613080
1790721217685 55342860 55658772 55613080
1790721217722 55342860 55658772 55613080
1790721217759 55342860 55658772 55613080
1790721217801 55342860 55658772 55613080
1790721217843 55342860 55658772 55613080
1790721217880 55342860 55658772 55613080
1790721217916 55342860 55658772 55613080
1790721217954 55342860 55658772 55613080
1790721217993 55342860 55658772 55613080
1790721218030 55342860 55658772 55613080
1790721218066 55342860 55658772 55613080
1790721218103 55342860 55658772 55613080
1790721218146 55342860 55658772 55613080
1790721218182 55342860 55658772 55613080
1790721218224 55342860 55658772 55613080
1790721218266 55342860 55658772 55613080
1790721218308 55342860 55658772 55613080
1790721218352 55342860 55658772 55613080
1790721218391 55342860 55658772 55613080
1790721218428 55342860 55658772 55613080
1790721218466 55342860 55658772 55613080
1790721218502 55342860 55658772 55613080
1790721218541 55342860 55658772 55613080
1790721218583 55342860 55658772 55613080
1790721218622 55342860 55658772 55613080
1790721218664 55342860 55658772 55613080
1790721218705 55342860 55658772 55613080
1790721218747 55342860 55658772 55613080
1790721218785 55342860 55658772 55613080
1790721218822 55342860 55658772 55613080
1790721218860 55342860 55658772 55613080
1790721218897 55342860 55658772 55613080
1790721218933 55342860 55658772 55613080
1790721218972 55342860 55658772 55613080
1790721219008 55342860 55658772 55613080
1790721219050 55342860 55658772 55613080
1790721219093 55342860 55658772 55613080
1790721219131 55342860 55658772 55613080
1790721219167 55342860 55658772 55613080
1790721219206 55342860 55658772 55613080
1790721219243 55342860 55658772 55613080
1790721219279 55342860 55658772 55613080
1790721219314 55342860 55658772 55613080
1790721219352 55342860 55658772 55613080
1790721219388 55342860 55658772 55613080
1790721219425 55342860 55658772 55613080
1790721219462 55342860 55658772 55613080
1790721219496 55342860 55658772 55613080
1790721219538 55342860 55658772 55613080
1790721219581 55342860 55658772 55613080
1790721219623 55342860 55658772 55613080
1790721219662 55342860 55658772 55613080
1790721219704 55342860 55658772 55613080
1790721219744 55342860 55658772 55613080
1790721219785 55342860 55658772 55613080
1790721219831 55342860 55658772 55613080
1790721219875 55342860 55658772 55613080
1790721219919 55327476 55658772 55613080
1790721219962 55239084 55658772 55613080
1790721220005 55239084 55658772 55613080
1790721220048 55239084 55658772 55613080
1790721220087 55239084 55658772 55613080
1790721220124 55239084 55658772 55613080
1790721220165 55239084 55658772 55613080
1790721220201 55239084 55658772 55613080
1790721220243 55239084 55658772 55613080
1790721220279 55277220 55658772 55613080
1790721220316 55355568 55658772 55613080
1790721220353 55397060 55658772 55613080
1790721220396 55438208 55658772 55613080
1790721220441 55479608 55658772 55613080
1790721220479 55549388 55658772 55613080
1790721220518 55572408 55658772 55613080
1790721220564 55591844 55658772 55613080
1790721220603 55595056 55658772 55613080
1790721220643 55595056 55658772 55613080
1790721220686 55558188 55658772 55613080
1790721220727 55558188 55658772 55613080
1790721220769 55558188 55658772 55613080
1790721220810 55558188 55658772 55613080
1790721220851 55558188 55658772 55613080
1790721220892 55558188 55658772 55613080
1790721220932 55558188 55658772 55613080
1790721220981 55558188 55658772 55613080
1790721221020 55558188 55658772 55613080
1790721221067 55558188 55658772 55613080
1790721221108 55558188 55658772 55613080
1790721221148 55558188 55658772 55613080
1790721221195 55558188 55658772 55613080
1790721221235 55601204 55658772 55613080
1790721221282 55601204 55658772 55613080
1790721221324 55601204 55658772 55613080
1790721221365 55601204 55658772 55613080
1790721221406 55601204 55658772 55613080
1790721221448 55623108 55658772 55623108
1790721221496 55623108 55658772 55623108
1790721221543 55623108 55658772 55623108
1790721221592 55623108 55658772 55623108
1790721221640 55623108 55658772 55623108
1790721221687 55623108 55658772 55623108
1790721221731 55623108 55658772 55623108
1790721221778 55623108 55658772 55623108
1790721221820 55623108 55658772 55623108
1790721221868 55623108 55658772 55623108
1790721221917 55623108 55658772 55623108
1790721221961 55623108 55658772 55623108
1790721222003 55623108 55658772 55623108
1790721222044 55623108 55658772 55623108
1790721222091 55623108 55658772 55623108
1790721222137 55623108 55658772 55623108
1790721222183 55623108 55658772 55623108
1790721222228 55623108 55658772 55623108
1790721222275 55623108 55658772 55623108
1790721222319 55552172 55658772 55613080
1790721222363 55552172 55658772 55613080
1790721222411 55487996 55658772 55613080
1790721222453 55487996 55658772 55613080
1790721222499 55487996 55658772 55613080
1790721222542 55487996 55658772 55613080
1790721222585 55487996 55658772 55613080
1790721222631 55487996 55658772 55613080
1790721222678 55487996 55658772 55613080
1790721222720 55487996 55658772 55613080
1790721222766 55487996 55658772 55613080
1790721222813 55487996 55658772 55613080
1790721222855 55487996 55658772 55613080
1790721222896 55487996 55658772 55613080
1790721222944 55487996 55658772 55613080
1790721222992 55487996 55658772 55613080
1790721223035 55487996 55658772 55613080
1790721223083 55487996 55658772 55613080
1790721223124 55487996 55658772 55613080
1790721223172 55346408 55658772 55613080
1790721223213 55190704 55658772 55613080
1790721223250 55190704 55658772 55613080
1790721223288 55190704 55658772 55613080
1790721223329 55190704 55658772 55613080
1790721223363 55190704 55658772 55613080
1790721223401 55190704 55658772 55613080
1790721223435 55190704 55658772 55613080
1790721223472 55190704 55658772 55613080
1790721223512 55190704 55658772 55613080
1790721223552 55190704 55658772 55613080
1790721223590 55190704 55658772 55613080
1790721223631 55190704 55658772 55613080
1790721223665 55190704 55658772 55613080
1790721223707 55190704 55658772 55613080
1790721223744 55190704 55658772 55613080
1790721223780 55190704 55658772 55613080
1790721223821 55190704 55658772 55613080
1790721223863 55190704 55658772 55613080
1790721223902 55190704 55658772 55613080
1790721223941 55190704 55658772 55613080
1790721223980 55190704 55658772 55613080
1790721224016 55190704 55658772 55613080
1790721224049 55190704 55658772 55613080
1790721224083 55190704 55658772 55613080
1790721224124 55190704 55658772 55613080
1790721224164 55190704 55658772 55613080
1790721224201 55190704 55658772 55613080
1790721224242 55190704 55658772 55613080
1790721224281 55190704 55658772 55613080
1790721224318 55190704 55658772 55613080
1790721224353 55190704 55658772 55613080
1790721224388 55190704 55658772 55613080
1790721224429 55190704 55658772 55613080
1790721224471 55190704 55658772 55613080
1790721224509 55190704 55658772 55613080
1790721224548 55190704 55658772 55613080
1790721224587 55190704 55658772 55613080
1790721224626 55190704 55658772 55613080
1790721224666 55190704 55658772 55613080
1790721224706 55190704 55658772 55613080
1790721224745 55190704 55658772 55613080
1790721224779 55190704 55658772 55613080
1790721224819 55190704 55658772 55613080
1790721224859 55190704 55658772 55613080
1790721224898 55190704 55658772 55613080
1790721224931 55190704 55658772 55613080
1790721224970 55190704 55658772 55613080
1790721225008 55190704 55658772 55613080
1790721225044 55190704 55658772 55613080
1790721225085 55190704 55658772 55613080
1790721225127 55190704 55658772 55613080
1790721225164 55190704 55658772 55613080
1790721225200 55190704 55658772 55613080
1790721225239 55190704 55658772 55613080
1790721225280 55190704 55658772 55613080
1790721225320 55190704 55658772 55613080
1790721225358 55190704 55658772 55613080
1790721225397 55190704 55658772 55613080
1790721225437 55190704 55658772 55613080
1790721225476 55190704 55658772 55613080
1790721225515 55190704 55658772 55613080
1790721225550 55190704 55658772 55613080
1790721225585 55190704 55658772 55613080
1790721225621 55190704 55658772 55613080
1790721225656 55190704 55658772 55613080
1790721225691 55190704 55658772 55613080
1790721225728 55190704 55658772 55613080
1790721225769 55190704 55658772 55613080
1790721225809 55190704 55658772 55613080
1790721225846 55190704 55658772 55613080
1790721225884 55190704 55658772 55613080
1790721225924 55190704 55658772 55613080
1790721225962 55190704 55658772 55613080
1790721225999 55190704 55658772 55613080
1790721226035 55190704 55658772 55613080
1790721226076 55190704 55658772 55613080
1790721226119 55190704 55658772 55613080
1790721226159 55190704 55658772 55613080
1790721226202 55190704 55658772 55613080
1790721226239 55190704 55658772 55613080
1790721226278 55190704 55658772 55613080
1790721226318 55190704 55658772 55613080
1790721226358 55190704 55658772 55613080
1790721226396 55190704 55658772 55613080
1790721226434 55190704 55658772 55613080
1790721226475 55237288 55658772 55613080
1790721226512 55288880 55658772 55613080
1790721226539 55354736 55658772 55613080
1790721226578 55391676 55658772 55613080
1790721226604 55431556 55658772 55613080
1790721226647 55470976 55658772 55613080
1790721226685 55528908 55658772 55613080
1790721226731 55572412 55658772 55613080
1790721226775 55595060 55658772 55613080
1790721226821 55595060 55658772 55613080
1790721226869 55595060 55658772 55613080
1790721226916 55558192 55658772 55613080
1790721226963 55558192 55658772 55613080
1790721227010 55558192 55658772 55613080
1790721227056 55558192 55658772 55613080
1790721227104 55558192 55658772 55613080
1790721227151 55558192 55658772 55613080
1790721227199 55558192 55658772 55613080
1790721227244 55558192 55658772 55613080
1790721227291 55558192 55658772 55613080
1790721227335 55558192 55658772 55613080
1790721227381 55558192 55658772 55613080
1790721227428 55601208 55658772 55613080
1790721227474 55601208 55658772 55613080
1790721227521 55601208 55658772 55613080
1790721227565 55617968 55658772 55617968
1790721227612 55623108 55658772 55623108
1790721227657 55623108 55658772 55623108
1790721227702 55623108 55658772 55623108
1790721227750 55623108 55658772 55623108
1790721227796 55623108 55658772 55623108
1790721227844 55623108 55658772 55623108
1790721227892 55623108 55658772 55623108
1790721227939 55623108 55658772 55623108
1790721227986 55623108 55658772 55623108
1790721228032 55623108 55658772 55623108
1790721228078 55623108 55658772 55623108
1790721228125 55623108 55658772 55623108
1790721228168 55623108 55658772 55623108
1790721228213 55623108 55658772 55623108
1790721228258 55623108 55658772 55623108
1790721228305 55623108 55658772 55623108
1790721228351 55623108 55658772 55623108
1790721228399 55623108 55658772 55623108
1790721228446 55560580 55658772 55613080
1790721228495 55560580 55658772 55613080
1790721228542 55560580 55658772 55613080
1790721228589 55560580 55658772 55613080
1790721228636 55560580 55658772 55613080
1790721228684 55560580 55658772 55613080
1790721228730 55560580 55658772 55613080
1790721228775 55560580 55658772 55613080
1790721228822 55560580 55658772 55613080
1790721228869 55560580 55658772 55613080
1790721228914 55560580 55658772 55613080
1790721228960 55560580 55658772 55613080
1790721229006 55560580 55658772 55613080
1790721229051 55560580 55658772 55613080
1790721229098 55560580 55658772 55613080
1790721229144 55560580 55658772 55613080
1790721229191 55560580 55658772 55613080
1790721229238 55560580 55658772 55613080
1790721229285 55560580 55658772 55613080
1790721229333 55442572 55658772 55613080
1790721229378 55442572 55658772 55613080
1790721229424 55313272 55658772 55613080
1790721229463 55190704 55658772 55613080
1790721229503 55190704 55658772 55613080
1790721229540 55190704 55658772 55613080
1790721229579 55190704 55658772 55613080
1790721229619 55190704 55658772 55613080
1790721229660 55190704 55658772 55613080
1790721229698 55190704 55658772 55613080
1790721229732 55190704 55658772 55613080
1790721229769 55190704 55658772 55613080
1790721229806 55190704 55658772 55613080
1790721229843 55190704 55658772 55613080
1790721229881 55190704 55658772 55613080
1790721229917 55190704 55658772 55613080
1790721229953 55190704 55658772 55613080
1790721229989 55190704 55658772 55613080
1790721230031 55190704 55658772 55613080
1790721230071 55190704 55658772 55613080
1790721230111 55190704 55658772 55613080
1790721230153 55190704 55658772 55613080
1790721230192 55190704 55658772 55613080
1790721230233 55190704 55658772 55613080
1790721230273 55190704 55658772 55613080
1790721230309 55190704 55658772 55613080
1790721230347 55190704 55658772 55613080
1790721230384 55190704 55658772 55613080
1790721230419 55190704 55658772 55613080
1790721230454 55190704 55658772 55613080
1790721230489 55190704 55658772 55613080
1790721230530 55190704 55658772 55613080
1790721230565 55190704 55658772 55613080
1790721230602 55190704 55658772 55613080
1790721230638 55190704 55658772 55613080
1790721230678 55190704 55658772 55613080
1790721230717 55190704 55658772 55613080
1790721230756 55190704 55658772 55613080
1790721230796 55190704 55658772 55613080
1790721230838 55190704 55658772 55613080
1790721230878 55190704 55658772 55613080
1790721230914 55190704 55658772 55613080
1790721230949 55190704 55658772 55613080
1790721230990 55190704 55658772 55613080
1790721231028 55190704 55658772 55613080
1790721231067 55190704 55658772 55613080
1790721231108 55190704 55658772 55613080
1790721231143 55190704 55658772 55613080
1790721231182 55190704 55658772 55613080
1790721231223 55190704 55658772 55613080
1790721231259 55190704 55658772 55613080
1790721231295 55190704 55658772 55613080
1790721231328 55190704 55658772 55613080
1790721231366 55190704 55658772 55613080
1790721231403 55190704 55658772 55613080
1790721231440 55190704 55658772 55613080
1790721231478 55190704 55658772 55613080
1790721231518 55190704 55658772 55613080
1790721231557 55190704 55658772 55613080
1790721231596 55190704 55658772 55613080
1790721231631 55190704 55658772 55613080
1790721231671 55190704 55658772 55613080
1790721231711 55190704 55658772 55613080
1790721231746 55190704 55658772 55613080
1790721231782 55190704 55658772 55613080
1790721231820 55190704 55658772 55613080
1790721231858 55190704 55658772 55613080
1790721231899 55190704 55658772 55613080
1790721231938 55190704 55658772 55613080
1790721231976 55190704 55658772 55613080
1790721232013 55190704 55658772 55613080
1790721232053 55190704 55658772 55613080
1790721232089 55190704 55658772 55613080
1790721232127 55190704 55658772 55613080
1790721232163 55190704 55658772 55613080
1790721232199 55190704 55658772 55613080
1790721232239 55190704 55658772 55613080
1790721232281 55190704 55658772 55613080
1790721232317 55190704 55658772 55613080
1790721232353 55190704 55658772 55613080
1790721232394 55190704 55658772 55613080
1790721232430 55190704 55658772 55613080
1790721232463 55190704 55658772 55613080
1790721232499 55190704 55658772 55613080
1790721232537 55190704 55658772 55613080
1790721232574 55190704 55658772 55613080
1790721232614 55190704 55658772 55613080
1790721232651 55229304 55658772 55613080
1790721232677 55277676 55658772 55613080
1790721232718 55344968 55658772 55613080
1790721232757 55383620 55658772 55613080
1790721232801 55422688 55658772 55613080
1790721232828 55460820 55658772 55613080
1790721232867 55506640 55658772 55613080
1790721232907 55572412 55658772 55613080
1790721232954 55585844 55658772 55613080
1790721232995 55595060 55658772 55613080
1790721233041 55595060 55658772 55613080
1790721233088 55558192 55658772 55613080
1790721233135 55558192 55658772 55613080
1790721233183 55558192 55658772 55613080
1790721233230 55558192 55658772 55613080
1790721233279 55558192 55658772 55613080
1790721233327 55558192 55658772 55613080
1790721233375 55558192 55658772 55613080
1790721233422 55558192 55658772 55613080
1790721233469 55558192 55658772 55613080
1790721233515 55558192 55658772 55613080
1790721233561 55558192 55658772 55613080
1790721233607 55558192 55658772 55613080
1790721233652 55601208 55658772 55613080
1790721233699 55601208 55658772 55613080
1790721233741 55601208 55658772 55613080
1790721233784 55623108 55658772 55623108
1790721233832 55623108 55658772 55623108
1790721233878 55623108 55658772 55623108
1790721233927 55623108 55658772 55623108
1790721233973 55623108 55658772 55623108
1790721234020 55623108 55658772 55623108
1790721234067 55623108 55658772 55623108
1790721234115 55623108 55658772 55623108
1790721234165 55623108 55658772 55623108
1790721234211 55623108 55658772 55623108
1790721234262 55623108 55658772 55623108
1790721234305 55623108 55658772 55623108
1790721234346 55623108 55658772 55623108
1790721234388 55623108 55658772 55623108
1790721234434 55623108 55658772 55623108
1790721234480 55623108 55658772 55623108
1790721234524 55623108 55658772 55623108
1790721234570 55623108 55658772 55623108
1790721234617 55623108 55658772 55623108
1790721234664 55552176 55658772 55613080
1790721234712 55552176 55658772 55613080
1790721234759 55552176 55658772 55613080
1790721234807 55552176 55658772 0
1790721234854 55552176 55658772 55613080
1790721234899 55552176 55658772 55613080
1790721234943 55552176 55658772 55613080
1790721234989 55552176 55658772 55613080
1790721235034 55552176 55658772 55613080
1790721235080 55552176 55658772 55613080
1790721235125 55552176 55658772 55613080
1790721235171 55552176 55658772 55613080
1790721235219 55552176 55658772 55613080
1790721235268 55552176 55658772 55613080
1790721235317 55552176 55658772 55613080
1790721235365 55552176 55658772 55613080
1790721235412 55552176 55658772 55613080
1790721235460 55552176 55658772 55613080
1790721235509 55552176 55658772 55613080
1790721235555 55552176 55658772 55613080
1790721235603 55552176 55658772 55613080
1790721235645 55552176 55658772 55613080
1790721235691 55552176 55658772 55613080
1790721235736 55552176 55658772 55613080
1790721235782 55552176 55658772 55613080
1790721235827 55552176 55658772 55613080
1790721235874 55552176 55658772 55613080
1790721235920 55552176 55658772 55613080
1790721235968 55552176 55658772 55613080
1790721236011 55552176 55658772 55613080
1790721236057 55552176 55658772 55613080
1790721236105 55552176 55658772 55613080
1790721236150 55552176 55658772 55613080
1790721236194 55552176 55658772 55613080
1790721236241 55552176 55658772 55613080
1790721236286 55552176 55658772 55613080
1790721236334 55552176 55658772 55613080
1790721236380 55552176 55658772 55613080
1790721236421 55552176 55658772 55613080
1790721236466 55552176 55658772 55613080
1790721236511 55552176 55658772 55613080
1790721236558 55552176 55658772 55613080
1790721236603 55552176 55658772 55613080
1790721236649 55552176 55658772 55613080
1790721236697 55552176 55658772 55613080
1790721236738 55552176 55658772 55613080
1790721236784 55552176 55658772 55613080
1790721236831 55552176 55658772 55613080
1790721236876 55552176 55658772 55613080
1790721236920 55552176 55658772 55613080
1790721236966 55552176 55658772 55613080
1790721237007 55552176 55658772 55613080
1790721237054 55552176 55658772 55613080
1790721237100 55552176 55658772 55613080
1790721237146 55552176 55658772 55613080
1790721237188 55552176 55658772 55613080
1790721237229 55552176 55658772 55613080
1790721237275 55552176 55658772 55613080
1790721237323 55552176 55658772 55613080
1790721237369 55552176 55658772 55613080
1790721237410 55552176 55658772 55613080
1790721237456 55552176 55658772 55613080
1790721237502 55552176 55658772 55613080
1790721237549 55552176 55658772 55613080
1790721237590 55552176 55658772 55613080
1790721237636 55552176 55658772 55613080
1790721237685 55552176 55658772 55613080
1790721237730 55552176 55658772 55613080
1790721237777 55552176 55658772 55613080
1790721237822 55552176 55658772 55613080
1790721237867 55552176 55658772 55613080
1790721237910 55552176 55658772 55613080
1790721237956 55552176 55658772 55613080
1790721238004 55552176 55658772 55613080
1790721238052 55552176 55658772 55613080
1790721238099 55552176 55658772 55613080
1790721238146 55552176 55658772 55613080
1790721238192 55552176 55658772 55613080
1790721238239 55552176 55658772 55613080
1790721238281 55552176 55658772 55613080
1790721238326 55552176 55658772 55613080
1790721238374 55552176 55658772 55613080
1790721238420 55552176 55658772 55613080
1790721238467 55552176 55658772 55613080
1790721238511 55552176 55658772 55613080
1790721238555 55552176 55658772 55613080
1790721238595 55552176 55658772 55613080
1790721238640 55552176 55658772 55613080
1790721238685 55552176 55658772 55613080
1790721238730 55552176 55658772 55613080
1790721238775 55552176 55658772 55613080
1790721238821 55576948 55658772 55613080
1790721238867 55576948 55658772 55613080
1790721238914 55576948 55658772 55613080
1790721238961 55576948 55658772 55613080
1790721239009 55594388 55658772 55613080
1790721239052 55540204 55658772 55613080
1790721239098 55540204 55658772 55613080
1790721239144 55540204 55658772 55613080
1790721239191 55540204 55658772 55613080
1790721239238 55540204 55658772 55613080
1790721239285 55540204 55658772 55613080
1790721239333 55540204 55658772 55613080
1790721239380 55540204 55658772 55613080
1790721239428 55540204 55658772 55613080
1790721239473 55540204 55658772 55613080
1790721239518 55540204 55658772 55613080
1790721239565 55540204 55658772 55613080
1790721239611 55540204 55658772 55613080
1790721239657 55540204 55658772 55613080
1790721239703 55600056 55658772 55613080
1790721239751 55600056 55658772 55613080
1790721239795 55600444 55658772 55613080
1790721239838 55601208 55658772 55613080
1790721239887 55622704 55658772 55622704
1790721239934 55622704 55658772 55622704
1790721239981 55622704 55658772 55622704
1790721240028 55622704 55658772 55622704
1790721240075 55622704 55658772 55622704
1790721240124 55622704 55658772 55622704
1790721240171 55622704 55658772 55622704
1790721240221 55622704 55658772 55622704
1790721240268 55622704 55658772 55622704
1790721240319 55622704 55658772 55622704
1790721240364 55622704 55658772 55622704
1790721240406 55622704 55658772 55622704
1790721240449 55622704 55658772 55622704
1790721240496 55622704 55658772 55622704
1790721240543 55622704 55658772 55622704
1790721240589 55622704 55658772 55622704
1790721240636 55622704 55658772 55622704
1790721240684 55622704 55658772 55622704
1790721240733 55622704 55658772 55622704
1790721240782 55622704 55658772 55622704
1790721240830 55622704 55658772 55622704
1790721240877 55622704 55658772 55622704
1790721240923 55622704 55658772 55622704
1790721240969 55622704 55658772 55622704
1790721241016 55622704 55658772 55622704
1790721241063 55622704 55658772 55622704
1790721241110 55622704 55658772 55622704
1790721241157 55622704 55658772 55622704
1790721241200 55622704 55658772 55622704
1790721241243 55622704 55658772 55622704
1790721241286 55622704 55658772 55622704
1790721241333 55622704 55658772 55622704
1790721241381 55622704 55658772 55622704
1790721241430 55622704 55658772 55622704
1790721241479 55622704 55658772 55622704
1790721241526 55622704 55658772 55622704
1790721241572 55544880 55658772 55613080
1790721241619 55544880 55658772 55613080
1790721241663 55544880 55658772 55613080
1790721241704 55544880 55658772 55613080
1790721241749 55544880 55658772 55613080
1790721241791 55544880 55658772 55613080
1790721241837 55544880 55658772 55613080
1790721241879 55544880 55658772 55613080
1790721241926 55544880 55658772 55613080
1790721241975 55544880 55658772 55613080
1790721242016 55544880 55658772 55613080
1790721242061 55544880 55658772 55613080
1790721242108 55544880 55658772 55613080
1790721242154 55544880 55658772 55613080
1790721242197 55544880 55658772 55613080
1790721242244 55544880 55658772 55613080
1790721242287 55544880 55658772 55613080
1790721242334 55544880 55658772 55613080
1790721242380 55544880 55658772 55613080
1790721242425 55544880 55658772 55613080
1790721242467 55544880 55658772 55613080
1790721242513 55544880 55658772 55613080
1790721242560 55544880 55658772 55613080
1790721242607 55544880 55658772 55613080
1790721242649 55544880 55658772 55613080
1790721242695 55544880 55658772 55613080
1790721242742 55544880 55658772 55613080
1790721242788 55544880 55658772 55613080
1790721242831 55544880 55658772 55613080
1790721242877 55544880 55658772 55613080
1790721242925 55544880 55658772 55613080
1790721242972 55544880 55658772 55613080
1790721243017 55544880 55658772 55613080
1790721243058 55544880 55658772 55613080
1790721243103 55544880 55658772 55613080
1790721243145 55544880 55658772 55613080
1790721243189 55544880 55658772 55613080
1790721243234 55544880 55658772 55613080
1790721243275 55544880 55658772 55613080
1790721243318 55544880 55658772 55613080
1790721243363 55544880 55658772 55613080
1790721243409 55544880 55658772 55613080
1790721243456 55544880 55658772 55613080
1790721243498 55544880 55658772 55613080
1790721243544 55544880 55658772 55613080
1790721243590 55544880 55658772 55613080
1790721243636 55544880 55658772 55613080
1790721243679 55544880 55658772 55613080
1790721243725 55544880 55658772 55613080
1790721243765 55544880 55658772 55613080
1790721243812 55544880 55658772 55613080
1790721243857 55544880 55658772 55613080
1790721243903 55544880 55658772 55613080
1790721243946 55544880 55658772 55613080
1790721243991 55544880 55658772 55613080
1790721244038 55544880 55658772 55613080
1790721244086 55544880 55658772 55613080
1790721244129 55544880 55658772 55613080
1790721244175 55544880 55658772 55613080
1790721244220 55544880 55658772 55613080
1790721244262 55544880 55658772 55613080
1790721244304 55544880 55658772 55613080
1790721244348 55544880 55658772 55613080
1790721244395 55544880 55658772 55613080
1790721244441 55544880 55658772 55613080
1790721244483 55544880 55658772 55613080
1790721244533 55544880 55658772 55613080
1790721244578 55544880 55658772 55613080
1790721244620 55544880 55658772 55613080
1790721244667 55544880 55658772 55613080
1790721244712 55544880 55658772 55613080
1790721244756 55544880 55658772 55613080
1790721244803 55544880 55658772 55613080
1790721244848 55575480 55658772 55613080
1790721244890 55575480 55658772 55613080
1790721244936 55575480 55658772 55613080
1790721244984 55575480 55658772 55613080
1790721245030 55594424 55658772 55613080
1790721245072 55596976 55658772 55613080
1790721245119 55596976 55658772 55613080
1790721245166 55596976 55658772 55613080
1790721245215 55596976 55658772 55613080
1790721245262 55596976 55658772 55613080
1790721245311 55596976 55658772 55613080
1790721245358 55596976 55658772 55613080
1790721245406 55596976 55658772 55613080
1790721245448 55596976 55658772 55613080
1790721245496 55596976 55658772 55613080
1790721245544 55596976 55658772 55613080
1790721245589 55596976 55658772 55613080
1790721245636 55596976 55658772 55613080
1790721245684 55603128 55658772 55613080
1790721245728 55603128 55658772 55613080
1790721245771 55603128 55658772 55613080
1790721245819 55603128 55658772 55613080
1790721245863 55615408 55658772 55615408
1790721245908 55624624 55658776 55624624
1790721245956 55624624 55658776 55624624
1790721246005 55624624 55658776 55624624
1790721246053 55624624 55658776 55624624
1790721246101 55624624 55658776 55624624
1790721246149 55624624 55658776 55624624
1790721246197 55624624 55658776 55624624
1790721246246 55624624 55658776 55624624
1790721246295 55624624 55658776 55624624
1790721246342 55624624 55658776 55624624
1790721246384 55624624 55658776 55624624
1790721246428 55624624 55658776 55624624
1790721246471 55624624 55658776 55624624
1790721246517 55624624 55658776 55624624
1790721246564 55624624 55658776 55624624
1790721246607 55624624 55658776 55624624
1790721246654 55624624 55658776 55624624
1790721246703 55624624 55658776 55624624
1790721246749 55601692 55658776 55613080
1790721246798 55544880 55658776 55613080
# peak_kb=55624624
# hwm_kb=55624624
# frozen_ms=0
# polled_vs_hwm_pct=0promille
