1786513942611 56
1786513942706 48
1786513942792 50
1786513942882 50
1786513942971 45
1786513943055 48
1786513943141 48
1786513943229 47
1786513943316 49
1786513943403 49
1786513943493 52
1786513943585 53
1786513943679 54
1786513943774 53
1786513943868 54
1786513943962 53
1786513944057 53
1786513944152 55
1786513944249 56
1786513944345 55
1786513944442 52
1786513944537 55
1786513944624 58
1786513944723 54
1786513944820 56
1786513944919 56
1786513945019 56
1786513945108 59
1786513945211 56
1786513945311 57
1786513945412 58
1786513945514 59
1786513945606 60
1786513945712 60
1786513945816 62
1786513945921 60
1786513946029 64
1786513946127 59
1786513946237 64
1786513946351 61
1786513946460 63
1786513946570 64
1786513946669 60
1786513946778 68
1786513946897 65
1786513947011 65
1786513947112 37
1786513947201 69
1786513947323 69
1786513947431 65
1786513947548 67
1786513947668 68
1786513947775 36
1786513947863 70
1786513947971 68
1786513948094 72
1786513948204 38
1786513948296 74
1786513948410 69
1786513948534 76
1786513948648 37
1786513948745 74
1786513948856 74
1786513948987 74
1786513949101 40
1786513949200 77
1786513949317 73
1786513949445 78
1786513949563 41
1786513949661 75
1786513949776 76
1786513949910 79
1786513950030 76
1786513950165 82
1786513950288 40
1786513950369 79
1786513950509 82
1786513950632 40
1786513950734 82
1786513950857 43
1786513950963 83
1786513951088 84
1786513951234 86
1786513951362 41
1786513951446 86
1786513951598 84
1786513951726 87
1786513951875 88
1786513952005 44
1786513952093 85
1786513952244 45
1786513952335 92
1786513952495 91
1786513952630 45
1786513952719 90
1786513952875 89
1786513953008 45
1786513953099 93
1786513953258 43
1786513953348 94
1786513953489 93
1786513953652 96
1786513953795 93
1786513953958 94
1786513954100 93
1786513954263 95
1786513954428 95
1786513954569 92
1786513954734 95
1786513954876 94
1786513955041 96
1786513955183 95
1786513955348 94
1786513955488 94
1786513955653 96
1786513955796 92
1786513955960 94
1786513956100 46
1786513956219 98
1786513956364 45
1786513956481 103
1786513956630 95
1786513956796 97
1786513956939 47
1786513957059 99
1786513957206 49
1786513957328 100
1786513957476 46
1786513957594 99
1786513957738 49
1786513957860 97
1786513958005 47
1786513958125 98
1786513958271 48
1786513958392 100
1786513958540 48
1786513958660 98
1786513958806 44
1786513958923 100
1786513959071 46
1786513959165 99
1786513959337 98
1786513959481 46
1786513959574 95
1786513959742 99
1786513959888 46
1786513960006 100
1786513960153 47
1786513960245 96
1786513960414 100
1786513960562 45
1786513960654 97
1786513960822 98
1786513960965 48
1786513961061 100
1786513961236 101
1786513961384 48
1786513961479 99
1786513961650 49
1786513961745 102
1786513961896 48
1786513962018 101
1786513962166 47
1786513962261 102
1786513962437 49
1786513962533 101
1786513962681 48
1786513962802 100
1786513962948 47
1786513963042 98
1786513963212 47
1786513963307 98
1786513963454 48
1786513963575 100
1786513963723 45
1786513963818 96
1786513963986 48
1786513964083 99
1786513964226 47
1786513964345 100
1786513964492 47
1786513964585 97
1786513964730 48
1786513964854 104
1786513965005 46
1786513965099 100
1786513965271 47
1786513965366 101
1786513965514 49
1786513965610 99
1786513965783 48
1786513965880 102
1786513966029 47
1786513966149 105
1786513966300 47
1786513966395 100
1786513966542 47
1786513966662 102
1786513966810 47
1786513966905 47
1786513967000 101
1786513967172 49
1786513967270 105
1786513967424 49
1786513967519 102
1786513967695 48
1786513967792 103
1786513967944 45
1786513968037 102
1786513968212 47
1786513968308 102
1786513968457 50
1786513968555 48
1786513968678 104
1786513968829 48
1786513968925 102
1786513969076 49
1786513969200 105
1786513969353 47
1786513969447 47
1786513969543 101
1786513969718 51
1786513969819 104
1786513969970 49
1786513970067 46
1786513970190 103
1786513970340 48
1786513970436 47
1786513970531 102
1786513970708 49
1786513970806 104
1786513970957 47
1786513971054 100
1786513971227 50
1786513971327 49
1786513971424 105
1786513971578 48
1786513971702 106
1786513971897 48
1786513971994 48
1786513972134 48
1786513972230 103
1786513972407 49
1786513972506 49
1786513972645 49
1786513972744 107
1786513972939 48
1786513973037 50
1786513973163 50
1786513973263 109
1786513973458 49
1786513973556 48
1786513973694 50
1786513973793 105
1786513973972 49
1786513974070 49
1786513974169 50
1786513974267 48
1786513974365 105
1786513974559 51
1786513974659 49
1786513974784 49
1786513974884 109
1786513975083 47
1786513975180 50
1786513975320 50
1786513975420 106
1786513975599 50
1786513975698 47
1786513975795 49
1786513975893 49
1786513975993 107
1786513976148 48
1786513976246 48
1786513976344 48
1786513976471 110
1786513976631 46
1786513976726 48
1786513976823 107
1786513977021 51
1786513977120 49
1786513977247 51
1786513977348 107
1786513977546 50
1786513977646 51
1786513977788 50
1786513977889 106
1786513978071 51
1786513978172 49
1786513978313 50
1786513978414 110
1786513978614 49
1786513978714 49
1786513978842 50
1786513978943 111
1786513979143 50
1786513979242 49
1786513979384 51
1786513979485 110
1786513979672 51
1786513979773 50
1786513979914 50
1786513980015 109
1786513980216 51
1786513980318 50
1786513980448 50
1786513980549 111
1786513980753 48
1786513980851 48
1786513980992 49
1786513981091 111
1786513981321 51
1786513981423 51
1786513981566 110
1786513981808 49
1786513981992 111
1786513982222 51
1786513982325 50
1786513982468 114
1786513982716 52
1786513982904 111
1786513983132 51
1786513983234 48
1786513983375 112
1786513983622 50
1786513983806 108
1786513984035 51
1786513984139 51
1786513984284 113
1786513984531 49
1786513984716 112
1786513984949 52
1786513985051 51
1786513985195 114
1786513985441 49
1786513985627 111
1786513985860 52
1786513985962 50
1786513986108 113
1786513986359 52
1786513986546 115
1786513986785 51
1786513986970 117
1786513987225 53
1786513987414 117
1786513987653 52
1786513987758 50
1786513987903 117
1786513988148 50
1786513988334 114
1786513988570 52
1786513988674 52
1786513988823 117
1786513989034 49
1786513989134 52
1786513989281 51
1786513989384 117
1786513989582 52
1786513989684 51
1786513989788 50
1786513989935 115
1786513990146 53
1786513990251 50
1786513990398 51
1786513990502 118
1786513990702 53
1786513990808 53
1786513990912 51
1786513991015 118
1786513991229 52
1786513991335 56
1786513991488 51
1786513991593 117
1786513991794 56
1786513991905 53
1786513992012 51
1786513992159 123
1786513992334 52
1786513992439 52
1786513992544 52
1786513992649 53
1786513992754 119
1786513992955 52
1786513993061 53
1786513993211 52
1786513993316 120
1786513993530 53
1786513993634 52
1786513993786 53
1786513993890 52
1786513994023 55
1786513994131 120
1786513994346 52
1786513994450 51
1786513994599 53
1786513994705 51
1786513994809 52
1786513994913 121
1786513995174 52
1786513995309 53
1786513995415 52
1786513995564 54
1786513995670 120
1786513995886 52
1786513995992 53
1786513996142 52
1786513996246 52
1786513996397 51
1786513996502 120
1786513996705 53
1786513996811 53
1786513996961 53
1786513997068 53
1786513997174 52
1786513997324 128
1786513997505 54
1786513997613 53
1786513997765 53
1786513997871 52
1786513998007 54
1786513998115 122
1786513998292 52
1786513998442 53
1786513998547 51
1786513998651 51
1786513998755 53
1786513998862 52
1786513998967 125
1786513999234 53
1786513999374 53
1786513999480 52
1786513999630 53
1786513999737 127
1786513999918 54
1786514000025 54
1786514000177 54
1786514000284 54
1786514000392 54
1786514000544 123
1786514000752 55
1786514000862 53
1786514000969 54
1786514001078 53
1786514001186 55
1786514001296 53
1786514001403 123
1786514001580 53
1786514001688 55
1786514001798 54
1786514001951 52
1786514002089 54
1786514002197 127
1786514002379 55
1786514002487 54
1786514002595 54
1786514002749 54
1786514002857 53
1786514003010 126
1786514003189 55
1786514003297 55
1786514003437 56
1786514003548 54
1786514003703 54
1786514003811 127
1786514003992 54
1786514004146 54
1786514004254 55
1786514004363 54
1786514004518 53
1786514004625 124
1786514004833 53
1786514004941 53
1786514005094 56
1786514005205 54
1786514005313 52
1786514005465 126
1786514005692 52
1786514005799 56
1786514005908 53
1786514006063 53
1786514006205 56
1786514006315 125
1786514006493 55
1786514006603 55
1786514006713 55
1786514006824 56
1786514006936 54
1786514007045 55
1786514007154 125
1786514007334 53
1786514007441 53
1786514007550 55
1786514007693 56
1786514007804 54
1786514007913 54
1786514008068 134
1786514008300 54
1786514008409 55
1786514008565 54
1786514008675 53
1786514008875 132
1786514009060 54
1786514009216 55
1786514009360 56
1786514009471 55
1786514009580 55
1786514009690 129
1786514009921 55
1786514010030 52
1786514010137 57
1786514010295 55
1786514010405 54
1786514010515 133
1786514010748 54
1786514010858 55
1786514011000 54
1786514011110 55
1786514011220 55
1786514011377 133
1786514011565 53
1786514011674 54
1786514011830 53
1786514011940 55
1786514012051 55
1786514012163 55
1786514012274 135
1786514012464 53
1786514012572 56
1786514012717 55
1786514012828 55
1786514012939 55
1786514013098 132
1786514013284 54
1786514013394 57
1786514013555 56
1786514013668 55
1786514013779 54
1786514013934 134
1786514014123 54
1786514014280 55
1786514014425 56
1786514014537 56
1786514014649 57
1786514014761 57
1786514014875 133
1786514015063 57
1786514015176 55
1786514015287 56
1786514015398 56
1786514015511 57
1786514015624 57
1786514015738 137
1786514015930 57
1786514016091 55
1786514016238 58
1786514016352 55
1786514016464 56
1786514016624 133
1786514016812 55
1786514016924 56
1786514017083 56
1786514017195 56
1786514017309 57
1786514017469 135
1786514017661 56
1786514017773 55
1786514017920 56
1786514018033 57
1786514018145 56
1786514018258 57
1786514018373 136
1786514018613 57
1786514018726 56
1786514018839 55
1786514018951 56
1786514019064 58
1786514019226 139
1786514019419 55
1786514019532 58
1786514019681 61
1786514019800 58
1786514019915 55
1786514020075 136
1786514020314 56
1786514020427 56
1786514020540 56
1786514020702 57
1786514020815 57
1786514020929 136
1786514021167 55
1786514021279 58
1786514021431 57
1786514021547 58
1786514021663 56
1786514021777 58
1786514021894 57
1786514022009 55
1786514022122 140
1786514022318 57
1786514022434 57
1786514022550 57
1786514022665 57
1786514022778 56
1786514022891 56
1786514023004 58
1786514023120 57
1786514023234 57
1786514023349 138
1786514023579 57
1786514023694 56
1786514023807 57
1786514023971 58
1786514024086 57
1786514024199 58
1786514024314 56
1786514024427 138
1786514024623 58
1786514024739 57
1786514024853 57
1786514024967 55
1786514025127 56
1786514025240 56
1786514025353 141
1786514025585 58
1786514025701 58
1786514025817 57
1786514025932 57
1786514026047 57
1786514026161 59
1786514026278 58
1786514026393 57
1786514026508 58
1786514026624 145
1786514026826 58
1786514026941 58
1786514027107 58
1786514027223 64
1786514027344 57
1786514027459 59
1786514027661 144
1786514027864 58
1786514027980 57
1786514028094 55
1786514028207 57
1786514028323 57
1786514028439 58
1786514028555 57
1786514028670 58
1786514028786 57
1786514028901 143
1786514029102 56
1786514029216 59
1786514029334 58
1786514029450 58
1786514029566 57
1786514029717 60
1786514029884 56
1786514029998 143
1786514030200 57
1786514030316 59
1786514030433 58
1786514030549 58
1786514030665 58
1786514030781 58
1786514030896 59
1786514031013 57
1786514031179 145
1786514031381 60
1786514031499 59
1786514031652 59
1786514031770 57
1786514031886 58
1786514032002 57
1786514032118 58
1786514032234 60
1786514032353 148
1786514032557 58
1786514032723 58
1786514032841 58
1786514032959 59
1786514033078 59
1786514033196 59
1786514033313 57
1786514033429 59
1786514033548 148
1786514033789 57
1786514033905 57
1786514034021 58
1786514034140 60
1786514034258 58
1786514034375 58
1786514034491 58
1786514034608 58
1786514034726 142
1786514034924 57
1786514035090 57
1786514035207 58
1786514035324 60
1786514035443 58
1786514035559 60
1786514035679 60
1786514035836 147
1786514036091 57
1786514036207 59
1786514036325 59
1786514036444 59
1786514036562 58
1786514036679 57
1786514036797 61
1786514036918 58
1786514037035 149
1786514037245 57
1786514037362 60
1786514037481 60
1786514037600 59
1786514037719 58
1786514037836 59
1786514037956 61
1786514038114 151
1786514038326 59
1786514038442 58
1786514038559 58
1786514038676 59
1786514038794 59
1786514038913 58
1786514039082 59
1786514039200 59
1786514039319 150
1786514039527 57
1786514039643 58
1786514039761 58
1786514039878 58
1786514039997 60
1786514040117 58
1786514040235 59
1786514040354 59
1786514040512 148
1786514040719 59
1786514040839 58
1786514040956 59
1786514041076 60
1786514041196 59
1786514041316 59
1786514041436 59
1786514041555 59
1786514041674 151
1786514041885 61
1786514042006 59
1786514042130 60
1786514042251 60
1786514042372 60
1786514042492 58
1786514042610 60
1786514042767 59
1786514042886 150
1786514043096 61
1786514043217 60
1786514043338 59
1786514043458 59
1786514043577 59
1786514043697 61
1786514043819 60
1786514043941 60
1786514044060 155
1786514044327 59
1786514044446 62
1786514044567 61
1786514044689 61
1786514044810 61
1786514044932 59
1786514045087 60
1786514045208 152
1786514045418 61
1786514045541 59
1786514045660 59
1786514045779 59
1786514045897 61
1786514046020 60
1786514046141 61
1786514046264 61
1786514046386 154
1786514046601 58
1786514046720 60
1786514046841 61
1786514046963 60
1786514047083 59
1786514047205 59
1786514047325 61
1786514047486 158
1786514047705 61
1786514047827 60
1786514047947 61
1786514048069 61
1786514048192 61
1786514048315 61
1786514048439 61
1786514048562 63
1786514048686 61
1786514048808 157
1786514049026 60
1786514049146 60
1786514049266 61
1786514049386 62
1786514049510 63
1786514049634 61
1786514049797 62
1786514049921 155
1786514050137 59
1786514050256 62
1786514050380 61
1786514050502 61
1786514050625 61
1786514050747 60
1786514050867 61
1786514050989 60
1786514051111 153
1786514051324 62
1786514051449 61
1786514051570 63
1786514051696 60
1786514051818 61
1786514051940 63
1786514052064 61
1786514052226 63
1786514052351 63
1786514052476 158
1786514052696 62
1786514052818 61
1786514052939 61
1786514053062 60
1786514053183 63
1786514053308 62
1786514053432 62
1786514053555 61
1786514053678 156
1786514053895 61
1786514054018 60
1786514054140 61
1786514054262 60
1786514054383 60
1786514054504 61
1786514054625 62
1786514054787 63
1786514054911 163
1786514055135 62
1786514055260 61
1786514055383 61
1786514055506 62
1786514055629 63
1786514055754 59
1786514055875 61
1786514055996 62
1786514056120 62
1786514056242 61
1786514056364 161
1786514056587 63
1786514056711 61
1786514056834 61
1786514056956 62
1786514057080 63
1786514057205 63
1786514057331 61
1786514057497 62
1786514057621 61
1786514057744 163
1786514057969 60
1786514058091 63
1786514058215 61
1786514058340 61
1786514058463 62
1786514058587 62
1786514058711 63
1786514058835 63
1786514058960 63
1786514059085 162
1786514059310 62
1786514059435 61
1786514059558 62
1786514059682 62
1786514059859 61
1786514060023 63
1786514060147 62
1786514060271 64
1786514060396 164
1786514060622 60
1786514060743 62
1786514060868 62
1786514060994 63
1786514061118 60
1786514061242 61
1786514061365 60
1786514061489 62
1786514061614 62
1786514061739 62
1786514061864 163
1786514062089 63
1786514062215 62
1786514062341 62
1786514062467 63
1786514062633 64
1786514062759 63
1786514062884 61
1786514063008 62
1786514063134 64
1786514063263 163
1786514063490 61
1786514063614 62
1786514063739 61
1786514063863 62
1786514063988 62
1786514064113 64
1786514064239 64
1786514064367 64
1786514064494 64
1786514064622 62
1786514064747 164
1786514064973 63
1786514065100 64
1786514065266 64
1786514065393 63
1786514065518 63
1786514065645 63
1786514065771 64
1786514065899 62
1786514066025 63
1786514066152 163
1786514066378 63
1786514066506 63
1786514066633 63
1786514066760 62
1786514066886 64
1786514067013 63
1786514067141 64
1786514067270 64
1786514067398 62
1786514067523 63
1786514067650 169
1786514067881 63
1786514068007 64
1786514068174 65
1786514068303 62
1786514068429 64
1786514068557 64
1786514068793 64
1786514068920 64
1786514069048 166
1786514069276 64
1786514069404 64
1786514069534 65
1786514069663 63
1786514069790 65
1786514069918 64
1786514070046 64
1786514070175 63
1786514070302 62
1786514070427 63
1786514070554 166
1786514070825 65
1786514070954 62
1786514071080 63
1786514071207 63
1786514071331 63
1786514071459 65
1786514071587 63
1786514071714 64
1786514071843 64
1786514071971 164
1786514072199 65
1786514072329 66
1786514072459 63
1786514072586 63
1786514072713 64
1786514072841 64
1786514072969 64
1786514073097 63
1786514073224 65
1786514073354 169
1786514073628 65
1786514073758 63
1786514073886 63
1786514074013 64
1786514074142 63
1786514074268 64
1786514074396 64
1786514074523 64
1786514074652 63
1786514074781 166
1786514075011 65
1786514075140 64
1786514075269 64
1786514075399 66
1786514075529 64
1786514075658 65
1786514075787 65
1786514075917 66
1786514076049 64
1786514076178 169
1786514076452 66
1786514076582 63
1786514076710 65
1786514076838 64
1786514076967 64
1786514077096 65
1786514077225 65
1786514077354 66
1786514077485 63
1786514077613 173
1786514077850 65
1786514077979 65
1786514078108 64
1786514078237 65
1786514078366 65
1786514078496 64
1786514078626 66
1786514078755 63
1786514078884 65
1786514079014 175
1786514079299 64
1786514079427 65
1786514079559 64
1786514079688 64
1786514079818 64
1786514079945 61
1786514080070 64
1786514080200 64
1786514080330 65
1786514080462 177
1786514080703 65
1786514080833 65
1786514080963 65
1786514081094 65
1786514081224 66
1786514081355 69
1786514081490 66
1786514081622 66
1786514081755 66
1786514081886 64
1786514082059 176
1786514082301 67
1786514082433 66
1786514082566 65
1786514082696 64
1786514082825 65
1786514082957 64
1786514083087 66
1786514083217 64
1786514083347 66
1786514083478 67
1786514083610 65
1786514083742 179
1786514083987 65
1786514084116 67
1786514084249 65
1786514084381 66
1786514084515 67
1786514084647 66
1786514084777 67
1786514084908 67
1786514085084 66
1786514085216 65
1786514085348 64
1786514085477 175
1786514085717 66
1786514085850 67
1786514085981 66
1786514086114 66
1786514086247 65
1786514086376 66
1786514086509 67
1786514086642 66
1786514086773 63
1786514086903 68
1786514087095 180
1786514087341 66
1786514087475 66
1786514087606 66
1786514087737 65
1786514087868 66
1786514088002 65
1786514088176 66
1786514088309 66
1786514088441 67
1786514088575 178
1786514088819 65
1786514088951 66
1786514089083 65
1786514089214 66
1786514089345 66
1786514089478 66
1786514089610 65
1786514089742 66
1786514089873 68
1786514090009 68
1786514090143 65
1786514090275 176
1786514090515 66
1786514090649 67
1786514090782 68
1786514090916 67
1786514091049 65
1786514091182 66
1786514091361 65
1786514091494 67
1786514091629 65
1786514091761 66
1786514091895 177
1786514092139 65
1786514092272 67
1786514092405 66
1786514092538 66
1786514092669 67
1786514092803 66
1786514092935 66
1786514093068 66
1786514093203 68
1786514093338 66
1786514093470 67
1786514093604 185
1786514093857 67
1786514093991 65
1786514094123 65
1786514094255 65
1786514094433 66
1786514094566 67
1786514094700 66
1786514094833 67
1786514094967 68
1786514095102 65
1786514095234 183
1786514095482 66
1786514095616 67
1786514095749 66
1786514095882 65
1786514096012 67
1786514096148 68
1786514096284 68
1786514096420 67
1786514096554 68
1786514096690 66
1786514096823 65
1786514096955 185
1786514097207 67
1786514097342 70
1786514097479 68
1786514097616 69
1786514097798 69
1786514097936 68
1786514098072 67
1786514098207 68
1786514098344 69
1786514098482 66
1786514098615 183
1786514098863 68
1786514098999 68
1786514099135 67
1786514099271 67
1786514099406 68
1786514099542 66
1786514099676 66
1786514099809 67
1786514099943 69
1786514100081 67
1786514100218 68
1786514100354 187
1786514100608 68
1786514100745 69
1786514100881 68
1786514101018 68
1786514101201 67
1786514101337 68
1786514101473 68
1786514101608 68
1786514101744 66
1786514101879 67
1786514102014 183
1786514102263 70
1786514102403 68
1786514102539 68
1786514102677 70
1786514102814 68
1786514102951 68
1786514103088 67
1786514103223 68
1786514103360 69
1786514103498 69
1786514103637 69
1786514103776 186
1786514104030 68
1786514104168 69
1786514104305 70
1786514104444 69
1786514104629 70
1786514104767 67
1786514104904 68
1786514105041 70
1786514105179 68
1786514105316 68
1786514105453 189
1786514105711 68
1786514105847 68
1786514105983 68
1786514106120 68
1786514106257 70
1786514106398 70
1786514106536 68
1786514106674 69
1786514106811 68
1786514106949 70
1786514107086 68
1786514107223 192
1786514107484 68
1786514107622 69
1786514107758 70
1786514107897 69
1786514108083 70
1786514108221 68
1786514108359 72
1786514108500 72
1786514108642 71
1786514108781 69
1786514108919 69
1786514109057 70
1786514109197 189
1786514109454 70
1786514109593 68
1786514109731 70
1786514109869 70
1786514110009 69
1786514110148 70
1786514110286 70
1786514110425 68
1786514110561 69
1786514110701 71
1786514110841 70
1786514110981 70
1786514111121 70
1786514111259 194
1786514111525 69
1786514111666 71
1786514111855 69
1786514111995 69
1786514112133 71
1786514112272 70
1786514112412 69
1786514112551 69
1786514112689 69
1786514112827 68
1786514112964 69
1786514113105 71
1786514113245 196
1786514113513 70
1786514113652 68
1786514113790 70
1786514113929 69
1786514114067 69
1786514114207 70
1786514114347 69
1786514114488 70
1786514114627 72
1786514114770 68
1786514114907 70
1786514115048 71
1786514115188 70
1786514115329 193
1786514115640 71
1786514115781 71
1786514115922 71
1786514116063 71
1786514116206 71
1786514116348 70
1786514116488 70
1786514116627 69
1786514116767 71
1786514116908 70
1786514117050 72
1786514117193 70
1786514117334 201
1786514117607 72
1786514117748 70
1786514117890 73
1786514118034 71
1786514118174 70
1786514118315 71
1786514118457 69
1786514118597 71
1786514118737 69
1786514118877 71
1786514119019 70
1786514119160 73
1786514119353 196
1786514119619 71
1786514119762 71
1786514119903 70
1786514120046 71
1786514120187 69
1786514120328 70
1786514120470 70
1786514120611 71
1786514120754 71
1786514120897 71
1786514121039 71
1786514121183 71
1786514121324 70
1786514121465 195
1786514121730 71
1786514121872 71
1786514122015 70
1786514122157 71
1786514122300 72
1786514122444 72
1786514122588 71
1786514122732 70
1786514122874 71
1786514123017 73
1786514123209 73
1786514123354 70
1786514123496 197
1786514123763 72
1786514123906 70
1786514124047 71
1786514124190 71
1786514124334 73
1786514124477 72
1786514124621 72
1786514124765 71
1786514124909 72
1786514125052 72
1786514125195 71
1786514125338 70
1786514125481 70
1786514125624 206
1786514125901 71
1786514126044 71
1786514126186 70
1786514126328 71
1786514126471 71
1786514126612 72
1786514126755 70
1786514126897 71
1786514127041 72
1786514127184 72
1786514127381 71
1786514127524 73
1786514127669 206
1786514127947 71
1786514128091 73
1786514128236 71
1786514128379 70
1786514128521 72
1786514128668 73
1786514128814 72
1786514128958 73
1786514129105 71
1786514129250 73
1786514129397 73
1786514129543 73
1786514129754 202
1786514130027 70
1786514130168 71
1786514130311 72
1786514130456 71
1786514130600 72
1786514130745 72
1786514130889 71
1786514131035 73
1786514131182 73
1786514131327 73
1786514131523 75
1786514131671 71
1786514131816 201
1786514132089 69
1786514132232 73
1786514132378 73
1786514132526 72
1786514132670 72
1786514132815 72
1786514133023 74
1786514133170 73
1786514133317 73
1786514133464 72
1786514133610 73
1786514133757 73
1786514133903 207
1786514134184 73
1786514134330 72
1786514134474 71
1786514134618 74
1786514134763 73
1786514134911 73
1786514135059 74
1786514135208 72
1786514135354 73
1786514135500 73
1786514135699 74
1786514135846 74
1786514135994 208
1786514136274 72
1786514136420 74
1786514136568 74
1786514136716 72
1786514136863 72
1786514137009 73
1786514137156 74
1786514137303 72
1786514137447 73
1786514137595 73
1786514137742 74
1786514137890 73
1786514138037 73
1786514138182 211
1786514138466 72
1786514138612 71
1786514138755 76
1786514138906 75
1786514139056 74
1786514139205 75
1786514139354 76
1786514139504 74
1786514139650 73
1786514139797 76
1786514140000 74
1786514140150 73
1786514140297 75
1786514140511 207
1786514140793 73
1786514140939 75
1786514141086 75
1786514141236 76
1786514141388 75
1786514141537 72
1786514141683 73
1786514141832 76
1786514141981 74
1786514142130 75
1786514142276 74
1786514142427 75
1786514142576 72
1786514142723 74
1786514142872 73
1786514143020 207
1786514143300 76
1786514143450 72
1786514143597 76
1786514143747 74
1786514143896 74
1786514144045 74
1786514144194 75
1786514144343 74
1786514144545 76
1786514144697 73
1786514144844 74
1786514144994 75
1786514145144 74
1786514145294 75
1786514145444 216
1786514145736 76
1786514145887 74
1786514146035 75
1786514146186 76
1786514146335 74
1786514146485 75
1786514146634 73
1786514146782 75
1786514146931 73
1786514147080 76
1786514147230 74
1786514147381 76
1786514147532 75
1786514147681 75
1786514147830 75
1786514147979 218
1786514148272 76
1786514148425 75
1786514148575 76
1786514148727 76
1786514148878 76
1786514149030 74
1786514149234 75
1786514149384 73
1786514149533 75
1786514149685 75
1786514149835 76
1786514149986 75
1786514150136 76
1786514150287 75
1786514150437 218
1786514150729 75
1786514150880 77
1786514151033 76
1786514151186 77
1786514151339 76
1786514151492 75
1786514151642 74
1786514151792 77
1786514151945 75
1786514152096 75
1786514152246 76
1786514152400 76
1786514152551 76
1786514152702 74
1786514152851 74
1786514153002 216
1786514153293 73
1786514153443 76
1786514153595 75
1786514153744 73
1786514153945 76
1786514154098 77
1786514154250 78
1786514154405 75
1786514154558 75
1786514154706 74
1786514154857 75
1786514155010 76
1786514155162 77
1786514155315 75
1786514155467 220
1786514155764 75
1786514155917 77
1786514156072 78
1786514156225 76
1786514156378 76
1786514156532 78
1786514156686 76
1786514156840 77
1786514156994 77
1786514157150 78
1786514157305 76
1786514157460 78
1786514157615 76
1786514157767 76
1786514157919 76
1786514158070 220
1786514158366 76
1786514158520 78
1786514158675 77
1786514158830 78
1786514159042 74
1786514159193 77
1786514159347 77
1786514159500 76
1786514159653 76
1786514159805 77
1786514159960 76
1786514160114 78
1786514160270 77
1786514160424 80
1786514160582 222
1786514160881 76
1786514161035 77
1786514161190 77
1786514161345 76
1786514161498 76
1786514161652 78
1786514161808 77
1786514161961 75
1786514162114 77
1786514162270 78
1786514162426 78
1786514162581 78
1786514162735 77
1786514162889 76
1786514163044 77
1786514163199 226
1786514163502 79
1786514163658 78
1786514163813 79
1786514163969 76
1786514164177 77
1786514164330 77
1786514164486 78
1786514164641 77
1786514164794 77
1786514164947 77
1786514165103 76
1786514165256 79
1786514165411 77
1786514165564 77
1786514165719 223
1786514166019 79
1786514166175 77
1786514166331 75
1786514166483 76
1786514166636 77
1786514166791 77
1786514166945 78
1786514167102 78
1786514167258 80
1786514167417 77
1786514167572 79
1786514167728 77
1786514167883 78
1786514168040 80
1786514168199 79
1786514168357 225
1786514168660 79
1786514168818 78
1786514168971 77
1786514169127 78
1786514169339 77
1786514169496 77
1786514169651 79
1786514169807 79
1786514169965 80
1786514170123 79
1786514170281 78
1786514170437 78
1786514170593 79
1786514170751 78
1786514170906 77
1786514171059 78
1786514171217 229
1786514171525 79
1786514171684 78
1786514171842 79
1786514172001 79
1786514172158 79
1786514172315 78
1786514172473 77
1786514172629 78
1786514172786 79
1786514172942 80
1786514173102 80
1786514173260 78
1786514173417 80
1786514173577 79
1786514173808 80
1786514173964 80
1786514174122 229
1786514174430 78
1786514174586 77
1786514174800 80
1786514174958 80
1786514175117 78
1786514175274 79
1786514175432 77
1786514175588 77
1786514175745 78
1786514175902 78
1786514176060 79
1786514176220 80
1786514176379 79
1786514176537 79
1786514176695 78
1786514176853 79
1786514177011 233
1786514177324 80
1786514177485 80
1786514177645 80
1786514177804 79
1786514177963 78
1786514178121 78
1786514178277 79
1786514178435 80
1786514178595 80
1786514178757 81
1786514178917 79
1786514179074 82
1786514179238 80
1786514179399 80
1786514179558 78
1786514179712 79
1786514179871 79
1786514180031 232
1786514180399 77
1786514180556 81
1786514180715 79
1786514180874 81
1786514181034 79
1786514181193 78
1786514181351 81
1786514181513 82
1786514181676 80
1786514181838 81
1786514181996 78
1786514182154 81
1786514182315 79
1786514182475 80
1786514182635 80
1786514182797 80
1786514182959 240
1786514183278 79
1786514183438 79
1786514183598 80
1786514183758 80
1786514183918 79
1786514184076 80
1786514184236 79
1786514184395 80
1786514184556 79
1786514184716 81
1786514184877 80
1786514185038 80
1786514185269 83
1786514185501 80
1786514185719 236
1786514186106 78
1786514186334 78
1786514186563 79
1786514186794 79
1786514187026 82
1786514187262 82
1786514187499 81
1786514187733 80
1786514187966 230
1786514188346 78
1786514188576 80
1786514188810 79
1786514189041 81
1786514189273 80
1786514189507 80
1786514189740 81
1786514189973 79
1786514190188 238
1786514190578 79
1786514190809 80
1786514191043 81
1786514191279 80
1786514191513 80
1786514191748 82
1786514191984 82
1786514192221 82
1786514192458 239
1786514192852 80
1786514193083 80
1786514193320 82
1786514193482 81
1786514193645 81
1786514193810 80
1786514193971 81
1786514194132 81
1786514194295 79
1786514194456 80
1786514194616 82
1786514194781 82
1786514194944 81
1786514195167 241
1786514195488 80
1786514195651 82
1786514195815 82
1786514195978 82
1786514196142 81
1786514196305 82
1786514196466 82
1786514196630 82
1786514196795 82
1786514196959 83
1786514197123 81
1786514197285 81
1786514197446 84
1786514197613 82
1786514197777 81
1786514197941 81
1786514198104 80
1786514198265 242
1786514198588 80
1786514198749 81
1786514198912 80
1786514199074 81
1786514199237 80
1786514199399 82
1786514199562 83
1786514199729 82
1786514199892 81
1786514200055 83
1786514200220 81
1786514200381 80
1786514200543 82
1786514200706 81
1786514200870 82
1786514201035 81
1786514201256 84
1786514201423 83
1786514201590 247
1786514201918 82
1786514202083 82
1786514202245 82
1786514202411 83
1786514202577 82
1786514202740 80
1786514202902 81
1786514203065 82
1786514203229 84
1786514203395 82
1786514203557 84
1786514203723 84
1786514203890 82
1786514204055 83
1786514204221 82
1786514204385 82
1786514204548 82
1786514204714 82
1786514204878 82
1786514205041 251
1786514205374 82
1786514205540 82
1786514205703 82
1786514205867 80
1786514206030 84
1786514206197 83
1786514206363 79
1786514206523 85
1786514206690 81
1786514206851 80
1786514207014 83
1786514207179 83
1786514207344 84
1786514207573 84
1786514207739 82
1786514207903 81
1786514208066 82
1786514208231 249
1786514208561 82
1786514208729 82
1786514208893 84
1786514209060 83
1786514209225 82
1786514209390 83
1786514209557 84
1786514209724 83
1786514209888 82
1786514210055 82
1786514210222 82
1786514210384 82
1786514210549 84
1786514210718 83
1786514210885 83
1786514211053 86
1786514211222 82
1786514211386 83
1786514211553 249
1786514211887 83
1786514212053 82
1786514212219 84
1786514212388 84
1786514212555 84
1786514212723 84
1786514212890 85
1786514213060 84
1786514213227 84
1786514213393 81
1786514213557 84
1786514213724 85
1786514213954 85
1786514214122 83
1786514214287 83
1786514214453 83
1786514214621 82
1786514214787 254
1786514215123 82
1786514215288 82
1786514215454 82
1786514215620 84
1786514215787 85
1786514215956 84
1786514216123 84
1786514216292 83
1786514216459 84
1786514216626 82
1786514216791 82
1786514216956 83
1786514217124 83
1786514217289 83
1786514217456 84
1786514217623 84
1786514217789 254
1786514218127 84
1786514218295 83
1786514218463 85
1786514218631 81
1786514218795 83
1786514218963 84
1786514219133 86
1786514219304 85
1786514219533 83
1786514219699 84
1786514219867 83
1786514220033 84
1786514220200 83
1786514220369 84
1786514220538 84
1786514220708 253
1786514221045 83
1786514221214 82
1786514221379 85
1786514221547 85
1786514221716 82
1786514221881 82
1786514222047 86
1786514222217 83
1786514222386 84
1786514222553 83
1786514222720 84
1786514222889 82
1786514223055 84
1786514223223 84
1786514223392 258
1786514223733 85
1786514223901 84
1786514224070 82
1786514224235 85
1786514224404 83
1786514224573 85
1786514224740 83
1786514224910 84
1786514225077 85
1786514225313 85
1786514225485 83
1786514225654 84
1786514225824 84
1786514225991 85
1786514226160 82
1786514226326 254
1786514226667 84
1786514226836 85
1786514227008 83
1786514227254 82
1786514227420 84
1786514227589 82
1786514227758 85
1786514227928 84
1786514228095 85
1786514228267 87
1786514228438 86
1786514228612 86
1786514228785 85
1786514228957 85
1786514229128 88
1786514229303 258
1786514229646 84
1786514229816 85
1786514229988 85
1786514230158 86
1786514230329 85
1786514230499 84
1786514230668 85
1786514230903 87
1786514231076 85
1786514231247 85
1786514231417 84
1786514231587 86
1786514231757 85
1786514231930 87
1786514232102 86
1786514232273 266
1786514232625 86
1786514232797 86
1786514232972 88
1786514233145 87
1786514233318 85
1786514233492 86
1786514233664 84
1786514233833 86
1786514234003 84
1786514234172 86
1786514234344 86
1786514234515 88
1786514234689 85
1786514234861 87
1786514235035 86
1786514235208 87
1786514235380 88
1786514235554 265
1786514235905 86
1786514236079 86
1786514236249 87
1786514236422 87
1786514236596 85
1786514236768 88
1786514236943 87
1786514237179 84
1786514237347 87
1786514237600 86
1786514237851 85
1786514238100 86
1786514238351 87
1786514238603 262
1786514239029 87
1786514239280 87
1786514239533 86
1786514239782 84
1786514240026 83
1786514240277 85
1786514240529 89
1786514240779 87
1786514241028 86
1786514241281 87
1786514241536 263
1786514241963 85
1786514242213 85
1786514242463 88
1786514242700 86
1786514242952 88
1786514243205 87
1786514243458 88
1786514243712 84
1786514243957 85
1786514244209 87
1786514244465 270
1786514244903 87
1786514245157 84
1786514245403 84
1786514245657 86
1786514245911 89
1786514246169 89
1786514246345 86
1786514246519 87
1786514246694 88
1786514246870 88
1786514247045 88
1786514247222 87
1786514247397 89
1786514247575 272
1786514247937 88
1786514248113 88
1786514248289 87
1786514248532 90
1786514248711 87
1786514248886 89
1786514249063 87
1786514249235 84
1786514249407 87
1786514249581 85
1786514249756 90
1786514249933 88
1786514250109 88
1786514250285 90
1786514250463 88
1786514250640 274
1786514251002 88
1786514251176 86
1786514251349 87
1786514251522 87
1786514251697 84
1786514251866 88
1786514252043 90
1786514252222 86
1786514252395 88
1786514252573 85
1786514252745 87
1786514252921 85
1786514253094 88
1786514253271 87
1786514253446 89
1786514253621 86
1786514253795 274
1786514254156 88
1786514254334 89
1786514254513 89
1786514254759 91
1786514254937 88
1786514255113 90
1786514255291 89
1786514255468 89
1786514255643 89
1786514255822 89
1786514255999 87
1786514256173 88
1786514256349 88
1786514256526 91
1786514256708 89
1786514256887 275
1786514257249 90
1786514257428 87
1786514257605 88
1786514257781 89
1786514257961 90
1786514258138 87
1786514258315 91
1786514258495 87
1786514258671 89
1786514258851 89
1786514259029 88
1786514259208 90
1786514259387 88
1786514259565 87
1786514259742 88
1786514259920 89
1786514260098 272
1786514260458 85
1786514260629 87
1786514260806 90
1786514261053 88
1786514261230 87
1786514261406 89
1786514261585 88
1786514261763 88
1786514261942 89
1786514262121 90
1786514262301 90
1786514262481 91
1786514262662 90
1786514262842 91
1786514263024 86
1786514263198 88
1786514263376 91
1786514263559 277
1786514263927 90
1786514264104 89
1786514264283 89
1786514264463 89
1786514264641 87
1786514264816 88
1786514264994 87
1786514265169 90
1786514265350 89
1786514265529 90
1786514265710 90
1786514265891 90
1786514266069 92
1786514266333 89
1786514266512 87
1786514266690 90
1786514266870 280
1786514267240 90
1786514267421 91
1786514267671 88
1786514267849 88
1786514268028 88
1786514268204 91
1786514268386 91
1786514268567 88
1786514268746 88
1786514268926 89
1786514269105 89
1786514269284 91
1786514269465 91
1786514269646 92
1786514269828 92
1786514270011 90
1786514270191 92
1786514270374 281
1786514270743 89
1786514270923 90
1786514271102 89
1786514271283 87
1786514271457 88
1786514271637 92
1786514271820 90
1786514272000 88
1786514272179 90
1786514272358 92
1786514272541 90
1786514272723 90
1786514272904 89
1786514273082 87
1786514273257 90
1786514273438 90
1786514273619 88
1786514273798 284
1786514274238 88
1786514274416 90
1786514274597 92
1786514274780 90
1786514274959 89
1786514275137 89
1786514275317 92
1786514275500 91
1786514275680 88
1786514275858 91
1786514276038 91
1786514276219 89
1786514276400 92
1786514276584 91
1786514276768 90
1786514276948 91
1786514277130 90
1786514277313 286
1786514277692 91
1786514277874 91
1786514278057 91
1786514278238 90
1786514278419 91
1786514278601 89
1786514278780 91
1786514278963 91
1786514279146 92
1786514279330 90
1786514279512 88
1786514279689 91
1786514279872 92
1786514280057 91
1786514280240 92
1786514280423 90
1786514280604 91
1786514280788 293
1786514281245 93
1786514281429 93
1786514281613 93
1786514281799 92
1786514281984 89
1786514282166 91
1786514282350 91
1786514282532 92
1786514282715 92
1786514282899 93
1786514283085 92
1786514283267 93
1786514283452 90
1786514283634 93
1786514283819 91
1786514284002 92
1786514284183 92
1786514284370 298
1786514284760 93
1786514284944 91
1786514285126 92
1786514285309 91
1786514285493 89
1786514285673 93
1786514285858 90
1786514286039 92
1786514286224 91
1786514286407 89
1786514286586 90
1786514286773 91
1786514287807 94
1786514289924 296
1786514305978 285
1786514306358 91
1786514306543 94
1786514306732 94
1786514306920 91
1786514307105 94
1786514307293 92
1786514307478 92
1786514307665 92
1786514307792 93
1786514307981 92
1786514308168 91
1786514308354 91
1786514308543 94
1786514308731 93
1786514310507 294
1786514315860 291
1786514316243 92
1786514316428 93
1786514316614 93
1786514316802 90
1786514316985 92
1786514317173 96
1786514317364 92
1786514317550 92
1786514317738 95
1786514317927 92
1786514318115 93
1786514318302 92
1786514318490 95
1786514318680 90
1786514318864 93
1786514319139 94
1786514319396 93
1786514319673 93
1786514319944 294
1786514320418 92
1786514320690 97
1786514320967 96
1786514321242 95
1786514321519 97
1786514321799 98
1786514322082 97
1786514322362 95
1786514322642 95
1786514322913 93
1786514323188 94
1786514323465 92
1786514323736 298
1786514324214 96
1786514324490 91
1786514324764 95
1786514325038 93
1786514325310 92
1786514325583 95
1786514325859 92
1786514326127 94
1786514326400 94
1786514326662 94
1786514326935 93
1786514327211 97
1786514327488 296
1786514327965 93
1786514328240 97
1786514328520 95
1786514328798 95
1786514329073 96
1786514329352 96
1786514329631 94
1786514329907 97
1786514330191 96
1786514330465 93
1786514330738 93
1786514331012 97
1786514331296 302
1786514331778 95
1786514332054 96
1786514332334 97
1786514332613 99
1786514332897 96
1786514333178 97
1786514333459 96
1786514333742 96
1786514334011 97
1786514334289 98
1786514334573 97
1786514334769 97
1786514335051 300
1786514335535 97
1786514335815 94
1786514336091 94
1786514336370 97
1786514336565 96
1786514336847 96
1786514337123 96
1786514337405 96
1786514337688 96
1786514337967 96
1786514338251 97
1786514338529 95
1786514338808 305
1786514339295 95
1786514339576 98
1786514339859 97
1786514340144 96
1786514340420 98
1786514340706 98
1786514340904 97
1786514341189 97
1786514341458 97
1786514341741 97
1786514342024 95
1786514342304 97
1786514342588 314
1786514343088 95
1786514343365 98
1786514343652 98
1786514343849 96
1786514344136 98
1786514344423 97
1786514344710 98
1786514344905 99
1786514345189 96
1786514345383 96
1786514345665 98
1786514345863 97
1786514346148 311
1786514346647 98
1786514346929 95
1786514347124 99
1786514347407 97
1786514347691 97
1786514347885 95
1786514348168 96
1786514348363 97
1786514348631 98
1786514348921 97
1786514349115 96
1786514349396 98
1786514349680 98
1786514349880 316
1786514350381 99
1786514350667 99
1786514350865 95
1786514351147 97
1786514351432 99
1786514351633 99
1786514351925 98
1786514352122 99
1786514352412 99
1786514352610 100
1786514352895 98
1786514353179 96
1786514353467 97
1786514353662 310
1786514354161 99
1786514354360 98
1786514354647 99
1786514354846 98
1786514355133 96
1786514355421 100
1786514355621 97
1786514355893 99
1786514356179 99
1786514356383 98
1786514356666 100
1786514356865 98
1786514357155 100
1786514357357 318
1786514357869 100
1786514358158 99
1786514358357 97
1786514358648 101
1786514358848 101
1786514359142 101
1786514359344 99
1786514359633 97
1786514359831 100
1786514360122 100
1786514360320 99
1786514360608 99
1786514360808 100
1786514361101 322
1786514361523 96
1786514361810 101
1786514362013 98
1786514362305 98
1786514362505 98
1786514362795 100
1786514363075 103
1786514363281 99
1786514363572 101
1786514363774 96
1786514364061 96
1786514364258 99
1786514364549 99
1786514364749 320
1786514365260 104
1786514365466 103
1786514365763 101
1786514365967 100
1786514366261 102
1786514366466 101
1786514366754 99
1786514367049 102
1786514367345 102
1786514367550 99
1786514367840 101
1786514368135 102
1786514368339 101
1786514368630 326
1786514369060 102
1786514369353 102
1786514369558 100
1786514369851 102
1786514370057 101
1786514370354 101
1786514370635 102
1786514370836 100
1786514371040 101
1786514371245 101
1786514371449 101
1786514371740 98
1786514371940 98
1786514372230 99
1786514372432 318
1786514372946 101
1786514373149 101
1786514373441 102
1786514373645 99
1786514373937 102
1786514374143 102
1786514374436 100
1786514374640 100
1786514374932 100
1786514375137 100
1786514375428 101
1786514375633 103
1786514375927 103
1786514376132 329
1786514376654 100
1786514376949 101
1786514377152 101
1786514377447 102
1786514377650 101
1786514377947 103
1786514378234 104
1786514378441 103
1786514378742 100
1786514378947 100
1786514379240 102
1786514379445 100
1786514379744 103
1786514379950 102
1786514380250 333
1786514380684 100
1786514380980 102
1786514381185 102
1786514381481 102
1786514381687 104
1786514381989 101
1786514382194 102
1786514382494 104
1786514382701 98
1786514382995 101
1786514383198 100
1786514383491 101
1786514383697 100
1786514383993 104
1786514384201 329
1786514384635 104
1786514384842 101
1786514385049 103
1786514385345 102
1786514385552 102
1786514385853 104
1786514386137 103
1786514386346 105
1786514386652 99
1786514386856 103
1786514387154 102
1786514387364 102
1786514387660 103
1786514387869 101
1786514388167 103
1786514388376 334
1786514388904 104
1786514389113 104
1786514389322 102
1786514389529 103
1786514389736 102
1786514390039 101
1786514390245 104
1786514390543 104
1786514390753 103
1786514390962 104
1786514391171 104
1786514391382 105
1786514391588 103
1786514391796 101
1786514392001 102
1786514392208 100
1786514392414 105
1786514392628 104
1786514392833 343
1786514393281 104
1786514393491 102
1786514393700 104
1786514393909 101
1786514394207 103
1786514394504 106
1786514394714 108
1786514394928 106
1786514395143 103
1786514395350 102
1786514395560 108
1786514395774 105
1786514396078 103
1786514396287 104
1786514396497 104
1786514396707 107
1786514396919 102
1786514397220 349
1786514397675 105
1786514397981 104
1786514398192 107
1786514398406 104
1786514398616 104
1786514398826 105
1786514399038 103
1786514399245 108
1786514399461 106
1786514399674 107
1786514399891 108
1786514400107 106
1786514400320 107
1786514400534 105
1786514400744 103
1786514400954 104
1786514401162 103
1786514401374 106
1786514401588 335
1786514402031 107
1786514402244 105
1786514402458 108
1786514402674 107
1786514402890 105
1786514403102 104
1786514403389 105
1786514403600 103
1786514403810 103
1786514404021 108
1786514404237 105
1786514404546 105
1786514404758 105
1786514405065 105
1786514405274 105
1786514405487 106
1786514405701 107
1786514405915 101
1786514406121 348
1786514406578 107
1786514406791 104
1786514407002 105
1786514407214 104
1786514407424 109
1786514407640 105
1786514407851 104
1786514408065 105
1786514408372 107
1786514408588 106
1786514408801 106
1786514409012 108
1786514409226 104
1786514409439 106
1786514409744 106
1786514409959 104
1786514410168 108
1786514410385 109
1786514410599 105
1786514410811 351
1786514411271 108
1786514411486 104
1786514411699 106
1786514411916 107
1786514412211 107
1786514412428 107
1786514412644 108
1786514412859 105
1786514413071 103
1786514413284 109
1786514413503 109
1786514413717 106
1786514413930 105
1786514414140 103
1786514414448 110
1786514414666 105
1786514414881 109
1786514415098 109
1786514415316 108
1786514415533 349
1786514415989 105
1786514416205 109
1786514416422 108
1786514416638 108
1786514416856 106
1786514417068 106
1786514417282 108
1786514417496 104
1786514417710 109
1786514417929 107
1786514418141 107
1786514418356 103
1786514418568 108
1786514418786 107
1786514419000 111
1786514419219 107
1786514419434 105
1786514419649 110
1786514419870 107
1786514420083 107
1786514420301 363
1786514420775 108
1786514420988 108
1786514421207 110
1786514421511 109
1786514421731 108
1786514421946 109
1786514422163 108
1786514422377 107
1786514422592 107
1786514422808 111
1786514423028 108
1786514423244 109
1786514423461 108
1786514423678 108
1786514423896 110
1786514424114 107
1786514424331 107
1786514424545 108
1786514424765 109
1786514424983 359
1786514425447 107
1786514425663 109
1786514425883 109
1786514426101 111
1786514426320 106
1786514426536 108
1786514426757 110
1786514426976 105
1786514427189 109
1786514427409 111
1786514427626 107
1786514427843 106
1786514428056 106
1786514428272 109
1786514428491 105
1786514428702 107
1786514428919 109
1786514429138 109
1786514429357 104
1786514429569 109
1786514429790 366
1786514430269 110
1786514430490 110
1786514430713 109
1786514431015 108
1786514431232 106
1786514431445 106
1786514431659 109
1786514431878 106
1786514432092 108
1786514432311 110
1786514432530 107
1786514432748 108
1786514432967 111
1786514433188 108
1786514433406 108
1786514433625 106
1786514433840 107
1786514434058 112
1786514434281 109
1786514434500 358
1786514434967 108
1786514435187 108
1786514435405 106
1786514435622 110
1786514435843 111
1786514436065 111
1786514436286 111
1786514436506 109
1786514436726 108
1786514436945 109
1786514437163 109
1786514437384 112
1786514437606 107
1786514437822 110
1786514438041 109
1786514438261 107
1786514438477 111
1786514438699 108
1786514438921 111
1786514439140 111
1786514439367 110
1786514439586 367
1786514440065 107
1786514440281 108
1786514440589 108
1786514440805 108
1786514441024 111
1786514441246 111
1786514441468 110
1786514441686 108
1786514441908 112
1786514442131 108
1786514442350 105
1786514442564 110
1786514442787 110
1786514443007 112
1786514443231 107
1786514443446 108
1786514443664 111
1786514443888 113
1786514444116 111
1786514444338 108
1786514444556 111
1786514444778 364
1786514445256 110
1786514445475 110
1786514445698 112
1786514445922 110
1786514446142 113
1786514446363 112
1786514446588 114
1786514446812 110
1786514447033 110
1786514447257 113
1786514447483 111
1786514447807 111
1786514448031 111
1786514448253 109
1786514448474 110
1786514448698 113
1786514448922 114
1786514449150 111
1786514449372 110
1786514449594 112
1786514449819 363
1786514450294 110
1786514450611 113
1786514450836 109
1786514451058 112
1786514451281 109
1786514451503 107
1786514451719 109
1786514451941 109
1786514452163 112
1786514452388 115
1786514452617 112
1786514452844 114
1786514453069 111
1786514453295 111
1786514453520 113
1786514453746 114
1786514453971 109
1786514454191 113
1786514454418 112
1786514454638 111
1786514454863 377
1786514455353 109
1786514455578 114
1786514455803 112
1786514456027 109
1786514456251 114
1786514456480 114
1786514456708 114
1786514456934 109
1786514457158 113
1786514457381 111
1786514457607 112
1786514457829 113
1786514458057 113
1786514458286 113
1786514458513 115
1786514458743 113
1786514458971 113
1786514459196 110
1786514459421 115
1786514459650 111
1786514459876 114
1786514460107 383
1786514460603 110
1786514460919 115
1786514461149 113
1786514461377 113
1786514461605 113
1786514461833 114
1786514462058 108
1786514462276 112
1786514462503 115
1786514462734 114
1786514462965 116
1786514463193 112
1786514463420 113
1786514463649 118
1786514463881 112
1786514464106 114
1786514464331 108
1786514464552 116
1786514464782 113
1786514465008 111
1786514465233 383
1786514465731 113
1786514465955 114
1786514466183 111
1786514466408 113
1786514466636 111
1786514466860 114
1786514467089 113
1786514467316 116
1786514467547 112
1786514467770 112
1786514467997 112
1786514468223 113
1786514468452 115
1786514468684 118
1786514468917 116
1786514469146 109
1786514469366 112
1786514469592 111
1786514469821 114
1786514470049 114
1786514470280 114
1786514470511 385
1786514471109 115
1786514471339 109
1786514471562 114
1786514471790 115
1786514472023 114
1786514472252 112
1786514472480 116
1786514472710 111
1786514472935 112
1786514473163 112
1786514473390 112
1786514473618 109
1786514473841 116
1786514474072 111
1786514474297 115
1786514474528 116
1786514474760 115
1786514474988 112
1786514475212 113
1786514475443 113
1786514475673 115
1786514475902 386
1786514476402 111
1786514476625 115
1786514476856 111
1786514477082 111
1786514477309 110
1786514477532 117
1786514477763 115
1786514477994 113
1786514478222 111
1786514478449 117
1786514478682 110
1786514478905 114
1786514479135 112
1786514479365 114
1786514479593 117
1786514479827 117
1786514480058 113
1786514480288 117
1786514480522 111
1786514480750 116
1786514480985 113
1786514481306 392
1786514481814 115
1786514482046 115
1786514482276 113
1786514482504 118
1786514482736 114
1786514482968 113
1786514483194 111
1786514483419 116
1786514483651 114
1786514483884 117
1786514484116 113
1786514484344 111
1786514484571 116
1786514484805 119
1786514485044 116
1786514485278 117
1786514485511 118
1786514485744 111
1786514485973 116
1786514486209 115
1786514486440 116
1786514486677 388
1786514487184 114
1786514487411 116
1786514487644 117
1786514487879 118
1786514488117 115
1786514488345 113
1786514488574 111
1786514488800 118
1786514489035 112
1786514489266 120
1786514489502 116
1786514489735 114
1786514489965 111
1786514490193 116
1786514490427 117
1786514490664 116
1786514490894 115
1786514491125 116
1786514491359 116
1786514491593 119
1786514491827 114
1786514492154 400
1786514492673 117
1786514492909 117
1786514493146 116
1786514493382 117
1786514493620 118
1786514493859 117
1786514494091 112
1786514494317 113
1786514494549 117
1786514494784 115
1786514495016 116
1786514495248 119
1786514495489 117
1786514495725 116
1786514495958 117
1786514496191 117
1786514496429 119
1786514496667 119
1786514496903 115
1786514497134 115
1786514497372 119
1786514497610 389
1786514498118 118
1786514498354 115
1786514498587 115
1786514498821 117
1786514499055 120
1786514499294 120
1786514499532 116
1786514499767 116
1786514499999 116
1786514500235 116
1786514500472 120
1786514500712 118
1786514500946 117
1786514501178 115
1786514501411 115
1786514501645 116
1786514501884 116
1786514502114 115
1786514502349 113
1786514502579 119
1786514502907 117
1786514503143 398
1786514503655 117
1786514503890 116
1786514504128 120
1786514504369 119
1786514504607 116
1786514504846 119
1786514505084 119
1786514505320 114
1786514505554 116
1786514505788 119
1786514506026 118
1786514506261 113
1786514506491 117
1786514506724 115
1786514506958 115
1786514507192 117
1786514507425 115
1786514507660 119
1786514507901 119
1786514508142 117
1786514508376 115
1786514508611 116
1786514508847 404
1786514509369 121
1786514509610 120
1786514509853 120
1786514510092 116
1786514510328 122
1786514510568 116
1786514510806 120
1786514511048 119
1786514511289 119
1786514511530 119
1786514511768 114
1786514511997 120
1786514512236 116
1786514512471 114
1786514512704 117
1786514512940 119
1786514513179 119
1786514513419 123
1786514513762 116
1786514513997 116
1786514514230 409
1786514514759 120
1786514514999 119
1786514515241 120
1786514515483 121
1786514515727 119
1786514515968 118
1786514516208 119
1786514516448 120
1786514516691 121
1786514516934 122
1786514517178 122
1786514517424 120
1786514517664 121
1786514517908 123
1786514518151 121
1786514518394 121
1786514518638 123
1786514518883 120
1786514519125 120
1786514519369 121
1786514519611 122
1786514519855 120
1786514520095 412
1786514520629 122
1786514520874 119
1786514521115 124
1786514521359 119
1786514521601 122
1786514521845 118
1786514522086 121
1786514522330 119
1786514522571 120
1786514522814 123
1786514523057 122
1786514523303 120
1786514523545 122
1786514523790 119
1786514524033 120
1786514524276 121
1786514524520 121
1786514524764 121
1786514525106 121
1786514525349 122
1786514525592 121
1786514525836 414
1786514526373 122
1786514526618 122
1786514526864 121
1786514527104 121
1786514527347 121
1786514527591 123
1786514527837 121
1786514528080 120
1786514528323 119
1786514528565 121
1786514528809 123
1786514529054 121
1786514529296 120
1786514529540 122
1786514529786 121
1786514530028 121
1786514530271 119
1786514530515 121
1786514530758 123
1786514531005 120
1786514531249 122
1786514531492 123
1786514531740 421
1786514532286 123
1786514532533 124
1786514532778 124
1786514533023 121
1786514533269 121
1786514533514 125
1786514533762 122
1786514534007 119
1786514534250 123
1786514534494 123
1786514534739 124
1786514534986 122
1786514535232 121
1786514535476 122
1786514535721 124
1786514535968 122
1786514536213 121
1786514536557 123
1786514536801 120
1786514537047 121
1786514537291 121
1786514537535 123
1786514537783 421
1786514538328 125
1786514538575 122
1786514538822 123
1786514539070 122
1786514539315 121
1786514539559 122
1786514539806 122
1786514540053 121
1786514540296 121
1786514540542 123
1786514540790 124
1786514541038 123
1786514541286 123
1786514541533 121
1786514541779 122
1786514542025 125
1786514542272 121
1786514542516 124
1786514542765 122
1786514543011 123
1786514543258 124
1786514543506 405
1786514544034 121
1786514544279 121
1786514544525 121
1786514544770 125
1786514545019 123
1786514545266 123
1786514545514 124
1786514545762 120
1786514546008 122
1786514546256 122
1786514546502 121
1786514546748 121
1786514546993 123
1786514547243 123
1786514547491 124
1786514547740 123
1786514547988 122
1786514548334 122
1786514548579 125
1786514548830 123
1786514549079 122
1786514549325 422
1786514549869 124
1786514550118 123
1786514550364 124
1786514550610 121
1786514550856 124
1786514551105 122
1786514551350 125
1786514551599 125
1786514551848 124
1786514552099 122
1786514552344 124
1786514552595 121
1786514552841 123
1786514553088 123
1786514553339 124
1786514553588 124
1786514553838 123
1786514554085 124
1786514554336 123
1786514554585 127
1786514554837 123
1786514555088 123
1786514555334 410
1786514555868 121
1786514556115 120
1786514556356 121
1786514556602 123
1786514556849 121
1786514557095 121
1786514557342 118
1786514557581 125
1786514557829 125
1786514558079 122
1786514558325 125
1786514558576 125
1786514558828 126
1786514559080 122
1786514559328 124
1786514559575 123
1786514559824 123
1786514560073 123
1786514560427 124
1786514560678 125
1786514560929 123
1786514561179 427
1786514561733 125
1786514561986 120
1786514562231 126
1786514562485 120
1786514562729 126
1786514562984 126
1786514563236 123
1786514563485 125
1786514563734 122
1786514563982 124
1786514564230 125
1786514564479 124
1786514564729 127
1786514564981 125
1786514565233 121
1786514565479 123
1786514565728 126
1786514565978 123
1786514566228 124
1786514566478 125
1786514566730 127
1786514566982 123
1786514567229 125
1786514567479 435
1786514568040 123
1786514568289 126
1786514568543 126
1786514568794 126
1786514569046 124
1786514569296 125
1786514569547 125
1786514569797 125
1786514570048 128
1786514570300 126
1786514570553 125
1786514570804 126
1786514571057 124
1786514571305 122
1786514571555 126
1786514571807 126
1786514572062 127
1786514572316 124
1786514572669 125
1786514572921 126
1786514573175 127
1786514573428 437
1786514573994 127
1786514574248 127
1786514574501 127
1786514574755 128
1786514575010 127
1786514575266 127
1786514575520 127
1786514575774 124
1786514576026 127
1786514576282 127
1786514576537 129
1786514576793 130
1786514577051 130
1786514577308 122
1786514577551 125
1786514577801 125
1786514578053 125
1786514578305 125
1786514578557 124
1786514578807 129
1786514579064 125
1786514579316 125
1786514579569 126
1786514579822 436
1786514580382 125
1786514580636 127
1786514580890 125
1786514581143 128
1786514581400 127
1786514581655 126
1786514581908 127
1786514582164 128
1786514582421 127
1786514582677 128
1786514582933 125
1786514583188 129
1786514583446 126
1786514583700 127
1786514583955 127
1786514584207 125
1786514584461 128
1786514584824 126
1786514585077 123
1786514585328 124
1786514585578 127
1786514585832 445
1786514586408 127
1786514586664 127
1786514586918 128
1786514587175 128
1786514587432 122
1786514587678 129
1786514587937 130
1786514588196 127
1786514588452 129
1786514588710 126
1786514588964 127
1786514589220 124
1786514589466 129
1786514589726 131
1786514589985 128
1786514590243 129
1786514590502 128
1786514590759 122
1786514591006 130
1786514591265 128
1786514591522 128
1786514591779 128
1786514592035 127
1786514592291 443
1786514592860 128
1786514593116 122
1786514593363 129
1786514593620 128
1786514593878 129
1786514594136 126
1786514594390 128
1786514594648 129
1786514594906 125
1786514595161 128
1786514595418 129
1786514595677 129
1786514595934 130
1786514596192 128
1786514596451 127
1786514596707 127
1786514596963 128
1786514597325 129
1786514597583 129
1786514597842 129
1786514598101 128
1786514598357 454
1786514598940 129
1786514599197 127
1786514599453 128
1786514599711 124
1786514599965 128
1786514600223 126
1786514600479 128
1786514600737 127
1786514600995 129
1786514601256 128
1786514601514 130
1786514601774 128
1786514602031 127
1786514602290 126
1786514602546 129
1786514602806 127
1786514603063 127
1786514603319 126
1786514603574 130
1786514603831 127
1786514604088 128
1786514604347 130
1786514604607 127
1786514604864 432
1786514605427 129
1786514605687 131
1786514605948 128
1786514606206 130
1786514606463 128
1786514606722 131
1786514606984 129
1786514607245 130
1786514607506 129
1786514607765 129
1786514608027 130
1786514608289 129
1786514608549 132
1786514608810 128
1786514609069 128
1786514609326 129
1786514609584 129
1786514609949 129
1786514610208 130
1786514610467 126
1786514610722 129
1786514610982 129
1786514611241 451
1786514611823 130
1786514612084 127
1786514612340 128
1786514612600 128
1786514612860 127
1786514613117 129
1786514613376 127
1786514613634 128
1786514613891 130
1786514614149 130
1786514614411 130
1786514614671 128
1786514614931 126
1786514615189 132
1786514615451 131
1786514615712 129
1786514615970 129
1786514616231 129
1786514616489 130
1786514616751 128
1786514617011 130
1786514617271 129
1786514617532 130
1786514617793 456
1786514618379 131
1786514618641 131
1786514618903 128
1786514619161 133
1786514619426 132
1786514619690 129
1786514619950 128
1786514620209 128
1786514620466 131
1786514620730 128
1786514620989 129
1786514621249 130
1786514621511 131
1786514621774 131
1786514622038 132
1786514622300 129
1786514622560 129
1786514622929 134
1786514623194 125
1786514623447 130
1786514623710 132
1786514623972 128
1786514624231 462
1786514624824 130
1786514625086 132
1786514625351 132
1786514625619 131
1786514625885 130
1786514626148 124
1786514626400 130
1786514626663 128
1786514626924 132
1786514627187 130
1786514627450 132
1786514627714 132
1786514627978 131
1786514628239 132
1786514628504 131
1786514628767 132
1786514629029 133
1786514629295 131
1786514629558 132
1786514629821 130
1786514630081 132
1786514630346 126
1786514630601 132
1786514630864 443
1786514631439 131
1786514631702 126
1786514631956 131
1786514632219 131
1786514632483 135
1786514632750 132
1786514633013 132
1786514633274 130
1786514633539 133
1786514633805 130
1786514634067 133
1786514634330 133
1786514634597 130
1786514634858 133
1786514635124 131
1786514635497 130
1786514635760 130
1786514636021 126
1786514636277 130
1786514636541 125
1786514636797 131
1786514637062 133
1786514637327 451
1786514637911 132
1786514638175 131
1786514638439 128
1786514638701 130
1786514638963 130
1786514639226 132
1786514639492 129
1786514639753 132
1786514640019 132
1786514640284 133
1786514640548 131
1786514640813 133
1786514641079 132
1786514641345 132
1786514641611 131
1786514641873 124
1786514642127 129
1786514642390 132
1786514642656 133
1786514642922 132
1786514643191 131
1786514643456 127
1786514643711 131
1786514643978 464
1786514644575 136
1786514644847 132
1786514645113 136
1786514645384 135
1786514645650 134
1786514645919 133
1786514646186 131
1786514646451 134
1786514646721 133
1786514646987 132
1786514647250 133
1786514647519 135
1786514647789 135
1786514648055 133
1786514648434 135
1786514648704 131
1786514648970 134
1786514649239 130
1786514649502 132
1786514649771 135
1786514650042 134
1786514650310 475
1786514650918 130
1786514651182 133
1786514651447 132
1786514651712 132
1786514651979 134
1786514652249 134
1786514652518 130
1786514652783 132
1786514653052 134
1786514653321 133
1786514653586 134
1786514653854 134
1786514654123 134
1786514654394 127
1786514654650 130
1786514654914 134
1786514655184 136
1786514655455 131
1786514655722 132
1786514655990 132
1786514656253 133
1786514656521 133
1786514656789 128
1786514657047 455
1786514657633 134
1786514657904 135
1786514658175 137
1786514658447 134
1786514658717 132
1786514658984 131
1786514659249 135
1786514659521 135
1786514659792 133
1786514660060 137
1786514660330 134
1786514660598 133
1786514660865 127
1786514661123 135
1786514661393 135
1786514661776 133
1786514662046 136
1786514662315 132
1786514662583 133
1786514662852 135
1786514663123 131
1786514663389 128
1786514663648 483
1786514664269 132
1786514664537 135
1786514664809 135
1786514665078 133
1786514665346 133
1786514665614 134
1786514665882 133
1786514666151 134
1786514666422 133
1786514666691 130
1786514666953 135
1786514667223 133
1786514667490 134
1786514667763 136
1786514668033 130
1786514668294 134
1786514668563 137
1786514668836 134
1786514669106 133
1786514669374 132
1786514669642 134
1786514669912 135
1786514670184 136
1786514670454 480
1786514671067 136
1786514671340 134
1786514671611 139
1786514671887 137
1786514672159 134
1786514672429 134
1786514672700 136
1786514672972 138
1786514673244 135
1786514673514 138
1786514673785 137
1786514674059 136
1786514674331 138
1786514674606 135
1786514674878 138
1786514675153 138
1786514675545 136
1786514675818 137
1786514676091 136
1786514676365 135
1786514676637 136
1786514676909 130
1786514677172 136
1786514677446 488
1786514678071 134
1786514678344 137
1786514678618 138
1786514678891 135
1786514679164 137
1786514679437 134
1786514679708 137
1786514679979 139
1786514680255 137
1786514680528 139
1786514680803 138
1786514681077 134
1786514681348 140
1786514681625 135
1786514681898 137
1786514682175 137
1786514682446 136
1786514682721 137
1786514682996 136
1786514683269 138
1786514683545 138
1786514683820 135
1786514684093 135
1786514684362 137
1786514684639 488
1786514685264 133
1786514685536 134
1786514685809 135
1786514686082 134
1786514686356 138
1786514686631 137
1786514686904 136
1786514687177 138
1786514687455 136
1786514687730 136
1786514688001 137
1786514688275 136
1786514688547 136
1786514688819 137
1786514689094 132
1786514689476 141
1786514689757 138
1786514690034 137
1786514690309 136
1786514690582 139
1786514690860 139
1786514691137 140
1786514691416 138
1786514691692 491
1786514692322 137
1786514692596 140
1786514692874 135
1786514693146 139
1786514693423 137
1786514693699 139
1786514693975 140
1786514694255 138
1786514694534 139
1786514694811 139
1786514695088 140
1786514695367 140
1786514695644 138
1786514695922 139
1786514696201 138
1786514696478 139
1786514696756 139
1786514697036 138
1786514697314 136
1786514697590 138
1786514697868 139
1786514698145 143
1786514698428 140
1786514698708 141
1786514698986 497
1786514699624 137
1786514699900 138
1786514700176 138
1786514700455 140
1786514700734 139
1786514701011 136
1786514701285 141
1786514701566 130
1786514701829 138
1786514702105 141
1786514702383 139
1786514702662 136
1786514702936 141
1786514703218 138
1786514703496 143
1786514703897 142
1786514704179 136
1786514704447 140
1786514704728 137
1786514705006 140
1786514705284 138
1786514705562 142
1786514705844 138
1786514706120 140
1786514706402 477
1786514707019 138
1786514707299 138
1786514707575 138
1786514707853 137
1786514708131 139
1786514708410 139
1786514708688 139
1786514708968 142
1786514709251 141
1786514709533 138
1786514709813 140
1786514710094 138
1786514710373 140
1786514710654 140
1786514710934 140
1786514711214 140
1786514711493 141
1786514711777 139
1786514712059 142
1786514712342 142
1786514712623 138
1786514712900 140
1786514713178 138
1786514713456 482
1786514714077 140
1786514714359 138
1786514714639 140
1786514714923 137
1786514715200 137
1786514715478 141
1786514715760 137
1786514716040 136
1786514716314 140
1786514716592 141
1786514716874 142
1786514717157 141
1786514717439 139
1786514717721 141
1786514718001 142
1786514718287 141
1786514718685 141
1786514718968 139
1786514719247 142
1786514719530 140
1786514719811 139
1786514720093 140
1786514720373 142
1786514720659 510
1786514721310 142
1786514721592 140
1786514721875 142
1786514722159 142
1786514722444 144
1786514722729 140
1786514723010 141
1786514723295 144
1786514723580 143
1786514723867 132
1786514724137 141
1786514724420 141
1786514724705 133
1786514724973 139
1786514725252 139
1786514725532 142
1786514725816 141
1786514726100 141
1786514726382 141
1786514726665 140
1786514726948 140
1786514727230 139
1786514727511 138
1786514727794 139
1786514728076 512
1786514728732 141
1786514729015 138
1786514729297 143
1786514729583 142
1786514729865 140
1786514730147 142
1786514730430 145
1786514730717 140
1786514730997 142
1786514731280 143
1786514731566 143
1786514731853 145
1786514732140 143
1786514732426 141
1786514732711 143
1786514732995 142
1786514733278 143
1786514733564 143
1786514733971 143
1786514734257 142
1786514734543 142
1786514734826 142
1786514735111 140
1786514735397 141
1786514735682 518
1786514736343 144
1786514736631 141
1786514736915 144
1786514737202 141
1786514737486 142
1786514737771 140
1786514738054 139
1786514738337 142
1786514738624 141
1786514738912 142
1786514739195 142
1786514739478 141
1786514739763 144
1786514740051 143
1786514740336 143
1786514740625 142
1786514740911 141
1786514741196 142
1786514741482 145
1786514741774 141
1786514742061 144
1786514742349 143
1786514742636 141
1786514742921 143
1786514743208 521
1786514743872 135
1786514744147 144
1786514744434 141
1786514744720 143
1786514745004 143
1786514745291 144
1786514745580 143
1786514745868 143
1786514746155 143
1786514746445 142
1786514746733 144
1786514747022 144
1786514747312 145
1786514747603 143
1786514747890 143
1786514748178 144
1786514748466 143
1786514748754 143
1786514749040 143
1786514749327 144
1786514749739 145
1786514750027 135
1786514750300 144
1786514750588 144
1786514750877 497
1786514751519 145
1786514751809 142
1786514752095 140
1786514752381 144
1786514752672 144
1786514752961 144
1786514753249 144
1786514753540 146
1786514753830 136
1786514754107 145
1786514754397 144
1786514754687 142
1786514754975 141
1786514755261 143
1786514755550 142
1786514755838 144
1786514756127 144
1786514756418 145
1786514756709 142
1786514756997 147
1786514757289 145
1786514757579 144
1786514757868 143
1786514758157 530
1786514758832 144
1786514759123 141
1786514759410 143
1786514759696 142
1786514759985 144
1786514760277 145
1786514760569 142
1786514760857 144
1786514761148 142
1786514761434 144
1786514761723 145
1786514762014 143
1786514762303 145
1786514762593 145
1786514762884 147
1786514763176 143
1786514763465 144
1786514763755 142
1786514764044 146
1786514764336 146
1786514764631 145
1786514764924 148
1786514765220 147
1786514765514 145
1786514765930 509
1786514766584 146
1786514766877 146
1786514767170 144
1786514767461 143
1786514767751 144
1786514768043 147
1786514768333 145
1786514768622 145
1786514768912 144
1786514769203 143
1786514769492 145
1786514769784 149
1786514770081 147
1786514770375 144
1786514770665 147
1786514770960 143
1786514771251 148
1786514771546 148
1786514771844 146
1786514772137 144
1786514772430 146
1786514772721 146
1786514773015 145
1786514773307 533
1786514773987 145
1786514774278 144
1786514774569 144
1786514774860 144
1786514775150 147
1786514775443 146
1786514775736 144
1786514776025 144
1786514776317 147
1786514776609 145
1786514776901 145
1786514777192 146
1786514777485 136
1786514777765 146
1786514778057 145
1786514778350 146
1786514778642 146
1786514778933 145
1786514779226 143
1786514779516 145
1786514779811 148
1786514780107 145
1786514780399 146
1786514780694 148
1786514780990 145
1786514781284 536
1786514781965 145
1786514782257 144
1786514782551 145
1786514782843 143
1786514783262 148
1786514783557 147
1786514783850 147
1786514784145 144
1786514784437 144
1786514784730 146
1786514785023 138
1786514785304 147
1786514785597 146
1786514785890 138
1786514786172 148
1786514786467 148
1786514786764 146
1786514787058 139
1786514787339 147
1786514787636 148
1786514787933 148
1786514788230 149
1786514788528 144
1786514788821 147
1786514789117 542
1786514789807 148
1786514790104 147
1786514790400 146
1786514790695 148
1786514790989 147
1786514791285 144
1786514791579 145
1786514791871 147
1786514792166 147
1786514792462 147
1786514792756 148
1786514793052 148
1786514793351 139
1786514793634 140
1786514793918 146
1786514794213 146
1786514794510 146
1786514794807 147
1786514795104 148
1786514795401 147
1786514795697 149
1786514795997 145
1786514796294 148
1786514796590 149
1786514797170 522
1786514797841 148
1786514798138 141
1786514798707 148
1786514799008 153
1786514799461 567
1786514800347 157
1786514800826 578
1786514801571 154
1786514801899 153
1786514802219 160
1786514802708 632
1786514803649 192
1786514804185 207
1786514804558 641
1786514805368 154
1786514805680 156
1786514806004 213
1786514806384 594
1786514807142 162
1786514807472 208
1786514808054 594
1786514808963 207
1786514809290 201
1786514809806 211
1786514810183 657
1786514811010 153
1786514811202 154
1786514811662 153
1786514811985 607
1786514812765 161
1786514813082 161
1786514813410 157
1786514813681 201
1786514813994 199
1786514814360 646
1786514815122 166
1786514815402 212
1786514815794 163
1786514816274 585
1786514816979 228
1786514817432 170
1786514817784 178
1786514818309 652
1786514819136 224
1786514819487 171
1786514819823 172
1786514820177 173
1786514820644 177
1786514820996 643
1786514821760 228
1786514822170 175
1786514822528 236
1786514822949 223
1786514823343 630
1786514824146 161
1786514824481 182
1786514824987 671
1786514826010 237
1786514826428 220
1786514826818 229
1786514827169 235
1786514827713 660
1786514828555 237
1786514829214 173
1786514829517 173
1786514829862 176
1786514830227 639
1786514831049 228
1786514831573 238
1786514831994 217
1786514832339 176
1786514832693 694
1786514833752 244
1786514834188 182
1786514834508 175
1786514834869 725
1786514835783 233
1786514836191 234
1786514836556 187
1786514836941 240
1786514837595 668
1786514838621 193
1786514839119 179
1786514839484 234
1786514839963 675
1786514840934 174
1786514841284 230
1786514841802 174
1786514842328 243
1786514842753 184
1786514843856 233
1786514844265 234
1786514844679 706
1786514845563 236
1786514845981 236
1786514846397 237
1786514846812 239
1786514847233 233
1786514847640 238
1786514848054 238
1786514848471 234
1786514848888 236
1786514849301 706
1786514850183 238
1786514850601 235
1786514851019 235
1786514851434 237
1786514852064 236
1786514852427 217
1786514852817 231
1786514853224 232
1786514853638 748
1786514854567 235
1786514854980 238
1786514855398 241
1786514855815 218
1786514856203 230
1786514856610 237
1786514857028 235
1786514857444 234
1786514857856 238
1786514858273 753
1786514859201 241
1786514859623 237
1786514860041 216
1786514860429 235
1786514861055 240
1786514861477 234
1786514861893 238
1786514862317 235
1786514862731 725
1786514863638 234
1786514864053 217
1786514864440 241
1786514864864 239
1786514865283 237
1786514865700 236
1786514866117 235
1786514866531 236
1786514866949 239
1786514867370 718
1786514868270 239
1786514868689 235
1786514869107 236
1786514869528 238
1786514870168 239
1786514870590 220
1786514870981 238
1786514871399 247
1786514871828 243
1786514872254 732
1786514873169 236
1786514873591 240
1786514874013 236
1786514874437 238
1786514874858 240
1786514875283 240
1786514875710 241
1786514876131 244
1786514876559 236
1786514876980 736
1786514877904 241
1786514878332 242
1786514878758 239
1786514879187 238
1786514879829 244
1786514880257 238
1786514880682 244
1786514881113 242
1786514881543 242
1786514881972 740
1786514882900 243
1786514883333 237
1786514883756 219
1786514884157 236
1786514884579 242
1786514885014 243
1786514885440 240
1786514885872 238
1786514886301 239
1786514886732 240
1786514887161 775
1786514888124 244
1786514888558 241
1786514888988 239
1786514889641 247
1786514890080 240
1786514890509 222
1786514890914 241
1786514891294 241
1786514891674 240
1786514892054 752
1786514892947 247
1786514893384 244
1786514893820 245
1786514894251 245
1786514894685 242
1786514895116 241
1786514895495 244
1786514895929 243
1786514896364 241
1786514896797 239
1786514897227 789
1786514898210 242
1786514898643 243
1786514899300 243
1786514899737 241
1786514900166 247
1786514900551 242
1786514900934 245
1786514901370 244
1786514901753 249
1786514902198 778
1786514903161 220
1786514903567 248
1786514903958 250
1786514904403 243
1786514904788 244
1786514905223 241
1786514905655 242
1786514906091 243
1786514906526 226
1786514906938 248
1786514907266 784
1786514908237 243
1786514908674 244
1786514909286 246
1786514909675 246
1786514910062 241
1786514910445 248
1786514910885 244
1786514911272 246
1786514911710 247
1786514912154 805
1786514913155 246
1786514913594 243
1786514913981 241
1786514914416 249
1786514914808 251
1786514915201 248
1786514915591 248
1786514916037 252
1786514916431 249
1786514916876 250
1786514917271 813
1786514918281 247
1786514918672 248
1786514919345 245
1786514919786 242
1786514920225 246
1786514920668 250
1786514921113 248
1786514921559 249
1786514922004 243
1786514922444 247
1786514922889 817
1786514923901 245
1786514924345 248
1786514924791 247
1786514925236 248
1786514925684 243
1786514926123 245
1786514926566 228
1786514926980 250
1786514927429 245
1786514927874 248
1786514928320 247
1786514928765 799
1786514929755 243
1786514930424 231
1786514930844 252
1786514931294 249
1786514931736 253
1786514932214 204
1786514932580 256
1786514932990 203
1786514933402 267
1786514933834 256
1786514934575 255
1786514947602 852
1786514949209 255
1786515115441 835
1786515116435 244
1786515116982 257
1786515117962 253
1786515149885 748
1786515165813 784
1786515170218 189
1786515170778 201
1786515171130 252
1786515171461 238
1786515171863 232
1786515172323 230
1786515172628 195
1786515172995 207
1786515173362 207
1786515174150 211
1786515174465 251
1786515176094 200
1786515176512 233
1786515185246 841
1786515195229 260
1786515196597 257
1786515199696 790
1786515203707 239
1786515209110 192
1786515209469 201
1786515209777 205
1786515210211 206
1786515210586 260
1786515211173 209
1786515211475 762
1786515212312 217
1786515212693 220
1786515213141 259
1786515213702 239
1786515214023 210
1786515214513 198
1786515214865 203
1786515215330 217
1786515215714 258
1786515216267 241
1786515249975 808
1786515250947 260
1786515251435 257
1786515251878 206
1786515252156 209
1786515252530 194
1786515252817 200
1786515253245 258
1786515254027 220
1786515254405 210
1786515254780 223
1786515255381 266
1786515256558 261
1786515257259 261
1786515259916 259
1786515265642 796
1786515295810 780
1786515296737 238
1786515297063 203
1786515297759 259
1786515298201 259
1786515298575 822
1786515299650 261
1786515300037 263
1786515300494 262
1786515300908 265
1786515301344 263
1786515301697 834
1786515302706 243
1786515303344 227
1786515303738 235
1786515304065 265
1786515304471 203
1786515304733 241
1786515305205 1074
1786515306420 235
1786515306810 263
1786515307207 211
1786515307600 268
1786515308009 263
1786515308413 269
1786515308772 220
1786515309388 873
1786515310509 267
1786515310868 270
1786515311232 245
1786515311713 267
1786515312133 267
1786515312581 847
1786515313524 215
1786515313919 271
1786515314416 253
1786515314760 209
1786515315183 250
1786515315802 255
1786515316274 273
1786515328481 904
1786515329601 228
1786515330055 225
1786515330453 256
1786515330887 225
1786515331343 272
1786515331720 278
1786515332230 918
1786515333372 265
1786515333803 280
1786515334265 275
1786515334710 280
1786515335159 276
1786515335609 258
1786515336093 263
1786515336515 276
1786515337020 229
1786515337420 278
1786515337866 279
1786515338561 280
1786515339070 230
1786515339399 279
1786515339918 261
1786515340405 281
1786515340915 233
1786515341606 231
1786515341942 282
1786515342458 932
1786515343520 277
1786515344031 282
1786515344482 264
1786515344854 274
1786515345232 277
1786515345684 279
1786515346137 230
1786515346607 282
1786515347128 235
1786515347538 280
1786515347927 234
1786515348376 270
1786515348885 232
1786515349221 280
1786515349751 933
1786515350850 281
1786515351312 285
1786515351837 263
1786515352312 254
1786515352671 277
1786515353126 280
1786515353650 280
1786515354061 288
1786515354464 281
1786515354910 282
1786515355421 258
1786515356119 259
1786515356436 256
1786515356871 260
1786515357366 950
1786515358493 288
1786515358900 237
1786515359314 287
1786515359786 237
1786515360263 236
1786515360735 235
1786515361140 287
1786515361609 283
1786515362008 286
1786515362545 289
1786515362944 287
1786515363414 285
1786515363827 288
1786515364296 237
1786515364776 907
1786515365859 284
1786515366384 290
1786515366914 282
1786515367366 291
1786515367899 283
1786515368299 287
1786515368767 289
1786515369303 236
1786515369781 235
1786515370443 290
1786515370854 292
1786515371385 241
1786515371742 979
1786515372892 241
1786515373373 286
1786515373834 290
1786515374310 292
1786515374844 295
1786515375380 290
1786515375859 287
1786515376318 289
1786515376790 290
1786515377269 285
1786515377740 289
1786515378216 290
1786515378576 230
1786515378988 292
1786515379350 987
1786515380587 244
1786515381025 275
1786515381422 289
1786515381782 294
1786515382332 293
1786515382751 291
1786515383167 292
1786515383640 292
1786515384120 299
1786515384491 291
1786515384906 294
1786515385563 297
1786515386110 248
1786515399126 975
1786515400586 241
1786515400894 292
1786515401436 294
1786515402045 288
1786515403251 246
1786515403753 242
1786515404250 292
1786515405047 295
1786515406184 293
1786515406728 297
1786515450132 993
1786515451310 288
1786515451787 291
1786515452330 296
1786515452692 295
1786515453249 299
1786515453667 250
1786515454171 298
1786515454666 294
1786515455151 292
1786515455630 294
1786515456119 295
1786515456533 296
1786515457321 292
1786515457792 293
1786515459041 296
1786515459468 242
1786515459900 284
1786515460305 276
1786515460816 273
1786515461207 236
1786515461634 239
1786515461996 276
1786515462452 223
1786515462859 238
1786515463227 273
1786515463739 928
1786515464988 266
1786515465721 280
1786515466122 276
1786515466692 269
1786515467100 268
1786515467486 268
1786515468054 269
1786515468483 271
1786515469173 274
1786515469568 269
1786515470006 282
1786515517457 947
1786515518526 292
1786515519013 246
1786515519512 295
1786515519931 301
1786515520425 296
1786515520973 299
1786515521345 295
1786515521894 298
1786515522440 294
1786515522925 252
1786515523436 301
1786515523934 293
1786515524353 301
1786515524996 295
1786515525558 244
1786515526070 249
1786515526586 245
1786515527036 302
1786515527544 294
1786515528102 300
1786515528866 298
1786515540522 969
1786515545917 295
1786515549341 289
1786515566542 943
1786515571091 295
1786515571573 248
1786515582183 992
1786515583545 297
1786515583978 305
1786515584616 299
1786515584992 295
1786515585732 247
1786515586752 249
1786515587209 321
1786516568513 1024
1786516569801 307
1786516570351 313
1786516570929 304
1786516571369 306
1786516572099 307
1786516572544 316
1786516573132 251
1786516573526 311
1786516574033 309
1786516814848 938
1786516816049 252
1786516817045 245
1786516817490 242
1786516817926 319
1786516818511 314
1786516818950 238
1786516819538 289
1786516820064 291
1786516969030 1007
1786516970142 249
1786516970490 314
1786516970966 310
1786516972183 318
1786516972747 295
1786516973743 314
1786516974277 257
1786516974615 249
1786516975086 256
1786516975570 318
1786516976005 313
1786516976657 256
1786516977279 317
1786516977832 314
1786516978474 318
1786516979718 315
1786516980363 326
1786516981012 258
1786516981569 315
1786516982187 321
1786516983659 1028
1786516984888 325
1786516985856 259
1786516986343 309
1786516989514 326
1786516990129 322
1786516991399 255
1786516991738 257
1786516992138 261
1786516992560 258
1786516992966 256
1786516993384 261
1786516993872 314
1786516994854 312
1786517070163 916
1786517432043 886
1786517433199 251
1786517433710 310
1786517482349 987
1786517483536 252
1786517483926 254
1786517484450 318
1786517484980 257
1786517485437 313
1786517485957 252
1786517916619 926
1786517917740 246
1786517918536 287
1786517919081 245
1786517919585 247
1786517920026 308
1786517920775 236
1786517921205 246
1786517921588 257
1786517922544 317
1786517923316 316
1786517924289 308
1786517924731 291
1786517925160 304
1786517926813 310
1786517927774 242
1786517928216 291
1786517929136 303
1786517929638 296
1786517930244 303
1786517931263 996
1786517932459 289
1786517933467 299
1786517933974 302
1786517934825 314
1786517935337 263
1786517936230 248
1786517936673 252
1786518075623 982
1786518076888 307
1786518077289 307
1786518077764 256
1786518078633 292
1786518079984 310
1786518080503 300
1786518081012 294
1786518081545 256
1786518081911 320
1786518083047 323
1786518083706 258
1786518084770 307
1786518085391 261
1786518086249 261
1786518088174 256
1786518088611 262
1786518089088 325
1786518089716 1026
1786518090955 326
1786518091561 259
1786518092980 263
1786518093497 261
1786518094040 261
1786518094577 324
1786518095624 260
1786518514417 920
1786518515557 263
1786518515967 320
1786518516504 260
1786518516985 314
1786518517518 315
1786518517979 314
1786518518445 315
1786518518982 326
1786518519456 303
1786518519975 323
1786518520526 261
1786518521068 262
1786518521474 319
1786518522002 317
1786518522461 260
1786518522930 310
1786518523504 327
1786518574670 949
1786518576532 321
1786518577123 306
1786518578645 309
1786518579427 302
1786518579993 256
1786518580466 262
1786518588260 976
1786518607440 1031
1786518612880 316
1786519014392 973
1786519016442 268
1786519016918 319
1786519018059 259
1786519018529 262
1786519019666 305
1786519020180 314
1786519021434 321
1786519167956 979
1786519169220 250
1786519169709 260
1786519172217 264
1786519172757 307
1786519173219 307
1786519173689 311
1786519174224 252
1786519174618 247
1786519175036 246
1786519175413 248
1786519175807 300
1786519176350 247
1786519176751 304
1786519177191 301
1786519178079 296
1786519179119 251
1786519179519 250
1786519179921 298
1786519180396 314
1786519180948 315
1786519181689 983
1786519182899 262
1786519183535 329
1786519184113 268
1786519184621 328
1786519185248 260
1786519185778 267
1786519186300 258
1786519186716 300
1786519187129 253
1786519187569 254
1786519188555 329
1786519189292 324
1786519189820 305
1786519191013 303
1786519191465 306
1786519191864 315
1786519201028 979
1786519202729 318
1786519577045 996
1786519578268 331
1786519578888 327
1786519579458 327
1786519580022 329
1786519580595 278
1786519581109 339
1786519581676 276
1786519582194 341
1786519582705 338
1786519583274 277
1786519583715 342
1786519584297 279
1786519584814 277
1786519585331 324
1786519585820 334
1786519586389 276
1786519586951 335
1786519594992 1027
1786519636397 1005
1786519637667 251
1786519638185 255
1786519638907 270
1786519639387 333
1786519639945 318
1786519650414 1045
1786519664330 270
1786519678845 933
1786519680050 315
1786519680820 265
1786519681847 254
1786519733196 992
1786519734415 334
1786519781344 1000
1786520068583 1000
1786520069879 332
1786520071002 338
1786520071513 262
1786520072889 273
1786520073404 272
1786520074658 331
1786520075905 332
1786520076474 333
1786520076970 334
1786520078250 330
1786520222155 1033
1786520223357 263
1786520224373 338
1786520224918 324
1786520225508 334
1786520226541 321
1786520227022 315
1786520227770 314
1786520228327 260
1786520228720 271
1786520229237 336
1786520229819 277
1786520230244 330
1786520230850 341
1786520231506 338
1786520234594 285
1786520235141 333
1786520235770 275
1786520236334 281
1786520236859 1059
1786520238166 336
1786520238636 350
1786520239180 286
1786520239937 323
1786520240498 329
1786520241294 279
1786520629533 1004
1786520630838 344
1786520631292 342
1786520631873 280
1786520632453 281
1786520632910 283
1786520633495 340
1786520634091 354
1786520634561 324
1786520635127 271
1786520635650 281
1786520636176 337
1786520636760 284
1786520637296 274
1786520637809 281
1786520638334 317
1786520638833 316
1786520639437 283
1786520639954 341
1786520640514 333
1786520641012 284
1786520641583 283
1786520642097 336
1786520642658 333
1786520643160 1065
1786520661382 1058
1786520699979 1059
1786520701335 346
1786520701986 344
1786520702909 342
1786520703922 325
1786520715953 1053
1786520744108 1008
1786520745354 331
1786520784288 975
1786521125255 1059
1786521127613 341
1786521128682 342
1786521129273 342
1786521130499 274
1786521131012 283
1786521132192 284
1786521132711 290
1786521133737 280
1786521134296 276
1786521134810 272
1786521135872 268
1786521136374 276
1786521137281 315
1786521137823 322
1786521138371 265
1786521139273 337
1786521139895 1043
1786521283290 1066
1786521285440 277
1786521286664 282
1786521287063 274
1786521287518 331
1786521288107 272
1786521288583 277
1786521289148 326
1786521289758 343
1786521290381 284
1786521290840 326
1786521291376 319
1786521292554 342
1786521293559 266
1786521294475 343
1786521295033 351
1786521295650 294
1786521296279 289
1786521297218 294
1786521297641 292
1786521298136 1086
1786521299527 335
1786521300414 346
1786521301014 327
1786521301672 282
1786521302201 342
1786521650141 1012
1786521651275 349
1786521651751 287
1786521652280 344
1786521652927 328
1786521653427 338
1786521654014 285
1786521654592 289
1786521655000 278
1786521655505 271
1786521656001 283
1786521656514 342
1786521657087 341
1786521671223 1051
1786521705179 1080
1786521706568 357
1786521707235 358
1786521708063 281
1786521709460 293
1786521746852 991
1786521766874 1111
1786522128886 1086
1786522130283 298
1786522131267 296
1786522131817 279
1786522133349 351
1786522134687 352
1786522135281 355
1786522136497 282
1786522137015 274
1786522137565 272
1786522138117 342
1786522138930 291
1786522139628 347
1786522140156 335
1786522140894 292
1786522141431 290
1786522141964 339
1786522142477 287
1786522143352 294
1786522143889 1105
1786522286714 1108
1786522289748 278
1786522290376 340
1786522290976 295
1786522291482 296
1786522291988 359
1786522292701 353
1786522293288 299
1786522293805 300
1786522297308 295
1786522298461 350
1786522300336 345
1786522300925 353
1786522301464 359
1786522302784 1089
1786522304117 337
1786522304622 358
1786522305160 296
1786522305635 293
1786522306102 280
1786522306609 287
1786522307131 349
1786522307716 348
1786522308553 337
1786522310056 343
1786522310629 289
1786522650518 997
1786522651766 346
1786522652433 365
1786522653117 300
1786522653737 300
1786522654288 355
1786522654883 298
1786522655483 298
1786522702517 1050
1786522703879 361
1786522704557 359
1786522705231 304
1786522705787 296
1786522706393 283
1786522707154 345
1786522707793 280
1786522708519 331
1786522709560 335
1786522710138 293
1786522710968 277
1786522731255 1041
1786522732606 297
1786522733210 287
1786522733914 289
1786522734456 294
1786523127609 1090
1786523129404 333
1786523129983 345
1786523130623 287
1786523131566 364
1786523132189 367
1786523133602 291
1786523134131 334
1786523135165 292
1786523135764 346
1786523137007 356
1786523137688 347
1786523138739 365
1786523139423 296
1786523139974 288
1786523140811 305
1786523141302 362
1786523141927 337
1786523143104 1048
1786523144395 301
1786523289765 1104
1786523291133 364
1786523292873 367
1786523294951 353
1786523296704 355
1786524106838 1113
1786524108926 336
1786524109511 359
1786524250934 1137
1786524258180 302
1786524258812 364
1786524260367 360
1786524260924 292
1786524262358 300
1786524262834 335
1786526229485 1079
1786526232473 291
1786526232999 291
1786526535033 1030
1786526585097 1108
1786526586700 341
1786526587525 289
1786526588065 364
1786526588753 361
1786526592931 292
1786526593653 293
1786526594363 284
1786526594948 333
1786526607101 1070
1786526637978 1048
1786526677047 1035
1786527009677 1016
1786527011601 305
1786527018041 300
1786527018537 360
1786527019644 366
1786527721857 1026
1786527723198 335
1786527723781 345
1786527724327 355
1786527724940 296
1786527725417 295
1786527725828 361
1786527726738 353
1786527727274 364
1786527727894 299
1786527728604 299
1786527729085 283
1786527729606 272
1786527730164 277
1786527730674 324
1786527731230 333
1786527731839 330
1786527732448 349
1786527733038 355
1786527733681 357
1786527734338 292
1786527734909 1080
1786527736225 328
1786527736666 322
1786527737151 276
1786527737659 276
1786527738216 276
1786527738733 297
1786527739277 295
1786527739819 287
1786527740336 354
1786527740995 367
1786527741673 335
1786527742265 291
1786527742675 298
1786527743152 296
1786527743699 297
1786527744300 337
1786527745241 1039
1786528240455 1084
1786528398573 1094
1786528399785 354
1786528400385 342
1786528400887 281
1786528401693 367
1786528886505 1098
1786528887906 363
1786528888521 301
1786528889005 344
1786528889471 350
1786529019023 1064
1786529020388 358
1786529020904 343
1786529021543 367
1786529022096 344
1786529022683 359
1786529023161 293
1786529030543 365
1786529031170 353
1786529031755 354
1786529032351 361
1786529188701 1119
1786529189933 359
1786529190416 354
1786529349995 1057
1786529351537 370
1786529352932 370
1786529353603 365
1786529354219 369
1786529354881 362
1786529355424 351
1786529356666 289
1786529357254 293
1786529357795 362
1786529358804 365
1786529391124 1023
1786529392393 293
1786529523034 1089
1786529525077 346
1786529525598 360
1786529526147 302
1786529526685 305
1786529527890 307
1786529692259 1102
1786529693678 302
1786529694226 303
1786529694774 301
1786529695305 342
1786530013943 1135
1786530178647 1059
1786530179944 286
1786530180514 339
1786530181147 347
1786530182609 367
1786530183150 370
1786530183769 376
1786530184446 369
1786530184992 374
1786530185678 368
1786530186293 367
1786530349029 1098
1786530350312 296
1786530350781 295
1786530351250 291
1786530352531 341
1786530695699 1138
1786530697065 349
1786530697648 343
1786530698229 349
1786530698859 304
1786530699289 349
1786530700053 346
1786530709569 352
1786530873374 1154
1786530875117 370
1786530875666 378
1786530876282 372
1786530965069 1154
1786530966351 355
1786530967246 375
1786530967878 368
1786531044266 1149
1786531045663 361
1786531134670 1153
1786531136085 376
1786531136591 370
1786531137273 375
1786531137899 368
1786531138517 317
1786531139085 315
1786531139652 312
1786531140205 366
1786531141041 369
1786531141648 299
1786531142123 364
1786531142732 368
1786531143419 372
1786531308407 1108
1786531309770 376
1786531534998 1113
1786531645740 1167
1786531648195 296
1786531667794 1119
1786531669091 370
1786531671010 320
1786531671505 314
1786531672129 376
1786531672812 369
1786531749990 1125
1786531751291 315
1786531751848 313
1786531752737 379
1786531753419 311
1786531753918 378
1786531754606 313
1786531755241 353
1786531836216 1168
1786531837584 377
1786531838213 376
1786531989365 1127
1786531990733 368
1786532004592 320
1786532005900 1174
1786532007388 383
1786532007970 384
1786532008533 322
1786532071128 1182
1786532102875 1128
1786532104185 362
1786532104799 303
1786532105402 375
1786532106095 353
1786532264114 1077
1786532330446 1103
1786532331909 295
1786532494354 1190
1786532497128 318
1786532498000 374
1786532655740 1169
1786532661203 374
1786532661708 360
1786532662296 372
1786532662979 300
1786532663584 308
1786532758550 1097
1786532760092 312
1786532764258 359
1786532764965 373
1786532765527 361
1786532766179 378
1786532766926 306
1786532767523 313
1786532768076 314
1786532768657 367
1786532830847 1124
1786532832231 317
1786532832685 321
1786532833183 371
1786532937050 1167
1786532938970 324
1786532998223 1198
1786533103768 1098
1786533105118 324
1786533105645 324
1786533106283 372
1786533107951 323
1786533108476 312
1786533109104 372
1786533109661 375
1786533110358 389
1786533111325 324
1786533111834 324
1786533276944 1095
1786533278343 311
1786533278906 316
1786533279550 384
1786533280193 362
1786533445185 1176
1786533446488 361
1786533447146 314
1786533447724 310
1786533611636 1165
1786533616744 388
1786533617433 385
1786533781037 1158
1786533782451 326
1786533818979 1169
1786533820404 375
1786533820974 361
1786533821509 305
1786533821985 311
1786533822542 386
1786533823189 308
1786533823680 361
1786533946215 1227
1786534066016 1161
1786534067788 389
1786534068452 326
1786534068912 324
1786534069803 325
1786534070374 326
1786534110362 1210
1786534111821 378
1786534236263 1188
1786534238298 359
1786534238953 316
1786534239560 310
1786534241205 362
1786534241813 314
1786534242377 375
1786534243000 376
1786534276486 1187
1786534278480 381
1786534278997 316
1786534418871 1176
1786534420378 365
1786534443760 1233
1786534445528 376
1786534446397 382
1786534447042 382
1786534447658 386
1786534449059 386
1786534449946 386
1786534450602 331
1786534451067 382
1786534451704 388
1786534452348 383
1786534615165 1225
1786534616710 390
1786534617370 392
1786534617897 325
1786534618773 333
1786534620084 332
1786534620540 383
1786534621191 393
1786534718811 1247
1786534720374 393
1786534885548 1197
1786534887012 392
1786534887678 333
1786534888348 316
1786534888990 383
1786534889965 364
1786535053689 1229
1786535055179 329
1786535055822 334
1786535056477 382
1786535057925 312
1786535120614 1167
1786535122022 368
1786535125289 379
1786535126014 387
1786535221974 1183
1786535223417 392
1786535278499 1241
1786535280069 389
1786535280649 377
1786535291944 396
1786535292602 368
1786535388681 1194
1786535390697 387
1786535391292 382
1786535391998 393
1786535447361 1249
1786535448944 339
1786535449558 369
1786535459657 383
1786535460596 370
1786535461505 368
1786535462137 356
1786538408794 1172
1786538573478 1192
1786538740955 1276
1786538742537 395
1786538743255 374
1786538747216 376
1786538748370 404
1786538749072 406
1786538749815 401
1786538750511 325
1786538918355 1176
1786538919851 334
1786539083893 1284
1786539249871 1306
1786539251394 332
1786539252331 321
1786539253311 375
1786539254017 388
1786539413342 1295
1786539414906 422
1786539415618 407
1786539582900 1186
1786539584417 345
1786539585041 403
1786539585939 400
1786539586615 341
1786539587308 342
1786539587856 405
1786539591359 376
1786539591995 405
1786539752643 1247
1786539754091 393
1786539754766 394
1786539755699 379
1786539756405 330
1786539759244 344
1786539759878 401
1786539762551 408
1786539763795 320
1786539771407 1245
1786539772796 420
1786539773703 346
1786539791142 1252
1786539792538 348
1786539793258 426
1786539933177 1289
1786539934804 345
1786539960709 1229
1786540113217 1240
1786540115062 345
1786540115710 348
1786540129433 397
1786540130106 334
1786540130636 343
1786540283370 1313
1786540284956 419
1786540285727 345
1786540286428 407
1786540303887 1292
1786540305509 383
1786540306083 384
1786540306744 383
1786540307705 379
1786540308810 400
1786540474888 1347
1786540476436 390
1786540477435 349
1786540478077 395
1786540478797 413
1786540479354 337
1786540479997 324
1786540646003 1252
1786540647539 426
1786540648172 430
1786540648887 404
1786540649510 417
1786540650297 352
1786540650935 355
1786540817753 1264
1786540819289 333
1786540819944 639
1786540820837 388
1786540821557 340
1786540822115 348
1786540822764 355
1786540823259 353
1786540823892 350
1786540824818 391
1786540825340 388
1786540989035 1235
1786540990407 354
1786540991176 431
1786540991945 430
1786540992873 414
1786540993497 412
1786540994198 416
1786541129970 1294
1786541131406 395
1786541132069 410
1786541164923 1291
1786541166446 439
1786541168060 355
1786541168681 359
1786541302066 1319
1786541303593 388
1786541305129 435
1786541308062 411
1786541308701 420
1786541309764 425
1786541310484 421
1786541311205 357
1786541340432 1293
1786541478496 1303
1786541480082 345
1786541480713 352
1786541646153 1359
1786541647848 438
1786541648650 365
1786541649320 350
1786541664284 414
1786541665037 1335
1786541666710 406
1786541667462 334
1786541668085 335
1786541668699 357
1786541669715 455
1786541670462 423
1786541671189 422
1786541671922 426
1786541837667 1315
1786541839357 417
1786541840135 418
1786541840922 421
1786541841943 417
1786541842660 359
1786541843215 360
1786541843880 357
1786541844602 438
1786541845341 343
1786541845965 389
1786541846496 354
1786541847067 421
1786541847612 339
1786541848236 427
1786541848924 421
1786542012876 1343
1786542014509 421
1786542015194 397
1786542015874 339
1786542016503 393
1786542017175 337
1786542017707 351
1786542018363 441
1786542019110 427
1786542019880 390
1786542186049 1362
1786542187640 451
1786542188403 425
1786542189176 356
1786542189882 427
1786542190484 431
1786542191255 413
1786542191906 419
1786542355154 1400
1786542356911 426
1786542357973 361
1786542358702 367
1786542362285 441
1786542494779 1281
1786542496947 410
1786542497710 442
1786542498459 406
1786542499172 417
1786542499822 405
1786542500514 355
1786542834009 1345
1786542835661 434
1786542836395 436
1786542837106 427
1786542841148 368
1786542983219 1377
1786543004532 1339
1786543006668 446
1786543007415 453
1786543008230 454
1786543150536 1405
1786543152680 430
1786543153425 363
1786543154098 366
1786543155419 464
1786543175457 1297
1786543208214 1364
1786543209918 347
1786543210555 438
1786543372606 1409
1786543491169 1379
1786543492909 453
1786543493609 457
1786543494378 447
1786543495134 368
1786543524345 1416
1786543659457 1435
1786543661191 436
1786543661937 373
1786543662875 373
1786543667221 456
1786543688587 1384
1786543694129 462
1786543698547 373
1786543699443 436
1786543700197 368
1786543701899 428
1786543702571 435
1786543703314 410
1786543704024 426
1786543704697 377
1786543705433 446
1786543706138 418
1786543706857 408
1786543707558 429
1786543708218 1398
1786543872137 1351
1786543873767 353
1786543874427 360
1786543875157 350
1786543875858 436
1786543876822 441
1786543877570 439
1786543878237 374
1786553207166 1463
1786553209043 475
1786553209876 474
1786553210715 473
1786553680921 1466
1786553697655 400
1786553698887 415
1786553699591 410
1786553700423 1423
1786553702150 421
1786553702944 471
1786553703854 473
1786554015464 1434
1786554017322 417
1786554018111 478
1786554182804 1465
1786554184665 394
1786554185779 513
1786554187273 403
1786554188448 470
1786554189274 474
1786554190110 474
1786554520153 1535
1786554522037 519
1786554522992 473
1786554688832 1542
1786554690739 475
1786554691636 417
1786554692401 413
1786554879091 1479
1786554880753 410
1786554953190 1448
1786554954994 474
1786554955811 457
1786554956612 471
1786554957432 473
1786554958258 463
1786554959064 416
1786554960141 400
1786554960949 423
1786554993873 1394
1786554995622 408
1786554996427 405
1786555132933 1447
1786555135048 486
1786555135888 407
1786555136477 402
1786555137217 499
1786555138120 518
1786555309342 1470
1786555311209 403
1786555312285 509
1786555313162 517
1786555482339 1465
1786555484105 520
1786555485547 419
1786555508175 1450
1786555649518 1494
1786555651194 474
1786555651864 408
1786555652453 455
1786555653138 499
1786555679571 1457
1786555681457 461
1786555682635 422
1786555683422 487
1786555684338 423
1786555685132 462
1786555687572 401
1786555688260 410
1786555689060 518
1786555689943 488
1786555690703 436
1786555691563 426
1786555692291 469
1786555693110 491
1786556222258 1521
1786556224129 409
1786556224872 474
1786556225634 457
1786556226493 482
1786556227348 488
1786556228203 469
1786556561381 1489
1786556563229 426
1786556564010 430
1786556564624 415
1786556737438 1554
1786556739331 473
1786556740051 492
1786556897020 1562
1786556898937 473
1786556899707 476
1786556919433 1487
1786556921346 424
1786556922138 474
1786557070433 1495
1786557078154 537
1786557079002 474
1786557247268 1595
1786557249167 425
1786557249949 429
1786557250752 429
1786557251523 433
1786557252385 499
1786557258262 529
1786557425900 1600
1786557427805 500
1786557429422 532
1786557430268 492
1786557434713 492
1786557439648 528
1786557591195 1575
1786557593130 504
1786557593994 499
1786557608197 472
1786557609031 422
1786557609805 520
1786557610621 480
1786557611454 484
1786557612119 474
1786557613116 1499
1786557614982 518
1786557782167 1504
1786557784012 409
1786557784834 504
1786557785977 477
1786557786755 489
1786557787622 422
1786558112880 1462
1786558114718 434
1786558115515 542
1786558116419 480
1786558117560 436
1786558118348 448
1786558119052 505
1786558119744 498
1786558120640 441
1786558283358 1536
1786558288006 517
1786558288709 473
1786558289484 534
1786558290312 498
1786558453412 1588
1786558455372 438
1786558456116 496
1786558456969 440
1786558458266 491
1786558459121 496
1786558459975 427
1786558461832 444
1786558612804 1593
1786558614703 503
1786558677473 1543
1786558679305 477
1786558782465 1482
1786558784390 539
1786558785233 506
1786558786108 508
1786558787023 506
1786558787829 443
1786558788654 546
1786558789581 496
1786558790515 438
1786559719442 1541
1786559721446 507
1786559722362 486
1786559723246 506
1786559724145 499
1786559725092 555
1786559726110 577
1786559727550 569
1786559728507 503
1786559729419 574
1786559730470 441
1786559731308 445
1786559732091 440
1786559732949 444
1786559733805 579
1786559734727 434
1786559735560 575
1786559736540 448
1786559737459 1434
1786559739371 444
1786559740679 433
1786559741448 440
1786559742376 580
1786559743363 558
1786559744372 579
1786559745444 576
1786559747111 506
1786559747815 503
1786559748670 583
1786559749641 579
1786559750677 502
1786559751656 489
1786559752458 578
1786559753445 578
1786559754411 580
1786559755376 510
1786559756369 1620
1786559758348 504
1786559759325 497
1786559760271 499
1786559762755 485
1786561890908 1578
1786561894155 582
1786561895168 511
1786562060617 1466
1786562062525 438
1786562063291 453
1786562064070 435
1786562064950 436
1786562228171 1649
1786562230595 459
1786562231448 462
1786562232352 447
1786562277874 1521
1786562279854 513
1786562280707 521
1786562281633 522
1786562282604 449
1786562283392 455
1786562284238 454
1786562285165 460
1786562565620 1530
1786562624315 1591
1786562626371 520
1786562627273 517
1786562753553 1579
1786562755597 489
1786562924385 1519
1786562929444 597
1786563006768 1657
1786563008746 442
1786563009637 573
1786563010662 438
1786563011474 446
1786563125327 1522
1786563127312 461
1786563128210 588
1786563129059 510
1786563130015 513
1786563131001 521
1786563131849 518
1786563132688 432
1786563229753 1531
1786563393248 1596
1786563429787 1600
1786563568045 1520
1786563569868 449
1786563570698 444
1786563571668 583
1786563572693 444
1786563573516 511
1786563574850 460
1786563575709 514
1786563576623 456
1786563577396 514
1786563578309 571
1786563760756 1525
1786563762721 447
1786563776421 461
1786563777553 449
1786563778436 444
1786563779069 437
1786563779693 594
1786563780916 460
1786563781771 519
1786563948126 1620
1786564002468 1613
1786564004519 458
1786564005376 495
1786564006465 515
1786564172338 1593
1786564174324 509
1786564175573 590
1786564176566 492
1786564288448 1613
1786564290495 439
1786564339344 1643
1786564341684 492
1786564342947 430
1786564343745 503
1786564344685 504
1786564438091 1606
1786564440144 518
1786564441477 595
1786564442460 529
1786564443294 518
1786564551732 1580
1786564623943 1679
1786564626933 461
1786564627733 465
1786564628582 460
1786564629516 462
1786564630405 465
1786564779378 1688
1786564781518 600
1786564794053 455
1786564794704 460
1786564795411 438
1786564800451 601
1786564801379 1505
1786564934338 1587
1786564936311 488
1786564936980 437
1786564962292 1552
1786564964183 460
1786564965037 464
1786564965944 521
1786564966863 517
1786564967781 524
1786564968699 522
1786564969605 465
1786564973677 504
1786564974431 506
1786564975781 532
1786564976777 525
1786564977763 458
1786564978603 598
1786564979531 530
1786565793320 1565
1786565798124 526
1786565799045 595
1786565961221 1565
1786565963177 464
1786565964123 452
1786565964740 522
1786565965890 473
1786565968162 459
1786566097999 1626
1786566101616 457
1786566106593 459
1786566107503 458
1786566108364 462
1786566135831 1589
1786566137827 470
1786566138549 463
1786566256486 1514
1786566258463 585
1786566260179 473
1786566261062 464
1786566303934 1714
1786566305934 530
1786566306814 534
1786566307739 523
1786566308680 533
1786566310545 468
1786566314452 467
1786566315311 442
1786566316429 456
1786566317350 468
1786566477875 1635
1786566479901 526
1786566481264 532
1786566482185 500
1786566483020 500
1786566649569 1542
1786566651448 471
1786566652499 530
1786566928774 1575
1786566930746 456
1786566931590 460
1786566932501 533
1786567024314 1535
1786567026259 534
1786567027204 477
1786567028016 453
1786567028859 589
1786567029735 508
1786567030629 459
1786567034881 467
1786567264080 1656
1786567266119 472
1786567266929 580
1786567267911 466
1786567268857 536
1786567269847 600
1786567270923 607
1786567271869 528
1786567272775 513
1786567435761 1671
1786567441164 454
1786567441933 453
1786567442765 567
1786567443714 451
1786567444544 525
1786612945534 1760
1786612947714 618
1786613094656 1654
1786613096769 615
1786613098514 552
1786613099845 577
1786613100877 511
1786613105578 572
1786613106895 572
1786613107802 567
1786613108808 573
1786613109810 541
1786613111711 534
1786613112494 534
1786613267143 1656
1786613269150 493
1786613270052 505
1786613270963 487
1786613271879 507
1786613273412 574
1786613274485 514
1786613275857 499
