1787634447234 93
1787634447370 67
1787634447487 61
1787634447599 112
1787634447759 89
1787634447898 84
1787634448035 90
1787634448175 88
1787634448317 92
1787634448462 92
1787634448605 88
1787634448740 94
1787634448887 93
1787634449035 96
1787634449187 98
1787634449334 99
1787634449486 95
1787634449635 97
1787634449782 99
1787634449935 100
1787634450088 97
1787634450240 100
1787634450396 101
1787634450552 104
1787634450710 102
1787634450867 105
1787634451025 107
1787634451182 108
1787634451349 109
1787634451515 110
1787634451679 112
1787634451848 113
1787634452015 112
1787634452187 108
1787634452352 115
1787634452527 116
1787634452700 117
1787634452878 118
1787634453051 118
1787634453226 119
1787634453406 118
1787634453584 120
1787634453766 119
1787634453940 120
1787634454114 122
1787634454290 121
1787634454467 122
1787634454646 121
1787634454820 125
1787634455003 124
1787634455186 126
1787634455375 127
1787634455562 127
1787634455753 129
1787634455945 129
1787634456136 42
1787634456216 128
1787634456383 41
1787634456487 130
1787634456658 42
1787634456774 131
1787634456966 43
1787634457048 131
1787634457258 43
1787634457357 132
1787634457531 40
1787634457614 128
1787634457816 42
1787634457950 134
1787634458158 43
1787634458275 133
1787634458505 44
1787634458622 132
1787634458825 43
1787634458932 134
1787634459104 42
1787634459189 133
1787634459423 43
1787634459531 133
1787634459743 43
1787634459860 135
1787634460090 43
1787634460213 136
1787634460427 43
1787634460527 136
1787634460742 43
1787634460860 136
1787634461061 43
1787634461147 42
1787634461263 137
1787634461479 43
1787634461587 138
1787634461800 42
1787634461916 135
1787634462154 44
1787634462277 134
1787634462490 44
1787634462597 43
1787634462683 140
1787634462865 41
1787634462986 137
1787634463208 44
1787634463330 139
1787634463548 43
1787634463655 42
1787634463736 139
1787634463914 41
1787634463998 42
1787634464084 138
1787634464307 43
1787634464431 139
1787634464649 43
1787634464757 141
1787634464941 41
1787634465022 43
1787634465134 44
1787634465217 139
1787634465399 42
1787634465543 142
1787634465728 42
1787634465808 43
1787634465893 43
1787634465978 140
1787634466162 42
1787634466268 42
1787634466354 141
1787634466537 42
1787634466623 44
1787634466710 135
1787634466921 42
1787634467063 144
1787634467277 43
1787634467401 132
1787634467609 42
1787634467742 142
1787634467955 44
1787634468078 142
1787634468300 44
1787634468408 136
1787634468624 44
1787634468781 144
1787634468969 43
1787634469056 42
1787634469163 144
1787634469346 42
1787634469432 43
1787634469518 43
1787634469601 144
1787634469785 34
1787634469853 32
1787634469936 125
1787634470142 41
1787634470264 142
1787634470481 43
1787634470590 43
1787634470676 145
1787634470865 43
1787634470989 146
1787634471210 41
1787634471290 43
1787634471399 146
1787634471616 43
1787634471735 144
1787634471961 43
1787634472070 149
1787634472299 43
1787634472419 149
1787634472646 44
1787634472782 149
1787634473007 44
1787634473126 148
1787634473350 44
1787634473491 158
1787634473726 44
1787634473847 44
1787634473967 148
1787634474175 44
1787634474290 43
1787634474377 42
1787634474462 148
1787634474688 42
1787634474807 44
1787634474915 43
1787634475002 153
1787634475199 44
1787634475283 43
1787634475365 44
1787634475453 43
1787634475536 152
1787634475747 43
1787634475834 42
1787634475948 43
1787634476031 43
1787634476113 153
1787634476341 42
1787634476428 45
1787634476516 44
1787634476622 152
1787634476817 44
1787634476905 42
1787634477023 44
1787634477148 151
1787634477376 45
1787634477481 44
1787634477606 153
1787634477841 44
1787634477967 43
1787634478087 152
1787634478339 45
1787634478428 44
1787634478511 43
1787634478593 153
1787634478790 44
1787634478873 43
1787634478991 155
1787634479239 45
1787634479366 44
1787634479492 154
1787634479722 44
1787634479843 43
1787634479947 157
1787634480185 44
1787634480304 44
1787634480393 43
1787634480480 151
1787634480707 44
1787634480843 46
1787634480972 158
1787634481175 43
1787634481262 43
1787634481350 43
1787634481437 44
1787634481526 158
1787634481749 44
1787634481838 42
1787634481921 44
1787634482042 158
1787634482276 44
1787634482397 45
1787634482485 43
1787634482597 155
1787634482796 43
1787634482884 39
1787634482957 34
1787634483026 33
1787634483094 32
1787634483162 134
1787634483361 33
1787634483457 32
1787634483567 135
1787634483795 32
1787634483889 33
1787634483984 32
1787634484051 134
1787634484248 32
1787634484344 32
1787634484411 32
1787634484492 133
1787634484719 32
1787634484829 54
1787634484929 46
1787634485019 153
1787634485216 43
1787634485368 44
1787634485480 161
1787634485719 45
1787634485844 45
1787634485970 162
1787634486210 45
1787634486336 45
1787634486449 165
1787634486689 44
1787634486815 44
1787634486932 162
1787634487167 44
1787634487255 44
1787634487344 43
1787634487455 163
1787634487661 40
1787634487745 44
1787634487866 44
1787634487986 164
1787634488232 45
1787634488359 44
1787634488472 161
1787634488715 44
1787634488843 45
1787634488969 164
1787634489204 46
1787634489332 45
1787634489478 167
1787634489690 43
1787634489774 44
1787634489864 45
1787634489990 169
1787634490237 45
1787634490360 45
1787634490501 168
1787634490753 45
1787634490876 45
1787634490966 44
1787634491056 43
1787634491145 168
1787634491389 44
1787634491515 42
1787634491624 44
1787634491751 167
1787634492001 44
1787634492123 44
1787634492248 41
1787634492372 170
1787634492623 40
1787634492714 36
1787634492795 38
1787634492907 38
1787634493007 144
1787634493242 32
1787634493337 34
1787634493435 33
1787634493503 32
1787634493598 142
1787634493818 34
1787634493915 32
1787634494037 33
1787634494132 142
1787634494366 34
1787634494464 32
1787634494589 33
1787634494699 147
1787634494912 32
1787634495035 33
1787634495131 34
1787634495255 142
1787634495462 32
1787634495589 34
1787634495697 33
1787634495793 146
1787634495975 32
1787634496070 33
1787634496167 32
1787634496294 34
1787634496392 142
1787634496626 32
1787634496734 33
1787634496833 33
1787634496929 33
1787634496998 146
1787634497205 33
1787634497300 32
1787634497421 32
1787634497543 148
1787634497742 34
1787634497812 34
1787634497881 33
1787634497950 32
1787634498044 33
1787634498142 33
1787634498209 147
1787634498392 31
1787634498460 32
1787634498553 32
1787634498650 33
1787634498719 32
1787634498786 33
1787634498854 149
1787634499050 33
1787634499118 29
1787634499183 33
1787634499251 32
1787634499345 32
1787634499442 148
1787634499653 32
1787634499721 32
1787634499816 33
1787634499942 32
1787634500037 151
1787634500262 33
1787634500359 32
1787634500427 32
1787634500521 31
1787634500614 34
1787634500692 155
1787634500885 33
1787634500982 34
1787634501049 33
1787634501149 34
1787634501246 34
1787634501316 152
1787634501520 33
1787634501645 33
1787634501743 33
1787634501867 151
1787634502078 32
1787634502203 33
1787634502301 33
1787634502426 149
1787634502654 33
1787634502754 33
1787634502880 33
1787634502975 152
1787634503220 34
1787634503317 33
1787634503412 33
1787634503490 36
1787634503562 153
1787634503792 34
1787634503862 33
1787634503959 34
1787634504058 33
1787634504181 153
1787634504394 33
1787634504522 33
1787634504618 33
1787634504741 153
1787634504974 34
1787634505073 32
1787634505196 33
1787634505291 32
1787634505359 156
1787634505577 32
1787634505672 33
1787634505799 32
1787634505895 33
1787634506006 155
1787634506256 33
1787634506353 34
1787634506469 53
1787634506607 50
1787634506735 188
1787634507002 45
1787634507132 45
1787634507261 46
1787634507369 47
1787634507494 187
1787634507765 46
1787634507890 43
1787634508016 45
1787634508110 45
1787634508196 45
1787634508281 183
1787634508543 44
1787634508672 48
1787634508790 47
1787634508879 45
1787634508969 45
1787634509093 189
1787634509360 46
1787634509490 46
1787634509615 45
1787634509740 46
1787634509871 190
1787634510135 45
1787634510250 48
1787634510376 46
1787634510503 45
1787634510633 188
1787634510904 47
1787634511034 46
1787634511165 45
1787634511291 44
1787634511416 191
1787634511670 45
1787634511801 48
1787634511929 45
1787634512015 45
1787634512106 45
1787634512197 194
1787634512471 47
1787634512603 46
1787634512729 46
1787634512860 45
1787634512975 188
1787634513242 46
1787634513369 46
1787634513493 46
1787634513625 46
1787634513717 44
1787634513802 193
1787634514080 46
1787634514167 46
1787634514254 46
1787634514346 45
1787634514470 47
1787634514611 194
1787634514892 46
1787634514984 45
1787634515075 45
1787634515162 45
1787634515292 43
1787634515419 196
1787634515698 46
1787634515823 47
1787634515952 47
1787634516083 41
1787634516196 199
1787634516480 48
1787634516568 45
1787634516660 47
1787634516752 45
1787634516883 46
1787634517009 191
1787634517281 44
1787634517411 46
1787634517503 45
1787634517595 46
1787634517681 46
1787634517792 43
1787634517882 192
1787634518119 45
1787634518245 46
1787634518371 47
1787634518502 45
1787634518632 197
1787634518910 45
1787634519035 49
1787634519170 47
1787634519263 46
1787634519355 45
1787634519466 201
1787634519708 45
1787634519800 44
1787634519887 46
1787634520012 47
1787634520139 47
1787634520265 200
1787634520547 47
1787634520679 46
1787634520806 46
1787634520939 48
1787634521057 47
1787634521150 204
1787634521396 45
1787634521488 47
1787634521615 47
1787634521747 47
1787634521879 47
1787634521973 198
1787634522216 45
1787634522306 47
1787634522439 47
1787634522567 47
1787634522700 48
1787634522817 205
1787634523101 45
1787634523193 46
1787634523281 44
1787634523367 46
1787634523499 46
1787634523631 46
1787634523753 204
1787634524043 45
1787634524135 45
1787634524227 45
1787634524319 46
1787634524440 47
1787634524558 46
1787634524686 207
1787634524979 42
1787634525103 47
1787634525229 48
1787634525363 46
1787634525456 46
1787634525583 199
1787634525856 46
1787634525983 47
1787634526116 46
1787634526227 47
1787634526320 46
1787634526412 47
1787634526539 206
1787634526828 47
1787634526961 49
1787634527055 46
1787634527147 46
1787634527240 46
1787634527366 46
1787634527499 212
1787634527796 47
1787634527890 46
1787634528009 47
1787634528101 46
1787634528194 45
1787634528326 47
1787634528459 211
1787634528716 46
1787634528843 47
1787634528977 47
1787634529104 46
1787634529238 48
1787634529331 43
1787634529421 208
1787634529676 47
1787634529785 47
1787634529879 45
1787634529966 47
1787634530094 47
1787634530227 48
1787634530322 45
1787634530408 213
1787634530668 45
1787634530800 46
1787634530933 47
1787634531027 47
1787634531120 46
1787634531212 47
1787634531306 47
1787634531399 212
1787634531692 46
1787634531807 46
1787634531935 47
1787634532028 45
1787634532120 46
1787634532208 47
1787634532340 213
1787634532634 47
1787634532768 46
1787634532897 44
1787634533026 48
1787634533116 47
1787634533210 46
1787634533304 216
1787634533596 48
1787634533710 46
1787634533844 47
1787634533978 47
1787634534112 47
1787634534205 217
1787634534499 47
1787634534627 46
1787634534755 50
1787634534892 47
1787634535020 47
1787634535115 47
1787634535208 218
1787634535468 46
1787634535581 43
1787634535671 43
1787634535756 46
1787634535849 46
1787634535942 47
1787634536036 47
1787634536130 47
1787634536215 47
1787634536298 49
1787634536391 48
1787634537153 50
1787634537408 43
1787634539271 228
1787634548511 227
1787634550783 49
1787634550879 49
1787634550976 48
1787634551072 49
1787634551170 49
1787634551267 49
1787634551364 49
1787634551462 50
1787634551559 48
1787634551651 49
1787634551749 47
1787634551846 48
1787634551942 48
1787634552039 225
1787634552309 49
1787634552405 49
1787634552498 48
1787634552594 49
1787634555502 50
1787634556067 227
1787634558602 47
1787634558694 47
1787634558779 47
1787634558871 47
1787634558968 49
1787634559065 50
1787634559164 48
1787634559260 48
1787634559357 47
1787634559450 41
1787634559531 36
1787634559602 194
1787634559835 36
1787634559908 35
1787634560007 35
1787634560079 36
1787634560150 33
1787634560223 36
1787634560297 35
1787634560368 36
1787634560442 35
1787634560516 35
1787634560616 190
1787634560842 35
1787634560948 36
1787634561065 56
1787634561213 50
1787634561313 49
1787634561454 50
1787634561586 226
1787634561899 50
1787634562039 50
1787634562138 49
1787634562237 48
1787634562335 48
1787634562475 51
1787634562612 50
1787634562747 233
1787634563029 49
1787634563151 51
1787634563252 49
1787634563350 49
1787634563486 49
1787634563621 49
1787634563756 49
1787634563886 231
1787634564204 51
1787634564303 49
1787634564445 49
1787634564586 49
1787634564685 49
1787634564783 49
1787634564882 48
1787634565020 234
1787634565334 43
1787634565451 41
1787634565567 40
1787634565683 41
1787634565845 47
1787634565934 41
1787634566049 202
1787634566349 37
1787634566452 36
1787634566582 37
1787634566687 36
1787634566819 36
1787634566922 37
1787634567046 197
1787634567310 35
1787634567445 36
1787634567548 36
1787634567655 36
1787634567793 36
1787634567899 35
1787634568002 197
1787634568299 37
1787634568406 37
1787634568516 36
1787634568656 36
1787634568761 35
1787634568887 37
1787634568995 209
1787634569276 40
1787634569390 41
1787634569534 41
1787634569643 40
1787634569758 41
1787634569908 54
1787634570013 239
1787634570340 50
1787634570479 50
1787634570614 46
1787634570710 48
1787634570809 49
1787634570907 49
1787634571035 51
1787634571178 242
1787634571508 49
1787634571607 49
1787634571706 49
1787634571804 50
1787634571947 50
1787634572084 50
1787634572221 50
1787634572321 240
1787634572610 50
1787634572710 50
1787634572847 51
1787634572986 50
1787634573086 51
1787634573229 51
1787634573361 51
1787634573500 237
1787634573830 50
1787634573930 51
1787634574030 49
1787634574125 49
1787634574267 50
1787634574404 50
1787634574504 49
1787634574646 239
1787634574967 50
1787634575110 50
1787634575247 50
1787634575347 50
1787634575446 50
1787634575546 51
1787634575666 51
1787634575810 243
1787634576145 51
1787634576290 52
1787634576391 50
1787634576490 49
1787634576589 50
1787634576689 49
1787634576788 49
1787634576888 49
1787634577030 50
1787634577174 246
1787634577470 51
1787634577613 51
1787634577757 51
1787634577891 52
1787634578022 46
1787634578118 51
1787634578219 49
1787634578314 49
1787634578456 249
1787634578794 49
1787634578893 49
1787634579035 51
1787634579178 51
1787634579322 51
1787634579422 48
1787634579558 51
1787634579702 250
1787634580034 51
1787634580177 49
1787634580277 49
1787634580398 51
1787634580494 51
1787634580595 50
1787634580739 50
1787634580876 50
1787634580978 250
1787634581320 50
1787634581457 50
1787634581594 51
1787634581733 52
1787634581867 52
1787634581969 51
1787634582066 50
1787634582160 49
1787634582292 249
1787634582629 51
1787634582767 51
1787634582896 54
1787634583043 50
1787634583143 49
1787634583286 52
1787634583430 51
1787634583575 251
1787634583876 51
1787634584020 50
1787634584164 50
1787634584264 49
1787634584407 50
1787634584551 50
1787634584695 52
1787634584798 250
1787634585142 50
1787634585272 51
1787634585412 47
1787634585508 49
1787634585604 41
1787634585687 40
1787634585800 41
1787634585883 41
1787634585967 41
1787634586084 222
1787634586344 36
1787634586420 36
1787634586492 36
1787634586597 37
1787634586705 35
1787634586808 37
1787634586946 37
1787634587053 37
1787634587159 34
1787634587293 217
1787634587582 36
1787634587674 36
1787634587749 36
1787634587825 35
1787634587899 34
1787634588002 37
1787634588108 36
1787634588244 36
1787634588350 36
1787634588456 218
1787634588778 38
1787634588889 38
1787634589001 38
1787634589111 38
1787634589253 40
1787634589364 39
1787634589474 38
1787634589614 224
1787634589907 38
1787634590035 39
1787634590165 38
1787634590273 38
1787634590382 39
1787634590493 37
1787634590604 38
1787634590683 38
1787634590757 38
1787634590834 220
1787634591122 38
1787634591233 38
1787634591342 38
1787634591453 59
1787634591563 50
1787634591660 51
1787634591795 51
1787634591939 51
1787634592041 51
1787634592143 265
1787634592459 51
1787634592592 51
1787634592738 51
1787634592839 50
1787634592983 51
1787634593124 51
1787634593225 49
1787634593326 50
1787634593422 49
1787634593566 264
1787634593913 51
1787634594058 51
1787634594160 52
1787634594302 51
1787634594447 52
1787634594549 51
1787634594684 52
1787634594832 50
1787634594978 269
1787634595319 51
1787634595460 49
1787634595561 50
1787634595701 51
1787634595835 51
1787634595976 50
1787634596121 52
1787634596218 51
1787634596320 50
1787634596415 264
1787634596774 52
1787634596876 51
1787634597016 51
1787634597161 51
1787634597302 52
1787634597404 50
1787634597506 51
1787634597608 49
1787634597752 51
1787634597885 267
1787634598203 51
1787634598348 51
1787634598488 51
1787634598634 51
1787634598732 50
1787634598833 51
1787634598935 50
1787634599036 47
1787634599128 45
1787634599225 51
1787634599371 265
1787634599687 51
1787634599789 50
1787634599891 51
1787634600036 51
1787634600138 48
1787634600237 52
1787634600339 50
1787634600478 51
1787634600580 49
1787634600676 51
1787634600803 50
1787634600905 280
1787634601270 52
1787634601416 52
1787634601558 51
1787634601660 51
1787634601801 50
1787634601947 51
1787634602050 51
1787634602185 51
1787634602331 276
1787634602702 52
1787634602805 51
1787634602947 52
1787634603089 52
1787634603236 53
1787634603334 51
1787634603436 52
1787634603538 52
1787634603664 51
1787634603804 271
1787634604158 52
1787634604305 49
1787634604401 51
1787634604503 50
1787634604600 51
1787634604745 52
1787634604849 51
1787634604951 52
1787634605055 51
1787634605202 52
1787634605300 271
1787634605623 52
1787634605727 51
1787634605867 52
1787634606009 52
1787634606112 52
1787634606253 51
1787634606399 50
1787634606500 52
1787634606671 53
1787634606770 273
1787634607134 51
1787634607275 51
1787634607421 47
1787634607514 52
1787634607618 50
1787634607716 52
1787634607857 51
1787634608003 50
1787634608107 50
1787634608254 273
1787634608579 51
1787634608681 51
1787634608778 50
1787634608925 51
1787634609027 52
1787634609125 50
1787634609226 52
1787634609369 52
1787634609512 51
1787634609638 52
1787634609774 52
1787634609878 281
1787634610212 51
1787634610315 50
1787634610456 52
1787634610559 51
1787634610695 53
1787634610843 51
1787634610984 51
1787634611120 51
1787634611223 51
1787634611364 284
1787634611733 52
1787634611875 53
1787634612019 53
1787634612124 52
1787634612272 52
1787634612420 53
1787634612525 51
1787634612653 53
1787634612758 50
1787634612855 51
1787634612997 292
1787634613378 51
1787634613477 50
1787634613617 51
1787634613764 52
1787634613912 51
1787634614016 52
1787634614158 52
1787634614307 51
1787634614409 52
1787634614557 293
1787634614936 52
1787634615078 53
1787634615183 51
1787634615325 51
1787634615473 52
1787634615621 51
1787634615742 51
1787634615845 50
1787634615942 48
1787634616042 51
1787634616183 284
1787634616519 50
1787634616621 51
1787634616720 50
1787634616867 51
1787634617003 53
1787634617108 47
1787634617251 51
1787634617399 52
1787634617498 53
1787634617597 51
1787634617700 50
1787634617841 276
1787634618170 50
1787634618272 53
1787634618377 51
1787634618523 54
1787634618625 40
1787634618740 39
1787634618819 38
1787634618913 40
1787634619025 38
1787634619163 39
1787634619273 39
1787634619384 249
1787634619707 39
1787634619845 37
1787634619954 39
1787634620068 39
1787634620181 40
1787634620258 38
1787634620337 38
1787634620416 39
1787634620493 39
1787634620570 39
1787634620683 37
1787634620790 39
1787634620905 259
1787634621241 43
1787634621361 39
1787634621479 43
1787634621648 49
1787634621740 41
1787634621882 44
1787634622000 43
1787634622117 42
1787634622236 41
1787634622352 264
1787634622695 41
1787634622862 47
1787634622950 42
1787634623070 42
1787634623191 43
1787634623278 43
1787634623363 41
1787634623480 43
1787634623566 39
1787634623649 42
1787634623766 44
1787634623854 42
1787634623939 264
1787634624282 43
1787634624431 43
1787634624553 43
1787634624674 42
1787634624790 44
1787634624900 43
1787634624982 41
1787634625066 42
1787634625213 43
1787634625326 42
1787634625447 38
1787634625559 263
1787634625898 41
1787634626049 42
1787634626169 42
1787634626287 42
1787634626403 42
1787634626489 42
1787634626589 54
1787634626696 52
1787634626845 53
1787634626990 53
1787634627090 52
1787634627195 51
1787634627299 300
1787634627689 53
1787634627794 52
1787634627944 54
1787634628095 54
1787634628227 52
1787634628334 52
1787634628483 53
1787634628628 53
1787634628733 52
1787634628877 52
1787634628981 51
1787634629080 302
1787634629428 52
1787634629577 52
1787634629728 52
1787634629833 52
1787634629977 51
1787634630126 52
1787634630230 51
1787634630374 53
1787634630515 52
1787634630665 53
1787634630765 307
1787634631170 52
1787634631319 52
1787634631419 53
1787634631556 52
1787634631700 53
1787634631846 53
1787634631996 53
1787634632102 52
1787634632253 53
1787634632400 53
1787634632505 313
1787634632905 53
1787634633050 52
1787634633201 52
1787634633305 53
1787634633456 53
1787634633606 52
1787634633705 53
1787634633843 53
1787634633989 53
1787634634134 53
1787634634280 265
1787634634618 39
1787634634729 39
1787634634862 38
1787634634971 40
1787634635085 39
1787634635227 40
1787634635339 39
1787634635448 39
1787634635562 40
1787634635706 40
1787634635819 272
1787634636171 42
1787634636291 42
1787634636405 42
1787634636487 39
1787634636569 59
1787634636681 53
1787634636781 52
1787634636925 53
1787634637031 52
1787634637135 53
1787634637240 52
1787634637386 54
1787634637492 52
1787634637643 313
1787634638053 53
1787634638157 52
1787634638295 52
1787634638440 50
1787634638589 53
1787634638695 53
1787634638842 53
1787634638987 52
1787634639093 51
1787634639231 54
1787634639383 320
1787634639751 52
1787634639852 53
1787634639957 52
1787634640108 52
1787634640214 53
1787634640360 52
1787634640505 52
1787634640610 51
1787634640761 53
1787634640907 54
1787634641015 52
1787634641166 54
1787634641274 322
1787634641649 53
1787634641755 51
1787634641884 53
1787634642036 54
1787634642144 52
1787634642294 53
1787634642399 52
1787634642539 54
1787634642686 53
1787634642837 53
1787634642943 54
1787634643050 53
1787634643157 316
1787634643525 48
1787634643673 54
1787634643821 54
1787634643928 52
1787634644033 53
1787634644139 53
1787634644245 52
1787634644397 53
1787634644504 53
1787634644611 52
1787634644712 52
1787634644856 53
1787634644963 53
1787634645115 330
1787634645532 53
1787634645671 53
1787634645777 52
1787634645929 53
1787634646070 54
1787634646177 52
1787634646328 52
1787634646468 53
1787634646574 52
1787634646719 53
1787634646870 53
1787634646976 326
1787634647394 53
1787634647542 53
1787634647690 53
1787634647796 52
1787634647948 53
1787634648096 52
1787634648201 52
1787634648347 53
1787634648488 53
1787634648595 52
1787634648747 54
1787634648895 315
1787634649296 53
1787634649397 46
1787634649523 43
1787634649642 43
1787634649765 41
1787634649847 42
1787634649929 40
1787634650081 44
1787634650188 55
1787634650336 52
1787634650442 52
1787634650548 53
1787634650649 52
1787634650796 337
1787634651181 54
1787634651328 54
1787634651481 53
1787634651588 53
1787634651734 49
1787634651870 53
1787634652017 54
1787634652125 53
1787634652279 54
1787634652427 53
1787634652535 52
1787634652687 329
1787634653103 56
1787634653211 53
1787634653363 54
1787634653510 53
1787634653617 52
1787634653763 53
1787634653916 54
1787634654022 54
1787634654169 53
1787634654276 51
1787634654376 53
1787634654477 53
1787634654630 334
1787634655019 54
1787634655126 52
1787634655232 53
1787634655380 53
1787634655487 53
1787634655639 50
1787634655743 53
1787634655895 53
1787634656043 54
1787634656145 52
1787634656287 54
1787634656435 50
1787634656571 346
1787634656999 55
1787634657148 54
1787634657256 54
1787634657403 54
1787634657553 55
1787634657660 54
1787634657814 53
1787634657921 53
1787634658069 53
1787634658222 53
1787634658329 53
1787634658478 54
1787634658585 335
1787634658968 51
1787634659073 54
1787634659221 53
1787634659323 54
1787634659472 53
1787634659619 54
1787634659727 54
1787634659876 54
1787634660023 53
1787634660132 53
1787634660239 52
1787634660346 52
1787634660453 52
1787634660607 342
1787634661036 54
1787634661144 53
1787634661252 53
1787634661359 53
1787634661507 53
1787634661613 50
1787634661758 54
1787634661866 54
1787634661974 53
1787634662082 54
1787634662190 53
1787634662344 54
1787634662499 54
1787634662606 54
1787634662755 338
1787634663189 54
1787634663292 54
1787634663436 54
1787634663585 55
1787634663694 54
1787634663844 55
1787634663994 51
1787634664099 54
1787634664247 54
1787634664396 48
1787634664521 42
1787634664643 44
1787634664752 304
1787634665129 43
1787634665251 44
1787634665405 51
1787634665510 50
1787634665614 54
1787634665719 53
1787634665821 53
1787634665928 54
1787634666031 53
1787634666186 54
1787634666294 53
1787634666443 53
1787634666552 55
1787634666660 54
1787634666768 54
1787634666918 351
1787634667323 56
1787634667480 56
1787634667591 53
1787634667745 55
1787634667849 54
1787634667953 54
1787634668061 54
1787634668215 54
1787634668319 53
1787634668474 54
1787634668582 56
1787634668739 53
1787634668887 55
1787634669028 360
1787634669443 50
1787634669594 55
1787634669703 53
1787634669858 54
1787634669966 55
1787634670122 55
1787634670232 54
1787634670341 53
1787634670442 53
1787634670596 53
1787634670703 53
1787634670859 54
1787634670968 54
1787634671123 356
1787634671576 55
1787634671685 54
1787634671835 54
1787634671942 55
1787634672094 56
1787634672251 53
1787634672359 54
1787634672515 54
1787634672625 53
1787634672779 55
1787634672936 53
1787634673043 55
1787634673178 342
1787634673616 54
1787634673766 55
1787634673875 54
1787634674025 54
1787634674133 48
1787634674277 56
1787634674435 55
1787634674544 54
1787634674698 55
1787634674808 54
1787634674959 54
1787634675115 51
1787634675221 53
1787634675377 359
1787634675786 54
1787634675935 56
1787634676093 54
1787634676203 54
1787634676354 54
1787634676462 54
1787634676613 55
1787634676769 56
1787634676878 54
1787634676987 54
1787634677096 53
1787634677204 55
1787634677309 48
1787634677413 55
1787634677548 55
1787634677658 344
1787634678098 56
1787634678209 54
1787634678317 54
1787634678426 54
1787634678533 54
1787634678642 54
1787634678752 53
1787634678859 54
1787634679016 51
1787634679163 54
1787634679272 47
1787634679391 42
1787634679511 42
1787634679630 44
1787634679719 44
1787634679807 44
1787634679960 312
1787634680345 45
1787634680471 41
1787634680588 41
1787634680703 40
1787634680821 40
1787634680936 40
1787634681054 40
1787634681173 41
1787634681256 39
1787634681337 40
1787634681454 41
1787634681537 41
1787634681620 41
1787634681757 41
1787634681868 39
1787634681999 305
1787634682380 39
1787634682493 40
1787634682608 41
1787634682690 38
1787634682768 40
1787634682885 40
1787634682967 63
1787634683080 54
1787634683237 54
1787634683346 55
1787634683457 54
1787634683565 55
1787634683671 54
1787634683823 55
1787634683970 55
1787634684079 55
1787634684236 371
1787634684699 55
1787634684805 54
1787634684962 56
1787634685072 55
1787634685178 53
1787634685281 54
1787634685432 56
1787634685542 54
1787634685693 56
1787634685851 55
1787634685960 54
1787634686118 56
1787634686254 56
1787634686365 54
1787634686516 368
1787634686939 56
1787634687096 51
1787634687203 54
1787634687306 54
1787634687416 55
1787634687568 56
1787634687679 54
1787634687831 56
1787634687941 55
1787634688051 54
1787634688160 54
1787634688270 56
1787634688429 55
1787634688577 57
1787634688689 53
1787634688792 55
1787634688903 382
1787634689341 53
1787634689499 56
1787634689609 55
1787634689761 51
1787634689915 57
1787634690027 56
1787634690174 56
1787634690285 54
1787634690442 54
1787634690551 54
1787634690661 55
1787634690771 54
1787634690900 57
1787634691013 51
1787634691119 55
1787634691229 56
1787634691341 383
1787634691821 57
1787634691980 56
1787634692091 55
1787634692248 55
1787634692358 55
1787634692517 55
1787634692627 55
1787634692786 56
1787634692896 54
1787634692999 54
1787634693108 55
1787634693219 54
1787634693324 54
1787634693433 55
1787634693585 55
1787634693696 55
1787634693800 55
1787634693906 380
1787634694342 55
1787634694452 55
1787634694562 55
1787634694674 56
1787634694828 56
1787634694983 52
1787634695091 55
1787634695250 54
1787634695360 55
1787634695512 57
1787634695654 41
1787634695759 41
1787634695876 41
1787634695992 41
1787634696108 41
1787634696189 41
1787634696273 323
1787634696678 44
1787634696800 44
1787634696889 44
1787634696978 43
1787634697100 44
1787634697222 45
1787634697348 42
1787634697473 46
1787634697593 47
1787634697683 44
1787634697772 41
1787634697895 44
1787634698017 45
1787634698173 44
1787634698296 45
1787634698407 57
1787634698564 381
1787634699001 55
1787634699160 56
1787634699272 55
1787634699425 56
1787634699532 55
1787634699643 55
1787634699754 56
1787634699866 55
1787634699976 57
1787634700089 54
1787634700199 56
1787634700337 56
1787634700492 56
1787634700653 57
1787634700766 55
1787634700926 56
1787634701039 381
1787634701521 56
1787634701632 55
1787634701792 56
1787634701904 56
1787634702063 55
1787634702174 54
1787634702326 56
1787634702476 55
1787634702587 56
1787634702747 57
1787634702860 54
1787634703013 56
1787634703173 55
1787634703284 56
1787634703444 396
1787634703896 56
1787634704056 55
1787634704167 55
1787634704326 56
1787634704439 56
1787634704598 56
1787634704710 55
1787634704865 55
1787634705014 56
1787634705148 57
1787634705260 57
1787634705421 56
1787634705533 55
1787634705688 55
1787634705848 391
1787634706296 55
1787634706451 56
1787634706563 56
1787634706716 56
1787634706827 55
1787634706982 57
1787634707137 57
1787634707244 55
1787634707398 53
1787634707507 55
1787634707667 57
1787634707779 55
1787634707884 55
1787634707995 55
1787634708150 56
1787634708262 55
1787634708416 388
1787634708861 56
1787634709015 57
1787634709128 56
1787634709284 56
1787634709444 56
1787634709550 54
1787634709705 57
1787634709812 55
1787634709960 55
1787634710094 57
1787634710255 56
1787634710368 55
1787634710527 56
1787634710638 55
1787634710798 56
1787634710910 406
1787634711372 56
1787634711483 52
1787634711591 55
1787634711746 56
1787634711858 56
1787634711970 55
1787634712077 52
1787634712179 55
1787634712291 55
1787634712402 56
1787634712514 54
1787634712667 57
1787634712780 55
1787634712892 55
1787634713004 56
1787634713115 56
1787634713270 56
1787634713382 56
1787634713494 54
1787634713604 55
1787634713715 342
1787634714171 58
1787634714280 55
1787634714427 52
1787634714578 56
1787634714691 57
1787634714843 57
1787634714957 55
1787634715069 56
1787634715181 55
1787634715328 57
1787634715441 52
1787634715592 56
1787634715700 55
1787634715854 57
1787634715967 56
1787634716080 57
1787634716193 55
1787634716353 413
1787634716822 56
1787634716934 55
1787634717041 55
1787634717153 56
1787634717265 57
1787634717379 57
1787634717487 57
1787634717595 52
1787634717703 56
1787634717811 57
1787634717968 57
1787634718081 56
1787634718242 56
1787634718355 56
1787634718510 57
1787634718624 57
1787634718776 56
1787634718889 56
1787634719045 403
1787634719548 57
1787634719661 56
1787634719822 58
1787634719937 57
1787634720094 58
1787634720209 56
1787634720370 56
1787634720483 57
1787634720633 57
1787634720790 55
1787634720898 55
1787634721059 56
1787634721172 56
1787634721334 57
1787634721447 56
1787634721603 412
1787634722066 48
1787634722159 41
1787634722241 38
1787634722380 56
1787634722487 56
1787634722595 57
1787634722709 57
1787634722822 57
1787634722936 56
1787634723044 56
1787634723158 57
1787634723321 57
1787634723435 56
1787634723598 52
1787634723702 57
1787634723816 56
1787634723930 58
1787634724044 55
1787634724199 58
1787634724314 57
1787634724470 431
1787634724998 56
1787634725112 57
1787634725275 57
1787634725390 56
1787634725551 57
1787634725660 55
1787634725818 57
1787634725931 56
1787634726081 56
1787634726243 57
1787634726357 56
1787634726513 53
1787634726617 57
1787634726773 59
1787634726888 57
1787634727002 57
1787634727110 56
1787634727224 422
1787634727752 57
1787634727861 56
1787634728024 57
1787634728138 56
1787634728247 57
1787634728360 54
1787634728469 57
1787634728583 53
1787634728692 56
1787634728805 56
1787634728962 57
1787634729076 55
1787634729189 57
1787634729298 56
1787634729411 56
1787634729569 57
1787634729682 57
1787634729845 59
1787634729961 56
1787634730118 412
1787634730588 56
1787634730750 57
1787634730864 56
1787634731021 57
1787634731135 55
1787634731297 57
1787634731411 57
1787634731561 58
1787634731720 58
1787634731835 57
1787634731993 58
1787634732103 56
1787634732260 58
1787634732418 56
1787634732530 58
1787634732694 57
1787634732809 432
1787634733343 59
1787634733453 56
1787634733616 59
1787634733732 56
1787634733895 59
1787634734011 57
1787634734125 57
1787634734238 56
1787634734351 57
1787634734465 55
1787634734578 56
1787634734688 54
1787634734844 59
1787634734955 57
1787634735109 57
1787634735223 57
1787634735381 57
1787634735495 55
1787634735609 54
1787634735720 426
1787634736204 57
1787634736361 59
1787634736476 56
1787634736639 58
1787634736755 58
1787634736919 58
1787634737028 57
1787634737172 57
1787634737337 57
1787634737452 57
1787634737609 53
1787634737720 57
1787634737883 57
1787634737991 40
1787634738139 41
1787634738258 40
1787634738377 367
1787634738820 46
1787634738947 46
1787634739076 42
1787634739192 43
1787634739314 42
1787634739436 41
1787634739557 42
1787634739675 42
1787634739794 43
1787634739879 41
1787634739964 42
1787634740084 42
1787634740207 42
1787634740368 60
1787634740486 57
1787634740640 59
1787634740756 58
1787634740915 59
1787634741031 446
1787634741588 59
1787634741704 58
1787634741864 58
1787634741975 58
1787634742141 58
1787634742256 58
1787634742416 57
1787634742568 58
1787634742684 58
1787634742839 58
1787634742953 58
1787634743112 57
1787634743227 57
1787634743392 59
1787634743508 57
1787634743667 58
1787634743782 53
1787634743943 435
1787634744436 59
1787634744602 57
1787634744718 58
1787634744883 58
1787634744994 57
1787634745155 57
1787634745270 57
1787634745436 58
1787634745551 57
1787634745715 58
1787634745830 55
1787634745989 58
1787634746105 56
1787634746213 57
1787634746327 54
1787634746439 57
1787634746598 53
1787634746708 57
1787634746867 431
1787634747357 59
1787634747522 58
1787634747638 57
1787634747796 58
1787634747911 58
1787634748077 58
1787634748223 59
1787634748339 57
1787634748504 58
1787634748615 57
1787634748775 58
1787634748891 53
1787634749051 58
1787634749167 57
1787634749332 59
1787634749448 56
1787634749607 59
1787634749723 452
1787634750284 58
1787634750399 57
1787634750559 59
1787634750675 57
1787634750790 57
1787634750905 58
1787634751017 57
1787634751179 58
1787634751294 58
1787634751410 58
1787634751521 57
1787634751637 57
1787634751798 56
1787634751913 58
1787634752029 57
1787634752144 58
1787634752259 57
1787634752374 58
1787634752534 57
1787634752645 57
1787634752806 455
1787634753319 59
1787634753480 59
1787634753597 58
1787634753714 57
1787634753825 58
1787634753942 58
1787634754109 58
1787634754263 59
1787634754380 48
1787634754510 46
1787634754641 47
1787634754768 41
1787634754887 61
1787634755037 42
1787634755156 42
1787634755278 41
1787634755401 42
1787634755520 42
1787634755643 42
1787634755781 385
1787634756210 45
1787634756336 47
1787634756428 45
1787634756516 41
1787634756635 43
1787634756758 42
1787634756880 42
1787634757003 39
1787634757121 41
1787634757205 42
1787634757290 41
1787634757409 43
1787634757529 42
1787634757615 42
1787634757700 41
1787634757823 42
1787634757945 41
1787634758064 42
1787634758180 44
1787634758288 59
1787634758407 58
1787634758518 58
1787634758680 446
1787634759184 59
1787634759351 59
1787634759468 57
1787634759629 59
1787634759746 57
1787634759899 58
1787634760016 59
1787634760178 59
1787634760294 59
1787634760462 58
1787634760580 58
1787634760745 58
1787634760863 58
1787634761024 58
1787634761141 57
1787634761302 58
1787634761419 59
1787634761583 58
1787634761701 452
1787634762253 59
1787634762370 55
1787634762534 58
1787634762651 57
1787634762813 59
1787634762930 59
1787634763043 58
1787634763159 58
1787634763270 58
1787634763436 59
1787634763554 59
1787634763672 58
1787634763839 59
1787634763956 58
1787634764123 59
1787634764236 58
1787634764403 60
1787634764516 59
1787634764679 59
1787634764795 452
1787634765349 60
1787634765470 59
1787634765632 60
1787634765750 57
1787634765896 60
1787634766065 60
1787634766184 57
1787634766351 57
1787634766468 57
1787634766584 54
1787634766697 59
1787634766815 58
1787634766932 57
1787634767099 59
1787634767217 58
1787634767380 58
1787634767492 56
1787634767606 58
1787634767723 58
1787634767839 58
1787634767955 471
1787634768535 59
1787634768653 59
1787634768821 55
1787634768935 58
1787634769102 59
1787634769215 58
1787634769378 51
1787634769488 56
1787634769655 59
1787634769772 58
1787634769889 58
1787634770051 58
1787634770163 58
1787634770280 55
1787634770394 58
1787634770507 58
1787634770669 58
1787634770785 60
1787634770948 59
1787634771065 472
1787634771644 58
1787634771761 58
1787634771926 58
1787634772039 58
1787634772194 59
1787634772312 57
1787634772478 59
1787634772592 57
1787634772758 59
1787634772876 58
1787634773039 60
1787634773156 58
1787634773324 58
1787634773442 59
1787634773609 59
1787634773727 59
1787634773886 60
1787634774004 59
1787634774172 59
1787634774289 480
1787634774876 61
1787634774997 58
1787634775164 59
1787634775282 58
1787634775394 57
1787634775511 60
1787634775628 57
1787634775744 59
1787634775903 60
1787634776021 58
1787634776184 59
1787634776297 59
1787634776461 59
1787634776578 56
1787634776741 59
1787634776858 58
1787634777027 57
1787634777143 59
1787634777311 58
1787634777428 59
1787634777545 474
1787634778078 60
1787634778196 59
1787634778313 60
1787634778477 59
1787634778627 59
1787634778746 58
1787634778863 58
1787634779032 59
1787634779151 58
1787634779314 60
1787634779429 58
1787634779591 58
1787634779708 59
1787634779871 58
1787634779983 59
1787634780101 59
1787634780219 58
1787634780337 59
1787634780506 58
1787634780616 42
1787634780741 41
1787634780863 397
1787634781342 48
1787634781475 45
1787634781599 44
1787634781724 44
1787634781847 42
1787634781968 43
1787634782088 44
1787634782214 43
1787634782353 48
1787634782482 61
1787634782602 60
1787634782774 55
1787634782887 59
1787634783006 59
1787634783121 58
1787634783239 59
1787634783357 59
1787634783520 59
1787634783638 59
1787634783808 58
1787634783925 459
1787634784443 58
1787634784560 59
1787634784665 59
1787634784782 58
1787634784899 59
1787634785052 60
1787634785171 60
1787634785289 58
1787634785453 59
1787634785572 59
1787634785691 57
1787634785860 59
1787634785979 59
1787634786148 59
1787634786265 59
1787634786436 59
1787634786555 59
1787634786673 59
1787634786842 60
1787634786958 58
1787634787127 59
1787634787246 494
1787634787848 58
1787634787966 59
1787634788084 57
1787634788201 60
1787634788321 59
1787634788439 60
1787634788606 59
1787634788725 59
1787634788844 59
1787634788962 60
1787634789082 57
1787634789194 60
1787634789358 59
1787634789476 58
1787634789646 59
1787634789764 58
1787634789929 59
1787634790047 59
1787634790166 58
1787634790284 60
1787634790404 56
1787634790520 59
1787634790686 60
1787634790806 494
1787634791357 61
1787634791478 58
1787634791596 59
1787634791753 60
1787634791869 58
1787634791987 54
1787634792152 59
1787634792270 59
1787634792439 59
1787634792557 60
1787634792728 61
1787634792848 59
1787634792967 60
1787634793132 61
1787634793248 50
1787634793412 42
1787634793534 43
1787634793622 42
1787634793710 43
1787634793797 41
1787634793917 42
1787634794036 43
1787634794159 411
1787634794655 47
1787634794785 48
1787634794918 64
1787634795093 60
1787634795213 59
1787634795331 58
1787634795443 60
1787634795563 58
1787634795676 60
1787634795842 59
1787634795957 61
1787634796124 59
1787634796243 60
1787634796409 59
1787634796528 60
1787634796700 60
1787634796815 59
1787634796986 60
1787634797106 57
1787634797218 58
1787634797336 60
1787634797452 59
1787634797566 496
1787634798173 60
1787634798332 58
1787634798450 60
1787634798569 57
1787634798735 61
1787634798855 58
1787634799024 60
1787634799143 60
1787634799263 59
1787634799382 58
1787634799496 60
1787634799611 59
1787634799782 61
1787634799904 59
1787634800023 60
1787634800141 56
1787634800252 59
1787634800371 59
1787634800542 60
1787634800662 59
1787634800781 58
1787634800950 60
1787634801071 496
1787634801679 59
1787634801798 60
1787634801969 60
1787634802089 60
1787634802255 59
1787634802374 61
1787634802494 58
1787634802664 60
1787634802785 59
1787634802956 60
1787634803077 58
1787634803191 59
1787634803311 60
1787634803430 60
1787634803551 58
1787634803669 58
1787634803784 61
1787634803903 59
1787634804023 60
1787634804194 60
1787634804314 59
1787634804486 60
1787634804607 510
1787634805178 60
1787634805336 61
1787634805457 59
1787634805625 61
1787634805745 60
1787634805916 61
1787634806033 59
1787634806204 61
1787634806325 59
1787634806445 59
1787634806617 60
1787634806737 59
1787634806909 59
1787634807028 59
1787634807195 59
1787634807315 59
1787634807434 60
1787634807606 60
1787634807726 60
1787634807899 60
1787634808015 60
1787634808135 525
1787634808722 61
1787634808842 60
1787634808959 60
1787634809132 60
1787634809252 61
1787634809374 60
1787634809538 60
1787634809657 61
1787634809826 61
1787634809946 59
1787634810119 59
1787634810239 59
1787634810360 60
1787634810533 60
1787634810654 60
1787634810827 60
1787634810947 60
1787634811068 60
1787634811235 59
1787634811355 61
1787634811529 60
1787634811651 510
1787634812268 59
1787634812427 62
1787634812549 60
1787634812669 57
1787634812786 58
1787634812954 60
1787634813074 61
1787634813248 60
1787634813368 58
1787634813538 60
1787634813659 60
1787634813778 60
1787634813952 59
1787634814067 60
1787634814240 59
1787634814356 61
1787634814477 60
1787634814594 59
1787634814713 59
1787634814833 61
1787634815003 61
1787634815120 61
1787634815292 519
1787634815873 57
1787634815985 59
1787634816152 61
1787634816274 61
1787634816447 60
1787634816567 61
1787634816688 60
1787634816808 61
1787634816929 60
1787634817050 60
1787634817171 60
1787634817339 61
1787634817460 60
1787634817634 60
1787634817755 60
1787634817875 60
1787634817994 60
1787634818113 60
1787634818234 59
1787634818402 60
1787634818518 59
1787634818686 61
1787634818806 61
1787634818928 60
1787634819048 514
1787634819623 61
1787634819779 61
1787634819900 60
1787634820020 60
1787634820187 59
1787634820307 61
1787634820472 60
1787634820592 60
1787634820712 60
1787634820829 59
1787634820949 59
1787634821069 60
1787634821237 59
1787634821358 60
1787634821479 59
1787634821648 58
1787634821766 61
1787634821941 61
1787634822062 60
1787634822182 61
1787634822303 61
1787634822424 59
1787634822544 59
1787634822712 60
1787634822832 519
1787634823411 61
1787634823581 60
1787634823702 60
1787634823872 60
1787634823994 61
1787634824115 60
1787634824280 61
1787634824402 60
1787634824576 61
1787634824698 58
1787634824871 62
1787634824992 62
1787634825104 61
1787634825225 63
1787634825457 64
1787634825571 65
1787634825863 65
1787634826089 528
1787634826725 566
1787634827359 67
1787634827543 559
1787634828173 67
1787634828310 67
1787634828443 578
1787634829091 69
1787634829228 68
1787634829414 581
1787634830063 68
1787634830201 68
1787634830338 590
1787634830996 69
1787634831186 69
1787634831322 593
1787634831987 68
1787634832125 67
1787634832263 596
1787634832973 67
1787634833111 70
1787634833252 611
1787634833934 69
1787634834074 68
1787634834213 68
1787634834401 614
1787634835085 69
1787634835225 70
1787634835367 622
1787634836062 70
1787634836203 70
1787634836391 623
1787634837084 70
1787634837226 71
1787634837369 71
1787634837511 625
1787634838209 71
1787634838402 71
1787634838545 635
1787634839254 72
1787634839397 70
1787634839536 638
1787634840251 70
1787634840440 71
1787634840583 650
1787634841303 71
1787634841447 71
1787634841590 70
1787634841734 634
1787634842484 72
1787634842628 72
1787634842773 656
1787634843504 71
1787634843650 71
1787634843794 71
1787634843992 661
1787634844727 71
1787634844871 71
1787634845016 72
1787634845162 670
1787634845907 72
1787634846050 72
1787634846242 674
1787634846992 71
1787634847138 73
1787634847284 73
1787634847432 679
1787634848185 72
1787634848330 71
1787634848531 679
1787634849286 72
1787634849433 73
1787634849581 686
1787634850341 73
1787634850487 72
1787634850687 707
1787634851468 73
1787634851615 72
1787634851761 73
1787634851907 72
1787634852053 64
1787634852190 73
1787634852337 699
1787634853109 73
1787634853308 710
1787634854093 73
1787634854239 73
1787634854386 718
1787634855229 75
1787634855376 718
1787634856165 73
1787634856313 75
1787634856463 731
1787634857320 75
1787634857470 741
1787634858284 74
1787634858431 74
1787634858581 738
1787634859446 75
1787634859596 753
1787634860425 75
1787634860576 73
1787634860725 754
1787634861597 76
1787634861747 754
1787634862575 75
1787634862726 76
1787634862877 766
1787634863773 78
1787634863929 776
1787634864782 75
1787634864933 78
1787634865086 786
1787634866003 76
1787634866154 786
1787634867016 76
1787634867169 78
1787634867323 803
1787634868257 77
1787634868409 811
1787634869296 77
1787634869450 75
1787634869603 814
1787634870549 76
1787634870688 77
1787634870842 821
1787634871741 79
1787634871897 76
1787634872106 804
1787634872990 850
1787634873990 80
1787634878902 67
1787634879049 869
1787634888313 79
1787634896757 866
1787634897711 69
1787634898886 68
1787634899085 878
1787634905604 66
1787634905804 66
1787634905940 65
1787634906075 67
1787634906219 68
1787634906359 67
1787634906496 67
1787634906635 67
1787634906771 68
1787634907226 67
1787634907428 68
1787634907568 68
1787634907771 67
1787634907971 67
1787634908168 68
1787634912613 67
1787634912811 67
1787634913011 67
1787634913149 66
1787634913409 67
1787634913606 68
1787634913806 67
1787634914069 68
1787634914709 67
1787634915355 872
1787634916426 69
1787634916565 67
1787634916825 65
1787634916960 68
1787634917411 68
1787634920568 67
1787634920704 67
1787634920841 67
1787634921290 68
1787634921492 68
1787634921631 68
1787634921769 68
1787634922033 67
1787634923108 67
1787634924373 67
1787634924510 67
1787634924646 67
1787634925084 68
1787634925285 67
1787634930817 72
1787634931403 873
1787634938471 67
1787634938607 66
1787634938805 67
1787634938944 66
1787634939080 68
1787634939283 67
1787634939482 67
1787634939619 68
1787634939758 69
1787634939958 66
1787634940096 66
1787634940295 66
1787634945186 68
1787634945449 67
1787634945837 66
1787634945975 65
1787634946111 67
1787634946248 68
1787634946387 66
1787634946525 68
1787634946726 68
1787634947113 867
1787634948054 67
1787634948191 67
1787634948329 66
1787634948589 68
1787634948917 66
1787634953280 64
1787634953723 67
1787634953986 67
1787634954122 65
1787634954385 68
1787634954523 67
1787634954969 67
1787634955107 67
1787634955370 67
1787634955507 67
1787634955644 67
1787634955782 68
1787634955981 65
1787634956181 66
1787634956381 67
1787634963152 888
1787634964167 74
1787634964316 73
1787634964465 890
1787634965429 75
1787634965578 73
1787634965729 74
1787634965880 901
1787634966912 75
1787634967062 75
1787634967212 73
1787634967363 907
1787634968345 75
1787634968496 74
1787634968646 76
1787634968788 75
1787634968998 920
1787634969992 73
1787634970139 76
1787634970291 74
1787634970443 934
1787634971452 75
1787634971603 75
1787634971756 76
1787634971964 931
1787634972970 74
1787634973121 74
1787634973272 75
1787634973424 75
1787634973575 77
1787634975225 76
1787634975376 76
1787634975530 75
1787634975682 74
1787634975832 73
1787634977143 75
1787634977296 73
1787634977442 75
1787634977789 74
1787634977938 74
1787634978090 74
1787634978241 74
1787634979170 75
1787634979321 74
1787634979463 76
1787634979615 74
1787634980225 75
1787634980376 74
1787634980526 75
1787634980678 74
1787634982228 944
1787634983252 83
1787634983409 81
1787634983625 80
1787634983781 79
1787634983936 79
1787634984092 952
1787634985121 79
1787634985275 81
1787634985962 84
1787634986122 78
1787634986277 79
1787634986432 78
1787634986586 80
1787634986740 81
1787634986897 79
1787634987053 78
1787634987209 79
1787634987365 80
1787634987520 78
1787634987675 80
1787634987831 81
1787634987988 962
1787634989029 82
1787634989189 79
1787634989345 81
1787634989503 80
1787634989659 80
1787634989816 79
1787634989972 76
1787634990180 81
1787634990337 79
1787634990493 80
1787634990649 81
1787634990805 82
1787634990962 79
1787634991119 974
1787634992173 80
1787634992329 66
1787634992475 84
1787634992638 79
1787634992792 81
1787634992949 80
1787634993104 80
1787634993260 81
1787634993417 78
1787634993572 82
1787634993730 81
1787634993886 81
1787634994044 83
1787634994203 80
1787634994360 834
1787634995274 82
1787634995435 67
1787634995583 83
1787634995745 83
1787634995907 82
1787634996066 82
1787634996283 80
1787634996441 81
1787634996598 79
1787634996756 82
1787634996915 80
1787634997071 82
1787634997229 81
1787634997387 989
1787634998453 82
1787634998613 82
1787634998770 82
1787634998930 77
1787634999084 81
1787634999242 81
1787634999399 81
1787634999558 79
1787634999716 82
1787634999875 79
1787635000030 81
1787635000190 81
1787635000348 81
1787635000508 993
1787635001580 80
1787635001737 80
1787635001893 81
1787635002051 80
1787635002209 80
1787635002365 81
1787635002582 77
1787635002740 77
1787635002897 77
1787635003053 78
1787635003211 77
1787635003369 76
1787635003527 76
1787635003685 76
1787635003843 76
1787635010326 79
1787635010487 83
1787635010650 78
1787635018726 940
1787635019745 78
1787635019903 76
1787635031042 79
1787635031201 82
1787635031359 81
1787635031518 82
1787635031677 80
1787635031833 81
1787635031991 79
1787635032148 82
1787635032307 81
1787635032466 82
1787635032625 81
1787635032783 81
1787635032943 82
1787635033102 80
1787635033260 82
1787635033419 82
1787635033579 83
1787635033738 82
1787635033897 80
1787635034054 82
1787635034213 81
1787635034370 82
1787635034529 1014
1787635035622 83
1787635035784 82
1787635035943 82
1787635036104 82
1787635036264 82
1787635036422 83
1787635036584 81
1787635036743 77
1787635036902 80
1787635037060 82
1787635037220 83
1787635037440 297
1787635037819 85
1787635038058 82
1787635038220 77
1787635038378 76
1787635038881 77
1787635039036 76
1787635039469 77
1787635039626 77
1787635039789 77
1787635060868 1004
1787635061951 77
1787635062111 77
1787635062272 82
1787635062710 77
1787635063285 78
1787635063446 77
1787635063605 78
1787635063765 79
1787635078445 79
1787635078746 78
1787635078905 82
1787635079066 1026
1787635086300 80
1787635093034 78
1787635093331 78
1787635093490 78
1787635101511 1010
1787635102601 83
1787635102764 79
1787635103271 80
1787635103433 84
1787635103733 80
1787635103896 78
1787635117156 81
1787635119209 80
1787635124983 1030
1787635126453 92
1787635126625 86
1787635126862 84
1787635127305 79
1787635127467 78
1787635127628 84
1787635127793 80
1787635142177 87
1787635142414 80
1787635147893 1009
1787635149125 85
1787635151234 91
1787635151403 85
1787635158713 83
1787635158877 84
1787635159039 85
1787635170087 1002
1787635171738 86
1787635171976 88
1787635192216 1014
1787635194159 85
1787635194324 84
1787635195055 84
1787635195304 96
1787635195482 1030
1787635196596 85
1787635196763 85
1787635196930 81
1787635197094 80
1787635197257 82
1787635197418 83
1787635197582 82
1787635197746 82
1787635198199 83
1787635198361 82
1787635198891 82
1787635199054 81
1787635199583 82
1787635199747 81
1787635200203 81
1787635200366 1045
1787635201493 85
1787635201952 82
1787635202116 82
1787635202281 81
1787635202660 81
1787635202821 81
1787635202984 82
1787635203708 82
1787635203873 83
1787635204496 84
1787635205154 83
1787635206332 88
1787635206502 84
1787635206668 86
1787635211332 86
1787635220921 1046
1787635232009 307
1787635232814 83
1787635232979 84
1787635233554 83
1787635234213 84
1787635234857 64
1787635235413 64
1787635236003 64
1787635236558 67
1787635237065 66
1787635240932 899
1787635242305 67
1787635242857 66
1787635243412 72
1787635243965 66
1787635244461 64
1787635244959 67
1787635245403 65
1787635245835 64
1787635258011 900
1787635259772 65
1787635260087 65
1787635260217 66
1787635260535 64
1787635260850 67
1787635260985 62
1787635261523 67
1787635265382 66
1787635265517 67
1787635266900 66
1787635267215 64
1787635267756 63
1787635271462 63
1787635271594 64
1787635272615 64
1787635272806 64
1787635275559 912
1787635276540 74
1787635277293 65
1787635277905 63
1787635278160 64
1787635280428 98
1787635280600 86
1787635280768 83
1787635280934 83
1787635281100 86
1787635281269 87
1787635281440 86
1787635281609 86
1787635281778 87
1787635281960 85
1787635282352 84
1787635282517 1059
1787635283661 85
1787635283829 82
1787635283995 80
1787635284149 80
1787635284315 85
1787635284548 84
1787635284715 81
1787635284882 81
1787635286243 81
1787635286411 85
1787635286811 86
1787635287795 82
1787635287962 85
1787635289181 81
1787635289346 85
1787635289650 86
1787635349808 1061
1787635541137 1069
1787635542293 90
1787635542542 87
1787635543017 82
1787635616486 1004
1787635620493 77
1787635620651 81
1787635621810 76
1787635621968 81
1787635622129 79
1787635622290 80
1787635623373 77
1787635623603 77
1787635684044 992
1787635728460 998
1787635729538 77
1787635729698 81
1787635729860 77
1787635877679 999
1787635879345 74
1787635950120 1009
1787635954159 75
1787635955468 74
1787635955619 74
1787635955839 75
1787635956952 73
1787635957101 75
1787636016298 1197
1787636061197 1016
1787636062294 74
1787636062446 73
1787636062597 75
1787636062750 74
1787636062903 76
1787636063057 75
1787636209265 993
1787636281764 987
1787636285808 74
1787636285959 75
1787636287205 75
1787636287356 75
1787636287508 76
1787636287731 76
1787636288765 75
1787636288918 77
1787636347516 995
1787636392770 1017
1787636539252 978
1787636610825 1024
1787636614839 75
1787636614993 78
1787636615148 77
1787636615302 76
1787636616357 82
1787636616593 75
1787636616745 76
1787636617743 78
1787636617900 78
1787636618129 83
1787636677661 958
1787636869303 1005
1787636940507 1022
1787636944519 76
1787636944674 74
1787636944973 76
1787636945898 77
1787636946054 78
1787636946210 77
1787636946366 77
1787636946595 76
1787636947526 77
1787636947754 81
1787637007617 990
1787637198982 984
1787637269912 1018
1787637273799 77
1787637273954 78
1787637274111 78
1787637274269 75
1787637275337 76
1787637275493 78
1787637275650 78
1787637275807 75
1787637276105 79
1787637276969 77
1787637277197 82
1787637277359 80
1787637336805 989
1787637528514 999
1787637599243 1028
1787637603204 77
1787637603432 77
1787637604571 77
1787637604726 77
1787637604883 76
1787637605038 75
1787637606103 76
1787637606324 81
1787637666163 964
1787637860578 1019
1787637931601 1024
1787637935519 78
1787637935748 77
1787637935905 77
1787637936061 75
1787637937060 76
1787637937216 78
1787637937373 79
1787637937530 77
1787637937686 77
1787637938616 79
1787637938775 79
1787637939002 76
1787637939156 83
1787637999338 968
1787638041878 1014
1787638194328 1022
1787638265634 998
1787638269639 78
1787638269798 78
1787638269955 78
1787638271023 77
1787638271251 78
1787638271410 78
1787638271569 78
1787638272436 79
1787638272594 80
1787638272897 81
1787638273058 79
1787638332763 1018
1787638525784 974
1787638596828 996
1787638600683 78
1787638600841 79
1787638601001 79
1787638602160 79
1787638602390 78
1787638602549 79
1787638603644 79
1787638603944 83
1787638663756 963
1787638855626 1010
1787638927252 1016
1787638931260 76
1787638931415 75
1787638931568 77
1787638932572 76
1787638932727 76
1787638932954 77
1787638933110 77
1787638934047 77
1787638934203 78
1787638934574 87
1787638934886 81
1787638935054 88
1787638935229 88
1787638935465 81
1787639092736 993
1787639094092 83
1787639094397 80
1787639094558 81
1787639094719 79
1787639094877 81
1787639099053 80
1787639099216 76
1787639099812 79
1787639099973 993
1787639101421 81
1787639101586 81
1787639101750 77
1787639102775 78
1787639102934 78
1787639103091 78
1787639103313 1013
1787639104409 80
1787639109047 81
1787639109509 78
1787639109669 79
1787639109901 78
1787639110059 77
1787639110365 79
1787639110524 79
1787639110756 78
1787639110915 78
1787639111220 79
1787639111379 78
1787639111610 77
1787639111769 79
1787639112072 1005
1787639113161 84
1787639113403 79
1787639113562 78
1787639113865 79
1787639114026 78
1787639114245 80
1787639114406 80
1787639114640 79
1787639114799 79
1787639114959 79
1787639115191 78
1787639115351 1012
1787639116526 80
1787639116688 79
1787639116850 79
1787639117012 79
1787639117324 79
1787639117483 80
1787639117791 79
1787639117952 80
1787639118114 79
1787639123100 79
1787639123261 81
1787639123424 80
1787639123584 80
1787639123893 80
1787639124054 79
1787639124216 1024
1787639125323 83
1787639125643 83
1787639125810 82
1787639125977 83
1787639126144 82
1787639126538 84
1787639126706 84
1787639126875 83
1787639127248 84
1787639127415 83
1787639127582 1061
1787639128731 84
1787639129130 86
1787639129299 83
1787639129466 85
1787639129865 84
1787639130032 83
1787639130201 82
1787639130369 83
1787639130692 84
1787639130859 85
1787639131031 1031
1787639132148 83
1787639132318 85
1787639132488 82
1787639132886 84
1787639133055 83
1787639133225 84
1787639138093 81
1787639138706 80
1787639138869 82
1787639139095 82
1787639139259 80
1787639139498 82
1787639139663 1054
1787639140803 84
1787639141049 85
1787639141297 80
1787639141463 80
1787639141626 79
1787639141789 81
1787639141951 81
1787639142115 81
1787639142278 81
1787639142443 81
1787639142610 1077
1787639143775 84
1787639144023 84
1787639144272 83
1787639144443 81
1787639144609 81
1787639145065 82
1787639145231 80
1787639145397 82
1787639145565 81
1787639145731 82
1787639145896 81
1787639146061 82
1787639146229 80
1787639146394 1093
1787639147577 81
1787639147743 82
1787639147910 82
1787639148066 82
1787639148233 82
1787639148401 83
1787639148569 82
1787639148736 83
1787639148902 83
1787639149069 83
1787639149235 82
1787639149403 81
1787639149569 83
1787639149737 83
1787639149980 84
1787639150148 1103
1787639151342 87
1787639151517 84
1787639151688 86
1787639151940 87
1787639152114 87
1787639152289 86
1787639152464 83
1787639152935 83
1787639153105 83
1787639153275 83
1787639153445 83
1787639153616 83
1787639153867 82
1787639154038 82
1787639154208 1081
1787639155383 83
1787639155554 83
1787639155726 83
1787639155897 83
1787639156069 83
1787639156239 83
1787639156411 82
1787639156660 82
1787639156831 82
1787639157001 83
1787639157173 82
1787639157343 83
1787639157514 82
1787639157684 83
1787639157856 82
1787639158027 83
1787639158200 84
1787639158372 83
1787639158542 87
1787639158724 83
1787639158896 1101
1787639160090 85
1787639160272 83
1787639160442 83
1787639160613 82
1787639160781 83
1787639160951 83
1787639161121 83
1787639161290 82
1787639161524 82
1787639161692 83
1787639161861 84
1787639162031 84
1787639162203 84
1787639162374 83
1787639162544 84
1787639162712 84
1787639162883 1122
1787639164095 83
1787639164265 83
1787639164433 87
1787639164609 89
1787639164786 87
1787639164958 87
1787639165132 82
1787639165302 87
1787639165475 87
1787639165649 86
1787639165821 87
1787639165994 86
1787639166166 83
1787639166338 85
1787639166499 84
1787639166669 89
1787639166848 88
1787639167024 1135
1787639168249 87
1787639168425 89
1787639168603 89
1787639168783 88
1787639169030 88
1787639169208 88
1787639169385 89
1787639169564 89
1787639169743 88
1787639169919 88
1787639170097 85
1787639170269 85
1787639170442 84
1787639171171 86
1787639182554 83
1787639182724 86
1787639182897 85
1787639183069 1152
1787639184314 89
1787639184492 88
1787639184668 89
1787639184848 88
1787639185026 89
1787639185203 89
1787639185383 89
1787639185562 90
1787639185742 90
1787639185921 1140
1787639187154 89
1787639187332 89
1787639187512 89
1787639187761 90
1787639187940 90
1787639188121 90
1787639188303 90
1787639188482 90
1787639188664 91
1787639188845 90
1787639189024 90
1787639189206 89
1787639189387 90
1787639189568 90
1787639189748 90
1787639189928 1161
1787639191269 89
1787639191701 89
1787639194803 88
1787639194981 91
1787639195164 89
1787639195343 89
1787639195522 90
1787639195704 90
1787639195885 90
1787639196067 90
1787639196246 90
1787639196428 88
1787639196604 85
1787639196778 88
1787639196956 88
1787639197133 87
1787639197309 89
1787639197486 88
1787639197661 1184
1787639198940 90
1787639199120 90
1787639199302 91
1787639199556 90
1787639199739 91
1787639199921 89
1787639200103 90
1787639200285 90
1787639200468 91
1787639200652 91
1787639200836 90
1787639201020 90
1787639201203 91
1787639201387 91
1787639201655 90
1787639201839 91
1787639204650 91
1787639204833 92
1787639205016 93
1787639205201 91
1787639205374 92
1787639205559 92
1787639205743 92
1787639205918 1198
1787639207213 116
1787639207422 114
1787639207629 115
1787639207837 96
1787639208023 97
1787639208211 96
1787639208399 97
1787639208587 96
1787639208775 96
1787639208963 96
1787639209151 104
1787639209346 94
1787639209615 96
1787639209803 97
1787639209992 97
1787639210182 96
1787639211888 96
1787639214945 99
1787639215136 94
1787639215323 96
1787639215510 97
1787639215699 101
1787639215895 1179
1787639217168 93
1787639220947 96
1787639246743 1206
1787639276835 1159
1787639279009 101
1787639280533 90
1787639280885 109
1787639281086 110
1787639281877 111
1787639282080 113
1787639282284 110
1787639282576 89
1787639287529 112
1787639287731 110
1787639287933 111
1787639288135 110
1787639288338 111
1787639290382 112
1787639344841 1208
1787639346982 97
1787639356619 111
1787639356822 117
1787639357035 111
1787639357405 111
1787639411677 1193
1787639413811 93
1787639546830 1225
1787639548153 100
1787639548347 115
1787639553396 97
1787639554341 93
1787639554610 96
1787639555548 97
1787639556580 95
1787639556934 94
1787639557119 95
1787639557306 97
1787639557995 96
1787639562121 101
1787639562315 100
1787639562672 101
1787639562865 101
1787639563817 101
1787639611897 1226
1787639614078 90
1787639616288 88
1787639616553 91
1787639616736 91
1787639616919 88
1787639617100 88
1787639617366 91
1787639617549 91
1787639623007 102
1787639623202 90
1787639623552 90
1787639623733 91
1787639624504 91
1787639624773 112
1787639625480 110
1787639625933 110
1787639632363 100
1787639632555 99
1787639632747 101
1787639632938 101
1787639633471 101
1787639633664 103
1787639633857 102
1787639680995 1194
1787639683213 90
1787639685324 90
1787639685505 91
1787639685689 91
1787639685872 91
1787639686056 90
1787639686240 91
1787639686507 91
1787639686690 103
1787639692104 100
1787639692298 101
1787639692746 103
1787639692940 102
1787639693133 101
1787639693915 89
1787639694520 90
1787639695043 91
1787639695393 112
1787639696444 107
1787639702470 101
1787639702662 103
1787639702859 1204
1787639704581 100
1787639704941 102
1787639705306 102
1787639705839 100
1787639750936 1214
1787639753114 91
1787639755824 90
1787639756007 91
1787639756190 102
1787639757063 101
1787639757256 102
1787639757451 101
1787639757981 102
1787639758177 101
1787639759132 101
1787639762708 101
1787639762902 102
1787639763098 102
1787639763716 101
1787639763911 102
1787639764611 102
1787639765972 91
1787639766991 112
1787639767196 108
1787639768163 110
1787639769806 113
1787639770010 112
1787639770214 112
1787639774730 1258
1787639776085 105
1787639776704 103
1787639776901 106
1787639777612 103
1787639777809 103
1787639778088 102
1787639821868 1170
1787639823982 88
1787639827551 103
1787639827747 104
1787639828030 103
1787639828312 103
1787639828507 103
1787639828702 103
1787639828898 102
1787639829433 102
1787639829627 103
1787639829823 104
1787639830275 103
1787639833770 103
1787639833965 103
1787639834499 101
1787639834693 103
1787639835317 103
1787639835514 102
1787639835709 103
1787639835987 102
1787639839077 92
1787639839859 111
1787639840231 111
1787639841115 110
1787639847355 1231
1787639849034 100
1787639849228 102
1787639849423 104
1787639849704 102
1787639850322 103
1787639892232 1243
1787639894431 92
1787639898524 104
1787639898721 103
1787639899000 103
1787639899282 101
1787639899648 103
1787639899930 105
1787639900301 104
1787639904329 103
1787639904526 102
1787639904722 104
1787639904919 103
1787639905458 103
1787639905654 102
1787639905851 102
1787639906045 102
1787639910951 90
1787639911636 111
1787639912098 112
1787639912813 111
1787639915148 1269
1787639920840 105
1787639921038 105
1787639921237 103
1787639922031 99
1787639922226 103
1787639962767 1245
1787639964969 91
1787639969055 103
1787639969251 103
1787639969447 104
1787639969644 102
1787639969838 103
1787639970034 103
1787639970402 103
1787639970681 103
1787639970877 103
1787639975052 102
1787639975246 104
1787639975526 103
1787639975723 102
1787639976004 104
1787639976543 103
1787639982362 90
1787639983292 112
1787639983581 112
1787639984467 111
1787639986105 1277
1787639987570 113
1787639987945 110
1787639992542 104
1787639992739 103
1787639992935 104
1787639993813 104
1787639994009 102
1787640033435 1203
1787640035593 91
1787640040057 101
1787640040252 104
1787640040449 104
1787640040646 102
1787640040842 103
1787640041036 102
1787640041231 105
1787640041429 102
1787640046048 104
1787640046246 104
1787640046615 103
1787640046811 105
1787640054002 91
1787640054776 112
1787640055150 110
1787640055950 1242
1787640059175 114
1787640059554 92
1787640064023 106
1787640064226 106
1787640065107 102
1787640102520 1230
1787640104722 92
1787640109851 106
1787640110053 105
1787640110252 104
1787640111403 105
1787640111688 104
1787640114736 104
1787640114934 106
1787640115559 104
1787640115928 104
1787640118268 104
1787640125259 1259
1787640127488 92
1787640127674 111
1787640128826 113
1787640130589 114
1787640130798 92
1787640135038 107
1787640135413 102
1787640135610 100
1787640135891 100
1787640136169 101
1787640171886 1256
1787640174098 97
1787640179142 99
1787640179336 98
1787640179870 97
1787640180061 99
1787640180254 99
1787640180448 98
1787640180725 98
1787640180919 97
1787640181109 99
1787640181557 98
1787640184500 98
1787640184692 97
1787640184968 99
1787640185160 99
1787640185437 99
1787640185716 98
1787640186926 98
1787640188055 99
1787640197655 1212
1787640199732 104
1787640199930 105
1787640200898 105
1787640202965 97
1787640207324 98
1787640207517 98
1787640207708 99
1787640241516 1237
1787640243707 96
1787640249036 98
1787640249228 99
1787640249510 100
1787640249705 99
1787640249899 98
1787640250093 99
1787640250286 100
1787640250481 99
1787640250674 98
1787640250867 100
1787640251061 100
1787640251514 99
1787640254473 98
1787640254665 100
1787640254939 99
1787640255220 98
1787640255411 99
1787640256641 104
1787640256839 99
1787640257031 99
1787640257483 101
1787640257678 100
1787640269851 1275
1787640271996 104
1787640272195 105
1787640273166 102
1787640278863 103
1787640311408 1263
1787640313628 96
1787640320059 98
1787640320251 99
1787640320442 98
1787640320634 99
1787640321337 98
1787640322388 98
1787640325932 103
1787640326127 99
1787640326321 98
1787640326515 99
1787640326708 98
1787640326984 100
1787640327176 95
1787640340780 1264
1787640342679 103
1787640343132 104
1787640343841 104
1787640380358 1279
1787640382599 97
1787640389974 97
1787640390166 97
1787640390442 96
1787640390632 97
1787640390821 98
1787640391011 97
1787640391288 99
1787640391908 97
1787640392099 97
1787640395634 97
1787640395824 99
1787640396016 97
1787640396208 97
1787640396399 98
1787640396591 96
1787640396782 98
1787640396973 97
1787640397162 98
1787640398039 98
1787640398230 105
1787640398432 98
1787640411862 1247
1787640413814 105
1787640414190 106
1787640414992 102
1787640450266 1256
1787640452471 96
1787640460613 96
1787640460802 101
1787640460997 97
1787640461187 97
1787640461463 97
1787640461652 97
1787640461840 94
1787640462027 96
1787640462302 98
1787640462664 96
1787640466339 96
1787640466528 94
1787640466801 98
1787640466991 97
1787640467181 100
1787640467373 97
1787640467562 97
1787640467752 97
1787640468025 96
1787640468214 97
1787640468404 96
1787640482891 1283
1787640484437 102
1787640485221 101
1787640485667 101
1787640491865 102
1787640492485 97
1787640520963 1261
1787640522321 96
1787640523277 96
1787640531752 95
1787640531940 96
1787640532128 96
1787640532316 95
1787640532504 97
1787640532694 95
1787640532882 96
1787640533071 96
1787640533260 97
1787640533450 97
1787640533639 97
1787640537326 96
1787640537515 97
1787640537961 97
1787640538151 97
1787640538339 97
1787640538530 97
1787640538718 96
1787640538907 97
1787640539096 97
1787640539373 98
1787640539563 96
1787640553863 1234
1787640555369 101
1787640556155 102
1787640556603 100
1787640562184 97
1787640562968 96
1787640563666 97
1787640591797 1280
1787640594030 98
1787640602726 99
1787640602919 97
1787640603196 96
1787640603635 97
1787640603825 98
1787640605387 97
1787640605576 97
1787640606026 96
1787640606217 97
1787640608633 97
1787640608823 96
1787640609698 98
1787640609891 98
1787640610082 96
1787640610614 99
1787640611486 96
1787640611676 96
1787640624144 1279
1787640625975 101
1787640626510 103
1787640627131 102
1787640633341 96
1787640633531 97
1787640634146 96
1787640634845 97
1787640662591 1281
1787640664912 98
1787640673743 99
1787640673936 97
1787640674126 97
1787640674402 98
1787640675274 98
1787640675553 97
1787640675743 98
1787640676023 98
1787640676643 97
1787640676833 98
1787640677369 98
1787640680403 104
1787640680602 100
1787640680797 99
1787640681162 99
1787640681615 98
1787640681808 99
1787640682693 100
1787640682886 99
1787640695131 1284
1787640696984 103
1787640697526 104
1787640698156 103
1787640698354 110
1787640700626 98
1787640704162 100
1787640704355 98
1787640705144 98
1787640705594 97
1787640734019 1294
1787640736281 98
1787640745758 99
1787640746123 99
1787640746317 99
1787640746686 98
1787640746879 99
1787640747072 98
1787640747265 98
1787640747806 99
1787640747999 100
1787640748542 99
1787640751506 98
1787640751698 98
1787640751890 98
1787640752772 99
1787640752965 99
1787640753156 99
1787640753350 96
1787640753885 98
1787640765754 1263
1787640767715 103
1787640768082 103
1787640768882 105
1787640769169 104
1787640769368 100
1787640775133 98
1787640775325 100
1787640775518 99
1787640776054 101
1787640776675 98
1787640805065 1300
1787640807335 285
1787640817445 101
1787640817814 99
1787640818008 99
1787640818289 100
1787640818570 100
1787640818765 99
1787640818959 98
1787640819414 98
1787640819607 100
1787640819888 100
1787640823374 100
1787640823656 99
1787640823849 99
1787640824043 99
1787640824579 99
1787640827603 104
1787640836833 1293
1787640839003 101
1787640839198 103
1787640840166 104
1787640840451 103
1787640840819 105
1787640845768 99
1787640846135 98
1787640846416 101
1787640846611 101
1787640846979 99
1787640847609 99
1787640848763 104
1787640876195 1275
1787640878442 99
1787640888871 100
1787640889067 100
1787640889349 100
1787640889719 102
1787640890003 101
1787640890199 101
1787640890483 100
1787640890678 103
1787640894647 102
1787640894844 101
1787640895038 101
1787640895235 101
1787640907751 1231
1787640909945 101
1787640910228 104
1787640911298 104
1787640912458 105
1787640912831 107
1787640913202 104
1787640913400 99
1787640916741 102
1787640916939 102
1787640917136 100
1787640917597 103
1787640917796 100
1787640918168 99
1787640918451 101
1787640919521 100
1787640947010 1287
1787640949279 102
1787640960023 102
1787640960575 102
1787640960775 100
1787640962024 101
1787640962751 101
1787640966350 102
1787640966893 100
1787640967437 97
1787640967630 100
1787640967911 102
1787640968806 101
1787640979119 1279
1787640981192 106
1787640981480 107
1787640982380 106
1787640982670 106
1787640982963 106
1787640983516 107
1787640983719 103
1787640983919 107
1787640984209 105
1787640984586 105
1787640984875 107
1787640985343 102
1787640988602 95
1787640988792 93
1787640988980 94
1787640989347 95
1787640989713 95
1787640989903 94
1787640990182 94
1787640990372 94
1787641017633 1273
1787641019869 115
1787641031068 94
1787641037523 94
1787641038319 96
1787641050738 1343
1787641052614 100
1787641053160 98
1787641053616 99
1787641053811 101
1787641054007 98
1787641054200 102
1787641054487 101
1787641055039 101
1787641055235 100
1787641055431 104
1787641055633 100
1787641056006 101
1787641056551 102
1787641056834 101
1787641057295 115
1787641060216 95
1787641060407 94
1787641060686 94
1787641061141 94
1787641061329 94
1787641061519 93
1787641061882 95
1787641062688 95
1787641062880 94
1787641087856 1264
1787641090092 115
1787641105621 93
1787641107304 94
1787641122398 1334
1787641124358 101
1787641124815 102
1787641125361 101
1787641125647 100
1787641125843 102
1787641126304 102
1787641126503 101
1787641126701 100
1787641126985 101
1787641127358 100
1787641127643 102
1787641127840 101
1787641128387 101
1787641128584 101
1787641128956 115
1787641131530 98
1787641131724 99
1787641131918 99
1787641132112 100
1787641132486 97
1787641132683 100
1787641133052 102
1787641133250 102
1787641133449 100
1787641134779 101
1787641158004 1317
1787641160291 105
1787641175665 103
1787641177448 100
1787641177646 99
1787641194482 1335
1787641196803 95
1787641197523 89
1787641197711 96
1787641198078 96
1787641198360 95
1787641198552 95
1787641198743 95
1787641199111 95
1787641199391 94
1787641199580 96
1787641200120 95
1787641200310 94
1787641200674 95
1787641203754 100
1787641204215 100
1787641204411 99
1787641204607 104
1787641204810 105
1787641205983 103
1787641206182 100
1787641206645 104
1787641227808 1301
1787641230086 105
1787641245778 99
1787641247374 100
1787641247660 99
1787641247855 100
1787641266103 1339
1787641268151 96
1787641268518 94
1787641269238 93
1787641269426 94
1787641269616 94
1787641269982 94
1787641270171 95
1787641270361 94
1787641270553 96
1787641270832 94
1787641271466 95
1787641271656 94
1787641272287 95
1787641272478 108
1787641275477 116
1787641275688 116
1787641275901 115
1787641276111 112
1787641276408 114
1787641276618 114
1787641277089 113
1787641277644 115
1787641277858 115
1787641278337 115
1787641281006 116
1787641298827 1327
1787641301129 100
1787641317893 114
1787641318278 114
1787641338366 1313
1787641340034 101
1787641340752 101
1787641341214 102
1787641341411 100
1787641341607 101
1787641341979 102
1787641342178 102
1787641342376 101
1787641342748 107
1787641343138 102
1787641343686 100
1787641343882 101
1787641344600 103
1787641347289 115
1787641347588 112
1787641347795 113
1787641348182 115
1787641348393 114
1787641348603 120
1787641349698 116
1787641349910 115
1787641368724 1277
1787641370972 101
1787641387946 115
1787641388156 115
1787641388366 114
1787641409861 1290
1787641411774 99
1787641412229 100
1787641412857 101
1787641413053 99
1787641413245 101
1787641413442 99
1787641413636 101
1787641414007 101
1787641414203 101
1787641414398 98
1787641415024 99
1787641415218 100
1787641416111 99
1787641418639 114
1787641418848 113
1787641419056 112
1787641419526 115
1787641419736 112
1787641420288 113
1787641420672 115
1787641421055 112
1787641421263 113
1787641421472 114
1787641439079 1338
1787641441387 100
1787641458192 114
1787641458916 113
1787641481311 1340
1787641483534 99
1787641483728 99
1787641484350 98
1787641484631 99
1787641484825 98
1787641485099 100
1787641485294 99
1787641485487 102
1787641485684 99
1787641485879 100
1787641486249 101
1787641486445 100
1787641486641 100
1787641487620 95
1787641487811 100
1787641490434 106
1787641490635 106
1787641490922 105
1787641491473 104
1787641491672 104
1787641491959 104
1787641492158 104
1787641492621 99
1787641492814 105
1787641509434 1321
1787641511722 92
1787641528567 105
1787641528767 106
1787641552620 1326
1787641554646 116
1787641555031 113
1787641555672 113
1787641555880 115
1787641556090 112
1787641556297 114
1787641556506 113
1787641556885 112
1787641557091 114
1787641557301 115
1787641557684 112
1787641557896 120
1787641559066 92
1787641561596 104
1787641561883 105
1787641562083 105
1787641562285 105
1787641562486 106
1787641562686 102
1787641562884 104
1787641563433 105
1787641563634 105
1787641564007 104
1787641564207 104
1787641564406 104
1787641580187 1294
1787641582446 92
1787641599695 104
1787641599895 106
1787641623650 1261
1787641625520 114
1787641625985 115
1787641626631 115
1787641626841 114
1787641627050 116
1787641627348 113
1787641627556 115
1787641628113 112
1787641628321 116
1787641628533 114
1787641629783 94
1787641632383 106
1787641632585 107
1787641632787 105
1787641633074 104
1787641633273 105
1787641634079 105
1787641634281 104
1787641634480 106
1787641637878 104
1787641650709 1338
1787641653013 93
1787641670405 107
1787641693741 1277
1787641695978 111
1787641697050 114
1787641697259 116
1787641697470 115
1787641697681 113
1787641697975 115
1787641698360 113
1787641698567 114
1787641698777 112
1787641698984 109
1787641699188 115
1787641699917 113
1787641702632 101
1787641703262 101
1787641703545 100
1787641703741 97
1787641703933 100
1787641704562 99
1787641704757 99
1787641704951 99
1787641705146 100
1787641705341 100
1787641708310 100
1787641721429 1294
1787641723688 98
1787641766300 1345
1787641767745 101
1787641767943 105
1787641768142 109
1787641768437 104
1787641768978 104
1787641769176 104
1787641769373 102
1787641770261 102
1787641770457 99
1787641772903 100
1787641773097 101
1787641773640 99
1787641773922 99
1787641774117 99
1787641774312 98
1787641775114 99
1787641775309 101
1787641775505 99
1787641791200 1356
1787641793519 99
1787641836809 1310
1787641838214 102
1787641838410 102
1787641838607 104
1787641838889 101
1787641839084 101
1787641839278 102
1787641839473 102
1787641839670 101
1787641840210 104
1787641843032 103
1787641843230 100
1787641843681 98
1787641843961 103
1787641844504 98
1787641844696 98
1787641844889 98
1787641845340 98
1787641845533 98
1787641845881 99
1787641848481 99
1787641861615 1321
1787641863964 98
1787641906472 1269
1787641907835 103
1787641908032 104
1787641908231 104
1787641908428 104
1787641908625 103
1787641908822 105
1787641909020 104
1787641909218 102
1787641909414 101
1787641909866 97
1787641912796 87
1787641913151 92
1787641913509 94
1787641913696 91
1787641914311 92
1787641914498 92
1787641914684 91
1787641914869 91
1787641915055 91
1787641915239 94
1787641915430 91
1787641915615 98
1787641915897 98
1787641932690 1362
1787641935030 115
1787641976911 1351
1787641978359 105
1787641978562 105
1787641978764 104
1787641979142 102
1787641979343 113
1787641982728 94
1787641982919 95
1787641983111 93
1787641983567 94
1787641983935 96
1787641984306 96
1787641984502 90
1787641985032 92
1787641985220 91
1787641985406 92
1787641985855 92
1787641987600 91
1787642002481 1300
1787642004735 112
1787642046312 1339
1787642047842 104
1787642048041 104
1787642048244 98
1787642048439 113
1787642048992 113
1787642049287 111
1787642051488 93
1787642052706 93
1787642053066 92
1787642053426 92
1787642054130 93
1787642054317 92
1787642054504 93
1787642054693 92
1787642054881 93
1787642055155 95
1787642055345 91
1787642056927 93
1787642072742 1296
1787642075000 113
1787642077972 93
1787642089761 94
1787642112657 1376
1787642114996 114
1787642117015 99
1787642117641 99
1787642117835 99
1787642118030 98
1787642118223 112
1787642118516 112
1787642118897 111
1787642119102 106
1787642119303 108
1787642119590 112
1787642119797 109
1787642120002 112
1787642121761 111
1787642122827 98
1787642123019 99
1787642124415 98
1787642124695 99
1787642124891 98
1787642125257 98
1787642125450 100
1787642125734 98
1787642125926 98
1787642126207 98
1787642144102 1369
1787642146433 102
1787642148869 103
1787642149067 103
1787642149523 103
1787642186707 1384
1787642188187 103
1787642188643 104
1787642188928 98
1787642189120 103
1787642189659 103
1787642189857 103
1787642191427 102
1787642192656 97
1787642192848 96
1787642193122 98
1787642194083 97
1787642194276 97
1787642194980 99
1787642195174 99
1787642195625 98
1787642195817 99
1787642196183 97
1787642214836 1305
1787642217095 102
1787642218838 103
1787642219035 102
1787642219230 103
1787642220366 100
1787642252516 1360
1787642254833 101
1787642256580 92
1787642257626 92
1787642257812 92
1787642257999 101
1787642258706 103
1787642258903 103
1787642259099 104
1787642259552 105
1787642259751 100
1787642261145 98
1787642262023 97
1787642262213 99
1787642262747 96
1787642262937 98
1787642263641 96
1787642264001 96
1787642264268 110
1787642264476 97
1787642264752 97
1787642265286 97
1787642265647 96
1787642265835 98
1787642266027 98
1787642266219 99
1787642266413 96
1787642287061 1311
1787642289323 101
1787642291384 103
1787642291580 103
1787642292463 103
1787642325645 1352
1787642327182 92
1787642327368 91
1787642327553 91
1787642327823 92
1787642328009 89
1787642328194 91
1787642328380 91
1787642328736 93
1787642328924 90
1787642332410 111
1787642332785 111
1787642333329 110
1787642333874 111
1787642334078 111
1787642334543 123
1787642334764 111
1787642334969 110
1787642335856 110
1787642336060 110
1787642359040 1336
1787642361407 97
1787642395563 1354
1787642397015 101
1787642397210 100
1787642397403 99
1787642398199 103
1787642398395 98
1787642398587 99
1787642399037 98
1787642399230 97
1787642400455 111
1787642402296 113
1787642402762 111
1787642403138 111
1787642403344 113
1787642403551 111
1787642403757 114
1787642403965 112
1787642404172 112
1787642404894 113
1787642405101 114
1787642405481 113
1787642405688 112
1787642431360 1358
1787642433677 98
1787642466519 1343
1787642468132 98
1787642468410 98
1787642468602 98
1787642468794 98
1787642468985 96
1787642469177 98
1787642469369 99
1787642469650 98
1787642470015 99
1787642472535 112
1787642472915 112
1787642473123 110
1787642474534 111
1787642474740 112
1787642474946 112
1787642475238 110
1787642475444 111
1787642502695 1383
1787642505040 97
1787642533799 1333
1787642535410 105
1787642535700 104
1787642535900 117
1787642539181 99
1787642540229 101
1787642543743 114
1787642544736 112
1787642544943 112
1787642545151 111
1787642545449 1378
1787642546929 116
1787642547099 119
1787642547271 1344
1787642548711 113
1787642549015 1407
1787642550526 114
1787642550696 116
1787642550909 114
1787642551138 116
1787642551365 1394
1787642553006 119
1787642553830 134
1787642554176 132
1787642554620 130
1787642554902 131
1787642555340 128
1787642555581 127
1787642556581 123
1787642556806 119
1787642557027 120
1787642557205 120
1787642557428 119
1787642557651 120
1787642557871 121
1787642558095 1443
1787642559642 120
1787642559863 121
1787642560045 118
1787642560267 120
1787642560489 120
1787642560711 123
1787642560936 120
1787642561104 121
1787642561325 1415
1787642562929 117
1787642563145 116
1787642563360 117
1787642563576 118
1787642563793 117
1787642564008 118
1787642564221 116
1787642564436 1452
1787642565992 116
1787642566207 117
1787642566423 118
1787642566641 118
1787642566859 115
1787642567073 117
1787642567289 117
1787642567505 116
1787642567816 1442
1787642569359 115
1787642569573 117
1787642569790 118
1787642570008 117
1787642570225 118
1787642570443 118
1787642570660 118
1787642570877 117
1787642571094 1484
1787642572682 124
1787642635799 1478
1787642637382 118
1787642637600 120
1787642637809 107
1787642638015 107
1787642638221 107
1787642638428 106
1787642638632 106
1787642638838 104
1787642639042 105
1787642639246 104
1787642639449 106
1787642639655 109
1787642639863 112
1787642640075 109
1787642640285 112
1787642640497 111
1787642640709 112
1787642640921 110
1787642641131 111
1787642641344 111
1787642641555 112
1787642641858 110
1787642678802 1471
1787642680747 107
1787642707242 1468
1787642709647 105
1787642710573 115
1787642711066 104
1787642711747 103
1787642712237 102
1787642978557 1460
1787642980676 110
1787645795846 1523
1787645800877 117
1787645801100 117
1787645801323 116
1787645801545 117
1787645801768 118
1787645802283 116
1787645802603 121
1787645803026 117
1787645805177 116
1787645805399 118
1787645805624 117
1787645805848 115
1787645806069 117
1787645806292 118
1787645806517 117
1787645808198 122
1787645808719 118
1787645809721 118
1787645810235 117
1787645810459 118
1787645810683 116
1787645810908 116
1787645811130 115
1787645811351 118
1787645814102 117
1787645814325 116
1787645814647 117
1787645814870 117
1787645815093 116
1787645815415 104
1787645815627 119
1787645815953 115
1787645816133 116
1787645818781 116
1787645819488 114
1787645819708 114
1787645819930 114
1787645820150 115
1787645820371 110
1787645820590 104
1787645820801 118
1787645821025 114
1787645821242 114
1787645821851 115
1787645823821 1538
1787645825856 115
1787645826077 114
1787645826393 114
1787645826614 116
1787645826837 117
1787645827060 114
1787645827282 116
1787645827797 116
1787645828120 116
1787645828439 118
1787645828665 114
1787645828886 114
1787645830570 116
1787645831379 111
1787645831601 114
1787645831823 116
1787645832144 116
1787645832464 115
1787645832881 116
1787645833785 116
1787645834109 117
1787645834331 117
1787645834555 115
1787645834777 116
1787645835884 115
1787645836395 116
1787645836912 115
1787645837135 114
1787645837356 115
1787645837576 116
1787645838871 116
1787645839675 117
1787645839899 115
1787645840217 118
1787645840540 116
1787645840960 110
1787645841474 114
1787645841892 114
1787645842212 120
1787645842439 114
1787645842659 109
1787645842879 110
1787645844465 120
1787645845373 116
1787645845595 114
1787645845913 115
1787645846233 117
1787645846650 115
1787645846969 114
1787645847478 115
1787645847897 115
1787645848119 116
1787645849899 115
1787645850703 115
1787645851023 114
1787645851244 116
1787645851467 116
1787645851691 1536
1787645853529 115
1787645853751 116
1787645854169 114
1787645854582 116
1787645854805 117
1787645856974 116
1787645857589 115
1787645857908 116
1787645858130 117
1787645858354 116
1787645858576 117
1787645858800 117
1787645859025 117
1787645859249 116
1787645859471 115
1787645859886 115
1787645860203 117
1787645862872 117
1787645863095 115
1787645863318 116
1787645863541 119
1787645863766 116
1787645863988 115
1787645864408 113
1787645864622 117
1787645864846 116
1787645865167 117
1787645865390 110
1787645865610 115
1787645865833 115
1787645868304 116
1787645868625 115
1787645869045 116
1787645869460 111
1787645869677 114
1787645869897 111
1787645870116 116
1787645870339 109
1787645870554 115
1787645870775 115
1787645871191 114
1787645873661 116
1787645873884 117
1787645874109 115
1787645874529 104
1787645875034 120
1787645875358 117
1787645875581 113
1787645875890 116
1787645876113 115
1787645876337 116
1787645876658 114
1787645879022 116
1787645879244 116
1787645879856 1557
1787645881817 113
1787645882137 115
1787645882360 115
1787645882584 116
1787645882905 115
1787645883127 118
1787645883351 110
1787645883570 109
1787645885640 117
1787645885962 112
1787645886280 116
1787645886504 112
1787645886918 116
1787645887434 119
1787645887757 112
1787645887980 117
1787645888203 114
1787645888522 121
1787645888750 120
1787645889369 117
1787645890965 115
1787645891286 114
1787645891605 118
1787645891928 116
1787645892348 116
1787645892963 115
1787645893185 115
1787645893406 114
1787645893821 114
1787645894043 114
1787645894361 116
1787645894539 114
1787645895347 120
1787645896258 120
1787645896776 115
1787645897097 116
1787645897908 113
1787645898225 115
1787645898545 118
1787645898867 116
1787645899188 116
1787645899801 116
1787645900024 116
1787645900246 116
1787645900664 117
1787645901184 119
1787645901800 116
1787645902023 117
1787645902443 118
1787645902863 116
1787645903377 121
1787645903704 114
1787645904317 118
1787645904542 112
1787645905744 115
1787645905967 111
1787645906189 112
1787645906802 115
1787645907123 110
1787645907534 116
1787645908050 1544
1787645909994 112
1787645910409 111
1787645910921 111
1787645911137 111
1787645911549 113
1787645912650 117
1787645912874 111
1787645913096 117
1787645913419 116
1787645913936 116
1787645914257 114
1787645914576 115
1787645914897 116
1787645915417 114
1787645915737 116
1787645916351 117
1787645916577 111
1787645917092 117
1787645917512 114
1787645918612 122
1787645918936 115
1787645919158 117
1787645919381 117
1787645919606 112
1787645920023 115
1787645920246 115
1787645920564 115
1787645921178 116
1787645921402 113
1787645922014 116
1787645922238 117
1787645922563 116
1787645923469 116
1787645924379 114
1787645924601 116
1787645924923 116
1787645925146 117
1787645925467 116
1787645925690 116
1787645925913 109
1787645926517 117
1787645926838 116
1787645927548 109
1787645927763 110
1787645928964 117
1787645929875 116
1787645930097 115
1787645930321 116
1787645930642 113
1787645931251 112
1787645931471 116
1787645931695 117
1787645931919 116
1787645932731 115
1787645932954 116
1787645933178 116
1787645934875 115
1787645935295 111
1787645935514 116
1787645935835 117
1787645936060 115
1787645936480 1560
1787645938346 116
1787645938964 119
1787645939388 117
1787645939612 112
1787645939834 114
1787645941918 121
1787645942146 115
1787645942762 111
1787645943081 116
1787645943402 116
1787645943821 110
1787645944432 111
1787645944652 117
1787645944877 118
1787645946667 113
1787645946988 117
1787645947312 117
1787645947831 117
1787645948155 116
1787645948379 116
1787645948800 116
1787645949122 118
1787645949445 114
1787645949764 116
1787645949987 117
1787645950705 115
1787645952200 115
1787645952521 116
1787645953133 115
1787645953456 108
1787645953668 111
1787645954085 115
1787645954604 115
1787645954826 110
1787645955047 116
1787645955271 117
1787645956081 116
1787645957385 115
1787645957609 117
1787645958228 115
1787645958645 119
1787645958873 116
1787645959195 115
1787645959811 119
1787645960037 109
1787645960545 111
1787645960764 118
1787645961089 116
1787645961703 109
1787645962707 111
1787645963021 117
1787645963643 122
1787645964169 116
1787645964687 116
1787645965206 1542
1787645966956 116
1787645967278 110
1787645967592 121
1787645967819 115
1787645968041 117
1787645968852 116
1787645969670 116
1787645969993 119
1787645970516 118
1787645970936 116
1787645971748 117
1787645972070 116
1787645972393 114
1787645972613 117
1787645972935 117
1787645973161 115
1787645973385 115
1787645973708 117
1787645974719 118
1787645975045 118
1787645975660 119
1787645976083 111
1787645976405 110
1787645976623 115
1787645977437 119
1787645977764 115
1787645977989 113
1787645978310 117
1787645978635 110
1787645978855 118
1787645979080 120
1787645979506 117
1787645979731 111
1787645980639 110
1787645980855 104
1787645981067 117
1787645981491 117
1787645981913 121
1787645982141 117
1787645982366 117
1787645983279 115
1787645983893 116
1787645984116 116
1787645984339 117
1787645984565 117
1787645984887 112
1787645985498 114
1787645985725 111
1787645986146 121
1787645986475 118
1787645986992 117
1787645987415 117
1787645987641 116
1787645987864 117
1787645988681 116
1787645989492 114
1787645989714 111
1787645990231 115
1787645990847 120
1787645991271 114
1787645991591 118
1787645992013 117
1787645992238 116
1787645992758 115
1787645992981 115
1787645993499 1561
1787645995461 118
1787645996178 118
1787645996501 116
1787645997611 116
1787645997932 111
1787645998149 115
1787645998572 119
1787645998798 115
1787645999117 112
1787645999339 116
1787645999563 117
1787645999985 117
1787646000402 116
1787646000726 116
1787646001050 116
1787646001869 113
1787646002866 114
1787646003484 115
1787646003899 117
1787646004223 117
1787646004449 115
1787646004870 116
1787646005094 112
1787646005318 116
1787646005543 112
1787646005960 115
1787646006967 119
1787646007291 116
1787646007911 122
1787646008930 117
1787646009255 116
1787646009969 117
1787646010194 116
1787646010416 116
1787646010640 117
1787646010863 116
1787646011088 116
1787646011412 115
1787646011733 117
1787646012355 118
1787646012777 118
1787646013003 117
1787646013227 116
1787646014336 118
1787646015352 116
1787646015772 118
1787646016097 116
1787646016419 116
1787646016643 116
1787646016867 116
1787646017189 119
1787646017613 118
1787646018135 113
1787646018358 111
1787646018776 112
1787646019492 112
1787646019810 112
1787646020725 110
1787646021332 110
1787646021553 109
1787646021770 115
1787646022092 1552
1787646023854 109
1787646024265 114
1787646024491 114
1787646024812 117
1787646025332 113
1787646025948 118
1787646026467 117
1787646027677 111
1787646028295 119
1787646028522 110
1787646028739 110
1787646029154 111
1787646029370 114
1787646029789 111
1787646030011 112
1787646030232 109
1787646030546 112
1787646030765 111
1787646031580 112
1787646031799 111
1787646032211 111
1787646033511 112
1787646033927 112
1787646034151 111
1787646034374 111
1787646034986 114
1787646035307 111
1787646035525 111
1787646035746 117
1787646035972 116
1787646036197 110
1787646037205 112
1787646037527 110
1787646037747 111
1787646038947 115
1787646039266 119
1787646039491 111
1787646039912 114
1787646040826 120
1787646041055 116
1787646041279 115
1787646041502 116
1787646041726 117
1787646042050 116
1787646042274 117
1787646042797 116
1787646043219 115
1787646043827 113
1787646044438 117
1787646044663 116
1787646045871 116
1787646046195 118
1787646046421 117
1787646046647 117
1787646046873 116
1787646047097 118
1787646047717 118
1787646047943 117
1787646048168 116
1787646048392 116
1787646049791 112
1787646050012 116
1787646051525 1561
1787646053196 116
1787646053520 119
1787646054143 118
1787646054466 109
1787646054779 112
1787646054999 118
1787646055225 117
1787646056195 123
1787646056624 116
1787646056848 110
1787646057259 119
1787646058175 117
1787646058402 115
1787646058923 121
1787646059249 111
1787646059571 114
1787646059796 118
1787646060414 113
1787646060836 117
1787646061060 118
1787646061285 120
1787646061512 116
1787646062033 110
1787646062547 118
1787646063563 117
1787646063788 117
1787646064014 118
1787646064438 114
1787646065054 112
1787646065274 115
1787646066288 117
1787646066513 116
1787646066738 117
1787646066964 117
1787646067190 117
1787646067414 115
1787646067836 117
1787646068160 115
1787646069268 119
1787646069495 111
1787646069714 111
1787646070032 117
1787646070258 111
1787646070676 113
1787646071197 111
1787646071911 110
1787646072324 117
1787646072553 116
1787646072778 115
1787646073201 116
1787646073520 110
1787646073936 111
1787646075048 118
1787646075275 120
1787646075504 114
1787646075826 117
1787646076051 113
1787646076273 111
1787646077085 117
1787646077705 105
1787646078314 121
1787646078843 110
1787646079059 113
1787646079283 111
1787646079495 112
1787646080307 1566
1787646082279 116
1787646082601 113
1787646082925 117
1787646083149 112
1787646084065 117
1787646084489 117
1787646085208 118
1787646085534 115
1787646085758 113
1787646086178 117
1787646086502 112
1787646086925 111
1787646087148 116
1787646087670 116
1787646087996 111
1787646088213 118
1787646088440 110
1787646089251 118
1787646089781 112
1787646090104 111
1787646090712 118
1787646091238 112
1787646091555 111
1787646091776 118
1787646092296 118
1787646092722 118
1787646093047 110
1787646093263 117
1787646093488 112
1787646093810 120
1787646094038 117
1787646095157 117
1787646095481 118
1787646096002 118
1787646096427 121
1787646096954 117
1787646097478 117
1787646097702 116
1787646097927 117
1787646098449 116
1787646098674 118
1787646099096 118
1787646099320 112
1787646099542 112
1787646100359 117
1787646101470 116
1787646101695 117
1787646102020 118
1787646102645 117
1787646103464 117
1787646103688 115
1787646103912 118
1787646104137 116
1787646104560 118
1787646104884 114
1787646105207 117
1787646105530 117
1787646106945 112
1787646107266 118
1787646107791 113
1787646108112 116
1787646108532 112
1787646108952 1563
1787646110825 117
1787646111150 118
1787646111376 117
1787646111603 117
1787646111829 111
1787646112146 117
1787646112471 117
1787646112696 117
1787646113908 114
1787646114232 116
1787646114458 117
1787646114979 114
1787646115395 119
1787646115721 109
1787646115937 116
1787646116460 112
1787646116781 111
1787646117297 119
1787646117723 120
1787646117949 119
1787646118474 120
1787646118800 120
1787646119427 112
1787646119946 114
1787646120267 120
1787646120795 116
1787646121117 111
1787646121537 111
1787646122150 109
1787646122565 112
1787646123083 117
1787646123308 117
1787646123534 113
1787646123757 112
1787646124476 121
1787646124705 112
1787646125228 118
1787646125554 111
1787646126071 111
1787646126288 117
1787646126711 117
1787646126937 117
1787646127756 118
1787646127983 118
1787646128310 116
1787646128832 117
1787646129055 115
1787646129670 125
1787646130001 117
1787646130327 116
1787646130749 117
1787646131073 119
1787646131502 119
1787646132026 112
1787646132347 111
1787646132669 118
1787646133193 112
1787646133712 111
1787646134033 110
1787646134452 112
1787646135369 117
1787646135793 112
1787646136016 117
1787646136243 114
1787646136466 111
1787646136782 111
1787646136999 112
1787646137420 120
1787646137946 1553
1787646140002 118
1787646140229 116
1787646140652 116
1787646141272 118
1787646141498 117
1787646143002 119
1787646143229 116
1787646143848 117
1787646144073 116
1787646144398 118
1787646145319 117
1787646145546 115
1787646145869 117
1787646146193 118
1787646146518 116
1787646147039 117
1787646148149 116
1787646148372 113
1787646148695 117
1787646149019 113
1787646149244 111
1787646149462 111
1787646149684 111
1787646150098 118
1787646151022 118
1787646151247 119
1787646151476 118
1787646151898 118
1787646152915 117
1787646153729 118
1787646154055 116
1787646154478 117
1787646154803 123
1787646155034 119
1787646155262 117
1787646155487 116
1787646155812 118
1787646156434 116
1787646156659 117
1787646157083 117
1787646157308 116
1787646158412 116
1787646159130 117
1787646159354 118
1787646159881 116
1787646160303 116
1787646160529 111
1787646160752 116
1787646161075 114
1787646161297 113
1787646161617 117
1787646162237 116
1787646162760 118
1787646163086 118
1787646163906 117
1787646164624 118
1787646164851 113
1787646165374 118
1787646165900 118
1787646166127 117
1787646166453 1586
1787646168146 117
1787646168371 117
1787646168794 117
1787646169020 118
1787646169246 112
1787646169470 116
1787646169992 112
1787646170314 118
1787646171138 118
1787646171758 119
1787646171986 115
1787646172606 119
1787646173031 118
1787646173610 111
1787646174025 117
1787646174251 111
1787646174469 113
1787646174691 114
1787646175013 111
1787646175530 112
1787646175951 118
1787646176178 112
1787646177093 119
1787646177517 111
1787646178236 116
1787646178660 111
1787646179079 119
1787646179605 121
1787646179837 117
1787646180064 113
1787646180386 117
1787646180711 117
1787646180936 119
1787646181560 118
1787646181785 113
1787646182799 116
1787646183123 118
1787646183645 118
1787646184168 117
1787646184394 104
1787646185103 120
1787646185528 117
1787646185753 117
1787646185979 118
1787646186305 117
1787646186828 119
1787646187255 117
1787646187777 118
1787646188303 112
1787646188727 117
1787646188953 115
1787646189177 117
1787646189598 117
1787646189823 118
1787646190049 117
1787646190972 118
1787646191594 118
1787646191820 113
1787646192044 116
1787646192269 117
1787646192888 117
1787646193211 119
1787646193733 116
1787646194156 118
1787646194383 117
1787646194709 118
1787646195035 118
1787646195359 1587
1787646198337 113
1787646198558 117
1787646198882 120
1787646199210 118
1787646199537 284
1787646200031 118
1787646200258 117
1787646200780 118
1787646201006 117
1787646201427 117
1787646201654 118
1787646201981 117
1787646202305 117
1787646203127 118
1787646203949 116
1787646204371 119
1787646204599 117
1787646205322 120
1787646205552 112
1787646205774 118
1787646206200 122
1787646206431 117
1787646206757 113
1787646206982 117
1787646207308 118
1787646207634 116
1787646208058 110
1787646209167 116
1787646209390 117
1787646210013 115
1787646210236 111
1787646210950 115
1787646211371 117
1787646211597 114
1787646212121 115
1787646212445 112
1787646212668 118
1787646213095 110
1787646213508 120
1787646214428 112
1787646215248 114
1787646215571 114
1787646216283 111
1787646216601 118
1787646217126 117
1787646217353 115
1787646217875 117
1787646218101 115
1787646218326 116
1787646218552 113
1787646218877 110
1787646219795 113
1787646220713 112
1787646220932 117
1787646221258 116
1787646221582 111
1787646221899 113
1787646222520 113
1787646222945 115
1787646223366 118
1787646223592 118
1787646223812 119
1787646224040 120
1787646224470 1593
1787646226172 113
1787646226396 112
1787646227114 114
1787646227835 117
1787646228455 118
1787646228682 117
1787646229009 118
1787646229532 117
1787646230254 118
1787646230580 113
1787646231097 118
1787646231520 118
1787646231840 119
1787646232167 116
1787646232493 117
1787646233114 119
1787646233340 118
1787646233963 119
1787646234288 119
1787646234614 115
1787646235037 119
1787646235665 118
1787646235991 118
1787646236317 119
1787646237340 118
1787646237568 115
1787646237791 117
1787646238016 115
1787646238340 119
1787646238767 115
1787646238994 111
1787646239608 112
1787646239831 116
1787646240453 118
1787646240778 121
1787646241208 118
1787646241436 114
1787646241760 118
1787646241988 119
1787646242811 119
1787646243139 112
1787646243462 117
1787646243884 117
1787646244110 117
1787646244435 113
1787646245057 118
1787646245284 118
1787646245610 112
1787646246030 113
1787646246552 116
1787646246778 118
1787646247300 118
1787646248520 118
1787646248846 114
1787646249168 116
1787646249493 116
1787646249720 117
1787646250042 117
1787646250467 119
1787646250695 119
1787646251122 117
1787646251448 118
1787646251674 118
1787646252100 118
1787646252325 118
1787646252649 120
1787646253078 117
1787646254095 1568
1787646256170 112
1787646256389 117
1787646256812 117
1787646257038 118
1787646257560 117
1787646257787 117
1787646258111 122
1787646258441 116
1787646258864 118
1787646259090 116
1787646259513 117
1787646259937 117
1787646260165 119
1787646260392 117
1787646261307 112
1787646261722 118
1787646262048 118
1787646262772 117
1787646262997 116
1787646263320 111
1787646263838 116
1787646264161 119
1787646264388 117
1787646264615 112
1787646264840 118
1787646265065 117
1787646265490 117
1787646266012 118
1787646266639 118
1787646266866 117
1787646267290 119
1787646267813 117
1787646268734 119
1787646268961 113
1787646269479 117
1787646269705 117
1787646270130 119
1787646270459 118
1787646270686 112
1787646271208 118
1787646271734 118
1787646272060 117
1787646272585 121
1787646272914 118
1787646273142 117
1787646274161 110
1787646274480 121
1787646274810 116
1787646275234 118
1787646275561 118
1787646275789 117
1787646276013 116
1787646276436 116
1787646276859 118
1787646277383 117
1787646278009 118
1787646278236 113
1787646278660 113
1787646279379 114
1787646279900 119
1787646280523 118
1787646280750 118
1787646281175 117
1787646281402 119
1787646281631 118
1787646281859 119
1787646282087 116
1787646282810 1585
1787646284603 116
1787646284827 118
1787646285154 111
1787646285772 112
1787646286198 111
1787646286422 115
1787646287043 118
1787646287867 120
1787646288095 117
1787646288717 118
1787646288944 117
1787646289270 104
1787646289769 120
1787646290296 118
1787646290522 120
1787646290850 118
1787646291571 111
1787646291889 118
1787646292314 119
1787646293038 119
1787646293265 119
1787646293693 119
1787646294022 120
1787646294251 118
1787646294879 119
1787646295107 118
1787646295334 120
1787646295662 118
1787646296288 117
1787646296615 117
1787646297041 115
1787646297265 118
1787646297791 119
1787646298217 121
1787646298548 118
1787646298875 118
1787646299201 118
1787646299428 119
1787646299854 118
1787646300478 118
1787646300805 120
1787646301133 118
1787646301658 119
1787646302683 116
1787646302908 119
1787646303236 116
1787646304054 118
1787646304281 118
1787646304699 119
1787646304928 119
1787646305756 118
1787646306382 118
1787646306609 114
1787646306834 118
1787646307359 116
1787646308081 119
1787646308509 117
1787646308935 117
1787646309262 118
1787646309489 116
1787646309815 118
1787646310041 118
1787646310468 120
1787646310698 117
1787646311423 117
1787646311849 1597
1787646313554 119
1787646313781 112
1787646314298 117
1787646314920 118
1787646315147 118
1787646315874 118
1787646316401 118
1787646316628 112
1787646317151 117
1787646317378 119
1787646318002 117
1787646318329 121
1787646319053 118
1787646319381 106
1787646319996 122
1787646320227 118
1787646320953 120
1787646321383 123
1787646321615 121
1787646322143 114
1787646322567 120
1787646322795 118
1787646323522 119
1787646323849 119
1787646324177 119
1787646324505 118
1787646325229 120
1787646325456 120
1787646326083 118
1787646326411 119
1787646326738 114
1787646326959 117
1787646327186 118
1787646328009 118
1787646328236 114
1787646328559 120
1787646329088 112
1787646329510 119
1787646329840 119
1787646330168 119
1787646330395 118
1787646331020 118
1787646331545 119
1787646331973 118
1787646332201 119
1787646332530 117
1787646332757 118
1787646333586 118
1787646334014 119
1787646334442 119
1787646335166 120
1787646335394 119
1787646335622 116
1787646335846 119
1787646336475 119
1787646336801 117
1787646337420 118
1787646337846 118
1787646338073 118
1787646338600 117
1787646339025 118
1787646339649 121
1787646340079 113
1787646340603 118
1787646340830 115
1787646341254 1602
1787646343065 119
1787646343590 118
1787646343816 105
1787646344131 117
1787646344357 117
1787646344683 118
1787646344910 119
1787646345138 118
1787646345664 120
1787646346191 118
1787646346716 119
1787646347440 119
1787646347968 119
1787646348295 121
1787646348624 118
1787646348951 118
1787646349573 120
1787646349802 119
1787646350030 119
1787646350258 119
1787646350487 119
1787646351209 118
1787646351633 118
1787646351859 116
1787646352483 119
1787646352711 118
1787646353534 120
1787646353863 120
1787646354391 118
1787646354914 115
1787646355339 114
1787646355562 117
1787646355888 118
1787646356215 120
1787646356544 118
1787646357166 119
1787646357693 118
1787646358118 120
1787646358746 118
1787646358972 119
1787646359398 118
1787646359923 118
1787646360647 119
1787646360875 121
1787646361106 118
1787646361732 119
1787646362257 120
1787646362485 118
1787646362711 119
1787646362939 117
1787646363463 118
1787646363691 118
1787646364118 118
1787646364545 118
1787646364974 119
1787646365704 118
1787646366230 119
1787646366458 119
1787646366686 118
1787646367312 119
1787646367539 120
1787646368365 113
1787646368591 116
1787646368915 118
1787646369741 118
1787646369969 118
1787646370195 114
1787646370418 113
1787646370941 1601
1787646372750 113
1787646373371 115
1787646373697 117
1787646374521 119
1787646375146 117
1787646375373 116
1787646375598 118
1787646376025 118
1787646376553 121
1787646376883 112
1787646377407 114
1787646377632 118
1787646377957 112
1787646378477 119
1787646378905 117
1787646379133 118
1787646380461 122
1787646380692 119
1787646380919 120
1787646381148 121
1787646381378 118
1787646382103 122
1787646382334 112
1787646382856 119
1787646383085 119
1787646383613 119
1787646383842 119
1787646384069 119
1787646384298 117
1787646384823 118
1787646385051 120
1787646385978 118
1787646386403 120
1787646386732 119
1787646387062 118
1787646387591 123
1787646388222 119
1787646388649 118
1787646388978 118
1787646389603 119
1787646389831 118
1787646390058 118
1787646390286 118
1787646391009 119
1787646391636 117
1787646391962 116
1787646392188 119
1787646392918 118
1787646393646 117
1787646394575 118
1787646395002 113
1787646395226 117
1787646395753 119
1787646395981 121
1787646396311 118
1787646396639 115
1787646396867 118
1787646397292 118
1787646397620 111
1787646397940 117
1787646398367 119
1787646399189 118
1787646399517 119
1787646400145 1620
1787646401879 116
1787646402604 117
1787646402829 118
1787646403056 117
1787646403481 118
1787646403809 118
1787646404238 117
1787646404465 118
1787646404994 118
1787646405320 117
1787646405644 114
1787646406066 114
1787646406590 112
1787646407413 117
1787646408136 118
1787646408363 119
1787646408692 119
1787646409021 117
1787646409249 111
1787646409466 119
1787646409892 118
1787646410120 114
1787646410344 117
1787646410571 119
1787646411102 117
1787646411430 117
1787646411857 118
1787646412283 116
1787646412805 118
1787646413132 117
1787646414253 120
1787646414482 118
1787646415007 121
1787646415237 118
1787646415565 119
1787646415794 118
1787646416121 116
1787646416446 118
1787646416772 118
1787646417199 117
1787646417426 120
1787646417954 117
1787646418482 113
1787646418807 110
1787646419829 112
1787646420154 119
1787646420784 111
1787646421203 114
1787646421725 114
1787646422150 115
1787646422376 117
1787646422803 113
1787646423027 118
1787646423254 119
1787646423984 122
1787646424216 117
1787646425044 118
1787646425772 114
1787646426194 117
1787646426620 115
1787646426844 111
1787646427263 117
1787646427689 120
1787646428019 118
1787646428347 117
1787646428573 117
1787646428900 119
1787646429128 116
1787646429554 1611
1787646431377 118
1787646432308 117
1787646433033 119
1787646433462 119
1787646433790 118
1787646434118 122
1787646434349 117
1787646434771 117
1787646435097 119
1787646435326 119
1787646435656 112
1787646435879 119
1787646436108 119
1787646436537 118
1787646436765 116
1787646437186 119
1787646438318 114
1787646438844 113
1787646439469 112
1787646439891 118
1787646440317 114
1787646440743 114
1787646440967 112
1787646441189 120
1787646441419 114
1787646441645 120
1787646441875 117
1787646442609 121
1787646443038 121
1787646443770 120
1787646444298 118
1787646444927 120
1787646445658 118
1787646445987 119
1787646446216 119
1787646446445 118
1787646446874 118
1787646447101 121
1787646447431 118
1787646447964 121
1787646448194 119
1787646448725 119
1787646448955 120
1787646449785 121
1787646450216 120
1787646450447 120
1787646451178 120
1787646451407 120
1787646451637 120
1787646451866 118
1787646452094 120
1787646452323 121
1787646452854 120
1787646453480 120
1787646454108 120
1787646454337 115
1787646455061 120
1787646455489 122
1787646455719 113
1787646456446 122
1787646456678 120
1787646457106 119
1787646457638 119
1787646458565 119
1787646458994 1609
1787646460913 119
1787646461442 119
1787646461969 121
1787646462200 118
1787646462429 118
1787646462758 117
1787646463187 120
1787646463517 118
1787646463843 117
1787646464970 118
1787646465298 118
1787646465526 119
1787646465753 119
1787646466684 119
1787646467012 120
1787646467543 120
1787646467772 119
1787646468199 120
1787646468522 120
1787646468852 119
1787646469081 119
1787646469310 117
1787646469537 118
1787646470358 118
1787646470687 118
1787646471015 119
1787646471642 123
1787646472073 120
1787646473104 119
1787646473333 119
1787646473762 119
1787646473989 120
1787646474318 118
1787646474547 119
1787646474774 119
1787646475406 119
1787646475634 119
1787646476065 119
1787646476293 119
1787646477418 117
1787646477944 119
1787646478474 119
1787646478904 119
1787646479233 120
1787646479563 119
1787646479791 119
1787646480121 117
1787646480747 121
1787646481076 119
1787646481402 119
1787646481826 119
1787646482054 118
1787646482481 119
1787646483506 120
1787646484033 115
1787646484459 119
1787646484689 116
1787646484915 118
1787646485143 121
1787646485373 119
1787646485602 120
1787646486234 118
1787646486463 119
1787646486692 120
1787646486921 117
1787646487650 119
1787646488174 119
1787646488705 1631
1787646490644 119
1787646490973 118
1787646491600 120
1787646491830 119
1787646492058 119
1787646492386 119
1787646492916 123
1787646493250 118
1787646493581 118
1787646493808 120
1787646494436 120
1787646494666 121
1787646495698 114
1787646495924 118
1787646496253 118
1787646496782 119
1787646497012 120
1787646497341 119
1787646497569 118
1787646497798 118
1787646498629 119
1787646498859 123
1787646499191 124
1787646499626 119
1787646499955 120
1787646500284 120
1787646500716 118
1787646501241 120
1787646501771 119
1787646502101 119
1787646502532 118
1787646502861 113
1787646503086 120
1787646503416 118
1787646504241 117
1787646504468 118
1787646505097 119
1787646505723 113
1787646506347 118
1787646506575 106
1787646506792 123
1787646507127 112
1787646507949 121
1787646508179 119
1787646508409 117
1787646508635 119
1787646509164 119
1787646509393 120
1787646509623 112
1787646509943 115
1787646510169 118
1787646510599 118
1787646511829 115
1787646512057 119
1787646512287 113
1787646512718 120
1787646512948 118
1787646513279 119
1787646513710 119
1787646514141 118
1787646514472 118
1787646515100 126
1787646515335 120
1787646515566 118
1787646515993 119
1787646516521 118
1787646517448 120
1787646518181 123
1787646518411 119
1787646518940 1624
1787646520776 121
1787646521308 118
1787646521535 113
1787646521860 118
1787646522588 117
1787646522815 118
1787646523343 114
1787646523871 119
1787646524301 118
1787646525329 123
1787646525561 117
1787646525788 118
1787646526416 118
1787646526644 119
1787646527070 120
1787646527300 118
1787646528028 113
1787646528553 123
1787646529289 119
1787646529512 114
1787646530545 116
1787646530870 122
1787646531103 114
1787646531329 119
1787646531860 118
1787646532289 113
1787646532514 116
1787646533239 120
1787646533469 118
1787646534403 118
1787646534730 113
1787646535257 113
1787646535579 116
1787646535904 112
1787646536230 119
1787646536558 117
1787646536981 118
1787646537208 119
1787646537436 115
1787646537860 114
1787646538587 114
1787646539016 118
1787646539342 120
1787646540269 114
1787646540497 112
1787646541219 113
1787646541546 114
1787646541771 112
1787646541992 111
1787646542213 112
1787646542538 112
1787646542959 112
1787646543178 113
1787646543402 119
1787646543731 113
1787646544556 120
1787646544786 117
1787646545314 123
1787646545950 113
1787646546573 107
1787646547093 121
1787646547325 120
1787646547555 119
1787646547784 117
1787646548111 118
1787646548440 119
1787646548771 1611
1787646550696 118
1787646551725 117
1787646551954 118
1787646552485 119
1787646552916 120
1787646553749 118
1787646553977 118
1787646554405 114
1787646554732 120
1787646554961 116
1787646555187 119
1787646555416 118
1787646555645 119
1787646555971 118
1787646556199 120
1787646556531 120
1787646557451 122
1787646558088 118
1787646558416 121
1787646558746 122
1787646559685 118
1787646560012 120
1787646560242 116
1787646560667 122
1787646561001 119
1787646561229 118
1787646561558 119
1787646561788 118
1787646562418 118
1787646563350 118
1787646563981 119
1787646564209 114
1787646564635 118
1787646565264 123
1787646565698 119
1787646566027 119
1787646566255 119
1787646566484 119
1787646566815 118
1787646567342 117
1787646567569 112
1787646568196 112
1787646568623 119
1787646568954 119
1787646569588 118
1787646570215 119
1787646570444 117
1787646570971 113
1787646571194 118
1787646571624 119
1787646571953 119
1787646572182 117
1787646572511 120
1787646572841 119
1787646573172 119
1787646573604 119
1787646574134 115
1787646574560 114
1787646574885 114
1787646575508 124
1787646576143 119
1787646576373 115
1787646576598 117
1787646577126 118
1787646577354 119
1787646577786 113
1787646578012 113
1787646578339 1624
1787646580073 118
1787646580599 118
1787646581232 119
1787646581965 112
1787646582289 118
1787646582716 118
1787646583345 117
1787646583672 116
1787646584200 119
1787646584528 121
1787646584761 118
1787646585089 118
1787646585317 118
1787646585850 117
1787646586382 108
1787646586702 121
1787646587334 119
1787646587961 118
1787646588190 113
1787646588415 118
1787646589246 111
1787646589567 113
1787646589793 114
1787646590020 118
1787646590446 118
1787646590773 118
1787646591100 120
1787646591328 115
1787646591854 119
1787646592185 112
1787646592809 119
1787646593441 114
1787646593865 118
1787646594093 119
1787646594322 119
1787646594952 111
1787646595576 118
1787646595803 118
1787646596234 113
1787646596560 118
1787646596888 118
1787646597617 117
1787646597943 115
1787646598669 119
1787646599101 112
1787646599326 118
1787646599655 113
1787646600081 119
1787646600815 120
1787646601145 118
1787646601573 118
1787646602101 119
1787646602329 119
1787646603555 120
1787646603983 120
1787646604413 118
1787646604642 119
1787646605267 122
1787646605700 119
1787646605928 119
1787646606156 119
1787646606789 120
1787646607019 119
1787646607248 118
1787646607472 101
1787646607671 105
1787646607875 107
1787646608447 1529
1787646610998 100
1787646611196 104
1787646611399 104
1787646611695 100
1787646612262 102
1787646612833 103
1787646613037 103
1787646613332 102
1787646614086 101
1787646614287 100
1787646614486 104
1787646614871 106
1787646615354 102
1787646616473 105
1787646616678 101
1787646616882 106
1787646617268 104
1787646617472 104
1787646618134 106
1787646618432 107
1787646618822 104
1787646619211 105
1787646619692 105
1787646619898 105
1787646620104 101
1787646620579 105
1787646620876 104
1787646622182 106
1787646622387 105
1787646622592 104
1787646622886 104
1787646623457 104
1787646623754 102
1787646624323 105
1787646624711 105
1787646625202 106
1787646625409 104
1787646625611 100
1787646625810 106
1787646626195 105
1787646626580 106
1787646627705 104
1787646628091 104
1787646628296 105
1787646628499 105
1787646628885 107
1787646629185 108
1787646630033 103
1787646630600 104
1787646630899 105
1787646631193 104
1787646631764 104
1787646632797 106
1787646633184 105
1787646633389 104
1787646634050 105
1787646634254 103
1787646634456 105
1787646635212 102
1787646635783 105
1787646635987 102
1787646636280 103
1787646636483 1524
1787646638205 105
1787646638595 106
1787646638801 107
1787646639743 102
1787646640038 105
1787646640519 101
1787646640908 105
1787646641388 101
1787646641591 105
1787646642345 101
1787646642639 105
1787646642843 101
1787646643046 107
1787646643435 104
1787646643640 104
1787646643936 105
1787646644232 105
1787646644805 106
1787646645012 119
1787646645236 102
1787646645529 105
1787646645917 105
1787646646489 104
1787646647150 104
1787646647810 103
1787646648193 105
1787646648399 104
1787646648604 101
1787646649172 106
1787646649562 104
1787646649767 102
1787646650062 104
1787646650727 107
1787646651487 105
1787646651784 104
1787646652538 106
1787646652836 105
1787646653313 107
1787646653521 105
1787646653817 105
1787646654204 105
1787646654684 102
1787646654888 105
1787646655093 104
1787646655663 105
1787646655959 104
1787646656256 105
1787646657014 105
1787646657860 110
1787646658344 102
1787646658825 105
1787646659030 106
1787646659422 102
1787646659626 106
1787646659923 102
1787646660128 103
1787646660333 104
1787646660535 100
1787646661098 105
1787646661582 105
1787646661880 104
1787646662263 104
1787646662649 106
1787646663402 103
1787646663883 106
1787646664364 1535
1787646666094 106
1787646666483 105
1787646666686 105
1787646667070 104
1787646667275 105
1787646667754 107
1787646667960 105
1787646668717 105
1787646668921 104
1787646669124 105
1787646669330 105
1787646669719 106
1787646670384 105
1787646670955 106
1787646671160 105
1787646671915 105
1787646672212 103
1787646672597 102
1787646673259 105
1787646673649 104
1787646674036 102
1787646674332 101
1787646674989 101
1787646675192 105
1787646675488 106
1787646676063 107
1787646676731 105
1787646676938 105
1787646677235 106
1787646677715 106
1787646678747 109
1787646679141 105
1787646679346 103
1787646679550 101
1787646679755 120
1787646680440 104
1787646680736 106
1787646681035 104
1787646681422 104
1787646682088 100
1787646682381 104
1787646682584 106
1787646683066 104
1787646683271 105
1787646683566 105
1787646684509 106
1787646684899 101
1787646685191 102
1787646685397 106
1787646685602 105
1787646686082 106
1787646686382 106
1787646686588 105
1787646687254 105
1787646687641 102
1787646688027 106
1787646688418 104
1787646688715 105
1787646689379 105
1787646690138 105
1787646690436 105
1787646690825 105
1787646691031 101
1787646691233 101
1787646691434 100
1787646691910 106
1787646692115 106
1787646692415 1525
1787646694227 105
1787646694800 102
1787646695005 101
1787646695207 106
1787646695690 105
1787646696634 104
1787646697391 104
1787646697595 105
1787646698167 105
1787646698373 110
1787646698582 108
1787646699249 106
1787646699456 102
1787646699659 104
1787646700047 116
1787646700270 106
1787646700476 106
1787646700683 106
1787646701350 104
1787646702653 106
1787646703228 105
1787646703524 107
1787646703822 104
1787646704025 101
1787646704411 108
1787646704619 106
1787646705101 105
1787646705398 105
1787646705603 105
1787646705893 105
1787646706098 105
1787646706577 104
1787646708065 106
1787646708456 104
1787646708752 107
1787646709052 105
1787646709258 101
1787646709735 104
1787646710029 102
1787646710599 106
1787646710897 105
1787646711102 104
1787646711306 102
1787646711509 105
1787646711715 105
1787646712288 105
1787646713499 105
1787646713981 106
1787646714188 101
1787646714667 105
1787646714965 102
1787646715260 101
1787646715464 102
1787646715852 104
1787646716056 124
1787646716591 117
1787646716818 119
1787646717047 111
1787646717969 119
1787646719003 118
1787646719528 114
1787646719753 120
1787646720388 119
1787646720615 1585
1787646722313 118
1787646722642 118
1787646722969 120
1787646723198 119
1787646723620 105
1787646723826 106
1787646724215 101
1787646724509 107
1787646724809 104
1787646726119 105
1787646726419 104
1787646726623 106
1787646727562 106
1787646727768 105
1787646728066 104
1787646728270 105
1787646728569 105
1787646728774 105
1787646728978 105
1787646729184 106
1787646729666 102
1787646729871 106
1787646730262 100
1787646730462 103
1787646731489 106
1787646731787 106
1787646731993 104
1787646732933 106
1787646733602 107
1787646733811 105
1787646734017 107
1787646734223 100
1787646734423 104
1787646734721 105
1787646734926 106
1787646735224 105
1787646735429 105
1787646735821 107
1787646736120 104
1787646736970 106
1787646737178 105
1787646737384 108
1787646738421 106
1787646739271 102
1787646739473 105
1787646739864 107
1787646740070 106
1787646740277 105
1787646740575 106
1787646740875 107
1787646741358 105
1787646741656 106
1787646742047 106
1787646742252 104
1787646742641 105
1787646742847 107
1787646744246 102
1787646744821 104
1787646745210 102
1787646745502 102
1787646745794 106
1787646746092 107
1787646746391 107
1787646746597 104
1787646746803 105
1787646747283 106
1787646747581 106
1787646747788 106
1787646748180 104
1787646748385 105
1787646749697 1532
1787646751702 105
1787646752184 104
1787646752387 105
1787646752960 104
1787646753439 105
1787646753827 106
1787646754125 106
1787646754332 104
1787646754628 105
1787646754834 106
1787646755040 105
1787646756437 105
1787646756827 107
1787646757493 107
1787646757701 105
1787646757907 106
1787646758205 103
1787646758499 104
1787646758703 104
1787646759458 105
1787646759663 105
1787646759869 106
1787646760167 106
1787646760559 105
1787646760765 107
1787646761804 106
1787646762195 106
1787646762861 105
1787646763250 107
1787646763640 102
1787646763844 106
1787646764142 105
1787646764622 106
1787646765103 105
1787646765493 106
1787646765881 104
1787646766086 105
1787646766474 105
1787646767138 106
1787646767620 104
1787646768191 105
1787646768489 106
1787646768694 104
1787646768991 106
1787646769471 106
1787646769768 105
1787646770065 104
1787646770636 105
1787646770933 107
1787646771141 105
1787646771529 106
1787646771919 101
1787646772124 106
1787646772422 103
1787646772719 104
1787646773198 107
1787646773774 106
1787646774164 103
1787646774458 105
1787646775216 106
1787646775422 104
1787646775718 106
1787646776108 105
1787646776404 105
1787646776884 109
1787646777645 106
1787646777943 1518
1787646779655 104
1787646780046 104
1787646780435 105
1787646780640 106
1787646781031 106
1787646781235 105
1787646782174 105
1787646782562 104
1787646782951 103
1787646783246 106
1787646784275 102
1787646784477 105
1787646784683 106
1787646784889 105
1787646785095 105
1787646785496 105
1787646785700 104
1787646785905 105
1787646786201 106
1787646786499 104
1787646786796 105
1787646787548 106
1787646788394 106
1787646788602 105
1787646788808 107
1787646789199 104
1787646790137 105
1787646790343 105
1787646790640 106
1787646790846 104
1787646791050 106
1787646791348 106
1787646791553 106
1787646791852 106
1787646792337 106
1787646792542 105
1787646793115 105
1787646794151 105
1787646794449 103
1787646794928 105
1787646795318 106
1787646795523 105
1787646796278 104
1787646796482 104
1787646796778 106
1787646796985 106
1787646797190 106
1787646797396 106
1787646797695 107
1787646798178 106
1787646799398 101
1787646799600 105
1787646800451 106
1787646800659 105
1787646800957 103
1787646801621 106
1787646801827 104
1787646802310 106
1787646802517 102
1787646802812 106
1787646803017 105
1787646803314 104
1787646803519 101
1787646804090 107
1787646804855 108
1787646805157 106
1787646805364 106
1787646805937 1542
1787646807675 105
1787646808250 105
1787646808639 106
1787646808844 101
1787646809231 106
1787646809531 106
1787646809829 105
1787646810219 105
1787646810425 104
1787646810629 104
1787646810832 104
1787646811498 106
1787646811889 105
1787646812093 101
1787646812667 106
1787646812966 102
1787646813356 102
1787646814204 104
1787646814408 102
1787646814613 105
1787646815000 105
1787646815390 104
1787646815686 106
1787646815984 106
1787646816467 106
1787646817224 107
1787646817618 102
1787646817822 106
1787646818303 106
1787646818510 106
1787646818717 105
1787646819839 101
1787646820042 105
1787646820430 105
1787646821005 108
1787646821215 104
1787646821879 105
1787646822083 105
1787646822751 104
1787646822954 106
1787646823345 106
1787646823922 104
1787646824127 102
1787646824422 104
1787646825273 101
1787646825564 109
1787646825774 104
1787646825980 104
1787646826185 107
1787646826577 105
1787646826782 105
1787646826988 105
1787646827561 105
1787646827767 106
1787646828531 106
1787646828925 106
1787646829503 107
1787646829987 104
1787646830192 106
1787646831043 107
1787646831250 104
1787646831548 107
1787646832031 106
1787646832239 104
1787646832537 106
1787646833113 106
1787646833413 106
1787646834080 1560
1787646835744 106
1787646836321 121
1787646836823 106
1787646837029 106
1787646837875 105
1787646838080 106
1787646838472 106
1787646838679 106
1787646838977 107
1787646839277 108
1787646839763 105
1787646840524 106
1787646841199 101
1787646841492 105
1787646841697 106
1787646842180 104
1787646842476 105
1787646843230 105
1787646843437 107
1787646843644 104
1787646843848 106
1787646844608 105
1787646845182 106
1787646846126 107
1787646846518 106
1787646846724 106
1787646847299 106
1787646847506 105
1787646847896 107
1787646848195 106
1787646848402 105
1787646848702 106
1787646848909 107
1787646849115 106
1787646849960 106
1787646850351 105
1787646851021 107
1787646851784 107
1787646851992 105
1787646852293 107
1787646852777 105
1787646852982 105
1787646853465 102
1787646853670 104
1787646853876 105
1787646854082 102
1787646854288 106
1787646855507 105
1787646855990 104
1787646856751 105
1787646857143 105
1787646857626 105
1787646857923 107
1787646858130 105
1787646858336 119
1787646858834 105
1787646859039 106
1787646859247 103
1787646859451 104
1787646859657 106
1787646859864 105
1787646860253 101
1787646861379 105
1787646861956 106
1787646862256 100
1787646863008 1560
1787646865041 104
1787646865246 105
1787646865452 102
1787646865933 103
1787646866136 105
1787646866342 107
1787646866642 109
1787646867221 107
1787646868077 104
1787646868559 106
1787646868860 108
1787646869623 107
1787646870106 105
1787646870404 106
1787646870610 105
1787646870907 106
1787646871205 106
1787646871411 106
1787646871897 108
1787646872474 106
1787646873046 106
1787646873252 107
1787646874199 109
1787646875243 108
1787646875638 107
1787646876122 108
1787646876330 101
1787646876717 109
1787646877021 106
1787646877879 106
1787646878087 103
1787646878476 107
1787646879147 107
1787646879725 105
1787646880483 107
1787646880781 106
1787646881173 105
1787646881472 105
1787646881772 102
1787646882159 106
1787646882828 106
1787646883033 105
1787646883606 106
1787646883996 106
1787646884204 106
1787646885152 102
1787646885819 109
1787646886123 104
1787646886327 105
1787646886623 105
1787646887013 107
1787646887864 105
1787646888070 110
1787646888556 105
1787646889131 106
1787646889706 105
1787646890096 106
1787646890761 106
1787646891151 108
1787646891915 1569
1787646893867 106
1787646894259 104
1787646894556 109
1787646895421 105
1787646896229 123
1787646897070 121
1787646897302 121
1787646897532 124
1787646897965 122
1787646898300 116
1787646898727 122
1787646899058 122
1787646899289 120
1787646900124 121
1787646900555 120
1787646901190 125
1787646902222 121
1787646902654 123
1787646902888 121
1787646903521 122
1787646903752 121
1787646904084 119
1787646904721 120
1787646905454 127
1787646905893 120
1787646906526 121
1787646906857 118
1787646907387 119
1787646907718 119
1787646908249 123
1787646908483 121
1787646910910 119
1787646911537 122
1787646911971 121
1787646912996 121
1787646913525 122
1787646914656 124
1787646915090 124
1787646915525 119
1787646916254 123
1787646916587 121
1787646917119 119
1787646918148 121
1787646918676 120
1787646919306 104
1787646919964 106
1787646920171 107
1787646920558 105
1787646921957 1578
1787646923731 106
1787646924215 107
1787646924419 108
1787646925085 106
1787646925659 107
1787646926050 107
1787646927180 108
1787646927388 108
1787646927869 107
1787646928443 108
1787646929470 112
1787646929956 108
1787646930623 106
1787646930921 107
1787646931312 108
1787646931889 107
1787646932369 107
1787646933767 107
1787646934159 107
1787646934456 108
1787646934756 106
1787646935331 104
1787646936174 107
1787646937767 107
1787646937973 106
1787646943010 110
1787646958749 1562
1787646960418 117
1787646960639 118
1787646960863 118
1787646961136 115
1787646961353 128
1787646961585 117
1787646961807 117
1787646962028 114
1787646962241 121
1787646962461 114
1787646963429 114
1787647007053 1590
1787647008748 113
1787647008966 114
1787647009182 115
1787647009400 113
1787647009615 115
1787647009832 114
1787647010049 113
1787647010833 118
1787647011150 114
1787647011460 115
1787647011765 113
1787647011981 114
1787647012294 113
1787647012604 114
1787647012986 115
1787647013292 115
1787647013511 115
1787647013728 113
1787647013945 115
1787647014448 114
1787647014755 108
1787647014966 113
1787647015277 132
1787647015516 133
1787647015869 130
1787647016114 131
1787647016455 129
1787647016699 129
1787647016942 129
1787647017185 130
1787647017534 128
1787647017775 129
1787647018123 129
1787647018319 125
1787647018556 122
1787647018790 125
1787647019130 124
1787647019366 124
1787647019808 123
1787647020033 124
1787647020268 125
1787647020605 123
1787647020941 124
1787647021177 126
1787647021414 139
1787647021665 123
1787647021899 124
1787647022134 124
1787647022573 124
1787647022902 114
1787647023079 111
1787647023292 110
1787647023634 111
1787647023849 112
1787647024160 109
1787647024469 112
1787647024771 111
1787647024985 111
1787647025285 110
1787647025593 112
1787647025996 112
1787647026245 112
1787647026734 111
1787647027044 111
1787647027257 112
1787647027566 111
1787647027781 111
1787647028184 110
1787647028399 112
1787647028613 110
1787647028914 102
1787647029200 102
1787647029406 100
1787647029609 103
1787647029814 100
1787647030112 103
1787647030318 104
1787647030610 102
1787647030815 102
1787647031021 104
1787647031420 120
1787647031746 104
1787647031953 102
1787647032150 101
1787647032545 103
1787647032752 103
1787647033336 103
1787647033542 102
1787647033746 102
1787647033952 103
1787647034447 101
1787647034651 98
1787647034845 101
1787647035144 101
1787647035347 101
1787647035644 102
1787647035849 101
1787647036149 102
1787647036437 1570
1787647038209 105
1787647038420 106
1787647038729 101
1787647038931 101
1787647039136 101
1787647039427 102
1787647039824 102
1787647040006 103
1787647040210 102
1787647040415 101
1787647040618 103
1787647040915 102
1787647041211 109
1787647041423 126
1787647041658 111
1787647041876 111
1787647042094 110
1787647042499 107
1787647042783 108
1787647042994 108
1787647043299 108
1787647043890 111
1787647044189 106
1787647044397 108
1787647044609 109
1787647044821 109
1787647045032 107
1787647045572 108
1787647045784 110
1787647045997 107
1787647046396 106
1787647046880 109
1787647047091 109
1787647047303 108
1787647047514 110
1787647047727 108
1787647048035 109
1787647048239 108
1787647048450 109
1787647048662 108
1787647048871 107
1787647049081 108
1787647049285 109
1787647049688 109
1787647049885 108
1787647050086 109
1787647050298 108
1787647050508 108
1787647050719 109
1787647050931 110
1787647051134 107
1787647051439 109
1787647051645 106
1787647051945 107
1787647052251 107
1787647052460 107
1787647052672 108
1787647052971 107
1787647053359 102
1787647053756 120
1787647053979 121
1787647054202 119
1787647054509 121
1787647054733 120
1787647054954 122
1787647055179 120
1787647055402 118
1787647055622 122
1787647055942 122
1787647056166 119
1787647056477 120
1787647056694 119
1787647056915 121
1787647057138 121
1787647057363 120
1787647057778 122
1787647058195 120
1787647058415 122
1787647058640 121
1787647058863 122
1787647059184 121
1787647059503 121
1787647059769 120
1787647059985 121
1787647060199 120
1787647060519 122
1787647060744 119
1787647061062 120
1787647061285 121
1787647061599 120
1787647061821 121
1787647062047 122
1787647062367 121
1787647062784 121
1787647063103 120
1787647063321 121
1787647063635 121
1787647063858 121
1787647064082 122
1787647064401 120
1787647064624 120
1787647064848 122
1787647065071 121
1787647065465 122
1787647065691 1619
1787647067416 127
1787647067649 124
1787647067878 125
1787647068110 126
1787647068441 126
1787647068671 122
1787647068992 121
1787647069399 120
1787647069624 120
1787647069847 122
1787647070071 120
1787647070381 116
1787647070601 120
1787647070825 121
1787647071047 121
1787647071262 122
1787647071488 120
1787647071710 121
1787647072028 121
1787647072252 122
1787647072466 119
1787647072783 120
1787647073101 121
1787647073324 120
1787647073544 160
1787647073813 125
1787647074044 125
1787647074273 121
1787647074590 122
1787647074910 120
1787647075224 122
1787647075449 120
1787647075767 121
1787647075989 118
1787647076306 122
1787647076795 121
1787647077115 121
1787647077339 121
1787647077563 120
1787647077785 102
1787647077949 119
1787647078121 122
1787647078438 121
1787647078662 121
1787647078886 122
1787647079303 122
1787647079528 119
1787647079793 121
1787647080019 122
1787647080280 121
1787647080505 122
1787647080729 121
1787647080954 121
1787647081179 121
1787647081403 122
1787647081629 123
1787647081855 100
1787647082144 123
1787647082371 121
1787647082787 122
1787647083014 123
1787647083238 122
1787647083644 123
1787647083870 120
1787647084094 120
1787647084317 118
1787647084537 120
1787647084851 120
1787647085075 122
1787647085300 120
1787647085617 122
1787647085939 121
1787647086258 121
1787647086482 121
1787647086706 121
1787647086922 122
1787647087146 122
1787647087459 120
1787647087777 121
1787647088096 122
1787647088413 120
1787647088826 122
1787647089148 120
1787647089371 122
1787647089690 122
1787647090010 122
1787647090235 120
1787647090457 120
1787647090672 122
1787647090898 146
1787647091154 125
1787647091385 121
1787647091694 122
1787647091920 122
1787647092144 120
1787647092366 123
1787647092772 123
1787647092999 119
1787647093213 121
1787647093629 121
1787647093853 122
1787647094078 123
1787647094305 122
1787647094617 116
1787647094830 120
1787647095149 123
1787647095374 1639
1787647097123 127
1787647097357 128
1787647097779 125
1787647098092 121
1787647098403 121
1787647098628 122
1787647098854 121
1787647099077 121
1787647099299 119
1787647099521 120
1787647099913 123
1787647100139 121
1787647100362 121
1787647100681 121
1787647100998 123
1787647101224 122
1787647101498 121
1787647101719 122
1787647101945 123
1787647102266 123
1787647102491 120
1787647102715 121
1787647103119 120
1787647103437 123
1787647103663 119
1787647103885 123
1787647104205 120
1787647104619 121
1787647104834 122
1787647105060 122
1787647105285 121
1787647105604 121
1787647105829 123
1787647106056 120
1787647106464 122
1787647106680 121
1787647106997 123
1787647107319 121
1787647107543 122
1787647107767 121
1787647108167 123
1787647108387 122
1787647108613 121
1787647108837 120
1787647109060 121
1787647109283 121
1787647109795 120
1787647110018 122
1787647110335 124
1787647110755 120
1787647111072 121
1787647111390 120
1787647111800 122
1787647112025 119
1787647112341 123
1787647112664 120
1787647113026 116
1787647113238 115
1787647113648 114
1787647113864 115
1787647114177 116
1787647114390 115
1787647114608 114
1787647114997 115
1787647115311 115
1787647115625 116
1787647115843 113
1787647116058 114
1787647116274 115
1787647116494 115
1787647116709 113
1787647116926 116
1787647117145 114
1787647117519 113
1787647117735 115
1787647118145 115
1787647118355 116
1787647118764 115
1787647119078 113
1787647119294 115
1787647119607 115
1787647120010 114
1787647120224 116
1787647120437 112
1787647120653 115
1787647120965 114
1787647121275 115
1787647121495 115
1787647121806 114
1787647122115 114
1787647122333 114
1787647122548 115
1787647122860 115
1787647123076 116
1787647123473 117
1787647123723 114
1787647123940 115
1787647124255 115
1787647124473 111
1787647124686 114
1787647125086 1576
1787647126855 117
1787647127169 114
1787647127386 115
1787647127604 115
1787647128012 116
1787647128228 115
1787647128443 114
1787647128661 115
1787647128880 114
1787647129097 116
1787647129316 112
1787647129625 114
1787647129842 115
1787647130246 114
1787647130463 113
1787647130775 116
1787647130993 112
1787647131397 114
1787647131613 108
1787647131825 115
1787647132044 115
1787647132263 116
1787647132483 114
1787647132702 113
1787647133015 114
1787647133231 113
1787647133493 115
1787647133808 114
1787647134026 114
1787647134341 115
1787647134558 115
1787647134776 113
1787647135087 114
1787647135304 113
1787647135522 114
1787647135740 114
1787647136052 114
1787647136269 113
1787647136669 116
1787647136888 115
1787647137105 114
1787647137314 113
1787647137530 113
1787647137746 115
1787647137966 114
1787647138273 116
1787647138589 112
1787647138804 114
1787647139021 112
1787647139322 116
1787647139636 113
1787647139853 117
1787647140134 113
1787647140351 113
1787647140664 115
1787647140868 114
1787647141086 114
1787647141304 115
1787647141522 109
1787647141826 115
1787647142044 114
1787647142359 114
1787647142660 117
1787647142880 115
1787647143090 116
1787647143300 114
1787647143614 116
1787647143928 116
1787647144149 116
1787647144640 114
1787647144951 114
1787647145168 114
1787647145386 114
1787647145604 114
1787647146099 113
1787647146405 114
1787647146621 115
1787647147032 114
1787647147250 112
1787647147554 115
1787647147865 111
1787647148078 113
1787647148294 108
1787647148506 111
1787647148721 111
1787647149125 111
1787647149337 112
1787647149553 112
1787647149768 111
1787647150078 112
1787647150389 110
1787647150698 111
1787647151052 111
1787647151265 110
1787647151573 111
1787647152075 112
1787647152368 112
1787647152677 114
1787647152989 113
1787647153207 111
1787647153609 111
1787647153918 113
1787647154233 1575
1787647155915 114
1787647156135 111
1787647156444 110
1787647156657 112
1787647156942 112
1787647157159 112
1787647157321 111
1787647157535 112
1787647157943 111
1787647158438 114
1787647158656 111
1787647158931 112
1787647159240 110
1787647159454 110
1787647159668 112
1787647160049 110
1787647160264 112
1787647160467 113
1787647160779 111
1787647160993 112
1787647161305 112
1787647161574 111
1787647161773 112
1787647161989 111
1787647162203 113
1787647162420 111
1787647162816 111
1787647163214 113
1787647163430 113
1787647163648 112
1787647163853 111
1787647164067 110
1787647164281 112
1787647164487 110
1787647164945 111
1787647165157 112
1787647165372 114
1787647165587 113
1787647165897 116
1787647166169 104
1787647166376 103
1787647166726 102
1787647166933 103
1787647167138 113
1787647167354 103
1787647167655 102
1787647167956 104
1787647168245 99
1787647168643 104
1787647168846 103
1787647169053 104
1787647169258 102
1787647169556 104
1787647169858 102
1787647170064 103
1787647170459 99
1787647170751 103
1787647171054 104
1787647171262 103
1787647171468 103
1787647171773 104
1787647171971 102
1787647172263 103
1787647172469 103
1787647172677 103
1787647172883 104
1787647173091 102
1787647173296 100
1787647173597 103
1787647173804 104
1787647174004 102
1787647174207 104
1787647174700 104
1787647174909 103
1787647175538 103
1787647175743 102
1787647175949 103
1787647176600 102
1787647176861 103
1787647177165 102
1787647177370 102
1787647177575 102
1787647178022 103
1787647178273 102
1787647178478 103
1787647178685 103
1787647178892 102
1787647179376 101
1787647179671 102
1787647179877 104
1787647180180 104
1787647180388 105
1787647180692 103
1787647180897 104
1787647181104 101
1787647181304 104
1787647181511 103
1787647181717 103
1787647182018 101
1787647182222 103
1787647182608 103
1787647182910 103
1787647183108 102
1787647183313 102
1787647183518 1602
1787647185418 104
1787647185625 104
1787647185831 102
1787647186032 103
1787647186326 102
1787647186530 101
1787647186733 103
1787647186938 102
1787647187134 102
1787647187339 102
1787647187545 103
1787647187753 101
1787647188052 102
1787647188304 104
1787647188607 102
1787647188908 102
1787647189159 115
1787647189378 100
1787647189581 103
1787647189873 102
1787647190079 103
1787647190285 102
1787647190450 98
1787647190853 103
1787647191059 102
1787647191262 102
1787647191467 100
1787647191672 102
1787647191878 102
1787647192174 103
1787647192571 102
1787647192776 104
1787647192984 104
1787647193178 103
1787647193480 103
1787647193783 103
1787647193989 102
1787647194195 102
1787647194401 102
1787647194607 103
1787647194909 102
1787647195150 101
1787647195538 103
1787647195743 103
1787647196046 104
1787647196446 102
1787647196652 105
1787647197053 104
1787647197261 101
1787647197560 102
1787647197766 102
1787647198060 103
1787647198265 101
1787647198567 102
1787647198772 102
1787647199073 102
1787647199279 101
1787647199482 103
1787647199647 120
1787647199879 118
1787647200213 118
1787647200445 110
1787647200776 119
1787647201008 119
1787647201240 119
1787647201463 129
1787647201707 119
1787647201938 118
1787647202378 119
1787647202610 118
1787647202841 118
1787647203173 118
1787647203400 125
1787647203640 124
1787647203981 129
1787647204224 125
1787647204565 121
1787647204788 125
1787647205113 120
1787647205347 124
1787647205794 130
1787647206038 126
1787647206276 124
1787647206514 119
1787647206941 125
1787647207178 124
1787647207413 126
1787647207651 130
1787647207989 124
1787647208206 123
1787647208442 126
1787647208764 126
1787647209003 123
1787647209239 123
1787647209475 123
1787647209803 129
1787647209991 124
1787647210331 127
1787647210571 124
1787647210913 126
1787647211152 126
1787647211485 127
1787647211726 124
1787647211963 128
1787647212206 125
1787647212549 124
1787647212784 127
1787647213232 1702
1787647215038 120
1787647215374 117
1787647215595 124
1787647216041 124
1787647216278 125
1787647216506 123
1787647216740 126
1787647216978 122
1787647217213 125
1787647217543 126
1787647217885 125
1787647218125 125
1787647218443 126
1787647218682 124
1787647219128 126
1787647219365 126
1787647219605 126
1787647219844 124
1787647220078 126
1787647220263 125
1787647220501 122
1787647220737 126
1787647221069 127
1787647221516 124
1787647221859 125
1787647222198 125
1787647222531 124
1787647222870 124
1787647223108 124
1787647223538 124
1787647223776 125
1787647224225 125
1787647224565 125
1787647224792 126
1787647225023 126
1787647225261 125
1787647225604 124
1787647225840 126
1787647226078 123
1787647226313 127
1787647226655 127
1787647226989 126
1787647227333 123
1787647227675 126
1787647227904 125
1787647228237 126
1787647228476 126
1787647228715 125
1787647228955 124
1787647229287 124
1787647229627 128
1787647229869 126
1787647230077 131
1787647230424 125
1787647230661 122
1787647230885 126
1787647231227 128
1787647231556 126
1787647231889 125
1787647232116 125
1787647232458 129
1787647232697 125
1787647232935 131
1787647233171 131
1787647233417 132
1787647233662 126
1787647233900 126
1787647234242 126
1787647234471 124
1787647234794 124
1787647235010 124
1787647235343 124
1787647235581 124
1787647235922 126
1787647236161 124
1787647236399 124
1787647236636 123
1787647236871 124
1787647237108 125
1787647237348 127
1787647237691 125
1787647237928 125
1787647238154 126
1787647238394 125
1787647238620 125
1787647238847 130
1787647239091 124
1787647239328 126
1787647239566 124
1787647239862 126
1787647240195 125
1787647240423 125
1787647240651 125
1787647240993 125
1787647241232 125
1787647241470 125
1787647241709 124
1787647242031 127
1787647242261 126
1787647242593 130
1787647242836 125
1787647243074 127
1787647243419 126
1787647243656 124
1787647243978 126
1787647244320 129
1787647244561 128
1787647244803 1714
1787647246629 127
1787647246868 127
1787647247107 125
1787647247290 127
1787647247521 125
1787647247856 127
1787647248094 126
1787647248437 127
1787647248782 125
1787647249104 126
1787647249428 127
1787647249866 125
1787647250414 126
1787647253796 120
1787647254235 121
1787647254471 119
1787647254808 122
1787647255147 121
1787647255485 112
1787647255917 120
1787647256343 121
1787647256578 119
1787647256809 119
1787647257041 119
1787647257376 119
1787647257604 119
1787647258137 121
1787647258371 118
1787647258809 119
1787647259249 120
1787647259482 120
1787647261139 121
1787647261963 124
1787647262516 131
1787647262863 127
1787647265130 127
1787647265575 130
1787647275300 112
1787647275513 111
1787647275820 114
1787647276037 112
1787647276816 1585
1787647278508 115
1787647278820 116
1787647281379 114
1787647287360 116
1787647290684 114
1787647290900 116
1787647291304 115
1787647292466 114
1787647292775 115
1787647293087 114
1787647295857 115
1787647302674 116
1787647304496 116
1787647304715 113
1787647304929 115
1787647305524 112
1787647305737 1575
1787647307699 115
1787647308105 114
1787647309262 113
1787647309477 114
1787647309694 115
1787647310100 115
1787647311448 115
1787647320257 115
1787647320475 116
1787647320705 132
1787647322179 125
1787647322897 112
1787647323678 115
1787647323894 115
1787647324299 112
1787647324607 115
1787647325956 115
1787647334778 1557
1787647336442 117
1787647336660 115
1787647338016 115
1787647339455 114
1787647339672 114
1787647339888 114
1787647340198 113
1787647342106 114
1787647350546 111
1787647351609 118
1787647353146 116
1787647353648 113
1787647353956 114
1787647354644 114
1787647355426 115
1787647364426 1574
1787647366108 120
1787647366805 115
1787647367400 115
1787647367903 115
1787647369350 112
1787647369563 115
1787647369875 116
1787647379952 116
1787647380169 112
1787647380667 114
1787647381539 115
1787647381943 113
1787647383287 114
1787647383503 113
1787647383811 114
1787647387041 116
1787647394118 1530
1787647395749 116
1787647396534 116
1787647397033 116
1787647397628 114
1787647398878 119
1787647399099 115
1787647399696 115
1787647400480 116
1787647404565 115
1787647409966 115
1787647410278 113
1787647411910 115
1787647412982 116
1787647413200 118
1787647413420 116
1787647414302 111
1787647418198 114
1787647424050 1569
1787647425726 115
1787647425942 113
1787647426157 115
1787647426469 115
1787647426782 114
1787647427473 114
1787647428827 116
1787647429141 114
1787647429548 114
1787647429764 114
1787647440080 115
1787647440297 117
1787647440517 114
1787647440825 114
1787647441136 113
1787647442199 115
1787647443266 114
1787647443577 114
1787647443794 115
1787647444105 114
1787647445845 115
1787647454375 1519
1787647455998 115
1787647456217 131
1787647456454 118
1787647456677 115
1787647457177 114
1787647457393 116
1787647457896 114
1787647459251 114
1787647459747 114
1787647460152 115
1787647464065 115
1787647468932 117
1787647470479 118
1787647470699 115
1787647471010 115
1787647471512 115
1787647472955 118
1787647473458 114
1787647474437 115
1787647474750 114
1787647478669 116
1787647483022 1683
1787647486256 122
1787647486484 118
1787647487182 114
1787647487491 115
1787647487708 114
1787647488579 116
1787647490317 115
1787647490534 116
1787647490753 115
1787647491064 116
1787647500190 114
1787647500408 116
1787647500626 114
1787647500842 114
1787647501059 117
1787647501560 114
1787647502537 115
1787647503228 114
1787647505241 118
1787647505461 114
1787647505678 114
1787647505988 115
1787647506586 115
1787647508507 117
1787647509583 118
1787647514728 1582
1787647516511 115
1787647516729 115
1787647517138 116
1787647517356 115
1787647518047 115
1787647521580 115
1787647521890 115
1787647522201 114
1787647522418 112
1787647523491 114
1787647530509 117
1787647530823 115
1787647531041 116
1787647531259 116
1787647531572 115
1787647532070 113
1787647532853 114
1787647534490 117
1787647536693 114
1787647536910 116
1787647537223 113
1787647544800 1563
1787647546468 119
1787647546692 115
1787647547192 115
1787647549298 113
1787647552357 115
1787647552763 114
1787647553641 115
1787647555086 115
1787647560112 114
1787647560422 114
1787647560640 112
1787647560947 114
1787647561164 115
1787647561381 113
1787647562529 116
1787647565200 114
1787647566926 114
1787647567329 115
1787647567547 114
1787647574657 1532
1787647576290 114
1787647576507 115
1787647576724 115
1787647577036 114
1787647578382 115
1787647583028 114
1787647583434 115
1787647583652 113
1787647585935 114
1787647586815 115
1787647590132 115
1787647590349 115
1787647590661 113
1787647590972 114
1787647592512 114
1787647592919 113
1787647597771 115
1787647597990 116
1787647598208 114
1787647598424 114
1787647604048 1558
1787647605714 115
1787647606121 113
1787647606336 116
1787647606648 114
1787647607052 115
1787647612208 117
1787647614030 116
1787647614248 115
1787647614465 114
1787647615057 113
1787647616507 118
1787647619753 117
1787647619973 116
1787647620192 115
1787647620505 114
1787647621102 115
1787647628708 119
1787647629216 116
1787647629531 115
1787647630509 116
1787647633469 1596
1787647635324 114
1787647635729 117
1787647635947 113
1787647637388 118
1787647643834 115
1787647644808 115
1787647645119 114
1787647645430 114
1787647645741 114
1787647647662 113
1787647649198 114
1787647649413 114
1787647649723 115
1787647649939 114
1787647650249 114
1787647651970 116
1787647658968 118
1787647659562 115
1787647659968 115
1787647660185 114
1787647663054 1572
1787647664832 119
1787647665057 118
1787647665278 113
1787647665493 115
1787647665711 129
1787647666725 117
1787647672712 114
1787647674148 115
1787647675882 114
1787647676193 115
1787647676411 115
1787647677668 114
1787647679011 114
1787647679321 116
1787647679730 119
1787647680047 116
1787647680740 114
1787647690312 112
1787647690621 117
1787647691029 114
1787647691245 114
1787647691745 1592
1787647694489 115
1787647694705 114
1787647695108 114
1787647695325 129
1787647695562 117
1787647695781 114
1787647702399 116
1787647705081 114
1787647706428 114
1787647707210 115
1787647707427 116
1787647707645 113
1787647708523 116
1787647708835 116
1787647709337 114
1787647709555 114
1787647709960 115
1787647711116 114
1787647720777 1590
1787647723141 114
1787647723453 114
1787647723668 114
1787647723884 114
1787647724195 114
1787647724412 115
1787647724724 114
1787647725034 114
1787647725250 114
1787647731971 114
1787647735293 118
1787647737877 117
1787647738096 114
1787647738311 114
1787647738528 114
1787647738834 114
1787647739616 114
1787647740021 114
1787647751798 1595
1787647753500 119
1787647753724 118
1787647753946 114
1787647754163 114
1787647754377 114
1787647755160 114
1787647766192 116
1787647766693 113
1787647767098 114
1787647767315 115
1787647767625 114
1787647768029 113
1787647768245 114
1787647768556 115
1787647768773 114
1787647769082 114
1787647769392 114
1787647769795 113
1787647771332 115
1787647778971 118
1787647781068 1607
1787647783255 114
1787647783657 113
1787647783966 114
1787647784181 114
1787647785151 113
1787647785459 112
1787647785768 134
1787647786008 118
1787647786227 115
1787647787198 114
1787647794767 113
1787647796954 113
1787647797169 116
1787647797482 115
1787647797791 114
1787647798386 116
1787647798604 115
1787647799955 114
1787647800548 114
1787647800857 116
1787647801074 117
1787647802332 114
1787647808677 116
1787647810210 115
1787647811373 1578
1787647813244 114
1787647813459 113
1787647813959 114
1787647814739 114
1787647816171 114
1787647816763 114
1787647817260 117
1787647817479 113
1787647819298 112
1787647826635 114
1787647827041 115
1787647827632 114
1787647828132 114
1787647828537 114
1787647828940 113
1787647831038 115
1787647831633 114
1787647831849 115
1787647832250 115
1787647840000 114
1787647840496 1590
1787647842570 114
1787647842974 114
1787647843190 114
1787647843685 114
1787647844276 115
1787647845340 112
1787647845554 113
1787647848020 114
1787647848424 114
1787647848638 113
1787647849229 115
1787647853574 114
1787647856050 115
1787647856640 115
1787647856954 114
1787647857732 116
1787647857949 114
1787647860404 117
1787647861093 114
1787647863194 114
1787647863409 114
1787647863626 113
1787647864593 114
1787647865279 113
1787647869923 1566
1787647872159 114
1787647872469 114
1787647873342 114
1787647873558 114
1787647873774 113
1787647874458 115
1787647879496 115
1787647879711 113
1787647879926 111
1787647880139 115
1787647883743 114
1787647884996 117
1787647886343 114
1787647886559 114
1787647887055 115
1787647887834 114
1787647888050 115
1787647888267 113
1787647888481 116
1787647894162 114
1787647894754 113
1787647895063 116
1787647896599 113
1787647897662 115
1787647899580 1596
1787647902130 114
1787647902347 114
1787647903408 114
1787647903625 114
1787647903841 114
1787647907545 114
1787647910115 117
1787647911184 114
1787647911400 114
1787647911616 114
1787647911832 114
1787647912900 113
1787647913116 113
1787647915412 113
1787647916569 112
1787647916974 113
1787647918126 114
1787647918341 113
1787647919120 134
1787647922580 117
1787647925996 114
1787647926401 114
1787647926710 115
1787647926927 115
1787647927145 114
1787647929235 1570
1787647930911 118
1787647931605 114
1787647932008 114
1787647932413 114
1787647932818 113
1787647933695 114
1787647934761 115
1787647939502 114
1787647941685 117
1787647943219 118
1787647943438 114
1787647944600 118
1787647945955 113
1787647946170 113
1787647947330 114
1787647947641 114
1787647950872 115
1787647955388 117
1787647957763 113
1787647957980 1607
1787647959694 117
1787647961425 114
1787647962675 114
1787647962891 113
1787647963200 113
1787647970982 114
1787647973458 113
1787647973673 117
1787647974079 113
1787648035802 1608
1787648064243 101
1787648065310 1552
1787648067162 119
1787648067762 109
1787648068354 110
1787648069046 109
1787648069635 115
1787648136468 1595
1787648138168 122
1787648138490 120
1787648204904 1704
1787648206726 143
1787648206984 142
1787648340099 1715
1787648341929 143
1787648342185 144
1787648343176 140
1787648407886 1705
1787648409706 141
1787648409961 141
1787648410217 141
1787648410473 141
1787648410727 143
1787648410984 138
1787648411235 136
1787648412530 140
1787648476687 1719
1787648478523 144
1787648478780 139
1787648479032 143
1787648479290 136
1787648479540 142
1787648481351 140
1787648545291 1713
1787648547121 145
1787648547900 144
1787648548158 142
1787648548519 138
1787648548768 139
1787648549333 141
1787648613009 1700
1787648614824 138
1787648615076 141
1787648615331 142
1787648615586 143
1787648616670 138
1787648616923 137
1787648617174 137
1787648681499 1710
1787648683321 143
1787648683577 137
1787648684139 139
1787648684393 142
1787648684648 142
1787648685113 136
1787648749777 1726
1787648751619 144
1787648751877 142
1787648752133 140
1787648752384 138
1787648752639 142
1787648752895 139
1787648753148 143
1787648753405 139
1787648753866 140
1787648754228 140
1787648754482 142
1787648819447 1677
1787648821240 142
1787648821495 140
1787648821750 140
1787648822216 139
1787648822468 142
1787648822723 143
1787648887720 1668
1787648889503 136
1787648889751 143
1787648890109 138
1787648890360 142
1787648953716 1722
1787648955556 142
1787648955815 142
1787648956071 138
1787648956428 135
1787648957301 143
1787648957662 138
1787649021620 1731
1787649023574 137
1787649023823 144
1787649024081 138
1787649024334 141
1787649024588 142
1787649024953 137
1787649025629 140
1787649025884 141
1787649026345 143
1787649026603 142
1787649090778 1739
1787649092638 147
1787649092900 137
1787649093153 139
1787649093408 140
1787649093663 119
1787649093895 140
1787649094360 143
1787649094724 143
1787649095087 138
1787649095446 143
1787649095705 144
1787649160920 1757
1787649162794 146
1787649163162 146
1787649163529 142
1787649163891 141
1787649164254 142
1787649164512 143
1787649165510 140
1787649165763 139
1787649230942 1757
1787649232816 146
1787649233076 140
1787649233434 139
1787649233688 143
1787649233947 144
1787649234206 142
1787649235204 116
1787649299181 1746
1787649301701 139
1787649302379 143
1787649302637 144
1787649303110 145
1787649303370 141
1787649303625 141
1787649303988 143
1787649304246 143
1787649304506 142
1787649370015 1726
1787649371861 146
1787649372122 144
1787649372486 144
1787649372744 146
1787649373004 121
1787649436721 1719
1787649439394 141
1787649440176 139
1787649440430 146
1787649440691 143
1787649440948 144
1787649441207 121
1787649442290 120
1787649442525 114
1787649443280 129
1787649498294 1717
1787649500968 119
1787649507821 140
1787649508912 139
1787649509374 144
1787649509634 141
1787649509891 116
1787649510971 119
1787649511206 116
1787649511439 119
1787649511885 118
1787649512117 122
1787649512356 120
1787649512590 121
1787649512933 115
1787649575536 1771
1787649578271 140
1787649579573 120
1787649579809 118
1787649580136 118
1787649580370 115
1787649580806 118
1787649581040 120
1787649581274 116
1787649581610 118
1787649644226 1752
1787649646944 141
1787649648247 116
1787649648477 118
1787649648712 120
1787649649052 121
1787649649289 118
1787649649524 122
1787649649974 117
1787649650204 120
1787649650545 123
1787649713463 1743
1787649716177 139
1787649716644 140
1787649716898 116
1787649717862 115
1787649718092 115
1787649718429 121
1787649718758 102
1787649718965 102
1787649719268 102
1787649719486 104
1787649719695 103
1787649719901 101
1787649782837 1737
1787649785538 141
1787649786209 120
1787649786442 109
1787649786665 117
1787649787317 118
1787649787549 119
1787649787784 119
1787649788123 120
1787649788358 120
1787649788699 119
1787649789251 114
1787649789481 116
1787649852665 1740
1787649855468 116
1787649855700 119
1787649856563 111
1787649856788 117
1787649857126 115
1787649857568 115
1787649858118 116
1787649922461 1734
1787649924312 124
1787649924551 115
1787649924888 116
1787649925330 118
1787649925565 120
1787649925801 121
1787649926356 117
1787649926588 121
1787649926824 115
1787649927054 118
1787649991626 1738
1787649993482 119
1787649993715 120
1787649994381 105
1787649994604 122
1787649995055 117
1787649995286 120
1787649995941 119
1787650060399 1732
1787650062251 123
1787650062489 120
1787650063047 121
1787650063390 116
1787650063621 120
1787650063857 121
1787650064095 120
1787650064651 116
1787650129701 1760
1787650131576 126
1787650131762 120
1787650132208 118
1787650132442 117
1787650132675 116
1787650133226 117
1787650133459 122
1787650134015 120
1787650198226 1767
1787650200532 133
1787650200780 129
1787650201018 116
1787650201250 121
1787650201805 117
1787650202039 117
1787650202489 121
1787650265576 1753
1787650267446 117
1787650267677 132
1787650269515 130
1787650269868 130
1787650270329 121
1787650270566 118
1787650271438 117
1787650271670 116
1787650332728 1745
1787650334592 125
1787650334832 120
1787650335067 119
1787650335406 117
1787650335639 123
1787650336199 116
1787650339607 117
1787650340369 116
1787650340707 119
1787650340943 118
1787650401456 1749
1787650403324 121
1787650403666 120
1787650404537 117
1787650404878 121
1787650405221 118
1787650405777 118
1787650406012 120
1787650406247 120
1787650406698 114
1787650407991 143
1787650410500 121
1787650411059 118
1787650471254 1764
1787650473135 116
1787650473367 118
1787650473710 117
1787650474052 122
1787650474291 118
1787650474528 117
1787650475870 146
1787650476988 141
1787650479752 122
1787650480095 132
1787650518832 1764
1787650521571 117
1787650542146 118
1787650543230 115
1787650543567 141
1787650543824 145
1787650544192 140
1787650544558 140
1787650545133 141
1787650545382 145
1787650546395 142
1787650550149 133
1787650550399 133
1787650550864 133
1787650586908 1778
1787650589655 116
1787650612216 116
1787650612647 139
1787650612900 141
1787650613157 143
1787650613628 141
1787650614202 144
1787650614461 142
1787650615353 140
1787650619244 129
1787650619485 131
1787650619730 1744
1787650621907 128
1787650657497 1753
1787650660213 116
1787650683311 116
1787650683541 116
1787650683878 141
1787650684344 142
1787650684705 139
1787650685274 141
1787650685529 142
1787650685786 139
1787650686769 138
1787650687126 142
1787650690760 1746
1787650727911 1717
1787650730589 116
1787650754419 114
1787650754647 138
1787650755105 140
1787650755360 143
1787650755618 142
1787650756191 143
1787650756448 143
1787650756706 146
1787650757178 139
1787650757641 117
1787650761111 1756
1787650798797 1765
1787650801520 115
1787650823219 115
1787650823549 115
1787650823777 114
1787650824210 115
1787650826397 139
1787650827071 138
1787650827323 141
1787650827579 119
1787650827918 114
1787650829393 115
1787650829621 120
1787650829855 116
1787650830083 118
1787650830316 119
1787650830754 113
1787650830981 113
1787650831209 118
1787650891673 1745
1787650895881 113
1787650896945 118
1787650897698 115
1787650897928 119
1787650898160 120
1787650898395 113
1787650898621 114
1787650899162 115
1787650899391 117
1787650899624 115
1787650900580 113
1787650964652 1752
1787650966519 118
1787650966846 119
1787650967077 119
1787650967308 116
1787650967539 115
1787650967769 116
1787650968211 117
1787651032653 1705
1787651034644 114
1787651035083 119
1787651035419 115
1787651035647 116
1787651036085 115
1787651037252 115
1787651037482 115
1787651095218 1729
1787651097062 114
1787651098230 115
1787651098459 114
1787651101611 126
1787651101850 125
1787651102090 127
1787651102331 125
1787651102674 128
1787651102915 126
1787651103678 125
1787651104753 117
1787651105924 116
1787651164227 1727
1787651166384 114
1787651166612 114
1787651167571 127
1787651169268 127
1787651169509 128
1787651169752 126
1787651170201 130
1787651170444 129
1787651170791 131
1787651171037 125
1787651171277 132
1787651172676 127
1787651174366 115
1787651175438 114
1787651233465 1763
1787651235661 115
1787651235892 121
1787651236446 126
1787651238352 130
1787651238596 128
1787651238941 117
1787651239175 130
1787651239734 126
1787651240293 126
1787651240533 126
1787651241295 130
1787651243432 127
1787651243672 126
1787651244019 127
1787651244260 129
1787651244501 119
1787651244733 119
1787651245073 115
1787651245301 118
1787651245533 117
1787651246078 114
1787651303850 1753
1787651306048 133
1787651307350 132
1787651307596 133
1787651307843 132
1787651308194 130
1787651308862 131
1787651309106 130
1787651309665 132
1787651314246 121
1787651315344 121
1787651319193 132
1787651319442 128
1787651319686 1774
1787651321583 132
1787651321942 1778
1787651323841 131
1787651324092 130
1787651324339 1802
1787651326369 131
1787651367437 1801
1787651375023 129
1787651375269 132
1787651375627 131
1787651376520 132
1787651376768 135
1787651381881 129
1787651400860 1789
1787651402875 144
1787651403351 129
1787651403925 134
1787651404284 116
1787651404722 131
1787651954100 1762
1787652002579 1759
1787652005309 116
1787652007031 136
1787652007481 121
1787652008255 124
1787657257044 1602
1787657258758 116
1787657258983 115
1787658675104 1753
1787658677664 151
1787658678048 137
1787658678962 129
1787658679322 132
1787665796881 1742
1787665798938 123
1787665799569 134
1787665817208 121
1787669855562 1695
1787669928213 1759
1787669930174 139
1787669930956 127
1787669931199 128
1787669931551 128
1787669932326 128
