# timestamp_ms Rss_kB Anonymous_kB Filemapped_kB Shmem_kB
1790716851956 263372 160768 102604 0
1790716852000 263372 160768 102604 0
1790716852025 250700 160284 90416 0
1790716852049 266960 164356 102604 0
1790716852072 268112 165508 102604 0
1790716852096 268112 165508 102604 0
1790716852123 268112 165508 102604 0
1790716852146 270808 168204 102604 0
1790716852180 270868 168264 102604 0
1790716852203 270868 168264 102604 0
1790716852227 270952 168348 102604 0
1790716852250 271264 168660 102604 0
1790716852273 271328 168724 102604 0
1790716852296 271328 168724 102604 0
1790716852319 271328 168724 102604 0
1790716852340 271664 169060 102604 0
1790716852363 273484 170880 102604 0
1790716852388 273484 170880 102604 0
1790716852411 273892 171288 102604 0
1790716852434 274272 171668 102604 0
1790716852467 274448 171844 102604 0
1790716852490 274908 172304 102604 0
1790716852512 279184 176580 102604 0
1790716852535 279184 176580 102604 0
1790716852558 279184 176580 102604 0
1790716852580 279496 176892 102604 0
1790716852603 279772 177168 102604 0
1790716852639 279772 177168 102604 0
1790716852662 279948 177344 102604 0
1790716852684 280204 177604 102600 0
1790716852707 280628 178024 102604 0
1790716852732 280648 178044 102604 0
1790716852754 281020 178416 102604 0
1790716852777 281280 178676 102604 0
1790716852800 281288 178684 102604 0
1790716852822 279576 176972 102604 0
1790716852845 279956 177352 102604 0
1790716852867 280088 177764 102324 0
1790716852890 280912 178308 102604 0
1790716852912 281396 178792 102604 0
1790716852934 281840 179236 102604 0
1790716852958 281840 179236 102604 0
1790716852981 286300 183696 102604 0
1790716853015 286492 183888 102604 0
1790716853041 286492 183888 102604 0
1790716853064 286564 183960 102604 0
1790716853086 286968 184364 102604 0
1790716853110 287328 184724 102604 0
1790716853133 287328 184724 102604 0
1790716853155 287632 185028 102604 0
1790716853178 288048 185444 102604 0
1790716853201 288048 185444 102604 0
1790716853223 288384 185780 102604 0
1790716853246 288636 186032 102604 0
1790716853269 288636 186032 102604 0
1790716853294 289112 186508 102604 0
1790716853317 289596 186992 102604 0
1790716853340 289596 186992 102604 0
1790716853363 289596 186992 102604 0
1790716853386 289944 187340 102604 0
1790716853409 290532 187928 102604 0
1790716853432 290548 187944 102604 0
1790716853454 290928 188324 102604 0
1790716853477 291400 188796 102604 0
1790716853501 291416 188812 102604 0
1790716853524 292092 189488 102604 0
1790716853557 308672 206068 102604 0
1790716853595 308672 206068 102604 0
1790716853619 300844 198240 102604 0
1790716853642 301576 198972 102604 0
1790716853664 302304 199700 102604 0
1790716853687 302944 200340 102604 0
1790716853710 303444 200840 102604 0
1790716853733 288804 194020 94784 0
1790716853757 298516 195912 102604 0
1790716853780 298516 195912 102604 0
1790716853803 298516 195912 102604 0
1790716853826 299848 197828 102020 0
1790716853849 300944 198340 102604 0
1790716853872 271668 169064 102604 0
1790716853895 200748 163376 37372 0
1790716853917 272976 169664 103312 0
1790716853940 273672 170360 103312 0
1790716853963 273684 170372 103312 0
1790716853986 273684 170372 103312 0
1790716854008 273684 170372 103312 0
1790716854030 274236 170448 103788 0
1790716854055 280336 175276 105060 0
1790716854078 280828 175460 105368 0
1790716854101 281100 175732 105368 0
1790716854124 281320 175952 105368 0
1790716854147 281556 176188 105368 0
1790716854186 283360 177060 106300 0
1790716854209 284928 177088 107840 0
1790716854234 285856 177092 108764 0
1790716854258 286880 177108 109772 0
1790716854281 287868 177116 110752 0
1790716854305 288856 177128 111728 0
1790716854328 290548 177176 113372 0
1790716854351 308988 194736 114252 0
1790716854374 309036 194784 114252 0
1790716854399 309036 194784 114252 0
1790716854423 309036 194784 114252 0
1790716854446 356548 226708 129840 0
1790716854488 356548 226708 129840 0
1790716854525 395752 245140 150612 0
1790716854569 438424 265620 172804 0
1790716854617 438428 265624 172804 0
1790716854675 492888 285336 207552 0
1790716854722 492992 285336 207656 0
1790716854766 509032 297020 212012 0
1790716854793 536408 307068 229340 0
1790716854841 538740 307700 231040 0
1790716854884 540464 309424 231040 0
1790716854910 575848 327588 248260 0
1790716854958 583664 332404 251260 0
1790716855003 583664 332404 251260 0
1790716855028 590100 332712 257388 0
1790716855055 599316 337248 262068 0
1790716855102 599316 337248 262068 0
1790716855128 599316 337248 262068 0
1790716855154 604796 340440 264356 0
1790716855182 623684 350816 272868 0
1790716855230 623684 350816 272868 0
1790716855256 623684 350816 272868 0
1790716855282 640376 359836 280540 0
1790716855329 644968 360272 284696 0
1790716855357 644968 360272 284696 0
1790716855384 644968 360272 284696 0
1790716855410 654316 364932 289384 0
1790716855455 658912 367184 291728 0
1790716855484 658912 367184 291728 0
1790716855512 658932 367204 291728 0
1790716855539 676484 376144 300340 0
1790716855586 688224 384952 303272 0
1790716855635 688224 384952 303272 0
1790716855661 690216 385108 305108 0
1790716855688 695328 385852 309476 0
1790716855716 698772 386204 312568 0
1790716855746 698772 386204 312568 0
1790716855774 702004 388212 313792 0
1790716855802 712756 393732 319024 0
1790716855850 718516 397244 321272 0
1790716855881 718516 397244 321272 0
1790716855909 725208 403500 321708 0
1790716855938 731548 403844 327704 0
1790716855986 733852 404020 329832 0
1790716856016 733852 404020 329832 0
1790716856043 738920 408580 330340 0
1790716856071 745760 411812 333948 0
1790716856118 747816 411944 335872 0
1790716856148 747816 411944 335872 0
1790716856177 751604 413464 338140 0
1790716856205 757964 416212 341752 0
1790716856234 763360 418228 345132 0
1790716856283 763360 418228 345132 0
1790716856311 763944 418272 345672 0
1790716856339 776224 427700 348524 0
1790716856369 783416 429232 354184 0
1790716856420 783416 429232 354184 0
1790716856449 785164 429844 355320 0
1790716856478 836616 457344 379272 0
1790716856536 846860 461708 385152 0
1790716856587 851436 465140 386296 0
1790716856616 892736 483048 409688 0
1790716856675 904896 491300 413596 0
1790716856731 909848 492264 417584 0
1790716856763 929844 501580 428264 0
1790716856796 958120 517492 440628 0
1790716856854 958120 517492 440628 0
1790716856883 962796 518936 443860 0
1790716856914 969768 521176 448592 0
1790716856947 973396 524804 448592 0
1790716857004 973396 524804 448592 0
1790716857033 973588 524996 448592 0
1790716857061 974240 525648 448592 0
1790716857091 974240 525648 448592 0
1790716857120 976072 527480 448592 0
1790716857149 976436 527844 448592 0
1790716857178 976516 527924 448592 0
1790716857210 976516 527924 448592 0
1790716857239 978444 529852 448592 0
1790716857269 978756 530164 448592 0
1790716857300 978812 530220 448592 0
1790716857329 979380 530788 448592 0
1790716857359 979656 531064 448592 0
1790716857391 979656 531064 448592 0
1790716857421 979768 531176 448592 0
1790716857452 986636 538044 448592 0
1790716857482 986824 538232 448592 0
1790716857512 986920 538328 448592 0
1790716857543 987160 538568 448592 0
1790716857572 987256 538664 448592 0
1790716857605 987356 538764 448592 0
1790716857636 987632 539040 448592 0
1790716857667 987672 539080 448592 0
1790716857699 987804 539212 448592 0
1790716857730 988072 539480 448592 0
1790716857761 988072 539480 448592 0
1790716857791 988212 539620 448592 0
1790716857821 990172 541580 448592 0
1790716857850 990172 541580 448592 0
1790716857880 990648 542056 448592 0
1790716857910 991104 542512 448592 0
1790716857940 991104 542512 448592 0
1790716857969 991104 542512 448592 0
1790716858000 999980 551388 448592 0
1790716858053 999992 551400 448592 0
1790716858082 1000288 551696 448592 0
1790716858111 1000552 551960 448592 0
1790716858141 1000808 552216 448592 0
1790716858172 1000808 552216 448592 0
1790716858202 1000808 552216 448592 0
1790716858231 1001056 552464 448592 0
1790716858260 1001280 552688 448592 0
1790716858290 1001280 552688 448592 0
1790716858320 1001484 552892 448592 0
1790716858348 1001744 553152 448592 0
1790716858378 1001744 553152 448592 0
1790716858407 1002344 553752 448592 0
1790716858436 1002932 554340 448592 0
1790716858466 993688 553120 440568 0
1790716858499 1003780 555188 448592 0
1790716858531 1004076 555484 448592 0
1790716858561 1004080 555488 448592 0
1790716858592 934172 485580 448592 0
1790716858624 1021264 572672 448592 0
1790716858679 1021112 572524 448588 0
1790716858708 1022104 573512 448592 0
1790716858741 1022664 574072 448592 0
1790716858773 1022664 574072 448592 0
1790716858804 1022776 574184 448592 0
1790716858834 1023656 575064 448592 0
1790716858864 933284 484692 448592 0
1790716858894 1024524 575932 448592 0
1790716858926 1024736 576144 448592 0
1790716858958 1025360 576768 448592 0
1790716858989 1025368 576776 448592 0
1790716859019 1025568 576976 448592 0
1790716859049 1026188 577596 448592 0
1790716859080 1026188 577596 448592 0
1790716859109 1026188 577596 448592 0
1790716859138 1026188 577596 448592 0
1790716859168 1026188 577596 448592 0
1790716859197 1026188 577596 448592 0
1790716859227 1026188 577596 448592 0
1790716859258 1026320 577728 448592 0
1790716859289 1026320 577728 448592 0
1790716859318 1026172 577584 448588 0
1790716859349 1005560 545620 459940 0
1790716859384 1025088 555640 469448 0
1790716859419 1035392 558756 476636 0
1790716859454 1048052 564068 483984 0
1790716859512 1048052 564068 483984 0
1790716859540 1063512 574228 489284 0
1790716859574 1078836 582152 496684 0
1790716859632 1078836 582152 496684 0
1790716859661 1084536 583520 501016 0
1790716859694 1094772 588176 506596 0
1790716859727 1109216 596872 512344 0
1790716859784 1109216 596872 512344 0
1790716859815 1114848 599084 515764 0
1790716859847 1129848 608452 521396 0
1790716859879 1136220 608776 527444 0
1790716859939 1136220 608776 527444 0
1790716859969 1143432 611404 532028 0
1790716860003 720980 611408 109572 0
1790716860030 748988 638872 110116 0
1790716860062 873712 776592 97120 0
1790716860091 1005968 904212 101756 0
1790716860122 1123120 1022508 100612 0
1790716860152 1138712 1027772 110940 0
1790716860183 1138712 1027772 110940 0
1790716860211 1138952 1027772 111180 0
1790716860240 1128216 1026764 101452 0
1790716860268 1143472 1028964 114508 0
1790716860296 1143824 1028848 114976 0
1790716860324 1146812 1030632 116180 0
1790716860352 1150136 1033092 117044 0
1790716860382 1151076 1033708 117368 0
1790716860410 1146756 1035372 111384 0
1790716860439 1155876 1036568 119308 0
1790716860468 1155876 1036568 119308 0
1790716860494 1180288 1060744 119544 0
1790716860542 1180288 1060744 119544 0
1790716860573 1180288 1060744 119544 0
1790716860601 1181056 1061512 119544 0
1790716860630 1183208 1063668 119540 0
1790716860659 1185664 1066120 119544 0
1790716860689 1185664 1066120 119544 0
1790716860717 1179468 1067856 111612 0
1790716860747 1190272 1070728 119544 0
1790716860776 1190120 1070580 119540 0
1790716860805 1183984 1074028 109956 0
1790716860835 1194884 1075340 119544 0
1790716860865 1194884 1075340 119544 0
1790716860893 1176636 1073836 102800 0
1790716860922 1190372 1078760 111612 0
1790716860952 1199492 1079948 119544 0
1790716860982 1192372 1081048 111324 0
1790716861012 1202724 1082260 120464 0
1790716861061 1202724 1082260 120464 0
1790716861089 1202724 1082260 120464 0
1790716861117 1115792 995268 120524 0
1790716861144 1116492 995268 121224 0
1790716861171 1116532 995272 121260 0
1790716861198 1116612 995272 121340 0
1790716861225 1117640 995276 122364 0
1790716861252 1118280 995288 122992 0
1790716861280 1118284 995292 122992 0
1790716861307 1118284 995292 122992 0
1790716861334 1118288 995296 122992 0
1790716861361 1118288 995296 122992 0
1790716861389 1118296 995304 122992 0
1790716861416 1118296 995304 122992 0
1790716861443 1118296 995304 122992 0
1790716861470 1118300 995308 122992 0
1790716861496 1118300 995308 122992 0
1790716861523 1118300 995308 122992 0
1790716861551 1118300 995308 122992 0
1790716861578 1118300 995308 122992 0
1790716861605 1118300 995308 122992 0
1790716861632 1118300 995308 122992 0
1790716861659 1118300 995308 122992 0
1790716861686 1118300 995308 122992 0
1790716861713 1118300 995308 122992 0
1790716861740 1118300 995308 122992 0
1790716861768 1118300 995308 122992 0
1790716861795 1118300 995308 122992 0
1790716861823 1118300 995308 122992 0
1790716861850 1118300 995308 122992 0
1790716861877 1118300 995308 122992 0
1790716861903 1118300 995308 122992 0
1790716861930 1118300 995308 122992 0
1790716861957 1118300 995308 122992 0
1790716861985 1118300 995308 122992 0
1790716862012 1118300 995308 122992 0
1790716862039 1118300 995308 122992 0
1790716862066 1118300 995308 122992 0
1790716862093 1118300 995308 122992 0
1790716862120 1118300 995308 122992 0
1790716862148 1118300 995308 122992 0
1790716862175 1118300 995308 122992 0
1790716862203 1118300 995308 122992 0
1790716862231 1118300 995308 122992 0
1790716862259 1118300 995308 122992 0
1790716862287 1118300 995308 122992 0
1790716862314 1118300 995308 122992 0
1790716862341 1118300 995308 122992 0
1790716862369 1118300 995308 122992 0
1790716862397 1118300 995308 122992 0
1790716862424 1118300 995308 122992 0
1790716862451 1118300 995308 122992 0
1790716862478 1118300 995308 122992 0
1790716862506 1118300 995308 122992 0
1790716862533 1118300 995308 122992 0
1790716862560 1118300 995308 122992 0
1790716862587 1118300 995308 122992 0
1790716862614 1118300 995308 122992 0
1790716862642 1118300 995308 122992 0
1790716862669 1118300 995308 122992 0
1790716862696 1118300 995308 122992 0
1790716862723 1118300 995308 122992 0
1790716862751 1118300 995308 122992 0
1790716862778 1118300 995308 122992 0
1790716862805 1118300 995308 122992 0
1790716862832 1118300 995308 122992 0
1790716862859 1118300 995308 122992 0
1790716862886 1118300 995308 122992 0
1790716862912 1118300 995308 122992 0
1790716862939 1118300 995308 122992 0
1790716862966 1118300 995308 122992 0
1790716862993 1118300 995308 122992 0
1790716863020 1118300 995308 122992 0
1790716863047 1118300 995308 122992 0
1790716863073 1118300 995308 122992 0
1790716863100 1118300 995308 122992 0
1790716863127 1118300 995308 122992 0
1790716863154 1118300 995308 122992 0
1790716863182 1118300 995308 122992 0
1790716863209 1118300 995308 122992 0
1790716863236 1118300 995308 122992 0
1790716863263 1118300 995308 122992 0
1790716863291 1118300 995308 122992 0
1790716863318 1118300 995308 122992 0
1790716863345 1118300 995308 122992 0
1790716863372 1118300 995308 122992 0
1790716863399 1118300 995308 122992 0
1790716863426 1118300 995308 122992 0
1790716863453 1118300 995308 122992 0
1790716863480 1118300 995308 122992 0
1790716863507 1118300 995308 122992 0
1790716863534 1118300 995308 122992 0
1790716863561 1118300 995308 122992 0
1790716863588 1118300 995308 122992 0
1790716863616 1125216 1002224 122992 0
1790716863643 1125216 1002224 122992 0
1790716863669 1125216 1002224 122992 0
1790716863698 1125216 1002224 122992 0
1790716863726 1125216 1002224 122992 0
1790716863754 1125216 1002224 122992 0
1790716863782 1125216 1002224 122992 0
1790716863810 1125216 1002224 122992 0
1790716863840 1125216 1002224 122992 0
1790716863869 1156716 1037328 119388 0
1790716863896 1204428 1082888 121540 0
1790716863923 1266780 1143788 122992 0
1790716863968 1266780 1143788 122992 0
1790716863994 1270876 1147884 122992 0
1790716864021 1469532 1346540 122992 0
1790716864064 1469532 1346540 122992 0
1790716864105 1494108 1371116 122992 0
1790716864131 1629276 1506284 122992 0
1790716864174 1629276 1506284 122992 0
1790716864202 1629276 1506284 122992 0
1790716864229 1629276 1506284 122992 0
1790716864257 1629276 1506284 122992 0
1790716864283 1629276 1506284 122992 0
1790716864310 1629276 1506284 122992 0
1790716864337 1629276 1506284 122992 0
1790716864365 1688080 1565088 122992 0
1790716864409 1688080 1565088 122992 0
1790716864435 1688080 1565088 122992 0
1790716864462 1808912 1685920 122992 0
1790716864505 1858064 1735072 122992 0
1790716864547 1858064 1735072 122992 0
1790716864573 1894928 1771936 122992 0
1790716864600 1982992 1860000 122992 0
1790716864644 1982992 1860000 122992 0
1790716864670 1985040 1862048 122992 0
1790716864698 1530256 1407264 122992 0
1790716864741 1530256 1407264 122992 0
1790716864768 1530256 1407264 122992 0
1790716864795 1530256 1407264 122992 0
1790716864822 1530256 1407264 122992 0
1790716864848 1530256 1407264 122992 0
1790716864874 1530256 1407264 122992 0
1790716864900 1530268 1407276 122992 0
1790716864927 1530268 1407276 122992 0
1790716864953 1530268 1407276 122992 0
1790716864979 1530456 1407464 122992 0
1790716865005 1530456 1407464 122992 0
1790716865032 1530456 1407464 122992 0
1790716865059 1530456 1407464 122992 0
1790716865085 1530508 1407516 122992 0
1790716865111 1530752 1407760 122992 0
1790716865138 1530992 1408000 122992 0
1790716865164 1531236 1408244 122992 0
1790716865190 1527296 1405384 121912 0
1790716865217 1531752 1408760 122992 0
1790716865244 1532104 1409112 122992 0
1790716865270 1532376 1409384 122992 0
1790716865296 1532628 1409636 122992 0
1790716865324 1532888 1409896 122992 0
1790716865350 1533132 1410140 122992 0
1790716865378 1533256 1410268 122988 0
1790716865406 1533720 1410728 122992 0
1790716865434 1533972 1410980 122992 0
1790716865461 1534208 1411216 122992 0
1790716865488 1523892 1410116 113776 0
1790716865515 1535080 1412088 122992 0
1790716865543 1535800 1412808 122992 0
1790716865570 1536544 1413552 122992 0
1790716865597 1537168 1414176 122992 0
1790716865625 1537624 1414632 122992 0
1790716865652 1538260 1415272 122988 0
1790716865679 1539100 1416108 122992 0
1790716865706 1539888 1416896 122992 0
1790716865733 1530956 1408264 122692 0
1790716865759 1541084 1418092 122992 0
1790716865786 1539936 1418464 121472 0
1790716865813 1542072 1419080 122992 0
1790716865840 1542520 1419528 122992 0
1790716865867 1542520 1419528 122992 0
1790716865893 1542520 1419528 122992 0
1790716865920 1542540 1419548 122992 0
1790716865946 1425072 1398804 26268 0
1790716865971 1531444 1408452 122992 0
1790716865998 1531444 1408452 122992 0
1790716866025 1531292 1408304 122988 0
1790716866053 1564756 1451536 113220 0
1790716866079 1618716 1495728 122988 0
1790716866106 1595624 1472632 122992 0
1790716866133 1673448 1550456 122992 0
1790716866160 1749224 1626232 122992 0
1790716866187 1825000 1702008 122992 0
1790716866215 1900776 1777784 122992 0
1790716866241 1973328 1850336 122992 0
1790716866268 2049104 1926112 122992 0
1790716866295 2096208 1973216 122992 0
1790716866340 2096208 1973216 122992 0
1790716866365 2196560 2073568 122992 0
1790716866409 2214992 2092000 122992 0
1790716866457 2219088 2096096 122992 0
1790716866484 2335824 2212832 122992 0
1790716866528 2335824 2212832 122992 0
1790716866569 2360400 2237408 122992 0
1790716866596 2389660 2266668 122992 0
1790716866640 2389660 2266668 122992 0
1790716866668 2389660 2266668 122992 0
1790716866694 2389660 2266668 122992 0
1790716866721 2395452 2272764 122688 0
1790716866747 2451548 2328556 122992 0
1790716866791 2451548 2328556 122992 0
1790716866817 2460004 2347988 112016 0
1790716866844 2377300 2255060 122240 0
1790716866871 1108100 985108 122992 0
1790716866900 1108100 985108 122992 0
1790716866928 1108100 985108 122992 0
1790716866955 1108100 985108 122992 0
1790716866980 1129800 1015396 114404 0
1790716867009 1197824 1074832 122992 0
1790716867040 1197824 1074832 122992 0
1790716867069 1197792 1076280 121512 0
1790716867100 1199360 1076368 122992 0
1790716867129 1199360 1076368 122992 0
1790716867160 1200896 1077904 122992 0
1790716867190 1194744 1079652 115092 0
1790716867221 1198244 1075552 122692 0
1790716867252 1210112 1087120 122992 0
1790716867282 1212416 1089424 122992 0
1790716867312 1212416 1089424 122992 0
1790716867342 1212416 1089424 122992 0
1790716867371 1212416 1089424 122992 0
1790716867399 1212416 1089424 122992 0
1790716867427 1212416 1089424 122992 0
1790716867455 1212420 1089428 122992 0
1790716867483 1212424 1089432 122992 0
1790716867509 1212424 1089432 122992 0
1790716867536 1212424 1089432 122992 0
1790716867564 1212424 1089432 122992 0
1790716867591 1212828 1089436 123392 0
1790716867618 1212828 1089436 123392 0
1790716867645 1212828 1089436 123392 0
1790716867673 1212828 1089436 123392 0
1790716867700 1212828 1089436 123392 0
1790716867727 1212828 1089436 123392 0
1790716867755 1212828 1089436 123392 0
1790716867783 1212828 1089436 123392 0
1790716867810 1212828 1089436 123392 0
1790716867838 1212832 1089440 123392 0
1790716867865 1212832 1089440 123392 0
1790716867892 1212836 1089444 123392 0
1790716867920 1212836 1089444 123392 0
1790716867946 1212836 1089444 123392 0
1790716867974 1212836 1089444 123392 0
1790716868001 1212836 1089444 123392 0
1790716868029 1212836 1089444 123392 0
1790716868056 1212836 1089444 123392 0
1790716868083 1212836 1089444 123392 0
1790716868110 1212836 1089444 123392 0
1790716868137 1212836 1089444 123392 0
1790716868164 1212836 1089444 123392 0
1790716868191 1212836 1089444 123392 0
1790716868218 1212836 1089444 123392 0
1790716868245 1212836 1089444 123392 0
1790716868273 1212836 1089444 123392 0
1790716868300 1212836 1089444 123392 0
1790716868327 1212836 1089444 123392 0
1790716868355 1212836 1089444 123392 0
1790716868382 1212836 1089444 123392 0
1790716868409 1212836 1089444 123392 0
1790716868436 1212836 1089444 123392 0
1790716868464 1212836 1089444 123392 0
1790716868492 1212836 1089444 123392 0
1790716868519 1212836 1089444 123392 0
1790716868546 1212836 1089444 123392 0
1790716868574 1212836 1089444 123392 0
1790716868601 1212836 1089444 123392 0
1790716868629 1212836 1089444 123392 0
1790716868656 1212836 1089444 123392 0
1790716868684 1212836 1089444 123392 0
1790716868711 1212836 1089444 123392 0
1790716868741 1212836 1089444 123392 0
1790716868769 1212836 1089444 123392 0
1790716868797 1212836 1089444 123392 0
1790716868826 1212836 1089444 123392 0
1790716868854 1212836 1089444 123392 0
1790716868882 1212836 1089444 123392 0
1790716868909 1212836 1089444 123392 0
1790716868937 1212836 1089444 123392 0
1790716868965 1212836 1089444 123392 0
1790716868993 1212836 1089444 123392 0
1790716869020 1212836 1089444 123392 0
1790716869048 1212836 1089444 123392 0
1790716869076 1212836 1089444 123392 0
1790716869103 1212836 1089444 123392 0
1790716869131 1212836 1089444 123392 0
1790716869159 1212836 1089444 123392 0
1790716869187 1212836 1089444 123392 0
1790716869214 1212836 1089444 123392 0
1790716869242 1212836 1089444 123392 0
1790716869270 1212836 1089444 123392 0
1790716869297 1212836 1089444 123392 0
1790716869325 1212836 1089444 123392 0
1790716869353 1212836 1089444 123392 0
1790716869381 1212836 1089444 123392 0
1790716869408 1212836 1089444 123392 0
1790716869436 1212836 1089444 123392 0
1790716869463 1212836 1089444 123392 0
1790716869491 1212836 1089444 123392 0
1790716869519 1212836 1089444 123392 0
1790716869547 1212836 1089444 123392 0
1790716869574 1212836 1089444 123392 0
1790716869602 1212836 1089444 123392 0
1790716869630 1212836 1089444 123392 0
1790716869657 1212836 1089444 123392 0
1790716869685 1212836 1089444 123392 0
1790716869713 1212836 1089444 123392 0
1790716869741 1212836 1089444 123392 0
1790716869768 1212836 1089444 123392 0
1790716869796 1212836 1089444 123392 0
1790716869824 1212836 1089444 123392 0
1790716869852 1212836 1089444 123392 0
1790716869879 1212836 1089444 123392 0
1790716869907 1212836 1089444 123392 0
1790716869935 1212836 1089444 123392 0
1790716869962 1212836 1089444 123392 0
1790716869990 1212836 1089444 123392 0
1790716870018 1212836 1089444 123392 0
1790716870045 1212836 1089444 123392 0
1790716870073 1212836 1089444 123392 0
1790716870101 1212836 1089444 123392 0
1790716870129 1212836 1089444 123392 0
1790716870156 1212836 1089444 123392 0
1790716870183 1212836 1089444 123392 0
1790716870210 1212836 1089444 123392 0
1790716870238 1212836 1089444 123392 0
1790716870266 1212836 1089444 123392 0
1790716870294 1212836 1089444 123392 0
1790716870321 1212836 1089444 123392 0
1790716870348 1275748 1152356 123392 0
1790716870376 1398628 1275236 123392 0
1790716870403 1531748 1408356 123392 0
1790716870431 1636196 1512804 123392 0
1790716870459 1636196 1512804 123392 0
1790716870486 1636196 1512804 123392 0
1790716870514 1636196 1512804 123392 0
1790716870541 1658148 1534756 123392 0
1790716870569 1738020 1614628 123392 0
1790716870597 1817892 1694500 123392 0
1790716870625 1897764 1774372 123392 0
1790716870652 1977636 1854244 123392 0
1790716870680 2057356 1933968 123388 0
1790716870708 1636196 1512804 123392 0
1790716870736 1636196 1512804 123392 0
1790716870764 1636196 1512804 123392 0
1790716870791 1643812 1520420 123392 0
1790716870819 1723684 1600292 123392 0
1790716870846 1803556 1680164 123392 0
1790716870873 1883428 1760036 123392 0
1790716870902 1967396 1844004 123392 0
1790716870930 2051212 1927824 123388 0
1790716870959 2119844 1996452 123392 0
1790716870987 2201764 2078372 123392 0
1790716871014 2279588 2156196 123392 0
1790716871042 2357412 2234020 123392 0
1790716871070 2441380 2317988 123392 0
1790716871100 2482916 2359524 123392 0
1790716871129 2482916 2359524 123392 0
1790716871158 2482916 2359524 123392 0
1790716871185 2482916 2359524 123392 0
1790716871212 2482916 2359524 123392 0
1790716871240 2482916 2359524 123392 0
1790716871267 2484556 2359524 125032 0
1790716871295 2484556 2359524 125032 0
1790716871323 1636116 1512704 123412 0
1790716871350 1710988 1585956 125032 0
1790716871377 1788812 1663780 125032 0
1790716871404 1866636 1741604 125032 0
1790716871432 1946508 1821476 125032 0
1790716871460 2024332 1899300 125032 0
1790716871487 2061196 1936164 125032 0
1790716871515 2061196 1936164 125032 0
1790716871542 2061196 1936164 125032 0
1790716871570 1656672 1531640 125032 0
1790716871598 1720768 1603508 117260 0
1790716871625 1761336 1644276 117060 0
1790716871652 1762316 1645480 116836 0
1790716871680 1851148 1726120 125028 0
1790716871707 1886960 1762964 123996 0
1790716871736 1927344 1803988 123356 0
1790716871764 1969652 1845900 123752 0
1790716871792 2015976 1891500 124476 0
1790716871822 2047144 1922112 125032 0
1790716871851 2047148 1922116 125032 0
1790716871879 1623640 1498612 125028 0
1790716871907 1536688 1411620 125068 0
1790716871939 1547136 1421916 125220 0
1790716871969 1561472 1436252 125220 0
1790716871998 1573760 1448540 125220 0
1790716872027 1586048 1460828 125220 0
1790716872055 1600384 1475164 125220 0
1790716872084 1612672 1487452 125220 0
1790716872114 1627008 1501788 125220 0
1790716872143 1639296 1514076 125220 0
1790716872172 1653632 1528412 125220 0
1790716872200 1665920 1540700 125220 0
1790716872228 1680256 1555036 125220 0
1790716872256 1692544 1567324 125220 0
1790716872286 1706880 1581660 125220 0
1790716872316 1718968 1593748 125220 0
1790716872344 1733304 1608084 125220 0
1790716872373 1745592 1620372 125220 0
1790716872401 1759928 1634708 125220 0
1790716872430 1772216 1646996 125220 0
1790716872460 1786552 1661332 125220 0
1790716872489 1800888 1675668 125220 0
1790716872518 1813176 1687956 125220 0
1790716872546 1827512 1702292 125220 0
1790716872574 1839800 1714580 125220 0
1790716872602 1854136 1728916 125220 0
1790716872631 1866424 1741204 125220 0
1790716872662 1878712 1753492 125220 0
1790716872692 1624008 1498764 125244 0
1790716872724 1624008 1498764 125244 0
1790716872756 1624008 1498764 125244 0
1790716872787 1624008 1498764 125244 0
1790716872817 1624008 1498764 125244 0
1790716872848 1624008 1498764 125244 0
1790716872878 1624008 1498764 125244 0
1790716872909 1624008 1498764 125244 0
1790716872939 1624008 1498764 125244 0
1790716872969 1624008 1498764 125244 0
1790716873001 1624008 1498764 125244 0
1790716873032 1624008 1498764 125244 0
1790716873062 1624008 1498764 125244 0
1790716873093 1624008 1498764 125244 0
1790716873123 1624008 1498764 125244 0
1790716873154 1624008 1498764 125244 0
1790716873185 1624008 1498764 125244 0
1790716873215 1624008 1498764 125244 0
1790716873246 1624008 1498764 125244 0
1790716873276 1624008 1498764 125244 0
1790716873306 1624008 1498764 125244 0
1790716873337 1624008 1498764 125244 0
1790716873367 1624008 1498764 125244 0
1790716873398 1624008 1498764 125244 0
1790716873429 1624008 1498764 125244 0
1790716873460 1624008 1498764 125244 0
1790716873491 1624008 1498764 125244 0
1790716873521 1624008 1498764 125244 0
1790716873551 1624008 1498764 125244 0
1790716873583 1624008 1498764 125244 0
1790716873613 1624008 1498764 125244 0
1790716873643 1624008 1498764 125244 0
1790716873674 1624008 1498764 125244 0
1790716873705 1624008 1498764 125244 0
1790716873736 1624008 1498764 125244 0
1790716873768 1624008 1498764 125244 0
1790716873799 1624008 1498764 125244 0
1790716873831 1624008 1498764 125244 0
1790716873862 1624008 1498764 125244 0
1790716873891 1624008 1498764 125244 0
1790716873923 1624008 1498764 125244 0
1790716873953 1624008 1498764 125244 0
1790716873984 1624008 1498764 125244 0
1790716874014 1624008 1498764 125244 0
1790716874045 1624008 1498764 125244 0
1790716874076 1624008 1498764 125244 0
1790716874107 1624008 1498764 125244 0
1790716874137 1624008 1498764 125244 0
1790716874169 1624008 1498764 125244 0
1790716874200 1624008 1498764 125244 0
1790716874230 1624008 1498764 125244 0
1790716874262 1624008 1498764 125244 0
1790716874293 1624008 1498764 125244 0
1790716874324 1624008 1498764 125244 0
1790716874356 1624008 1498764 125244 0
1790716874386 1624008 1498764 125244 0
1790716874418 1624008 1498764 125244 0
1790716874450 1624008 1498764 125244 0
1790716874481 1624008 1498764 125244 0
1790716874512 1624008 1498764 125244 0
1790716874543 1624008 1498764 125244 0
1790716874574 1624008 1498764 125244 0
1790716874606 1624008 1498764 125244 0
1790716874636 1624008 1498764 125244 0
1790716874667 1624008 1498764 125244 0
1790716874698 1624008 1498764 125244 0
1790716874728 1624008 1498764 125244 0
1790716874761 1624008 1498764 125244 0
1790716874793 1624008 1498764 125244 0
1790716874823 1624008 1498764 125244 0
1790716874855 1624008 1498764 125244 0
1790716874885 1624008 1498764 125244 0
1790716874916 1624008 1498764 125244 0
1790716874948 1624008 1498764 125244 0
1790716874979 1624008 1498764 125244 0
1790716875011 1624008 1498764 125244 0
1790716875043 1624008 1498764 125244 0
1790716875074 1624008 1498764 125244 0
1790716875106 1624008 1498764 125244 0
1790716875137 1624008 1498764 125244 0
1790716875167 1624008 1498764 125244 0
1790716875199 1624008 1498764 125244 0
1790716875229 1624008 1498764 125244 0
1790716875261 1624008 1498764 125244 0
1790716875292 1624008 1498764 125244 0
1790716875323 1624008 1498764 125244 0
1790716875355 1630156 1504912 125244 0
1790716875386 1657908 1533876 124032 0
1790716875417 1642292 1517052 125240 0
1790716875449 1656768 1531524 125244 0
1790716875480 1679308 1554064 125244 0
1790716875512 1679308 1554064 125244 0
1790716875543 1679308 1554064 125244 0
1790716875574 1679308 1554064 125244 0
1790716875606 1679308 1554064 125244 0
1790716875637 1679308 1554064 125244 0
1790716875668 1679308 1554064 125244 0
1790716875700 1679308 1554064 125244 0
1790716875730 1679308 1554064 125244 0
1790716875763 1679308 1554064 125244 0
1790716875794 1711192 1585404 125788 0
1790716875826 1727576 1601788 125788 0
1790716875856 1740240 1614452 125788 0
1790716875886 1754576 1628788 125788 0
1790716875919 1709276 1582936 126340 0
1790716875953 1803872 1677284 126588 0
1790716875985 1820256 1693668 126588 0
1790716876017 1827556 1700968 126588 0
1790716876047 1843992 1717404 126588 0
1790716876079 1858328 1731740 126588 0
1790716876109 1870616 1744028 126588 0
1790716876138 1884952 1758364 126588 0
1790716876169 1899288 1772700 126588 0
1790716876199 1913624 1787036 126588 0
1790716876229 1927960 1801372 126588 0
1790716876259 1942296 1815708 126588 0
1790716876288 1956632 1830044 126588 0
1790716876318 1970968 1844380 126588 0
1790716876348 1983256 1856668 126588 0
1790716876378 1997440 1870856 126584 0
1790716876409 1999960 1873056 126904 0
1790716876438 1999960 1873056 126904 0
1790716876468 1999960 1873056 126904 0
1790716876498 1999960 1873056 126904 0
1790716876528 1999960 1873056 126904 0
1790716876558 1999960 1873056 126904 0
1790716876587 1999960 1873056 126904 0
1790716876616 1999960 1873056 126904 0
1790716876646 1999960 1873056 126904 0
1790716876675 1999960 1873056 126904 0
1790716876705 1999960 1873056 126904 0
1790716876734 1999960 1873056 126904 0
1790716876764 2006844 1879940 126904 0
1790716876794 2021180 1894276 126904 0
1790716876823 2024052 1901268 122784 0
1790716876853 2049848 1922944 126904 0
1790716876882 2057888 1930988 126900 0
1790716876913 2068136 1941176 126960 0
1790716876943 2082472 1955512 126960 0
1790716876973 2094760 1967800 126960 0
1790716877004 2109096 1982136 126960 0
1790716877033 2123432 1996472 126960 0
1790716877063 2137768 2010808 126960 0
1790716877092 2150056 2023096 126960 0
1790716877122 2164392 2037432 126960 0
1790716877152 2178728 2051768 126960 0
1790716877181 2193064 2066104 126960 0
1790716877210 2205352 2078392 126960 0
1790716877240 2219688 2092728 126960 0
1790716877270 2233396 2106436 126960 0
1790716877300 2248160 2121200 126960 0
1790716877329 2262496 2135536 126960 0
1790716877359 2276832 2149872 126960 0
1790716877389 2289120 2162160 126960 0
1790716877419 2303456 2176496 126960 0
1790716877448 2317792 2190832 126960 0
1790716877478 2332128 2205168 126960 0
1790716877509 2346464 2219504 126960 0
1790716877538 2360800 2233840 126960 0
1790716877569 2375136 2248176 126960 0
1790716877599 2387424 2260464 126960 0
1790716877629 2389472 2262512 126960 0
1790716877658 2389472 2262512 126960 0
1790716877687 2393568 2266608 126960 0
1790716877716 2405856 2278896 126960 0
1790716877747 2406056 2279096 126960 0
1790716877775 2403776 2278560 125216 0
1790716877810 2367684 2252924 114760 0
1790716877850 2407908 2280948 126960 0
1790716877883 2409972 2283012 126960 0
1790716877915 2409972 2283012 126960 0
1790716877945 2409972 2283012 126960 0
1790716877976 2409972 2283012 126960 0
1790716878008 2409972 2283012 126960 0
1790716878040 2409972 2283012 126960 0
1790716878070 2409972 2283012 126960 0
1790716878101 2235992 2109032 126960 0
1790716878131 2235992 2109032 126960 0
1790716878160 2235992 2109032 126960 0
1790716878189 2235992 2109032 126960 0
1790716878218 2235992 2109032 126960 0
1790716878247 2235992 2109032 126960 0
1790716878277 2235992 2109032 126960 0
1790716878308 2235992 2109032 126960 0
1790716878337 2235992 2109032 126960 0
1790716878367 2235992 2109032 126960 0
1790716878397 2235992 2109032 126960 0
1790716878427 2235992 2109032 126960 0
1790716878456 2235992 2109032 126960 0
1790716878487 2235992 2109032 126960 0
1790716878517 2235992 2109032 126960 0
1790716878547 2235992 2109032 126960 0
1790716878577 2235992 2109032 126960 0
1790716878605 2235992 2109032 126960 0
1790716878636 2235992 2109032 126960 0
1790716878666 2235992 2109032 126960 0
1790716878696 2235992 2109032 126960 0
1790716878726 2235992 2109032 126960 0
1790716878756 2235992 2109032 126960 0
1790716878787 2235992 2109032 126960 0
1790716878817 2235992 2109032 126960 0
1790716878847 2235992 2109032 126960 0
1790716878876 2235992 2109032 126960 0
1790716878906 2235992 2109032 126960 0
1790716878935 2235992 2109032 126960 0
1790716878964 2235992 2109032 126960 0
1790716878995 2235992 2109032 126960 0
1790716879025 2235992 2109032 126960 0
1790716879056 2235992 2109032 126960 0
1790716879086 2235992 2109032 126960 0
1790716879115 2235992 2109032 126960 0
1790716879146 2235992 2109032 126960 0
1790716879176 2235992 2109032 126960 0
1790716879206 2235992 2109032 126960 0
1790716879235 2235992 2109032 126960 0
1790716879265 2235992 2109032 126960 0
1790716879294 2235992 2109032 126960 0
1790716879324 2235992 2109032 126960 0
1790716879354 2235992 2109032 126960 0
1790716879384 2235992 2109032 126960 0
1790716879413 2235992 2109032 126960 0
1790716879443 2235992 2109032 126960 0
1790716879473 2235992 2109032 126960 0
1790716879504 2235992 2109032 126960 0
1790716879534 2235992 2109032 126960 0
1790716879563 2235992 2109032 126960 0
1790716879594 2235992 2109032 126960 0
1790716879625 2235992 2109032 126960 0
1790716879656 2235992 2109032 126960 0
1790716879686 2235992 2109032 126960 0
1790716879717 2235992 2109032 126960 0
1790716879748 2235992 2109032 126960 0
1790716879779 2235992 2109032 126960 0
1790716879809 2235992 2109032 126960 0
1790716879839 2235992 2109032 126960 0
1790716879870 2235992 2109032 126960 0
1790716879900 2235992 2109032 126960 0
1790716879929 2235992 2109032 126960 0
1790716879958 2235992 2109032 126960 0
1790716879988 2235992 2109032 126960 0
1790716880017 2235992 2109032 126960 0
1790716880048 2235992 2109032 126960 0
1790716880078 2235992 2109032 126960 0
1790716880108 2235992 2109032 126960 0
1790716880138 2235992 2109032 126960 0
1790716880170 2235992 2109032 126960 0
1790716880200 2235992 2109032 126960 0
1790716880230 2235992 2109032 126960 0
1790716880261 2235992 2109032 126960 0
1790716880291 2235992 2109032 126960 0
1790716880320 2235992 2109032 126960 0
1790716880350 2235992 2109032 126960 0
1790716880380 2235992 2109032 126960 0
1790716880409 2235992 2109032 126960 0
1790716880438 2235992 2109032 126960 0
1790716880468 2235992 2109032 126960 0
1790716880498 2235992 2109032 126960 0
1790716880527 2235992 2109032 126960 0
1790716880557 2235992 2109032 126960 0
1790716880587 2235992 2109032 126960 0
1790716880617 2235840 2108884 126956 0
1790716880647 1685236 1558136 127100 0
1790716880678 1685236 1558136 127100 0
1790716880708 1685236 1558136 127100 0
1790716880736 1685236 1558136 127100 0
1790716880765 1685236 1558136 127100 0
1790716880792 1685236 1558136 127100 0
1790716880820 1685236 1558136 127100 0
1790716880850 1685236 1558136 127100 0
1790716880878 1685236 1558136 127100 0
1790716880907 1685236 1558136 127100 0
1790716880936 1685236 1558136 127100 0
1790716880965 1685236 1558136 127100 0
1790716880995 1685236 1558136 127100 0
1790716881024 1685236 1558136 127100 0
1790716881053 1685236 1558136 127100 0
1790716881082 1685236 1558136 127100 0
1790716881112 1685236 1558136 127100 0
1790716881141 1685236 1558136 127100 0
1790716881170 1685236 1558136 127100 0
1790716881199 1685236 1558136 127100 0
1790716881228 1685236 1558136 127100 0
1790716881259 1685236 1558136 127100 0
1790716881287 1685236 1558136 127100 0
1790716881317 1685236 1558136 127100 0
1790716881347 1685236 1558136 127100 0
1790716881376 1685236 1558136 127100 0
1790716881405 1685236 1558136 127100 0
1790716881433 1685236 1558136 127100 0
1790716881462 1685236 1558136 127100 0
1790716881491 1685236 1558136 127100 0
1790716881520 1685236 1558136 127100 0
1790716881549 1685236 1558136 127100 0
1790716881578 1685236 1558136 127100 0
1790716881607 1685756 1558136 127620 0
1790716881637 1685928 1558136 127792 0
1790716881667 1685928 1558136 127792 0
1790716881698 1685928 1558136 127792 0
1790716881727 1685928 1558136 127792 0
1790716881757 1685928 1558136 127792 0
1790716881787 1685928 1558136 127792 0
1790716881818 1685928 1558136 127792 0
1790716881847 1685928 1558136 127792 0
1790716881879 1685928 1558136 127792 0
1790716881910 1685960 1558136 127824 0
1790716881940 1685960 1558136 127824 0
1790716881971 1685960 1558136 127824 0
1790716882002 1685960 1558136 127824 0
1790716882033 1686084 1558136 127948 0
1790716882064 1686216 1558140 128076 0
1790716882096 1686280 1558140 128140 0
1790716882127 1686284 1558140 128144 0
1790716882161 1686284 1558140 128144 0
1790716882193 1686284 1558140 128144 0
1790716882225 1686284 1558140 128144 0
1790716882257 1690380 1562236 128144 0
1790716882293 1690380 1562236 128144 0
1790716882326 1690380 1562236 128144 0
1790716882357 1690380 1562236 128144 0
1790716882388 1690380 1562236 128144 0
1790716882422 1690380 1562236 128144 0
1790716882454 1690380 1562236 128144 0
1790716882485 1690380 1562236 128144 0
1790716882516 1696396 1568252 128144 0
1790716882550 1696396 1568252 128144 0
1790716882581 1696396 1568252 128144 0
1790716882614 1696396 1568252 128144 0
1790716882647 1696396 1568252 128144 0
1790716882679 1696396 1568252 128144 0
1790716882711 1696396 1568252 128144 0
1790716882743 1696396 1568252 128144 0
1790716882778 1696396 1568252 128144 0
1790716882811 1696396 1568252 128144 0
1790716882843 1696396 1568252 128144 0
1790716882875 1696540 1568252 128288 0
1790716882909 1696604 1568252 128352 0
1790716882942 1696604 1568252 128352 0
1790716882975 1696604 1568252 128352 0
1790716883008 1696672 1568256 128416 0
1790716883040 1696672 1568256 128416 0
1790716883074 1696672 1568256 128416 0
1790716883107 1696672 1568256 128416 0
1790716883139 1696672 1568256 128416 0
1790716883172 1696672 1568256 128416 0
1790716883204 1696672 1568256 128416 0
1790716883237 1696672 1568256 128416 0
1790716883270 1696672 1568256 128416 0
1790716883302 1696672 1568256 128416 0
1790716883335 1696672 1568256 128416 0
1790716883367 1696672 1568256 128416 0
1790716883400 1696672 1568256 128416 0
1790716883432 1696672 1568256 128416 0
1790716883465 1696672 1568256 128416 0
1790716883497 1696672 1568256 128416 0
1790716883529 1696672 1568256 128416 0
1790716883562 1696672 1568256 128416 0
1790716883594 1696672 1568256 128416 0
1790716883627 1696672 1568256 128416 0
1790716883659 1696672 1568256 128416 0
1790716883692 1696672 1568256 128416 0
1790716883725 1696672 1568256 128416 0
1790716883757 1696672 1568256 128416 0
1790716883790 1696672 1568256 128416 0
1790716883822 1696672 1568256 128416 0
1790716883855 1696672 1568256 128416 0
1790716883887 1696672 1568256 128416 0
1790716883919 1696672 1568256 128416 0
1790716883952 1696672 1568256 128416 0
1790716883984 1696672 1568256 128416 0
1790716884016 1696672 1568256 128416 0
1790716884049 1696672 1568256 128416 0
1790716884081 1696672 1568256 128416 0
1790716884113 1696672 1568256 128416 0
1790716884146 1696672 1568256 128416 0
1790716884178 1696672 1568256 128416 0
1790716884211 1696672 1568256 128416 0
1790716884244 1696672 1568256 128416 0
1790716884276 1696672 1568256 128416 0
1790716884309 1696672 1568256 128416 0
1790716884339 1696672 1568256 128416 0
1790716884372 1696672 1568256 128416 0
1790716884403 1696672 1568256 128416 0
1790716884435 1696672 1568256 128416 0
1790716884467 1696672 1568256 128416 0
1790716884499 1696672 1568256 128416 0
1790716884530 1696672 1568256 128416 0
1790716884560 1696672 1568256 128416 0
1790716884594 1696672 1568256 128416 0
1790716884627 1696672 1568256 128416 0
1790716884660 1696672 1568256 128416 0
1790716884691 1696672 1568256 128416 0
1790716884722 1696672 1568256 128416 0
1790716884753 1696672 1568256 128416 0
1790716884784 1696672 1568256 128416 0
1790716884816 1696672 1568256 128416 0
1790716884865 1696672 1568256 128416 0
1790716884898 1696672 1568256 128416 0
1790716884930 1696672 1568256 128416 0
1790716884962 1696672 1568256 128416 0
1790716884994 1696672 1568256 128416 0
1790716885026 1696672 1568256 128416 0
1790716885058 1696672 1568256 128416 0
1790716885089 1696520 1568108 128412 0
1790716885123 1708960 1580544 128416 0
1790716885157 1708960 1580544 128416 0
1790716885188 1708960 1580544 128416 0
1790716885219 1708960 1580544 128416 0
1790716885254 1708960 1580544 128416 0
1790716885287 1708960 1580544 128416 0
1790716885318 1708960 1580544 128416 0
1790716885348 1708960 1580544 128416 0
1790716885383 1708960 1580544 128416 0
1790716885415 1708960 1580544 128416 0
1790716885446 1708960 1580544 128416 0
1790716885476 1708960 1580544 128416 0
1790716885512 1708960 1580544 128416 0
1790716885544 1708960 1580544 128416 0
1790716885575 1708960 1580544 128416 0
1790716885606 1708960 1580544 128416 0
1790716885639 1708960 1580544 128416 0
1790716885672 1708960 1580544 128416 0
1790716885703 1708960 1580544 128416 0
1790716885736 1708960 1580544 128416 0
1790716885768 1708960 1580544 128416 0
1790716885799 1708960 1580544 128416 0
1790716885832 1708960 1580544 128416 0
1790716885863 1708960 1580544 128416 0
1790716885896 1708960 1580544 128416 0
1790716885928 1708960 1580544 128416 0
1790716885961 1708960 1580544 128416 0
1790716885994 1708960 1580544 128416 0
1790716886025 1708960 1580544 128416 0
1790716886058 1708960 1580544 128416 0
1790716886091 1708960 1580544 128416 0
1790716886123 1708960 1580544 128416 0
1790716886156 1708960 1580544 128416 0
1790716886191 1708960 1580544 128416 0
1790716886222 1708960 1580544 128416 0
1790716886253 1708960 1580544 128416 0
1790716886284 1708960 1580544 128416 0
1790716886317 1708960 1580544 128416 0
1790716886348 1708960 1580544 128416 0
1790716886378 1708960 1580544 128416 0
1790716886407 1708960 1580544 128416 0
1790716886440 1708960 1580544 128416 0
1790716886472 1708960 1580544 128416 0
1790716886503 1708960 1580544 128416 0
1790716886536 1708960 1580544 128416 0
1790716886569 1709200 1580544 128656 0
1790716886603 1709320 1580548 128772 0
1790716886635 1715448 1586676 128772 0
1790716886668 1729784 1601012 128772 0
1790716886699 1739884 1611116 128768 0
1790716886732 1764612 1635840 128772 0
1790716886764 1764612 1635840 128772 0
1790716886793 1764612 1635840 128772 0
1790716886822 1789036 1660268 128768 0
1790716886859 1682028 1561052 120976 0
1790716886892 1691140 1562240 128900 0
1790716886922 1691140 1562240 128900 0
1790716886956 1691140 1562240 128900 0
1790716886988 1691140 1562240 128900 0
1790716887021 1691140 1562240 128900 0
1790716887053 1691140 1562240 128900 0
1790716887084 1691140 1562240 128900 0
1790716887115 1691140 1562240 128900 0
1790716887145 1691140 1562240 128900 0
1790716887178 1691140 1562240 128900 0
1790716887215 1691140 1562240 128900 0
1790716887249 1691140 1562240 128900 0
1790716887282 1691140 1562240 128900 0
1790716887315 1691140 1562240 128900 0
1790716887348 1691140 1562240 128900 0
1790716887381 1691140 1562240 128900 0
1790716887415 1691140 1562240 128900 0
1790716887446 1691140 1562240 128900 0
1790716887478 1691140 1562240 128900 0
1790716887511 1691140 1562240 128900 0
1790716887544 1691140 1562240 128900 0
1790716887576 1691140 1562240 128900 0
1790716887609 1691140 1562240 128900 0
1790716887642 1691140 1562240 128900 0
1790716887674 1691140 1562240 128900 0
1790716887706 1691140 1562240 128900 0
1790716887740 1691140 1562240 128900 0
1790716887772 1691140 1562240 128900 0
1790716887804 1691140 1562240 128900 0
1790716887837 1691140 1562240 128900 0
1790716887869 1691140 1562240 128900 0
1790716887901 1691140 1562240 128900 0
1790716887934 1691140 1562240 128900 0
1790716887967 1691140 1562240 128900 0
1790716887999 1691140 1562240 128900 0
1790716888035 1691140 1562240 128900 0
1790716888068 1691140 1562240 128900 0
1790716888100 1691140 1562240 128900 0
1790716888131 1688040 1567068 120972 0
1790716888166 1697156 1568256 128900 0
1790716888199 1697156 1568256 128900 0
1790716888231 1697156 1568256 128900 0
1790716888263 1697156 1568256 128900 0
1790716888298 1697156 1568256 128900 0
1790716888331 1697156 1568256 128900 0
1790716888363 1697156 1568256 128900 0
1790716888394 1697156 1568256 128900 0
1790716888428 1697156 1568256 128900 0
1790716888460 1697156 1568256 128900 0
1790716888492 1697156 1568256 128900 0
1790716888525 1697156 1568256 128900 0
1790716888558 1697156 1568256 128900 0
1790716888589 1697156 1568256 128900 0
1790716888622 1697156 1568256 128900 0
1790716888655 1703300 1574400 128900 0
1790716888688 1703300 1574400 128900 0
1790716888721 1703300 1574400 128900 0
1790716888754 1703300 1574400 128900 0
1790716888787 1703300 1574400 128900 0
1790716888819 1703300 1574400 128900 0
1790716888851 1703300 1574400 128900 0
1790716888884 1703300 1574400 128900 0
1790716888917 1703300 1574400 128900 0
1790716888949 1703300 1574400 128900 0
1790716888981 1703300 1574400 128900 0
1790716889014 1703300 1574400 128900 0
1790716889046 1703300 1574400 128900 0
1790716889079 1703300 1574400 128900 0
1790716889111 1703300 1574400 128900 0
1790716889143 1703300 1574400 128900 0
1790716889175 1703300 1574400 128900 0
1790716889208 1703300 1574400 128900 0
1790716889240 1703300 1574400 128900 0
1790716889273 1703300 1574400 128900 0
1790716889306 1703300 1574400 128900 0
1790716889339 1703300 1574400 128900 0
1790716889372 1703300 1574400 128900 0
1790716889405 1703300 1574400 128900 0
1790716889438 1703300 1574400 128900 0
1790716889470 1703300 1574400 128900 0
1790716889503 1703300 1574400 128900 0
1790716889536 1703300 1574400 128900 0
1790716889568 1703300 1574400 128900 0
1790716889601 1703300 1574400 128900 0
1790716889633 1703300 1574400 128900 0
1790716889666 1703300 1574400 128900 0
1790716889698 1703300 1574400 128900 0
1790716889731 1703300 1574400 128900 0
1790716889763 1703300 1574400 128900 0
1790716889796 1703300 1574400 128900 0
1790716889828 1703300 1574400 128900 0
1790716889861 1703300 1574400 128900 0
1790716889893 1703300 1574400 128900 0
1790716889926 1703300 1574400 128900 0
1790716889959 1703300 1574400 128900 0
1790716889992 1703300 1574400 128900 0
1790716890025 1703300 1574400 128900 0
1790716890058 1703300 1574400 128900 0
1790716890090 1703300 1574400 128900 0
1790716890122 1703300 1574400 128900 0
1790716890154 1703300 1574400 128900 0
1790716890186 1703300 1574400 128900 0
1790716890220 1694096 1572028 122068 0
1790716890252 1709432 1580532 128900 0
1790716890281 1709444 1580544 128900 0
1790716890313 1709444 1580544 128900 0
1790716890347 1709444 1580544 128900 0
1790716890380 1709444 1580544 128900 0
1790716890413 1709444 1580544 128900 0
1790716890446 1709444 1580544 128900 0
1790716890478 1709444 1580544 128900 0
1790716890510 1709444 1580544 128900 0
1790716890543 1709444 1580544 128900 0
1790716890576 1709444 1580544 128900 0
1790716890609 1709444 1580544 128900 0
1790716890642 1709444 1580544 128900 0
1790716890675 1709444 1580544 128900 0
1790716890707 1709444 1580544 128900 0
1790716890741 1709444 1580544 128900 0
1790716890773 1709444 1580544 128900 0
1790716890804 1709444 1580544 128900 0
1790716890836 1709444 1580544 128900 0
1790716890871 1709444 1580544 128900 0
1790716890904 1709444 1580544 128900 0
1790716890937 1709444 1580544 128900 0
1790716890969 1709444 1580544 128900 0
1790716891004 1709444 1580544 128900 0
1790716891037 1709444 1580544 128900 0
1790716891070 1709444 1580544 128900 0
1790716891102 1709444 1580544 128900 0
1790716891136 1709444 1580544 128900 0
1790716891169 1709444 1580544 128900 0
1790716891200 1709444 1580544 128900 0
1790716891234 1709444 1580544 128900 0
1790716891268 1709444 1580544 128900 0
1790716891300 1709444 1580544 128900 0
1790716891332 1709444 1580544 128900 0
1790716891366 1709444 1580544 128900 0
1790716891398 1709444 1580544 128900 0
1790716891431 1709444 1580544 128900 0
1790716891463 1709444 1580544 128900 0
1790716891496 1709444 1580544 128900 0
1790716891529 1709444 1580544 128900 0
1790716891561 1709444 1580544 128900 0
1790716891594 1709444 1580544 128900 0
1790716891626 1709444 1580544 128900 0
1790716891659 1709444 1580544 128900 0
1790716891692 1709444 1580544 128900 0
1790716891724 1709444 1580544 128900 0
1790716891757 1709444 1580544 128900 0
1790716891789 1709444 1580544 128900 0
1790716891821 1709444 1580544 128900 0
1790716891854 1709444 1580544 128900 0
1790716891887 1709444 1580544 128900 0
1790716891919 1709444 1580544 128900 0
1790716891952 1709444 1580544 128900 0
1790716891986 1709444 1580544 128900 0
1790716892018 1709444 1580544 128900 0
1790716892050 1709444 1580544 128900 0
1790716892084 1709444 1580544 128900 0
1790716892118 1709444 1580544 128900 0
1790716892151 1709444 1580544 128900 0
1790716892182 1709444 1580544 128900 0
1790716892218 1709444 1580544 128900 0
1790716892251 1709444 1580544 128900 0
1790716892284 1709444 1580544 128900 0
1790716892316 1709444 1580544 128900 0
1790716892350 1709444 1580544 128900 0
1790716892383 1707724 1580444 127280 0
1790716892417 1710108 1581208 128900 0
1790716892449 1723768 1594868 128900 0
1790716892480 1738104 1609204 128900 0
1790716892512 1764740 1635840 128900 0
1790716892544 1764740 1635840 128900 0
1790716892574 1764740 1635840 128900 0
1790716892603 1761828 1635360 126468 0
1790716892638 1690204 1562172 128032 0
1790716892673 1691140 1562240 128900 0
1790716892705 1691140 1562240 128900 0
1790716892738 1691140 1562240 128900 0
1790716892771 1691140 1562240 128900 0
1790716892803 1691140 1562240 128900 0
1790716892836 1691140 1562240 128900 0
1790716892867 1691140 1562240 128900 0
1790716892896 1691140 1562240 128900 0
1790716892929 1691140 1562240 128900 0
1790716892963 1691140 1562240 128900 0
1790716892996 1691140 1562240 128900 0
1790716893030 1691140 1562240 128900 0
1790716893063 1691140 1562240 128900 0
1790716893095 1691140 1562240 128900 0
1790716893128 1691140 1562240 128900 0
1790716893161 1691140 1562240 128900 0
1790716893193 1691140 1562240 128900 0
1790716893225 1691140 1562240 128900 0
1790716893259 1691140 1562240 128900 0
1790716893292 1691140 1562240 128900 0
1790716893324 1691140 1562240 128900 0
1790716893357 1691140 1562240 128900 0
1790716893391 1691140 1562240 128900 0
1790716893424 1691140 1562240 128900 0
1790716893456 1691140 1562240 128900 0
1790716893489 1691140 1562240 128900 0
1790716893522 1691140 1562240 128900 0
1790716893554 1691140 1562240 128900 0
1790716893587 1691140 1562240 128900 0
1790716893619 1691140 1562240 128900 0
1790716893651 1691140 1562240 128900 0
1790716893685 1691140 1562240 128900 0
1790716893717 1691140 1562240 128900 0
1790716893750 1691140 1562240 128900 0
1790716893783 1691140 1562240 128900 0
1790716893817 1691140 1562240 128900 0
1790716893850 1691140 1562240 128900 0
1790716893882 1690988 1562092 128896 0
1790716893916 1697156 1568256 128900 0
1790716893950 1697156 1568256 128900 0
1790716893982 1697156 1568256 128900 0
1790716894014 1697156 1568256 128900 0
1790716894049 1697156 1568256 128900 0
1790716894082 1697156 1568256 128900 0
1790716894114 1697156 1568256 128900 0
1790716894146 1697156 1568256 128900 0
1790716894180 1697156 1568256 128900 0
1790716894212 1697156 1568256 128900 0
1790716894244 1697156 1568256 128900 0
1790716894276 1697156 1568256 128900 0
1790716894310 1697156 1568256 128900 0
1790716894341 1697156 1568256 128900 0
1790716894374 1697156 1568256 128900 0
1790716894407 1703300 1574400 128900 0
1790716894440 1703300 1574400 128900 0
1790716894473 1703300 1574400 128900 0
1790716894505 1703300 1574400 128900 0
1790716894538 1703300 1574400 128900 0
1790716894570 1703300 1574400 128900 0
1790716894603 1703300 1574400 128900 0
1790716894636 1703300 1574400 128900 0
1790716894668 1703300 1574400 128900 0
1790716894701 1703300 1574400 128900 0
1790716894733 1703300 1574400 128900 0
1790716894766 1703300 1574400 128900 0
1790716894798 1703300 1574400 128900 0
1790716894831 1703300 1574400 128900 0
1790716894863 1703300 1574400 128900 0
1790716894895 1703300 1574400 128900 0
1790716894927 1703300 1574400 128900 0
1790716894960 1703300 1574400 128900 0
1790716894992 1703300 1574400 128900 0
1790716895025 1703300 1574400 128900 0
1790716895057 1703300 1574400 128900 0
1790716895090 1703300 1574400 128900 0
1790716895123 1703300 1574400 128900 0
1790716895156 1703300 1574400 128900 0
1790716895188 1703300 1574400 128900 0
1790716895221 1703300 1574400 128900 0
1790716895253 1703300 1574400 128900 0
1790716895286 1703300 1574400 128900 0
1790716895319 1703300 1574400 128900 0
1790716895352 1703300 1574400 128900 0
1790716895385 1703300 1574400 128900 0
1790716895417 1703300 1574400 128900 0
1790716895450 1703300 1574400 128900 0
1790716895482 1703300 1574400 128900 0
1790716895515 1703300 1574400 128900 0
1790716895547 1703300 1574400 128900 0
1790716895580 1703300 1574400 128900 0
1790716895612 1703300 1574400 128900 0
1790716895645 1703300 1574400 128900 0
1790716895677 1703300 1574400 128900 0
1790716895709 1703300 1574400 128900 0
1790716895742 1703300 1574400 128900 0
1790716895775 1703300 1574400 128900 0
1790716895808 1703300 1574400 128900 0
1790716895840 1703300 1574400 128900 0
1790716895872 1703300 1574400 128900 0
1790716895904 1703300 1574400 128900 0
1790716895936 1703300 1574400 128900 0
1790716895968 1703864 1574964 128900 0
1790716895999 1709292 1580396 128896 0
1790716896031 1727876 1598976 128900 0
1790716896064 1727876 1598976 128900 0
1790716896097 1727876 1598976 128900 0
1790716896129 1727876 1598976 128900 0
1790716896162 1727876 1598976 128900 0
1790716896194 1727876 1598976 128900 0
1790716896225 1727876 1598976 128900 0
1790716896258 1727876 1598976 128900 0
1790716896291 1727876 1598976 128900 0
1790716896324 1727876 1598976 128900 0
1790716896357 1727876 1598976 128900 0
1790716896389 1727876 1598976 128900 0
1790716896420 1727876 1598976 128900 0
1790716896453 1727876 1598976 128900 0
1790716896487 1727876 1598976 128900 0
1790716896520 1727876 1598976 128900 0
1790716896552 1727876 1598976 128900 0
1790716896587 1727876 1598976 128900 0
1790716896620 1727876 1598976 128900 0
1790716896653 1727876 1598976 128900 0
1790716896685 1727876 1598976 128900 0
1790716896720 1727876 1598976 128900 0
1790716896752 1727876 1598976 128900 0
1790716896784 1727876 1598976 128900 0
1790716896816 1727876 1598976 128900 0
1790716896850 1727876 1598976 128900 0
1790716896882 1727876 1598976 128900 0
1790716896914 1727876 1598976 128900 0
1790716896948 1727876 1598976 128900 0
1790716896980 1727876 1598976 128900 0
1790716897012 1727876 1598976 128900 0
1790716897044 1727876 1598976 128900 0
1790716897078 1727876 1598976 128900 0
1790716897110 1727876 1598976 128900 0
1790716897142 1727876 1598976 128900 0
1790716897175 1727876 1598976 128900 0
1790716897208 1727876 1598976 128900 0
1790716897241 1727876 1598976 128900 0
1790716897274 1727876 1598976 128900 0
1790716897308 1727876 1598976 128900 0
1790716897341 1727876 1598976 128900 0
1790716897373 1727876 1598976 128900 0
1790716897405 1727876 1598976 128900 0
1790716897437 1727876 1598976 128900 0
1790716897469 1727876 1598976 128900 0
1790716897502 1727876 1598976 128900 0
1790716897535 1727876 1598976 128900 0
1790716897567 1727876 1598976 128900 0
1790716897598 1727876 1598976 128900 0
1790716897630 1727876 1598976 128900 0
1790716897663 1727876 1598976 128900 0
1790716897696 1727876 1598976 128900 0
1790716897728 1727876 1598976 128900 0
1790716897761 1727876 1598976 128900 0
1790716897796 1727876 1598976 128900 0
1790716897829 1727876 1598976 128900 0
1790716897862 1727876 1598976 128900 0
1790716897894 1727876 1598976 128900 0
1790716897928 1727876 1598976 128900 0
1790716897961 1727876 1598976 128900 0
1790716897992 1727876 1598976 128900 0
1790716898025 1727876 1598976 128900 0
1790716898059 1727876 1598976 128900 0
1790716898093 1727876 1598976 128900 0
1790716898125 1727724 1598828 128896 0
1790716898157 1729740 1600840 128900 0
1790716898188 1752124 1634744 117380 0
1790716898220 1764740 1635840 128900 0
1790716898252 1764740 1635840 128900 0
1790716898281 1764740 1635840 128900 0
1790716898311 1802644 1677616 125028 0
1790716898348 1691140 1562240 128900 0
1790716898381 1691140 1562240 128900 0
1790716898414 1691140 1562240 128900 0
1790716898447 1691140 1562240 128900 0
1790716898479 1691140 1562240 128900 0
1790716898512 1691140 1562240 128900 0
1790716898544 1691140 1562240 128900 0
1790716898576 1705336 1576436 128900 0
1790716898608 1727876 1598976 128900 0
1790716898642 1727876 1598976 128900 0
1790716898674 1727876 1598976 128900 0
1790716898706 1727876 1598976 128900 0
1790716898740 1727876 1598976 128900 0
1790716898773 1727876 1598976 128900 0
1790716898806 1727876 1598976 128900 0
1790716898837 1727876 1598976 128900 0
1790716898870 1727876 1598976 128900 0
1790716898902 1727876 1598976 128900 0
1790716898934 1727876 1598976 128900 0
1790716898967 1727876 1598976 128900 0
1790716899001 1727876 1598976 128900 0
1790716899033 1727876 1598976 128900 0
1790716899066 1727876 1598976 128900 0
1790716899099 1727876 1598976 128900 0
1790716899132 1727876 1598976 128900 0
1790716899163 1727876 1598976 128900 0
1790716899197 1727876 1598976 128900 0
1790716899230 1727876 1598976 128900 0
1790716899263 1727876 1598976 128900 0
1790716899296 1727876 1598976 128900 0
1790716899328 1727876 1598976 128900 0
1790716899361 1727876 1598976 128900 0
1790716899394 1727876 1598976 128900 0
1790716899427 1727876 1598976 128900 0
1790716899459 1727876 1598976 128900 0
1790716899492 1727876 1598976 128900 0
1790716899525 1727876 1598976 128900 0
1790716899557 1727876 1598976 128900 0
1790716899589 1727876 1598976 128900 0
1790716899623 1727876 1598976 128900 0
1790716899656 1727876 1598976 128900 0
1790716899689 1727876 1598976 128900 0
1790716899721 1727876 1598976 128900 0
1790716899753 1727876 1598976 128900 0
1790716899786 1727876 1598976 128900 0
1790716899819 1727876 1598976 128900 0
1790716899851 1727876 1598976 128900 0
1790716899887 1727876 1598976 128900 0
1790716899920 1727876 1598976 128900 0
1790716899953 1727876 1598976 128900 0
1790716899985 1727876 1598976 128900 0
1790716900020 1727876 1598976 128900 0
1790716900053 1727876 1598976 128900 0
1790716900085 1727876 1598976 128900 0
1790716900117 1727876 1598976 128900 0
1790716900151 1727876 1598976 128900 0
1790716900185 1727876 1598976 128900 0
1790716900218 1727876 1598976 128900 0
1790716900251 1727876 1598976 128900 0
1790716900283 1727876 1598976 128900 0
1790716900316 1727876 1598976 128900 0
1790716900349 1727876 1598976 128900 0
1790716900381 1727876 1598976 128900 0
1790716900414 1727876 1598976 128900 0
1790716900447 1727876 1598976 128900 0
1790716900479 1727876 1598976 128900 0
1790716900512 1727876 1598976 128900 0
1790716900544 1727876 1598976 128900 0
1790716900577 1727876 1598976 128900 0
1790716900610 1727876 1598976 128900 0
1790716900642 1727876 1598976 128900 0
1790716900675 1727876 1598976 128900 0
1790716900707 1727876 1598976 128900 0
1790716900741 1727876 1598976 128900 0
1790716900773 1727876 1598976 128900 0
1790716900806 1727876 1598976 128900 0
1790716900840 1727876 1598976 128900 0
1790716900871 1727876 1598976 128900 0
1790716900904 1727876 1598976 128900 0
1790716900937 1727876 1598976 128900 0
1790716900969 1727876 1598976 128900 0
1790716901002 1727876 1598976 128900 0
1790716901035 1727876 1598976 128900 0
1790716901068 1727876 1598976 128900 0
1790716901102 1727876 1598976 128900 0
1790716901135 1727876 1598976 128900 0
1790716901167 1727876 1598976 128900 0
1790716901200 1727876 1598976 128900 0
1790716901232 1727876 1598976 128900 0
1790716901265 1727876 1598976 128900 0
1790716901298 1727876 1598976 128900 0
1790716901330 1727876 1598976 128900 0
1790716901364 1727876 1598976 128900 0
1790716901397 1727876 1598976 128900 0
1790716901430 1727876 1598976 128900 0
1790716901463 1727876 1598976 128900 0
1790716901495 1727876 1598976 128900 0
1790716901529 1727876 1598976 128900 0
1790716901561 1727876 1598976 128900 0
1790716901593 1727876 1598976 128900 0
1790716901625 1727876 1598976 128900 0
1790716901657 1727876 1598976 128900 0
1790716901690 1727876 1598976 128900 0
1790716901721 1727876 1598976 128900 0
1790716901754 1727876 1598976 128900 0
1790716901786 1727876 1598976 128900 0
1790716901819 1727876 1598976 128900 0
1790716901851 1727876 1598976 128900 0
1790716901882 1727876 1598976 128900 0
1790716901915 1727876 1598976 128900 0
1790716901947 1727876 1598976 128900 0
1790716901980 1727876 1598976 128900 0
1790716902014 1727876 1598976 128900 0
1790716902047 1727876 1598976 128900 0
1790716902081 1727876 1598976 128900 0
1790716902111 1727876 1598976 128900 0
1790716902143 1727876 1598976 128900 0
1790716902177 1727876 1598976 128900 0
1790716902210 1727876 1598976 128900 0
1790716902242 1727876 1598976 128900 0
1790716902274 1727876 1598976 128900 0
1790716902308 1727876 1598976 128900 0
1790716902340 1727876 1598976 128900 0
1790716902372 1727876 1598976 128900 0
1790716902406 1727876 1598976 128900 0
1790716902439 1727876 1598976 128900 0
1790716902471 1727876 1598976 128900 0
1790716902504 1727876 1598976 128900 0
1790716902537 1727876 1598976 128900 0
1790716902570 1727876 1598976 128900 0
1790716902603 1727876 1598976 128900 0
1790716902635 1727876 1598976 128900 0
1790716902670 1727876 1598976 128900 0
1790716902703 1727876 1598976 128900 0
1790716902735 1727876 1598976 128900 0
1790716902768 1727876 1598976 128900 0
1790716902801 1727876 1598976 128900 0
1790716902834 1727876 1598976 128900 0
1790716902866 1727876 1598976 128900 0
1790716902898 1727876 1598976 128900 0
1790716902929 1727876 1598976 128900 0
1790716902960 1727876 1598976 128900 0
1790716902992 1727876 1598976 128900 0
1790716903023 1727876 1598976 128900 0
1790716903054 1727876 1598976 128900 0
1790716903086 1727876 1598976 128900 0
1790716903119 1727876 1598976 128900 0
1790716903152 1727876 1598976 128900 0
1790716903183 1727876 1598976 128900 0
1790716903214 1727876 1598976 128900 0
1790716903248 1727876 1598976 128900 0
1790716903279 1727876 1598976 128900 0
1790716903310 1727876 1598976 128900 0
1790716903341 1727876 1598976 128900 0
1790716903375 1727876 1598976 128900 0
1790716903407 1727876 1598976 128900 0
1790716903438 1727876 1598976 128900 0
1790716903469 1727876 1598976 128900 0
1790716903503 1727876 1598976 128900 0
1790716903535 1727876 1598976 128900 0
1790716903566 1727876 1598976 128900 0
1790716903597 1727876 1598976 128900 0
1790716903631 1727876 1598976 128900 0
1790716903662 1727876 1598976 128900 0
1790716903694 1727876 1598976 128900 0
1790716903725 1727876 1598976 128900 0
1790716903758 1727876 1598976 128900 0
1790716903792 1727880 1598980 128900 0
1790716903824 1740152 1611252 128900 0
1790716903856 1752440 1623540 128900 0
1790716903886 1764588 1635692 128896 0
1790716903917 1789316 1660416 128900 0
1790716903950 1789316 1660416 128900 0
1790716903979 1789316 1660416 128900 0
1790716904008 1813892 1684992 128900 0
1790716904039 1862892 1733996 128896 0
1790716904077 1691140 1562240 128900 0
1790716904109 1691140 1562240 128900 0
1790716904141 1691140 1562240 128900 0
1790716904173 1691140 1562240 128900 0
1790716904203 1691140 1562240 128900 0
1790716904233 1691140 1562240 128900 0
1790716904264 1690988 1562092 128896 0
1790716904294 1705336 1576436 128900 0
1790716904324 1727876 1598976 128900 0
1790716904358 1727876 1598976 128900 0
1790716904389 1727876 1598976 128900 0
1790716904419 1727876 1598976 128900 0
1790716904449 1727876 1598976 128900 0
1790716904479 1727876 1598976 128900 0
1790716904511 1727876 1598976 128900 0
1790716904541 1727876 1598976 128900 0
1790716904572 1727876 1598976 128900 0
1790716904602 1727876 1598976 128900 0
1790716904633 1727876 1598976 128900 0
1790716904664 1727876 1598976 128900 0
1790716904695 1727876 1598976 128900 0
1790716904727 1727876 1598976 128900 0
1790716904758 1727876 1598976 128900 0
1790716904790 1727876 1598976 128900 0
1790716904822 1727876 1598976 128900 0
1790716904853 1727876 1598976 128900 0
1790716904885 1727876 1598976 128900 0
1790716904917 1727876 1598976 128900 0
1790716904949 1727876 1598976 128900 0
1790716904980 1727876 1598976 128900 0
1790716905011 1727876 1598976 128900 0
1790716905043 1727876 1598976 128900 0
1790716905076 1727876 1598976 128900 0
1790716905110 1727876 1598976 128900 0
1790716905143 1727876 1598976 128900 0
1790716905175 1727876 1598976 128900 0
1790716905206 1727876 1598976 128900 0
1790716905241 1727876 1598976 128900 0
1790716905273 1727876 1598976 128900 0
1790716905305 1727876 1598976 128900 0
1790716905336 1727876 1598976 128900 0
1790716905371 1727876 1598976 128900 0
1790716905403 1727876 1598976 128900 0
1790716905434 1727876 1598976 128900 0
1790716905467 1727876 1598976 128900 0
1790716905500 1727876 1598976 128900 0
1790716905531 1727876 1598976 128900 0
1790716905562 1727876 1598976 128900 0
1790716905594 1727876 1598976 128900 0
1790716905627 1727876 1598976 128900 0
1790716905658 1727876 1598976 128900 0
1790716905690 1727876 1598976 128900 0
1790716905723 1727876 1598976 128900 0
1790716905755 1727876 1598976 128900 0
1790716905786 1727876 1598976 128900 0
1790716905818 1727876 1598976 128900 0
1790716905850 1727876 1598976 128900 0
1790716905884 1727876 1598976 128900 0
1790716905916 1727876 1598976 128900 0
1790716905948 1727876 1598976 128900 0
1790716905980 1727876 1598976 128900 0
1790716906012 1727876 1598976 128900 0
1790716906044 1727876 1598976 128900 0
1790716906076 1727876 1598976 128900 0
1790716906108 1727876 1598976 128900 0
1790716906140 1727876 1598976 128900 0
1790716906171 1727876 1598976 128900 0
1790716906204 1727876 1598976 128900 0
1790716906236 1727876 1598976 128900 0
1790716906268 1727876 1598976 128900 0
1790716906299 1727876 1598976 128900 0
1790716906331 1727876 1598976 128900 0
1790716906363 1727876 1598976 128900 0
1790716906395 1727876 1598976 128900 0
1790716906427 1727876 1598976 128900 0
1790716906459 1727876 1598976 128900 0
1790716906490 1727876 1598976 128900 0
1790716906522 1727876 1598976 128900 0
1790716906554 1727876 1598976 128900 0
1790716906586 1727876 1598976 128900 0
1790716906618 1727876 1598976 128900 0
1790716906650 1727876 1598976 128900 0
1790716906681 1727876 1598976 128900 0
1790716906713 1727876 1598976 128900 0
1790716906745 1727876 1598976 128900 0
1790716906777 1727876 1598976 128900 0
1790716906809 1727876 1598976 128900 0
1790716906840 1727876 1598976 128900 0
1790716906872 1727876 1598976 128900 0
1790716906904 1727876 1598976 128900 0
1790716906935 1727876 1598976 128900 0
1790716906967 1727876 1598976 128900 0
1790716906999 1727876 1598976 128900 0
1790716907031 1727876 1598976 128900 0
1790716907063 1727876 1598976 128900 0
1790716907094 1727876 1598976 128900 0
1790716907126 1727876 1598976 128900 0
1790716907158 1727876 1598976 128900 0
1790716907189 1727876 1598976 128900 0
1790716907221 1727876 1598976 128900 0
1790716907253 1727876 1598976 128900 0
1790716907285 1727876 1598976 128900 0
1790716907316 1727876 1598976 128900 0
1790716907347 1727876 1598976 128900 0
1790716907377 1727876 1598976 128900 0
1790716907408 1727876 1598976 128900 0
1790716907438 1727876 1598976 128900 0
1790716907471 1727876 1598976 128900 0
1790716907503 1727876 1598976 128900 0
1790716907533 1727876 1598976 128900 0
1790716907563 1727876 1598976 128900 0
1790716907593 1727876 1598976 128900 0
1790716907624 1727876 1598976 128900 0
1790716907654 1727876 1598976 128900 0
1790716907686 1727876 1598976 128900 0
1790716907719 1727876 1598976 128900 0
1790716907752 1727876 1598976 128900 0
1790716907786 1727876 1598976 128900 0
1790716907820 1727876 1598976 128900 0
1790716907853 1727876 1598976 128900 0
1790716907885 1727876 1598976 128900 0
1790716907920 1727876 1598976 128900 0
1790716907954 1727876 1598976 128900 0
1790716907987 1727876 1598976 128900 0
1790716908020 1727876 1598976 128900 0
1790716908055 1727876 1598976 128900 0
1790716908088 1727876 1598976 128900 0
1790716908119 1727876 1598976 128900 0
1790716908152 1727876 1598976 128900 0
1790716908184 1727876 1598976 128900 0
1790716908216 1727876 1598976 128900 0
1790716908247 1727876 1598976 128900 0
1790716908281 1727876 1598976 128900 0
1790716908314 1727876 1598976 128900 0
1790716908346 1727876 1598976 128900 0
1790716908378 1727876 1598976 128900 0
1790716908414 1727876 1598976 128900 0
1790716908447 1727876 1598976 128900 0
1790716908479 1727876 1598976 128900 0
1790716908511 1727876 1598976 128900 0
1790716908544 1727880 1598980 128900 0
1790716908577 1727880 1598980 128900 0
1790716908610 1727880 1598980 128900 0
1790716908644 1727880 1598980 128900 0
1790716908678 1727880 1598980 128900 0
1790716908712 1727880 1598980 128900 0
1790716908745 1727880 1598980 128900 0
1790716908778 1727880 1598980 128900 0
1790716908809 1727880 1598980 128900 0
1790716908844 1727880 1598980 128900 0
1790716908878 1727880 1598980 128900 0
1790716908911 1727880 1598980 128900 0
1790716908944 1727880 1598980 128900 0
1790716908978 1727880 1598980 128900 0
1790716909012 1727880 1598980 128900 0
1790716909045 1727880 1598980 128900 0
1790716909078 1727880 1598980 128900 0
1790716909112 1727880 1598980 128900 0
1790716909146 1727880 1598980 128900 0
1790716909179 1727880 1598980 128900 0
1790716909212 1727880 1598980 128900 0
1790716909245 1727880 1598980 128900 0
1790716909279 1727880 1598980 128900 0
1790716909311 1727880 1598980 128900 0
1790716909345 1727880 1598980 128900 0
1790716909379 1727880 1598980 128900 0
1790716909410 1727880 1598980 128900 0
1790716909443 1727880 1598980 128900 0
1790716909478 1727880 1598980 128900 0
1790716909514 1727880 1598980 128900 0
1790716909547 1727880 1598980 128900 0
1790716909579 1729448 1600548 128900 0
1790716909609 1740016 1611120 128896 0
1790716909639 1764744 1635844 128900 0
1790716909673 1764744 1635844 128900 0
1790716909705 1764744 1635844 128900 0
1790716909734 1789168 1660272 128896 0
1790716909770 1680576 1560912 119664 0
1790716909804 1691144 1562244 128900 0
1790716909837 1691144 1562244 128900 0
1790716909870 1691144 1562244 128900 0
1790716909903 1691144 1562244 128900 0
1790716909935 1691144 1562244 128900 0
1790716909968 1690992 1562096 128896 0
1790716909999 1705340 1576440 128900 0
1790716910029 1709448 1580548 128900 0
1790716910064 1709448 1580548 128900 0
1790716910097 1709448 1580548 128900 0
1790716910131 1709448 1580548 128900 0
1790716910164 1709448 1580548 128900 0
1790716910198 1709448 1580548 128900 0
1790716910231 1709448 1580548 128900 0
1790716910265 1709452 1580552 128900 0
1790716910297 1709452 1580552 128900 0
1790716910330 1709452 1580552 128900 0
1790716910363 1709452 1580552 128900 0
1790716910396 1709452 1580552 128900 0
1790716910430 1709452 1580552 128900 0
1790716910462 1709452 1580552 128900 0
1790716910496 1709452 1580552 128900 0
1790716910529 1709452 1580552 128900 0
1790716910562 1709452 1580552 128900 0
1790716910594 1709452 1580552 128900 0
1790716910628 1709452 1580552 128900 0
1790716910662 1709452 1580552 128900 0
1790716910695 1709452 1580552 128900 0
1790716910727 1709452 1580552 128900 0
1790716910761 1709452 1580552 128900 0
1790716910793 1709452 1580552 128900 0
1790716910825 1709452 1580552 128900 0
1790716910856 1709452 1580552 128900 0
1790716910889 1709452 1580552 128900 0
1790716910921 1709452 1580552 128900 0
1790716910954 1709452 1580552 128900 0
1790716910986 1709452 1580552 128900 0
1790716911019 1721740 1592840 128900 0
1790716911053 1721740 1592840 128900 0
1790716911084 1721740 1592840 128900 0
1790716911115 1721740 1592840 128900 0
1790716911151 1721740 1592840 128900 0
1790716911185 1721740 1592840 128900 0
1790716911218 1721740 1592840 128900 0
1790716911250 1721740 1592840 128900 0
1790716911283 1721740 1592840 128900 0
1790716911315 1721740 1592840 128900 0
1790716911347 1721740 1592840 128900 0
1790716911378 1721740 1592840 128900 0
1790716911412 1721740 1592840 128900 0
1790716911443 1721740 1592840 128900 0
1790716911476 1721740 1592840 128900 0
1790716911510 1721740 1592840 128900 0
1790716911542 1721740 1592840 128900 0
1790716911575 1721740 1592840 128900 0
1790716911608 1721740 1592840 128900 0
1790716911641 1721740 1592840 128900 0
1790716911673 1721740 1592840 128900 0
1790716911706 1721740 1592840 128900 0
1790716911739 1721740 1592840 128900 0
1790716911771 1721740 1592840 128900 0
1790716911804 1721740 1592840 128900 0
1790716911837 1721740 1592840 128900 0
1790716911870 1721740 1592840 128900 0
1790716911903 1721740 1592840 128900 0
1790716911936 1721740 1592840 128900 0
1790716911968 1721740 1592840 128900 0
1790716912002 1721740 1592840 128900 0
1790716912034 1721740 1592840 128900 0
1790716912066 1721740 1592840 128900 0
1790716912098 1721740 1592840 128900 0
1790716912131 1721740 1592840 128900 0
1790716912163 1721740 1592840 128900 0
1790716912195 1721740 1592840 128900 0
1790716912229 1721740 1592840 128900 0
1790716912261 1721740 1592840 128900 0
1790716912295 1721740 1592840 128900 0
1790716912327 1721740 1592840 128900 0
1790716912360 1721740 1592840 128900 0
1790716912392 1721740 1592840 128900 0
1790716912426 1721740 1592840 128900 0
1790716912458 1721740 1592840 128900 0
1790716912492 1721740 1592840 128900 0
1790716912524 1721740 1592840 128900 0
1790716912557 1721740 1592840 128900 0
1790716912590 1721740 1592840 128900 0
1790716912623 1721740 1592840 128900 0
1790716912656 1721740 1592840 128900 0
1790716912689 1721740 1592840 128900 0
1790716912722 1721740 1592840 128900 0
1790716912754 1721740 1592840 128900 0
1790716912786 1721740 1592840 128900 0
1790716912819 1721740 1592840 128900 0
1790716912851 1721740 1592840 128900 0
1790716912883 1721740 1592840 128900 0
1790716912915 1721740 1592840 128900 0
1790716912945 1721740 1592840 128900 0
1790716912977 1721740 1592840 128900 0
1790716913009 1721740 1592840 128900 0
1790716913039 1721740 1592840 128900 0
1790716913071 1727884 1598984 128900 0
1790716913105 1727884 1598984 128900 0
1790716913138 1727884 1598984 128900 0
1790716913171 1727884 1598984 128900 0
1790716913203 1727884 1598984 128900 0
1790716913236 1727884 1598984 128900 0
1790716913269 1727884 1598984 128900 0
1790716913303 1727884 1598984 128900 0
1790716913336 1727884 1598984 128900 0
1790716913370 1727884 1598984 128900 0
1790716913403 1727884 1598984 128900 0
1790716913436 1727884 1598984 128900 0
1790716913467 1727884 1598984 128900 0
1790716913501 1727884 1598984 128900 0
1790716913533 1727884 1598984 128900 0
1790716913565 1727884 1598984 128900 0
1790716913597 1734028 1605128 128900 0
1790716913630 1734028 1605128 128900 0
1790716913661 1734028 1605128 128900 0
1790716913693 1734028 1605128 128900 0
1790716913725 1734028 1605128 128900 0
1790716913757 1734028 1605128 128900 0
1790716913789 1734028 1605128 128900 0
1790716913821 1734028 1605128 128900 0
1790716913855 1734028 1605128 128900 0
1790716913887 1734028 1605128 128900 0
1790716913919 1734028 1605128 128900 0
1790716913951 1734028 1605128 128900 0
1790716913985 1734028 1605128 128900 0
1790716914017 1734028 1605128 128900 0
1790716914049 1734028 1605128 128900 0
1790716914080 1734028 1605128 128900 0
1790716914114 1734028 1605128 128900 0
1790716914147 1734028 1605128 128900 0
1790716914179 1734028 1605128 128900 0
1790716914213 1734028 1605128 128900 0
1790716914245 1734028 1605128 128900 0
1790716914278 1734028 1605128 128900 0
1790716914311 1734028 1605128 128900 0
1790716914343 1734028 1605128 128900 0
1790716914374 1734028 1605128 128900 0
1790716914406 1734028 1605128 128900 0
1790716914440 1734028 1605128 128900 0
1790716914474 1734028 1605128 128900 0
1790716914506 1734028 1605128 128900 0
1790716914541 1734028 1605128 128900 0
1790716914574 1734028 1605128 128900 0
1790716914605 1734028 1605128 128900 0
1790716914636 1734028 1605128 128900 0
1790716914671 1734028 1605128 128900 0
1790716914704 1734028 1605128 128900 0
1790716914736 1734028 1605128 128900 0
1790716914767 1734028 1605128 128900 0
1790716914800 1734028 1605128 128900 0
1790716914833 1734028 1605128 128900 0
1790716914864 1734028 1605128 128900 0
1790716914898 1734028 1605128 128900 0
1790716914932 1734028 1605128 128900 0
1790716914964 1734028 1605128 128900 0
1790716914997 1734028 1605128 128900 0
1790716915032 1734028 1605128 128900 0
1790716915066 1734028 1605128 128900 0
1790716915101 1734028 1605128 128900 0
1790716915132 1734032 1605132 128900 0
1790716915163 1740160 1611260 128900 0
1790716915193 1764748 1635848 128900 0
1790716915225 1764748 1635848 128900 0
1790716915255 1764748 1635848 128900 0
1790716915286 1789172 1660276 128896 0
1790716915322 1819992 1708004 111988 0
1790716915356 1691148 1562248 128900 0
1790716915389 1691148 1562248 128900 0
1790716915419 1691148 1562248 128900 0
1790716915452 1691148 1562248 128900 0
1790716915483 1691148 1562248 128900 0
1790716915515 1699200 1570300 128900 0
1790716915548 1701860 1584160 117700 0
1790716915579 1727872 1598972 128900 0
1790716915611 1727884 1598984 128900 0
1790716915644 1727884 1598984 128900 0
1790716915677 1727884 1598984 128900 0
1790716915711 1727884 1598984 128900 0
1790716915745 1727884 1598984 128900 0
1790716915778 1727884 1598984 128900 0
1790716915810 1727884 1598984 128900 0
1790716915843 1727884 1598984 128900 0
1790716915875 1727884 1598984 128900 0
1790716915908 1727884 1598984 128900 0
1790716915940 1727884 1598984 128900 0
1790716915973 1727884 1598984 128900 0
1790716916006 1727884 1598984 128900 0
1790716916038 1727884 1598984 128900 0
1790716916072 1727884 1598984 128900 0
1790716916105 1727884 1598984 128900 0
1790716916139 1727884 1598984 128900 0
1790716916173 1727884 1598984 128900 0
1790716916205 1727884 1598984 128900 0
1790716916237 1727884 1598984 128900 0
1790716916271 1727884 1598984 128900 0
1790716916303 1727884 1598984 128900 0
1790716916336 1727884 1598984 128900 0
1790716916370 1727884 1598984 128900 0
1790716916403 1727884 1598984 128900 0
1790716916435 1727884 1598984 128900 0
1790716916471 1727884 1598984 128900 0
1790716916504 1727884 1598984 128900 0
1790716916537 1727884 1598984 128900 0
1790716916570 1727884 1598984 128900 0
1790716916605 1727884 1598984 128900 0
1790716916637 1727884 1598984 128900 0
1790716916669 1727884 1598984 128900 0
1790716916702 1727884 1598984 128900 0
1790716916736 1727884 1598984 128900 0
1790716916769 1727884 1598984 128900 0
1790716916802 1727884 1598984 128900 0
1790716916836 1734028 1605128 128900 0
1790716916868 1734028 1605128 128900 0
1790716916901 1734028 1605128 128900 0
1790716916932 1734028 1605128 128900 0
1790716916968 1734028 1605128 128900 0
1790716917001 1734028 1605128 128900 0
1790716917033 1734028 1605128 128900 0
1790716917065 1734028 1605128 128900 0
1790716917100 1734028 1605128 128900 0
1790716917133 1734028 1605128 128900 0
1790716917165 1734028 1605128 128900 0
1790716917199 1734028 1605128 128900 0
1790716917232 1734028 1605128 128900 0
1790716917265 1734028 1605128 128900 0
1790716917298 1734028 1605128 128900 0
1790716917330 1734028 1605128 128900 0
1790716917364 1734028 1605128 128900 0
1790716917398 1734028 1605128 128900 0
1790716917430 1734028 1605128 128900 0
1790716917464 1734028 1605128 128900 0
1790716917496 1734028 1605128 128900 0
1790716917529 1734028 1605128 128900 0
1790716917562 1734028 1605128 128900 0
1790716917595 1734028 1605128 128900 0
1790716917628 1734028 1605128 128900 0
1790716917660 1734028 1605128 128900 0
1790716917693 1734028 1605128 128900 0
1790716917726 1734028 1605128 128900 0
1790716917759 1734028 1605128 128900 0
1790716917791 1734028 1605128 128900 0
1790716917825 1734028 1605128 128900 0
1790716917858 1734028 1605128 128900 0
1790716917890 1734028 1605128 128900 0
1790716917923 1734028 1605128 128900 0
1790716917956 1734028 1605128 128900 0
1790716917990 1734028 1605128 128900 0
1790716918023 1734028 1605128 128900 0
1790716918056 1734028 1605128 128900 0
1790716918088 1734028 1605128 128900 0
1790716918121 1734028 1605128 128900 0
1790716918153 1734028 1605128 128900 0
1790716918186 1734028 1605128 128900 0
1790716918220 1734028 1605128 128900 0
1790716918252 1734028 1605128 128900 0
1790716918285 1734028 1605128 128900 0
1790716918318 1734028 1605128 128900 0
1790716918350 1734028 1605128 128900 0
1790716918384 1734028 1605128 128900 0
1790716918416 1734028 1605128 128900 0
1790716918449 1734028 1605128 128900 0
1790716918481 1734028 1605128 128900 0
1790716918512 1734028 1605128 128900 0
1790716918545 1734028 1605128 128900 0
1790716918578 1734028 1605128 128900 0
1790716918609 1734028 1605128 128900 0
1790716918638 1734028 1605128 128900 0
1790716918672 1734028 1605128 128900 0
1790716918705 1734028 1605128 128900 0
1790716918739 1734028 1605128 128900 0
1790716918773 1734028 1605128 128900 0
1790716918807 1734028 1605128 128900 0
1790716918841 1734028 1605128 128900 0
1790716918875 1734028 1605128 128900 0
1790716918908 1734028 1605128 128900 0
1790716918942 1734028 1605128 128900 0
1790716918976 1734028 1605128 128900 0
1790716919008 1734028 1605128 128900 0
1790716919041 1734028 1605128 128900 0
1790716919076 1734028 1605128 128900 0
1790716919110 1734028 1605128 128900 0
1790716919142 1734028 1605128 128900 0
1790716919175 1734028 1605128 128900 0
1790716919210 1734028 1605128 128900 0
1790716919243 1734028 1605128 128900 0
1790716919275 1734028 1605128 128900 0
1790716919310 1734028 1605128 128900 0
1790716919345 1734028 1605128 128900 0
1790716919378 1734028 1605128 128900 0
1790716919409 1734028 1605128 128900 0
1790716919445 1734028 1605128 128900 0
1790716919478 1734028 1605128 128900 0
1790716919510 1734028 1605128 128900 0
1790716919543 1734028 1605128 128900 0
1790716919576 1734028 1605128 128900 0
1790716919608 1734028 1605128 128900 0
1790716919639 1734028 1605128 128900 0
1790716919670 1734028 1605128 128900 0
1790716919703 1734028 1605128 128900 0
1790716919735 1734028 1605128 128900 0
1790716919769 1734028 1605128 128900 0
1790716919802 1734028 1605128 128900 0
1790716919835 1734028 1605128 128900 0
1790716919867 1734028 1605128 128900 0
1790716919900 1734028 1605128 128900 0
1790716919932 1734028 1605128 128900 0
1790716919964 1734028 1605128 128900 0
1790716919998 1734028 1605128 128900 0
1790716920032 1734028 1605128 128900 0
1790716920065 1734028 1605128 128900 0
1790716920097 1734028 1605128 128900 0
1790716920133 1734028 1605128 128900 0
1790716920166 1734028 1605128 128900 0
1790716920198 1734028 1605128 128900 0
1790716920230 1734028 1605128 128900 0
1790716920265 1734028 1605128 128900 0
1790716920297 1734028 1605128 128900 0
1790716920329 1734028 1605128 128900 0
1790716920362 1734028 1605128 128900 0
1790716920396 1734028 1605128 128900 0
1790716920429 1734028 1605128 128900 0
1790716920461 1734028 1605128 128900 0
1790716920497 1734028 1605128 128900 0
1790716920530 1734028 1605128 128900 0
1790716920563 1734028 1605128 128900 0
1790716920596 1734028 1605128 128900 0
1790716920630 1734028 1605128 128900 0
1790716920665 1734028 1605128 128900 0
1790716920698 1733876 1604980 128896 0
1790716920728 1734032 1605132 128900 0
1790716920757 1763968 1635432 128536 0
1790716920790 1764748 1635848 128900 0
1790716920822 1764748 1635848 128900 0
1790716920851 1764748 1635848 128900 0
1790716920881 1813748 1684852 128896 0
1790716920919 1691148 1562248 128900 0
1790716920953 1691148 1562248 128900 0
1790716920985 1691148 1562248 128900 0
1790716921018 1691148 1562248 128900 0
1790716921050 1691148 1562248 128900 0
1790716921083 1667032 1541104 125928 0
1790716921116 1709440 1580540 128900 0
1790716921148 1723776 1594876 128900 0
1790716921179 1727884 1598984 128900 0
1790716921214 1727884 1598984 128900 0
1790716921247 1727884 1598984 128900 0
1790716921282 1727884 1598984 128900 0
1790716921316 1727884 1598984 128900 0
1790716921350 1727884 1598984 128900 0
1790716921384 1727884 1598984 128900 0
1790716921417 1727884 1598984 128900 0
1790716921450 1727884 1598984 128900 0
1790716921482 1727884 1598984 128900 0
1790716921513 1727884 1598984 128900 0
1790716921546 1727884 1598984 128900 0
1790716921579 1727884 1598984 128900 0
1790716921610 1727884 1598984 128900 0
1790716921642 1727884 1598984 128900 0
1790716921675 1727884 1598984 128900 0
1790716921707 1727884 1598984 128900 0
1790716921740 1727884 1598984 128900 0
1790716921773 1727884 1598984 128900 0
1790716921805 1727884 1598984 128900 0
1790716921838 1727884 1598984 128900 0
1790716921871 1727884 1598984 128900 0
1790716921903 1727884 1598984 128900 0
1790716921937 1727884 1598984 128900 0
1790716921969 1727884 1598984 128900 0
1790716922001 1727884 1598984 128900 0
1790716922036 1734028 1605128 128900 0
1790716922068 1734028 1605128 128900 0
1790716922100 1734028 1605128 128900 0
1790716922132 1733876 1604980 128896 0
1790716922166 1746316 1617416 128900 0
1790716922200 1746316 1617416 128900 0
1790716922233 1746316 1617416 128900 0
1790716922266 1746316 1617416 128900 0
1790716922301 1746316 1617416 128900 0
1790716922335 1746316 1617416 128900 0
1790716922367 1746316 1617416 128900 0
1790716922400 1746316 1617416 128900 0
1790716922434 1746316 1617416 128900 0
1790716922467 1746316 1617416 128900 0
1790716922500 1746316 1617416 128900 0
1790716922534 1746316 1617416 128900 0
1790716922568 1746316 1617416 128900 0
1790716922602 1746316 1617416 128900 0
1790716922635 1746316 1617416 128900 0
1790716922670 1746316 1617416 128900 0
1790716922705 1746316 1617416 128900 0
1790716922738 1746316 1617416 128900 0
1790716922772 1746316 1617416 128900 0
1790716922806 1746316 1617416 128900 0
1790716922840 1746316 1617416 128900 0
1790716922873 1746316 1617416 128900 0
1790716922907 1746316 1617416 128900 0
1790716922941 1746316 1617416 128900 0
1790716922975 1746316 1617416 128900 0
1790716923009 1746316 1617416 128900 0
1790716923043 1746316 1617416 128900 0
1790716923077 1746316 1617416 128900 0
1790716923110 1746316 1617416 128900 0
1790716923144 1746316 1617416 128900 0
1790716923178 1746316 1617416 128900 0
1790716923212 1746316 1617416 128900 0
1790716923246 1746316 1617416 128900 0
1790716923280 1746316 1617416 128900 0
1790716923314 1746316 1617416 128900 0
1790716923348 1746316 1617416 128900 0
1790716923381 1746316 1617416 128900 0
1790716923414 1746316 1617416 128900 0
1790716923447 1746316 1617416 128900 0
1790716923479 1746316 1617416 128900 0
1790716923513 1746316 1617416 128900 0
1790716923546 1746316 1617416 128900 0
1790716923578 1746316 1617416 128900 0
1790716923610 1746316 1617416 128900 0
1790716923641 1746316 1617416 128900 0
1790716923672 1746316 1617416 128900 0
1790716923703 1746316 1617416 128900 0
1790716923734 1746316 1617416 128900 0
1790716923765 1746316 1617416 128900 0
1790716923796 1746316 1617416 128900 0
1790716923828 1746316 1617416 128900 0
1790716923859 1746316 1617416 128900 0
1790716923890 1746316 1617416 128900 0
1790716923921 1746316 1617416 128900 0
1790716923952 1746316 1617416 128900 0
1790716923983 1746316 1617416 128900 0
1790716924013 1746316 1617416 128900 0
1790716924043 1746316 1617416 128900 0
1790716924074 1746316 1617416 128900 0
1790716924104 1746316 1617416 128900 0
1790716924134 1746316 1617416 128900 0
1790716924164 1746316 1617416 128900 0
1790716924194 1746316 1617416 128900 0
1790716924224 1746316 1617416 128900 0
1790716924255 1746316 1617416 128900 0
1790716924288 1746316 1617416 128900 0
1790716924320 1746316 1617416 128900 0
1790716924351 1746316 1617416 128900 0
1790716924382 1746316 1617416 128900 0
1790716924414 1746316 1617416 128900 0
1790716924444 1746316 1617416 128900 0
1790716924475 1746316 1617416 128900 0
1790716924507 1746316 1617416 128900 0
1790716924538 1746316 1617416 128900 0
1790716924571 1746316 1617416 128900 0
1790716924605 1746316 1617416 128900 0
1790716924637 1746316 1617416 128900 0
1790716924669 1746316 1617416 128900 0
1790716924703 1746316 1617416 128900 0
1790716924737 1746316 1617416 128900 0
1790716924770 1746316 1617416 128900 0
1790716924801 1746316 1617416 128900 0
1790716924832 1746316 1617416 128900 0
1790716924864 1746316 1617416 128900 0
1790716924896 1746316 1617416 128900 0
1790716924927 1746316 1617416 128900 0
1790716924959 1752460 1623560 128900 0
1790716924992 1752460 1623560 128900 0
1790716925023 1752460 1623560 128900 0
1790716925054 1752460 1623560 128900 0
1790716925085 1752460 1623560 128900 0
1790716925118 1752460 1623560 128900 0
1790716925150 1752460 1623560 128900 0
1790716925182 1752460 1623560 128900 0
1790716925215 1752460 1623560 128900 0
1790716925247 1752460 1623560 128900 0
1790716925278 1752460 1623560 128900 0
1790716925309 1752460 1623560 128900 0
1790716925341 1691148 1562248 128900 0
1790716925373 1691148 1562248 128900 0
1790716925405 1691148 1562248 128900 0
1790716925436 1691148 1562248 128900 0
1790716925467 1691148 1562248 128900 0
1790716925499 1691148 1562248 128900 0
1790716925530 1697012 1568116 128896 0
1790716925563 1718340 1589440 128900 0
1790716925594 1730956 1602056 128900 0
1790716925625 1730956 1602056 128900 0
1790716925656 1743244 1614344 128900 0
1790716925690 1743244 1614344 128900 0
1790716925721 1743244 1614344 128900 0
1790716925752 1743244 1614344 128900 0
1790716925784 1755532 1626632 128900 0
1790716925819 1755532 1626632 128900 0
1790716925850 1755532 1626632 128900 0
1790716925882 1755532 1626632 128900 0
1790716925914 1755532 1626632 128900 0
1790716925949 1755532 1626632 128900 0
1790716925981 1755532 1626632 128900 0
1790716926013 1755532 1626632 128900 0
1790716926046 1755532 1626632 128900 0
1790716926080 1755532 1626632 128900 0
1790716926112 1755532 1626632 128900 0
1790716926144 1755532 1626632 128900 0
1790716926177 1755532 1626632 128900 0
1790716926211 1755532 1626632 128900 0
1790716926244 1755532 1626632 128900 0
1790716926278 1755380 1626484 128896 0
1790716926314 1694220 1565320 128900 0
1790716926346 1715444 1586548 128896 0
1790716926379 1764736 1635836 128900 0
1790716926411 1776884 1647988 128896 0
1790716926441 1791360 1662460 128900 0
1790716926472 1801460 1672564 128896 0
1790716926503 1826188 1697288 128900 0
1790716926536 1826188 1697288 128900 0
1790716926568 1826188 1697288 128900 0
1790716926599 1850612 1721716 128896 0
1790716926636 1715724 1586824 128900 0
1790716926668 1715724 1586824 128900 0
1790716926699 1715724 1586824 128900 0
1790716926731 1715724 1586824 128900 0
1790716926763 1715724 1586824 128900 0
1790716926793 1715724 1586824 128900 0
1790716926823 1715724 1586824 128900 0
1790716926855 1721728 1592828 128900 0
1790716926885 1727884 1598984 128900 0
1790716926917 1727884 1598984 128900 0
1790716926949 1727884 1598984 128900 0
1790716926983 1727884 1598984 128900 0
1790716927015 1727884 1598984 128900 0
1790716927046 1727884 1598984 128900 0
1790716927079 1727884 1598984 128900 0
1790716927110 1727884 1598984 128900 0
1790716927141 1727884 1598984 128900 0
1790716927173 1727884 1598984 128900 0
1790716927204 1727884 1598984 128900 0
1790716927234 1727884 1598984 128900 0
1790716927265 1727884 1598984 128900 0
1790716927297 1727884 1598984 128900 0
1790716927328 1727884 1598984 128900 0
1790716927359 1727884 1598984 128900 0
1790716927391 1727884 1598984 128900 0
1790716927422 1727884 1598984 128900 0
1790716927453 1727884 1598984 128900 0
1790716927484 1727884 1598984 128900 0
1790716927516 1727884 1598984 128900 0
1790716927547 1727884 1598984 128900 0
1790716927578 1727884 1598984 128900 0
1790716927610 1727884 1598984 128900 0
1790716927642 1727884 1598984 128900 0
1790716927675 1727884 1598984 128900 0
1790716927710 1727732 1598836 128896 0
1790716927742 1746308 1617408 128900 0
1790716927773 1758604 1629704 128900 0
1790716927804 1760536 1640592 119944 0
1790716927838 1783180 1654280 128900 0
1790716927870 1783180 1654280 128900 0
1790716927904 1783180 1654280 128900 0
1790716927935 1789172 1660276 128896 0
1790716927970 1801612 1672712 128900 0
1790716928002 1801612 1672712 128900 0
1790716928034 1801612 1672712 128900 0
1790716928065 1801460 1672564 128896 0
1790716928100 1813900 1685000 128900 0
1790716928133 1813900 1685000 128900 0
1790716928166 1813900 1685000 128900 0
1790716928199 1810840 1689828 121012 0
1790716928236 1832332 1703432 128900 0
1790716928270 1832332 1703432 128900 0
1790716928303 1832332 1703432 128900 0
1790716928336 1829528 1708416 121112 0
1790716928372 1838476 1709576 128900 0
1790716928407 1838476 1709576 128900 0
1790716928440 1838476 1709576 128900 0
1790716928472 1844620 1715720 128900 0
1790716928504 1844620 1715720 128900 0
1790716928537 1844620 1715720 128900 0
1790716928568 1844620 1715720 128900 0
1790716928601 1844620 1715720 128900 0
1790716928632 1844620 1715720 128900 0
1790716928664 1844620 1715720 128900 0
1790716928696 1844620 1715720 128900 0
1790716928729 1844620 1715720 128900 0
1790716928762 1844620 1715720 128900 0
1790716928795 1844620 1715720 128900 0
1790716928827 1844620 1715720 128900 0
1790716928860 1844620 1715720 128900 0
1790716928893 1844620 1715720 128900 0
1790716928926 1844620 1715720 128900 0
1790716928959 1844620 1715720 128900 0
1790716928991 1844620 1715720 128900 0
1790716929023 1844620 1715720 128900 0
1790716929056 1844620 1715720 128900 0
1790716929088 1844620 1715720 128900 0
1790716929121 1844620 1715720 128900 0
1790716929154 1844620 1715720 128900 0
1790716929187 1844620 1715720 128900 0
1790716929220 1844620 1715720 128900 0
1790716929254 1844620 1715720 128900 0
1790716929287 1844620 1715720 128900 0
1790716929320 1844620 1715720 128900 0
1790716929354 1844620 1715720 128900 0
1790716929387 1844620 1715720 128900 0
1790716929421 1844620 1715720 128900 0
1790716929454 1844620 1715720 128900 0
1790716929487 1844620 1715720 128900 0
1790716929520 1844620 1715720 128900 0
1790716929552 1844620 1715720 128900 0
1790716929586 1844620 1715720 128900 0
1790716929619 1844620 1715720 128900 0
1790716929652 1844620 1715720 128900 0
1790716929685 1844620 1715720 128900 0
1790716929719 1844620 1715720 128900 0
1790716929751 1844620 1715720 128900 0
1790716929783 1844620 1715720 128900 0
1790716929817 1844620 1715720 128900 0
1790716929851 1844620 1715720 128900 0
1790716929883 1844620 1715720 128900 0
1790716929915 1844620 1715720 128900 0
1790716929947 1844620 1715720 128900 0
1790716929978 1844620 1715720 128900 0
1790716930010 1844620 1715720 128900 0
1790716930041 1844620 1715720 128900 0
1790716930073 1844620 1715720 128900 0
1790716930107 1844620 1715720 128900 0
1790716930141 1844620 1715720 128900 0
1790716930174 1844620 1715720 128900 0
1790716930206 1844620 1715720 128900 0
1790716930238 1844620 1715720 128900 0
1790716930272 1844620 1715720 128900 0
1790716930305 1844620 1715720 128900 0
1790716930337 1844620 1715720 128900 0
1790716930370 1844620 1715720 128900 0
1790716930403 1844620 1715720 128900 0
1790716930438 1844620 1715720 128900 0
1790716930472 1844620 1715720 128900 0
1790716930505 1844620 1715720 128900 0
1790716930538 1844620 1715720 128900 0
1790716930574 1844620 1715720 128900 0
1790716930607 1844620 1715720 128900 0
1790716930641 1844620 1715720 128900 0
1790716930676 1844620 1715720 128900 0
1790716930711 1844620 1715720 128900 0
1790716930743 1844620 1715720 128900 0
1790716930775 1844468 1715572 128896 0
1790716930809 1855372 1726472 128900 0
1790716930842 1855372 1726472 128900 0
1790716930874 1855372 1726472 128900 0
1790716930906 1855372 1726472 128900 0
1790716930942 1855372 1726472 128900 0
1790716930975 1855372 1726472 128900 0
1790716931009 1855372 1726472 128900 0
1790716931041 1855372 1726472 128900 0
1790716931078 1855372 1726472 128900 0
1790716931111 1855372 1726472 128900 0
1790716931144 1855372 1726472 128900 0
1790716931178 1855372 1726472 128900 0
1790716931213 1855372 1726472 128900 0
1790716931248 1855372 1726472 128900 0
1790716931281 1855372 1726472 128900 0
1790716931316 1855372 1726472 128900 0
1790716931351 1855372 1726472 128900 0
1790716931384 1855372 1726472 128900 0
1790716931419 1855372 1726472 128900 0
1790716931451 1855372 1726472 128900 0
1790716931484 1855372 1726472 128900 0
1790716931519 1855372 1726472 128900 0
1790716931551 1855372 1726472 128900 0
1790716931584 1855372 1726472 128900 0
1790716931616 1855372 1726472 128900 0
1790716931652 1855372 1726472 128900 0
1790716931685 1855372 1726472 128900 0
1790716931720 1855372 1726472 128900 0
1790716931754 1855372 1726472 128900 0
1790716931790 1855372 1726472 128900 0
1790716931823 1855372 1726472 128900 0
1790716931858 1855372 1726472 128900 0
1790716931894 1855372 1726472 128900 0
1790716931929 1855372 1726472 128900 0
1790716931961 1855372 1726472 128900 0
1790716931993 1855372 1726472 128900 0
1790716932029 1855372 1726472 128900 0
1790716932062 1855372 1726472 128900 0
1790716932094 1855372 1726472 128900 0
1790716932129 1855372 1726472 128900 0
1790716932164 1855372 1726472 128900 0
1790716932201 1855372 1726472 128900 0
1790716932235 1855372 1726472 128900 0
1790716932267 1855372 1726472 128900 0
1790716932299 1861516 1732616 128900 0
1790716932333 1861364 1732468 128896 0
1790716932364 1875328 1746428 128900 0
1790716932395 1885940 1757044 128896 0
1790716932427 1983660 1855312 128348 0
1790716932465 1812492 1683592 128900 0
1790716932499 1812492 1683592 128900 0
1790716932532 1812492 1683592 128900 0
1790716932565 1812492 1683592 128900 0
1790716932598 1812492 1683592 128900 0
1790716932630 1812492 1683592 128900 0
1790716932662 1812492 1683592 128900 0
1790716932692 1812492 1683592 128900 0
1790716932724 1812492 1683592 128900 0
1790716932760 1812492 1683592 128900 0
1790716932792 1812492 1683592 128900 0
1790716932824 1812492 1683592 128900 0
1790716932856 1812492 1683592 128900 0
1790716932888 1812492 1683592 128900 0
1790716932918 1812492 1683592 128900 0
1790716932950 1812492 1683592 128900 0
1790716932984 1812492 1683592 128900 0
1790716933015 1812492 1683592 128900 0
1790716933047 1812492 1683592 128900 0
1790716933079 1812492 1683592 128900 0
1790716933112 1812492 1683592 128900 0
1790716933146 1812492 1683592 128900 0
1790716933178 1812492 1683592 128900 0
1790716933210 1812492 1683592 128900 0
1790716933243 1812492 1683592 128900 0
1790716933277 1812492 1683592 128900 0
1790716933310 1812492 1683592 128900 0
1790716933343 1812492 1683592 128900 0
1790716933375 1812492 1683592 128900 0
1790716933410 1812492 1683592 128900 0
1790716933444 1812492 1683592 128900 0
1790716933478 1812492 1683592 128900 0
1790716933512 1812492 1683592 128900 0
1790716933544 1812492 1683592 128900 0
1790716933576 1812492 1683592 128900 0
1790716933609 1824652 1695752 128900 0
1790716933644 1824652 1695752 128900 0
1790716933677 1830796 1701896 128900 0
1790716933710 1830644 1701748 128896 0
1790716933744 1879948 1751048 128900 0
1790716933780 1879948 1751048 128900 0
1790716933814 1879948 1751048 128900 0
1790716933847 1879948 1751048 128900 0
1790716933885 1879948 1751048 128900 0
1790716933920 1879948 1751048 128900 0
1790716933952 1879948 1751048 128900 0
1790716933985 1879948 1751048 128900 0
1790716934021 1879948 1751048 128900 0
1790716934054 1879948 1751048 128900 0
1790716934086 1879948 1751048 128900 0
1790716934121 1879948 1751048 128900 0
1790716934156 1879948 1751048 128900 0
1790716934190 1879948 1751048 128900 0
1790716934223 1879796 1750900 128896 0
1790716934260 1886092 1757192 128900 0
1790716934295 1818636 1689736 128900 0
1790716934330 1818636 1689736 128900 0
1790716934363 1818636 1689736 128900 0
1790716934396 1818636 1689736 128900 0
1790716934429 1818636 1689736 128900 0
1790716934462 1818636 1689736 128900 0
1790716934495 1818636 1689736 128900 0
1790716934529 1818636 1689736 128900 0
1790716934563 1818636 1689736 128900 0
1790716934596 1818636 1689736 128900 0
1790716934629 1818636 1689736 128900 0
1790716934663 1818636 1689736 128900 0
1790716934697 1818636 1689736 128900 0
1790716934731 1818636 1689736 128900 0
1790716934764 1818636 1689736 128900 0
1790716934796 1818636 1689736 128900 0
1790716934829 1818636 1689736 128900 0
1790716934861 1818636 1689736 128900 0
1790716934894 1818636 1689736 128900 0
1790716934928 1818636 1689736 128900 0
1790716934962 1818636 1689736 128900 0
1790716934995 1818636 1689736 128900 0
1790716935028 1818636 1689736 128900 0
1790716935062 1818636 1689736 128900 0
1790716935095 1818636 1689736 128900 0
1790716935129 1818636 1689736 128900 0
1790716935163 1818636 1689736 128900 0
1790716935196 1818636 1689736 128900 0
1790716935229 1818636 1689736 128900 0
1790716935262 1818636 1689736 128900 0
1790716935294 1818636 1689736 128900 0
1790716935328 1818636 1689736 128900 0
1790716935361 1818636 1689736 128900 0
1790716935395 1818636 1689736 128900 0
1790716935428 1818636 1689736 128900 0
1790716935462 1818636 1689736 128900 0
1790716935494 1818636 1689736 128900 0
1790716935527 1818636 1689736 128900 0
1790716935561 1818636 1689736 128900 0
1790716935594 1818636 1689736 128900 0
1790716935626 1818636 1689736 128900 0
1790716935657 1818636 1689736 128900 0
1790716935688 1818636 1689736 128900 0
1790716935720 1818636 1689736 128900 0
1790716935751 1818636 1689736 128900 0
1790716935782 1818636 1689736 128900 0
1790716935814 1818636 1689736 128900 0
1790716935848 1818636 1689736 128900 0
1790716935882 1818636 1689736 128900 0
1790716935915 1818636 1689736 128900 0
1790716935947 1818636 1689736 128900 0
1790716935980 1818636 1689736 128900 0
1790716936012 1818636 1689736 128900 0
1790716936044 1818636 1689736 128900 0
1790716936078 1818636 1689736 128900 0
1790716936111 1818636 1689736 128900 0
1790716936145 1818636 1689736 128900 0
1790716936180 1818636 1689736 128900 0
1790716936212 1818484 1689588 128896 0
1790716936245 1824500 1695604 128896 0
1790716936279 1849228 1720328 128900 0
1790716936314 1849228 1720328 128900 0
1790716936347 1849228 1720328 128900 0
1790716936381 1849076 1720180 128896 0
1790716936417 1886092 1757192 128900 0
1790716936453 1886092 1757192 128900 0
1790716936486 1886092 1757192 128900 0
1790716936520 1886092 1757192 128900 0
1790716936555 1886092 1757192 128900 0
1790716936588 1886092 1757192 128900 0
1790716936621 1886092 1757192 128900 0
1790716936653 1886092 1757192 128900 0
1790716936689 1886092 1757192 128900 0
1790716936723 1886092 1757192 128900 0
1790716936756 1886092 1757192 128900 0
1790716936790 1898380 1769480 128900 0
1790716936826 1898380 1769480 128900 0
1790716936859 1898380 1769480 128900 0
1790716936893 1898380 1769480 128900 0
1790716936929 1898380 1769480 128900 0
1790716936964 1898380 1769480 128900 0
1790716936999 1898380 1769480 128900 0
1790716937033 1824780 1695880 128900 0
1790716937068 1824780 1695880 128900 0
1790716937101 1824780 1695880 128900 0
1790716937133 1824780 1695880 128900 0
1790716937167 1824628 1695732 128896 0
1790716937200 1836788 1707892 128896 0
1790716937233 1849076 1720180 128896 0
1790716937267 1879948 1751048 128900 0
1790716937300 1879948 1751048 128900 0
1790716937334 1879948 1751048 128900 0
1790716937368 1879948 1751048 128900 0
1790716937405 1879948 1751048 128900 0
1790716937439 1879948 1751048 128900 0
1790716937473 1886092 1757192 128900 0
1790716937507 1898380 1769480 128900 0
1790716937544 1898380 1769480 128900 0
1790716937578 1898380 1769480 128900 0
1790716937612 1898380 1769480 128900 0
1790716937647 1898380 1769480 128900 0
1790716937682 1898380 1769480 128900 0
1790716937716 1898380 1769480 128900 0
1790716937750 1898380 1769480 128900 0
1790716937787 1898380 1769480 128900 0
1790716937822 1898380 1769480 128900 0
1790716937855 1898380 1769480 128900 0
1790716937891 1898380 1769480 128900 0
1790716937926 1898380 1769480 128900 0
1790716937961 1898380 1769480 128900 0
1790716937993 1898380 1769480 128900 0
1790716938024 1898380 1769480 128900 0
1790716938053 1898380 1769480 128900 0
1790716938085 1898228 1769332 128896 0
1790716938115 1912192 1783292 128900 0
1790716938147 1914012 1793796 120216 0
1790716938179 1986136 1859484 126652 0
1790716938216 1947660 1818760 128900 0
1790716938250 1947660 1818760 128900 0
1790716938283 1947660 1818760 128900 0
1790716938318 1947660 1818760 128900 0
1790716938351 1947660 1818760 128900 0
1790716938386 1947660 1818760 128900 0
1790716938419 1947660 1818760 128900 0
1790716938450 1947660 1818760 128900 0
1790716938485 1947660 1818760 128900 0
1790716938520 1947660 1818760 128900 0
1790716938556 1947660 1818760 128900 0
1790716938592 1947660 1818760 128900 0
1790716938627 1947660 1818760 128900 0
1790716938663 1947660 1818760 128900 0
1790716938698 1812492 1683592 128900 0
1790716938729 1812492 1683592 128900 0
1790716938761 1812492 1683592 128900 0
1790716938794 1812492 1683592 128900 0
1790716938828 1812492 1683592 128900 0
1790716938861 1812492 1683592 128900 0
1790716938894 1812492 1683592 128900 0
1790716938929 1812492 1683592 128900 0
1790716938962 1812492 1683592 128900 0
1790716938996 1812492 1683592 128900 0
1790716939030 1812492 1683592 128900 0
1790716939064 1812492 1683592 128900 0
1790716939098 1812492 1683592 128900 0
1790716939132 1812492 1683592 128900 0
1790716939166 1812492 1683592 128900 0
1790716939200 1812340 1683444 128896 0
1790716939235 1824500 1695604 128896 0
1790716939269 1842932 1714036 128896 0
1790716939303 1849076 1720180 128896 0
1790716939336 1898380 1769480 128900 0
1790716939372 1898380 1769480 128900 0
1790716939406 1898380 1769480 128900 0
1790716939440 1898380 1769480 128900 0
1790716939474 1898380 1769480 128900 0
1790716939507 1898380 1769480 128900 0
1790716939540 1898380 1769480 128900 0
1790716939572 1898228 1769332 128896 0
1790716939609 1916812 1787912 128900 0
1790716939644 1916812 1787912 128900 0
1790716939678 1916812 1787912 128900 0
1790716939712 1916812 1787912 128900 0
1790716939749 1916812 1787912 128900 0
1790716939783 1916812 1787912 128900 0
1790716939818 1916812 1787912 128900 0
1790716939854 1916812 1787912 128900 0
1790716939890 1916812 1787912 128900 0
1790716939925 1916812 1787912 128900 0
1790716939959 1916812 1787912 128900 0
1790716939994 1916812 1787912 128900 0
1790716940028 1916812 1787912 128900 0
1790716940061 1916812 1787912 128900 0
1790716940096 1916812 1787912 128900 0
1790716940131 1916812 1787912 128900 0
1790716940165 1916812 1787912 128900 0
1790716940200 1916812 1787912 128900 0
1790716940234 1916812 1787912 128900 0
1790716940268 1916812 1787912 128900 0
1790716940303 1916812 1787912 128900 0
1790716940337 1916812 1787912 128900 0
1790716940372 1916812 1787912 128900 0
1790716940407 1916812 1787912 128900 0
1790716940441 1916812 1787912 128900 0
1790716940475 1916812 1787912 128900 0
1790716940509 1916812 1787912 128900 0
1790716940544 1916812 1787912 128900 0
1790716940578 1916812 1787912 128900 0
1790716940612 1916812 1787912 128900 0
1790716940647 1916812 1787912 128900 0
1790716940682 1916812 1787912 128900 0
1790716940718 1916812 1787912 128900 0
1790716940752 1916812 1787912 128900 0
1790716940787 1916812 1787912 128900 0
1790716940819 1916812 1787912 128900 0
1790716940853 1916812 1787912 128900 0
1790716940886 1916812 1787912 128900 0
1790716940920 1916812 1787912 128900 0
1790716940954 1916812 1787912 128900 0
1790716940988 1916812 1787912 128900 0
1790716941022 1916812 1787912 128900 0
1790716941056 1916812 1787912 128900 0
1790716941090 1916812 1787912 128900 0
1790716941124 1916812 1787912 128900 0
1790716941157 1916812 1787912 128900 0
1790716941191 1916812 1787912 128900 0
1790716941224 1916812 1787912 128900 0
1790716941256 1916812 1787912 128900 0
1790716941290 1916812 1787912 128900 0
1790716941322 1916812 1787912 128900 0
1790716941355 1916812 1787912 128900 0
1790716941388 1916812 1787912 128900 0
1790716941422 1916812 1787912 128900 0
1790716941454 1916812 1787912 128900 0
1790716941486 1916812 1787912 128900 0
1790716941517 1916812 1787912 128900 0
1790716941549 1916812 1787912 128900 0
1790716941583 1916812 1787912 128900 0
1790716941619 1916812 1787912 128900 0
1790716941652 1916812 1787912 128900 0
1790716941683 1916812 1787912 128900 0
1790716941715 1916812 1787912 128900 0
1790716941746 1916812 1787912 128900 0
1790716941778 1916812 1787912 128900 0
1790716941811 1916812 1787912 128900 0
1790716941845 1916812 1787912 128900 0
1790716941879 1916812 1787912 128900 0
1790716941914 1916812 1787912 128900 0
1790716941948 1916812 1787912 128900 0
1790716941981 1916812 1787912 128900 0
1790716942019 1916812 1787912 128900 0
1790716942052 1916812 1787912 128900 0
1790716942084 1916812 1787912 128900 0
1790716942117 1916812 1787912 128900 0
1790716942153 1916812 1787912 128900 0
1790716942186 1916812 1787912 128900 0
1790716942219 1916812 1787912 128900 0
1790716942253 1922956 1794056 128900 0
1790716942288 1922956 1794056 128900 0
1790716942321 1922956 1794056 128900 0
1790716942355 1922956 1794056 128900 0
1790716942391 1922956 1794056 128900 0
1790716942427 1922956 1794056 128900 0
1790716942459 1922956 1794056 128900 0
1790716942492 1919960 1798884 121076 0
1790716942528 1935244 1806344 128900 0
1790716942562 1935244 1806344 128900 0
1790716942596 1935244 1806344 128900 0
1790716942630 1935244 1806344 128900 0
1790716942666 1935244 1806344 128900 0
1790716942701 1935244 1806344 128900 0
1790716942735 1935244 1806344 128900 0
1790716942770 1935244 1806344 128900 0
1790716942806 1935244 1806344 128900 0
1790716942839 1935244 1806344 128900 0
1790716942872 1935244 1806344 128900 0
1790716942905 1935244 1806344 128900 0
1790716942938 1935244 1806344 128900 0
1790716942972 1953680 1824780 128900 0
1790716943008 1953680 1824780 128900 0
1790716943042 1953680 1824780 128900 0
1790716943076 1953680 1824780 128900 0
1790716943114 1953680 1824780 128900 0
1790716943150 1953680 1824780 128900 0
1790716943183 1953680 1824780 128900 0
1790716943217 1953680 1824780 128900 0
1790716943253 1953680 1824780 128900 0
1790716943286 1953680 1824780 128900 0
1790716943320 1953680 1824780 128900 0
1790716943355 1953680 1824780 128900 0
1790716943391 1953680 1824780 128900 0
1790716943425 1953680 1824780 128900 0
1790716943460 1955952 1835888 120064 0
1790716943495 1965968 1837068 128900 0
1790716943530 1965968 1837068 128900 0
1790716943563 1965968 1837068 128900 0
1790716943597 1965968 1837068 128900 0
1790716943633 1898508 1769608 128900 0
1790716943669 1898508 1769608 128900 0
1790716943704 1878160 1751120 127040 0
1790716943736 1918336 1789436 128900 0
1790716943769 1955200 1826300 128900 0
1790716943803 1969536 1840636 128900 0
1790716943835 1983872 1854972 128900 0
1790716943867 1996532 1867636 128896 0
1790716943900 2021228 1898200 123028 0
1790716943939 2045836 1916936 128900 0
1790716943974 2045836 1916936 128900 0
1790716944009 2045836 1916936 128900 0
1790716944044 2045836 1916936 128900 0
1790716944076 2045836 1916936 128900 0
1790716944109 2045836 1916936 128900 0
1790716944141 2045836 1916936 128900 0
1790716944172 2045836 1916936 128900 0
1790716944206 2045836 1916936 128900 0
1790716944241 2045836 1916936 128900 0
1790716944273 2045836 1916936 128900 0
1790716944305 2045836 1916936 128900 0
1790716944336 2045836 1916936 128900 0
1790716944370 2045836 1916936 128900 0
1790716944402 2045836 1916936 128900 0
1790716944435 2045836 1916936 128900 0
1790716944468 1889292 1760392 128900 0
1790716944500 1889292 1760392 128900 0
1790716944532 1889292 1760392 128900 0
1790716944566 1889292 1760392 128900 0
1790716944599 1889292 1760392 128900 0
1790716944631 1889292 1760392 128900 0
1790716944665 1889292 1760392 128900 0
1790716944697 1889292 1760392 128900 0
1790716944729 1889292 1760392 128900 0
1790716944761 1889292 1760392 128900 0
1790716944794 1889292 1760392 128900 0
1790716944826 1889292 1760392 128900 0
1790716944858 1889292 1760392 128900 0
1790716944891 1889292 1760392 128900 0
1790716944924 1889292 1760392 128900 0
1790716944958 1889292 1760392 128900 0
1790716944993 1889292 1760392 128900 0
1790716945028 1894388 1765492 128896 0
1790716945060 1900532 1771636 128896 0
1790716945094 1937552 1808652 128900 0
1790716945129 1937552 1808652 128900 0
1790716945162 1937552 1808652 128900 0
1790716945195 1937552 1808652 128900 0
1790716945231 1949840 1820940 128900 0
1790716945267 1949840 1820940 128900 0
1790716945301 1949840 1820940 128900 0
1790716945336 1949840 1820940 128900 0
1790716945372 1949840 1820940 128900 0
1790716945406 1949840 1820940 128900 0
1790716945439 1949688 1820792 128896 0
1790716945474 1974416 1845516 128900 0
1790716945510 1974416 1845516 128900 0
1790716945544 1974416 1845516 128900 0
1790716945578 1974416 1845516 128900 0
1790716945615 1974416 1845516 128900 0
1790716945651 1974416 1845516 128900 0
1790716945686 1974416 1845516 128900 0
1790716945719 1974416 1845516 128900 0
1790716945755 1903960 1783004 120956 0
1790716945789 1913100 1784200 128900 0
1790716945823 1913100 1784200 128900 0
1790716945858 1913100 1784200 128900 0
1790716945892 1913100 1784200 128900 0
1790716945926 1913100 1784200 128900 0
1790716945960 1913100 1784200 128900 0
1790716945995 1913100 1784200 128900 0
1790716946027 1913100 1784200 128900 0
1790716946061 1913100 1784200 128900 0
1790716946095 1913100 1784200 128900 0
1790716946130 1913100 1784200 128900 0
1790716946164 1913100 1784200 128900 0
1790716946199 1913100 1784200 128900 0
1790716946233 1913100 1784200 128900 0
1790716946267 1913100 1784200 128900 0
1790716946302 1913100 1784200 128900 0
1790716946335 1913100 1784200 128900 0
1790716946369 1913100 1784200 128900 0
1790716946403 1913100 1784200 128900 0
1790716946437 1913100 1784200 128900 0
1790716946472 1913100 1784200 128900 0
1790716946506 1913100 1784200 128900 0
1790716946540 1913100 1784200 128900 0
1790716946575 1913100 1784200 128900 0
1790716946610 1913100 1784200 128900 0
1790716946643 1913100 1784200 128900 0
1790716946677 1913100 1784200 128900 0
1790716946711 1913100 1784200 128900 0
1790716946745 1913100 1784200 128900 0
1790716946779 1913100 1784200 128900 0
1790716946813 1913100 1784200 128900 0
1790716946847 1913100 1784200 128900 0
1790716946881 1913100 1784200 128900 0
1790716946915 1913100 1784200 128900 0
1790716946949 1913100 1784200 128900 0
1790716946982 1913100 1784200 128900 0
1790716947014 1913100 1784200 128900 0
1790716947048 1913100 1784200 128900 0
1790716947081 1913100 1784200 128900 0
1790716947114 1913100 1784200 128900 0
1790716947146 1913100 1784200 128900 0
1790716947179 1913100 1784200 128900 0
1790716947211 1913100 1784200 128900 0
1790716947243 1913100 1784200 128900 0
1790716947275 1913100 1784200 128900 0
1790716947308 1913100 1784200 128900 0
1790716947341 1913100 1784200 128900 0
1790716947375 1913100 1784200 128900 0
1790716947407 1913100 1784200 128900 0
1790716947440 1913100 1784200 128900 0
1790716947473 1913100 1784200 128900 0
1790716947505 1913100 1784200 128900 0
1790716947537 1913100 1784200 128900 0
1790716947570 1913100 1784200 128900 0
1790716947603 1913100 1784200 128900 0
1790716947637 1913100 1784200 128900 0
1790716947670 1913100 1784200 128900 0
1790716947706 1913100 1784200 128900 0
1790716947740 1923508 1795584 127924 0
1790716947774 1930488 1801592 128896 0
1790716947809 1893900 1765000 128900 0
1790716947842 1918340 1789440 128900 0
1790716947875 1942776 1813880 128896 0
1790716947910 1948920 1820024 128896 0
1790716947944 1985936 1857036 128900 0
1790716947981 1985936 1857036 128900 0
1790716948015 1985936 1857036 128900 0
1790716948048 1985936 1857036 128900 0
1790716948086 1985936 1857036 128900 0
1790716948122 1985936 1857036 128900 0
1790716948156 1985936 1857036 128900 0
1790716948189 1998224 1869324 128900 0
1790716948225 1998224 1869324 128900 0
1790716948258 1998224 1869324 128900 0
1790716948292 1998224 1869324 128900 0
1790716948327 1998224 1869324 128900 0
1790716948363 1998224 1869324 128900 0
1790716948396 1998224 1869324 128900 0
1790716948431 1998072 1869176 128896 0
1790716948468 1918476 1789576 128900 0
1790716948503 1918476 1789576 128900 0
1790716948536 1918476 1789576 128900 0
1790716948569 1918476 1789576 128900 0
1790716948603 1918476 1789576 128900 0
1790716948638 1918476 1789576 128900 0
1790716948673 1918476 1789576 128900 0
1790716948708 1924344 1795448 128896 0
1790716948742 1936632 1807736 128896 0
1790716948776 1946084 1825008 121076 0
1790716948813 1973648 1844748 128900 0
1790716948846 1973648 1844748 128900 0
1790716948881 1973648 1844748 128900 0
1790716948914 1970868 1849740 121128 0
1790716948951 1979792 1850892 128900 0
1790716948987 1979792 1850892 128900 0
1790716949020 1979792 1850892 128900 0
1790716949055 1979792 1850892 128900 0
1790716949090 1979792 1850892 128900 0
1790716949124 1979792 1850892 128900 0
1790716949158 1979640 1850744 128896 0
1790716949195 2001296 1872396 128900 0
1790716949229 2001296 1872396 128900 0
1790716949262 2001296 1872396 128900 0
1790716949297 2001296 1872396 128900 0
1790716949335 2001296 1872396 128900 0
1790716949369 2001296 1872396 128900 0
1790716949403 2001296 1872396 128900 0
1790716949438 2001296 1872396 128900 0
1790716949473 1912332 1783432 128900 0
1790716949511 1933708 1804808 128900 0
1790716949546 1940868 1811968 128900 0
1790716949578 1955204 1826304 128900 0
1790716949609 1982864 1853964 128900 0
1790716949643 1982864 1853964 128900 0
1790716949675 1998208 1869308 128900 0
1790716949708 2022716 1901876 120840 0
1790716949746 2081168 1952268 128900 0
1790716949784 2081168 1952268 128900 0
1790716949818 2081168 1952268 128900 0
1790716949854 2081168 1952268 128900 0
1790716949886 2081168 1952268 128900 0
1790716949918 2081168 1952268 128900 0
1790716949951 2081168 1952268 128900 0
1790716949984 2081168 1952268 128900 0
1790716950016 2081168 1952268 128900 0
1790716950051 2081168 1952268 128900 0
1790716950085 2081168 1952268 128900 0
1790716950119 2081168 1952268 128900 0
1790716950151 2081168 1952268 128900 0
1790716950184 2081168 1952268 128900 0
1790716950217 1918476 1789576 128900 0
1790716950249 1918476 1789576 128900 0
1790716950282 1918476 1789576 128900 0
1790716950313 1918476 1789576 128900 0
1790716950345 1918476 1789576 128900 0
1790716950378 1918476 1789576 128900 0
1790716950412 1918476 1789576 128900 0
1790716950444 1918476 1789576 128900 0
1790716950477 1726124 1597160 128964 0
1790716950509 1726124 1597160 128964 0
1790716950542 1726124 1597160 128964 0
1790716950575 1726124 1597160 128964 0
1790716950608 1726124 1597160 128964 0
1790716950641 1726124 1597160 128964 0
1790716950674 1726124 1597160 128964 0
1790716950707 1726124 1597160 128964 0
1790716950740 1726124 1597160 128964 0
1790716950774 1726124 1597160 128964 0
1790716950807 1726124 1597160 128964 0
1790716950840 1726132 1597168 128964 0
1790716950874 1726132 1597168 128964 0
1790716950907 1726132 1597168 128964 0
1790716950939 1725980 1597020 128960 0
1790716950972 1724548 1594596 129952 0
1790716951005 1724656 1594596 130060 0
1790716951038 1724836 1594596 130240 0
1790716951071 1724836 1594596 130240 0
