# timestamp_ms VmRSS_kB VmPeak_kB VmHWM_kB
1790751671915 12544 18064 12544
1790751671939 12544 18064 12544
1790751671960 12544 18064 12544
1790751671979 12544 18064 12544
1790751671998 12544 18064 12544
1790751672017 12544 18064 12544
1790751672036 12544 18064 12544
1790751672055 12544 18064 12544
1790751672074 12544 18064 12544
1790751672093 12544 18064 12544
1790751672113 12544 18064 12544
1790751672132 12544 18064 12544
1790751672151 12544 18064 12544
1790751672172 12544 18064 12544
1790751672191 12544 18064 12544
1790751672210 12544 18064 12544
1790751672229 12544 18064 12544
1790751672248 12544 18064 12544
1790751672268 12544 18064 12544
1790751672287 12544 18064 12544
1790751672306 12544 18064 12544
1790751672325 12544 18064 12544
1790751672345 12544 18064 12544
1790751672365 12544 18064 12544
1790751672384 12544 18064 12544
1790751672403 12544 18064 12544
1790751672423 12544 18064 12544
1790751672442 12544 18064 12544
1790751672461 12544 18064 12544
1790751672480 12544 18064 12544
1790751672499 12544 18064 12544
1790751672519 12544 18064 12544
1790751672538 12544 18064 12544
1790751672557 12544 18064 12544
1790751672577 12544 18064 12544
1790751672596 12544 18064 12544
1790751672616 12544 18064 12544
1790751672635 12544 18064 12544
1790751672654 12544 18064 12544
1790751672673 12544 18064 12544
1790751672694 12544 18064 12544
1790751672713 12544 18064 12544
1790751672733 12544 18064 12544
1790751672752 12544 18064 12544
1790751672771 12544 18064 12544
1790751672791 12544 18064 12544
1790751672811 14136 19692 14116
1790751672836 26656 75004 26656
1790751672861 55676 75004 55676
1790751672885 69504 75004 69504
1790751672910 69504 75004 69504
1790751672929 69504 75004 69504
1790751672949 98736 108868 98736
1790751672975 128680 136520 128680
1790751673001 128680 136520 128680
1790751673020 184096 231076 184096
1790751673048 151452 231076 181928
1790751673069 151452 231076 181928
1790751673090 151452 231076 181928
1790751673111 189984 231076 189984
1790751673140 189984 231076 189984
1790751673160 189984 231076 189984
1790751673181 194596 231076 194596
1790751673210 194596 231076 194596
1790751673231 117844 231076 190300
1790751673252 123276 231076 190300
1790751673272 148440 231076 190300
1790751673292 176100 231076 190300
1790751673313 205032 238924 205004
1790751673345 211612 245656 211612
1790751673374 232328 266380 232328
1790751673402 257492 291460 257492
1790751673437 268660 302604 268640
1790751673463 294712 328608 294692
1790751673499 302392 336396 302392
1790751673530 314888 349152 314852
1790751673565 342292 374080 342284
1790751673599 342344 374080 342344
1790751673624 342348 374080 342348
1790751673645 342348 374080 342348
1790751673666 342348 374080 342348
1790751673686 342348 374080 342348
1790751673706 342348 374080 342348
1790751673727 342348 374080 342348
1790751673747 342348 374080 342348
1790751673767 342348 374080 342348
1790751673788 342348 374080 342348
1790751673809 342348 374080 342348
1790751673831 342348 374080 342348
1790751673852 342348 374080 342348
1790751673872 342348 374080 342348
1790751673899 342348 374080 342348
1790751673924 342348 374080 342348
1790751673949 342348 374080 342348
1790751673970 342348 374080 342348
1790751673990 342348 374080 342348
1790751674010 342348 374080 342348
1790751674031 344396 376640 344396
1790751674056 344396 376640 344396
1790751674078 344396 376640 344396
1790751674098 344396 376640 344396
1790751674125 344396 376640 344396
1790751674148 344396 376640 344396
1790751674169 344396 376640 344396
1790751674192 344396 376640 344396
1790751674213 344396 376640 344396
1790751674234 344396 376640 344396
1790751674257 344396 376640 344396
1790751674278 344396 376640 344396
1790751674303 344396 376640 344396
1790751674324 344396 376640 344396
1790751674348 344396 376640 344396
1790751674369 344396 376640 344396
1790751674395 344396 376640 344396
1790751674420 344396 376640 344396
1790751674445 344396 376640 344396
1790751674466 344396 376640 344396
1790751674488 344396 376640 344396
1790751674509 344396 376640 344396
1790751674531 361408 401216 361408
1790751674565 361408 401216 361408
1790751674585 361408 401216 361408
1790751674606 361408 401216 361408
1790751674631 361408 401216 361408
1790751674655 361408 401216 361408
1790751674680 361408 401216 361408
1790751674704 361408 401216 361408
1790751674726 361408 401216 361408
1790751674748 361408 401216 361408
1790751674768 361408 401216 361408
1790751674789 361408 401216 361408
1790751674814 361408 401216 361408
1790751674839 361408 401216 361408
1790751674864 363456 401216 363456
1790751674887 363456 401216 363456
1790751674908 363456 401216 363456
1790751674928 363456 401216 363456
1790751674950 363456 401216 363456
1790751674972 363456 401216 363456
1790751674997 363456 401216 363456
1790751675018 363456 401216 363456
1790751675039 363456 401216 363456
1790751675064 363456 401216 363456
1790751675090 365504 401216 365504
1790751675111 365504 401216 365504
1790751675136 365504 401216 365504
1790751675161 365504 401216 365504
1790751675185 365504 401216 365504
1790751675208 365504 401216 365504
1790751675233 365504 401216 365504
1790751675258 365504 401216 365504
1790751675283 365504 401216 365504
1790751675305 365504 401216 365504
1790751675327 365504 401216 365504
1790751675352 365504 401216 365504
1790751675373 365504 401216 365504
1790751675393 365504 401216 365504
1790751675418 365504 401216 365504
1790751675441 365504 401216 365504
1790751675464 365504 401216 365504
1790751675485 365504 401216 365504
1790751675506 365504 401216 365504
1790751675528 367552 401216 367552
1790751675554 367552 401216 367552
1790751675575 367552 401216 367552
1790751675595 367552 401216 367552
1790751675620 367552 401216 367552
1790751675645 367552 401216 367552
1790751675667 367552 401216 367552
1790751675691 367552 401216 367552
1790751675713 367552 401216 367552
1790751675735 367552 401216 367552
1790751675761 367772 401216 367772
1790751675782 367772 401216 367772
1790751675804 367780 401216 367780
1790751675825 367780 401216 367780
1790751675846 367780 401216 367780
1790751675867 367780 401216 367780
1790751675891 368292 401216 368292
1790751675911 368292 401216 368292
1790751675932 368292 401216 368292
1790751675958 368292 401216 368292
1790751675981 368420 401216 368420
1790751676003 368420 401216 368420
1790751676024 368952 401216 368952
1790751676057 368952 401216 368952
1790751676081 368952 401216 368952
1790751676105 369464 401216 369464
1790751676126 369464 401216 369464
1790751676148 369464 401216 369464
1790751676172 369636 401216 369636
1790751676194 369636 401216 369636
1790751676216 369636 401216 369636
1790751676236 369636 401216 369636
1790751676257 369892 401216 369892
1790751676278 369892 401216 369892
1790751676299 369892 401216 369892
1790751676321 369892 401216 369892
1790751676342 369992 401216 369992
1790751676363 369992 401216 369992
1790751676388 369992 401216 369992
1790751676413 369992 401216 369992
1790751676435 369992 401216 369992
1790751676457 369992 401216 369992
1790751676482 369992 401216 369992
1790751676504 369992 401216 369992
1790751676528 369992 401216 369992
1790751676548 369992 401216 369992
1790751676572 369992 401216 369992
1790751676597 369992 401216 369992
1790751676619 369992 401216 369992
1790751676639 369992 401216 369992
1790751676661 369992 401216 369992
1790751676685 369992 401216 369992
1790751676706 369992 401216 369992
1790751676727 369992 401216 369992
1790751676750 369992 401216 369992
1790751676771 369992 401216 369992
1790751676797 369992 401216 369992
1790751676819 369992 401216 369992
1790751676845 369992 401216 369992
1790751676866 369992 401216 369992
1790751676887 369992 401216 369992
1790751676911 369992 401216 369992
1790751676937 369992 401216 369992
1790751676959 369992 401216 369992
1790751676980 369992 401216 369992
1790751677000 369992 401216 369992
1790751677026 369992 401216 369992
1790751677049 369992 401216 369992
1790751677073 369992 401216 369992
1790751677094 369992 401216 369992
1790751677115 369992 401216 369992
1790751677140 369992 401216 369992
1790751677160 369992 401216 369992
1790751677184 369992 401216 369992
1790751677205 369992 401216 369992
1790751677229 369992 401216 369992
1790751677254 369992 401216 369992
1790751677276 369992 401216 369992
1790751677298 369992 401216 369992
1790751677320 369992 401216 369992
1790751677346 369992 401216 369992
1790751677371 369992 401216 369992
1790751677395 369992 401216 369992
1790751677417 369992 401216 369992
1790751677440 369992 401216 369992
1790751677461 369992 401216 369992
1790751677485 369992 401216 369992
1790751677508 369992 401216 369992
1790751677533 369992 401216 369992
1790751677554 369992 401216 369992
1790751677576 369992 401216 369992
1790751677599 369992 401216 369992
1790751677622 369992 401216 369992
1790751677644 369992 401216 369992
1790751677664 369992 401216 369992
1790751677686 369992 401216 369992
1790751677708 369992 401216 369992
1790751677732 369992 401216 369992
1790751677754 369992 401216 369992
1790751677777 369992 401216 369992
1790751677800 369992 401216 369992
1790751677821 369992 401216 369992
1790751677844 369992 401216 369992
1790751677866 369992 401216 369992
1790751677888 369992 401216 369992
1790751677913 372660 406948 372660
1790751677936 372660 406948 372660
1790751677958 372760 407140 372760
1790751677982 378316 409540 378316
1790751678017 378316 409540 378316
1790751678040 378316 409540 378316
1790751678067 378316 409540 378316
1790751678089 378316 409540 378316
1790751678111 378316 409540 378316
1790751678136 378316 409540 378316
1790751678162 378316 409540 378316
1790751678187 378316 409540 378316
1790751678211 378316 409540 378316
1790751678235 378316 409540 378316
1790751678262 378316 409540 378316
1790751678283 378316 409540 378316
1790751678306 378316 409540 378316
1790751678331 378316 409540 378316
1790751678352 378316 409540 378316
1790751678372 378316 409540 378316
1790751678396 380620 411844 380620
1790751678418 380620 411844 380620
1790751678438 380620 411844 380620
1790751678459 380620 411844 380620
1790751678479 380620 411844 380620
1790751678505 380620 411844 380620
1790751678525 380620 411844 380620
1790751678552 380620 411844 380620
1790751678575 380620 411844 380620
1790751678597 380620 411844 380620
1790751678624 380620 411844 380620
1790751678645 380620 411844 380620
1790751678666 380620 411844 380620
1790751678691 380620 411844 380620
1790751678713 380620 411844 380620
1790751678734 380620 411844 380620
1790751678756 380620 411844 380620
1790751678781 380624 413100 380624
1790751678804 380724 413292 380724
1790751678826 380724 413292 380724
1790751678847 380724 413292 380724
1790751678867 401116 446064 401116
1790751678907 432360 511604 432360
1790751678941 436456 511604 436456
1790751678964 436456 511604 436456
1790751678989 436456 511604 436456
1790751679009 436456 511604 436456
1790751679034 436456 511604 436456
1790751679060 436456 511604 436456
1790751679084 436456 511604 436456
1790751679107 436456 511604 436456
1790751679133 436456 511604 436456
1790751679156 436456 511604 436456
1790751679177 436456 511604 436456
1790751679197 438504 511604 438504
1790751679220 438504 511604 438504
1790751679246 438504 511604 438504
1790751679270 438504 511604 438504
1790751679294 438504 511604 438504
1790751679318 438504 511604 438504
1790751679343 438504 511604 438504
1790751679368 438504 511604 438504
1790751679389 438504 511604 438504
1790751679414 438504 511604 438504
1790751679435 438504 511604 438504
1790751679456 438504 511604 438504
1790751679483 438504 511604 438504
1790751679504 438504 511604 438504
1790751679524 438504 511604 438504
1790751679549 438504 511604 438504
1790751679572 438504 511604 438504
1790751679595 438504 511604 438504
1790751679619 440552 511604 440552
1790751679640 440552 511604 440552
1790751679667 440552 511604 440552
1790751679692 440552 511604 440552
1790751679714 440552 511604 440552
1790751679736 440552 511604 440552
1790751679760 440552 511604 440552
1790751679782 440552 511604 440552
1790751679802 444648 511604 444648
1790751679836 444648 511604 444648
1790751679862 444648 511604 444648
1790751679884 444648 511604 444648
1790751679905 444648 511604 444648
1790751679926 444648 511604 444648
1790751679947 444648 511604 444648
1790751679974 444648 511604 444648
1790751679995 444648 511604 444648
1790751680020 444648 511604 444648
1790751680040 444648 511604 444648
1790751680066 446696 511604 446696
1790751680092 446696 511604 446696
1790751680117 446696 511604 446696
1790751680137 446696 511604 446696
1790751680163 446696 511604 446696
1790751680183 446696 511604 446696
1790751680204 446696 511604 446696
1790751680225 446696 511604 446696
1790751680248 448744 511604 448744
1790751680272 448744 511604 448744
1790751680297 448744 511604 448744
1790751680318 448744 511604 448744
1790751680342 448744 511604 448744
1790751680363 448744 511604 448744
1790751680388 448744 511604 448744
1790751680408 448744 511604 448744
1790751680433 448744 511604 448744
1790751680460 454888 511604 454888
1790751680491 454888 511604 454888
1790751680516 454888 511604 454888
1790751680537 454888 511604 454888
1790751680563 454888 511604 454888
1790751680590 454888 511604 454888
1790751680614 454888 511604 454888
1790751680638 454888 511604 454888
1790751680662 458984 511604 458984
1790751680682 458984 511604 458984
1790751680703 458984 511604 458984
1790751680729 458984 511604 458984
1790751680751 458984 511604 458984
1790751680774 458984 511604 458984
1790751680801 458984 511604 458984
1790751680826 458984 511604 458984
1790751680849 458984 511604 458984
1790751680873 458984 511604 458984
1790751680893 458984 511604 458984
1790751680917 458984 511604 458984
1790751680939 458984 511604 458984
1790751680960 458984 511604 458984
1790751680983 458984 511604 458984
1790751681007 458984 511604 458984
1790751681029 461032 511604 461032
1790751681052 461032 511604 461032
1790751681073 461032 511604 461032
1790751681093 461032 511604 461032
1790751681118 461032 511604 461032
1790751681139 461032 511604 461032
1790751681165 461032 511604 461032
1790751681186 461032 511604 461032
1790751681207 461032 511604 461032
1790751681229 461032 511604 461032
1790751681250 461032 511604 461032
1790751681271 461032 511604 461032
1790751681293 461032 511604 461032
1790751681314 461032 511604 461032
1790751681338 461032 511604 461032
1790751681359 461032 511604 461032
1790751681380 463080 511604 463080
1790751681407 465128 511604 465128
1790751681436 465128 511604 465128
1790751681462 465128 511604 465128
1790751681484 465128 511604 465128
1790751681505 465128 511604 465128
1790751681533 465128 511604 465128
1790751681553 465128 511604 465128
1790751681574 465128 511604 465128
1790751681596 465128 511604 465128
1790751681622 465128 511604 465128
1790751681648 465128 511604 465128
1790751681672 465128 511604 465128
1790751681696 465128 511604 465128
1790751681719 465128 511604 465128
1790751681745 467176 511604 467176
1790751681767 467176 511604 467176
1790751681793 467176 511604 467176
1790751681819 467176 511604 467176
1790751681842 467176 511604 467176
1790751681864 467176 511604 467176
1790751681885 467176 511604 467176
1790751681907 467176 511604 467176
1790751681930 467176 511604 467176
1790751681954 467176 511604 467176
1790751681974 467176 511604 467176
1790751682001 469224 511604 469224
1790751682021 469224 511604 469224
1790751682047 469224 511604 469224
1790751682067 469224 511604 469224
1790751682091 469224 511604 469224
1790751682115 469224 511604 469224
1790751682139 469224 511604 469224
1790751682163 469224 511604 469224
1790751682184 469224 511604 469224
1790751682209 469224 511604 469224
1790751682230 469224 511604 469224
1790751682256 469224 511604 469224
1790751682278 469224 511604 469224
1790751682298 469224 511604 469224
1790751682322 469224 511604 469224
1790751682349 469224 511604 469224
1790751682373 469224 511604 469224
1790751682394 469224 511604 469224
1790751682417 469224 511604 469224
1790751682438 469224 511604 469224
1790751682464 469224 511604 469224
1790751682485 469224 511604 469224
1790751682505 469224 511604 469224
1790751682526 469224 511604 469224
1790751682553 469224 511604 469224
1790751682573 471272 511604 471272
1790751682598 471272 511604 471272
1790751682619 471272 511604 471272
1790751682640 471272 511604 471272
1790751682661 473320 511604 473320
1790751682682 473320 511604 473320
1790751682708 473320 511604 473320
1790751682732 473320 511604 473320
1790751682757 473320 511604 473320
1790751682783 418008 511604 462184
1790751682803 418008 511604 462184
1790751682824 418008 511604 462184
1790751682851 418008 511604 462184
1790751682871 418008 511604 462184
1790751682891 418008 511604 462184
1790751682916 418008 511604 462184
1790751682937 418008 511604 462184
1790751682958 418008 511604 462184
1790751682983 418008 511604 462184
1790751683009 418008 511604 462184
1790751683031 418008 511604 462184
1790751683056 418008 511604 462184
1790751683081 418008 511604 462184
1790751683103 418008 511604 462184
1790751683124 418008 511604 462184
1790751683148 418236 511604 462184
1790751683169 422608 511604 462184
1790751683194 422608 511604 462184
1790751683220 422608 511604 462184
1790751683247 422608 511604 462184
1790751683269 422608 511604 462184
1790751683289 422608 511604 462184
1790751683310 422608 511604 462184
1790751683331 422608 511604 462184
1790751683357 422608 511604 462184
1790751683378 422608 511604 462184
1790751683399 422608 511604 462184
1790751683424 422608 511604 462184
1790751683451 422608 511604 462184
1790751683479 422608 511604 462184
1790751683503 422608 511604 462184
1790751683526 422608 511604 462184
1790751683550 422608 511604 462184
1790751683572 422608 511604 462184
1790751683593 422608 511604 462184
1790751683614 422608 511604 462184
1790751683636 422608 511604 462184
1790751683661 422608 511604 462184
1790751683685 422608 511604 462184
1790751683709 422608 511604 462184
1790751683735 422608 511604 462184
1790751683757 422608 511604 462184
1790751683783 422608 511604 462184
1790751683806 422608 511604 462184
1790751683828 422608 511604 462184
1790751683852 422608 511604 462184
1790751683876 422608 511604 462184
1790751683897 422608 511604 462184
1790751683919 422608 511604 462184
1790751683944 422608 511604 462184
1790751683967 422608 511604 462184
1790751683987 422608 511604 462184
1790751684009 422608 511604 462184
1790751684032 422608 511604 462184
1790751684054 422608 511604 462184
1790751684080 422608 511604 462184
1790751684102 422608 511604 462184
1790751684124 422608 511604 462184
1790751684145 422608 511604 462184
1790751684166 422608 511604 462184
1790751684188 422608 511604 462184
1790751684213 422608 511604 462184
1790751684237 422608 511604 462184
1790751684259 422608 511604 462184
1790751684280 422608 511604 462184
1790751684302 422608 511604 462184
1790751684322 422608 511604 462184
1790751684343 422608 511604 462184
1790751684363 422608 511604 462184
1790751684386 422608 511604 462184
1790751684410 422608 511604 462184
1790751684431 422608 511604 462184
1790751684453 422608 511604 462184
1790751684474 422608 511604 462184
1790751684499 422608 511604 462184
1790751684523 422608 511604 462184
1790751684550 422608 511604 462184
1790751684571 422608 511604 462184
1790751684595 422608 511604 462184
1790751684621 422608 511604 462184
1790751684647 422608 511604 462184
1790751684673 422608 511604 462184
1790751684695 422608 511604 462184
1790751684717 422608 511604 462184
1790751684738 422608 511604 462184
1790751684760 422608 511604 462184
1790751684787 422608 511604 462184
1790751684809 422608 511604 462184
1790751684829 422608 511604 462184
1790751684850 422608 511604 462184
1790751684871 422608 511604 462184
1790751684892 422608 511604 462184
1790751684912 422608 511604 462184
1790751684938 422608 511604 462184
1790751684962 422608 511604 462184
1790751684987 422608 511604 462184
1790751685010 422608 511604 462184
1790751685031 422608 511604 462184
1790751685051 422608 511604 462184
1790751685071 422608 511604 462184
1790751685092 422608 511604 462184
1790751685112 422608 511604 462184
1790751685133 422608 511604 462184
1790751685154 422608 511604 462184
1790751685174 422608 511604 462184
1790751685194 422608 511604 462184
1790751685215 422608 511604 462184
1790751685240 422608 511604 462184
1790751685261 422608 511604 462184
1790751685281 422608 511604 462184
1790751685302 422608 511604 462184
1790751685322 422608 511604 462184
1790751685342 422608 511604 462184
1790751685366 422608 511604 462184
1790751685390 422608 511604 462184
1790751685416 422608 511604 462184
1790751685438 422608 511604 462184
1790751685458 422608 511604 462184
1790751685485 422608 511604 462184
1790751685506 422608 511604 462184
1790751685526 422608 511604 462184
1790751685552 422608 511604 462184
1790751685573 422608 511604 462184
1790751685593 422608 511604 462184
1790751685614 422608 511604 462184
1790751685635 422608 511604 462184
1790751685656 422608 511604 462184
1790751685677 422608 511604 462184
1790751685702 422608 511604 462184
1790751685728 422608 511604 462184
1790751685755 422608 511604 462184
1790751685777 422608 511604 462184
1790751685797 422608 511604 462184
1790751685818 422608 511604 462184
1790751685839 422608 511604 462184
1790751685860 422608 511604 462184
1790751685882 422608 511604 462184
1790751685907 422608 511604 462184
1790751685932 422608 511604 462184
1790751685953 422608 511604 462184
1790751685974 422608 511604 462184
1790751685994 422608 511604 462184
1790751686015 422608 511604 462184
1790751686035 422608 511604 462184
1790751686056 422608 511604 462184
1790751686077 422608 511604 462184
1790751686101 422608 511604 462184
1790751686126 422608 511604 462184
1790751686147 422608 511604 462184
1790751686174 422608 511604 462184
1790751686200 422608 511604 462184
1790751686221 422608 511604 462184
1790751686243 422608 511604 462184
1790751686268 422608 511604 462184
1790751686291 422608 511604 462184
1790751686312 422608 511604 462184
1790751686333 422608 511604 462184
1790751686355 422608 511604 462184
1790751686377 422608 511604 462184
1790751686399 422608 511604 462184
1790751686423 422608 511604 462184
1790751686448 422608 511604 462184
1790751686471 422608 511604 462184
1790751686495 422608 511604 462184
1790751686516 422608 511604 462184
1790751686537 422608 511604 462184
1790751686563 422608 511604 462184
1790751686591 422608 511604 462184
1790751686615 422608 511604 462184
1790751686639 422608 511604 462184
1790751686662 422608 511604 462184
1790751686683 422608 511604 462184
1790751686708 422608 511604 462184
1790751686730 422608 511604 462184
1790751686753 422608 511604 462184
1790751686776 422608 511604 462184
1790751686797 422608 511604 462184
1790751686823 422608 511604 462184
1790751686846 422608 511604 462184
1790751686867 422608 511604 462184
1790751686893 422608 511604 462184
1790751686921 422608 511604 462184
1790751686941 422608 511604 462184
1790751686964 422608 511604 462184
1790751686989 422608 511604 462184
1790751687010 422608 511604 462184
1790751687037 422608 511604 462184
1790751687059 422608 511604 462184
1790751687083 422608 511604 462184
1790751687109 422612 511604 462184
1790751687130 426456 511604 462184
1790751687154 426456 511604 462184
1790751687176 426456 511604 462184
1790751687197 426456 511604 462184
1790751687218 426456 511604 462184
1790751687245 426456 511604 462184
1790751687272 426456 511604 462184
1790751687297 426456 511604 462184
1790751687319 426456 511604 462184
1790751687343 426456 511604 462184
1790751687367 426456 511604 462184
1790751687388 426456 511604 462184
1790751687409 426456 511604 462184
1790751687432 426456 511604 462184
1790751687453 426456 511604 462184
1790751687474 426456 511604 462184
1790751687497 426456 511604 462184
1790751687517 426456 511604 462184
1790751687543 426456 511604 462184
1790751687567 426456 511604 462184
1790751687593 426456 511604 462184
1790751687619 426456 511604 462184
1790751687641 426456 511604 462184
1790751687662 426456 511604 462184
1790751687686 426456 511604 462184
1790751687712 426456 511604 462184
1790751687734 426456 511604 462184
1790751687755 426456 511604 462184
1790751687779 426456 511604 462184
1790751687801 426456 511604 462184
1790751687823 426456 511604 462184
1790751687846 426456 511604 462184
1790751687867 426456 511604 462184
1790751687894 426456 511604 462184
1790751687917 426456 511604 462184
1790751687942 426456 511604 462184
1790751687966 426456 511604 462184
1790751687993 426456 511604 462184
1790751688020 426456 511604 462184
1790751688040 426456 511604 462184
1790751688066 426456 511604 462184
1790751688087 426456 511604 462184
1790751688113 426456 511604 462184
1790751688134 426456 511604 462184
1790751688155 426456 511604 462184
1790751688178 426456 511604 462184
1790751688202 426456 511604 462184
1790751688226 426456 511604 462184
1790751688250 426456 511604 462184
1790751688272 426456 511604 462184
1790751688299 426456 511604 462184
1790751688320 426456 511604 462184
1790751688344 426456 511604 462184
1790751688365 426456 511604 462184
1790751688385 426456 511604 462184
1790751688406 426456 511604 462184
1790751688429 426456 511604 462184
1790751688456 430768 511604 462184
1790751688477 437200 511604 462184
1790751688498 437200 511604 462184
1790751688523 437200 511604 462184
1790751688544 437200 511604 462184
1790751688569 437200 511604 462184
1790751688593 437200 511604 462184
1790751688614 437200 511604 462184
1790751688641 437200 511604 462184
1790751688666 437200 511604 462184
1790751688687 437200 511604 462184
1790751688713 437200 511604 462184
1790751688737 437200 511604 462184
1790751688759 437200 511604 462184
1790751688786 437200 511604 462184
1790751688808 437200 511604 462184
1790751688831 437200 511604 462184
1790751688856 437200 511604 462184
1790751688878 437200 511604 462184
1790751688900 437200 511604 462184
1790751688926 437200 511604 462184
1790751688948 437200 511604 462184
1790751688973 437200 511604 462184
1790751688995 437200 511604 462184
1790751689017 437200 511604 462184
1790751689043 437200 511604 462184
1790751689064 437200 511604 462184
1790751689086 437200 511604 462184
1790751689112 437200 511604 462184
1790751689138 437200 511604 462184
1790751689164 437200 511604 462184
1790751689187 437200 511604 462184
1790751689212 437200 511604 462184
1790751689236 437200 511604 462184
1790751689260 437200 511604 462184
1790751689285 437200 511604 462184
1790751689310 437200 511604 462184
1790751689334 437200 511604 462184
1790751689359 437200 511604 462184
1790751689383 437200 511604 462184
1790751689407 437200 511604 462184
1790751689430 437200 511604 462184
1790751689452 437200 511604 462184
1790751689476 437200 511604 462184
1790751689497 437200 511604 462184
1790751689521 437200 511604 462184
1790751689548 437200 511604 462184
1790751689575 437200 511604 462184
1790751689600 409880 511604 462184
1790751689621 381388 511604 462184
1790751689645 381388 511604 462184
1790751689666 381388 511604 462184
1790751689691 381388 511604 462184
1790751689712 381388 511604 462184
1790751689736 381388 511604 462184
1790751689760 381388 511604 462184
1790751689782 381388 511604 462184
1790751689804 381388 511604 462184
1790751689828 381388 511604 462184
1790751689851 381388 511604 462184
1790751689873 381388 511604 462184
1790751689894 381388 511604 462184
1790751689917 381388 511604 462184
1790751689943 381388 511604 462184
1790751689965 381388 511604 462184
1790751689990 381388 511604 462184
1790751690011 381388 511604 462184
1790751690033 381388 511604 462184
1790751690054 381388 511604 462184
1790751690079 381388 511604 462184
1790751690105 381388 511604 462184
1790751690130 381388 511604 462184
1790751690151 381388 511604 462184
1790751690174 381388 511604 462184
1790751690196 381388 511604 462184
1790751690217 381388 511604 462184
1790751690240 381388 511604 462184
1790751690262 381388 511604 462184
1790751690287 381388 511604 462184
1790751690309 381388 511604 462184
1790751690330 381388 511604 462184
1790751690352 381388 511604 462184
1790751690376 381388 511604 462184
1790751690398 381388 511604 462184
1790751690423 381388 511604 462184
1790751690445 381388 511604 462184
1790751690469 381388 511604 462184
1790751690490 381388 511604 462184
1790751690513 381388 511604 462184
1790751690536 381388 511604 462184
1790751690560 381388 511604 462184
1790751690580 397344 511604 462184
1790751690602 417008 511604 462184
1790751690624 422608 511604 462184
1790751690645 422608 511604 462184
1790751690670 422608 511604 462184
1790751690695 422608 511604 462184
1790751690720 422608 511604 462184
1790751690742 422608 511604 462184
1790751690768 422608 511604 462184
1790751690790 422608 511604 462184
1790751690812 422608 511604 462184
1790751690837 422608 511604 462184
1790751690860 422608 511604 462184
1790751690886 422608 511604 462184
1790751690911 422608 511604 462184
1790751690933 422608 511604 462184
1790751690953 422608 511604 462184
1790751690976 422608 511604 462184
1790751691003 422608 511604 462184
1790751691024 422608 511604 462184
1790751691050 422608 511604 462184
1790751691076 422608 511604 462184
1790751691098 422608 511604 462184
1790751691122 422608 511604 462184
1790751691147 422608 511604 462184
1790751691170 422608 511604 462184
1790751691192 422608 511604 462184
1790751691213 422608 511604 462184
1790751691235 422608 511604 462184
1790751691256 422608 511604 462184
1790751691282 422608 511604 462184
1790751691305 422608 511604 462184
1790751691328 422608 511604 462184
1790751691355 422608 511604 462184
1790751691380 422608 511604 462184
1790751691405 422608 511604 462184
1790751691427 422608 511604 462184
1790751691452 422608 511604 462184
1790751691479 422608 511604 462184
1790751691503 422608 511604 462184
1790751691527 422608 511604 462184
1790751691551 422608 511604 462184
1790751691572 422608 511604 462184
1790751691597 422608 511604 462184
1790751691619 422608 511604 462184
1790751691641 422608 511604 462184
1790751691663 422608 511604 462184
1790751691685 422608 511604 462184
1790751691707 422608 511604 462184
1790751691727 422608 511604 462184
1790751691751 422608 511604 462184
1790751691773 422608 511604 462184
1790751691797 422608 511604 462184
1790751691819 422608 511604 462184
1790751691844 422608 511604 462184
1790751691865 422608 511604 462184
1790751691890 422608 511604 462184
1790751691915 422608 511604 462184
1790751691940 422608 511604 462184
1790751691966 422608 511604 462184
1790751691987 422608 511604 462184
1790751692008 422608 511604 462184
1790751692032 422608 511604 462184
1790751692056 422608 511604 462184
1790751692079 422608 511604 462184
1790751692103 422608 511604 462184
1790751692127 422608 511604 462184
1790751692149 422608 511604 462184
1790751692170 422608 511604 462184
1790751692192 422608 511604 462184
1790751692217 422608 511604 462184
1790751692238 422608 511604 462184
1790751692259 422608 511604 462184
1790751692284 422608 511604 462184
1790751692306 422608 511604 462184
1790751692327 422608 511604 462184
1790751692351 422608 511604 462184
1790751692373 422608 511604 462184
1790751692397 422608 511604 462184
1790751692421 422608 511604 462184
1790751692447 422608 511604 462184
1790751692471 422608 511604 462184
1790751692496 422608 511604 462184
1790751692520 422608 511604 462184
1790751692544 422608 511604 462184
1790751692569 422608 511604 462184
1790751692589 422608 511604 462184
1790751692615 422608 511604 462184
1790751692636 422608 511604 462184
1790751692658 422608 511604 462184
1790751692681 422608 511604 462184
1790751692701 422608 511604 462184
1790751692723 422608 511604 462184
1790751692744 422608 511604 462184
1790751692765 422608 511604 462184
1790751692786 422608 511604 462184
1790751692811 422608 511604 462184
1790751692837 422608 511604 462184
1790751692862 422608 511604 462184
1790751692884 422608 511604 462184
1790751692906 422608 511604 462184
1790751692930 422608 511604 462184
1790751692955 422608 511604 462184
1790751692976 422608 511604 462184
1790751692997 422608 511604 462184
1790751693020 422608 511604 462184
1790751693040 422608 511604 462184
1790751693060 422608 511604 462184
1790751693087 422608 511604 462184
1790751693107 422608 511604 462184
1790751693127 422608 511604 462184
1790751693152 422608 511604 462184
1790751693174 422608 511604 462184
1790751693194 422608 511604 462184
1790751693215 422608 511604 462184
1790751693238 422608 511604 462184
1790751693261 422608 511604 462184
1790751693287 422608 511604 462184
1790751693312 422608 511604 462184
1790751693335 422608 511604 462184
1790751693357 422608 511604 462184
1790751693381 422608 511604 462184
1790751693404 422608 511604 462184
1790751693426 422608 511604 462184
1790751693452 422608 511604 462184
1790751693477 422608 511604 462184
1790751693501 422608 511604 462184
1790751693525 422608 511604 462184
1790751693550 422608 511604 462184
1790751693574 422608 511604 462184
1790751693596 422608 511604 462184
1790751693623 422608 511604 462184
1790751693645 422608 511604 462184
1790751693666 422608 511604 462184
1790751693686 422608 511604 462184
1790751693710 422608 511604 462184
1790751693737 422608 511604 462184
1790751693759 422608 511604 462184
1790751693781 422608 511604 462184
1790751693801 422608 511604 462184
1790751693827 422608 511604 462184
1790751693851 422608 511604 462184
1790751693876 422608 511604 462184
1790751693898 422608 511604 462184
1790751693924 422608 511604 462184
1790751693949 422608 511604 462184
1790751693973 422608 511604 462184
1790751693997 422608 511604 462184
1790751694023 422608 511604 462184
1790751694049 422608 511604 462184
1790751694076 422608 511604 462184
1790751694101 422608 511604 462184
1790751694127 422608 511604 462184
1790751694152 422608 511604 462184
1790751694178 422608 511604 462184
1790751694200 422608 511604 462184
1790751694224 422608 511604 462184
1790751694248 422608 511604 462184
1790751694269 422608 511604 462184
1790751694290 422608 511604 462184
1790751694315 422608 511604 462184
1790751694338 422612 511604 462184
1790751694362 422612 511604 462184
1790751694386 422612 511604 462184
1790751694407 422612 511604 462184
1790751694430 422612 511604 462184
1790751694456 422612 511604 462184
1790751694480 422612 511604 462184
1790751694504 422612 511604 462184
1790751694525 422612 511604 462184
1790751694550 422612 511604 462184
1790751694571 422612 511604 462184
1790751694596 422612 511604 462184
1790751694622 422612 511604 462184
1790751694644 422612 511604 462184
1790751694664 422612 511604 462184
1790751694690 422612 511604 462184
1790751694713 422616 511604 462184
1790751694739 426456 511604 462184
1790751694763 426456 511604 462184
1790751694788 426456 511604 462184
1790751694810 426456 511604 462184
1790751694837 426456 511604 462184
1790751694863 426456 511604 462184
1790751694885 426456 511604 462184
1790751694910 426456 511604 462184
1790751694931 426456 511604 462184
1790751694955 426456 511604 462184
1790751694976 426456 511604 462184
1790751695000 426456 511604 462184
1790751695021 426456 511604 462184
1790751695046 426456 511604 462184
1790751695069 426456 511604 462184
1790751695094 426456 511604 462184
1790751695119 426456 511604 462184
1790751695141 426456 511604 462184
1790751695163 426456 511604 462184
1790751695184 426456 511604 462184
1790751695213 426456 511604 462184
1790751695234 426456 511604 462184
1790751695254 426456 511604 462184
1790751695280 426456 511604 462184
1790751695304 426456 511604 462184
1790751695327 426456 511604 462184
1790751695353 426456 511604 462184
1790751695375 426456 511604 462184
1790751695400 426456 511604 462184
1790751695425 426456 511604 462184
1790751695451 426456 511604 462184
1790751695473 426456 511604 462184
1790751695498 426456 511604 462184
1790751695523 426456 511604 462184
1790751695545 426456 511604 462184
1790751695567 426456 511604 462184
1790751695588 426456 511604 462184
1790751695609 426456 511604 462184
1790751695635 426456 511604 462184
1790751695657 426456 511604 462184
1790751695679 426456 511604 462184
1790751695700 426456 511604 462184
1790751695726 426456 511604 462184
1790751695750 426456 511604 462184
1790751695774 426456 511604 462184
1790751695796 426456 511604 462184
1790751695817 426456 511604 462184
1790751695840 426456 511604 462184
1790751695861 426456 511604 462184
1790751695885 426456 511604 462184
1790751695907 426456 511604 462184
1790751695932 426456 511604 462184
1790751695957 426456 511604 462184
1790751695985 426456 511604 462184
1790751696012 426456 511604 462184
1790751696037 426456 511604 462184
1790751696058 426456 511604 462184
1790751696082 426456 511604 462184
1790751696109 426456 511604 462184
1790751696130 426456 511604 462184
1790751696156 426456 511604 462184
1790751696181 426456 511604 462184
1790751696203 431544 511604 462184
1790751696226 437200 511604 462184
1790751696248 437200 511604 462184
1790751696273 437200 511604 462184
1790751696299 437200 511604 462184
1790751696323 437200 511604 462184
1790751696347 437200 511604 462184
1790751696368 437200 511604 462184
1790751696391 437200 511604 462184
1790751696412 437200 511604 462184
1790751696437 437200 511604 462184
1790751696461 437200 511604 462184
1790751696489 437200 511604 462184
1790751696513 437200 511604 462184
1790751696538 437200 511604 462184
1790751696561 437204 511604 462184
1790751696584 437204 511604 462184
1790751696610 437204 511604 462184
1790751696637 437204 511604 462184
1790751696666 437204 511604 462184
1790751696689 437204 511604 462184
1790751696711 437204 511604 462184
1790751696736 437204 511604 462184
1790751696761 437204 511604 462184
1790751696783 437204 511604 462184
1790751696808 437204 511604 462184
1790751696831 437204 511604 462184
1790751696853 437204 511604 462184
1790751696879 437204 511604 462184
1790751696903 437204 511604 462184
1790751696925 437204 511604 462184
1790751696950 437204 511604 462184
1790751696975 437204 511604 462184
1790751696997 437204 511604 462184
1790751697018 437204 511604 462184
1790751697039 437204 511604 462184
1790751697061 437204 511604 462184
1790751697083 437204 511604 462184
1790751697109 437204 511604 462184
1790751697135 437204 511604 462184
1790751697159 437204 511604 462184
1790751697181 437204 511604 462184
1790751697206 437204 511604 462184
1790751697228 437204 511604 462184
1790751697249 437204 511604 462184
1790751697276 437204 511604 462184
1790751697300 437204 511604 462184
1790751697322 437204 511604 462184
1790751697344 437204 511604 462184
1790751697365 437204 511604 462184
1790751697388 437204 511604 462184
1790751697411 437204 511604 462184
1790751697439 437204 511604 462184
1790751697463 437204 511604 462184
1790751697488 437204 511604 462184
1790751697509 437204 511604 462184
1790751697532 437204 511604 462184
1790751697557 437204 511604 462184
1790751697579 437204 511604 462184
1790751697601 437204 511604 462184
1790751697626 437204 511604 462184
1790751697649 437204 511604 462184
1790751697670 437204 511604 462184
1790751697695 437204 511604 462184
1790751697716 437204 511604 462184
1790751697743 437204 511604 462184
1790751697765 437204 511604 462184
1790751697787 437204 511604 462184
1790751697811 437204 511604 462184
1790751697838 437204 511604 462184
1790751697864 381388 511604 462184
1790751697889 381388 511604 462184
1790751697910 381388 511604 462184
1790751697933 381388 511604 462184
1790751697954 381388 511604 462184
1790751697977 381388 511604 462184
1790751698002 381388 511604 462184
1790751698025 381388 511604 462184
1790751698047 381388 511604 462184
1790751698070 381388 511604 462184
1790751698111 381388 511604 462184
1790751698134 381388 511604 462184
1790751698157 381388 511604 462184
1790751698183 381388 511604 462184
1790751698206 381388 511604 462184
1790751698231 381388 511604 462184
1790751698255 381388 511604 462184
1790751698277 381388 511604 462184
1790751698300 381388 511604 462184
1790751698322 381388 511604 462184
1790751698344 381388 511604 462184
1790751698367 397188 511604 462184
1790751698388 416956 511604 462184
1790751698411 422612 511604 462184
1790751698438 422612 511604 462184
1790751698460 422612 511604 462184
1790751698483 422612 511604 462184
1790751698505 422612 511604 462184
1790751698527 422612 511604 462184
1790751698552 422612 511604 462184
1790751698580 422612 511604 462184
1790751698605 422612 511604 462184
1790751698626 422612 511604 462184
1790751698647 422612 511604 462184
1790751698672 422612 511604 462184
1790751698693 422612 511604 462184
1790751698718 422612 511604 462184
1790751698745 422612 511604 462184
1790751698772 422612 511604 462184
1790751698798 422612 511604 462184
1790751698823 422612 511604 462184
1790751698845 422612 511604 462184
1790751698867 422612 511604 462184
1790751698892 422612 511604 462184
1790751698915 422612 511604 462184
1790751698937 422612 511604 462184
1790751698962 422612 511604 462184
1790751698987 422612 511604 462184
1790751699009 422612 511604 462184
1790751699036 422612 511604 462184
1790751699058 422612 511604 462184
1790751699084 422612 511604 462184
1790751699112 422612 511604 462184
1790751699135 422612 511604 462184
1790751699157 422612 511604 462184
1790751699179 422612 511604 462184
1790751699201 422612 511604 462184
1790751699223 422612 511604 462184
1790751699250 422612 511604 462184
1790751699277 422612 511604 462184
1790751699298 422612 511604 462184
1790751699320 422612 511604 462184
1790751699342 422612 511604 462184
1790751699367 422612 511604 462184
1790751699394 422612 511604 462184
1790751699415 422612 511604 462184
1790751699439 422612 511604 462184
1790751699465 422612 511604 462184
1790751699490 422612 511604 462184
1790751699513 422612 511604 462184
1790751699537 422612 511604 462184
1790751699563 422612 511604 462184
1790751699585 422612 511604 462184
1790751699607 422612 511604 462184
1790751699633 422612 511604 462184
1790751699656 422612 511604 462184
1790751699677 422612 511604 462184
1790751699699 422612 511604 462184
1790751699719 422612 511604 462184
1790751699744 422612 511604 462184
1790751699766 422612 511604 462184
1790751699790 422612 511604 462184
1790751699812 422612 511604 462184
1790751699838 422612 511604 462184
1790751699860 422612 511604 462184
1790751699886 422612 511604 462184
1790751699910 422612 511604 462184
1790751699931 422612 511604 462184
1790751699955 422612 511604 462184
1790751699979 422612 511604 462184
1790751700003 422612 511604 462184
1790751700024 422612 511604 462184
1790751700046 422612 511604 462184
1790751700074 422612 511604 462184
1790751700098 422612 511604 462184
1790751700120 422612 511604 462184
1790751700146 422612 511604 462184
1790751700172 422612 511604 462184
1790751700196 422612 511604 462184
1790751700217 422612 511604 462184
1790751700240 422612 511604 462184
1790751700260 422612 511604 462184
1790751700281 422612 511604 462184
1790751700302 422612 511604 462184
1790751700328 422612 511604 462184
1790751700354 422612 511604 462184
1790751700379 422612 511604 462184
1790751700400 422612 511604 462184
1790751700427 422612 511604 462184
1790751700448 422612 511604 462184
1790751700472 422612 511604 462184
1790751700498 422612 511604 462184
1790751700522 422612 511604 462184
1790751700548 422612 511604 462184
1790751700572 422612 511604 462184
1790751700593 422612 511604 462184
1790751700615 422612 511604 462184
1790751700635 422612 511604 462184
1790751700659 422612 511604 462184
1790751700682 422612 511604 462184
1790751700704 422612 511604 462184
1790751700730 422612 511604 462184
1790751700753 422612 511604 462184
1790751700774 422612 511604 462184
1790751700801 422612 511604 462184
1790751700828 422612 511604 462184
1790751700849 422612 511604 462184
1790751700875 422612 511604 462184
1790751700899 422612 511604 462184
1790751700924 422612 511604 462184
1790751700946 422612 511604 462184
1790751700972 422612 511604 462184
1790751700998 422612 511604 462184
1790751701021 422612 511604 462184
1790751701042 422612 511604 462184
1790751701068 422612 511604 462184
1790751701089 422612 511604 462184
1790751701116 422612 511604 462184
1790751701137 422612 511604 462184
1790751701158 422612 511604 462184
1790751701179 422612 511604 462184
1790751701203 422612 511604 462184
1790751701224 422612 511604 462184
1790751701245 422612 511604 462184
1790751701269 422612 511604 462184
1790751701294 422612 511604 462184
1790751701321 422612 511604 462184
1790751701342 422612 511604 462184
1790751701368 422612 511604 462184
1790751701393 422612 511604 462184
1790751701414 422612 511604 462184
1790751701441 422612 511604 462184
1790751701465 422612 511604 462184
1790751701488 422612 511604 462184
1790751701510 422612 511604 462184
1790751701531 422612 511604 462184
1790751701552 422612 511604 462184
1790751701576 422612 511604 462184
1790751701602 422612 511604 462184
1790751701626 422612 511604 462184
1790751701651 422612 511604 462184
1790751701672 422612 511604 462184
1790751701697 422612 511604 462184
1790751701721 422612 511604 462184
1790751701745 422612 511604 462184
1790751701766 422612 511604 462184
1790751701790 422612 511604 462184
1790751701813 422612 511604 462184
1790751701839 422612 511604 462184
1790751701861 422612 511604 462184
1790751701886 422612 511604 462184
1790751701910 422612 511604 462184
1790751701930 422612 511604 462184
1790751701952 422612 511604 462184
1790751701979 422612 511604 462184
1790751702002 422612 511604 462184
1790751702028 422612 511604 462184
1790751702050 422612 511604 462184
1790751702071 422612 511604 462184
1790751702091 422612 511604 462184
1790751702114 422612 511604 462184
1790751702135 422612 511604 462184
1790751702159 422612 511604 462184
1790751702183 422612 511604 462184
1790751702210 422612 511604 462184
1790751702234 422612 511604 462184
1790751702257 422612 511604 462184
1790751702281 422612 511604 462184
1790751702302 422612 511604 462184
1790751702323 422612 511604 462184
1790751702349 422612 511604 462184
1790751702376 422612 511604 462184
1790751702396 422612 511604 462184
1790751702421 422612 511604 462184
1790751702446 422612 511604 462184
1790751702467 422612 511604 462184
1790751702492 422612 511604 462184
1790751702515 422612 511604 462184
1790751702541 422612 511604 462184
1790751702563 422616 511604 462184
1790751702589 426460 511604 462184
1790751702614 426460 511604 462184
1790751702639 426460 511604 462184
1790751702666 426460 511604 462184
1790751702693 426460 511604 462184
1790751702715 426460 511604 462184
1790751702738 426460 511604 462184
1790751702763 426460 511604 462184
1790751702789 426460 511604 462184
1790751702811 426460 511604 462184
1790751702837 426460 511604 462184
1790751702861 426460 511604 462184
1790751702883 426460 511604 462184
1790751702904 426460 511604 462184
1790751702929 426460 511604 462184
1790751702950 426460 511604 462184
1790751702975 426460 511604 462184
1790751702996 426460 511604 462184
1790751703020 426460 511604 462184
1790751703041 426460 511604 462184
1790751703062 426460 511604 462184
1790751703090 426460 511604 462184
1790751703111 426460 511604 462184
1790751703131 426460 511604 462184
1790751703159 426460 511604 462184
1790751703183 426460 511604 462184
1790751703204 426460 511604 462184
1790751703228 426460 511604 462184
1790751703254 426460 511604 462184
1790751703275 426460 511604 462184
1790751703300 426460 511604 462184
1790751703322 426460 511604 462184
1790751703342 426460 511604 462184
1790751703365 426460 511604 462184
1790751703387 426460 511604 462184
1790751703409 426460 511604 462184
1790751703430 426460 511604 462184
1790751703455 426460 511604 462184
1790751703475 426460 511604 462184
1790751703496 426460 511604 462184
1790751703524 426460 511604 462184
1790751703545 426460 511604 462184
1790751703572 426460 511604 462184
1790751703593 426460 511604 462184
1790751703614 426460 511604 462184
1790751703638 426460 511604 462184
1790751703660 426460 511604 462184
1790751703685 426460 511604 462184
1790751703707 426460 511604 462184
1790751703728 426460 511604 462184
1790751703752 426460 511604 462184
1790751703779 426460 511604 462184
1790751703800 426460 511604 462184
1790751703821 426460 511604 462184
1790751703845 426460 511604 462184
1790751703871 426460 511604 462184
1790751703892 426460 511604 462184
1790751703918 426460 511604 462184
1790751703938 426460 511604 462184
1790751703960 426460 511604 462184
1790751703984 426460 511604 462184
1790751704006 426460 511604 462184
1790751704027 426460 511604 462184
1790751704047 426460 511604 462184
1790751704073 426460 511604 462184
1790751704099 426460 511604 462184
1790751704121 435812 511604 462184
1790751704146 437204 511604 462184
1790751704170 437204 511604 462184
1790751704193 437204 511604 462184
1790751704213 437204 511604 462184
1790751704234 437204 511604 462184
1790751704256 437204 511604 462184
1790751704284 437204 511604 462184
1790751704307 437204 511604 462184
1790751704334 437204 511604 462184
1790751704355 437204 511604 462184
1790751704378 437204 511604 462184
1790751704401 437204 511604 462184
1790751704422 437204 511604 462184
1790751704448 437204 511604 462184
1790751704476 437204 511604 462184
1790751704502 437204 511604 462184
1790751704523 437204 511604 462184
1790751704550 437204 511604 462184
1790751704577 437204 511604 462184
1790751704598 437204 511604 462184
1790751704623 437204 511604 462184
1790751704650 437204 511604 462184
1790751704675 437204 511604 462184
1790751704699 437204 511604 462184
1790751704724 437204 511604 462184
1790751704753 437204 511604 462184
1790751704779 437204 511604 462184
1790751704806 437204 511604 462184
1790751704829 437204 511604 462184
1790751704856 437204 511604 462184
1790751704882 437204 511604 462184
1790751704904 437204 511604 462184
1790751704928 437204 511604 462184
1790751704953 437204 511604 462184
1790751704977 437204 511604 462184
1790751705003 437204 511604 462184
1790751705027 437204 511604 462184
1790751705054 437204 511604 462184
1790751705080 437204 511604 462184
1790751705107 437204 511604 462184
1790751705129 437204 511604 462184
1790751705157 437204 511604 462184
1790751705178 437204 511604 462184
1790751705200 437204 511604 462184
1790751705225 437204 511604 462184
1790751705250 437204 511604 462184
1790751705272 437204 511604 462184
1790751705293 437204 511604 462184
1790751705320 437204 511604 462184
1790751705343 437204 511604 462184
1790751705364 437204 511604 462184
1790751705387 381388 511604 462184
1790751705407 381388 511604 462184
1790751705433 381388 511604 462184
1790751705458 381388 511604 462184
1790751705479 381388 511604 462184
1790751705504 381388 511604 462184
1790751705524 381388 511604 462184
1790751705550 381388 511604 462184
1790751705573 381388 511604 462184
1790751705595 381388 511604 462184
1790751705616 381388 511604 462184
1790751705641 381388 511604 462184
1790751705666 381388 511604 462184
1790751705687 381388 511604 462184
1790751705709 381388 511604 462184
1790751705732 381388 511604 462184
1790751705758 381388 511604 462184
1790751705779 381388 511604 462184
1790751705803 381388 511604 462184
1790751705826 381388 511604 462184
1790751705847 381388 511604 462184
1790751705868 381388 511604 462184
1790751705889 381388 511604 462184
1790751705911 381388 511604 462184
1790751705937 381388 511604 462184
1790751705958 381388 511604 462184
1790751705979 381388 511604 462184
1790751706003 381388 511604 462184
1790751706026 381388 511604 462184
1790751706048 381388 511604 462184
1790751706072 381388 511604 462184
1790751706093 381388 511604 462184
1790751706118 381388 511604 462184
1790751706140 381388 511604 462184
1790751706163 381388 511604 462184
1790751706184 381388 511604 462184
1790751706208 381388 511604 462184
1790751706228 381388 511604 462184
1790751706255 381388 511604 462184
1790751706280 381388 511604 462184
1790751706304 381388 511604 462184
1790751706326 381388 511604 462184
1790751706350 381388 511604 462184
1790751706371 381388 511604 462184
1790751706391 383780 511604 462184
1790751706410 412808 511604 462184
1790751706433 422612 511604 462184
1790751706458 422612 511604 462184
1790751706480 422612 511604 462184
1790751706502 422612 511604 462184
1790751706524 422612 511604 462184
1790751706549 422612 511604 462184
1790751706570 422612 511604 462184
1790751706597 422612 511604 462184
1790751706619 422612 511604 462184
1790751706642 422612 511604 462184
1790751706667 422612 511604 462184
1790751706691 422612 511604 462184
1790751706718 422612 511604 462184
1790751706739 422612 511604 462184
1790751706767 422612 511604 462184
1790751706788 422612 511604 462184
1790751706815 422612 511604 462184
1790751706837 422612 511604 462184
1790751706865 422612 511604 462184
1790751706885 422612 511604 462184
1790751706911 422612 511604 462184
1790751706933 422612 511604 462184
1790751706958 422612 511604 462184
1790751706984 422612 511604 462184
1790751707009 422612 511604 462184
1790751707036 422612 511604 462184
1790751707062 422612 511604 462184
1790751707088 422612 511604 462184
1790751707111 422612 511604 462184
1790751707136 422612 511604 462184
1790751707161 422612 511604 462184
1790751707185 422612 511604 462184
1790751707214 422612 511604 462184
1790751707242 422612 511604 462184
1790751707263 422612 511604 462184
1790751707284 422612 511604 462184
1790751707305 422612 511604 462184
1790751707327 422612 511604 462184
1790751707353 422612 511604 462184
1790751707378 422612 511604 462184
1790751707399 422612 511604 462184
1790751707420 422612 511604 462184
1790751707441 422612 511604 462184
1790751707463 422612 511604 462184
1790751707483 422612 511604 462184
1790751707507 422612 511604 462184
1790751707529 422612 511604 462184
1790751707551 422612 511604 462184
1790751707571 422612 511604 462184
1790751707598 422612 511604 462184
1790751707620 422612 511604 462184
1790751707642 422612 511604 462184
1790751707663 422612 511604 462184
1790751707687 422612 511604 462184
1790751707711 422612 511604 462184
1790751707732 422612 511604 462184
1790751707759 422612 511604 462184
1790751707783 422612 511604 462184
1790751707809 422612 511604 462184
1790751707831 422612 511604 462184
1790751707857 422612 511604 462184
1790751707880 422612 511604 462184
1790751707907 422612 511604 462184
1790751707930 422612 511604 462184
1790751707955 422612 511604 462184
1790751707980 422612 511604 462184
1790751708006 422612 511604 462184
1790751708028 422612 511604 462184
1790751708050 422612 511604 462184
1790751708071 422612 511604 462184
1790751708092 422612 511604 462184
1790751708112 422612 511604 462184
1790751708138 422612 511604 462184
1790751708163 422612 511604 462184
1790751708189 422612 511604 462184
1790751708213 422612 511604 462184
1790751708234 422612 511604 462184
1790751708255 422612 511604 462184
1790751708276 422612 511604 462184
1790751708297 422612 511604 462184
1790751708321 422612 511604 462184
1790751708346 422612 511604 462184
1790751708368 422612 511604 462184
1790751708394 422612 511604 462184
1790751708417 422612 511604 462184
1790751708441 422612 511604 462184
1790751708463 422612 511604 462184
1790751708484 422612 511604 462184
1790751708505 422612 511604 462184
1790751708532 422612 511604 462184
1790751708553 422612 511604 462184
1790751708573 422612 511604 462184
1790751708594 422612 511604 462184
1790751708614 422612 511604 462184
1790751708641 422612 511604 462184
1790751708666 422612 511604 462184
1790751708691 422612 511604 462184
1790751708717 422612 511604 462184
1790751708740 422612 511604 462184
1790751708762 422612 511604 462184
1790751708787 422612 511604 462184
1790751708811 422612 511604 462184
1790751708834 422612 511604 462184
1790751708855 422612 511604 462184
1790751708880 422612 511604 462184
1790751708901 422612 511604 462184
1790751708922 422612 511604 462184
1790751708943 422612 511604 462184
1790751708964 422612 511604 462184
1790751708988 422612 511604 462184
1790751709010 422612 511604 462184
1790751709037 422612 511604 462184
1790751709061 422612 511604 462184
1790751709086 422612 511604 462184
1790751709108 422612 511604 462184
1790751709132 422612 511604 462184
1790751709154 422612 511604 462184
1790751709177 422612 511604 462184
1790751709200 422612 511604 462184
1790751709221 422612 511604 462184
1790751709247 422612 511604 462184
1790751709273 422612 511604 462184
1790751709294 422612 511604 462184
1790751709319 422612 511604 462184
1790751709341 422612 511604 462184
1790751709362 422612 511604 462184
1790751709383 422612 511604 462184
1790751709404 422612 511604 462184
1790751709427 422612 511604 462184
1790751709448 422612 511604 462184
1790751709474 422612 511604 462184
1790751709498 422612 511604 462184
1790751709519 422612 511604 462184
1790751709540 422612 511604 462184
1790751709565 422612 511604 462184
1790751709585 422612 511604 462184
1790751709606 422612 511604 462184
1790751709629 422612 511604 462184
1790751709654 422612 511604 462184
1790751709679 422612 511604 462184
1790751709702 422612 511604 462184
1790751709722 422612 511604 462184
1790751709744 422612 511604 462184
1790751709764 422612 511604 462184
1790751709790 422612 511604 462184
1790751709813 422612 511604 462184
1790751709836 422612 511604 462184
1790751709859 422612 511604 462184
1790751709880 422612 511604 462184
1790751709907 422612 511604 462184
1790751709932 422612 511604 462184
1790751709956 422612 511604 462184
1790751709977 422612 511604 462184
1790751709997 422612 511604 462184
1790751710019 422612 511604 462184
1790751710046 422612 511604 462184
1790751710071 422612 511604 462184
1790751710094 422612 511604 462184
1790751710121 422612 511604 462184
1790751710142 422612 511604 462184
1790751710167 422612 511604 462184
1790751710193 422612 511604 462184
1790751710214 422612 511604 462184
1790751710234 422612 511604 462184
1790751710255 422612 511604 462184
1790751710276 422612 511604 462184
1790751710297 422612 511604 462184
1790751710317 422612 511604 462184
1790751710343 422612 511604 462184
1790751710367 422612 511604 462184
1790751710388 422612 511604 462184
1790751710408 422612 511604 462184
1790751710433 422612 511604 462184
1790751710453 422612 511604 462184
1790751710475 422612 511604 462184
1790751710501 422612 511604 462184
1790751710522 422612 511604 462184
1790751710543 422612 511604 462184
1790751710564 422612 511604 462184
1790751710589 422612 511604 462184
1790751710612 422616 511604 462184
1790751710633 422812 511604 462184
1790751710661 426460 511604 462184
1790751710682 426460 511604 462184
1790751710707 426460 511604 462184
1790751710731 426460 511604 462184
1790751710755 426460 511604 462184
1790751710777 426460 511604 462184
1790751710802 426460 511604 462184
1790751710823 426460 511604 462184
1790751710844 426460 511604 462184
1790751710865 426460 511604 462184
1790751710886 426460 511604 462184
1790751710912 426460 511604 462184
1790751710935 426460 511604 462184
1790751710956 426460 511604 462184
1790751710980 426460 511604 462184
1790751711002 426460 511604 462184
1790751711022 426460 511604 462184
1790751711043 426460 511604 462184
1790751711063 426460 511604 462184
1790751711084 426460 511604 462184
1790751711104 426460 511604 462184
1790751711130 426460 511604 462184
1790751711150 426460 511604 462184
1790751711171 426460 511604 462184
1790751711191 426460 511604 462184
1790751711213 426460 511604 462184
1790751711234 426460 511604 462184
1790751711255 426460 511604 462184
1790751711282 426460 511604 462184
1790751711302 426460 511604 462184
1790751711323 426460 511604 462184
1790751711344 426460 511604 462184
1790751711365 426460 511604 462184
1790751711388 426460 511604 462184
1790751711409 426460 511604 462184
1790751711429 426460 511604 462184
1790751711456 426460 511604 462184
1790751711482 426460 511604 462184
1790751711505 426460 511604 462184
1790751711529 426460 511604 462184
1790751711552 426460 511604 462184
1790751711573 426460 511604 462184
1790751711593 426460 511604 462184
1790751711614 426460 511604 462184
1790751711635 426460 511604 462184
1790751711657 426460 511604 462184
1790751711682 426460 511604 462184
1790751711702 426460 511604 462184
1790751711723 426460 511604 462184
1790751711744 426460 511604 462184
1790751711767 426460 511604 462184
1790751711788 426460 511604 462184
1790751711808 426460 511604 462184
1790751711829 426460 511604 462184
1790751711856 426460 511604 462184
1790751711877 426460 511604 462184
1790751711898 426460 511604 462184
1790751711923 426460 511604 462184
1790751711944 426460 511604 462184
1790751711968 426460 511604 462184
1790751711990 426460 511604 462184
1790751712012 431648 511604 462184
1790751712033 431648 511604 462184
1790751712059 437204 511604 462184
1790751712083 437204 511604 462184
1790751712109 437204 511604 462184
1790751712130 437204 511604 462184
1790751712151 437204 511604 462184
1790751712176 437204 511604 462184
1790751712197 437204 511604 462184
1790751712218 437204 511604 462184
1790751712240 437204 511604 462184
1790751712260 437204 511604 462184
1790751712284 437204 511604 462184
1790751712305 437204 511604 462184
1790751712327 437204 511604 462184
1790751712353 437204 511604 462184
1790751712374 437204 511604 462184
1790751712396 437204 511604 462184
1790751712417 437204 511604 462184
1790751712438 437204 511604 462184
1790751712458 437204 511604 462184
1790751712479 437204 511604 462184
1790751712499 437204 511604 462184
1790751712521 437204 511604 462184
1790751712542 437204 511604 462184
1790751712563 437204 511604 462184
1790751712583 437204 511604 462184
1790751712605 437204 511604 462184
1790751712625 437204 511604 462184
1790751712647 437204 511604 462184
1790751712669 437204 511604 462184
1790751712694 437204 511604 462184
1790751712715 437204 511604 462184
1790751712736 437204 511604 462184
1790751712756 437204 511604 462184
1790751712777 437204 511604 462184
1790751712797 437204 511604 462184
1790751712818 437204 511604 462184
1790751712839 437204 511604 462184
1790751712860 437204 511604 462184
1790751712880 437204 511604 462184
1790751712903 437204 511604 462184
1790751712925 437204 511604 462184
1790751712947 437204 511604 462184
1790751712968 437204 511604 462184
1790751712993 437204 511604 462184
1790751713014 437204 511604 462184
1790751713039 437204 511604 462184
1790751713062 437204 511604 462184
1790751713084 437204 511604 462184
1790751713105 437204 511604 462184
1790751713126 437204 511604 462184
1790751713148 437204 511604 462184
1790751713173 437204 511604 462184
1790751713194 437204 511604 462184
1790751713214 437204 511604 462184
1790751713236 437204 511604 462184
1790751713258 437204 511604 462184
1790751713279 437204 511604 462184
1790751713300 437204 511604 462184
1790751713321 437204 511604 462184
1790751713343 437204 511604 462184
1790751713364 437204 511604 462184
1790751713386 437204 511604 462184
1790751713407 437204 511604 462184
1790751713433 437204 511604 462184
1790751713459 381388 511604 462184
1790751713480 381388 511604 462184
1790751713500 381388 511604 462184
1790751713524 381388 511604 462184
1790751713544 381388 511604 462184
1790751713565 381388 511604 462184
1790751713585 381388 511604 462184
1790751713606 381388 511604 462184
1790751713627 381388 511604 462184
1790751713648 381388 511604 462184
1790751713668 381388 511604 462184
1790751713689 381388 511604 462184
1790751713709 381388 511604 462184
1790751713730 381388 511604 462184
1790751713750 381388 511604 462184
1790751713770 381388 511604 462184
1790751713790 381388 511604 462184
1790751713811 381388 511604 462184
1790751713831 381388 511604 462184
1790751713852 381388 511604 462184
1790751713872 381388 511604 462184
1790751713894 381388 511604 462184
1790751713914 381388 511604 462184
1790751713934 381388 511604 462184
1790751713954 381388 511604 462184
1790751713976 381388 511604 462184
1790751713997 381388 511604 462184
1790751714018 381388 511604 462184
1790751714038 381388 511604 462184
1790751714058 381388 511604 462184
1790751714079 381388 511604 462184
1790751714098 381388 511604 462184
1790751714119 381388 511604 462184
1790751714140 383216 511604 462184
1790751714161 407584 511604 462184
1790751714184 417056 511604 462184
1790751714207 422612 511604 462184
1790751714228 422612 511604 462184
1790751714249 422612 511604 462184
1790751714270 422612 511604 462184
1790751714290 422612 511604 462184
1790751714311 422612 511604 462184
1790751714331 422612 511604 462184
1790751714352 422612 511604 462184
1790751714374 422612 511604 462184
1790751714395 422612 511604 462184
1790751714416 422612 511604 462184
1790751714440 422612 511604 462184
1790751714461 422612 511604 462184
1790751714482 422612 511604 462184
1790751714504 422612 511604 462184
1790751714526 422612 511604 462184
1790751714550 422612 511604 462184
1790751714571 422612 511604 462184
1790751714591 422612 511604 462184
1790751714611 422612 511604 462184
1790751714632 422612 511604 462184
1790751714653 422612 511604 462184
1790751714674 422612 511604 462184
1790751714695 422612 511604 462184
1790751714717 422612 511604 462184
1790751714738 422612 511604 462184
1790751714759 422612 511604 462184
1790751714780 422612 511604 462184
1790751714802 422612 511604 462184
1790751714824 422612 511604 462184
1790751714845 422612 511604 462184
1790751714866 422612 511604 462184
1790751714886 422612 511604 462184
1790751714908 422612 511604 462184
1790751714929 422612 511604 462184
1790751714950 422612 511604 462184
1790751714972 422612 511604 462184
1790751714993 422612 511604 462184
1790751715015 422612 511604 462184
1790751715036 422612 511604 462184
1790751715057 422612 511604 462184
1790751715077 422612 511604 462184
1790751715099 422612 511604 462184
1790751715121 422612 511604 462184
1790751715142 422612 511604 462184
1790751715163 422612 511604 462184
1790751715183 422612 511604 462184
1790751715205 422612 511604 462184
1790751715232 422612 511604 462184
1790751715255 422612 511604 462184
1790751715275 422612 511604 462184
1790751715300 422612 511604 462184
1790751715320 422612 511604 462184
1790751715340 422612 511604 462184
1790751715367 422612 511604 462184
1790751715389 422612 511604 462184
1790751715409 422612 511604 462184
1790751715429 422612 511604 462184
1790751715450 422612 511604 462184
1790751715472 422612 511604 462184
1790751715493 422612 511604 462184
1790751715521 422612 511604 462184
1790751715545 422612 511604 462184
1790751715570 422612 511604 462184
1790751715591 422612 511604 462184
1790751715612 422612 511604 462184
1790751715639 422612 511604 462184
1790751715664 422612 511604 462184
1790751715685 422612 511604 462184
1790751715706 422612 511604 462184
1790751715731 422612 511604 462184
1790751715753 422612 511604 462184
1790751715775 422612 511604 462184
1790751715797 422612 511604 462184
1790751715819 422612 511604 462184
1790751715840 422612 511604 462184
1790751715865 422612 511604 462184
1790751715886 422612 511604 462184
1790751715907 422612 511604 462184
1790751715928 422612 511604 462184
1790751715949 422612 511604 462184
1790751715970 422612 511604 462184
1790751715991 422612 511604 462184
1790751716011 422612 511604 462184
1790751716033 422612 511604 462184
1790751716055 422612 511604 462184
1790751716077 422612 511604 462184
1790751716098 422612 511604 462184
1790751716119 422612 511604 462184
1790751716140 422612 511604 462184
1790751716161 422612 511604 462184
1790751716182 422612 511604 462184
1790751716203 422612 511604 462184
1790751716223 422612 511604 462184
1790751716245 422612 511604 462184
1790751716266 422612 511604 462184
1790751716287 422612 511604 462184
1790751716314 422612 511604 462184
1790751716335 422612 511604 462184
1790751716357 422612 511604 462184
1790751716378 422612 511604 462184
1790751716400 422612 511604 462184
1790751716421 422612 511604 462184
1790751716441 422612 511604 462184
1790751716462 422612 511604 462184
1790751716483 422612 511604 462184
1790751716509 422612 511604 462184
1790751716537 422612 511604 462184
1790751716559 422612 511604 462184
1790751716581 422612 511604 462184
1790751716602 422612 511604 462184
1790751716623 422612 511604 462184
1790751716650 422612 511604 462184
1790751716673 422612 511604 462184
1790751716694 422612 511604 462184
1790751716715 422612 511604 462184
1790751716739 422612 511604 462184
1790751716765 422612 511604 462184
1790751716788 422612 511604 462184
1790751716810 422612 511604 462184
1790751716831 422612 511604 462184
1790751716854 422612 511604 462184
1790751716877 422612 511604 462184
1790751716898 422612 511604 462184
1790751716918 422612 511604 462184
1790751716945 422612 511604 462184
1790751716967 422612 511604 462184
1790751716988 422612 511604 462184
1790751717010 422612 511604 462184
1790751717033 422612 511604 462184
1790751717054 422612 511604 462184
1790751717075 422612 511604 462184
1790751717096 422612 511604 462184
1790751717116 422612 511604 462184
1790751717138 422612 511604 462184
1790751717164 422612 511604 462184
1790751717185 422612 511604 462184
1790751717206 422612 511604 462184
1790751717232 422612 511604 462184
1790751717257 422612 511604 462184
1790751717282 422612 511604 462184
1790751717303 422612 511604 462184
1790751717324 422612 511604 462184
1790751717345 422612 511604 462184
1790751717366 422612 511604 462184
1790751717391 422612 511604 462184
1790751717415 422612 511604 462184
1790751717441 422612 511604 462184
1790751717466 422612 511604 462184
1790751717492 422612 511604 462184
1790751717520 422612 511604 462184
1790751717543 422612 511604 462184
1790751717564 422612 511604 462184
1790751717586 422612 511604 462184
1790751717608 422612 511604 462184
1790751717631 422612 511604 462184
1790751717652 422612 511604 462184
1790751717673 422612 511604 462184
1790751717694 422612 511604 462184
1790751717716 422612 511604 462184
1790751717737 422612 511604 462184
1790751717757 422612 511604 462184
1790751717779 422612 511604 462184
1790751717800 422612 511604 462184
1790751717824 422612 511604 462184
1790751717849 422612 511604 462184
1790751717870 422612 511604 462184
1790751717892 422612 511604 462184
1790751717918 422612 511604 462184
1790751717940 422612 511604 462184
1790751717965 422612 511604 462184
1790751717988 422612 511604 462184
1790751718010 422612 511604 462184
1790751718032 422612 511604 462184
1790751718055 422612 511604 462184
1790751718076 422612 511604 462184
1790751718099 422612 511604 462184
1790751718124 422616 511604 462184
1790751718146 426460 511604 462184
1790751718167 426460 511604 462184
1790751718194 426460 511604 462184
1790751718220 426460 511604 462184
1790751718241 426460 511604 462184
1790751718269 426460 511604 462184
1790751718296 426460 511604 462184
1790751718318 426460 511604 462184
1790751718342 426460 511604 462184
1790751718363 426460 511604 462184
1790751718384 426460 511604 462184
1790751718407 426460 511604 462184
1790751718428 426460 511604 462184
1790751718450 426460 511604 462184
1790751718475 426460 511604 462184
1790751718496 426460 511604 462184
1790751718517 426460 511604 462184
1790751718542 426460 511604 462184
1790751718568 426460 511604 462184
1790751718589 426460 511604 462184
1790751718610 426460 511604 462184
1790751718631 426460 511604 462184
1790751718653 426460 511604 462184
1790751718679 426460 511604 462184
1790751718700 426460 511604 462184
1790751718722 426460 511604 462184
1790751718743 426460 511604 462184
1790751718765 426460 511604 462184
1790751718788 426460 511604 462184
1790751718809 426460 511604 462184
1790751718830 426460 511604 462184
1790751718851 426460 511604 462184
1790751718873 426460 511604 462184
1790751718894 426460 511604 462184
1790751718916 426460 511604 462184
1790751718937 426460 511604 462184
1790751718959 426460 511604 462184
1790751718980 426460 511604 462184
1790751719001 426460 511604 462184
1790751719021 426460 511604 462184
1790751719050 426460 511604 462184
1790751719075 426460 511604 462184
1790751719097 426460 511604 462184
1790751719124 426460 511604 462184
1790751719146 426460 511604 462184
1790751719168 426460 511604 462184
1790751719194 426460 511604 462184
1790751719219 426460 511604 462184
1790751719241 426460 511604 462184
1790751719262 426460 511604 462184
1790751719284 426460 511604 462184
1790751719305 426460 511604 462184
1790751719327 426460 511604 462184
1790751719348 426460 511604 462184
1790751719370 426460 511604 462184
1790751719392 426460 511604 462184
1790751719413 426460 511604 462184
1790751719441 426460 511604 462184
1790751719465 426460 511604 462184
1790751719487 426460 511604 462184
1790751719508 426460 511604 462184
1790751719529 426460 511604 462184
1790751719551 431548 511604 462184
1790751719572 437204 511604 462184
1790751719594 437204 511604 462184
1790751719619 437204 511604 462184
1790751719641 437204 511604 462184
1790751719662 437204 511604 462184
1790751719683 437204 511604 462184
1790751719705 437204 511604 462184
1790751719727 437204 511604 462184
1790751719749 437204 511604 462184
1790751719769 437204 511604 462184
1790751719791 437204 511604 462184
1790751719812 437204 511604 462184
1790751719836 437204 511604 462184
1790751719859 437204 511604 462184
1790751719881 437204 511604 462184
1790751719902 437204 511604 462184
1790751719923 437204 511604 462184
1790751719944 437204 511604 462184
1790751719966 437204 511604 462184
1790751719987 437204 511604 462184
1790751720015 437204 511604 462184
1790751720037 437204 511604 462184
1790751720059 437204 511604 462184
1790751720080 437204 511604 462184
1790751720106 437204 511604 462184
1790751720127 437204 511604 462184
1790751720148 437204 511604 462184
1790751720169 437204 511604 462184
1790751720190 437204 511604 462184
1790751720210 437208 511604 462184
1790751720231 437208 511604 462184
1790751720253 437208 511604 462184
1790751720276 437208 511604 462184
1790751720303 437208 511604 462184
1790751720324 437208 511604 462184
1790751720347 437208 511604 462184
1790751720369 437208 511604 462184
1790751720390 437208 511604 462184
1790751720410 437208 511604 462184
1790751720432 437208 511604 462184
1790751720457 437208 511604 462184
1790751720479 437208 511604 462184
1790751720501 437208 511604 462184
1790751720526 437208 511604 462184
1790751720548 437208 511604 462184
1790751720570 437208 511604 462184
1790751720591 437208 511604 462184
1790751720615 437208 511604 462184
1790751720637 437208 511604 462184
1790751720667 437208 511604 462184
1790751720691 437208 511604 462184
1790751720716 437208 511604 462184
1790751720737 437208 511604 462184
1790751720759 437208 511604 462184
1790751720780 437208 511604 462184
1790751720801 437208 511604 462184
1790751720821 437208 511604 462184
1790751720846 437208 511604 462184
1790751720867 437208 511604 462184
1790751720890 437208 511604 462184
1790751720911 437208 511604 462184
1790751720933 437208 511604 462184
1790751720956 437208 511604 462184
1790751720977 437208 511604 462184
1790751720999 381388 511604 462184
1790751721019 381388 511604 462184
1790751721040 381388 511604 462184
1790751721060 381388 511604 462184
1790751721081 381388 511604 462184
1790751721101 381388 511604 462184
1790751721123 381388 511604 462184
1790751721144 381388 511604 462184
1790751721165 381388 511604 462184
1790751721186 381388 511604 462184
1790751721206 381388 511604 462184
1790751721232 381388 511604 462184
1790751721255 381388 511604 462184
1790751721282 381388 511604 462184
1790751721303 381388 511604 462184
1790751721328 381388 511604 462184
1790751721349 381388 511604 462184
1790751721371 381388 511604 462184
1790751721392 381388 511604 462184
1790751721412 381388 511604 462184
1790751721432 381388 511604 462184
1790751721454 381388 511604 462184
1790751721474 381388 511604 462184
1790751721495 381388 511604 462184
1790751721518 381388 511604 462184
1790751721539 381388 511604 462184
1790751721564 381388 511604 462184
1790751721585 381388 511604 462184
1790751721608 381388 511604 462184
1790751721630 381388 511604 462184
1790751721651 396408 511604 462184
1790751721679 416956 511604 462184
1790751721702 422612 511604 462184
1790751721725 422612 511604 462184
1790751721748 422612 511604 462184
1790751721773 422612 511604 462184
1790751721797 422612 511604 462184
1790751721822 422612 511604 462184
1790751721847 422612 511604 462184
1790751721868 422612 511604 462184
1790751721890 422612 511604 462184
1790751721914 422612 511604 462184
1790751721940 422612 511604 462184
1790751721965 422612 511604 462184
1790751721987 422612 511604 462184
1790751722008 422612 511604 462184
1790751722033 422616 511604 462184
1790751722057 422616 511604 462184
1790751722082 422616 511604 462184
1790751722103 422616 511604 462184
1790751722129 422616 511604 462184
1790751722154 422616 511604 462184
1790751722175 422616 511604 462184
1790751722196 422616 511604 462184
1790751722217 422616 511604 462184
1790751722238 422616 511604 462184
1790751722259 422616 511604 462184
1790751722284 422616 511604 462184
1790751722306 422616 511604 462184
1790751722328 422616 511604 462184
1790751722349 422616 511604 462184
1790751722373 422616 511604 462184
1790751722401 422616 511604 462184
1790751722422 422616 511604 462184
1790751722448 422616 511604 462184
1790751722470 422616 511604 462184
1790751722490 422616 511604 462184
1790751722514 422616 511604 462184
1790751722540 422616 511604 462184
1790751722561 422616 511604 462184
1790751722585 422616 511604 462184
1790751722608 422616 511604 462184
1790751722629 422616 511604 462184
1790751722651 422616 511604 462184
1790751722677 422616 511604 462184
1790751722698 422616 511604 462184
1790751722722 422616 511604 462184
1790751722746 422616 511604 462184
1790751722770 422616 511604 462184
1790751722794 422616 511604 462184
1790751722815 422616 511604 462184
1790751722837 422616 511604 462184
1790751722860 422616 511604 462184
1790751722881 422616 511604 462184
1790751722902 422616 511604 462184
1790751722928 422616 511604 462184
1790751722951 422616 511604 462184
1790751722975 422616 511604 462184
1790751722999 422616 511604 462184
1790751723021 422616 511604 462184
1790751723042 422616 511604 462184
1790751723065 422616 511604 462184
1790751723086 422616 511604 462184
1790751723111 422616 511604 462184
1790751723135 422616 511604 462184
1790751723156 422616 511604 462184
1790751723180 422616 511604 462184
1790751723204 422616 511604 462184
1790751723228 422616 511604 462184
1790751723253 422616 511604 462184
1790751723277 422616 511604 462184
1790751723299 422616 511604 462184
1790751723324 422616 511604 462184
1790751723348 422616 511604 462184
1790751723369 422616 511604 462184
1790751723390 422616 511604 462184
1790751723411 422616 511604 462184
1790751723438 422616 511604 462184
1790751723461 422616 511604 462184
1790751723482 422616 511604 462184
1790751723505 422616 511604 462184
1790751723528 422616 511604 462184
1790751723550 422616 511604 462184
1790751723576 422616 511604 462184
1790751723597 422616 511604 462184
1790751723619 422616 511604 462184
1790751723643 422616 511604 462184
1790751723669 422616 511604 462184
1790751723691 422616 511604 462184
1790751723715 422616 511604 462184
1790751723739 422616 511604 462184
1790751723765 422616 511604 462184
1790751723786 422616 511604 462184
1790751723808 422616 511604 462184
1790751723833 422616 511604 462184
1790751723855 422616 511604 462184
1790751723876 422616 511604 462184
1790751723900 422616 511604 462184
1790751723924 422616 511604 462184
1790751723946 422616 511604 462184
1790751723971 422616 511604 462184
1790751723992 422616 511604 462184
1790751724013 422616 511604 462184
1790751724038 422616 511604 462184
1790751724061 422616 511604 462184
1790751724084 422616 511604 462184
1790751724108 422616 511604 462184
1790751724133 422616 511604 462184
1790751724159 422616 511604 462184
1790751724181 422616 511604 462184
1790751724206 422616 511604 462184
1790751724229 422616 511604 462184
1790751724251 422616 511604 462184
1790751724274 422616 511604 462184
1790751724295 422616 511604 462184
1790751724319 422616 511604 462184
1790751724344 422616 511604 462184
1790751724366 422616 511604 462184
1790751724389 422616 511604 462184
1790751724414 422616 511604 462184
1790751724437 422616 511604 462184
1790751724458 422616 511604 462184
1790751724479 422616 511604 462184
1790751724501 422616 511604 462184
1790751724522 422616 511604 462184
1790751724549 422616 511604 462184
1790751724574 422616 511604 462184
1790751724599 422616 511604 462184
1790751724625 422616 511604 462184
1790751724647 422616 511604 462184
1790751724669 422616 511604 462184
1790751724690 422616 511604 462184
1790751724717 422616 511604 462184
1790751724741 422616 511604 462184
1790751724763 422616 511604 462184
1790751724786 422616 511604 462184
1790751724809 422616 511604 462184
1790751724829 422616 511604 462184
1790751724855 422616 511604 462184
1790751724881 422616 511604 462184
1790751724905 422616 511604 462184
1790751724926 422616 511604 462184
1790751724947 422616 511604 462184
1790751724970 422616 511604 462184
1790751724995 422616 511604 462184
1790751725016 422616 511604 462184
1790751725040 422616 511604 462184
1790751725067 422616 511604 462184
1790751725093 422616 511604 462184
1790751725115 422616 511604 462184
1790751725141 422616 511604 462184
1790751725167 422616 511604 462184
1790751725190 422616 511604 462184
1790751725214 422616 511604 462184
1790751725238 422616 511604 462184
1790751725261 422616 511604 462184
1790751725284 422616 511604 462184
1790751725305 422616 511604 462184
1790751725329 422616 511604 462184
1790751725354 422616 511604 462184
1790751725378 422616 511604 462184
1790751725398 422616 511604 462184
1790751725424 422616 511604 462184
1790751725444 422616 511604 462184
1790751725469 422616 511604 462184
1790751725495 422616 511604 462184
1790751725519 422616 511604 462184
1790751725541 422616 511604 462184
1790751725565 422616 511604 462184
1790751725586 422616 511604 462184
1790751725611 422616 511604 462184
1790751725636 422616 511604 462184
1790751725658 422616 511604 462184
1790751725680 422616 511604 462184
1790751725703 422616 511604 462184
1790751725726 422616 511604 462184
1790751725748 422620 511604 462184
1790751725772 426460 511604 462184
1790751725796 426460 511604 462184
1790751725822 426460 511604 462184
1790751725850 426460 511604 462184
1790751725876 426460 511604 462184
1790751725896 426460 511604 462184
1790751725921 426460 511604 462184
1790751725943 426460 511604 462184
1790751725965 426460 511604 462184
1790751725990 426460 511604 462184
1790751726012 426460 511604 462184
1790751726037 426460 511604 462184
1790751726058 426460 511604 462184
1790751726078 426460 511604 462184
1790751726104 426460 511604 462184
1790751726128 426460 511604 462184
1790751726149 426460 511604 462184
1790751726175 426460 511604 462184
1790751726198 426460 511604 462184
1790751726221 426460 511604 462184
1790751726245 426460 511604 462184
1790751726267 426460 511604 462184
1790751726293 426460 511604 462184
1790751726317 426460 511604 462184
1790751726341 426460 511604 462184
1790751726365 426460 511604 462184
1790751726386 426460 511604 462184
1790751726409 426460 511604 462184
1790751726433 426460 511604 462184
1790751726459 426460 511604 462184
1790751726483 426460 511604 462184
1790751726507 426460 511604 462184
1790751726532 426460 511604 462184
1790751726556 426460 511604 462184
1790751726581 426460 511604 462184
1790751726605 426460 511604 462184
1790751726628 426460 511604 462184
1790751726649 426460 511604 462184
1790751726671 426460 511604 462184
1790751726694 426460 511604 462184
1790751726719 426460 511604 462184
1790751726746 426460 511604 462184
1790751726770 426460 511604 462184
1790751726792 426460 511604 462184
1790751726817 426460 511604 462184
1790751726839 426460 511604 462184
1790751726863 426460 511604 462184
1790751726884 426460 511604 462184
1790751726909 426460 511604 462184
1790751726937 426460 511604 462184
1790751726964 426460 511604 462184
1790751726991 426460 511604 462184
1790751727020 426460 511604 462184
1790751727041 426460 511604 462184
1790751727067 426460 511604 462184
1790751727089 426460 511604 462184
1790751727110 426460 511604 462184
1790751727132 426460 511604 462184
1790751727156 426460 511604 462184
1790751727180 426460 511604 462184
1790751727206 426460 511604 462184
1790751727227 431552 511604 462184
1790751727251 437208 511604 462184
1790751727273 437208 511604 462184
1790751727294 437208 511604 462184
1790751727316 437208 511604 462184
1790751727338 437208 511604 462184
1790751727365 437208 511604 462184
1790751727390 437208 511604 462184
1790751727416 437208 511604 462184
1790751727438 437208 511604 462184
1790751727464 437208 511604 462184
1790751727487 437208 511604 462184
1790751727512 437208 511604 462184
1790751727538 437208 511604 462184
1790751727560 437208 511604 462184
1790751727583 437208 511604 462184
1790751727604 437208 511604 462184
1790751727626 437208 511604 462184
1790751727647 437208 511604 462184
1790751727668 437208 511604 462184
1790751727696 437208 511604 462184
1790751727717 437208 511604 462184
1790751727738 437208 511604 462184
1790751727763 437208 511604 462184
1790751727789 437208 511604 462184
1790751727812 437208 511604 462184
1790751727832 437208 511604 462184
1790751727853 437208 511604 462184
1790751727879 437208 511604 462184
1790751727902 437208 511604 462184
1790751727931 437208 511604 462184
1790751727953 437208 511604 462184
1790751727975 437208 511604 462184
1790751728001 437208 511604 462184
1790751728023 437208 511604 462184
1790751728049 437208 511604 462184
1790751728074 437208 511604 462184
1790751728099 437208 511604 462184
1790751728121 437208 511604 462184
1790751728145 437208 511604 462184
1790751728170 437208 511604 462184
1790751728192 437208 511604 462184
1790751728220 437208 511604 462184
1790751728241 437208 511604 462184
1790751728263 437208 511604 462184
1790751728286 437208 511604 462184
1790751728311 437208 511604 462184
1790751728337 437208 511604 462184
1790751728361 437208 511604 462184
1790751728388 437208 511604 462184
1790751728410 437208 511604 462184
1790751728435 437208 511604 462184
1790751728462 437208 511604 462184
1790751728485 437208 511604 462184
1790751728512 437208 511604 462184
1790751728534 437208 511604 462184
1790751728559 437208 511604 462184
1790751728584 437208 511604 462184
1790751728608 437208 511604 462184
1790751728633 437208 511604 462184
1790751728655 437208 511604 462184
1790751728680 437208 511604 462184
1790751728706 381388 511604 462184
1790751728727 381388 511604 462184
1790751728749 381388 511604 462184
1790751728771 381388 511604 462184
1790751728791 381388 511604 462184
1790751728813 381388 511604 462184
1790751728837 381388 511604 462184
1790751728861 381388 511604 462184
1790751728882 381388 511604 462184
1790751728906 381388 511604 462184
1790751728926 381388 511604 462184
1790751728951 381388 511604 462184
1790751728972 381388 511604 462184
1790751728996 381388 511604 462184
1790751729021 381388 511604 462184
1790751729041 381388 511604 462184
1790751729063 381388 511604 462184
1790751729085 381388 511604 462184
1790751729108 381388 511604 462184
1790751729129 381388 511604 462184
1790751729152 381388 511604 462184
1790751729176 381388 511604 462184
1790751729199 381388 511604 462184
1790751729222 381388 511604 462184
1790751729244 381388 511604 462184
1790751729269 381388 511604 462184
1790751729292 381388 511604 462184
1790751729312 381388 511604 462184
1790751729337 381388 511604 462184
1790751729359 381924 511604 462184
1790751729380 406844 511604 462184
1790751729402 421852 511604 462184
1790751729422 422616 511604 462184
1790751729446 422616 511604 462184
1790751729470 422616 511604 462184
1790751729495 422616 511604 462184
1790751729518 422616 511604 462184
1790751729543 422616 511604 462184
1790751729563 422616 511604 462184
1790751729589 422616 511604 462184
1790751729611 422616 511604 462184
1790751729636 422616 511604 462184
1790751729661 422616 511604 462184
1790751729683 422616 511604 462184
1790751729709 422616 511604 462184
1790751729738 422616 511604 462184
1790751729761 422616 511604 462184
1790751729783 422616 511604 462184
1790751729810 422616 511604 462184
1790751729835 422616 511604 462184
1790751729857 422616 511604 462184
1790751729881 422616 511604 462184
1790751729903 422616 511604 462184
1790751729926 422616 511604 462184
1790751729950 422616 511604 462184
1790751729971 422616 511604 462184
1790751729996 422616 511604 462184
1790751730021 422616 511604 462184
1790751730042 422616 511604 462184
1790751730069 422616 511604 462184
1790751730091 422616 511604 462184
1790751730111 422616 511604 462184
1790751730136 422616 511604 462184
1790751730161 422616 511604 462184
1790751730183 422616 511604 462184
1790751730207 422616 511604 462184
1790751730231 422616 511604 462184
1790751730251 422616 511604 462184
1790751730274 422616 511604 462184
1790751730299 422616 511604 462184
1790751730325 422616 511604 462184
1790751730352 422616 511604 462184
1790751730374 422616 511604 462184
1790751730396 422616 511604 462184
1790751730420 422616 511604 462184
1790751730442 422616 511604 462184
1790751730466 422616 511604 462184
1790751730490 422616 511604 462184
1790751730511 422616 511604 462184
1790751730535 422616 511604 462184
1790751730557 422616 511604 462184
1790751730577 422616 511604 462184
1790751730603 422616 511604 462184
1790751730625 422616 511604 462184
1790751730646 422616 511604 462184
1790751730669 422616 511604 462184
1790751730695 422616 511604 462184
1790751730716 422616 511604 462184
1790751730740 422616 511604 462184
1790751730762 422616 511604 462184
1790751730784 422616 511604 462184
1790751730805 422616 511604 462184
1790751730825 422616 511604 462184
1790751730849 422616 511604 462184
1790751730874 422616 511604 462184
1790751730898 422616 511604 462184
1790751730921 422616 511604 462184
1790751730945 422616 511604 462184
1790751730966 422616 511604 462184
1790751730991 422616 511604 462184
1790751731014 422616 511604 462184
1790751731040 422616 511604 462184
1790751731064 422616 511604 462184
1790751731085 422616 511604 462184
1790751731110 422616 511604 462184
1790751731134 422616 511604 462184
1790751731154 422616 511604 462184
1790751731179 422616 511604 462184
1790751731199 422616 511604 462184
1790751731220 422616 511604 462184
1790751731244 422616 511604 462184
1790751731265 422616 511604 462184
1790751731287 422616 511604 462184
1790751731312 422616 511604 462184
1790751731337 422616 511604 462184
1790751731359 422616 511604 462184
1790751731379 422616 511604 462184
1790751731407 422616 511604 462184
1790751731431 422616 511604 462184
1790751731454 422616 511604 462184
1790751731480 422616 511604 462184
1790751731502 422616 511604 462184
1790751731526 422616 511604 462184
1790751731547 422616 511604 462184
1790751731571 422616 511604 462184
1790751731595 422616 511604 462184
1790751731616 422616 511604 462184
1790751731637 422616 511604 462184
1790751731660 422616 511604 462184
1790751731681 422616 511604 462184
1790751731707 422616 511604 462184
1790751731733 422616 511604 462184
1790751731757 422616 511604 462184
1790751731778 422616 511604 462184
1790751731806 422616 511604 462184
1790751731828 422616 511604 462184
1790751731849 422616 511604 462184
1790751731869 422616 511604 462184
1790751731892 422616 511604 462184
1790751731918 422616 511604 462184
1790751731943 422616 511604 462184
1790751731964 422616 511604 462184
1790751731992 422616 511604 462184
1790751732013 422616 511604 462184
1790751732038 422616 511604 462184
1790751732061 422616 511604 462184
1790751732083 422616 511604 462184
1790751732108 422616 511604 462184
1790751732130 422616 511604 462184
1790751732156 422616 511604 462184
1790751732178 422616 511604 462184
1790751732199 422616 511604 462184
1790751732221 422616 511604 462184
1790751732242 422616 511604 462184
1790751732270 422616 511604 462184
1790751732294 422616 511604 462184
1790751732321 422616 511604 462184
1790751732345 422616 511604 462184
1790751732371 422616 511604 462184
1790751732392 422616 511604 462184
1790751732413 422616 511604 462184
1790751732438 422616 511604 462184
1790751732465 422616 511604 462184
1790751732486 422616 511604 462184
1790751732509 422616 511604 462184
1790751732530 422616 511604 462184
1790751732551 422616 511604 462184
1790751732576 422616 511604 462184
1790751732598 422616 511604 462184
1790751732619 422616 511604 462184
1790751732645 422616 511604 462184
1790751732670 422616 511604 462184
1790751732697 422616 511604 462184
1790751732722 422616 511604 462184
1790751732748 422616 511604 462184
1790751732773 422616 511604 462184
1790751732798 422616 511604 462184
1790751732822 422616 511604 462184
1790751732844 422616 511604 462184
1790751732872 422616 511604 462184
1790751732893 422616 511604 462184
1790751732914 422616 511604 462184
1790751732935 422616 511604 462184
1790751732958 422616 511604 462184
1790751732985 422616 511604 462184
1790751733007 422616 511604 462184
1790751733033 422616 511604 462184
1790751733059 422616 511604 462184
1790751733085 422616 511604 462184
1790751733109 422616 511604 462184
1790751733134 422616 511604 462184
1790751733156 422616 511604 462184
1790751733178 422616 511604 462184
1790751733201 422616 511604 462184
1790751733222 422616 511604 462184
1790751733244 422616 511604 462184
1790751733271 422616 511604 462184
1790751733292 422616 511604 462184
1790751733313 422616 511604 462184
1790751733335 422616 511604 462184
1790751733357 422616 511604 462184
1790751733378 422616 511604 462184
1790751733403 422616 511604 462184
1790751733426 426464 511604 462184
1790751733452 426464 511604 462184
1790751733474 426464 511604 462184
1790751733499 426464 511604 462184
1790751733527 426464 511604 462184
1790751733549 426464 511604 462184
1790751733574 426464 511604 462184
1790751733596 426464 511604 462184
1790751733622 426464 511604 462184
1790751733644 426464 511604 462184
1790751733666 426464 511604 462184
1790751733691 426464 511604 462184
1790751733714 426464 511604 462184
1790751733739 426464 511604 462184
1790751733762 426464 511604 462184
1790751733784 426464 511604 462184
1790751733808 426464 511604 462184
1790751733836 426464 511604 462184
1790751733857 426464 511604 462184
1790751733884 426464 511604 462184
1790751733909 426464 511604 462184
1790751733934 426464 511604 462184
1790751733960 426464 511604 462184
1790751733987 426464 511604 462184
1790751734009 426464 511604 462184
1790751734030 426464 511604 462184
1790751734056 426464 511604 462184
1790751734082 426464 511604 462184
1790751734107 426464 511604 462184
1790751734129 426464 511604 462184
1790751734150 426464 511604 462184
1790751734171 426464 511604 462184
1790751734196 426464 511604 462184
1790751734221 426464 511604 462184
1790751734244 426464 511604 462184
1790751734270 426464 511604 462184
1790751734297 426464 511604 462184
1790751734319 426464 511604 462184
1790751734341 426464 511604 462184
1790751734363 426464 511604 462184
1790751734389 426464 511604 462184
1790751734416 426464 511604 462184
1790751734442 426464 511604 462184
1790751734467 426464 511604 462184
1790751734493 426464 511604 462184
1790751734518 426464 511604 462184
1790751734540 426464 511604 462184
1790751734567 426464 511604 462184
1790751734592 426464 511604 462184
1790751734618 426464 511604 462184
1790751734645 426464 511604 462184
1790751734667 426464 511604 462184
1790751734693 426464 511604 462184
1790751734716 426464 511604 462184
1790751734738 426464 511604 462184
1790751734763 436872 511604 462184
1790751734785 437208 511604 462184
1790751734808 437208 511604 462184
1790751734833 437208 511604 462184
1790751734855 437208 511604 462184
1790751734876 437208 511604 462184
1790751734905 437208 511604 462184
1790751734926 437208 511604 462184
1790751734949 437208 511604 462184
1790751734974 437208 511604 462184
1790751734995 437208 511604 462184
1790751735020 437208 511604 462184
1790751735042 437208 511604 462184
1790751735065 437208 511604 462184
1790751735087 437208 511604 462184
1790751735112 437208 511604 462184
1790751735135 437208 511604 462184
1790751735162 437208 511604 462184
1790751735183 437208 511604 462184
1790751735203 437208 511604 462184
1790751735231 437208 511604 462184
1790751735252 437208 511604 462184
1790751735277 437208 511604 462184
1790751735300 437208 511604 462184
1790751735322 437208 511604 462184
1790751735344 437208 511604 462184
1790751735365 437208 511604 462184
1790751735385 437208 511604 462184
1790751735406 437208 511604 462184
1790751735431 437208 511604 462184
1790751735453 437208 511604 462184
1790751735474 437208 511604 462184
1790751735496 437208 511604 462184
1790751735518 437208 511604 462184
1790751735544 437208 511604 462184
1790751735566 437208 511604 462184
1790751735588 437208 511604 462184
1790751735613 437208 511604 462184
1790751735636 437208 511604 462184
1790751735657 437208 511604 462184
1790751735678 437208 511604 462184
1790751735703 437208 511604 462184
1790751735727 437208 511604 462184
1790751735749 437208 511604 462184
1790751735770 437208 511604 462184
1790751735792 437208 511604 462184
1790751735814 437208 511604 462184
1790751735834 437208 511604 462184
1790751735854 437208 511604 462184
1790751735875 437208 511604 462184
1790751735902 437208 511604 462184
1790751735927 437208 511604 462184
1790751735954 437208 511604 462184
1790751735981 437208 511604 462184
1790751736008 437208 511604 462184
1790751736030 437208 511604 462184
1790751736050 437208 511604 462184
1790751736071 437208 511604 462184
1790751736099 381388 511604 462184
1790751736123 381388 511604 462184
1790751736147 381388 511604 462184
1790751736168 381388 511604 462184
1790751736188 381388 511604 462184
1790751736209 381388 511604 462184
1790751736235 381388 511604 462184
1790751736260 381388 511604 462184
1790751736281 381388 511604 462184
1790751736303 381388 511604 462184
1790751736326 381388 511604 462184
1790751736350 381388 511604 462184
1790751736372 381388 511604 462184
1790751736396 381388 511604 462184
1790751736417 381388 511604 462184
1790751736442 381388 511604 462184
1790751736467 381388 511604 462184
1790751736494 381388 511604 462184
1790751736516 381388 511604 462184
1790751736538 381388 511604 462184
1790751736559 381388 511604 462184
1790751736579 381388 511604 462184
1790751736599 381388 511604 462184
1790751736620 381388 511604 462184
1790751736640 381388 511604 462184
1790751736664 381388 511604 462184
1790751736686 381388 511604 462184
1790751736711 381388 511604 462184
1790751736735 381388 511604 462184
1790751736756 388248 511604 462184
1790751736775 416960 511604 462184
1790751736800 422616 511604 462184
1790751736822 422616 511604 462184
1790751736845 422616 511604 462184
1790751736873 422616 511604 462184
1790751736902 422616 511604 462184
1790751736923 422616 511604 462184
1790751736944 422616 511604 462184
1790751736965 422616 511604 462184
1790751736989 422616 511604 462184
1790751737014 422616 511604 462184
1790751737039 422616 511604 462184
1790751737066 422616 511604 462184
1790751737091 422616 511604 462184
1790751737116 422616 511604 462184
1790751737141 422616 511604 462184
1790751737166 422616 511604 462184
1790751737194 422616 511604 462184
1790751737219 422616 511604 462184
1790751737244 422616 511604 462184
1790751737268 422616 511604 462184
1790751737289 422616 511604 462184
1790751737315 422616 511604 462184
1790751737341 422616 511604 462184
1790751737364 422616 511604 462184
1790751737387 422616 511604 462184
1790751737412 422616 511604 462184
1790751737433 422616 511604 462184
1790751737457 422616 511604 462184
1790751737485 422616 511604 462184
1790751737512 422616 511604 462184
1790751737535 422616 511604 462184
1790751737559 422616 511604 462184
1790751737581 422616 511604 462184
1790751737602 422616 511604 462184
1790751737627 422616 511604 462184
1790751737651 422616 511604 462184
1790751737673 422616 511604 462184
1790751737693 422616 511604 462184
1790751737719 422616 511604 462184
1790751737744 422616 511604 462184
1790751737769 422616 511604 462184
1790751737791 422616 511604 462184
1790751737813 422616 511604 462184
1790751737835 422616 511604 462184
1790751737856 422616 511604 462184
1790751737880 422616 511604 462184
1790751737905 422616 511604 462184
1790751737931 422616 511604 462184
1790751737953 422616 511604 462184
1790751737978 422616 511604 462184
1790751737999 422616 511604 462184
1790751738020 422616 511604 462184
1790751738046 422616 511604 462184
1790751738071 422616 511604 462184
1790751738096 422616 511604 462184
1790751738121 422616 511604 462184
1790751738146 422616 511604 462184
1790751738170 422616 511604 462184
1790751738194 422616 511604 462184
1790751738218 422616 511604 462184
1790751738243 422616 511604 462184
1790751738268 422616 511604 462184
1790751738293 422616 511604 462184
1790751738315 422616 511604 462184
1790751738336 422616 511604 462184
1790751738357 422616 511604 462184
1790751738383 422616 511604 462184
1790751738404 422616 511604 462184
1790751738426 422616 511604 462184
1790751738449 422616 511604 462184
1790751738473 422616 511604 462184
1790751738496 422616 511604 462184
1790751738517 422616 511604 462184
1790751738544 422616 511604 462184
1790751738565 422616 511604 462184
1790751738588 422616 511604 462184
1790751738610 422616 511604 462184
1790751738634 422616 511604 462184
1790751738658 422616 511604 462184
1790751738683 422616 511604 462184
1790751738707 422616 511604 462184
1790751738728 422616 511604 462184
1790751738749 422616 511604 462184
1790751738773 422616 511604 462184
1790751738798 422616 511604 462184
1790751738820 422616 511604 462184
1790751738847 422616 511604 462184
1790751738873 422616 511604 462184
1790751738894 422616 511604 462184
1790751738920 422616 511604 462184
1790751738944 422616 511604 462184
1790751738968 422616 511604 462184
1790751738994 422616 511604 462184
1790751739017 422616 511604 462184
1790751739042 422616 511604 462184
1790751739066 422616 511604 462184
1790751739090 422616 511604 462184
1790751739111 422616 511604 462184
1790751739136 422616 511604 462184
1790751739162 422616 511604 462184
1790751739186 422616 511604 462184
1790751739210 422616 511604 462184
1790751739231 422616 511604 462184
1790751739254 422616 511604 462184
1790751739277 422616 511604 462184
1790751739298 422616 511604 462184
1790751739325 422616 511604 462184
1790751739349 422616 511604 462184
1790751739375 422616 511604 462184
1790751739399 422616 511604 462184
1790751739421 422616 511604 462184
1790751739446 422616 511604 462184
1790751739472 422616 511604 462184
1790751739496 422616 511604 462184
1790751739518 422616 511604 462184
1790751739542 422616 511604 462184
1790751739564 422616 511604 462184
1790751739585 422616 511604 462184
1790751739608 422616 511604 462184
1790751739630 422616 511604 462184
1790751739655 422616 511604 462184
1790751739678 422616 511604 462184
1790751739699 422616 511604 462184
1790751739720 422616 511604 462184
1790751739743 422616 511604 462184
1790751739767 422616 511604 462184
1790751739789 422616 511604 462184
1790751739810 422616 511604 462184
1790751739833 422616 511604 462184
1790751739856 422616 511604 462184
1790751739876 422616 511604 462184
1790751739903 422616 511604 462184
1790751739927 422616 511604 462184
1790751739952 422616 511604 462184
1790751739975 422616 511604 462184
1790751739997 422616 511604 462184
1790751740023 422616 511604 462184
1790751740046 422616 511604 462184
1790751740070 422616 511604 462184
1790751740091 422616 511604 462184
1790751740115 422616 511604 462184
1790751740140 422616 511604 462184
1790751740167 422616 511604 462184
1790751740188 422616 511604 462184
1790751740212 422616 511604 462184
1790751740233 422616 511604 462184
1790751740258 422616 511604 462184
1790751740279 422616 511604 462184
1790751740304 422616 511604 462184
1790751740326 422616 511604 462184
1790751740348 422616 511604 462184
1790751740373 422616 511604 462184
1790751740399 422616 511604 462184
1790751740421 422616 511604 462184
1790751740442 422616 511604 462184
1790751740463 422616 511604 462184
1790751740487 422616 511604 462184
1790751740513 422616 511604 462184
1790751740535 422616 511604 462184
1790751740561 422616 511604 462184
1790751740584 422616 511604 462184
1790751740607 422616 511604 462184
1790751740631 422616 511604 462184
1790751740654 422616 511604 462184
1790751740676 422616 511604 462184
1790751740700 422616 511604 462184
1790751740722 422616 511604 462184
1790751740744 422616 511604 462184
1790751740764 422616 511604 462184
1790751740787 422812 511604 462184
1790751740811 426464 511604 462184
1790751740834 426464 511604 462184
1790751740861 426464 511604 462184
1790751740887 426464 511604 462184
1790751740909 426464 511604 462184
1790751740931 426464 511604 462184
1790751740955 426464 511604 462184
1790751740981 426464 511604 462184
1790751741008 426464 511604 462184
1790751741031 426464 511604 462184
1790751741056 426464 511604 462184
1790751741081 426464 511604 462184
1790751741106 426464 511604 462184
1790751741128 426464 511604 462184
1790751741154 426464 511604 462184
1790751741178 426464 511604 462184
1790751741203 426464 511604 462184
1790751741226 426464 511604 462184
1790751741250 426464 511604 462184
1790751741276 426464 511604 462184
1790751741298 426464 511604 462184
1790751741321 426464 511604 462184
1790751741345 426464 511604 462184
1790751741367 426464 511604 462184
1790751741392 426464 511604 462184
1790751741417 426464 511604 462184
1790751741442 426464 511604 462184
1790751741467 426464 511604 462184
1790751741492 426464 511604 462184
1790751741515 426464 511604 462184
1790751741540 426464 511604 462184
1790751741568 426464 511604 462184
1790751741590 426464 511604 462184
1790751741612 426464 511604 462184
1790751741634 426464 511604 462184
1790751741661 426464 511604 462184
1790751741687 426464 511604 462184
1790751741712 426464 511604 462184
1790751741737 426464 511604 462184
1790751741762 426464 511604 462184
1790751741784 426464 511604 462184
1790751741806 426464 511604 462184
1790751741831 426464 511604 462184
1790751741856 426464 511604 462184
1790751741880 426464 511604 462184
1790751741906 426464 511604 462184
1790751741934 426464 511604 462184
1790751741956 426464 511604 462184
1790751741980 426464 511604 462184
1790751742005 426464 511604 462184
1790751742026 426464 511604 462184
1790751742051 426464 511604 462184
1790751742074 426464 511604 462184
1790751742095 426464 511604 462184
1790751742117 426464 511604 462184
1790751742143 426464 511604 462184
1790751742166 426464 511604 462184
1790751742187 426464 511604 462184
1790751742212 426464 511604 462184
1790751742237 426464 511604 462184
1790751742259 431552 511604 462184
1790751742280 437208 511604 462184
1790751742301 437208 511604 462184
1790751742323 437208 511604 462184
1790751742350 437208 511604 462184
1790751742371 437208 511604 462184
1790751742392 437208 511604 462184
1790751742415 437208 511604 462184
1790751742436 437208 511604 462184
1790751742458 437208 511604 462184
1790751742479 437208 511604 462184
1790751742499 437208 511604 462184
1790751742520 437208 511604 462184
1790751742540 437208 511604 462184
1790751742562 437208 511604 462184
1790751742589 437208 511604 462184
1790751742612 437208 511604 462184
1790751742638 437208 511604 462184
1790751742659 437208 511604 462184
1790751742682 437208 511604 462184
1790751742703 437208 511604 462184
1790751742724 437208 511604 462184
1790751742745 437208 511604 462184
1790751742766 437208 511604 462184
1790751742786 437208 511604 462184
1790751742807 437208 511604 462184
1790751742827 437208 511604 462184
1790751742849 437208 511604 462184
1790751742875 437208 511604 462184
1790751742897 437208 511604 462184
1790751742922 437208 511604 462184
1790751742949 437208 511604 462184
1790751742971 437208 511604 462184
1790751742993 437208 511604 462184
1790751743014 437208 511604 462184
1790751743036 437208 511604 462184
1790751743058 437208 511604 462184
1790751743085 437208 511604 462184
1790751743107 437208 511604 462184
1790751743134 437208 511604 462184
1790751743157 437208 511604 462184
1790751743178 437208 511604 462184
1790751743200 437208 511604 462184
1790751743221 437208 511604 462184
1790751743243 437208 511604 462184
1790751743269 437208 511604 462184
1790751743291 437208 511604 462184
1790751743312 437208 511604 462184
1790751743333 437208 511604 462184
1790751743355 437208 511604 462184
1790751743376 437208 511604 462184
1790751743398 437208 511604 462184
1790751743418 437208 511604 462184
1790751743438 437208 511604 462184
1790751743464 437208 511604 462184
1790751743487 437208 511604 462184
1790751743510 437208 511604 462184
1790751743532 437208 511604 462184
1790751743557 437208 511604 462184
1790751743584 437208 511604 462184
1790751743606 437208 511604 462184
1790751743631 437208 511604 462184
1790751743653 437208 511604 462184
1790751743679 437208 511604 462184
1790751743700 437208 511604 462184
1790751743721 437208 511604 462184
1790751743743 381388 511604 462184
1790751743763 381388 511604 462184
1790751743784 381388 511604 462184
1790751743804 381388 511604 462184
1790751743824 381388 511604 462184
1790751743849 381388 511604 462184
1790751743871 381388 511604 462184
1790751743896 381388 511604 462184
1790751743921 381388 511604 462184
1790751743943 381388 511604 462184
1790751743963 381388 511604 462184
1790751743984 381388 511604 462184
1790751744005 381388 511604 462184
1790751744025 381388 511604 462184
1790751744050 381388 511604 462184
1790751744074 381388 511604 462184
1790751744100 381388 511604 462184
1790751744121 381388 511604 462184
1790751744143 381388 511604 462184
1790751744164 381388 511604 462184
1790751744189 381388 511604 462184
1790751744211 381388 511604 462184
1790751744233 381388 511604 462184
1790751744257 381388 511604 462184
1790751744278 381388 511604 462184
1790751744298 381388 511604 462184
1790751744319 381388 511604 462184
1790751744340 381388 511604 462184
1790751744363 381388 511604 462184
1790751744385 381388 511604 462184
1790751744406 395692 511604 462184
1790751744426 416960 511604 462184
1790751744448 422616 511604 462184
1790751744469 422616 511604 462184
1790751744491 422616 511604 462184
1790751744512 422616 511604 462184
1790751744533 422616 511604 462184
1790751744555 422616 511604 462184
1790751744580 422616 511604 462184
1790751744602 422616 511604 462184
1790751744627 422616 511604 462184
1790751744650 422616 511604 462184
1790751744671 422616 511604 462184
1790751744693 422616 511604 462184
1790751744715 422616 511604 462184
1790751744735 422616 511604 462184
1790751744757 422616 511604 462184
1790751744779 422616 511604 462184
1790751744799 422616 511604 462184
1790751744824 422616 511604 462184
1790751744847 422616 511604 462184
1790751744869 422616 511604 462184
1790751744889 422616 511604 462184
1790751744916 422616 511604 462184
1790751744938 422616 511604 462184
1790751744960 422616 511604 462184
1790751744981 422616 511604 462184
1790751745002 422616 511604 462184
1790751745024 422616 511604 462184
1790751745044 422616 511604 462184
1790751745066 422616 511604 462184
1790751745087 422616 511604 462184
1790751745108 422620 511604 462184
1790751745130 422620 511604 462184
1790751745154 422620 511604 462184
1790751745180 422620 511604 462184
1790751745208 422620 511604 462184
1790751745229 422620 511604 462184
1790751745251 422620 511604 462184
1790751745277 422620 511604 462184
1790751745302 422620 511604 462184
1790751745324 422620 511604 462184
1790751745345 422620 511604 462184
1790751745369 422620 511604 462184
1790751745392 422620 511604 462184
1790751745413 422620 511604 462184
1790751745435 422620 511604 462184
1790751745455 422620 511604 462184
1790751745477 422620 511604 462184
1790751745499 422620 511604 462184
1790751745524 422620 511604 462184
1790751745550 422620 511604 462184
1790751745573 422620 511604 462184
1790751745593 422620 511604 462184
1790751745614 422620 511604 462184
1790751745634 422620 511604 462184
1790751745662 422620 511604 462184
1790751745682 422620 511604 462184
1790751745704 422620 511604 462184
1790751745727 422620 511604 462184
1790751745749 422620 511604 462184
1790751745769 422620 511604 462184
1790751745793 422620 511604 462184
1790751745815 422620 511604 462184
1790751745837 422620 511604 462184
1790751745859 422620 511604 462184
1790751745884 422620 511604 462184
1790751745906 422620 511604 462184
1790751745927 422620 511604 462184
1790751745948 422620 511604 462184
1790751745969 422620 511604 462184
1790751745989 422620 511604 462184
1790751746009 422620 511604 462184
1790751746030 422620 511604 462184
1790751746051 422620 511604 462184
1790751746072 422620 511604 462184
1790751746098 422620 511604 462184
1790751746120 422620 511604 462184
1790751746140 422620 511604 462184
1790751746161 422620 511604 462184
1790751746182 422620 511604 462184
1790751746202 422620 511604 462184
1790751746227 422620 511604 462184
1790751746248 422620 511604 462184
1790751746270 422620 511604 462184
1790751746290 422620 511604 462184
1790751746311 422620 511604 462184
1790751746332 422620 511604 462184
1790751746358 422620 511604 462184
1790751746379 422620 511604 462184
1790751746399 422620 511604 462184
1790751746420 422620 511604 462184
1790751746440 422620 511604 462184
1790751746461 422620 511604 462184
1790751746482 422620 511604 462184
1790751746502 422620 511604 462184
1790751746522 422620 511604 462184
1790751746544 422620 511604 462184
1790751746569 422620 511604 462184
1790751746596 422620 511604 462184
1790751746617 422620 511604 462184
1790751746637 422620 511604 462184
1790751746657 422620 511604 462184
1790751746678 422620 511604 462184
1790751746702 422620 511604 462184
1790751746725 422620 511604 462184
1790751746747 422620 511604 462184
1790751746772 422620 511604 462184
1790751746798 422620 511604 462184
1790751746820 422620 511604 462184
1790751746845 422620 511604 462184
1790751746866 422620 511604 462184
1790751746892 422620 511604 462184
1790751746914 422620 511604 462184
1790751746938 422620 511604 462184
1790751746960 422620 511604 462184
1790751746984 422620 511604 462184
1790751747008 422620 511604 462184
1790751747034 422620 511604 462184
1790751747059 422620 511604 462184
1790751747080 422620 511604 462184
1790751747101 422620 511604 462184
1790751747122 422620 511604 462184
1790751747148 422620 511604 462184
1790751747172 422620 511604 462184
1790751747196 422620 511604 462184
1790751747218 422620 511604 462184
1790751747241 422620 511604 462184
1790751747263 422620 511604 462184
1790751747287 422620 511604 462184
1790751747308 422620 511604 462184
1790751747334 422620 511604 462184
1790751747355 422620 511604 462184
1790751747380 422620 511604 462184
1790751747400 422620 511604 462184
1790751747425 422620 511604 462184
1790751747450 422620 511604 462184
1790751747472 422620 511604 462184
1790751747494 422620 511604 462184
1790751747519 422620 511604 462184
1790751747541 422620 511604 462184
1790751747563 422620 511604 462184
1790751747587 422620 511604 462184
1790751747612 422620 511604 462184
1790751747636 422620 511604 462184
1790751747656 422620 511604 462184
1790751747681 422620 511604 462184
1790751747705 422620 511604 462184
1790751747727 422620 511604 462184
1790751747747 422620 511604 462184
1790751747768 422620 511604 462184
1790751747789 422620 511604 462184
1790751747814 422620 511604 462184
1790751747838 422620 511604 462184
1790751747862 422620 511604 462184
1790751747887 422620 511604 462184
1790751747915 422620 511604 462184
1790751747938 422620 511604 462184
1790751747964 422620 511604 462184
1790751747987 422620 511604 462184
1790751748011 422620 511604 462184
1790751748032 422620 511604 462184
1790751748058 422620 511604 462184
1790751748082 422620 511604 462184
1790751748102 422620 511604 462184
1790751748128 422620 511604 462184
1790751748150 422620 511604 462184
1790751748173 422620 511604 462184
1790751748194 422620 511604 462184
1790751748220 422620 511604 462184
1790751748241 422620 511604 462184
1790751748263 422620 511604 462184
1790751748288 422620 511604 462184
1790751748311 422620 511604 462184
1790751748332 422620 511604 462184
1790751748353 422620 511604 462184
1790751748374 422620 511604 462184
1790751748394 422620 511604 462184
1790751748415 422620 511604 462184
1790751748436 422620 511604 462184
1790751748462 422620 511604 462184
1790751748488 422620 511604 462184
1790751748515 422620 511604 462184
1790751748537 422620 511604 462184
1790751748561 422620 511604 462184
1790751748586 422624 511604 462184
1790751748612 426464 511604 462184
1790751748633 426464 511604 462184
1790751748658 426464 511604 462184
1790751748680 426464 511604 462184
1790751748706 426464 511604 462184
1790751748730 426464 511604 462184
1790751748751 426464 511604 462184
1790751748772 426464 511604 462184
1790751748794 426464 511604 462184
1790751748817 426464 511604 462184
1790751748839 426464 511604 462184
1790751748861 426464 511604 462184
1790751748882 426464 511604 462184
1790751748903 426464 511604 462184
1790751748927 426464 511604 462184
1790751748950 426464 511604 462184
1790751748971 426464 511604 462184
1790751748998 426464 511604 462184
1790751749022 426464 511604 462184
1790751749045 426464 511604 462184
1790751749072 426464 511604 462184
1790751749095 426464 511604 462184
1790751749120 426464 511604 462184
1790751749145 426464 511604 462184
1790751749171 426464 511604 462184
1790751749195 426464 511604 462184
1790751749221 426464 511604 462184
1790751749242 426464 511604 462184
1790751749264 426464 511604 462184
1790751749286 426464 511604 462184
1790751749309 426464 511604 462184
1790751749330 426464 511604 462184
1790751749354 426464 511604 462184
1790751749375 426464 511604 462184
1790751749397 426464 511604 462184
1790751749421 426464 511604 462184
1790751749445 426464 511604 462184
1790751749466 426464 511604 462184
1790751749487 426464 511604 462184
1790751749512 426464 511604 462184
1790751749538 426464 511604 462184
1790751749563 426464 511604 462184
1790751749584 426464 511604 462184
1790751749605 426464 511604 462184
1790751749626 426464 511604 462184
1790751749649 426464 511604 462184
1790751749673 426464 511604 462184
1790751749698 426464 511604 462184
1790751749722 426464 511604 462184
1790751749746 426464 511604 462184
1790751749770 426464 511604 462184
1790751749791 426464 511604 462184
1790751749813 426464 511604 462184
1790751749838 426464 511604 462184
1790751749863 426464 511604 462184
1790751749887 426464 511604 462184
1790751749914 426464 511604 462184
1790751749935 426464 511604 462184
1790751749957 426464 511604 462184
1790751749982 426464 511604 462184
1790751750003 426464 511604 462184
1790751750027 426464 511604 462184
1790751750053 426464 511604 462184
1790751750075 431552 511604 462184
1790751750096 431652 511604 462184
1790751750120 437208 511604 462184
1790751750144 437208 511604 462184
1790751750168 437208 511604 462184
1790751750194 437208 511604 462184
1790751750215 437208 511604 462184
1790751750243 437208 511604 462184
1790751750265 437208 511604 462184
1790751750291 437208 511604 462184
1790751750315 437208 511604 462184
1790751750339 437208 511604 462184
1790751750364 437208 511604 462184
1790751750389 437208 511604 462184
1790751750415 437208 511604 462184
1790751750438 437212 511604 462184
1790751750460 437212 511604 462184
1790751750484 437212 511604 462184
1790751750508 437212 511604 462184
1790751750532 437212 511604 462184
1790751750555 437212 511604 462184
1790751750582 437212 511604 462184
1790751750608 437212 511604 462184
1790751750633 437212 511604 462184
1790751750654 437212 511604 462184
1790751750679 437212 511604 462184
1790751750703 437212 511604 462184
1790751750731 437212 511604 462184
1790751750755 437212 511604 462184
1790751750778 437212 511604 462184
1790751750803 437212 511604 462184
1790751750825 437212 511604 462184
1790751750846 437212 511604 462184
1790751750871 437212 511604 462184
1790751750898 437212 511604 462184
1790751750919 437212 511604 462184
1790751750943 437212 511604 462184
1790751750965 437212 511604 462184
1790751750987 437212 511604 462184
1790751751007 437212 511604 462184
1790751751034 437212 511604 462184
1790751751057 437212 511604 462184
1790751751078 437212 511604 462184
1790751751104 437212 511604 462184
1790751751124 437212 511604 462184
1790751751145 437212 511604 462184
1790751751168 437212 511604 462184
1790751751189 437212 511604 462184
1790751751210 437212 511604 462184
1790751751237 381388 511604 462184
1790751751258 381388 511604 462184
1790751751284 381388 511604 462184
1790751751304 381388 511604 462184
1790751751328 381388 511604 462184
1790751751349 381388 511604 462184
1790751751373 381388 511604 462184
1790751751399 381388 511604 462184
1790751751422 381388 511604 462184
1790751751443 381388 511604 462184
1790751751464 381388 511604 462184
1790751751485 381388 511604 462184
1790751751505 381388 511604 462184
1790751751526 381388 511604 462184
1790751751546 381388 511604 462184
1790751751567 381388 511604 462184
1790751751587 381388 511604 462184
1790751751608 381388 511604 462184
1790751751632 381388 511604 462184
1790751751652 381388 511604 462184
1790751751673 381388 511604 462184
1790751751697 381388 511604 462184
1790751751718 381388 511604 462184
1790751751742 381388 511604 462184
1790751751763 381388 511604 462184
1790751751788 381388 511604 462184
1790751751809 381388 511604 462184
1790751751833 381388 511604 462184
1790751751855 381388 511604 462184
1790751751879 381388 511604 462184
1790751751903 381388 511604 462184
1790751751927 381388 511604 462184
1790751751948 381388 511604 462184
1790751751972 381388 511604 462184
1790751751992 381388 511604 462184
1790751752012 381388 511604 462184
1790751752033 381388 511604 462184
1790751752053 381388 511604 462184
1790751752079 381388 511604 462184
1790751752099 381388 511604 462184
1790751752121 381388 511604 462184
1790751752144 381388 511604 462184
1790751752165 381388 511604 462184
1790751752187 381388 511604 462184
1790751752208 381388 511604 462184
1790751752229 381388 511604 462184
1790751752250 390404 511604 462184
1790751752270 416960 511604 462184
1790751752291 417060 511604 462184
1790751752312 422620 511604 462184
1790751752338 422620 511604 462184
1790751752366 422620 511604 462184
1790751752388 422620 511604 462184
1790751752413 422620 511604 462184
1790751752436 422620 511604 462184
1790751752457 422620 511604 462184
1790751752482 422620 511604 462184
1790751752503 422620 511604 462184
1790751752524 422620 511604 462184
1790751752546 422620 511604 462184
1790751752567 422620 511604 462184
1790751752588 422620 511604 462184
1790751752614 422620 511604 462184
1790751752636 422620 511604 462184
1790751752657 422620 511604 462184
1790751752678 422620 511604 462184
1790751752699 422620 511604 462184
1790751752725 422620 511604 462184
1790751752747 422620 511604 462184
1790751752768 422620 511604 462184
1790751752790 422620 511604 462184
1790751752813 422620 511604 462184
1790751752839 422620 511604 462184
1790751752861 422620 511604 462184
1790751752887 422620 511604 462184
1790751752909 422620 511604 462184
1790751752932 422620 511604 462184
1790751752954 422620 511604 462184
1790751752978 422620 511604 462184
1790751753002 422620 511604 462184
1790751753023 422620 511604 462184
1790751753048 422620 511604 462184
1790751753069 422620 511604 462184
1790751753090 422620 511604 462184
1790751753113 422620 511604 462184
1790751753133 422620 511604 462184
1790751753158 422620 511604 462184
1790751753181 422620 511604 462184
1790751753202 422620 511604 462184
1790751753223 422620 511604 462184
1790751753244 422620 511604 462184
1790751753265 422620 511604 462184
1790751753286 422620 511604 462184
1790751753307 422620 511604 462184
1790751753328 422620 511604 462184
1790751753351 422620 511604 462184
1790751753377 422620 511604 462184
1790751753399 422620 511604 462184
1790751753421 422620 511604 462184
1790751753442 422620 511604 462184
1790751753463 422620 511604 462184
1790751753484 422620 511604 462184
1790751753510 422620 511604 462184
1790751753534 422620 511604 462184
1790751753560 422620 511604 462184
1790751753585 422620 511604 462184
1790751753606 422620 511604 462184
1790751753627 422620 511604 462184
1790751753648 422620 511604 462184
1790751753674 422620 511604 462184
1790751753698 422620 511604 462184
1790751753720 422620 511604 462184
1790751753746 422620 511604 462184
1790751753771 422620 511604 462184
1790751753795 422620 511604 462184
1790751753819 422620 511604 462184
1790751753844 422620 511604 462184
1790751753867 422620 511604 462184
1790751753892 422620 511604 462184
1790751753915 422620 511604 462184
1790751753940 422620 511604 462184
1790751753961 422620 511604 462184
1790751753982 422620 511604 462184
1790751754005 422620 511604 462184
1790751754031 422620 511604 462184
1790751754055 422620 511604 462184
1790751754076 422620 511604 462184
1790751754100 422620 511604 462184
1790751754126 422620 511604 462184
1790751754151 422620 511604 462184
1790751754173 422620 511604 462184
1790751754197 422620 511604 462184
1790751754218 422620 511604 462184
1790751754238 422620 511604 462184
1790751754259 422620 511604 462184
1790751754281 422620 511604 462184
1790751754302 422620 511604 462184
1790751754328 422620 511604 462184
1790751754348 422620 511604 462184
1790751754372 422620 511604 462184
1790751754393 422620 511604 462184
1790751754414 422620 511604 462184
1790751754436 422620 511604 462184
1790751754457 422620 511604 462184
1790751754478 422620 511604 462184
1790751754499 422620 511604 462184
1790751754525 422620 511604 462184
1790751754546 422620 511604 462184
1790751754569 422620 511604 462184
1790751754593 422620 511604 462184
1790751754615 422620 511604 462184
1790751754635 422620 511604 462184
1790751754656 422620 511604 462184
1790751754677 422620 511604 462184
1790751754703 422620 511604 462184
1790751754724 422620 511604 462184
1790751754748 422620 511604 462184
1790751754771 422620 511604 462184
1790751754791 422620 511604 462184
1790751754815 422620 511604 462184
1790751754839 422620 511604 462184
1790751754863 422620 511604 462184
1790751754887 422620 511604 462184
1790751754909 422620 511604 462184
1790751754929 422620 511604 462184
1790751754954 422620 511604 462184
1790751754977 422620 511604 462184
1790751754997 422620 511604 462184
1790751755022 422620 511604 462184
1790751755046 422620 511604 462184
1790751755068 422620 511604 462184
1790751755089 422620 511604 462184
1790751755109 422620 511604 462184
1790751755130 422620 511604 462184
1790751755156 422620 511604 462184
1790751755177 422620 511604 462184
1790751755198 422620 511604 462184
1790751755218 422620 511604 462184
1790751755241 422620 511604 462184
1790751755262 422620 511604 462184
1790751755283 422620 511604 462184
1790751755304 422620 511604 462184
1790751755324 422620 511604 462184
1790751755348 422620 511604 462184
1790751755370 422620 511604 462184
1790751755394 422620 511604 462184
1790751755415 422620 511604 462184
1790751755436 422620 511604 462184
1790751755459 422620 511604 462184
1790751755482 422620 511604 462184
1790751755509 422620 511604 462184
1790751755534 422620 511604 462184
1790751755560 422620 511604 462184
1790751755584 422620 511604 462184
1790751755606 422620 511604 462184
1790751755631 422620 511604 462184
1790751755652 422620 511604 462184
1790751755674 422620 511604 462184
1790751755696 422620 511604 462184
1790751755717 422620 511604 462184
1790751755738 422620 511604 462184
1790751755759 422620 511604 462184
1790751755781 422620 511604 462184
1790751755805 422620 511604 462184
1790751755829 422620 511604 462184
1790751755850 422620 511604 462184
1790751755876 422620 511604 462184
1790751755899 422620 511604 462184
1790751755925 422620 511604 462184
1790751755947 422620 511604 462184
1790751755971 422620 511604 462184
1790751755995 422620 511604 462184
1790751756016 422620 511604 462184
1790751756038 422620 511604 462184
1790751756060 422620 511604 462184
1790751756082 422620 511604 462184
1790751756105 422620 511604 462184
1790751756127 422620 511604 462184
1790751756150 422620 511604 462184
1790751756172 422620 511604 462184
1790751756199 422620 511604 462184
1790751756224 422620 511604 462184
1790751756246 422620 511604 462184
1790751756269 422620 511604 462184
1790751756294 422620 511604 462184
1790751756315 422620 511604 462184
1790751756336 422620 511604 462184
1790751756360 422620 511604 462184
1790751756381 422624 511604 462184
1790751756401 426320 511604 462184
1790751756422 426464 511604 462184
1790751756443 426464 511604 462184
1790751756468 426464 511604 462184
1790751756492 426464 511604 462184
1790751756513 426464 511604 462184
1790751756535 426464 511604 462184
1790751756556 426464 511604 462184
1790751756584 426464 511604 462184
1790751756605 426464 511604 462184
1790751756630 426464 511604 462184
1790751756656 426464 511604 462184
1790751756678 426464 511604 462184
1790751756698 426464 511604 462184
1790751756723 426464 511604 462184
1790751756744 426464 511604 462184
1790751756764 426464 511604 462184
1790751756786 426464 511604 462184
1790751756811 426464 511604 462184
1790751756833 426464 511604 462184
1790751756858 426464 511604 462184
1790751756883 426464 511604 462184
1790751756911 426464 511604 462184
1790751756936 426464 511604 462184
1790751756964 426464 511604 462184
1790751756988 426464 511604 462184
1790751757008 426464 511604 462184
1790751757033 426464 511604 462184
1790751757057 426464 511604 462184
1790751757079 426464 511604 462184
1790751757105 426464 511604 462184
1790751757129 426464 511604 462184
1790751757151 426464 511604 462184
1790751757171 426464 511604 462184
1790751757196 426464 511604 462184
1790751757222 426464 511604 462184
1790751757247 426464 511604 462184
1790751757269 426464 511604 462184
1790751757291 426464 511604 462184
1790751757312 426464 511604 462184
1790751757335 426464 511604 462184
1790751757356 426464 511604 462184
1790751757378 426464 511604 462184
1790751757398 426464 511604 462184
1790751757423 426464 511604 462184
1790751757444 426464 511604 462184
1790751757467 426464 511604 462184
1790751757489 426464 511604 462184
1790751757513 426464 511604 462184
1790751757533 426464 511604 462184
1790751757558 426464 511604 462184
1790751757584 426464 511604 462184
1790751757612 426464 511604 462184
1790751757637 426464 511604 462184
1790751757661 426464 511604 462184
1790751757682 426464 511604 462184
1790751757707 426464 511604 462184
1790751757727 426464 511604 462184
1790751757749 426464 511604 462184
1790751757770 426464 511604 462184
1790751757790 426464 511604 462184
1790751757812 426464 511604 462184
1790751757836 426464 511604 462184
1790751757860 431552 511604 462184
1790751757881 431652 511604 462184
1790751757904 437208 511604 462184
1790751757928 437208 511604 462184
1790751757948 437208 511604 462184
1790751757969 437208 511604 462184
1790751757996 437208 511604 462184
1790751758019 437208 511604 462184
1790751758042 437208 511604 462184
1790751758067 437208 511604 462184
1790751758092 437208 511604 462184
1790751758114 437208 511604 462184
1790751758135 437208 511604 462184
1790751758160 437208 511604 462184
1790751758182 437208 511604 462184
1790751758209 437208 511604 462184
1790751758234 437208 511604 462184
1790751758257 437212 511604 462184
1790751758283 437212 511604 462184
1790751758308 437212 511604 462184
1790751758334 437212 511604 462184
1790751758359 437212 511604 462184
1790751758381 437212 511604 462184
1790751758408 437212 511604 462184
1790751758433 437212 511604 462184
1790751758458 437212 511604 462184
1790751758479 437212 511604 462184
1790751758500 437212 511604 462184
1790751758523 437212 511604 462184
1790751758551 437212 511604 462184
1790751758574 437212 511604 462184
1790751758602 437212 511604 462184
1790751758623 437212 511604 462184
1790751758644 437212 511604 462184
1790751758669 437212 511604 462184
1790751758695 437212 511604 462184
1790751758717 437212 511604 462184
1790751758737 390244 511604 462184
1790751758764 381388 511604 462184
1790751758784 381388 511604 462184
1790751758806 381388 511604 462184
1790751758829 381388 511604 462184
1790751758852 381388 511604 462184
1790751758873 399928 511604 462184
1790751758897 427280 511604 462184
1790751758925 431652 511604 462184
1790751758948 431652 511604 462184
1790751758975 437208 511604 462184
1790751759001 437208 511604 462184
1790751759027 437208 511604 462184
1790751759053 437208 511604 462184
1790751759077 437208 511604 462184
1790751759105 437208 511604 462184
1790751759129 437208 511604 462184
1790751759155 437208 511604 462184
1790751759175 437208 511604 462184
1790751759199 437208 511604 462184
1790751759224 437208 511604 462184
1790751759248 437208 511604 462184
1790751759272 437208 511604 462184
1790751759297 437208 511604 462184
1790751759319 437208 511604 462184
1790751759343 437208 511604 462184
1790751759370 437208 511604 462184
1790751759391 437208 511604 462184
1790751759415 437208 511604 462184
1790751759436 437208 511604 462184
1790751759459 437208 511604 462184
1790751759480 437208 511604 462184
1790751759504 437208 511604 462184
1790751759527 437208 511604 462184
1790751759549 437208 511604 462184
1790751759574 437208 511604 462184
1790751759601 437208 511604 462184
1790751759624 437208 511604 462184
1790751759648 437208 511604 462184
1790751759670 437208 511604 462184
1790751759690 437208 511604 462184
1790751759716 437208 511604 462184
1790751759738 437208 511604 462184
1790751759761 437208 511604 462184
1790751759784 437208 511604 462184
1790751759809 437208 511604 462184
1790751759831 437208 511604 462184
1790751759852 437208 511604 462184
1790751759876 437208 0 462184
1790751759903 437208 511604 462184
1790751759928 437208 511604 462184
1790751759951 437208 511604 462184
1790751759976 437208 511604 462184
1790751760000 437208 511604 462184
1790751760021 437208 511604 462184
1790751760044 437208 511604 462184
1790751760066 437208 511604 462184
1790751760089 437208 511604 462184
1790751760113 437208 511604 462184
1790751760136 437208 511604 462184
1790751760157 437208 511604 462184
1790751760182 437208 511604 462184
1790751760206 437208 511604 462184
1790751760234 437208 511604 462184
1790751760256 437208 511604 462184
1790751760276 437208 511604 462184
1790751760301 437208 511604 462184
1790751760328 437208 511604 462184
1790751760350 437208 511604 462184
1790751760375 437208 511604 462184
1790751760399 437208 511604 462184
1790751760421 437208 511604 462184
1790751760447 437208 511604 462184
1790751760468 437208 511604 462184
1790751760497 437208 511604 462184
1790751760518 437208 511604 462184
1790751760541 437208 511604 462184
1790751760562 437208 511604 462184
1790751760583 437208 511604 462184
1790751760608 437208 511604 462184
1790751760633 437208 511604 462184
1790751760655 437208 511604 462184
1790751760677 437208 511604 462184
1790751760704 437208 511604 462184
1790751760730 437208 511604 462184
1790751760752 437208 511604 462184
1790751760776 437208 511604 462184
1790751760798 437208 511604 462184
1790751760824 437208 511604 462184
1790751760848 437208 511604 462184
1790751760876 437208 511604 462184
1790751760900 437208 511604 462184
1790751760922 437208 511604 462184
1790751760947 437208 511604 462184
1790751760970 437208 511604 462184
1790751760991 437208 511604 462184
1790751761013 437208 511604 462184
1790751761034 437208 511604 462184
1790751761059 437208 511604 462184
1790751761085 437208 511604 462184
1790751761107 437208 511604 462184
1790751761131 437208 511604 462184
1790751761156 437208 511604 462184
1790751761178 437208 511604 462184
1790751761204 437208 511604 462184
1790751761229 437208 511604 462184
1790751761250 437208 511604 462184
1790751761273 437208 511604 462184
1790751761297 437208 511604 462184
1790751761320 437208 511604 462184
1790751761341 437208 511604 462184
1790751761362 437208 511604 462184
1790751761387 437208 511604 462184
1790751761408 437208 511604 462184
1790751761433 437208 511604 462184
1790751761454 437208 511604 462184
1790751761478 437208 511604 462184
1790751761499 437208 511604 462184
1790751761527 437208 511604 462184
1790751761551 437208 511604 462184
1790751761573 437208 511604 462184
1790751761597 437208 511604 462184
1790751761622 437208 511604 462184
1790751761644 437208 511604 462184
1790751761670 437208 511604 462184
1790751761698 437208 511604 462184
1790751761723 437208 511604 462184
1790751761748 437208 511604 462184
1790751761769 437208 511604 462184
1790751761795 437208 511604 462184
1790751761819 437208 511604 462184
1790751761846 437208 511604 462184
1790751761871 437208 511604 462184
1790751761896 437208 511604 462184
1790751761922 437208 511604 462184
1790751761944 437208 511604 462184
1790751761966 437208 511604 462184
1790751761989 437208 511604 462184
1790751762014 437208 511604 462184
1790751762035 437208 511604 462184
1790751762056 437208 511604 462184
1790751762078 437208 511604 462184
1790751762103 437208 511604 462184
1790751762126 437208 511604 462184
1790751762152 437208 511604 462184
1790751762173 437208 511604 462184
1790751762196 437208 511604 462184
1790751762223 437208 511604 462184
1790751762245 437208 511604 462184
1790751762267 437208 511604 462184
1790751762289 437208 511604 462184
1790751762314 437208 511604 462184
1790751762339 437208 511604 462184
1790751762361 437208 511604 462184
1790751762384 437208 511604 462184
1790751762404 437208 511604 462184
1790751762425 437208 511604 462184
1790751762446 437208 511604 462184
1790751762472 437208 511604 462184
1790751762493 437208 511604 462184
1790751762515 437208 511604 462184
1790751762539 437208 511604 462184
1790751762564 437208 511604 462184
1790751762588 437208 511604 462184
1790751762610 437208 511604 462184
1790751762631 437208 511604 462184
1790751762653 437208 511604 462184
1790751762677 437208 511604 462184
1790751762701 437208 511604 462184
1790751762722 437208 511604 462184
1790751762747 437208 511604 462184
1790751762769 437208 511604 462184
1790751762791 437208 511604 462184
1790751762812 437208 511604 462184
1790751762833 437208 511604 462184
1790751762860 437208 511604 462184
1790751762888 437208 511604 462184
1790751762910 437208 511604 462184
1790751762935 437208 511604 462184
1790751762956 437208 511604 462184
1790751762976 437208 511604 462184
1790751763003 437208 511604 462184
1790751763025 437208 511604 462184
1790751763046 437208 511604 462184
1790751763070 437208 511604 462184
1790751763091 437208 511604 462184
1790751763116 437208 511604 462184
1790751763141 437208 511604 462184
1790751763163 437208 511604 462184
1790751763186 437208 511604 462184
1790751763211 437208 511604 462184
1790751763237 437208 511604 462184
1790751763262 437208 511604 462184
1790751763284 437208 511604 462184
1790751763308 437208 511604 462184
1790751763329 437208 511604 462184
1790751763350 437208 511604 462184
1790751763376 437208 511604 462184
1790751763397 437208 511604 462184
1790751763425 437208 511604 462184
1790751763451 437208 511604 462184
1790751763477 437208 511604 462184
1790751763501 437208 511604 462184
1790751763522 437208 511604 462184
1790751763547 437208 511604 462184
1790751763569 437208 511604 462184
1790751763595 437208 511604 462184
1790751763622 437208 511604 462184
1790751763644 437208 511604 462184
1790751763664 437208 511604 462184
1790751763685 437208 511604 462184
1790751763712 437208 511604 462184
1790751763733 437208 511604 462184
1790751763758 437208 511604 462184
1790751763784 437208 511604 462184
1790751763808 437208 511604 462184
1790751763832 437208 511604 462184
1790751763855 437208 511604 462184
1790751763880 437208 511604 462184
1790751763905 437208 511604 462184
1790751763926 437208 511604 462184
1790751763948 437208 511604 462184
1790751763969 437208 511604 462184
1790751763991 437208 511604 462184
1790751764016 437208 511604 462184
1790751764042 437208 511604 462184
1790751764070 437208 511604 462184
1790751764091 437208 511604 462184
1790751764114 437208 511604 462184
1790751764139 437208 511604 462184
1790751764160 437208 511604 462184
1790751764186 437208 511604 462184
1790751764209 437208 511604 462184
1790751764230 437208 511604 462184
1790751764253 437208 511604 462184
1790751764278 437208 511604 462184
1790751764301 437208 511604 462184
1790751764326 437208 511604 462184
1790751764347 437208 511604 462184
1790751764372 437208 511604 462184
1790751764400 437208 511604 462184
1790751764422 437208 511604 462184
1790751764447 437208 511604 462184
1790751764473 437208 511604 462184
1790751764498 437208 511604 462184
1790751764519 437208 511604 462184
1790751764543 437208 511604 462184
1790751764565 437208 511604 462184
1790751764587 437208 511604 462184
1790751764612 437208 511604 462184
1790751764634 437208 511604 462184
1790751764658 437208 511604 462184
1790751764683 437208 511604 462184
1790751764705 437208 511604 462184
1790751764731 437208 511604 462184
1790751764759 437208 511604 462184
1790751764784 437208 511604 462184
1790751764806 437208 511604 462184
1790751764832 437208 511604 462184
1790751764860 437208 511604 462184
1790751764885 437208 511604 462184
1790751764908 437208 511604 462184
1790751764932 437208 511604 462184
1790751764956 437208 511604 462184
1790751764978 437208 511604 462184
1790751765000 437208 511604 462184
1790751765023 437208 511604 462184
1790751765045 437208 511604 462184
1790751765066 437208 511604 462184
1790751765093 437208 511604 462184
1790751765118 437208 511604 462184
1790751765144 437208 511604 462184
1790751765170 437208 511604 462184
1790751765194 437208 511604 462184
1790751765216 437208 511604 462184
1790751765237 437208 511604 462184
1790751765258 437208 511604 462184
1790751765278 437208 511604 462184
1790751765302 437208 511604 462184
1790751765328 437208 511604 462184
1790751765353 437208 511604 462184
1790751765380 437208 511604 462184
1790751765404 437208 511604 462184
1790751765429 437208 511604 462184
1790751765453 437208 511604 462184
1790751765475 437208 511604 462184
1790751765498 437208 511604 462184
1790751765524 437208 511604 462184
1790751765545 437208 511604 462184
1790751765567 437208 511604 462184
1790751765591 437208 511604 462184
1790751765614 437208 511604 462184
1790751765637 437208 511604 462184
1790751765658 437208 511604 462184
1790751765679 437208 511604 462184
1790751765701 437208 511604 462184
1790751765721 437208 511604 462184
1790751765746 437208 511604 462184
1790751765766 437208 511604 462184
1790751765792 437208 511604 462184
1790751765818 437212 511604 462184
1790751765845 437212 511604 462184
1790751765868 437212 511604 462184
1790751765891 437212 511604 462184
1790751765912 437212 511604 462184
1790751765941 437212 511604 462184
1790751765963 437212 511604 462184
1790751765984 437212 511604 462184
1790751766009 437212 511604 462184
1790751766033 437212 511604 462184
1790751766055 437212 511604 462184
1790751766082 437212 511604 462184
1790751766110 437212 511604 462184
1790751766132 437212 511604 462184
1790751766155 437212 511604 462184
1790751766180 437212 511604 462184
1790751766203 437212 511604 462184
1790751766225 437212 511604 462184
1790751766248 437212 511604 462184
1790751766275 437212 511604 462184
1790751766300 437212 511604 462184
1790751766328 437212 511604 462184
1790751766354 437212 511604 462184
1790751766380 437212 511604 462184
1790751766405 437212 511604 462184
1790751766431 437212 511604 462184
1790751766457 437212 511604 462184
1790751766478 437212 511604 462184
1790751766501 437212 511604 462184
1790751766527 437212 511604 462184
1790751766551 437212 511604 462184
1790751766578 437212 511604 462184
1790751766602 437212 511604 462184
1790751766625 437212 511604 462184
1790751766652 437212 511604 462184
1790751766675 437212 511604 462184
1790751766701 437212 511604 462184
1790751766724 437212 511604 462184
1790751766749 437212 511604 462184
1790751766772 437212 511604 462184
1790751766797 437212 511604 462184
1790751766818 437212 511604 462184
1790751766840 437212 511604 462184
1790751766861 437212 511604 462184
1790751766886 437212 511604 462184
1790751766910 437212 511604 462184
1790751766931 437212 511604 462184
1790751766955 437212 511604 462184
1790751766979 437212 511604 462184
1790751767005 437212 511604 462184
1790751767030 437212 511604 462184
1790751767051 437212 511604 462184
1790751767078 437212 511604 462184
1790751767100 437212 511604 462184
1790751767122 437212 511604 462184
1790751767145 437212 511604 462184
1790751767171 437212 511604 462184
1790751767197 437212 511604 462184
1790751767225 437212 511604 462184
1790751767251 437212 511604 462184
1790751767274 437212 511604 462184
1790751767295 437212 511604 462184
1790751767320 437212 511604 462184
1790751767343 437212 511604 462184
1790751767370 437212 511604 462184
1790751767392 437212 511604 462184
1790751767413 437212 511604 462184
1790751767434 437212 511604 462184
1790751767459 437212 511604 462184
1790751767482 437212 511604 462184
1790751767503 437212 511604 462184
1790751767529 437212 511604 462184
1790751767552 437212 511604 462184
1790751767578 437212 511604 462184
1790751767604 437212 511604 462184
1790751767629 437212 511604 462184
1790751767653 437212 511604 462184
1790751767675 437212 511604 462184
1790751767700 437212 511604 462184
# peak_kb=473320
# hwm_kb=473320
# frozen_ms=0
# polled_vs_hwm_pct=0promille
