1787309092175 55
1787309092270 49
1787309092361 48
1787309092456 53
1787309092556 56
1787309092662 56
1787309092769 57
1787309092876 57
1787309092986 52
1787309093083 52
1787309093179 52
1787309093277 53
1787309093373 51
1787309093469 52
1787309093574 62
1787309093689 63
1787309093807 62
1787309093926 64
1787309094044 60
1787309094162 65
1787309094280 63
1787309094397 65
1787309094515 65
1787309094634 67
1787309094752 69
1787309094873 76
1787309095007 69
1787309095138 68
1787309095264 68
1787309095392 70
1787309095520 69
1787309095650 70
1787309095780 70
1787309095907 70
1787309096038 69
1787309096171 72
1787309096304 71
1787309096437 72
1787309096562 72
1787309096694 68
1787309096826 73
1787309096955 72
1787309097087 74
1787309097221 74
1787309097359 74
1787309097485 75
1787309097623 76
1787309097757 76
1787309097896 76
1787309098032 75
1787309098171 76
1787309098311 75
1787309098451 78
1787309098591 74
1787309098729 77
1787309098871 72
1787309099014 43
1787309099121 78
1787309099242 42
1787309099324 42
1787309099409 76
1787309099546 44
1787309099669 79
1787309099820 41
1787309099958 82
1787309100114 42
1787309100200 37
1787309100272 65
1787309100417 33
1787309100512 62
1787309100639 33
1787309100722 33
1787309100791 62
1787309100943 33
1787309101053 62
1787309101178 32
1787309101302 63
1787309101441 34
1787309101537 64
1787309101691 32
1787309101799 65
1787309101936 37
1787309102034 62
1787309102132 33
1787309102214 64
1787309102371 33
1787309102468 63
1787309102607 34
1787309102731 66
1787309102858 32
1787309102979 68
1787309103109 33
1787309103231 62
1787309103370 33
1787309103462 64
1787309103560 33
1787309103656 33
1787309103739 33
1787309103807 65
1787309103937 32
1787309104033 64
1787309104175 33
1787309104299 64
1787309104426 33
1787309104537 65
1787309104691 33
1787309104787 66
1787309104931 33
1787309105055 66
1787309105185 33
1787309105293 67
1787309105451 32
1787309105549 66
1787309105676 32
1787309105757 32
1787309105824 66
1787309105980 34
1787309106078 66
1787309106222 35
1787309106346 68
1787309106478 33
1787309106572 33
1787309106638 66
1787309106754 32
1787309106877 66
1787309107006 32
1787309107131 67
1787309107275 35
1787309107372 66
1787309107527 33
1787309107623 67
1787309107742 34
1787309107811 33
1787309107906 67
1787309108059 34
1787309108155 67
1787309108296 33
1787309108366 32
1787309108458 68
1787309108591 32
1787309108712 68
1787309108856 45
1787309108963 67
1787309109120 33
1787309109214 68
1787309109330 32
1787309109397 33
1787309109495 33
1787309109563 78
1787309109704 33
1787309109800 69
1787309109947 34
1787309110072 69
1787309110201 32
1787309110298 33
1787309110366 68
1787309110485 32
1787309110581 34
1787309110650 69
1787309110783 32
1787309110879 69
1787309111023 34
1787309111135 73
1787309111274 33
1787309111342 34
1787309111442 71
1787309111566 34
1787309111691 73
1787309111827 33
1787309111955 35
1787309112068 73
1787309112205 34
1787309112343 38
1787309112417 34
1787309112486 70
1787309112623 35
1787309112734 35
1787309112835 72
1787309112972 35
1787309113042 32
1787309113112 48
1787309113207 45
1787309113297 90
1787309113449 44
1787309113538 43
1787309113626 44
1787309113748 91
1787309113920 43
1787309114045 45
1787309114158 92
1787309114329 43
1787309114451 44
1787309114572 91
1787309114744 44
1787309114855 45
1787309114978 91
1787309115151 45
1787309115278 44
1787309115404 85
1787309115557 44
1787309115683 45
1787309115773 91
1787309115910 43
1787309115998 43
1787309116116 44
1787309116227 92
1787309116365 43
1787309116453 43
1787309116575 45
1787309116703 93
1787309116873 44
1787309116987 44
1787309117109 94
1787309117282 44
1787309117403 44
1787309117526 91
1787309117685 43
1787309117807 45
1787309117897 45
1787309117982 92
1787309118152 44
1787309118278 45
1787309118384 94
1787309118555 45
1787309118683 45
1787309118806 93
1787309118982 45
1787309119091 44
1787309119213 94
1787309119387 40
1787309119490 34
1787309119619 77
1787309119763 35
1787309119879 35
1787309119979 76
1787309120151 35
1787309120253 35
1787309120352 76
1787309120523 35
1787309120609 35
1787309120680 35
1787309120781 77
1787309120923 49
1787309121052 46
1787309121181 95
1787309121320 45
1787309121410 43
1787309121523 45
1787309121612 93
1787309121788 44
1787309121915 43
1787309122038 95
1787309122179 44
1787309122269 43
1787309122373 45
1787309122500 96
1787309122680 45
1787309122771 44
1787309122860 45
1787309122951 90
1787309123111 45
1787309123225 45
1787309123354 98
1787309123535 45
1787309123660 43
1787309123782 97
1787309123957 45
1787309124071 46
1787309124195 97
1787309124376 45
1787309124500 45
1787309124629 97
1787309124772 45
1787309124923 46
1787309125014 96
1787309125196 46
1787309125322 45
1787309125445 99
1787309125627 44
1787309125734 47
1787309125864 100
1787309126038 45
1787309126168 44
1787309126292 46
1787309126415 98
1787309126560 45
1787309126673 45
1787309126765 40
1787309126841 35
1787309126911 35
1787309127012 81
1787309127160 33
1787309127259 35
1787309127388 35
1787309127506 83
1787309127626 34
1787309127698 35
1787309127799 34
1787309127927 34
1787309128010 102
1787309128155 44
1787309128245 45
1787309128373 45
1787309128489 101
1787309128675 47
1787309128801 46
1787309128930 46
1787309129022 100
1787309129206 45
1787309129327 46
1787309129444 46
1787309129573 99
1787309129753 46
1787309129883 46
1787309130014 45
1787309130140 100
1787309130282 45
1787309130397 47
1787309130489 46
1787309130581 43
1787309130710 102
1787309130891 45
1787309131021 45
1787309131112 45
1787309131203 44
1787309131295 100
1787309131459 46
1787309131585 46
1787309131715 46
1787309131840 103
1787309132024 45
1787309132155 46
1787309132242 45
1787309132329 45
1787309132444 103
1787309132593 45
1787309132684 45
1787309132775 45
1787309132901 45
1787309133032 101
1787309133178 45
1787309133269 45
1787309133360 46
1787309133493 36
1787309133594 84
1787309133775 33
1787309133876 36
1787309134001 46
1787309134092 104
1787309134244 44
1787309134335 44
1787309134465 46
1787309134584 46
1787309134714 104
1787309134864 44
1787309134993 47
1787309135121 46
1787309135247 102
1787309135434 45
1787309135560 44
1787309135675 47
1787309135807 106
1787309135959 41
1787309136099 35
1787309136202 36
1787309136305 85
1787309136457 35
1787309136530 34
1787309136602 34
1787309136672 35
1787309136759 34
1787309136858 35
1787309136930 85
1787309137064 39
1787309137196 35
1787309137297 35
1787309137398 84
1787309137544 35
1787309137613 34
1787309137713 33
1787309137798 34
1787309137867 34
1787309137967 85
1787309138116 34
1787309138244 33
1787309138340 32
1787309138439 34
1787309138510 85
1787309138672 38
1787309138774 34
1787309138884 34
1787309138984 85
1787309139136 34
1787309139267 34
1787309139366 34
1787309139466 83
1787309139645 34
1787309139743 34
1787309139857 34
1787309139956 31
1787309140025 33
1787309140094 84
1787309140217 34
1787309140312 34
1787309140410 33
1787309140521 39
1787309140625 86
1787309140804 34
1787309140904 34
1787309141021 33
1787309141120 35
1787309141247 87
1787309141418 36
1787309141522 36
1787309141623 34
1787309141751 34
1787309141821 33
1787309141892 85
1787309142055 39
1787309142172 35
1787309142269 34
1787309142368 33
1787309142439 33
1787309142509 87
1787309142631 33
1787309142731 32
1787309142830 34
1787309142932 34
1787309143062 87
1787309143213 35
1787309143328 35
1787309143430 35
1787309143556 35
1787309143655 87
1787309143809 34
1787309143936 34
1787309144034 33
1787309144161 34
1787309144263 89
1787309144435 35
1787309144538 33
1787309144633 33
1787309144703 33
1787309144774 34
1787309144842 33
1787309144943 89
1787309145099 34
1787309145198 50
1787309145330 47
1787309145459 47
1787309145578 113
1787309145773 47
1787309145901 47
1787309146029 46
1787309146162 47
1787309146256 93
1787309146442 35
1787309146513 33
1787309146584 34
1787309146686 35
1787309146800 35
1787309146898 90
1787309147053 34
1787309147125 34
1787309147225 51
1787309147361 48
1787309147456 45
1787309147548 46
1787309147636 112
1787309147830 46
1787309147959 46
1787309148085 46
1787309148204 46
1787309148337 116
1787309148496 46
1787309148629 47
1787309148756 46
1787309148890 46
1787309148984 46
1787309149077 114
1787309149239 45
1787309149373 47
1787309149467 46
1787309149577 47
1787309149671 46
1787309149765 115
1787309149961 48
1787309150095 43
1787309150224 47
1787309150319 45
1787309150446 115
1787309150648 47
1787309150783 48
1787309150877 47
1787309150993 47
1787309151087 45
1787309151180 116
1787309151343 46
1787309151433 47
1787309151526 46
1787309151618 46
1787309151713 45
1787309151840 48
1787309151974 96
1787309152138 34
1787309152240 34
1787309152340 34
1787309152427 35
1787309152497 34
1787309152596 91
1787309152797 38
1787309152901 35
1787309153004 35
1787309153107 33
1787309153236 96
1787309153397 35
1787309153494 49
1787309153591 45
1787309153684 44
1787309153802 48
1787309153937 47
1787309154071 116
1787309154236 47
1787309154370 47
1787309154499 48
1787309154633 48
1787309154729 46
1787309154861 117
1787309155065 47
1787309155195 47
1787309155316 48
1787309155412 46
1787309155505 46
1787309155599 42
1787309155730 120
1787309155897 47
1787309155991 46
1787309156084 46
1787309156217 47
1787309156312 47
1787309156447 46
1787309156582 118
1787309156748 47
1787309156843 46
1787309156961 47
1787309157052 46
1787309157186 48
1787309157315 47
1787309157450 118
1787309157611 48
1787309157705 47
1787309157800 46
1787309157934 48
1787309158064 48
1787309158196 46
1787309158290 120
1787309158483 45
1787309158611 48
1787309158747 49
1787309158873 47
1787309159003 46
1787309159132 121
1787309159301 45
1787309159430 48
1787309159566 48
1787309159702 47
1787309159797 47
1787309159949 122
1787309160118 47
1787309160213 47
1787309160306 46
1787309160435 48
1787309160567 47
1787309160663 46
1787309160792 121
1787309160992 47
1787309161127 46
1787309161220 48
1787309161312 47
1787309161407 48
1787309161543 48
1787309161664 122
1787309161830 46
1787309161924 46
1787309162018 45
1787309162152 45
1787309162287 47
1787309162383 42
1787309162469 47
1787309162563 118
1787309162729 46
1787309162819 46
1787309162913 46
1787309163048 48
1787309163184 48
1787309163314 48
1787309163434 127
1787309163650 47
1787309163744 47
1787309163880 46
1787309164010 47
1787309164146 48
1787309164243 124
1787309164449 48
1787309164580 47
1787309164717 47
1787309164812 47
1787309164948 44
1787309165065 124
1787309165273 47
1787309165403 48
1787309165539 47
1787309165634 47
1787309165770 49
1787309165907 125
1787309166080 47
1787309166176 48
1787309166273 48
1787309166367 50
1787309167010 50
1787309167222 49
1787309168088 129
1787309178862 128
1787309179041 47
1787309179126 48
1787309179225 48
1787309179324 50
1787309179424 49
1787309179523 50
1787309179623 45
1787309179719 50
1787309179820 50
1787309179921 50
1787309182647 128
1787309183286 50
1787309185483 129
1787309185660 51
1787309185757 51
1787309185858 51
1787309185956 50
1787309186056 49
1787309186156 50
1787309186256 49
1787309186358 51
1787309186459 50
1787309186557 49
1787309186654 51
1787309186756 49
1787309186886 52
1787309186990 129
1787309187212 50
1787309187314 49
1787309187415 50
1787309187512 49
1787309187655 50
1787309187795 44
1787309187912 38
1787309188020 110
1787309188201 40
1787309188281 39
1787309188362 38
1787309188507 38
1787309188619 39
1787309188720 39
1787309188865 39
1787309188972 110
1787309189154 38
1787309189267 39
1787309189347 38
1787309189427 38
1787309189506 37
1787309189585 38
1787309189724 39
1787309189835 38
1787309189944 110
1787309190155 39
1787309190266 37
1787309190376 40
1787309190505 39
1787309190618 38
1787309190755 38
1787309190865 110
1787309191049 37
1787309191157 39
1787309191233 38
1787309191344 38
1787309191423 38
1787309191501 37
1787309191579 38
1787309191659 38
1787309191768 37
1787309191881 107
1787309192057 38
1787309192196 39
1787309192293 37
1787309192436 38
1787309192543 38
1787309192654 39
1787309192765 39
1787309192846 108
1787309192993 37
1787309193084 43
1787309193169 37
1787309193275 38
1787309193416 38
1787309193529 38
1787309193641 37
1787309193751 109
1787309193966 38
1787309194063 39
1787309194206 40
1787309194316 36
1787309194427 37
1787309194538 40
1787309194678 113
1787309194864 38
1787309194993 40
1787309195108 39
1787309195220 51
1787309195350 38
1787309195460 38
1787309195536 36
1787309195614 36
1787309195691 109
1787309195837 37
1787309195932 38
1787309196009 36
1787309196116 37
1787309196226 36
1787309196303 36
1787309196380 55
1787309196486 50
1787309196588 51
1787309196728 137
1787309196950 52
1787309197054 50
1787309197154 49
1787309197256 47
1787309197393 50
1787309197496 46
1787309197632 50
1787309197778 135
1787309197988 51
1787309198133 51
1787309198237 51
1787309198383 50
1787309198529 49
1787309198626 49
1787309198765 138
1787309198993 51
1787309199140 52
1787309199242 50
1787309199383 49
1787309199527 52
1787309199631 50
1787309199733 52
1787309199836 132
1787309200050 51
1787309200196 51
1787309200299 50
1787309200445 52
1787309200591 47
1787309200691 50
1787309200836 136
1787309201063 51
1787309201205 51
1787309201309 51
1787309201408 51
1787309201511 51
1787309201653 52
1787309201756 50
1787309201860 51
1787309201964 140
1787309202185 50
1787309202330 52
1787309202434 50
1787309202580 52
1787309202721 52
1787309202825 51
1787309202966 52
1787309203113 140
1787309203306 51
1787309203409 44
1787309203496 38
1787309203607 39
1787309203749 39
1787309203857 38
1787309203968 39
1787309204081 39
1787309204209 119
1787309204404 38
1787309204514 38
1787309204594 39
1787309204672 38
1787309204751 38
1787309204830 55
1787309204977 52
1787309205124 51
1787309205265 50
1787309205369 141
1787309205606 51
1787309205753 52
1787309205858 50
1787309205999 51
1787309206147 52
1787309206251 51
1787309206384 52
1787309206531 140
1787309206761 48
1787309206860 51
1787309206964 52
1787309207068 50
1787309207209 51
1787309207312 50
1787309207453 52
1787309207599 48
1787309207743 140
1787309207934 52
1787309208082 51
1787309208229 49
1787309208332 52
1787309208479 52
1787309208614 52
1787309208718 51
1787309208817 51
1787309208919 144
1787309209159 51
1787309209262 52
1787309209404 52
1787309209553 51
1787309209656 51
1787309209804 52
1787309209946 51
1787309210049 143
1787309210244 52
1787309210344 48
1787309210488 51
1787309210591 52
1787309210738 53
1787309210888 52
1787309211023 52
1787309211124 51
1787309211266 145
1787309211502 51
1787309211606 50
1787309211708 51
1787309211807 50
1787309211909 51
1787309212009 50
1787309212112 51
1787309212253 52
1787309212400 51
1787309212499 143
1787309212740 51
1787309212888 52
1787309212993 51
1787309213140 53
1787309213289 52
1787309213421 52
1787309213525 50
1787309213666 147
1787309213910 51
1787309214013 51
1787309214160 52
1787309214299 51
1787309214441 51
1787309214541 46
1787309214684 52
1787309214826 145
1787309215023 51
1787309215127 51
1787309215230 50
1787309215378 53
1787309215479 50
1787309215627 52
1787309215761 52
1787309215904 52
1787309216009 146
1787309216252 52
1787309216395 51
1787309216498 51
1787309216642 51
1787309216791 53
1787309216896 51
1787309217000 53
1787309217106 51
1787309217209 51
1787309217314 51
1787309217419 146
1787309217618 51
1787309217722 50
1787309217824 50
1787309217972 51
1787309218072 51
1787309218205 53
1787309218349 51
1787309218498 52
1787309218603 51
1787309218751 150
1787309218997 52
1787309219098 49
1787309219245 52
1787309219394 51
1787309219499 51
1787309219647 52
1787309219797 52
1787309219902 51
1787309220050 148
1787309220252 52
1787309220353 50
1787309220457 51
1787309220601 52
1787309220728 53
1787309220834 51
1787309220939 50
1787309221042 48
1787309221187 52
1787309221288 51
1787309221431 147
1787309221676 52
1787309221780 52
1787309221917 52
1787309222067 52
1787309222171 52
1787309222271 51
1787309222376 51
1787309222480 52
1787309222581 52
1787309222687 53
1787309222789 51
1787309222892 150
1787309223095 51
1787309223199 52
1787309223304 51
1787309223439 53
1787309223545 52
1787309223694 52
1787309223799 51
1787309223904 52
1787309224008 52
1787309224114 52
1787309224219 51
1787309224319 155
1787309224527 52
1787309224628 50
1787309224732 53
1787309224838 52
1787309224943 52
1787309225049 52
1787309225155 49
1787309225253 53
1787309225359 53
1787309225465 52
1787309225570 53
1787309225677 49
1787309225775 53
1787309225881 154
1787309226087 53
1787309226225 53
1787309226375 51
1787309226481 50
1787309226583 51
1787309226688 51
1787309226789 52
1787309226894 51
1787309226993 52
1787309227098 51
1787309227203 52
1787309227309 153
1787309227511 53
1787309227618 53
1787309227724 53
1787309227830 52
1787309227936 53
1787309228042 48
1787309228144 52
1787309228250 48
1787309228351 52
1787309228457 52
1787309228561 52
1787309228693 39
1787309228809 127
1787309229012 39
1787309229147 40
1787309229260 38
1787309229370 39
1787309229484 38
1787309229597 40
1787309229678 39
1787309229759 39
1787309229908 39
1787309230021 127
1787309230225 41
1787309230338 37
1787309230451 38
1787309230597 39
1787309230708 40
1787309230823 39
1787309230938 39
1787309231051 38
1787309231197 128
1787309231396 40
1787309231500 41
1787309231621 39
1787309231702 38
1787309231783 39
1787309231925 40
1787309232039 39
1787309232151 38
1787309232287 54
1787309232395 51
1787309232500 52
1787309232606 159
1787309232858 53
1787309232965 52
1787309233071 51
1787309233176 53
1787309233282 51
1787309233427 55
1787309233579 53
1787309233686 51
1787309233837 49
1787309233941 51
1787309234092 159
1787309234329 54
1787309234476 52
1787309234578 51
1787309234684 53
1787309234791 53
1787309234898 52
1787309235049 53
1787309235195 53
1787309235301 52
1787309235452 53
1787309235599 158
1787309235810 53
1787309235957 53
1787309236103 53
1787309236209 53
1787309236316 54
1787309236423 52
1787309236529 52
1787309236674 53
1787309236820 53
1787309236927 52
1787309237029 53
1787309237163 158
1787309237375 51
1787309237526 54
1787309237634 51
1787309237785 54
1787309237893 52
1787309238045 53
1787309238192 53
1787309238299 53
1787309238451 53
1787309238602 159
1787309238814 52
1787309238947 41
1787309239064 39
1787309239181 40
1787309239325 40
1787309239440 40
1787309239551 41
1787309239669 38
1787309239800 39
1787309239912 129
1787309240116 37
1787309240226 37
1787309240304 37
1787309240383 38
1787309240528 37
1787309240639 38
1787309240750 39
1787309240876 43
1787309240993 38
1787309241104 38
1787309241217 132
1787309241457 38
1787309241565 39
1787309241678 39
1787309241792 39
1787309241904 39
1787309241983 39
1787309242064 38
1787309242205 40
1787309242317 40
1787309242419 37
1787309242498 37
1787309242574 38
1787309242653 134
1787309242828 39
1787309242910 40
1787309242992 40
1787309243108 40
1787309243191 39
1787309243273 39
1787309243418 39
1787309243528 40
1787309243611 39
1787309243692 39
1787309243805 39
1787309243922 40
1787309244039 137
1787309244281 40
1787309244395 39
1787309244506 39
1787309244621 39
1787309244738 39
1787309244851 40
1787309244935 40
1787309245015 39
1787309245163 39
1787309245266 41
1787309245384 136
1787309245596 40
1787309245739 40
1787309245854 40
1787309245967 39
1787309246081 40
1787309246230 39
1787309246347 39
1787309246461 41
1787309246576 40
1787309246690 39
1787309246835 137
1787309247029 58
1787309247186 54
1787309247339 55
1787309247449 53
1787309247597 55
1787309247702 53
1787309247810 54
1787309247919 53
1787309248051 50
1787309248195 52
1787309248301 53
1787309248455 165
1787309248673 52
1787309248781 54
1787309248889 53
1787309249042 53
1787309249150 53
1787309249303 54
1787309249412 53
1787309249562 54
1787309249715 55
1787309249823 53
1787309249976 54
1787309250079 168
1787309250298 53
1787309250406 53
1787309250513 53
1787309250622 53
1787309250731 54
1787309250840 51
1787309250987 54
1787309251136 55
1787309251277 54
1787309251385 52
1787309251538 54
1787309251643 53
1787309251750 168
1787309251973 53
1787309252081 53
1787309252230 52
1787309252378 51
1787309252483 53
1787309252637 54
1787309252746 53
1787309252853 54
1787309252962 53
1787309253069 53
1787309253222 54
1787309253375 171
1787309253601 53
1787309253754 53
1787309253862 53
1787309254016 53
1787309254124 52
1787309254231 52
1787309254338 52
1787309254478 54
1787309254587 53
1787309254741 55
1787309254851 53
1787309255000 168
1787309255269 51
1787309255370 52
1787309255514 54
1787309255663 54
1787309255771 53
1787309255921 53
1787309256074 53
1787309256183 54
1787309256333 55
1787309256442 53
1787309256548 53
1787309256654 169
1787309256877 53
1787309256985 52
1787309257092 53
1787309257201 53
1787309257350 54
1787309257500 55
1787309257611 52
1787309257752 54
1787309257907 54
1787309258016 52
1787309258169 55
1787309258279 170
1787309258545 52
1787309258653 52
1787309258755 52
1787309258864 53
1787309259018 54
1787309259125 53
1787309259280 50
1787309259385 54
1787309259534 54
1787309259689 55
1787309259799 53
1787309259948 168
1787309260171 54
1787309260281 54
1787309260383 55
1787309260493 54
1787309260602 54
1787309260711 54
1787309260816 47
1787309260943 41
1787309261050 38
1787309261132 39
1787309261247 40
1787309261364 39
1787309261477 39
1787309261592 145
1787309261841 41
1787309261940 57
1787309262094 54
1787309262241 53
1787309262349 53
1787309262498 54
1787309262653 55
1787309262764 55
1787309262915 55
1787309263024 55
1787309263165 55
1787309263321 175
1787309263550 54
1787309263699 52
1787309263852 55
1787309263962 53
1787309264117 55
1787309264253 58
1787309264365 54
1787309264516 50
1787309264667 51
1787309264773 54
1787309264930 53
1787309265038 172
1787309265311 54
1787309265420 53
1787309265575 54
1787309265728 54
1787309265838 54
1787309265993 55
1787309266104 55
1787309266259 55
1787309266369 54
1787309266526 54
1787309266636 53
1787309266745 55
1787309266855 174
1787309267086 54
1787309267241 55
1787309267351 55
1787309267462 54
1787309267571 53
1787309267714 55
1787309267823 54
1787309267974 55
1787309268084 53
1787309268240 54
1787309268391 54
1787309268501 53
1787309268652 175
1787309268883 54
1787309269034 55
1787309269144 53
1787309269249 54
1787309269354 53
1787309269504 54
1787309269654 55
1787309269765 53
1787309269916 54
1787309270026 54
1787309270180 55
1787309270332 55
1787309270442 179
1787309270720 54
1787309270824 54
1787309270934 55
1787309271044 54
1787309271154 54
1787309271298 56
1787309271456 54
1787309271566 54
1787309271722 55
1787309271833 54
1787309271989 55
1787309272098 46
1787309272253 152
1787309272484 40
1787309272602 40
1787309272721 41
1787309272841 41
1787309272960 41
1787309273077 39
1787309273192 40
1787309273311 40
1787309273429 40
1787309273511 40
1787309273593 39
1787309273738 41
1787309273855 152
1787309274083 41
1787309274202 40
1787309274284 40
1787309274365 40
1787309274483 41
1787309274618 42
1787309274738 42
1787309274856 40
1787309274972 40
1787309275091 39
1787309275207 40
1787309275323 41
1787309275408 40
1787309275489 151
1787309275714 40
1787309275798 42
1787309275883 39
1787309276001 40
1787309276117 40
1787309276201 40
1787309276284 41
1787309276401 41
1787309276553 40
1787309276667 41
1787309276781 38
1787309276899 40
1787309277017 40
1787309277134 41
1787309277250 152
1787309277446 40
1787309277530 41
1787309277646 41
1787309277767 42
1787309277910 42
1787309278028 39
1787309278144 41
1787309278264 40
1787309278378 40
1787309278462 40
1787309278546 41
1787309278663 38
1787309278810 40
1787309278892 40
1787309278991 155
1787309279190 41
1787309279308 39
1787309279423 40
1787309279539 41
1787309279624 39
1787309279708 41
1787309279829 42
1787309279944 41
1787309280029 40
1787309280127 47
1787309280274 42
1787309280359 39
1787309280442 40
1787309280527 40
1787309280646 41
1787309280763 157
1787309281032 41
1787309281150 41
1787309281270 42
1787309281377 42
1787309281495 41
1787309281612 40
1787309281696 40
1787309281780 40
1787309281900 40
1787309282041 41
1787309282159 41
1787309282276 41
1787309282397 41
1787309282517 157
1787309282753 41
1787309282872 40
1787309282986 39
1787309283066 38
1787309283146 38
1787309283293 38
1787309283406 39
1787309283522 39
1787309283637 38
1787309283719 39
1787309283801 39
1787309283917 40
1787309284033 39
1787309284149 38
1787309284262 154
1787309284523 39
1787309284635 39
1787309284737 40
1787309284854 39
1787309284937 39
1787309285016 38
1787309285131 40
1787309285277 40
1787309285392 38
1787309285508 40
1787309285624 40
1787309285741 39
1787309285854 39
1787309286003 153
1787309286229 39
1787309286343 40
1787309286459 39
1787309286575 40
1787309286692 40
1787309286809 40
1787309286957 41
1787309287075 37
1787309287190 42
1787309287308 40
1787309287422 40
1787309287539 40
1787309287656 155
1787309287927 42
1787309288047 42
1787309288149 42
1787309288268 41
1787309288388 41
1787309288508 42
1787309288626 42
1787309288711 41
1787309288794 41
1787309288945 41
1787309289066 42
1787309289186 42
1787309289308 42
1787309289429 159
1787309289663 42
1787309289783 42
1787309289901 41
1787309290020 41
1787309290141 42
1787309290224 40
1787309290307 41
1787309290427 42
1787309290548 42
1787309290631 40
1787309290716 40
1787309290836 41
1787309290952 40
1787309291037 41
1787309291120 40
1787309291238 41
1787309291392 162
1787309291632 42
1787309291741 42
1787309291860 41
1787309291980 41
1787309292100 42
1787309292220 41
1787309292339 42
1787309292425 41
1787309292510 41
1787309292628 41
1787309292713 40
1787309292798 41
1787309292916 39
1787309293030 40
1787309293112 40
1787309293195 39
1787309293309 160
1787309293509 38
1787309293590 40
1787309293708 39
1787309293825 40
1787309293907 40
1787309293987 37
1787309294102 39
1787309294185 39
1787309294266 39
1787309294381 40
1787309294463 39
1787309294543 39
1787309294659 38
1787309294739 39
1787309294822 40
1787309294934 39
1787309295015 38
1787309295094 40
1787309295212 39
1787309295294 40
1787309295377 159
1787309295633 41
1787309295751 39
1787309295867 39
1787309295982 40
1787309296096 40
1787309296212 40
1787309296311 58
1787309296428 56
1787309296541 56
1787309296701 56
1787309296815 55
1787309296975 55
1787309297089 51
1787309297245 57
1787309297356 192
1787309297650 53
1787309297760 55
1787309297922 56
1787309298034 56
1787309298192 56
1787309298304 55
1787309298416 55
1787309298525 52
1787309298634 55
1787309298795 56
1787309298908 55
1787309299068 53
1787309299177 55
1787309299337 56
1787309299450 197
1787309299738 56
1787309299898 56
1787309300007 56
1787309300165 56
1787309300277 56
1787309300437 57
1787309300551 56
1787309300712 56
1787309300825 56
1787309300986 52
1787309301095 56
1787309301257 57
1787309301370 57
1787309301532 198
1787309301787 56
1787309301943 58
1787309302057 56
1787309302213 55
1787309302370 56
1787309302484 55
1787309302638 48
1787309302767 41
1787309302886 42
1787309302986 48
1787309303078 40
1787309303160 41
1787309303276 41
1787309303426 40
1787309303543 164
1787309303772 41
1787309303891 40
1787309304007 41
1787309304125 41
1787309304208 40
1787309304291 38
1787309304406 39
1787309304557 40
1787309304676 38
1787309304791 41
1787309304908 40
1787309305023 40
1787309305138 39
1787309305254 40
1787309305372 41
1787309305523 167
1787309305769 41
1787309305884 40
1787309305997 41
1787309306111 40
1787309306225 41
1787309306343 40
1787309306427 39
1787309306510 40
1787309306626 42
1787309306710 40
1787309306792 40
1787309306911 40
1787309307028 40
1787309307112 41
1787309307194 39
1787309307310 40
1787309307393 41
1787309307478 41
1787309307615 168
1787309307825 40
1787309307908 41
1787309308029 42
1787309308114 40
1787309308199 40
1787309308315 39
1787309308434 42
1787309308557 41
1787309308677 41
1787309308797 42
1787309308918 42
1787309309039 41
1787309309155 39
1787309309270 41
1787309309387 41
1787309309469 39
1787309309552 39
1787309309668 165
1787309309876 39
1787309309958 39
1787309310074 40
1787309310224 40
1787309310343 40
1787309310461 40
1787309310580 41
1787309310697 40
1787309310815 40
1787309310929 40
1787309311042 40
1787309311161 40
1787309311278 40
1787309311359 40
1787309311444 39
1787309311563 48
1787309311691 168
1787309311938 42
1787309312024 42
1787309312111 42
1787309312230 41
1787309312350 42
1787309312503 42
1787309312590 41
1787309312677 40
1787309312762 41
1787309312884 43
1787309313035 42
1787309313155 41
1787309313277 42
1787309313400 43
1787309313523 42
1787309313643 43
1787309313764 164
1787309314008 41
1787309314128 41
1787309314248 40
1787309314367 41
1787309314487 42
1787309314608 43
1787309314728 42
1787309314816 42
1787309314903 41
1787309315025 41
1787309315146 42
1787309315269 43
1787309315390 43
1787309315511 42
1787309315622 40
1787309315704 40
1787309315821 176
1787309316076 42
1787309316199 42
1787309316318 41
1787309316438 41
1787309316561 43
1787309316684 43
1787309316806 42
1787309316929 39
1787309317047 42
1787309317205 43
1787309317324 41
1787309317409 41
1787309317495 40
1787309317580 40
1787309317663 41
1787309317748 42
1787309317869 176
1787309318122 42
1787309318209 42
1787309318296 41
1787309318416 43
1787309318539 42
1787309318658 42
1787309318781 43
1787309318931 60
1787309319050 57
1787309319213 54
1787309319325 58
1787309319490 58
1787309319606 49
1787309319734 43
1787309319884 41
1787309320006 40
1787309320126 176
1787309320384 42
1787309320507 43
1787309320628 42
1787309320748 42
1787309320869 42
1787309320990 42
1787309321110 42
1787309321233 41
1787309321352 42
1787309321472 42
1787309321596 42
1787309321717 41
1787309321837 42
1787309321994 43
1787309322113 43
1787309322201 42
1787309322287 174
1787309322506 41
1787309322628 42
1787309322715 40
1787309322799 41
1787309322919 42
1787309323040 42
1787309323164 41
1787309323287 41
1787309323407 41
1787309323526 40
1787309323679 39
1787309323796 40
1787309323916 38
1787309324019 41
1787309324136 40
1787309324256 41
1787309324374 173
1787309324656 41
1787309324774 41
1787309324890 41
1787309325007 40
1787309325122 40
1787309325239 41
1787309325356 41
1787309325474 41
1787309325558 40
1787309325641 40
1787309325758 41
1787309325907 41
1787309326023 41
1787309326140 40
1787309326260 40
1787309326380 42
1787309326498 178
1787309326756 41
1787309326873 40
1787309326990 40
1787309327109 41
1787309327214 61
1787309327333 58
1787309327449 57
1787309327615 57
1787309327731 56
1787309327846 58
1787309328012 57
1787309328128 57
1787309328287 58
1787309328441 59
1787309328557 57
1787309328673 57
1787309328789 57
1787309328905 211
1787309329175 57
1787309329336 58
1787309329452 57
1787309329616 59
1787309329733 57
1787309329898 58
1787309330015 55
1787309330130 56
1787309330242 56
1787309330357 57
1787309330472 57
1787309330633 55
1787309330746 57
1787309330908 58
1787309331024 57
1787309331189 59
1787309331306 218
1787309331624 58
1787309331741 58
1787309331908 58
1787309332025 56
1787309332140 52
1787309332251 58
1787309332367 55
1787309332478 57
1787309332640 57
1787309332756 57
1787309332922 58
1787309333038 57
1787309333196 58
1787309333345 58
1787309333459 57
1787309333625 48
1787309333718 41
1787309333841 183
1787309334105 61
1787309334276 58
1787309334393 53
1787309334555 58
1787309334671 57
1787309334789 57
1787309334955 59
1787309335072 58
1787309335234 57
1787309335346 57
1787309335512 59
1787309335630 57
1787309335795 58
1787309335911 54
1787309336074 56
1787309336189 56
1787309336350 219
1787309336628 57
1787309336744 57
1787309336861 58
1787309336978 57
1787309337093 57
1787309337253 57
1787309337370 57
1787309337486 57
1787309337602 58
1787309337719 57
1787309337836 57
1787309337998 57
1787309338115 57
1787309338266 57
1787309338383 57
1787309338548 58
1787309338665 57
1787309338827 57
1787309338944 218
1787309339266 56
1787309339381 57
1787309339543 58
1787309339659 57
1787309339826 57
1787309339943 57
1787309340109 56
1787309340224 59
1787309340338 57
1787309340454 56
1787309340570 56
1787309340682 58
1787309340845 58
1787309340962 57
1787309341125 58
1787309341242 55
1787309341398 59
1787309341515 223
1787309341847 59
1787309341963 57
1787309342124 58
1787309342241 58
1787309342408 58
1787309342525 58
1787309342692 58
1787309342808 57
1787309342924 57
1787309343040 57
1787309343158 57
1787309343275 57
1787309343428 58
1787309343545 57
1787309343662 58
1787309343780 58
1787309343894 58
1787309344011 58
1787309344177 230
1787309344466 57
1787309344633 58
1787309344748 58
1787309344917 58
1787309345034 58
1787309345202 58
1787309345320 57
1787309345437 57
1787309345604 58
1787309345722 57
1787309345884 59
1787309346003 58
1787309346166 58
1787309346283 58
1787309346446 58
1787309346563 58
1787309346726 227
1787309347012 59
1787309347175 59
1787309347293 58
1787309347410 58
1787309347527 58
1787309347644 58
1787309347761 58
1787309347930 59
1787309348048 58
1787309348166 57
1787309348282 59
1787309348400 57
1787309348517 57
1787309348670 57
1787309348787 59
1787309348951 56
1787309349066 58
1787309349229 59
1787309349347 58
1787309349511 228
1787309349799 57
1787309349966 58
1787309350084 54
1787309350198 58
1787309350365 59
1787309350486 58
1787309350653 59
1787309350771 57
1787309350934 59
1787309351052 57
1787309351210 59
1787309351328 57
1787309351496 58
1787309351610 59
1787309351729 58
1787309351895 59
1787309352014 58
1787309352183 230
1787309352472 58
1787309352636 58
1787309352753 58
1787309352917 59
1787309353035 58
1787309353154 57
1787309353272 59
1787309353391 57
1787309353507 58
1787309353676 61
1787309353795 58
1787309353949 58
1787309354067 59
1787309354236 58
1787309354354 56
1787309354470 59
1787309354588 58
1787309354706 59
1787309354825 59
1787309354994 225
1787309355278 58
1787309355397 55
1787309355562 59
1787309355679 57
1787309355847 59
1787309355967 58
1787309356130 59
1787309356248 59
1787309356366 55
1787309356480 57
1787309356594 58
1787309356708 58
1787309356877 59
1787309356996 58
1787309357114 58
1787309357231 56
1787309357347 59
1787309357466 58
1787309357634 59
1787309357752 233
1787309358045 60
1787309358212 59
1787309358332 57
1787309358500 59
1787309358620 59
1787309358738 59
1787309358857 59
1787309358976 58
1787309359094 58
1787309359213 56
1787309359329 58
1787309359447 59
1787309359598 58
1787309359713 59
1787309359879 59
1787309359998 59
1787309360168 59
1787309360288 56
1787309360403 58
1787309360572 238
1787309360867 58
1787309361036 59
1787309361155 58
1787309361274 59
1787309361394 58
1787309361513 59
1787309361632 55
1787309361747 57
1787309361865 57
1787309361984 60
1787309362103 59
1787309362222 57
1787309362335 58
1787309362454 59
1787309362573 60
1787309362744 58
1787309362863 58
1787309362980 58
1787309363099 60
1787309363219 59
1787309363338 59
1787309363456 59
1787309363575 58
1787309363693 239
1787309363992 58
1787309364161 60
1787309364281 57
1787309364400 59
1787309364519 61
1787309364639 59
1787309364758 59
1787309364878 60
1787309364997 58
1787309365115 58
1787309365233 59
1787309365385 60
1787309365506 58
1787309365676 57
1787309365793 58
1787309365912 59
1787309366031 58
1787309366149 59
1787309366268 57
1787309366434 59
1787309366552 58
1787309366671 238
1787309367020 60
1787309367140 59
1787309367306 60
1787309367426 57
1787309367594 60
1787309367714 58
1787309367830 60
1787309368001 59
1787309368120 58
1787309368286 61
1787309368408 59
1787309368574 60
1787309368695 57
1787309368812 59
1787309368984 59
1787309369104 58
1787309369275 60
1787309369395 59
1787309369565 237
1787309369863 59
1787309369983 59
1787309370150 59
1787309370270 59
1787309370440 59
1787309370561 59
1787309370680 58
1787309370799 59
1787309370918 59
1787309371076 59
1787309371193 58
1787309371311 58
1787309371481 59
1787309371599 59
1787309371719 60
1787309371886 60
1787309372006 59
1787309372176 60
1787309372297 59
1787309372417 234
1787309372709 60
1787309372830 59
1787309372949 59
1787309373069 60
1787309373189 58
1787309373306 59
1787309373426 59
1787309373544 59
1787309373664 60
1787309373783 59
1787309373903 60
1787309374071 59
1787309374191 59
1787309374357 60
1787309374477 58
1787309374644 59
1787309374765 59
1787309374931 60
1787309375053 59
1787309375173 59
1787309375293 60
1787309375414 60
1787309375534 246
1787309375841 59
1787309376013 58
1787309376132 58
1787309376299 61
1787309376420 58
1787309376541 59
1787309376712 62
1787309376834 61
1787309376988 62
1787309377110 59
1787309377281 60
1787309377402 58
1787309377572 61
1787309377694 55
1787309377811 60
1787309377982 60
1787309378103 63
1787309378275 61
1787309378396 239
1787309378725 43
1787309378852 44
1787309378942 44
1787309379033 43
1787309379122 44
1787309379247 43
1787309379374 43
1787309379502 43
1787309379629 44
1787309379756 43
1787309379880 44
1787309380007 43
1787309380132 44
1787309380260 43
1787309380350 41
1787309380438 44
1787309380528 43
1787309380617 43
1787309380705 43
1787309380831 44
1787309380958 44
1787309381088 44
1787309381216 223
1787309381502 61
1787309381675 60
1787309381795 57
1787309381960 60
1787309382081 70
1787309382259 61
1787309382381 59
1787309382501 59
1787309382659 61
1787309382780 58
1787309382898 59
1787309383020 60
1787309383140 60
1787309383261 59
1787309383433 59
1787309383553 58
1787309383725 61
1787309383848 60
1787309383969 60
1787309384138 60
1787309384260 246
1787309384614 59
1787309384736 61
1787309384857 59
1787309385029 59
1787309385148 59
1787309385321 59
1787309385442 58
1787309385561 59
1787309385682 59
1787309385801 60
1787309385922 60
1787309386043 60
1787309386215 61
1787309386337 60
1787309386455 59
1787309386575 57
1787309386692 61
1787309386813 59
1787309386986 61
1787309387108 57
1787309387227 61
1787309387400 248
1787309387710 60
1787309387883 60
1787309388003 59
1787309388124 60
1787309388294 61
1787309388416 60
1787309388589 61
1787309388743 61
1787309388865 58
1787309388984 60
1787309389105 59
1787309389224 59
1787309389345 58
1787309389465 59
1787309389587 59
1787309389707 60
1787309389828 59
1787309389948 59
1787309390068 60
1787309390241 60
1787309390362 60
1787309390533 243
1787309390837 59
1787309390957 60
1787309391131 61
1787309391253 61
1787309391375 59
1787309391495 60
1787309391617 61
1787309391738 58
1787309391907 60
1787309392029 60
1787309392150 60
1787309392271 60
1787309392390 59
1787309392510 60
1787309392631 60
1787309392752 59
1787309392873 58
1787309392991 61
1787309393113 57
1787309393283 60
1787309393405 60
1787309393575 49
1787309393671 211
1787309393969 45
1787309394096 42
1787309394224 44
1787309394352 44
1787309394482 43
1787309394607 44
1787309394734 43
1787309394848 45
1787309394978 44
1787309395086 50
1787309395220 45
1787309395347 44
1787309395471 44
1787309395598 43
1787309395725 44
1787309395853 44
1787309395980 43
1787309396108 45
1787309396238 44
1787309396367 45
1787309396494 213
1787309396790 44
1787309396917 44
1787309397008 44
1787309397099 42
1787309397188 44
1787309397315 42
1787309397441 45
1787309397569 43
1787309397695 42
1787309397819 43
1787309397943 43
1787309398068 43
1787309398192 42
1787309398317 43
1787309398441 44
1787309398566 44
1787309398692 43
1787309398817 42
1787309398943 43
1787309399068 42
1787309399193 41
1787309399317 213
1787309399616 44
1787309399761 50
1787309399856 45
1787309399986 42
1787309400112 45
1787309400241 44
1787309400356 44
1787309400485 44
1787309400610 44
1787309400736 45
1787309400864 43
1787309400953 43
1787309401044 41
1787309401132 42
1787309401220 41
1787309401306 42
1787309401431 42
1787309401553 42
1787309401678 43
1787309401801 43
1787309401925 42
1787309402050 41
1787309402174 209
1787309402469 43
1787309402598 43
1787309402723 42
1787309402850 44
1787309402979 43
1787309403105 50
1787309403237 43
1787309403362 44
1787309403490 45
1787309403619 43
1787309403708 43
1787309403797 43
1787309403888 44
1787309404053 65
1787309404179 60
1787309404301 60
1787309404475 62
1787309404599 61
1787309404722 60
1787309404897 61
1787309405019 60
1787309405142 250
1787309405507 61
1787309405630 61
1787309405806 60
1787309405928 59
1787309406046 60
1787309406167 59
1787309406290 59
1787309406448 61
1787309406570 60
1787309406691 60
1787309406862 61
1787309406985 61
1787309407109 60
1787309407283 60
1787309407404 59
1787309407578 62
1787309407701 59
1787309407823 61
1787309407998 61
1787309408118 61
1787309408294 61
1787309408417 257
1787309408736 60
1787309408907 60
1787309409031 60
1787309409154 60
1787309409330 61
1787309409454 61
1787309409577 61
1787309409699 61
1787309409822 61
1787309409946 61
1787309410068 59
1787309410238 61
1787309410361 60
1787309410483 60
1787309410606 60
1787309410729 61
1787309410852 62
1787309410976 61
1787309411152 62
1787309411276 60
1787309411398 61
1787309411520 58
1787309411641 61
1787309411764 60
1787309411887 265
1787309412268 62
1787309412392 59
1787309412514 60
1787309412686 61
1787309412810 59
1787309412981 61
1787309413144 59
1787309413265 62
1787309413389 61
1787309413511 62
1787309413689 62
1787309413814 61
1787309413937 60
1787309414112 62
1787309414237 61
1787309414360 60
1787309414483 58
1787309414604 59
1787309414727 61
1787309414847 60
1787309415023 61
1787309415147 61
1787309415270 265
1787309415652 61
1787309415776 60
1787309415899 62
1787309416022 60
1787309416145 61
1787309416269 60
1787309416392 62
1787309416570 61
1787309416692 61
1787309416815 61
1787309416938 60
1787309417058 60
1787309417181 61
1787309417304 62
1787309417478 61
1787309417602 61
1787309417726 61
1787309417850 61
1787309417973 62
1787309418096 61
1787309418219 61
1787309418394 58
1787309418516 60
1787309418638 61
1787309418762 60
1787309418885 262
1787309419209 61
1787309419333 61
1787309419510 62
1787309419635 60
1787309419757 60
1787309419921 62
1787309420043 60
1787309420220 62
1787309420344 61
1787309420467 63
1787309420592 61
1787309420715 61
1787309420839 61
1787309420961 60
1787309421133 61
1787309421258 62
1787309421382 61
1787309421506 61
1787309421629 60
1787309421751 62
1787309421875 62
1787309422052 62
1787309422176 61
1787309422300 59
1787309422421 261
1787309422742 60
1787309422862 62
1787309422986 61
1787309423163 52
1787309423277 61
1787309423398 60
1787309423518 60
1787309423641 59
1787309423764 58
1787309423886 62
1787309424061 62
1787309424185 63
1787309424310 60
1787309424433 62
1787309424558 60
1787309424682 62
1787309424806 62
1787309424986 63
1787309425110 61
1787309425234 59
1787309425409 63
1787309425532 62
1787309425656 61
1787309425834 62
1787309425958 264
1787309426284 63
1787309426410 62
1787309426535 62
1787309426660 64
1787309426787 63
1787309426953 63
1787309427080 62
1787309427255 62
1787309427380 62
1787309427504 62
1787309427683 64
1787309427809 63
1787309427933 62
1787309428060 65
1787309428191 64
1787309428435 67
1787309428544 67
1787309428845 70
1787309429099 68
1787309429222 304
1787309429648 72
1787309429792 71
1787309429936 308
1787309430318 72
1787309430464 72
1787309430660 309
1787309431044 70
1787309431188 71
1787309431333 71
1787309431479 311
1787309431866 70
1787309432059 72
1787309432205 311
1787309432590 72
1787309432736 71
1787309432882 318
1787309433330 71
1787309433476 321
1787309433874 72
1787309434021 71
1787309434168 319
1787309434614 72
1787309434762 71
1787309434908 325
1787309435311 72
1787309435458 72
1787309435605 320
1787309436049 74
1787309436198 72
1787309436346 322
1787309436744 72
1787309436892 73
1787309437041 323
1787309437492 72
1787309437642 72
1787309437791 326
1787309438193 73
1787309438343 72
1787309438491 273
1787309438894 73
1787309439044 73
1787309439195 339
1787309439612 73
1787309439762 74
1787309439911 337
1787309440378 74
1787309440529 73
1787309440681 339
1787309441097 73
1787309441247 72
1787309441399 344
1787309441872 74
1787309442024 74
1787309442177 352
1787309442608 74
1787309442760 74
1787309442913 343
1787309443387 75
1787309443541 73
1787309443693 358
1787309444130 74
1787309444284 73
1787309444437 76
1787309444646 354
1787309445079 75
1787309445234 75
1787309445387 75
1787309445541 358
1787309445979 59
1787309446177 76
1787309446330 75
1787309446483 357
1787309446917 75
1787309447069 74
1787309447220 75
1787309447373 76
1787309447525 361
1787309447962 76
1787309448168 366
1787309448612 78
1787309448768 76
1787309448920 376
1787309449431 77
1787309449585 381
1787309450045 77
1787309450200 77
1787309450408 373
1787309450860 76
1787309451014 76
1787309451170 376
1787309451681 77
1787309451838 394
1787309452311 77
1787309452468 78
1787309452682 392
1787309453153 69
1787309453299 78
1787309453456 389
1787309453980 79
1787309454139 399
1787309454616 80
1787309454775 79
1787309454934 400
1787309455468 82
1787309455630 397
1787309456105 79
1787309456265 79
1787309456424 404
1787309456966 80
1787309457127 409
1787309457617 80
1787309457777 81
1787309457940 419
1787309458500 81
1787309458662 416
1787309459160 80
1787309459321 80
1787309459484 426
1787309460054 81
1787309460216 434
1787309460726 432
1787309461306 445
1787309466629 74
1787309474549 445
1787309480461 75
1787309480622 76
1787309481688 444
1787309482425 75
1787309482579 75
1787309488054 75
1787309488207 75
1787309488360 73
1787309488512 75
1787309488800 77
1787309488954 451
1787309489484 76
1787309489776 76
1787309490537 75
1787309491030 74
1787309491317 76
1787309495099 76
1787309495391 77
1787309495546 71
1787309495826 71
1787309495972 73
1787309496123 74
1787309497874 449
1787309498599 70
1787309499144 73
1787309499563 74
1787309499914 70
1787309502503 70
1787309502783 74
1787309502934 72
1787309503084 71
1787309503231 72
1787309503382 71
1787309503664 71
1787309503809 71
1787309503956 71
1787309506047 448
1787309506571 74
1787309507058 72
1787309507539 71
1787309508282 74
1787309513338 376
1787309514256 56
1787309520371 453
1787309521031 74
1787309521314 74
1787309521466 71
1787309521612 74
1787309521764 73
1787309521914 74
1787309522065 74
1787309522215 72
1787309522496 74
1787309522648 73
1787309527771 448
1787309528429 71
1787309528775 72
1787309528924 73
1787309529143 73
1787309529295 73
1787309529446 72
1787309529798 74
1787309529951 70
1787309530098 73
1787309530450 70
1787309530731 70
1787309530876 74
1787309535381 447
1787309536176 70
1787309536322 71
1787309536600 71
1787309536815 70
1787309537090 71
1787309537236 70
1787309537381 73
1787309537798 74
1787309538018 71
1787309538364 60
1787309538638 71
1787309539182 72
1787309545543 457
1787309546143 86
1787309546309 473
1787309546852 84
1787309547016 85
1787309547179 84
1787309547407 476
1787309547965 85
1787309548131 86
1787309548298 479
1787309548858 85
1787309549088 85
1787309549256 483
1787309549818 87
1787309549985 86
1787309550153 85
1787309550320 489
1787309550891 87
1787309551121 88
1787309551291 88
1787309551459 87
1787309551634 86
1787309551801 86
1787309551967 86
1787309552138 90
1787309552310 87
1787309552479 87
1787309552656 87
1787309552825 87
1787309552992 86
1787309553159 489
1787309553729 85
1787309553895 88
1787309554063 90
1787309554233 87
1787309554401 87
1787309554566 87
1787309555989 87
1787309556156 85
1787309556320 86
1787309556486 85
1787309556650 87
1787309556885 87
1787309557122 89
1787309557917 68
1787309558069 86
1787309558235 87
1787309558402 87
1787309558568 86
1787309558804 87
1787309559454 86
1787309559689 89
1787309559996 85
1787309560160 86
1787309560326 85
1787309560490 85
1787309560654 86
1787309561376 497
1787309563361 87
1787309563595 89
1787309563764 507
1787309564353 87
1787309564521 88
1787309564689 88
1787309564858 87
1787309565027 87
1787309565196 87
1787309565868 91
1787309566042 88
1787309566211 89
1787309566381 87
1787309566550 89
1787309566720 89
1787309566890 88
1787309567060 87
1787309567227 89
1787309567397 504
1787309567985 88
1787309568155 84
1787309568320 87
1787309568556 88
1787309568726 89
1787309568896 89
1787309569067 88
1787309569237 87
1787309569406 88
1787309569577 88
1787309569747 89
1787309569918 88
1787309570078 510
1787309570672 90
1787309570844 90
1787309571017 89
1787309571189 89
1787309571361 90
1787309571533 89
1787309571705 90
1787309571876 88
1787309572047 89
1787309572218 89
1787309572390 73
1787309572548 85
1787309572717 90
1787309572889 510
1787309573482 90
1787309573655 89
1787309573891 89
1787309574064 88
1787309574236 90
1787309574410 88
1787309574581 90
1787309574754 89
1787309574926 90
1787309575098 89
1787309575270 90
1787309575443 90
1787309575615 518
1787309576216 89
1787309576387 90
1787309576560 89
1787309576731 73
1787309576892 75
1787309577054 92
1787309577230 91
1787309577404 89
1787309577577 90
1787309577749 90
1787309577923 91
1787309578074 89
1787309578247 516
1787309578846 88
1787309579016 90
1787309579255 92
1787309579429 90
1787309579602 90
1787309579775 91
1787309579949 90
1787309580125 90
1787309580300 90
1787309580477 89
1787309580651 90
1787309580826 89
1787309581001 88
1787309581175 90
1787309581350 90
1787309587779 526
1787309588389 87
1787309588561 89
1787309596421 530
1787309597040 89
1787309597365 89
1787309608420 527
1787309609034 92
1787309609209 89
1787309609381 89
1787309609553 91
1787309609727 88
1787309609899 88
1787309610070 88
1787309610241 89
1787309610414 88
1787309610586 88
1787309610758 90
1787309610931 89
1787309611103 90
1787309611277 87
1787309611447 90
1787309611621 89
1787309611794 89
1787309611967 90
1787309612141 89
1787309612313 88
1787309612484 89
1787309612657 90
1787309612830 529
1787309613442 88
1787309613615 87
1787309613854 90
1787309614027 91
1787309614201 90
1787309614372 69
1787309614512 67
1787309614649 66
1787309614783 65
1787309614916 67
1787309615051 66
1787309615185 67
1787309615321 66
1787309615455 68
1787309615592 66
1787309615731 67
1787309615925 68
1787309616060 67
1787309616200 67
1787309616338 66
1787309616475 66
1787309616615 66
1787309616995 67
1787309638217 450
1787309638918 67
1787309639057 67
1787309639195 67
1787309639335 67
1787309639474 66
1787309639614 66
1787309639935 67
1787309640075 66
1787309655120 455
1787309655649 69
1787309655790 67
1787309655926 68
1787309662488 66
1787309668695 453
1787309669341 69
1787309669481 70
1787309669623 70
1787309670187 66
1787309677618 538
1787309678790 70
1787309678948 96
1787309679134 90
1787309679605 90
1787309679781 89
1787309694834 534
1787309700849 91
1787309701025 90
1787309701805 91
1787309702279 90
1787309702454 90
1787309703006 72
1787309711135 534
1787309716750 90
1787309718268 91
1787309718443 90
1787309723392 534
1787309724539 90
1787309724863 92
1787309725193 92
1787309725521 96
1787309732399 538
1787309734698 72
1787309745807 537
1787309747763 91
1787309767637 537
1787309768259 87
1787309768581 73
1787309768739 92
1787309770127 69
1787309770357 101
1787309770522 541
1787309771149 93
1787309771327 95
1787309771507 93
1787309771665 86
1787309771836 86
1787309772010 88
1787309772184 86
1787309772358 86
1787309772845 88
1787309773020 86
1787309773503 87
1787309773678 84
1787309773850 87
1787309774180 86
1787309774353 85
1787309774526 549
1787309775162 87
1787309775492 87
1787309775666 87
1787309775841 81
1787309776008 86
1787309776339 85
1787309776512 87
1787309776686 87
1787309776925 88
1787309777176 89
1787309777351 86
1787309777525 89
1787309777702 86
1787309778417 90
1787309778604 95
1787309779146 97
1787309779860 94
1787309781014 96
1787309781205 97
1787309785860 558
1787309795539 556
1787309805694 556
1787309806795 96
1787309807430 96
1787309808059 97
1787309808691 92
1787309809315 96
1787309809860 97
1787309810402 96
1787309810936 92
1787309813104 92
1787309813594 73
1787309814031 97
1787309814491 97
1787309815038 554
1787309816128 97
1787309816667 96
1787309817215 98
1787309817760 98
1787309818222 100
1787309818682 98
1787309819142 98
1787309830913 551
1787309831739 87
1787309832102 97
1787309832475 90
1787309832839 97
1787309833036 97
1787309833585 97
1787309837249 98
1787309842857 556
1787309844390 96
1787309847137 99
1787309847866 98
1787309848574 100
1787309848861 99
1787309851140 89
1787309851317 91
1787309851497 88
1787309851673 90
1787309851852 91
1787309852031 565
1787309852684 93
1787309852864 91
1787309853044 91
1787309853224 91
1787309853541 91
1787309853790 91
1787309853970 91
1787309854150 91
1787309854330 90
1787309854508 90
1787309854687 92
1787309854869 91
1787309855050 92
1787309855232 92
1787309856695 90
1787309856875 93
1787309858013 89
1787309858192 91
1787309858374 91
1787309859518 91
1787309859699 75
1787309859848 68
1787309859989 69
1787309860131 93
1787309920138 571
1787310109296 572
1787310110367 93
1787310110550 90
1787310110731 91
1787310184170 549
1787310187717 83
1787310187885 84
1787310188054 84
1787310189196 84
1787310189366 83
1787310190587 83
1787310190755 82
1787310248726 548
1787310436948 528
1787310438141 78
1787310509158 525
1787310512723 77
1787310512881 78
1787310514037 76
1787310514194 77
1787310514352 78
1787310514510 79
1787310515599 76
1787310515755 80
1787310515915 78
1787310575078 517
1787310764752 521
1787310765930 76
1787310836437 523
1787310840050 77
1787310840206 76
1787310841430 75
1787310841585 76
1787310842872 76
1787310843027 78
1787310901550 521
1787310945598 517
1787310946199 77
1787311091443 520
1787311162999 524
1787311166533 78
1787311166690 79
1787311166849 78
1787311167080 78
1787311168094 79
1787311168252 78
1787311168627 78
1787311169636 77
1787311169794 77
1787311228527 524
1787311272686 519
1787311273293 76
1787311273454 76
1787311273613 78
1787311273776 76
1787311419762 529
1787311490909 526
1787311493191 78
1787311494584 78
1787311494743 78
1787311495989 78
1787311496149 78
1787311496526 79
1787311497479 78
1787311497638 77
1787311555933 526
1787311745837 527
1787311817524 531
1787311819746 77
1787311821137 78
1787311821516 78
1787311821676 79
1787311822628 78
1787311822787 78
1787311824029 80
1787311824190 79
1787311884847 532
1787312074298 528
1787312148712 527
1787312152300 78
1787312152606 79
1787312153705 78
1787312155023 78
1787312155182 88
1787312215452 531
1787312259984 528
1787312309361 528
1787312406868 531
1787312478396 533
1787312481887 79
1787312482050 80
1787312483167 80
1787312483329 81
1787312483493 80
1787312483657 80
1787312483821 80
1787312484783 80
1787312484945 89
1787312485192 84
1787312544794 537
1787312589192 533
1787312734694 533
1787312806516 531
1787312810038 79
1787312810200 80
1787312810436 80
1787312811544 78
1787312811705 80
1787312811868 79
1787312812030 80
1787312813142 78
1787312813303 86
1787312872338 528
1787313062442 530
1787313134501 527
1787313136743 78
1787313138193 78
1787313138352 77
1787313139594 78
1787313139753 79
1787313140130 80
1787313141079 79
1787313141238 79
1787313201403 528
1787313390471 536
1787313391092 83
1787313461901 530
1787313465470 78
1787313465629 79
1787313466887 78
1787313467048 81
1787313468374 80
1787313468535 81
1787313468770 81
1787313468940 85
1787313469115 87
1787313469292 87
1787313469467 86
1787313469703 81
1787313618471 537
1787313622756 89
1787313623241 94
1787313623425 88
1787313623598 80
1787313623919 88
1787313624783 89
1787313627866 540
1787313628496 84
1787313629123 81
1787313629289 546
1787313630299 84
1787313630471 80
1787313631535 81
1787313631700 80
1787313631866 82
1787313632102 544
1787313637215 80
1787313637758 82
1787313637923 80
1787313638086 81
1787313638326 80
1787313638565 80
1787313638729 81
1787313638969 81
1787313639134 82
1787313639300 83
1787313639467 77
1787313639627 79
1787313639791 82
1787313639956 81
1787313640121 82
1787313640288 82
1787313640527 544
1787313641157 82
1787313641398 80
1787313641563 81
1787313641728 80
1787313641891 82
1787313642057 81
1787313642222 81
1787313642449 82
1787313642617 81
1787313642784 82
1787313642948 81
1787313643114 82
1787313643279 81
1787313643445 82
1787313643612 551
1787313644252 85
1787313644424 84
1787313644598 83
1787313644771 87
1787313645025 85
1787313645197 86
1787313645370 84
1787313645542 85
1787313645715 84
1787313645886 84
1787313646058 84
1787313646232 85
1787313651085 84
1787313651341 84
1787313651514 85
1787313651667 84
1787313651917 84
1787313652089 85
1787313652263 82
1787313652430 559
1787313653078 86
1787313653329 85
1787313653503 84
1787313653672 82
1787313653839 82
1787313654005 82
1787313654172 82
1787313654338 82
1787313654505 81
1787313654672 83
1787313654840 83
1787313655070 84
1787313655240 83
1787313655408 83
1787313655576 82
1787313655743 567
1787313656397 82
1787313656563 82
1787313656730 81
1787313656897 83
1787313657065 82
1787313657233 84
1787313657402 83
1787313657571 83
1787313657740 83
1787313657907 83
1787313658076 83
1787313658245 82
1787313658414 82
1787313658582 82
1787313658751 84
1787313658921 83
1787313659091 83
1787313659261 572
1787313659926 87
1787313660185 85
1787313660359 85
1787313660613 86
1787313660789 87
1787313660966 86
1787313661143 86
1787313665633 86
1787313666452 85
1787313666625 87
1787313666801 84
1787313667043 88
1787313667220 87
1787313667397 580
1787313668067 87
1787313668243 87
1787313668420 86
1787313668596 86
1787313668772 87
1787313668950 87
1787313669129 88
1787313669307 86
1787313669484 85
1787313669658 87
1787313669835 88
1787313670014 583
1787313670686 84
1787313670858 83
1787313671029 85
1787313671202 85
1787313671375 84
1787313671548 85
1787313671723 84
1787313671961 86
1787313672136 85
1787313672307 84
1787313672480 84
1787313672653 84
1787313672826 85
1787313673000 580
1787313673673 89
1787313673854 89
1787313674034 87
1787313674211 85
1787313674386 84
1787313674561 84
1787313674733 86
1787313674907 85
1787313675081 85
1787313675254 85
1787313675429 85
1787313675605 84
1787313675777 86
1787313675952 84
1787313676125 86
1787313676300 85
1787313676474 591
1787313677159 90
1787313677339 89
1787313677519 89
1787313677699 89
1787313677883 88
1787313678064 89
1787313678245 89
1787313678428 90
1787313678676 86
1787313678853 85
1787313679030 86
1787313679370 86
1787313679548 85
1787313679726 84
1787313679904 597
1787313680595 86
1787313680776 86
1787313680956 85
1787313681135 86
1787313681314 85
1787313681580 86
1787313681760 85
1787313681941 85
1787313682120 85
1787313682299 86
1787313682478 87
1787313682745 86
1787313682924 87
1787313683105 85
1787313683285 86
1787313683548 84
1787313683726 86
1787313683907 604
1787313684607 87
1787313684788 88
1787313684969 86
1787313685148 86
1787313685327 87
1787313685507 86
1787313685686 87
1787313685868 86
1787313686046 86
1787313686226 87
1787313686477 86
1787313686738 86
1787313686917 85
1787313687091 89
1787313687270 86
1787313687447 86
1787313687623 87
1787313687802 611
1787313688508 87
1787313688685 89
1787313688865 88
1787313689045 88
1787313689223 87
1787313689402 87
1787313689580 86
1787313689758 88
1787313689936 87
1787313690114 86
1787313690291 87
1787313690469 87
1787313690647 88
1787313690826 87
1787313691005 89
1787313691185 86
1787313691362 609
1787313692064 87
1787313692243 87
1787313692422 89
1787313692601 88
1787313692779 89
1787313692960 87
1787313693207 89
1787313693388 89
1787313693570 86
1787313693749 88
1787313693927 89
1787313694107 89
1787313694286 98
1787313694481 88
1787313694661 87
1787313694838 88
1787313695018 88
1787313695196 88
1787313695703 89
1787313699329 89
1787313699509 86
1787313700440 89
1787313705043 624
1787313707164 87
1787313707343 87
1787313707523 87
1787313707783 87
1787313708126 87
1787313708469 88
1787313708650 86
1787313708826 101
1787313709023 92
1787313709211 94
1787313709400 90
1787313709584 93
1787313709769 630
1787313710494 93
1787313710679 99
1787313710874 92
1787313711061 94
1787313711250 93
1787313711437 93
1787313711625 92
1787313711884 94
1787313712073 91
1787313712258 92
1787313712445 92
1787313712633 92
1787313712821 634
1787313713552 89
1787313713734 89
1787313713916 89
1787313714097 89
1787313714278 90
1787313714461 90
1787313714645 87
1787313714826 90
1787313715008 89
1787313715191 89
1787313715372 90
1787313717759 90
1787313718870 90
1787313719052 87
1787313719231 90
1787313719414 89
1787313719595 88
1787313719776 89
1787313719960 91
1787313720143 90
1787313720326 88
1787313720507 633
1787313721233 89
1787313721413 89
1787313721595 90
1787313721778 92
1787313721963 90
1787313722146 90
1787313722327 89
1787313722579 89
1787313722761 89
1787313722943 90
1787313723127 89
1787313723311 90
1787313723495 90
1787313723680 89
1787313723864 90
1787313724048 89
1787313724231 650
1787313724976 90
1787313725161 91
1787313727314 91
1787313728435 89
1787313728618 92
1787313728805 90
1787313728989 108
1787313729190 99
1787313729387 118
1787313729603 116
1787313729810 119
1787313730028 120
1787313730246 120
1787313730465 116
1787313730677 114
1787313730888 114
1787313731100 116
1787313731311 115
1787313731524 116
1787313731737 683
1787313732521 119
1787313732741 120
1787313732962 121
1787313733917 119
1787313738033 104
1787313738235 104
1787313738437 103
1787313738636 103
1787313741713 103
1787313798331 669
1787313799969 103
1787313800169 91
1787313800687 97
1787313801314 98
1787313801858 96
1787313802052 97
1787313802322 98
1787313803474 92
1787313807121 95
1787313807309 96
1787313807500 95
1787313807691 96
1787313807883 96
1787313808077 96
1787313809304 95
1787313866458 676
1787313868103 113
1787313869353 103
1787313869793 105
1787313870517 105
1787313870717 106
1787313870919 105
1787313871122 104
1787313871323 106
1787313871526 104
1787313871726 105
1787313871928 105
1787313876638 104
1787313876838 103
1787313877037 105
1787313877325 102
1787313879677 670
1787313907687 665
1787313908454 100
1787313908654 102
1787313935074 653
1787313936689 92
1787313941163 91
1787313941510 96
1787313942389 94
1787313942751 95
1787314084225 720
1787314085052 116
1787314085273 118
1787314085882 116
1787314086102 117
1787314086325 118
1787314087222 117
1787314134860 711
1787314136566 107
1787314136780 107
1787314136993 102
1787314139478 106
1787314141819 108
1787314142891 106
1787314150167 704
1787314151844 107
1787314156428 120
1787314156849 117
1787314157068 117
1787314157385 118
1787314157609 117
1787314202453 707
1787314204138 108
1787314204450 107
1787314204664 100
1787314204873 108
1787314207294 120
1787314209027 108
1787314210109 107
1787314210324 107
1787314213026 118
1787314213250 117
1787314213951 118
1787314214559 722
1787314215962 118
1787314223009 106
1787314224089 109
1787314228939 721
1787314229770 118
1787314230378 118
1787314230604 118
1787314230831 117
1787314270991 714
1787314272676 109
1787314273280 108
1787314273494 108
1787314273709 108
1787314273922 107
1787314274136 108
1787314276096 109
1787314277841 109
1787314278919 105
1787314279514 107
1787314279730 107
1787314282039 117
1787314282736 118
1787314283440 721
1787314284843 118
1787314295689 718
1787314297381 109
1787314302453 119
1787314339841 716
1787314341539 108
1787314341947 107
1787314342160 107
1787314342373 106
1787314342586 109
1787314342803 107
1787314343017 108
1787314343234 108
1787314345090 108
1787314348184 118
1787314348408 119
1787314348633 119
1787314348860 118
1787314349182 107
1787314350260 109
1787314353064 713
1787314367605 719
1787314369297 108
1787314409828 720
1787314410657 111
1787314410874 111
1787314411092 107
1787314411403 107
1787314411617 107
1787314411832 108
1787314413205 119
1787314416227 120
1787314416455 119
1787314416681 118
1787314416907 118
1787314417131 119
1787314417454 119
1787314417680 118
1787314417904 119
1787314420834 108
1787314421533 108
1787314422037 716
1787314439771 717
1787314441468 109
1787314478576 717
1787314479402 107
1787314479616 107
1787314479830 108
1787314480046 108
1787314480262 108
1787314480478 107
1787314480692 109
1787314481977 109
1787314485199 119
1787314485424 119
1787314485651 121
1787314485878 119
1787314486104 120
1787314486331 119
1787314486558 119
1787314486784 119
1787314490195 119
1787314493420 718
1787314495123 110
1787314511999 728
1787314513700 110
1787314547385 725
1787314548219 108
1787314548434 107
1787314548649 109
1787314548963 108
1787314549180 108
1787314549397 108
1787314549614 108
1787314550902 120
1787314553847 119
1787314554074 117
1787314554296 120
1787314554523 118
1787314554748 119
1787314555168 120
1787314555395 121
1787314555623 119
1787314555848 120
1787314559166 118
1787314565080 725
1787314566800 109
1787314584428 731
1787314586146 109
1787314616621 739
1787314617472 111
1787314617691 107
1787314618198 107
1787314618413 108
1787314618628 107
1787314619524 118
1787314622933 119
1787314623159 118
1787314623385 118
1787314623611 118
1787314624127 118
1787314624353 118
1787314624579 118
1787314627612 118
1787314636241 724
1787314637945 106
1787314656476 720
1787314658171 109
1787314685410 728
1787314686244 108
1787314686558 106
1787314686771 108
1787314686986 109
1787314687298 108
1787314687512 108
1787314688309 118
1787314691817 120
1787314692043 118
1787314692269 118
1787314692688 118
1787314692912 118
1787314693137 119
1787314693364 119
1787314693591 119
1787314696434 118
1787314707950 719
1787314709641 107
1787314728152 730
1787314729847 101
1787314754400 724
1787314755236 109
1787314755538 107
1787314755849 109
1787314756066 109
1787314756281 110
1787314756497 109
1787314757009 119
1787314760542 119
1787314760769 120
1787314760997 118
1787314761223 119
1787314761449 120
1787314761677 121
1787314762100 119
1787314762326 118
1787314762551 118
1787314762778 119
1787314763003 118
1787314765561 119
1787314779663 728
1787314781386 108
1787314800485 730
1787314802188 109
1787314823389 722
1787314824316 108
1787314824531 109
1787314824749 108
1787314824966 108
1787314825181 108
1787314825396 108
1787314825613 107
1787314826217 119
1787314829564 119
1787314829986 119
1787314830212 121
1787314830634 121
1787314830863 119
1787314831087 121
1787314831316 120
1787314831543 118
1787314831770 118
1787314851981 730
1787314853699 110
1787314873002 726
1787314874721 108
1787314892194 724
1787314893123 109
1787314893337 109
1787314893553 108
1787314893769 111
1787314893985 108
1787314894202 108
1787314894418 110
1787314894927 114
1787314898606 103
1787314898819 120
1787314899241 118
1787314899466 119
1787314899693 120
1787314899920 117
1787314900145 120
1787314900371 119
1787314923659 728
1787314925372 108
1787314944772 730
1787314945609 107
1787314946598 109
1787314961205 731
1787314962046 108
1787314962260 108
1787314962475 108
1787314962690 108
1787314962905 110
1787314963122 109
1787314963340 107
1787314963553 107
1787314964157 120
1787314967482 118
1787314967706 118
1787314968122 121
1787314968639 119
1787314968865 118
1787314969091 119
1787314969317 119
1787314969543 118
1787314969767 117
1787314995345 732
1787314997052 109
1787315016935 735
1787315018633 107
1787315030791 734
1787315031634 106
1787315031847 105
1787315032059 109
1787315032275 108
1787315032488 107
1787315032702 109
1787315033014 107
1787315033226 107
1787315033441 107
1787315033654 118
1787315037242 117
1787315037465 116
1787315037687 118
1787315038101 118
1787315038325 116
1787315038548 119
1787315038773 118
1787315038997 118
1787315039220 117
1787315039538 117
1787315039760 117
1787315039984 114
1787315067029 727
1787315068734 110
1787315088682 727
1787315090373 109
1787315100982 739
1787315101832 106
1787315102045 107
1787315102258 107
1787315102472 106
1787315102684 109
1787315102982 108
1787315103196 108
1787315103409 117
1787315106872 116
1787315107093 117
1787315107317 118
1787315107541 118
1787315107862 118
1787315108086 118
1787315108503 117
1787315108725 118
1787315108949 118
1787315109173 118
1787315109396 117
1787315109619 117
1787315109842 117
1787315110066 117
1787315138275 732
1787315139993 101
1787315160715 732
1787315162415 105
1787315171138 107
1787315171351 107
1787315171563 107
1787315171873 108
1787315172085 108
1787315172299 106
1787315172512 117
1787315176374 738
1787315177219 117
1787315177826 119
1787315178243 118
1787315178465 343
1787315179015 115
1787315179235 118
1787315209045 743
1787315210778 107
1787315231630 739
1787315233337 107
1787315240839 108
1787315241053 109
1787315241269 110
1787315241486 108
1787315241699 118
1787315242215 118
1787315242920 117
1787315246119 740
1787315247159 119
1787315247385 118
1787315247708 119
1787315247935 118
1787315248158 119
1787315248383 118
1787315248608 117
1787315248833 119
1787315249058 119
1787315249285 119
1787315249510 119
1787315249930 119
1787315280142 737
1787315281868 108
1787315303065 723
1787315304760 109
1787315307489 115
1787315310884 109
1787315311100 108
1787315311316 109
1787315311532 109
1787315311747 119
1787315312268 122
1787315312593 119
1787315312817 120
1787315313044 120
1787315313270 120
1787315315926 747
1787315317853 118
1787315318077 118
1787315318302 119
1787315318526 118
1787315318750 118
1787315319168 120
1787315319394 118
1787315319717 118
1787315319942 118
1787315351122 739
1787315352854 110
1787315374820 735
1787315376540 110
1787315377505 113
1787315378603 97
1787315381148 108
1787315381363 109
1787315381579 120
1787315382195 121
1787315382423 119
1787315382649 119
1787315382875 119
1787315383101 120
1787315385851 118
1787315386173 119
1787315386399 119
1787315386624 119
1787315387144 752
1787315388007 121
1787315388234 121
1787315388461 120
1787315388881 119
1787315389108 121
1787315389336 120
1787315389660 120
1787315422541 735
1787315424255 110
1787315447131 746
1787315448571 114
1787315448986 113
1787315450466 114
1787315450687 113
1787315450909 115
1787315451131 116
1787315451355 114
1787315451676 115
1787315451900 114
1787315452123 114
1787315452442 112
1787315456059 121
1787315456285 121
1787315456705 122
1787315456934 118
1787315457256 119
1787315457481 121
1787315457803 121
1787315458031 119
1787315458257 120
1787315458868 119
1787315459094 120
1787315459322 123
1787315459647 769
1787315460524 118
1787315460749 119
1787315494063 734
1787315495778 111
1787315520139 756
1787315521603 110
1787315521920 110
1787315522138 108
1787315522353 109
1787315522669 111
1787315522887 109
1787315523104 109
1787315523321 108
1787315523537 110
1787315523754 109
1787315524070 111
1787315527996 121
1787315528226 120
1787315528452 119
1787315528679 118
1787315529002 120
1787315529230 120
1787315529460 121
1787315529689 121
1787315529917 120
1787315531028 118
1787315565018 752
1787315566765 110
1787315591199 757
1787315592462 103
1787315592870 110
1787315593088 109
1787315593305 111
1787315597250 121
1787315597479 121
1787315597706 120
1787315597931 120
1787315598158 120
1787315598386 120
1787315633813 754
1787315634676 109
1787315635673 110
1787315659000 766
1787315659878 124
1787315660109 121
1787315660338 120
1787315660566 119
1787315660794 120
1787315662484 109
1787315663587 102
1787315664972 109
1787315665189 109
1787315665405 108
1787315666597 110
1787315667886 119
1787315668113 120
1787315668535 119
1787315703735 754
1787315705488 110
1787315727003 760
1787315727872 119
1787315728199 120
1787315728428 119
1787315728948 119
1787315729174 120
1787315729392 120
1787315732554 120
1787315732781 119
1787315733008 120
1787315733235 108
1787315733450 109
1787315733762 110
1787315733980 93
1787315734383 111
1787315734601 109
1787315734817 112
1787315735037 108
1787315735549 108
1787315735765 109
1787315735984 109
1787315736199 109
1787315795280 760
1787315796148 119
1787315796374 120
1787315796601 119
1787315796827 119
1787315797055 120
1787315797281 118
1787315797508 120
1787315797835 121
1787315798064 119
1787315801596 118
1787315801822 119
1787315802244 119
1787315803058 120
1787315803285 121
1787315803610 120
1787315804128 120
1787315804355 119
1787315804773 110
1787315805867 109
1787315864240 761
1787315865111 119
1787315865434 120
1787315865661 121
1787315865891 120
1787315866119 122
1787315866350 121
1787315870025 119
1787315870252 121
1787315870579 116
1787315870803 118
1787315871029 122
1787315871259 120
1787315871878 119
1787315872106 122
1787315872435 119
1787315872664 120
1787315875050 108
1787315876149 111
1787315934247 763
1787315935124 124
1787315935665 121
1787315935895 120
1787315936123 122
1787315939294 120
1787315939523 121
1787315939752 120
1787315940375 123
1787315940802 120
1787315941226 120
1787315941455 121
1787315941979 121
1787315944962 108
1787315946059 111
1787315999726 775
1787316000612 113
1787316001035 121
1787316002254 122
1787316002485 121
1787316003309 123
1787316007696 122
1787316007926 124
1787316008555 123
1787316008786 120
1787316009016 122
1787316009347 121
1787316015069 764
1787316016829 110
1787316067560 765
1787316068434 121
1787316068663 121
1787316068894 122
1787316070204 122
1787316070436 121
1787316070765 122
1787316071093 119
1787316074396 120
1787316074625 119
1787316075984 121
1787316076213 123
1787316077044 121
1787316086039 762
1787316087803 110
1787316127488 770
1787316129264 118
1787316135279 120
1787316135509 121
1787316135739 120
1787316135968 121
1787316136201 121
1787316136531 121
1787316136761 122
1787316136992 123
1787316137225 122
1787316137457 122
1787316137689 124
1787316142174 774
1787316143056 123
1787316143288 121
1787316143713 121
1787316143942 121
1787316144773 121
1787316145003 121
1787316145332 123
1787316145660 115
1787316145987 122
1787316159289 767
1787316161049 112
1787316197570 774
1787316198459 118
1787316199482 99
1787316205452 121
1787316205682 116
1787316206108 120
1787316207123 122
1787316207354 121
1787316207583 121
1787316207914 120
1787316208144 122
1787316208475 122
1787316208708 123
1787316212016 784
1787316213009 123
1787316213243 124
1787316213575 122
1787316214299 120
1787316214530 122
1787316214862 123
1787316215093 122
1787316215327 122
1787316215558 121
1787316216084 123
1787316232408 762
1787316234176 112
1787316273406 767
1787316274285 109
1787316274702 111
1787316274923 110
1787316275143 110
1787316275464 112
1787316280688 121
1787316281218 120
1787316281547 123
1787316281979 123
1787316282310 122
1787316282738 121
1787316302817 772
1787316304592 111
1787316341155 776
1787316342030 111
1787316342251 113
1787316342576 111
1787316342796 111
1787316343018 110
1787316343340 111
1787316343660 111
1787316344677 110
1787316345097 111
1787316345317 111
1787316348712 121
1787316348944 120
1787316349570 122
1787316349802 123
1787316350032 123
1787316350464 121
1787316350695 121
1787316350924 121
1787316351951 121
1787316374400 767
1787316376161 112
1787316410147 778
1787316411034 123
1787316411268 120
1787316411598 123
1787316413228 120
1787316413733 111
1787316414256 112
1787316414977 112
1787316417796 111
1787316418218 121
1787316418551 121
1787316418781 123
1787316419013 121
1787316419244 103
1787316419870 123
1787316420102 122
1787316445331 768
1787316446208 111
1787316447221 112
1787316477799 774
1787316478684 123
1787316479018 125
1787316479351 122
1787316479584 124
1787316479918 121
1787316480248 123
1787316481784 121
1787316482015 122
1787316482247 121
1787316485176 111
1787316485891 110
1787316486110 111
1787316486531 109
1787316486748 111
1787316486968 111
1787316487488 111
1787316487811 112
1787316488032 111
1787316488952 110
1787316516958 771
1787316518748 112
1787316546370 777
1787316547261 127
1787316547500 124
1787316547834 121
1787316548164 123
1787316548395 122
1787316548723 124
1787316548957 123
1787316550575 120
1787316550804 114
1787316551029 122
1787316554481 122
1787316554714 121
1787316555342 121
1787316555573 121
1787316556308 120
1787316556538 123
1787316556772 122
1787316557002 122
1787316557233 110
1787316558351 112
1787316588175 781
1787316589959 111
1787316615203 780
1787316616093 122
1787316616325 122
1787316616558 120
1787316616888 121
1787316617218 123
1787316617450 123
1787316617681 123
1787316619492 123
1787316619723 124
1787316620859 121
1787316621191 123
1787316623539 121
1787316623771 122
1787316624003 122
1787316624236 122
1787316624673 124
1787316624907 122
1787316625542 124
1787316626169 123
1787316626404 123
1787316628953 773
1787316630741 111
1787316660892 780
1787316662681 113
1787316684096 795
1787316685005 129
1787316685648 122
1787316685879 122
1787316686507 122
1787316686839 123
1787316687175 121
1787316687911 121
1787316688343 121
1787316690375 123
1787316690912 124
1787316693345 121
1787316693577 122
1787316693910 121
1787316694141 122
1787316694373 122
1787316694708 123
1787316694940 123
1787316695776 121
1787316701105 780
1787316702898 113
1787316733710 785
1787316735519 112
1787316753414 794
1787316754323 127
1787316754667 123
1787316755203 124
1787316755440 121
1787316755974 123
1787316756208 123
1787316757253 124
1787316757488 124
1787316757924 124
1787316760257 121
1787316761590 122
1787316762322 122
1787316762858 123
1787316763090 123
1787316763323 122
1787316763856 124
1787316764090 123
1787316764426 122
1787316764658 122
1787316764888 122
1787316765120 123
1787316773761 784
1787316775570 113
1787316806551 786
1787316808355 114
1787316824149 792
1787316825052 344
1787316826526 122
1787316826860 124
1787316827293 122
1787316827525 124
1787316827761 123
1787316827996 123
1787316828231 123
1787316828465 124
1787316828701 124
1787316829035 123
1787316829269 123
1787316830815 124
1787316831249 124
1787316832989 123
1787316833325 124
1787316833860 124
1787316834094 123
1787316834429 124
1787316834664 124
1787316834899 124
1787316836345 125
1787316836681 125
1787316837720 795
1787316838628 124
1787316848505 111
1787316849631 113
1787316880219 789
1787316882023 112
1787316896982 795
1787316897888 123
1787316899219 123
1787316899552 122
1787316899784 123
1787316900017 122
1787316900249 123
1787316900481 124
1787316900716 123
1787316901051 249
1787316904446 122
1787316904679 122
1787316905114 123
1787316905350 122
1787316905783 122
1787316906018 122
1787316906250 123
1787316907989 121
1787316919739 789
1787316920643 118
1787316921689 112
1787316953023 777
1787316954817 114
1787316955444 118
1787316956578 115
1787316966167 794
1787316967076 124
1787316967410 122
1787316969044 123
1787316969277 122
1787316969509 123
1787316969844 123
1787316970180 125
1787316970517 124
1787316970751 104
1787316991112 794
1787316992881 93
1787317005033 723
1787317005854 107
1787317006153 108
1787317024711 716
1787317026422 98
1787317073123 721
1787317092439 791
1787317094228 97
1787317097375 106
1787317098492 125
1787317098728 125
1787317098913 124
1787317099150 807
1787317100121 124
1787317100361 807
1787317101283 125
1787317101507 821
1787317102547 126
1787317102786 765
1787317103650 104
1787317103851 130
1787317104119 127
1787317104369 127
1787317104738 126
1787317105614 132
1787317105970 134
1787317106446 130
1787317106800 136
1787317107161 130
1787317107510 134
1787317108480 128
1787317108721 128
1787317109066 836
1787317110017 125
1787317110256 128
1787317110497 127
1787317110740 130
1787317110983 127
1787317111225 128
1787317111467 842
1787317112426 130
1787317112671 129
1787317112914 128
1787317113157 128
1787317113400 129
1787317113743 852
1787317114714 126
1787317114954 126
1787317115195 130
1787317115438 129
1787317115681 129
1787317115925 128
1787317116169 130
1787317116414 852
1787317117384 128
1787317117575 128
1787317117820 127
1787317118061 128
1787317118304 128
1787317118648 131
1787317118894 861
1787317119871 130
1787317120117 129
1787317120362 130
1787317120607 131
1787317120854 110
1787317121063 111
1787317169373 861
1787317183407 120
1787317184389 854
1787317185362 119
1787317185596 118
1787317185833 119
1787317186068 119
1787317186303 118
1787317186537 118
1787317186772 118
1787317187006 119
1787317187241 118
1787317187477 117
1787317187712 118
1787317187948 118
1787317188937 119
1787317189278 119
1787317189513 120
1787317189750 120
1787317189923 125
1787317190163 139
1787317190525 138
1787317190780 137
1787317191033 132
1787317191603 138
1787317191856 136
1787318547481 861
1787318548986 118
1787318549429 119
1787320110788 879
1787320114344 141
1787320157278 868
1787320159122 131
1787320172734 882
1787320174603 128
1787320178247 128
1787320179347 129
1787320179808 129
1787320180053 130
1787320180409 130
1787320180656 131
1787320180904 130
1787320181151 131
1787320181830 131
1787320182614 131
1787320383750 880
1787320388100 143
1787320388358 142
1787320388617 123
1787320388859 143
1787320389221 143
1787320389584 143
1787320390156 143
1787320392621 142
1787320392878 141
1787320393134 140
1787320393389 143
1787320393647 143
1787320394430 145
1787320394899 143
1787320395892 144
1787320396151 144
1787320397780 141
1787320398036 140
1787320398292 881
1787320399393 140
1787320399961 139
1787320401057 141
1787320401524 132
1787320402089 144
1787320402453 134
1787320402809 143
1787320403801 142
1787320404058 141
1787320404418 143
1787320404790 144
1787320405155 142
1787320405830 142
1787320406718 144
1787320407505 136
1787320407860 140
1787320408326 133
1787320408785 143
1787320409149 132
1787320409398 143
1787320409656 143
1787320409913 134
1787320410163 130
1787320410515 140
1787320410876 143
1787320411550 141
1787320411908 143
1787320413217 876
1787320414527 141
1787320415099 142
1787320415462 142
1787320415824 142
1787320416186 142
1787320416442 141
1787320416802 137
1787320417161 140
1787320417943 143
1787320418623 122
1787320419495 141
1787320420279 144
1787320420539 142
1787320421113 142
1787320421369 134
1787320421617 135
1787320421973 135
1787320422224 136
1787320422476 138
1787320423784 133
1787320424456 133
1787320425234 140
1787320426017 140
1787320426378 142
1787320426634 144
1787320426997 135
1787320427249 141
1787320427506 135
1787320427863 880
1787320428860 142
1787320430168 142
1787320431266 142
1787320431628 143
1787320432520 143
1787320432885 141
1787320433142 142
1787320433399 141
1787320433761 134
1787320434011 143
1787320434270 142
1787320434528 143
1787320435841 141
1787320437050 144
1787320437414 141
1787320437881 142
1787320438139 144
1787320438500 140
1787320438967 142
1787320439223 141
1787320439584 142
1787320439840 141
1787320440096 139
1787320440454 142
1787320440711 136
1787320441592 142
1787320443215 884
1787320444216 143
1787320444474 134
1787320444830 142
1787320445406 139
1787320445660 143
1787320445918 142
1787320446175 142
1787320446536 134
1787320446890 143
1787320447148 133
1787320447395 140
1787320448285 143
1787320449910 140
1787320450164 143
1787320450421 141
1787320450679 141
1787320451041 137
1787320451399 140
1787320451761 134
1787320452010 131
1787320452259 137
1787320452616 140
1787320452977 141
1787320453339 139
1787320454218 141
1787320455523 143
1787320455781 141
1787320456142 142
1787320456611 142
1787320456975 141
1787320457442 141
1787320457698 884
1787320458699 143
1787320459064 143
1787320459428 139
1787320459883 141
1787320460980 144
1787320461870 141
1787320462338 143
1787320462809 144
1787320463278 142
1787320463537 141
1787320464005 143
1787320464263 138
1787320464623 141
1787320464982 141
1787320465869 141
1787320466654 144
1787320467338 143
1787320468021 141
1787320468385 141
1787320468746 142
1787320469109 142
1787320469473 142
1787320469731 143
1787320470094 142
1787320470457 142
1787320470715 143
1787320471397 143
1787320471969 140
1787320472225 142
1787320472802 877
1787320473796 141
1787320474793 144
1787320475159 134
1787320475621 137
1787320475977 132
1787320476224 141
1787320476691 143
1787320476949 143
1787320477208 143
1787320477573 141
1787320478255 140
1787320478933 135
1787320479291 134
1787320479541 142
1787320479797 140
1787320480794 140
1787320481049 143
1787320481307 142
1787320481565 141
1787320482034 133
1787320482494 139
1787320482961 140
1787320483216 137
1787320483785 136
1787320484352 142
1787320485136 141
1787320485392 141
1787320486072 144
1787320486751 144
1787320487012 132
1787320487684 891
1787320488902 139
1787320489157 141
1787320489413 142
1787320489672 130
1787320489919 143
1787320490603 145
1787320490970 131
1787320491747 134
1787320492314 137
1787320492776 134
1787320493235 211
1787320493564 122
1787320494016 144
1787320494485 142
1787320494846 143
1787320495209 142
1787320495466 143
1787320495831 137
1787320496718 144
1787320496977 132
1787320497747 144
1787320498325 142
1787320498582 144
1787320499052 142
1787320499309 142
1787320499879 142
1787320500452 143
1787320500817 144
1787320501288 145
1787320501549 141
1787320502542 878
1787320503536 137
1787320504105 143
1787320504999 141
1787320505256 144
1787320505516 143
1787320505773 143
1787320506032 140
1787320506289 143
1787320506654 135
1787320507115 142
1787320507583 143
1787320507947 142
1787320508203 141
1787320508460 143
1787320509354 141
1787320509821 141
1787320510289 144
1787320511392 142
1787320511756 138
1787320512326 141
1787320512689 144
1787320513053 142
1787320513416 141
1787320513672 142
1787320513929 140
1787320514293 142
1787320515396 144
1787320515656 143
1787320515914 143
1787320517018 886
1787320518022 143
1787320518386 143
1787320518857 141
1787320519219 142
1787320519478 140
1787320519733 143
1787320520096 143
1787320520354 132
1787320520709 142
1787320521179 142
1787320522179 144
1787320522650 144
1787320523331 143
1787320523696 141
1787320524802 137
1787320525055 142
1787320525418 144
1787320525783 143
1787320526148 145
1787320526410 141
1787320526772 141
1787320527028 143
1787320527815 144
1787320528393 142
1787320528755 141
1787320529012 142
1787320529269 141
1787320529526 141
1787320530845 142
1787320531104 142
1787320531361 142
1787320531619 142
1787320532091 896
1787320533422 141
1787320533997 143
1787320534362 143
1787320535042 143
1787320535513 141
1787320535981 140
1787320536979 144
1787320537663 134
1787320538020 142
1787320538279 141
1787320538535 142
1787320538793 142
1787320539051 142
1787320539519 140
1787320540094 133
1787320540345 143
1787320540923 144
1787320541182 145
1787320541442 142
1787320541699 142
1787320541958 142
1787320543070 143
1787320543328 142
1787320543905 142
1787320544375 142
1787320544632 143
1787320544997 142
1787320545676 144
1787320546041 142
1787320546933 893
1787320547945 143
1787320548204 141
1787320548461 134
1787320549658 144
1787320550131 136
1787320550595 131
1787320550845 143
1787320551104 137
1787320551359 133
1787320551717 133
1787320552285 145
1787320552653 133
1787320552902 142
1787320553582 136
1787320553834 137
1787320554087 134
1787320554337 142
1787320554595 135
1787320555061 139
1787320555741 143
1787320556210 142
1787320556469 142
1787320556936 142
1787320557726 143
1787320557985 142
1787320558243 140
1787320559027 144
1787320559392 137
1787320559858 140
1787320560114 142
1787320560584 143
1787320561056 143
1787320561525 141
1787320561889 891
1787320563004 143
1787320563263 142
1787320563625 143
1787320564414 144
1787320564993 143
1787320565464 142
1787320565829 142
1787320566301 142
1787320566559 142
1787320567422 129
1787320567665 141
1787320568242 144
1787320568610 122
1787320568849 143
1787320569109 142
1787320569367 143
1787320570158 135
1787320571050 143
1787320571307 142
1787320571670 144
1787320572143 138
1787320572398 135
1787320572649 136
1787320573536 143
1787320573795 144
1787320574162 142
1787320574419 143
1787320574784 141
1787320575149 140
1787320575942 139
1787320576833 888
1787320577838 145
1787320578100 143
1787320578463 143
1787320578827 143
1787320579301 135
1787320579553 144
1787320580447 135
1787320580698 132
1787320580948 138
1787320581306 143
1787320581669 132
1787320582345 137
1787320583446 134
1787320583907 135
1787320584159 145
1787320584420 143
1787320584677 143
1787320584937 136
1787320585402 142
1787320585979 144
1787320586240 129
1787320586589 144
1787320586956 143
1787320587215 142
1787320587473 143
1787320587837 144
1787320588414 143
1787320589518 142
1787320589989 144
1787320590250 144
1787320590616 143
1787320591196 143
1787320591456 130
1787320591919 892
1787320593033 142
1787320593293 142
1787320593658 143
1787320593917 144
1787320594176 143
1787320594541 143
1787320595119 144
1787320596117 143
1787320596694 143
1787320597271 143
1787320598164 141
1787320598422 142
1787320598682 143
1787320598940 142
1787320599197 146
1787320599563 145
1787320599824 144
1787320600294 142
1787320600765 135
1787320601121 143
1787320601696 145
1787320602276 143
1787320602749 134
1787320603643 143
1787320604009 132
1787320604471 144
1787320604732 142
1787320605203 144
1787320605462 143
1787320605721 134
1787320605971 142
1787320606229 135
1787320606693 894
1787320608131 140
1787320608493 142
1787320609284 132
1787320610273 143
1787320610639 135
1787320610998 142
1787320611360 145
1787320611727 145
1787320611988 139
1787320612349 142
1787320612715 143
1787320612973 142
1787320613230 142
1787320613488 138
1787320614380 143
1787320614641 144
1787320615115 141
1787320615373 142
1787320616161 141
1787320616952 143
1787320617211 143
1787320617470 143
1787320618050 142
1787320618308 142
1787320618567 136
1787320619139 143
1787320619612 143
1787320620083 142
1787320620762 144
1787320621022 143
1787320621280 135
1787320622170 898
1787320623712 144
1787320623971 142
1787320624548 136
1787320624800 135
1787320625051 144
1787320625311 145
1787320626002 138
1787320626258 145
1787320626626 131
1787320626875 139
1787320627559 141
1787320627817 142
1787320628499 141
1787320629392 142
1787320629652 143
1787320630126 142
1787320630597 141
1787320630962 136
1787320631213 143
1787320632215 143
1787320632795 143
1787320633161 142
1787320633526 139
1787320634207 142
1787320634785 144
1787320635151 145
1787320635839 141
1787320636098 142
1787320636677 143
1787320637041 895
1787320638267 144
1787320639058 144
1787320639318 134
1787320639682 143
1787320640362 143
1787320640727 143
1787320641517 144
1787320641883 144
1787320642249 143
1787320642617 145
1787320643618 140
1787320644087 141
1787320644558 144
1787320644820 145
1787320645187 142
1787320645446 144
1787320645707 143
1787320646071 144
1787320646546 143
1787320647125 139
1787320647382 143
1787320647851 143
1787320648112 143
1787320649113 145
1787320649482 142
1787320650055 144
1787320650421 141
1787320651322 140
1787320651578 144
1787320651839 904
1787320652861 145
1787320653335 144
1787320653702 143
1787320654175 145
1787320654436 144
1787320654802 142
1787320655919 142
1787320656177 144
1787320656651 142
1787320656910 143
1787320657490 143
1787320657964 144
1787320658437 130
1787320658683 142
1787320658940 142
1787320659304 143
1787320659992 143
1787320660252 143
1787320660512 144
1787320661520 145
1787320662319 143
1787320662578 144
1787320662942 144
1787320663522 144
1787320663886 142
1787320664678 138
1787320664933 144
1787320665406 142
1787320665665 143
1787320666137 144
1787320666717 893
1787320668475 144
1787320669057 144
1787320669531 143
1787320669791 144
1787320670156 141
1787320670413 143
1787320671100 141
1787320671359 142
1787320671618 142
1787320671877 137
1787320672132 133
1787320672599 144
1787320672860 143
1787320673228 142
1787320673702 144
1787320674710 139
1787320674965 143
1787320675329 138
1787320675798 144
1787320676486 135
1787320676737 143
1787320677535 144
1787320677794 143
1787320678053 142
1787320678737 144
1787320679103 135
1787320679567 133
1787320680350 137
1787320680709 135
1787320681175 140
1787320681539 907
1787320682671 145
1787320683250 144
1787320683509 132
1787320684186 141
1787320684443 132
1787320684695 143
1787320684955 144
1787320685324 142
1787320685583 144
1787320685951 135
1787320686417 143
1787320687214 145
1787320687476 144
1787320688162 144
1787320688423 142
1787320689107 142
1787320689365 144
1787320689945 144
1787320690205 142
1787320690465 140
1787320690935 133
1787320691293 144
1787320691552 141
1787320692025 143
1787320692392 143
1787320692652 142
1787320693232 144
1787320693811 143
1787320694392 143
1787320694652 141
1787320695123 142
1787320695597 143
1787320696071 144
1787320696759 902
1787320697779 143
1787320698251 143
1787320698618 141
1787320698982 143
1787320699242 142
1787320699712 142
1787320700612 139
1787320701293 142
1787320701979 143
1787320702239 142
1787320702817 141
1787320703183 144
1787320703551 137
1787320703806 141
1787320704064 143
1787320704540 143
1787320704904 143
1787320705269 143
1787320706063 144
1787320706431 146
1787320707548 145
1787320707810 145
1787320708392 144
1787320708653 143
1787320708911 143
1787320709279 144
1787320709538 143
1787320709797 144
1787320710379 136
1787320710631 143
1787320710890 143
1787320711150 143
1787320711409 143
1787320712099 904
1787320713335 145
1787320713703 141
1787320714601 143
1787320714862 142
1787320715542 138
1787320715795 143
1787320716054 143
1787320716314 142
1787320716786 141
1787320717259 143
1787320717625 145
1787320717995 143
1787320718362 145
1787320718628 139
1787320718990 142
1787320719354 144
1787320720253 143
1787320720620 143
1787320721201 135
1787320721452 140
1787320721816 144
1787320722183 144
1787320722762 143
1787320723128 143
1787320723603 143
1787320724290 144
1787320724552 141
1787320724915 144
1787320726453 146
1787320726822 143
1787320727082 901
1787320728103 144
1787320728365 141
1787320728623 143
1787320729308 143
1787320729676 143
1787320730363 145
1787320730623 144
1787320731098 145
1787320731468 135
1787320732894 138
1787320733257 142
1787320733518 142
1787320733779 144
1787320734147 144
1787320734515 144
1787320735096 143
1787320735356 144
1787320735617 144
1787320736090 145
1787320736887 144
1787320737254 145
1787320737516 143
1787320738632 143
1787320738998 144
1787320739365 144
1787320739839 143
1787320740632 147
1787320741002 144
1787320741263 143
1787320741845 143
1787320742318 902
1787320743442 144
1787320743913 142
1787320744172 133
1787320745482 144
1787320745742 134
1787320745994 145
1787320746363 139
1787320747372 143
1787320747633 143
1787320747893 143
1787320748154 136
1787320748408 133
1787320749305 143
1787320749565 143
1787320749825 144
1787320750086 131
1787320750337 135
1787320751221 134
1787320751687 144
1787320751947 144
1787320752527 144
1787320753320 144
1787320753793 146
1787320754057 144
1787320754534 137
1787320755323 144
1787320755691 131
1787320756154 143
1787320756734 132
1787320757200 138
1787320757455 911
1787320758590 140
1787320758955 132
1787320759637 135
1787320760106 144
1787320760474 136
1787320760727 134
1787320761297 141
1787320761985 132
1787320762236 142
1787320762601 138
1787320762964 136
1787320763217 139
1787320763581 143
1787320764053 136
1787320764305 139
1787320764562 140
1787320764926 133
1787320765388 143
1787320766076 143
1787320766443 145
1787320766918 145
1787320767179 138
1787320767542 143
1787320768231 142
1787320768599 136
1787320769067 143
1787320769327 145
1787320769696 144
1787320769957 144
1787320770642 142
1787320770902 142
1787320771484 145
1787320772280 143
1787320772649 910
1787320773678 142
1787320773938 137
1787320774296 145
1787320775093 143
1787320775458 139
1787320775713 143
1787320776187 144
1787320776449 134
1787320776700 135
1787320776952 133
1787320777312 137
1787320777887 144
1787320778255 136
1787320778720 143
1787320779301 145
1787320779669 142
1787320780143 144
1787320780404 143
1787320781090 143
1787320781564 143
1787320781824 146
1787320782409 145
1787320782779 142
1787320783144 143
1787320783405 144
1787320783773 143
1787320784249 145
1787320784620 144
1787320785095 145
1787320785787 143
1787320786153 145
1787320786522 144
1787320787105 144
1787320787687 900
1787320789028 143
1787320789288 143
1787320789549 138
1787320789802 143
1787320790277 145
1787320790648 145
1787320791440 144
1787320792451 143
1787320792711 144
1787320793293 144
1787320793553 123
1787320794115 145
1787320794805 143
1787320795066 143
1787320795325 144
1787320795588 133
1787320795948 135
1787320796201 136
1787320796775 145
1787320797360 143
1787320797620 144
1787320798204 146
1787320798574 145
1787320799158 145
1787320799636 140
1787320800106 144
1787320800366 142
1787320800947 143
1787320801208 143
1787320801788 141
1787320802045 143
1787320802413 145
1787320803000 900
1787320804018 143
1787320804602 143
1787320805292 145
1787320805662 144
1787320806562 145
1787320806825 144
1787320807300 144
1787320807561 146
1787320807823 139
1787320808615 123
1787320808963 143
1787320809331 144
1787320809591 143
1787320810279 145
1787320810649 142
1787320810908 144
1787320811383 144
1787320812503 144
1787320812980 144
1787320813241 143
1787320813609 143
1787320814083 143
1787320814666 145
1787320815250 143
1787320815510 143
1787320815770 145
1787320816355 147
1787320817046 142
1787320817947 143
1787320818530 904
1787320819551 143
1787320820027 144
1787320820396 135
1787320820757 145
1787320821019 143
1787320821601 145
1787320822457 144
1787320823042 143
1787320823622 144
1787320823883 144
1787320824359 139
1787320824721 144
1787320825306 144
1787320825784 144
1787320826261 137
1787320826514 143
1787320826881 138
1787320827780 147
1787320828364 134
1787320828832 138
1787320829408 140
1787320829774 147
1787320830039 139
1787320830295 145
1787320830990 145
1787320831251 145
1787320831837 144
1787320832099 146
1787320832364 144
1787320832626 132
1787320832877 144
1787320833888 892
1787320835330 143
1787320835915 141
1787320836497 146
1787320836759 143
1787320837020 143
1787320837389 145
1787320837974 145
1787320838344 147
1787320838716 145
1787320838977 145
1787320839240 143
1787320839501 143
1787320840510 143
1787320841199 136
1787320841669 143
1787320841930 143
1787320842192 135
1787320842444 133
1787320842912 144
1787320843172 143
1787320843435 140
1787320844339 145
1787320844923 145
1787320845185 144
1787320845448 145
1787320845923 144
1787320846616 135
1787320847405 144
1787320847772 144
1787320848035 143
1787320848511 137
1787320848767 913
1787320849799 144
1787320850817 134
1787320851286 133
1787320851539 143
1787320852120 133
1787320852368 145
1787320852629 134
1787320853204 146
1787320854110 145
1787320854372 143
1787320854847 143
1787320855108 139
1787320855364 134
1787320855619 144
1787320855989 143
1787320857001 144
1787320857262 145
1787320857525 144
1787320858107 145
1787320858476 143
1787320858844 146
1787320859325 144
1787320860233 146
1787320860922 137
1787320861286 145
1787320861872 143
1787320862562 144
1787320862823 143
1787320863084 144
1787320863886 923
1787320865036 143
1787320865509 143
1787320866414 143
1787320866672 146
1787320867044 144
1787320867413 144
1787320868101 144
1787320868684 143
1787320869052 145
1787320869314 145
1787320869789 132
1787320870580 141
1787320871161 140
1787320871417 144
1787320871783 140
1787320872580 144
1787320873165 146
1787320873428 144
1787320873902 142
1787320874376 143
1787320874636 143
1787320875004 145
1787320875267 144
1787320875530 143
1787320876657 143
1787320876915 146
1787320877283 145
1787320877544 142
1787320878020 143
1787320878281 143
1787320878971 144
1787320879340 914
1787320880373 145
1787320880636 144
1787320881005 139
1787320881589 146
1787320881960 145
1787320882222 140
1787320883232 134
1787320883807 132
1787320884164 135
1787320884630 143
1787320884890 133
1787320885780 143
1787320886041 144
1787320886303 146
1787320886673 143
1787320886934 144
1787320887409 145
1787320887671 145
1787320887933 139
1787320888189 145
1787320889415 144
1787320889785 132
1787320890251 145
1787320890836 144
1787320891638 143
1787320892221 138
1787320892691 140
1787320892949 146
1787320893212 144
1787320893579 147
1787320893844 145
1787320894105 144
1787320895117 915
1787320896150 145
1787320896841 145
1787320897320 145
1787320897798 149
1787320898388 144
1787320898862 133
1787320899437 144
1787320899698 143
1787320899959 135
1787320900211 144
1787320900904 147
1787320901600 146
1787320901863 145
1787320902882 145
1787320903146 145
1787320903409 143
1787320903671 143
1787320904046 147
1787320904418 146
1787320905004 144
1787320905480 147
1787320905851 142
1787320906111 145
1787320906375 144
1787320906962 144
1787320907547 146
1787320908132 142
1787320909033 144
1787320909296 143
1787320909557 142
1787320910031 137
1787320910500 908
1787320911743 145
1787320912328 134
1787320912691 143
1787320912951 144
1787320913214 139
1787320913581 142
1787320913946 143
1787320914852 144
1787320915545 144
1787320916022 143
1787320916391 143
1787320916651 138
1787320917233 137
1787320917810 144
1787320918073 145
1787320918549 143
1787320918916 145
1787320919178 144
1787320919548 144
1787320919808 145
1787320920717 144
1787320921729 139
1787320921985 126
1787320922340 144
1787320922602 143
1787320922970 144
1787320923771 122
1787320924201 118
1787320924438 124
1787320924789 144
1787320925051 145
1787320925314 145
1787320925684 908
1787320927249 139
1787320928475 123
1787320928929 144
1787320929298 145
1787320929881 142
1787320930356 144
1787320930831 144
1787320931093 142
1787320931352 136
1787320931716 143
1787320931977 144
1787320932238 131
1787320933129 147
1787320934145 144
1787320934724 143
1787320934984 134
1787320935235 141
1787320935495 140
1787320935968 145
1787320936339 145
1787320936816 142
1787320937184 145
1787320937660 144
1787320937920 144
1787320938183 144
1787320938445 137
1787320939019 145
1787320940358 144
1787320940726 914
1787320941976 137
1787320942231 144
1787320942493 140
1787320942859 144
1787320943122 145
1787320943815 143
1787320944075 137
1787320944438 135
1787320944691 143
1787320944952 146
1787320945217 145
1787320945586 145
1787320946066 143
1787320947402 146
1787320947772 146
1787320948251 135
1787320948504 143
1787320948873 145
1787320949243 144
1787320949504 144
1787320950089 139
1787320950345 146
1787320950717 144
1787320950978 135
1787320951552 146
1787320952031 144
1787320953261 143
1787320953629 145
1787320954000 143
1787320954476 145
1787320954847 143
1787320955109 145
1787320955587 144
1787320955957 918
1787320957102 146
1787320957366 145
1787320958059 144
1787320958429 134
1787320958901 133
1787320959798 145
1787320960384 133
1787320960635 147
1787320961008 146
1787320961703 142
1787320961963 140
1787320962543 144
1787320962805 145
1787320963067 143
1787320963326 145
1787320963910 145
1787320964710 145
1787320965083 145
1787320965561 144
1787320966036 145
1787320966620 144
1787320967638 142
1787320968005 139
1787320968370 136
1787320968840 138
1787320969095 146
1787320970317 145
1787320970579 146
1787320970844 146
1787320971432 917
1787320973117 144
1787320974027 136
1787320974281 143
1787320974542 137
1787320974795 139
1787320975159 133
1787320976820 137
1787320977400 143
1787320978313 145
1787320978576 143
1787320979159 144
1787320979420 144
1787320979682 145
1787320979944 143
1787320980205 146
1787320980469 144
1787320980731 145
1787320980993 144
1787320982556 146
1787320982819 144
1787320983080 145
1787320984202 144
1787320984464 140
1787320984937 144
1787320985199 136
1787320985780 144
1787320986042 144
1787320986304 144
1787320986566 144
1787320986936 920
1787320989055 142
1787320989531 140
1787320989901 133
1787320990807 138
1787320991170 134
1787320991532 138
1787320992111 136
1787320992365 144
1787320992627 146
1787320992891 135
1787320993358 146
1787320994816 137
1787320995287 146
1787320995549 145
1787320995813 145
1787320996510 143
1787320996772 142
1787320997031 141
1787320997616 145
1787320997987 144
1787320998357 146
1787320998620 135
1787320998873 145
1787320999137 147
1787320999508 148
1787321000531 138
1787321000787 145
1787321001478 144
1787321001740 136
1787321002102 920
1787321003465 142
1787321003723 146
1787321004310 147
1787321004898 146
1787321005271 139
1787321005529 146
1787321005794 145
1787321006272 146
1787321006536 145
1787321007234 147
1787321007928 140
1787321008508 148
1787321008990 148
1787321009256 146
1787321009953 145
1787321010215 142
1787321010475 146
1787321010848 145
1787321011112 146
1787321011376 146
1787321012179 147
1787321012661 140
1787321012920 146
1787321013617 146
1787321014094 146
1787321014578 146
1787321015708 147
1787321015974 146
1787321016238 145
1787321016501 147
1787321016767 145
1787321017890 909
1787321019242 146
1787321019505 145
1787321019768 144
1787321020352 147
1787321020725 146
1787321021958 148
1787321022225 145
1787321022488 146
1787321022754 141
1787321023333 146
1787321023925 145
1787321024622 147
1787321025318 139
1787321025575 144
1787321025946 145
1787321026316 141
1787321027447 146
1787321027711 142
1787321027971 147
1787321028237 138
1787321029146 121
1787321029494 148
1787321029760 146
1787321030785 146
1787321031049 148
1787321031637 147
1787321031902 147
1787321032385 146
1787321032981 146
1787321033246 912
1787321034277 145
1787321034540 146
1787321034805 147
1787321035721 147
1787321036529 148
1787321036796 139
1787321037052 149
1787321037428 146
1787321037802 144
1787321038391 140
1787321039087 143
1787321039457 145
1787321039719 147
1787321039984 145
1787321040247 145
1787321040511 145
1787321040773 147
1787321041038 145
1787321041734 147
1787321042973 147
1787321043238 145
1787321043501 144
1787321043763 146
1787321044675 146
1787321045047 148
1787321045314 144
1787321045577 138
1787321045943 144
1787321046205 146
1787321046469 139
1787321047054 137
1787321047634 146
1787321048985 922
1787321050026 141
1787321050284 145
1787321050657 123
1787321050985 124
1787321051605 123
1787321051834 123
1787321052063 119
1787321052386 124
1787321052617 119
1787321053034 124
1787321053361 125
1787321053690 146
1787321054233 124
1787321055910 124
1787321056140 123
1787321056370 123
1787321056806 147
1787321057398 145
1787321057662 146
1787321057928 145
1787321058192 146
1787321058457 145
1787321058720 146
1787321059310 145
1787321059682 144
1787321060269 146
1787321061833 147
1787321062100 144
1787321062362 145
1787321062735 146
1787321063000 146
1787321063265 146
1787321063531 138
1787321063785 146
1787321064159 148
1787321064425 924
1787321065796 145
1787321066168 144
1787321066649 145
1787321066913 146
1787321067502 146
1787321068851 147
1787321069226 143
1787321069593 144
1787321069856 144
1787321070119 143
1787321070381 144
1787321070642 145
1787321070905 144
1787321071923 145
1787321072186 144
1787321072775 145
1787321073039 145
1787321073411 146
1787321074654 146
1787321074918 144
1787321075398 144
1787321075662 146
1787321075927 147
1787321076192 145
1787321076563 145
1787321076935 142
1787321077305 137
1787321078209 145
1787321078473 138
1787321079163 145
1787321079426 146
1787321079690 932
1787321081396 146
1787321081878 145
1787321082142 146
1787321082405 144
1787321082667 141
1787321082927 145
1787321083406 144
1787321083669 146
1787321084369 146
1787321084744 144
1787321085331 145
1787321085811 145
1787321086184 146
1787321086884 146
1787321087255 146
1787321087519 146
1787321087890 146
1787321088153 143
1787321088523 145
1787321088787 145
1787321089049 146
1787321089748 146
1787321090773 147
1787321091254 144
1787321091625 140
1787321092099 144
1787321092363 145
1787321092953 146
1787321093217 145
1787321093481 143
1787321093742 144
1787321094005 144
1787321094485 144
1787321094746 144
1787321096096 926
1787321097899 145
1787321098380 144
1787321098643 140
1787321099010 145
1787321099275 144
1787321099753 146
1787321100016 145
1787321100389 145
1787321100652 145
1787321101023 147
1787321101288 143
1787321103071 145
1787321103659 145
1787321104031 139
1787321104506 144
1787321104769 144
1787321105031 144
1787321105404 146
1787321105666 146
1787321105931 144
1787321106303 147
1787321106675 146
1787321106940 143
1787321107202 148
1787321109210 135
1787321109464 147
1787321110276 147
1787321110542 146
1787321110805 146
1787321111178 145
1787321111441 921
1787321112481 145
1787321112963 147
1787321113228 146
1787321113709 148
1787321113975 148
1787321115659 146
1787321116467 145
1787321116838 144
1787321117209 147
1787321117474 146
1787321117738 146
1787321118003 146
1787321118379 146
1787321118644 147
1787321119236 147
1787321119718 146
1787321120201 146
1787321121333 146
1787321122254 146
1787321122517 145
1787321122780 146
1787321123043 144
1787321123740 145
1787321124119 145
1787321124491 138
1787321125074 147
1787321125560 145
1787321126040 145
1787321126741 136
1787321127870 925
1787321128913 144
1787321129176 145
1787321129765 149
1787321130138 146
1787321130402 145
1787321130666 145
1787321131039 145
1787321131845 146
1787321132544 144
1787321132915 146
1787321133179 146
1787321134416 145
1787321134679 145
1787321134943 145
1787321135426 144
1787321135690 145
1787321135954 145
1787321136434 137
1787321136908 145
1787321137934 145
1787321138308 136
1787321138783 145
1787321139156 145
1787321139862 147
1787321140128 145
1787321140502 146
1787321140768 147
1787321141142 147
1787321141516 145
1787321141780 145
1787321142698 148
1787321142965 146
1787321143338 926
1787321144819 145
1787321145410 147
1787321145784 147
1787321146049 148
1787321146534 147
1787321147129 146
1787321147395 144
1787321147658 138
1787321148243 135
1787321148606 145
1787321148868 145
1787321149672 134
1787321150250 147
1787321150842 145
1787321151106 147
1787321152022 148
1787321152289 144
1787321152662 147
1787321152927 145
1787321153300 147
1787321153783 146
1787321154265 146
1787321155402 146
1787321155884 145
1787321156149 147
1787321156416 144
1787321156678 145
1787321157482 147
1787321157856 146
1787321158338 144
1787321158602 146
1787321158867 923
1787321160019 147
1787321160285 132
1787321160758 146
1787321162330 145
1787321162811 147
1787321163077 147
1787321163344 147
1787321163933 147
1787321164526 139
1787321164784 139
1787321165044 142
1787321165305 142
1787321165566 145
1787321165828 146
1787321166311 147
1787321166577 147
1787321167827 146
1787321168311 147
1787321168793 147
1787321169277 145
1787321169539 146
1787321169912 146
1787321170177 145
1787321170440 140
1787321170810 146
1787321171076 146
1787321171339 145
1787321171713 147
1787321172088 146
1787321172572 147
1787321173052 144
1787321173752 146
1787321174235 930
1787321175504 147
1787321176314 147
1787321176798 148
1787321177174 147
1787321177438 147
1787321177813 147
1787321178079 145
1787321178344 147
1787321179482 146
1787321179965 148
1787321180232 146
1787321180498 145
1787321180982 146
1787321181898 148
1787321182492 147
1787321182758 145
1787321183022 147
1787321183289 145
1787321183554 136
1787321183811 142
1787321184181 147
1787321184446 144
1787321185033 149
1787321185848 146
1787321186114 144
1787321186595 147
1787321187081 147
1787321187676 148
1787321188160 149
1787321188533 145
1787321188905 148
1787321189388 144
1787321189652 929
1787321190699 147
1787321190964 148
1787321191341 148
1787321192039 146
1787321192303 145
1787321192568 146
1787321192834 146
1787321193208 148
1787321194239 138
1787321194715 146
1787321195087 145
1787321195570 143
1787321196050 144
1787321196313 147
1787321197230 146
1787321197714 145
1787321198086 144
1787321198678 144
1787321198941 146
1787321199205 146
1787321199904 146
1787321200278 145
1787321200542 146
1787321201133 147
1787321201398 144
1787321201769 146
1787321202034 147
1787321202297 147
1787321203320 146
1787321203803 146
1787321204286 146
1787321204661 135
1787321205246 926
1787321206291 147
1787321206557 147
1787321206823 148
1787321207307 141
1787321208002 144
1787321208265 145
1787321208638 144
1787321208900 145
1787321210037 147
1787321210521 145
1787321210894 137
1787321211586 144
1787321211960 146
1787321212334 133
1787321212585 146
1787321212958 147
1787321213223 144
1787321213811 147
1787321214076 147
1787321214448 144
1787321214710 147
1787321215305 147
1787321215681 148
1787321216494 146
1787321217083 145
1787321217563 142
1787321218043 145
1787321218523 145
1787321218786 149
1787321219163 146
1787321219426 146
1787321219800 146
1787321220065 145
1787321220547 930
1787321221925 144
1787321222188 145
1787321222670 146
1787321223155 146
1787321224293 125
1787321224649 144
1787321224912 146
1787321225285 146
1787321225980 146
1787321226244 145
1787321226725 146
1787321226990 147
1787321227798 145
1787321228170 144
1787321228436 137
1787321228911 148
1787321230048 146
1787321230423 145
1787321231016 146
1787321231498 144
1787321231761 144
1787321232134 144
1787321232612 146
1787321232877 144
1787321233356 147
1787321233840 147
1787321234540 147
1787321235244 145
1787321235833 145
1787321236315 929
1787321237692 145
1787321237956 140
1787321238325 148
1787321238699 146
1787321239073 146
1787321239555 139
1787321240031 146
1787321240295 147
1787321241108 145
1787321242022 146
1787321242287 146
1787321242552 146
1787321243255 146
1787321243520 140
1787321243782 144
1787321244371 144
1787321244742 145
1787321245006 145
1787321245271 145
1787321245862 147
1787321246237 147
1787321247265 146
1787321247854 145
1787321248334 146
1787321248708 146
1787321249081 146
1787321249454 145
1787321249937 148
1787321250420 146
1787321250794 146
1787321251058 139
1787321251535 138
1787321252011 934
1787321253938 147
1787321254314 146
1787321254579 148
1787321255286 147
1787321255664 147
1787321256039 148
1787321256418 147
1787321256902 149
1787321257281 148
1787321257658 148
1787321258037 145
1787321258302 136
1787321258776 146
1787321259041 146
1787321260176 148
1787321260443 146
1787321260818 150
1787321261196 145
1787321261681 147
1787321261948 147
1787321262213 147
1787321262478 147
1787321263293 144
1787321263556 146
1787321264146 147
1787321264411 146
1787321264896 148
1787321265274 147
1787321265542 146
1787321266137 138
1787321266505 145
1787321267322 145
1787321267585 936
1787321268642 144
1787321269014 144
1787321269278 147
1787321269984 146
1787321270250 146
1787321270843 149
1787321271110 147
1787321271376 146
1787321272080 147
1787321272893 147
1787321273158 148
1787321273974 145
1787321274239 147
1787321274725 146
1787321274991 148
1787321275365 147
1787321275631 146
1787321276005 143
1787321277146 147
1787321277412 139
1787321278111 147
1787321278486 146
1787321278752 146
1787321279017 146
1787321279826 144
1787321280198 146
1787321280572 148
1787321280840 147
1787321281105 146
1787321281479 146
1787321281745 146
1787321282120 147
1787321283147 940
1787321284209 147
1787321284474 143
1787321285283 144
1787321285655 149
1787321286687 143
1787321286950 146
1787321287435 138
1787321287691 148
1787321288179 147
1787321288444 134
1787321289567 147
1787321290050 145
1787321290423 138
1787321290902 146
1787321291168 145
1787321291433 143
1787321291696 141
1787321292610 140
1787321292868 145
1787321293566 143
1787321293830 146
1787321294204 144
1787321295231 146
1787321295823 145
1787321296304 139
1787321296781 144
1787321297043 145
1787321297307 146
1787321297791 141
1787321298271 146
1787321298646 932
1787321300025 149
1787321300622 146
1787321301108 145
1787321301701 138
1787321302727 147
1787321303101 144
1787321303473 141
1787321303725 147
1787321303993 146
1787321304589 145
1787321305396 147
1787321305770 147
1787321306144 145
1787321306517 148
1787321307223 146
1787321307488 145
1787321308623 145
1787321308887 147
1787321309153 146
1787321309417 146
1787321309901 145
1787321310166 141
1787321310535 145
1787321310800 145
1787321311284 146
1787321311550 146
1787321311924 136
1787321312289 146
1787321312882 147
1787321313367 138
1787321313624 142
1787321314760 942
1787321316153 146
1787321316418 148
1787321316905 147
1787321317389 146
1787321317654 146
1787321317920 146
1787321318185 146
1787321318450 137
1787321318706 147
1787321318973 139
1787321319448 146
1787321320040 147
1787321320305 137
1787321320780 147
1787321321808 146
1787321322401 136
1787321322767 144
1787321323141 146
1787321323952 120
1787321324178 124
1787321324408 122
1787321324831 122
1787321325644 123
1787321326069 123
1787321326396 125
1787321327018 118
1787321327825 118
1787321328050 119
1787321328277 123
1787321329089 123
1787321329609 124
1787321329841 120
1787321330067 123
1787321330297 866
1787321332281 126
1787321332610 124
1787321333230 124
1787321334041 124
1787321334273 124
1787321334600 125
1787321335025 125
1787321335449 124
1787321335873 125
1787321336105 125
1787321336337 126
1787321336569 126
1787321336896 124
1787321337126 123
1787321338132 124
1787321338363 123
1787321338981 125
1787321339506 124
1787321339933 125
1787321340554 125
1787321340787 124
1787321341210 123
1787321341440 123
1787321341768 125
1787321342000 122
1787321342816 124
1787321343047 124
1787321343473 147
1787321343827 125
1787321344353 120
1787321344971 864
1787321346237 125
1787321346567 125
1787321346897 120
1787321347321 124
1787321347553 125
1787321348077 124
1787321348403 125
1787321349320 124
1787321349649 126
1787321350272 125
1787321351089 124
1787321351516 124
1787321351944 125
1787321352176 126
1787321352799 125
1787321353031 124
1787321353262 123
1787321353686 123
1787321354112 124
1787321355027 125
1787321355260 126
1787321355493 124
1787321356301 124
1787321357017 126
1787321357250 125
1787321357579 123
1787321357809 124
1787321358041 124
1787321358468 124
1787321358700 122
1787321358929 123
1787321359159 124
1787321359682 863
1787321361435 124
1787321361861 125
1787321362288 123
1787321362910 123
1787321363729 124
1787321363960 121
1787321364189 125
1787321364421 124
1787321364653 124
1787321365374 125
1787321365605 124
1787321365836 124
1787321366655 120
1787321367372 121
1787321368085 125
1787321368609 123
1787321369330 125
1787321369562 126
1787321369794 123
1787321370025 123
1787321370255 124
1787321370977 125
1787321371209 124
1787321371541 148
1787321372250 145
1787321373067 141
1787321373766 149
1787321374153 147
1787321374970 948
1787321376040 139
1787321376297 146
1787321376563 149
1787321376831 144
1787321377535 138
1787321377902 147
1787321378277 148
1787321378874 149
1787321379695 135
1787321380390 135
1787321380648 146
1787321381574 148
1787321381841 146
1787321382108 146
1787321382373 135
1787321382628 145
1787321383225 138
1787321383592 146
1787321384079 142
1787321384449 147
1787321385045 146
1787321385422 140
1787321386119 143
1787321386383 145
1787321387310 145
1787321387685 146
1787321388060 144
1787321388323 143
1787321388587 139
1787321388956 144
1787321389220 140
1787321389699 147
1787321390075 148
1787321390563 149
1787321391053 942
1787321392335 148
1787321392822 146
1787321393088 146
1787321393355 149
1787321394065 149
1787321394444 134
1787321394811 138
1787321395180 148
1787321396001 148
1787321396269 146
1787321396535 145
1787321396802 147
1787321397510 148
1787321397780 145
1787321398591 148
1787321398969 148
1787321399566 149
1787321399942 147
1787321400429 146
1787321400914 146
1787321401949 140
1787321402320 146
1787321402806 146
1787321403073 147
1787321403671 147
1787321404267 139
1787321404523 141
1787321404784 146
1787321405270 142
1787321405641 148
1787321406238 148
1787321406615 145
1787321407538 940
1787321408927 149
1787321409195 138
1787321409453 148
1787321409830 137
1787321410532 147
1787321410799 146
1787321411175 144
1787321411549 146
1787321411926 147
1787321412414 141
1787321412784 146
1787321413159 148
1787321413427 298
1787321414617 147
1787321415216 148
1787321415484 147
1787321415973 141
1787321416675 147
1787321416942 151
1787321417215 148
1787321417812 144
1787321418076 144
1787321418339 147
1787321418825 136
1787321419191 146
1787321419457 147
1787321420386 147
1787321420871 147
1787321421909 147
1787321422175 147
1787321422551 147
1787321422818 147
1787321423195 934
1787321424249 146
1787321424626 149
1787321425115 148
1787321425493 145
1787321425869 147
1787321426905 146
1787321427283 147
1787321428433 147
1787321428700 148
1787321429079 148
1787321429347 146
1787321429722 149
1787321429992 148
1787321430261 150
1787321430530 145
1787321431016 146
1787321431281 146
1787321431877 146
1787321432693 147
1787321432960 146
1787321434102 147
1787321434807 143
1787321435397 149
1787321435886 149
1787321436154 147
1787321436421 148
1787321436689 146
1787321436955 145
1787321437775 148
1787321438154 148
1787321438422 148
1787321439461 944
1787321440965 144
1787321441338 148
1787321441715 146
1787321442089 146
1787321442576 147
1787321442952 147
1787321443440 147
1787321443707 146
1787321443972 148
1787321444241 148
1787321444728 147
1787321444996 146
1787321445372 146
1787321446297 146
1787321446783 146
1787321447378 147
1787321447755 146
1787321448240 143
1787321448502 141
1787321448764 147
1787321449583 147
1787321449849 137
1787321450106 143
1787321450370 149
1787321450638 147
1787321450906 148
1787321451617 148
1787321452217 147
1787321452597 148
1787321453306 148
1787321453574 138
1787321454053 144
1787321454317 147
1787321454694 147
1787321454961 148
1787321455890 948
1787321457070 143
1787321457332 148
1787321457819 146
1787321458085 146
1787321458678 147
1787321459273 147
1787321459540 147
1787321459916 147
1787321460293 147
1787321460670 148
1787321461046 146
1787321461423 146
1787321462127 147
1787321462728 147
1787321463107 145
1787321463594 135
1787321463851 146
1787321464445 146
1787321464712 147
1787321465088 146
1787321465463 148
1787321465730 146
1787321466107 145
1787321466484 146
1787321466971 150
1787321467463 149
1787321468503 144
1787321468768 139
1787321469359 148
1787321469736 148
1787321470224 146
1787321470601 149
1787321470871 144
1787321471134 147
1787321471401 147
1787321471668 943
1787321472953 142
1787321473435 148
1787321473922 139
1787321474291 147
1787321475220 148
1787321475821 140
1787321476302 146
1787321477007 146
1787321477383 147
1787321477760 148
1787321478028 146
1787321478293 146
1787321478560 137
1787321479149 147
1787321479526 147
1787321480013 149
1787321480612 148
1787321481434 147
1787321482364 147
1787321482963 146
1787321483230 148
1787321483498 142
1787321483759 148
1787321484028 147
1787321484408 145
1787321484785 147
1787321485051 147
1787321485429 147
1787321485696 141
1787321486396 146
1787321487216 143
1787321488690 947
1787321489870 147
1787321490136 142
1787321490398 148
1787321490666 146
1787321490931 148
1787321491418 147
1787321491685 146
1787321491952 146
1787321492649 147
1787321493472 148
1787321495289 147
1787321495555 147
1787321495822 147
1787321496640 148
1787321496909 148
1787321497176 147
1787321497554 146
1787321497821 147
1787321498531 144
1787321500231 147
1787321500718 147
1787321500988 148
1787321501809 142
1787321502071 148
1787321502450 147
1787321502718 148
1787321502985 134
1787321503243 146
1787321503619 146
1787321503996 144
1787321504262 145
1787321505962 951
1787321507144 149
1787321508075 146
1787321508342 148
1787321508610 148
1787321509211 148
1787321509591 149
1787321510079 146
1787321510344 147
1787321510613 149
1787321511104 148
1787321512149 148
1787321512417 148
1787321512686 146
1787321513063 147
1787321513770 147
1787321514257 146
1787321514523 148
1787321515014 149
1787321515394 148
1787321515773 147
1787321516259 148
1787321516746 147
1787321517013 147
1787321517281 148
1787321517993 150
1787321518263 148
1787321518531 148
1787321519132 148
1787321519728 147
1787321519997 146
1787321520706 146
1787321521195 148
1787321521464 147
1787321522061 950
1787321523350 146
1787321523617 148
1787321523995 150
1787321524265 149
1787321524753 147
1787321525132 148
1787321525401 150
1787321525671 148
1787321526269 148
1787321526758 147
1787321527246 150
1787321527959 149
1787321528559 146
1787321528825 147
1787321529865 147
1787321530242 148
1787321530510 146
1787321530777 149
1787321531045 148
1787321531644 142
1787321532129 149
1787321532730 147
1787321533549 148
1787321534261 147
1787321534638 147
1787321535896 146
1787321536162 142
1787321536426 146
1787321537132 137
1787321540087 877
1787321541072 126
1787321541402 125
1787321541634 125
1787321541867 124
1787321542391 126
1787321543016 125
1787321543932 125
1787321544749 124
1787321545662 123
1787321546089 124
1787321546416 126
1787321546649 125
1787321546881 126
1787321547212 124
1787321549397 127
1787321550214 126
1787321550742 126
1787321551074 149
1787321551333 127
1787321552836 126
1787321553853 127
1787321554479 125
1787321554713 125
1787321554946 881
1787321556424 125
1787321556655 126
1787321556899 151
1787321558265 148
1787321559189 148
1787321559565 147
1787321560052 142
1787321560752 148
1787321561020 148
1787321562273 151
1787321563203 150
1787321563910 149
1787321564504 148
1787321564772 151
1787321565043 150
1787321565644 149
1787321566463 150
1787321568262 150
1787321568530 148
1787321568907 150
1787321569395 148
1787321571843 950
1787321573460 124
1787321573811 149
1787321575172 150
1787321575442 147
1787321578104 150
1787321578373 148
1787321580272 149
1787321580648 148
1787321581025 149
1787321583571 149
1787321583842 148
1787321586017 150
1787321586286 148
1787321588149 881
1787321590819 129
1787321607734 956
1787321608813 146
1787321609072 128
1787321609274 127
1787321609523 129
1787321609775 126
1787321609973 127
1787321610223 126
1787321610553 137
1787321610792 132
1787321616697 132
1787321655364 945
1787321656656 130
1787321656910 134
1787321657167 130
1787321657420 131
1787321657673 131
1787321658018 131
1787321658499 131
1787321658867 133
1787321659121 130
1787321659360 128
1787321659722 129
1787321659975 130
1787321660224 129
1787321660478 130
1787321661272 131
1787321661525 130
1787321661765 130
1787321662017 130
1787321662270 130
1787321662498 130
1787321662750 129
1787321663001 131
1787321663367 129
1787321663654 133
1787321663909 132
1787321664163 133
1787321664520 131
1787321664773 129
1787321665248 145
1787321665505 146
1787321665886 145
1787321666153 146
1787321666423 145
1787321667031 146
1787321667299 145
1787321667566 145
1787321667834 146
1787321668102 146
1787321668484 147
1787321668752 147
1787321669011 146
1787321669281 146
1787321669549 146
1787321669930 145
1787321670197 145
1787321670464 144
1787321670729 146
1787321671109 144
1787321671375 145
1787321671642 958
1787321672724 145
1787321672992 151
1787321673583 146
1787321673851 145
1787321674118 145
1787321674385 145
1787321674760 147
1787321675028 145
1787321675523 144
1787321675789 144
1787321676055 145
1787321676661 144
1787321676928 145
1787321677174 146
1787321677441 145
1787321677710 144
1787321677976 146
1787321678357 147
1787321678625 145
1787321678892 146
1787321679252 151
1787321679637 152
1787321680025 151
1787321680299 151
1787321680550 151
1787321680927 151
1787321681201 151
1787321681699 151
1787321681971 150
1787321682233 151
1787321682598 147
1787321682868 149
1787321683140 152
1787321683415 152
1787321683689 151
1787321683952 150
1787321684225 151
1787321684499 149
1787321684771 153
1787321685050 151
1787321685323 151
1787321685597 151
1787321686038 150
1787321686311 152
1787321686585 152
1787321686851 152
1787321687124 150
1787321687397 150
1787321687667 962
1787321688733 151
1787321689006 151
1787321689393 152
1787321689780 152
1787321690059 153
1787321690338 151
1787321690709 150
1787321690980 151
1787321691254 150
1787321691752 151
1787321692125 150
1787321692492 151
1787321692764 151
1787321693037 151
1787321693297 126
1787321693547 126
1787321693795 126
1787321694250 127
1787321694499 127
1787321694749 127
1787321694976 126
1787321695225 125
1787321695473 125
1787321695924 124
1787321696282 127
1787321696530 126
1787321696858 125
1787321697220 127
1787321697469 124
1787321697716 126
1787321698077 126
1787321698404 127
1787321698652 126
1787321698888 126
1787321699136 126
1787321699385 126
1787321699634 127
1787321699884 127
1787321700247 128
1787321700486 126
1787321700789 126
1787321701152 127
1787321701401 125
1787321701760 126
1787321702009 124
1787321702348 127
1787321702596 280
1787321703471 127
1787321703707 938
1787321704767 126
1787321705016 127
1787321705265 127
1787321705515 126
1787321705764 126
1787321706106 137
1787321706365 135
1787321706736 137
1787321707109 138
1787321707368 134
1787321707711 135
1787321707967 137
1787321708339 137
1787321708712 135
1787321708969 137
1787321709230 137
1787321709468 136
1787321709829 136
1787321710201 137
1787321710460 136
1787321710718 137
1787321710978 137
1787321711237 136
1787321711462 137
1787321711722 136
1787321711982 137
1787321712242 137
1787321712614 118
1787321712977 142
1787321713232 138
1787321713492 137
1787321713752 136
1787321714012 135
1787321714269 136
1787321714528 136
1787321714787 136
1787321715046 135
1787321715373 135
1787321715631 136
1787321716004 135
1787321716263 137
1787321716524 136
1787321716896 131
1787321717149 137
1787321717637 135
1787321718009 138
1787321718270 137
1787321718530 137
1787321719005 132
1787321719373 132
1787321719740 947
1787321720901 129
1787321721131 128
1787321721381 129
1787321721632 131
1787321722000 131
1787321722253 132
1787321722508 129
1787321722824 131
1787321723077 129
1787321723329 131
1787321723695 131
1787321723948 131
1787321724201 131
1787321724454 131
1787321724783 123
1787321725029 130
1787321725394 130
1787321725749 130
1787321726002 131
1787321726254 132
1787321726724 131
1787321726977 130
1787321727321 131
1787321727573 130
1787321727826 133
1787321728060 132
1787321728288 130
1787321728540 131
1787321728795 130
1787321729048 130
1787321729298 131
1787321729551 129
1787321729808 132
1787321730134 132
1787321730389 130
1787321730641 132
1787321730894 131
1787321731126 131
1787321731381 131
1787321731725 129
1787321731975 133
1787321732548 133
1787321732805 130
1787321733058 152
1787321733447 131
1787321733702 129
1787321733953 130
1787321734207 129
1787321734551 122
1787321734796 131
1787321735050 130
1787321735494 131
1787321735747 130
1787321736091 940
1787321737133 130
1787321737385 131
1787321737742 131
1787321737996 130
1787321738250 131
1787321738612 116
1787321738848 135
1787321739106 131
1787321739360 129
1787321739611 132
1787321739867 131
1787321740120 129
1787321740415 129
1787321740667 130
1787321740919 130
1787321741286 130
1787321741528 132
1787321741772 133
1787321742025 130
1787321742278 133
1787321742523 132
1787321742893 131
1787321743375 131
1787321743731 131
1787321743975 131
1787321744227 119
1787321744476 132
1787321744845 132
1787321745089 132
1787321745331 131
1787321745584 132
1787321745828 130
1787321746081 130
1787321746334 132
1787321746705 118
1787321746951 137
1787321747211 133
1787321747465 132
1787321747720 130
1787321747973 132
1787321748226 131
1787321748480 131
1787321748735 130
1787321748987 132
1787321749233 131
1787321749589 133
1787321749833 131
1787321750199 133
1787321750456 131
1787321750710 132
1787321750963 130
1787321751214 131
1787321751468 130
1787321751721 132
1787321752089 946
1787321753272 130
1787321753526 130
1787321753768 131
1787321754022 130
1787321754275 131
1787321754529 131
1787321754784 132
1787321755038 131
1787321755291 118
1787321755532 132
1787321755777 131
1787321756031 131
1787321756285 131
1787321756540 131
1787321756909 133
1787321757164 134
1787321757522 131
1787321757777 132
1787321758032 132
1787321758516 134
1787321758771 135
1787321759121 131
1787321759375 131
1787321759629 132
1787321760113 131
1787321760366 132
1787321760609 129
1787321760839 133
1787321761209 132
1787321761463 132
1787321761719 131
1787321761973 132
1787321762227 131
1787321762674 132
1787321762927 127
1787321763178 131
1787321763658 131
1787321763891 132
1787321764144 131
1787321764377 131
1787321764632 129
1787321764884 131
1787321765138 131
1787321765395 131
1787321765649 133
1787321765895 132
1787321766262 132
1787321766516 130
1787321766769 132
1787321767137 130
1787321767480 132
1787321767736 131
1787321768077 130
1787321768330 944
1787321769401 134
1787321769659 132
1787321769915 129
1787321770155 132
1787321770592 130
1787321770937 131
1787321771191 132
1787321771446 133
1787321771815 132
1787321772069 132
1787321772324 133
1787321772571 133
1787321772827 131
1787321773080 132
1787321773335 132
1787321773568 132
1787321773821 131
1787321774077 131
1787321774410 130
1787321774776 133
1787321775033 132
1787321775392 132
1787321775646 133
1787321775982 132
1787321776238 132
1787321776721 131
1787321776966 132
1787321777222 133
1787321777478 132
1787321777733 131
1787321777986 133
1787321778242 131
1787321778494 130
1787321778818 132
1787321779186 132
1787321779442 132
1787321779753 131
1787321780009 130
1787321780262 131
1787321780506 132
1787321780762 133
1787321781018 132
1787321781274 131
1787321781757 132
1787321782114 132
1787321782483 131
1787321782737 132
1787321782991 131
1787321783359 131
1787321783666 130
1787321783918 131
1787321784173 130
1787321784426 939
1787321785681 132
1787321785935 131
1787321786280 131
1787321786535 130
1787321786788 131
1787321787270 131
1787321787865 118
1787321788109 133
1787321788366 132
1787321788622 130
1787321788864 131
1787321789118 131
1787321789351 131
1787321789604 132
1787321789859 132
1787321790115 131
1787321790482 132
1787321790841 131
1787321791189 131
1787321791443 132
1787321791698 130
1787321792064 132
1787321792498 130
1787321792751 131
1787321793005 131
1787321793258 131
1787321793511 132
1787321793883 130
1787321794134 132
1787321794503 132
1787321794872 130
1787321795125 131
1787321795381 130
1787321795749 131
1787321795982 131
1787321796237 131
1787321796493 131
1787321796746 132
1787321797114 131
1787321797368 130
1787321797620 131
1787321797904 131
1787321798157 131
1787321798524 130
1787321798777 132
1787321799032 131
1787321799276 131
1787321799645 129
1787321799899 132
1787321800154 131
1787321800523 947
1787321801593 131
1787321801951 130
1787321802193 131
1787321802562 131
1787321802815 132
1787321803185 130
1787321803438 131
1787321803692 130
1787321803945 129
1787321804197 130
1787321804450 130
1787321804817 130
1787321805071 132
1787321805541 130
1787321805795 130
1787321806161 131
1787321806415 131
1787321806670 132
1787321806905 130
1787321807301 131
1787321807555 130
1787321807808 132
1787321808063 132
1787321808318 132
1787321808573 133
1787321808898 131
1787321809142 132
1787321809501 130
1787321809869 131
1787321810123 131
1787321810856 133
1787321811226 131
1787321811594 132
1787321812125 131
1787321812379 130
1787321812631 131
1787321812999 132
1787321813255 131
1787321813488 131
1787321813733 132
1787321813966 118
1787321814214 131
1787321814469 131
1787321814723 130
1787321815088 131
1787321815332 130
1787321815689 132
1787321815908 133
1787321816164 132
1787321816534 132
1787321816790 950
1787321817853 135
1787321818099 131
1787321818354 130
1787321818558 131
1787321818787 132
1787321819042 132
1787321819413 129
1787321819665 131
1787321820033 132
1787321820390 133
1787321820645 131
1787321820899 130
1787321821153 132
1787321821387 130
1787321821731 133
1787321822101 127
1787321822353 132
1787321822608 131
1787321822862 130
1787321823208 132
1787321823463 132
1787321823718 131
1787321823952 131
1787321824205 131
1787321824573 129
1787321824823 131
1787321825077 131
1787321825434 129
1787321825663 130
1787321825916 130
1787321826169 130
1787321826423 131
1787321826677 129
1787321826929 133
1787321827390 132
1787321827642 131
1787321827895 131
1787321828151 131
1787321828497 131
1787321828750 130
1787321829004 131
1787321829353 131
1787321829608 131
1787321829863 132
1787321830208 133
1787321830462 132
1787321830718 133
1787321830952 132
1787321831197 133
1787321831429 130
1787321831797 131
1787321832279 132
1787321832536 130
1787321832854 132
1787321833092 940
1787321834139 133
1787321834393 130
1787321834647 130
1787321834901 131
1787321835155 131
1787321835523 131
1787321835776 133
1787321836033 130
1787321836286 131
1787321836541 131
1787321836796 130
1787321837256 132
1787321837499 131
1787321837754 132
1787321838010 132
1787321838378 132
1787321838746 131
1787321839000 130
1787321839255 133
1787321839511 131
1787321839765 132
1787321840249 132
1787321840608 131
1787321840841 130
1787321841095 132
1787321841350 132
1787321841606 130
1787321841860 131
1787321842114 131
1787321842470 131
1787321842814 129
1787321843067 130
1787321843321 131
1787321843690 129
1787321844056 132
1787321844408 132
1787321844776 132
1787321845030 131
1787321845284 132
1787321845539 132
1787321845794 130
1787321846047 130
1787321846289 131
1787321846543 131
1787321846798 131
1787321847051 131
1787321847305 131
1787321847674 124
1787321847900 131
1787321848145 133
1787321848400 131
1787321848655 132
1787321848910 131
1787321849278 946
1787321850353 133
1787321850701 133
1787321850956 132
1787321851211 130
1787321851580 132
1787321851940 134
1787321852290 132
1787321852531 133
1787321852788 132
1787321853044 131
1787321853299 132
1787321853659 131
1787321853898 132
1787321854153 130
1787321854517 131
1787321854989 132
1787321855246 131
1787321855481 132
1787321855736 131
1787321856198 131
1787321856452 132
1787321856811 132
1787321857045 131
1787321857298 132
1787321857556 132
1787321857925 132
1787321858181 132
1787321858436 131
1787321858691 131
1787321859151 134
1787321859408 131
1787321859663 132
1787321859919 132
1787321860266 132
1787321860523 131
1787321860778 132
1787321861032 132
1787321861381 132
1787321861728 133
1787321861984 132
1787321862333 132
1787321862590 132
1787321862846 131
1787321863429 133
1787321863788 132
1787321864043 132
1787321864299 131
1787321864554 132
1787321864811 134
1787321865048 131
1787321865303 133
1787321865547 953
1787321866628 133
1787321866886 133
1787321867120 133
1787321867378 133
1787321867635 132
1787321867985 132
1787321868221 132
1787321868478 132
1787321868734 133
1787321869086 135
1787321869345 132
1787321869716 133
1787321869962 133
1787321870219 133
1787321870477 132
1787321870732 133
1787321871204 131
1787321871628 132
1787321871885 132
1787321872140 132
1787321872375 133
1787321872746 133
1787321873097 134
1787321873355 132
1787321873610 117
1787321873967 132
1787321874223 133
1787321874676 131
1787321874931 132
1787321875185 133
1787321875442 131
1787321875698 133
1787321876160 132
1787321876509 132
1787321876763 132
1787321877019 133
1787321877275 132
1787321877577 132
1787321877833 131
1787321878089 131
1787321878455 133
1787321878711 134
1787321879189 132
1787321879444 132
1787321879700 133
1787321879946 133
1787321880317 131
1787321880572 132
1787321881045 133
1787321881301 133
1787321881761 947
1787321882833 133
1787321883090 132
1787321883562 133
1787321883798 133
1787321884054 133
1787321884289 131
1787321884544 132
1787321884800 131
1787321885168 132
1787321885424 133
1787321885661 132
1787321885916 131
1787321886401 133
1787321886845 134
1787321887216 131
1787321887565 133
1787321887821 134
1787321888194 133
1787321888452 132
1787321888707 127
1787321888958 132
1787321889307 133
1787321889563 132
1787321889807 132
1787321890063 133
1787321890319 132
1787321890576 131
1787321890831 131
1787321891180 132
1787321891437 131
1787321891689 132
1787321892061 131
1787321892316 133
1787321892572 132
1787321892829 132
1787321893200 132
1787321893456 133
1787321893713 133
1787321893960 132
1787321894216 130
1787321894470 133
1787321894958 133
1787321895214 132
1787321895525 133
1787321895782 134
1787321896159 132
1787321896415 132
1787321896764 131
1787321897018 133
1787321897272 133
1787321897645 131
1787321897899 951
1787321899069 131
1787321899324 132
1787321899580 131
1787321899827 132
1787321900084 132
1787321900339 131
1787321900594 134
1787321900851 131
1787321901084 132
1787321901339 133
1787321901595 133
1787321901841 134
1787321902098 132
1787321902469 131
1787321902714 129
1787321902956 131
1787321903210 133
1787321903465 127
1787321903696 133
1787321903953 132
1787321904325 132
1787321904560 133
1787321904933 132
1787321905189 133
1787321905425 132
1787321905783 133
1787321906039 133
1787321906273 131
1787321906529 132
1787321906773 131
1787321907025 131
1787321907385 132
1787321907625 133
1787321907882 131
1787321908239 133
1787321908665 131
1787321908920 131
1787321909175 116
1787321909641 117
1787321910282 112
1787321910512 133
1787321910884 134
1787321911141 134
1787321911492 131
1787321911747 134
1787321912094 132
1787321912444 134
1787321912795 134
1787321913168 134
1787321913621 132
1787321913877 133
1787321914133 949
1787321915307 133
1787321915677 133
1787321915922 134
1787321916515 134
1787321917655 134
1787321918350 135
1787321918714 133
1787321919381 134
1787321919975 132
1787321920342 133
1787321920712 135
1787321921488 133
1787321921747 133
1787321922233 152
1787321922619 148
1787321925900 149
1787321934871 972
1787321936191 147
1787321936687 149
1787321937071 147
1787321937680 148
1787321937952 150
1787321938676 147
1787321939619 147
1787321942038 146
1787321949730 147
1787321949998 147
1787321950266 146
1787321950986 147
1787321951703 969
1787321953359 149
1787321953857 148
1787321954241 147
1787321954737 148
1787321958164 147
1787321965087 148
1787321965357 148
1787321965627 146
1787321965895 150
1787321967975 979
1787321969194 148
1787321969464 148
1787321969734 148
1787321973626 146
1787321978401 147
1787321980577 149
1787321980849 145
1787321981117 146
1787321981833 149
1787321983348 146
1787321983839 149
1787321984223 970
1787321995333 146
1787321995716 146
1787321995984 146
1787321996365 148
1787321998662 147
1787321999044 148
1787321999313 147
1787321999581 148
1787322000072 146
1787322008311 1035
1787322010816 147
1787322011086 148
1787322011355 147
1787322011624 147
1787322012116 148
1787322014189 148
1787322014571 148
1787322014954 147
1787322015223 148
1787322015491 147
1787322016666 146
1787322018741 148
1787322025431 147
1787322025699 149
1787322025971 970
1787322027066 148
1787322027450 148
1787322027721 147
1787322030134 147
1787322030740 147
1787322031344 148
1787322031615 147
1787322038956 145
1787322041135 147
1787322041404 148
1787322041673 147
1787322041942 148
1787322042212 965
1787322046003 148
1787322046271 147
1787322046540 146
1787322046921 147
1787322047189 147
1787322047456 147
1787322047837 153
1787322053508 146
1787322057150 148
1787322057420 147
1787322057688 146
1787322058070 147
1787322058340 146
1787322060755 968
1787322061847 146
1787322062342 147
1787322062612 147
1787322063109 146
1787322066192 147
1787322072897 147
1787322073166 147
1787322073435 147
1787322073817 148
1787322074087 150
1787322074699 148
1787322076428 148
1787322076922 973
1787322078136 147
1787322078518 147
1787322081150 148
1787322088279 148
1787322088887 147
1787322089269 146
1787322089536 147
1787322089806 148
1787322091428 147
1787322092256 147
1787322092526 146
1787322092908 146
1787322093176 972
1787322101123 146
1787322104219 148
1787322104489 148
1787322104757 147
1787322105027 147
1787322105296 147
1787322106806 147
1787322107527 145
1787322108132 148
1787322108515 149
1787322108786 146
1787322118650 966
1787322119852 146
1787322120231 145
1787322120497 147
1787322120765 147
1787322122600 147
1787322123544 148
1787322123924 147
1787322124191 145
1787322125027 128
1787322128066 144
1787322134625 147
1787322134893 971
1787322136098 147
1787322136366 147
1787322137872 147
1787322138700 147
1787322138968 148
1787322139237 146
1787322139595 129
1787322143923 131
1787322150115 128
1787322150352 127
1787322150586 127
1787322151021 129
1787322151557 893
1787322153945 126
1787322154180 127
1787322154613 126
1787322155048 153
1787322164195 131
1787322164738 126
1787322165673 127
1787322165908 129
1787322166145 126
1787322166879 896
1787322168681 126
1787322169015 126
1787322169249 127
1787322169484 127
1787322170812 127
1787322174224 128
1787322180338 128
1787322180873 128
1787322181304 126
1787322181539 126
1787322182071 899
1787322183079 127
1787322183610 127
1787322184341 126
1787322184576 127
1787322185111 125
1787322185843 125
1787322186076 125
1787322195634 127
1787322195968 126
1787322196601 127
1787322196936 126
1787322197170 127
1787322197605 901
1787322199109 127
1787322199344 127
1787322199580 128
1787322199816 128
1787322200252 127
1787322201880 127
1787322202714 127
1787322210790 126
1787322211124 127
1787322211755 127
1787322212090 126
1787322213023 897
1787322214328 127
1787322214563 126
1787322214797 125
1787322215525 126
1787322215760 126
1787322217984 127
1787322226101 124
1787322226332 125
1787322226766 126
1787322227298 126
1787322228426 895
1787322229431 127
1787322229665 127
1787322229900 125
1787322231426 126
1787322231960 126
1787322232590 127
1787322234807 126
1787322241012 126
1787322241840 126
1787322243075 127
1787322243605 126
1787322243841 890
1787322244936 127
1787322245270 125
1787322248188 127
1787322251998 127
1787322255806 128
1787322256240 127
1787322256873 127
1787322258396 128
1787322258633 125
1787322258867 128
1787322259202 902
1787322260712 127
1787322262046 128
1787322262282 126
1787322263503 123
1787322267726 128
1787322270662 127
1787322271593 128
1787322271830 127
1787322272365 128
1787322273697 127
1787322273933 127
1787322274169 126
1787322274904 889
1787322276500 128
1787322276938 127
1787322277372 128
1787322278804 128
1787322282341 129
1787322285568 127
1787322286301 127
1787322286737 127
1787322288470 128
1787322289007 126
1787322290036 900
1787322291940 127
1787322292676 128
1787322293711 124
1787322293943 127
1787322296952 126
1787322299689 128
1787322300226 126
1787322302362 126
1787322303591 125
1787322303824 127
1787322304558 127
1787322304894 127
1787322305130 126
1787322307827 894
1787322309432 129
1787322310669 127
1787322311008 129
1787322316348 127
1787322317375 127
1787322318410 127
1787322318646 127
1787322319881 127
1787322322015 127
1787322323051 129
1787322323488 899
1787322325605 126
1787322326533 128
1787322328565 127
1787322331599 127
1787322331934 126
1787322332963 126
1787322333799 129
1787322334537 126
1787322335769 127
1787322337196 129
1787322338929 902
1787322340244 126
1787322341074 126
1787322345798 127
1787322346332 127
1787322346791 147
1787322347399 148
1787322349015 145
1787322349282 148
1787322349662 147
1787322350043 144
1787322352078 144
1787322354848 906
1787322356762 129
1787322357000 128
1787322357838 129
1787322361676 127
1787322362113 126
1787322362350 131
1787322363978 128
1787322364212 126
1787322364545 126
1787322364779 127
1787322366711 127
1787322367344 127
1787322369259 125
1787322369790 128
1787322370227 896
1787322371730 129
1787322373688 125
1787322375999 126
1787322377128 126
1787322377957 127
1787322379085 127
1787322379816 128
1787322380053 127
1787322380489 127
1787322380825 128
1787322383373 125
1787322383705 126
1787322386124 907
1787322387245 128
1787322388485 127
1787322389018 127
1787322390253 125
1787322392672 127
1787322393309 127
1787322394843 150
1787322395105 129
1787322395941 127
1787322397277 127
1787322400205 128
1787322400442 127
1787322401275 128
1787322401712 909
1787322403630 126
1787322404263 128
1787322407402 128
1787322408533 127
1787322410465 126
1787322412596 128
1787322414150 153
1787322415552 147
1787322416155 149
1787322416425 146
1787322417370 963
1787322418683 148
1787322420865 147
1787322422705 145
1787322423983 149
1787322424480 148
1787322425765 145
1787322426597 148
1787322427993 147
1787322431069 146
1787322431563 147
1787322433741 971
1787322435399 147
1787322436901 145
1787322439536 147
1787322439804 148
1787322440976 146
1787322441584 147
1787322446242 146
1787322446962 146
1787322447343 145
1787322448956 145
1787322453831 964
1787322455031 148
1787322456195 148
1787322456578 147
1787322459414 147
1787322460132 146
1787322462310 147
1787322462578 146
1787322463972 149
1787322464923 148
1787322466317 148
1787322469747 147
1787322470129 977
1787322471232 151
1787322471509 147
1787322471776 147
1787322472045 148
1787322472655 148
1787322475621 148
1787322477469 146
1787322478521 148
1787322479128 149
1787322479735 150
1787322481129 147
1787322481961 146
1787322485047 148
1787322485874 146
1787322486141 147
1787322486524 970
1787322487620 146
1787322488114 148
1787322491631 147
1787322492798 148
1787322493405 149
1787322495025 148
1787322495294 147
1787322496011 146
1787322497395 146
1787322497662 146
1787322498713 146
1787322501460 148
1787322502067 146
1787322502674 147
1787322503397 975
1787322504724 147
1787322508469 148
1787322508739 146
1787322511145 146
1787322511525 146
1787322514035 148
1787322514417 148
1787322516608 147
1787322517885 148
1787322518154 147
1787322518648 146
1787322519248 147
1787322519856 975
1787322523559 146
1787322525061 146
1787322526794 150
1787322527065 129
1787322528774 146
1787322529040 147
1787322532793 148
1787322533290 148
1787322533898 148
1787322534167 147
1787322537928 964
1787322539805 147
1787322541538 147
1787322542033 145
1787322542299 147
1787322544371 148
1787322547675 146
1787322548395 146
1787322549338 147
1787322550280 147
1787322553034 146
1787322554759 973
1787322557547 148
1787322558381 146
1787322559773 148
1787322563511 146
1787322564114 146
1787322564719 146
1787322565549 147
1787322568523 146
1787322570142 147
1787322571200 969
1787322572747 148
1787322574172 146
1787322575228 148
1787322575607 146
1787322579901 147
1787322580285 147
1787322580889 148
1787322581271 146
1787322583895 146
1787322584945 147
1787322586444 146
1787322587273 148
1787322587543 978
1787322589767 146
1787322590481 147
1787322591090 147
1787322592139 147
1787322595093 147
1787322596262 146
1787322596531 146
1787322597023 147
1787322601005 145
1787322602739 149
1787322603010 145
1787322604396 979
1787322606825 147
1787322607433 147
1787322610740 147
1787322611683 148
1787322611952 147
1787322616278 147
1787322618011 146
1787322618279 146
1787322618659 147
1787322621170 970
1787322622942 149
1787322625761 146
1787322626480 146
1787322626973 147
1787322627354 148
1787322628179 146
1787322630466 147
1787322633550 147
1787322633930 147
1787322634200 146
1787322634806 146
1787322635860 148
1787322636129 147
1787322637971 971
1787322639753 145
1787322642046 145
1787322642763 147
1787322643032 141
1787322643629 148
1787322644231 145
1787322644609 146
1787322645780 148
1787322649201 148
1787322650148 147
1787322650416 146
1787322652485 146
1787322653316 147
1787322655380 975
1787322684733 990
1787322695335 149
1787322695844 150
1787322697485 148
1787322700748 149
1787322701021 148
1787322701875 975
1787322703048 149
1787322707398 150
1787322709394 149
1787322709667 151
1787322710178 148
1787322734318 1182
1787322735632 137
1787322736709 135
1787322737769 156
1787322738165 154
1787322738446 155
1787322738727 155
1787322739008 157
1787322739290 156
1787322739574 156
1787322739857 156
1787322740141 154
1787322740422 156
1787322740939 156
1787322998262 1000
1787322999391 154
1787322999788 153
1787323000069 152
1787323000350 153
1787323001685 152
1787323064244 993
1787323065368 151
1787323065648 153
1787323066170 153
1787323066452 153
1787323067691 153
1787323130429 994
1787323131552 151
1787323131830 152
1787323132110 155
1787323132508 152
1787323132788 153
1787323134008 153
1787323196291 1018
1787323197439 159
1787323197726 156
1787323198007 159
1787323198293 157
1787323198578 157
1787323198865 159
1787323199154 158
1787323200377 157
1787323262589 998
1787323263716 158
1787323264122 158
1787323264408 159
1787323264697 156
1787323265102 158
1787323265389 158
1787323266149 157
1787323328653 1006
1787323329790 162
1787323330082 156
1787323330482 156
1787323330764 157
1787323331283 156
1787323331567 159
1787323332087 158
1787323394937 1008
1787323396074 156
1787323396357 157
1787323396639 158
1787323396924 157
1787323397210 156
1787323397608 158
1787323397894 156
1787323460630 982
1787323461772 132
1787323462031 131
1787323462290 132
1787323462549 131
1787323462807 132
1787323463065 131
1787323463441 130
1787323463698 130
1787323463957 130
1787323527115 989
1787323528233 131
1787323528492 131
1787323528749 132
1787323529008 129
1787323529265 132
1787323592577 980
1787323593686 133
1787323593945 133
1787323594204 131
1787323594462 131
1787323594721 131
1787323595095 129
1787323595350 131
1787323596419 130
1787323658632 996
1787323659756 150
1787323659984 129
1787323660591 132
1787323660849 130
1787323661106 130
1787323661477 129
1787323661734 132
1787323662574 131
1787323723851 994
1787323724977 153
1787323725258 151
1787323725537 151
1787323725816 151
1787323726094 150
1787323726308 130
1787323726566 130
1787323726826 130
1787323727088 131
1787323727347 131
1787323727595 137
1787323728097 137
1787323728829 136
1787323793895 987
1787323795012 137
1787323795391 137
1787323796596 135
1787323922277 992
1787323923398 152
1787323923679 132
1787323923941 282
1787323924355 131
1787323924730 132
1787323925340 131
1787323925599 132
1787323987693 954
1787323988776 194
1787323989332 153
1787323989612 152
1787323989893 153
1787323990405 131
1787323990780 131
1787323991160 131
1787323991772 129
1787324053646 1010
1787324054905 153
1787324055538 151
1787324055819 152
1787324056200 131
1787324056578 134
1787324056959 135
1787324057463 132
1787324057830 133
1787324119654 1017
1787324120800 160
1787324121087 160
1787324121612 160
1787324121904 157
1787324122190 158
1787324122449 143
1787324122837 142
1787324123225 142
1787324123618 142
1787324124010 141
1787324185788 1011
1787324186929 159
1787324187218 157
1787324187621 160
1787324188029 156
1787324188316 159
1787324188603 159
1787324188891 159
1787324189178 142
1787324189569 141
1787324189959 144
1787324190231 143
1787324190740 142
1787324252375 1021
1787324253527 160
1787324253814 159
1787324254103 158
1787324254513 159
1787324254800 159
1787324255087 159
1787324255352 143
1787324255745 141
1787324256134 144
1787324256768 142
1787324318774 1012
1787324319917 159
1787324320441 158
1787324320729 144
1787324321000 142
1787324321269 143
1787324321659 141
1787324321928 140
1787324322434 142
1787324384655 1004
1787324385788 157
1787324386298 143
1787324386569 141
1787324386837 141
1787324387222 143
1787324387840 142
1787324388111 143
1787324451325 990
1787324452447 140
1787324452719 138
1787324452984 135
1787324453246 137
1787324453510 136
1787324454009 130
1787324454266 136
1787324454887 134
1787324518519 977
1787324519615 137
1787324519881 135
1787324520142 136
1787324520405 135
1787324520669 135
1787324521282 135
1787324521545 133
1787324522042 134
1787324585725 978
1787324586819 135
1787324587199 135
1787324587460 132
1787324587718 135
1787324587980 135
1787324588475 133
1787324588735 135
1787324589116 135
1787324652981 976
1787324654010 139
1787324654394 132
1787324654652 134
1787324654911 133
1787324655170 135
1787324655664 133
1787324655924 134
1787324720031 975
1787324721234 136
1787324721613 132
1787324721872 135
1787324722134 132
1787324722392 133
1787324722884 134
1787324723144 134
1787324787639 996
1787324788766 150
1787324789041 149
1787324789316 149
1787324789590 149
1787324789865 148
1787324790139 151
1787324790646 149
1787324855368 993
1787324856607 142
1787324856880 152
1787324857157 148
1787324857432 147
1787324857818 147
1787324858090 149
1787324858595 133
1787324923581 995
1787324924706 140
1787324925086 138
1787324925348 137
1787324925541 147
1787324925813 148
1787324926085 138
1787324926925 146
1787324990768 977
1787324991875 141
1787324992145 135
1787324992518 141
1787324992782 136
1787324993274 136
1787324993533 135
1787324993790 146
1787324994969 147
1787325050906 989
1787325052023 148
1787325052295 147
1787325053354 147
1787325060714 153
1787325060982 139
1787325061248 141
1787325061516 139
1787325061893 134
1787325062265 137
1787325062637 135
1787325062885 143
1787325064059 144
1787325119074 993
1787325120193 148
1787325120463 149
1787325120734 148
1787325122018 149
1787325130071 134
1787325130328 134
1787325130584 133
1787325130839 134
1787325131094 133
1787325131353 133
1787325131834 135
1787325132545 145
1787325133724 144
1787325187413 973
1787325188503 135
1787325188750 138
1787325189004 139
1787325190211 138
1787325199659 126
1787325200109 126
1787325200349 124
1787325201009 126
1787325201657 136
1787325202754 135
1787325254852 959
1787325256037 136
1787325256289 141
1787325256544 139
1787325256797 139
1787325257051 140
1787325258151 136
1787325268547 127
1787325269639 127
1787325270406 137
1787325271190 953
1787325272477 135
1787325272728 137
1787325272982 137
1787325273235 136
1787325273489 137
1787325273742 138
1787325324506 952
1787325325573 137
1787325325825 145
1787325326087 144
1787325327408 140
1787325339023 126
1787325339687 126
1787325340248 128
1787325340684 955
1787325342627 134
1787325342878 137
1787325343346 137
1787325343600 137
1787325344070 135
1787325393439 960
1787325394513 138
1787325394767 140
1787325395128 139
1787325395383 139
1787325396590 137
1787325409433 127
1787325410536 942
1787325411960 137
1787325412637 137
1787325413211 137
1787325413464 133
1787325413713 137
1787325414076 138
1787325462062 960
1787325463255 139
1787325463510 140
1787325463764 146
1787325464028 137
1787325465769 137
1787325479413 948
1787325481329 127
1787325482111 135
1787325482791 138
1787325483365 136
1787325483731 136
1787325484201 134
1787325530802 962
1787325531882 141
1787325532245 138
1787325532503 139
1787325532763 141
1787325534520 139
1787325549303 947
1787325551220 126
1787325552087 132
1787325552977 139
1787325553340 140
1787325553595 137
1787325599352 965
1787325600443 142
1787325600704 140
1787325600961 139
1787325602513 139
1787325618875 950
1787325620791 127
1787325621502 136
1787325622179 137
1787325622753 138
1787325623007 139
1787325623264 138
1787325667733 954
1787325668804 139
1787325669059 140
1787325670923 141
1787325688726 938
1787325690627 126
1787325691389 139
1787325692072 136
1787325692432 137
1787325692684 138
1787325692940 138
1787325693194 139
1787325735803 970
1787325736894 139
1787325737152 140
1787325737410 139
1787325739377 139
1787325758658 949
1787325760612 130
1787325761267 136
1787325761952 136
1787325762205 136
1787325762458 139
1787325762823 138
1787325763079 137
1787325763549 137
1787325804631 966
1787325805722 144
1787325807590 139
1787325828623 948
1787325830541 137
1787325831223 137
1787325831584 139
1787325831840 136
1787325832094 135
1787325832350 138
1787325833251 136
1787325872795 952
1787325873865 140
1787325874121 139
1787325874376 141
1787325876017 138
1787325898192 940
1787325899779 138
1787325900247 138
1787325900821 139
1787325901183 140
1787325901440 139
1787325901695 138
1787325901951 138
1787325903170 138
1787325943016 956
1787325997318 950
1787325999239 129
1787326008369 139
1787326008623 140
1787326008878 142
1787326009134 142
1787326009391 140
1787326010390 141
1787326013252 151
1787326013531 139
1787326013796 1010
1787326014933 150
1787326015337 1016
1787326016483 152
1787326016763 150
1787326017044 1029
1787326018330 143
1787326089804 1035
1787326091190 153
1787326091939 150
1787326092452 151
1787326093076 131
1787326094270 132
1787333369179 1031
1787333370346 136
1787333370611 133
1787333370872 134
1787333371133 133
1787333371396 134
1787333371896 134
1787336631119 984
1787340594520 1022
1787340595671 152
1787340596592 150
1787340596870 151
1787340597839 148
1787344582530 962
1787344584489 126
1787344585390 139
1787344585647 136
1787344586637 134
1787344600993 1112
1787344602236 145
1787344611764 158
1787344683565 1043
1787344685112 156
1787344685400 156
1787344685935 156
1787344686589 154
1787344687203 135
1787344688313 136
1787347735067 980
1787347736163 136
1787347736413 135
1787347752535 968
1787347754482 124
