# timestamp_ms Rss_kB Anonymous_kB Filemapped_kB Shmem_kB
1785409616624 12340 8472 3868 0
1785409616704 12340 8472 3868 0
1785409616728 12340 8472 3868 0
1785409616752 12340 8472 3868 0
1785409616775 12340 8472 3868 0
1785409616799 12340 8472 3868 0
1785409616823 12340 8472 3868 0
1785409616846 12340 8472 3868 0
1785409616870 12340 8472 3868 0
1785409616894 12340 8472 3868 0
1785409616918 12340 8472 3868 0
1785409616942 12340 8472 3868 0
1785409616965 12340 8472 3868 0
1785409616989 12340 8472 3868 0
1785409617012 12340 8472 3868 0
1785409617036 12340 8472 3868 0
1785409617059 12340 8472 3868 0
1785409617083 12340 8472 3868 0
1785409617106 12340 8472 3868 0
1785409617129 12340 8472 3868 0
1785409617152 12340 8472 3868 0
1785409617174 12340 8472 3868 0
1785409617197 12340 8472 3868 0
1785409617220 12340 8472 3868 0
1785409617243 12340 8472 3868 0
1785409617266 12340 8472 3868 0
1785409617289 12340 8472 3868 0
1785409617312 12340 8472 3868 0
1785409617334 12340 8472 3868 0
1785409617357 12340 8472 3868 0
1785409617380 12340 8472 3868 0
1785409617402 12340 8472 3868 0
1785409617425 12340 8472 3868 0
1785409617448 12340 8472 3868 0
1785409617470 12340 8472 3868 0
1785409617493 12340 8472 3868 0
1785409617516 12340 8472 3868 0
1785409617539 12340 8472 3868 0
1785409617562 58932 54964 3968 0
1785409617632 69440 65592 3848 0
1785409617704 183688 179604 4084 0
1785409617782 183688 179604 4084 0
1785409617805 146772 142688 4084 0
1785409617828 149768 145672 4096 0
1785409617852 149768 145672 4096 0
1785409617876 175316 171220 4096 0
1785409617900 188300 184200 4100 0
1785409617976 188300 184200 4100 0
1785409618002 192908 188808 4100 0
1785409618075 192908 188808 4100 0
1785409618099 116172 111972 4200 0
1785409618122 138332 134136 4196 0
1785409618146 172192 169692 2500 0
1785409618172 205736 202972 2764 0
1785409618252 265832 263332 2500 0
1785409618336 305204 302436 2768 0
1785409618427 329472 325228 4244 0
1785409618519 340656 333604 7052 0
1785409618616 340656 333604 7052 0
1785409618646 340656 333604 7052 0
1785409618676 340656 333604 7052 0
1785409618704 340656 333604 7052 0
1785409618731 340656 333604 7052 0
1785409618756 340656 333604 7052 0
1785409618787 340656 333604 7052 0
1785409618812 341020 333972 7048 0
1785409618842 343316 336264 7052 0
1785409618898 343316 336264 7052 0
1785409618929 343316 336264 7052 0
1785409618953 343316 336264 7052 0
1785409618982 343316 336264 7052 0
1785409619012 343316 336264 7052 0
1785409619042 343316 336264 7052 0
1785409619073 343316 336264 7052 0
1785409619104 343316 336264 7052 0
1785409619135 343316 336264 7052 0
1785409619165 359292 352240 7052 0
1785409619266 359292 352240 7052 0
1785409619297 359292 352240 7052 0
1785409619327 359292 352240 7052 0
1785409619357 359292 352240 7052 0
1785409619385 359292 352240 7052 0
1785409619414 359292 352240 7052 0
1785409619439 361340 354288 7052 0
1785409619504 361340 354288 7052 0
1785409619528 361340 354288 7052 0
1785409619560 361340 354288 7052 0
1785409619589 361340 354288 7052 0
1785409619618 361340 354288 7052 0
1785409619644 361340 354288 7052 0
1785409619675 361340 354288 7052 0
1785409619701 365436 358384 7052 0
1785409619777 365436 358384 7052 0
1785409619802 365436 358384 7052 0
1785409619831 365436 358384 7052 0
1785409619861 365436 358384 7052 0
1785409619890 365436 358384 7052 0
1785409619916 365436 358384 7052 0
1785409619946 365436 358384 7052 0
1785409619975 365436 358384 7052 0
1785409620003 365436 358384 7052 0
1785409620027 367484 360432 7052 0
1785409620123 367484 360432 7052 0
1785409620149 367484 360432 7052 0
1785409620176 367484 360432 7052 0
1785409620206 367484 360432 7052 0
1785409620234 367484 360432 7052 0
1785409620264 367484 360432 7052 0
1785409620292 367484 360432 7052 0
1785409620321 367484 360432 7052 0
1785409620351 367484 360432 7052 0
1785409620380 367484 360432 7052 0
1785409620407 367776 360724 7052 0
1785409620492 367948 360896 7052 0
1785409620557 368204 361152 7052 0
1785409620586 368204 361152 7052 0
1785409620649 368300 361248 7052 0
1785409620710 368300 361248 7052 0
1785409620740 368300 361248 7052 0
1785409620769 368300 361248 7052 0
1785409620798 368300 361248 7052 0
1785409620828 368300 361248 7052 0
1785409620857 368300 361248 7052 0
1785409620882 368300 361248 7052 0
1785409620911 368300 361248 7052 0
1785409620940 368300 361248 7052 0
1785409620969 368300 361248 7052 0
1785409620996 368300 361248 7052 0
1785409621021 368300 361248 7052 0
1785409621050 368300 361248 7052 0
1785409621080 368300 361248 7052 0
1785409621108 368300 361248 7052 0
1785409621137 368300 361248 7052 0
1785409621167 368300 361248 7052 0
1785409621193 368300 361248 7052 0
1785409621223 368300 361248 7052 0
1785409621254 368300 361248 7052 0
1785409621283 368300 361248 7052 0
1785409621312 368300 361248 7052 0
1785409621341 368300 361248 7052 0
1785409621371 368300 361248 7052 0
1785409621397 368300 361248 7052 0
1785409621425 368300 361248 7052 0
1785409621454 368300 361248 7052 0
1785409621482 368300 361248 7052 0
1785409621512 368300 361248 7052 0
1785409621541 368300 361248 7052 0
1785409621569 368300 361248 7052 0
1785409621596 368300 361248 7052 0
1785409621626 368300 361248 7052 0
1785409621656 368300 361248 7052 0
1785409621686 368300 361248 7052 0
1785409621715 368300 361248 7052 0
1785409621742 368300 361248 7052 0
1785409621773 368300 361248 7052 0
1785409621801 368300 361248 7052 0
1785409621830 368300 361248 7052 0
1785409621859 368300 361248 7052 0
1785409621888 368300 361248 7052 0
1785409621918 368300 361248 7052 0
1785409621947 368300 361248 7052 0
1785409621977 368300 361248 7052 0
1785409622006 368300 361248 7052 0
1785409622035 368300 361248 7052 0
1785409622064 370968 363916 7052 0
1785409622142 370828 363780 7048 0
1785409622173 376624 369572 7052 0
1785409622265 376624 369572 7052 0
1785409622296 376624 369572 7052 0
1785409622327 376624 369572 7052 0
1785409622356 376624 369572 7052 0
1785409622386 376624 369572 7052 0
1785409622411 376624 369572 7052 0
1785409622442 376624 369572 7052 0
1785409622467 376624 369572 7052 0
1785409622497 376624 369572 7052 0
1785409622527 376624 369572 7052 0
1785409622558 376480 369432 7048 0
1785409622587 378928 371876 7052 0
1785409622671 378928 371876 7052 0
1785409622701 378928 371876 7052 0
1785409622728 378928 371876 7052 0
1785409622759 378928 371876 7052 0
1785409622788 378928 371876 7052 0
1785409622817 378928 371876 7052 0
1785409622844 378928 371876 7052 0
1785409622875 378928 371876 7052 0
1785409622902 378928 371876 7052 0
1785409622930 378928 371876 7052 0
1785409622960 378928 371876 7052 0
1785409622989 378928 371876 7052 0
1785409623019 378928 371876 7052 0
1785409623049 378928 371876 7052 0
1785409623075 378928 371876 7052 0
1785409623105 378928 371876 7052 0
1785409623134 378928 371876 7052 0
1785409623164 378928 371876 7052 0
1785409623188 378912 371864 7048 0
1785409623218 411416 404364 7052 0
1785409623322 421772 414720 7052 0
1785409623406 433028 425976 7052 0
1785409623505 433028 425976 7052 0
1785409623535 433028 425976 7052 0
1785409623559 433028 425976 7052 0
1785409623588 433028 425976 7052 0
1785409623620 433028 425976 7052 0
1785409623648 433028 425976 7052 0
1785409623675 435076 428024 7052 0
1785409623740 435076 428024 7052 0
1785409623771 435076 428024 7052 0
1785409623801 435076 428024 7052 0
1785409623828 364160 357108 7052 0
1785409623858 364160 357108 7052 0
1785409623888 364160 357108 7052 0
1785409623917 370088 363040 7048 0
1785409623947 392152 389384 2768 0
1785409623977 415340 408288 7052 0
1785409624009 415200 408152 7048 0
1785409624039 420996 413944 7052 0
1785409624072 420996 413944 7052 0
1785409624104 420996 413944 7052 0
1785409624135 420996 413944 7052 0
1785409624166 420996 413944 7052 0
1785409624196 420996 413944 7052 0
1785409624230 420996 413944 7052 0
1785409624258 420996 413944 7052 0
1785409624290 423048 415996 7052 0
1785409624319 423048 415996 7052 0
1785409624350 423048 415996 7052 0
1785409624382 423048 415996 7052 0
1785409624413 423048 415996 7052 0
1785409624444 423048 415996 7052 0
1785409624473 423048 415996 7052 0
1785409624505 426604 419552 7052 0
1785409624531 426604 419552 7052 0
1785409624562 434308 427256 7052 0
1785409624591 434308 427256 7052 0
1785409624622 434308 427256 7052 0
1785409624652 434308 427256 7052 0
1785409624684 434308 427256 7052 0
1785409624715 434308 427256 7052 0
1785409624747 434308 427256 7052 0
1785409624774 434308 427256 7052 0
1785409624806 434312 427260 7052 0
1785409624838 436360 429308 7052 0
1785409624919 436360 429308 7052 0
1785409624951 436360 429308 7052 0
1785409624983 436360 429308 7052 0
1785409625012 436360 429308 7052 0
1785409625041 436360 429308 7052 0
1785409625071 436360 429308 7052 0
1785409625099 436360 429308 7052 0
1785409625129 436360 429308 7052 0
1785409625160 436360 429308 7052 0
1785409625191 436360 429308 7052 0
1785409625223 436360 429308 7052 0
1785409625253 436360 429308 7052 0
1785409625283 436360 429308 7052 0
1785409625315 436360 429308 7052 0
1785409625345 436360 429308 7052 0
1785409625377 436360 429308 7052 0
1785409625407 438408 431356 7052 0
1785409625490 438408 431356 7052 0
1785409625519 438408 431356 7052 0
1785409625551 471008 463956 7052 0
1785409625644 512144 505092 7052 0
1785409625744 475276 468224 7052 0
1785409625776 475276 468224 7052 0
1785409625806 475276 468224 7052 0
1785409625837 512144 505092 7052 0
1785409625866 512144 505092 7052 0
1785409625897 512144 505092 7052 0
1785409625929 475276 468224 7052 0
1785409625957 475276 468224 7052 0
1785409625989 475276 468224 7052 0
1785409626017 438408 431356 7052 0
1785409626044 438408 431356 7052 0
1785409626074 438408 431356 7052 0
1785409626107 438408 431356 7052 0
1785409626138 438408 431356 7052 0
1785409626170 438408 431356 7052 0
1785409626199 438408 431356 7052 0
1785409626229 440456 433404 7052 0
1785409626258 440456 433404 7052 0
1785409626290 440456 433404 7052 0
1785409626316 440456 433404 7052 0
1785409626348 374400 367348 7052 0
1785409626378 374400 367348 7052 0
1785409626409 319088 312036 7052 0
1785409626439 319088 312036 7052 0
1785409626466 319088 312036 7052 0
1785409626496 346608 339556 7052 0
1785409626526 346608 339556 7052 0
1785409626556 346608 339556 7052 0
1785409626584 346608 339556 7052 0
1785409626611 346608 339556 7052 0
1785409626641 346608 339556 7052 0
1785409626668 346608 339556 7052 0
1785409626696 346608 339556 7052 0
1785409626725 346608 339556 7052 0
1785409626754 346608 339556 7052 0
1785409626782 346608 339556 7052 0
1785409626811 346608 339556 7052 0
1785409626840 358896 355256 3640 0
1785409626870 35712 31160 4552 0
1785409626893 420188 413136 7052 0
1785409626923 420188 413136 7052 0
1785409626955 425848 418796 7052 0
1785409626986 425848 418796 7052 0
1785409627017 425848 418796 7052 0
1785409627049 425848 418796 7052 0
1785409627079 425848 418796 7052 0
1785409627108 425848 418796 7052 0
1785409627139 425848 418796 7052 0
1785409627169 425848 418796 7052 0
1785409627201 425848 418796 7052 0
1785409627229 425848 418796 7052 0
1785409627260 425848 418796 7052 0
1785409627286 425848 418796 7052 0
1785409627313 425848 418796 7052 0
1785409627346 425848 418796 7052 0
1785409627373 425848 418796 7052 0
1785409627405 425848 418796 7052 0
1785409627437 425848 418796 7052 0
1785409627469 425848 418796 7052 0
1785409627500 425848 418796 7052 0
1785409627530 425848 418796 7052 0
1785409627562 425848 418796 7052 0
1785409627596 425848 418796 7052 0
1785409627628 425848 418796 7052 0
1785409627659 425848 418796 7052 0
1785409627694 425848 418796 7052 0
1785409627719 425848 418796 7052 0
1785409627749 425848 418796 7052 0
1785409627777 319088 312036 7052 0
1785409627801 319088 312036 7052 0
1785409627827 319088 312036 7052 0
1785409627856 319088 312036 7052 0
1785409627880 319088 312036 7052 0
1785409627905 319088 312036 7052 0
1785409627935 319088 312036 7052 0
1785409627963 319088 312036 7052 0
1785409627989 319088 312036 7052 0
1785409628020 319088 312036 7052 0
1785409628048 319088 312036 7052 0
1785409628074 319088 312036 7052 0
1785409628099 319088 312036 7052 0
1785409628129 319088 312036 7052 0
1785409628155 319088 312036 7052 0
1785409628183 319088 312036 7052 0
1785409628211 319088 312036 7052 0
1785409628241 319088 312036 7052 0
1785409628267 319088 312036 7052 0
1785409628297 319088 312036 7052 0
1785409628326 319088 312036 7052 0
1785409628356 319088 312036 7052 0
1785409628379 319088 312036 7052 0
1785409628409 319088 312036 7052 0
1785409628438 319088 312036 7052 0
1785409628467 319088 312036 7052 0
1785409628496 319088 312036 7052 0
1785409628522 319088 312036 7052 0
1785409628548 319088 312036 7052 0
1785409628577 319088 312036 7052 0
1785409628605 319088 312036 7052 0
1785409628637 319088 312036 7052 0
1785409628667 319088 312036 7052 0
1785409628692 319088 312036 7052 0
1785409628718 319088 312036 7052 0
1785409628747 319088 312036 7052 0
1785409628777 319088 312036 7052 0
1785409628806 319088 312036 7052 0
1785409628833 319088 312036 7052 0
1785409628862 319088 312036 7052 0
1785409628887 319088 312036 7052 0
1785409628912 319088 312036 7052 0
1785409628941 319088 312036 7052 0
1785409628965 319088 312036 7052 0
1785409628995 319088 312036 7052 0
1785409629023 319088 312036 7052 0
1785409629052 319088 312036 7052 0
1785409629078 319088 312036 7052 0
1785409629105 319088 312036 7052 0
1785409629133 319088 312036 7052 0
1785409629164 319088 312036 7052 0
1785409629194 319088 312036 7052 0
1785409629217 319088 312036 7052 0
1785409629248 319088 312036 7052 0
1785409629277 319088 312036 7052 0
1785409629305 319088 312036 7052 0
1785409629333 319088 312036 7052 0
1785409629358 319088 312036 7052 0
1785409629388 319088 312036 7052 0
1785409629414 319088 312036 7052 0
1785409629442 319088 312036 7052 0
1785409629471 319088 312036 7052 0
1785409629500 319088 312036 7052 0
1785409629530 319088 312036 7052 0
1785409629555 319088 312036 7052 0
1785409629585 319088 312036 7052 0
1785409629615 319088 312036 7052 0
1785409629641 319088 312036 7052 0
1785409629665 319088 312036 7052 0
1785409629694 319088 312036 7052 0
1785409629723 319088 312036 7052 0
1785409629754 319088 312036 7052 0
1785409629783 319088 312036 7052 0
1785409629807 319088 312036 7052 0
1785409629835 319088 312036 7052 0
1785409629864 319088 312036 7052 0
1785409629893 319088 312036 7052 0
1785409629921 319088 312036 7052 0
1785409629949 318972 313436 5536 0
1785409629977 37620 31192 6428 0
1785409630001 393040 385992 7048 0
1785409630032 417888 410836 7052 0
1785409630062 417888 410836 7052 0
1785409630089 423544 416492 7052 0
1785409630121 423544 416492 7052 0
1785409630149 423544 416492 7052 0
1785409630182 423544 416492 7052 0
1785409630214 423544 416492 7052 0
1785409630245 423544 416492 7052 0
1785409630275 423544 416492 7052 0
1785409630304 423544 416492 7052 0
1785409630337 423544 416492 7052 0
1785409630369 423544 416492 7052 0
1785409630397 423544 416492 7052 0
1785409630427 423400 416352 7048 0
1785409630457 425848 418796 7052 0
1785409630490 425848 418796 7052 0
1785409630522 425848 418796 7052 0
1785409630555 425848 418796 7052 0
1785409630585 425848 418796 7052 0
1785409630618 425848 418796 7052 0
1785409630650 425848 418796 7052 0
1785409630680 425848 418796 7052 0
1785409630709 425848 418796 7052 0
1785409630741 425848 418796 7052 0
1785409630775 425848 418796 7052 0
1785409630807 425848 418796 7052 0
1785409630839 425848 418796 7052 0
1785409630864 425848 418796 7052 0
1785409630894 425848 418796 7052 0
1785409630926 425848 418796 7052 0
1785409630954 425848 418796 7052 0
1785409630984 425848 418796 7052 0
1785409631014 425848 418796 7052 0
1785409631046 425848 418796 7052 0
1785409631079 425856 418804 7052 0
1785409631112 425716 418668 7048 0
1785409631144 431224 424172 7052 0
1785409631171 431224 424172 7052 0
1785409631200 431224 424172 7052 0
1785409631232 431224 424172 7052 0
1785409631264 431224 424172 7052 0
1785409631297 431224 424172 7052 0
1785409631328 431224 424172 7052 0
1785409631356 431224 424172 7052 0
1785409631389 431224 424172 7052 0
1785409631415 431224 424172 7052 0
1785409631449 431224 424172 7052 0
1785409631481 431224 424172 7052 0
1785409631514 431224 424172 7052 0
1785409631540 431224 424172 7052 0
1785409631572 431224 424172 7052 0
1785409631602 431224 424172 7052 0
1785409631627 431224 424172 7052 0
1785409631658 431224 424172 7052 0
1785409631684 431224 424172 7052 0
1785409631718 431224 424172 7052 0
1785409631751 431224 424172 7052 0
1785409631783 431224 424172 7052 0
1785409631811 431224 424172 7052 0
1785409631843 431224 424172 7052 0
1785409631875 431224 424172 7052 0
1785409631902 431224 424172 7052 0
1785409631932 431224 424172 7052 0
1785409631965 431224 424172 7052 0
1785409631996 431224 424172 7052 0
1785409632022 431224 424172 7052 0
1785409632053 431224 424172 7052 0
1785409632085 431224 424172 7052 0
1785409632116 434784 427732 7052 0
1785409632146 434784 427732 7052 0
1785409632179 440440 433388 7052 0
1785409632207 440440 433388 7052 0
1785409632240 440440 433388 7052 0
1785409632272 440440 433388 7052 0
1785409632304 440440 433388 7052 0
1785409632332 440440 433388 7052 0
1785409632363 440440 433388 7052 0
1785409632395 440440 433388 7052 0
1785409632422 440440 433388 7052 0
1785409632453 440440 433388 7052 0
1785409632485 440440 433388 7052 0
1785409632512 440440 433388 7052 0
1785409632544 440440 433388 7052 0
1785409632578 440440 433388 7052 0
1785409632604 440440 433388 7052 0
1785409632634 440440 433388 7052 0
1785409632665 440440 433388 7052 0
1785409632697 440440 433388 7052 0
1785409632728 440440 433388 7052 0
1785409632760 440440 433388 7052 0
1785409632786 440440 433388 7052 0
1785409632818 440440 433388 7052 0
1785409632852 440440 433388 7052 0
1785409632885 440440 433388 7052 0
1785409632916 440440 433388 7052 0
1785409632943 440440 433388 7052 0
1785409632975 440440 433388 7052 0
1785409633006 440440 433388 7052 0
1785409633038 440440 433388 7052 0
1785409633070 440440 433388 7052 0
1785409633103 440440 433388 7052 0
1785409633135 440440 433388 7052 0
1785409633167 440440 433388 7052 0
1785409633199 440440 433388 7052 0
1785409633227 440440 433388 7052 0
1785409633258 440440 433388 7052 0
1785409633290 440440 433388 7052 0
1785409633323 440440 433388 7052 0
1785409633354 440440 433388 7052 0
1785409633379 440440 433388 7052 0
1785409633412 440440 433388 7052 0
1785409633441 440440 433388 7052 0
1785409633468 440440 433388 7052 0
1785409633501 440440 433388 7052 0
1785409633531 440440 433388 7052 0
1785409633565 440440 433388 7052 0
1785409633594 440440 433388 7052 0
1785409633626 440440 433388 7052 0
1785409633657 440440 433388 7052 0
1785409633685 440440 433388 7052 0
1785409633716 440440 433388 7052 0
1785409633747 440440 433388 7052 0
1785409633774 440440 433388 7052 0
1785409633806 440440 433388 7052 0
1785409633839 440440 433388 7052 0
1785409633870 440440 433388 7052 0
1785409633898 440440 433388 7052 0
1785409633929 440440 433388 7052 0
1785409633958 440440 433388 7052 0
1785409633988 440440 433388 7052 0
1785409634018 440440 433388 7052 0
1785409634044 440440 433388 7052 0
1785409634073 440440 433388 7052 0
1785409634105 440440 433388 7052 0
1785409634137 440440 433388 7052 0
1785409634166 440440 433388 7052 0
1785409634191 440440 433388 7052 0
1785409634223 440440 433388 7052 0
1785409634257 440440 433388 7052 0
1785409634288 440440 433388 7052 0
1785409634320 440440 433388 7052 0
1785409634351 440440 433388 7052 0
1785409634385 440440 433388 7052 0
1785409634417 440440 433388 7052 0
1785409634449 440440 433388 7052 0
1785409634480 440440 433388 7052 0
1785409634512 440440 433388 7052 0
1785409634540 440440 433388 7052 0
1785409634574 440440 433388 7052 0
1785409634607 440440 433388 7052 0
1785409634639 440440 433388 7052 0
1785409634671 440440 433388 7052 0
1785409634703 440440 433388 7052 0
1785409634734 440440 433388 7052 0
1785409634767 440440 433388 7052 0
1785409634799 440440 433388 7052 0
1785409634831 440440 433388 7052 0
1785409634863 440440 433388 7052 0
1785409634896 440440 433388 7052 0
1785409634928 440440 433388 7052 0
1785409634960 440440 433388 7052 0
1785409634990 440440 433388 7052 0
1785409635018 440440 433388 7052 0
1785409635051 440440 433388 7052 0
1785409635083 440440 433388 7052 0
1785409635116 440440 433388 7052 0
1785409635148 440440 433388 7052 0
1785409635180 440440 433388 7052 0
1785409635212 440440 433388 7052 0
1785409635243 440440 433388 7052 0
1785409635273 440440 433388 7052 0
1785409635306 440440 433388 7052 0
1785409635338 440440 433388 7052 0
1785409635370 440440 433388 7052 0
1785409635402 440440 433388 7052 0
1785409635434 440440 433388 7052 0
1785409635466 440440 433388 7052 0
1785409635499 440440 433388 7052 0
1785409635531 440440 433388 7052 0
1785409635563 440440 433388 7052 0
1785409635595 440440 433388 7052 0
1785409635623 440440 433388 7052 0
1785409635656 440440 433388 7052 0
1785409635689 440440 433388 7052 0
1785409635722 440440 433388 7052 0
1785409635754 440440 433388 7052 0
1785409635787 440440 433388 7052 0
1785409635820 440440 433388 7052 0
1785409635852 440440 433388 7052 0
1785409635886 440440 433388 7052 0
1785409635917 440440 433388 7052 0
1785409635949 440440 433388 7052 0
1785409635980 440440 433388 7052 0
1785409636012 440440 433388 7052 0
1785409636044 440440 433388 7052 0
1785409636071 440440 433388 7052 0
1785409636104 440440 433388 7052 0
1785409636136 440440 433388 7052 0
1785409636169 440440 433388 7052 0
1785409636198 440440 433388 7052 0
1785409636234 440440 433388 7052 0
1785409636265 440440 433388 7052 0
1785409636298 440440 433388 7052 0
1785409636330 440440 433388 7052 0
1785409636362 440440 433388 7052 0
1785409636394 440440 433388 7052 0
1785409636420 440440 433388 7052 0
1785409636453 440440 433388 7052 0
1785409636485 440440 433388 7052 0
1785409636516 440440 433388 7052 0
1785409636547 440440 433388 7052 0
1785409636579 440440 433388 7052 0
1785409636604 440440 433388 7052 0
1785409636634 440440 433388 7052 0
1785409636666 440440 433388 7052 0
1785409636698 440440 433388 7052 0
1785409636725 440440 433388 7052 0
1785409636757 440440 433388 7052 0
1785409636789 440440 433388 7052 0
1785409636817 440440 433388 7052 0
1785409636850 440440 433388 7052 0
1785409636884 440440 433388 7052 0
1785409636917 440440 433388 7052 0
1785409636949 440440 433388 7052 0
1785409636980 440440 433388 7052 0
1785409637012 440440 433388 7052 0
1785409637045 440440 433388 7052 0
1785409637078 440440 433388 7052 0
1785409637105 440440 433388 7052 0
1785409637138 440440 433388 7052 0
1785409637169 440440 433388 7052 0
1785409637199 440440 433388 7052 0
1785409637230 440440 433388 7052 0
1785409637262 440440 433388 7052 0
1785409637292 440440 433388 7052 0
1785409637325 440440 433388 7052 0
1785409637359 440440 433388 7052 0
1785409637392 440440 433388 7052 0
1785409637422 440440 433388 7052 0
1785409637455 440440 433388 7052 0
1785409637484 440440 433388 7052 0
1785409637517 440440 433388 7052 0
1785409637549 440440 433388 7052 0
1785409637576 440440 433388 7052 0
1785409637608 440440 433388 7052 0
1785409637635 440440 433388 7052 0
1785409637666 440440 433388 7052 0
1785409637694 440440 433388 7052 0
1785409637727 440440 433388 7052 0
1785409637759 440440 433388 7052 0
1785409637792 440440 433388 7052 0
1785409637821 440440 433388 7052 0
1785409637852 440440 433388 7052 0
1785409637887 440440 433388 7052 0
1785409637917 440440 433388 7052 0
1785409637948 440440 433388 7052 0
1785409637981 440440 433388 7052 0
1785409638014 440440 433388 7052 0
1785409638041 440440 433388 7052 0
1785409638071 440440 433388 7052 0
1785409638104 440440 433388 7052 0
1785409638136 440440 433388 7052 0
1785409638168 440440 433388 7052 0
1785409638198 440440 433388 7052 0
1785409638228 440440 433388 7052 0
1785409638259 440440 433388 7052 0
1785409638291 440440 433388 7052 0
1785409638318 440440 433388 7052 0
1785409638351 440440 433388 7052 0
1785409638385 440440 433388 7052 0
1785409638417 440440 433388 7052 0
1785409638450 440440 433388 7052 0
1785409638481 440440 433388 7052 0
1785409638514 440440 433388 7052 0
1785409638543 440440 433388 7052 0
1785409638575 440440 433388 7052 0
1785409638609 440440 433388 7052 0
1785409638641 440440 433388 7052 0
1785409638674 440440 433388 7052 0
1785409638701 440440 433388 7052 0
1785409638732 440440 433388 7052 0
1785409638765 440440 433388 7052 0
1785409638798 440440 433388 7052 0
1785409638830 440440 433388 7052 0
1785409638860 440440 433388 7052 0
1785409638888 440440 433388 7052 0
1785409638921 440440 433388 7052 0
1785409638954 440440 433388 7052 0
1785409638986 440440 433388 7052 0
1785409639021 440440 433388 7052 0
1785409639055 440440 433388 7052 0
1785409639087 440440 433388 7052 0
1785409639117 440440 433388 7052 0
1785409639150 440440 433388 7052 0
1785409639183 440440 433388 7052 0
1785409639215 440440 433388 7052 0
1785409639242 440440 433388 7052 0
1785409639275 440440 433388 7052 0
1785409639308 440440 433388 7052 0
1785409639340 440440 433388 7052 0
1785409639367 440440 433388 7052 0
1785409639393 440440 433388 7052 0
1785409639424 440440 433388 7052 0
1785409639456 440440 433388 7052 0
1785409639481 440440 433388 7052 0
1785409639514 440440 433388 7052 0
1785409639547 440440 433388 7052 0
1785409639581 440440 433388 7052 0
1785409639613 440440 433388 7052 0
1785409639646 440440 433388 7052 0
1785409639676 440440 433388 7052 0
1785409639709 440440 433388 7052 0
1785409639742 440440 433388 7052 0
1785409639774 440440 433388 7052 0
1785409639806 440440 433388 7052 0
1785409639833 440440 433388 7052 0
1785409639866 440440 433388 7052 0
1785409639899 440440 433388 7052 0
1785409639930 440440 433388 7052 0
1785409639957 440440 433388 7052 0
1785409639990 440440 433388 7052 0
1785409640023 440440 433388 7052 0
1785409640056 440440 433388 7052 0
1785409640087 440440 433388 7052 0
1785409640119 440440 433388 7052 0
1785409640152 440440 433388 7052 0
1785409640183 440440 433388 7052 0
1785409640214 440440 433388 7052 0
1785409640247 440440 433388 7052 0
1785409640277 440440 433388 7052 0
1785409640310 440440 433388 7052 0
1785409640342 440440 433388 7052 0
1785409640374 440440 433388 7052 0
1785409640400 440440 433388 7052 0
1785409640428 440440 433388 7052 0
1785409640460 440440 433388 7052 0
1785409640487 440440 433388 7052 0
1785409640521 440440 433388 7052 0
1785409640553 440440 433388 7052 0
1785409640585 440440 433388 7052 0
1785409640618 440440 433388 7052 0
1785409640650 440440 433388 7052 0
1785409640677 440440 433388 7052 0
1785409640710 440440 433388 7052 0
1785409640740 440440 433388 7052 0
1785409640774 440440 433388 7052 0
1785409640808 440440 433388 7052 0
1785409640841 440440 433388 7052 0
1785409640869 440440 433388 7052 0
1785409640900 440440 433388 7052 0
1785409640933 440440 433388 7052 0
1785409640966 440440 433388 7052 0
1785409640997 440440 433388 7052 0
1785409641030 440440 433388 7052 0
1785409641062 440440 433388 7052 0
1785409641092 440440 433388 7052 0
1785409641126 440440 433388 7052 0
1785409641158 440440 433388 7052 0
1785409641190 440440 433388 7052 0
1785409641222 440440 433388 7052 0
1785409641248 440440 433388 7052 0
1785409641281 440440 433388 7052 0
1785409641314 440440 433388 7052 0
1785409641344 440440 433388 7052 0
1785409641377 440440 433388 7052 0
1785409641410 440440 433388 7052 0
1785409641441 440440 433388 7052 0
1785409641474 440440 433388 7052 0
1785409641507 440440 433388 7052 0
1785409641542 440440 433388 7052 0
1785409641575 440440 433388 7052 0
1785409641607 440440 433388 7052 0
1785409641640 440440 433388 7052 0
1785409641672 440440 433388 7052 0
1785409641705 440440 433388 7052 0
1785409641733 440440 433388 7052 0
1785409641766 440440 433388 7052 0
1785409641798 440440 433388 7052 0
1785409641829 440440 433388 7052 0
1785409641857 440440 433388 7052 0
1785409641889 440440 433388 7052 0
1785409641924 440440 433388 7052 0
1785409641956 440440 433388 7052 0
1785409641987 440440 433388 7052 0
1785409642018 440440 433388 7052 0
1785409642050 440440 433388 7052 0
1785409642083 440440 433388 7052 0
1785409642117 440440 433388 7052 0
1785409642147 440440 433388 7052 0
1785409642174 440440 433388 7052 0
1785409642207 440440 433388 7052 0
1785409642239 440440 433388 7052 0
1785409642267 440440 433388 7052 0
1785409642298 440440 433388 7052 0
1785409642330 440440 433388 7052 0
1785409642361 440440 433388 7052 0
1785409642395 440440 433388 7052 0
1785409642425 440440 433388 7052 0
1785409642455 440440 433388 7052 0
1785409642488 440440 433388 7052 0
1785409642520 440440 433388 7052 0
1785409642554 440008 433228 6780 0
1785409642586 319088 312036 7052 0
1785409642614 319088 312036 7052 0
1785409642643 319088 312036 7052 0
1785409642671 319088 312036 7052 0
1785409642700 319088 312036 7052 0
1785409642729 319088 312036 7052 0
1785409642755 319088 312036 7052 0
1785409642786 319088 312036 7052 0
1785409642811 319088 312036 7052 0
1785409642840 319088 312036 7052 0
1785409642869 319088 312036 7052 0
1785409642893 319088 312036 7052 0
1785409642922 319088 312036 7052 0
1785409642952 319088 312036 7052 0
1785409642980 319088 312036 7052 0
1785409643007 319088 312036 7052 0
1785409643037 319088 312036 7052 0
1785409643064 319088 312036 7052 0
1785409643093 319088 312036 7052 0
1785409643118 319088 312036 7052 0
1785409643144 319088 312036 7052 0
1785409643169 319088 312036 7052 0
1785409643199 319088 312036 7052 0
1785409643225 319088 312036 7052 0
1785409643251 319088 312036 7052 0
1785409643278 319088 312036 7052 0
1785409643305 319088 312036 7052 0
1785409643334 319088 312036 7052 0
1785409643362 319088 312036 7052 0
1785409643386 319088 312036 7052 0
1785409643416 319088 312036 7052 0
1785409643446 319088 312036 7052 0
1785409643473 319088 312036 7052 0
1785409643501 319088 312036 7052 0
1785409643530 319088 312036 7052 0
1785409643558 319088 312036 7052 0
1785409643585 319088 312036 7052 0
1785409643614 319088 312036 7052 0
1785409643644 319088 312036 7052 0
1785409643672 319088 312036 7052 0
1785409643699 319088 312036 7052 0
1785409643729 319088 312036 7052 0
1785409643756 319088 312036 7052 0
1785409643785 319088 312036 7052 0
1785409643810 319088 312036 7052 0
1785409643841 319088 312036 7052 0
1785409643869 319088 312036 7052 0
1785409643898 319088 312036 7052 0
1785409643927 319088 312036 7052 0
1785409643953 319088 312036 7052 0
1785409643982 319088 312036 7052 0
1785409644011 319088 312036 7052 0
1785409644040 319088 312036 7052 0
1785409644069 319088 312036 7052 0
1785409644097 319088 312036 7052 0
1785409644127 319088 312036 7052 0
1785409644156 319088 312036 7052 0
1785409644185 319088 312036 7052 0
1785409644214 319088 312036 7052 0
1785409644241 319088 312036 7052 0
1785409644269 319088 312036 7052 0
1785409644298 319088 312036 7052 0
1785409644323 319088 312036 7052 0
1785409644353 319088 312036 7052 0
1785409644383 319088 312036 7052 0
1785409644408 319088 312036 7052 0
1785409644435 319088 312036 7052 0
1785409644460 319088 312036 7052 0
1785409644490 319088 312036 7052 0
1785409644519 319088 312036 7052 0
1785409644548 319088 312036 7052 0
1785409644574 319088 312036 7052 0
1785409644603 319088 312036 7052 0
1785409644632 319088 312036 7052 0
1785409644658 319088 312036 7052 0
1785409644687 319088 312036 7052 0
1785409644715 319088 312036 7052 0
1785409644743 319088 312036 7052 0
1785409644772 319088 312036 7052 0
1785409644799 322776 317980 4796 0
1785409644830 365040 362540 2500 0
1785409644858 35712 31160 4552 0
1785409644880 417888 410836 7052 0
1785409644910 417748 410700 7048 0
1785409644942 423544 416492 7052 0
1785409644974 423544 416492 7052 0
1785409645004 423544 416492 7052 0
1785409645036 423544 416492 7052 0
1785409645068 423544 416492 7052 0
1785409645098 423544 416492 7052 0
1785409645127 423544 416492 7052 0
1785409645160 423544 416492 7052 0
1785409645192 423544 416492 7052 0
1785409645225 423544 416492 7052 0
1785409645257 423544 416492 7052 0
1785409645289 425848 418796 7052 0
1785409645315 425848 418796 7052 0
1785409645346 425848 418796 7052 0
1785409645377 425848 418796 7052 0
1785409645408 425848 418796 7052 0
1785409645438 425848 418796 7052 0
1785409645464 425848 418796 7052 0
1785409645496 425848 418796 7052 0
1785409645522 425848 418796 7052 0
1785409645552 425848 418796 7052 0
1785409645581 425848 418796 7052 0
1785409645610 425848 418796 7052 0
1785409645641 425848 418796 7052 0
1785409645673 425848 418796 7052 0
1785409645706 425848 418796 7052 0
1785409645733 425848 418796 7052 0
1785409645766 425848 418796 7052 0
1785409645795 425848 418796 7052 0
1785409645825 425848 418796 7052 0
1785409645856 425848 418796 7052 0
1785409645885 425856 418804 7052 0
1785409645915 425856 418804 7052 0
1785409645942 431224 424172 7052 0
1785409645974 431224 424172 7052 0
1785409646006 431224 424172 7052 0
1785409646039 431224 424172 7052 0
1785409646070 431224 424172 7052 0
1785409646099 431224 424172 7052 0
1785409646132 431224 424172 7052 0
1785409646164 431224 424172 7052 0
1785409646196 431224 424172 7052 0
1785409646226 431224 424172 7052 0
1785409646260 431224 424172 7052 0
1785409646292 431224 424172 7052 0
1785409646324 431224 424172 7052 0
1785409646356 431224 424172 7052 0
1785409646388 431224 424172 7052 0
1785409646421 431224 424172 7052 0
1785409646453 431224 424172 7052 0
1785409646486 431224 424172 7052 0
1785409646518 431224 424172 7052 0
1785409646552 431224 424172 7052 0
1785409646582 431224 424172 7052 0
1785409646614 431224 424172 7052 0
1785409646642 431224 424172 7052 0
1785409646676 431224 424172 7052 0
1785409646708 431224 424172 7052 0
1785409646741 431224 424172 7052 0
1785409646774 431224 424172 7052 0
1785409646807 431224 424172 7052 0
1785409646839 431224 424172 7052 0
1785409646866 431224 424172 7052 0
1785409646900 434784 427732 7052 0
1785409646932 434784 427732 7052 0
1785409646960 437992 430944 7048 0
1785409646992 440440 433388 7052 0
1785409647025 440440 433388 7052 0
1785409647054 440440 433388 7052 0
1785409647087 440440 433388 7052 0
1785409647119 440440 433388 7052 0
1785409647150 440440 433388 7052 0
1785409647178 440440 433388 7052 0
1785409647210 440440 433388 7052 0
1785409647244 440440 433388 7052 0
1785409647270 440440 433388 7052 0
1785409647301 440440 433388 7052 0
1785409647334 440440 433388 7052 0
1785409647367 440440 433388 7052 0
1785409647398 440440 433388 7052 0
1785409647430 440440 433388 7052 0
1785409647462 440440 433388 7052 0
1785409647494 440440 433388 7052 0
1785409647525 440440 433388 7052 0
1785409647555 440440 433388 7052 0
1785409647588 440440 433388 7052 0
1785409647618 440440 433388 7052 0
1785409647651 440440 433388 7052 0
1785409647680 440440 433388 7052 0
1785409647713 440440 433388 7052 0
1785409647744 440440 433388 7052 0
1785409647776 440440 433388 7052 0
1785409647808 440440 433388 7052 0
1785409647836 440440 433388 7052 0
1785409647870 440440 433388 7052 0
1785409647903 440440 433388 7052 0
1785409647933 440440 433388 7052 0
1785409647966 440440 433388 7052 0
1785409647999 440440 433388 7052 0
1785409648034 440440 433388 7052 0
1785409648067 440440 433388 7052 0
1785409648100 440440 433388 7052 0
1785409648130 440440 433388 7052 0
1785409648157 440440 433388 7052 0
1785409648190 440440 433388 7052 0
1785409648222 440440 433388 7052 0
1785409648256 440440 433388 7052 0
1785409648288 440440 433388 7052 0
1785409648321 440440 433388 7052 0
1785409648354 440440 433388 7052 0
1785409648387 440440 433388 7052 0
1785409648418 440440 433388 7052 0
1785409648450 440440 433388 7052 0
1785409648483 440440 433388 7052 0
1785409648514 440440 433388 7052 0
1785409648548 440440 433388 7052 0
1785409648578 440440 433388 7052 0
1785409648611 440440 433388 7052 0
1785409648646 440440 433388 7052 0
1785409648680 440440 433388 7052 0
1785409648713 440440 433388 7052 0
1785409648743 440440 433388 7052 0
1785409648771 440440 433388 7052 0
1785409648796 440440 433388 7052 0
1785409648830 440440 433388 7052 0
1785409648862 440440 433388 7052 0
1785409648894 440440 433388 7052 0
1785409648926 440440 433388 7052 0
1785409648958 440440 433388 7052 0
1785409648987 440440 433388 7052 0
1785409649019 440440 433388 7052 0
1785409649051 440440 433388 7052 0
1785409649084 440440 433388 7052 0
1785409649115 440440 433388 7052 0
1785409649143 440440 433388 7052 0
1785409649169 440440 433388 7052 0
1785409649200 440296 433248 7048 0
1785409649235 319088 312036 7052 0
1785409649265 319088 312036 7052 0
1785409649290 318944 311896 7048 0
1785409649317 357988 350940 7048 0
1785409649346 372604 366076 6528 0
1785409649378 416968 409920 7048 0
1785409649410 420192 413140 7052 0
1785409649442 425848 418796 7052 0
1785409649477 425848 418796 7052 0
1785409649505 425848 418796 7052 0
1785409649536 425848 418796 7052 0
1785409649567 425848 418796 7052 0
1785409649596 425848 418796 7052 0
1785409649626 425848 418796 7052 0
1785409649658 425848 418796 7052 0
1785409649690 425848 418796 7052 0
1785409649723 425848 418796 7052 0
1785409649755 425848 418796 7052 0
1785409649788 425848 418796 7052 0
1785409649819 425848 418796 7052 0
1785409649851 425848 418796 7052 0
1785409649883 425848 418796 7052 0
1785409649913 425848 418796 7052 0
1785409649946 425704 418656 7048 0
1785409649978 319088 312036 7052 0
1785409650007 319088 312036 7052 0
1785409650035 319088 312036 7052 0
1785409650064 319088 312036 7052 0
1785409650090 319088 312036 7052 0
1785409650114 319088 312036 7052 0
1785409650143 319088 312036 7052 0
1785409650172 319088 312036 7052 0
1785409650201 319088 312036 7052 0
1785409650230 319088 312036 7052 0
1785409650261 319088 312036 7052 0
1785409650290 319088 312036 7052 0
1785409650316 319088 312036 7052 0
1785409650346 319088 312036 7052 0
1785409650375 319088 312036 7052 0
1785409650404 319088 312036 7052 0
1785409650435 319088 312036 7052 0
1785409650464 319088 312036 7052 0
1785409650494 319088 312036 7052 0
1785409650522 319088 312036 7052 0
1785409650551 319088 312036 7052 0
1785409650581 319088 312036 7052 0
1785409650610 319088 312036 7052 0
1785409650641 319088 312036 7052 0
1785409650670 319088 312036 7052 0
1785409650699 319088 312036 7052 0
1785409650728 319088 312036 7052 0
1785409650756 319088 312036 7052 0
1785409650785 319088 312036 7052 0
1785409650814 319088 312036 7052 0
1785409650843 319088 312036 7052 0
1785409650874 319088 312036 7052 0
1785409650900 319088 312036 7052 0
1785409650929 319088 312036 7052 0
1785409650957 319088 312036 7052 0
1785409650986 319088 312036 7052 0
1785409651013 319088 312036 7052 0
1785409651041 319088 312036 7052 0
1785409651069 319088 312036 7052 0
1785409651097 319088 312036 7052 0
1785409651126 319088 312036 7052 0
1785409651155 319088 312036 7052 0
1785409651182 319088 312036 7052 0
1785409651209 319088 312036 7052 0
1785409651239 319088 312036 7052 0
1785409651264 319088 312036 7052 0
1785409651296 319088 312036 7052 0
1785409651325 319088 312036 7052 0
1785409651354 319088 312036 7052 0
1785409651383 319088 312036 7052 0
1785409651412 319088 312036 7052 0
1785409651440 319088 312036 7052 0
1785409651466 319088 312036 7052 0
1785409651494 319088 312036 7052 0
1785409651523 319088 312036 7052 0
1785409651548 319088 312036 7052 0
1785409651573 319088 312036 7052 0
1785409651600 319088 312036 7052 0
1785409651625 319088 312036 7052 0
1785409651656 319088 312036 7052 0
1785409651685 319088 312036 7052 0
1785409651711 319088 312036 7052 0
1785409651740 319088 312036 7052 0
1785409651769 319088 312036 7052 0
1785409651799 319088 312036 7052 0
1785409651826 319088 312036 7052 0
1785409651855 319088 312036 7052 0
1785409651880 319088 312036 7052 0
1785409651910 319088 312036 7052 0
1785409651937 319088 312036 7052 0
1785409651964 319088 312036 7052 0
1785409651995 319088 312036 7052 0
1785409652024 319088 312036 7052 0
1785409652052 319088 312036 7052 0
1785409652080 319088 312036 7052 0
1785409652107 319088 312036 7052 0
1785409652136 319088 312036 7052 0
1785409652161 319088 312036 7052 0
1785409652190 319088 312036 7052 0
1785409652220 319088 312036 7052 0
1785409652248 314220 308684 5536 0
1785409652277 35712 31160 4552 0
1785409652300 387120 383212 3908 0
1785409652328 417888 410836 7052 0
1785409652357 417888 410836 7052 0
1785409652387 423544 416492 7052 0
1785409652418 423544 416492 7052 0
1785409652450 423544 416492 7052 0
1785409652483 423544 416492 7052 0
1785409652513 423544 416492 7052 0
1785409652543 423544 416492 7052 0
1785409652573 423544 416492 7052 0
1785409652605 423544 416492 7052 0
1785409652637 423544 416492 7052 0
1785409652669 423544 416492 7052 0
1785409652701 423544 416492 7052 0
1785409652729 425848 418796 7052 0
1785409652761 425848 418796 7052 0
1785409652792 425848 418796 7052 0
1785409652820 425848 418796 7052 0
1785409652851 425848 418796 7052 0
1785409652882 425848 418796 7052 0
1785409652912 425848 418796 7052 0
1785409652939 425848 418796 7052 0
1785409652964 425848 418796 7052 0
1785409652997 425848 418796 7052 0
1785409653027 425848 418796 7052 0
1785409653055 425848 418796 7052 0
1785409653087 425848 418796 7052 0
1785409653118 425848 418796 7052 0
1785409653148 425848 418796 7052 0
1785409653180 425848 418796 7052 0
1785409653207 425848 418796 7052 0
1785409653239 425848 418796 7052 0
1785409653272 425848 418796 7052 0
1785409653304 425704 418656 7048 0
1785409653338 425856 418804 7052 0
1785409653369 431224 424172 7052 0
1785409653399 431224 424172 7052 0
1785409653431 431224 424172 7052 0
1785409653465 431224 424172 7052 0
1785409653498 431224 424172 7052 0
1785409653530 431224 424172 7052 0
1785409653560 431224 424172 7052 0
1785409653593 431224 424172 7052 0
1785409653624 431224 424172 7052 0
1785409653658 431224 424172 7052 0
1785409653689 431224 424172 7052 0
1785409653721 431224 424172 7052 0
1785409653749 431224 424172 7052 0
1785409653782 431224 424172 7052 0
1785409653814 431224 424172 7052 0
1785409653844 431224 424172 7052 0
1785409653875 431224 424172 7052 0
1785409653907 431224 424172 7052 0
1785409653939 431224 424172 7052 0
1785409653970 431224 424172 7052 0
1785409654002 431224 424172 7052 0
1785409654035 431224 424172 7052 0
1785409654068 431224 424172 7052 0
1785409654096 431224 424172 7052 0
1785409654127 431224 424172 7052 0
1785409654160 431224 424172 7052 0
1785409654192 431224 424172 7052 0
1785409654222 431224 424172 7052 0
1785409654254 431224 424172 7052 0
1785409654286 319088 312036 7052 0
1785409654317 319088 312036 7052 0
1785409654346 319088 312036 7052 0
1785409654374 329640 324844 4796 0
1785409654402 376616 372708 3908 0
1785409654432 35712 31160 4552 0
1785409654455 434784 427732 7052 0
1785409654487 434784 427732 7052 0
1785409654515 440440 433388 7052 0
1785409654540 440440 433388 7052 0
1785409654564 440440 433388 7052 0
1785409654597 440440 433388 7052 0
1785409654633 440440 433388 7052 0
1785409654666 440440 433388 7052 0
1785409654698 440440 433388 7052 0
1785409654730 440440 433388 7052 0
1785409654763 440440 433388 7052 0
1785409654790 440440 433388 7052 0
1785409654822 440440 433388 7052 0
1785409654856 440440 433388 7052 0
1785409654888 440440 433388 7052 0
1785409654920 440440 433388 7052 0
1785409654946 440440 433388 7052 0
1785409654979 440440 433388 7052 0
1785409655005 440440 433388 7052 0
1785409655034 440440 433388 7052 0
1785409655067 440440 433388 7052 0
1785409655095 440440 433388 7052 0
1785409655127 440440 433388 7052 0
1785409655161 440440 433388 7052 0
1785409655192 440440 433388 7052 0
1785409655218 440440 433388 7052 0
1785409655251 440440 433388 7052 0
1785409655284 440440 433388 7052 0
1785409655314 440440 433388 7052 0
1785409655348 440440 433388 7052 0
1785409655376 319088 312036 7052 0
1785409655406 355956 348904 7052 0
1785409655435 355956 348904 7052 0
1785409655464 355956 348904 7052 0
1785409655490 319088 312036 7052 0
1785409655519 319088 312036 7052 0
1785409655548 319088 312036 7052 0
1785409655578 351668 344616 7052 0
1785409655608 355956 348904 7052 0
1785409655637 355956 348904 7052 0
1785409655667 319088 312036 7052 0
1785409655696 319088 312036 7052 0
1785409655723 319088 312036 7052 0
1785409655751 319088 312036 7052 0
1785409655780 319088 312036 7052 0
1785409655806 319088 312036 7052 0
1785409655832 319088 312036 7052 0
1785409655860 36696 31236 5460 0
1785409655883 382468 375420 7048 0
1785409655915 419272 412224 7048 0
1785409655944 422496 415444 7052 0
1785409655973 428152 421100 7052 0
1785409656001 428152 421100 7052 0
1785409656033 428152 421100 7052 0
1785409656066 428152 421100 7052 0
1785409656100 428152 421100 7052 0
1785409656132 428152 421100 7052 0
1785409656159 428152 421100 7052 0
1785409656191 428152 421100 7052 0
1785409656222 428152 421100 7052 0
1785409656251 428152 421100 7052 0
1785409656283 428152 421100 7052 0
1785409656316 428152 421100 7052 0
1785409656349 428152 421100 7052 0
1785409656375 428152 421100 7052 0
1785409656406 428152 421100 7052 0
1785409656437 428152 421100 7052 0
1785409656464 428152 421100 7052 0
1785409656496 428152 421100 7052 0
1785409656527 428152 421100 7052 0
1785409656556 428152 421100 7052 0
1785409656587 428152 421100 7052 0
1785409656619 428152 421100 7052 0
1785409656652 428152 421100 7052 0
1785409656679 428152 421100 7052 0
1785409656713 428152 421100 7052 0
1785409656744 337520 330468 7052 0
1785409656776 337520 330468 7052 0
1785409656806 337376 330328 7048 0
1785409656833 43732 40228 3504 0
1785409656856 37624 31196 6428 0
1785409656878 420192 413140 7052 0
1785409656912 420052 413004 7048 0
1785409656944 425848 418796 7052 0
1785409656970 425848 418796 7052 0
1785409657003 425848 418796 7052 0
1785409657036 425848 418796 7052 0
1785409657068 425848 418796 7052 0
1785409657099 425848 418796 7052 0
1785409657131 425848 418796 7052 0
1785409657163 425848 418796 7052 0
1785409657196 425848 418796 7052 0
1785409657229 425848 418796 7052 0
1785409657258 425848 418796 7052 0
1785409657291 425848 418796 7052 0
1785409657322 425848 418796 7052 0
1785409657349 425848 418796 7052 0
1785409657380 425848 418796 7052 0
1785409657412 337520 330468 7052 0
1785409657443 337520 330468 7052 0
1785409657471 337520 330468 7052 0
1785409657495 337520 330468 7052 0
1785409657521 337520 330468 7052 0
1785409657551 337520 330468 7052 0
1785409657580 337520 330468 7052 0
1785409657605 337520 330468 7052 0
1785409657632 337520 330468 7052 0
1785409657662 337520 330468 7052 0
1785409657692 337520 330468 7052 0
1785409657722 337520 330468 7052 0
1785409657748 337520 330468 7052 0
1785409657773 337520 330468 7052 0
1785409657802 337520 330468 7052 0
1785409657831 337520 330468 7052 0
1785409657861 337520 330468 7052 0
1785409657890 337520 330468 7052 0
1785409657916 337520 330468 7052 0
1785409657943 337520 330468 7052 0
1785409657972 337520 330468 7052 0
1785409657997 337520 330468 7052 0
1785409658025 337520 330468 7052 0
1785409658056 337520 330468 7052 0
1785409658079 337520 330468 7052 0
1785409658103 337520 330468 7052 0
1785409658133 337520 330468 7052 0
1785409658162 337520 330468 7052 0
1785409658191 337520 330468 7052 0
1785409658220 337520 330468 7052 0
1785409658249 337520 330468 7052 0
1785409658278 337520 330468 7052 0
1785409658306 337520 330468 7052 0
1785409658333 337520 330468 7052 0
1785409658363 337520 330468 7052 0
1785409658392 337520 330468 7052 0
1785409658423 337520 330468 7052 0
1785409658453 337520 330468 7052 0
1785409658483 337520 330468 7052 0
1785409658513 337520 330468 7052 0
1785409658540 337520 330468 7052 0
1785409658571 337520 330468 7052 0
1785409658601 337520 330468 7052 0
1785409658627 337520 330468 7052 0
1785409658657 337520 330468 7052 0
1785409658683 337520 330468 7052 0
1785409658711 337520 330468 7052 0
1785409658737 337520 330468 7052 0
1785409658768 337520 330468 7052 0
1785409658797 337520 330468 7052 0
1785409658826 337520 330468 7052 0
1785409658852 337520 330468 7052 0
1785409658883 337520 330468 7052 0
1785409658910 337520 330468 7052 0
1785409658940 337520 330468 7052 0
1785409658970 337520 330468 7052 0
1785409659000 337520 330468 7052 0
1785409659029 337520 330468 7052 0
1785409659059 337520 330468 7052 0
1785409659083 337520 330468 7052 0
1785409659113 337520 330468 7052 0
1785409659139 337520 330468 7052 0
1785409659169 337520 330468 7052 0
1785409659199 337520 330468 7052 0
1785409659228 337520 330468 7052 0
1785409659257 337520 330468 7052 0
1785409659286 337520 330468 7052 0
1785409659315 337520 330468 7052 0
1785409659344 337520 330468 7052 0
1785409659375 337520 330468 7052 0
1785409659404 337520 330468 7052 0
1785409659434 337520 330468 7052 0
1785409659461 337520 330468 7052 0
1785409659490 337520 330468 7052 0
1785409659521 362796 360296 2500 0
1785409659551 393040 385992 7048 0
1785409659581 417888 410836 7052 0
1785409659614 417988 410936 7052 0
1785409659646 423544 416492 7052 0
1785409659678 423544 416492 7052 0
1785409659703 423544 416492 7052 0
1785409659736 423544 416492 7052 0
1785409659768 423544 416492 7052 0
1785409659800 423544 416492 7052 0
1785409659827 423544 416492 7052 0
1785409659858 423544 416492 7052 0
1785409659888 423544 416492 7052 0
1785409659921 423544 416492 7052 0
1785409659949 423544 416492 7052 0
1785409659982 423544 416492 7052 0
1785409660007 425848 418796 7052 0
1785409660038 425848 418796 7052 0
1785409660070 425848 418796 7052 0
1785409660098 425848 418796 7052 0
1785409660131 425848 418796 7052 0
1785409660164 425848 418796 7052 0
1785409660195 425848 418796 7052 0
1785409660227 425848 418796 7052 0
1785409660260 425848 418796 7052 0
1785409660292 425848 418796 7052 0
1785409660324 425848 418796 7052 0
1785409660356 425848 418796 7052 0
1785409660387 425848 418796 7052 0
1785409660417 425848 418796 7052 0
1785409660448 425848 418796 7052 0
1785409660477 425848 418796 7052 0
1785409660511 425848 418796 7052 0
1785409660543 425848 418796 7052 0
1785409660570 425704 418656 7048 0
1785409660603 425856 418804 7052 0
1785409660629 425716 418668 7048 0
1785409660660 431224 424172 7052 0
1785409660687 431224 424172 7052 0
1785409660717 431224 424172 7052 0
1785409660750 431224 424172 7052 0
1785409660779 431224 424172 7052 0
1785409660811 431224 424172 7052 0
1785409660838 431224 424172 7052 0
1785409660864 431224 424172 7052 0
1785409660889 431224 424172 7052 0
1785409660921 431224 424172 7052 0
1785409660953 431224 424172 7052 0
1785409660986 431224 424172 7052 0
1785409661018 431224 424172 7052 0
1785409661047 431224 424172 7052 0
1785409661073 431224 424172 7052 0
1785409661106 431224 424172 7052 0
1785409661136 431224 424172 7052 0
1785409661169 431224 424172 7052 0
1785409661200 431224 424172 7052 0
1785409661229 431224 424172 7052 0
1785409661260 431224 424172 7052 0
1785409661288 431224 424172 7052 0
1785409661314 431224 424172 7052 0
1785409661346 431224 424172 7052 0
1785409661378 431224 424172 7052 0
1785409661411 431224 424172 7052 0
1785409661444 431224 424172 7052 0
1785409661477 431224 424172 7052 0
1785409661508 431224 424172 7052 0
1785409661539 431224 424172 7052 0
1785409661571 431080 424032 7048 0
1785409661603 434784 427732 7052 0
1785409661634 434644 427596 7048 0
1785409661662 440440 433388 7052 0
1785409661693 440440 433388 7052 0
1785409661726 440440 433388 7052 0
1785409661761 440440 433388 7052 0
1785409661787 440440 433388 7052 0
1785409661819 440440 433388 7052 0
1785409661852 440440 433388 7052 0
1785409661886 440440 433388 7052 0
1785409661913 440440 433388 7052 0
1785409661945 440440 433388 7052 0
1785409661976 440440 433388 7052 0
1785409662011 440440 433388 7052 0
1785409662043 440440 433388 7052 0
1785409662074 440440 433388 7052 0
1785409662106 440440 433388 7052 0
1785409662140 440440 433388 7052 0
1785409662173 440440 433388 7052 0
1785409662205 440440 433388 7052 0
1785409662237 440440 433388 7052 0
1785409662270 440440 433388 7052 0
1785409662302 440440 433388 7052 0
1785409662333 440440 433388 7052 0
1785409662361 440440 433388 7052 0
1785409662392 440440 433388 7052 0
1785409662427 440440 433388 7052 0
1785409662461 440440 433388 7052 0
1785409662494 440440 433388 7052 0
1785409662526 440440 433388 7052 0
1785409662558 440440 433388 7052 0
1785409662587 440440 433388 7052 0
1785409662620 440440 433388 7052 0
1785409662646 440440 433388 7052 0
1785409662678 440440 433388 7052 0
1785409662710 440440 433388 7052 0
1785409662736 440440 433388 7052 0
1785409662763 440440 433388 7052 0
1785409662795 440440 433388 7052 0
1785409662828 440440 433388 7052 0
1785409662861 440440 433388 7052 0
1785409662890 440440 433388 7052 0
1785409662917 440440 433388 7052 0
1785409662947 440440 433388 7052 0
1785409662979 440440 433388 7052 0
1785409663011 440440 433388 7052 0
1785409663043 440440 433388 7052 0
1785409663077 440440 433388 7052 0
1785409663109 440440 433388 7052 0
1785409663140 440440 433388 7052 0
1785409663169 440440 433388 7052 0
1785409663200 440440 433388 7052 0
1785409663233 440440 433388 7052 0
1785409663266 440440 433388 7052 0
1785409663296 440440 433388 7052 0
1785409663328 440440 433388 7052 0
1785409663358 440440 433388 7052 0
1785409663387 440440 433388 7052 0
1785409663421 440440 433388 7052 0
1785409663454 440440 433388 7052 0
1785409663487 440440 433388 7052 0
1785409663516 440440 433388 7052 0
1785409663549 440440 433388 7052 0
1785409663576 440440 433388 7052 0
1785409663609 440440 433388 7052 0
1785409663639 440440 433388 7052 0
1785409663667 440440 433388 7052 0
1785409663698 440440 433388 7052 0
1785409663729 440440 433388 7052 0
1785409663761 440440 433388 7052 0
1785409663791 440440 433388 7052 0
1785409663821 440440 433388 7052 0
1785409663851 440440 433388 7052 0
1785409663885 440440 433388 7052 0
1785409663919 440440 433388 7052 0
1785409663950 440440 433388 7052 0
1785409663980 440440 433388 7052 0
1785409664009 440440 433388 7052 0
1785409664041 440440 433388 7052 0
1785409664073 440440 433388 7052 0
1785409664105 440440 433388 7052 0
1785409664137 440440 433388 7052 0
1785409664168 440440 433388 7052 0
1785409664202 440440 433388 7052 0
1785409664235 440440 433388 7052 0
1785409664267 440440 433388 7052 0
1785409664293 440440 433388 7052 0
1785409664325 440440 433388 7052 0
1785409664350 440440 433388 7052 0
1785409664377 440440 433388 7052 0
1785409664410 440440 433388 7052 0
1785409664444 440440 433388 7052 0
1785409664474 440440 433388 7052 0
1785409664506 440440 433388 7052 0
1785409664540 440440 433388 7052 0
1785409664572 440440 433388 7052 0
1785409664604 440440 433388 7052 0
1785409664637 440440 433388 7052 0
1785409664670 440440 433388 7052 0
1785409664703 440440 433388 7052 0
1785409664734 440440 433388 7052 0
1785409664766 440440 433388 7052 0
1785409664797 440440 433388 7052 0
1785409664823 440440 433388 7052 0
1785409664856 440440 433388 7052 0
1785409664890 440440 433388 7052 0
1785409664922 440440 433388 7052 0
1785409664955 440440 433388 7052 0
1785409664981 440440 433388 7052 0
1785409665014 440440 433388 7052 0
1785409665046 440440 433388 7052 0
1785409665077 440440 433388 7052 0
1785409665109 440440 433388 7052 0
1785409665138 440440 433388 7052 0
1785409665171 440440 433388 7052 0
1785409665202 440440 433388 7052 0
1785409665234 440440 433388 7052 0
1785409665264 440440 433388 7052 0
1785409665296 440440 433388 7052 0
1785409665329 440440 433388 7052 0
1785409665360 440440 433388 7052 0
1785409665390 440440 433388 7052 0
1785409665421 440440 433388 7052 0
1785409665452 440440 433388 7052 0
1785409665485 440440 433388 7052 0
1785409665517 440440 433388 7052 0
1785409665550 440440 433388 7052 0
1785409665584 440440 433388 7052 0
1785409665616 440440 433388 7052 0
1785409665647 440440 433388 7052 0
1785409665680 440440 433388 7052 0
1785409665713 440440 433388 7052 0
1785409665745 440440 433388 7052 0
1785409665776 440440 433388 7052 0
1785409665809 440440 433388 7052 0
1785409665841 440440 433388 7052 0
1785409665874 440440 433388 7052 0
1785409665903 440440 433388 7052 0
1785409665936 440440 433388 7052 0
1785409665969 440440 433388 7052 0
1785409666000 440440 433388 7052 0
1785409666032 440440 433388 7052 0
1785409666064 440440 433388 7052 0
1785409666097 440440 433388 7052 0
1785409666129 440440 433388 7052 0
1785409666158 440440 433388 7052 0
1785409666185 440440 433388 7052 0
1785409666216 440440 433388 7052 0
1785409666247 440440 433388 7052 0
1785409666274 440440 433388 7052 0
1785409666305 440440 433388 7052 0
1785409666338 440440 433388 7052 0
1785409666365 440440 433388 7052 0
1785409666397 440440 433388 7052 0
1785409666430 440440 433388 7052 0
1785409666460 440440 433388 7052 0
1785409666494 440440 433388 7052 0
1785409666528 440440 433388 7052 0
1785409666560 440440 433388 7052 0
1785409666586 440440 433388 7052 0
1785409666619 440440 433388 7052 0
1785409666651 440440 433388 7052 0
1785409666683 440440 433388 7052 0
1785409666711 440440 433388 7052 0
1785409666744 440440 433388 7052 0
1785409666777 440440 433388 7052 0
1785409666809 440440 433388 7052 0
1785409666841 440440 433388 7052 0
1785409666875 440440 433388 7052 0
1785409666906 440440 433388 7052 0
1785409666935 440440 433388 7052 0
1785409666967 440440 433388 7052 0
1785409666994 440440 433388 7052 0
1785409667025 440440 433388 7052 0
1785409667057 440440 433388 7052 0
1785409667089 440440 433388 7052 0
1785409667122 440440 433388 7052 0
1785409667154 440440 433388 7052 0
1785409667185 440440 433388 7052 0
1785409667218 440440 433388 7052 0
1785409667251 440440 433388 7052 0
1785409667282 440440 433388 7052 0
1785409667315 440440 433388 7052 0
1785409667342 440440 433388 7052 0
1785409667375 440440 433388 7052 0
1785409667401 440440 433388 7052 0
1785409667434 440440 433388 7052 0
1785409667465 440440 433388 7052 0
1785409667497 440440 433388 7052 0
1785409667530 440440 433388 7052 0
1785409667563 440440 433388 7052 0
1785409667592 440440 433388 7052 0
1785409667618 440440 433388 7052 0
1785409667643 440440 433388 7052 0
1785409667675 440440 433388 7052 0
1785409667705 440440 433388 7052 0
1785409667736 440440 433388 7052 0
1785409667769 440440 433388 7052 0
1785409667801 440440 433388 7052 0
1785409667831 440440 433388 7052 0
1785409667864 440440 433388 7052 0
1785409667892 440440 433388 7052 0
1785409667921 440440 433388 7052 0
1785409667953 440440 433388 7052 0
1785409667986 440440 433388 7052 0
1785409668018 440440 433388 7052 0
1785409668050 440440 433388 7052 0
1785409668083 440440 433388 7052 0
1785409668113 440440 433388 7052 0
1785409668145 440440 433388 7052 0
1785409668171 440440 433388 7052 0
1785409668203 440440 433388 7052 0
1785409668229 440440 433388 7052 0
1785409668261 440440 433388 7052 0
1785409668294 440440 433388 7052 0
1785409668326 440440 433388 7052 0
1785409668355 440440 433388 7052 0
1785409668384 440440 433388 7052 0
1785409668417 440440 433388 7052 0
1785409668448 440440 433388 7052 0
1785409668476 440440 433388 7052 0
1785409668508 440440 433388 7052 0
1785409668534 440440 433388 7052 0
1785409668566 440440 433388 7052 0
1785409668597 440440 433388 7052 0
1785409668626 440440 433388 7052 0
1785409668655 440440 433388 7052 0
1785409668690 440440 433388 7052 0
1785409668723 440440 433388 7052 0
1785409668755 440440 433388 7052 0
1785409668788 440440 433388 7052 0
1785409668820 440440 433388 7052 0
1785409668852 440440 433388 7052 0
1785409668884 440440 433388 7052 0
1785409668916 440440 433388 7052 0
1785409668947 440440 433388 7052 0
1785409668980 440440 433388 7052 0
1785409669011 440440 433388 7052 0
1785409669042 440440 433388 7052 0
1785409669075 440440 433388 7052 0
1785409669102 440440 433388 7052 0
1785409669136 440440 433388 7052 0
1785409669168 440440 433388 7052 0
1785409669201 440440 433388 7052 0
1785409669232 440440 433388 7052 0
1785409669266 440440 433388 7052 0
1785409669299 440440 433388 7052 0
1785409669331 440440 433388 7052 0
1785409669360 440440 433388 7052 0
1785409669390 440440 433388 7052 0
1785409669421 440444 433392 7052 0
1785409669448 440444 433392 7052 0
1785409669481 440444 433392 7052 0
1785409669514 440444 433392 7052 0
1785409669546 440444 433392 7052 0
1785409669578 440444 433392 7052 0
1785409669607 440444 433392 7052 0
1785409669639 440444 433392 7052 0
1785409669669 440444 433392 7052 0
1785409669696 440444 433392 7052 0
1785409669726 440444 433392 7052 0
1785409669762 440444 433392 7052 0
1785409669794 440444 433392 7052 0
1785409669826 440444 433392 7052 0
1785409669857 440444 433392 7052 0
1785409669885 440444 433392 7052 0
1785409669916 440444 433392 7052 0
1785409669949 440444 433392 7052 0
1785409669982 440444 433392 7052 0
1785409670014 440444 433392 7052 0
1785409670046 440444 433392 7052 0
1785409670079 440444 433392 7052 0
1785409670112 440444 433392 7052 0
1785409670144 440444 433392 7052 0
1785409670178 440444 433392 7052 0
1785409670210 440444 433392 7052 0
1785409670241 440444 433392 7052 0
1785409670272 440444 433392 7052 0
1785409670303 440444 433392 7052 0
1785409670333 440444 433392 7052 0
1785409670364 440444 433392 7052 0
1785409670397 440444 433392 7052 0
1785409670431 440444 433392 7052 0
1785409670461 440444 433392 7052 0
1785409670494 440444 433392 7052 0
1785409670525 440444 433392 7052 0
1785409670551 440444 433392 7052 0
1785409670583 440444 433392 7052 0
1785409670615 440444 433392 7052 0
1785409670645 440444 433392 7052 0
1785409670679 440444 433392 7052 0
1785409670712 440444 433392 7052 0
1785409670746 440444 433392 7052 0
1785409670779 440444 433392 7052 0
1785409670807 440444 433392 7052 0
1785409670841 440444 433392 7052 0
1785409670872 440444 433392 7052 0
1785409670904 440444 433392 7052 0
1785409670936 440444 433392 7052 0
1785409670968 440444 433392 7052 0
1785409670998 440444 433392 7052 0
1785409671031 440444 433392 7052 0
1785409671058 440444 433392 7052 0
1785409671091 440444 433392 7052 0
1785409671124 440444 433392 7052 0
1785409671157 440444 433392 7052 0
1785409671190 440444 433392 7052 0
1785409671222 440444 433392 7052 0
1785409671253 440444 433392 7052 0
1785409671285 440444 433392 7052 0
1785409671318 440444 433392 7052 0
1785409671350 440444 433392 7052 0
1785409671382 440444 433392 7052 0
1785409671414 440444 433392 7052 0
1785409671443 440444 433392 7052 0
1785409671476 440444 433392 7052 0
1785409671508 440444 433392 7052 0
1785409671537 440444 433392 7052 0
1785409671571 440444 433392 7052 0
1785409671603 440444 433392 7052 0
1785409671635 440444 433392 7052 0
1785409671667 440444 433392 7052 0
1785409671698 440444 433392 7052 0
1785409671731 319088 312036 7052 0
1785409671761 319088 312036 7052 0
1785409671787 319088 312036 7052 0
1785409671817 319088 312036 7052 0
1785409671841 319088 312036 7052 0
1785409671871 319088 312036 7052 0
1785409671901 319088 312036 7052 0
1785409671931 319088 312036 7052 0
1785409671962 319088 312036 7052 0
1785409671991 319088 312036 7052 0
1785409672020 319088 312036 7052 0
1785409672049 319088 312036 7052 0
1785409672078 319088 312036 7052 0
1785409672106 319088 312036 7052 0
1785409672135 319088 312036 7052 0
1785409672165 319088 312036 7052 0
1785409672194 319088 312036 7052 0
1785409672219 319088 312036 7052 0
1785409672248 319088 312036 7052 0
1785409672272 319088 312036 7052 0
1785409672301 319088 312036 7052 0
1785409672325 319088 312036 7052 0
1785409672351 319088 312036 7052 0
1785409672380 319088 312036 7052 0
1785409672410 319088 312036 7052 0
1785409672440 319088 312036 7052 0
1785409672471 319088 312036 7052 0
1785409672501 319088 312036 7052 0
1785409672530 319088 312036 7052 0
1785409672560 319088 312036 7052 0
1785409672589 319088 312036 7052 0
1785409672619 319088 312036 7052 0
1785409672644 319088 312036 7052 0
1785409672673 319088 312036 7052 0
1785409672702 319088 312036 7052 0
1785409672731 319088 312036 7052 0
1785409672760 319088 312036 7052 0
1785409672790 319088 312036 7052 0
1785409672818 319088 312036 7052 0
1785409672846 319088 312036 7052 0
1785409672876 319088 312036 7052 0
1785409672901 319088 312036 7052 0
1785409672930 319088 312036 7052 0
1785409672958 319088 312036 7052 0
1785409672987 319088 312036 7052 0
1785409673011 319088 312036 7052 0
1785409673040 319088 312036 7052 0
1785409673070 319088 312036 7052 0
1785409673099 319088 312036 7052 0
1785409673128 319088 312036 7052 0
1785409673154 319088 312036 7052 0
1785409673182 319088 312036 7052 0
1785409673208 319088 312036 7052 0
1785409673236 319088 312036 7052 0
1785409673264 319088 312036 7052 0
1785409673293 319088 312036 7052 0
1785409673320 319088 312036 7052 0
1785409673345 319088 312036 7052 0
1785409673368 319088 312036 7052 0
1785409673395 319088 312036 7052 0
1785409673424 319088 312036 7052 0
1785409673453 319088 312036 7052 0
1785409673478 319088 312036 7052 0
1785409673504 319088 312036 7052 0
1785409673531 319088 312036 7052 0
1785409673560 319088 312036 7052 0
1785409673587 319088 312036 7052 0
1785409673616 319088 312036 7052 0
1785409673641 319088 312036 7052 0
1785409673671 319088 312036 7052 0
1785409673700 319088 312036 7052 0
1785409673726 319088 312036 7052 0
1785409673750 319088 312036 7052 0
1785409673778 319088 312036 7052 0
1785409673807 319088 312036 7052 0
1785409673836 319088 312036 7052 0
1785409673865 319088 312036 7052 0
1785409673892 319088 312036 7052 0
1785409673920 319088 312036 7052 0
1785409673945 319088 312036 7052 0
1785409673973 354892 347844 7048 0
1785409674000 375604 371856 3748 0
1785409674026 44680 40128 4552 0
1785409674049 417888 410836 7052 0
1785409674081 423544 416492 7052 0
1785409674113 423544 416492 7052 0
1785409674144 423544 416492 7052 0
1785409674172 423544 416492 7052 0
1785409674204 423544 416492 7052 0
1785409674236 423544 416492 7052 0
1785409674267 423544 416492 7052 0
1785409674299 423544 416492 7052 0
1785409674326 423544 416492 7052 0
1785409674358 423544 416492 7052 0
1785409674386 423544 416492 7052 0
1785409674418 423400 416352 7048 0
1785409674450 425848 418796 7052 0
1785409674480 425848 418796 7052 0
1785409674511 425848 418796 7052 0
1785409674545 425848 418796 7052 0
1785409674575 425848 418796 7052 0
1785409674606 425848 418796 7052 0
1785409674635 425848 418796 7052 0
1785409674670 425848 418796 7052 0
1785409674696 425848 418796 7052 0
1785409674725 425848 418796 7052 0
1785409674758 425848 418796 7052 0
1785409674790 425848 418796 7052 0
1785409674822 425848 418796 7052 0
1785409674849 425848 418796 7052 0
1785409674883 425848 418796 7052 0
1785409674908 425848 418796 7052 0
1785409674937 425848 418796 7052 0
1785409674968 425848 418796 7052 0
1785409674998 425848 418796 7052 0
1785409675030 425856 418804 7052 0
1785409675062 425716 418668 7048 0
1785409675089 431224 424172 7052 0
1785409675121 431224 424172 7052 0
1785409675151 431224 424172 7052 0
1785409675185 431224 424172 7052 0
1785409675211 431224 424172 7052 0
1785409675243 431224 424172 7052 0
1785409675275 431224 424172 7052 0
1785409675308 431224 424172 7052 0
1785409675340 431228 424176 7052 0
1785409675372 431228 424176 7052 0
1785409675404 431228 424176 7052 0
1785409675437 431228 424176 7052 0
1785409675468 431228 424176 7052 0
1785409675500 431228 424176 7052 0
1785409675527 431228 424176 7052 0
1785409675561 431228 424176 7052 0
1785409675594 431228 424176 7052 0
1785409675623 431228 424176 7052 0
1785409675657 431228 424176 7052 0
1785409675683 431228 424176 7052 0
1785409675715 431228 424176 7052 0
1785409675741 431228 424176 7052 0
1785409675774 431228 424176 7052 0
1785409675802 431228 424176 7052 0
1785409675834 431228 424176 7052 0
1785409675867 431228 424176 7052 0
1785409675900 431228 424176 7052 0
1785409675930 431228 424176 7052 0
1785409675961 431228 424176 7052 0
1785409675993 431228 424176 7052 0
1785409676025 434784 427732 7052 0
1785409676058 434644 427596 7048 0
1785409676084 440440 433388 7052 0
1785409676116 440440 433388 7052 0
1785409676147 440440 433388 7052 0
1785409676180 440440 433388 7052 0
1785409676211 440440 433388 7052 0
1785409676235 440440 433388 7052 0
1785409676268 440440 433388 7052 0
1785409676299 440440 433388 7052 0
1785409676331 440440 433388 7052 0
1785409676365 440440 433388 7052 0
1785409676395 440440 433388 7052 0
1785409676428 440440 433388 7052 0
1785409676460 440440 433388 7052 0
1785409676488 440440 433388 7052 0
1785409676517 440440 433388 7052 0
1785409676550 440440 433388 7052 0
1785409676582 440440 433388 7052 0
1785409676608 440440 433388 7052 0
1785409676636 440440 433388 7052 0
1785409676671 440440 433388 7052 0
1785409676705 440440 433388 7052 0
1785409676738 440440 433388 7052 0
1785409676767 440440 433388 7052 0
1785409676796 440440 433388 7052 0
1785409676828 440440 433388 7052 0
1785409676859 440440 433388 7052 0
1785409676894 440440 433388 7052 0
1785409676928 440440 433388 7052 0
1785409676954 440440 433388 7052 0
1785409676985 440440 433388 7052 0
1785409677012 440440 433388 7052 0
1785409677045 440440 433388 7052 0
1785409677075 440440 433388 7052 0
1785409677109 440440 433388 7052 0
1785409677138 440440 433388 7052 0
1785409677169 440440 433388 7052 0
1785409677203 440440 433388 7052 0
1785409677235 440440 433388 7052 0
1785409677265 440440 433388 7052 0
1785409677298 440440 433388 7052 0
1785409677331 440440 433388 7052 0
1785409677365 440440 433388 7052 0
1785409677395 440440 433388 7052 0
1785409677428 440440 433388 7052 0
1785409677459 440440 433388 7052 0
1785409677491 440440 433388 7052 0
1785409677520 440440 433388 7052 0
1785409677554 440440 433388 7052 0
1785409677584 440440 433388 7052 0
1785409677611 440440 433388 7052 0
1785409677644 440440 433388 7052 0
1785409677678 440440 433388 7052 0
1785409677713 440440 433388 7052 0
1785409677746 440440 433388 7052 0
1785409677776 440440 433388 7052 0
1785409677805 440440 433388 7052 0
1785409677835 440440 433388 7052 0
1785409677870 440440 433388 7052 0
1785409677903 440440 433388 7052 0
1785409677937 440440 433388 7052 0
1785409677970 440440 433388 7052 0
1785409678003 440440 433388 7052 0
1785409678032 440440 433388 7052 0
1785409678065 440440 433388 7052 0
1785409678095 440440 433388 7052 0
1785409678128 440440 433388 7052 0
1785409678159 440440 433388 7052 0
1785409678194 440440 433388 7052 0
1785409678228 440440 433388 7052 0
1785409678256 440440 433388 7052 0
1785409678291 349040 341988 7052 0
1785409678322 349040 341988 7052 0
1785409678352 349040 341988 7052 0
1785409678379 358112 351064 7048 0
1785409678410 379952 376256 3696 0
1785409678438 410824 403776 7048 0
1785409678472 420192 413140 7052 0
1785409678504 423400 416352 7048 0
1785409678533 425848 418796 7052 0
1785409678566 425848 418796 7052 0
1785409678598 425848 418796 7052 0
1785409678629 425848 418796 7052 0
1785409678660 425848 418796 7052 0
1785409678690 425848 418796 7052 0
1785409678722 425848 418796 7052 0
1785409678755 425848 418796 7052 0
1785409678786 425852 418800 7052 0
1785409678818 425852 418800 7052 0
1785409678849 425852 418800 7052 0
1785409678882 425852 418800 7052 0
1785409678914 425852 418800 7052 0
1785409678944 425852 418800 7052 0
1785409678973 425852 418800 7052 0
1785409679005 425852 418800 7052 0
1785409679037 337520 330468 7052 0
1785409679064 337520 330468 7052 0
1785409679090 337520 330468 7052 0
1785409679115 337520 330468 7052 0
1785409679144 337520 330468 7052 0
1785409679174 337520 330468 7052 0
1785409679199 337520 330468 7052 0
1785409679225 337520 330468 7052 0
1785409679252 337520 330468 7052 0
1785409679282 337520 330468 7052 0
1785409679311 337520 330468 7052 0
1785409679340 337520 330468 7052 0
1785409679369 337520 330468 7052 0
1785409679396 337520 330468 7052 0
1785409679422 337520 330468 7052 0
1785409679452 337520 330468 7052 0
1785409679482 337520 330468 7052 0
1785409679512 337520 330468 7052 0
1785409679538 337520 330468 7052 0
1785409679569 337520 330468 7052 0
1785409679595 337520 330468 7052 0
1785409679621 337520 330468 7052 0
1785409679651 337520 330468 7052 0
1785409679680 337520 330468 7052 0
1785409679709 337520 330468 7052 0
1785409679736 337520 330468 7052 0
1785409679766 337520 330468 7052 0
1785409679795 337520 330468 7052 0
1785409679820 337520 330468 7052 0
1785409679846 337520 330468 7052 0
1785409679877 337520 330468 7052 0
1785409679907 337520 330468 7052 0
1785409679934 337520 330468 7052 0
1785409679959 337520 330468 7052 0
1785409679986 337520 330468 7052 0
1785409680017 337520 330468 7052 0
1785409680043 337520 330468 7052 0
1785409680073 337520 330468 7052 0
1785409680102 337520 330468 7052 0
1785409680131 337520 330468 7052 0
1785409680162 337520 330468 7052 0
1785409680193 337520 330468 7052 0
1785409680222 337520 330468 7052 0
1785409680252 337520 330468 7052 0
1785409680277 337520 330468 7052 0
1785409680304 337520 330468 7052 0
1785409680336 337520 330468 7052 0
1785409680365 337520 330468 7052 0
1785409680395 337520 330468 7052 0
1785409680426 337520 330468 7052 0
1785409680456 337520 330468 7052 0
1785409680479 337520 330468 7052 0
1785409680508 337520 330468 7052 0
1785409680538 337520 330468 7052 0
1785409680562 337520 330468 7052 0
1785409680591 337520 330468 7052 0
1785409680621 337520 330468 7052 0
1785409680650 337520 330468 7052 0
1785409680680 337520 330468 7052 0
1785409680706 337520 330468 7052 0
1785409680731 337520 330468 7052 0
1785409680756 337520 330468 7052 0
1785409680787 337520 330468 7052 0
1785409680813 337520 330468 7052 0
1785409680842 337520 330468 7052 0
1785409680871 337520 330468 7052 0
1785409680900 337520 330468 7052 0
1785409680925 337520 330468 7052 0
1785409680954 337520 330468 7052 0
1785409680984 337520 330468 7052 0
1785409681009 337520 330468 7052 0
1785409681040 337520 330468 7052 0
1785409681067 337520 330468 7052 0
1785409681097 337520 330468 7052 0
1785409681127 337520 330468 7052 0
1785409681154 337520 330468 7052 0
1785409681185 337520 330468 7052 0
1785409681214 337520 330468 7052 0
1785409681241 337520 330468 7052 0
1785409681268 337520 330468 7052 0
1785409681298 337520 330468 7052 0
1785409681328 337520 330468 7052 0
1785409681356 330988 325264 5724 0
1785409681385 364900 359160 5740 0
1785409681417 46864 40184 6680 0
1785409681439 417888 410836 7052 0
1785409681468 417748 410700 7048 0
1785409681499 423548 416496 7052 0
1785409681532 423548 416496 7052 0
1785409681566 423548 416496 7052 0
1785409681598 423548 416496 7052 0
1785409681626 423548 416496 7052 0
1785409681659 423548 416496 7052 0
1785409681689 423548 416496 7052 0
1785409681720 423548 416496 7052 0
1785409681752 423548 416496 7052 0
1785409681782 423548 416496 7052 0
1785409681813 423548 416496 7052 0
1785409681846 423404 416356 7048 0
1785409681878 425852 418800 7052 0
1785409681907 425852 418800 7052 0
1785409681940 425852 418800 7052 0
1785409681968 425852 418800 7052 0
1785409682001 425852 418800 7052 0
1785409682032 425852 418800 7052 0
1785409682064 425852 418800 7052 0
1785409682098 425852 418800 7052 0
1785409682128 425852 418800 7052 0
1785409682155 425852 418800 7052 0
1785409682183 425852 418800 7052 0
1785409682213 425852 418800 7052 0
1785409682245 425852 418800 7052 0
1785409682272 425852 418800 7052 0
1785409682305 425852 418800 7052 0
1785409682334 425852 418800 7052 0
1785409682361 425852 418800 7052 0
1785409682393 425852 418800 7052 0
1785409682425 425852 418800 7052 0
1785409682454 425860 418808 7052 0
1785409682485 425860 418808 7052 0
1785409682516 431224 424172 7052 0
1785409682548 431224 424172 7052 0
1785409682578 431224 424172 7052 0
1785409682602 431224 424172 7052 0
1785409682635 431224 424172 7052 0
1785409682667 431224 424172 7052 0
1785409682699 431224 424172 7052 0
1785409682731 431224 424172 7052 0
1785409682762 431228 424176 7052 0
1785409682794 431228 424176 7052 0
1785409682827 431228 424176 7052 0
1785409682857 431228 424176 7052 0
1785409682889 431228 424176 7052 0
1785409682920 431228 424176 7052 0
1785409682952 431228 424176 7052 0
1785409682982 431228 424176 7052 0
1785409683014 431228 424176 7052 0
1785409683049 431228 424176 7052 0
1785409683079 431228 424176 7052 0
1785409683113 431228 424176 7052 0
1785409683147 431228 424176 7052 0
1785409683178 431228 424176 7052 0
1785409683203 431228 424176 7052 0
1785409683236 431228 424176 7052 0
1785409683269 431228 424176 7052 0
1785409683301 431228 424176 7052 0
1785409683335 431228 424176 7052 0
1785409683368 431228 424176 7052 0
1785409683400 431228 424176 7052 0
1785409683431 431228 424176 7052 0
1785409683462 431228 424176 7052 0
1785409683494 431228 424176 7052 0
1785409683522 434784 427732 7052 0
1785409683550 434644 427596 7048 0
1785409683581 440440 433388 7052 0
1785409683613 440440 433388 7052 0
1785409683647 440440 433388 7052 0
1785409683677 440440 433388 7052 0
1785409683710 440440 433388 7052 0
1785409683742 440440 433388 7052 0
1785409683774 440440 433388 7052 0
1785409683802 440440 433388 7052 0
1785409683835 440444 433392 7052 0
1785409683866 440444 433392 7052 0
1785409683896 440444 433392 7052 0
1785409683930 440444 433392 7052 0
1785409683964 440444 433392 7052 0
1785409683994 440444 433392 7052 0
1785409684024 440444 433392 7052 0
1785409684055 440444 433392 7052 0
1785409684081 440444 433392 7052 0
1785409684115 440444 433392 7052 0
1785409684145 440444 433392 7052 0
1785409684178 440444 433392 7052 0
1785409684209 440444 433392 7052 0
1785409684242 440444 433392 7052 0
1785409684275 440444 433392 7052 0
1785409684306 440444 433392 7052 0
1785409684339 440444 433392 7052 0
1785409684367 440444 433392 7052 0
1785409684399 440444 433392 7052 0
1785409684431 440444 433392 7052 0
1785409684464 440444 433392 7052 0
1785409684499 440444 433392 7052 0
1785409684529 440444 433392 7052 0
1785409684554 440444 433392 7052 0
1785409684580 440444 433392 7052 0
1785409684614 440444 433392 7052 0
1785409684647 440444 433392 7052 0
1785409684679 440444 433392 7052 0
1785409684712 440444 433392 7052 0
1785409684741 440444 433392 7052 0
1785409684766 440444 433392 7052 0
1785409684798 440444 433392 7052 0
1785409684831 440444 433392 7052 0
1785409684864 440444 433392 7052 0
1785409684891 440444 433392 7052 0
1785409684925 440444 433392 7052 0
1785409684956 440444 433392 7052 0
1785409684989 440444 433392 7052 0
1785409685021 440444 433392 7052 0
1785409685052 440444 433392 7052 0
1785409685080 440444 433392 7052 0
1785409685114 440444 433392 7052 0
1785409685145 440444 433392 7052 0
1785409685178 440444 433392 7052 0
1785409685209 440444 433392 7052 0
1785409685242 440444 433392 7052 0
1785409685275 440444 433392 7052 0
1785409685307 440444 433392 7052 0
1785409685339 440444 433392 7052 0
1785409685369 440444 433392 7052 0
1785409685398 440444 433392 7052 0
1785409685430 440444 433392 7052 0
1785409685462 440444 433392 7052 0
1785409685494 440444 433392 7052 0
1785409685526 440444 433392 7052 0
1785409685560 440444 433392 7052 0
1785409685593 440444 433392 7052 0
1785409685625 440444 433392 7052 0
1785409685654 440444 433392 7052 0
1785409685687 440444 433392 7052 0
1785409685720 440444 433392 7052 0
1785409685753 440444 433392 7052 0
1785409685786 319088 312036 7052 0
1785409685816 319088 312036 7052 0
1785409685846 318944 311896 7048 0
1785409685876 357992 350944 7048 0
1785409685907 380128 376632 3496 0
1785409685937 416968 409920 7048 0
1785409685968 420192 413140 7052 0
1785409686001 425848 418796 7052 0
1785409686033 425848 418796 7052 0
1785409686066 425848 418796 7052 0
1785409686092 425848 418796 7052 0
1785409686124 425848 418796 7052 0
1785409686156 425848 418796 7052 0
1785409686184 425848 418796 7052 0
1785409686216 425848 418796 7052 0
1785409686246 425852 418800 7052 0
1785409686274 425852 418800 7052 0
1785409686302 425852 418800 7052 0
1785409686337 425852 418800 7052 0
1785409686369 425852 418800 7052 0
1785409686401 425852 418800 7052 0
1785409686433 425852 418800 7052 0
1785409686465 425852 418800 7052 0
1785409686494 319088 312036 7052 0
1785409686524 319088 312036 7052 0
1785409686551 319088 312036 7052 0
1785409686580 319088 312036 7052 0
1785409686609 319088 312036 7052 0
1785409686639 319088 312036 7052 0
1785409686668 319088 312036 7052 0
1785409686697 319088 312036 7052 0
1785409686727 319088 312036 7052 0
1785409686756 319088 312036 7052 0
1785409686779 319088 312036 7052 0
1785409686808 319088 312036 7052 0
1785409686838 319088 312036 7052 0
1785409686867 319088 312036 7052 0
1785409686896 319088 312036 7052 0
1785409686920 319088 312036 7052 0
1785409686949 319088 312036 7052 0
1785409686978 319088 312036 7052 0
1785409687006 319088 312036 7052 0
1785409687036 319088 312036 7052 0
1785409687064 319088 312036 7052 0
1785409687092 319088 312036 7052 0
1785409687122 319088 312036 7052 0
1785409687152 319088 312036 7052 0
1785409687180 319088 312036 7052 0
1785409687208 319088 312036 7052 0
1785409687237 319088 312036 7052 0
1785409687268 319088 312036 7052 0
1785409687297 319088 312036 7052 0
1785409687325 319088 312036 7052 0
1785409687353 319088 312036 7052 0
1785409687382 319088 312036 7052 0
1785409687411 319088 312036 7052 0
1785409687440 319088 312036 7052 0
1785409687471 319088 312036 7052 0
1785409687499 319088 312036 7052 0
1785409687527 319088 312036 7052 0
1785409687554 319088 312036 7052 0
1785409687584 319088 312036 7052 0
1785409687611 319088 312036 7052 0
1785409687640 319088 312036 7052 0
1785409687669 319088 312036 7052 0
1785409687696 319088 312036 7052 0
1785409687723 319088 312036 7052 0
1785409687752 319088 312036 7052 0
1785409687776 319088 312036 7052 0
1785409687806 319088 312036 7052 0
1785409687835 319088 312036 7052 0
1785409687862 319088 312036 7052 0
1785409687890 319088 312036 7052 0
1785409687919 319088 312036 7052 0
1785409687948 319088 312036 7052 0
1785409687974 319088 312036 7052 0
1785409687998 319088 312036 7052 0
1785409688027 319088 312036 7052 0
1785409688055 319088 312036 7052 0
1785409688084 319088 312036 7052 0
1785409688110 319088 312036 7052 0
1785409688142 319088 312036 7052 0
1785409688171 319088 312036 7052 0
1785409688199 319088 312036 7052 0
1785409688228 319088 312036 7052 0
1785409688256 319088 312036 7052 0
1785409688286 319088 312036 7052 0
1785409688315 319088 312036 7052 0
1785409688344 319088 312036 7052 0
1785409688371 319088 312036 7052 0
1785409688398 319088 312036 7052 0
1785409688423 319088 312036 7052 0
1785409688453 319088 312036 7052 0
1785409688482 319088 312036 7052 0
1785409688509 319088 312036 7052 0
1785409688535 319088 312036 7052 0
1785409688565 319088 312036 7052 0
1785409688593 319088 312036 7052 0
1785409688619 319088 312036 7052 0
1785409688652 319088 312036 7052 0
1785409688677 319088 312036 7052 0
1785409688706 319088 312036 7052 0
1785409688734 319088 312036 7052 0
1785409688759 319088 312036 7052 0
1785409688784 319088 312036 7052 0
1785409688813 319088 312036 7052 0
1785409688843 339136 336376 2760 0
1785409688868 371804 368148 3656 0
1785409688898 407476 401416 6060 0
1785409688928 417892 410840 7052 0
1785409688965 417752 410704 7048 0
1785409688997 423548 416496 7052 0
1785409689026 423548 416496 7052 0
1785409689059 423548 416496 7052 0
1785409689090 423548 416496 7052 0
1785409689122 423548 416496 7052 0
1785409689153 423548 416496 7052 0
1785409689183 423548 416496 7052 0
1785409689215 423548 416496 7052 0
1785409689246 423548 416496 7052 0
1785409689277 423548 416496 7052 0
1785409689308 423548 416496 7052 0
1785409689340 423548 416496 7052 0
1785409689367 423404 416356 7048 0
1785409689398 425852 418800 7052 0
1785409689431 425852 418800 7052 0
1785409689462 425852 418800 7052 0
1785409689495 425852 418800 7052 0
1785409689527 425852 418800 7052 0
1785409689559 425852 418800 7052 0
1785409689588 425852 418800 7052 0
1785409689615 425852 418800 7052 0
1785409689647 425852 418800 7052 0
1785409689673 425852 418800 7052 0
1785409689699 425852 418800 7052 0
1785409689731 425852 418800 7052 0
1785409689764 425852 418800 7052 0
1785409689795 425852 418800 7052 0
1785409689822 425852 418800 7052 0
1785409689855 425852 418800 7052 0
1785409689887 425852 418800 7052 0
1785409689919 425852 418800 7052 0
1785409689951 425852 418800 7052 0
1785409689983 425852 418800 7052 0
1785409690015 425860 418808 7052 0
1785409690047 425860 418808 7052 0
1785409690075 431228 424176 7052 0
1785409690103 431228 424176 7052 0
1785409690135 431228 424176 7052 0
1785409690167 431228 424176 7052 0
1785409690200 431228 424176 7052 0
1785409690232 431228 424176 7052 0
1785409690263 431228 424176 7052 0
1785409690294 431228 424176 7052 0
1785409690320 431228 424176 7052 0
1785409690352 431228 424176 7052 0
1785409690384 431228 424176 7052 0
1785409690417 431228 424176 7052 0
1785409690450 431228 424176 7052 0
1785409690483 431228 424176 7052 0
1785409690514 431228 424176 7052 0
1785409690544 431228 424176 7052 0
1785409690572 431228 424176 7052 0
1785409690605 431228 424176 7052 0
1785409690637 431228 424176 7052 0
1785409690668 431228 424176 7052 0
1785409690697 431228 424176 7052 0
1785409690730 431228 424176 7052 0
1785409690762 431228 424176 7052 0
1785409690794 431228 424176 7052 0
1785409690825 431228 424176 7052 0
1785409690854 431228 424176 7052 0
1785409690886 431228 424176 7052 0
1785409690918 431228 424176 7052 0
1785409690945 431228 424176 7052 0
1785409690975 431228 424176 7052 0
1785409691009 431228 424176 7052 0
1785409691040 431228 424176 7052 0
1785409691072 431228 424176 7052 0
1785409691101 431228 424176 7052 0
1785409691133 434788 427736 7052 0
1785409691166 440444 433392 7052 0
1785409691197 440444 433392 7052 0
1785409691229 440444 433392 7052 0
1785409691261 440444 433392 7052 0
1785409691294 440444 433392 7052 0
1785409691325 440444 433392 7052 0
1785409691356 440444 433392 7052 0
1785409691388 440444 433392 7052 0
1785409691420 440444 433392 7052 0
1785409691453 440444 433392 7052 0
1785409691485 440444 433392 7052 0
1785409691518 440444 433392 7052 0
1785409691551 440444 433392 7052 0
1785409691584 440444 433392 7052 0
1785409691615 440444 433392 7052 0
1785409691647 440444 433392 7052 0
1785409691681 440444 433392 7052 0
1785409691707 440444 433392 7052 0
1785409691741 440444 433392 7052 0
1785409691773 440444 433392 7052 0
1785409691805 440444 433392 7052 0
1785409691835 440444 433392 7052 0
1785409691868 440444 433392 7052 0
1785409691896 440444 433392 7052 0
1785409691928 440444 433392 7052 0
1785409691961 440444 433392 7052 0
1785409691994 440444 433392 7052 0
1785409692026 440444 433392 7052 0
1785409692057 440444 433392 7052 0
1785409692088 440444 433392 7052 0
1785409692121 440444 433392 7052 0
1785409692151 440444 433392 7052 0
1785409692184 440444 433392 7052 0
1785409692212 440444 433392 7052 0
1785409692246 440444 433392 7052 0
1785409692274 440444 433392 7052 0
1785409692302 440444 433392 7052 0
1785409692334 440444 433392 7052 0
1785409692366 440444 433392 7052 0
1785409692395 440444 433392 7052 0
1785409692428 440444 433392 7052 0
1785409692461 440444 433392 7052 0
1785409692494 440444 433392 7052 0
1785409692526 440444 433392 7052 0
1785409692558 440444 433392 7052 0
1785409692589 440444 433392 7052 0
1785409692619 440444 433392 7052 0
1785409692652 440444 433392 7052 0
1785409692682 440444 433392 7052 0
1785409692713 440444 433392 7052 0
1785409692745 440444 433392 7052 0
1785409692773 440444 433392 7052 0
1785409692803 440444 433392 7052 0
1785409692834 440444 433392 7052 0
1785409692865 440444 433392 7052 0
1785409692898 440444 433392 7052 0
1785409692930 440444 433392 7052 0
1785409692958 440444 433392 7052 0
1785409692989 440444 433392 7052 0
1785409693021 440444 433392 7052 0
1785409693047 440444 433392 7052 0
1785409693079 440444 433392 7052 0
1785409693112 440444 433392 7052 0
1785409693142 440444 433392 7052 0
1785409693174 440444 433392 7052 0
1785409693206 440444 433392 7052 0
1785409693232 440444 433392 7052 0
1785409693266 440444 433392 7052 0
1785409693292 440444 433392 7052 0
1785409693325 440444 433392 7052 0
1785409693358 440444 433392 7052 0
1785409693391 440444 433392 7052 0
1785409693420 440444 433392 7052 0
1785409693451 440444 433392 7052 0
1785409693482 440444 433392 7052 0
1785409693513 440444 433392 7052 0
1785409693545 440444 433392 7052 0
1785409693574 440444 433392 7052 0
1785409693606 440444 433392 7052 0
1785409693637 440444 433392 7052 0
1785409693670 440444 433392 7052 0
1785409693699 440444 433392 7052 0
1785409693732 440444 433392 7052 0
1785409693762 440444 433392 7052 0
1785409693794 440444 433392 7052 0
1785409693827 440444 433392 7052 0
1785409693859 440444 433392 7052 0
1785409693892 440444 433392 7052 0
1785409693924 440444 433392 7052 0
1785409693956 440444 433392 7052 0
1785409693984 440444 433392 7052 0
1785409694014 440444 433392 7052 0
1785409694046 440444 433392 7052 0
1785409694076 440444 433392 7052 0
1785409694102 440444 433392 7052 0
1785409694133 440444 433392 7052 0
1785409694162 440444 433392 7052 0
1785409694189 440444 433392 7052 0
1785409694221 440444 433392 7052 0
1785409694253 440444 433392 7052 0
1785409694284 440444 433392 7052 0
1785409694316 440444 433392 7052 0
1785409694349 440444 433392 7052 0
1785409694379 440444 433392 7052 0
1785409694411 440444 433392 7052 0
1785409694443 440444 433392 7052 0
1785409694469 440444 433392 7052 0
1785409694499 440444 433392 7052 0
1785409694529 440444 433392 7052 0
1785409694560 440444 433392 7052 0
1785409694589 440444 433392 7052 0
1785409694622 440444 433392 7052 0
1785409694648 440444 433392 7052 0
1785409694678 440444 433392 7052 0
1785409694704 440444 433392 7052 0
1785409694735 440444 433392 7052 0
1785409694765 440444 433392 7052 0
1785409694798 440444 433392 7052 0
1785409694831 440444 433392 7052 0
1785409694859 440444 433392 7052 0
1785409694890 440444 433392 7052 0
1785409694921 440444 433392 7052 0
1785409694953 440444 433392 7052 0
1785409694980 440444 433392 7052 0
1785409695011 440444 433392 7052 0
1785409695042 440444 433392 7052 0
1785409695074 440444 433392 7052 0
1785409695104 440444 433392 7052 0
1785409695135 440444 433392 7052 0
1785409695160 440444 433392 7052 0
1785409695192 440444 433392 7052 0
1785409695224 440444 433392 7052 0
1785409695257 440444 433392 7052 0
1785409695288 440444 433392 7052 0
1785409695319 440444 433392 7052 0
1785409695344 440444 433392 7052 0
1785409695376 440444 433392 7052 0
1785409695408 440444 433392 7052 0
1785409695439 440444 433392 7052 0
1785409695472 440444 433392 7052 0
1785409695502 440444 433392 7052 0
1785409695534 440444 433392 7052 0
1785409695567 440444 433392 7052 0
1785409695601 440444 433392 7052 0
1785409695630 440444 433392 7052 0
1785409695662 440444 433392 7052 0
1785409695688 440444 433392 7052 0
1785409695721 440444 433392 7052 0
1785409695747 440444 433392 7052 0
1785409695777 440444 433392 7052 0
1785409695809 440444 433392 7052 0
1785409695839 440444 433392 7052 0
1785409695873 440444 433392 7052 0
1785409695905 440444 433392 7052 0
1785409695936 440444 433392 7052 0
1785409695968 440444 433392 7052 0
1785409695998 440444 433392 7052 0
1785409696030 440444 433392 7052 0
1785409696061 440444 433392 7052 0
1785409696092 440444 433392 7052 0
1785409696120 440444 433392 7052 0
1785409696147 440444 433392 7052 0
1785409696177 440444 433392 7052 0
1785409696211 440444 433392 7052 0
1785409696243 440444 433392 7052 0
1785409696273 440444 433392 7052 0
1785409696303 440444 433392 7052 0
1785409696328 440444 433392 7052 0
1785409696352 440444 433392 7052 0
1785409696384 440444 433392 7052 0
1785409696416 440444 433392 7052 0
1785409696443 440444 433392 7052 0
1785409696473 440444 433392 7052 0
1785409696505 440444 433392 7052 0
1785409696539 440444 433392 7052 0
1785409696570 440444 433392 7052 0
1785409696603 440444 433392 7052 0
1785409696635 440444 433392 7052 0
1785409696667 440444 433392 7052 0
1785409696699 440444 433392 7052 0
1785409696732 440444 433392 7052 0
1785409696764 440444 433392 7052 0
1785409696795 440444 433392 7052 0
1785409696827 440444 433392 7052 0
1785409696858 440444 433392 7052 0
1785409696890 440444 433392 7052 0
1785409696922 440444 433392 7052 0
1785409696954 440444 433392 7052 0
1785409696988 440444 433392 7052 0
1785409697019 440444 433392 7052 0
1785409697050 440444 433392 7052 0
1785409697076 440444 433392 7052 0
1785409697106 440444 433392 7052 0
1785409697139 440444 433392 7052 0
1785409697171 440444 433392 7052 0
1785409697204 440444 433392 7052 0
1785409697230 440444 433392 7052 0
1785409697263 440444 433392 7052 0
1785409697296 440444 433392 7052 0
1785409697323 440444 433392 7052 0
1785409697354 440444 433392 7052 0
1785409697384 440444 433392 7052 0
1785409697417 440444 433392 7052 0
1785409697448 440444 433392 7052 0
1785409697480 440444 433392 7052 0
1785409697510 440444 433392 7052 0
1785409697542 440444 433392 7052 0
1785409697574 440444 433392 7052 0
1785409697604 440444 433392 7052 0
1785409697632 440444 433392 7052 0
1785409697665 440444 433392 7052 0
1785409697697 440444 433392 7052 0
1785409697729 440444 433392 7052 0
1785409697760 440444 433392 7052 0
1785409697794 440444 433392 7052 0
1785409697824 440444 433392 7052 0
1785409697852 440444 433392 7052 0
1785409697884 440444 433392 7052 0
1785409697914 440444 433392 7052 0
1785409697946 440444 433392 7052 0
1785409697973 440444 433392 7052 0
1785409698001 440444 433392 7052 0
1785409698027 440444 433392 7052 0
1785409698059 440444 433392 7052 0
1785409698091 440444 433392 7052 0
1785409698118 440444 433392 7052 0
1785409698145 440444 433392 7052 0
1785409698178 440444 433392 7052 0
1785409698210 440444 433392 7052 0
1785409698239 440444 433392 7052 0
1785409698273 440444 433392 7052 0
1785409698306 440444 433392 7052 0
1785409698335 440444 433392 7052 0
1785409698368 440444 433392 7052 0
1785409698399 440444 433392 7052 0
1785409698432 440444 433392 7052 0
1785409698464 440444 433392 7052 0
1785409698495 440444 433392 7052 0
1785409698526 440444 433392 7052 0
1785409698557 440444 433392 7052 0
1785409698589 440444 433392 7052 0
1785409698621 440444 433392 7052 0
1785409698654 440444 433392 7052 0
1785409698688 440444 433392 7052 0
1785409698718 440444 433392 7052 0
1785409698751 440444 433392 7052 0
1785409698780 440444 433392 7052 0
1785409698811 440444 433392 7052 0
1785409698839 440444 433392 7052 0
1785409698872 440444 433392 7052 0
1785409698905 440444 433392 7052 0
1785409698936 440444 433392 7052 0
1785409698969 440444 433392 7052 0
1785409699003 440444 433392 7052 0
1785409699036 440444 433392 7052 0
1785409699066 440444 433392 7052 0
1785409699098 440444 433392 7052 0
1785409699130 440444 433392 7052 0
1785409699156 440444 433392 7052 0
1785409699181 440444 433392 7052 0
1785409699213 440444 433392 7052 0
1785409699247 440444 433392 7052 0
1785409699278 440444 433392 7052 0
1785409699306 440444 433392 7052 0
1785409699339 440444 433392 7052 0
1785409699371 440444 433392 7052 0
1785409699403 440444 433392 7052 0
1785409699436 440444 433392 7052 0
1785409699470 440444 433392 7052 0
1785409699501 440444 433392 7052 0
1785409699533 440444 433392 7052 0
1785409699565 440444 433392 7052 0
1785409699598 440444 433392 7052 0
1785409699628 440444 433392 7052 0
1785409699660 440444 433392 7052 0
1785409699688 440444 433392 7052 0
1785409699718 440444 433392 7052 0
1785409699751 440444 433392 7052 0
1785409699784 440444 433392 7052 0
1785409699810 440444 433392 7052 0
1785409699844 440444 433392 7052 0
1785409699870 440444 433392 7052 0
1785409699902 440444 433392 7052 0
1785409699934 440444 433392 7052 0
1785409699966 440444 433392 7052 0
1785409699999 440444 433392 7052 0
1785409700030 440444 433392 7052 0
1785409700056 440444 433392 7052 0
1785409700089 440444 433392 7052 0
1785409700122 440444 433392 7052 0
1785409700156 440444 433392 7052 0
1785409700189 440444 433392 7052 0
1785409700218 440444 433392 7052 0
1785409700251 440444 433392 7052 0
1785409700283 440444 433392 7052 0
1785409700314 440444 433392 7052 0
1785409700343 440444 433392 7052 0
1785409700376 440444 433392 7052 0
1785409700406 440444 433392 7052 0
1785409700431 440444 433392 7052 0
1785409700463 440444 433392 7052 0
1785409700496 440444 433392 7052 0
1785409700530 440444 433392 7052 0
1785409700562 440444 433392 7052 0
1785409700594 440444 433392 7052 0
1785409700627 440444 433392 7052 0
1785409700654 440444 433392 7052 0
1785409700687 440444 433392 7052 0
1785409700719 440444 433392 7052 0
1785409700751 440444 433392 7052 0
1785409700781 440444 433392 7052 0
1785409700812 440444 433392 7052 0
1785409700843 440444 433392 7052 0
1785409700870 440444 433392 7052 0
1785409700903 440444 433392 7052 0
1785409700934 440444 433392 7052 0
1785409700968 440444 433392 7052 0
1785409701000 440444 433392 7052 0
1785409701033 440444 433392 7052 0
1785409701063 440444 433392 7052 0
1785409701092 440444 433392 7052 0
1785409701123 440444 433392 7052 0
1785409701149 440444 433392 7052 0
1785409701181 440444 433392 7052 0
1785409701214 440444 433392 7052 0
1785409701247 440444 433392 7052 0
1785409701280 440444 433392 7052 0
1785409701312 440444 433392 7052 0
1785409701343 440444 433392 7052 0
1785409701373 440444 433392 7052 0
1785409701407 440444 433392 7052 0
1785409701436 440444 433392 7052 0
1785409701468 440444 433392 7052 0
1785409701501 440444 433392 7052 0
1785409701533 440444 433392 7052 0
1785409701563 440444 433392 7052 0
1785409701595 440444 433392 7052 0
1785409701626 440444 433392 7052 0
1785409701656 440444 433392 7052 0
1785409701684 440444 433392 7052 0
1785409701716 440444 433392 7052 0
1785409701747 440444 433392 7052 0
1785409701776 440444 433392 7052 0
1785409701810 440444 433392 7052 0
1785409701843 440444 433392 7052 0
1785409701874 440444 433392 7052 0
1785409701904 440444 433392 7052 0
1785409701936 440444 433392 7052 0
1785409701968 440444 433392 7052 0
1785409701998 440444 433392 7052 0
1785409702031 440444 433392 7052 0
1785409702063 440444 433392 7052 0
1785409702093 440444 433392 7052 0
1785409702126 440444 433392 7052 0
1785409702157 440444 433392 7052 0
1785409702189 440444 433392 7052 0
1785409702221 440444 433392 7052 0
1785409702252 440444 433392 7052 0
1785409702283 440444 433392 7052 0
1785409702316 440444 433392 7052 0
1785409702348 440444 433392 7052 0
1785409702379 440444 433392 7052 0
1785409702412 440444 433392 7052 0
1785409702445 440444 433392 7052 0
1785409702478 440444 433392 7052 0
1785409702509 440444 433392 7052 0
1785409702539 440444 433392 7052 0
1785409702572 440444 433392 7052 0
1785409702604 440444 433392 7052 0
1785409702631 440444 433392 7052 0
1785409702663 440444 433392 7052 0
1785409702694 440444 433392 7052 0
1785409702728 440444 433392 7052 0
1785409702760 440444 433392 7052 0
1785409702793 440444 433392 7052 0
1785409702826 440444 433392 7052 0
1785409702857 440444 433392 7052 0
1785409702892 440444 433392 7052 0
1785409702924 440444 433392 7052 0
1785409702957 440444 433392 7052 0
1785409702989 440444 433392 7052 0
1785409703022 440444 433392 7052 0
1785409703054 440444 433392 7052 0
1785409703083 440444 433392 7052 0
1785409703115 440444 433392 7052 0
1785409703148 440444 433392 7052 0
1785409703180 440444 433392 7052 0
1785409703208 440444 433392 7052 0
1785409703240 440444 433392 7052 0
1785409703273 440444 433392 7052 0
1785409703304 440444 433392 7052 0
1785409703336 440444 433392 7052 0
1785409703368 440444 433392 7052 0
1785409703398 440444 433392 7052 0
1785409703431 440444 433392 7052 0
1785409703464 440444 433392 7052 0
1785409703497 440444 433392 7052 0
1785409703524 440444 433392 7052 0
1785409703557 440444 433392 7052 0
1785409703587 440444 433392 7052 0
1785409703619 440444 433392 7052 0
1785409703647 440444 433392 7052 0
1785409703679 440444 433392 7052 0
1785409703709 440444 433392 7052 0
1785409703742 440444 433392 7052 0
1785409703774 440444 433392 7052 0
1785409703804 440444 433392 7052 0
1785409703837 440444 433392 7052 0
1785409703869 440444 433392 7052 0
1785409703902 440444 433392 7052 0
1785409703932 440444 433392 7052 0
1785409703962 440444 433392 7052 0
1785409703994 440444 433392 7052 0
1785409704024 440444 433392 7052 0
1785409704056 440444 433392 7052 0
1785409704089 440444 433392 7052 0
1785409704122 440444 433392 7052 0
1785409704154 440444 433392 7052 0
1785409704180 440444 433392 7052 0
1785409704213 440444 433392 7052 0
1785409704246 440444 433392 7052 0
1785409704278 440444 433392 7052 0
1785409704306 440444 433392 7052 0
1785409704339 440444 433392 7052 0
1785409704369 440444 433392 7052 0
1785409704402 440444 433392 7052 0
1785409704435 440444 433392 7052 0
1785409704467 440444 433392 7052 0
1785409704501 440444 433392 7052 0
1785409704527 440444 433392 7052 0
1785409704557 440444 433392 7052 0
1785409704587 440444 433392 7052 0
1785409704620 440444 433392 7052 0
1785409704649 440444 433392 7052 0
1785409704681 440444 433392 7052 0
1785409704714 440444 433392 7052 0
1785409704746 440444 433392 7052 0
1785409704778 440444 433392 7052 0
1785409704805 440444 433392 7052 0
1785409704838 440444 433392 7052 0
1785409704864 440444 433392 7052 0
1785409704900 440444 433392 7052 0
1785409704933 440444 433392 7052 0
1785409704967 440444 433392 7052 0
1785409705001 440444 433392 7052 0
1785409705034 440444 433392 7052 0
1785409705067 440444 433392 7052 0
1785409705094 440444 433392 7052 0
1785409705127 440444 433392 7052 0
1785409705159 440444 433392 7052 0
1785409705194 440444 433392 7052 0
1785409705226 440444 433392 7052 0
1785409705258 440444 433392 7052 0
1785409705286 440444 433392 7052 0
1785409705319 440444 433392 7052 0
1785409705351 440444 433392 7052 0
1785409705383 440444 433392 7052 0
1785409705415 440444 433392 7052 0
1785409705449 440444 433392 7052 0
1785409705481 440444 433392 7052 0
1785409705511 440444 433392 7052 0
1785409705538 440444 433392 7052 0
1785409705567 440444 433392 7052 0
1785409705598 440444 433392 7052 0
1785409705626 440444 433392 7052 0
1785409705657 440444 433392 7052 0
1785409705689 440444 433392 7052 0
1785409705721 440444 433392 7052 0
1785409705751 440444 433392 7052 0
1785409705784 440444 433392 7052 0
1785409705815 440444 433392 7052 0
1785409705844 440444 433392 7052 0
1785409705873 440444 433392 7052 0
1785409705900 440444 433392 7052 0
1785409705931 440444 433392 7052 0
1785409705959 440444 433392 7052 0
1785409705985 440444 433392 7052 0
1785409706015 440444 433392 7052 0
1785409706049 440444 433392 7052 0
1785409706078 440444 433392 7052 0
1785409706105 440444 433392 7052 0
1785409706137 440444 433392 7052 0
1785409706168 440444 433392 7052 0
1785409706200 440444 433392 7052 0
1785409706231 440444 433392 7052 0
1785409706265 440444 433392 7052 0
1785409706299 440444 433392 7052 0
1785409706332 440444 433392 7052 0
1785409706363 440444 433392 7052 0
1785409706393 440444 433392 7052 0
1785409706423 440444 433392 7052 0
1785409706455 440444 433392 7052 0
1785409706488 440444 433392 7052 0
1785409706513 440444 433392 7052 0
1785409706547 440444 433392 7052 0
1785409706580 440444 433392 7052 0
1785409706610 440444 433392 7052 0
1785409706642 440444 433392 7052 0
1785409706671 440444 433392 7052 0
1785409706704 440444 433392 7052 0
1785409706737 440444 433392 7052 0
1785409706771 440444 433392 7052 0
1785409706803 440444 433392 7052 0
1785409706834 440444 433392 7052 0
1785409706866 440444 433392 7052 0
1785409706899 440444 433392 7052 0
1785409706933 440444 433392 7052 0
1785409706966 440444 433392 7052 0
1785409707000 440444 433392 7052 0
1785409707034 440444 433392 7052 0
1785409707066 440444 433392 7052 0
1785409707095 440444 433392 7052 0
1785409707128 440444 433392 7052 0
1785409707159 440444 433392 7052 0
1785409707190 440444 433392 7052 0
1785409707223 440444 433392 7052 0
1785409707255 440444 433392 7052 0
1785409707282 440444 433392 7052 0
1785409707314 440444 433392 7052 0
1785409707346 440444 433392 7052 0
1785409707379 440444 433392 7052 0
1785409707412 440444 433392 7052 0
1785409707441 440444 433392 7052 0
1785409707474 440444 433392 7052 0
1785409707505 440444 433392 7052 0
