1787403311650 53
1787403311744 48
1787403311835 45
1787403311918 45
1787403312002 49
1787403312099 50
1787403312197 47
1787403312294 54
1787403312396 54
1787403312501 50
1787403312601 55
1787403312707 55
1787403312810 57
1787403312919 56
1787403313022 56
1787403313129 58
1787403313239 57
1787403313346 56
1787403313456 58
1787403313567 60
1787403313681 59
1787403313795 58
1787403313910 60
1787403314023 60
1787403314137 61
1787403314246 60
1787403314365 61
1787403314477 62
1787403314590 62
1787403314708 62
1787403314824 62
1787403314940 61
1787403315059 66
1787403315183 66
1787403315307 66
1787403315432 61
1787403315552 67
1787403315673 68
1787403315801 68
1787403315929 69
1787403316053 67
1787403316180 69
1787403316306 69
1787403316437 69
1787403316566 71
1787403316697 69
1787403316828 70
1787403316956 70
1787403317090 72
1787403317222 72
1787403317357 72
1787403317487 71
1787403317619 72
1787403317743 72
1787403317878 74
1787403318013 74
1787403318128 71
1787403318262 38
1787403318339 73
1787403318474 75
1787403318627 39
1787403318729 39
1787403318810 74
1787403318925 38
1787403319036 77
1787403319154 37
1787403319239 67
1787403319370 34
1787403319439 34
1787403319535 65
1787403319677 36
1787403319777 67
1787403319931 35
1787403320042 68
1787403320173 34
1787403320298 62
1787403320437 35
1787403320531 64
1787403320686 32
1787403320795 65
1787403320924 33
1787403321021 62
1787403321131 32
1787403321198 64
1787403321352 33
1787403321461 66
1787403321588 34
1787403321714 64
1787403321853 34
1787403321951 65
1787403322107 33
1787403322189 34
1787403322259 65
1787403322368 38
1787403322495 65
1787403322639 35
1787403322737 67
1787403322893 33
1787403323004 64
1787403323132 34
1787403323254 66
1787403323397 34
1787403323495 64
1787403323645 33
1787403323753 68
1787403323885 33
1787403324010 66
1787403324155 35
1787403324267 67
1787403324396 34
1787403324508 69
1787403324641 34
1787403324766 66
1787403324893 34
1787403325004 83
1787403325167 39
1787403325285 78
1787403325438 39
1787403325576 82
1787403325736 40
1787403325850 80
1787403326009 39
1787403326114 82
1787403326271 39
1787403326390 79
1787403326548 40
1787403326649 80
1787403326809 40
1787403326927 81
1787403327078 40
1787403327213 82
1787403327369 40
1787403327483 81
1787403327644 40
1787403327744 40
1787403327827 80
1787403327946 39
1787403328024 39
1787403328107 80
1787403328261 40
1787403328396 84
1787403328558 40
1787403328679 82
1787403328840 40
1787403328935 84
1787403329097 40
1787403329216 83
1787403329373 40
1787403329514 84
1787403329674 40
1787403329788 82
1787403329910 40
1787403329992 39
1787403330093 83
1787403330255 42
1787403330372 83
1787403330534 40
1787403330640 85
1787403330800 41
1787403330921 83
1787403331078 40
1787403331219 86
1787403331383 40
1787403331498 85
1787403331657 40
1787403331764 40
1787403331884 85
1787403332044 40
1787403332163 41
1787403332283 84
1787403332433 40
1787403332552 40
1787403332672 85
1787403332837 41
1787403332921 40
1787403333005 40
1787403333100 86
1787403333265 40
1787403333385 36
1787403333502 85
1787403333666 40
1787403333771 40
1787403333887 86
1787403334075 41
1787403334190 40
1787403334301 84
1787403334450 42
1787403334566 40
1787403334687 86
1787403334850 41
1787403334966 40
1787403335073 87
1787403335200 40
1787403335284 39
1787403335399 87
1787403335567 40
1787403335686 41
1787403335793 87
1787403335961 41
1787403336082 41
1787403336197 86
1787403336363 41
1787403336503 41
1787403336588 41
1787403336672 87
1787403336802 40
1787403336918 40
1787403337034 87
1787403337223 42
1787403337341 39
1787403337425 40
1787403337505 88
1787403337636 40
1787403337757 41
1787403337899 84
1787403338027 39
1787403338111 40
1787403338196 40
1787403338317 87
1787403338480 41
1787403338617 41
1787403338735 89
1787403338891 39
1787403338997 35
1787403339097 76
1787403339264 34
1787403339349 35
1787403339419 33
1787403339486 33
1787403339555 76
1787403339697 34
1787403339796 35
1787403339894 34
1787403339963 72
1787403340099 35
1787403340213 34
1787403340316 77
1787403340454 35
1787403340578 44
1787403340705 90
1787403340875 41
1787403340984 42
1787403341102 91
1787403341275 40
1787403341397 40
1787403341509 91
1787403341679 41
1787403341784 38
1787403341903 93
1787403342067 41
1787403342189 40
1787403342311 91
1787403342479 41
1787403342585 41
1787403342671 42
1787403342756 93
1787403342929 42
1787403343046 41
1787403343168 91
1787403343337 41
1787403343437 41
1787403343556 91
1787403343720 40
1787403343800 40
1787403343885 40
1787403344003 93
1787403344177 41
1787403344284 40
1787403344407 94
1787403344582 41
1787403344704 42
1787403344827 93
1787403345001 41
1787403345110 43
1787403345229 94
1787403345405 41
1787403345526 42
1787403345640 40
1787403345762 93
1787403345937 41
1787403346045 41
1787403346164 41
1787403346282 93
1787403346451 41
1787403346574 40
1787403346696 38
1787403346812 95
1787403346969 42
1787403347092 41
1787403347215 42
1787403347338 96
1787403347512 41
1787403347626 42
1787403347749 42
1787403347855 95
1787403348027 41
1787403348140 41
1787403348264 42
1787403348383 95
1787403348560 41
1787403348678 42
1787403348787 41
1787403348906 97
1787403349079 41
1787403349202 42
1787403349325 41
1787403349448 96
1787403349628 42
1787403349738 42
1787403349862 42
1787403349987 97
1787403350161 42
1787403350276 42
1787403350400 42
1787403350519 99
1787403350684 43
1787403350808 42
1787403350928 42
1787403351047 97
1787403351226 39
1787403351346 42
1787403351470 42
1787403351580 100
1787403351723 41
1787403351809 41
1787403351895 41
1787403351981 42
1787403352067 42
1787403352149 42
1787403352230 96
1787403352367 41
1787403352452 42
1787403352571 41
1787403352676 44
1787403352801 100
1787403352984 41
1787403353109 42
1787403353228 38
1787403353343 98
1787403353513 42
1787403353631 42
1787403353742 42
1787403353866 99
1787403354049 43
1787403354136 41
1787403354222 41
1787403354309 41
1787403354433 98
1787403354613 42
1787403354723 37
1787403354829 38
1787403354950 101
1787403355133 42
1787403355252 42
1787403355377 42
1787403355501 100
1787403355646 42
1787403355771 38
1787403355878 43
1787403355965 41
1787403356052 101
1787403356236 42
1787403356361 42
1787403356481 42
1787403356569 41
1787403356651 101
1787403356796 41
1787403356915 42
1787403357059 44
1787403357185 102
1787403357332 41
1787403357456 42
1787403357577 42
1787403357697 103
1787403357877 42
1787403357998 42
1787403358109 43
1787403358235 101
1787403358420 41
1787403358540 42
1787403358660 42
1787403358781 101
1787403358955 43
1787403359076 42
1787403359189 42
1787403359305 42
1787403359426 102
1787403359605 43
1787403359731 42
1787403359851 43
1787403359972 42
1787403360093 102
1787403360279 40
1787403360380 42
1787403360501 41
1787403360626 42
1787403360746 106
1787403360935 43
1787403361023 41
1787403361110 42
1787403361197 42
1787403361323 43
1787403361451 105
1787403361624 38
1787403361746 43
1787403361872 43
1787403361960 42
1787403362046 42
1787403362134 104
1787403362321 42
1787403362437 43
1787403362563 42
1787403362688 42
1787403362799 105
1787403362983 42
1787403363103 42
1787403363219 42
1787403363340 43
1787403363461 104
1787403363643 43
1787403363764 43
1787403363891 42
1787403364002 43
1787403364124 107
1787403364305 42
1787403364426 43
1787403364552 43
1787403364640 42
1787403364723 41
1787403364811 106
1787403365002 43
1787403365128 42
1787403365240 43
1787403365367 43
1787403365495 109
1787403365649 43
1787403365770 43
1787403365887 42
1787403365975 42
1787403366062 38
1787403366183 108
1787403366374 42
1787403366480 43
1787403366568 38
1787403366648 42
1787403366768 42
1787403366889 108
1787403367042 42
1787403367129 41
1787403367217 42
1787403367337 43
1787403367464 43
1787403367586 107
1787403367778 42
1787403367885 42
1787403368007 43
1787403368135 42
1787403368251 109
1787403368445 43
1787403368534 43
1787403368622 42
1787403368710 42
1787403368837 42
1787403368953 109
1787403369142 43
1787403369251 43
1787403369374 43
1787403369491 43
1787403369614 100
1787403369778 38
1787403369884 35
1787403369955 35
1787403370029 37
1787403370104 36
1787403370178 37
1787403370310 94
1787403370468 36
1787403370584 36
1787403370687 36
1787403370818 36
1787403370890 34
1787403370962 92
1787403371121 35
1787403371224 36
1787403371355 36
1787403371458 34
1787403371559 91
1787403371718 37
1787403371835 37
1787403371963 35
1787403372063 35
1787403372164 95
1787403372336 42
1787403372447 37
1787403372523 37
1787403372598 36
1787403372671 35
1787403372745 36
1787403372881 36
1787403372981 94
1787403373157 36
1787403373261 35
1787403373364 35
1787403373494 36
1787403373597 35
1787403373700 95
1787403373860 36
1787403373933 36
1787403374007 36
1787403374079 35
1787403374179 36
1787403374283 35
1787403374385 35
1787403374503 95
1787403374666 35
1787403374766 35
1787403374838 35
1787403374908 35
1787403374980 34
1787403375083 35
1787403375185 35
1787403375288 116
1787403375489 43
1787403375612 43
1787403375696 39
1787403375775 43
1787403375899 42
1787403376000 38
1787403376105 96
1787403376295 38
1787403376402 37
1787403376506 37
1787403376612 37
1787403376737 37
1787403376837 100
1787403376975 36
1787403377051 35
1787403377183 36
1787403377287 36
1787403377406 45
1787403377534 116
1787403377697 43
1787403377786 43
1787403377875 43
1787403378004 43
1787403378132 43
1787403378222 44
1787403378346 115
1787403378538 43
1787403378662 43
1787403378787 43
1787403378897 44
1787403379027 44
1787403379152 116
1787403379350 43
1787403379479 43
1787403379567 43
1787403379657 42
1787403379746 42
1787403379869 39
1787403379955 41
1787403380042 117
1787403380205 43
1787403380329 40
1787403380450 44
1787403380565 45
1787403380690 43
1787403380811 117
1787403381013 44
1787403381138 39
1787403381223 43
1787403381312 43
1787403381402 44
1787403381531 45
1787403381656 115
1787403381812 39
1787403381893 42
1787403382017 44
1787403382103 43
1787403382216 43
1787403382306 44
1787403382396 43
1787403382526 119
1787403382726 44
1787403382856 42
1787403382945 43
1787403383031 43
1787403383120 43
1787403383249 44
1787403383374 118
1787403383574 44
1787403383659 44
1787403383749 43
1787403383866 44
1787403383956 44
1787403384086 43
1787403384206 120
1787403384400 44
1787403384525 43
1787403384650 44
1787403384779 44
1787403384870 46
1787403385001 117
1787403385163 43
1787403385247 43
1787403385376 45
1787403385493 43
1787403385578 44
1787403385669 44
1787403385759 43
1787403385884 121
1787403386080 43
1787403386205 43
1787403386330 44
1787403386455 43
1787403386584 44
1787403386670 44
1787403386759 44
1787403386850 119
1787403387055 44
1787403387158 44
1787403387284 44
1787403387404 44
1787403387523 43
1787403387653 43
1787403387777 123
1787403387987 44
1787403388077 43
1787403388202 45
1787403388333 44
1787403388459 45
1787403388592 44
1787403388682 115
1787403388870 44
1787403388996 39
1787403389117 44
1787403389242 45
1787403389368 43
1787403389487 43
1787403389579 43
1787403389668 124
1787403389839 44
1787403389969 44
1787403390096 44
1787403390187 44
1787403390279 44
1787403390365 43
1787403390489 43
1787403390601 125
1787403390807 44
1787403390937 43
1787403391068 44
1787403391188 44
1787403391315 44
1787403391406 44
1787403391496 43
1787403391587 122
1787403391791 45
1787403391922 44
1787403392014 44
1787403392145 45
1787403392271 44
1787403392382 45
1787403392508 122
1787403392711 44
1787403392843 40
1787403392971 44
1787403393096 45
1787403393189 44
1787403393315 44
1787403393440 126
1787403393643 44
1787403393774 45
1787403393901 42
1787403393989 44
1787403394120 44
1787403394237 44
1787403394329 44
1787403394421 126
1787403394634 44
1787403394755 44
1787403394882 45
1787403395009 44
1787403395101 45
1787403395227 44
1787403395358 127
1787403395568 44
1787403395688 45
1787403395810 44
1787403395902 39
1787403395988 44
1787403396079 44
1787403396196 44
1787403396323 126
1787403396532 45
1787403396664 44
1787403396756 44
1787403396887 44
1787403397019 45
1787403397112 43
1787403397203 45
1787403397294 126
1787403397508 45
1787403397634 44
1787403397726 44
1787403397848 45
1787403397980 45
1787403398096 46
1787403398224 126
1787403398432 45
1787403398564 45
1787403398657 45
1787403398748 44
1787403398835 45
1787403398963 45
1787403399096 44
1787403399183 44
1787403399275 128
1787403399451 43
1787403399572 42
1787403399696 46
1787403399818 43
1787403399950 49
1787403400058 38
1787403400167 38
1787403400273 112
1787403400424 37
1787403400498 38
1787403400635 38
1787403400744 38
1787403400821 37
1787403400895 36
1787403401000 37
1787403401108 38
1787403401214 113
1787403401398 38
1787403401474 36
1787403401550 36
1787403401685 38
1787403401792 38
1787403401901 37
1787403402023 40
1787403402136 38
1787403402242 112
1787403402424 38
1787403402530 38
1787403402617 49
1787403402706 37
1787403402815 38
1787403402920 35
1787403403052 37
1787403403157 35
1787403403257 109
1787403403433 36
1787403403507 36
1787403403609 37
1787403403725 43
1787403403807 37
1787403403882 37
1787403403972 37
1787403404076 37
1787403404207 36
1787403404311 110
1787403404487 37
1787403404620 36
1787403404723 36
1787403404829 35
1787403404931 36
1787403405035 36
1787403405107 37
1787403405209 35
1787403405314 113
1787403405493 37
1787403405599 36
1787403405735 37
1787403405827 37
1787403405934 35
1787403406063 36
1787403406167 37
1787403406272 114
1787403406453 36
1787403406526 35
1787403406600 35
1787403406672 35
1787403406744 36
1787403406816 36
1787403406890 36
1787403406965 35
1787403407039 35
1787403407172 34
1787403407276 35
1787403407378 114
1787403407562 36
1787403407692 36
1787403407798 37
1787403407919 37
1787403408023 37
1787403408127 37
1787403408272 43
1787403408354 116
1787403408538 38
1787403408611 38
1787403408717 38
1787403408822 36
1787403408926 37
1787403409033 37
1787403409106 37
1787403409181 36
1787403409314 36
1787403409419 113
1787403409603 36
1787403409707 37
1787403409814 36
1787403409934 37
1787403410038 36
1787403410170 37
1787403410275 37
1787403410379 115
1787403410592 37
1787403410695 37
1787403410802 37
1787403410906 34
1787403411008 37
1787403411084 35
1787403411158 36
1787403411289 38
1787403411391 116
1787403411605 36
1787403411709 37
1787403411813 49
1787403411941 47
1787403412077 45
1787403412170 45
1787403412264 46
1787403412358 45
1787403412492 139
1787403412679 45
1787403412814 46
1787403412943 45
1787403413072 46
1787403413167 48
1787403413263 46
1787403413356 46
1787403413491 46
1787403413585 46
1787403413715 141
1787403413934 47
1787403414071 46
1787403414193 47
1787403414319 45
1787403414413 44
1787403414506 45
1787403414599 44
1787403414722 45
1787403414857 45
1787403414950 138
1787403415172 46
1787403415302 45
1787403415432 46
1787403415526 46
1787403415661 46
1787403415796 46
1787403415890 45
1787403415983 45
1787403416077 45
1787403416207 139
1787403416395 46
1787403416518 46
1787403416612 45
1787403416705 44
1787403416829 46
1787403416959 45
1787403417052 46
1787403417141 45
1787403417234 45
1787403417369 46
1787403417464 140
1787403417646 45
1787403417735 45
1787403417823 45
1787403417916 45
1787403418008 45
1787403418101 45
1787403418195 46
1787403418332 45
1787403418427 46
1787403418556 46
1787403418651 47
1787403418741 143
1787403418968 47
1787403419090 47
1787403419185 46
1787403419280 45
1787403419373 45
1787403419502 46
1787403419627 46
1787403419752 45
1787403419845 46
1787403419977 144
1787403420205 46
1787403420337 45
1787403420430 46
1787403420524 41
1787403420615 46
1787403420748 48
1787403420844 41
1787403420964 47
1787403421100 45
1787403421236 135
1787403421442 46
1787403421536 45
1787403421630 45
1787403421725 40
1787403421851 46
1787403421945 45
1787403422081 46
1787403422211 46
1787403422348 46
1787403422442 143
1787403422634 46
1787403422729 46
1787403422854 47
1787403422948 45
1787403423038 46
1787403423131 46
1787403423261 46
1787403423392 47
1787403423488 47
1787403423625 47
1787403423763 145
1787403423984 48
1787403424081 45
1787403424174 46
1787403424269 45
1787403424399 46
1787403424494 42
1787403424584 47
1787403424680 46
1787403424811 46
1787403424906 45
1787403425036 144
1787403425265 47
1787403425398 46
1787403425492 46
1787403425587 46
1787403425681 46
1787403425818 43
1787403425909 45
1787403426045 47
1787403426181 46
1787403426276 143
1787403426488 46
1787403426584 46
1787403426678 45
1787403426810 46
1787403426942 47
1787403427038 46
1787403427175 46
1787403427306 42
1787403427396 46
1787403427493 46
1787403427583 45
1787403427677 46
1787403427767 148
1787403427964 46
1787403428100 47
1787403428232 46
1787403428327 46
1787403428422 46
1787403428516 47
1787403428649 47
1787403428745 46
1787403428877 47
1787403429016 47
1787403429140 149
1787403429338 46
1787403429434 47
1787403429529 45
1787403429666 46
1787403429761 46
1787403429897 46
1787403430029 47
1787403430124 47
1787403430251 46
1787403430389 47
1787403430527 148
1787403430724 46
1787403430857 47
1787403430994 47
1787403431090 46
1787403431222 46
1787403431355 46
1787403431494 47
1787403431584 46
1787403431708 48
1787403431846 149
1787403432087 47
1787403432183 46
1787403432320 47
1787403432415 46
1787403432510 46
1787403432605 46
1787403432700 42
1787403432791 45
1787403432886 45
1787403433023 47
1787403433150 47
1787403433246 148
1787403433484 46
1787403433616 46
1787403433753 47
1787403433849 46
1787403433986 48
1787403434120 47
1787403434216 48
1787403434341 47
1787403434474 47
1787403434607 150
1787403434842 47
1787403434975 46
1787403435070 43
1787403435205 46
1787403435342 47
1787403435432 46
1787403435528 47
1787403435624 46
1787403435757 47
1787403435853 46
1787403435991 152
1787403436223 46
1787403436355 46
1787403436445 46
1787403436582 48
1787403436716 46
1787403436844 47
1787403436941 48
1787403437066 47
1787403437194 47
1787403437328 155
1787403437574 47
1787403437691 39
1787403437800 39
1787403437911 39
1787403437991 39
1787403438069 37
1787403438180 39
1787403438286 36
1787403438391 37
1787403438524 38
1787403438632 129
1787403438831 38
1787403438937 37
1787403439042 37
1787403439180 38
1787403439285 39
1787403439392 39
1787403439501 37
1787403439644 39
1787403439723 38
1787403439802 38
1787403439880 131
1787403440084 39
1787403440195 39
1787403440275 39
1787403440354 38
1787403440466 38
1787403440578 38
1787403440717 39
1787403440829 39
1787403440941 39
1787403441052 38
1787403441161 37
1787403441267 130
1787403441494 38
1787403441600 37
1787403441676 37
1787403441752 37
1787403441858 38
1787403441964 38
1787403442073 36
1787403442168 38
1787403442244 37
1787403442351 37
1787403442459 37
1787403442568 38
1787403442688 134
1787403442892 40
1787403443003 38
1787403443112 39
1787403443225 38
1787403443363 40
1787403443476 38
1787403443584 38
1787403443693 38
1787403443802 38
1787403443908 39
1787403443988 38
1787403444066 137
1787403444274 39
1787403444387 38
1787403444466 39
1787403444545 39
1787403444656 40
1787403444798 40
1787403444893 40
1787403445006 38
1787403445114 39
1787403445227 39
1787403445306 37
1787403445383 38
1787403445492 142
1787403445676 42
1787403445760 42
1787403445879 39
1787403445990 39
1787403446102 39
1787403446214 39
1787403446292 38
1787403446371 38
1787403446462 50
1787403446554 38
1787403446663 37
1787403446774 40
1787403446885 37
1787403446993 137
1787403447204 38
1787403447315 39
1787403447426 38
1787403447504 36
1787403447579 37
1787403447703 38
1787403447809 37
1787403447920 38
1787403448028 35
1787403448167 39
1787403448258 48
1787403448400 158
1787403448640 48
1787403448738 47
1787403448872 48
1787403448969 46
1787403449066 47
1787403449163 46
1787403449297 47
1787403449437 47
1787403449528 47
1787403449663 48
1787403449804 49
1787403449903 160
1787403450156 48
1787403450297 48
1787403450395 47
1787403450534 48
1787403450652 49
1787403450793 48
1787403450885 47
1787403450983 48
1787403451075 47
1787403451215 47
1787403451313 46
1787403451452 161
1787403451706 48
1787403451805 47
1787403451939 48
1787403452075 48
1787403452174 47
1787403452315 48
1787403452412 47
1787403452504 47
1787403452602 47
1787403452738 48
1787403452835 46
1787403452970 167
1787403453225 47
1787403453323 48
1787403453464 48
1787403453604 49
1787403453720 48
1787403453819 48
1787403453912 47
1787403454003 46
1787403454133 47
1787403454274 48
1787403454371 46
1787403454505 48
1787403454642 166
1787403454853 47
1787403454950 47
1787403455042 47
1787403455177 49
1787403455275 49
1787403455417 49
1787403455558 48
1787403455656 47
1787403455754 49
1787403455852 43
1787403455945 48
1787403456044 47
1787403456135 47
1787403456271 48
1787403456369 165
1787403456621 47
1787403456752 47
1787403456893 43
1787403457016 49
1787403457116 47
1787403457245 48
1787403457382 47
1787403457480 47
1787403457617 47
1787403457757 48
1787403457856 47
1787403457992 165
1787403458246 47
1787403458344 46
1787403458472 48
1787403458614 48
1787403458712 48
1787403458854 49
1787403458991 47
1787403459084 48
1787403459226 48
1787403459368 48
1787403459461 47
1787403459598 158
1787403459839 48
1787403459938 47
1787403460029 48
1787403460158 48
1787403460257 47
1787403460393 49
1787403460493 48
1787403460591 48
1787403460689 48
1787403460787 47
1787403460929 47
1787403461070 48
1787403461169 48
1787403461306 171
1787403461568 47
1787403461666 48
1787403461801 48
1787403461938 48
1787403462035 48
1787403462129 47
1787403462227 47
1787403462364 48
1787403462457 47
1787403462554 48
1787403462653 48
1787403462750 47
1787403462848 48
1787403462942 48
1787403463073 172
1787403463334 48
1787403463433 48
1787403463561 49
1787403463699 48
1787403463798 48
1787403463940 48
1787403464083 49
1787403464182 47
1787403464324 47
1787403464422 47
1787403464558 49
1787403464690 171
1787403464950 48
1787403465048 49
1787403465190 49
1787403465290 48
1787403465389 49
1787403465488 49
1787403465589 48
1787403465680 49
1787403465783 50
1787403466433 51
1787403466625 50
1787403468284 175
1787403476049 177
1787403478386 50
1787403478486 46
1787403478576 155
1787403478768 45
1787403478858 42
1787403478942 41
1787403479018 39
1787403479088 38
1787403479166 39
1787403479247 39
1787403479327 38
1787403480676 41
1787403482546 152
1787403484813 156
1787403485013 42
1787403485098 41
1787403485183 41
1787403485265 40
1787403485347 39
1787403485427 40
1787403485506 40
1787403485581 39
1787403485693 40
1787403485774 40
1787403485857 40
1787403485939 40
1787403486019 41
1787403486101 40
1787403486182 40
1787403486296 41
1787403486379 41
1787403486460 39
1787403486593 40
1787403486731 51
1787403486836 49
1787403486976 176
1787403487247 51
1787403487351 50
1787403487501 50
1787403487642 50
1787403487742 50
1787403487887 52
1787403488037 50
1787403488142 50
1787403488287 50
1787403488391 50
1787403488495 51
1787403488600 49
1787403488699 51
1787403488803 50
1787403488907 177
1787403489173 51
1787403489278 51
1787403489429 52
1787403489533 51
1787403489680 51
1787403489826 51
1787403489926 51
1787403490031 50
1787403490164 50
1787403490264 50
1787403490368 50
1787403490466 50
1787403490570 50
1787403490720 51
1787403490824 176
1787403491091 50
1787403491237 50
1787403491342 50
1787403491491 52
1787403491595 50
1787403491736 50
1787403491880 50
1787403491984 50
1787403492088 51
1787403492193 51
1787403492338 51
1787403492442 51
1787403492547 50
1787403492648 51
1787403492747 181
1787403493025 50
1787403493175 51
1787403493280 50
1787403493426 51
1787403493571 50
1787403493676 51
1787403493811 52
1787403493964 50
1787403494067 51
1787403494208 51
1787403494354 50
1787403494499 51
1787403494605 176
1787403494876 50
1787403494981 51
1787403495131 51
1787403495282 52
1787403495383 50
1787403495528 51
1787403495675 51
1787403495776 51
1787403495922 52
1787403496028 50
1787403496129 52
1787403496234 50
1787403496380 52
1787403496485 52
1787403496590 186
1787403496831 52
1787403496936 50
1787403497041 51
1787403497146 52
1787403497294 51
1787403497394 50
1787403497527 52
1787403497679 51
1787403497784 50
1787403497930 51
1787403498081 51
1787403498186 52
1787403498337 51
1787403498442 183
1787403498721 50
1787403498863 51
1787403498968 50
1787403499118 50
1787403499260 51
1787403499366 50
1787403499512 51
1787403499663 51
1787403499769 50
1787403499919 51
1787403500019 50
1787403500124 51
1787403500225 51
1787403500371 182
1787403500606 51
1787403500757 52
1787403500862 51
1787403500966 51
1787403501066 51
1787403501212 51
1787403501344 51
1787403501450 50
1787403501596 51
1787403501747 50
1787403501848 50
1787403501998 51
1787403502103 51
1787403502254 182
1787403502532 52
1787403502637 50
1787403502780 51
1787403502927 51
1787403503032 50
1787403503178 51
1787403503330 50
1787403503435 51
1787403503585 51
1787403503692 51
1787403503797 51
1787403503903 51
1787403504008 51
1787403504109 50
1787403504214 51
1787403504319 186
1787403504560 51
1787403504665 51
1787403504769 50
1787403504869 49
1787403504973 51
1787403505078 50
1787403505183 50
1787403505315 54
1787403505419 43
1787403505523 59
1787403505679 50
1787403505826 51
1787403505931 50
1787403506082 50
1787403506224 51
1787403506329 189
1787403506611 52
1787403506757 51
1787403506863 50
1787403507014 51
1787403507162 51
1787403507267 50
1787403507414 51
1787403507519 51
1787403507666 51
1787403507771 52
1787403507877 51
1787403507978 51
1787403508130 51
1787403508235 51
1787403508378 188
1787403508667 52
1787403508772 50
1787403508923 51
1787403509029 51
1787403509168 53
1787403509313 50
1787403509464 52
1787403509571 48
1787403509700 42
1787403509818 42
1787403509936 42
1787403510057 42
1787403510175 41
1787403510327 166
1787403510572 46
1787403510701 46
1787403510829 41
1787403510945 41
1787403511060 40
1787403511175 40
1787403511256 39
1787403511338 39
1787403511420 40
1787403511500 40
1787403511597 47
1787403511752 42
1787403511873 42
1787403511990 41
1787403512091 56
1787403512240 190
1787403512527 52
1787403512629 51
1787403512731 50
1787403512836 50
1787403512983 52
1787403513123 51
1787403513225 51
1787403513377 52
1787403513484 52
1787403513633 51
1787403513739 52
1787403513841 51
1787403513942 51
1787403514095 51
1787403514200 51
1787403514348 184
1787403514586 50
1787403514687 52
1787403514794 51
1787403514898 52
1787403515004 51
1787403515110 50
1787403515215 51
1787403515368 49
1787403515496 47
1787403515626 46
1787403515756 40
1787403515875 42
1787403515996 42
1787403516114 43
1787403516233 41
1787403516353 173
1787403516605 47
1787403516733 47
1787403516862 47
1787403516988 43
1787403517128 43
1787403517247 42
1787403517330 39
1787403517413 40
1787403517527 41
1787403517642 41
1787403517761 40
1787403517876 40
1787403517993 42
1787403518109 41
1787403518192 39
1787403518273 39
1787403518388 166
1787403518665 42
1787403518751 42
1787403518837 42
1787403518922 42
1787403519038 43
1787403519125 40
1787403519210 41
1787403519330 43
1787403519450 43
1787403519570 42
1787403519690 43
1787403519777 41
1787403519861 41
1787403519979 41
1787403520098 42
1787403520220 41
1787403520338 43
1787403520424 41
1787403520509 172
1787403520761 47
1787403520892 46
1787403521050 54
1787403521192 53
1787403521300 52
1787403521407 52
1787403521513 48
1787403521616 52
1787403521723 51
1787403521825 51
1787403521931 52
1787403522038 52
1787403522145 52
1787403522252 50
1787403522358 51
1787403522511 51
1787403522657 51
1787403522759 196
1787403523057 52
1787403523164 51
1787403523318 53
1787403523426 51
1787403523528 52
1787403523635 51
1787403523781 52
1787403523888 51
1787403524034 53
1787403524142 52
1787403524244 51
1787403524350 52
1787403524456 52
1787403524563 51
1787403524669 52
1787403524775 52
1787403524923 52
1787403525070 197
1787403525321 52
1787403525476 53
1787403525618 51
1787403525724 52
1787403525870 49
1787403526017 52
1787403526120 48
1787403526271 51
1787403526421 52
1787403526528 51
1787403526630 51
1787403526736 50
1787403526842 51
1787403526992 52
1787403527099 52
1787403527206 52
1787403527313 198
1787403527567 52
1787403527716 52
1787403527820 51
1787403527927 52
1787403528033 51
1787403528138 52
1787403528285 53
1787403528440 52
1787403528547 52
1787403528696 53
1787403528805 52
1787403528908 52
1787403529012 52
1787403529119 51
1787403529226 52
1787403529329 51
1787403529436 52
1787403529543 52
1787403529651 201
1787403529904 52
1787403530060 48
1787403530192 52
1787403530297 50
1787403530404 52
1787403530507 52
1787403530614 53
1787403530719 51
1787403530822 51
1787403530929 51
1787403531036 51
1787403531138 52
1787403531246 52
1787403531353 51
1787403531460 52
1787403531567 52
1787403531722 52
1787403531877 53
1787403531985 205
1787403532284 52
1787403532392 48
1787403532538 51
1787403532682 53
1787403532789 51
1787403532936 52
1787403533086 53
1787403533194 52
1787403533345 52
1787403533452 51
1787403533598 50
1787403533745 53
1787403533850 52
1787403534002 53
1787403534157 53
1787403534266 202
1787403534566 52
1787403534698 46
1787403534791 45
1787403534913 43
1787403535000 42
1787403535101 52
1787403535248 54
1787403535357 52
1787403535511 53
1787403535615 53
1787403535771 53
1787403535926 53
1787403536034 52
1787403536185 53
1787403536294 52
1787403536444 52
1787403536552 206
1787403536858 53
1787403537010 54
1787403537119 53
1787403537271 53
1787403537423 53
1787403537529 53
1787403537681 54
1787403537791 49
1787403537939 53
1787403538046 52
1787403538154 52
1787403538262 52
1787403538370 52
1787403538526 53
1787403538634 52
1787403538789 52
1787403538938 205
1787403539226 52
1787403539335 48
1787403539465 46
1787403539592 43
1787403539713 41
1787403539835 55
1787403539994 53
1787403540103 51
1787403540254 50
1787403540362 53
1787403540511 53
1787403540668 53
1787403540774 54
1787403540931 53
1787403541040 52
1787403541196 206
1787403541454 51
1787403541608 52
1787403541760 53
1787403541869 52
1787403542021 54
1787403542130 50
1787403542235 53
1787403542345 52
1787403542449 53
1787403542602 54
1787403542711 54
1787403542821 53
1787403542929 54
1787403543040 53
1787403543192 54
1787403543345 53
1787403543454 53
1787403543610 207
1787403543889 44
1787403544013 41
1787403544133 43
1787403544256 42
1787403544379 43
1787403544501 44
1787403544623 41
1787403544744 42
1787403544865 43
1787403544986 43
1787403545107 43
1787403545229 43
1787403545352 44
1787403545475 42
1787403545595 44
1787403545717 182
1787403545978 43
1787403546101 43
1787403546223 44
1787403546347 43
1787403546470 43
1787403546591 42
1787403546713 43
1787403546836 43
1787403546958 43
1787403547082 43
1787403547203 42
1787403547326 42
1787403547446 41
1787403547533 42
1787403547618 61
1787403547790 55
1787403547901 53
1787403548043 214
1787403548353 52
1787403548462 53
1787403548615 52
1787403548724 52
1787403548881 53
1787403548990 52
1787403549146 53
1787403549253 53
1787403549358 52
1787403549463 54
1787403549611 54
1787403549721 53
1787403549871 51
1787403549974 53
1787403550083 53
1787403550193 53
1787403550303 53
1787403550461 52
1787403550570 214
1787403550880 54
1787403551038 53
1787403551143 53
1787403551296 53
1787403551406 53
1787403551559 53
1787403551669 50
1787403551822 53
1787403551932 52
1787403552085 53
1787403552243 53
1787403552352 52
1787403552508 53
1787403552614 53
1787403552771 51
1787403552910 53
1787403553020 211
1787403553336 54
1787403553445 53
1787403553603 50
1787403553708 53
1787403553865 53
1787403553975 53
1787403554126 53
1787403554235 52
1787403554388 54
1787403554498 53
1787403554604 53
1787403554712 53
1787403554822 53
1787403554978 53
1787403555088 53
1787403555192 53
1787403555302 52
1787403555411 53
1787403555569 213
1787403555834 52
1787403555942 50
1787403556049 52
1787403556154 53
1787403556305 53
1787403556463 53
1787403556569 53
1787403556723 53
1787403556832 53
1787403556990 53
1787403557099 53
1787403557254 53
1787403557359 53
1787403557469 53
1787403557574 53
1787403557683 53
1787403557837 53
1787403557983 54
1787403558090 217
1787403558404 52
1787403558557 53
1787403558666 53
1787403558817 54
1787403558923 50
1787403559075 54
1787403559184 54
1787403559294 52
1787403559403 53
1787403559513 55
1787403559667 54
1787403559777 53
1787403559936 55
1787403560047 52
1787403560197 55
1787403560356 53
1787403560465 53
1787403560623 219
1787403560898 53
1787403561049 50
1787403561156 54
1787403561310 54
1787403561420 53
1787403561530 53
1787403561640 54
1787403561750 53
1787403561904 54
1787403562015 52
1787403562169 53
1787403562279 53
1787403562388 53
1787403562498 54
1787403562608 53
1787403562763 54
1787403562874 53
1787403563015 54
1787403563171 53
1787403563281 219
1787403563606 53
1787403563716 54
1787403563871 53
1787403563982 53
1787403564139 54
1787403564250 52
1787403564359 55
1787403564466 55
1787403564578 51
1787403564736 50
1787403564867 48
1787403564963 44
1787403565053 44
1787403565141 42
1787403565263 45
1787403565386 43
1787403565505 45
1787403565632 44
1787403565756 44
1787403565878 194
1787403566156 49
1787403566290 44
1787403566416 44
1787403566541 44
1787403566665 44
1787403566788 43
1787403566913 44
1787403567038 44
1787403567161 44
1787403567284 44
1787403567406 43
1787403567530 44
1787403567653 43
1787403567775 45
1787403567922 44
1787403568011 42
1787403568097 43
1787403568185 42
1787403568322 195
1787403568599 43
1787403568721 43
1787403568843 44
1787403568967 43
1787403569092 43
1787403569214 45
1787403569365 44
1787403569452 42
1787403569574 44
1787403569697 44
1787403569823 44
1787403569948 45
1787403570074 63
1787403570228 43
1787403570349 45
1787403570476 44
1787403570599 44
1787403570723 202
1787403571011 48
1787403571142 49
1787403571273 44
1787403571399 44
1787403571523 44
1787403571646 43
1787403571771 44
1787403571893 43
1787403572018 44
1787403572105 42
1787403572193 42
1787403572314 43
1787403572437 45
1787403572560 44
1787403572685 45
1787403572794 43
1787403572918 43
1787403573043 43
1787403573168 200
1787403573454 45
1787403573579 44
1787403573704 43
1787403573827 44
1787403573951 43
1787403574074 45
1787403574199 43
1787403574321 44
1787403574444 44
1787403574568 44
1787403574691 44
1787403574815 44
1787403574939 44
1787403575065 44
1787403575189 45
1787403575316 45
1787403575443 45
1787403575568 200
1787403575853 48
1787403575984 48
1787403576115 45
1787403576240 43
1787403576363 44
1787403576486 43
1787403576609 43
1787403576727 45
1787403576852 43
1787403576977 43
1787403577066 43
1787403577154 44
1787403577277 43
1787403577403 43
1787403577527 44
1787403577638 45
1787403577764 44
1787403577888 43
1787403578010 43
1787403578134 201
1787403578444 55
1787403578552 54
1787403578713 55
1787403578825 54
1787403578982 55
1787403579094 53
1787403579251 55
1787403579364 54
1787403579526 54
1787403579638 54
1787403579798 54
1787403579907 54
1787403580067 53
1787403580178 54
1787403580335 54
1787403580443 55
1787403580600 55
1787403580709 53
1787403580869 229
1787403581156 54
1787403581317 54
1787403581429 54
1787403581591 56
1787403581704 56
1787403581866 56
1787403581976 53
1787403582086 55
1787403582198 55
1787403582310 54
1787403582471 55
1787403582584 54
1787403582743 54
1787403582855 55
1787403583003 54
1787403583115 53
1787403583223 54
1787403583334 55
1787403583447 51
1787403583600 55
1787403583711 228
1787403584043 51
1787403584152 54
1787403584313 55
1787403584425 54
1787403584587 53
1787403584698 52
1787403584850 56
1787403584963 54
1787403585075 54
1787403585187 55
1787403585300 54
1787403585458 54
1787403585570 50
1787403585705 44
1787403585831 44
1787403585953 44
1787403586080 43
1787403586206 44
1787403586329 45
1787403586453 207
1787403586745 43
1787403586867 44
1787403586993 44
1787403587119 44
1787403587243 44
1787403587368 44
1787403587457 43
1787403587547 43
1787403587635 43
1787403587724 42
1787403587811 43
1787403587937 43
1787403588061 44
1787403588186 43
1787403588312 43
1787403588422 44
1787403588546 44
1787403588671 44
1787403588794 44
1787403588918 44
1787403589043 208
1787403589335 49
1787403589468 49
1787403589601 43
1787403589725 44
1787403589848 44
1787403589973 43
1787403590099 45
1787403590224 45
1787403590350 44
1787403590473 44
1787403590600 43
1787403590726 44
1787403590849 43
1787403590955 50
1787403591087 43
1787403591209 42
1787403591330 42
1787403591453 43
1787403591539 42
1787403591625 42
1787403591746 206
1787403592037 44
1787403592127 43
1787403592216 43
1787403592342 42
1787403592467 44
1787403592609 55
1787403592712 43
1787403592835 44
1787403592962 44
1787403593086 44
1787403593210 44
1787403593335 44
1787403593459 44
1787403593584 42
1787403593696 44
1787403593820 44
1787403593945 44
1787403594071 44
1787403594197 43
1787403594319 44
1787403594445 207
1787403594733 45
1787403594863 49
1787403594999 44
1787403595123 42
1787403595246 44
1787403595373 44
1787403595498 44
1787403595626 44
1787403595752 43
1787403595878 45
1787403596002 43
1787403596126 45
1787403596249 45
1787403596376 43
1787403596501 45
1787403596626 43
1787403596733 59
1787403596900 55
1787403597014 55
1787403597172 231
1787403597460 53
1787403597621 55
1787403597734 54
1787403597890 55
1787403598003 54
1787403598160 54
1787403598272 55
1787403598436 53
1787403598547 60
1787403598712 55
1787403598826 54
1787403598985 55
1787403599133 56
1787403599247 55
1787403599361 55
1787403599524 54
1787403599636 53
1787403599794 55
1787403599905 54
1787403600065 231
1787403600352 53
1787403600638 60
1787403600757 55
1787403600867 55
1787403600981 56
1787403601145 56
1787403601258 55
1787403601423 54
1787403601533 56
1787403601697 56
1787403601811 55
1787403601969 56
1787403602083 56
1787403602247 56
1787403602361 57
1787403602507 44
1787403602633 43
1787403602757 45
1787403602883 218
1787403603149 45
1787403603277 45
1787403603401 45
1787403603526 46
1787403603655 45
1787403603782 44
1787403603907 46
1787403604034 45
1787403604157 45
1787403604284 45
1787403604409 45
1787403604565 56
1787403604711 56
1787403604825 55
1787403604939 55
1787403605103 56
1787403605217 55
1787403605380 55
1787403605491 56
1787403605656 57
1787403605770 249
1787403606127 55
1787403606241 55
1787403606354 55
1787403606467 56
1787403606581 55
1787403606695 55
1787403606859 55
1787403606973 54
1787403607137 56
1787403607251 56
1787403607413 56
1787403607528 55
1787403607693 55
1787403607807 55
1787403607968 55
1787403608078 55
1787403608192 55
1787403608306 55
1787403608419 56
1787403608533 55
1787403608693 56
1787403608807 55
1787403608971 245
1787403609271 55
1787403609436 48
1787403609543 55
1787403609709 56
1787403609820 55
1787403609978 56
1787403610093 55
1787403610206 54
1787403610319 55
1787403610433 55
1787403610548 56
1787403610713 55
1787403610861 57
1787403610976 55
1787403611089 55
1787403611250 54
1787403611363 56
1787403611529 57
1787403611645 55
1787403611809 54
1787403611922 57
1787403612085 251
1787403612395 56
1787403612510 56
1787403612670 55
1787403612782 56
1787403612897 56
1787403613009 56
1787403613124 56
1787403613287 57
1787403613402 55
1787403613563 57
1787403613679 55
1787403613841 55
1787403613955 56
1787403614070 55
1787403614184 56
1787403614299 55
1787403614414 56
1787403614576 54
1787403614690 56
1787403614856 57
1787403614972 57
1787403615088 56
1787403615251 245
1787403615555 56
1787403615720 55
1787403615834 54
1787403615997 56
1787403616112 55
1787403616272 56
1787403616385 54
1787403616545 53
1787403616658 55
1787403616819 56
1787403616934 56
1787403617083 57
1787403617198 56
1787403617361 56
1787403617477 53
1787403617637 56
1787403617752 56
1787403617915 56
1787403618028 56
1787403618191 55
1787403618306 249
1787403618614 57
1787403618731 56
1787403618847 56
1787403618963 57
1787403619129 54
1787403619240 56
1787403619401 57
1787403619517 56
1787403619683 56
1787403619796 55
1787403619910 56
1787403620077 56
1787403620192 56
1787403620355 56
1787403620470 56
1787403620630 58
1787403620747 57
1787403620914 57
1787403621030 56
1787403621190 57
1787403621307 57
1787403621473 57
1787403621587 258
1787403621903 57
1787403622020 57
1787403622133 57
1787403622249 57
1787403622417 56
1787403622532 57
1787403622695 57
1787403622812 57
1787403622974 57
1787403623090 56
1787403623253 56
1787403623369 56
1787403623519 58
1787403623635 56
1787403623798 61
1787403623916 55
1787403624079 56
1787403624193 56
1787403624359 56
1787403624475 57
1787403624591 55
1787403624752 56
1787403624865 252
1787403625227 57
1787403625341 56
1787403625509 57
1787403625618 57
1787403625787 56
1787403625902 56
1787403626069 58
1787403626185 56
1787403626300 56
1787403626460 57
1787403626575 56
1787403626742 56
1787403626858 56
1787403627022 56
1787403627135 54
1787403627298 57
1787403627414 56
1787403627580 57
1787403627696 56
1787403627810 57
1787403627926 56
1787403628041 56
1787403628157 257
1787403628521 57
1787403628636 54
1787403628801 57
1787403628917 57
1787403629034 56
1787403629201 57
1787403629317 56
1787403629482 56
1787403629598 56
1787403629760 58
1787403629914 58
1787403630031 57
1787403630148 57
1787403630313 57
1787403630429 57
1787403630592 57
1787403630709 56
1787403630825 57
1787403630941 57
1787403631056 56
1787403631173 55
1787403631339 57
1787403631456 257
1787403631774 58
1787403631939 57
1787403632055 56
1787403632219 56
1787403632333 56
1787403632499 56
1787403632615 56
1787403632778 53
1787403632878 44
1787403633007 44
1787403633134 45
1787403633242 57
1787403633359 56
1787403633473 56
1787403633585 57
1787403633752 58
1787403633868 57
1787403634037 57
1787403634150 56
1787403634265 56
1787403634429 56
1787403634545 56
1787403634713 57
1787403634829 270
1787403635209 57
1787403635326 56
1787403635441 56
1787403635610 56
1787403635725 55
1787403635886 55
1787403636001 56
1787403636169 58
1787403636285 57
1787403636441 58
1787403636558 57
1787403636726 57
1787403636839 53
1787403636951 57
1787403637114 59
1787403637231 54
1787403637394 55
1787403637509 56
1787403637671 57
1787403637788 57
1787403637951 57
1787403638069 57
1787403638237 264
1787403638559 57
1787403638676 57
1787403638792 57
1787403638906 57
1787403639022 57
1787403639189 57
1787403639306 57
1787403639423 56
1787403639591 56
1787403639707 56
1787403639872 58
1787403639990 57
1787403640155 56
1787403640271 58
1787403640387 57
1787403640552 57
1787403640670 57
1787403640839 56
1787403640956 58
1787403641073 56
1787403641186 56
1787403641303 57
1787403641419 56
1787403641587 57
1787403641705 268
1787403642032 57
1787403642199 57
1787403642313 56
1787403642477 57
1787403642594 56
1787403642762 57
1787403642879 57
1787403643048 57
1787403643198 57
1787403643316 57
1787403643432 56
1787403643601 58
1787403643719 56
1787403643835 58
1787403644004 58
1787403644119 58
1787403644285 56
1787403644401 57
1787403644571 57
1787403644688 57
1787403644805 57
1787403644973 55
1787403645086 266
1787403645465 58
1787403645582 57
1787403645699 57
1787403645868 57
1787403645981 57
1787403646150 56
1787403646264 56
1787403646433 57
1787403646550 57
1787403646667 56
1787403646835 57
1787403646953 57
1787403647122 58
1787403647236 57
1787403647354 56
1787403647471 57
1787403647588 57
1787403647706 57
1787403647875 54
1787403647989 58
1787403648104 57
1787403648273 56
1787403648390 57
1787403648560 267
1787403648884 57
1787403649051 57
1787403649169 58
1787403649286 57
1787403649452 58
1787403649570 58
1787403649739 58
1787403649858 57
1787403650014 58
1787403650132 58
1787403650251 57
1787403650368 58
1787403650487 56
1787403650603 57
1787403650767 58
1787403650882 57
1787403651000 58
1787403651169 57
1787403651284 57
1787403651454 55
1787403651569 57
1787403651732 56
1787403651849 57
1787403651967 55
1787403652132 267
1787403652457 57
1787403652627 58
1787403652745 57
1787403652909 58
1787403653028 51
1787403653141 57
1787403653309 57
1787403653426 56
1787403653593 57
1787403653710 57
1787403653880 58
1787403653998 56
1787403654115 56
1787403654284 57
1787403654401 56
1787403654518 56
1787403654634 56
1787403654751 56
1787403654868 56
1787403654984 54
1787403655099 56
1787403655216 57
1787403655333 56
1787403655450 56
1787403655566 57
1787403655683 57
1787403655800 259
1787403656120 57
1787403656237 57
1787403656354 57
1787403656470 57
1787403656587 57
1787403656705 56
1787403656818 57
1787403656935 57
1787403657105 55
1787403657259 56
1787403657373 56
1787403657490 58
1787403657608 54
1787403657719 56
1787403657834 56
1787403657950 57
1787403658115 56
1787403658233 58
1787403658350 57
1787403658520 58
1787403658638 56
1787403658805 57
1787403658922 56
1787403659039 56
1787403659153 54
1787403659264 57
1787403659382 57
1787403659552 272
1787403659883 56
1787403659997 56
1787403660114 57
1787403660231 57
1787403660348 56
1787403660465 57
1787403660636 57
1787403660751 57
1787403660922 58
1787403661038 57
1787403661210 58
1787403661329 58
1787403661447 58
1787403661613 58
1787403661730 57
1787403661900 58
1787403662019 57
1787403662137 56
1787403662254 58
1787403662372 58
1787403662491 57
1787403662609 58
1787403662725 57
1787403662843 57
1787403662961 58
1787403663132 58
1787403663251 279
1787403663590 58
1787403663758 58
1787403663877 59
1787403664045 59
1787403664164 58
1787403664282 54
1787403664451 58
1787403664609 58
1787403664728 58
1787403664847 58
1787403665019 58
1787403665136 57
1787403665254 58
1787403665422 58
1787403665541 58
1787403665712 58
1787403665832 57
1787403665951 59
1787403666120 58
1787403666239 58
1787403666411 58
1787403666530 58
1787403666644 58
1787403666763 57
1787403666880 58
1787403666999 279
1787403667338 59
1787403667457 57
1787403667575 57
1787403667691 57
1787403667809 59
1787403667927 57
1787403668046 58
1787403668166 58
1787403668285 58
1787403668403 57
1787403668518 57
1787403668637 58
1787403668757 57
1787403668875 58
1787403668994 56
1787403669111 58
1787403669231 58
1787403669349 58
1787403669469 58
1787403669588 58
1787403669703 57
1787403669822 58
1787403669938 56
1787403670052 58
1787403670221 57
1787403670338 58
1787403670509 58
1787403670628 53
1787403670730 49
1787403670830 49
1787403670928 50
1787403671068 244
1787403671363 49
1787403671462 50
1787403671562 66
1787403671690 58
1787403671807 58
1787403671924 58
1787403672043 56
1787403672212 59
1787403672372 60
1787403672492 58
1787403672611 58
1787403672731 58
1787403672901 58
1787403673021 57
1787403673140 58
1787403673259 56
1787403673377 57
1787403673496 58
1787403673613 58
1787403673733 59
1787403673850 58
1787403673970 57
1787403674089 58
1787403674209 59
1787403674329 58
1787403674449 58
1787403674568 57
1787403674735 59
1787403674855 59
1787403675028 279
1787403675366 58
1787403675730 61
1787403675853 59
1787403675973 58
1787403676092 58
1787403676265 59
1787403676386 58
1787403676505 57
1787403676670 56
1787403676786 55
1787403676952 59
1787403677069 59
1787403677190 59
1787403677357 59
1787403677477 58
1787403677647 57
1787403677767 58
1787403677886 57
1787403678055 59
1787403678175 59
1787403678345 58
1787403678460 58
1787403678628 280
1787403678966 58
1787403679082 58
1787403679201 58
1787403679321 59
1787403679440 59
1787403679611 58
1787403679731 58
1787403679886 60
1787403680008 58
1787403680181 58
1787403680301 58
1787403680420 57
1787403680591 59
1787403680712 58
1787403680885 58
1787403681002 58
1787403681119 58
1787403681292 58
1787403681412 58
1787403681531 57
1787403681647 59
1787403681766 58
1787403681885 59
1787403682056 59
1787403682174 59
1787403682291 56
1787403682457 59
1787403682578 288
1787403682977 59
1787403683098 59
1787403683218 58
1787403683392 58
1787403683511 58
1787403683631 59
1787403683750 58
1787403683866 59
1787403683987 56
1787403684156 58
1787403684273 58
1787403684389 58
1787403684562 60
1787403684682 58
1787403684802 58
1787403684921 58
1787403685038 58
1787403685157 58
1787403685278 56
1787403685392 58
1787403685512 58
1787403685629 58
1787403685802 58
1787403685922 58
1787403686042 59
1787403686212 59
1787403686333 58
1787403686507 59
1787403686624 290
1787403686975 58
1787403687149 59
1787403687270 58
1787403687390 58
1787403687558 59
1787403687713 58
1787403687834 59
1787403687954 59
1787403688125 58
1787403688245 59
1787403688366 59
1787403688487 59
1787403688607 59
1787403688728 59
1787403688845 58
1787403688965 58
1787403689085 59
1787403689205 59
1787403689322 58
1787403689443 59
1787403689564 59
1787403689684 59
1787403689802 59
1787403689972 57
1787403690089 58
1787403690258 58
1787403690375 59
1787403690496 59
1787403690616 58
1787403690736 290
1787403691088 58
1787403691208 58
1787403691329 59
1787403691447 59
1787403691568 57
1787403691687 59
1787403691808 58
1787403691928 59
1787403692049 59
1787403692170 58
1787403692340 58
1787403692460 58
1787403692633 59
1787403692751 59
1787403692872 60
1787403693044 60
1787403693165 59
1787403693286 59
1787403693407 58
1787403693524 58
1787403693645 58
1787403693765 59
1787403693937 59
1787403694057 57
1787403694227 59
1787403694347 58
1787403694464 58
1787403694583 58
1787403694703 58
1787403694823 292
1787403695176 59
1787403695348 58
1787403695469 58
1787403695637 59
1787403695758 58
1787403695918 60
1787403696040 59
1787403696159 58
1787403696332 59
1787403696453 58
1787403696625 59
1787403696745 59
1787403696864 59
1787403697039 59
1787403697161 59
1787403697281 59
1787403697402 58
1787403697522 59
1787403697643 58
1787403697763 59
1787403697938 60
1787403698059 59
1787403698229 58
1787403698347 58
1787403698467 59
1787403698642 59
1787403698761 58
1787403698933 291
1787403699285 59
1787403699405 59
1787403699577 59
1787403699697 58
1787403699868 58
1787403699986 58
1787403700106 56
1787403700276 58
1787403700396 57
1787403700569 59
1787403700690 58
1787403700809 59
1787403700983 59
1787403701105 59
1787403701225 60
1787403701400 59
1787403701521 58
1787403701695 61
1787403701818 59
1787403701936 59
1787403702111 59
1787403702232 58
1787403702406 58
1787403702527 59
1787403702648 60
1787403702824 59
1787403702945 302
1787403703307 59
1787403703481 59
1787403703602 58
1787403703722 56
1787403703840 59
1787403704002 59
1787403704123 58
1787403704241 59
1787403704361 56
1787403704480 58
1787403704655 60
1787403704776 58
1787403704948 59
1787403705069 57
1787403705186 59
1787403705360 59
1787403705479 61
1787403705652 59
1787403705774 51
1787403705876 51
1787403706016 46
1787403706147 47
1787403706310 58
1787403706430 58
1787403706548 57
1787403706721 60
1787403706842 58
1787403707014 303
1787403707380 60
1787403707502 59
1787403707622 59
1787403707742 58
1787403707863 59
1787403707980 59
1787403708150 58
1787403708269 59
1787403708387 58
1787403708562 59
1787403708683 58
1787403708857 59
1787403708977 61
1787403709099 60
1787403709275 59
1787403709396 58
1787403709516 59
1787403709687 59
1787403709809 59
1787403709978 59
1787403710099 60
1787403710221 59
1787403710397 59
1787403710517 59
1787403710639 59
1787403710815 60
1787403710936 57
1787403711056 303
1787403711471 60
1787403711590 59
1787403711761 59
1787403711883 59
1787403712044 60
1787403712166 59
1787403712287 59
1787403712408 59
1787403712529 59
1787403712648 60
1787403712769 60
1787403712943 61
1787403713065 58
1787403713232 59
1787403713353 58
1787403713474 59
1787403713647 59
1787403713768 58
1787403713889 59
1787403714010 59
1787403714131 60
1787403714252 58
1787403714369 60
1787403714490 59
1787403714609 59
1787403714721 59
1787403714894 60
1787403715017 59
1787403715139 60
1787403715315 59
1787403715436 301
1787403715798 59
1787403715973 59
1787403716095 58
1787403716216 59
1787403716386 60
1787403716508 59
1787403716680 59
1787403716802 59
1787403716924 58
1787403717096 59
1787403717218 58
1787403717339 59
1787403717512 59
1787403717635 59
1787403717809 61
1787403717931 59
1787403718051 59
1787403718225 60
1787403718346 59
1787403718467 59
1787403718639 60
1787403718762 58
1787403718883 60
1787403719004 59
1787403719123 59
1787403719243 60
1787403719365 59
1787403719485 59
1787403719606 60
1787403719728 301
1787403720092 59
1787403720268 61
1787403720391 60
1787403720554 60
1787403720676 58
1787403720796 59
1787403720971 60
1787403721091 59
1787403721210 60
1787403721331 58
1787403721453 59
1787403721575 59
1787403721696 60
1787403721873 59
1787403721995 60
1787403722117 59
1787403722292 59
1787403722413 59
1787403722587 61
1787403722708 60
1787403722830 60
1787403723006 61
1787403723130 60
1787403723251 61
1787403723425 60
1787403723548 59
1787403723721 59
1787403723843 59
1787403723964 306
1787403724386 61
1787403724510 60
1787403724631 60
1787403724803 61
1787403724924 60
1787403725100 60
1787403725222 60
1787403725344 59
1787403725516 61
1787403725638 59
1787403725760 60
1787403725882 62
1787403726005 61
1787403726128 61
1787403726250 60
1787403726423 60
1787403726546 60
1787403726669 60
1787403726790 60
1787403726912 61
1787403727036 59
1787403727157 61
1787403727334 61
1787403727457 60
1787403727578 61
1787403727699 60
1787403727822 60
1787403727945 60
1787403728066 60
1787403728243 60
1787403728365 61
1787403728466 325
1787403728853 63
1787403729089 65
1787403729265 66
1787403729514 65
1787403729807 66
1787403729929 339
1787403730338 67
1787403730476 56
1787403730659 69
1787403730799 345
1787403731279 68
1787403731483 361
1787403731979 69
1787403732173 70
1787403732316 349
1787403732738 68
1787403732880 69
1787403733022 355
1787403733449 69
1787403733591 69
1787403733786 70
1787403733929 357
1787403734361 70
1787403734505 69
1787403734647 70
1787403734791 360
1787403735225 71
1787403735421 70
1787403735565 361
1787403736002 70
1787403736144 71
1787403736291 70
1787403736435 366
1787403736874 70
1787403737072 72
1787403737219 385
1787403737678 71
1787403737824 71
1787403737970 72
1787403738118 71
1787403738264 364
1787403738762 73
1787403738909 71
1787403739057 73
1787403739205 375
1787403739657 71
1787403739803 71
1787403739948 71
1787403740151 382
1787403740610 71
1787403740757 72
1787403740905 72
1787403741053 398
1787403741527 72
1787403741677 73
1787403741882 384
1787403742343 73
1787403742491 72
1787403742641 72
1787403742791 388
1787403743255 73
1787403743405 57
1787403743594 76
1787403743746 392
1787403744215 73
1787403744366 73
1787403744517 73
1787403744668 74
1787403744819 394
1787403745343 73
1787403745494 73
1787403745646 73
1787403745799 403
1787403746279 73
1787403746428 73
1787403746579 73
1787403746787 407
1787403747271 74
1787403747421 74
1787403747573 73
1787403747722 73
1787403747872 75
1787403748023 410
1787403748510 74
1787403748660 75
1787403748866 413
1787403749355 74
1787403749508 73
1787403749657 432
1787403750168 75
1787403750375 76
1787403750528 422
1787403751029 76
1787403751182 76
1787403751335 423
1787403751887 77
1787403752042 76
1787403752196 427
1787403752703 77
1787403752856 76
1787403753067 431
1787403753577 76
1787403753732 76
1787403753886 438
1787403754404 76
1787403754617 78
1787403754772 437
1787403755289 77
1787403755445 76
1787403755601 77
1787403755758 448
1787403756344 78
1787403756501 78
1787403756659 448
1787403757185 78
1787403757343 77
1787403757499 448
1787403758086 79
1787403758246 78
1787403758404 455
1787403758938 78
1787403759097 78
1787403759255 464
1787403759857 79
1787403760016 77
1787403760175 460
1787403760717 78
1787403760877 79
1787403761038 480
1787403761665 493
1787403762331 83
1787403767313 73
1787403775026 482
1787403781000 71
1787403781155 59
1787403782227 73
1787403782450 495
1787403788698 73
1787403788848 69
1787403788992 69
1787403789136 69
1787403789411 69
1787403789554 70
1787403789698 71
1787403790106 72
1787403790520 70
1787403790733 509
1787403791384 72
1787403791531 69
1787403796036 69
1787403796180 68
1787403796322 67
1787403796660 71
1787403796808 59
1787403797014 71
1787403797294 69
1787403797578 70
1787403797917 69
1787403798461 69
1787403799201 493
1787403799771 70
1787403799918 72
1787403800067 69
1787403803296 70
1787403803640 71
1787403803787 71
1787403804066 71
1787403804346 70
1787403804623 69
1787403805032 72
1787403805177 72
1787403805390 71
1787403806197 71
1787403806588 72
1787403807319 70
1787403807530 493
1787403808100 69
1787403808311 72
1787403814006 74
1787403814618 69
1787403820738 504
1787403821317 70
1787403821463 71
1787403821610 72
1787403821822 71
1787403822035 72
1787403822183 70
1787403822462 70
1787403822607 71
1787403822752 70
1787403823030 71
1787403828243 69
1787403828389 71
1787403828669 70
1787403828947 69
1787403829291 504
1787403829869 68
1787403830276 69
1787403830419 71
1787403830895 70
1787403831039 69
1787403835314 73
1787403835925 71
1787403836271 70
1787403836745 70
1787403836889 69
1787403837166 72
1787403837644 498
1787403838287 71
1787403838432 72
1787403838648 69
1787403839186 69
1787403845761 80
1787403845917 510
1787403846504 76
1787403846657 81
1787403846874 64
1787403847016 512
1787403847605 80
1787403847761 80
1787403847918 81
1787403848077 519
1787403848673 80
1787403848891 81
1787403849048 79
1787403849204 534
1787403849816 78
1787403849971 80
1787403850130 79
1787403850288 81
1787403850447 525
1787403851113 65
1787403851260 81
1787403851419 81
1787403851578 535
1787403852191 81
1787403852349 81
1787403852497 67
1787403852626 82
1787403852789 81
1787403854303 82
1787403854462 81
1787403854619 81
1787403854778 82
1787403854938 81
1787403855095 81
1787403856414 82
1787403856574 81
1787403856732 82
1787403856891 80
1787403857049 80
1787403857206 83
1787403857367 82
1787403858542 82
1787403858702 82
1787403858862 81
1787403859022 82
1787403859182 81
1787403859410 81
1787403859567 82
1787403859727 82
1787403859885 81
1787403861467 538
1787403862086 83
1787403862312 83
1787403862475 82
1787403862637 82
1787403862800 83
1787403862963 84
1787403863126 540
1787403863747 83
1787403864401 86
1787403864566 86
1787403864730 82
1787403864891 82
1787403865053 84
1787403865216 83
1787403865378 82
1787403865540 80
1787403865700 81
1787403865862 82
1787403866023 85
1787403866187 84
1787403866350 83
1787403866512 83
1787403866673 85
1787403866838 547
1787403867465 84
1787403867630 83
1787403867792 84
1787403867955 84
1787403868181 85
1787403868346 84
1787403868509 84
1787403868671 86
1787403868837 84
1787403869001 85
1787403869166 84
1787403869330 84
1787403869495 85
1787403869659 571
1787403870310 83
1787403870473 85
1787403870639 85
1787403870804 84
1787403870967 85
1787403871134 83
1787403871297 84
1787403871461 83
1787403871624 84
1787403871788 84
1787403871952 83
1787403872114 85
1787403872280 84
1787403872444 85
1787403872609 82
1787403872773 570
1787403873423 83
1787403873587 83
1787403873748 83
1787403873911 84
1787403874139 86
1787403874306 84
1787403874470 85
1787403874635 84
1787403874800 86
1787403874966 84
1787403875131 85
1787403875297 83
1787403875462 86
1787403875628 86
1787403875795 574
1787403876451 86
1787403876616 85
1787403876783 86
1787403876949 84
1787403877114 86
1787403877280 85
1787403877445 85
1787403877610 84
1787403877775 85
1787403877940 85
1787403878106 87
1787403878274 84
1787403878440 84
1787403878606 82
1787403878771 85
1787403878938 85
1787403879105 588
1787403879776 85
1787403879944 86
1787403886439 84
1787403886605 84
1787403886771 83
1787403894692 498
1787403895277 86
1787403895445 86
1787403895681 86
1787403906509 566
1787403907157 87
1787403907326 87
1787403907495 86
1787403907662 86
1787403907829 85
1787403907995 85
1787403908161 87
1787403908328 87
1787403908497 86
1787403908664 86
1787403908832 86
1787403908998 86
1787403909166 86
1787403909333 86
1787403909500 85
1787403909665 70
1787403909818 84
1787403909982 86
1787403910148 86
1787403910316 86
1787403910483 84
1787403910648 87
1787403910817 88
1787403910987 87
1787403911155 88
1787403911324 584
1787403911989 87
1787403912158 87
1787403912327 87
1787403912496 88
1787403912664 87
1787403912833 87
1787403913001 86
1787403913167 87
1787403913336 87
1787403913505 86
1787403913675 86
1787403913845 86
1787403914016 86
1787403914184 85
1787403914352 87
1787403914522 87
1787403914912 87
1787403915083 87
1787403915473 86
1787403915643 87
1787403936410 586
1787403937078 85
1787403937245 85
1787403937412 86
1787403938023 86
1787403938266 86
1787403938727 86
1787403953257 560
1787403953970 86
1787403954207 84
1787403960263 78
1787403960700 69
1787403967149 515
1787403967858 72
1787403968181 72
1787403975844 508
1787403976544 70
1787403976868 71
1787403977483 68
1787403977619 70
1787403977758 69
1787403977898 71
1787403990726 512
1787403998725 68
1787403998861 68
1787403999820 515
1787404000769 72
1787404000913 72
1787404001055 73
1787404001199 71
1787404001340 72
1787404014267 510
1787404015873 73
1787404021512 70
1787404022015 73
1787404022158 72
1787404022301 68
1787404024471 517
1787404025059 70
1787404030680 69
1787404043898 517
1787404044722 68
1787404044860 71
1787404066189 508
1787404066828 73
1787404067436 70
1787404067576 96
1787404067764 99
1787404067952 521
1787404068606 72
1787404068752 72
1787404068893 67
1787404069031 66
1787404069168 66
1787404069305 210
1787404069590 66
1787404070082 67
1787404070223 66
1787404070360 66
1787404070743 66
1787404070880 66
1787404071018 66
1787404071155 66
1787404071541 67
1787404071679 65
1787404071818 66
1787404072203 67
1787404072342 67
1787404072479 66
1787404072616 67
1787404072941 66
1787404073080 67
1787404073218 66
1787404073357 530
1787404074150 68
1787404074288 67
1787404074427 68
1787404074568 65
1787404074703 67
1787404075355 70
1787404075496 71
1787404076024 71
1787404076168 72
1787404076757 72
1787404077861 71
1787404078006 72
1787404078151 71
1787404082704 527
1787404092188 532
1787404102150 528
1787404102753 73
1787404103295 75
1787404103907 74
1787404104514 72
1787404105126 71
1787404105664 70
1787404106265 72
1787404106805 72
1787404107275 72
1787404107420 70
1787404110516 68
1787404111024 69
1787404111547 542
1787404112166 72
1787404112639 71
1787404113164 68
1787404113687 68
1787404114146 69
1787404114603 69
1787404115003 69
1787404125920 535
1787404128097 75
1787404128648 73
1787404132234 74
1787404132384 74
1787404137820 542
1787404139354 73
1787404142061 70
1787404142772 70
1787404143361 70
1787404143633 70
1787404145824 69
1787404145965 68
1787404146104 67
1787404146244 68
1787404146384 69
1787404146524 68
1787404146665 70
1787404146808 69
1787404146949 70
1787404147092 535
1787404147764 72
1787404148101 71
1787404148247 66
1787404148384 67
1787404148523 68
1787404148662 66
1787404148801 67
1787404148940 67
1787404149078 68
1787404149218 69
1787404149358 67
1787404149497 67
1787404149636 69
1787404151053 68
1787404151193 69
1787404151336 69
1787404152497 68
1787404152637 69
1787404152908 71
1787404154034 88
1787404154287 89
1787404154453 70
1787404213337 615
1787404257324 606
1787404258019 86
1787404258196 86
1787404258373 87
1787404258551 82
1787404404098 591
1787404404871 88
1787404405367 93
1787404474085 636
1787404477658 89
1787404477836 90
1787404478012 90
1787404479135 89
1787404479311 90
1787404479490 90
1787404479669 88
1787404479846 89
1787404480814 90
1787404481106 70
1787404481251 75
1787404538763 622
1787404728253 612
1787404799008 618
1787404802718 89
1787404803057 89
1787404804103 89
1787404804281 89
1787404804537 90
1787404805581 69
1787404805722 70
1787404805863 68
1787404865640 613
1787405054608 609
1787405125190 612
1787405128817 89
1787405128995 88
1787405129173 90
1787405129353 89
1787405129531 90
1787405130489 89
1787405130667 91
1787405130847 90
1787405131026 90
1787405132145 70
1787405132290 69
1787405191625 611
1787405379183 616
1787405449992 607
1787405453591 89
1787405453768 91
1787405454972 88
1787405455149 89
1787405455327 73
1787405455494 94
1787405456547 88
1787405456792 72
1787405456938 71
1787405515659 611
1787405704732 645
1787405774392 637
1787405777935 90
1787405778117 91
1787405778296 89
1787405779357 90
1787405779536 92
1787405779798 92
1787405779981 91
1787405781024 68
1787405781286 69
1787405841927 533
1787406030717 532
1787406099381 534
1787406102977 67
1787406103115 68
1787406103256 68
1787406104405 67
1787406104544 68
1787406104684 69
1787406105827 67
1787406105966 71
1787406106110 69
1787406163072 623
1787406418929 641
1787406421244 87
1787406421419 88
1787406422785 89
1787406422962 91
1787406424242 90
1787406425589 91
1787406425769 91
1787406483132 608
1787406671642 628
1787406742585 636
1787406746230 87
1787406746405 88
1787406747687 88
1787406747863 89
1787406749143 88
1787406806824 629
1787406994552 641
1787407064994 624
1787407068656 89
1787407068834 89
1787407069967 89
1787407070145 92
1787407070327 90
1787407070505 92
1787407071562 90
1787407071742 73
1787407071890 71
1787407130119 529
1787407318387 654
1787407387889 640
1787407391522 90
1787407391783 91
1787407392924 91
1787407393104 91
1787407393285 92
1787407394405 68
1787407394544 69
1787407394685 70
1787407453021 626
1787407640727 641
1787407711587 630
1787407715254 91
1787407715434 91
1787407716649 90
1787407716828 86
1787407717004 91
1787407717186 94
1787407718325 91
1787407718506 91
1787407718739 92
1787407718934 83
1787407719096 73
1787407719292 92
1787407719473 90
1787407805891 624
1787407871300 627
1787407872585 91
1787407872847 90
1787407875820 73
1787407876216 71
1787407876921 70
1787407880308 101
1787407880504 93
1787407881097 92
1787407881282 646
1787407882433 92
1787407882617 92
1787407883698 90
1787407883881 91
1787407884066 91
1787407884322 627
1787407889444 91
1787407889792 93
1787407889975 91
1787407890156 93
1787407890341 91
1787407890607 94
1787407890792 93
1787407890975 93
1787407891160 92
1787407891344 93
1787407891528 94
1787407891713 93
1787407891898 92
1787407892080 95
1787407892266 92
1787407892449 93
1787407892633 93
1787407892818 92
1787407893002 93
1787407893184 651
1787407894009 94
1787407894196 93
1787407894381 92
1787407894565 94
1787407894750 92
1787407894933 92
1787407895117 93
1787407895303 95
1787407895490 94
1787407895676 93
1787407895860 93
1787407896046 93
1787407896230 94
1787407896416 94
1787407896603 95
1787407896866 640
1787407897598 93
1787407897784 94
1787407897970 93
1787407898157 92
1787407898342 94
1787407898529 93
1787407898716 94
1787407898904 93
1787407899089 94
1787407899276 95
1787407899464 93
1787407904202 95
1787407904391 93
1787407904578 94
1787407904763 95
1787407904951 92
1787407905136 94
1787407905323 94
1787407905507 95
1787407905696 95
1787407905885 94
1787407906070 93
1787407906257 93
1787407906442 94
1787407906631 95
1787407906818 651
1787407907562 93
1787407907749 92
1787407907933 95
1787407908119 92
1787407908304 97
1787407908493 94
1787407908679 93
1787407908866 93
1787407909050 95
1787407909238 94
1787407909425 96
1787407909613 95
1787407909800 94
1787407909988 94
1787407910246 95
1787407910434 76
1787407910602 676
1787407911371 95
1787407911560 99
1787407911751 94
1787407911941 96
1787407912130 94
1787407912318 97
1787407912508 95
1787407912696 95
1787407912885 95
1787407913075 95
1787407913265 95
1787407913455 93
1787407913644 96
1787407913834 95
1787407914021 97
1787407914212 95
1787407914401 95
1787407919030 96
1787407919392 96
1787407919581 94
1787407919855 637
1787407920592 97
1787407920787 97
1787407920978 96
1787407921167 97
1787407921358 95
1787407921548 95
1787407921736 95
1787407921923 96
1787407922112 96
1787407922375 97
1787407922567 679
1787407923342 96
1787407923532 97
1787407923811 97
1787407924002 94
1787407924192 97
1787407924385 97
1787407924575 96
1787407924766 97
1787407924957 98
1787407925151 97
1787407925345 96
1787407925538 95
1787407925729 671
1787407926495 97
1787407926687 95
1787407926878 88
1787407927062 96
1787407927253 95
1787407927443 96
1787407927636 97
1787407927919 99
1787407928113 96
1787407928304 96
1787407928570 98
1787407928763 97
1787407928956 96
1787407929148 699
1787407929943 97
1787407930137 96
1787407930328 96
1787407930521 97
1787407930713 96
1787407930906 96
1787407931098 98
1787407931293 98
1787407931486 97
1787407931681 97
1787407931876 90
1787407932154 99
1787407932349 95
1787407932542 99
1787407932828 97
1787407933022 94
1787407933215 96
1787407933411 98
1787407933607 691
1787407934397 97
1787407934593 98
1787407934880 99
1787407935078 96
1787407935273 98
1787407935560 98
1787407935757 98
1787407935954 99
1787407936151 97
1787407936437 97
1787407936633 98
1787407936909 95
1787407937103 98
1787407937302 95
1787407937496 97
1787407937692 98
1787407937979 688
1787407938766 99
1787407938965 98
1787407939160 98
1787407939357 98
1787407939554 97
1787407939751 98
1787407939947 97
1787407940142 98
1787407940337 98
1787407940533 99
1787407940732 96
1787407940925 95
1787407941117 100
1787407941314 99
1787407941511 100
1787407941707 98
1787407941904 92
1787407942094 695
1787407942886 97
1787407943081 99
1787407943277 100
1787407943476 100
1787407943674 99
1787407943872 100
1787407944071 100
1787407944268 98
1787407944464 99
1787407944661 81
1787407944914 98
1787407945110 99
1787407945306 101
1787407945505 101
1787407945704 101
1787407945903 99
1787407946190 701
1787407946989 100
1787407947187 101
1787407947386 100
1787407947585 100
1787407947785 100
1787407948075 99
1787407948273 101
1787407948471 101
1787407949290 100
1787407959695 703
1787407960496 100
1787407960695 100
1787407960895 98
1787407961092 100
1787407961290 101
1787407961490 101
1787407961690 100
1787407961888 93
1787407962079 100
1787407962279 99
1787407962476 101
1787407962675 101
1787407962874 101
1787407963073 101
1787407963273 99
1787407963471 727
1787407964297 101
1787407964496 101
1787407964695 101
1787407964895 102
1787407965174 102
1787407965374 99
1787407965574 101
1787407965776 101
1787407965974 101
1787407966175 102
1787407966376 102
1787407966577 102
1787407966779 101
1787407966980 103
1787407967182 102
1787407967383 102
1787407967584 762
1787407968447 100
1787407968647 101
1787407968847 101
1787407969047 102
1787407969249 102
1787407971608 101
1787407971901 94
1787407972279 101
1787407972572 100
1787407972772 102
1787407972974 102
1787407973175 102
1787407973376 103
1787407973578 101
1787407973779 102
1787407973980 103
1787407974184 102
1787407974387 103
1787407974590 101
1787407974791 103
1787407974992 104
1787407975195 101
1787407975396 102
1787407975598 767
1787407976464 104
1787407976668 103
1787407976871 102
1787407977074 103
1787407977356 103
1787407977560 103
1787407977766 103
1787407977970 103
1787407978175 101
1787407978377 102
1787407978580 102
1787407978783 102
1787407979079 103
1787407981226 105
1787407981431 104
1787407981717 104
1787407982294 102
1787407982496 104
1787407982690 105
1787407982898 105
1787407983104 105
1787407983298 113
1787407983512 113
1787407983716 785
1787407984605 130
1787407984826 130
1787407985059 129
1787407985292 129
1787407985525 131
1787407985758 131
1787407985991 130
1787407986224 129
1787407986458 129
1787407986690 131
1787407986923 123
1787407987150 129
1787407987384 130
1787407988477 131
1787407992282 117
1787407992503 115
1787407992722 117
1787407992941 117
1787407993161 117
1787407996492 781
1787408052525 782
1787408053411 116
1787408054468 107
1787408055128 111
1787408055621 113
1787408055934 114
1787408056152 110
1787408056365 113
1787408056581 114
1787408056801 115
1787408057018 113
1787408057515 113
1787408061747 113
1787408061963 113
1787408062178 112
1787408062393 113
1787408062609 112
1787408062823 114
1787408063039 112
1787408065483 114
1787408121157 786
1787408122883 128
1787408123461 115
1787408123856 114
1787408124723 113
1787408124937 113
1787408125151 116
1787408125369 116
1787408130189 113
1787408130402 113
1787408130617 114
1787408130833 112
1787408131046 113
1787408131441 115
1787408131659 114
1787408133435 113
1787408189925 742
1787408191296 111
1787408191788 110
1787408192360 127
1787408192589 127
1787408193558 128
1787408193787 127
1787408194015 127
1787408194244 124
1787408194469 125
1787408198958 111
1787408199170 113
1787408199382 112
1787408199593 111
1787408199804 110
1787408200108 112
1787408200321 113
1787408200719 112
1787408200931 111
1787408201143 113
1787408201992 107
1787408258601 763
1787408260322 106
1787408260616 113
1787408261020 132
1787408261256 130
1787408261962 129
1787408262193 129
1787408262427 131
1787408262661 131
1787408262896 131
1787408263131 127
1787408263744 128
1787408263977 130
1787408264209 131
1787408268291 132
1787408268526 130
1787408268757 127
1787408268987 129
1787408269219 129
1787408269827 128
1787408270058 130
1787408270572 128
1787408299198 776
1787408328180 770
1787408329977 114
1787408330633 114
1787408331131 105
1787408331809 106
1787408332017 97
1787408332404 105
1787408332611 105
1787408332821 106
1787408333029 105
1787408333237 105
1787408333728 114
1787408337933 104
1787408338325 103
1787408338530 105
1787408396001 791
1787408396894 110
1787408397942 110
1787408398877 127
1787408399480 114
1787408400067 114
1787408400377 114
1787408400594 113
1787408400810 115
1787408401027 113
1787408401243 113
1787408401461 114
1787408401678 115
1787408401895 114
1787408402112 126
1787408406487 118
1787408406802 117
1787408407020 111
1787408407232 114
1787408407446 115
1787408407662 114
1787408407878 114
1787408409100 114
1787408464549 766
1787408466245 112
1787408468023 102
1787408468227 103
1787408468524 116
1787408468741 110
1787408469414 109
1787408469623 91
1787408469801 103
1787408470098 103
1787408470397 104
1787408470601 105
1787408471082 104
1787408475318 117
1787408475537 116
1787408475844 112
1787408476058 113
1787408476249 117
1787408476468 112
1787408532606 776
1787408533483 113
1787408534519 115
1787408536541 102
1787408537204 111
1787408538241 102
1787408538445 102
1787408538649 102
1787408538852 102
1787408539054 104
1787408539259 102
1787408539463 101
1787408543768 108
1787408544067 108
1787408544276 109
1787408544486 107
1787408544693 109
1787408545267 111
1787408546198 791
1787408601727 768
1787408603503 125
1787408606011 119
1787408607583 111
1787408607794 112
1787408608008 112
1787408608221 112
1787408608432 115
1787408608649 112
1787408608864 113
1787408609169 113
1787408613485 109
1787408613694 107
1787408613902 109
1787408614112 107
1787408614320 108
1787408614528 758
1787408615387 111
1787408616053 109
1787408670892 704
1787408672555 98
1787408675038 92
1787408676575 96
1787408676761 93
1787408676943 94
1787408677128 94
1787408677311 94
1787408677494 92
1787408677675 93
1787408682285 89
1787408682464 90
1787408682644 90
1787408682825 705
1787408683624 89
1787408683802 90
1787408684141 88
1787408684318 90
1787408684734 87
1787408739635 712
1787408741317 98
1787408743174 93
1787408743517 93
1787408745137 93
1787408745640 91
1787408745978 93
1787408746161 93
1787408746346 94
1787408750233 88
1787408750411 89
1787408750904 89
1787408751083 92
1787408751343 89
1787408751520 90
1787408751778 693
1787408752562 89
1787408752741 87
1787408752917 90
1787408753338 92
1787408808387 719
1787408810085 99
1787408811226 94
1787408811726 94
1787408812392 93
1787408812894 92
1787408813077 95
1787408813263 96
1787408815297 93
1787408818953 92
1787408819213 93
1787408819396 95
1787408819580 93
1787408819762 94
1787408820343 94
1787408876812 715
1787408877612 93
1787408878278 101
1787408878467 102
1787408878821 98
1787408879010 99
1787408879521 100
1787408879795 101
1787408880471 100
1787408880744 101
1787408880935 99
1787408881123 99
1787408881312 101
1787408886450 93
1787408886794 93
1787408888485 92
1787408888746 94
1787408888930 96
1787408943994 691
1787408945256 90
1787408945758 90
1787408946423 100
1787408946695 100
1787408946883 98
1787408947232 96
1787408947578 100
1787408947849 101
1787408948040 98
1787408948228 101
1787408948418 99
1787408953174 99
1787408953443 99
1787408953632 98
1787408955651 99
1787409010949 717
1787409012327 92
1787409012750 93
1787409013493 93
1787409013756 91
1787409014016 94
1787409014200 96
1787409014385 94
1787409014727 93
1787409014982 87
1787409016043 86
1787409018305 96
1787409018811 94
1787409019075 98
1787409019263 100
1787409019612 98
1787409020121 98
1787409020307 99
1787409020575 100
1787409022840 99
1787409023028 98
1787409077203 729
1787409078185 101
1787409078457 98
1787409078646 101
1787409078836 98
1787409079185 96
1787409080011 93
1787409080195 94
1787409080460 95
1787409080645 97
1787409081478 94
1787409081664 93
1787409081848 96
1787409082276 90
1787409083899 96
1787409085287 96
1787409085473 93
1787409085657 95
1787409085841 95
1787409086188 95
1787409086373 96
1787409086638 93
1787409086820 96
1787409087006 95
1787409087191 97
1787409087855 95
1787409088042 95
1787409088227 94
1787409145154 726
1787409146136 100
1787409146326 99
1787409146515 100
1787409146777 95
1787409146961 95
1787409147146 96
1787409147333 95
1787409147598 97
1787409147784 95
1787409148287 92
1787409148431 95
1787409149504 94
1787409149771 95
1787409150118 94
1787409153019 94
1787409153202 94
1787409153385 96
1787409153894 92
1787409154078 96
1787409154264 97
1787409154450 95
1787409154635 91
1787409155457 94
1787409155643 94
1787409155828 94
1787409156011 95
1787409156598 92
1787409213613 730
1787409214760 93
1787409215024 95
1787409215209 97
1787409215397 95
1787409215582 97
1787409215769 97
1787409215957 96
1787409216227 98
1787409216415 97
1787409216603 94
1787409216788 96
1787409217057 97
1787409217246 97
1787409217434 97
1787409217621 97
1787409218133 95
1787409218319 96
1787409221657 101
1787409221850 99
1787409222040 102
1787409222233 98
1787409222743 100
1787409222934 93
1787409223118 95
1787409223303 96
1787409223490 96
1787409223678 97
1787409224028 95
1787409224214 94
1787409224560 94
1787409282424 738
1787409283341 95
1787409283931 97
1787409284120 96
1787409284306 95
1787409284492 95
1787409284679 96
1787409284865 95
1787409285218 97
1787409285488 97
1787409289330 101
1787409289848 101
1787409290040 100
1787409290231 100
1787409290421 101
1787409290612 102
1787409291049 101
1787409292443 94
1787409293519 96
1787409348949 750
1787409349958 96
1787409350639 96
1787409350826 96
1787409351014 96
1787409351202 97
1787409351883 96
1787409356306 99
1787409358708 102
1787409358983 102
1787409359255 126
1787409359481 120
1787409361012 98
1787409362097 730
1787409415771 739
1787409416602 96
1787409416789 97
1787409416979 96
1787409417331 96
1787409417518 97
1787409417706 95
1787409418059 98
1787409418249 97
1787409418437 98
1787409418793 97
1787409422502 102
1787409422694 102
1787409422888 102
1787409423407 102
1787409423765 100
1787409430536 744
1787409432273 96
1787409482748 749
1787409483593 99
1787409483789 96
1787409484302 96
1787409484489 95
1787409484678 96
1787409484948 97
1787409485302 97
1787409485491 98
1787409485925 96
1787409488802 102
1787409488996 101
1787409489434 101
1787409489626 100
1787409489817 101
1787409490009 102
1787409490611 101
1787409500343 743
1787409502091 96
1787409549481 737
1787409550392 95
1787409550580 95
1787409550768 95
1787409551365 97
1787409551636 97
1787409551826 96
1787409552180 98
1787409552535 98
1787409552970 97
1787409553159 97
1787409556059 101
1787409556332 101
1787409556608 101
1787409556801 102
1787409556995 101
1787409557514 101
1787409570264 749
1787409572011 96
1787409616527 751
1787409617376 97
1787409617564 95
1787409618079 97
1787409618267 97
1787409618457 95
1787409618890 98
1787409619081 98
1787409619352 96
1787409619706 97
1787409619977 96
1787409620331 97
1787409622571 96
1787409623007 97
1787409623441 100
1787409623633 102
1787409623827 102
1787409624022 101
1787409624215 101
1787409624656 101
1787409640759 744
1787409642502 97
1787409683549 754
1787409684483 96
1787409684755 97
1787409684945 96
1787409685133 96
1787409685321 96
1787409685509 97
1787409685699 99
1787409686130 97
1787409686489 96
1787409686842 96
1787409687360 97
1787409687550 97
1787409689895 98
1787409690084 96
1787409690272 96
1787409690707 101
1787409690899 101
1787409691092 101
1787409691286 102
1787409691480 100
1787409691757 101
1787409710856 756
1787409712635 95
1787409751083 751
1787409751932 98
1787409752122 96
1787409752310 96
1787409752498 96
1787409752686 95
1787409752874 98
1787409753063 95
1787409753293 99
1787409753650 98
1787409754008 97
1787409754531 96
1787409754721 97
1787409754911 97
1787409757069 97
1787409757339 96
1787409757526 93
1787409757798 96
1787409757987 101
1787409758181 102
1787409758622 102
1787409759475 102
1787409760731 101
1787409760925 101
1787409781207 758
1787409782972 98
1787409818812 759
1787409819664 97
1787409819934 96
1787409820123 96
1787409820313 99
1787409820503 97
1787409820774 97
1787409821131 97
1787409821653 97
1787409821843 97
1787409822034 98
1787409822476 97
1787409824658 96
1787409824929 102
1787409825124 101
1787409825317 101
1787409826422 102
1787409826617 102
1787409826977 101
1787409827829 102
1787409828022 103
1787409851082 758
1787409851937 101
1787409852975 96
1787409886547 768
1787409887413 96
1787409887603 96
1787409887793 96
1787409888150 97
1787409888669 97
1787409888858 97
1787409889048 99
1787409889819 97
1787409891674 97
1787409891945 102
1787409892138 101
1787409892330 101
1787409893519 102
1787409893714 102
1787409893909 102
1787409894104 101
1787409894954 103
1787409895150 102
1787409921350 753
1787409923110 96
1787409953447 768
1787409954308 98
1787409954580 112
1787409954787 112
1787409954993 112
1787409955206 108
1787409955416 110
1787409955810 110
1787409956020 108
1787409956230 110
1787409957342 107
1787409958993 122
1787409959213 124
1787409960882 119
1787409961197 122
1787409961419 121
1787409961886 102
1787409962081 102
1787409991268 755
1787409992118 97
1787409993140 99
1787410020657 765
1787410021687 97
1787410021877 99
1787410022154 97
1787410022345 97
1787410022535 97
1787410022724 98
1787410022916 98
1787410023107 98
1787410023299 98
1787410024239 100
1787410027260 104
1787410027540 103
1787410027735 101
1787410027929 101
1787410028369 103
1787410028649 103
1787410028845 101
1787410029040 102
1787410029236 103
1787410029431 105
1787410061464 759
1787410062319 100
1787410063343 97
1787410087993 760
1787410089017 99
1787410089292 99
1787410089484 99
1787410089676 99
1787410089868 100
1787410090061 99
1787410090253 99
1787410090445 98
1787410090636 99
1787410091498 98
1787410093438 103
1787410093634 104
1787410093830 108
1787410095193 105
1787410095556 103
1787410095753 102
1787410095948 103
1787410096147 103
1787410096346 103
1787410096544 103
1787410096740 102
1787410096935 106
1787410132300 759
1787410134066 98
1787410155262 771
1787410156296 99
1787410156490 99
1787410156682 98
1787410156874 101
1787410157068 100
1787410157262 101
1787410157455 100
1787410157733 99
1787410157927 100
1787410158625 98
1787410160652 104
1787410160849 105
1787410161133 109
1787410162175 104
1787410162708 104
1787410162904 103
1787410163099 107
1787410163382 105
1787410163665 105
1787410163866 103
1787410164063 105
1787410164261 104
1787410203473 778
1787410205210 99
1787410222503 772
1787410223542 99
1787410223734 99
1787410223927 101
1787410224123 100
1787410224316 98
1787410224508 100
1787410224785 101
1787410224981 99
1787410225175 101
1787410226134 100
1787410227691 96
1787410227963 99
1787410228155 106
1787410228356 107
1787410230391 105
1787410230590 104
1787410230787 104
1787410230985 104
1787410231183 107
1787410274387 779
1787410276189 100
1787410289388 775
1787410290257 101
1787410290451 99
1787410290644 101
1787410290839 99
1787410291032 103
1787410291229 101
1787410291510 99
1787410291704 100
1787410291899 101
1787410292095 102
1787410292289 101
1787410294582 99
1787410294860 101
1787410295055 101
1787410295250 103
1787410295446 106
1787410295647 106
1787410295931 106
1787410297730 103
1787410297927 106
1787410298125 105
1787410298324 103
1787410298521 105
1787410345430 775
1787410347232 99
1787410357222 100
1787410357416 100
1787410358036 100
1787410358231 101
1787410358428 100
1787410358623 794
1787410359517 106
1787410359717 101
1787410359913 100
1787410360194 102
1787410360561 100
1787410361095 101
1787410363992 105
1787410364190 105
1787410364892 104
1787410365091 105
1787410365289 106
1787410365490 105
1787410365689 104
1787410365888 106
1787410366088 104
1787410416292 843
1787410418081 99
1787410424428 99
1787410424960 102
1787410425157 99
1787410425351 101
1787410425549 100
1787410425748 101
1787410425945 104
1787410426143 102
1787410426341 102
1787410427564 100
1787410429252 105
1787410430635 790
1787410431523 112
1787410432152 106
1787410432352 108
1787410432639 106
1787410432840 106
1787410435902 107
1787410436103 109
1787410436479 107
1787410487232 784
1787410488976 97
1787410492082 101
1787410492532 99
1787410492726 98
1787410492920 100
1787410493115 101
1787410493486 102
1787410493683 102
1787410493882 100
1787410494675 100
1787410496903 107
1787410497188 109
1787410498061 108
1787410498348 108
1787410498721 107
1787410498923 106
1787410499124 109
1787410499328 106
1787410499528 106
1787410499898 106
1787410500099 106
1787410500638 778
1787410502192 105
1787410558369 738
1787410559443 98
1787410560053 90
1787410560324 91
1787410560509 90
1787410560694 92
1787410560880 91
1787410561065 92
1787410561252 92
1787410561695 90
1787410561970 92
1787410562328 91
1787410562945 93
1787410563134 93
1787410563407 93
1787410566790 89
1787410567143 88
1787410567326 91
1787410567596 90
1787410567865 89
1787410568049 91
1787410568830 89
1787410569349 88
1787410571048 767
1787410572252 89
1787410626916 766
1787410628368 107
1787410628739 104
1787410629536 105
1787410629819 107
1787410630013 100
1787410630379 100
1787410630747 101
1787410631113 101
1787410631309 100
1787410631504 100
1787410635253 89
1787410635437 90
1787410635621 89
1787410636057 90
1787410636241 91
1787410637103 91
1787410637288 92
1787410637474 92
1787410638255 90
1787410638440 89
1787410694107 765
1787410695484 106
1787410695941 105
1787410696228 107
1787410696432 111
1787410696637 105
1787410697007 107
1787410697209 105
1787410698088 106
1787410699406 105
1787410702568 93
1787410703520 89
1787410704132 89
1787410704317 90
1787410704501 91
1787410705024 92
1787410705382 90
1787410705821 90
1787410761109 777
1787410762410 109
1787410762955 109
1787410763159 109
1787410763363 109
1787410763568 109
1787410763773 111
1787410763978 106
1787410764180 108
1787410764383 111
1787410765190 106
1787410767798 91
1787410768394 96
1787410769180 98
1787410769452 96
1787410769644 97
1787410769837 97
1787410770200 96
1787410770392 96
1787410770839 96
1787410828679 814
1787410829592 110
1787410829798 111
1787410830005 109
1787410830211 110
1787410830852 109
1787410831060 108
1787410831267 109
1787410831473 109
1787410832108 109
1787410834463 93
1787410835165 91
1787410835352 93
1787410835541 92
1787410835816 93
1787410836004 95
1787410836195 94
1787410836385 94
1787410836574 95
1787410837107 93
1787410837299 92
1787410837487 92
1787410837677 92
1787410837865 91
1787410838614 98
1787410839671 98
1787410896432 823
1787410897530 107
1787410897735 110
1787410897941 106
1787410898146 108
1787410898351 108
1787410898557 108
1787410898850 109
1787410899056 108
1787410899262 107
1787410899466 109
1787410899672 109
1787410899882 108
1787410900871 110
1787410903757 92
1787410903946 93
1787410904135 91
1787410904323 93
1787410905118 93
1787410905308 90
1787410905495 92
1787410905685 94
1787410905876 91
1787410906065 94
1787410908596 99
1787410909658 100
1787410964624 814
1787410966420 109
1787410966626 109
1787410967008 113
1787410967572 111
1787410967870 113
1787410968081 112
1787410968290 111
1787410971734 94
1787410971925 94
1787410972115 95
1787410972308 95
1787410972501 94
1787410972692 96
1787410972886 92
1787410973248 95
1787410973787 92
1787410973977 94
1787410974168 95
1787410974361 95
1787410977904 97
1787410978969 801
1787411032402 831
1787411033510 113
1787411033808 112
1787411034019 111
1787411034228 111
1787411034436 111
1787411034645 113
1787411034854 112
1787411035062 115
1787411035277 115
1787411036277 111
1787411040290 94
1787411040482 93
1787411041546 94
1787411042258 95
1787411042887 94
1787411043167 183
1787411043805 97
1787411044259 93
1787411048435 798
1787411050217 99
1787411100014 820
1787411101025 113
1787411101591 112
1787411101802 111
1787411102100 112
1787411102309 116
1787411102524 114
1787411102737 112
1787411103123 111
1787411103421 114
1787411103810 111
1787411108130 95
1787411108322 95
1787411108776 93
1787411109664 93
1787411110468 94
1787411118378 801
1787411120155 101
1787411167034 822
1787411168314 112
1787411168702 114
1787411168914 112
1787411169124 115
1787411169337 114
1787411169552 111
1787411169761 112
1787411170321 112
1787411170531 116
1787411171008 124
1787411262398 818
1787411263321 98
1787411263599 835
1787411264517 99
1787411264718 99
1787411264914 830
1787411265850 102
1787411266137 834
1787411267079 102
1787411267283 100
1787411267485 100
1787411267692 100
1787411268006 850
1787411268975 98
1787411269184 98
1787411269478 98
1787411270336 110
1787411270649 107
1787411271059 104
1787411271265 102
1787411271468 109
1787411271870 107
1787411272084 103
1787411273134 100
1787411273337 100
1787411273541 99
1787411273739 98
1787411273941 99
1787411274145 100
1787411274348 842
1787411275294 101
1787411275499 101
1787411275705 102
1787411275911 102
1787411276107 102
1787411276312 100
1787411276516 101
1787411276720 100
1787411276924 871
1787411277901 99
1787411278184 103
1787411278391 103
1787411278599 102
1787411278804 101
1787411279010 100
1787411279214 102
1787411279421 875
1787411280361 99
1787411280566 101
1787411280771 101
1787411280977 100
1787411281182 99
1787411281386 100
1787411281591 101
1787411281796 101
1787411282002 101
1787411282206 879
1787411283277 102
1787411283484 101
1787411283692 101
1787411283898 101
1787411284105 102
1787411284313 101
1787411284522 108
1787411284735 107
1787411322569 892
1787411346896 889
1787411347895 112
1787411348114 112
1787411348335 109
1787411348551 114
1787411348773 113
1787411348994 111
1787411349214 110
1787411349431 109
1787411349647 110
1787411349861 111
1787411351358 120
1787411351776 124
1787411352007 125
1787411352238 113
1787411352458 113
1787411352677 115
1787411353092 115
1787414469040 884
1787414473597 114
1787414473816 110
1787414474036 110
1787414474344 109
1787414474837 112
1787414475052 110
1787414475266 111
1787414477917 109
1787414478225 111
1787414478441 112
1787414478656 112
1787414479810 109
1787414480118 109
1787414480332 110
1787414480643 112
1787414482271 111
1787414482673 111
1787414482888 110
1787414483103 110
1787414483317 111
1787414483533 110
1787414483938 877
1787414486434 112
1787414486650 111
1787414486865 109
1787414487078 108
1787414488038 109
1787414488347 110
1787414488562 112
1787414488874 109
1787414489088 110
1787414489302 106
1787414489512 111
1787414489727 111
1787414490130 110
1787414492136 110
1787414492351 111
1787414492566 110
1787414492875 110
1787414493373 109
1787414493588 109
1787414493801 110
1787414494016 111
1787414494421 110
1787414494635 111
1787414495038 111
1787414495348 110
1787414495656 109
1787414495869 111
1787414498158 110
1787414498373 110
1787414498681 109
1787414498895 112
1787414499111 891
1787414500203 112
1787414500606 110
1787414500914 111
1787414501600 111
1787414501815 110
1787414502218 110
1787414504224 108
1787414504534 110
1787414504749 109
1787414505056 112
1787414505272 111
1787414505581 110
1787414505891 111
1787414506106 109
1787414506886 110
1787414507102 111
1787414507318 110
1787414507625 110
1787414509435 108
1787414509836 107
1787414510052 110
1787414510361 111
1787414510577 108
1787414510886 110
1787414511291 107
1787414511502 110
1787414512378 110
1787414512879 111
1787414513188 110
1787414514632 882
1787414515808 110
1787414516023 110
1787414516333 113
1787414516741 110
1787414517050 104
1787414517351 111
1787414517755 110
1787414519286 110
1787414520158 111
1787414520467 111
1787414520778 110
1787414520993 110
1787414521301 110
1787414521610 110
1787414521824 110
1787414522132 111
1787414522538 111
1787414522941 110
1787414523156 111
1787414523372 109
1787414523773 112
1787414524934 112
1787414525525 110
1787414525739 113
1787414526050 110
1787414526265 109
1787414526574 111
1787414526789 111
1787414527101 109
1787414527408 112
1787414527910 110
1787414528406 110
1787414528906 110
1787414529120 108
1787414529614 110
1787414529920 891
1787414531486 112
1787414531798 110
1787414532011 110
1787414532225 111
1787414532535 110
1787414532751 112
1787414532967 111
1787414533372 112
1787414533588 110
1787414534560 111
1787414534868 111
1787414535557 111
1787414536057 113
1787414536559 110
1787414537154 111
1787414537562 110
1787414537777 111
1787414537991 111
1787414538584 112
1787414539555 110
1787414540427 109
1787414541209 111
1787414541516 113
1787414541828 112
1787414542044 111
1787414542353 111
1787414542570 110
1787414542879 110
1787414543094 111
1787414543500 110
1787414543808 111
1787414544025 111
1787414544523 113
1787414544836 111
1787414546291 890
1787414547760 112
1787414548167 112
1787414548383 111
1787414548599 111
1787414548904 112
1787414549120 111
1787414549715 111
1787414550026 110
1787414550810 113
1787414552357 110
1787414553046 111
1787414553357 110
1787414553572 111
1787414553883 111
1787414554098 109
1787414554788 112
1787414555006 111
1787414555221 111
1787414555721 108
1787414556220 108
1787414557859 112
1787414558075 111
1787414558386 107
1787414558790 111
1787414559100 106
1787414559403 110
1787414559619 108
1787414559926 109
1787414560140 110
1787414560639 108
1787414561326 110
1787414562015 910
1787414563984 110
1787414564485 111
1787414564890 111
1787414565106 111
1787414565415 110
1787414565820 111
1787414566037 112
1787414566255 112
1787414566565 112
1787414567731 111
1787414568611 110
1787414569015 112
1787414569327 112
1787414569542 111
1787414569758 111
1787414570164 111
1787414570379 110
1787414570783 111
1787414571283 111
1787414571499 110
1787414571716 110
1787414572124 110
1787414572525 110
1787414572926 108
1787414573899 110
1787414574493 111
1787414574709 112
1787414574929 111
1787414575144 110
1787414575736 109
1787414576042 111
1787414576730 111
1787414576948 110
1787414577259 112
1787414577666 897
1787414578956 112
1787414579461 111
1787414579772 113
1787414580461 113
1787414580679 112
1787414580991 113
1787414581398 112
1787414581616 111
1787414582119 112
1787414582430 110
1787414583120 110
1787414583336 112
1787414583933 110
1787414584529 110
1787414585123 112
1787414585339 110
1787414585554 109
1787414585768 109
1787414586362 108
1787414586576 111
1787414586982 111
1787414587292 112
1787414587604 110
1787414587914 111
1787414588698 112
1787414589009 111
1787414590076 112
1787414590675 111
1787414590892 110
1787414591204 110
1787414591514 112
1787414591730 110
1787414591946 111
1787414592258 109
1787414592473 107
1787414592688 111
1787414593094 906
1787414594108 110
1787414594704 112
1787414595206 110
1787414595422 111
1787414596680 113
1787414596994 111
1787414597210 112
1787414597712 112
1787414597929 111
1787414598338 112
1787414598649 112
1787414598867 111
1787414599369 110
1787414600157 111
1787414600374 111
1787414600685 110
1787414601941 110
1787414602438 109
1787414602747 111
1787414602963 110
1787414603178 111
1787414603774 109
1787414603989 110
1787414604299 112
1787414604516 109
1787414604732 108
1787414604949 110
1787414605352 110
1787414605852 111
1787414606068 109
1787414606565 110
1787414607444 109
1787414608135 111
1787414608352 898
1787414609356 112
1787414609761 111
1787414610073 110
1787414610288 110
1787414610694 112
1787414610911 111
1787414611318 111
1787414611820 112
1787414612037 110
1787414612346 112
1787414613131 110
1787414613821 111
1787414614419 110
1787414614634 112
1787414615039 110
1787414615351 110
1787414615665 111
1787414615978 110
1787414616290 111
1787414616505 113
1787414616722 111
1787414616939 112
1787414617156 111
1787414617752 112
1787414617969 111
1787414618857 111
1787414619457 110
1787414620051 112
1787414620554 113
1787414620866 112
1787414621371 111
1787414621589 111
1787414621901 111
1787414622309 110
1787414622525 110
1787414622836 110
1787414623239 113
1787414623744 899
1787414625129 112
1787414625441 108
1787414626035 112
1787414626344 121
1787414627046 113
1787414627361 112
1787414627674 112
1787414627891 110
1787414628296 109
1787414628607 111
1787414628823 111
1787414629133 111
1787414629349 111
1787414629756 112
1787414630452 110
1787414630858 111
1787414631550 112
1787414631766 111
1787414632553 110
1787414632959 111
1787414633367 109
1787414633583 113
1787414634087 112
1787414634400 110
1787414634806 111
1787414635117 110
1787414635428 110
1787414636021 108
1787414636427 112
1787414636836 111
1787414637054 111
1787414637459 109
1787414637960 111
1787414638273 111
1787414638776 112
1787414639371 917
1787414640394 112
1787414640899 109
1787414641209 112
1787414641427 113
1787414641931 111
1787414642147 112
1787414642364 111
1787414642963 111
1787414643273 114
1787414643971 112
1787414644189 110
1787414644502 110
1787414644814 111
1787414645600 111
1787414645913 110
1787414646227 112
1787414646923 113
1787414647332 122
1787414647561 113
1787414648066 111
1787414648377 113
1787414648595 113
1787414648813 113
1787414649315 112
1787414649628 109
1787414650031 113
1787414650441 112
1787414651230 110
1787414651446 112
1787414651950 114
1787414652359 113
1787414652672 110
1787414653078 111
1787414653294 112
1787414653511 111
1787414653825 113
1787414654043 112
1787414654356 113
1787414655249 914
1787414656367 113
1787414656964 111
1787414657562 112
1787414657779 112
1787414658475 112
1787414658790 112
1787414659103 113
1787414659702 112
1787414659920 110
1787414660135 111
1787414660542 111
1787414660854 110
1787414661165 112
1787414662049 113
1787414662553 113
1787414662867 113
1787414663086 111
1787414663398 112
1787414663899 112
1787414664116 113
1787414664996 113
1787414665214 112
1787414665717 112
1787414666030 111
1787414666247 110
1787414666653 110
1787414666967 112
1787414667471 112
1787414667881 111
1787414668191 111
1787414668502 113
1787414668721 115
1787414668942 112
1787414669350 112
1787414669662 112
1787414670545 111
1787414671046 917
1787414672072 113
1787414672667 111
1787414672979 113
1787414673199 111
1787414673417 110
1787414673727 112
1787414673945 112
1787414674640 113
1787414675050 112
1787414675361 112
1787414675673 109
1787414675987 108
1787414676677 111
1787414677275 107
1787414677683 109
1787414678278 109
1787414678684 112
1787414678902 109
1787414679216 111
1787414679529 112
1787414679747 113
1787414680157 110
1787414680563 112
1787414680780 112
1787414681092 113
1787414681311 113
1787414681626 112
1787414681940 112
1787414682254 112
1787414682856 111
1787414683930 112
1787414684147 112
1787414684653 112
1787414684966 114
1787414685282 112
1787414685594 111
1787414685811 111
1787414686315 111
1787414686533 918
1787414687560 112
1787414688064 112
1787414688950 112
1787414689838 110
1787414690718 110
1787414690935 112
1787414691343 110
1787414691559 113
1787414691778 111
1787414692187 111
1787414692403 107
1787414692616 108
1787414692829 111
1787414693331 111
1787414693548 112
1787414694531 113
1787414694845 112
1787414695544 113
1787414696434 111
1787414696747 111
1787414697158 112
1787414697379 107
1787414697591 110
1787414697903 113
1787414698218 112
1787414698436 112
1787414699033 112
1787414699729 109
1787414700615 113
1787414701505 112
1787414702204 912
1787414703226 112
1787414703537 112
1787414703754 114
1787414703974 111
1787414704190 110
1787414704597 110
1787414705002 114
1787414705221 113
1787414705823 112
1787414706710 112
1787414707024 113
1787414707528 113
1787414708324 110
1787414708639 112
1787414708857 113
1787414709172 110
1787414709389 113
1787414709895 113
1787414710113 111
1787414710711 112
1787414711407 112
1787414712104 112
1787414712608 112
1787414712922 114
1787414713907 110
1787414714123 111
1787414714339 112
1787414714745 112
1787414715247 113
1787414715562 111
1787414715780 110
1787414715995 113
1787414716595 112
1787414716908 112
1787414717411 112
1787414717918 913
1787414719223 112
1787414720015 111
1787414720422 111
1787414720640 113
1787414720954 111
1787414721647 112
1787414722055 114
1787414722369 111
1787414722587 114
1787414723091 113
1787414723310 112
1787414723526 113
1787414724320 112
1787414724538 112
1787414725137 112
1787414725451 112
1787414725669 113
1787414726079 112
1787414726296 111
1787414726512 113
1787414727785 111
1787414728003 112
1787414728412 113
1787414728630 113
1787414728850 113
1787414729355 112
1787414729861 113
1787414730177 112
1787414730492 113
1787414730902 112
1787414731215 112
1787414731431 112
1787414731649 114
1787414731868 112
1787414733518 902
1787414734622 111
1787414734839 111
1787414735055 111
1787414735272 110
1787414735587 111
1787414736185 112
1787414736500 113
1787414736718 111
1787414737128 112
1787414737347 111
1787414737660 110
1787414737877 110
1787414738092 110
1787414738309 109
1787414740240 113
1787414740459 112
1787414740678 113
1787414740993 110
1787414741305 110
1787414741617 111
1787414741834 112
1787414742148 112
1787414742368 111
1787414742681 108
1787414743089 111
1787414743402 112
1787414743619 111
1787414743837 109
1787414745578 113
1787414746182 111
1787414746779 113
1787414746997 111
1787414747214 112
1787414747526 110
1787414747742 112
1787414748056 112
1787414748370 112
1787414748684 112
1787414748997 112
1787414750074 926
1787414751978 112
1787414752675 113
1787414752894 111
1787414753402 109
1787414753617 114
1787414753836 114
1787414754057 113
1787414754370 111
1787414754779 111
1787414755378 112
1787414756169 114
1787414756958 113
1787414757557 110
1787414758061 112
1787414758280 111
1787414758497 111
1787414758713 113
1787414759505 115
1787414759726 112
1787414759944 113
1787414760163 113
1787414760382 112
1787414760601 112
1787414761201 114
1787414761423 110
1787414762597 112
1787414762815 112
1787414763413 114
1787414763823 113
1787414764714 114
1787414765221 113
1787414765729 920
1787414766758 114
1787414766977 113
1787414767197 112
1787414767415 113
1787414768213 110
1787414768525 112
1787414768743 112
1787414769538 113
1787414769948 111
1787414770733 113
1787414771240 113
1787414771750 113
1787414772448 113
1787414772666 113
1787414772885 112
1787414773103 109
1787414773419 111
1787414773731 113
1787414774141 111
1787414774455 109
1787414774769 111
1787414775083 112
1787414775973 113
1787414776481 112
1787414776699 113
1787414777110 112
1787414778485 112
1787414778703 113
1787414778922 111
1787414779140 112
1787414779358 112
1787414779962 109
1787414780180 113
1787414780400 109
1787414781187 111
1787414781502 914
1787414782714 113
1787414783221 114
1787414784781 114
1787414785000 111
1787414785217 113
1787414785435 112
1787414785652 113
1787414785871 111
1787414786089 111
1787414786306 113
1787414786617 109
1787414787220 114
1787414787440 109
1787414787656 111
1787414788158 114
1787414788665 112
1787414790228 113
1787414790447 113
1787414790667 114
1787414790984 111
1787414791586 111
1787414791804 113
1787414792023 112
1787414792242 112
1787414792844 113
1787414793255 113
1787414793474 111
1787414793884 113
1787414795252 114
1787414795568 113
1787414795884 113
1787414796775 113
1787414797089 924
1787414798218 118
1787414798443 111
1787414798659 111
1787414798876 113
1787414799380 112
1787414799696 110
1787414799914 112
1787414800325 113
1787414801226 114
1787414801830 112
1787414802048 112
1787414802266 112
1787414802869 112
1787414803470 114
1787414803689 111
1787414803907 111
1787414804220 111
1787414804632 112
1787414804948 112
1787414805167 110
1787414805384 111
1787414805987 111
1787414806873 112
1787414807472 113
1787414807691 112
1787414808294 112
1787414808995 113
1787414809214 111
1787414809433 112
1787414809744 113
1787414810248 111
1787414810466 112
1787414810683 111
1787414810996 113
1787414811217 112
1787414811722 112
1787414812227 113
1787414813024 923
1787414814731 112
1787414815142 112
1787414815457 112
1787414815869 113
1787414816088 109
1787414816498 113
1787414816813 111
1787414817031 111
1787414817247 110
1787414817559 109
1787414818159 112
1787414818571 113
1787414819175 112
1787414819491 111
1787414820278 112
1787414820689 114
1787414821387 112
1787414821795 111
1787414822012 113
1787414822616 112
1787414823023 111
1787414823241 113
1787414823557 113
1787414823871 113
1787414824474 110
1787414824692 111
1787414824909 112
1787414825610 112
1787414826115 113
1787414826430 113
1787414827132 113
1787414827351 112
1787414827954 111
1787414828171 113
1787414828578 936
1787414830007 111
1787414830225 111
1787414830635 113
1787414831047 112
1787414831551 111
1787414831960 113
1787414832561 112
1787414833162 113
1787414833380 110
1787414833886 111
1787414834488 112
1787414834897 112
1787414835306 112
1787414835717 111
1787414836032 111
1787414836441 112
1787414836849 113
1787414837551 112
1787414838248 112
1787414838467 111
1787414839638 113
1787414839954 113
1787414840269 113
1787414840584 113
1787414841094 112
1787414841313 111
1787414841625 112
1787414841842 112
1787414842061 113
1787414842280 113
1787414842789 112
1787414843677 112
1787414843894 113
1787414845080 928
1787414846215 113
1787414846435 112
1787414846653 112
1787414846871 113
1787414847090 113
1787414847310 113
1787414848207 113
1787414848616 111
1787414848835 114
1787414849246 111
1787414849658 113
1787414850165 113
1787414851249 112
1787414851661 112
1787414852074 110
1787414852581 112
1787414852800 113
1787414853405 113
1787414853624 113
1787414853844 111
1787414854157 113
1787414854567 113
1787414855076 113
1787414855295 112
1787414855802 111
1787414856688 114
1787414857005 110
1787414857223 112
1787414857729 113
1787414858237 113
1787414858457 111
1787414858676 112
1787414859086 110
1787414859401 112
1787414859813 112
1787414860420 114
1787414860833 923
1787414861962 114
1787414862862 112
1787414863081 112
1787414863396 113
1787414864004 114
1787414864611 114
1787414864928 112
1787414865145 111
1787414865459 113
1787414865775 113
1787414865993 112
1787414866404 113
1787414866911 113
1787414867227 112
1787414867542 112
1787414867759 112
1787414868172 113
1787414868680 112
1787414868996 114
1787414869600 113
1787414870397 114
1787414870811 112
1787414871029 113
1787414871344 113
1787414871949 113
1787414872168 113
1787414872388 113
1787414872799 113
1787414873307 113
1787414873526 112
1787414873936 113
1787414874155 113
1787414874854 111
1787414875745 112
1787414876058 111
1787414876467 926
1787414877696 122
1787414878025 114
1787414878339 113
1787414878752 111
1787414879255 113
1787414879763 111
1787414879980 113
1787414880199 112
1787414880514 114
1787414880927 112
1787414881812 113
1787414882127 113
1787414882541 113
1787414883340 112
1787414883845 112
1787414884063 113
1787414884475 108
1787414884785 111
1787414885003 113
1787414885416 112
1787414885730 113
1787414886043 110
1787414886546 112
1787414886955 111
1787414887173 114
1787414887489 112
1787414887996 112
1787414888407 111
1787414889491 112
1787414889900 113
1787414890406 112
1787414890624 112
1787414890843 112
1787414891062 111
1787414891664 112
1787414892168 929
1787414893398 113
1787414893714 113
1787414894321 110
1787414895211 111
1787414895429 112
1787414895936 112
1787414896537 112
1787414896755 113
1787414896974 113
1787414897483 114
1787414897799 114
1787414898020 112
1787414898335 113
1787414898653 112
1787414899065 111
1787414899282 111
1787414899883 114
1787414900584 111
1787414900802 113
1787414901410 114
1787414901821 112
1787414902137 114
1787414902741 112
1787414902960 112
1787414903851 113
1787414904071 114
1787414904291 112
1787414904509 109
1787414905111 113
1787414905720 111
1787414906036 112
1787414906736 111
1787414907051 112
1787414907366 114
1787414907973 916
1787414909575 113
1787414909795 114
1787414910112 113
1787414910430 112
1787414910648 112
1787414910867 113
1787414911183 114
1787414911790 114
1787414912012 114
1787414912619 111
1787414913031 112
1787414913251 112
1787414913471 111
1787414913786 112
1787414914199 113
1787414915189 113
1787414915503 114
1787414915724 111
1787414915943 113
1787414916551 109
1787414916959 113
1787414917180 113
1787414917400 113
1787414918199 113
1787414918419 111
1787414918637 114
1787414918857 111
1787414919363 111
1787414919678 112
1787414919994 113
1787414920699 111
1787414921209 114
1787414921528 113
1787414922326 113
1787414922640 111
1787414922955 112
1787414923174 112
1787414923977 938
1787414925026 112
1787414925244 111
1787414925654 114
1787414926258 113
1787414926962 113
1787414927476 111
1787414927791 110
1787414928393 113
1787414928806 111
1787414929315 112
1787414929633 113
1787414930139 110
1787414930450 111
1787414930668 110
1787414930886 111
1787414931592 113
1787414931812 112
1787414932617 113
1787414932835 112
1787414933150 112
1787414933560 111
1787414933971 110
1787414934283 112
1787414934893 112
1787414935207 112
1787414935616 111
1787414935931 114
1787414936150 113
1787414936465 110
1787414936779 113
1787414937289 111
1787414937705 112
1787414938119 113
1787414938630 112
1787414939139 114
1787414939359 114
1787414939580 122
1787414939810 932
1787414941530 116
1787414941947 110
1787414942356 114
1787414942576 113
1787414943282 112
1787414943500 113
1787414944104 109
1787414944321 112
1787414944733 112
1787414945144 113
1787414945653 114
1787414945872 111
1787414946187 112
1787414947272 112
1787414947490 112
1787414947807 112
1787414948026 111
1787414948343 111
1787414948658 112
1787414948876 113
1787414949483 112
1787414949798 113
1787414950018 114
1787414950238 111
1787414950651 114
1787414950968 111
1787414951380 111
1787414951598 112
1787414952298 111
1787414953096 112
1787414953412 112
1787414953631 110
1787414953947 114
1787414954361 109
1787414954579 113
1787414954990 112
1787414955209 111
1787414955813 932
1787414956951 113
1787414957268 112
1787414957488 112
1787414957707 112
1787414958022 111
1787414959205 112
1787414959423 113
1787414959836 112
1787414960054 116
1787414960373 113
1787414960980 110
1787414961490 111
1787414961709 111
1787414962025 112
1787414962244 112
1787414962658 114
1787414963166 112
1787414963343 112
1787414963562 112
1787414963781 112
1787414964192 110
1787414964992 111
1787414965500 112
1787414965718 112
1787414965938 111
1787414966156 112
1787414966951 113
1787414967366 112
1787414967584 113
1787414968189 112
1787414968408 114
1787414968726 114
1787414969140 114
1787414969458 113
1787414969774 115
1787414970192 112
1787414970705 113
1787414971023 114
1787414971242 112
1787414971558 922
1787414973166 113
1787414973386 112
1787414974090 114
1787414974312 114
1787414974532 114
1787414974753 113
1787414975264 112
1787414975483 115
1787414975704 112
1787414975925 111
1787414976143 111
1787414976939 112
1787414977255 112
1787414977670 111
1787414977889 112
1787414978787 111
1787414979391 112
1787414979899 113
1787414980409 115
1787414980825 113
1787414981044 112
1787414981456 113
1787414981775 114
1787414982481 113
1787414982701 113
1787414983017 113
1787414983236 113
1787414983651 113
1787414984450 113
1787414985056 113
1787414985567 113
1787414985787 111
1787414986395 113
1787414986615 113
1787414987124 113
1787414987635 929
1787414988675 114
1787414989088 112
1787414989502 113
1787414989817 111
1787414990421 112
1787414991025 111
1787414991924 113
1787414992241 111
1787414992556 114
1787414992971 113
1787414993579 111
1787414993801 110
1787414994118 113
1787414994434 115
1787414994848 111
1787414995455 112
1787414995675 112
1787414996480 113
1787414996893 113
1787414997596 112
1787414998104 112
1787414998422 114
1787414998643 113
1787414998863 113
1787414999179 112
1787414999400 112
1787414999619 113
1787415000423 114
1787415000644 111
1787415000959 115
1787415001279 114
1787415001598 114
1787415002198 113
1787415002418 113
1787415003118 113
1787415003820 925
1787415005046 113
1787415005266 114
1787415005680 113
1787415006089 114
1787415006506 115
1787415007215 114
1787415007532 111
1787415007846 111
1787415008259 112
1787415008576 111
1787415008795 112
1787415009209 112
1787415009429 114
1787415010137 113
1787415010550 113
1787415011062 114
1787415011379 113
1787415011599 113
1787415011916 111
1787415012135 112
1787415013128 114
1787415013641 112
1787415013860 114
1787415014277 113
1787415014499 110
1787415014815 114
1787415015715 114
1787415015935 112
1787415016443 113
1787415016759 112
1787415016978 112
1787415017198 113
1787415017418 113
1787415017930 113
1787415018151 112
1787415018851 113
1787415019846 921
1787415020875 114
1787415021097 112
1787415021899 114
1787415022218 113
1787415022724 112
1787415023135 114
1787415023356 113
1787415023768 112
1787415024660 113
1787415024975 111
1787415025871 113
1787415026189 112
1787415026600 113
1787415026820 113
1787415027138 113
1787415027455 113
1787415027871 112
1787415028189 111
1787415028698 113
1787415029112 113
1787415029429 112
1787415029939 112
1787415030738 110
1787415030957 113
1787415031274 112
1787415031585 116
1787415031809 110
1787415032321 112
1787415032832 114
1787415033151 110
1787415033468 111
1787415033882 114
1787415034199 114
1787415035098 112
1787415035318 112
1787415035637 114
1787415036833 924
1787415037864 113
1787415038083 114
1787415038793 114
1787415039111 113
1787415039331 113
1787415039551 111
1787415039864 113
1787415040277 113
1787415041459 116
1787415041682 114
1787415042002 112
1787415042707 115
1787415042929 113
1787415043342 114
1787415043564 114
1787415044176 112
1787415044490 112
1787415044712 114
1787415044933 114
1787415045252 114
1787415045571 113
1787415045790 114
1787415046109 114
1787415047108 113
1787415047720 113
1787415047941 113
1787415048161 112
1787415048479 113
1787415049183 113
1787415049794 114
1787415050016 114
1787415050431 114
1787415050652 113
1787415050969 113
1787415051189 112
1787415051505 113
1787415051921 113
1787415052532 112
1787415053621 921
1787415054747 113
1787415055257 112
1787415055672 114
1787415056089 113
1787415056310 113
1787415056531 121
1787415056759 113
1787415057173 122
1787415057502 122
1787415058126 114
1787415058445 111
1787415058663 111
1787415059854 113
1787415060170 112
1787415060680 113
1787415061193 112
1787415061508 113
1787415061727 112
1787415062236 112
1787415062746 111
1787415063160 113
1787415063478 113
1787415063795 113
1787415065085 113
1787415065403 113
1787415065624 113
1787415066427 114
1787415066649 114
1787415066966 114
1787415067481 114
1787415067995 113
1787415068506 112
1787415068821 115
1787415069139 115
1787415070003 942
1787415071442 113
1787415072052 114
1787415072758 113
1787415072979 113
1787415073199 114
1787415073803 113
1787415074120 113
1787415074533 113
1787415074754 114
1787415075170 113
1787415075781 114
1787415076686 112
1787415077489 115
1787415077810 114
1787415078131 114
1787415078448 111
1787415078958 115
1787415079278 113
1787415079595 111
1787415079912 113
1787415080231 112
1787415080451 111
1787415081056 115
1787415081374 114
1787415081788 112
1787415082978 114
1787415083298 114
1787415083713 113
1787415083934 111
1787415084250 114
1787415084666 114
1787415084981 113
1787415085396 115
1787415086105 927
1787415087727 113
1787415088047 115
1787415088954 113
1787415089272 114
1787415089689 115
1787415089911 113
1787415090518 112
1787415090738 113
1787415091056 113
1787415091471 115
1787415091887 113
1787415092106 114
1787415092620 113
1787415092937 113
1787415093157 113
1787415093765 113
1787415094372 112
1787415094886 114
1787415095107 113
1787415095328 113
1787415096231 114
1787415096453 113
1787415096964 113
1787415097185 112
1787415097601 113
1787415097821 112
1787415098428 114
1787415098650 113
1787415099554 113
1787415099773 113
1787415099994 114
1787415100407 114
1787415100628 110
1787415100846 112
1787415101258 113
1787415101962 113
1787415102182 939
1787415103620 113
1787415103937 115
1787415104641 111
1787415105051 114
1787415105467 113
1787415105688 113
1787415106106 112
1787415106617 114
1787415107029 113
1787415107733 113
1787415107952 113
1787415108269 113
1787415108781 112
1787415109001 113
1787415109612 110
1787415110024 112
1787415110636 114
1787415111052 113
1787415111371 115
1787415111592 114
1787415111910 113
1787415112322 113
1787415112832 114
1787415113150 114
1787415113370 113
1787415114072 114
1787415114586 113
1787415115000 113
1787415115804 112
1787415116217 116
1787415116732 114
1787415116953 114
1787415117465 114
1787415117781 114
1787415118495 933
1787415119829 114
1787415120146 112
1787415120853 115
1787415121367 114
1787415121687 114
1787415122589 115
1787415122810 111
1787415123028 113
1787415123249 113
1787415123664 113
1787415123983 116
1787415124205 113
1787415124623 112
1787415125133 114
1787415125941 114
1787415126455 113
1787415126870 112
1787415127480 113
1787415127896 112
1787415128212 114
1787415128627 112
1787415128846 113
1787415129358 115
1787415129581 114
1787415129802 112
1787415130216 114
1787415130438 114
1787415131440 114
1787415132149 112
1787415132369 114
1787415132591 113
1787415133294 114
1787415133614 113
1787415133933 113
1787415134251 113
1787415134961 924
1787415135993 113
1787415136311 114
1787415137208 114
1787415137525 112
1787415138038 113
1787415138943 117
1787415139265 113
1787415139679 113
1787415139899 113
1787415140218 113
1787415140924 112
1787415141242 114
1787415141562 114
1787415141783 112
1787415142100 113
1787415142712 113
1787415143125 115
1787415143346 113
1787415144153 114
1787415144570 110
1787415144787 112
1787415145007 113
1787415145419 113
1787415145640 112
1787415145860 114
1787415146081 114
1787415146498 114
1787415146911 114
1787415147904 114
1787415148125 113
1787415148444 112
1787415148763 114
1787415149274 115
1787415149790 114
1787415150110 113
1787415150330 113
1787415150550 114
1787415150772 114
1787415151190 948
1787415152736 113
1787415153056 113
1787415153277 111
1787415153594 113
1787415154788 113
1787415155009 114
1787415155231 115
1787415155939 115
1787415156163 113
1787415156482 115
1787415156897 114
1787415157119 113
1787415157630 115
1787415158144 114
1787415158660 113
1787415158880 114
1787415159296 113
1787415160300 115
1787415160523 113
1787415160841 113
1787415161161 114
1787415161382 113
1787415161798 113
1787415162312 114
1787415162533 113
1787415163148 113
1787415163856 113
1787415164464 113
1787415165269 113
1787415165488 114
1787415165711 114
1787415166321 113
1787415166541 111
1787415166760 114
1787415167077 115
1787415167300 930
1787415168340 113
1787415168657 114
1787415168879 114
1787415169196 115
1787415170105 114
1787415170425 113
1787415171231 112
1787415171743 114
1787415172062 115
1787415172478 113
1787415172797 113
1787415173018 113
1787415173336 113
1787415173557 114
1787415173974 115
1787415174197 113
1787415174516 114
1787415174933 115
1787415175835 114
1787415176346 110
1787415177244 115
1787415177564 114
1787415177786 111
1787415178197 114
1787415178615 114
1787415178934 116
1787415179448 113
1787415179669 112
1787415180275 112
1787415180495 113
1787415180910 113
1787415181325 114
1787415182323 115
1787415182545 113
1787415182862 114
1787415183179 113
1787415183398 959
1787415184664 113
1787415184885 113
1787415185106 114
1787415185617 114
1787415185840 113
1787415186453 114
1787415187254 113
1787415187475 112
1787415187793 112
1787415188108 113
1787415188718 113
1787415189133 114
1787415189355 114
1787415189575 115
1787415190090 114
1787415190312 114
1787415190631 115
1787415190854 115
1787415191465 114
1787415192267 114
1787415192684 113
1787415193688 115
1787415194009 113
1787415194230 113
1787415194453 115
1787415194773 115
1787415195287 114
1787415195607 113
1787415195828 115
1787415196248 116
1787415196471 114
1787415197575 113
1787415197994 113
1787415198216 111
1787415198633 114
1787415199535 114
1787415199756 952
1787415200820 112
1787415201138 113
1787415201457 114
1787415201678 112
1787415201898 113
1787415202510 114
1787415203410 113
1787415204120 115
1787415204440 113
1787415204858 111
1787415205466 114
1787415205883 113
1787415206104 114
1787415206326 113
1787415206743 114
1787415206966 114
1787415207187 113
1787415207408 113
1787415207630 113
1787415207947 114
1787415209144 113
1787415210048 114
1787415210269 113
1787415210786 112
1787415211202 114
1787415211521 115
1787415211942 114
1787415212458 113
1787415212778 113
1787415212999 112
1787415213219 113
1787415213441 114
1787415214741 113
1787415215257 113
1787415215868 948
1787415217027 115
1787415217446 114
1787415217669 114
1787415217891 115
1787415218115 114
1787415218535 114
1787415218757 113
1787415219173 115
1787415219594 114
1787415220107 113
1787415220328 113
1787415221419 115
1787415221837 117
1787415222062 115
1787415222871 114
1787415223094 114
1787415223317 114
1787415223637 115
1787415224150 112
1787415224370 114
1787415224790 114
1787415225306 114
1787415225724 113
1787415225947 114
1787415226754 113
1787415227369 112
1787415227883 113
1787415228299 114
1787415228618 114
1787415228839 114
1787415229059 115
1787415229477 114
1787415229700 112
1787415230801 115
1787415231218 116
1787415231830 114
1787415232245 947
1787415233401 114
1787415233916 112
1787415234137 113
1787415234554 115
1787415234777 113
1787415234997 113
1787415235510 115
1787415235733 113
1787415236542 114
1787415237251 113
1787415237965 115
1787415238187 123
1787415238419 112
1787415238641 112
1787415238862 115
1787415239281 115
1787415239800 115
1787415240220 114
1787415240442 114
1787415240762 113
1787415240984 113
1787415241304 115
1787415241725 114
1787415242722 114
1787415243438 114
1787415243660 114
1787415243882 113
1787415244102 113
1787415244520 113
1787415244838 114
1787415245357 112
1787415245577 113
1787415245798 114
1787415246316 113
1787415246731 114
1787415247442 114
1787415247764 115
1787415248576 942
1787415250017 115
1787415250241 113
1787415250660 112
1787415250979 114
1787415251298 116
1787415251523 114
1787415251941 114
1787415252261 114
1787415252580 116
1787415252999 114
1787415254002 114
1787415254714 112
1787415255227 114
1787415255548 116
1787415255771 115
1787415256190 114
1787415256413 113
1787415256928 115
1787415257152 113
1787415257373 114
1787415257694 115
1787415258310 114
1787415260005 113
1787415260325 113
1787415260645 113
1787415260867 114
1787415261188 113
1787415261409 114
1787415261631 113
1787415261853 113
1787415262075 113
1787415262395 111
1787415262907 114
1787415263131 112
1787415263450 112
1787415264063 114
1787415265564 953
1787415267118 115
1787415267342 113
1787415267563 114
1787415267886 115
1787415268108 115
1787415268332 115
1787415268554 115
1787415268878 114
1787415269394 113
1787415269615 115
1787415269839 114
1787415270062 114
1787415270285 114
1787415270606 114
1787415272487 113
1787415272903 114
1787415273125 114
1787415273348 114
1787415273670 114
1787415273894 114
1787415274115 115
1787415274633 113
1787415274855 114
1787415275272 116
1787415275692 116
1787415275916 115
1787415276238 114
1787415278324 112
1787415278644 114
1787415278866 114
1787415279182 115
1787415279406 113
1787415279824 112
1787415280240 115
1787415280857 116
1787415281279 114
1787415281798 931
1787415284219 115
1787415284441 115
1787415284665 115
1787415284888 115
1787415285604 124
1787415285838 115
1787415286063 114
1787415286384 115
1787415286606 114
1787415287025 114
1787415287542 114
1787415288254 113
1787415289455 111
1787415289775 112
1787415289994 113
1787415290610 112
1787415291028 110
1787415291246 111
1787415291468 110
1787415291881 116
1787415292105 112
1787415292428 115
1787415292847 116
1787415293860 114
1787415294281 115
1787415294702 110
1787415295020 115
1787415295243 115
1787415295466 114
1787415296376 115
1787415296599 115
1787415296922 116
1787415297146 113
1787415297464 113
1787415297782 918
1787415298810 116
1787415299033 115
1787415299354 114
1787415300748 114
1787415301262 114
1787415301484 113
1787415302295 115
1787415302617 116
1787415302842 114
1787415303455 114
1787415303971 114
1787415304391 115
1787415304809 116
1787415305228 115
1787415305648 114
1787415306263 114
1787415306584 115
1787415307395 111
1787415307617 114
1787415307839 114
1787415308449 115
1787415309163 115
1787415309680 114
1787415310001 116
1787415310422 113
1787415310645 115
1787415310968 115
1787415311291 114
1787415311709 113
1787415312030 114
1787415312843 113
1787415313361 113
1787415313584 922
1787415315006 113
1787415316109 114
1787415316332 115
1787415316655 113
1787415316979 115
1787415317301 114
1787415317621 112
1787415317842 114
1787415318460 115
1787415318979 114
1787415319203 115
1787415320016 114
1787415320240 115
1787415320561 115
1787415321666 115
1787415322085 115
1787415322309 113
1787415322531 114
1787415322951 114
1787415323174 115
1787415323398 115
1787415323720 113
1787415323942 116
1787415324462 116
1787415324687 115
1787415325794 115
1787415326217 116
1787415326933 114
1787415327455 115
1787415328069 114
1787415328292 115
1787415328908 114
1787415329132 115
1787415329356 115
1787415329580 936
1787415330724 115
1787415331639 116
1787415331960 114
1787415332378 115
1787415332797 116
1787415333119 115
1787415333638 114
1787415334251 115
1787415334768 114
1787415334992 115
1787415335414 114
1787415335636 114
1787415335958 114
1787415336181 111
1787415336499 114
1787415337213 113
1787415337435 113
1787415338048 115
1787415338665 115
1787415338888 114
1787415339210 114
1787415339922 115
1787415340640 114
1787415340863 117
1787415341188 113
1787415341408 115
1787415341927 115
1787415342154 115
1787415342773 116
1787415343195 116
1787415343714 110
1787415344326 115
1787415344550 114
1787415345167 115
1787415345980 951
1787415347039 116
1787415347361 114
1787415347583 116
1787415348498 113
1787415348719 114
1787415348942 114
1787415349266 113
1787415350272 111
1787415350494 114
1787415351010 116
1787415351234 114
1787415352140 114
1787415352557 113
1787415352977 114
1787415353298 115
1787415353521 115
1787415354236 115
1787415354460 115
1787415354781 114
1787415355199 115
1787415355422 113
1787415356135 111
1787415356549 113
1787415357062 122
1787415357497 121
1787415357727 120
1787415357957 116
1787415358677 114
1787415359095 112
1787415359607 113
1787415359828 113
1787415360244 115
1787415360760 114
1787415360981 123
1787415361313 122
1787415362130 898
1787415363431 113
1787415363849 114
1787415364268 115
1787415365563 114
1787415365785 115
1787415366008 114
1787415366523 115
1787415366747 115
1787415367167 112
1787415367486 115
1787415368102 114
1787415368521 115
1787415368942 114
1787415369164 115
1787415369487 114
1787415369908 114
1787415370915 115
1787415371138 112
1787415371362 111
1787415371881 114
1787415372299 115
1787415372622 114
1787415372943 114
1787415373659 115
1787415374077 115
1787415374301 114
1787415374621 116
1787415374944 114
1787415375460 116
1787415376464 115
1787415376687 117
1787415377107 115
1787415377330 115
1787415378140 940
1787415379386 115
1787415379609 114
1787415380227 115
1787415380452 117
1787415380677 114
1787415380898 114
1787415381317 113
1787415381635 113
1787415382346 112
1787415382960 114
1787415383182 110
1787415383499 114
1787415384015 111
1787415384924 116
1787415385149 116
1787415385471 115
1787415385694 114
1787415385916 112
1787415386138 114
1787415386557 114
1787415387072 115
1787415387491 114
1787415388205 115
1787415388428 115
1787415388751 116
1787415389955 114
1787415390276 113
1787415390891 114
1787415391113 115
1787415391337 115
1787415391560 116
1787415391785 114
1787415392895 114
1787415393118 115
1787415393341 115
1787415393565 114
1787415393788 115
1787415394210 954
1787415395276 116
1787415396681 116
1787415396904 115
1787415397424 113
1787415397646 116
1787415397870 112
1787415398288 115
1787415398511 115
1787415399318 115
1787415399542 114
1787415399766 113
1787415400086 112
1787415400602 114
1787415400824 114
1787415401145 113
1787415402050 115
1787415402671 115
1787415402895 114
1787415403117 112
1787415403437 116
1787415404055 113
1787415404569 114
1787415404990 117
1787415405708 114
1787415405931 115
1787415406646 114
1787415406969 117
1787415407293 115
1787415408008 115
1787415408331 115
1787415408555 114
1787415408875 116
1787415409688 116
1787415410110 116
1787415410335 956
1787415411897 113
1787415412318 115
1787415412840 115
1787415413262 116
1787415413783 114
1787415414202 110
1787415414421 114
1787415414643 112
1787415414962 115
1787415415483 115
1787415416001 115
1787415416321 114
1787415416544 115
1787415416964 116
1787415417680 115
1787415417903 111
1787415418420 115
1787415418643 112
1787415418963 115
1787415419682 114
1787415420102 113
1787415420324 116
1787415420549 113
1787415420870 116
1787415421095 112
1787415421611 114
1787415422032 116
1787415422258 116
1787415423170 115
1787415423689 116
1787415424110 113
1787415424432 116
1787415424657 116
1787415425372 116
1787415425695 109
1787415426111 115
1787415426335 112
1787415426558 953
1787415427622 114
1787415427944 114
1787415428463 114
1787415428785 114
1787415429107 114
1787415429821 114
1787415430242 110
1787415430558 114
1787415430781 113
1787415431398 116
1787415431722 114
1787415432631 114
1787415432953 115
1787415433177 115
1787415433797 112
1787415434021 114
1787415434737 111
1787415434956 114
1787415435672 114
1787415436093 113
1787415436515 111
1787415436734 112
1787415437049 112
1787415437465 115
1787415438084 114
1787415438405 113
1787415438726 115
1787415439048 117
1787415439569 115
1787415439793 114
1787415440313 114
1787415440831 115
1787415441154 114
1787415442068 114
1787415442291 113
1787415443012 938
1787415444159 115
1787415444480 115
1787415445099 124
1787415445334 116
1787415445560 115
1787415445785 114
1787415446107 115
1787415446531 113
1787415447343 115
1787415447566 113
1787415448480 116
1787415449001 115
1787415449321 115
1787415449645 115
1787415450065 117
1787415450290 114
1787415450512 115
1787415450736 114
1787415451159 115
1787415451482 115
1787415451705 116
1787415452029 116
1787415453142 115
1787415453566 116
1787415453986 115
1787415454899 116
1787415455124 114
1787415455545 114
1787415455768 115
1787415455992 115
1787415456217 115
1787415456538 115
1787415456762 113
1787415456983 114
1787415457305 116
1787415457628 116
1787415458638 116
1787415459057 114
1787415459675 966
1787415461149 116
1787415461770 113
1787415461992 114
1787415462215 116
1787415462441 114
1787415462763 115
1787415462987 116
1787415463212 117
1787415463437 116
1787415463858 116
1787415464376 116
1787415464699 115
1787415465124 115
1787415465446 115
1787415466553 114
1787415467169 117
1787415467394 116
1787415467912 114
1787415468135 113
1787415468454 113
1787415468776 115
1787415468999 114
1787415469621 116
1787415470044 113
1787415470465 116
1787415470690 116
1787415470915 113
1787415472211 116
1787415472727 115
1787415473048 114
1787415473370 115
1787415473593 114
1787415473915 114
1787415474434 115
1787415474954 115
1787415475671 115
1787415475994 114
1787415476316 974
1787415478289 114
1787415478710 116
1787415479031 115
1787415479254 115
1787415479477 115
1787415479701 115
1787415480120 113
1787415480536 114
1787415481057 114
1787415481478 114
1787415482096 115
1787415482419 115
1787415482939 117
1787415483361 116
1787415483784 115
1787415484502 115
1787415485021 114
1787415485244 114
1787415485466 117
1787415486185 117
1787415486708 115
1787415487130 117
1787415487454 116
1787415487678 116
1787415488397 113
1787415488818 115
1787415489140 116
1787415489465 115
1787415489688 117
1787415489916 117
1787415490238 115
1787415490757 115
1787415491079 116
1787415492192 115
1787415492416 116
1787415492839 949
1787415494193 116
1787415494710 115
1787415494934 115
1787415495557 115
1787415495781 116
1787415496106 115
1787415496429 116
1787415496851 115
1787415497077 116
1787415497697 114
1787415498411 114
1787415498929 116
1787415499254 115
1787415499872 116
1787415500690 115
1787415500915 115
1787415501239 114
1787415501462 116
1787415501985 117
1787415502310 116
1787415503222 116
1787415503448 114
1787415504165 116
1787415504489 115
1787415504713 116
1787415505436 114
1787415505658 116
1787415506278 115
1787415506501 113
1787415506724 115
1787415507048 115
1787415507372 115
1787415507696 116
1787415507920 116
1787415508539 114
1787415508961 117
1787415509185 967
1787415510658 117
1787415511380 114
1787415511800 115
1787415512417 115
1787415512640 113
1787415512863 116
1787415513087 113
1787415513408 115
1787415513731 116
1787415514253 113
1787415514875 113
1787415515391 116
1787415515911 114
1787415516135 117
1787415517148 116
1787415517574 115
1787415517798 115
1787415518121 115
1787415518444 118
1787415518672 117
1787415518997 115
1787415519320 114
1787415520037 116
1787415520363 127
1787415521097 118
1787415521622 113
1787415521944 115
1787415523052 114
1787415523375 115
1787415523598 115
1787415523821 114
1787415524143 113
1787415524366 115
1787415524591 114
1787415525308 117
1787415525534 941
1787415527079 116
1787415527502 114
1787415527825 115
1787415528743 115
1787415529066 115
1787415529289 116
1787415529513 116
1787415529736 115
1787415530158 116
1787415530484 115
1787415530709 116
1787415530934 115
1787415531256 116
1787415531778 115
1787415532001 114
1787415532613 115
1787415533728 114
1787415534933 116
1787415535257 116
1787415535876 115
1787415536101 116
1787415536524 114
1787415536747 116
1787415537071 115
1787415537790 117
1787415538511 116
1787415539133 116
1787415539754 116
1787415539980 114
1787415540696 115
1787415542004 965
1787415543080 116
1787415543402 117
1787415544019 115
1787415544630 116
1787415544853 117
1787415545669 116
1787415545894 115
1787415547298 117
1787415547819 115
1787415548239 115
1787415548854 116
1787415549662 117
1787415549891 115
1787415550798 115
1787415552092 115
1787415552608 117
1787415553223 116
1787415553448 116
1787415554065 115
1787415554583 116
1787415556078 117
1787415556303 119
1787415556628 116
1787415557051 116
1787415558158 118
1787415559757 954
1787415560821 115
1787415561340 117
1787415561565 117
1787415561888 115
1787415562799 116
1787415563220 117
1787415564420 115
1787415564644 115
1787415565259 116
1787415565581 116
1787415566000 117
1787415566522 117
1787415566941 116
1787415567753 116
1787415568465 118
1787415568692 116
1787415569211 116
1787415569826 116
1787415570541 117
1787415571842 115
1787415572359 115
1787415572682 116
1787415572907 115
1787415573622 116
1787415573945 116
1787415574367 116
1787415575370 116
1787415575983 117
1787415576207 959
1787415577869 117
1787415578291 116
1787415578515 119
1787415578841 114
1787415579747 116
1787415580362 117
1787415580588 117
1787415581304 115
1787415581624 115
1787415582141 114
1787415583246 117
1787415583570 117
1787415583795 119
1787415584021 117
1787415584637 115
1787415585057 117
1787415585381 115
1787415586582 116
1787415587198 116
1787415587422 115
1787415587938 116
1787415588260 115
1787415588773 116
1787415588999 119
1787415590009 117
1787415590627 116
1787415590950 117
1787415591272 116
1787415591593 116
1787415592311 115
1787415593314 949
1787415594765 117
1787415594990 117
1787415595602 117
1787415595829 118
1787415596445 115
1787415597452 116
1787415598069 116
1787415598293 116
1787415598913 118
1787415599139 119
1787415599564 116
1787415599985 115
1787415600792 118
1787415601409 116
1787415601829 115
1787415603129 117
1787415603746 116
1787415603971 119
1787415604595 115
1787415604917 119
1787415605441 116
1787415606252 116
1787415606969 116
1787415607490 116
1787415607713 118
1787415608623 118
1787415609533 115
1787415609855 954
1787415612089 115
1787415612904 119
1787415614998 120
1787415620052 120
1787415621381 121
1787415637230 962
1787415638301 123
1787415638534 122
1787415638761 122
1787415638989 122
1787415639223 115
1787415639443 118
1787415639666 113
1787415639890 114
1787415640117 122
1787415653229 117
1787415684020 964
1787415685099 123
1787415685335 123
1787415685572 122
1787415685807 122
1787415686144 123
1787415686472 122
1787415686682 124
1787415686918 123
1787415687153 122
1787415687692 125
1787415687921 123
1787415688250 121
1787415689078 124
1787415689314 122
1787415689539 122
1787415689774 123
1787415690010 123
1787415690245 123
1787415690584 124
1787415690820 121
1787415691023 123
1787415691257 123
1787415691586 124
1787415691822 123
1787415692057 122
1787415692290 123
1787415692628 122
1787415692862 122
1787415693199 124
1787415693435 122
1787415693669 121
1787415693903 123
1787415694138 123
1787415694734 131
1787415694978 132
1787415695274 130
1787415695518 134
1787415695866 131
1787415696108 132
1787415696351 132
1787415697007 132
1787415697350 132
1787415697594 131
1787415697930 133
1787415698174 132
1787415698513 140
1787415698867 136
1787415699169 132
1787415699508 132
1787415699856 132
1787415700088 134
1787415700436 134
1787415700735 986
1787415701833 132
1787415702077 133
1787415702321 131
1787415702564 132
1787415702804 133
1787415703048 130
1787415703290 132
1787415703534 133
1787415704166 134
1787415704411 131
1787415704654 132
1787415704853 131
1787415705149 131
1787415705392 131
1787415705633 115
1787415705859 113
1787415706084 115
1787415706312 115
1787415706624 114
1787415706851 114
1787415707078 116
1787415707305 122
1787415707538 115
1787415707970 115
1787415708197 115
1787415708517 115
1787415708745 115
1787415709021 114
1787415709247 114
1787415709577 116
1787415709806 114
1787415709994 115
1787415710221 115
1787415710447 115
1787415710665 115
1787415710893 115
1787415711120 115
1787415711347 116
1787415711574 115
1787415711801 115
1787415712029 115
1787415712257 115
1787415712483 115
1787415712914 115
1787415713515 115
1787415713837 116
1787415714065 116
1787415714396 114
1787415714621 114
1787415714993 115
1787415715222 116
1787415715554 115
1787415715782 114
1787415716110 115
1787415716329 116
1787415716554 115
1787415716780 117
1787415717009 116
1787415717443 115
1787415717773 975
1787415718856 116
1787415719083 116
1787415719304 125
1787415719540 123
1787415719776 123
1787415720012 124
1787415720249 122
1787415720484 123
1787415720813 125
1787415721048 123
1787415721265 125
1787415721502 124
1787415721843 122
1787415722182 123
1787415722467 123
1787415722704 123
1787415722888 124
1787415723072 123
1787415723308 123
1787415723544 124
1787415723780 124
1787415724015 125
1787415724251 124
1787415724488 125
1787415724726 125
1787415725117 123
1787415725352 124
1787415725692 124
1787415725929 125
1787415726260 125
1787415726592 123
1787415726828 125
1787415727167 123
1787415727404 124
1787415727744 123
1787415727978 124
1787415728213 125
1787415728545 123
1787415728781 122
1787415729017 124
1787415729254 123
1787415729489 124
1787415729932 121
1787415730148 125
1787415730433 123
1787415730668 125
1787415730905 123
1787415731141 125
1787415731379 122
1787415731718 126
1787415732057 118
1787415732288 117
1787415732516 118
1787415732744 120
1787415732958 117
1787415733392 117
1787415733806 118
1787415734128 118
1787415734313 989
1787415735410 117
1787415735743 117
1787415735971 117
1787415736194 118
1787415736409 117
1787415736638 118
1787415736849 118
1787415737165 118
1787415737498 118
1787415737727 117
1787415738049 114
1787415738275 118
1787415738599 119
1787415738916 116
1787415739247 117
1787415739475 118
1787415739706 118
1787415739936 113
1787415740161 118
1787415740382 117
1787415740607 118
1787415740837 117
1787415741064 116
1787415741292 116
1787415741604 117
1787415741833 117
1787415742266 118
1787415742495 118
1787415742826 116
1787415743045 116
1787415743271 118
1787415743707 119
1787415743921 120
1787415744154 118
1787415744384 117
1787415744613 115
1787415745147 121
1787415745380 121
1787415745614 122
1787415745951 124
1787415746186 122
1787415746513 123
1787415746850 122
1787415747186 123
1787415747423 123
1787415747658 123
1787415747985 123
1787415748214 123
1787415748449 123
1787415748890 121
1787415749124 122
1787415749358 121
1787415749589 122
1787415749909 116
1787415750137 122
1787415750371 122
1787415750604 124
1787415750840 122
1787415751075 120
1787415751308 979
1787415752401 124
1787415752632 121
1787415752909 122
1787415753142 122
1787415753471 124
1787415753810 123
1787415754144 121
1787415754470 123
1787415754704 123
1787415754939 118
1787415755164 122
1787415755398 122
1787415755631 119
1787415755864 123
1787415756302 122
1787415756536 124
1787415756771 125
1787415757008 123
1787415757242 122
1787415757477 122
1787415757764 123
1787415758101 122
1787415758336 121
1787415758570 122
1787415758803 121
1787415759036 122
1787415759271 123
1787415759454 120
1787415759786 123
1787415760126 124
1787415760462 123
1787415760697 123
1787415760932 122
1787415761165 123
1787415761387 132
1787415761631 133
1787415761977 131
1787415762315 131
1787415762662 132
1787415762864 131
1787415763210 134
1787415763457 131
1787415763802 133
1787415764046 131
1787415764580 131
1787415764824 131
1787415765068 132
1787415765312 132
1787415765550 131
1787415765794 132
1787415766039 133
1787415766565 130
1787415766807 136
1787415767254 133
1787415767498 133
1787415767935 132
1787415768178 1006
1787415769408 137
1787415769759 132
1787415770001 131
1787415770344 131
1787415770567 132
1787415770812 131
1787415771158 134
1787415771393 131
1787415771637 130
1787415772037 132
1787415772383 133
1787415772627 132
1787415772870 131
1787415773112 129
1787415773338 130
1787415773580 133
1787415773906 133
1787415774151 132
1787415774397 132
1787415774639 129
1787415774880 131
1787415775124 132
1787415775555 131
1787415775797 132
1787415776143 117
1787415776577 116
1787415776898 116
1787415777214 114
1787415777533 115
1787415777964 114
1787415778276 114
1787415778904 115
1787415779130 115
1787415779357 113
1787415779582 116
1787415779809 115
1787415780035 115
1787415780262 115
1787415780429 113
1787415780847 114
1787415781270 115
1787415781477 115
1787415782004 114
1787415782229 115
1787415782456 115
1787415782682 115
1787415783010 115
1787415783237 114
1787415783648 115
1787415783876 114
1787415784102 115
1787415784328 114
1787415784554 115
1787415784776 114
1787415785002 114
1787415785321 977
1787415786515 116
1787415786743 114
1787415786959 114
1787415787185 115
1787415787413 115
1787415787639 116
1787415787841 116
1787415788061 114
1787415788286 117
1787415788619 115
1787415788844 114
1787415789168 115
1787415789395 114
1787415789622 115
1787415789935 112
1787415790160 115
1787415790491 115
1787415790717 115
1787415790945 115
1787415791163 114
1787415791389 114
1787415791612 122
1787415791948 125
1787415792185 122
1787415792412 124
1787415792728 123
1787415792954 124
1787415793189 124
1787415793527 124
1787415793764 124
1787415794002 122
1787415794230 122
1787415794639 123
1787415794874 125
1787415795108 123
1787415795343 124
1787415795579 123
1787415795815 123
1787415796044 123
1787415796383 122
1787415796557 122
1787415796791 122
1787415797025 124
1787415797260 124
1787415797600 123
1787415797924 125
1787415798160 122
1787415798496 123
1787415798722 124
1787415798959 122
1787415799294 123
1787415799529 123
1787415799762 124
1787415799998 123
1787415800223 123
1787415800459 123
1787415800781 125
1787415801017 124
1787415801253 124
1787415801643 125
1787415801983 123
1787415802218 124
1787415802661 994
1787415804019 124
1787415804349 122
1787415804534 122
1787415804768 124
1787415805004 122
1787415805238 123
1787415805670 123
1787415806007 123
1787415806233 124
1787415806573 123
1787415806807 123
1787415807182 124
1787415807417 122
1787415807653 122
1787415807889 124
1787415808222 124
1787415808561 122
1787415808793 123
1787415809028 123
1787415809247 124
1787415809484 123
1787415809924 117
1787415810154 115
1787415810370 115
1787415810598 115
1787415810826 118
1787415811026 117
1787415811256 117
1787415811485 117
1787415811705 117
1787415811934 119
1787415812318 119
1787415812498 117
1787415812820 116
1787415813048 116
1787415813277 127
1787415813518 120
1787415813750 118
1787415813963 116
1787415814191 118
1787415814523 116
1787415814728 117
1787415814957 114
1787415815285 117
1787415815515 117
1787415815743 115
1787415815971 118
1787415816202 117
1787415816535 117
1787415816765 115
1787415816993 115
1787415817221 117
1787415817450 119
1787415817680 118
1787415817910 116
1787415818139 118
1787415818358 117
1787415818588 116
1787415818918 116
1787415819129 117
1787415819357 118
1787415819585 970
1787415820771 116
1787415821091 117
1787415821607 117
1787415821836 115
1787415822052 118
1787415822282 118
1787415822511 118
1787415822843 116
1787415823371 119
1787415823702 118
1787415824036 118
1787415824265 117
1787415824494 116
1787415824774 118
1787415825004 117
1787415825232 118
1787415825463 118
1787415825796 117
1787415826027 118
1787415826258 118
1787415826536 117
1787415826765 118
1787415827302 116
1787415827530 119
1787415827762 117
1787415828189 123
1787415828424 122
1787415828656 123
1787415828891 122
1787415829219 122
1787415829539 123
1787415829773 122
1787415830107 123
1787415830343 122
1787415830578 122
1787415830811 123
1787415831046 124
1787415831281 122
1787415831555 122
1787415831789 123
1787415832118 122
1787415832353 122
1787415832588 122
1787415832811 121
1787415833045 122
1787415833269 122
1787415833503 121
1787415833738 123
1787415833972 121
1787415834409 123
1787415834644 122
1787415834878 122
1787415835266 121
1787415835500 121
1787415835733 122
1787415835966 122
1787415836200 121
1787415836433 995
1787415837638 122
1787415837871 123
1787415838209 122
1787415838547 121
1787415838780 123
1787415839015 124
1787415839292 122
1787415839525 123
1787415839760 123
1787415840098 123
1787415840437 123
1787415840671 121
1787415840896 123
1787415841088 122
1787415841321 122
1787415841658 122
1787415841892 123
1787415842126 123
1787415842465 122
1787415842699 121
1787415842906 122
1787415843135 122
1787415843369 122
1787415843602 123
1787415843838 122
1787415844072 123
1787415844307 121
1787415844541 121
1787415845072 124
1787415845306 122
1787415845540 122
1787415845774 122
1787415846111 123
1787415846346 122
1787415846560 122
1787415846896 123
1787415847130 122
1787415847364 122
1787415847700 123
1787415847934 121
1787415848455 119
1787415848685 122
1787415848920 122
1787415849152 121
1787415849386 121
1787415849620 121
1787415849845 122
1787415850178 123
1787415850516 122
1787415850751 123
1787415851088 122
1787415851321 121
1787415851543 123
1787415851872 124
1787415852209 124
1787415852929 122
1787415853163 122
1787415853396 981
1787415854489 122
1787415854826 122
1787415855164 124
1787415855387 122
1787415855723 122
1787415855957 122
1787415856191 123
1787415856425 122
1787415856659 122
1787415857075 124
1787415857407 123
1787415857642 123
1787415857979 121
1787415858418 123
1787415858734 121
1787415859061 122
1787415859295 122
1787415859528 122
1787415859763 123
1787415859998 120
1787415860326 123
1787415860631 122
1787415860866 122
1787415861202 122
1787415861437 123
1787415861775 122
1787415862007 123
1787415862269 121
1787415862756 123
1787415862990 120
1787415863222 122
1787415863439 121
1787415863758 122
1787415863980 122
1787415864215 122
1787415864552 122
1787415864786 121
1787415865020 122
1787415865315 124
1787415865550 123
1787415865880 121
1787415866113 122
1787415866347 123
1787415866581 123
1787415866919 121
1787415867449 120
1787415867784 122
1787415868019 123
1787415868745 123
1787415868981 122
1787415869423 121
1787415869656 122
1787415869963 120
1787415870591 997
1787415871701 121
1787415871934 122
1787415872168 121
1787415872380 123
1787415872615 122
1787415872944 122
1787415873178 122
1787415873413 121
1787415873648 122
1787415873976 120
1787415874197 123
1787415874433 122
1787415874763 123
1787415874998 118
1787415875229 123
1787415875462 122
1787415875694 122
1787415875923 122
1787415876141 122
1787415876509 123
1787415876744 122
1787415877079 123
1787415877313 121
1787415877651 123
1787415877886 124
1787415878226 122
1787415878564 123
1787415878900 123
1787415879129 122
1787415879318 121
1787415879550 122
1787415879785 122
1787415880008 119
1787415880239 124
1787415880467 122
1787415880699 122
1787415880933 122
1787415881168 122
1787415881445 123
1787415881678 123
1787415882008 122
1787415882232 121
1787415882464 121
1787415882845 121
1787415883014 119
1787415883449 122
1787415883786 122
1787415884117 123
1787415884415 122
1787415884649 124
1787415884986 118
1787415885411 123
1787415885644 123
1787415885878 121
1787415886090 123
1787415886529 122
1787415886947 122
1787415887181 122
1787415887406 121
1787415887732 1003
1787415888853 127
1787415889201 121
1787415889435 123
1787415889668 123
1787415889995 119
1787415890524 122
1787415890863 123
1787415891099 122
1787415891631 122
1787415891865 123
1787415892100 123
1787415892326 124
1787415892552 123
1787415892991 123
1787415893431 122
1787415893664 121
1787415893888 121
1787415894101 123
1787415894335 123
1787415894665 121
1787415894900 122
1787415895134 122
1787415895367 121
1787415895692 124
1787415895927 122
1787415896161 122
1787415896395 121
1787415896625 122
1787415896850 123
1787415897189 123
1787415897424 122
1787415897646 124
1787415897882 121
1787415898218 123
1787415898452 120
1787415898766 123
1787415899000 122
1787415899234 122
1787415899558 122
1787415899792 123
1787415900111 122
1787415900344 123
1787415900580 122
1787415900915 123
1787415901147 122
1787415901381 123
1787415901616 123
1787415901844 123
1787415902181 122
1787415902517 121
1787415902751 121
1787415902936 121
1787415903270 123
1787415903606 122
1787415903840 122
1787415904074 121
1787415904511 122
1787415904832 1001
1787415906010 126
1787415906250 122
1787415906485 122
1787415906717 121
1787415906950 122
1787415907184 120
1787415907518 121
1787415907904 124
1787415908242 122
1787415908526 123
1787415908762 122
1787415908988 122
1787415909223 121
1787415909456 121
1787415909895 124
1787415910130 121
1787415910354 123
1787415910587 122
1787415910923 128
1787415911247 123
1787415911482 123
1787415911718 123
1787415912053 123
1787415912381 122
1787415912700 125
1787415912937 124
1787415913171 121
1787415913404 122
1787415913638 123
1787415913853 122
1787415914087 123
1787415914596 122
1787415914830 122
1787415915169 121
1787415915506 122
1787415915737 121
1787415916064 124
1787415916300 123
1787415916637 122
1787415916872 120
1787415917199 122
1787415917416 123
1787415917650 121
1787415917863 123
1787415918099 122
1787415918333 122
1787415918568 123
1787415918803 120
1787415919138 122
1787415919465 122
1787415919648 121
1787415919986 122
1787415920221 121
1787415920454 122
1787415920687 122
1787415920923 122
1787415921351 124
1787415921586 123
1787415921822 122
1787415922056 978
1787415923148 121
1787415923480 123
1787415923697 124
1787415923932 123
1787415924166 123
1787415924503 122
1787415924738 120
1787415924972 122
1787415925349 122
1787415925656 122
1787415925889 120
1787415926121 121
1787415926354 123
1787415926689 121
1787415927025 122
1787415927353 122
1787415927691 122
1787415927926 122
1787415928313 123
1787415928548 121
1787415928973 122
1787415929206 124
1787415929442 122
1787415929838 125
1787415930075 122
1787415930309 124
1787415930546 120
1787415930883 126
1787415931122 127
1787415931453 125
1787415931691 124
1787415932008 127
1787415932248 127
1787415932591 127
1787415932831 128
1787415933384 126
1787415933621 128
1787415933856 127
1787415934190 125
1787415934578 126
1787415935110 126
1787415935337 123
1787415935672 124
1787415935909 122
1787415936248 123
1787415936482 123
1787415936717 124
1787415938728 126
1787415939350 1000
1787415940770 126
1787415941448 123
1787415941787 124
1787415942424 124
1787415943168 132
1787415943410 133
1787415944458 129
1787415955721 127
1787415956059 131
1787415956605 947
1787415958371 130
1787415958611 131
1787415962897 132
1787415966772 131
1787415970564 135
1787415970911 133
1787415971661 135
1787415972313 134
1787415972862 1018
1787415973996 134
1787415974240 131
1787415977314 131
1787415985918 132
1787415986362 132
1787415986808 132
1787415987657 132
1787415988101 131
1787415988343 133
1787415997758 1008
1787416000188 132
1787416000531 134
1787416000776 133
1787416001019 133
1787416002363 132
1787416003310 133
1787416003553 131
1787416003896 132
1787416004138 131
1787416013656 132
1787416014400 131
1787416014640 1007
1787416015863 131
1787416016609 132
1787416017451 132
1787416018499 131
1787416018738 128
1787416019276 132
1787416020228 132
1787416021890 133
1787416029207 132
1787416029654 130
1787416029896 131
1787416030239 133
1787416030483 130
1787416030725 131
1787416031570 1007
1787416033096 131
1787416033338 131
1787416034387 132
1787416035333 133
1787416035676 132
1787416036121 133
1787416039401 132
1787416045001 132
1787416045647 133
1787416045891 131
1787416046132 132
1787416046475 131
1787416047724 132
1787416048067 131
1787416048912 1001
1787416050633 130
1787416051985 134
1787416057086 132
1787416060055 125
1787416060595 130
1787416061039 132
1787416061383 130
1787416061926 131
1787416063385 132
1787416063827 131
1787416064270 131
1787416065312 132
1787416065655 132
1787416067014 1015
1787416069367 133
1787416075091 130
1787416075940 133
1787416076383 130
1787416077023 133
1787416077767 131
1787416078922 132
1787416079164 131
1787416079607 132
1787416080457 131
1787416081004 133
1787416082155 132
1787416082703 133
1787416082947 130
1787416086610 1235
1787416091808 129
1787416092449 133
1787416092894 131
1787416095048 132
1787416095493 131
1787416096855 132
1787416097402 133
1787416098770 132
1787416099011 131
1787416103186 133
1787416105865 131
1787416106713 131
1787416107260 132
1787416108509 995
1787416110424 132
1787416110867 132
1787416111209 133
1787416112263 132
1787416112809 132
1787416113354 131
1787416113598 130
1787416113839 132
1787416115504 131
1787416121420 130
1787416122466 131
1787416122909 131
1787416123655 132
1787416124904 134
1787416125755 997
1787416127575 130
1787416127818 132
1787416128162 132
1787416128912 131
1787416130472 131
1787416132845 133
1787416137015 130
1787416137356 131
1787416137599 131
1787416138044 132
1787416138286 132
1787416140960 132
1787416141609 131
1787416142256 130
1787416142496 987
1787416144401 132
1787416144842 131
1787416145999 131
1787416146643 130
1787416146986 132
1787416151977 133
1787416152930 133
1787416153682 131
1787416154024 131
1787416156591 132
1787416157237 132
1787416157985 132
1787416159239 134
1787416159483 989
1787416160785 132
1787416161631 132
1787416164294 130
1787416167969 131
1787416168311 132
1787416168755 132
1787416169299 133
1787416169950 130
1787416172127 131
1787416172872 133
1787416174031 132
1787416174273 133
1787416175427 131
1787416175767 131
1787416181259 993
1787416183480 132
1787416183723 130
1787416184063 130
1787416184808 131
1787416185050 131
1787416188018 132
1787416188260 132
1787416189316 131
1787416189963 133
1787416191123 133
1787416192996 130
1787416193539 132
1787416196796 130
1787416197747 129
1787416198396 999
1787416199506 132
1787416200053 131
1787416200906 142
1787416203711 130
1787416203952 132
1787416205412 130
1787416206258 132
1787416206501 131
1787416207858 131
1787416208302 131
1787416209351 132
1787416213519 133
1787416213963 133
1787416214614 133
1787416214856 130
1787416215600 1011
1787416217136 132
1787416217883 131
1787416219637 130
1787416221913 131
1787416222356 131
1787416222598 131
1787416223755 132
1787416224603 131
1787416225650 134
1787416229235 133
1787416229480 130
1787416230023 131
1787416230869 130
1787416231108 131
1787416234183 988
1787416235283 130
1787416235824 131
1787416237176 132
1787416238028 131
1787416238469 133
1787416238916 131
1787416239562 132
1787416242329 132
1787416242674 133
1787416245053 131
1787416245295 130
1787416245737 134
1787416246894 132
1787416250145 126
1787416250689 130
1787416251529 987
1787416253746 133
1787416254902 133
1787416256059 130
1787416256501 131
1787416257646 131
1787416259308 130
1787416260869 130
1787416261111 131
1787416262569 132
1787416264624 131
1787416265875 134
1787416267037 133
1787416268798 991
1787416270204 132
1787416270752 131
1787416271198 131
1787416271440 133
1787416273308 132
1787416274462 132
1787416276226 133
1787416277474 132
1787416277714 133
1787416278868 131
1787416279615 132
1787416282603 131
1787416284160 132
1787416285213 132
1787416285760 1002
1787416288098 132
1787416289048 132
1787416290403 132
1787416291564 132
1787416291806 131
1787416292650 133
1787416292994 133
1787416296990 130
1787416299859 131
1787416300102 133
1787416301055 132
1787416302109 131
1787416303570 992
1787416305178 126
1787416305619 132
1787416306677 133
1787416307225 130
1787416307465 131
1787416308211 131
1787416308756 134
1787416312135 131
1787416312780 130
1787416315544 133
1787416316289 131
1787416317842 133
1787416318793 131
1787416320225 128
1787416320461 990
1787416321968 132
1787416322211 131
1787416322961 133
1787416324110 131
1787416325059 132
1787416328428 130
1787416331281 132
1787416332029 131
1787416332373 132
1787416334139 134
1787416335193 126
1787416336545 132
1787416337293 132
1787416338038 1003
1787416342572 131
1787416344627 130
1787416345679 132
1787416346021 132
1787416346772 132
1787416347724 131
1787416348067 133
1787416349111 133
1787416350069 132
1787416351534 132
1787416352184 131
1787416353031 133
1787416353580 132
1787416354128 133
1787416355580 987
1787416359004 132
1787416361871 131
1787416362416 132
1787416362658 130
1787416364615 135
1787416365266 132
1787416365811 133
1787416366257 130
1787416367510 131
1787416367751 132
1787416368500 133
1787416369149 133
1787416369492 131
1787416372975 997
1787416374083 133
1787416375647 133
1787416378434 132
1787416378881 133
1787416380738 131
1787416381286 132
1787416382639 134
1787416383293 131
1787416384243 132
1787416384587 132
1787416385032 131
1787416388223 132
1787416391195 1015
1787416392424 131
1787416395181 133
1787416396538 129
1787416396980 132
1787416398435 133
1787416399188 133
1787416399736 131
1787416400079 131
1787416400724 131
1787416400966 132
1787416403834 132
1787416405896 132
1787416408061 132
1787416410720 1009
1787416412057 136
1787416412507 138
1787416413265 137
1787416414039 139
1787416414599 134
1787416414846 136
1787416415398 132
1787416416548 133
1787416416791 132
1787416419156 134
1787416419909 134
1787416421975 131
1787416424837 132
1787416426606 132
1787416427455 131
1787416428201 991
1787416429305 131
1787416429952 132
1787416431513 133
1787416432670 131
1787416433115 132
1787416435184 133
1787416438285 132
1787416439036 135
1787416441489 131
1787416442846 132
1787416443394 133
1787416443637 132
1787416444180 132
1787416444424 131
1787416444768 131
1787416445010 133
1787416447171 997
1787416448688 131
1787416450456 132
1787416451106 131
1787416453069 133
1787416453313 132
1787416457521 133
1787416459179 131
1787416459421 133
1787416459664 131
1787416460311 131
1787416460655 132
1787416462520 132
1787416465191 991
1787416466294 133
1787416467758 132
1787416469114 131
1787416471985 132
1787416474449 132
1787416474693 132
1787416475037 131
1787416475381 132
1787416476032 133
1787416476580 142
1787416478436 130
1787416478677 132
1787416479829 131
1787416480579 132
1787416481936 132
1787416484504 1003
1787416486942 132
1787416488400 134
1787416490471 132
1787416491015 130
1787416491864 134
1787416493427 132
1787416494279 132
1787416495329 132
1787416495774 132
1787416496522 132
1787416499201 132
1787416500349 131
1787416502625 991
1787416505235 132
1787416506183 133
1787416506629 131
1787416506974 131
1787416507929 132
1787416508577 133
1787416509328 142
1787416510499 132
1787416511344 133
1787416511893 133
1787416513750 131
1787416515004 132
1787416515755 130
1787416518107 132
1787416520681 983
1787416521776 130
1787416523024 130
1787416523868 131
1787416524109 131
1787416524350 134
1787416524897 132
1787416526854 131
1787416528111 132
1787416529268 132
1787416530021 132
1787416530670 131
1787416533030 131
1787416534180 130
1787416536446 131
1787416536990 131
1787416537231 131
1787416537984 998
1787416540112 132
1787416541984 131
1787416542225 133
1787416543181 131
1787416544032 132
1787416546108 132
1787416548079 133
1787416550341 132
1787416551899 132
1787416552243 131
1787416552588 133
1787416553953 132
1787416554197 131
1787416554440 133
1787416555386 941
1787416557353 131
1787416559213 128
1787416559959 129
1787416561108 131
1787416562874 132
1787416563117 132
1787416563460 132
1787416563702 131
1787416565560 132
1787416568325 131
1787416568566 131
1787416569108 131
1787416570254 131
1787416571100 133
1787416571946 1006
1787416573973 133
1787416575636 131
1787416575878 131
1787416576218 133
1787416576764 132
1787416578423 131
1787416579070 131
1787416582330 132
1787416583994 132
1787416584236 132
1787416584885 131
1787416585730 132
1787416586274 131
1787416587123 131
1787416587465 133
1787416588511 131
1787416589156 967
1787416591750 133
1787416593521 133
1787416594165 131
1787416596318 130
1787416597777 131
1787416599638 130
1787416600284 131
1787416600829 133
1787416601174 133
1787416602124 131
1787416602469 132
1787416603218 132
1787416603460 130
1787416605821 1025
1787416607978 132
1787416609529 132
1787416612703 132
1787416614771 133
1787416615217 131
1787416615966 131
1787416616308 131
1787416617558 133
1787416618001 130
1787416618746 131
1787416619088 133
1787416620041 132
1787416622115 133
1787416622664 131
1787416623924 993
1787416625432 131
1787416626582 132
1787416628941 131
1787416631313 133
1787416631556 132
1787416632402 131
1787416632746 141
1787416633518 131
1787416634270 131
1787416634714 131
1787416635056 131
1787416636712 131
1787416639568 133
1787416639913 130
1787416640353 130
1787416643918 988
1787416647436 130
1787416648180 133
1787416649434 133
1787416649879 132
1787416650222 131
1787416650765 132
1787416653024 131
1787416654582 130
1787416655938 131
1787416659113 131
1787416659356 131
1787416661314 978
1787416663008 134
1787416663556 131
1787416663897 130
1787416664943 132
1787416665687 131
1787416665929 130
1787416667081 132
1787416667731 132
1787416669686 131
1787416669928 130
1787416672382 132
1787416680319 999
1787416731919 983
1787416735217 126
1787416735553 123
1787416735786 127
1787416736024 129
1787416736262 127
1787416736799 125
1787416737034 129
1787416746401 125
1787416760728 965
1787416762511 115
1787416762837 119
1787416763138 114
1787416763364 114
1787416763994 114
1787416764220 115
1787416764445 115
1787416764670 113
1787416764893 113
1787416765117 114
1787416766554 110
1787416814497 972
1787416829776 110
1787416830906 111
1787416831615 973
1787416832795 122
1787416833031 116
1787416833863 116
1787416834090 117
1787416834317 115
1787416834544 118
1787416834772 116
1787416834997 118
1787416835328 116
1787416901687 988
1787416969079 967
1787416970159 122
1787416970392 120
1787416970623 120
1787417103314 1002
1787417104434 137
1787417104690 138
1787417105054 150
1787417172095 1048
1787417173263 148
1787417173529 148
1787417173796 149
1787417174718 148
1787417228683 1012
1787417231988 131
1787417233113 133
1787417241771 148
1787417242145 149
1787417242413 149
1787417242683 147
1787417242949 150
1787417243439 149
1787417243708 150
1787417243978 149
1787417244355 147
1787417296205 1021
1787417298225 132
1787417298477 133
1787417299490 131
1787417311667 132
1787417312137 150
1787417312517 149
1787417313002 148
1787417313268 150
1787417313538 149
1787417313917 1007
1787417362946 1038
1787417364106 128
1787417365336 130
1787417366461 134
1787417382381 1026
1787417383526 132
1787417383778 148
1787417384158 150
1787417384540 148
1787417384917 151
1787417385187 150
1787417385456 150
1787417385725 148
1787417433201 1020
1787417452548 1011
1787417453662 130
1787417453911 134
1787417454165 133
1787417454632 148
1787417455121 150
1787417455392 147
1787417455659 126
1787417455910 148
1787417456400 147
1787417522243 1006
1787417523368 128
1787417523591 131
1787417524059 132
1787417524393 152
1787417524665 148
1787417525148 152
1787417525860 148
1787417560838 1039
1787417565069 134
1787417566202 131
1787417566452 129
1787417567029 131
1787417592941 1009
1787417594068 134
1787417594322 129
1787417594572 133
1787417594828 133
1787417595190 133
1787417595444 150
1787417595713 147
1787417596424 149
1787417596915 149
1787417627808 1032
1787417628961 133
1787417629214 131
1787417632864 132
1787417634002 132
1787417634255 130
1787417634505 134
1787417664632 1002
1787417665756 131
1787417666329 150
1787417666599 151
1787417666871 138
1787417667238 144
1787417667502 150
1787417668106 149
1787417695228 1033
1787417696383 133
1787417696622 127
1787417700253 111
1787417701365 133
1787417701619 129
1787417701977 134
1787417736143 1018
1787417737282 150
1787417737551 148
1787417737820 148
1787417738088 150
1787417738798 149
1787417762019 987
1787417763239 129
1787417764363 128
1787417766039 127
1787417766396 129
1787417767610 132
1787417768742 135
1787417768995 131
1787417769246 131
1787417805623 995
1787417806840 131
1787417807088 132
1787417807338 129
1787417807579 148
1787417808174 149
1787417808442 148
1787417808817 150
1787417809199 148
1787417833205 1009
1787417834445 125
1787417834799 127
1787417835043 125
1787417835449 133
1787417836583 135
1787417836837 132
1787417837636 130
1787417875877 1026
1787417877792 147
1787417878057 146
1787417878763 147
1787417900779 1022
1787417902029 126
1787417902707 132
1787417903067 130
1787417903315 131
1787417903563 128
1787417903809 131
1787417904167 130
1787417904414 137
1787417904670 130
1787417904919 132
1787417905498 132
1787417945474 1033
1787417947067 149
1787417947662 147
1787417948471 149
1787417970297 1015
1787417971649 130
1787417972007 130
1787417972366 129
1787417972719 131
1787418013897 1025
1787418015145 147
1787418015410 148
1787418015676 144
1787418015936 146
1787418016522 142
1787418017101 145
1787418033268 1031
1787418034524 129
1787418039912 130
1787418040376 130
1787418041165 131
1787418082296 1055
1787418083575 147
1787418083840 148
1787418084105 145
1787418084474 146
1787418084955 148
1787418101776 985
1787418102984 128
1787418103338 127
1787418108735 130
1787418109746 131
1787418109995 130
1787418110242 129
1787418150435 1001
1787418151751 123
1787418151985 122
1787418152218 123
1787418152651 124
1787418152886 123
1787418153120 122
1787418153354 125
1787418177259 980
1787418178350 114
1787418178675 112
1787418178897 115
1787418179223 114
1787418218032 977
1787418219921 124
1787418220157 124
1787418220391 125
1787418220830 122
1787418221062 125
1787418245061 983
1787418246162 115
1787418246389 111
1787418246814 111
1787418247338 114
1787418247562 115
1787418247788 111
1787418248209 114
1787418286094 983
1787418287890 124
1787418288125 125
1787418288361 126
1787418288598 123
1787418289137 124
1787418313027 979
1787418314220 114
1787418315549 113
1787418316182 115
1787418316710 113
1787418316935 115
1787418317162 110
1787418353866 997
1787418355684 124
1787418355920 125
1787418356156 125
1787418356394 125
1787418356836 125
1787418382231 975
1787418383321 116
1787418383552 117
1787418384684 112
1787418385830 113
1787418421358 999
1787418422470 124
1787418422807 125
1787418423147 124
1787418423382 126
1787418423621 127
1787418423961 125
1787418424197 125
1787418424435 126
1787418447591 991
1787418453688 113
1787418454824 114
1787418455453 112
1787418488879 973
1787418490059 127
1787418490501 125
1787418490739 127
1787418490978 125
1787418491523 127
1787418491762 124
1787418491997 127
1787418515406 994
1787418516718 113
1787418516943 114
1787418517775 112
1787418522858 114
1787418523987 112
1787418556586 1003
1787418558011 125
1787418558248 126
1787418558794 126
1787418559032 126
1787418559271 126
1787418559713 125
1787418559951 127
1787418584855 987
1787418585955 116
1787418586182 115
1787418586913 113
1787418592283 114
1787418593415 111
1787418624176 976
1787418625266 124
1787418625502 127
1787418625946 126
1787418626184 127
1787418626424 127
1787418626766 126
1787418627005 124
1787418627445 126
1787418627682 127
1787418654798 988
1787418656306 115
1787418656532 113
1787418656859 112
1787418657079 111
1787418662002 114
1787418663151 114
1787418691723 1006
1787418692950 114
1787418693179 113
1787418693508 129
1787418693750 130
1787418694096 129
1787418694442 131
1787418694990 128
1787418695231 127
1787418695472 132
1787418695821 131
1787418696065 127
1787418724361 999
1787418725475 115
1787418726622 114
1787418726951 114
1787418727178 114
1787418732227 114
1787418733274 115
1787418760295 1017
1787418761607 130
1787418761851 128
1787418762091 128
1787418762333 128
1787418762677 128
1787418763229 129
1787418763473 129
1787418763716 131
1787418763960 128
1787418826970 1031
1787418828118 129
1787418828359 133
1787418828606 129
1787418828952 129
1787418829194 130
1787418829540 130
1787418829785 130
1787418830029 129
1787418864457 998
1787418869983 115
1787418871135 114
1787418894526 1002
1787418895848 127
1787418896089 128
1787418896330 128
1787418896673 130
1787418897020 130
1787418931415 976
1787418933027 115
1787418933460 116
1787418933793 115
1787418934328 114
1787418934557 115
1787418934787 112
1787418935115 111
1787418939614 113
1787418940761 115
1787418962068 965
1787418963352 130
1787418963698 129
1787418963940 129
1787418964388 128
1787419000797 1014
1787419001930 114
1787419002157 113
1787419002899 113
1787419003228 113
1787419003556 114
1787419004195 114
1787419004423 113
1787419005270 111
1787419009590 113
1787419010640 114
1787419029100 1019
1787419030443 134
1787419030800 130
1787419031148 129
1787419031495 128
1787419031736 134
1787419031982 131
1787419072265 999
1787419073484 115
1787419074017 114
1787419074246 114
1787419074473 114
1787419075522 115
1787419079617 113
1787419080774 115
1787419096746 1040
1787419098008 131
1787419098358 134
1787419098607 134
1787419098960 132
1787419099311 131
1787419141871 998
1787419142987 115
1787419143218 115
1787419143864 115
1787419144094 116
1787419145480 115
1787419149556 114
1787419150704 114
1787419164065 1015
1787419165403 129
1787419165647 133
1787419165894 133
1787419166140 134
1787419166489 130
1787419166732 129
1787419212089 1021
1787419213232 116
1787419213568 115
1787419213799 116
1787419215369 116
1787419219580 117
1787419220635 115
1787419231357 1043
1787419232520 138
1787419232775 129
1787419233019 135
1787419233371 131
1787419233926 131
1787419234379 133
1787419282147 1012
1787419283280 116
1787419283510 116
1787419283844 115
1787419284074 115
1787419285749 115
1787419290123 115
1787419291278 113
1787419298610 115
1787419298837 130
1787419299082 130
1787419299325 130
1787419299569 1019
1787419300702 130
1787419301358 131
1787419301705 131
1787419352788 996
1787419353903 119
1787419354139 115
1787419354368 115
1787419355946 115
1787419360279 117
1787419361334 118
1787419363628 130
1787419365939 115
1787419366166 133
1787419366413 133
1787419366765 129
1787419367111 131
1787419367460 131
1787419367812 131
1787419422224 1016
1787419423360 121
1787419423598 114
1787419424552 114
1787419429296 116
1787419429943 130
1787419430500 131
1787419430747 131
1787419431307 127
1787419431863 133
1787419432109 131
1787419432671 132
1787419433023 130
1787419433257 125
1787419433495 125
1787419433836 124
1787419434178 124
1787419491852 1008
1787419492978 119
1787419493217 120
1787419493456 122
1787419493804 122
1787419499153 125
1787419499393 123
1787419499631 124
1787419499869 124
1787419500107 124
1787419500345 127
1787419500898 123
1787419560849 969
1787419561933 115
1787419562995 129
1787419564076 132
1787419564322 136
1787419564572 131
1787419564924 135
1787419565278 131
1787419568438 131
1787419569621 130
1787419628994 1022
1787419630136 138
1787419630392 139
1787419630648 131
1787419630997 131
1787419631243 130
1787419631489 132
1787419631840 132
1787419632087 132
1787419632334 135
1787419632584 134
1787419632919 123
1787419633262 125
1787419633500 125
1787419634263 123
1787419634819 133
1787419698017 1034
1787419699381 124
1787419699619 124
1787419699858 126
1787419700099 124
1787419701171 132
1787419701941 132
1787419763752 1041
1787419764909 133
1787419765156 132
1787419765404 133
1787419765651 132
1787419765898 130
1787419766349 130
1787419768461 136
1787419830315 1035
1787419831468 129
1787419831712 135
1787419831962 131
1787419834594 115
1787419836372 117
1787419837529 115
1787419841232 115
1787419842391 117
1787419896014 1018
1787419897252 113
1787419897587 117
1787419897900 132
1787419898247 132
1787419898493 134
1787419898739 134
1787419898989 130
1787419901306 115
1787419901641 115
1787419904976 115
1787419906036 116
1787419910177 115
1787419911333 119
1787419914474 1018
1787419961587 990
1787419962691 127
1787419963677 126
1787419965075 128
1787419965425 128
1787419965774 130
1787419966006 141
1787419966476 139
1787419966730 139
1787419966983 142
1787419967240 141
1787420003343 1026
1787420004473 120
1787420004703 119
1787420005033 1045
1787420006202 120
1787420006441 120
1787420006679 1039
1787420007943 118
1787420008179 120
1787420008914 119
1787420055366 1056
1787420080358 1053
1787420082181 142
1787420082553 141
1787420083127 128
1787420083471 127
1787420083718 127
1787420084500 126
1787420084853 125
1787434389722 1071
1787434391022 134
1787434391786 132
1787435216547 1050
1787435231686 116
1787435231917 120
1787435232902 116
1787435239090 1041
1787435240567 116
1787435240799 118
1787435241139 116
1787435265018 1056
1787435266772 136
1787435267025 129
1787435267262 125
1787435267504 126
1787435268287 126
1787435268529 128
1787435268775 126
